{"1000-9999": 0.3174439178995967, "10000-14999": 0.12769479007720566, "15000-19999": 0.08931765983970034, "20000-24999": 0.08931765983970034, "25000-29999": 0.07263876826515514, "30000-34999": 0.06056338635791775, "35000-39999": 0.05101899022253109, "40000-44999": 0.04380332186899821, "45000-49999": 0.04133706084175088, "50000-59999": 0.03228046831081151, "60000-74999": 0.02791084992953745, "75000-99999": 0.021955672975286944, "100000-124999": 0.019210412185012276, "125000-149999": 0.015603147981000116, "150000-199999": 0.014618673303491727, "200000-10000000": 0.001076694444234351}