{"1000-9999": 0.7248870246704452, "10000-14999": 0.6851893919579958, "15000-19999": 0.6831056126089086, "20000-24999": 0.6831056126089086, "25000-29999": 0.6301849759237521, "30000-34999": 0.6330371017374113, "35000-39999": 0.6315185381189525, "40000-44999": 0.6329473900003824, "45000-49999": 0.5910443740443546, "50000-59999": 0.5931393400400604, "60000-74999": 0.5509876906753969, "75000-99999": 0.5520918255450356, "100000-124999": 0.48949634791891444, "125000-149999": 0.4913996415368846, "150000-199999": 0.4128195016466891, "200000-10000000": 0.4139751819872764}