{"1000-9999": 1.1032990196415886, "10000-14999": 1.105217566708064, "15000-19999": 1.1060884458915319, "20000-24999": 1.1060884458915319, "25000-29999": 1.0027847954720757, "30000-34999": 1.0095183233629257, "35000-39999": 1.0085090843790347, "40000-44999": 1.0053955696048225, "45000-49999": 0.9341395565511255, "50000-59999": 0.9329408172377722, "60000-74999": 0.8092427438932335, "75000-99999": 0.8028738948707497, "100000-124999": 0.7342671857713833, "125000-149999": 0.7337680080719002, "150000-199999": 0.6304037536339832, "200000-10000000": 0.6318622634060376}