{"1000-9999": 0.22441325257158462, "10000-14999": 0.07210124231378329, "15000-19999": 0.05118816987320626, "20000-24999": 0.05118816987320626, "25000-29999": 0.04646872060454108, "30000-34999": 0.039193259420516366, "35000-39999": 0.032872612457139634, "40000-44999": 0.028429963151154498, "45000-49999": 0.027582705958993196, "50000-59999": 0.020969840528971617, "60000-74999": 0.018766212891688738, "75000-99999": 0.014567253661310519, "100000-124999": 0.012309875941698988, "125000-149999": 0.00989479530498267, "150000-199999": 0.008663071719447647, "200000-10000000": 0.0006868943784214458}