{"1000-9999": 0.8764177684449573, "10000-14999": 0.9134547504946293, "15000-19999": 0.9039428886298846, "20000-24999": 0.9039428886298846, "25000-29999": 0.7865448110552671, "30000-34999": 0.7911400861453365, "35000-39999": 0.7870883033753339, "40000-44999": 0.785890525391676, "45000-49999": 0.7674057469382531, "50000-59999": 0.7719095130623459, "60000-74999": 0.6680603878638371, "75000-99999": 0.6675105353296061, "100000-124999": 0.5905499671191398, "125000-149999": 0.5904775824538642, "150000-199999": 0.49077727819249306, "200000-10000000": 0.49206342888203813}