{"1000-9999": 0.23605229267523, "10000-14999": 0.06376815015870395, "15000-19999": 0.0473025173444677, "20000-24999": 0.0473025173444677, "25000-29999": 0.040005856111996516, "30000-34999": 0.033557484644103006, "35000-39999": 0.0284603388989794, "40000-44999": 0.024254721067247072, "45000-49999": 0.022151626411521193, "50000-59999": 0.017013522516800068, "60000-74999": 0.016017029664774307, "75000-99999": 0.01249652452032746, "100000-124999": 0.011042952062182653, "125000-149999": 0.009063561944754635, "150000-199999": 0.008417954145709691, "200000-10000000": 0.0006116943600881551}