{"1000-9999": 1.0047169534856937, "10000-14999": 1.0686083696757553, "15000-19999": 1.075133848878781, "20000-24999": 1.075133848878781, "25000-29999": 0.9920939441993001, "30000-34999": 0.9853959165310966, "35000-39999": 0.9942316505796416, "40000-44999": 0.9883631467102372, "45000-49999": 0.928743492446028, "50000-59999": 0.919647258759709, "60000-74999": 0.7920121926366916, "75000-99999": 0.7915425603550034, "100000-124999": 0.7228160367354202, "125000-149999": 0.7189578434079895, "150000-199999": 0.6229116358063791, "200000-10000000": 0.6219333721419696}