{"1000-9999": 0.22681085212638002, "10000-14999": 0.08876741936275119, "15000-19999": 0.06056653967625827, "20000-24999": 0.06056653967625827, "25000-29999": 0.05512303473156871, "30000-34999": 0.04551611130979023, "35000-39999": 0.03792083129682755, "40000-44999": 0.03283678812701355, "45000-49999": 0.029678947814684296, "50000-59999": 0.022981947129821764, "60000-74999": 0.021850454288182178, "75000-99999": 0.016844766942250202, "100000-124999": 0.014933749502304448, "125000-149999": 0.012153089368370496, "150000-199999": 0.011403345147598307, "200000-10000000": 0.0006279517765849849}