{"1000-9999": 1.4052593730009961, "10000-14999": 1.3921878545503303, "15000-19999": 1.3809322680433478, "20000-24999": 1.3809322680433478, "25000-29999": 1.1412221295481393, "30000-34999": 1.1510513863398322, "35000-39999": 1.1496523305888926, "40000-44999": 1.142308725389322, "45000-49999": 1.0492806053598123, "50000-59999": 1.0511021479807736, "60000-74999": 0.9615348384782013, "75000-99999": 0.963531041469273, "100000-124999": 0.8866753705226761, "125000-149999": 0.8853515031585544, "150000-199999": 0.7993120774497015, "200000-10000000": 0.7980174797511753}