{"1000-9999": 0.3543958574482259, "10000-14999": 0.12297829867506341, "15000-19999": 0.08513935760555072, "20000-24999": 0.08513935760555072, "25000-29999": 0.07355219398353935, "30000-34999": 0.06030724341624896, "35000-39999": 0.05080708226964898, "40000-44999": 0.04419037162069003, "45000-49999": 0.04093285756673399, "50000-59999": 0.03189042128279569, "60000-74999": 0.027970261733860323, "75000-99999": 0.0218514324048128, "100000-124999": 0.018754636576441348, "125000-149999": 0.015300133156846599, "150000-199999": 0.014435375440649831, "200000-10000000": 0.0009528410265435744}