{"1000-9999": 0.34886470847996776, "10000-14999": 0.11711171201097952, "15000-19999": 0.08400182005991425, "20000-24999": 0.08400182005991425, "25000-29999": 0.07063837709198002, "30000-34999": 0.05729016173495728, "35000-39999": 0.048420046605865345, "40000-44999": 0.041928459661920776, "45000-49999": 0.03961635752908534, "50000-59999": 0.030867176202286767, "60000-74999": 0.026938199191439006, "75000-99999": 0.020599101042849236, "100000-124999": 0.018108262226240467, "125000-149999": 0.014867239231140644, "150000-199999": 0.013719690183405579, "200000-10000000": 0.0008818008314421446}