{"1000-9999": 0.6325791533115617, "10000-14999": 0.5882239544247935, "15000-19999": 0.5899624845667829, "20000-24999": 0.5899624845667829, "25000-29999": 0.5431157356530095, "30000-34999": 0.5466940252226759, "35000-39999": 0.5430510506294114, "40000-44999": 0.5464063347712017, "45000-49999": 0.5112270721479353, "50000-59999": 0.5122538315505716, "60000-74999": 0.4759910750143777, "75000-99999": 0.476052292077481, "100000-124999": 0.42215911583799637, "125000-149999": 0.4222605904115137, "150000-199999": 0.3555021001072095, "200000-10000000": 0.3559004059707272}