{"1000-9999": 0.23211332749488456, "10000-14999": 0.057037256210057355, "15000-19999": 0.04012776466479441, "20000-24999": 0.04012776466479441, "25000-29999": 0.037866176642078954, "30000-34999": 0.03151728806853266, "35000-39999": 0.02638966285332602, "40000-44999": 0.022722021272025668, "45000-49999": 0.021858697968644834, "50000-59999": 0.01678219610164557, "60000-74999": 0.014894291339877706, "75000-99999": 0.01176641504878652, "100000-124999": 0.009773495114220024, "125000-149999": 0.00797585211451814, "150000-199999": 0.007052857564895223, "200000-10000000": 0.0003375727401335589}