{"1000-9999": 1.4405065791928482, "10000-14999": 1.4141652352978258, "15000-19999": 1.455178036693293, "20000-24999": 1.455178036693293, "25000-29999": 1.2142191732504355, "30000-34999": 1.205437365365068, "35000-39999": 1.207541030197404, "40000-44999": 1.1997552561991842, "45000-49999": 1.1210238762840692, "50000-59999": 1.114578706721439, "60000-74999": 1.0170738178929228, "75000-99999": 1.0189297804423705, "100000-124999": 0.9371472059372409, "125000-149999": 0.9337549846580561, "150000-199999": 0.8436364503799445, "200000-10000000": 0.8416194624807392}