{"1000-9999": 0.8287772564817288, "10000-14999": 0.924688995928937, "15000-19999": 0.9186287211281071, "20000-24999": 0.9186287211281071, "25000-29999": 0.7909493224398463, "30000-34999": 0.7944933473573834, "35000-39999": 0.7851221274465847, "40000-44999": 0.7939712915747231, "45000-49999": 0.772820953401565, "50000-59999": 0.770476360378398, "60000-74999": 0.6663102882245304, "75000-99999": 0.6692056243502918, "100000-124999": 0.5913911692667997, "125000-149999": 0.590334269293673, "150000-199999": 0.4909439696466388, "200000-10000000": 0.4905538806036232}