{"1000-9999": 0.8311805989722373, "10000-14999": 0.8644058556193794, "15000-19999": 0.868287168932624, "20000-24999": 0.868287168932624, "25000-29999": 0.7500259461254167, "30000-34999": 0.7478677981567111, "35000-39999": 0.7508839068812238, "40000-44999": 0.7437910094773766, "45000-49999": 0.7305134838445371, "50000-59999": 0.7275689147598464, "60000-74999": 0.6294957003222813, "75000-99999": 0.6311809515064056, "100000-124999": 0.5536847120102575, "125000-149999": 0.5574614502476681, "150000-199999": 0.464778716283329, "200000-10000000": 0.46391978644515336}