{"1000-9999": 0.8282104968994681, "10000-14999": 0.8627913384422667, "15000-19999": 0.8826885943027746, "20000-24999": 0.8826885943027746, "25000-29999": 0.7655039811774316, "30000-34999": 0.7620949865060752, "35000-39999": 0.7643610928887391, "40000-44999": 0.7555006812847259, "45000-49999": 0.7387193049319474, "50000-59999": 0.7445367987498106, "60000-74999": 0.641789544951812, "75000-99999": 0.6427034385403935, "100000-124999": 0.5667934227451404, "125000-149999": 0.5716276664185674, "150000-199999": 0.469864620152319, "200000-10000000": 0.47245962635584376}