{"1000-9999": 0.8081596057906598, "10000-14999": 0.857807812102345, "15000-19999": 0.86224907652945, "20000-24999": 0.86224907652945, "25000-29999": 0.7423920918547536, "30000-34999": 0.7381797158797154, "35000-39999": 0.7369463398364237, "40000-44999": 0.7369899858021924, "45000-49999": 0.7205541060450062, "50000-59999": 0.7208812558815059, "60000-74999": 0.6242295994621285, "75000-99999": 0.6252605963827654, "100000-124999": 0.5534408141880035, "125000-149999": 0.5487064889556187, "150000-199999": 0.45829005595410666, "200000-10000000": 0.4584729552706471}