{"1000-9999": 1.0036868911838521, "10000-14999": 1.0809660717432188, "15000-19999": 1.0644639854408213, "20000-24999": 1.0644639854408213, "25000-29999": 0.9902152323378841, "30000-34999": 0.9986223271910014, "35000-39999": 0.991273447838729, "40000-44999": 0.9911193842842122, "45000-49999": 0.9228509221049658, "50000-59999": 0.9142897079812896, "60000-74999": 0.7882763511446459, "75000-99999": 0.7930166573362721, "100000-124999": 0.724703229788814, "125000-149999": 0.7190979487607753, "150000-199999": 0.6198422260407388, "200000-10000000": 0.6185890995844139}