{"1000-9999": 0.1894790448353641, "10000-14999": 0.05313582997834702, "15000-19999": 0.03645421882915631, "20000-24999": 0.03645421882915631, "25000-29999": 0.0348237925987079, "30000-34999": 0.02871314687507398, "35000-39999": 0.023857278589682195, "40000-44999": 0.02107497830373672, "45000-49999": 0.02020623618498944, "50000-59999": 0.015309406218361604, "60000-74999": 0.01378761232092917, "75000-99999": 0.010736045364531719, "100000-124999": 0.009018586443634662, "125000-149999": 0.00735420376114408, "150000-199999": 0.006477936173054544, "200000-10000000": 0.0003632580850161045}