{"1000-9999": 0.8684007659940367, "10000-14999": 0.9243842963635379, "15000-19999": 0.9458476998082156, "20000-24999": 0.9458476998082156, "25000-29999": 0.7720364818356193, "30000-34999": 0.7681253447497334, "35000-39999": 0.7779149240951106, "40000-44999": 0.7806208132298019, "45000-49999": 0.7098893133610206, "50000-59999": 0.7158131903258783, "60000-74999": 0.6509389826891243, "75000-99999": 0.6520739080384793, "100000-124999": 0.6005342731823595, "125000-149999": 0.6026439630333026, "150000-199999": 0.5418902167580055, "200000-10000000": 0.5419371497312963}