{"1000-9999": 0.918432048955763, "10000-14999": 0.9359779310888346, "15000-19999": 0.9210704434597358, "20000-24999": 0.9210704434597358, "25000-29999": 0.7733222034091146, "30000-34999": 0.7887654123430246, "35000-39999": 0.7748486565076825, "40000-44999": 0.7799844808552546, "45000-49999": 0.7074441741355482, "50000-59999": 0.7136566058243814, "60000-74999": 0.6521633808161019, "75000-99999": 0.6523561256906727, "100000-124999": 0.6006507352322153, "125000-149999": 0.598362398500918, "150000-199999": 0.5404990394252699, "200000-10000000": 0.541065823395851}