{"1000-9999": 1.471865159894731, "10000-14999": 1.3105632796081477, "15000-19999": 1.3608481858310444, "20000-24999": 1.3608481858310444, "25000-29999": 1.1166071282044914, "30000-34999": 1.1291465506363056, "35000-39999": 1.1205646948632455, "40000-44999": 1.1204151496601125, "45000-49999": 1.0277215155874624, "50000-59999": 1.0326114761626055, "60000-74999": 0.941949599583566, "75000-99999": 0.9429688177712675, "100000-124999": 0.8703910371292497, "125000-149999": 0.8683569183651312, "150000-199999": 0.7786960497115868, "200000-10000000": 0.7801074312158235}