{"1000-9999": 0.2870835730956234, "10000-14999": 0.08428205327362716, "15000-19999": 0.06014316091919584, "20000-24999": 0.06014316091919584, "25000-29999": 0.05006323680308813, "30000-34999": 0.039737106757731296, "35000-39999": 0.033361330528142226, "40000-44999": 0.029446114985085457, "45000-49999": 0.028030662954667714, "50000-59999": 0.021614759992930523, "60000-74999": 0.020247393955267437, "75000-99999": 0.015604235853784273, "100000-124999": 0.013245461246134396, "125000-149999": 0.010953831829017067, "150000-199999": 0.010059581474843857, "200000-10000000": 0.0006044976383877015}