{"1000-9999": 0.37668745481668975, "10000-14999": 0.11580849660445289, "15000-19999": 0.08337577137166051, "20000-24999": 0.08337577137166051, "25000-29999": 0.06778833688907102, "30000-34999": 0.05627197047459262, "35000-39999": 0.04702499784383411, "40000-44999": 0.0414866116108033, "45000-49999": 0.03861454294142388, "50000-59999": 0.029862480341799516, "60000-74999": 0.026145183865787628, "75000-99999": 0.020345824807912753, "100000-124999": 0.017617998698623023, "125000-149999": 0.01429806112613869, "150000-199999": 0.013178683659115226, "200000-10000000": 0.001137911814173352}