{"1000-9999": 0.6400007182634742, "10000-14999": 0.6040451312802052, "15000-19999": 0.6010087614555214, "20000-24999": 0.6010087614555214, "25000-29999": 0.5612414343022494, "30000-34999": 0.5594732173772925, "35000-39999": 0.5584608125543896, "40000-44999": 0.5597184437334073, "45000-49999": 0.5259137798919149, "50000-59999": 0.5225527644512055, "60000-74999": 0.48864172457170696, "75000-99999": 0.4877304081378958, "100000-124999": 0.432863751440973, "125000-149999": 0.43276423276993115, "150000-199999": 0.36434083935558564, "200000-10000000": 0.3660369446357827}