{"1000-9999": 0.954903104867782, "10000-14999": 0.9659448030901924, "15000-19999": 0.9711952926917612, "20000-24999": 0.9711952926917612, "25000-29999": 0.8068600735674833, "30000-34999": 0.8126244933696347, "35000-39999": 0.8003874622316024, "40000-44999": 0.8128956419570524, "45000-49999": 0.7501996439240769, "50000-59999": 0.7461445831931961, "60000-74999": 0.6794939884083682, "75000-99999": 0.6808647059777101, "100000-124999": 0.6279610359490237, "125000-149999": 0.6273166147191597, "150000-199999": 0.5631267960424415, "200000-10000000": 0.5635697096051238}