{"1000-9999": 0.9271535856244291, "10000-14999": 0.9948378787240231, "15000-19999": 0.9861160117052715, "20000-24999": 0.9861160117052715, "25000-29999": 0.863650848670391, "30000-34999": 0.8658557426069621, "35000-39999": 0.8626333573156316, "40000-44999": 0.8625113344657185, "45000-49999": 0.8432322545892382, "50000-59999": 0.8373103715208448, "60000-74999": 0.7306499359212164, "75000-99999": 0.7292430239286481, "100000-124999": 0.6440747357105969, "125000-149999": 0.6453375229731085, "150000-199999": 0.5382867852950176, "200000-10000000": 0.5345313469282839}