{"1000-9999": 0.27085158553311406, "10000-14999": 0.0840658246044001, "15000-19999": 0.060121972769412724, "20000-24999": 0.060121972769412724, "25000-29999": 0.054756884807962244, "30000-34999": 0.043522049912671626, "35000-39999": 0.036976294161152105, "40000-44999": 0.03191461123389741, "45000-49999": 0.028663969279579676, "50000-59999": 0.022355233883155752, "60000-74999": 0.021011684755619774, "75000-99999": 0.015983898182574723, "100000-124999": 0.014216996862617563, "125000-149999": 0.01171698835845815, "150000-199999": 0.011003903725522299, "200000-10000000": 0.0008625319363336577}