{"1000-9999": 1.5045098201994647, "10000-14999": 1.4929161759241028, "15000-19999": 1.5153130160540302, "20000-24999": 1.5153130160540302, "25000-29999": 1.2411170499572803, "30000-34999": 1.2489696028345527, "35000-39999": 1.2476627306011696, "40000-44999": 1.2497427444163602, "45000-49999": 1.1584431866946687, "50000-59999": 1.1456173272483134, "60000-74999": 1.054404196540286, "75000-99999": 1.0537714788863226, "100000-124999": 0.9699261274253052, "125000-149999": 0.9736889224559211, "150000-199999": 0.869942135988276, "200000-10000000": 0.8712882739170736}