{"1000-9999": 0.7059419042004211, "10000-14999": 0.6607203574407152, "15000-19999": 0.6597758235679708, "20000-24999": 0.6597758235679708, "25000-29999": 0.6105449384260887, "30000-34999": 0.6096004697083693, "35000-39999": 0.6096150738205551, "40000-44999": 0.6084792008599605, "45000-49999": 0.5736370258691759, "50000-59999": 0.5724893475690901, "60000-74999": 0.5322533668948027, "75000-99999": 0.5322431637431774, "100000-124999": 0.4723208875858722, "125000-149999": 0.4716147930369241, "150000-199999": 0.39770745749692793, "200000-10000000": 0.39782577876648745}