{"1000-9999": 0.6618933303502578, "10000-14999": 0.6146474846168895, "15000-19999": 0.6178105415291265, "20000-24999": 0.6178105415291265, "25000-29999": 0.5690868465502006, "30000-34999": 0.573446917291835, "35000-39999": 0.5697901703424938, "40000-44999": 0.5712708158587989, "45000-49999": 0.5339006327079469, "50000-59999": 0.5368962415744288, "60000-74999": 0.4974803542093101, "75000-99999": 0.49721346090184854, "100000-124999": 0.4407765950610224, "125000-149999": 0.4411632520849716, "150000-199999": 0.3720273322838908, "200000-10000000": 0.37267025601202397}