{"1000-9999": 0.2609068161879905, "10000-14999": 0.08875226255943768, "15000-19999": 0.061967560624358584, "20000-24999": 0.061967560624358584, "25000-29999": 0.05507762611892955, "30000-34999": 0.044982205756870196, "35000-39999": 0.038207920750642846, "40000-44999": 0.03311205140577972, "45000-49999": 0.029968391272080074, "50000-59999": 0.023080124464008703, "60000-74999": 0.02179404005907466, "75000-99999": 0.016979058714399104, "100000-124999": 0.014888113247696419, "125000-149999": 0.012389190663771784, "150000-199999": 0.011216630100734417, "200000-10000000": 0.0007934676444037174}