{"1000-9999": 1.2249844752721215, "10000-14999": 1.2519573989951227, "15000-19999": 1.2358231903548142, "20000-24999": 1.2358231903548142, "25000-29999": 1.02612877541007, "30000-34999": 1.0346888074252931, "35000-39999": 1.028379888689365, "40000-44999": 1.0407764648810935, "45000-49999": 0.9571640968772059, "50000-59999": 0.9461383572474268, "60000-74999": 0.8771792600357918, "75000-99999": 0.8707987322133399, "100000-124999": 0.8050055809216362, "125000-149999": 0.801764596058936, "150000-199999": 0.721214083730702, "200000-10000000": 0.7202255649186109}