{"1000-9999": 0.5048940921034545, "10000-14999": 0.12480530826882173, "15000-19999": 0.08780275923151354, "20000-24999": 0.08780275923151354, "25000-29999": 0.07526541552542657, "30000-34999": 0.062325304563611, "35000-39999": 0.05138625357191781, "40000-44999": 0.04543548094132549, "45000-49999": 0.04320871951968648, "50000-59999": 0.033377671631581486, "60000-74999": 0.03136851177544394, "75000-99999": 0.02414531655263402, "100000-124999": 0.02100790011877962, "125000-149999": 0.016984803019547207, "150000-199999": 0.015481732357180922, "200000-10000000": 0.0012285534082478956}