{"1000-9999": 1.0318914576301013, "10000-14999": 1.104573488082391, "15000-19999": 1.0850494037998921, "20000-24999": 1.0850494037998921, "25000-29999": 1.0135709600211142, "30000-34999": 1.019781219895014, "35000-39999": 1.0165886071909465, "40000-44999": 1.0201722649429203, "45000-49999": 0.937788097850575, "50000-59999": 0.939860737367406, "60000-74999": 0.8169785033447208, "75000-99999": 0.8175579405594796, "100000-124999": 0.7444658761651223, "125000-149999": 0.737750599462888, "150000-199999": 0.6414431542029111, "200000-10000000": 0.6389642028534354}