{"1000-9999": 0.9606851125957635, "10000-14999": 1.001098215222805, "15000-19999": 0.9813818250868044, "20000-24999": 0.9813818250868044, "25000-29999": 0.855388734732392, "30000-34999": 0.8599781564249586, "35000-39999": 0.8582509847494757, "40000-44999": 0.861734607905615, "45000-49999": 0.844017872537935, "50000-59999": 0.8409992982689872, "60000-74999": 0.7285251422892955, "75000-99999": 0.7272889109911738, "100000-124999": 0.6431657835406563, "125000-149999": 0.6466256969864871, "150000-199999": 0.5361292245011138, "200000-10000000": 0.5374652519227917}