{"1000-9999": 0.9757256829435202, "10000-14999": 0.9775820365845515, "15000-19999": 0.9753091122280282, "20000-24999": 0.9753091122280282, "25000-29999": 0.8066056287332493, "30000-34999": 0.8084746145703977, "35000-39999": 0.8100648125524237, "40000-44999": 0.8096452730455334, "45000-49999": 0.7469991235282537, "50000-59999": 0.7451497383542269, "60000-74999": 0.6792725570931384, "75000-99999": 0.6815012098991088, "100000-124999": 0.6291405166018481, "125000-149999": 0.6276920057101446, "150000-199999": 0.5643600393755528, "200000-10000000": 0.5642641237694342}