{"1000-9999": 0.23163413320176918, "10000-14999": 0.06951779665632467, "15000-19999": 0.04727581559329589, "20000-24999": 0.04727581559329589, "25000-29999": 0.04309313898742706, "30000-34999": 0.03628055340233797, "35000-39999": 0.029890541984438017, "40000-44999": 0.025951829985977545, "45000-49999": 0.025244772008333884, "50000-59999": 0.019642677669183525, "60000-74999": 0.0170963166534967, "75000-99999": 0.013321765103947366, "100000-124999": 0.011520775152202775, "125000-149999": 0.009284560902227746, "150000-199999": 0.00809358345757937, "200000-10000000": 0.0004801101575706369}