{"1000-9999": 0.6851973944264437, "10000-14999": 0.6473793132098375, "15000-19999": 0.6411059374262271, "20000-24999": 0.6411059374262271, "25000-29999": 0.5981359469353471, "30000-34999": 0.5972498123590612, "35000-39999": 0.5978273714287997, "40000-44999": 0.5955938952725036, "45000-49999": 0.5581262879248159, "50000-59999": 0.5582857055353012, "60000-74999": 0.5192735557119107, "75000-99999": 0.5210076784329313, "100000-124999": 0.4609373890592449, "125000-149999": 0.4611484499312885, "150000-199999": 0.3912559394550787, "200000-10000000": 0.39046891321782595}