{"1000-9999": 0.68834898276569, "10000-14999": 0.6509060851967898, "15000-19999": 0.6503549776698178, "20000-24999": 0.6503549776698178, "25000-29999": 0.6044300084367361, "30000-34999": 0.6029840686262862, "35000-39999": 0.6045178122587781, "40000-44999": 0.6037460496602552, "45000-49999": 0.5636122653661197, "50000-59999": 0.5656081297578981, "60000-74999": 0.5276155686854161, "75000-99999": 0.5279188286852929, "100000-124999": 0.47024798454902594, "125000-149999": 0.4662488821052949, "150000-199999": 0.39568481313714066, "200000-10000000": 0.39446793421964366}