{"1000-9999": 0.7139849874760402, "10000-14999": 0.668049034460046, "15000-19999": 0.6639481339001967, "20000-24999": 0.6639481339001967, "25000-29999": 0.6151112349720506, "30000-34999": 0.6184245242319262, "35000-39999": 0.6151417558403638, "40000-44999": 0.616927002808793, "45000-49999": 0.5754515733393368, "50000-59999": 0.5767114462452919, "60000-74999": 0.5357880049658161, "75000-99999": 0.5361345516772732, "100000-124999": 0.4756288191677238, "125000-149999": 0.474622084942412, "150000-199999": 0.3993984436563369, "200000-10000000": 0.4015734943367219}