{"1000-9999": 1.0958283848336376, "10000-14999": 1.1099488508404516, "15000-19999": 1.1179780250456748, "20000-24999": 1.1179780250456748, "25000-29999": 1.0252239345059437, "30000-34999": 1.0232589436962685, "35000-39999": 1.022028344097425, "40000-44999": 1.0255940399343417, "45000-49999": 0.951203697184605, "50000-59999": 0.9514893393688829, "60000-74999": 0.8178921566351242, "75000-99999": 0.8141570550590067, "100000-124999": 0.7405317442782874, "125000-149999": 0.7442096078785176, "150000-199999": 0.6378903934631651, "200000-10000000": 0.6411946126123399}