{"1000-9999": 0.6971521334845248, "10000-14999": 0.6562891336222189, "15000-19999": 0.655484202213512, "20000-24999": 0.655484202213512, "25000-29999": 0.6071357831817619, "30000-34999": 0.6103839993779201, "35000-39999": 0.6041144503331369, "40000-44999": 0.6058712401670314, "45000-49999": 0.5674675702110514, "50000-59999": 0.5678239388434259, "60000-74999": 0.5285480979902759, "75000-99999": 0.5286686238914124, "100000-124999": 0.47020876074076795, "125000-149999": 0.4680282294908294, "150000-199999": 0.39521066971968105, "200000-10000000": 0.3964787871946519}