{"1000-9999": 0.7079464909550789, "10000-14999": 0.6671534623715608, "15000-19999": 0.6619762029605892, "20000-24999": 0.6619762029605892, "25000-29999": 0.6181635843498801, "30000-34999": 0.6160659319277342, "35000-39999": 0.6120094537904565, "40000-44999": 0.6172201071595088, "45000-49999": 0.573438452163504, "50000-59999": 0.575208207445332, "60000-74999": 0.5377142599809277, "75000-99999": 0.5362781781911501, "100000-124999": 0.47652127001915057, "125000-149999": 0.4739471066961908, "150000-199999": 0.39934358609869297, "200000-10000000": 0.4009086810241427}