{"1000-9999": 1.0463823864757744, "10000-14999": 1.1020175190701582, "15000-19999": 1.0967443203217073, "20000-24999": 1.0967443203217073, "25000-29999": 1.0166007910370198, "30000-34999": 0.9988884488071096, "35000-39999": 1.017760325849461, "40000-44999": 1.002883017753777, "45000-49999": 0.9348734309288855, "50000-59999": 0.9287613840769708, "60000-74999": 0.808157009673799, "75000-99999": 0.8079190484222446, "100000-124999": 0.7309119460452709, "125000-149999": 0.7295163174871282, "150000-199999": 0.63489564779774, "200000-10000000": 0.6295114238956487}