{"1000-9999": 0.9678296640423398, "10000-14999": 1.0508617468080665, "15000-19999": 1.0595714295653036, "20000-24999": 1.0595714295653036, "25000-29999": 0.9549512739930863, "30000-34999": 0.961523921016165, "35000-39999": 0.96397358875918, "40000-44999": 0.9685046263090377, "45000-49999": 0.8818583043349554, "50000-59999": 0.8892045080953968, "60000-74999": 0.7698825122468945, "75000-99999": 0.7678924840175717, "100000-124999": 0.7029184114026212, "125000-149999": 0.7010261388988701, "150000-199999": 0.6025319689445279, "200000-10000000": 0.6038725141385612}