{"1000-9999": 1.3556918908993816, "10000-14999": 1.3667546443677767, "15000-19999": 1.3748839903008205, "20000-24999": 1.3748839903008205, "25000-29999": 1.1381217818251896, "30000-34999": 1.143899644972062, "35000-39999": 1.1454778343388279, "40000-44999": 1.1494451696964454, "45000-49999": 1.052105342049983, "50000-59999": 1.049326742188593, "60000-74999": 0.9634033536198917, "75000-99999": 0.9622472970642268, "100000-124999": 0.8856975518189931, "125000-149999": 0.8829387070017557, "150000-199999": 0.8001318832435739, "200000-10000000": 0.7979686838735508}