{"1000-9999": 0.3621091587485497, "10000-14999": 0.11097803205444391, "15000-19999": 0.08018078854828786, "20000-24999": 0.08018078854828786, "25000-29999": 0.06683612438321765, "30000-34999": 0.056776666340520345, "35000-39999": 0.04732815081897686, "40000-44999": 0.040924658658853356, "45000-49999": 0.03834040725313015, "50000-59999": 0.029862734679885986, "60000-74999": 0.02823610134963395, "75000-99999": 0.0217493020366493, "100000-124999": 0.018624337653919486, "125000-149999": 0.01517589752034262, "150000-199999": 0.01399281399992686, "200000-10000000": 0.001088548812326099}