{"1000-9999": 0.6853770008248493, "10000-14999": 0.6337282494415626, "15000-19999": 0.6358551132753336, "20000-24999": 0.6358551132753336, "25000-29999": 0.5879089364620079, "30000-34999": 0.5872888196344802, "35000-39999": 0.5878622259558703, "40000-44999": 0.5880567169677774, "45000-49999": 0.5520118636910495, "50000-59999": 0.5517435586011523, "60000-74999": 0.5145662084745349, "75000-99999": 0.5133506073113648, "100000-124999": 0.45659611684556084, "125000-149999": 0.45600114732550895, "150000-199999": 0.38361866156876295, "200000-10000000": 0.38436002638629935}