{"1000-9999": 0.8444050101919217, "10000-14999": 0.8667530143684763, "15000-19999": 0.8827862359142823, "20000-24999": 0.8827862359142823, "25000-29999": 0.7665956043496577, "30000-34999": 0.7662721854762495, "35000-39999": 0.7704019218714033, "40000-44999": 0.7632100250208909, "45000-49999": 0.7486159535211384, "50000-59999": 0.74720241637213, "60000-74999": 0.6469505355599883, "75000-99999": 0.6463920233734025, "100000-124999": 0.5695196571680423, "125000-149999": 0.5733993760487619, "150000-199999": 0.47494744524492033, "200000-10000000": 0.4776719441104406}