{"1000-9999": 0.8422003416280468, "10000-14999": 0.8859227718777065, "15000-19999": 0.8816751600462674, "20000-24999": 0.8816751600462674, "25000-29999": 0.7645000636313776, "30000-34999": 0.7653673619387826, "35000-39999": 0.7594203151180912, "40000-44999": 0.7650815863283913, "45000-49999": 0.7416316832386265, "50000-59999": 0.7464834953418636, "60000-74999": 0.646967609488803, "75000-99999": 0.6464274946389024, "100000-124999": 0.5720419910635298, "125000-149999": 0.5706071653675722, "150000-199999": 0.47500865393859515, "200000-10000000": 0.4748315319825386}