{"1000-9999": 0.6002308877233735, "10000-14999": 0.2208143654560687, "15000-19999": 0.15613544083318498, "20000-24999": 0.15613544083318498, "25000-29999": 0.14785009097164367, "30000-34999": 0.11623691984913398, "35000-39999": 0.10034018609156184, "40000-44999": 0.08640967388771086, "45000-49999": 0.08326033163918263, "50000-59999": 0.0637274167887574, "60000-74999": 0.05731171173731274, "75000-99999": 0.04351874320650642, "100000-124999": 0.03730015295388343, "125000-149999": 0.030630121991131624, "150000-199999": 0.027078599146685912, "200000-10000000": 0.0017267030026718714}