{"1000-9999": 0.6895821500820726, "10000-14999": 0.6537731912997392, "15000-19999": 0.6515345872833528, "20000-24999": 0.6515345872833528, "25000-29999": 0.6051176246850618, "30000-34999": 0.6058374125163117, "35000-39999": 0.6048501058762847, "40000-44999": 0.60690020358946, "45000-49999": 0.5676970171755426, "50000-59999": 0.5666435694159485, "60000-74999": 0.5275552127531706, "75000-99999": 0.527323438132712, "100000-124999": 0.4678504559019298, "125000-149999": 0.46878870477074414, "150000-199999": 0.3934751669174965, "200000-10000000": 0.3949104586636677}