{"1000-9999": 0.3038563705069227, "10000-14999": 0.12238981768998118, "15000-19999": 0.08488144530558525, "20000-24999": 0.08488144530558525, "25000-29999": 0.07193639382014548, "30000-34999": 0.05766209984229521, "35000-39999": 0.049083651912040116, "40000-44999": 0.042043426025252455, "45000-49999": 0.03990665195682866, "50000-59999": 0.03127324232924967, "60000-74999": 0.026905464217430303, "75000-99999": 0.020931142124236125, "100000-124999": 0.018167169513103792, "125000-149999": 0.015016991125091157, "150000-199999": 0.014096384937458866, "200000-10000000": 0.0011430199765430427}