{"1000-9999": 0.3251396166458004, "10000-14999": 0.090992781179566, "15000-19999": 0.06405845617724429, "20000-24999": 0.06405845617724429, "25000-29999": 0.059429436112774923, "30000-34999": 0.048165385176091174, "35000-39999": 0.04085071892258774, "40000-44999": 0.03564714718131967, "45000-49999": 0.03201788731682305, "50000-59999": 0.024846968040895426, "60000-74999": 0.023673127103458303, "75000-99999": 0.018257305257508485, "100000-124999": 0.01576238615811687, "125000-149999": 0.013128469902261259, "150000-199999": 0.012265721169621683, "200000-10000000": 0.0009234599401064947}