{"1000-9999": 0.21873863789435782, "10000-14999": 0.07219116107168004, "15000-19999": 0.04957176943918049, "20000-24999": 0.04957176943918049, "25000-29999": 0.04595680096099256, "30000-34999": 0.03740380208075412, "35000-39999": 0.03182373594800049, "40000-44999": 0.028154597940298506, "45000-49999": 0.026439519577612428, "50000-59999": 0.020465730896279476, "60000-74999": 0.018289341971681212, "75000-99999": 0.014194292585389645, "100000-124999": 0.011910182558411971, "125000-149999": 0.00975595582866447, "150000-199999": 0.008579496900348819, "200000-10000000": 0.0005283874952276224}