{"1000-9999": 0.38871902112541273, "10000-14999": 0.11755642386866749, "15000-19999": 0.0844264640953571, "20000-24999": 0.0844264640953571, "25000-29999": 0.076747369697431, "30000-34999": 0.06441305707762424, "35000-39999": 0.0543182016570491, "40000-44999": 0.047048909708638904, "45000-49999": 0.043963566357730945, "50000-59999": 0.034626480241461276, "60000-74999": 0.03110273666294929, "75000-99999": 0.02408058020727831, "100000-124999": 0.019757793240644785, "125000-149999": 0.016279021337494586, "150000-199999": 0.014183833770675499, "200000-10000000": 0.0010222530678603333}