{"1000-9999": 0.2987406877998349, "10000-14999": 0.09100164571994102, "15000-19999": 0.06443747085670688, "20000-24999": 0.06443747085670688, "25000-29999": 0.05800575255725785, "30000-34999": 0.04884996891634445, "35000-39999": 0.04097893231503195, "40000-44999": 0.035462462894345466, "45000-49999": 0.03244377079650805, "50000-59999": 0.024550489963345797, "60000-74999": 0.02307486401155343, "75000-99999": 0.018265038381799784, "100000-124999": 0.015848779358928543, "125000-149999": 0.012986980764906307, "150000-199999": 0.01217929875312623, "200000-10000000": 0.000742026654236717}