{"1000-9999": 1.3954938993620774, "10000-14999": 1.4274128805048767, "15000-19999": 1.4360749892728013, "20000-24999": 1.4360749892728013, "25000-29999": 1.215565875638917, "30000-34999": 1.2087500039566597, "35000-39999": 1.2064839077350689, "40000-44999": 1.2176851255883094, "45000-49999": 1.1024821979573938, "50000-59999": 1.1088013022341545, "60000-74999": 1.0200336295228294, "75000-99999": 1.016731386459226, "100000-124999": 0.9359928591045229, "125000-149999": 0.9343669641082794, "150000-199999": 0.8446443766131218, "200000-10000000": 0.8411258637840694}