{"1000-9999": 0.7264230464707652, "10000-14999": 0.6849694658396375, "15000-19999": 0.6823806817142408, "20000-24999": 0.6823806817142408, "25000-29999": 0.6331812195490623, "30000-34999": 0.6347075048882235, "35000-39999": 0.632388006634042, "40000-44999": 0.632744175745749, "45000-49999": 0.5928320874216261, "50000-59999": 0.5912062458201092, "60000-74999": 0.5528345060433433, "75000-99999": 0.5526247923916849, "100000-124999": 0.49179550738580174, "125000-149999": 0.4894326451237824, "150000-199999": 0.41223234758276683, "200000-10000000": 0.414605333254139}