{"1000-9999": 0.3321247661047923, "10000-14999": 0.12355442341392285, "15000-19999": 0.08805486269811899, "20000-24999": 0.08805486269811899, "25000-29999": 0.0734921768995265, "30000-34999": 0.0595301533076144, "35000-39999": 0.05115178042166931, "40000-44999": 0.04384611592767999, "45000-49999": 0.041649428345096204, "50000-59999": 0.03221068324297915, "60000-74999": 0.028149168618065337, "75000-99999": 0.021597169659611722, "100000-124999": 0.01909124297372847, "125000-149999": 0.01550190894515064, "150000-199999": 0.014379070093406039, "200000-10000000": 0.001160683053085438}