{"1000-9999": 0.2771406137479298, "10000-14999": 0.09401722120633323, "15000-19999": 0.0671772684503716, "20000-24999": 0.0671772684503716, "25000-29999": 0.05812203826539356, "30000-34999": 0.04863097494992055, "35000-39999": 0.04164908302418577, "40000-44999": 0.03576589473148545, "45000-49999": 0.03221430033250128, "50000-59999": 0.024577725552323532, "60000-74999": 0.02337215740976102, "75000-99999": 0.018213442422795056, "100000-124999": 0.015925488455866364, "125000-149999": 0.013071438394152089, "150000-199999": 0.012307212796042593, "200000-10000000": 0.0008272120528481443}