{"1000-9999": 0.9054652002302218, "10000-14999": 0.9593826173043871, "15000-19999": 0.9622697672141103, "20000-24999": 0.9622697672141103, "25000-29999": 0.827316870193578, "30000-34999": 0.828126061924339, "35000-39999": 0.8388769141139397, "40000-44999": 0.8321831970885555, "45000-49999": 0.8157442628746577, "50000-59999": 0.810691371509895, "60000-74999": 0.7016363628032569, "75000-99999": 0.7041020354445807, "100000-124999": 0.622149370401133, "125000-149999": 0.6199760251549217, "150000-199999": 0.5147335560398877, "200000-10000000": 0.5153870374776757}