{"1000-9999": 0.34681148183338956, "10000-14999": 0.10617992104665677, "15000-19999": 0.07664272900029799, "20000-24999": 0.07664272900029799, "25000-29999": 0.06459893847289377, "30000-34999": 0.05280166337600491, "35000-39999": 0.044211340420202604, "40000-44999": 0.03843524375247418, "45000-49999": 0.035999893051915366, "50000-59999": 0.027902255947870838, "60000-74999": 0.024577533935785566, "75000-99999": 0.018947860454051824, "100000-124999": 0.01650118501419609, "125000-149999": 0.01366528828089018, "150000-199999": 0.012581819671800274, "200000-10000000": 0.0010150326125704756}