{"1000-9999": 0.9092401280067236, "10000-14999": 0.9487067008142492, "15000-19999": 0.956678571206536, "20000-24999": 0.956678571206536, "25000-29999": 0.8301619187304616, "30000-34999": 0.8278831361486086, "35000-39999": 0.8333596385290851, "40000-44999": 0.82725784726462, "45000-49999": 0.8026158892200531, "50000-59999": 0.8074505145473839, "60000-74999": 0.6976824842475848, "75000-99999": 0.7003759915999073, "100000-124999": 0.6184517291406667, "125000-149999": 0.6136115889103898, "150000-199999": 0.5149777448310906, "200000-10000000": 0.5157372977688689}