{"1000-9999": 0.16728910752032836, "10000-14999": 0.05778210423510441, "15000-19999": 0.04054620871954574, "20000-24999": 0.04054620871954574, "25000-29999": 0.03853379085347513, "30000-34999": 0.031220554871165276, "35000-39999": 0.026367257699178887, "40000-44999": 0.023105280291301062, "45000-49999": 0.022017134694239104, "50000-59999": 0.0171005077519118, "60000-74999": 0.015362344828830862, "75000-99999": 0.011790241810989569, "100000-124999": 0.009921060168340394, "125000-149999": 0.008093286194252826, "150000-199999": 0.007071300650624712, "200000-10000000": 0.0005434146376900746}