{"1000-9999": 0.202335079923475, "10000-14999": 0.05394892764314418, "15000-19999": 0.03664576021686674, "20000-24999": 0.03664576021686674, "25000-29999": 0.03456262011807127, "30000-34999": 0.02827213587188141, "35000-39999": 0.02349626579164454, "40000-44999": 0.020524574304393615, "45000-49999": 0.019669839677025003, "50000-59999": 0.015142264396300268, "60000-74999": 0.013647293551885794, "75000-99999": 0.010444902809172877, "100000-124999": 0.008923154655588149, "125000-149999": 0.0072403964384651735, "150000-199999": 0.006416280237220111, "200000-10000000": 0.0004785760696526845}