{"1000-9999": 0.3286954420795437, "10000-14999": 0.1214138037021882, "15000-19999": 0.08503192281737935, "20000-24999": 0.08503192281737935, "25000-29999": 0.0713289580833695, "30000-34999": 0.05762892155856026, "35000-39999": 0.0492786422231722, "40000-44999": 0.042060274723286835, "45000-49999": 0.040049920376236815, "50000-59999": 0.03081533748309418, "60000-74999": 0.02708543644055398, "75000-99999": 0.020904919925327163, "100000-124999": 0.018250056510625567, "125000-149999": 0.015037923192040626, "150000-199999": 0.014035606640122536, "200000-10000000": 0.0009647357972006826}