{"1000-9999": 1.0298827421514638, "10000-14999": 1.073189981346438, "15000-19999": 1.092496044836587, "20000-24999": 1.092496044836587, "25000-29999": 0.9129474872036425, "30000-34999": 0.9036542513379697, "35000-39999": 0.9130986947593938, "40000-44999": 0.9075197747941375, "45000-49999": 0.8311101626683762, "50000-59999": 0.8389603635063184, "60000-74999": 0.7628688894577659, "75000-99999": 0.7626870784552013, "100000-124999": 0.704261692322704, "125000-149999": 0.705046662674569, "150000-199999": 0.6322181658961743, "200000-10000000": 0.6337744908666552}