{"1000-9999": 0.21592808534044106, "10000-14999": 0.08055817617550985, "15000-19999": 0.05925946228080386, "20000-24999": 0.05925946228080386, "25000-29999": 0.053100854859025846, "30000-34999": 0.043415069174833114, "35000-39999": 0.03601599877198965, "40000-44999": 0.031687824701212855, "45000-49999": 0.028495899440519147, "50000-59999": 0.022217963126947238, "60000-74999": 0.02039278575019921, "75000-99999": 0.01582067215673998, "100000-124999": 0.014067462267939571, "125000-149999": 0.011605250521487632, "150000-199999": 0.011034986283788644, "200000-10000000": 0.0007739629170502747}