{"1000-9999": 0.3069636461655816, "10000-14999": 0.10911045476552822, "15000-19999": 0.07925884608324316, "20000-24999": 0.07925884608324316, "25000-29999": 0.06547100169362201, "30000-34999": 0.05384805571237192, "35000-39999": 0.0456763902344009, "40000-44999": 0.03957084058109809, "45000-49999": 0.03728103055264966, "50000-59999": 0.028969214039824127, "60000-74999": 0.025267765353829852, "75000-99999": 0.019642055877057807, "100000-124999": 0.017139317448081535, "125000-149999": 0.014120540379779998, "150000-199999": 0.012958046071463203, "200000-10000000": 0.0007073619312326038}