{"1000-9999": 0.23230188930174106, "10000-14999": 0.0692721265445041, "15000-19999": 0.051488915498376364, "20000-24999": 0.051488915498376364, "25000-29999": 0.04693384354554351, "30000-34999": 0.03767328209898773, "35000-39999": 0.03189626753963941, "40000-44999": 0.027879187977124038, "45000-49999": 0.02649809540999998, "50000-59999": 0.020702314935610987, "60000-74999": 0.018265906343003974, "75000-99999": 0.014062969516405587, "100000-124999": 0.012009714699072057, "125000-149999": 0.009749109470458655, "150000-199999": 0.008467398954163948, "200000-10000000": 0.000609149713467311}