{"1000-9999": 0.2538639434425788, "10000-14999": 0.08307486761342478, "15000-19999": 0.061495076316066405, "20000-24999": 0.061495076316066405, "25000-29999": 0.05460330535090203, "30000-34999": 0.04431724122841261, "35000-39999": 0.037613297774963604, "40000-44999": 0.03243968183106964, "45000-49999": 0.02933114817083421, "50000-59999": 0.02273034589269529, "60000-74999": 0.021312549404055057, "75000-99999": 0.01664990258035432, "100000-124999": 0.014507390303271108, "125000-149999": 0.011975634520184722, "150000-199999": 0.01101272150599568, "200000-10000000": 0.0009093349052846343}