{"1000-9999": 0.3143852223702195, "10000-14999": 0.09486409781252139, "15000-19999": 0.06874979965722564, "20000-24999": 0.06874979965722564, "25000-29999": 0.0581221170258021, "30000-34999": 0.04731331070322256, "35000-39999": 0.04003435701334301, "40000-44999": 0.03455143992182608, "45000-49999": 0.03353300229189521, "50000-59999": 0.02552811956224006, "60000-74999": 0.02417642297194296, "75000-99999": 0.01900255991951851, "100000-124999": 0.015670086338786655, "125000-149999": 0.012975676644207162, "150000-199999": 0.011815341607311208, "200000-10000000": 0.0007492843528637923}