{"1000-9999": 0.7450843302824038, "10000-14999": 0.6912236336839165, "15000-19999": 0.6957159384572331, "20000-24999": 0.6957159384572331, "25000-29999": 0.6454230095053451, "30000-34999": 0.6495212140879078, "35000-39999": 0.6438364036535935, "40000-44999": 0.6474656787645479, "45000-49999": 0.6051066181325264, "50000-59999": 0.602794418351303, "60000-74999": 0.5620924334967282, "75000-99999": 0.56164125021034, "100000-124999": 0.49808287916083444, "125000-149999": 0.5006311376538255, "150000-199999": 0.41976157565355915, "200000-10000000": 0.4203482540202104}