{"1000-9999": 0.8223281825400014, "10000-14999": 0.8900210707559766, "15000-19999": 0.8840774876276872, "20000-24999": 0.8840774876276872, "25000-29999": 0.7594163976812206, "30000-34999": 0.7623497402165157, "35000-39999": 0.7626701625078353, "40000-44999": 0.7643101007025921, "45000-49999": 0.7459218287372509, "50000-59999": 0.7422189190709625, "60000-74999": 0.6428814082343526, "75000-99999": 0.6409287362813185, "100000-124999": 0.5685048405996087, "125000-149999": 0.5659425450258551, "150000-199999": 0.4732830290930378, "200000-10000000": 0.4725414662648836}