{"1000-9999": 0.1502128305039869, "10000-14999": 0.05738434840555828, "15000-19999": 0.03994126984802379, "20000-24999": 0.03994126984802379, "25000-29999": 0.03746010293502108, "30000-34999": 0.03035831141212333, "35000-39999": 0.02584668054225233, "40000-44999": 0.022272699996756573, "45000-49999": 0.02122031865258358, "50000-59999": 0.016479208607650103, "60000-74999": 0.014672993696017359, "75000-99999": 0.011275569348473126, "100000-124999": 0.0096068754864854, "125000-149999": 0.007877399832507919, "150000-199999": 0.006930296622395333, "200000-10000000": 0.0004897312351426242}