{"1000-9999": 0.34892192756657114, "10000-14999": 0.1199043745315786, "15000-19999": 0.08888743347222332, "20000-24999": 0.08888743347222332, "25000-29999": 0.07300519727140896, "30000-34999": 0.05876050116695618, "35000-39999": 0.05008956724674057, "40000-44999": 0.043764709777576134, "45000-49999": 0.041394311030884624, "50000-59999": 0.03144505324654603, "60000-74999": 0.02801246227853111, "75000-99999": 0.021446230366398724, "100000-124999": 0.018959744324399366, "125000-149999": 0.015288390544451259, "150000-199999": 0.014547245336109668, "200000-10000000": 0.0008669598157487112}