{"1000-9999": 0.33228373940874023, "10000-14999": 0.09215829076301134, "15000-19999": 0.06701615157070646, "20000-24999": 0.06701615157070646, "25000-29999": 0.0588671107623434, "30000-34999": 0.04781658366854911, "35000-39999": 0.04100079722310826, "40000-44999": 0.035583326385399364, "45000-49999": 0.03184420448316532, "50000-59999": 0.02511392751738086, "60000-74999": 0.02326847053427433, "75000-99999": 0.018000927168047118, "100000-124999": 0.016084010528566776, "125000-149999": 0.013156349200696239, "150000-199999": 0.012255779643439555, "200000-10000000": 0.0008702985858394364}