{"1000-9999": 0.360973644037351, "10000-14999": 0.1244482664632455, "15000-19999": 0.08717298048650896, "20000-24999": 0.08717298048650896, "25000-29999": 0.0734657696456806, "30000-34999": 0.060035054323867264, "35000-39999": 0.051009146202477935, "40000-44999": 0.04404994698585588, "45000-49999": 0.04199632366721492, "50000-59999": 0.032110996959328744, "60000-74999": 0.02802861968492093, "75000-99999": 0.021731345268293553, "100000-124999": 0.019215591381120972, "125000-149999": 0.015439614625754062, "150000-199999": 0.014381726737709006, "200000-10000000": 0.001168072474506459}