{"1000-9999": 0.29759358413313286, "10000-14999": 0.11740556153384084, "15000-19999": 0.0823277522901313, "20000-24999": 0.0823277522901313, "25000-29999": 0.06910463113151315, "30000-34999": 0.056705987849928315, "35000-39999": 0.04721471937184286, "40000-44999": 0.04070718630336925, "45000-49999": 0.039120185769760264, "50000-59999": 0.030361594312454672, "60000-74999": 0.026214768637797835, "75000-99999": 0.020411301295783224, "100000-124999": 0.017631010239955405, "125000-149999": 0.014509034644464678, "150000-199999": 0.01366296658247555, "200000-10000000": 0.0009069798372407045}