{"1000-9999": 0.7007959175797187, "10000-14999": 0.22014530195899085, "15000-19999": 0.15779560687682567, "20000-24999": 0.15779560687682567, "25000-29999": 0.1456227687855009, "30000-34999": 0.11764446339606043, "35000-39999": 0.09771252932435079, "40000-44999": 0.08648723773887267, "45000-49999": 0.08248999660324943, "50000-59999": 0.06431183698925608, "60000-74999": 0.057855570163803056, "75000-99999": 0.04387819652258706, "100000-124999": 0.03676912068040698, "125000-149999": 0.030356600428004095, "150000-199999": 0.02698571578728903, "200000-10000000": 0.002134017265349166}