{"1000-9999": 0.6974741114943375, "10000-14999": 0.6527715668257861, "15000-19999": 0.6529153999750215, "20000-24999": 0.6529153999750215, "25000-29999": 0.6073466935305206, "30000-34999": 0.6074503561613456, "35000-39999": 0.6054634740896033, "40000-44999": 0.6066118041481189, "45000-49999": 0.5658624083432834, "50000-59999": 0.5665127280421579, "60000-74999": 0.52851057645454, "75000-99999": 0.5283341426408641, "100000-124999": 0.4689020298629952, "125000-149999": 0.46831852859989903, "150000-199999": 0.3966165578854078, "200000-10000000": 0.3958627666438751}