{"1000-9999": 0.9301001318934391, "10000-14999": 0.9577257989508119, "15000-19999": 0.956962856581749, "20000-24999": 0.956962856581749, "25000-29999": 0.8325827372793384, "30000-34999": 0.8329506917674193, "35000-39999": 0.8343432064268723, "40000-44999": 0.8438384693694759, "45000-49999": 0.82240463640003, "50000-59999": 0.8207147215630597, "60000-74999": 0.7073183193104859, "75000-99999": 0.7067477464967145, "100000-124999": 0.6246918592004788, "125000-149999": 0.6297908786003021, "150000-199999": 0.5167470587808977, "200000-10000000": 0.5202156496914643}