{"1000-9999": 0.21616676337743904, "10000-14999": 0.0720054798424298, "15000-19999": 0.04996752174464493, "20000-24999": 0.04996752174464493, "25000-29999": 0.044325797306859475, "30000-34999": 0.03596130198480411, "35000-39999": 0.030826075263826226, "40000-44999": 0.026919965303699722, "45000-49999": 0.024370982936603357, "50000-59999": 0.01861680165463422, "60000-74999": 0.017418474027755586, "75000-99999": 0.013582407130653095, "100000-124999": 0.012029348148723995, "125000-149999": 0.009711590942765804, "150000-199999": 0.008959146800743046, "200000-10000000": 0.0006472651147366321}