{"1000-9999": 1.0716315678917527, "10000-14999": 1.0896410970096087, "15000-19999": 1.1031477495868163, "20000-24999": 1.1031477495868163, "25000-29999": 1.0041446694041196, "30000-34999": 1.003023712143364, "35000-39999": 1.0009030949776887, "40000-44999": 0.9936355279390696, "45000-49999": 0.9246045455292522, "50000-59999": 0.9272233070588017, "60000-74999": 0.801631357215675, "75000-99999": 0.7999504955285963, "100000-124999": 0.7268381191889848, "125000-149999": 0.7284931787395496, "150000-199999": 0.6274010980386899, "200000-10000000": 0.6286823475704817}