{"1000-9999": 0.3562934747106763, "10000-14999": 0.12809087480124468, "15000-19999": 0.0908144524187535, "20000-24999": 0.0908144524187535, "25000-29999": 0.07755116997110202, "30000-34999": 0.06167512540873671, "35000-39999": 0.05233234083607887, "40000-44999": 0.04499247737429349, "45000-49999": 0.04259713976736766, "50000-59999": 0.0327696534135619, "60000-74999": 0.029028063941244766, "75000-99999": 0.022472092887478087, "100000-124999": 0.019909929548452734, "125000-149999": 0.015961906109550145, "150000-199999": 0.014907892284045795, "200000-10000000": 0.0010764405510786347}