{"1000-9999": 0.32514136493085205, "10000-14999": 0.08398114734427733, "15000-19999": 0.05945534479823872, "20000-24999": 0.05945534479823872, "25000-29999": 0.05223456845236267, "30000-34999": 0.04320771105077976, "35000-39999": 0.036631262049659656, "40000-44999": 0.031681819321461246, "45000-49999": 0.028531628016983213, "50000-59999": 0.02251382120189437, "60000-74999": 0.021108094000444284, "75000-99999": 0.01616926328447558, "100000-124999": 0.014175995890833794, "125000-149999": 0.011485411716858396, "150000-199999": 0.011126476977262427, "200000-10000000": 0.0005746529314791427}