{"1000-9999": 1.0634923162880503, "10000-14999": 1.1000709391974017, "15000-19999": 1.0859548885288148, "20000-24999": 1.0859548885288148, "25000-29999": 1.0003581300890174, "30000-34999": 1.001837673546236, "35000-39999": 1.008417831687096, "40000-44999": 1.0029766663908397, "45000-49999": 0.9277170967305525, "50000-59999": 0.9335690344263857, "60000-74999": 0.8028580339286944, "75000-99999": 0.8010330514630104, "100000-124999": 0.7294316994609535, "125000-149999": 0.7281671322116128, "150000-199999": 0.6255155431762032, "200000-10000000": 0.6279946759113324}