{"1000-9999": 0.6529825470429891, "10000-14999": 0.6207152081046258, "15000-19999": 0.6164526721581945, "20000-24999": 0.6164526721581945, "25000-29999": 0.5768832502066404, "30000-34999": 0.5761336996175043, "35000-39999": 0.5762030544166914, "40000-44999": 0.5748280278882761, "45000-49999": 0.5383257854153312, "50000-59999": 0.5378742667491986, "60000-74999": 0.4996693430466781, "75000-99999": 0.5011743299596085, "100000-124999": 0.4440391471417357, "125000-149999": 0.4453645667993124, "150000-199999": 0.3748947637091287, "200000-10000000": 0.3746945393990284}