{"1000-9999": 0.3390498621726281, "10000-14999": 0.10835236005366126, "15000-19999": 0.07803477682512773, "20000-24999": 0.07803477682512773, "25000-29999": 0.06463298048074696, "30000-34999": 0.052790316442623365, "35000-39999": 0.044726486280901714, "40000-44999": 0.038745233453576056, "45000-49999": 0.03682939701191261, "50000-59999": 0.028318992855186742, "60000-74999": 0.025070281371697645, "75000-99999": 0.019271850850270496, "100000-124999": 0.016774656504494948, "125000-149999": 0.01374023153952009, "150000-199999": 0.012916616898450936, "200000-10000000": 0.0007797754251385137}