{"1000-9999": 0.2440165610417687, "10000-14999": 0.0837528823702842, "15000-19999": 0.05770452574851778, "20000-24999": 0.05770452574851778, "25000-29999": 0.047786752412724634, "30000-34999": 0.039785704458619266, "35000-39999": 0.0333149757450603, "40000-44999": 0.02876830967381087, "45000-49999": 0.027545260130525214, "50000-59999": 0.021339768190506064, "60000-74999": 0.020306570229785787, "75000-99999": 0.01560277357023925, "100000-124999": 0.013326936194418717, "125000-149999": 0.010943618535726184, "150000-199999": 0.01011040231169442, "200000-10000000": 0.0006273703442387908}