{"1000-9999": 0.3754807255472777, "10000-14999": 0.13003253103346787, "15000-19999": 0.08963137269398778, "20000-24999": 0.08963137269398778, "25000-29999": 0.08919033531676548, "30000-34999": 0.07029492718070807, "35000-39999": 0.06070986220973763, "40000-44999": 0.05196087648316901, "45000-49999": 0.05040179623526374, "50000-59999": 0.038266870468802505, "60000-74999": 0.03377407766183412, "75000-99999": 0.026892325593225134, "100000-124999": 0.02258074186778733, "125000-149999": 0.01837904952556289, "150000-199999": 0.0162487268164368, "200000-10000000": 0.0008998135483200502}