{"1000-9999": 0.7020818000964204, "10000-14999": 0.6499728654881393, "15000-19999": 0.6463554906418392, "20000-24999": 0.6463554906418392, "25000-29999": 0.6010223149937919, "30000-34999": 0.6026694829813929, "35000-39999": 0.6027482490933352, "40000-44999": 0.6033363510956545, "45000-49999": 0.5634283706164084, "50000-59999": 0.5641949587494557, "60000-74999": 0.524685100860589, "75000-99999": 0.5251826264218992, "100000-124999": 0.46589474652950696, "125000-149999": 0.4674682539574749, "150000-199999": 0.3923670337719364, "200000-10000000": 0.39371530272568006}