{"1000-9999": 0.8910066720203199, "10000-14999": 0.9706855387773843, "15000-19999": 0.953808891411449, "20000-24999": 0.953808891411449, "25000-29999": 0.8382917720094095, "30000-34999": 0.8337296970672867, "35000-39999": 0.8352948606447278, "40000-44999": 0.8374369395497784, "45000-49999": 0.8158703463370663, "50000-59999": 0.8135165223940949, "60000-74999": 0.7076040777779968, "75000-99999": 0.703869037788486, "100000-124999": 0.6225847769097013, "125000-149999": 0.6207963265365892, "150000-199999": 0.5174376932407774, "200000-10000000": 0.5192439067470307}