{"1000-9999": 0.37784447537181365, "10000-14999": 0.12714031231250467, "15000-19999": 0.08796154589989438, "20000-24999": 0.08796154589989438, "25000-29999": 0.07571076345228561, "30000-34999": 0.06133678756146865, "35000-39999": 0.052097177172157276, "40000-44999": 0.044960312463999355, "45000-49999": 0.04317211598359332, "50000-59999": 0.03312341100041678, "60000-74999": 0.029018840262658392, "75000-99999": 0.02227499088002309, "100000-124999": 0.01953837045063562, "125000-149999": 0.01575441616328252, "150000-199999": 0.015131487885102966, "200000-10000000": 0.0007166039549346903}