{"1000-9999": 0.361492443355777, "10000-14999": 0.11421299753413128, "15000-19999": 0.0832692694975668, "20000-24999": 0.0832692694975668, "25000-29999": 0.06778343679573925, "30000-34999": 0.056372315164914935, "35000-39999": 0.047670544113761516, "40000-44999": 0.04087492404054455, "45000-49999": 0.03898139435448437, "50000-59999": 0.030066346161066345, "60000-74999": 0.026446686059269933, "75000-99999": 0.020165188355320707, "100000-124999": 0.017725526515917106, "125000-149999": 0.014636323414581145, "150000-199999": 0.013610411915106542, "200000-10000000": 0.0008348543457948662}