{"1000-9999": 0.1736773654634288, "10000-14999": 0.0534236704103571, "15000-19999": 0.037147216053026975, "20000-24999": 0.037147216053026975, "25000-29999": 0.03489922072720582, "30000-34999": 0.028668594513407888, "35000-39999": 0.024030637791336452, "40000-44999": 0.021024351975967474, "45000-49999": 0.019794088392858837, "50000-59999": 0.015475397015157485, "60000-74999": 0.01377589031932712, "75000-99999": 0.010633125451056737, "100000-124999": 0.00892636643309041, "125000-149999": 0.007318785053213196, "150000-199999": 0.0064729719268812255, "200000-10000000": 0.00041800555158793385}