{"1000-9999": 0.2126545287025567, "10000-14999": 0.07363223683922512, "15000-19999": 0.04999159016344277, "20000-24999": 0.04999159016344277, "25000-29999": 0.045152082282626384, "30000-34999": 0.03754611330578044, "35000-39999": 0.031893701613833314, "40000-44999": 0.028157007889545366, "45000-49999": 0.026296976849432326, "50000-59999": 0.020475250626527157, "60000-74999": 0.018203854643548192, "75000-99999": 0.014117321829750965, "100000-124999": 0.01197745661901492, "125000-149999": 0.009747371500395518, "150000-199999": 0.008504466557881214, "200000-10000000": 0.0006900922578462517}