{"1000-9999": 1.1439588244021954, "10000-14999": 1.1855308745777033, "15000-19999": 1.1868738084586277, "20000-24999": 1.1868738084586277, "25000-29999": 0.9876904560601536, "30000-34999": 0.9897009057454449, "35000-39999": 0.9860462934557773, "40000-44999": 0.9863817151368798, "45000-49999": 0.9094474288137891, "50000-59999": 0.9129877437623154, "60000-74999": 0.8339973039524706, "75000-99999": 0.8364416441426773, "100000-124999": 0.7704000650300522, "125000-149999": 0.7661964731519904, "150000-199999": 0.6937685863278504, "200000-10000000": 0.6932479152749074}