{"1000-9999": 0.3335513574032561, "10000-14999": 0.08673244424452389, "15000-19999": 0.06038558028910718, "20000-24999": 0.06038558028910718, "25000-29999": 0.053400165150281474, "30000-34999": 0.04408132189149382, "35000-39999": 0.03687668380705329, "40000-44999": 0.03226911293806244, "45000-49999": 0.02937719496374755, "50000-59999": 0.02281937938935969, "60000-74999": 0.02127422318366755, "75000-99999": 0.01662641912506957, "100000-124999": 0.01442377734965043, "125000-149999": 0.011917378279992666, "150000-199999": 0.011231424417884236, "200000-10000000": 0.0006624605752987207}