{"1000-9999": 0.34254084054372824, "10000-14999": 0.10587307353707061, "15000-19999": 0.07402371834581882, "20000-24999": 0.07402371834581882, "25000-29999": 0.06214151256550208, "30000-34999": 0.05015601442130111, "35000-39999": 0.04294668739993775, "40000-44999": 0.03692445782846783, "45000-49999": 0.034862407587486, "50000-59999": 0.026932368423569525, "60000-74999": 0.023593401963127713, "75000-99999": 0.018359198882262874, "100000-124999": 0.015902873530569187, "125000-149999": 0.013111948979885393, "150000-199999": 0.012245926133583742, "200000-10000000": 0.0008211960139563086}