{"1000-9999": 1.0291465058996005, "10000-14999": 1.0719809242255278, "15000-19999": 1.0681710690687705, "20000-24999": 1.0681710690687705, "25000-29999": 0.993070514055856, "30000-34999": 0.9879656286896971, "35000-39999": 0.9873682300326644, "40000-44999": 0.981328397279944, "45000-49999": 0.9173912762634949, "50000-59999": 0.9201462385642915, "60000-74999": 0.793801246743765, "75000-99999": 0.7924558689634162, "100000-124999": 0.717963550587941, "125000-149999": 0.7232735104616136, "150000-199999": 0.621414134095623, "200000-10000000": 0.621280988919726}