{"1000-9999": 0.6659329416303392, "10000-14999": 0.6167790850157312, "15000-19999": 0.6137936924147018, "20000-24999": 0.6137936924147018, "25000-29999": 0.5733880215691605, "30000-34999": 0.5725453451222051, "35000-39999": 0.5703292476154451, "40000-44999": 0.5716614090080001, "45000-49999": 0.5316847926056925, "50000-59999": 0.5372924138550462, "60000-74999": 0.49805837634053085, "75000-99999": 0.4977673397185939, "100000-124999": 0.4416444056962166, "125000-149999": 0.4399734474649731, "150000-199999": 0.37262783134742156, "200000-10000000": 0.37247421316945073}