{"1000-9999": 0.3724172287971162, "10000-14999": 0.12207997505199793, "15000-19999": 0.0910826967701227, "20000-24999": 0.0910826967701227, "25000-29999": 0.07295964015922277, "30000-34999": 0.05980465777851218, "35000-39999": 0.051172155911155454, "40000-44999": 0.04378247072363783, "45000-49999": 0.041186535719712536, "50000-59999": 0.03206411995180563, "60000-74999": 0.02789115846963902, "75000-99999": 0.021918454360600862, "100000-124999": 0.018762917727182554, "125000-149999": 0.01564972465802667, "150000-199999": 0.014805499848861413, "200000-10000000": 0.001236192452366513}