{"1000-9999": 0.39913248731018225, "10000-14999": 0.12796606647440195, "15000-19999": 0.08832048049723885, "20000-24999": 0.08832048049723885, "25000-29999": 0.07476774491632775, "30000-34999": 0.06098222603237574, "35000-39999": 0.05183244598126054, "40000-44999": 0.04565331877265817, "45000-49999": 0.04296580512083091, "50000-59999": 0.03387425098797668, "60000-74999": 0.03134215207353212, "75000-99999": 0.024083683043564834, "100000-124999": 0.020874195842992094, "125000-149999": 0.01688261521301629, "150000-199999": 0.015640590429355065, "200000-10000000": 0.0009596283482913285}