{"1000-9999": 0.3554088707554357, "10000-14999": 0.1282284216262654, "15000-19999": 0.08497097209018556, "20000-24999": 0.08497097209018556, "25000-29999": 0.07302734051782614, "30000-34999": 0.05758821096251327, "35000-39999": 0.04996758343998132, "40000-44999": 0.042941208548155474, "45000-49999": 0.04065560888043531, "50000-59999": 0.03129060985103459, "60000-74999": 0.027646784387770143, "75000-99999": 0.021180458164064764, "100000-124999": 0.01858796562422395, "125000-149999": 0.015054328229408298, "150000-199999": 0.01440157315064268, "200000-10000000": 0.001098062231782312}