{"1000-9999": 1.0494038535474277, "10000-14999": 1.0967877188522959, "15000-19999": 1.1009603746817542, "20000-24999": 1.1009603746817542, "25000-29999": 0.9064551932357492, "30000-34999": 0.9062025132947821, "35000-39999": 0.9108998698027084, "40000-44999": 0.9037685004244316, "45000-49999": 0.8311831403572325, "50000-59999": 0.8386119908275912, "60000-74999": 0.763563698362083, "75000-99999": 0.7631817260755428, "100000-124999": 0.7049031739706968, "125000-149999": 0.7018366484803267, "150000-199999": 0.6313357545125396, "200000-10000000": 0.6320720190066113}