{"1000-9999": 0.30825366379872404, "10000-14999": 0.11675542043140852, "15000-19999": 0.08252126079317106, "20000-24999": 0.08252126079317106, "25000-29999": 0.06920897566960968, "30000-34999": 0.055691519477915966, "35000-39999": 0.0478988151305965, "40000-44999": 0.041059830983824305, "45000-49999": 0.0387075238658793, "50000-59999": 0.030014988115715763, "60000-74999": 0.025926321349343126, "75000-99999": 0.020468250939662386, "100000-124999": 0.017714973513694568, "125000-149999": 0.014445078629689153, "150000-199999": 0.013230599945428287, "200000-10000000": 0.0007835819264617612}