{"1000-9999": 0.18289079601409094, "10000-14999": 0.06645824112688384, "15000-19999": 0.045905094303119474, "20000-24999": 0.045905094303119474, "25000-29999": 0.040818997755199565, "30000-34999": 0.0337493711298608, "35000-39999": 0.028299592686109976, "40000-44999": 0.02418412536993798, "45000-49999": 0.022041358882566708, "50000-59999": 0.01705770157192309, "60000-74999": 0.01612361556987876, "75000-99999": 0.012561908176579201, "100000-124999": 0.010987819862637109, "125000-149999": 0.008873152630963674, "150000-199999": 0.008479628340085517, "200000-10000000": 0.000654357518067002}