{"1000-9999": 1.034609552533712, "10000-14999": 1.0773861293543134, "15000-19999": 1.0909131583439828, "20000-24999": 1.0909131583439828, "25000-29999": 0.9965312090178774, "30000-34999": 0.99123219482716, "35000-39999": 0.9902860127584217, "40000-44999": 0.9963715785486622, "45000-49999": 0.9290233620249971, "50000-59999": 0.9171472639030915, "60000-74999": 0.7979817383161448, "75000-99999": 0.7982624585456025, "100000-124999": 0.7271033166464658, "125000-149999": 0.7205638903479907, "150000-199999": 0.6242773129080922, "200000-10000000": 0.6259307671101407}