{"1000-9999": 0.366615840980322, "10000-14999": 0.12484025256747262, "15000-19999": 0.09336765885349069, "20000-24999": 0.09336765885349069, "25000-29999": 0.07693973095010642, "30000-34999": 0.06218858858948506, "35000-39999": 0.05341071002622344, "40000-44999": 0.04596086040990956, "45000-49999": 0.043030789696901536, "50000-59999": 0.033666442594381, "60000-74999": 0.029448682191701606, "75000-99999": 0.022931433288433223, "100000-124999": 0.019777300863850246, "125000-149999": 0.016359096005565326, "150000-199999": 0.0152516337470793, "200000-10000000": 0.001252745912076654}