{"1000-9999": 0.40286335051831856, "10000-14999": 0.10528019722593274, "15000-19999": 0.07705834938086953, "20000-24999": 0.07705834938086953, "25000-29999": 0.0641475517440525, "30000-34999": 0.0527364597560631, "35000-39999": 0.04505265128040398, "40000-44999": 0.03853015916356674, "45000-49999": 0.036651172024473426, "50000-59999": 0.028256638782023058, "60000-74999": 0.026758323066926874, "75000-99999": 0.02061345877476565, "100000-124999": 0.017586373010877673, "125000-149999": 0.014575204955683053, "150000-199999": 0.013078709204161671, "200000-10000000": 0.0008978066867739966}