{"1000-9999": 0.1747147254778393, "10000-14999": 0.0509993573536134, "15000-19999": 0.03710279371051731, "20000-24999": 0.03710279371051731, "25000-29999": 0.03419744071183906, "30000-34999": 0.02726888000003713, "35000-39999": 0.02399274551900833, "40000-44999": 0.020785589929481672, "45000-49999": 0.020126633569879274, "50000-59999": 0.015162638489010427, "60000-74999": 0.01355524189739448, "75000-99999": 0.01048845746393566, "100000-124999": 0.008918732296695483, "125000-149999": 0.007320890916007094, "150000-199999": 0.006408899127630069, "200000-10000000": 0.0004396846706568462}