{"1000-9999": 1.0185976192256583, "10000-14999": 1.1170471914695705, "15000-19999": 1.0805000070391855, "20000-24999": 1.0805000070391855, "25000-29999": 1.008910279764753, "30000-34999": 1.0036984681465064, "35000-39999": 1.013949158593807, "40000-44999": 1.0114179199277198, "45000-49999": 0.9341889346918917, "50000-59999": 0.9367786527070072, "60000-74999": 0.8098828270035193, "75000-99999": 0.8055955795096694, "100000-124999": 0.7300500354197338, "125000-149999": 0.7399968472914998, "150000-199999": 0.6328468831608477, "200000-10000000": 0.6334474375249676}