{"1000-9999": 0.4133193997199635, "10000-14999": 0.1321083571171963, "15000-19999": 0.09451703637582955, "20000-24999": 0.09451703637582955, "25000-29999": 0.08871329559898114, "30000-34999": 0.07080119693139089, "35000-39999": 0.05975938693686421, "40000-44999": 0.051713311783712114, "45000-49999": 0.04995097763154308, "50000-59999": 0.03854942225446426, "60000-74999": 0.03465499728798094, "75000-99999": 0.026763554773557564, "100000-124999": 0.022585359191807295, "125000-149999": 0.018404084111673814, "150000-199999": 0.016051574232563204, "200000-10000000": 0.0010419274074280598}