{"1000-9999": 0.2246064939237758, "10000-14999": 0.069963911119562, "15000-19999": 0.04902435643955464, "20000-24999": 0.04902435643955464, "25000-29999": 0.04719105907548549, "30000-34999": 0.038655254223036326, "35000-39999": 0.032250212096777864, "40000-44999": 0.028044408718836775, "45000-49999": 0.02647027085086273, "50000-59999": 0.02061411989312772, "60000-74999": 0.018384540687884688, "75000-99999": 0.014264593728941379, "100000-124999": 0.012024774384998185, "125000-149999": 0.009724575360417473, "150000-199999": 0.00858488660966531, "200000-10000000": 0.0006030962189625787}