{"1000-9999": 0.38391924621320495, "10000-14999": 0.13186955924583627, "15000-19999": 0.09387986850023794, "20000-24999": 0.09387986850023794, "25000-29999": 0.0754112265135858, "30000-34999": 0.06325021213307393, "35000-39999": 0.05195357415867196, "40000-44999": 0.04602565313788371, "45000-49999": 0.042990744188076295, "50000-59999": 0.03331491472055901, "60000-74999": 0.029184797230222773, "75000-99999": 0.022843024706797447, "100000-124999": 0.01998692869115827, "125000-149999": 0.01634687082374998, "150000-199999": 0.014958005727740132, "200000-10000000": 0.000853139277399511}