{"1000-9999": 0.2311465701535313, "10000-14999": 0.06743413021042907, "15000-19999": 0.04573625928633917, "20000-24999": 0.04573625928633917, "25000-29999": 0.04065194174917393, "30000-34999": 0.03394476033250356, "35000-39999": 0.0284745974804755, "40000-44999": 0.02481967461757773, "45000-49999": 0.02245908426801753, "50000-59999": 0.01743728434830184, "60000-74999": 0.016266290037997004, "75000-99999": 0.012678292547505016, "100000-124999": 0.011115934620729956, "125000-149999": 0.008964847633036009, "150000-199999": 0.008611782436105045, "200000-10000000": 0.0005557871019556407}