{"1000-9999": 0.16307306923580292, "10000-14999": 0.05521114465326384, "15000-19999": 0.040284533652039406, "20000-24999": 0.040284533652039406, "25000-29999": 0.03746995124853994, "30000-34999": 0.030927755291245116, "35000-39999": 0.02618060040130348, "40000-44999": 0.02226647073949452, "45000-49999": 0.021307310168315816, "50000-59999": 0.016511399600255768, "60000-74999": 0.014718591099498359, "75000-99999": 0.011446491623420386, "100000-124999": 0.009653129995351003, "125000-149999": 0.007928629374259779, "150000-199999": 0.006969407768422122, "200000-10000000": 0.00047048465760263225}