{"1000-9999": 0.35745430390644917, "10000-14999": 0.11319942639143334, "15000-19999": 0.07994867277736513, "20000-24999": 0.07994867277736513, "25000-29999": 0.0676169381803838, "30000-34999": 0.05500412856869396, "35000-39999": 0.04657986886966963, "40000-44999": 0.040567302860442356, "45000-49999": 0.038684952391295574, "50000-59999": 0.029870118046203004, "60000-74999": 0.02836002414995091, "75000-99999": 0.02173729867805274, "100000-124999": 0.018496583361691445, "125000-149999": 0.015177932679022645, "150000-199999": 0.013957096770573146, "200000-10000000": 0.0010012094463192059}