{"1000-9999": 1.2629060029006847, "10000-14999": 1.2969856525690333, "15000-19999": 1.320043804299386, "20000-24999": 1.320043804299386, "25000-29999": 1.09642899514356, "30000-34999": 1.0871431450705167, "35000-39999": 1.0956497791225686, "40000-44999": 1.0935222630043822, "45000-49999": 1.0043821521768195, "50000-59999": 1.0171046419709096, "60000-74999": 0.9217850066266534, "75000-99999": 0.9221780944890964, "100000-124999": 0.8484554228733967, "125000-149999": 0.8545221385646041, "150000-199999": 0.7667189406353302, "200000-10000000": 0.7639350340990742}