{"1000-9999": 0.8387750168499165, "10000-14999": 0.885178055476483, "15000-19999": 0.8754618324440473, "20000-24999": 0.8754618324440473, "25000-29999": 0.7641744458750569, "30000-34999": 0.7632157636287421, "35000-39999": 0.7638362306066424, "40000-44999": 0.7626425634805242, "45000-49999": 0.7453304270075394, "50000-59999": 0.7414050617665273, "60000-74999": 0.6454075560341154, "75000-99999": 0.6447568507851115, "100000-124999": 0.568752118277569, "125000-149999": 0.567552480568202, "150000-199999": 0.47432885149699394, "200000-10000000": 0.4769882940499624}