{"1000-9999": 0.27862278992513984, "10000-14999": 0.07378890418557157, "15000-19999": 0.052136158401141504, "20000-24999": 0.052136158401141504, "25000-29999": 0.046472235336468715, "30000-34999": 0.03689902311012953, "35000-39999": 0.031360693914766806, "40000-44999": 0.027763885917519167, "45000-49999": 0.024584366205319973, "50000-59999": 0.019123647610654847, "60000-74999": 0.01784873267222359, "75000-99999": 0.013919881535979084, "100000-124999": 0.01245263687117894, "125000-149999": 0.010023871285572252, "150000-199999": 0.009403813038843497, "200000-10000000": 0.0006316453276898941}