{"1000-9999": 0.8150570229126979, "10000-14999": 0.872605203736707, "15000-19999": 0.8602089302005608, "20000-24999": 0.8602089302005608, "25000-29999": 0.7390218353014509, "30000-34999": 0.7423319232095233, "35000-39999": 0.7362643419663335, "40000-44999": 0.7398871898454726, "45000-49999": 0.7166295209383665, "50000-59999": 0.7229587763545638, "60000-74999": 0.6244780419523791, "75000-99999": 0.6256819682732958, "100000-124999": 0.5535353627079255, "125000-149999": 0.5501492374965805, "150000-199999": 0.45996313213552537, "200000-10000000": 0.4599660560205373}