{"1000-9999": 0.8367317591550825, "10000-14999": 0.8949551757593901, "15000-19999": 0.8822845968914793, "20000-24999": 0.8822845968914793, "25000-29999": 0.7670846130630499, "30000-34999": 0.7692715005615286, "35000-39999": 0.7729429735999018, "40000-44999": 0.7644424285816114, "45000-49999": 0.7475627615247881, "50000-59999": 0.7478116279734764, "60000-74999": 0.6469251237615987, "75000-99999": 0.6458783553179465, "100000-124999": 0.5728012440479305, "125000-149999": 0.5715519144459404, "150000-199999": 0.47736743362317174, "200000-10000000": 0.4765478903187042}