{"1000-9999": 0.18528134770056529, "10000-14999": 0.05607936767808562, "15000-19999": 0.0410733432257851, "20000-24999": 0.0410733432257851, "25000-29999": 0.03803452140387198, "30000-34999": 0.03156582757143732, "35000-39999": 0.026507801584124503, "40000-44999": 0.0225848224069159, "45000-49999": 0.02186885327827187, "50000-59999": 0.017132870759274825, "60000-74999": 0.015157190452920502, "75000-99999": 0.01178378494148232, "100000-124999": 0.00987950159366454, "125000-149999": 0.008023785571608858, "150000-199999": 0.007146930221653691, "200000-10000000": 0.0005357848345544631}