{"1000-9999": 0.28053450266500835, "10000-14999": 0.0761688685798124, "15000-19999": 0.056220579521599916, "20000-24999": 0.056220579521599916, "25000-29999": 0.04608230395582766, "30000-34999": 0.03789985322390094, "35000-39999": 0.03180418236485821, "40000-44999": 0.027834348080258628, "45000-49999": 0.02653272542257022, "50000-59999": 0.02065354962110664, "60000-74999": 0.019501533708426014, "75000-99999": 0.014848861526830036, "100000-124999": 0.01271691842931799, "125000-149999": 0.010397357173918848, "150000-199999": 0.009621839298053648, "200000-10000000": 0.0005277616608828041}