{"1000-9999": 0.32376644680841155, "10000-14999": 0.10739928803113048, "15000-19999": 0.07873436680433178, "20000-24999": 0.07873436680433178, "25000-29999": 0.06595790464318631, "30000-34999": 0.05403968013142544, "35000-39999": 0.046014399292257514, "40000-44999": 0.03942552762897773, "45000-49999": 0.03725032160900895, "50000-59999": 0.029058072225390596, "60000-74999": 0.02490772172165746, "75000-99999": 0.019168523886371424, "100000-124999": 0.016859337739398395, "125000-149999": 0.014073018427246894, "150000-199999": 0.012976176958989784, "200000-10000000": 0.0009676568225964481}