{"1000-9999": 0.22392457807387894, "10000-14999": 0.06171736031954825, "15000-19999": 0.045613182976667666, "20000-24999": 0.045613182976667666, "25000-29999": 0.04098995586082738, "30000-34999": 0.03391418106986075, "35000-39999": 0.028478163128974218, "40000-44999": 0.024702776796985623, "45000-49999": 0.02243140874329301, "50000-59999": 0.01753150739681117, "60000-74999": 0.016394972819156767, "75000-99999": 0.012698912536925833, "100000-124999": 0.011052583591312492, "125000-149999": 0.009122693972639614, "150000-199999": 0.008606985853803737, "200000-10000000": 0.0007444449109244251}