{"1000-9999": 0.7061390314908784, "10000-14999": 0.6465536336558074, "15000-19999": 0.6478945048829361, "20000-24999": 0.6478945048829361, "25000-29999": 0.6019872581252773, "30000-34999": 0.6033201988644217, "35000-39999": 0.603527516705907, "40000-44999": 0.6016640130630257, "45000-49999": 0.5624925109346957, "50000-59999": 0.5626725025650542, "60000-74999": 0.5244049099380321, "75000-99999": 0.5243352955314017, "100000-124999": 0.4648764072437848, "125000-149999": 0.4669034998749215, "150000-199999": 0.392273408592765, "200000-10000000": 0.391247050525355}