{"1000-9999": 0.37745540501782604, "10000-14999": 0.1232575296111365, "15000-19999": 0.08725955009338476, "20000-24999": 0.08725955009338476, "25000-29999": 0.07213382963022878, "30000-34999": 0.06109010701786565, "35000-39999": 0.051435065842160274, "40000-44999": 0.0441383123428419, "45000-49999": 0.0422355703346192, "50000-59999": 0.03294354277467804, "60000-74999": 0.030840946611878774, "75000-99999": 0.023935029078254344, "100000-124999": 0.020355083585350483, "125000-149999": 0.016630803607519565, "150000-199999": 0.015263044147085566, "200000-10000000": 0.0009655346514887867}