{"1000-9999": 0.21536185344378853, "10000-14999": 0.0735208634483014, "15000-19999": 0.05061937061790771, "20000-24999": 0.05061937061790771, "25000-29999": 0.047510865720121684, "30000-34999": 0.03852997858429022, "35000-39999": 0.032597414962799894, "40000-44999": 0.02835637381214733, "45000-49999": 0.027415500394362077, "50000-59999": 0.020879662701553902, "60000-74999": 0.01883301770586268, "75000-99999": 0.014544939710940358, "100000-124999": 0.012342909532666731, "125000-149999": 0.010080420497141238, "150000-199999": 0.008852211423109008, "200000-10000000": 0.0006848195098098088}