{"1000-9999": 0.1796064036310689, "10000-14999": 0.05771479112291432, "15000-19999": 0.04097003196689571, "20000-24999": 0.04097003196689571, "25000-29999": 0.038463588197693785, "30000-34999": 0.031412377648563757, "35000-39999": 0.026340249446729937, "40000-44999": 0.022758033334261216, "45000-49999": 0.021962360047997936, "50000-59999": 0.016812338804485957, "60000-74999": 0.014979492276475102, "75000-99999": 0.011620311265850142, "100000-124999": 0.009835597988026452, "125000-149999": 0.00792758997557269, "150000-199999": 0.007092948448980955, "200000-10000000": 0.00038440328056238204}