{"1000-9999": 1.0186121783984339, "10000-14999": 1.0829153998835976, "15000-19999": 1.0793454080981717, "20000-24999": 1.0793454080981717, "25000-29999": 0.9971280348080163, "30000-34999": 0.9989564982593306, "35000-39999": 1.000330423052717, "40000-44999": 0.987879048712093, "45000-49999": 0.9163179020424158, "50000-59999": 0.9174805021826322, "60000-74999": 0.7940692124999436, "75000-99999": 0.7944846215842956, "100000-124999": 0.7267082407288196, "125000-149999": 0.7236695555801194, "150000-199999": 0.6230897701296502, "200000-10000000": 0.621870592158121}