{"1000-9999": 1.39463210390723, "10000-14999": 1.4497161160098437, "15000-19999": 1.4511169542860751, "20000-24999": 1.4511169542860751, "25000-29999": 1.2077589807501175, "30000-34999": 1.199000190045758, "35000-39999": 1.2086618565158684, "40000-44999": 1.2123920062079243, "45000-49999": 1.116232698857819, "50000-59999": 1.110069155107593, "60000-74999": 1.0178445648706151, "75000-99999": 1.0161035900098148, "100000-124999": 0.9363642928131499, "125000-149999": 0.9376515943648688, "150000-199999": 0.843221905712786, "200000-10000000": 0.8426107676623777}