{"1000-9999": 0.3653672611831644, "10000-14999": 0.10025128887402172, "15000-19999": 0.07436157557899459, "20000-24999": 0.07436157557899459, "25000-29999": 0.06847735224084006, "30000-34999": 0.05531861281493276, "35000-39999": 0.046846567959187166, "40000-44999": 0.04060987568013211, "45000-49999": 0.03705122996536593, "50000-59999": 0.02853018433854252, "60000-74999": 0.0268272234314822, "75000-99999": 0.020802752900422977, "100000-124999": 0.017898519213481602, "125000-149999": 0.014864434643171826, "150000-199999": 0.014029229751700338, "200000-10000000": 0.0010230483426052668}