{"1000-9999": 0.8214205653444004, "10000-14999": 0.8896593384508529, "15000-19999": 0.8982739500296311, "20000-24999": 0.8982739500296311, "25000-29999": 0.7694051876504377, "30000-34999": 0.7636484934303721, "35000-39999": 0.7658753927424237, "40000-44999": 0.7672908630048594, "45000-49999": 0.7488906908752169, "50000-59999": 0.7483621725729539, "60000-74999": 0.6480170110056044, "75000-99999": 0.6469875149585795, "100000-124999": 0.5723170600938872, "125000-149999": 0.5718010166794422, "150000-199999": 0.47590328676568605, "200000-10000000": 0.47696981556140833}