{"1000-9999": 0.9979480509429527, "10000-14999": 1.038000345963918, "15000-19999": 1.0600064963540647, "20000-24999": 1.0600064963540647, "25000-29999": 0.9552157874336866, "30000-34999": 0.9651806562901868, "35000-39999": 0.959847628681946, "40000-44999": 0.9624987581474412, "45000-49999": 0.8890152972702361, "50000-59999": 0.8888831396213668, "60000-74999": 0.7661976764451792, "75000-99999": 0.7676943622471282, "100000-124999": 0.7009429485584131, "125000-149999": 0.7028180951945802, "150000-199999": 0.6055960915084041, "200000-10000000": 0.6024475626636132}