{"1000-9999": 1.0895657694028653, "10000-14999": 1.0949178377439206, "15000-19999": 1.092912048307431, "20000-24999": 1.092912048307431, "25000-29999": 0.9903483090005238, "30000-34999": 0.9923515656670411, "35000-39999": 1.0011057107535117, "40000-44999": 0.9946877014471373, "45000-49999": 0.9166953696451834, "50000-59999": 0.9207917429693186, "60000-74999": 0.7945910917948378, "75000-99999": 0.7941786067612135, "100000-124999": 0.719648935707573, "125000-149999": 0.7252995674676109, "150000-199999": 0.6225890738019022, "200000-10000000": 0.6197814263768626}