{"1000-9999": 0.2833997536948221, "10000-14999": 0.10536992130872817, "15000-19999": 0.07266297633257293, "20000-24999": 0.07266297633257293, "25000-29999": 0.06055925038463388, "30000-34999": 0.050560081175114936, "35000-39999": 0.04281201742843147, "40000-44999": 0.03682244915097478, "45000-49999": 0.035054043455068705, "50000-59999": 0.026939130670544237, "60000-74999": 0.023532656030345833, "75000-99999": 0.0183089326905454, "100000-124999": 0.015959829070574347, "125000-149999": 0.013123481573098797, "150000-199999": 0.012326397860518694, "200000-10000000": 0.0007617956445591442}