{"1000-9999": 0.6607482948956094, "10000-14999": 0.6270452403196222, "15000-19999": 0.6265294773677664, "20000-24999": 0.6265294773677664, "25000-29999": 0.577821154813777, "30000-34999": 0.5792991812646343, "35000-39999": 0.5795253182890117, "40000-44999": 0.5814609086733858, "45000-49999": 0.5414701453342343, "50000-59999": 0.5421715599452256, "60000-74999": 0.5041875815442876, "75000-99999": 0.5035869623148449, "100000-124999": 0.44823368724641605, "125000-149999": 0.4472277408495916, "150000-199999": 0.38004514244644144, "200000-10000000": 0.3787572295668954}