{"1000-9999": 1.0557361940856616, "10000-14999": 1.0998968688143043, "15000-19999": 1.0818054397829653, "20000-24999": 1.0818054397829653, "25000-29999": 1.0017896155566983, "30000-34999": 0.9926352202502701, "35000-39999": 0.9964474286382494, "40000-44999": 0.9921866485042463, "45000-49999": 0.9192861633011927, "50000-59999": 0.9245082568459128, "60000-74999": 0.7982103352224523, "75000-99999": 0.7955387142199583, "100000-124999": 0.7310415779604302, "125000-149999": 0.7246563511816682, "150000-199999": 0.6260164538132389, "200000-10000000": 0.625382027087488}