{"1000-9999": 1.261643420202085, "10000-14999": 1.2858568705897542, "15000-19999": 1.2624302659744695, "20000-24999": 1.2624302659744695, "25000-29999": 1.0602389625928355, "30000-34999": 1.0570317934114937, "35000-39999": 1.054434625392471, "40000-44999": 1.0531410569953008, "45000-49999": 0.9674157948284664, "50000-59999": 0.9752000390884459, "60000-74999": 0.8844164131975224, "75000-99999": 0.8867935659383293, "100000-124999": 0.819722063911358, "125000-149999": 0.8185220049498013, "150000-199999": 0.73544274540629, "200000-10000000": 0.7363231710723918}