{"1000-9999": 0.3514676441139385, "10000-14999": 0.11011407603980676, "15000-19999": 0.07905217026363019, "20000-24999": 0.07905217026363019, "25000-29999": 0.06368878461717192, "30000-34999": 0.05253220175849485, "35000-39999": 0.044949413675738244, "40000-44999": 0.03853572145487656, "45000-49999": 0.03638790846389405, "50000-59999": 0.028131359175150493, "60000-74999": 0.026645189806697278, "75000-99999": 0.02064460335014598, "100000-124999": 0.017443048001423024, "125000-149999": 0.014457295987348887, "150000-199999": 0.013056584087621231, "200000-10000000": 0.0009190870858700247}