{"1000-9999": 1.4339347467090093, "10000-14999": 1.4238789025804317, "15000-19999": 1.4380774575069921, "20000-24999": 1.4380774575069921, "25000-29999": 1.2153538488001034, "30000-34999": 1.2103199053127405, "35000-39999": 1.2093673970085557, "40000-44999": 1.2033039302772515, "45000-49999": 1.1173090483678234, "50000-59999": 1.1110217891620202, "60000-74999": 1.0154777107442923, "75000-99999": 1.01829597561304, "100000-124999": 0.9346695872211345, "125000-149999": 0.9380041932484864, "150000-199999": 0.8442703778617814, "200000-10000000": 0.8393386596986443}