{"1000-9999": 1.0546708852699052, "10000-14999": 1.0844024705800381, "15000-19999": 1.1220317235820834, "20000-24999": 1.1220317235820834, "25000-29999": 0.9995634738968787, "30000-34999": 1.0014098361514123, "35000-39999": 1.003747441919742, "40000-44999": 1.0032364548005603, "45000-49999": 0.9403043882418289, "50000-59999": 0.929751302630879, "60000-74999": 0.80664444363362, "75000-99999": 0.8071217344601741, "100000-124999": 0.732725660017473, "125000-149999": 0.7334440548738949, "150000-199999": 0.6314547370624161, "200000-10000000": 0.6322833567805556}