{"1000-9999": 0.6907874302045297, "10000-14999": 0.6460622240066182, "15000-19999": 0.6426210354899784, "20000-24999": 0.6426210354899784, "25000-29999": 0.5994407289993184, "30000-34999": 0.5968403630158379, "35000-39999": 0.5966399688275613, "40000-44999": 0.5977941328160826, "45000-49999": 0.5596996932983159, "50000-59999": 0.558414471526988, "60000-74999": 0.5205218118134177, "75000-99999": 0.5188820058485716, "100000-124999": 0.4618547570191808, "125000-149999": 0.4601468955716949, "150000-199999": 0.39020157171472825, "200000-10000000": 0.39024202450512807}