{"1000-9999": 1.2850060620520627, "10000-14999": 1.3284704448580316, "15000-19999": 1.31854110535581, "20000-24999": 1.31854110535581, "25000-29999": 1.100691091613809, "30000-34999": 1.0887168684871193, "35000-39999": 1.0991403114751657, "40000-44999": 1.1026330965238387, "45000-49999": 1.007948956997134, "50000-59999": 1.0146298717365283, "60000-74999": 0.9196124521201713, "75000-99999": 0.9223811672259503, "100000-124999": 0.8458399764235375, "125000-149999": 0.8517221789580198, "150000-199999": 0.764281585391817, "200000-10000000": 0.7656794657640401}