{"1000-9999": 1.2744430783387122, "10000-14999": 1.2521154065730036, "15000-19999": 1.245971037272073, "20000-24999": 1.245971037272073, "25000-29999": 1.065176846949605, "30000-34999": 1.062135393304716, "35000-39999": 1.057791690694364, "40000-44999": 1.046835784892102, "45000-49999": 0.9719150279476527, "50000-59999": 0.9707747456890606, "60000-74999": 0.8873808328138624, "75000-99999": 0.8880023463064719, "100000-124999": 0.8229236319011192, "125000-149999": 0.8183955688224278, "150000-199999": 0.7356934079623864, "200000-10000000": 0.7375168266063257}