{"1000-9999": 0.29317812264906773, "10000-14999": 0.0747953073612153, "15000-19999": 0.05138589728257568, "20000-24999": 0.05138589728257568, "25000-29999": 0.044975205608852785, "30000-34999": 0.0378739566743797, "35000-39999": 0.03198013961092594, "40000-44999": 0.027504654424973286, "45000-49999": 0.024405113114655864, "50000-59999": 0.018984053994254756, "60000-74999": 0.018205668093117015, "75000-99999": 0.013978706006842577, "100000-124999": 0.01224523049202488, "125000-149999": 0.01004365473459821, "150000-199999": 0.009682071902683338, "200000-10000000": 0.0004518777746911684}