{"1000-9999": 0.7464007491098458, "10000-14999": 0.6935654343211652, "15000-19999": 0.696291107066836, "20000-24999": 0.696291107066836, "25000-29999": 0.64587551616999, "30000-34999": 0.6475227848556672, "35000-39999": 0.6454363703232785, "40000-44999": 0.6453977078200388, "45000-49999": 0.6039646585859039, "50000-59999": 0.6013467633666855, "60000-74999": 0.5626643081167725, "75000-99999": 0.5634032182816326, "100000-124999": 0.49816684506720443, "125000-149999": 0.4984640387600022, "150000-199999": 0.42121689460045914, "200000-10000000": 0.42049188195691223}