{"1000-9999": 0.38934635084373714, "10000-14999": 0.11002851108058023, "15000-19999": 0.07743877746453375, "20000-24999": 0.07743877746453375, "25000-29999": 0.0643315692960675, "30000-34999": 0.053647238579868896, "35000-39999": 0.04540004356301741, "40000-44999": 0.039157217834619736, "45000-49999": 0.036975290375695094, "50000-59999": 0.02868441159774638, "60000-74999": 0.02707989016264847, "75000-99999": 0.02102929249592138, "100000-124999": 0.01804138892964897, "125000-149999": 0.014746849535796658, "150000-199999": 0.013446929442606064, "200000-10000000": 0.0006132333674812812}