{"1000-9999": 0.3156435382091107, "10000-14999": 0.10732831068342576, "15000-19999": 0.07582486893627131, "20000-24999": 0.07582486893627131, "25000-29999": 0.0679378420660641, "30000-34999": 0.055987793781320724, "35000-39999": 0.04713848845328896, "40000-44999": 0.04042246004757353, "45000-49999": 0.036692998533301324, "50000-59999": 0.028454650945733344, "60000-74999": 0.026691407583856505, "75000-99999": 0.020851814053405023, "100000-124999": 0.017963591808038422, "125000-149999": 0.014890708975371335, "150000-199999": 0.013940829952710664, "200000-10000000": 0.0009980161239390405}