{"1000-9999": 0.6955996768372704, "10000-14999": 0.6539718523003248, "15000-19999": 0.6568277229334966, "20000-24999": 0.6568277229334966, "25000-29999": 0.6058498921445732, "30000-34999": 0.6059438564018649, "35000-39999": 0.6044950385603809, "40000-44999": 0.6038456615371504, "45000-49999": 0.5678688802053437, "50000-59999": 0.5675563575704556, "60000-74999": 0.5285428501595505, "75000-99999": 0.5280613075251896, "100000-124999": 0.4690643965945628, "125000-149999": 0.46899706616989434, "150000-199999": 0.39589027607428684, "200000-10000000": 0.39575934869993484}