{"1000-9999": 0.8334457427319923, "10000-14999": 0.8907725749636085, "15000-19999": 0.8856091832741746, "20000-24999": 0.8856091832741746, "25000-29999": 0.7726310759749697, "30000-34999": 0.7691274870790594, "35000-39999": 0.7654295438315566, "40000-44999": 0.7630009378221357, "45000-49999": 0.7458978882507905, "50000-59999": 0.7480455354289622, "60000-74999": 0.6485940124759608, "75000-99999": 0.6456838138970993, "100000-124999": 0.5705205294266451, "125000-149999": 0.5709337430337081, "150000-199999": 0.47636032624853814, "200000-10000000": 0.4746060956285588}