{"1000-9999": 0.6689395885081222, "10000-14999": 0.6212954164055902, "15000-19999": 0.6214799564770077, "20000-24999": 0.6214799564770077, "25000-29999": 0.5787868829705227, "30000-34999": 0.5833259877872611, "35000-39999": 0.5783861425280141, "40000-44999": 0.5799455410128821, "45000-49999": 0.5427547860287989, "50000-59999": 0.5431587700408514, "60000-74999": 0.503581547513988, "75000-99999": 0.5038589685126906, "100000-124999": 0.4469653227330589, "125000-149999": 0.44758684244173336, "150000-199999": 0.3785749351874462, "200000-10000000": 0.37739694226131826}