{"1000-9999": 0.21358677208295304, "10000-14999": 0.056994591240722633, "15000-19999": 0.03996780042693109, "20000-24999": 0.03996780042693109, "25000-29999": 0.03664227619238743, "30000-34999": 0.029252747780431528, "35000-39999": 0.02535232308597498, "40000-44999": 0.022095590000116357, "45000-49999": 0.02090928650424341, "50000-59999": 0.016240747973526863, "60000-74999": 0.01444844250518412, "75000-99999": 0.011138579848520408, "100000-124999": 0.00936793665919453, "125000-149999": 0.007701757831103677, "150000-199999": 0.006753767271745615, "200000-10000000": 0.0005308981178416729}