{"1000-9999": 0.22302772633736756, "10000-14999": 0.0672617519248101, "15000-19999": 0.048073658079762924, "20000-24999": 0.048073658079762924, "25000-29999": 0.044152103767761255, "30000-34999": 0.03560658415114598, "35000-39999": 0.030283205468311356, "40000-44999": 0.026086081028168156, "45000-49999": 0.025047337667074968, "50000-59999": 0.019587743763843767, "60000-74999": 0.01726771893107033, "75000-99999": 0.01332088117003145, "100000-124999": 0.01133406967569221, "125000-149999": 0.009239726507598956, "150000-199999": 0.00812785358110844, "200000-10000000": 0.00042992061717939876}