{"1000-9999": 0.6479491818209607, "10000-14999": 0.6034277680372355, "15000-19999": 0.6005005182869586, "20000-24999": 0.6005005182869586, "25000-29999": 0.5622843900531929, "30000-34999": 0.5611906027799962, "35000-39999": 0.560059896432529, "40000-44999": 0.5570329626074907, "45000-49999": 0.5239283090209366, "50000-59999": 0.5247683585470438, "60000-74999": 0.48833463125934395, "75000-99999": 0.4873046497779478, "100000-124999": 0.43412157686024766, "125000-149999": 0.4333677527834691, "150000-199999": 0.3663436928611103, "200000-10000000": 0.3658580863507101}