{"1000-9999": 1.0411638965993675, "10000-14999": 1.0984046531990888, "15000-19999": 1.0651707462125597, "20000-24999": 1.0651707462125597, "25000-29999": 0.9963350435139035, "30000-34999": 0.99017886369841, "35000-39999": 0.9976854720150358, "40000-44999": 0.996755724516964, "45000-49999": 0.9204750790433975, "50000-59999": 0.9177370799830059, "60000-74999": 0.7913919003182187, "75000-99999": 0.7935993405161514, "100000-124999": 0.7200517688679685, "125000-149999": 0.7236648716845178, "150000-199999": 0.6234425334978674, "200000-10000000": 0.620498410568224}