{"1000-9999": 1.5970411137915765, "10000-14999": 1.3471647518966492, "15000-19999": 1.3273704367919328, "20000-24999": 1.3273704367919328, "25000-29999": 1.103626553704852, "30000-34999": 1.1081645732355077, "35000-39999": 1.129937764352844, "40000-44999": 1.1315329080618457, "45000-49999": 1.031279431060078, "50000-59999": 1.0300280088137284, "60000-74999": 0.9411934294280823, "75000-99999": 0.9432992850067199, "100000-124999": 0.8693596994808755, "125000-149999": 0.8652934273020777, "150000-199999": 0.7815105218806361, "200000-10000000": 0.7804260886997819}