{"1000-9999": 1.1485085702451583, "10000-14999": 1.1899572521908595, "15000-19999": 1.1954854663072536, "20000-24999": 1.1954854663072536, "25000-29999": 0.9942625899630909, "30000-34999": 0.9919923008253161, "35000-39999": 0.998132005052398, "40000-44999": 0.9893160157804071, "45000-49999": 0.9211183764018469, "50000-59999": 0.9125010355965938, "60000-74999": 0.8348638661655645, "75000-99999": 0.8345732874420603, "100000-124999": 0.7694794159138916, "125000-149999": 0.7688373029926667, "150000-199999": 0.691723468884697, "200000-10000000": 0.6926055277235841}