{"1000-9999": 0.2850549933547235, "10000-14999": 0.07702913885455143, "15000-19999": 0.05558065179241061, "20000-24999": 0.05558065179241061, "25000-29999": 0.050232199771512484, "30000-34999": 0.04022321744568022, "35000-39999": 0.03462570956457196, "40000-44999": 0.029528793620648346, "45000-49999": 0.026714951262121638, "50000-59999": 0.020930240002704006, "60000-74999": 0.01988485219369568, "75000-99999": 0.01513086381034718, "100000-124999": 0.013324489302502022, "125000-149999": 0.010899740321421122, "150000-199999": 0.010297829917618403, "200000-10000000": 0.0006285784221047599}