{"1000-9999": 1.2416711385235222, "10000-14999": 1.2394506491335966, "15000-19999": 1.2455119472397291, "20000-24999": 1.2455119472397291, "25000-29999": 1.0350155759589994, "30000-34999": 1.0322748716708823, "35000-39999": 1.0257179932660918, "40000-44999": 1.0388413082926857, "45000-49999": 0.9542414716222489, "50000-59999": 0.9516193375843409, "60000-74999": 0.8703814242843515, "75000-99999": 0.8728135197755535, "100000-124999": 0.8031979640829542, "125000-149999": 0.799340617288503, "150000-199999": 0.7210407900772049, "200000-10000000": 0.725738567342477}