{"1000-9999": 0.8182021090452958, "10000-14999": 0.8571706373364744, "15000-19999": 0.8702111745959545, "20000-24999": 0.8702111745959545, "25000-29999": 0.745727518322381, "30000-34999": 0.7477382371266134, "35000-39999": 0.7448693763508869, "40000-44999": 0.7488735443517965, "45000-49999": 0.7301760218392959, "50000-59999": 0.7272865483496904, "60000-74999": 0.6301683338829382, "75000-99999": 0.6317678324827719, "100000-124999": 0.5545814594003166, "125000-149999": 0.5579674618260386, "150000-199999": 0.4643803503854267, "200000-10000000": 0.4660588125859414}