{"1000-9999": 0.9092660741959568, "10000-14999": 0.9533812167837765, "15000-19999": 0.9537951005109082, "20000-24999": 0.9537951005109082, "25000-29999": 0.8312359065004775, "30000-34999": 0.8258437477370884, "35000-39999": 0.8285396747387147, "40000-44999": 0.8311302442633038, "45000-49999": 0.8070082528696926, "50000-59999": 0.803888169516108, "60000-74999": 0.7014721269082076, "75000-99999": 0.7022183721952435, "100000-124999": 0.6192641382305458, "125000-149999": 0.6193338296851768, "150000-199999": 0.5173115970107638, "200000-10000000": 0.5154417171218133}