{"1000-9999": 0.2949987285783297, "10000-14999": 0.11023291398186053, "15000-19999": 0.07760001938226119, "20000-24999": 0.07760001938226119, "25000-29999": 0.06370976563520182, "30000-34999": 0.05342576396888895, "35000-39999": 0.04537347539605875, "40000-44999": 0.0391268881176594, "45000-49999": 0.03657096513378471, "50000-59999": 0.02837237728102011, "60000-74999": 0.025038925198515357, "75000-99999": 0.019422554482640606, "100000-124999": 0.01692267697921939, "125000-149999": 0.013825374584131373, "150000-199999": 0.013009180861365726, "200000-10000000": 0.001044559833736661}