{"1000-9999": 0.7022960662851698, "10000-14999": 0.6618349849539018, "15000-19999": 0.6622038011283017, "20000-24999": 0.6622038011283017, "25000-29999": 0.6119223630818, "30000-34999": 0.6103236658389504, "35000-39999": 0.6090643822058651, "40000-44999": 0.6099208998219846, "45000-49999": 0.569831025388994, "50000-59999": 0.5710000034337953, "60000-74999": 0.53256238563599, "75000-99999": 0.5317916707341878, "100000-124999": 0.47144782584295514, "125000-149999": 0.47014492047373657, "150000-199999": 0.3999852669030617, "200000-10000000": 0.39804476314469667}