{"1000-9999": 0.401534354518109, "10000-14999": 0.12056237523273548, "15000-19999": 0.0873822899542667, "20000-24999": 0.0873822899542667, "25000-29999": 0.07210844283191703, "30000-34999": 0.05827687329671744, "35000-39999": 0.04930494946188099, "40000-44999": 0.04305457446260415, "45000-49999": 0.04087739753243396, "50000-59999": 0.031748242679754964, "60000-74999": 0.029857372752828997, "75000-99999": 0.02305407967192954, "100000-124999": 0.019873733541140894, "125000-149999": 0.01591740503657543, "150000-199999": 0.01472170997124967, "200000-10000000": 0.0011019427411299136}