{"1000-9999": 0.2840723897446466, "10000-14999": 0.07901572697286371, "15000-19999": 0.055085701275245966, "20000-24999": 0.055085701275245966, "25000-29999": 0.04792623560557499, "30000-34999": 0.038556765383910736, "35000-39999": 0.03224301977677842, "40000-44999": 0.028065691311189325, "45000-49999": 0.02651440041312728, "50000-59999": 0.020183023710605236, "60000-74999": 0.019106233391002835, "75000-99999": 0.015080213059575343, "100000-124999": 0.012852753570653394, "125000-149999": 0.01044915727224658, "150000-199999": 0.009616638404342426, "200000-10000000": 0.0006182278855380143}