{"1000-9999": 0.673443660906807, "10000-14999": 0.6189955803027705, "15000-19999": 0.6214581122324513, "20000-24999": 0.6214581122324513, "25000-29999": 0.5722631507037005, "30000-34999": 0.573156004441159, "35000-39999": 0.5773318435739011, "40000-44999": 0.5746612380903302, "45000-49999": 0.5418335790539596, "50000-59999": 0.538476660713436, "60000-74999": 0.5020933929718003, "75000-99999": 0.5016414714793097, "100000-124999": 0.4435241282481771, "125000-149999": 0.44601651207350496, "150000-199999": 0.3768535457190869, "200000-10000000": 0.37585252963408666}