{"1000-9999": 0.8407699888892566, "10000-14999": 0.900790103283951, "15000-19999": 0.8860238516433575, "20000-24999": 0.8860238516433575, "25000-29999": 0.7654580464940238, "30000-34999": 0.7661276306728159, "35000-39999": 0.7688972093439932, "40000-44999": 0.7702720834835716, "45000-49999": 0.7547974671743798, "50000-59999": 0.7543556105056051, "60000-74999": 0.6495020069234395, "75000-99999": 0.6501378848159755, "100000-124999": 0.5721219458350981, "125000-149999": 0.574307632486537, "150000-199999": 0.4793290254430603, "200000-10000000": 0.47840467625018823}