{"1000-9999": 0.7253231973925379, "10000-14999": 0.6737842796323865, "15000-19999": 0.6723821544293904, "20000-24999": 0.6723821544293904, "25000-29999": 0.6250057754813161, "30000-34999": 0.6262933411001582, "35000-39999": 0.6284253682755477, "40000-44999": 0.6254641131721146, "45000-49999": 0.5828447954311653, "50000-59999": 0.5851741723822299, "60000-74999": 0.5443464328395473, "75000-99999": 0.5450138942426908, "100000-124999": 0.4851191045764582, "125000-149999": 0.48327773969853666, "150000-199999": 0.40812942624297255, "200000-10000000": 0.4098064114793997}