{"1000-9999": 0.8197405555418057, "10000-14999": 0.8672664677980646, "15000-19999": 0.9043028715419937, "20000-24999": 0.9043028715419937, "25000-29999": 0.7744679453818532, "30000-34999": 0.7675179596017522, "35000-39999": 0.7685623789799068, "40000-44999": 0.7665489968732, "45000-49999": 0.7518322585162441, "50000-59999": 0.750868648083263, "60000-74999": 0.6493668675524658, "75000-99999": 0.6493230970746232, "100000-124999": 0.5754914529824885, "125000-149999": 0.5729206902914491, "150000-199999": 0.4781445903169352, "200000-10000000": 0.4775771051680849}