{"1000-9999": 0.32738006742679543, "10000-14999": 0.10607683449814746, "15000-19999": 0.07593545646469098, "20000-24999": 0.07593545646469098, "25000-29999": 0.06352328047005906, "30000-34999": 0.05194774339697693, "35000-39999": 0.043938462054531675, "40000-44999": 0.03815751312293688, "45000-49999": 0.03592906019112926, "50000-59999": 0.028088456368035697, "60000-74999": 0.024495640580275653, "75000-99999": 0.019077708043894564, "100000-124999": 0.016669815068457192, "125000-149999": 0.013686335563308968, "150000-199999": 0.012502751850799734, "200000-10000000": 0.0008108418203724266}