{"1000-9999": 0.40308154893640535, "10000-14999": 0.12011997282087598, "15000-19999": 0.08460566583783273, "20000-24999": 0.08460566583783273, "25000-29999": 0.07329868710633936, "30000-34999": 0.05877425037437866, "35000-39999": 0.05015740645157045, "40000-44999": 0.042740608392395914, "45000-49999": 0.041219576486178765, "50000-59999": 0.031864471606773484, "60000-74999": 0.029708885222842242, "75000-99999": 0.023144414000229, "100000-124999": 0.019585341419642507, "125000-149999": 0.015975903651777094, "150000-199999": 0.014825022121602542, "200000-10000000": 0.0011214966910832957}