{"1000-9999": 0.3539604849610966, "10000-14999": 0.11747693306636352, "15000-19999": 0.08307983251616435, "20000-24999": 0.08307983251616435, "25000-29999": 0.07162913353694139, "30000-34999": 0.057721665334860624, "35000-39999": 0.048548037988579505, "40000-44999": 0.041627062346391706, "45000-49999": 0.039366749784577916, "50000-59999": 0.03043561611117353, "60000-74999": 0.02681355825050486, "75000-99999": 0.020451926219939458, "100000-124999": 0.018149338663736473, "125000-149999": 0.015083130743424327, "150000-199999": 0.013860682740196625, "200000-10000000": 0.0009658043588200927}