{"1000-9999": 0.3612775748481349, "10000-14999": 0.11133202736307246, "15000-19999": 0.07863600386107501, "20000-24999": 0.07863600386107501, "25000-29999": 0.06633991707783614, "30000-34999": 0.05353312265504478, "35000-39999": 0.04583124797440477, "40000-44999": 0.039746018613999706, "45000-49999": 0.03707165707084343, "50000-59999": 0.028710018015922604, "60000-74999": 0.025076221295380636, "75000-99999": 0.01941373668621037, "100000-124999": 0.017130135669792657, "125000-149999": 0.014083064281264934, "150000-199999": 0.013153350138008502, "200000-10000000": 0.0012459388387125853}