{"1000-9999": 0.3294865559381633, "10000-14999": 0.12186561578338771, "15000-19999": 0.0852677499954568, "20000-24999": 0.0852677499954568, "25000-29999": 0.0709890613607912, "30000-34999": 0.058726586327053375, "35000-39999": 0.04976940229073941, "40000-44999": 0.042934283551255226, "45000-49999": 0.04074816318297102, "50000-59999": 0.03154158666350011, "60000-74999": 0.027385985113210495, "75000-99999": 0.021476739884566342, "100000-124999": 0.018703397165833736, "125000-149999": 0.015390525270440379, "150000-199999": 0.014273133703399134, "200000-10000000": 0.0009037258336233897}