{"1000-9999": 0.9237737810034984, "10000-14999": 0.954092713023597, "15000-19999": 0.9594476251995021, "20000-24999": 0.9594476251995021, "25000-29999": 0.8391019528363813, "30000-34999": 0.8418750525599504, "35000-39999": 0.8308297293096747, "40000-44999": 0.8341183577418754, "45000-49999": 0.8152367570135963, "50000-59999": 0.8098783347656648, "60000-74999": 0.7017056714637082, "75000-99999": 0.7009172030199231, "100000-124999": 0.6172088396845844, "125000-149999": 0.6194577094404518, "150000-199999": 0.5161359699200181, "200000-10000000": 0.514100132369984}