{"1000-9999": 0.21399427443704855, "10000-14999": 0.053092256104205676, "15000-19999": 0.03903739268579988, "20000-24999": 0.03903739268579988, "25000-29999": 0.03552952958793893, "30000-34999": 0.02964187074239664, "35000-39999": 0.025493324633031604, "40000-44999": 0.021846852454265438, "45000-49999": 0.02100007445315737, "50000-59999": 0.016160347371792245, "60000-74999": 0.014386718867999448, "75000-99999": 0.011260759880970991, "100000-124999": 0.009452986419962487, "125000-149999": 0.007697541159489253, "150000-199999": 0.006760435526965736, "200000-10000000": 0.0003920392780612766}