{"1000-9999": 0.2777627399871924, "10000-14999": 0.08189187334154387, "15000-19999": 0.05879017586986001, "20000-24999": 0.05879017586986001, "25000-29999": 0.05212279101823013, "30000-34999": 0.042297239458116864, "35000-39999": 0.036288348206701994, "40000-44999": 0.03145603979665694, "45000-49999": 0.028278568486921778, "50000-59999": 0.022186316979153648, "60000-74999": 0.020769101448508777, "75000-99999": 0.01617851690183115, "100000-124999": 0.014179145743534786, "125000-149999": 0.011505441308428559, "150000-199999": 0.01108351761288004, "200000-10000000": 0.0007616859646603725}