{"1000-9999": 0.6988921214114358, "10000-14999": 0.653666294793775, "15000-19999": 0.6574706387669901, "20000-24999": 0.6574706387669901, "25000-29999": 0.6031806210989854, "30000-34999": 0.602692736395769, "35000-39999": 0.604512225921033, "40000-44999": 0.6024546711084803, "45000-49999": 0.5660696196272633, "50000-59999": 0.5643836534589758, "60000-74999": 0.5282684913462301, "75000-99999": 0.5265634196953198, "100000-124999": 0.4684106574899362, "125000-149999": 0.4673710871080331, "150000-199999": 0.3965322707839456, "200000-10000000": 0.3937280126186195}