{"1000-9999": 0.323003883857691, "10000-14999": 0.1118089239297927, "15000-19999": 0.07939781378987035, "20000-24999": 0.07939781378987035, "25000-29999": 0.06592031888762054, "30000-34999": 0.053060043166750524, "35000-39999": 0.045502966935253485, "40000-44999": 0.03949427656332921, "45000-49999": 0.03701022756597667, "50000-59999": 0.02917877875690235, "60000-74999": 0.025217677797830584, "75000-99999": 0.019522777125084732, "100000-124999": 0.017124664455567602, "125000-149999": 0.014066768650291172, "150000-199999": 0.01293086811771754, "200000-10000000": 0.0010260457186728464}