{"1000-9999": 0.33682545950169807, "10000-14999": 0.10044730587889299, "15000-19999": 0.06679592486337474, "20000-24999": 0.06679592486337474, "25000-29999": 0.05849469831905591, "30000-34999": 0.046777986737252385, "35000-39999": 0.03961333111465064, "40000-44999": 0.03523027620950807, "45000-49999": 0.033346339010926304, "50000-59999": 0.02566731806417112, "60000-74999": 0.02423095030682393, "75000-99999": 0.01854311193133597, "100000-124999": 0.01568598565476858, "125000-149999": 0.012949799259640456, "150000-199999": 0.011828715032907628, "200000-10000000": 0.0009246276655310637}