{"1000-9999": 0.38324900254477434, "10000-14999": 0.12561784690533456, "15000-19999": 0.08724815533141327, "20000-24999": 0.08724815533141327, "25000-29999": 0.07409136618125124, "30000-34999": 0.0598856452261576, "35000-39999": 0.049923917397857696, "40000-44999": 0.044053893813305996, "45000-49999": 0.04231776905360337, "50000-59999": 0.032996089055536984, "60000-74999": 0.03108299265081175, "75000-99999": 0.02385222008170027, "100000-124999": 0.02035312557696604, "125000-149999": 0.01648578307099303, "150000-199999": 0.01495351742625116, "200000-10000000": 0.0010963048971892662}