{"1000-9999": 0.25153127731596814, "10000-14999": 0.0769444478978965, "15000-19999": 0.056043935011014394, "20000-24999": 0.056043935011014394, "25000-29999": 0.04982259784550766, "30000-34999": 0.040685304200980446, "35000-39999": 0.03430274423169717, "40000-44999": 0.02998629187226234, "45000-49999": 0.02708392439089572, "50000-59999": 0.020875611290318778, "60000-74999": 0.01967099792407271, "75000-99999": 0.015059401385358762, "100000-124999": 0.013391563418364413, "125000-149999": 0.010807326246919626, "150000-199999": 0.010565447059921212, "200000-10000000": 0.0006213210945677163}