{"1000-9999": 1.4630384270286678, "10000-14999": 1.5021565991004582, "15000-19999": 1.4861321714423175, "20000-24999": 1.4861321714423175, "25000-29999": 1.2471600998695997, "30000-34999": 1.2579435769998348, "35000-39999": 1.2572080460276092, "40000-44999": 1.2576266051254408, "45000-49999": 1.1532973416931582, "50000-59999": 1.1512767620620223, "60000-74999": 1.052478168132374, "75000-99999": 1.0523691533341317, "100000-124999": 0.9718756088281798, "125000-149999": 0.9749653018571891, "150000-199999": 0.8739879478710632, "200000-10000000": 0.878267226381838}