{"1000-9999": 0.6804758338246495, "10000-14999": 0.6344238435652442, "15000-19999": 0.6357020355298458, "20000-24999": 0.6357020355298458, "25000-29999": 0.5891363430941549, "30000-34999": 0.5915034707774621, "35000-39999": 0.5885375114192305, "40000-44999": 0.5880244814254281, "45000-49999": 0.5505546797789524, "50000-59999": 0.5519408216239525, "60000-74999": 0.5126081519507987, "75000-99999": 0.5142680368140503, "100000-124999": 0.45618962681020675, "125000-149999": 0.4553461978354818, "150000-199999": 0.3852546582247513, "200000-10000000": 0.38522752512751135}