{"1000-9999": 0.7729984763369911, "10000-14999": 0.7796878075440276, "15000-19999": 0.7667364187993402, "20000-24999": 0.7667364187993402, "25000-29999": 0.6450064770317077, "30000-34999": 0.6425286785923249, "35000-39999": 0.6439499879268631, "40000-44999": 0.6464325365719027, "45000-49999": 0.5967319038162782, "50000-59999": 0.5991785432774863, "60000-74999": 0.5429566440585355, "75000-99999": 0.5437379624037094, "100000-124999": 0.5012607584427018, "125000-149999": 0.50436700194867, "150000-199999": 0.45163991077980414, "200000-10000000": 0.44966986289203237}