{"1000-9999": 0.7198236493864845, "10000-14999": 0.6704031358715491, "15000-19999": 0.6727782213542293, "20000-24999": 0.6727782213542293, "25000-29999": 0.6280114461201642, "30000-34999": 0.62512110849468, "35000-39999": 0.6232079047140228, "40000-44999": 0.6245111131386294, "45000-49999": 0.5839641250259395, "50000-59999": 0.5886081114036704, "60000-74999": 0.5464479549790325, "75000-99999": 0.5446066987019657, "100000-124999": 0.4834847647964781, "125000-149999": 0.4852274061237918, "150000-199999": 0.4081519380549606, "200000-10000000": 0.40812972543448667}