{"1000-9999": 0.36222525625594065, "10000-14999": 0.10681376255880842, "15000-19999": 0.07683952706753687, "20000-24999": 0.07683952706753687, "25000-29999": 0.06520183669652674, "30000-34999": 0.05322321438976139, "35000-39999": 0.045168395058357604, "40000-44999": 0.038974066387527, "45000-49999": 0.03723386840152037, "50000-59999": 0.028777423087011325, "60000-74999": 0.027290351499466896, "75000-99999": 0.021133225976485166, "100000-124999": 0.01800162703687477, "125000-149999": 0.014844001436546456, "150000-199999": 0.01356885424395798, "200000-10000000": 0.0007694539956295238}