{"1000-9999": 0.35215293789827135, "10000-14999": 0.12127378071160685, "15000-19999": 0.08594365707593653, "20000-24999": 0.08594365707593653, "25000-29999": 0.0722324378835078, "30000-34999": 0.059239498050810475, "35000-39999": 0.050122355912648436, "40000-44999": 0.043185514078749765, "45000-49999": 0.04124762012310818, "50000-59999": 0.03178872466422696, "60000-74999": 0.028242318832431966, "75000-99999": 0.021806114406885204, "100000-124999": 0.01860903589469204, "125000-149999": 0.015511451293530685, "150000-199999": 0.014450326078872415, "200000-10000000": 0.0013631881992551779}