{"1000-9999": 0.6241965696941413, "10000-14999": 0.586969526702722, "15000-19999": 0.5879742437222898, "20000-24999": 0.5879742437222898, "25000-29999": 0.5470544353158597, "30000-34999": 0.5445969225679812, "35000-39999": 0.5443713680926713, "40000-44999": 0.5471309069776961, "45000-49999": 0.5100742792609766, "50000-59999": 0.5103527999843076, "60000-74999": 0.47417771949078064, "75000-99999": 0.4750266889477114, "100000-124999": 0.421603763384586, "125000-149999": 0.4228565931149032, "150000-199999": 0.3547013451740379, "200000-10000000": 0.3545960350368598}