{"1000-9999": 0.27932302885229526, "10000-14999": 0.11871037708555006, "15000-19999": 0.08697758447368215, "20000-24999": 0.08697758447368215, "25000-29999": 0.07300657889718426, "30000-34999": 0.05897752132786149, "35000-39999": 0.05091715910177662, "40000-44999": 0.04379488379893948, "45000-49999": 0.041308219018169196, "50000-59999": 0.031736595346243644, "60000-74999": 0.02788809941114428, "75000-99999": 0.021339519550801732, "100000-124999": 0.018693785972452477, "125000-149999": 0.01539288853985486, "150000-199999": 0.014483519718404884, "200000-10000000": 0.0009353775044253198}