{"1000-9999": 0.7708073340755267, "10000-14999": 0.7734942486103176, "15000-19999": 0.7705612001435436, "20000-24999": 0.7705612001435436, "25000-29999": 0.6523271103583933, "30000-34999": 0.6482840349647596, "35000-39999": 0.6488146349438859, "40000-44999": 0.647571752605529, "45000-49999": 0.5928047191879332, "50000-59999": 0.5941857661934257, "60000-74999": 0.5445271003663996, "75000-99999": 0.5441801685937068, "100000-124999": 0.502904357025673, "125000-149999": 0.4996770500230216, "150000-199999": 0.45386799769398667, "200000-10000000": 0.4503883262165078}