{"1000-9999": 0.414662644287933, "10000-14999": 0.12108823160169206, "15000-19999": 0.08302381849224202, "20000-24999": 0.08302381849224202, "25000-29999": 0.07817925045647905, "30000-34999": 0.0635192861288904, "35000-39999": 0.05366533474219426, "40000-44999": 0.046332194701860535, "45000-49999": 0.0449583489140504, "50000-59999": 0.03455636122582448, "60000-74999": 0.030370048105170657, "75000-99999": 0.02380341604657033, "100000-124999": 0.02000516623728367, "125000-149999": 0.01652461345965429, "150000-199999": 0.014271445242852789, "200000-10000000": 0.0010281132346837108}