{"1000-9999": 0.2589777641620145, "10000-14999": 0.069754463318496, "15000-19999": 0.050511414493912714, "20000-24999": 0.050511414493912714, "25000-29999": 0.04514597907193982, "30000-34999": 0.03608230617988409, "35000-39999": 0.031045591087887514, "40000-44999": 0.026574790503702362, "45000-49999": 0.024169046978420476, "50000-59999": 0.018614158456519113, "60000-74999": 0.017690416850578965, "75000-99999": 0.013528062937951604, "100000-124999": 0.011932659652347619, "125000-149999": 0.00980725499650718, "150000-199999": 0.009202944426053204, "200000-10000000": 0.00064666776106987}