zip,avg_payback_period,avg_needed_incentives,prop_adopt_1_years_-5500_incentive,prop_adopt_2_years_-5500_incentive,prop_adopt_3_years_-5500_incentive,prop_adopt_4_years_-5500_incentive,prop_adopt_5_years_-5500_incentive
99501,14.582073288906315,13244.19601035055,0.0,0.0,0.0,0.0,0.0
99502,14.5758336519526,13281.637971741951,0.0,0.0,0.0,0.0,0.0
99503,14.569955540878231,13344.812072175491,0.0,0.0,0.0,0.0,0.0
99504,14.570316793222656,13387.149629454805,0.0,0.0,0.0,0.0,0.0
99506,14.569865086169942,13442.872600284441,0.0,0.0,0.0,0.0,0.0
99507,14.5643317372322,13282.872150485464,0.0,0.0,0.0,0.0,0.0
99508,14.564097477009316,13294.487366853278,0.0,0.0,0.0,0.0,0.0
99515,14.568189498378423,13280.546799076139,0.0,0.0,0.0,0.0,0.0
99516,14.562356063835063,13192.785375565678,0.0,0.0,0.0,0.0,0.0
99517,14.561616445256483,13304.064373892048,0.0,0.0,0.0,0.0,0.0
99518,14.56772407065382,13392.73135633104,0.0,0.0,0.0,0.0,0.0
99701,15.739619770466724,13612.671754411338,0.0,0.0,0.0,0.0,0.0
99703,15.7373272004851,13742.630493247816,0.0,0.0,0.0,0.0,0.0
99709,15.762036777671725,13594.703064373693,0.0,0.0,0.0,0.0,0.0
99712,15.715393684169937,13590.463802857437,0.0,0.0,0.0,0.0,0.0
35004,14.998991853672083,10976.180999959995,0.0,0.0,0.0,0.0,0.0
35005,15.11705622717131,11005.484791106053,0.0,0.0,0.0,0.0,0.0
35007,14.97195288123427,10836.338431215116,0.0,0.0,0.0,0.0,0.0
35014,15.02797215976135,11034.904589279526,0.0,0.0,0.0,0.0,0.0
35020,14.881557667332071,10620.769476320836,0.0,0.0,0.0,0.0,0.0
35022,15.092651772300261,10894.310366745072,0.0,0.0,0.0,0.0,0.0
35023,15.142635559902969,11058.956321872047,0.0,0.0,0.0,0.0,0.0
35040,14.959633836571752,10869.106866262782,0.0,0.0,0.0,0.0,0.0
35043,15.04801712679056,10896.61803693996,0.0,0.0,0.0,0.0,0.0
35044,14.876186230181816,10704.847327973255,0.0,0.0,0.0,0.0,0.0
35051,14.891695680239792,10627.81082517304,0.0,0.0,0.0,0.0,0.0
35055,15.162752536056388,10948.992968110302,0.0,0.0,0.0,0.0,0.0
35057,16.545921924443316,11600.196131893306,0.0,0.0,0.0,0.0,0.0
35058,15.215838870855375,11105.609790010278,0.0,0.0,0.0,0.0,0.0
35061,15.114326982650098,11079.217143051206,0.0,0.0,0.0,0.0,0.0
35064,15.112297402912166,10945.218230145269,0.0,0.0,0.0,0.0,0.0
35068,15.142792936656376,11075.836025597513,0.0,0.0,0.0,0.0,0.0
35071,15.035525394673872,10790.01135522478,0.0,0.0,0.0,0.0,0.0
35072,14.965414693802119,10939.905352306381,0.0,0.0,0.0,0.0,0.0
35073,15.078391905454469,10981.422691951308,0.0,0.0,0.0,0.0,0.0
35077,15.179785300360361,10974.621151615356,0.0,0.0,0.0,0.0,0.0
35080,15.024565032727457,10899.484144238855,0.0,0.0,0.0,0.0,0.0
35094,15.083407435781151,11032.478316488523,0.0,0.0,0.0,0.0,0.0
35096,14.96832080834602,10912.754708556131,0.0,0.0,0.0,0.0,0.0
35111,15.054977575052803,10867.073418165488,0.001,0.001,0.001,0.001,0.001
35114,15.015218581384326,10881.775324407072,0.0,0.0,0.0,0.0,0.0
35115,14.988882313168524,10939.640672949401,0.0,0.0,0.0,0.0,0.0
35116,15.10393165906528,10949.508197128158,0.0,0.0,0.0,0.0,0.0
35117,15.06720719526576,10840.139266976466,0.0,0.0,0.0,0.0,0.0
35118,15.030883525683453,10891.043898880973,0.001,0.001,0.001,0.001,0.001
35124,14.988561693719427,10858.203840902936,0.0,0.0,0.0,0.0,0.0
35126,15.141631427641112,11051.123957339141,0.0,0.0,0.0,0.0,0.0
35127,15.112468038334562,11034.465940329286,0.0,0.0,0.0,0.0,0.0
35147,14.991256309920484,10786.818406490114,0.0,0.0,0.0,0.0,0.0
35150,14.907473612860656,10798.143385219959,0.0,0.0,0.0,0.0,0.0
35151,15.025890623325042,10964.547508713133,0.0,0.0,0.0,0.0,0.0
35160,14.91414245575405,10807.615933310102,0.0,0.0,0.0,0.0,0.0
35173,15.103266504431522,10796.126983255253,0.0,0.0,0.0,0.0,0.0
35176,14.915438140551796,10569.511440994422,0.0,0.0,0.0,0.0,0.0
35179,16.54930048317575,11605.638329634845,0.0,0.0,0.0,0.0,0.0
35184,14.998592350389282,10913.028758634915,0.0,0.0,0.0,0.0,0.0
35188,14.945397729894106,11003.621554685107,0.0,0.0,0.0,0.0,0.0
35203,15.115210374237217,10924.680477506148,0.0,0.0,0.0,0.0,0.0
35204,14.928487893590532,10634.056565381914,0.0,0.0,0.0,0.0,0.0
35205,14.956566276241984,10643.45937169803,0.0,0.0,0.0,0.0,0.0
35206,15.069132630670795,10823.90725096377,0.0,0.0,0.0,0.0,0.0
35207,14.9657490674256,10570.326879718852,0.0,0.0,0.0,0.0,0.0
35208,15.04003300521896,10861.450745258639,0.0,0.0,0.0,0.0,0.0
35209,15.062786595304521,10776.362929466832,0.0,0.0,0.0,0.0,0.0
35210,15.145364260512114,11034.422416274692,0.0,0.0,0.0,0.0,0.0
35211,15.053189046251864,10798.795016451932,0.0,0.0,0.0,0.0,0.0
35212,15.016513383138788,10630.109011712995,0.0,0.0,0.0,0.0,0.0
35213,15.11235746745957,10604.723689592263,0.0,0.0,0.0,0.0,0.0
35214,14.95978172852949,10746.868184341338,0.0,0.0,0.0,0.0,0.0
35215,15.062910215975425,10901.306743237768,0.0,0.0,0.0,0.0,0.0
35216,15.062405198741192,10830.030509663755,0.0,0.0,0.0,0.0,0.0
35217,15.02661528780063,10784.997657410102,0.0,0.0,0.0,0.0,0.0
35218,14.905439184530527,10603.292387643796,0.0,0.0,0.0,0.0,0.0
35221,14.964252551428318,10710.716575266719,0.0,0.0,0.0,0.0,0.0
35222,15.1001199932284,10832.373214354473,0.0,0.0,0.0,0.0,0.0
35223,15.087279096496873,10519.490557520634,0.0,0.0,0.0,0.0,0.0
35224,14.995254599522324,10903.703022431315,0.0,0.0,0.0,0.0,0.0
35226,15.14445541233341,10829.74729381301,0.0,0.0,0.0,0.0,0.0
35228,15.015563441186643,10789.069495575479,0.0,0.0,0.0,0.0,0.0
35233,14.86210517594998,10380.826819099359,0.0,0.0,0.0,0.0,0.0
35234,14.938796677479042,10573.481898976697,0.0,0.0,0.0,0.0,0.0
35235,15.092008863775096,10942.387778319206,0.0,0.0,0.0,0.0,0.0
35242,15.02902207825789,10696.364542481933,0.0,0.0,0.0,0.0,0.0
35243,15.039191949294795,10640.380109353908,0.0,0.0,0.0,0.0,0.0
35244,15.104890971682199,10871.768779847995,0.0,0.0,0.0,0.0,0.0
35401,14.764245068240902,10557.486717273643,0.0,0.0,0.0,0.0,0.0
35404,14.731022805212072,10502.287337994409,0.0,0.0,0.0,0.0,0.0
35405,14.879587868221172,10840.606689865235,0.0,0.0,0.0,0.0,0.0
35406,14.906351611814525,10701.203608722299,0.0,0.0,0.0,0.0,0.0
35444,14.851904031412179,10812.414897800858,0.0,0.0,0.0,0.0,0.0
35452,14.869912775108817,10882.74767752648,0.0,0.0,0.0,0.0,0.0
35453,14.904716099901234,10882.070677840667,0.0,0.0,0.0,0.0,0.0
35456,14.817784862387136,10744.243456962828,0.0,0.0,0.0,0.0,0.0
35463,14.849930874024867,10852.850679835312,0.0,0.0,0.0,0.0,0.0
35473,14.845856716192442,10732.920731747607,0.0,0.0,0.0,0.0,0.0
35474,14.899396220705544,10927.718840225287,0.0,0.0,0.0,0.0,0.0
35475,14.949500823129933,10915.31073084321,0.0,0.0,0.0,0.0,0.0
35476,14.748613109645431,10555.922343379896,0.0,0.0,0.0,0.0,0.0
35490,14.953813413182269,10993.697965653215,0.0,0.0,0.0,0.0,0.0
35601,16.474897761617424,11534.318335863638,0.0,0.0,0.0,0.0,0.0
35603,16.44438788514896,11424.705895553858,0.0,0.0,0.0,0.0,0.0
35611,16.53323938376722,11478.883876488579,0.0,0.0,0.0,0.0,0.0
35613,16.53232096310063,11446.320493630044,0.0,0.0,0.0,0.0,0.0
35614,16.561149465180858,11513.610319554287,0.0,0.0,0.0,0.0,0.0
35616,16.589382239019876,11492.790817434241,0.0,0.0,0.0,0.0,0.0
35630,16.45355077491878,11332.275764835278,0.0,0.0,0.0,0.0,0.0
35633,16.55339071906912,11532.262026970018,0.0,0.0,0.0,0.0,0.0
35634,16.64150888556486,11659.01894057046,0.0,0.0,0.0,0.0,0.0
35645,16.597718976221522,11569.151992900095,0.0,0.0,0.0,0.0,0.0
35660,16.53284110363334,11390.658061377497,0.0,0.0,0.0,0.0,0.0
35661,16.553170833477164,11491.792072822955,0.0,0.0,0.0,0.0,0.0
35671,16.600868517725022,11651.064804607824,0.0,0.0,0.0,0.0,0.0
35673,16.456532916514558,11486.353818223979,0.0,0.0,0.0,0.0,0.0
35674,16.54201755291085,11442.04993944879,0.0,0.0,0.0,0.0,0.0
35741,16.72772611272817,11440.423045893354,0.0,0.0,0.0,0.0,0.0
35748,16.69728869013862,11470.9344597376,0.0,0.0,0.0,0.0,0.0
35749,16.703817688589975,11522.49327276511,0.0,0.0,0.0,0.0,0.0
35750,16.735585922431508,11631.345421318309,0.0,0.0,0.0,0.0,0.0
35754,16.644658940796667,11474.04156973487,0.0,0.0,0.0,0.0,0.0
35756,16.625967652206466,11499.627944400612,0.0,0.0,0.0,0.0,0.0
35757,16.733658349173826,11593.60275764699,0.0,0.0,0.0,0.0,0.0
35758,16.661481701816538,11451.515608636784,0.0,0.0,0.0,0.0,0.0
35759,16.701147465647136,11470.937760287932,0.0,0.0,0.0,0.0,0.0
35761,16.736067643453,11562.455372047496,0.0,0.0,0.0,0.0,0.0
35763,16.734829184250938,11495.644328905097,0.0,0.0,0.0,0.0,0.0
35773,16.6775473431393,11631.967267802944,0.0,0.0,0.0,0.0,0.0
35775,16.69312622635655,11689.091136059335,0.0,0.0,0.0,0.0,0.0
35801,16.695965564969917,11466.67977271284,0.0,0.0,0.0,0.0,0.0
35802,16.734671639163235,11590.759908599495,0.0,0.0,0.0,0.0,0.0
35803,16.664942474133504,11494.23024996744,0.0,0.0,0.0,0.0,0.0
35805,16.701259991639557,11480.396882695168,0.0,0.0,0.0,0.0,0.0
35806,16.62724357924475,11423.632412385054,0.0,0.0,0.0,0.0,0.0
35808,16.648504240700788,11282.754427715392,0.0,0.0,0.0,0.0,0.0
35810,16.630410925140755,11539.774904164067,0.0,0.0,0.0,0.0,0.0
35811,16.628910797187924,11469.502227931447,0.0,0.0,0.0,0.0,0.0
35816,16.561979930400767,11352.084484270312,0.0,0.0,0.0,0.0,0.0
35824,16.697987885086654,11378.48749113288,0.0,0.0,0.0,0.0,0.0
35901,15.074104708812394,10840.259401506339,0.0,0.0,0.0,0.0,0.0
35903,15.192893147964348,11077.99233490914,0.0,0.0,0.0,0.0,0.0
35904,15.154905871051707,10998.667525169147,0.0,0.0,0.0,0.0,0.0
35905,15.191612764787584,11062.64974952053,0.0,0.0,0.0,0.0,0.0
35906,15.16211483158239,11041.443900910068,0.0,0.0,0.0,0.0,0.0
35950,16.371126400718268,11477.839125523848,0.0,0.0,0.0,0.0,0.0
35951,16.28263636065383,11350.885739882291,0.0,0.0,0.0,0.0,0.0
35954,15.118858022959097,10932.799199233436,0.0,0.0,0.0,0.0,0.0
35956,15.19431694896782,11089.121810842864,0.0,0.0,0.0,0.0,0.0
35957,15.023297206746742,10875.45117572492,0.0,0.0,0.0,0.0,0.0
35976,15.007179018403972,10863.25684345041,0.0,0.0,0.0,0.0,0.0
35980,15.000591645275833,10852.522541190894,0.0,0.0,0.0,0.0,0.0
36020,14.55482183171234,10551.32744093456,0.0,0.0,0.0,0.0,0.0
36022,14.687628125371825,10836.163314726999,0.0,0.0,0.0,0.0,0.0
36025,14.711862157827499,10869.932772859174,0.0,0.0,0.0,0.0,0.0
36043,14.53589139745874,10537.812084687504,0.0,0.0,0.0,0.0,0.0
36054,14.653770857012567,10779.614955361767,0.0,0.0,0.0,0.0,0.0
36064,14.621126280308482,10631.674666397355,0.0,0.0,0.0,0.0,0.0
36066,14.697303051800857,10803.760506376657,0.0,0.0,0.0,0.0,0.0
36067,14.641292137254634,10678.297856701782,0.0,0.0,0.0,0.0,0.0
36079,14.607955199880331,10773.386365393028,0.0,0.0,0.0,0.0,0.0
36081,15.887656705015411,11162.785425828059,0.0,0.0,0.0,0.0,0.0
36092,14.632270783104376,10757.740790584154,0.0,0.0,0.0,0.0,0.0
36093,14.70853362723217,10769.709931114632,0.0,0.0,0.0,0.0,0.0
36104,14.539461080734164,10523.279167512486,0.0,0.0,0.0,0.0,0.0
36105,14.52057197282047,10577.692553534574,0.0,0.0,0.0,0.0,0.0
36106,14.58025348375977,10668.101447027271,0.0,0.0,0.0,0.0,0.0
36107,14.532093553917985,10574.470292549875,0.0,0.0,0.0,0.0,0.0
36108,14.468238010435485,10375.740673556476,0.0,0.0,0.0,0.0,0.0
36109,14.605928862138153,10700.219073089052,0.0,0.0,0.0,0.0,0.0
36110,14.568806255269712,10637.115944110528,0.0,0.0,0.0,0.0,0.0
36111,14.599844779857543,10670.43337380312,0.0,0.0,0.0,0.0,0.0
36112,14.653174938531768,10959.619705830657,0.0,0.0,0.0,0.0,0.0
36113,14.65431227339305,10877.265427742623,0.0,0.0,0.0,0.0,0.0
36115,14.652709237951251,10924.65691191611,0.0,0.0,0.0,0.0,0.0
36116,14.620206341741289,10718.626842193991,0.0,0.0,0.0,0.0,0.0
36117,14.635793076492071,10757.299766636508,0.0,0.0,0.0,0.0,0.0
36201,14.87913023341629,10640.156565187179,0.0,0.0,0.0,0.0,0.0
36203,14.902387107838685,10762.818290167315,0.0,0.0,0.0,0.0,0.0
36205,14.852608594850535,10478.111890977967,0.0,0.0,0.0,0.0,0.0
36206,14.926513889463768,10785.981254691455,0.0,0.0,0.0,0.0,0.0
36207,14.985657759657295,10881.395931039102,0.0,0.0,0.0,0.0,0.0
36250,15.046419756332952,11112.015607083891,0.0,0.0,0.0,0.0,0.0
36260,14.966922898147757,10836.806030940894,0.0,0.0,0.0,0.0,0.0
36265,14.927409179820703,10710.395350841294,0.0,0.0,0.0,0.0,0.0
36268,15.001266014305763,10957.616958636678,0.0,0.0,0.0,0.0,0.0
36277,15.012397477883601,11002.823705426608,0.0,0.0,0.0,0.0,0.0
36301,14.40519356725486,10631.877134882698,0.0,0.0,0.0,0.0,0.0
36303,14.386652997160311,10531.761131284116,0.0,0.0,0.0,0.0,0.0
36305,14.431084022800762,10606.330082962602,0.0,0.0,0.0,0.0,0.0
36312,14.485298165513683,10695.217346561289,0.0,0.0,0.0,0.0,0.0
36321,14.432839947027087,10674.103619250824,0.0,0.0,0.0,0.0,0.0
36322,14.529636768516438,10731.955539100987,0.0,0.0,0.0,0.0,0.0
36330,14.5342025177355,10750.021149820199,0.0,0.0,0.0,0.0,0.0
36345,14.506600091378656,10688.622691452027,0.0,0.0,0.0,0.0,0.0
36350,14.531037186695583,10753.737826653549,0.0,0.0,0.0,0.0,0.0
36351,14.44711916325913,10645.078463316127,0.0,0.0,0.0,0.0,0.0
36360,14.41759618338267,10488.362267394561,0.0,0.0,0.0,0.0,0.0
36362,14.512181499066344,10627.428089918438,0.0,0.0,0.0,0.0,0.0
36376,14.348092270173824,10423.379487168553,0.0,0.0,0.0,0.0,0.0
36509,14.380580110111579,10387.555735513226,0.0,0.0,0.0,0.0,0.0
36511,15.359673256033796,10897.838597172376,0.0,0.0,0.0,0.0,0.0
36523,14.472518684993338,10625.217089700927,0.0,0.0,0.0,0.0,0.0
36526,15.362210677101743,11078.790104923923,0.0,0.0,0.0,0.0,0.0
36527,14.132474226666357,10446.209870480201,0.0,0.0,0.0,0.0,0.0
36530,15.342292504694528,11067.664944555243,0.0,0.0,0.0,0.0,0.0
36532,14.10408060200154,10334.656561639806,0.0,0.0,0.0,0.0,0.0
36535,13.995297288276003,10339.123130426695,0.0,0.0,0.0,0.0,0.0
36541,14.54630461757092,10817.42684266318,0.0,0.0,0.0,0.0,0.0
36542,15.317057489832358,11067.46979326436,0.0,0.0,0.0,0.0,0.0
36544,14.441986067910392,10509.76115450629,0.0,0.0,0.0,0.0,0.0
36551,14.131646478818428,10608.78734537763,0.0,0.0,0.0,0.0,0.0
36555,15.2976369521498,10870.226792270487,0.0,0.0,0.0,0.0,0.0
36561,15.32308403581884,10962.488733006916,0.0,0.0,0.0,0.0,0.0
36567,15.336058463824363,11092.230768062353,0.0,0.0,0.0,0.0,0.0
36571,14.487053945022254,10616.507852458035,0.0,0.0,0.0,0.0,0.0
36572,14.57348126257312,10741.584774175792,0.0,0.0,0.0,0.0,0.0
36575,14.551566231178086,10784.085036075781,0.0,0.0,0.0,0.0,0.0
36576,15.271162683435406,11015.972690081202,0.002,0.002,0.002,0.002,0.002
36580,15.282453188576984,10978.756340554795,0.0,0.0,0.0,0.0,0.0
36582,14.478774886918846,10646.45953532644,0.0,0.0,0.0,0.0,0.0
36587,14.525261520289419,10737.800154430419,0.0,0.0,0.0,0.0,0.0
36602,14.471595607444172,10540.595297490103,0.0,0.0,0.0,0.0,0.0
36603,14.355041506276208,10264.126368148161,0.0,0.0,0.0,0.0,0.0
36604,14.548616396416204,10720.993854366321,0.0,0.0,0.0,0.0,0.0
36605,14.507768803302,10604.40981604742,0.0,0.0,0.0,0.0,0.0
36606,14.48909322285593,10629.947322055987,0.0,0.0,0.0,0.0,0.0
36607,14.540120483909982,10631.466762027974,0.0,0.0,0.0,0.0,0.0
36608,14.421405227356248,10435.456361387927,0.0,0.0,0.0,0.0,0.0
36609,14.495565028936346,10562.01004605877,0.0,0.0,0.0,0.0,0.0
36610,14.487143061340799,10569.319731051559,0.0,0.0,0.0,0.0,0.0
36611,14.452605619533696,10544.806386307848,0.0,0.0,0.0,0.0,0.0
36612,14.386161004361442,10457.197447445335,0.0,0.0,0.0,0.0,0.0
36613,14.575870867105419,10830.985412161805,0.0,0.0,0.0,0.0,0.0
36617,14.46968651580235,10630.939480171684,0.0,0.0,0.0,0.0,0.0
36618,14.52055475591344,10728.621306451729,0.0,0.0,0.0,0.0,0.0
36619,14.512863148797644,10667.738389676524,0.0,0.0,0.0,0.0,0.0
36693,14.57446479884865,10761.509519845229,0.0,0.0,0.0,0.0,0.0
36695,14.573879202725307,10730.111452883986,0.0,0.0,0.0,0.0,0.0
36752,14.6737241540253,10627.968127937509,0.0,0.0,0.0,0.0,0.0
36801,14.727679744840028,10767.607172629585,0.0,0.0,0.0,0.0,0.0
36804,14.681426907083237,10659.2245215673,0.0,0.0,0.0,0.0,0.0
36830,14.540156773278866,10312.94666532188,0.0,0.0,0.0,0.0,0.0
36832,14.570244515757262,10251.592719135318,0.0,0.0,0.0,0.0,0.0
36856,16.104164071514788,11382.38869378392,0.003,0.003,0.003,0.003,0.003
36867,14.649817318513831,10524.785577093113,0.0,0.0,0.0,0.0,0.0
36869,14.74642599839103,10699.95087429275,0.0,0.0,0.0,0.0,0.0
36870,14.60191941023483,10561.57442874478,0.0,0.0,0.0,0.0,0.0
36875,14.799716921362545,10922.956618265365,0.0,0.0,0.0,0.0,0.0
36877,14.763587296411888,10861.139394318994,0.0,0.0,0.0,0.0,0.0
36879,14.766135677966503,10858.886641121866,0.0,0.0,0.0,0.0,0.0
71601,18.566306531216455,11863.709873187978,0.0,0.0,0.013,0.044,0.12
71602,18.56521957718011,11927.999548925134,0.0,0.0,0.0,0.033,0.091
71603,18.428744713446008,11798.185984971165,0.0,0.0,0.018,0.051,0.113
71837,18.55225342983282,11847.097576426337,0.0,0.0,0.007,0.052,0.104
71854,18.545120978244636,11793.31979152639,0.0,0.0,0.023,0.053,0.112
71901,19.060280241834878,12021.340853202491,0.0,0.0,0.0,0.037,0.075
71913,19.060622547464398,12059.607126018325,0.0,0.0,0.0,0.026,0.064
71956,19.061718220849812,12092.209437131089,0.0,0.0,0.006,0.017,0.048
71964,18.997408733703057,12088.348688182085,0.0,0.0,0.007,0.015,0.019
71968,19.059243396878614,12136.191690515374,0.0,0.0,0.0,0.008,0.022
72002,18.815884514272582,11999.65546835205,0.0,0.0,0.001,0.019,0.09
72007,18.664850672317485,11975.467618375626,0.0,0.0,0.0,0.028,0.078
72011,18.814767140675773,12006.449157919336,0.0,0.0,0.003,0.024,0.076
72012,18.695344986540572,11974.780486736463,0.0,0.0,0.007,0.023,0.071
72015,18.81598659632936,12007.516309845354,0.0,0.0,0.0,0.031,0.061
72019,18.813895286400196,11984.413183225732,0.0,0.0,0.0,0.034,0.082
72022,18.816756412491063,12033.50064570412,0.0,0.0,0.004,0.021,0.058
72023,18.676740136820907,11990.15011204249,0.0,0.0,0.0,0.027,0.074
72065,18.81370880724353,11913.89065831827,0.0,0.0,0.013,0.04,0.101
72068,18.577795488782357,11954.187944562394,0.0,0.0,0.01,0.026,0.045
72076,18.84849309240914,12018.442966798182,0.0,0.0,0.0,0.024,0.073
72081,18.69434525723321,12019.99242373089,0.0,0.0,0.0,0.021,0.064
72082,18.696758932559433,12046.106728846462,0.0,0.0,0.0,0.01,0.067
72086,18.593399585051078,11899.75835741847,0.0,0.0,0.01,0.038,0.107
72103,18.833315829871683,12012.173184846177,0.0,0.0,0.004,0.028,0.058
72113,18.858079457362237,11994.436745302977,0.0,0.0,0.003,0.026,0.087
72114,18.862402052041425,11834.349016179865,0.0,0.0,0.001,0.069,0.147
72116,18.786539628912774,11955.168647784218,0.0,0.0,0.01,0.033,0.073
72117,18.725724700479113,11808.76671118984,0.0,0.0,0.024,0.063,0.11
72118,18.78782129292088,11950.901076589213,0.0,0.0,0.012,0.037,0.063
72120,18.858587585049108,12010.434305862675,0.0,0.0,0.001,0.024,0.067
72135,18.85743566049592,11993.699509735405,0.0,0.0,0.0,0.032,0.101
72142,18.785993514410546,11913.410899084118,0.0,0.0,0.012,0.045,0.071
72143,18.695619074192066,11952.498246343417,0.0,0.0,0.006,0.034,0.079
72167,18.819425702542762,11952.643091103806,0.0,0.0,0.0,0.041,0.135
72176,18.66569486391928,11968.683681007207,0.0,0.0,0.0,0.033,0.07
72201,18.712325611113762,11714.204002985976,0.0,0.0,0.033,0.072,0.133
72202,18.792073659523133,11876.698843380436,0.0,0.0,0.006,0.049,0.124
72204,18.796892190090198,11912.930754591565,0.0,0.0,0.005,0.048,0.089
72205,18.782229339284726,11892.72761810178,0.0,0.0,0.016,0.044,0.095
72206,18.859692583560832,11969.657576678286,0.0,0.0,0.0,0.037,0.1
72207,18.858255899870404,11868.010253063301,0.0,0.0,0.0,0.076,0.139
72209,18.859603179073552,11939.964290265261,0.0,0.0,0.002,0.045,0.085
72210,18.813297948957104,12009.925960863382,0.0,0.0,0.0,0.027,0.071
72211,18.86105380027898,11984.552668893024,0.0,0.0,0.0,0.031,0.101
72212,18.855311102952417,11884.374193744408,0.0,0.0,0.0,0.068,0.147
72223,18.86396238754834,11906.638079773329,0.0,0.0,0.0,0.056,0.145
72227,18.794275796349485,11837.166368775126,0.0,0.0,0.003,0.074,0.147
72364,18.816659654694153,11973.77846638303,0.0,0.0,0.01,0.033,0.08
72376,18.87783475786173,11997.55225234174,0.0,0.0,0.0,0.026,0.107
72401,18.640115308502022,11880.029916276282,0.0,0.0,0.011,0.049,0.095
72404,18.710812310063655,11940.607784043734,0.0,0.0,0.005,0.037,0.086
72411,18.647216847954,11996.106801316198,0.0,0.002,0.011,0.014,0.039
72416,18.71245955311387,11975.83357354778,0.0,0.0,0.0,0.031,0.078
72417,18.710426482725694,12089.830340212444,0.0,0.0,0.0,0.0,0.027
72701,16.80699553278414,11239.410338855143,0.0,0.0,0.028,0.093,0.426
72703,16.916157901295744,11438.427864109815,0.0,0.0,0.005,0.06,0.428
72704,16.91122332769596,11451.538365758066,0.0,0.0,0.006,0.047,0.435
72712,16.454180538914102,11172.32588258846,0.0,0.001,0.013,0.093,0.535
72718,16.871406049275667,11366.697479210205,0.0,0.0,0.0,0.085,0.456
72719,16.874240368084394,11425.261898092243,0.0,0.0,0.006,0.054,0.437
72730,16.880921499642017,11516.183976203765,0.0,0.0,0.006,0.026,0.413
72745,16.87629321107769,11558.542879472232,0.0,0.0,0.0,0.022,0.411
72753,16.863165736318642,11433.299918356863,0.0,0.0,0.013,0.044,0.425
72756,18.370149762831122,11901.49548417862,0.0,0.0,0.0,0.034,0.09
72758,16.87067923143733,11411.56258242716,0.0,0.0,0.0,0.068,0.443
72762,16.561014739559223,11344.513435431942,0.0,0.0,0.008,0.055,0.526
72764,16.909080028604066,11487.994192332018,0.0,0.0,0.009,0.034,0.409
72774,17.704793833205674,11700.713201661378,0.0,0.0,0.011,0.032,0.188
72801,18.503512143238495,11819.23276469311,0.0,0.0,0.018,0.051,0.101
72802,18.486071837903086,11908.351379284675,0.0,0.0,0.006,0.035,0.076
72834,18.506231868433833,11939.668732546725,0.0,0.0,0.0,0.026,0.067
72837,18.57697216770284,11966.462142071825,0.0,0.0,0.006,0.016,0.076
72847,18.511594198804065,11898.149426301297,0.0,0.0,0.008,0.04,0.082
72858,18.58025350121661,11949.31560184744,0.0,0.0,0.0,0.028,0.083
72901,17.81321384571351,11791.526713844078,0.0,0.0,0.002,0.023,0.16
72903,17.81214842398333,11735.407342943974,0.0,0.0,0.004,0.045,0.18
72904,17.697736970688087,11611.151658179979,0.0,0.0,0.022,0.05,0.189
72908,17.813074324464623,11770.433892776311,0.0,0.0,0.005,0.026,0.173
72916,17.811822295464815,11655.008277955278,0.0,0.0,0.0,0.062,0.235
72921,17.81325899382369,11704.467692570668,0.0,0.0,0.012,0.04,0.168
72923,17.81236745671313,11764.582979477243,0.0,0.0,0.008,0.024,0.155
72941,17.81179251817211,11750.59638415448,0.0,0.0,0.006,0.035,0.185
72956,17.762793135147152,11716.353722111162,0.0,0.0,0.01,0.031,0.175
85003,13.251456484474307,11331.524159557219,0.0,0.039,0.914,0.993,1.0
85004,13.256542246214577,11304.33203005844,0.0,0.035,0.9,0.992,1.0
85006,13.241151053352791,11406.828953594839,0.0,0.033,0.939,0.993,1.0
85007,13.238590576797817,11425.851200449908,0.0,0.024,0.94,0.99,0.998
85008,13.21473817116157,11569.744834306386,0.0,0.008,0.956,0.997,0.999
85009,13.240689148197692,11486.731110050965,0.0,0.021,0.951,0.994,1.0
85012,13.219135749598339,11299.176192590845,0.0,0.037,0.896,0.997,1.0
85013,13.22363865462635,11504.777766383533,0.0,0.009,0.946,0.997,0.999
85014,13.220653012660861,11520.636956235476,0.0,0.015,0.947,0.992,0.998
85015,13.2251980603405,11506.80129896998,0.0,0.02,0.936,0.995,0.998
85016,13.224929094637224,11368.642097692453,0.0,0.036,0.919,0.997,1.001
85017,13.243260190596041,11469.246881633193,0.0,0.025,0.948,0.995,1.0
85018,13.238123371727246,11216.501184247163,0.0,0.043,0.905,0.988,1.001
85019,14.093730644054588,11874.059098766564,0.0,0.015,0.834,0.993,0.999
85020,13.212490578438985,11478.084030303393,0.0,0.018,0.939,0.997,1.0
85021,13.223241604521686,11492.378663658306,0.0,0.019,0.944,0.995,0.999
85022,13.215614139730272,11468.614984415206,0.0,0.021,0.939,0.995,1.001
85023,13.208788606160955,11562.98448280397,0.0,0.004,0.956,0.998,0.999
85024,13.21393286173917,11505.014636736843,0.0,0.01,0.936,0.996,0.999
85027,13.225631933720582,11493.904330859556,0.0,0.021,0.938,0.996,0.999
85028,13.213965690412671,11348.593173169613,0.0,0.035,0.915,0.999,1.0
85029,13.237722314603783,11507.015043261945,0.0,0.021,0.955,0.994,1.0
85031,14.082260830410702,11935.049652615584,0.0,0.008,0.817,0.996,1.0
85032,13.22218618597511,11482.741862326686,0.0,0.016,0.948,0.995,1.0
85033,14.089282607679362,11903.471874373901,0.0,0.01,0.835,0.994,1.0
85034,13.285317648798646,11268.978970981836,0.0,0.048,0.914,0.985,0.997
85035,14.075668315079255,11944.404708268226,0.0,0.006,0.828,0.997,1.0
85037,13.224124178445866,11515.158938376555,0.0,0.022,0.958,0.998,1.001
85040,14.103693053118349,11842.049834749978,0.0,0.016,0.805,0.994,0.999
85041,14.086357029741276,11842.377615639569,0.0,0.014,0.805,0.994,1.001
85042,14.07011642666022,11858.949194148276,0.0,0.004,0.787,0.995,0.999
85043,14.080319736347256,11889.69645549047,0.0,0.009,0.813,0.992,0.998
85044,14.075205424117955,11873.82195967906,0.0,0.001,0.782,0.995,0.999
85045,14.073634060139822,11606.762230054586,0.0,0.018,0.75,0.991,1.0
85048,14.079736852147185,11720.68368076521,0.0,0.011,0.78,0.994,1.003
85050,13.200208207605739,11347.185636592223,0.0,0.021,0.908,1.001,1.001
85051,14.088772819444587,11888.004181789462,0.0,0.016,0.816,0.998,1.0
85053,13.233908123540738,11492.674973037927,0.0,0.023,0.955,0.998,1.002
85054,13.235861179994727,11406.583934585395,0.0,0.03,0.916,0.996,1.002
85083,13.206989130895344,11298.344439455523,0.0,0.036,0.884,0.997,1.001
85085,13.20714314551583,11376.694746933716,0.0,0.025,0.923,0.998,1.0
85118,13.18088504135227,11527.244095160708,0.0,0.013,0.953,0.997,0.999
85119,14.046890398726298,11890.946636494175,0.0,0.007,0.816,0.997,1.0
85120,14.064735572984853,11859.251659763131,0.0,0.016,0.825,0.994,1.0
85132,13.203965610644483,11467.442717041758,0.0,0.016,0.954,0.997,1.001
85140,14.034990529644912,11841.230878433036,0.0,0.005,0.789,0.997,1.0
85142,14.068207698592685,11757.846360585625,0.0,0.022,0.771,0.995,0.999
85143,14.03740499575231,11919.840480560977,0.0,0.006,0.8,1.0,1.0
85201,14.079107200178848,11898.616738110015,0.0,0.015,0.815,0.994,0.998
85202,14.085868698993513,11882.894263575778,0.0,0.011,0.81,0.999,1.002
85203,14.081172767656069,11882.895578698099,0.0,0.007,0.806,0.995,1.0
85204,14.087206572563794,11871.235673653391,0.0,0.017,0.815,0.994,1.001
85205,14.081165908906685,11862.579144642119,0.0,0.014,0.813,0.993,1.0
85206,14.078609319164453,11911.860197816568,0.0,0.012,0.806,0.996,1.0
85207,14.084909940604184,11746.02837746544,0.0,0.01,0.775,0.993,1.001
85208,14.073519982652451,11934.414598370035,0.0,0.007,0.807,0.995,0.998
85209,14.077881754290571,11897.015259242073,0.0,0.004,0.816,0.997,1.001
85210,14.083325832948503,11862.760517483994,0.0,0.011,0.812,0.994,1.0
85212,14.060749829384003,11798.548426760275,0.0,0.009,0.771,0.997,1.0
85213,14.0733539068893,11799.6216091189,0.0,0.017,0.794,0.995,1.002
85215,13.218277661581151,11403.088696139053,0.0,0.026,0.925,0.996,1.0
85224,14.06847862757944,11875.73029123541,0.0,0.014,0.809,0.998,1.0
85225,14.078440152062916,11855.79128885361,0.0,0.014,0.795,0.995,1.0
85226,14.06336757364792,11820.854897262656,0.0,0.003,0.771,0.995,1.0
85233,14.074090246283042,11826.988669457372,0.0,0.009,0.781,0.993,1.0
85234,14.075911866071538,11759.136184735757,0.0,0.014,0.774,0.992,1.0
85248,13.229454952169664,11398.552849680518,0.0,0.019,0.926,0.996,1.001
85249,14.069902973708812,11617.750549552095,0.0,0.009,0.746,0.992,1.002
85250,13.22550331635388,11417.226685633772,0.0,0.023,0.918,0.994,1.0
85251,13.219274402577685,11423.663041595446,0.0,0.018,0.924,0.993,0.997
85253,13.219634895625658,11063.66371016233,0.0,0.044,0.855,0.991,1.002
85254,13.218511751310961,11311.452520412362,0.0,0.036,0.903,0.999,1.001
85255,13.214565594245576,11220.73660655259,0.0,0.032,0.864,0.991,0.999
85256,13.271729851617382,11332.489773854682,0.0,0.044,0.917,0.986,0.998
85257,13.225738592342646,11480.29324323788,0.0,0.008,0.938,0.995,1.001
85258,13.229571047529273,11217.990710783624,0.0,0.043,0.9,0.995,1.001
85259,13.204501469976414,11263.297047249844,0.0,0.019,0.876,0.995,0.999
85260,13.214358873483883,11348.36463534924,0.0,0.022,0.906,0.992,0.997
85262,13.215793231755272,11129.467176803246,0.0,0.029,0.848,0.992,1.0
85266,13.223148691381112,11158.31116036924,0.0,0.041,0.859,0.993,0.997
85268,14.074642861621673,11725.888067363696,0.0,0.01,0.785,0.993,1.002
85281,13.258521848811592,11400.529968510144,0.0,0.033,0.941,0.995,1.001
85282,14.085145725308536,11829.890469783151,0.0,0.016,0.803,0.991,0.999
85283,14.088841895116225,11830.742944058315,0.0,0.01,0.802,0.992,0.999
85284,14.063615650977685,11647.633614390163,0.0,0.021,0.742,0.993,1.001
85286,14.064506271729638,11704.945253539103,0.0,0.015,0.771,0.991,0.999
85295,14.071050596715814,11720.916828725063,0.0,0.021,0.777,0.995,1.0
85296,14.072688101101225,11753.401637087238,0.0,0.015,0.775,0.992,1.0
85297,14.064884238906146,11758.053723044586,0.0,0.013,0.776,0.997,1.001
85298,14.063411431896716,11657.751789546344,0.0,0.002,0.767,0.99,0.999
85301,14.112858642737262,11852.499717001667,0.0,0.018,0.828,0.992,1.001
85302,14.094529666791399,11832.260790365828,0.0,0.017,0.812,0.992,0.999
85303,14.065996808700733,11942.960658182801,0.0,0.004,0.815,0.997,1.0
85304,13.221265219015246,11484.398694660214,0.0,0.015,0.944,0.998,1.001
85305,13.200670917589571,11561.598182686255,0.0,0.01,0.951,1.001,1.001
85306,13.221325811702693,11538.41580982123,0.0,0.01,0.955,0.995,1.0
85307,13.202666028085199,11621.107325700574,0.0,0.003,0.965,1.001,1.001
85308,13.229865119024252,11447.274275474485,0.0,0.024,0.933,0.994,1.001
85310,13.201000777695764,11383.360259260973,0.0,0.023,0.908,1.0,1.0
85323,13.216851528715765,11547.137703606819,0.0,0.017,0.955,1.0,1.002
85326,13.205755282827598,11587.974074912476,0.0,0.004,0.96,1.0,1.001
85329,13.255599470979716,11445.395075851016,0.0,0.031,0.946,0.991,1.0
85331,13.209003468698176,11304.645715512675,0.0,0.02,0.894,0.997,1.002
85335,13.220362139824363,11571.161547133648,0.0,0.009,0.961,0.997,1.0
85338,13.211681541942486,11534.864543509215,0.0,0.01,0.944,1.0,1.002
85339,13.21860065969673,11478.397787478138,0.0,0.02,0.939,0.996,0.998
85340,13.210473758931029,11473.097090880252,0.0,0.008,0.931,0.993,0.999
85345,13.228809047393897,11565.30751289661,0.0,0.007,0.957,0.996,1.0
85350,13.223732154974902,11496.021419948667,0.0,0.018,0.945,0.994,1.0
85351,13.239880819740614,11479.107742882876,0.0,0.026,0.959,0.993,1.0
85353,13.212986737110455,11564.391780988622,0.0,0.011,0.947,0.999,1.0
85355,13.212950904845526,11480.576964333664,0.0,0.011,0.929,0.998,1.001
85363,13.220740676350095,11536.932721714638,0.0,0.014,0.961,0.997,1.002
85364,13.219752491411448,11520.14105983347,0.0,0.008,0.953,0.995,1.0
85365,13.225879611844281,11474.263830884636,0.0,0.02,0.93,0.998,1.001
85367,13.219976405438171,11506.043735712465,0.0,0.019,0.954,0.996,1.0
85373,13.228923152056414,11475.27853547357,0.0,0.025,0.952,0.996,1.0
85374,13.227278068807607,11514.553855243214,0.0,0.016,0.951,0.996,1.0
85375,13.221434884842099,11509.079764352795,0.0,0.023,0.946,0.994,0.998
85377,13.254546925782503,11224.742880052057,0.0,0.047,0.892,0.991,0.999
85378,13.228418068991832,11556.79686029461,0.0,0.007,0.948,0.995,1.0
85379,13.202612327195151,11520.982591937907,0.0,0.016,0.952,0.999,1.0
85381,13.224007065862244,11495.08352056585,0.0,0.013,0.938,0.997,0.999
85382,13.213812054983258,11499.521195462687,0.0,0.019,0.94,0.994,0.999
85383,13.218325722137772,11315.024697645464,0.0,0.028,0.888,0.998,1.0
85387,13.211174216295586,11556.048798755983,0.0,0.004,0.962,0.997,1.001
85388,13.217233561687022,11509.097711638338,0.0,0.01,0.945,0.998,1.0
85392,13.217735834864595,11522.690289962013,0.0,0.013,0.961,0.997,1.0
85395,13.211824457375068,11376.056018210176,0.0,0.025,0.915,0.999,1.0
85396,13.210330807202094,11476.36763992561,0.0,0.017,0.919,1.0,1.002
85607,12.714946989118529,11183.736870510316,0.0,0.028,0.965,0.99,0.999
85621,14.87002229630325,12131.723499929765,0.0,0.012,0.587,0.99,0.998
85626,12.761722545809562,10868.726935362098,0.0,0.077,0.916,0.987,1.0
85648,14.84362446288227,12194.334370138473,0.0,0.003,0.594,0.992,0.998
85658,13.058929316539757,11342.13741612175,0.0,0.03,0.942,0.999,1.0
85701,13.242823406925327,11293.162369524385,0.0,0.042,0.915,0.992,1.0
85704,13.18632724280853,11467.955988282069,0.0,0.011,0.947,0.995,1.001
85705,13.223226636684108,11459.515520733345,0.0,0.025,0.93,0.996,0.999
85706,13.206387562192917,11474.35699710726,0.0,0.021,0.95,0.996,1.002
85708,13.187360276029397,11578.003094076414,0.0,0.01,0.976,0.997,1.001
85710,13.190575501230123,11544.086127912053,0.0,0.011,0.967,0.997,0.999
85711,13.197260897851644,11481.964896064428,0.0,0.015,0.942,0.994,1.0
85712,13.204481683134892,11489.591966060145,0.0,0.015,0.951,0.994,0.999
85713,13.21714061484505,11452.108851288203,0.0,0.026,0.957,0.993,1.001
85714,13.209112050131502,11473.749449160783,0.0,0.024,0.948,0.991,0.999
85715,13.197868694053492,11475.4315542481,0.0,0.024,0.937,0.996,1.001
85716,13.207044756296836,11447.099254108392,0.0,0.023,0.948,0.993,1.0
85718,13.183843432852505,11269.891433437297,0.0,0.033,0.903,1.0,1.001
85719,13.2318093501821,11382.247573078108,0.0,0.037,0.92,0.994,0.999
85730,13.194448462357638,11552.441822608876,0.0,0.013,0.962,0.996,0.999
85735,13.194092102074183,11526.148787161717,0.0,0.016,0.95,0.995,0.999
85736,13.950590965324169,11789.485725926994,0.0,0.018,0.846,0.993,1.0
85737,13.184930118498734,11412.590727328476,0.0,0.033,0.919,0.997,0.999
85739,13.060249632854187,11382.597996277938,0.0,0.019,0.936,0.999,1.001
85741,13.180792526570336,11546.164711948875,0.0,0.014,0.948,0.998,1.0
85742,13.184735697102715,11444.674231713912,0.0,0.021,0.931,0.998,1.001
85743,13.188686408630742,11508.49023000158,0.0,0.013,0.947,0.998,1.0
85745,13.216359316246113,11421.262781579215,0.0,0.025,0.938,0.989,0.999
85746,13.199525912279855,11526.239236192483,0.0,0.013,0.954,0.996,0.999
85747,13.185967929132188,11482.610102162567,0.0,0.015,0.943,1.001,1.001
85748,13.180931280084865,11469.675781491163,0.0,0.02,0.939,0.997,1.0
85749,13.063300111362429,11314.194504398114,0.0,0.027,0.928,0.994,0.999
85750,13.199215362169873,11262.270831417114,0.0,0.033,0.904,0.992,1.0
85755,13.183972222948952,11409.703939524146,0.0,0.024,0.917,0.998,1.001
85756,13.180888082905389,11571.37713480284,0.0,0.004,0.966,0.997,1.0
85757,13.197063244700486,11476.682429845847,0.0,0.021,0.941,0.994,0.998
85901,12.993044665870158,11486.397964632948,0.0,0.009,0.971,0.995,0.998
85929,12.988719332289275,11456.432467798477,0.0,0.009,0.963,0.996,0.999
86001,13.035525537627974,11286.457590502521,0.0,0.036,0.94,0.993,1.0
86004,12.9989786632673,11318.732916177272,0.0,0.021,0.953,0.993,1.0
86005,12.993963702994902,11439.340959014378,0.0,0.011,0.954,0.999,1.0
86011,13.075554028021651,11162.015089456443,0.0,0.05,0.925,0.985,1.0
86040,13.833806049051175,11815.494301485058,0.0,0.008,0.838,0.998,1.0
86301,12.941540864053405,11356.20527979315,0.0,0.021,0.967,0.997,1.0
86303,12.943306317788364,11322.350273067817,0.0,0.021,0.955,0.996,1.001
86305,12.920216728636941,11319.636172466062,0.0,0.024,0.951,0.998,1.0
86314,12.918483817044027,11481.40323094048,0.0,0.002,0.978,1.001,1.001
86315,12.93190987562179,11421.435788254237,0.0,0.012,0.978,0.996,0.998
86323,12.920458669012445,11447.972325065932,0.0,0.01,0.981,1.0,1.001
86325,12.917916499424772,11439.252367521452,0.0,0.006,0.98,0.996,0.999
86327,12.91379259303563,11441.123887041358,0.0,0.009,0.967,1.0,1.001
86329,12.90639795466453,11539.655856875595,0.0,0.0,0.995,0.999,0.999
86336,12.957904282911036,11296.284495709628,0.0,0.025,0.938,0.994,1.0
86351,12.934816765824273,11318.185009624616,0.0,0.027,0.947,0.999,1.0
86403,15.520152341373642,12422.588975494513,0.0,0.004,0.357,0.996,1.002
86404,13.458037042253844,11620.51729292325,0.0,0.016,0.923,0.997,1.0
86406,13.482841301741562,11582.491113033384,0.0,0.019,0.935,0.992,0.999
86434,13.514965408153083,11532.78847855578,0.0,0.033,0.92,0.991,1.003
90001,7.218616955958359,12493.290795189148,0.0,0.021,0.783,0.994,1.001
90002,7.230198656650231,12531.85525937843,0.0,0.013,0.76,0.994,1.0
90003,6.88978896701774,12218.40450100139,0.0,0.027,0.914,0.992,0.999
90004,6.8932420557989085,12299.387661025683,0.0,0.004,0.902,0.998,1.001
90005,6.885979051883834,12260.698060981094,0.0,0.012,0.902,0.996,1.001
90006,6.899424151506979,12326.215057309762,0.0,0.006,0.903,0.995,0.999
90007,6.90787560125203,12145.215345929057,0.0,0.02,0.89,0.991,1.002
90008,6.893292973782416,12213.446975173949,0.0,0.013,0.894,0.994,0.998
90010,6.883731355024159,12157.907500104015,0.0,0.019,0.883,0.997,1.0
90011,7.230897680179338,12609.925891491444,0.0,0.004,0.75,0.997,0.998
90012,6.8846976320591535,12188.22085709127,0.0,0.021,0.867,0.996,1.0
90013,6.898332807007937,11962.791874261362,0.0,0.037,0.829,0.983,0.999
90014,6.901260879214756,11977.847953490336,0.0,0.042,0.848,0.989,0.999
90015,6.900131570241496,12113.528984187815,0.0,0.023,0.867,0.992,1.0
90016,6.876965297325068,12196.706365400298,0.0,0.022,0.89,0.994,0.999
90017,6.889408337215552,12125.800782484677,0.0,0.03,0.891,0.988,0.999
90018,6.875158220882741,12217.816496456184,0.0,0.019,0.895,0.994,1.001
90019,6.886994307052668,12249.44796275313,0.0,0.009,0.892,0.995,1.0
90020,6.893369504356597,12229.999767047857,0.0,0.02,0.901,0.992,0.999
90021,6.905486053423171,12050.288439564536,0.0,0.04,0.865,0.989,1.001
90022,7.227232763494706,12564.169037195374,0.0,0.008,0.765,0.997,1.001
90023,7.218803843951709,12519.077193321707,0.0,0.014,0.768,0.996,1.003
90024,6.894111753098165,12025.78788656156,0.0,0.025,0.87,0.994,1.001
90025,6.883546031837632,12138.331553307124,0.0,0.011,0.856,0.995,1.0
90026,6.893512534003407,12211.81522654925,0.0,0.013,0.881,0.996,0.998
90027,6.8930944114824175,12160.029080641672,0.0,0.02,0.863,0.997,1.0
90028,6.904736144223586,12245.090080064494,0.0,0.004,0.888,0.995,1.001
90029,6.886895103890382,12300.68430643505,0.0,0.014,0.9,1.0,1.001
90031,6.893752005896802,12285.71601544311,0.0,0.007,0.904,0.997,1.0
90032,7.232083243004977,12533.580980986077,0.0,0.005,0.753,0.991,0.998
90033,7.232035663752802,12548.509828872313,0.0,0.009,0.751,0.995,1.0
90034,6.88896896241886,12217.04574341474,0.0,0.006,0.89,0.996,0.999
90035,6.880087358793584,12093.39399080435,0.0,0.011,0.848,0.998,1.0
90036,6.886725143207779,12083.690843748092,0.0,0.017,0.868,0.996,1.002
90037,6.888078764949761,12280.601763910685,0.0,0.018,0.917,0.996,1.001
90038,6.8741142160723445,12198.362920898662,0.0,0.024,0.89,0.992,0.999
90039,6.882684601511329,12149.204252064477,0.0,0.005,0.873,0.994,0.998
90040,7.220654192862782,12462.027678678525,0.0,0.017,0.767,0.99,1.002
90041,6.882289117372105,12138.001580316508,0.0,0.007,0.871,0.998,1.0
90042,7.228930595224292,12508.407806394895,0.0,0.0,0.76,0.998,1.0
90043,7.232567450185572,12369.612671101782,0.0,0.023,0.749,0.99,1.0
90044,7.230974058812152,12488.330897157373,0.0,0.012,0.766,0.995,1.001
90045,7.225609834913512,12323.295417663687,0.0,0.013,0.73,0.99,1.0
90046,6.891731309931943,12157.23714485992,0.0,0.009,0.874,0.999,1.002
90047,7.228628124215545,12456.728394913085,0.0,0.013,0.75,0.995,1.0
90048,6.891483155444865,12107.315917115859,0.0,0.013,0.844,0.997,1.001
90049,6.884424554334276,11982.418244732695,0.0,0.007,0.818,0.998,1.001
90056,7.217553505983746,12261.74022592907,0.0,0.015,0.727,0.99,1.0
90057,6.878034324876034,12163.721676718256,0.0,0.031,0.911,0.989,0.999
90058,7.241046596055509,12538.173142684514,0.0,0.013,0.771,0.993,1.001
90059,7.245998923379267,12537.370364994242,0.0,0.01,0.751,0.993,0.998
90061,7.206152325696453,12348.557658729143,0.0,0.033,0.759,0.99,1.0
90062,6.883886886323287,12244.227094811622,0.0,0.017,0.905,0.992,0.998
90063,7.220489537857653,12559.2652970752,0.0,0.011,0.765,0.996,1.0
90064,6.880918063825491,12029.8818677838,0.0,0.014,0.826,0.999,1.001
90065,6.889695762379822,12167.898973085687,0.0,0.019,0.865,0.999,1.0
90066,6.89315985573168,12180.3101419886,0.0,0.005,0.859,0.998,1.001
90067,6.886604148818052,12042.586422918912,0.0,0.017,0.842,0.995,0.999
90068,6.88328322258691,12131.975392914981,0.0,0.012,0.865,0.997,1.001
90069,6.892211346782827,12151.9231070157,0.0,0.003,0.869,0.997,1.001
90077,6.885918121747687,11904.76234097224,0.0,0.008,0.795,0.994,0.999
90094,6.89255164550953,11968.409392878139,0.0,0.009,0.835,0.998,1.002
90201,7.23581799557547,12598.344053220853,0.0,0.005,0.767,0.994,0.998
90210,6.889931498996272,11952.58611113642,0.0,0.008,0.813,0.994,0.999
90211,6.881557474284025,12053.223060944427,0.0,0.02,0.84,0.996,1.0
90212,6.879050373306079,12016.429586831335,0.0,0.015,0.84,0.992,0.999
90220,7.240970374103359,12480.22816490334,0.0,0.026,0.761,0.994,1.002
90221,7.2377881204579655,12562.052343493066,0.0,0.006,0.756,0.997,1.001
90222,7.23983920895,12539.698546083695,0.0,0.013,0.751,0.997,1.001
90230,6.880559112588757,12102.730876307398,0.0,0.01,0.855,0.991,0.997
90232,6.895649873525201,12064.359189252153,0.0,0.014,0.838,0.99,0.998
90240,7.223839322867482,12444.400451770009,0.0,0.007,0.742,0.996,0.999
90241,7.228623523942088,12580.974476571088,0.0,0.0,0.752,0.996,1.0
90242,7.228052120336637,12589.865279273265,0.0,0.0,0.76,0.999,0.999
90245,7.225422048297685,12375.870398491008,0.0,0.003,0.714,0.993,1.0
90247,7.232544258143747,12505.142889178765,0.0,0.012,0.755,0.993,1.0
90248,7.223288425044135,12494.367704917546,0.0,0.003,0.751,0.998,1.002
90249,7.215102665282861,12439.321672463131,0.0,0.014,0.739,0.997,1.001
90250,7.2341945032958845,12525.299155453462,0.0,0.004,0.746,0.997,1.0
90254,7.222528936738901,12221.56495764042,0.0,0.007,0.711,0.994,0.998
90255,7.231518604943409,12557.747703480607,0.0,0.011,0.772,0.994,1.0
90260,7.225919730150222,12576.085926359196,0.0,0.007,0.749,0.998,1.0
90262,7.224959399431124,12561.283842798592,0.0,0.01,0.767,0.996,0.999
90265,7.228415124197186,12158.783860444855,0.0,0.001,0.709,0.99,1.001
90266,7.228145750476124,12145.236273808305,0.0,0.005,0.699,0.994,0.998
90270,7.226668444565451,12542.436512181604,0.0,0.014,0.775,0.994,0.999
90272,7.23461830471125,12059.21692208932,0.0,0.009,0.709,0.99,1.0
90274,7.219037246841354,12140.007183007243,0.0,0.003,0.706,0.986,0.999
90275,7.232231043374654,12206.760596297814,0.0,0.003,0.71,0.999,1.002
90277,7.231034693333305,12361.041140316996,0.0,0.005,0.741,0.994,1.0
90278,7.210765823696909,12340.642682684182,0.0,0.005,0.737,0.993,0.998
90280,7.228906124634199,12589.467253843834,0.0,0.008,0.758,1.0,1.0
90290,7.221910217133453,12257.041888310763,0.0,0.011,0.728,0.992,1.001
90291,6.878789585159933,12081.655225928002,0.0,0.006,0.845,0.997,1.001
90292,6.891036147847433,12051.7555817385,0.0,0.004,0.827,0.999,1.001
90293,7.235626747790425,12379.757842765286,0.0,0.006,0.732,0.993,1.0
90301,7.220945914214741,12483.774385711089,0.0,0.02,0.76,0.994,1.0
90302,7.23182165366049,12539.411266074334,0.0,0.011,0.776,0.998,1.003
90303,7.221364251933651,12512.896806343471,0.0,0.015,0.76,0.996,0.999
90304,7.23104212604819,12583.284294847668,0.0,0.006,0.776,0.995,0.999
90305,7.2265183729240645,12547.694719593266,0.0,0.003,0.774,0.994,0.999
90401,6.898425541349614,11992.035318736653,0.0,0.036,0.851,0.993,1.0
90402,6.886466032550212,11815.76920099798,0.0,0.018,0.805,0.993,0.999
90403,6.8907486677075465,12020.571073174984,0.0,0.013,0.85,0.988,1.0
90404,6.88987931722818,12097.379283201575,0.0,0.018,0.871,0.993,0.999
90405,6.895870123836707,12067.943456930883,0.0,0.009,0.852,0.994,0.999
90501,7.227435135322027,12494.158504575325,0.0,0.01,0.767,0.997,1.002
90502,7.225919356298498,12532.08967503588,0.0,0.004,0.762,1.001,1.002
90503,7.228290818795211,12445.817467806439,0.0,0.003,0.737,0.995,1.001
90504,7.2332273365696755,12471.506003754874,0.0,0.0,0.744,0.996,0.999
90505,7.225233461556582,12414.602046583526,0.0,0.009,0.732,0.996,1.001
90601,7.2276950304317555,12469.687355809005,0.0,0.01,0.742,0.996,1.001
90602,7.223062698488047,12540.58920822493,0.0,0.006,0.745,0.996,0.998
90603,7.2196837645060565,12417.501129778319,0.0,0.004,0.721,0.995,0.998
90604,7.2246315936484,12476.304290828815,0.0,0.012,0.743,0.996,1.0
90605,7.228160473453286,12519.758787721972,0.0,0.0,0.744,0.996,1.0
90606,7.233267242146442,12535.35581822743,0.0,0.0,0.758,0.995,0.999
90620,8.116364333116344,13024.552330676013,0.0,0.002,0.285,0.995,1.002
90621,8.11727662310308,13070.727473025308,0.0,0.0,0.259,0.991,1.001
90623,8.102273022266646,12953.235027860846,0.0,0.0,0.309,0.986,1.0
90630,8.10912142921699,12948.683841763455,0.0,0.005,0.303,0.989,1.001
90631,8.014037580954591,12985.218453860256,0.0,0.0,0.324,0.99,0.999
90638,7.233034223724,12413.95151289473,0.0,0.015,0.737,0.993,0.999
90640,7.218382425432829,12453.328796592757,0.0,0.013,0.76,0.994,0.999
90650,7.2314546667509685,12570.890670441771,0.0,0.0,0.746,0.994,1.0
90660,7.218833234976815,12461.320535931922,0.0,0.013,0.728,0.992,0.997
90670,7.2260407369999395,12485.925323368627,0.0,0.013,0.749,0.999,1.003
90680,8.11494950729502,13021.296411361898,0.0,0.002,0.252,0.988,0.997
90701,7.228707368810395,12562.728118524721,0.0,0.001,0.749,1.003,1.003
90703,7.217181981492689,12384.44295414855,0.0,0.008,0.737,0.993,0.999
90706,7.219894704610068,12495.715174913577,0.0,0.015,0.751,0.994,0.999
90710,7.221749329391977,12548.483305532101,0.0,0.003,0.755,0.997,1.0
90712,7.223931128918807,12488.179329409242,0.0,0.003,0.737,0.994,1.0
90713,7.22760203216916,12383.384454398982,0.0,0.009,0.733,0.992,1.0
90715,7.223352371358049,12503.211579109937,0.0,0.01,0.747,0.996,0.999
90716,7.228868477784892,12600.596575188385,0.0,0.011,0.759,0.998,1.001
90717,7.225903393007545,12412.419576201033,0.0,0.013,0.741,0.992,0.999
90720,8.098558305130084,12902.202267274963,0.0,0.006,0.345,0.985,1.002
90723,7.224654337620603,12563.2937635114,0.0,0.009,0.768,0.999,1.002
90731,7.2104334164310995,12429.640132174729,0.0,0.016,0.758,0.995,1.001
90732,7.2231276694928015,12353.027127586442,0.0,0.012,0.723,0.995,1.001
90740,8.108149568689885,12995.428581428485,0.0,0.0,0.283,0.988,1.0
90744,7.232617739933886,12547.724037163503,0.0,0.005,0.772,0.998,1.001
90745,7.23009298987019,12515.351078554326,0.0,0.0,0.734,0.998,1.001
90746,7.223956298744435,12387.72919034922,0.0,0.011,0.72,0.991,0.998
90755,7.221789201868009,12478.922018870315,0.0,0.004,0.73,0.996,1.001
90802,7.223821729430765,12475.138038041943,0.0,0.015,0.748,0.993,1.001
90803,7.21912608363006,12434.3845758279,0.0,0.007,0.732,0.997,1.001
90804,7.222640847820702,12512.303420466831,0.0,0.012,0.738,0.994,1.0
90805,7.226708589728385,12546.883503138572,0.0,0.008,0.773,0.996,1.0
90806,7.212008285081028,12479.943425966732,0.0,0.014,0.753,0.993,0.999
90807,7.232567665692392,12394.337480821669,0.0,0.012,0.752,0.995,1.0
90808,7.23092478867765,12361.693807604473,0.0,0.0,0.722,0.994,0.998
90810,7.234532030678786,12528.04873168218,0.0,0.004,0.754,0.999,1.001
90813,7.229659482022514,12525.401129118085,0.0,0.014,0.772,0.996,1.0
90814,7.23343056249045,12512.177346802739,0.0,0.003,0.736,0.997,1.0
90815,7.2269420673640035,12441.779711921821,0.0,0.006,0.724,0.995,1.001
91001,7.227319266910524,12372.125481845243,0.0,0.0,0.725,0.998,1.0
91006,7.230430564585285,12382.433657480167,0.0,0.0,0.74,0.992,1.0
91007,7.234968480571089,12481.959372278418,0.0,0.0,0.728,0.996,1.001
91008,7.223363730531973,12321.92024662055,0.0,0.002,0.717,0.996,0.999
91010,7.225549796359125,12520.277324317134,0.0,0.001,0.761,0.999,1.002
91011,7.217003144721539,12176.100471563415,0.0,0.003,0.697,0.99,0.999
91016,7.229937743390451,12509.48129800456,0.0,0.003,0.742,0.999,1.0
91020,6.890978485127697,12159.603771647633,0.0,0.019,0.891,0.993,0.999
91024,7.234741534873039,12343.327068516282,0.0,0.0,0.73,0.994,0.999
91030,7.223267492292971,12366.181386054403,0.0,0.005,0.719,0.999,1.001
91040,7.226565520640264,12456.549688473055,0.0,0.0,0.743,0.995,1.002
91042,7.2338890377628235,12466.170231458269,0.0,0.008,0.747,0.998,1.0
91101,6.892450664575674,12097.03133982952,0.0,0.041,0.868,0.992,1.0
91103,7.22899348946178,12376.228290145007,0.0,0.009,0.734,0.994,0.999
91104,7.235851663802077,12438.166802309443,0.0,0.0,0.725,0.992,0.999
91105,7.223630876660132,12248.558629277624,0.0,0.009,0.706,0.991,0.999
91106,7.2294873788855085,12440.900337617652,0.0,0.006,0.751,0.996,1.001
91107,7.217696483746962,12365.571994814803,0.0,0.006,0.721,0.998,1.0
91108,7.2235554052948014,12115.85291372511,0.0,0.018,0.73,0.986,1.0
91201,6.885745776499032,12271.110486690675,0.0,0.004,0.89,0.996,1.0
91202,6.890230657551654,12171.285778900245,0.0,0.014,0.864,0.999,1.002
91203,6.886446838956764,12193.373368580407,0.0,0.016,0.89,0.994,1.002
91204,6.8838329107031635,12270.36571376764,0.0,0.014,0.913,1.0,1.002
91205,6.882988266973213,12267.419608576294,0.0,0.012,0.892,0.995,1.0
91206,7.23360504989272,12415.669060553524,0.0,0.01,0.746,0.991,0.999
91207,6.888335857203998,12177.691329153726,0.0,0.006,0.867,0.996,1.0
91208,6.887351344970741,12154.930554896664,0.0,0.004,0.842,0.997,1.0
91214,7.224171989509558,12343.723903373366,0.0,0.007,0.725,0.995,1.001
91301,7.2326307032242365,12243.571756374082,0.0,0.005,0.72,0.991,1.0
91302,7.233605214042652,12224.169262431733,0.0,0.005,0.72,0.992,1.001
91303,6.8762289854674385,12253.828054346635,0.0,0.014,0.903,0.993,0.998
91304,7.2335756500988175,12478.480191838324,0.0,0.014,0.734,0.997,1.002
91306,6.872735463155607,12233.838099682236,0.0,0.015,0.885,0.997,1.001
91307,7.2933091745096945,12442.223299581701,0.0,0.0,0.704,0.993,0.999
91311,7.221380512665438,12411.3234491523,0.0,0.006,0.74,0.998,1.002
91316,6.896903912729707,12217.559327136332,0.0,0.0,0.859,0.995,1.0
91320,7.745727063076441,12711.527638276044,0.0,0.006,0.506,0.985,0.999
91321,7.2288147330988455,12466.875552103917,0.0,0.01,0.748,0.996,0.999
91324,6.886264111571467,12224.264184282465,0.0,0.009,0.877,0.996,0.998
91325,6.880580911272126,12175.362883484837,0.0,0.014,0.885,0.998,1.001
91326,7.228399601977866,12346.515864992594,0.0,0.0,0.744,0.999,1.002
91331,7.2190043031897,12535.16920350091,0.0,0.009,0.743,0.994,0.998
91335,6.875116775642465,12266.224752472002,0.0,0.01,0.902,0.998,1.001
91340,6.886750393562979,12253.71967657963,0.0,0.013,0.901,0.996,1.001
91342,7.219885204503357,12525.999111760519,0.0,0.006,0.75,0.996,1.001
91343,6.8938346333826575,12244.986144260536,0.0,0.006,0.895,0.998,1.001
91344,7.229631328701764,12414.29521054835,0.0,0.002,0.732,0.997,1.0
91345,6.898781051155394,12236.32240263135,0.0,0.015,0.897,0.997,1.0
91350,7.231282038301775,12382.431509495305,0.0,0.006,0.731,0.996,1.001
91351,7.223798805203093,12491.492974630386,0.0,0.006,0.744,0.996,0.999
91352,6.889765718232546,12256.757659297244,0.0,0.012,0.903,0.996,1.0
91354,7.2256153374680965,12364.406915842628,0.0,0.0,0.739,0.994,0.999
91355,7.218482196382529,12372.619199604156,0.0,0.013,0.745,0.996,1.0
91356,7.225973210282406,12315.179397106718,0.0,0.01,0.727,0.989,0.999
91360,7.756091513326971,12687.207483607675,0.0,0.006,0.493,0.984,1.0
91361,7.573899222261647,12557.006528943792,0.0,0.007,0.576,0.988,0.999
91362,7.734365343855289,12597.405308540123,0.0,0.004,0.525,0.987,1.001
91364,7.227273133639155,12329.16197775107,0.0,0.0,0.718,0.999,1.0
91367,7.228853646657628,12386.430406419915,0.0,0.014,0.72,0.994,1.001
91377,7.7650590620703985,12620.555695164696,0.0,0.005,0.499,0.982,1.0
91381,7.21707080372592,12292.749474145818,0.0,0.008,0.729,0.993,1.0
91384,7.219155147628818,12453.071809562174,0.0,0.004,0.726,0.998,1.001
91387,7.232245678899978,12443.42638826288,0.0,0.0,0.736,0.998,1.001
91390,7.224143987098096,12404.632084235049,0.0,0.002,0.701,0.996,1.0
91401,6.878973557729918,12185.347786716897,0.0,0.016,0.88,0.995,1.001
91402,6.892818569334711,12282.7925054503,0.0,0.01,0.909,0.996,1.0
91403,6.893368005273278,12192.48714878743,0.0,0.0,0.873,1.002,1.004
91405,6.88133545805838,12297.93042439196,0.0,0.015,0.913,0.996,1.0
91406,6.888718132169485,12205.086422161065,0.0,0.022,0.891,0.991,0.998
91411,6.886404925280592,12231.636811632638,0.0,0.007,0.901,0.996,0.998
91423,6.896544623959577,12171.979824110978,0.0,0.0,0.863,0.993,0.998
91436,6.878375306660413,11992.524423891724,0.0,0.014,0.829,0.994,1.0
91501,6.884642852492583,12242.668089780369,0.0,0.005,0.869,1.0,1.001
91502,6.890032513922975,12345.66922395961,0.0,0.006,0.883,0.999,1.0
91504,6.878451168172902,12151.71242562437,0.0,0.009,0.847,0.998,1.001
91505,6.887617650809948,12097.258760911564,0.0,0.018,0.871,0.993,1.001
91506,6.894941789710791,12134.79446485566,0.0,0.015,0.86,0.998,1.002
91601,6.893765722151534,12178.226276825864,0.0,0.021,0.879,0.994,0.999
91602,6.880551060928719,12205.36274251787,0.0,0.012,0.873,0.998,1.0
91604,6.890565224117553,12064.897207903714,0.0,0.009,0.844,0.997,0.999
91605,6.889463136058208,12259.535071066588,0.0,0.015,0.891,0.997,1.0
91606,6.888810053133336,12293.182447442105,0.0,0.008,0.898,0.997,1.0
91607,6.892763099621622,12179.172896510066,0.0,0.02,0.897,0.994,0.999
91701,7.0641826543154576,12366.980515720177,0.0,0.0,0.824,1.001,1.002
91702,7.224169635301221,12581.282183877182,0.0,0.001,0.748,0.997,1.001
91706,7.216441197652098,12572.598408339183,0.0,0.005,0.768,0.997,1.002
91708,7.068381152156043,12459.416947027546,0.0,0.007,0.832,0.998,0.999
91709,7.0614338584358585,12287.70063091758,0.0,0.01,0.823,0.995,1.002
91710,7.06817079665112,12414.353249936368,0.0,0.001,0.819,0.996,0.998
91711,7.224606454123086,12403.189839481662,0.0,0.001,0.726,0.996,0.998
91722,7.220774798076346,12528.748460891888,0.0,0.003,0.75,0.997,1.0
91723,7.225314438541043,12532.044093369897,0.0,0.004,0.754,0.997,1.0
91724,7.228680627134694,12529.145103421002,0.0,0.0,0.742,0.998,1.0
91730,7.059607814827869,12375.180258350038,0.0,0.012,0.813,0.997,1.001
91731,7.224499800782344,12595.730807323122,0.0,0.01,0.76,0.996,0.998
91732,7.230315342513689,12608.839111391402,0.0,0.0,0.764,0.994,0.997
91733,7.2227861985026465,12580.027069384576,0.0,0.006,0.776,0.998,1.0
91737,7.060377525862952,12314.637156713005,0.0,0.011,0.794,0.994,1.0
91739,7.066849895059192,12233.889809345517,0.0,0.001,0.788,0.999,1.0
91740,7.224198830328052,12513.599443866175,0.0,0.005,0.734,0.998,1.0
91741,7.223250919789663,12415.957411001176,0.0,0.005,0.74,0.999,1.003
91744,7.225658155832382,12539.479863518776,0.0,0.006,0.766,0.998,1.0
91745,7.234570004649364,12452.761892586108,0.0,0.011,0.742,0.995,1.0
91746,7.222222094357012,12511.067603725143,0.0,0.006,0.755,0.999,1.002
91748,7.2337741834102784,12524.603543058034,0.0,0.0,0.747,0.998,1.001
91750,7.228088249938882,12438.426569286717,0.0,0.004,0.731,0.997,0.999
91752,7.459596055620503,12653.152579579524,0.0,0.003,0.632,0.994,1.0
91754,7.2232154983288765,12423.531819987302,0.0,0.019,0.722,0.991,0.997
91755,7.219311105512999,12436.12643775753,0.0,0.015,0.744,0.99,0.998
91761,7.065558107305384,12456.283227281774,0.0,0.007,0.828,0.998,1.001
91762,7.058665771861537,12433.810735617692,0.0,0.01,0.851,0.997,1.001
91763,7.068140799172225,12492.555375947466,0.0,0.006,0.837,1.002,1.002
91764,7.0604160723790805,12434.746163060885,0.0,0.014,0.844,0.996,0.998
91765,7.230222492166626,12382.291978003284,0.0,0.014,0.73,0.994,0.999
91766,7.223526877812667,12499.655113699311,0.0,0.01,0.756,0.993,1.0
91767,7.224183499779611,12521.9202017543,0.0,0.009,0.757,0.998,1.0
91768,7.223484891578008,12568.196527667465,0.0,0.005,0.765,0.996,1.0
91770,7.234085437828847,12554.249596586178,0.0,0.005,0.763,0.996,1.0
91773,7.236807619849931,12433.556519846905,0.0,0.01,0.742,0.995,1.001
91775,7.224063016361164,12438.329134378082,0.0,0.0,0.747,0.998,1.0
91776,7.219795068785563,12464.7417423235,0.0,0.017,0.742,0.995,0.999
91780,7.232146624082776,12418.630613117717,0.0,0.014,0.753,0.988,1.0
91784,7.06655118123291,12237.653812762926,0.0,0.0,0.771,0.999,1.001
91786,7.073334922160966,12412.481041593364,0.0,0.011,0.829,0.997,1.0
91789,7.227534144823462,12422.07384348565,0.0,0.003,0.717,0.99,0.997
91790,7.223868316682569,12501.709782546019,0.0,0.003,0.746,0.997,1.001
91791,7.231496851619834,12459.361060516452,0.0,0.009,0.734,0.995,0.999
91792,7.226617215509329,12511.736709521969,0.0,0.012,0.753,0.994,1.0
91801,7.216666826751176,12495.029436157038,0.0,0.008,0.745,0.995,0.999
91803,7.2416074221126445,12508.077282102984,0.0,0.014,0.741,0.995,0.999
91902,5.094431451844712,10363.058246948087,0.0,0.069,0.965,1.001,1.002
91910,5.094520225198081,10371.85541927004,0.0,0.06,0.966,1.0,1.0
91911,5.096229269333448,10517.541056228985,0.0,0.034,0.979,0.999,1.0
91913,5.101029756517407,10246.420516930717,0.0,0.085,0.952,1.0,1.001
91914,5.097451681750354,10263.763964502024,0.0,0.092,0.955,0.998,0.999
91915,5.093486420632087,10378.070686882775,0.0,0.062,0.966,1.002,1.002
91932,5.103320814640504,10468.048915231793,0.0,0.04,0.979,0.999,1.0
91935,5.098158136025012,10116.87700105758,0.0,0.124,0.94,1.0,1.0
91941,5.0911754219114345,10391.199327583472,0.0,0.067,0.965,1.001,1.001
91942,5.1105804723989,10406.64159184647,0.0,0.061,0.974,0.997,0.999
91945,5.101500297933827,10518.010493240383,0.0,0.036,0.986,1.001,1.001
91950,5.104629615349881,10504.281599468766,0.0,0.032,0.987,0.999,1.002
91977,5.098215786024915,10461.62134022846,0.0,0.05,0.976,0.998,0.999
91978,5.090418460808163,10469.62364687275,0.0,0.045,0.975,1.001,1.001
92003,5.1017599043362285,10330.704212784982,0.0,0.075,0.96,0.998,0.999
92007,5.093294501953995,10076.037751544078,0.0,0.14,0.932,1.001,1.001
92008,5.096863345582993,10321.211092856054,0.0,0.078,0.962,0.999,1.0
92009,5.095333645367357,10061.840115926767,0.0,0.137,0.923,1.0,1.0
92010,5.099996648670045,10331.884774791995,0.0,0.08,0.956,0.999,1.0
92011,5.092494567116235,10172.369547922915,0.0,0.117,0.945,1.0,1.001
92014,5.089134636449487,10010.707562735057,0.0,0.151,0.921,1.0,1.0
92019,5.101765699131538,10360.391570894137,0.0,0.069,0.966,1.002,1.002
92020,5.098384211611431,10414.500893733135,0.0,0.058,0.979,1.002,1.003
92021,5.097733591486008,10497.081702998448,0.0,0.038,0.979,0.997,0.998
92024,5.095221872411196,10092.783747529318,0.0,0.125,0.935,1.0,1.001
92025,5.10751656479805,10333.35803117268,0.0,0.073,0.963,1.0,1.002
92026,5.102345466527158,10322.571285536405,0.0,0.074,0.963,1.0,1.001
92027,5.104962181227056,10364.436184166403,0.0,0.06,0.972,1.002,1.003
92028,5.0964071688288834,10339.577426304233,0.0,0.069,0.964,1.0,1.0
92029,5.093676797641009,10229.143677336408,0.0,0.1,0.953,1.002,1.002
92037,5.096309721550821,10130.738511208014,0.0,0.126,0.941,1.002,1.002
92040,5.100526725289296,10387.484578266743,0.0,0.068,0.964,0.999,0.999
92054,5.104896616252548,10517.380796295023,0.0,0.032,0.983,0.997,0.999
92056,5.098534408078948,10446.127834551331,0.0,0.042,0.975,0.997,0.999
92057,5.096537150690834,10378.92114728139,0.0,0.07,0.967,0.999,1.0
92058,5.095689290770568,10531.08436859273,0.0,0.026,0.984,0.999,1.0
92059,4.8390303905227166,10010.209163538058,0.0,0.081,0.977,1.003,1.003
92064,5.096615800734088,10310.921221329052,0.0,0.089,0.958,0.999,1.0
92067,5.100882786216241,9817.919360588396,0.0,0.194,0.897,0.999,1.001
92069,5.103559136353516,10375.911893493478,0.0,0.065,0.971,0.999,1.0
92071,5.096746714603322,10390.249523611394,0.0,0.069,0.969,1.0,1.0
92075,5.103226759127868,10119.757165051133,0.0,0.114,0.934,1.0,1.0
92078,5.100551940128747,10246.851833849396,0.0,0.096,0.955,1.0,1.001
92081,5.088988709862309,10385.418056559742,0.0,0.058,0.965,1.0,1.0
92082,5.092011593562909,10375.15679981008,0.0,0.063,0.966,0.999,0.999
92083,5.098471678136454,10509.871120333142,0.0,0.036,0.982,1.0,1.0
92084,5.10352041709955,10383.307414598972,0.0,0.059,0.965,0.998,1.0
92091,5.1242949494114045,9960.590141576396,0.0,0.147,0.926,0.995,0.998
92101,5.103992499220284,10261.631368584762,0.0,0.084,0.956,0.997,0.998
92102,5.094944327238771,10480.986109120902,0.0,0.033,0.983,1.0,1.0
92103,5.098526403018708,10378.582413017639,0.0,0.068,0.967,0.999,1.0
92104,5.095371181225454,10465.178475555174,0.0,0.048,0.977,0.999,1.0
92105,5.091713390347944,10495.582385233174,0.0,0.033,0.98,0.999,0.999
92106,5.103171552397075,10088.587654261819,0.0,0.134,0.932,0.997,0.999
92107,5.096702421542693,10282.664469248288,0.0,0.08,0.959,1.0,1.0
92108,5.104306826424628,10403.402057218076,0.0,0.054,0.971,0.998,0.998
92109,5.094251971182884,10321.415527626574,0.0,0.082,0.963,1.0,1.0
92110,5.0999312966019605,10348.168698075386,0.0,0.069,0.965,1.001,1.001
92111,5.096993058267572,10442.948234632782,0.0,0.05,0.975,0.998,0.999
92113,5.10186053271062,10517.740530477326,0.0,0.035,0.978,0.996,0.998
92114,5.100284821582721,10501.353339259531,0.0,0.038,0.978,0.999,1.0
92115,5.097598370266533,10463.199967746199,0.0,0.053,0.977,0.998,0.999
92116,5.098507629020655,10430.683085552824,0.0,0.053,0.975,1.0,1.001
92117,5.0930037699510535,10384.165596509956,0.0,0.066,0.963,1.0,1.001
92118,5.10599137759969,10167.155444419272,0.0,0.115,0.942,0.999,1.001
92119,5.093080699720484,10331.211503748362,0.0,0.076,0.961,1.0,1.0
92120,5.096471101147632,10228.10538742023,0.0,0.089,0.949,1.0,1.0
92121,5.110283247108013,10151.819689873748,0.0,0.115,0.946,0.999,1.002
92122,5.102535316630201,10202.105716526952,0.0,0.107,0.949,0.998,1.0
92123,5.096804045827545,10341.253027850082,0.0,0.072,0.964,1.0,1.0
92124,5.097304168482709,10361.515250592856,0.0,0.067,0.961,0.998,0.998
92126,5.096259785148696,10314.391940132899,0.0,0.073,0.959,1.0,1.001
92127,5.090691493488246,10059.200252301876,0.0,0.139,0.924,1.0,1.0
92128,5.0988750710051765,10291.34441479393,0.0,0.091,0.95,0.997,0.998
92129,5.097291185094432,10181.123970369248,0.0,0.115,0.937,1.0,1.001
92130,5.101566718078237,9908.791592488757,0.0,0.166,0.905,0.999,1.0
92131,5.097131566938513,10068.12782816192,0.0,0.131,0.929,1.0,1.0
92139,5.096962172841192,10492.482003688177,0.0,0.037,0.977,0.999,0.999
92154,5.098048365579629,10504.022583409205,0.0,0.042,0.983,1.0,1.001
92173,5.095001241051253,10385.992581445578,0.0,0.05,0.976,1.001,1.002
92201,7.454349281306016,12714.680146041665,0.0,0.005,0.632,0.997,1.0
92203,7.454401622215446,12642.570913558811,0.0,0.0,0.639,0.993,1.0
92210,7.4588275979428955,12477.155557647351,0.0,0.004,0.622,0.984,0.999
92211,7.451641170587288,12623.797223057807,0.0,0.004,0.635,0.997,1.001
92220,7.461007538945835,12698.468306484503,0.0,0.011,0.625,0.995,1.0
92223,7.451497555120134,12701.820789772704,0.0,0.004,0.634,0.996,1.0
92231,7.073500293743466,12442.533459477141,0.0,0.001,0.839,0.996,1.001
92234,7.459706303019395,12642.959281251184,0.0,0.006,0.632,0.993,1.001
92236,7.1090092321499965,12525.741240483801,0.0,0.006,0.835,0.996,0.999
92240,7.466741458983468,12735.192654605173,0.0,0.0,0.62,0.996,1.0
92241,7.465129769292778,12671.612091461828,0.0,0.013,0.639,0.992,0.998
92243,7.062477902817717,12414.96967336203,0.0,0.01,0.855,0.995,1.001
92249,7.081367468917831,12280.570449565355,0.0,0.026,0.809,0.991,1.0
92251,4.821318349383148,10016.456919439726,0.0,0.052,0.98,1.001,1.001
92253,7.45439364479832,12611.358865297072,0.0,0.002,0.627,0.994,0.998
92260,7.466922206198497,12630.912683592578,0.0,0.004,0.616,0.996,1.002
92262,7.461823118969356,12605.05416062253,0.0,0.005,0.627,0.994,0.999
92264,7.465100745837943,12622.553234307275,0.0,0.006,0.638,0.994,0.999
92270,7.451141836465591,12489.610921488818,0.0,0.008,0.628,0.993,1.001
92274,4.847702343736062,10166.126676308279,0.0,0.03,0.988,1.0,1.0
92276,7.456255969379834,12770.844609890115,0.0,0.006,0.632,0.998,1.0
92277,7.066923615178184,12415.054074740307,0.0,0.019,0.867,0.994,1.0
92283,7.410149623412117,12575.735813085823,0.0,0.019,0.648,0.994,1.0
92301,7.065871713391603,12482.300562999908,0.0,0.004,0.861,0.995,0.999
92307,7.069797635448372,12403.742258267375,0.0,0.011,0.828,0.998,1.001
92308,7.070138400925922,12435.891403390448,0.0,0.014,0.844,0.999,1.002
92311,7.060846409407443,12357.418075950658,0.0,0.016,0.845,0.992,0.999
92313,7.06084656877823,12478.130049809111,0.0,0.0,0.834,0.998,0.998
92314,7.073534813802568,12394.394630406056,0.0,0.008,0.835,0.993,0.999
92315,7.072493670483787,12368.634087822453,0.0,0.013,0.829,0.997,1.001
92316,7.060713100279891,12463.200848462438,0.0,0.008,0.844,0.994,0.997
92320,7.462187824995946,12750.487164140852,0.0,0.0,0.623,0.999,1.002
92321,7.075905219016937,12158.31792043357,0.0,0.032,0.857,0.986,1.0
92324,7.0794495655912915,12501.679898434939,0.0,0.001,0.841,0.997,0.999
92325,7.0622279219812825,12458.771339690764,0.0,0.008,0.847,1.0,1.003
92333,5.669930136899672,11261.891178688802,0.0,0.02,0.981,0.999,1.0
92335,7.06388106892331,12485.923540274021,0.0,0.005,0.847,0.998,1.002
92336,7.063091024230362,12355.699831199128,0.0,0.002,0.806,0.997,0.998
92337,7.067142689852409,12478.811414455322,0.0,0.004,0.819,1.001,1.001
92342,7.069228063873042,12463.919615337194,0.0,0.005,0.839,0.998,0.999
92344,7.056674558361607,12383.925671321691,0.0,0.008,0.821,0.996,1.0
92345,7.062226134235347,12466.921770040222,0.0,0.012,0.853,0.998,1.0
92346,7.061778664872189,12403.785616128316,0.0,0.011,0.827,0.999,1.001
92352,7.066446284495938,12353.984888940062,0.0,0.0,0.805,0.998,1.0
92354,7.060990172853354,12345.293712532617,0.0,0.018,0.827,0.998,1.003
92358,7.06542427229529,12544.610483190625,0.0,0.0,0.863,0.996,0.998
92359,7.057379782206967,12464.47006758974,0.0,0.004,0.83,0.999,1.001
92363,7.047943561453508,12370.144985012283,0.0,0.019,0.825,0.997,1.001
92373,7.072481086212896,12364.067108020281,0.0,0.0,0.812,0.998,1.002
92374,7.0600406117801375,12400.409913504573,0.0,0.009,0.82,0.998,1.001
92376,7.053531582748961,12434.928709081254,0.0,0.012,0.837,0.995,0.999
92377,7.066051298828196,12381.32501892852,0.0,0.0,0.823,0.997,0.998
92378,7.0595688351061705,12582.850519837759,0.0,0.0,0.852,1.0,1.0
92386,7.0716676742057185,12350.396924130342,0.0,0.023,0.847,0.992,1.0
92391,7.047715455848144,12455.743303219564,0.0,0.013,0.822,0.995,1.0
92392,7.071521905319759,12471.571853608764,0.0,0.006,0.838,0.998,1.0
92394,7.05326890743976,12359.15564837212,0.0,0.014,0.838,0.991,0.999
92395,7.063207807201617,12431.205457027927,0.0,0.011,0.845,0.994,0.999
92399,7.069611668366453,12369.857472028247,0.0,0.013,0.811,0.997,1.0
92401,7.055069245692109,12427.607548806413,0.0,0.007,0.826,0.998,1.001
92404,7.064163721125075,12417.772639927738,0.0,0.015,0.843,0.995,1.0
92405,7.07442465528497,12405.041447705344,0.0,0.011,0.864,0.993,1.001
92407,7.059725940963859,12434.708391390042,0.0,0.005,0.826,0.996,0.999
92408,7.069626122125644,12336.035301851667,0.0,0.025,0.84,0.993,1.0
92410,7.064829414131504,12421.895814626061,0.0,0.018,0.843,0.995,1.0
92411,7.065072162180916,12466.023495517795,0.0,0.007,0.841,0.996,0.999
92501,7.465052330374442,12632.839103188899,0.0,0.01,0.627,0.991,0.998
92503,7.459269743789914,12679.779988005352,0.0,0.0,0.616,0.995,1.001
92504,7.4545477315700515,12695.499883329823,0.0,0.004,0.638,0.993,1.0
92505,7.447531868972248,12685.669268805881,0.0,0.008,0.618,0.997,1.0
92506,7.459120382099818,12642.511304207392,0.0,0.0,0.621,0.993,1.0
92507,7.462624594302825,12665.539253333149,0.0,0.002,0.614,0.993,1.0
92508,7.461528198950208,12551.923844717114,0.0,0.0,0.632,0.989,0.998
92509,7.444316389887226,12700.073256111695,0.0,0.004,0.636,0.997,1.001
92518,7.457514285556999,12633.874428107883,0.0,0.017,0.629,0.993,1.0
92530,4.845852821692115,10164.118550841931,0.0,0.039,0.986,0.999,1.0
92532,7.455042021002112,12655.143188446436,0.0,0.006,0.61,0.995,0.999
92543,7.455386418449719,12615.142542841295,0.0,0.02,0.632,0.993,0.999
92544,7.459571893428473,12696.76044758869,0.0,0.005,0.618,0.997,1.001
92545,7.458981995143231,12712.35606657328,0.0,0.002,0.623,0.994,0.999
92548,7.461838047435685,12780.388663149031,0.0,0.0,0.632,0.998,1.001
92551,7.454877281967212,12727.877665402806,0.0,0.008,0.618,0.999,1.002
92553,7.459074083242291,12705.223112382688,0.0,0.009,0.633,0.993,0.999
92555,7.453311020265935,12659.131348131637,0.0,0.003,0.616,0.993,0.997
92557,7.454587624697163,12697.607916420875,0.0,0.005,0.616,0.997,1.001
92562,4.845052439316236,9985.621743318748,0.0,0.081,0.968,1.0,1.0
92563,7.458209151851015,12614.838822163163,0.0,0.006,0.602,0.994,1.0
92567,7.4553101827817,12619.560687970064,0.0,0.006,0.637,0.991,1.001
92570,7.457235244923655,12673.567093582558,0.0,0.011,0.605,0.995,1.0
92571,7.459943256077155,12723.630859772005,0.0,0.0,0.616,0.997,1.001
92582,7.441292137827149,12636.643036944102,0.0,0.008,0.612,0.992,0.999
92583,7.455616892529533,12739.161114396617,0.0,0.009,0.625,0.997,1.001
92584,7.4543330082585975,12663.470575948919,0.0,0.002,0.607,0.996,0.999
92585,7.462695707831754,12670.780085423547,0.0,0.0,0.629,0.992,1.0
92586,7.452523810863108,12732.553508666279,0.0,0.008,0.623,0.998,1.002
92587,7.4543106964599595,12617.207471567946,0.0,0.005,0.613,0.991,0.999
92590,4.853609508574284,9978.746874615046,0.0,0.074,0.969,0.998,0.999
92591,7.45527441495346,12613.622774569607,0.0,0.006,0.615,0.998,1.001
92592,4.843901955449243,9920.680197806696,0.0,0.106,0.96,1.001,1.002
92595,7.455770332858836,12623.852162198193,0.0,0.006,0.604,0.996,1.0
92596,7.450178229205852,12646.207271169005,0.0,0.005,0.62,0.995,1.001
92602,8.124057373898752,12907.180023175966,0.0,0.004,0.333,0.98,1.0
92603,8.125632839262385,12794.40209966679,0.0,0.0,0.413,0.973,1.002
92604,8.114368190903201,12955.502962427676,0.0,0.002,0.312,0.992,1.0
92606,8.127655694335076,12816.894680876532,0.0,0.004,0.36,0.98,1.0
92610,8.112717029555464,12876.754996648759,0.0,0.0,0.337,0.985,1.0
92612,8.133286471484794,12959.576584903602,0.0,0.0,0.31,0.986,1.0
92614,8.114770333214432,12837.512018143416,0.0,0.013,0.331,0.981,1.0
92617,8.097957870036225,12694.802975379858,0.0,0.024,0.361,0.971,0.999
92618,8.111069377822115,12814.70107086679,0.0,0.014,0.339,0.983,1.002
92620,8.111751188342271,12807.31966569717,0.0,0.011,0.337,0.983,0.999
92624,5.266275826216153,10477.088219597119,0.0,0.097,0.939,1.001,1.001
92625,8.110303905630023,12777.264255729788,0.0,0.004,0.385,0.985,1.001
92626,8.11185213408045,12955.952551070892,0.0,0.009,0.295,0.989,1.0
92627,8.115730297232217,13009.97164932507,0.0,0.0,0.307,0.987,0.999
92629,5.279333401494337,10449.978758729812,0.0,0.09,0.942,0.997,0.999
92630,5.272509873802634,10493.054423796675,0.0,0.084,0.946,1.001,1.002
92637,5.286583935706443,10711.170963486837,0.0,0.039,0.982,0.996,1.0
92646,8.11747082694717,12991.647101851153,0.0,0.0,0.308,0.989,0.999
92647,8.106679576038657,12964.534859427278,0.0,0.006,0.289,0.991,1.001
92648,8.110886726754696,12973.84428088643,0.0,0.005,0.304,0.988,1.002
92649,8.121922470498918,12967.256825587758,0.0,0.0,0.321,0.992,0.999
92651,5.272239854638225,10269.168949692914,0.0,0.137,0.917,1.0,1.0
92653,5.273411482315163,10523.226908523693,0.0,0.079,0.949,0.997,0.998
92655,8.12228661822897,12927.484558806409,0.0,0.016,0.291,0.983,1.001
92656,5.275397976941979,10510.716569483782,0.0,0.09,0.95,1.001,1.002
92657,8.102013820589494,12741.67078043803,0.0,0.008,0.394,0.985,1.001
92660,8.123307425031975,12811.544995343924,0.0,0.0,0.379,0.978,1.0
92661,8.108036069409964,12710.58780158759,0.0,0.002,0.423,0.97,0.999
92662,8.114800929515473,12890.850847191512,0.0,0.0,0.368,0.979,1.0
92663,8.107307428991469,12856.957393930286,0.0,0.008,0.35,0.979,1.0
92672,5.27451148028216,10512.354148896842,0.0,0.088,0.943,0.997,0.998
92673,5.272758537563616,10274.155823457779,0.0,0.134,0.92,1.001,1.002
92675,5.271588591559802,10538.0068242408,0.0,0.074,0.95,1.001,1.001
92676,8.117011774658216,12899.950967613953,0.0,0.004,0.35,0.985,1.001
92677,5.269248222114998,10440.460809390996,0.0,0.095,0.939,0.999,0.999
92679,5.2687198891807565,10196.30891433667,0.0,0.157,0.908,1.002,1.002
92683,8.134808858209249,12975.4734523713,0.0,0.0,0.284,0.982,0.999
92688,5.2710551287559175,10431.337689714004,0.0,0.101,0.939,0.998,0.999
92691,5.271161010793584,10542.599975937093,0.0,0.079,0.948,1.0,1.0
92692,5.272206548518498,10382.600681831726,0.0,0.116,0.932,0.997,0.998
92694,5.276942936372922,10211.55780156582,0.0,0.154,0.91,0.997,0.998
92701,8.11904621122132,13124.474689330988,0.0,0.0,0.236,0.994,0.999
92703,8.121637504672508,13080.953720592915,0.0,0.003,0.248,0.995,1.0
92704,8.116204366274575,13097.033819714985,0.0,0.0,0.264,0.99,0.999
92705,8.113977498148126,12890.044906148038,0.0,0.004,0.341,0.98,1.0
92706,8.119103931404762,13043.114512225753,0.0,0.0,0.282,0.993,1.0
92707,8.118572680106178,13103.149334387834,0.0,0.0,0.254,0.992,1.0
92708,8.125953353192113,13004.980927571305,0.0,0.0,0.297,0.989,1.001
92780,8.116180352732908,13040.917110423155,0.0,0.001,0.288,0.991,1.001
92782,8.116197671489049,12906.671623208425,0.0,0.002,0.353,0.982,0.999
92801,8.121762400054491,13131.024941510788,0.0,0.0,0.248,0.992,1.001
92802,8.10708263552009,13042.27340040813,0.0,0.005,0.249,0.992,1.0
92804,8.11778423292204,13026.380635173025,0.0,0.005,0.261,0.987,0.998
92805,8.109669945233415,13078.047080254779,0.0,0.003,0.274,0.993,1.0
92806,8.105456476428383,13008.09490883259,0.0,0.004,0.292,0.985,0.999
92807,8.115994356342693,12947.760017151182,0.0,0.001,0.329,0.982,0.999
92808,8.111210919335033,12945.552481988874,0.0,0.0,0.342,0.986,1.0
92821,8.102441167237771,12947.061498216763,0.0,0.006,0.314,0.982,0.999
92823,8.101657228846056,12782.846667779248,0.0,0.008,0.392,0.976,1.0
92831,8.117344641274656,12926.811654710611,0.0,0.003,0.303,0.985,1.0
92832,8.122461401020884,13036.772661539619,0.0,0.0,0.276,0.992,1.0
92833,8.10534228968104,12957.28765435874,0.0,0.011,0.302,0.988,1.0
92835,8.101995587003103,12878.095469045915,0.0,0.007,0.333,0.984,1.001
92840,8.104974866909345,13069.960743845124,0.0,0.0,0.263,0.991,1.0
92841,8.113006271972553,13039.34565904098,0.0,0.009,0.266,0.991,1.001
92843,8.119512296257293,13070.957674075215,0.0,0.001,0.268,0.993,0.999
92844,8.119693679213453,13006.058946059311,0.0,0.002,0.287,0.986,1.0
92845,8.11005977202094,12986.159741889138,0.0,0.003,0.317,0.984,1.0
92860,7.460449628455646,12575.349662231227,0.0,0.004,0.619,0.99,0.999
92861,8.116495995670567,12735.660955809944,0.0,0.003,0.392,0.975,1.001
92865,8.109408450058988,12997.26282275661,0.0,0.003,0.304,0.984,0.999
92866,8.130584896536964,12957.188635356937,0.0,0.005,0.287,0.985,1.002
92867,8.115134359949176,12936.079146874481,0.0,0.002,0.333,0.983,1.0
92868,8.109327959891756,13047.554267343223,0.0,0.007,0.278,0.992,0.999
92869,8.11745552460269,12955.531414429066,0.0,0.0,0.348,0.993,1.001
92870,8.12541033440918,13009.137523487829,0.0,0.0,0.301,0.983,0.998
92879,7.4580701068111,12687.33293898864,0.0,0.0,0.617,0.995,1.0
92880,7.4472954976134496,12501.05219217668,0.0,0.001,0.628,0.994,1.0
92881,7.451536810100755,12521.303693945145,0.0,0.005,0.604,0.992,1.0
92882,7.445132579363138,12603.611216034627,0.0,0.007,0.625,0.997,0.999
92883,7.451319085221164,12504.512636675252,0.0,0.012,0.634,0.986,1.0
92886,8.112165992228267,12925.448392564465,0.0,0.003,0.346,0.986,1.001
92887,8.1148293554348,12854.11292977641,0.0,0.0,0.366,0.98,1.002
93001,7.757746000319766,12869.931165862352,0.0,0.001,0.454,0.995,1.0
93003,7.75890128566397,12795.237545673028,0.0,0.003,0.469,0.989,0.998
93004,7.752835224648514,12819.363489158484,0.0,0.001,0.481,0.993,1.001
93010,7.746056086338165,12776.148953279442,0.0,0.008,0.474,0.994,1.001
93012,7.755495586297346,12790.89410468493,0.0,0.003,0.475,0.992,1.001
93013,7.714159166197453,12706.68965220951,0.0,0.0,0.509,0.993,1.0
93021,7.747774459321868,12746.732765402694,0.0,0.0,0.492,0.987,1.001
93022,7.757031046772393,12841.170298774026,0.0,0.0,0.448,0.992,1.001
93023,7.755625895561003,12802.727219335788,0.0,0.0,0.478,0.988,0.999
93030,7.754405023349092,12866.896276547337,0.0,0.007,0.458,0.994,1.002
93033,7.752186439912074,12921.754701553315,0.0,0.001,0.45,0.998,1.002
93035,7.746933266039706,12804.38981520132,0.0,0.006,0.48,0.989,0.999
93036,7.741671238810251,12872.683108716074,0.0,0.006,0.452,0.994,1.0
93041,7.749052465756475,12916.478466795757,0.0,0.003,0.433,0.996,1.0
93060,7.751411143955509,12912.877370056582,0.0,0.0,0.434,0.995,0.999
93063,7.747802694442677,12785.602722676244,0.0,0.007,0.466,0.993,1.0
93065,7.7525838725755,12801.796194048393,0.0,0.006,0.466,0.996,1.0
93066,7.751364095930176,12697.958618658538,0.0,0.0,0.498,0.986,0.999
93101,7.698437748092876,12749.417541322297,0.0,0.009,0.486,0.986,1.0
93103,7.7035366183433815,12725.490477218591,0.0,0.005,0.484,0.994,1.0
93105,6.127938160292759,11368.663282680041,0.0,0.055,0.898,0.997,0.999
93108,7.693569410116553,12420.654078681742,0.0,0.007,0.571,0.975,0.998
93109,7.70771507536163,12598.724758940281,0.0,0.007,0.525,0.985,0.999
93110,7.724022743469497,12692.711760916107,0.0,0.0,0.491,0.991,1.0
93111,7.702904285186791,12675.709376297556,0.0,0.006,0.509,0.99,0.998
93117,6.151680636028157,11399.552749111694,0.0,0.056,0.919,0.994,1.0
93202,8.121776759488588,13152.156290795148,0.0,0.0,0.183,0.996,1.001
93215,6.426633312863852,11983.404470321584,0.0,0.012,0.978,0.998,1.0
93221,8.17103399594297,13122.010851704623,0.0,0.0,0.22,0.993,1.0
93223,8.160419471273563,13192.457202392068,0.0,0.003,0.191,0.998,1.001
93230,6.452560040128519,11969.815444298387,0.0,0.014,0.969,0.996,0.999
93235,8.16435971186091,13106.355077675113,0.0,0.009,0.17,0.99,1.001
93245,6.45141194985587,11941.780004071337,0.0,0.016,0.961,0.997,0.998
93247,8.18829859321175,13063.937429218697,0.0,0.009,0.207,0.99,1.0
93250,6.43574468533842,11940.695733950874,0.0,0.025,0.976,0.993,0.999
93257,8.180009856808908,13153.372805472873,0.0,0.0,0.191,0.993,1.001
93267,8.173430520895613,13098.591443671885,0.0,0.004,0.184,0.993,1.001
93274,6.504796022570366,12001.632178789328,0.0,0.018,0.974,0.998,1.002
93277,8.170238108775216,13113.305543302806,0.0,0.0,0.202,0.991,1.0
93291,6.495603977671526,11944.073622566624,0.0,0.017,0.955,0.994,0.998
93292,6.493923387372737,11980.715523873554,0.0,0.019,0.958,0.995,0.998
93301,6.446042176621465,11839.071684862438,0.0,0.027,0.962,0.994,1.001
93304,6.442579188100452,11925.169026088659,0.0,0.025,0.963,0.996,0.999
93305,6.4339583772017175,11923.557624804673,0.0,0.02,0.967,0.996,1.001
93306,6.43545821064984,11946.50297156367,0.0,0.012,0.964,0.997,1.0
93307,6.43111341209711,12003.3286397926,0.0,0.013,0.972,0.997,0.999
93308,6.440345725075963,11934.543083624183,0.0,0.015,0.967,0.994,0.999
93309,6.435247934830776,11932.124501011807,0.0,0.016,0.969,0.996,1.001
93311,6.42665221662658,11827.430993923796,0.0,0.007,0.927,0.998,0.999
93312,6.43145707783393,11832.006411528784,0.0,0.03,0.948,1.0,1.002
93313,6.431327600522968,11962.19065514709,0.0,0.013,0.97,1.002,1.002
93314,6.431274480853145,11822.447369577269,0.0,0.022,0.924,0.996,0.998
93401,6.099674768927692,11445.875569223712,0.0,0.05,0.941,0.998,1.001
93405,6.114183073536641,11410.82379717857,0.0,0.041,0.941,0.996,1.001
93420,6.089781863167758,11529.784301347721,0.0,0.043,0.947,0.998,0.999
93422,6.080504807705702,11537.78940819605,0.0,0.042,0.951,1.001,1.001
93424,6.0950148518856935,11425.092313752073,0.0,0.032,0.921,1.0,1.001
93433,6.095067983163111,11647.820391068231,0.0,0.007,0.971,1.002,1.002
93444,6.087806790036785,11607.30870753397,0.0,0.023,0.96,1.001,1.001
93445,6.093573501811503,11573.969638909775,0.0,0.029,0.973,0.997,1.0
93446,6.096469490901604,11538.951039466965,0.0,0.034,0.956,0.997,0.999
93449,6.100759476233805,11448.595481207143,0.0,0.044,0.94,0.998,1.002
93454,6.127179198821777,11674.677108452332,0.0,0.014,0.974,0.996,0.998
93455,6.124414333875444,11578.043126485603,0.0,0.031,0.959,1.001,1.002
93458,6.1267910092215665,11743.593181189572,0.0,0.009,0.982,0.997,0.999
93465,6.08850339288798,11526.094778863793,0.0,0.038,0.95,1.001,1.002
93534,7.234229503113912,12574.029126158031,0.0,0.0,0.757,0.999,1.001
93535,7.227102609522802,12479.45144370557,0.0,0.018,0.78,0.992,0.999
93536,5.749924206922059,11213.126907192984,0.0,0.038,0.965,0.997,0.999
93543,7.233402989761731,12621.48779189156,0.0,0.001,0.737,0.998,1.0
93550,7.225932642685594,12540.343117050925,0.0,0.008,0.765,0.995,1.001
93551,7.220185778018854,12440.729290316545,0.0,0.005,0.729,0.997,1.0
93552,7.225617504433752,12589.301973529802,0.0,0.009,0.758,0.996,0.998
93611,6.5281576298363,11975.959609575106,0.0,0.013,0.939,0.999,1.0
93612,6.525600535803457,12011.197871947696,0.0,0.02,0.969,0.997,0.999
93616,6.53947545783455,12062.504509981161,0.0,0.014,0.972,0.997,1.001
93618,6.502939483037216,11987.432103539768,0.0,0.013,0.968,0.998,1.001
93619,6.533316820521781,11880.004138838203,0.0,0.008,0.926,0.998,1.001
93625,6.545738214780288,11825.944730050367,0.0,0.038,0.935,0.994,1.0
93631,6.532397621452429,11976.131601471736,0.0,0.011,0.96,0.997,1.001
93635,6.530309807483467,12024.703776176912,0.0,0.015,0.971,0.996,1.0
93636,6.492299386085711,11898.836856002308,0.0,0.024,0.932,1.0,1.0
93637,6.498802627529791,11986.87550247682,0.0,0.008,0.961,0.995,1.0
93638,6.490111618357658,11978.054052999512,0.0,0.015,0.97,0.996,0.999
93646,6.541445919601787,12027.410970640085,0.0,0.013,0.964,0.999,1.002
93648,6.540287025450866,12040.523211801514,0.0,0.019,0.961,0.998,1.0
93650,6.543005373953371,12016.638046617167,0.0,0.025,0.974,0.995,1.0
93654,6.545432321786229,12051.179003765452,0.0,0.006,0.969,0.998,1.001
93657,6.519199650335492,12018.674357289712,0.0,0.009,0.959,1.001,1.001
93662,6.5320822217109695,11994.321878040662,0.0,0.022,0.964,0.999,1.001
93673,6.500865315876965,12070.791242978281,0.0,0.009,0.99,0.999,1.002
93701,6.5357656556237815,11927.43762215397,0.0,0.033,0.953,0.993,1.0
93702,6.539572752389495,12055.536302438026,0.0,0.001,0.962,0.999,1.001
93703,6.5364514741256015,11927.279216977313,0.0,0.035,0.958,0.995,1.0
93704,6.5366632769326865,11944.300545032876,0.0,0.018,0.946,0.995,1.0
93705,6.5430268348644836,12004.35297958093,0.0,0.018,0.967,0.993,0.999
93706,6.550756869818319,11792.101117992577,0.0,0.044,0.932,0.987,0.998
93710,6.549939458509244,11973.20462016982,0.0,0.018,0.964,0.994,1.001
93711,6.531630184156722,11961.594075512903,0.0,0.003,0.941,0.999,1.0
93720,6.535293162917394,11958.933593078964,0.0,0.008,0.952,0.997,1.0
93721,6.536259082782774,11997.544842978452,0.0,0.016,0.955,0.994,1.0
93722,6.539695643871717,12014.397022726556,0.0,0.014,0.966,0.996,1.001
93723,6.52761069052419,11990.060715683752,0.0,0.008,0.938,1.002,1.002
93725,6.536181251438522,12041.834185808364,0.0,0.012,0.968,0.999,1.001
93726,6.542125492403473,11994.086003765244,0.0,0.016,0.966,0.993,1.0
93727,6.536996334107119,11951.02449464874,0.0,0.024,0.955,0.998,1.0
93728,6.549470330411712,11951.98899879677,0.0,0.02,0.952,0.993,0.999
93730,6.534112454481786,11766.324235135082,0.0,0.014,0.909,0.996,0.999
93737,6.525089480225855,12016.667812043534,0.0,0.02,0.959,0.999,1.0
93901,6.5660311598224155,12021.274738641816,0.0,0.016,0.955,0.999,1.001
93905,6.564064826149172,12094.692662881465,0.0,0.006,0.966,0.998,0.998
93906,6.566750752127663,11994.695019159519,0.0,0.023,0.952,1.001,1.001
93907,6.570023933652563,12045.81547281389,0.0,0.003,0.941,0.998,1.0
93908,6.568340261886105,11792.370010566767,0.0,0.012,0.889,1.001,1.001
93923,6.564806722600883,11848.683617319293,0.0,0.015,0.893,1.0,1.001
93924,6.570158930786282,11752.547984425752,0.0,0.025,0.882,0.997,1.0
93933,6.575675591871259,12021.61495792708,0.0,0.008,0.938,0.998,0.999
93940,6.571195152683842,11977.680024989937,0.0,0.007,0.945,0.997,1.0
93950,6.569931914697395,11940.83251325247,0.0,0.018,0.929,0.996,0.999
93953,6.570677129260103,11757.234001812541,0.0,0.024,0.88,0.997,0.998
93955,6.565095500113782,12037.489938148512,0.0,0.019,0.958,0.997,0.999
94002,6.632470221800698,11642.15116302951,0.0,0.032,0.838,0.996,0.998
94005,6.637320655424839,11870.219529128239,0.0,0.008,0.88,0.999,1.0
94010,6.639540600690605,11715.72450683929,0.0,0.011,0.858,0.995,1.0
94014,6.630371769818591,12003.825966447455,0.0,0.011,0.924,0.998,0.999
94015,6.641225303466802,11878.66644809567,0.0,0.015,0.909,0.998,1.001
94018,6.628950999081743,11680.378227137278,0.0,0.025,0.828,1.0,1.0
94019,6.638379536332336,11793.39693835686,0.0,0.014,0.872,0.997,0.999
94022,6.467508052214634,11415.219746896957,0.0,0.05,0.806,0.999,0.999
94024,6.463568909693519,11394.705330627488,0.0,0.034,0.82,1.001,1.001
94025,6.631962772408992,11722.242172781795,0.0,0.011,0.848,0.999,1.0
94027,6.63123090809179,11516.69565343017,0.0,0.029,0.787,0.999,1.001
94028,6.629073780208994,11645.410393432185,0.0,0.017,0.817,0.999,0.999
94030,6.6363430028984105,11881.407767742983,0.0,0.004,0.87,0.998,1.001
94037,6.628120749107243,11771.796090942718,0.0,0.014,0.856,1.0,1.0
94038,6.627644263715935,11914.399913723173,0.0,0.011,0.894,1.001,1.001
94040,6.457638190200834,11587.189687886059,0.0,0.039,0.883,1.001,1.001
94041,6.462265925513933,11619.268174377652,0.0,0.035,0.88,1.0,1.001
94043,6.4663070093498325,11605.46521421655,0.0,0.039,0.858,0.999,0.999
94044,6.6353468658167145,11937.808699251105,0.0,0.005,0.893,1.0,1.0
94061,6.633322886468457,11878.186709240226,0.0,0.014,0.876,1.0,1.001
94062,6.630932475001191,11646.02114056881,0.0,0.021,0.832,0.998,1.0
94063,6.634072991210847,11959.073521673125,0.0,0.01,0.922,1.0,1.002
94065,6.628537032380058,11641.85702446058,0.0,0.026,0.848,1.0,1.001
94066,6.634434958390366,11951.22719876881,0.0,0.011,0.901,0.998,0.999
94070,6.634727579180406,11646.789862428466,0.0,0.019,0.828,0.997,0.998
94080,6.627319702771846,11876.241973793101,0.0,0.026,0.897,1.002,1.003
94085,6.467743477032049,11593.922632330168,0.0,0.031,0.881,0.998,1.0
94086,6.4683547091660945,11633.397910638827,0.0,0.032,0.875,0.995,0.998
94087,6.460110845216299,11535.174684209114,0.0,0.033,0.858,1.0,1.0
94089,6.460683090629344,11676.218998644603,0.0,0.02,0.894,0.998,0.999
94102,8.602196158820842,13250.023093091728,0.0,0.0,0.175,0.985,0.998
94103,8.601267351921965,13141.060975700337,0.0,0.0,0.236,0.979,0.999
94104,8.581317463677115,13310.61469667041,0.0,0.0,0.127,0.991,0.998
94105,8.610186492451547,12882.927373795535,0.0,0.0,0.407,0.947,1.0
94107,8.595196996064779,13041.850043833456,0.0,0.0,0.289,0.966,1.001
94108,8.594194030005033,13270.393039172734,0.0,0.0,0.156,0.986,1.001
94109,8.59211931303512,13140.5372734864,0.0,0.003,0.204,0.981,1.001
94110,8.589657766964867,13062.771935997744,0.0,0.003,0.256,0.971,0.999
94111,8.591772127864191,13102.691666440875,0.0,0.0,0.287,0.972,1.0
94112,7.162759211142204,12374.478065850386,0.0,0.002,0.763,0.994,0.998
94114,8.592352936252393,13029.58799480236,0.0,0.0,0.299,0.967,0.999
94115,8.578469305390577,13059.410617862475,0.0,0.007,0.258,0.973,0.998
94116,8.585149621850352,13138.097698046819,0.0,0.0,0.243,0.975,1.001
94117,8.584769524381102,13021.129985805253,0.0,0.0,0.299,0.965,0.997
94118,8.590492890248813,13120.935040478285,0.0,0.0,0.253,0.97,0.999
94121,8.597419508128652,13155.119476906306,0.0,0.0,0.224,0.973,1.0
94122,8.59624037930738,13136.844967160707,0.0,0.0,0.221,0.97,1.0
94123,8.588627281692805,13004.953839471984,0.0,0.0,0.321,0.961,1.0
94124,7.173419765998204,12384.070707188812,0.0,0.005,0.769,0.991,1.0
94127,8.579065920597925,12996.048888652622,0.0,0.005,0.314,0.973,1.0
94129,8.584036303506275,12916.543055980903,0.0,0.0,0.366,0.956,1.001
94130,8.586799126164376,13207.458924275772,0.0,0.003,0.181,0.986,1.001
94131,8.580781909170865,13015.207713683416,0.0,0.003,0.299,0.968,0.999
94132,7.169191367612729,12345.147038348223,0.0,0.001,0.746,0.997,1.0
94133,7.176069401845551,12253.15526762008,0.0,0.012,0.755,0.99,0.999
94134,7.169563203794733,12308.819733736695,0.0,0.012,0.76,0.991,0.999
94158,8.581274814411398,13034.17243968207,0.0,0.004,0.303,0.969,1.0
94301,6.474147740031687,11498.228905940476,0.0,0.038,0.847,0.997,0.999
94303,6.543762413448944,11736.108859657083,0.0,0.021,0.883,0.999,1.0
94304,6.463263360345571,11628.496634918354,0.0,0.035,0.881,0.998,0.999
94305,6.4835484488850845,11561.797093224928,0.0,0.054,0.884,0.994,1.0
94306,6.468917277814596,11542.484461470109,0.0,0.035,0.851,0.997,0.999
94401,6.636165457732436,11945.037157199014,0.0,0.017,0.918,0.998,1.0
94402,6.641093608016992,11725.343204310304,0.0,0.019,0.861,0.998,1.001
94403,6.645254328528434,11792.902768596177,0.0,0.018,0.864,0.999,1.002
94404,6.6426079569203,11780.010483050397,0.0,0.0,0.853,1.0,1.001
94501,6.556210746178442,11817.24368943577,0.0,0.018,0.906,0.996,0.998
94502,6.556365178268871,11605.755950104014,0.0,0.026,0.841,1.001,1.001
94503,6.713417136891064,12010.055004234084,0.0,0.011,0.912,0.999,1.001
94505,6.541889114560357,11785.666330708664,0.0,0.02,0.899,1.001,1.001
94506,6.546910142438023,11498.01794966391,0.0,0.026,0.821,0.999,1.0
94507,6.541140074079867,11465.082282031928,0.0,0.028,0.798,1.0,1.0
94508,6.705163747566501,12115.267115429113,0.0,0.005,0.926,0.999,0.999
94509,6.554059123273557,11973.695186454055,0.0,0.018,0.95,0.995,0.999
94510,6.58697480331217,11926.931769488614,0.0,0.01,0.913,1.0,1.002
94513,6.547227708964478,11864.821663403414,0.0,0.019,0.905,0.998,0.999
94514,6.548342782919943,12048.05965647595,0.0,0.007,0.971,0.998,1.0
94515,6.719322342322576,12033.244781133064,0.0,0.015,0.897,0.998,1.002
94517,6.550106258460609,11774.767931832448,0.0,0.036,0.896,0.998,1.0
94518,6.554813571923803,11874.934275564978,0.0,0.015,0.92,1.0,1.002
94519,6.544717941670866,11936.190391006123,0.0,0.013,0.94,0.999,1.0
94520,6.551477402963951,11997.112445445046,0.0,0.013,0.952,0.994,0.998
94521,6.541194954808905,11876.613551629891,0.0,0.016,0.921,1.001,1.001
94523,6.547821978336631,11813.783506148711,0.0,0.017,0.896,0.996,0.999
94525,6.557797714987936,11934.069631394734,0.0,0.015,0.926,0.994,0.998
94526,6.551575679314296,11639.60613379877,0.0,0.026,0.836,1.0,1.001
94530,6.547135099477314,11783.969892514237,0.0,0.031,0.903,0.995,0.998
94531,6.544323272901283,11913.565848788801,0.0,0.017,0.928,0.997,0.998
94533,6.58936873421423,12032.72291847644,0.0,0.011,0.958,0.998,1.0
94534,6.592594740745561,11865.22020152973,0.0,0.018,0.92,0.996,0.999
94535,6.589904814693407,12183.828990158712,0.0,0.0,0.987,1.001,1.002
94536,6.553570302305677,11825.33560234414,0.0,0.005,0.888,0.998,0.998
94538,6.564617883506595,11822.077883321397,0.0,0.005,0.903,0.999,1.001
94539,6.559193607574002,11542.296470782692,0.0,0.039,0.837,1.001,1.001
94541,6.569445916399915,11999.495034208425,0.0,0.005,0.935,0.998,1.0
94542,6.5644726472972925,11850.1259240751,0.0,0.01,0.893,0.996,1.0
94544,6.553468985829953,11897.27331384879,0.0,0.028,0.931,0.998,0.999
94545,6.563214561077944,11996.215336017609,0.0,0.005,0.93,0.999,1.0
94546,6.562620019523688,11893.110214702449,0.0,0.006,0.926,0.998,1.0
94547,6.545382615293589,11818.912489620201,0.0,0.022,0.912,0.998,1.0
94549,6.540023639031952,11576.454689583548,0.0,0.02,0.83,0.997,0.998
94550,6.5594396858279245,11760.04708539345,0.0,0.023,0.876,0.998,0.999
94551,6.559875967304561,11838.414145987243,0.0,0.031,0.895,1.001,1.001
94552,6.573605729211582,11581.176767321045,0.0,0.047,0.84,0.997,1.001
94553,6.54827258276886,11819.58282443595,0.0,0.029,0.912,0.999,1.001
94555,6.559228648405826,11650.455636139735,0.0,0.018,0.859,1.0,1.0
94556,6.545896162179443,11568.629619394145,0.0,0.032,0.851,0.998,0.999
94558,6.711733605672224,12038.49389565108,0.0,0.007,0.903,0.998,1.0
94559,6.710381126172242,12090.972814619367,0.0,0.007,0.927,0.999,1.0
94560,6.560074030418572,11804.431268148426,0.0,0.023,0.887,0.999,0.999
94561,6.544472931024184,11917.421580960607,0.0,0.021,0.938,1.0,1.0
94563,6.537997265235357,11543.385959800129,0.0,0.015,0.83,1.002,1.002
94564,6.5452286239352535,11951.242701217427,0.0,0.012,0.938,0.998,0.999
94565,6.54169261540311,11987.400481984667,0.0,0.02,0.953,1.0,1.0
94566,6.562091462589248,11645.59078529615,0.0,0.053,0.85,0.999,1.0
94568,6.562149938759752,11680.745595367234,0.0,0.019,0.863,1.0,1.001
94572,6.547164231553817,11960.051200570379,0.0,0.012,0.944,0.998,1.001
94574,6.707500553225242,11960.69317697626,0.0,0.007,0.878,1.0,1.0
94576,6.711018442467102,12101.831228640936,0.0,0.0,0.912,1.0,1.0
94577,6.5618773645521085,11879.076700440051,0.0,0.014,0.925,0.998,1.002
94578,6.561620344036124,11994.92575490332,0.0,0.011,0.952,0.996,0.999
94579,6.5626162746722265,11986.592416040645,0.0,0.016,0.948,0.998,1.001
94580,6.560788593344245,11981.867144751552,0.0,0.007,0.935,0.997,0.998
94582,6.5567291283102245,11574.383546656418,0.0,0.029,0.839,0.995,0.999
94583,6.55154578794935,11656.781231995139,0.0,0.039,0.865,0.998,1.0
94585,6.589226076621636,12032.190711736615,0.0,0.02,0.95,1.0,1.001
94587,6.563842155363311,11820.23935306282,0.0,0.025,0.893,0.998,0.999
94588,6.560000575619952,11725.736515630784,0.0,0.021,0.853,0.998,0.998
94589,6.585878229842465,11999.292762122326,0.0,0.022,0.954,0.998,0.999
94590,6.602556808160369,12042.095292235208,0.0,0.02,0.937,0.997,0.999
94591,6.5929994457418495,11961.077358532093,0.0,0.011,0.939,0.995,0.999
94592,6.587051481578716,12014.177825339495,0.0,0.002,0.938,0.999,1.0
94595,6.543223476729427,11944.863318592637,0.0,0.018,0.932,1.0,1.0
94596,6.542890700923289,11813.767195005828,0.0,0.01,0.909,1.0,1.002
94597,6.55588756866913,11842.010302732366,0.0,0.01,0.911,0.998,1.002
94598,6.545935557211992,11720.266359306986,0.0,0.03,0.863,1.0,1.001
94599,6.723736626839991,12095.920633719596,0.0,0.01,0.921,1.001,1.001
94601,6.574008704452379,11990.323107839986,0.0,0.013,0.953,0.996,1.0
94602,6.560631402617026,11767.856714767473,0.0,0.035,0.899,0.998,1.0
94603,6.562279574762247,12107.252697642753,0.0,0.009,0.971,0.997,0.999
94605,6.56797837805791,11826.917581788583,0.0,0.044,0.922,0.996,1.0
94606,6.565867178018695,11974.749189822382,0.0,0.02,0.941,0.995,0.998
94607,6.5663164657733475,11904.255684491689,0.0,0.012,0.916,0.998,1.002
94608,6.552340824203387,11818.430232781686,0.0,0.025,0.91,1.0,1.001
94609,6.565436539624223,11877.908875375311,0.0,0.021,0.918,0.998,1.0
94610,6.563575372613772,11810.136944105285,0.0,0.02,0.898,0.996,0.998
94611,6.5608363002388215,11708.259247496562,0.0,0.014,0.866,0.997,0.999
94612,6.580633180095224,11903.601833125696,0.0,0.015,0.914,0.996,0.999
94618,6.552905388817045,11553.43981188193,0.0,0.031,0.849,0.999,0.999
94619,6.56324679807845,11849.386184059947,0.0,0.021,0.91,0.999,1.0
94621,6.577028458663126,11984.718555495034,0.0,0.024,0.952,0.994,0.999
94702,6.567974815664857,11900.95559650606,0.0,0.014,0.906,0.999,1.0
94703,6.559947732176876,11838.584453657802,0.0,0.032,0.908,0.997,1.0
94704,6.594680959949895,11716.497958037879,0.0,0.054,0.918,0.989,1.001
94705,6.569109642682933,11709.974702131904,0.0,0.023,0.861,0.997,0.999
94706,6.56966009099587,11794.26536840403,0.0,0.023,0.895,0.998,1.0
94707,6.557275922849491,11627.45613900075,0.0,0.021,0.849,0.997,0.999
94708,6.558070878159067,11559.589572059234,0.0,0.039,0.833,0.999,1.0
94709,6.592967685158954,11784.927018580453,0.0,0.044,0.91,0.993,1.002
94710,6.565654879109149,11953.412243181207,0.0,0.006,0.917,0.999,1.0
94720,6.58062295905655,11560.188864335678,0.0,0.046,0.863,0.994,1.001
94801,6.546451835166224,12006.738757083282,0.0,0.019,0.954,0.999,1.001
94803,6.553421391641756,11915.970688600171,0.0,0.021,0.94,1.0,1.001
94804,6.551721398735436,11964.30781357019,0.0,0.022,0.947,0.998,1.001
94805,6.546173462521378,12005.756867011949,0.0,0.009,0.952,1.001,1.002
94806,6.552523029381295,12050.956713122241,0.0,0.007,0.968,0.997,1.0
94901,6.694224229025515,11975.649007406157,0.0,0.011,0.877,0.997,1.0
94903,6.687924726860683,11860.585009295626,0.0,0.023,0.892,0.994,0.999
94904,6.683078440961977,11835.06152252699,0.0,0.005,0.866,0.998,0.999
94920,6.683231682615394,11762.77941025548,0.0,0.01,0.827,0.998,0.998
94925,6.692940002232109,11648.042403234553,0.0,0.033,0.82,0.996,0.999
94928,6.768114859275652,12174.284215062939,0.0,0.013,0.924,1.0,1.002
94930,6.709119457762601,11928.035382343098,0.0,0.015,0.888,0.989,0.998
94931,6.76016626567173,12123.55937159078,0.0,0.021,0.913,1.001,1.003
94939,6.681199621983391,11787.967240530059,0.0,0.019,0.85,1.0,1.002
94941,6.690871844282628,11696.479138901102,0.0,0.036,0.82,0.998,1.0
94945,6.685035418981823,11978.16379597006,0.0,0.006,0.885,0.999,1.001
94947,6.695730250836574,11904.544350227827,0.0,0.016,0.883,0.994,0.998
94949,6.686724193158631,11991.543470299941,0.0,0.006,0.903,0.999,1.0
94951,6.7604556151360855,12029.26406092196,0.0,0.01,0.902,0.999,1.001
94952,6.767106189158437,12030.18068043134,0.0,0.021,0.887,0.997,1.0
94954,6.766788926576565,12093.72474957526,0.0,0.001,0.906,0.998,1.0
94957,6.67710710362538,11678.618380341013,0.0,0.0,0.808,1.001,1.001
94960,6.68107426912167,11791.63937409466,0.0,0.023,0.853,1.0,1.0
94965,6.682061733121648,11968.5037026914,0.0,0.005,0.874,0.996,0.998
95002,6.463444810235337,11858.42554213508,0.0,0.005,0.916,1.0,1.0
95003,6.64620179336438,11836.528301870281,0.0,0.023,0.888,0.998,1.0
95004,6.571285601919294,11785.230620628237,0.0,0.008,0.885,0.999,1.0
95005,6.64840947042328,12050.986587868383,0.0,0.0,0.929,0.997,0.998
95006,6.6476377771864374,11948.890532035946,0.0,0.014,0.91,0.998,0.999
95007,6.645203891914309,11819.459853033572,0.0,0.0,0.853,1.0,1.0
95008,6.4692850650671705,11692.233287231316,0.0,0.038,0.899,0.997,0.999
95010,6.645431192948075,12081.327366742275,0.0,0.018,0.938,0.996,0.998
95012,6.572015296195812,12124.750037878477,0.0,0.011,0.982,0.999,1.001
95014,6.46546461445327,11470.496062774895,0.0,0.05,0.847,1.0,1.001
95018,6.643131819284394,11956.796202817632,0.0,0.012,0.91,0.997,0.999
95019,6.645471081437973,12160.619045287833,0.0,0.008,0.948,0.996,0.999
95020,6.468301434256424,11798.23985612773,0.0,0.025,0.915,1.0,1.0
95023,6.30708026966638,11795.993043234976,0.0,0.011,0.952,0.999,1.0
95030,6.467862281843686,11408.650781429556,0.0,0.054,0.834,0.999,1.002
95032,6.46819138481612,11594.471828360725,0.0,0.022,0.854,1.0,1.001
95033,6.637567527593267,11792.19789353503,0.0,0.014,0.86,0.998,0.999
95035,6.4632616625076,11673.854094675793,0.0,0.017,0.877,1.001,1.002
95037,6.466938061129447,11729.547640050363,0.0,0.002,0.897,0.998,0.999
95039,6.584151306864231,11979.582649472763,0.0,0.027,0.961,0.994,0.999
95043,6.359186470174731,11807.779911936534,0.0,0.017,0.94,1.002,1.002
95045,6.300269826866192,11726.119268036475,0.0,0.029,0.941,1.001,1.001
95050,6.4727746897474185,11730.826673516198,0.0,0.032,0.894,0.999,1.001
95051,6.473245211618287,11660.960165435703,0.0,0.027,0.87,0.999,1.001
95054,6.469252798170803,11617.12942406537,0.0,0.028,0.86,0.998,0.998
95060,6.6549730777212615,11939.048740364933,0.0,0.021,0.896,0.995,0.999
95062,6.653386482729969,11948.89603547647,0.0,0.028,0.9,0.998,1.0
95064,6.68789702705033,11841.8594839782,0.0,0.052,0.89,0.991,1.0
95065,6.645188520695468,11963.678105379104,0.0,0.01,0.905,0.999,0.999
95066,6.64877053008472,11933.856832355019,0.0,0.014,0.887,0.998,0.999
95070,6.468431752853465,11466.331758036056,0.0,0.036,0.838,1.0,1.001
95073,6.651786406772326,11918.039596549868,0.0,0.011,0.91,0.997,1.001
95076,6.646285786349137,12038.342702054191,0.0,0.016,0.934,0.996,0.999
95110,6.458399858160644,11771.096155109262,0.0,0.011,0.914,1.002,1.002
95111,6.469357539647391,11903.266885929941,0.0,0.011,0.944,0.999,1.001
95112,6.477195875695715,11813.047566984613,0.0,0.034,0.935,0.996,1.001
95113,6.483118780992012,11683.614189378664,0.0,0.023,0.896,0.996,1.0
95116,6.475500519979077,11877.25194431307,0.0,0.02,0.947,0.995,0.999
95117,6.465723480694972,11830.087103428345,0.0,0.02,0.927,1.0,1.001
95118,6.464350088233805,11742.9491796099,0.0,0.015,0.894,0.999,0.999
95119,6.471235722023243,11719.86200589594,0.0,0.028,0.901,0.999,1.0
95120,6.464485439748882,11445.75185557403,0.0,0.045,0.823,1.0,1.0
95121,6.464581330689083,11778.671195767209,0.0,0.035,0.913,1.0,1.0
95122,6.468698978946833,11913.525681242782,0.0,0.01,0.944,1.0,1.0
95123,6.468387573812779,11747.203439948878,0.0,0.042,0.905,0.999,1.0
95124,6.46502990188779,11597.224312819271,0.0,0.054,0.871,0.999,0.999
95125,6.466266054336977,11632.88314647262,0.0,0.038,0.889,0.994,0.997
95126,6.467858403736356,11732.818895395603,0.0,0.023,0.912,0.997,1.0
95127,6.46618425595137,11849.763618271205,0.0,0.003,0.938,1.0,1.001
95128,6.475304904352331,11719.275684560029,0.0,0.036,0.909,0.998,1.001
95129,6.465167585603733,11616.754065544888,0.0,0.03,0.875,1.001,1.002
95130,6.473989546481586,11579.747322797,0.0,0.036,0.868,0.997,1.0
95131,6.461476980410686,11678.215913480131,0.0,0.032,0.886,1.001,1.002
95132,6.461781597371433,11649.219304002836,0.0,0.028,0.885,1.0,1.0
95133,6.47526930840156,11708.760933015934,0.0,0.031,0.911,0.998,1.001
95134,6.471039720010058,11556.588708016843,0.0,0.053,0.856,0.998,0.999
95135,6.468898292748745,11544.843096993547,0.0,0.053,0.856,0.999,1.0
95136,6.468102193061084,11761.30207799383,0.0,0.02,0.915,0.998,0.999
95138,6.462616577297792,11606.289657567164,0.0,0.028,0.861,1.0,1.0
95139,6.465111137952542,11634.811238470591,0.0,0.019,0.867,1.0,1.001
95140,6.477788605437616,11703.695401563768,0.0,0.058,0.919,0.996,1.0
95148,6.460844997816554,11691.838477200072,0.0,0.036,0.883,1.0,1.0
95202,6.601185846651325,11894.753913600882,0.0,0.039,0.925,0.991,0.999
95203,6.5901384037436594,12102.643737624729,0.0,0.006,0.97,0.997,1.001
95204,6.594687045494565,12086.721344295142,0.0,0.017,0.961,0.995,0.997
95205,6.595213528225355,11996.17846463604,0.0,0.028,0.96,0.995,1.0
95206,6.603590773111975,12056.928457555021,0.0,0.013,0.959,0.993,0.998
95207,6.591868774994497,12075.65338292018,0.0,0.013,0.958,0.996,1.0
95209,6.588622393537963,12068.376542627622,0.0,0.007,0.955,0.997,1.0
95210,6.604554726011812,12082.543507965482,0.0,0.011,0.957,0.998,1.001
95212,6.5864243362208414,12103.614132519397,0.0,0.0,0.957,0.999,0.999
95215,6.590943106034247,12015.414066680658,0.0,0.02,0.952,0.997,0.999
95219,6.59234051588518,12020.842999520295,0.0,0.006,0.939,0.999,1.001
95220,6.579609606503567,11942.370649832297,0.0,0.008,0.936,1.0,1.0
95231,6.594825302891599,12129.615997393648,0.0,0.01,0.98,0.996,1.0
95240,6.587809520918725,12085.914640878125,0.0,0.009,0.963,1.0,1.001
95242,6.5935442594402485,11991.39228066003,0.0,0.016,0.945,0.996,1.0
95258,6.5929413734722155,12029.037778563763,0.0,0.014,0.943,0.998,1.001
95301,6.53071292116767,12037.998514113891,0.0,0.008,0.964,1.0,1.001
95307,7.850243069027156,12973.651704291853,0.0,0.0,0.381,0.993,0.998
95316,6.540448224823247,12068.56710308602,0.0,0.003,0.954,1.0,1.0
95319,7.852104432973627,12845.53721552306,0.0,0.023,0.37,0.987,0.998
95320,6.59043849851415,12044.021443544623,0.0,0.014,0.956,0.996,1.0
95322,6.533434403254154,12038.513276781026,0.0,0.015,0.973,0.999,1.001
95326,7.8333557544065915,12917.421676633556,0.0,0.01,0.399,0.992,1.0
95328,7.847106698592319,12992.007551840252,0.0,0.001,0.377,0.995,1.0
95330,6.601231144593855,11988.07789937805,0.0,0.007,0.934,0.997,1.0
95334,6.536489990761669,12112.21575908601,0.0,0.002,0.987,0.997,0.998
95336,6.5902942421857995,12102.17497297556,0.0,0.004,0.964,1.002,1.002
95337,6.587764872403377,11945.990851568396,0.0,0.018,0.936,0.999,1.0
95340,6.545750982695771,11940.286034240164,0.0,0.02,0.941,0.996,1.0
95341,6.541985097944128,12020.386936357761,0.0,0.023,0.96,0.995,0.999
95348,6.562213887290878,11952.031617009518,0.0,0.024,0.955,0.99,0.999
95350,7.841261025289343,12941.947896894808,0.0,0.0,0.392,0.996,1.001
95351,7.84563624735464,12925.407297896381,0.0,0.004,0.396,0.993,1.001
95354,7.8491987096734634,12933.838107715997,0.0,0.001,0.389,0.991,0.999
95355,7.843295901692672,12915.336682706333,0.0,0.002,0.385,0.994,1.001
95356,6.5476820456432945,11936.103684132822,0.0,0.028,0.94,0.997,1.0
95357,6.544159197524871,11926.392978611146,0.0,0.03,0.948,0.999,1.001
95358,6.546089769457723,12086.383074027322,0.0,0.003,0.969,0.999,0.999
95361,6.546156513893904,11951.974920962892,0.0,0.012,0.936,0.997,0.999
95366,6.592647200174677,11949.295682183472,0.0,0.027,0.921,0.997,0.999
95367,6.552370229552453,11974.40417956252,0.0,0.017,0.947,0.999,1.001
95368,6.541885620001863,12048.390503220406,0.0,0.007,0.96,1.001,1.001
95380,6.541484362624843,12032.655883103707,0.0,0.014,0.966,1.0,1.001
95382,7.842434662614972,12919.32221747305,0.0,0.0,0.391,0.993,1.0
95388,6.53335932570383,12065.996755624226,0.0,0.018,0.979,1.001,1.002
95389,6.513771901171346,11999.346818953214,0.0,0.008,0.958,0.997,0.998
95401,6.762353641475318,12195.584286000143,0.0,0.009,0.936,0.997,1.0
95403,6.7649285539299315,12147.068108858655,0.0,0.011,0.917,0.995,0.999
95404,6.759106913243656,12090.128144763143,0.0,0.011,0.903,0.999,1.0
95405,6.764079103702195,12147.222850339898,0.0,0.002,0.915,0.999,0.999
95407,6.761826342768718,12233.525763916476,0.0,0.006,0.946,0.997,0.999
95409,6.761602827886517,12088.30062095644,0.0,0.006,0.902,0.999,1.002
95436,6.7606152735272484,12171.82514579494,0.0,0.007,0.912,1.001,1.001
95439,6.777674119513793,12044.799175460661,0.0,0.012,0.883,0.995,0.999
95441,6.778505624516273,12012.571561945593,0.0,0.02,0.901,0.993,0.999
95442,6.764492864413923,11898.782697002262,0.0,0.006,0.841,0.998,1.0
95448,6.764353626413764,12079.227262072642,0.0,0.012,0.89,0.997,0.999
95452,6.76235689290517,11835.683825421196,0.0,0.027,0.827,0.997,1.0
95470,6.746447133795515,12151.861125671137,0.0,0.013,0.932,0.995,0.999
95472,6.768665830912138,12073.501625762987,0.0,0.008,0.896,0.996,0.998
95476,6.751164884262983,12034.831230391002,0.0,0.012,0.905,0.999,1.0
95482,6.752706915098832,12104.836027196074,0.0,0.024,0.933,0.992,0.999
95492,6.759950943027915,12085.434104913544,0.0,0.006,0.905,0.999,1.0
95501,8.138784466025239,13070.566692663517,0.0,0.006,0.228,0.993,1.0
95503,8.126841405367617,13075.60962717737,0.0,0.004,0.255,0.991,1.0
95519,8.133062366013856,13094.982774851911,0.0,0.0,0.244,0.992,0.998
95521,8.150563646001347,13061.946448131872,0.0,0.0,0.249,0.99,0.999
95537,8.125842401772898,13230.835497314401,0.0,0.0,0.188,1.0,1.0
95564,8.128417461346316,13165.426545221639,0.0,0.0,0.167,0.997,0.999
95602,6.612829595748772,11987.78047450014,0.0,0.022,0.935,0.998,1.0
95603,6.708823329016514,12088.442701367509,0.0,0.012,0.93,0.996,1.0
95605,6.655664865753224,12078.313250402103,0.0,0.021,0.938,0.997,0.999
95608,7.99891024532033,13005.704436745202,0.0,0.0,0.343,0.995,1.003
95610,6.676313175391717,12152.978753542808,0.0,0.01,0.951,0.997,1.0
95612,6.6482099805661345,12113.639032356383,0.0,0.0,0.944,1.001,1.001
95616,6.666159769175907,11892.607732080685,0.0,0.024,0.904,0.991,0.999
95618,6.652884308797694,11884.627320357602,0.0,0.018,0.902,0.996,0.999
95619,6.651907799226126,12128.784039811697,0.0,0.009,0.945,0.999,1.0
95620,6.585784485095325,12033.89136172602,0.0,0.016,0.949,0.996,0.997
95621,7.996651156159156,13042.62183679936,0.0,0.007,0.294,0.997,1.001
95623,6.6560648188456355,12148.606757882031,0.0,0.012,0.945,1.0,1.0
95624,8.005855824584799,12947.653089228706,0.0,0.0,0.337,0.989,1.0
95626,6.678056824830852,12059.312206294671,0.0,0.015,0.914,0.998,0.999
95628,7.9923699432829265,12934.549894690534,0.0,0.005,0.355,0.991,1.001
95630,6.675700341835052,11972.849729273248,0.0,0.001,0.895,0.996,0.997
95648,6.703487511059666,12058.316247031722,0.0,0.024,0.912,0.999,1.0
95650,6.715574932234943,11869.573807426967,0.0,0.021,0.873,0.997,1.0
95652,8.008646429178595,12937.262838138193,0.0,0.016,0.323,0.991,1.0
95655,8.003488969718529,12838.814761886957,0.0,0.011,0.392,0.985,1.002
95658,6.702688544609192,12075.563205453216,0.0,0.005,0.916,0.998,0.999
95660,7.99860348180418,13076.013320351365,0.0,0.0,0.297,1.001,1.002
95661,6.705398583258985,12045.304810349162,0.0,0.014,0.909,0.997,1.0
95662,6.678035191578452,12089.611209053435,0.0,0.02,0.938,0.999,1.002
95663,6.709811944805114,11926.568128340106,0.0,0.011,0.886,0.996,0.999
95664,6.6691842825423375,12236.499151336655,0.0,0.0,0.959,1.0,1.0
95667,6.666359255251291,12080.407722365462,0.0,0.006,0.938,0.996,1.0
95670,7.996713829162954,13011.731461041605,0.0,0.006,0.327,0.993,1.0
95672,6.650106147103737,11915.127523422016,0.0,0.016,0.896,1.001,1.001
95673,7.996915124939018,13032.058006771009,0.0,0.001,0.313,0.995,1.0
95677,6.709229060815089,12077.379234997197,0.0,0.017,0.922,0.997,1.0
95678,6.703319093405247,12104.393388762708,0.0,0.015,0.922,1.0,1.002
95682,6.66082766370527,11942.486206300222,0.0,0.02,0.909,0.998,1.0
95683,6.6680830174842765,12035.85749206815,0.0,0.003,0.913,0.999,1.001
95687,6.587580583522609,12069.292151531576,0.0,0.0,0.945,0.999,1.0
95688,6.59506807657297,11914.860524538315,0.0,0.018,0.922,0.995,0.998
95691,6.652554490306469,12033.47155454213,0.0,0.012,0.918,0.999,1.001
95692,6.74288042672552,12191.387390222508,0.0,0.01,0.936,0.999,1.0
95695,6.649250692178024,12087.788020472337,0.0,0.023,0.945,0.998,1.0
95703,6.700411704642319,12128.47617151912,0.0,0.009,0.916,0.998,0.999
95713,6.7048691581140245,12145.104289921386,0.0,0.006,0.936,0.996,0.999
95722,6.701582727390296,12028.44561449867,0.0,0.014,0.903,0.999,1.001
95742,6.673614250090704,11909.832569802433,0.0,0.01,0.899,0.997,0.998
95746,6.703983142313274,11855.794664236102,0.0,0.005,0.849,1.0,1.001
95747,6.7019424836242685,11982.67629846507,0.0,0.019,0.892,0.999,1.0
95757,7.9933916198103425,12930.656555137708,0.0,0.0,0.36,0.99,1.001
95758,8.001891979851925,12949.88841278263,0.0,0.004,0.324,0.997,1.002
95762,6.65708163598577,11837.438901923273,0.0,0.02,0.861,1.0,1.001
95765,6.700812851421142,12058.571496968309,0.0,0.009,0.903,1.001,1.001
95776,6.655635576358602,12078.514849074603,0.0,0.004,0.918,1.0,1.001
95811,7.984078665415656,12925.556373251888,0.0,0.015,0.345,0.988,1.0
95814,6.675912184428654,12086.339317566946,0.0,0.018,0.918,0.998,1.002
95815,8.00433629286574,13025.663415670093,0.0,0.002,0.308,0.993,1.0
95816,8.004772867128379,12976.21973129151,0.0,0.0,0.326,0.99,1.0
95817,8.004248401526866,12942.742383824112,0.0,0.005,0.341,0.987,0.999
95818,6.675590451843402,11967.587783771269,0.0,0.028,0.902,0.995,0.998
95819,7.997505469993784,12913.908300694806,0.0,0.0,0.368,0.988,1.0
95820,8.004171924549095,13025.346026317255,0.0,0.0,0.31,0.993,0.999
95821,8.001914569736076,12970.303811850883,0.0,0.002,0.317,0.989,1.0
95822,6.663986210711635,12107.773983210001,0.0,0.014,0.936,0.999,1.0
95823,7.997975894788115,13030.24192449493,0.0,0.001,0.302,0.99,0.996
95824,8.000039354545688,13075.374052434132,0.0,0.0,0.273,0.996,0.999
95825,8.008505586041627,12993.65005614342,0.0,0.002,0.309,0.99,1.0
95826,8.006400548738739,12978.263647238859,0.0,0.0,0.327,0.984,0.997
95827,8.005804322921827,13026.017482095158,0.0,0.0,0.312,0.991,0.999
95828,8.00680551237077,13018.177988229032,0.0,0.006,0.31,0.99,0.998
95829,7.991381896337942,12934.182858484744,0.0,0.01,0.353,0.989,0.999
95830,8.015985858304473,12752.895815075535,0.0,0.0,0.357,0.978,1.0
95831,6.678209238079064,12039.210175000157,0.0,0.009,0.93,0.997,1.0
95832,6.680259144427136,12103.179126204786,0.0,0.022,0.942,0.996,0.999
95833,6.677470676744062,12105.273975502916,0.0,0.02,0.941,0.998,1.001
95834,6.673826341250989,12130.5732634933,0.0,0.01,0.943,0.998,0.999
95835,8.001653511557864,12977.202914118607,0.0,0.0,0.363,0.99,1.001
95837,6.677443229983868,11989.960253877747,0.0,0.017,0.907,1.0,1.002
95838,7.999089899853994,13045.16085794712,0.0,0.002,0.297,0.994,1.0
95841,8.00009195587136,13017.156906939079,0.0,0.001,0.286,0.994,1.001
95842,8.002048493064018,13081.990750100029,0.0,0.0,0.298,0.997,1.002
95843,6.673445256272843,12126.233381206446,0.0,0.006,0.937,1.0,1.001
95864,7.9907338328643736,12873.899955995836,0.0,0.007,0.364,0.985,0.999
95901,6.753739819899214,12206.146698289196,0.0,0.012,0.947,0.996,1.001
95917,6.689340635245765,12243.842161671926,0.0,0.002,0.949,0.999,0.999
95926,6.696930083790492,12075.731229715077,0.0,0.021,0.934,0.996,1.001
95928,6.703865272677371,12043.920670418504,0.0,0.017,0.917,0.994,0.998
95938,6.689824790741954,12197.071146333503,0.0,0.0,0.939,0.999,0.999
95945,6.396188976768123,11915.60982277405,0.0,0.012,0.966,0.998,1.001
95949,6.401539838701087,11890.341151032646,0.0,0.009,0.956,0.999,1.001
95953,6.705456503964085,12187.865516483806,0.0,0.006,0.931,0.998,1.0
95959,6.404986170038657,11855.255999300369,0.0,0.021,0.945,0.997,1.0
95961,6.754999641311897,12225.647494899515,0.0,0.002,0.942,0.997,1.0
95965,6.693206638584139,12121.834902906201,0.0,0.019,0.942,0.997,1.0
95966,6.704826695817493,12180.597869469915,0.0,0.005,0.941,0.999,1.001
95968,6.692482036704737,12186.17366399088,0.0,0.008,0.963,1.001,1.001
95973,6.705147182556652,12071.816312931622,0.0,0.012,0.933,0.996,1.001
95982,6.699337023587407,12255.85520056691,0.0,0.001,0.963,1.0,1.0
95991,6.705425399742393,12147.250493198786,0.0,0.012,0.946,0.996,1.0
95993,6.703743968172812,12151.131580213883,0.0,0.006,0.938,0.999,1.001
96001,6.844822619014871,12229.148458186644,0.0,0.013,0.912,0.998,1.001
96002,6.857905690347368,12281.430807283754,0.0,0.006,0.917,0.994,0.998
96003,6.856843530205144,12270.908361929542,0.0,0.007,0.921,0.993,0.998
96007,6.861470179267412,12262.835545069658,0.0,0.015,0.916,0.995,0.999
96008,6.862861078224831,12185.693464784938,0.0,0.02,0.896,0.997,1.0
96019,6.866130926172511,12278.100328989409,0.0,0.011,0.926,0.998,1.002
96022,6.861849724615927,12245.113322085605,0.0,0.01,0.906,0.995,1.0
96062,6.853092432758032,12236.703669300823,0.0,0.011,0.894,0.997,0.999
96069,6.8468770257389915,12324.19386111378,0.0,0.007,0.923,1.0,1.002
96073,6.84635685574541,12205.796571631223,0.0,0.0,0.899,0.995,1.0
96087,6.845021996133241,12274.526374712534,0.0,0.0,0.899,1.0,1.0
96161,6.422560151783759,11703.98313309675,0.0,0.032,0.903,0.999,1.0
80002,14.983739244603443,13993.216081024848,0.0,0.0,0.009,0.064,0.968
80003,14.90768456943824,14019.34661486773,0.0,0.0,0.002,0.051,0.981
80004,15.000952593188044,14018.740728121762,0.0,0.0,0.005,0.07,0.97
80005,14.982597368189097,13977.625214314077,0.0,0.0,0.0,0.104,0.953
80007,15.000219582630336,13821.694601729136,0.0,0.0,0.004,0.205,0.91
80010,14.144274767695325,13840.06513169134,0.0,0.0,0.004,0.053,0.981
80011,14.136679924827204,13852.964200206929,0.0,0.0,0.002,0.044,0.987
80012,14.101078089430192,13792.500040368355,0.0,0.0,0.008,0.061,0.982
80013,14.073562398027592,13795.0400979526,0.0,0.0,0.007,0.065,0.982
80014,14.07666795147199,13813.859425874045,0.0,0.0,0.009,0.053,0.981
80015,14.06691372623873,13745.391352531053,0.0,0.0,0.007,0.1,0.963
80016,14.065666140735216,13644.95687760143,0.0,0.0,0.003,0.174,0.944
80017,14.081655221059135,13835.888112845523,0.0,0.0,0.006,0.046,0.984
80018,14.065283080458768,13788.50017688634,0.0,0.0,0.003,0.077,0.969
80019,14.175300639714846,13846.504727979254,0.0,0.0,0.0,0.079,0.974
80020,14.864607257749856,13945.103628688043,0.0,0.0,0.002,0.094,0.962
80021,14.973747404072252,14021.544282487173,0.0,0.0,0.003,0.062,0.969
80022,14.218272600645108,13828.619839653746,0.0,0.0,0.009,0.071,0.972
80023,14.705406142613766,13808.525606636304,0.0,0.0,0.0,0.182,0.923
80026,15.293802980164044,14019.929249906949,0.0,0.0,0.004,0.101,0.944
80027,15.285442161898214,13953.816301922881,0.0,0.0,0.005,0.161,0.923
80030,14.224040535017881,13840.183568310526,0.0,0.0,0.012,0.052,0.978
80031,14.258748669580134,13790.622059275147,0.0,0.0,0.004,0.103,0.96
80033,15.00998942732109,14011.099978779515,0.0,0.0,0.007,0.066,0.965
80045,14.324385311101159,13627.22940936186,0.0,0.0,0.037,0.17,0.942
80108,14.035090986616597,13597.136409930825,0.0,0.0,0.0,0.221,0.926
80110,14.089956315966594,13785.718701867065,0.0,0.0,0.01,0.073,0.979
80111,14.075164457463217,13641.926823794922,0.0,0.0,0.008,0.175,0.937
80112,14.069621773944984,13758.184737809099,0.0,0.0,0.001,0.111,0.963
80113,14.074163774986282,13711.503335179741,0.0,0.0,0.007,0.122,0.961
80118,13.96871675181203,13646.929815149731,0.0,0.0,0.0,0.194,0.937
80120,14.092719162254005,13752.012063017699,0.0,0.0,0.004,0.101,0.967
80121,14.069639539500194,13665.890863960434,0.0,0.0,0.004,0.173,0.943
80122,14.067898236137566,13746.172714719096,0.0,0.0,0.001,0.11,0.964
80123,14.602372467567502,13885.348956608676,0.0,0.0,0.005,0.095,0.958
80124,14.04065066706859,13692.728388920337,0.0,0.0,0.004,0.137,0.952
80125,14.04308298954891,13673.268679363198,0.0,0.0,0.002,0.169,0.94
80126,14.037145162717879,13628.787665077449,0.0,0.0,0.0,0.196,0.934
80127,14.982186062391856,13941.070491480565,0.0,0.0,0.0,0.132,0.946
80128,14.931416782845671,13969.672103363562,0.0,0.0,0.006,0.092,0.965
80129,14.047824547255,13696.141428384144,0.0,0.0,0.005,0.135,0.956
80130,14.038219572442024,13655.440607428352,0.0,0.0,0.003,0.153,0.945
80132,13.598198186186062,13491.128840419397,0.0,0.0,0.005,0.193,0.941
80133,13.59922181855758,13671.627540431642,0.0,0.0,0.013,0.061,0.982
80134,14.052115210520267,13671.878701060163,0.0,0.0,0.005,0.146,0.951
80137,14.10710769000853,13796.261630658952,0.0,0.0,0.009,0.074,0.975
80138,14.03752546654014,13692.634366568987,0.0,0.0,0.0,0.145,0.947
80202,14.18679728700887,13734.786362031973,0.0,0.0,0.009,0.124,0.952
80203,14.200396043796976,13852.524276732394,0.0,0.0,0.0,0.069,0.975
80204,14.20962974292126,13783.23554304859,0.0,0.0,0.009,0.098,0.963
80205,14.21234177431656,13743.459656840434,0.0,0.0,0.012,0.116,0.964
80206,14.203810627297894,13697.301003101406,0.0,0.0,0.012,0.142,0.947
80207,14.1938358826062,13707.526588612784,0.0,0.0,0.0,0.153,0.949
80209,14.196466937783626,13709.508501506887,0.0,0.0,0.008,0.152,0.947
80210,14.212177708658984,13657.206488322608,0.0,0.0,0.014,0.17,0.939
80211,14.19878512406415,13686.455725918588,0.0,0.0,0.014,0.134,0.947
80212,14.332179869511565,13717.96871782788,0.0,0.0,0.011,0.138,0.941
80214,15.007235236444478,14006.570235455885,0.0,0.0,0.01,0.066,0.972
80215,14.99626696669679,14007.03369630254,0.0,0.0,0.008,0.075,0.971
80216,14.208476606845263,13801.799356850704,0.0,0.0,0.008,0.081,0.969
80218,14.189090428177002,13787.461384963706,0.0,0.0,0.007,0.094,0.965
80219,14.208113013221617,13848.391173496313,0.0,0.0,0.008,0.056,0.981
80220,14.187356234808187,13783.862740821705,0.0,0.0,0.003,0.121,0.967
80221,14.216151155926376,13847.312818409453,0.0,0.0,0.006,0.057,0.978
80222,14.170463756385866,13772.876348553538,0.0,0.0,0.006,0.101,0.968
80223,14.214481914454463,13764.185819537615,0.0,0.0,0.013,0.096,0.968
80224,14.191260121531815,13821.264199327648,0.0,0.0,0.005,0.075,0.98
80226,14.995994248997397,14030.098643769703,0.0,0.0,0.007,0.052,0.979
80227,14.808123576520721,14004.874648269482,0.0,0.0,0.0,0.058,0.977
80228,14.983493893014856,13974.406027620478,0.0,0.0,0.0,0.098,0.961
80229,14.21379427183109,13868.890565715355,0.0,0.0,0.004,0.04,0.985
80230,14.202381548453827,13731.204851388236,0.0,0.0,0.007,0.158,0.949
80231,14.15346502207787,13794.690432511608,0.0,0.0,0.009,0.069,0.974
80232,15.007492486738045,13991.62995260513,0.0,0.0,0.011,0.069,0.968
80233,14.203311641138406,13861.29776894919,0.0,0.0,0.004,0.044,0.984
80234,14.221176256055383,13843.937783819521,0.0,0.0,0.005,0.072,0.978
80235,14.619447280455732,13933.678133495096,0.0,0.0,0.009,0.059,0.977
80236,14.210515762777826,13779.754186093518,0.0,0.0,0.016,0.09,0.967
80237,14.201669977497048,13802.68847883414,0.0,0.0,0.003,0.09,0.97
80238,14.179026845474537,13640.16223776803,0.0,0.0,0.0,0.193,0.927
80239,14.182009607325002,13878.47700594878,0.0,0.0,0.001,0.036,0.988
80241,14.202646983004362,13825.77367665052,0.0,0.0,0.003,0.078,0.972
80246,14.171019749535231,13830.732745316338,0.0,0.0,0.001,0.063,0.974
80247,14.1427015175607,13838.805098363579,0.0,0.0,0.002,0.056,0.979
80249,14.194446607365604,13869.418559564314,0.0,0.0,0.0,0.051,0.982
80260,14.204811922447105,13901.852409468316,0.0,0.0,0.001,0.03,0.991
80301,15.333097631303762,13978.475335364228,0.0,0.0,0.002,0.124,0.946
80302,15.345011544356488,13941.119401986158,0.0,0.0,0.008,0.15,0.934
80303,15.361065500183452,13891.206072142968,0.0,0.0,0.014,0.166,0.928
80304,15.284689079012397,13995.482964098785,0.0,0.0,0.001,0.127,0.938
80305,15.293495704805867,13971.831266074489,0.0,0.0,0.0,0.149,0.938
80401,15.000604938920723,13929.933987839227,0.0,0.0,0.005,0.123,0.944
80403,14.991677351743885,13859.43525598007,0.0,0.0,0.005,0.167,0.924
80465,14.99999057295818,13961.728355555171,0.0,0.0,0.0,0.114,0.943
80503,15.286239772445773,13984.150354296316,0.0,0.0,0.003,0.125,0.937
80512,14.913071320275904,13951.112536033397,0.0,0.0,0.003,0.104,0.956
80514,14.381674163250166,13897.22078014123,0.0,0.0,0.003,0.055,0.975
80516,14.760653307591198,13870.343957713549,0.0,0.0,0.0,0.139,0.936
80521,14.97312291486707,13939.927531635582,0.0,0.0,0.011,0.087,0.961
80524,14.929257611163013,13964.227759196528,0.0,0.0,0.004,0.095,0.96
80525,14.911790216928855,13975.05847706905,0.0,0.0,0.0,0.088,0.958
80526,14.931489366672132,13976.080581554193,0.0,0.0,0.009,0.077,0.968
80528,14.911114445406264,13913.81140457235,0.0,0.0,0.0,0.128,0.941
80534,14.855768474889388,13886.361261374448,0.0,0.0,0.01,0.125,0.953
80535,14.910765941025536,14040.073216670378,0.0,0.0,0.0,0.046,0.98
80537,14.910754206122533,13998.554252901775,0.0,0.0,0.004,0.062,0.972
80538,14.915486044605709,13999.59242238326,0.0,0.0,0.002,0.07,0.969
80543,14.437048029364504,13947.526822101412,0.0,0.0,0.001,0.036,0.986
80547,14.895896015892847,13809.350699335348,0.0,0.0,0.0,0.182,0.914
80550,14.723330635018584,13941.514714419685,0.0,0.0,0.0,0.091,0.961
80601,14.146357934227677,13852.663483440598,0.0,0.0,0.0,0.056,0.985
80602,14.19468368072682,13757.338054356804,0.0,0.0,0.003,0.143,0.955
80603,14.334731394776366,13852.076406357057,0.0,0.0,0.003,0.079,0.972
80620,14.461279373941796,13903.202888624304,0.0,0.0,0.012,0.052,0.976
80621,14.405473770966452,13877.756349353018,0.0,0.0,0.006,0.068,0.974
80631,14.47426282859389,13868.335632190297,0.0,0.0,0.02,0.055,0.98
80634,14.449529078818857,13928.792592706714,0.0,0.0,0.004,0.053,0.979
80640,14.208435708269745,13852.885098165021,0.0,0.0,0.0,0.066,0.979
80642,14.35767414200363,13784.741486351468,0.0,0.0,0.003,0.119,0.954
80645,14.438551935531871,13980.972759243923,0.0,0.0,0.0,0.016,0.995
80817,9.9452325593767,12305.151761885185,0.0,0.006,0.031,0.974,0.996
80829,9.938589480915013,12267.655069990537,0.0,0.004,0.045,0.95,0.991
80840,9.944778884090876,12333.00551052129,0.0,0.001,0.022,0.985,0.996
80902,9.966445506276255,12266.668638460256,0.0,0.0,0.038,0.977,0.987
80903,13.605961525318149,13656.18069484038,0.0,0.0,0.016,0.076,0.982
80904,9.954612013539736,12226.049709155262,0.0,0.0,0.057,0.948,0.99
80905,13.600737018301297,13682.902017974708,0.0,0.0,0.005,0.07,0.979
80906,9.947303751360813,12165.378426518486,0.0,0.0,0.076,0.936,0.985
80907,13.59675760045585,13675.319481965378,0.0,0.0,0.006,0.076,0.976
80908,13.585883991749597,13551.692366081843,0.0,0.0,0.002,0.159,0.952
80909,13.597181305433661,13707.813124684639,0.0,0.0,0.008,0.062,0.987
80910,9.925387572286743,12218.727198749502,0.0,0.008,0.038,0.967,0.993
80911,9.953828195505018,12289.73845969987,0.0,0.0,0.038,0.974,0.991
80915,13.609164488021047,13688.238961118484,0.0,0.0,0.012,0.06,0.984
80916,9.96045948797045,12319.162352970592,0.0,0.0,0.032,0.976,0.993
80917,13.591971461264103,13714.487000644769,0.0,0.0,0.008,0.039,0.988
80918,13.581290624342989,13706.92673089017,0.0,0.0,0.002,0.062,0.983
80919,9.933323752088096,12210.51087392754,0.0,0.0,0.064,0.935,0.988
80920,13.587055429154791,13664.613602112897,0.0,0.0,0.004,0.081,0.975
80921,13.58799686901129,13520.428526424852,0.0,0.0,0.004,0.164,0.947
80922,13.58334753088095,13699.59555342925,0.0,0.0,0.0,0.059,0.982
80923,13.58499941227524,13691.212481048171,0.0,0.0,0.004,0.057,0.984
80924,13.586415265430439,13590.881643766716,0.0,0.0,0.011,0.131,0.967
80925,9.944354079369802,12284.807885169208,0.0,0.0,0.04,0.962,0.992
80926,9.961352290290332,12208.89144705797,0.0,0.0,0.067,0.948,0.988
80927,13.58916501698294,13575.825612960765,0.0,0.0,0.007,0.134,0.96
80951,13.577415130238496,13718.145479255241,0.0,0.0,0.001,0.046,0.985
81001,9.806303450911924,12134.0392636942,0.0,0.0,0.051,0.964,0.99
81003,9.81069785332068,12134.983995852264,0.0,0.0,0.052,0.963,0.987
81004,9.805764057340406,12157.697603402783,0.0,0.0,0.05,0.964,0.991
81005,9.779589756785942,12226.944740654957,0.0,0.0,0.032,0.97,0.996
81006,9.770723621113826,12249.593965247115,0.0,0.0,0.027,0.979,0.996
81007,9.777336850587462,12185.643815999758,0.0,0.0,0.043,0.965,0.996
81008,9.79250385276917,12218.62131388601,0.0,0.0,0.038,0.974,0.992
81022,9.755067462678701,12197.136097183016,0.001,0.003,0.03,0.98,0.997
81334,13.263178319379056,13693.03159948887,0.0,0.0,0.0,0.038,1.002
81401,14.370716852131025,13836.500521843696,0.0,0.0,0.02,0.056,0.974
81415,14.346308783938923,13905.102046354554,0.0,0.0,0.002,0.058,0.977
81501,13.995619680153025,13756.51871057608,0.0,0.0,0.012,0.063,0.977
81503,13.973685592583246,13836.268323179049,0.0,0.0,0.001,0.039,0.991
81504,13.984344394664017,13817.666819637516,0.0,0.0,0.0,0.051,0.983
81505,13.971746951758552,13755.359027275665,0.0,0.0,0.003,0.084,0.97
81506,13.998432407744277,13748.868125684321,0.0,0.0,0.013,0.075,0.975
81507,13.987781801508183,13733.557887021243,0.0,0.0,0.01,0.092,0.967
81520,14.02040454180847,13739.417729420798,0.0,0.0,0.021,0.07,0.975
81521,13.978213154969671,13786.942606528037,0.0,0.0,0.005,0.07,0.978
81526,13.975858821261024,13792.874147885297,0.0,0.0,0.003,0.07,0.977
6001,10.04675593106202,13069.57909637833,0.0,0.0,0.0,0.122,0.814
6002,10.051454119134059,13204.514570674544,0.0,0.0,0.004,0.061,0.86
6010,10.046399604346838,13248.621389387088,0.0,0.0,0.002,0.042,0.865
6013,10.054185303677494,13040.727328510802,0.0,0.0,0.001,0.134,0.792
6016,10.056861577981849,13214.174978551164,0.0,0.0,0.008,0.056,0.853
6019,10.057225986907312,13148.459658797196,0.0,0.0,0.0,0.091,0.835
6023,10.047857363282438,13242.673378609377,0.0,0.0,0.0,0.052,0.858
6026,10.044994283918054,13176.642956400776,0.0,0.0,0.001,0.081,0.826
6029,10.167466884314452,13197.333262209528,0.0,0.0,0.0,0.088,0.798
6032,10.041372438261007,13129.41895953923,0.0,0.0,0.005,0.091,0.822
6033,10.042338566774331,13109.37956289826,0.0,0.0,0.003,0.111,0.805
6035,10.047973638574131,13177.935506867965,0.0,0.0,0.0,0.074,0.816
6037,10.047809755854978,13151.00390964474,0.0,0.0,0.005,0.083,0.828
6040,10.066571787888236,13197.277821910282,0.0,0.0,0.003,0.069,0.86
6042,10.05398912580196,13244.331768262999,0.0,0.0,0.0,0.052,0.845
6043,10.166576218558262,13193.99866740173,0.0,0.0,0.005,0.082,0.791
6051,10.039121034178612,13224.44065405041,0.0,0.0,0.014,0.043,0.879
6052,10.011424420299198,13189.231256061965,0.0,0.0,0.011,0.059,0.854
6053,10.027406183076382,13213.67796648155,0.0,0.0,0.007,0.053,0.872
6060,10.047977228499564,13132.489150376892,0.0,0.0,0.0,0.097,0.815
6062,10.049905441108061,13222.903580402193,0.0,0.0,0.007,0.051,0.866
6066,10.154409492940394,13273.080422403233,0.0,0.0,0.006,0.055,0.823
6067,10.035273989124558,13177.254413169403,0.0,0.0,0.008,0.065,0.842
6070,10.046205117587377,13009.021065795096,0.0,0.0,0.007,0.132,0.81
6071,10.163846995360606,13251.13164074729,0.0,0.0,0.004,0.062,0.796
6073,10.055088356341349,13016.690345471092,0.0,0.0,0.0,0.153,0.777
6074,10.049079479333134,13079.035798478877,0.0,0.0,0.005,0.113,0.825
6078,10.051258836614586,13122.12172603806,0.0,0.0,0.0,0.106,0.824
6081,10.024784129241928,13194.890375829433,0.0,0.0,0.012,0.053,0.846
6082,10.032485772083009,13210.33636528738,0.0,0.0,0.005,0.057,0.866
6084,10.15598020205715,13126.0206555125,0.0,0.0,0.006,0.104,0.792
6085,10.05014807335124,13146.182762878594,0.0,0.0,0.002,0.091,0.833
6088,10.042586363788319,13274.729212230599,0.0,0.0,0.004,0.03,0.849
6089,10.049509317264514,13145.880904338084,0.0,0.0,0.003,0.091,0.824
6090,10.052264733201474,13019.319379064638,0.0,0.0,0.0,0.152,0.809
6092,10.050032050746056,12968.655535806347,0.0,0.0,0.0,0.169,0.767
6093,10.036475831841207,13083.677679988408,0.0,0.0,0.011,0.106,0.821
6095,10.047585707403647,13206.126403240773,0.0,0.0,0.0,0.066,0.846
6096,10.043442854235947,13195.959017007797,0.0,0.0,0.013,0.056,0.855
6103,10.026852223280914,13119.186714631329,0.0,0.0,0.021,0.07,0.842
6105,10.018343756534835,13145.317865996223,0.0,0.0,0.018,0.06,0.848
6106,10.039875299356861,13187.350823983841,0.0,0.0,0.01,0.063,0.842
6107,10.050030845722421,12994.855736838852,0.0,0.0,0.003,0.139,0.804
6108,10.013598921990027,13186.636122935743,0.0,0.0,0.014,0.052,0.872
6109,10.0454998553034,13153.911759841092,0.0,0.0,0.004,0.08,0.82
6110,9.998551967452897,13157.721241941228,0.0,0.0,0.013,0.061,0.838
6111,10.028643874690811,13172.718078386719,0.0,0.0,0.011,0.072,0.836
6112,10.035626200625172,13172.849401796604,0.0,0.0,0.007,0.062,0.879
6114,10.016614362262025,13146.458950834764,0.0,0.0,0.015,0.064,0.857
6117,10.053186822084323,13056.304404365643,0.0,0.0,0.0,0.139,0.775
6118,10.030906064526516,13188.336721736427,0.0,0.0,0.015,0.057,0.854
6119,10.04120823793636,13145.32563026077,0.0,0.0,0.003,0.09,0.839
6120,10.000872329033614,13076.658806206251,0.0,0.0,0.018,0.082,0.862
6226,10.06514786854072,13238.863352769513,0.0,0.0,0.005,0.048,0.864
6237,10.160217447985609,13277.285582502725,0.0,0.0,0.0,0.059,0.82
6238,10.16017909725772,13260.472260798524,0.0,0.0,0.003,0.058,0.819
6241,10.060366697206632,13228.449854083801,0.0,0.0,0.01,0.049,0.847
6249,9.702713765774636,13083.770529681513,0.0,0.0,0.0,0.069,0.911
6250,10.15604383462946,13143.532031089982,0.0,0.0,0.019,0.082,0.786
6254,9.693903831576051,13054.030858299777,0.0,0.0,0.008,0.067,0.929
6255,10.071744430839626,13310.90718029555,0.0,0.0,0.0,0.027,0.83
6256,10.063410166207342,13341.928479899672,0.0,0.0,0.0,0.016,0.863
6260,10.038513432672293,13152.354351592507,0.0,0.0,0.018,0.072,0.856
6266,10.054278138867197,13293.898020835568,0.0,0.0,0.004,0.025,0.838
6268,10.121139636221868,12939.17425408408,0.0,0.0,0.032,0.141,0.816
6277,10.069671463321708,13282.96122519396,0.0,0.0,0.001,0.036,0.853
6280,10.045081490578115,13247.64081939265,0.0,0.0,0.01,0.034,0.871
6320,9.683975103588214,13099.569922413813,0.0,0.0,0.011,0.035,0.934
6330,9.702614996266863,13108.746654725186,0.0,0.0,0.0,0.045,0.94
6331,10.062568640052305,13276.25635594425,0.0,0.0,0.002,0.039,0.85
6334,9.705706616924328,13069.269094289877,0.0,0.0,0.0,0.069,0.909
6335,9.695345022358309,12987.217682348439,0.0,0.0,0.006,0.092,0.915
6338,9.69971279048574,13027.91186984469,0.0,0.0,0.0,0.088,0.92
6339,9.689200361989666,13017.764243298665,0.0,0.0,0.006,0.081,0.909
6340,9.683483314863452,13071.542745594872,0.0,0.0,0.009,0.053,0.933
6351,9.693012420242734,13121.439067658814,0.0,0.0,0.004,0.034,0.942
6355,9.706485479798372,13029.378455224716,0.0,0.0,0.0,0.082,0.908
6359,9.700920670870817,13104.082087009021,0.0,0.0,0.0,0.057,0.935
6360,9.7014381318468,13072.236522496092,0.0,0.0,0.009,0.048,0.93
6365,9.70135443777282,13126.729291100559,0.0,0.0,0.0,0.041,0.933
6370,9.702946081194584,13089.640858322962,0.0,0.0,0.001,0.05,0.942
6374,10.05641875201418,13308.336234400018,0.0,0.0,0.002,0.023,0.876
6375,9.702240075885902,13074.61617071511,0.0,0.0,0.004,0.061,0.917
6380,9.700724745694998,13069.150988189123,0.0,0.0,0.006,0.056,0.95
6382,9.686599074333339,12984.537495821234,0.0,0.0,0.011,0.088,0.923
6385,9.70248830960959,13100.592273287852,0.0,0.0,0.0,0.052,0.926
6401,9.836155252755054,13139.06216667386,0.0,0.0,0.008,0.053,0.923
6403,9.839441697690043,13076.092363350217,0.0,0.0,0.002,0.081,0.878
6405,9.831789728569971,13093.365013905815,0.0,0.0,0.005,0.073,0.888
6410,9.86269215433146,12998.21746506928,0.0,0.0,0.0,0.121,0.846
6416,10.015172872906028,13224.677548250887,0.0,0.0,0.0,0.059,0.863
6418,9.849186286273618,13094.842618551247,0.0,0.0,0.007,0.065,0.907
6424,10.000831349196778,13180.901470698254,0.0,0.0,0.005,0.07,0.846
6437,9.847593883347072,12991.646345658613,0.0,0.0,0.004,0.127,0.853
6441,9.99452154304072,13124.500569925534,0.0,0.0,0.01,0.085,0.824
6444,10.049220888792032,13372.793468063124,0.0,0.0,0.0,0.0,0.89
6450,9.848265844581453,13115.697867998057,0.0,0.0,0.011,0.055,0.905
6451,9.851445745843172,13165.208238561536,0.0,0.0,0.003,0.045,0.908
6455,10.002934705907155,13206.47384406451,0.0,0.0,0.0,0.058,0.835
6456,9.965591259632053,12841.612870967698,0.0,0.0,0.032,0.162,0.794
6457,10.008545455665905,13170.59735935523,0.0,0.0,0.01,0.067,0.865
6460,10.651483868886144,13409.440510242246,0.0,0.0,0.003,0.069,0.639
6461,10.656133368267117,13364.30869746565,0.0,0.0,0.001,0.09,0.635
6468,9.819282860283812,12974.07348212792,0.0,0.0,0.0,0.13,0.84
6470,9.822860923367198,12931.631721977728,0.0,0.0,0.004,0.147,0.848
6471,9.838152954687699,13097.334833927054,0.0,0.0,0.005,0.081,0.893
6472,9.835069363258945,13006.962661202155,0.0,0.0,0.004,0.107,0.869
6473,10.661046869531935,13392.156864618435,0.0,0.0,0.002,0.076,0.633
6477,10.662799120895812,13333.9602862914,0.0,0.0,0.0,0.096,0.637
6478,9.857464086877334,13099.39215964252,0.0,0.0,0.002,0.082,0.867
6479,10.043300668132444,13194.286895316967,0.0,0.0,0.0,0.065,0.839
6480,10.008862887685053,13161.535929839794,0.0,0.0,0.005,0.069,0.842
6481,10.012201273221685,13216.494927734038,0.0,0.0,0.0,0.055,0.881
6483,9.844300658485857,13119.902311653528,0.0,0.0,0.004,0.07,0.88
6484,9.81487605385962,13047.471382894571,0.0,0.0,0.003,0.096,0.886
6489,10.03744951656411,13189.798766909738,0.0,0.0,0.003,0.072,0.844
6492,9.816986170960702,13055.402874714346,0.0,0.0,0.015,0.069,0.893
6510,10.606872664370732,13113.341512149613,0.0,0.0,0.028,0.15,0.649
6511,10.649933787677455,13380.631748477354,0.0,0.0,0.0,0.071,0.647
6512,9.843027418443942,13109.981385058323,0.0,0.0,0.007,0.066,0.893
6513,10.60842951155632,13431.244324299661,0.0,0.0,0.005,0.054,0.635
6514,9.83663520958511,13097.426391480478,0.0,0.0,0.015,0.062,0.9
6515,10.638852501389454,13419.239087547408,0.0,0.0,0.007,0.052,0.643
6516,10.653190442953138,13491.315575746838,0.0,0.0,0.0,0.04,0.644
6517,10.640968874824502,13351.67326505294,0.0,0.0,0.007,0.08,0.626
6518,9.840675978036103,13058.024420707325,0.0,0.0,0.001,0.095,0.887
6519,10.644072237517497,13480.954612615998,0.0,0.0,0.0,0.042,0.636
6524,9.838268414963046,13002.879750849488,0.0,0.0,0.003,0.116,0.85
6525,9.851493484765076,12907.873830304803,0.0,0.001,0.002,0.165,0.813
6604,10.588623366870069,13339.156918309865,0.0,0.0,0.02,0.061,0.659
6605,10.598761777185882,13410.070785402258,0.0,0.0,0.006,0.055,0.669
6606,10.601421192014088,13426.91226722519,0.0,0.0,0.009,0.046,0.662
6607,10.597846959810388,13439.663460399366,0.0,0.0,0.002,0.048,0.656
6608,10.577380090426908,13391.86860817182,0.0,0.0,0.012,0.053,0.669
6610,10.60762951892171,13442.353053260813,0.0,0.0,0.0,0.047,0.683
6611,9.807454694895434,12948.520673401572,0.0,0.0,0.007,0.133,0.854
6612,9.809948433014716,12845.502824508356,0.0,0.0,0.001,0.173,0.813
6614,10.604013524807804,13409.666480715203,0.0,0.0,0.003,0.063,0.655
6615,10.624021299831039,13459.834878780828,0.0,0.0,0.0,0.048,0.65
6702,9.820313177311903,12992.950805568535,0.0,0.0,0.019,0.083,0.855
6704,9.860279258683406,13137.099515822256,0.0,0.0,0.004,0.048,0.925
6705,9.829461915928999,13161.193315014378,0.0,0.0,0.007,0.038,0.895
6706,9.836559318754873,13200.635441429704,0.0,0.0,0.004,0.025,0.929
6708,9.838020368652147,13061.270056881845,0.0,0.0,0.021,0.069,0.918
6710,9.851704135133023,12989.344265169459,0.0,0.0,0.021,0.094,0.877
6712,9.855213595256613,13096.952605301418,0.0,0.0,0.0,0.081,0.903
6716,9.839610260963507,13132.43457509228,0.0,0.0,0.003,0.062,0.9
6762,9.8477710948931,13066.913823066492,0.0,0.0,0.003,0.098,0.862
6770,9.849586368269277,13145.615519168554,0.0,0.0,0.0,0.058,0.904
6779,9.964395418117308,13204.319513026137,0.0,0.0,0.0,0.053,0.883
6782,9.953407307508758,13077.623492735302,0.0,0.0,0.007,0.091,0.858
6786,9.980719478051475,13190.286727819257,0.0,0.0,0.002,0.058,0.863
6787,9.952693702699573,13184.340239670419,0.0,0.0,0.003,0.066,0.856
6795,9.959497667371762,13172.882465571154,0.0,0.0,0.006,0.06,0.874
6798,9.980913591620414,13176.763896332666,0.0,0.0,0.001,0.07,0.85
6807,9.812259621945655,12881.749899641716,0.0,0.0,0.0,0.174,0.824
6820,9.820050552713898,12721.177831552004,0.0,0.0,0.0,0.234,0.779
6824,9.824921643850294,12849.345938781671,0.0,0.0,0.002,0.181,0.815
6825,10.636329994524203,13298.897459516433,0.0,0.0,0.0,0.109,0.635
6830,9.822877146208793,12939.644273316797,0.0,0.0,0.0,0.152,0.839
6831,9.806980405411641,12812.241450862708,0.0,0.0,0.002,0.198,0.813
6840,9.818400996224376,12764.44024068277,0.0,0.0,0.003,0.208,0.79
6850,9.81307525816011,12958.656245865517,0.0,0.0,0.001,0.129,0.86
6851,9.82357773874043,13085.29285750091,0.0,0.0,0.0,0.092,0.887
6853,9.821108926981163,12730.030767003367,0.0,0.0,0.0,0.229,0.787
6854,9.820000954945073,13059.495327583107,0.0,0.0,0.006,0.08,0.9
6855,9.818492093868768,13095.521940956609,0.0,0.0,0.0,0.07,0.887
6870,9.818030150545841,12810.787544486115,0.0,0.0,0.006,0.192,0.807
6878,9.814737074357739,12645.056638097753,0.0,0.0,0.0,0.274,0.772
6880,9.815320058757985,12761.205498127732,0.0,0.0,0.002,0.217,0.801
6890,9.82610065185727,12769.335903072519,0.0,0.0,0.002,0.212,0.816
6897,9.823270184078416,12825.70924219701,0.0,0.0,0.0,0.205,0.803
6901,9.78937590925293,13019.457258121347,0.0,0.0,0.016,0.088,0.894
6902,9.802663086723783,13047.58366538046,0.0,0.0,0.01,0.082,0.86
6903,9.82303037468771,12843.943709319847,0.0,0.0,0.0,0.198,0.792
6905,9.812696083556384,13035.065196758935,0.0,0.0,0.005,0.09,0.875
6906,9.811405084874245,13003.076923963023,0.0,0.0,0.006,0.101,0.87
6907,9.798023841377073,12971.65695240662,0.0,0.0,0.014,0.117,0.865
19701,18.2602718061369,14649.394678196528,0.0,0.0,0.006,0.083,0.966
19702,18.236557386657765,14688.96739330128,0.0,0.0,0.007,0.046,0.98
19703,18.231237969650778,14673.910866946258,0.0,0.0,0.008,0.054,0.979
19706,18.26258524048839,14706.386358352209,0.0,0.0,0.002,0.041,0.984
19707,18.311652339512406,14547.495034331934,0.0,0.0,0.0,0.169,0.913
19709,18.266397433672253,14626.421226980623,0.0,0.0,0.004,0.094,0.95
19711,18.26694456589489,14628.645974722169,0.0,0.0,0.007,0.093,0.963
19713,18.208497294424486,14655.709301625453,0.0,0.0,0.01,0.058,0.976
19720,18.224674962690802,14672.041024692275,0.0,0.0,0.006,0.053,0.983
19732,18.15536327994044,14469.181434820775,0.0,0.0,0.016,0.175,0.921
19801,18.167136036232343,14591.641500790138,0.0,0.0,0.015,0.078,0.97
19802,18.20371955207832,14649.025082130567,0.0,0.0,0.008,0.061,0.975
19803,18.254299939891993,14568.896259618488,0.0,0.0,0.011,0.135,0.935
19804,18.31737590162689,14721.734123868435,0.0,0.0,0.0,0.044,0.977
19805,18.318309768162216,14693.260585937094,0.0,0.0,0.0,0.053,0.98
19806,18.124148984366638,14544.346606093502,0.0,0.0,0.016,0.114,0.95
19807,18.31848283274045,14511.256956165615,0.0,0.0,0.001,0.19,0.9
19808,18.31623116868067,14698.237871304342,0.0,0.0,0.0,0.062,0.966
19809,18.258940264559104,14653.748857008146,0.0,0.0,0.004,0.075,0.966
19810,18.319102360708197,14664.608094311054,0.0,0.0,0.0,0.09,0.953
19901,18.042011311561446,14675.885093433544,0.0,0.0,0.0,0.038,0.983
19904,18.093742311738385,14714.176041768742,0.0,0.0,0.0,0.029,0.985
19931,17.869537319392947,14667.20814768727,0.0,0.0,0.0,0.033,0.985
19933,17.872191294341835,14657.449039233892,0.0,0.0,0.0,0.035,0.985
19934,18.088655692855617,14688.612520291026,0.0,0.0,0.0,0.041,0.977
19936,17.992363170960513,14596.92742470692,0.0,0.0,0.008,0.078,0.963
19940,17.870356732133132,14668.42495448177,0.0,0.0,0.003,0.032,0.983
19943,18.090771022139034,14696.458450648452,0.0,0.0,0.0,0.034,0.984
19946,18.06076240634359,14705.023311252795,0.0,0.0,0.0,0.03,0.988
19956,17.68121480463892,14573.244555527408,0.0,0.0,0.013,0.053,0.985
19962,18.09042628524883,14701.09785594897,0.0,0.0,0.0,0.031,0.984
19973,17.81621833438953,14618.624519259996,0.0,0.0,0.004,0.051,0.979
19979,18.067060996575854,14692.378301482655,0.0,0.0,0.002,0.034,0.984
19980,17.650142683195202,14676.359388656405,0.0,0.0,0.0,0.005,0.999
32003,16.246434299321876,13488.249844537495,0.0,0.0,0.0,0.0,0.056
32009,16.625163916164478,13434.555505621236,0.0,0.0,0.0,0.016,0.091
32011,16.72811232946676,13680.224569376302,0.0,0.0,0.0,0.004,0.026
32043,16.74531492292651,13687.382063685409,0.0,0.0,0.0,0.0,0.024
32065,16.154663959964374,13522.260777024068,0.0,0.0,0.003,0.009,0.032
32068,16.702740169698743,13652.220650291989,0.0,0.0,0.001,0.01,0.029
32073,16.205392604812815,13571.256238029906,0.0,0.0,0.0,0.005,0.024
32080,16.354462929793552,13533.631557049503,0.0,0.0,0.0,0.0,0.051
32081,16.322936687970383,13330.707597599416,0.0,0.0,0.0,0.013,0.111
32082,16.350883050802164,13420.830316578036,0.0,0.0,0.0,0.0,0.089
32084,16.27610324151549,13514.871896274044,0.0,0.0,0.0,0.014,0.042
32086,16.354127976366037,13584.191239483525,0.0,0.0,0.0,0.004,0.032
32092,16.35629519131093,13531.221296743322,0.0,0.0,0.0,0.0,0.047
32095,16.27442177168815,13416.772838715642,0.0,0.0,0.006,0.012,0.066
32110,16.26507937903751,13533.447824822868,0.0,0.0,0.0,0.0,0.043
32114,16.247696962087165,13509.040556479209,0.0,0.0,0.0,0.012,0.043
32117,16.140013908516895,13478.39529789058,0.0,0.0,0.005,0.02,0.043
32118,16.12110398840608,13488.024820910465,0.0,0.0,0.0,0.013,0.037
32119,16.211096255935317,13560.410578224433,0.0,0.0,0.0,0.0,0.03
32124,16.204047087629338,13536.965471027834,0.0,0.0,0.0,0.007,0.038
32127,16.2483013553791,13534.996571493479,0.0,0.0,0.0,0.01,0.035
32128,16.169228860918135,13508.840930389908,0.0,0.0,0.001,0.012,0.037
32129,16.246444984862862,13555.742096643376,0.0,0.0,0.0,0.009,0.031
32132,16.187111734809687,13541.074628796194,0.0,0.0,0.0,0.009,0.028
32136,16.226157111794905,13469.379974117992,0.0,0.0,0.0,0.017,0.051
32137,16.306678696370124,13565.611931491012,0.0,0.0,0.0,0.001,0.032
32141,16.221595959801384,13601.193936474281,0.0,0.0,0.0,0.004,0.018
32159,14.153385967525805,12986.427033615588,0.0,0.0,0.0,0.013,0.038
32162,14.161080178667856,12992.750893392138,0.0,0.0,0.004,0.012,0.032
32163,15.822096833902284,13454.943067033546,0.0,0.0,0.0,0.001,0.035
32164,16.223378147502544,13493.82680123511,0.0,0.0,0.007,0.015,0.04
32168,16.196777623359292,13532.431788657104,0.0,0.0,0.001,0.009,0.032
32169,16.247133511314797,13501.436323331298,0.0,0.0,0.0,0.007,0.05
32174,16.249432951688352,13563.548216471894,0.0,0.0,0.0,0.003,0.026
32176,16.166730499308567,13494.377681291822,0.0,0.0,0.0,0.007,0.05
32179,14.218702153673776,12976.43980274414,0.0,0.0,0.012,0.018,0.027
32195,14.279311324277467,13106.282602462872,0.0,0.0,0.0,0.0,0.012
32202,16.124080457693896,13512.435243193677,0.0,0.0,0.0,0.005,0.04
32204,16.04041629658901,13414.382826125817,0.0,0.0,0.0,0.015,0.061
32205,16.16068197385373,13512.854824635522,0.0,0.0,0.0,0.006,0.041
32206,16.0766355925936,13445.593771733482,0.0,0.0,0.0,0.013,0.053
32207,16.036078198430676,13411.828254557955,0.0,0.0,0.0,0.018,0.058
32208,15.92845939418399,13311.960037505656,0.0,0.0,0.0,0.04,0.073
32209,16.06716053301398,13387.883091268475,0.0,0.0,0.0,0.032,0.063
32210,16.009703434520404,13424.140423723095,0.0,0.0,0.0,0.024,0.048
32211,16.125566201649566,13523.83644503409,0.0,0.0,0.0,0.011,0.028
32212,16.115430374200777,13590.172582600258,0.0,0.0,0.003,0.006,0.011
32216,15.967932778846066,13374.485318578349,0.0,0.0,0.002,0.028,0.055
32217,16.058742192014684,13429.940458138972,0.0,0.0,0.0,0.015,0.054
32218,16.576710873077854,13601.001571051158,0.0,0.0,0.0,0.013,0.036
32219,16.649982791175066,13643.30849622589,0.0,0.0,0.0,0.011,0.031
32220,16.098232189454396,13522.307017535799,0.0,0.0,0.0,0.006,0.037
32221,16.15966250680445,13538.660687997597,0.0,0.0,0.0,0.001,0.03
32222,16.101370387647634,13546.449907274013,0.0,0.0,0.0,0.005,0.025
32223,16.159356343809986,13485.27803151262,0.0,0.0,0.0,0.003,0.047
32224,16.16159546808165,13500.045139245873,0.0,0.0,0.0,0.0,0.045
32225,16.103741661590934,13488.150782598654,0.0,0.0,0.0,0.012,0.041
32226,16.69372277593383,13626.25501723466,0.0,0.0,0.0,0.009,0.032
32227,16.119946081524365,13520.318497680002,0.0,0.0,0.0,0.013,0.032
32233,16.08370071066309,13448.589735988318,0.0,0.0,0.0,0.013,0.056
32244,16.119818703874873,13521.14926101333,0.0,0.0,0.0,0.007,0.035
32246,16.160684467063042,13559.910375028543,0.0,0.0,0.0,0.001,0.028
32250,16.162978309217745,13432.231578251096,0.0,0.0,0.0,0.005,0.068
32254,16.07573260039934,13421.637990600893,0.0,0.0,0.0,0.018,0.059
32256,16.114948465256948,13492.864584123088,0.0,0.0,0.0,0.007,0.045
32257,16.11576656540531,13455.69204750416,0.0,0.0,0.0,0.008,0.05
32258,16.155765919073513,13501.311599765335,0.0,0.0,0.0,0.003,0.048
32259,16.351897373951335,13418.077167945585,0.0,0.0,0.0,0.0,0.087
32266,16.15886506505271,13500.433206917807,0.0,0.0,0.0,0.0,0.047
32277,16.053179919171342,13481.776267101208,0.0,0.0,0.0,0.015,0.038
32301,15.99567387310366,13400.284723863564,0.0,0.0,0.0,0.025,0.056
32303,16.08761751652797,13475.8416837426,0.0,0.0,0.0,0.003,0.049
32304,15.887187103778327,13216.902046499737,0.0,0.0,0.0,0.05,0.095
32305,14.404246399697994,13032.96550300933,0.0,0.0,0.0,0.016,0.049
32308,16.116031900428982,13488.301291588674,0.0,0.0,0.0,0.007,0.045
32309,16.101750680609996,13473.7335552616,0.0,0.0,0.0,0.005,0.049
32310,16.04325728399784,13367.448809692174,0.0,0.0,0.0,0.022,0.076
32311,16.118640031560982,13482.307482072994,0.0,0.0,0.0,0.003,0.05
32312,16.124440450236502,13390.192145573845,0.0,0.0,0.0,0.012,0.075
32317,16.09684845287883,13419.67484348439,0.0,0.001,0.003,0.007,0.059
32333,16.865045132637643,13717.367745063677,0.0,0.0,0.0,0.003,0.027
32401,15.637097170250607,13343.484142133948,0.0,0.0,0.0,0.018,0.046
32403,15.68175858702981,13472.890920770846,0.0,0.0,0.0,0.0,0.017
32404,14.894002738707044,13230.615374993504,0.0,0.0,0.0,0.002,0.033
32405,15.6411959079022,13417.197844821334,0.0,0.0,0.0,0.005,0.033
32407,15.634017748756504,13333.869436681125,0.0,0.0,0.009,0.017,0.042
32408,15.63345344927485,13387.755468043559,0.0,0.0,0.001,0.006,0.039
32409,15.646146201604926,13435.048706412344,0.0,0.0,0.0,0.006,0.027
32413,15.590419834947408,13335.980180100501,0.0,0.0,0.001,0.01,0.055
32444,15.680271806970584,13437.05862199293,0.0,0.0,0.0,0.0,0.031
32459,15.545439095398969,13242.597594237632,0.0,0.0,0.006,0.011,0.073
32466,14.856903282233535,13148.793349866706,0.0,0.0,0.0,0.008,0.057
32501,15.801727697239773,13242.208101982535,0.0,0.0,0.0,0.041,0.081
32502,15.8345545411866,13363.264800412957,0.0,0.0,0.0,0.021,0.057
32503,15.854894286998835,13420.872655096791,0.0,0.0,0.0,0.007,0.053
32504,15.917197908132364,13472.151733715187,0.0,0.0,0.0,0.0,0.039
32505,15.880005877756476,13482.4613177048,0.0,0.0,0.0,0.006,0.029
32506,15.806373569835387,13402.180211395187,0.0,0.0,0.0,0.02,0.045
32507,15.919042932205526,13432.599191744712,0.0,0.0,0.0,0.002,0.053
32508,15.916489737029845,13498.726214839322,0.0,0.0,0.0,0.002,0.028
32514,15.817486230019414,13404.758618564856,0.0,0.0,0.0,0.019,0.044
32526,15.845575471398686,13470.166433507424,0.0,0.0,0.001,0.009,0.031
32531,16.485498331074947,13591.315472555876,0.0,0.0,0.0,0.002,0.042
32533,15.883429025325327,13486.68882095707,0.0,0.0,0.0,0.003,0.032
32534,15.886189582617076,13487.923488141478,0.0,0.0,0.0,0.002,0.031
32536,16.473727370070627,13603.084749591164,0.0,0.0,0.0,0.004,0.032
32539,16.48285874408298,13660.052611393028,0.0,0.0,0.0,0.004,0.019
32561,15.91751463913704,13335.835019632454,0.0,0.0,0.0,0.003,0.082
32570,16.086000484044824,13514.355577651386,0.0,0.0,0.0,0.007,0.033
32571,16.12398825811371,13561.718397182816,0.0,0.0,0.0,0.0,0.016
32577,15.824296813577675,13374.766268042951,0.0,0.0,0.0,0.025,0.052
32583,16.07548830489882,13511.174588181522,0.0,0.0,0.001,0.009,0.031
32601,16.045105991722085,13319.91907321998,0.0,0.0,0.0,0.02,0.089
32603,15.82613593005142,12805.362818825002,0.0,0.0,0.0,0.08,0.205
32605,16.14305212202876,13475.993911496653,0.0,0.0,0.004,0.012,0.045
32606,16.101139025117554,13366.586030978842,0.0,0.0,0.001,0.019,0.079
32607,16.06469842568043,13352.904652127985,0.0,0.0,0.002,0.027,0.073
32608,14.391164166491277,12860.400992593124,0.0,0.0,0.0,0.043,0.105
32609,16.67405966706979,13652.534727490232,0.0,0.0,0.0,0.008,0.037
32615,14.430462231300199,13015.087364816105,0.0,0.0,0.005,0.027,0.048
32617,14.227455857681045,12933.467530168235,0.0,0.0,0.002,0.022,0.066
32618,14.484591729160304,13051.183411985165,0.0,0.0,0.0,0.015,0.05
32640,16.624797000789385,13572.415475869031,0.0,0.0,0.0,0.018,0.045
32641,14.381986269408648,12941.92701431826,0.0,0.0,0.006,0.032,0.065
32653,14.477782801796888,12977.503090915485,0.0,0.0,0.006,0.023,0.066
32667,14.358418142330832,12883.266892258755,0.0,0.0,0.015,0.034,0.074
32669,16.180002534195925,13501.463064417607,0.0,0.0,0.0,0.008,0.039
32701,14.320094249251747,13025.239637782093,0.0,0.0,0.0,0.011,0.041
32702,14.042136403123864,12810.317324288728,0.0,0.0,0.0,0.033,0.085
32703,14.176810785801074,12948.971118853851,0.0,0.0,0.004,0.018,0.043
32707,16.437109619874118,13577.432914677152,0.0,0.0,0.0,0.016,0.036
32708,16.5366815806484,13596.25895463923,0.0,0.0,0.0,0.004,0.04
32709,16.307688319035737,13526.54583946114,0.0,0.0,0.0,0.004,0.046
32712,14.164329126508306,12951.15451811837,0.0,0.0,0.0,0.009,0.059
32713,16.19659603448855,13555.028944301295,0.0,0.0,0.0,0.005,0.032
32714,14.329125553830409,13051.93265957298,0.0,0.0,0.0,0.007,0.038
32720,14.063709132493827,12928.007869285888,0.0,0.0,0.0,0.011,0.048
32724,16.144813790530094,13454.845963161006,0.0,0.0,0.002,0.024,0.047
32725,16.24776887886645,13587.012537079117,0.0,0.0,0.0,0.005,0.021
32726,14.1140408963835,12979.274660533396,0.0,0.0,0.0,0.015,0.034
32730,14.322021519502865,13043.389504303886,0.0,0.0,0.002,0.014,0.03
32732,16.49017125391439,13487.830922808676,0.0,0.0,0.0,0.011,0.059
32735,14.137913483210848,13001.520743599356,0.0,0.001,0.006,0.008,0.022
32736,16.288328085076945,13497.205115562121,0.0,0.0,0.0,0.012,0.048
32738,16.177053080933707,13530.203707355511,0.0,0.0,0.0,0.017,0.033
32744,16.183605859539682,13546.81435980271,0.0,0.0,0.003,0.008,0.023
32746,16.495497751482564,13566.787450120724,0.0,0.0,0.003,0.003,0.047
32750,16.496406517038448,13589.597052587107,0.0,0.0,0.0,0.002,0.043
32751,14.206795460377107,12907.678345342163,0.0,0.0,0.0,0.019,0.081
32754,15.916492915091226,13494.624455026538,0.0,0.0,0.0,0.0,0.027
32757,14.152438822140159,12928.24914979369,0.0,0.0,0.0,0.022,0.053
32759,15.99134698936086,13265.997329038104,0.0,0.0,0.01,0.039,0.085
32763,16.17050104995479,13507.794239194027,0.0,0.0,0.0,0.009,0.044
32764,16.231230211681172,13548.09847414691,0.0,0.0,0.002,0.004,0.029
32765,16.49847327301402,13513.416024898204,0.0,0.0,0.0,0.011,0.059
32766,16.49996559890397,13447.051645229703,0.0,0.0,0.0,0.006,0.07
32771,16.457002704107055,13557.397132854258,0.0,0.0,0.0,0.01,0.045
32773,16.431809994407207,13571.916246235503,0.0,0.0,0.002,0.013,0.037
32776,16.33952082528318,13588.56631301292,0.0,0.0,0.0,0.0,0.035
32778,14.179939736062016,13027.073218833968,0.0,0.0,0.0,0.005,0.032
32779,14.297953006597018,12859.185539368762,0.0,0.0,0.008,0.033,0.089
32780,15.913626957461885,13479.911360986445,0.0,0.0,0.0,0.007,0.027
32784,14.122177980331983,12930.115763093494,0.0,0.0,0.001,0.011,0.061
32789,15.830484976561436,13284.887599928774,0.0,0.0,0.0,0.003,0.093
32792,14.219356198946148,12927.857906395919,0.0,0.0,0.0,0.024,0.067
32796,15.915259439188743,13491.115350573322,0.0,0.0,0.0,0.006,0.029
32798,14.19077316007862,13056.718592045658,0.0,0.0,0.0,0.004,0.023
32801,15.73828320498186,13325.219355141999,0.0,0.0,0.0,0.011,0.07
32803,14.169869605196611,12910.203408407233,0.0,0.0,0.002,0.022,0.069
32804,14.16644676079724,12847.744472299126,0.0,0.0,0.002,0.016,0.101
32805,14.117248937459879,12909.988030657036,0.0,0.0,0.0,0.022,0.052
32806,14.106882040818817,12823.418155057301,0.0,0.0,0.006,0.036,0.083
32807,14.137035794396427,12983.285747927914,0.0,0.0,0.0,0.014,0.036
32808,14.135808063597143,12932.793384842162,0.0,0.0,0.0,0.02,0.058
32809,14.191770826432764,13010.358109255236,0.0,0.0,0.0,0.002,0.04
32810,14.133589928418038,12981.702952841479,0.0,0.0,0.0,0.016,0.039
32811,14.06129586606681,12859.602653968472,0.0,0.0,0.012,0.034,0.052
32812,14.191351833738262,12957.328365722204,0.0,0.0,0.0,0.021,0.051
32814,14.170358539963221,12832.635073913305,0.0,0.0,0.002,0.023,0.111
32817,16.31551481238499,13499.793319973029,0.0,0.0,0.0,0.003,0.058
32818,14.107325145419935,12909.99624455138,0.0,0.0,0.0,0.028,0.055
32819,14.133037497733687,12869.708058632386,0.0,0.0,0.0,0.014,0.09
32820,16.35591897281963,13473.849069292713,0.0,0.0,0.0,0.01,0.061
32821,14.155317217741809,13011.585681180499,0.0,0.0,0.0,0.014,0.029
32822,14.084212101741551,12923.068914630194,0.0,0.0,0.01,0.021,0.043
32824,14.155471788957929,13019.693136099506,0.0,0.001,0.003,0.009,0.024
32825,14.15403472770208,12994.488190055066,0.0,0.0,0.0,0.009,0.043
32826,16.27032305342571,13500.162088628224,0.0,0.0,0.0,0.013,0.053
32827,14.155280836191785,12812.370602639496,0.0,0.0,0.003,0.015,0.111
32828,16.30803128618254,13471.560343345736,0.0,0.0,0.0,0.018,0.056
32829,14.170442020181838,12975.208903375364,0.0,0.0,0.001,0.012,0.045
32830,14.187191209609123,13011.285798016484,0.0,0.0,0.0,0.0,0.04
32832,14.189966686845958,12952.179164046207,0.0,0.0,0.0,0.009,0.065
32833,16.35489736246974,13599.771388751577,0.0,0.0,0.0,0.002,0.025
32835,14.097034935300934,12860.248634475847,0.0,0.0,0.009,0.031,0.062
32836,14.145829503330173,12830.935085320965,0.0,0.0,0.003,0.01,0.106
32837,14.190916873273661,13013.746684346426,0.0,0.0,0.0,0.01,0.038
32839,14.131636490511221,12933.666449160844,0.0,0.0,0.0,0.026,0.05
32901,15.864293949663058,13416.03423288681,0.0,0.0,0.0,0.018,0.042
32903,15.868589086881993,13396.034034024411,0.0,0.0,0.002,0.006,0.052
32904,15.849456111249546,13441.683596510875,0.0,0.0,0.001,0.007,0.038
32905,15.863045423823523,13467.070924512258,0.0,0.0,0.0,0.013,0.028
32907,15.875271457611102,13490.338946953798,0.0,0.0,0.0,0.009,0.025
32908,15.87680942489775,13511.688332195436,0.0,0.0,0.0,0.006,0.016
32909,15.857923632471584,13481.89781997329,0.0,0.0,0.0,0.009,0.024
32920,15.912235373226965,13455.204222148604,0.0,0.0,0.0,0.01,0.035
32922,15.865907069517988,13404.79750566663,0.0,0.0,0.0,0.016,0.047
32925,15.868909666331664,13363.04802741261,0.0,0.0,0.0,0.013,0.063
32926,15.851919953895575,13455.260619404811,0.0,0.0,0.0,0.013,0.034
32927,15.835263697835781,13403.123517061735,0.0,0.0,0.003,0.012,0.044
32931,15.843412694326727,13373.944548877502,0.0,0.0,0.0,0.011,0.058
32934,15.86678984801899,13388.191058285942,0.0,0.0,0.0,0.006,0.067
32935,15.91586676025043,13487.016590148403,0.0,0.0,0.0,0.009,0.023
32937,15.874123273272604,13398.333189033212,0.0,0.0,0.0,0.006,0.058
32940,15.87219280593907,13399.766001080514,0.0,0.0,0.0,0.005,0.062
32949,15.908389107375717,13457.166404730353,0.0,0.0,0.0,0.0,0.043
32950,15.83541807421496,13373.205069416637,0.0,0.0,0.006,0.018,0.054
32951,15.914598995527957,13421.24213272734,0.0,0.0,0.0,0.003,0.046
32952,15.83851805384953,13327.647843675188,0.0,0.0,0.0,0.015,0.078
32953,15.858831574936948,13414.033694508063,0.0,0.0,0.0,0.006,0.055
32955,15.916733284938724,13468.62623308709,0.0,0.0,0.0,0.004,0.037
32958,16.090753325832225,13552.784113898688,0.0,0.0,0.0,0.0,0.025
32960,16.046252398776044,13499.67921933138,0.0,0.0,0.0,0.004,0.038
32962,16.034873383480164,13514.874774276723,0.0,0.0,0.0,0.008,0.03
32963,16.010442440860373,13228.754687921397,0.0,0.0,0.007,0.013,0.116
32966,15.953346893273618,13412.786390704969,0.0,0.0,0.0,0.019,0.05
32967,16.091236372805245,13477.929701928315,0.0,0.0,0.0,0.0,0.045
32968,16.089810815936808,13501.093606842614,0.0,0.0,0.0,0.002,0.038
33004,16.15167260136604,13356.436044598098,0.0,0.0,0.0,0.036,0.072
33009,16.306577416860517,13507.332203635178,0.0,0.0,0.0,0.006,0.049
33010,15.892228808137414,13447.126972628997,0.0,0.0,0.0,0.011,0.04
33012,15.92421356660152,13422.592162429542,0.0,0.0,0.0,0.017,0.051
33013,15.80035269298698,13359.160000078738,0.0,0.0,0.009,0.026,0.045
33014,15.974598695760703,13510.075172235336,0.0,0.0,0.0,0.0,0.031
33015,15.9355347913399,13481.885330898704,0.0,0.0,0.0,0.007,0.035
33016,15.89083001346532,13479.344617439427,0.0,0.0,0.0,0.011,0.029
33018,15.97383211091458,13514.15574049167,0.0,0.0,0.0,0.0,0.026
33019,16.292965276294588,13462.945741621214,0.0,0.0,0.0,0.004,0.06
33020,16.307351883824392,13555.1814949117,0.0,0.0,0.0,0.008,0.036
33021,16.308873510237074,13521.12069772753,0.0,0.0,0.0,0.008,0.045
33023,16.27889585650036,13553.84287537812,0.0,0.0,0.0,0.013,0.033
33024,16.356926026791815,13557.94220089581,0.0,0.0,0.0,0.004,0.04
33025,16.23315614971294,13499.12679506541,0.0,0.0,0.0,0.015,0.048
33026,16.259258257852995,13469.949397809267,0.0,0.0,0.0,0.018,0.057
33027,16.195951304479614,13349.144494348915,0.0,0.0,0.0,0.026,0.086
33028,16.35360625454497,13507.504245496875,0.0,0.0,0.0,0.003,0.052
33029,16.3536130484028,13531.749486627645,0.0,0.0,0.0,0.0,0.037
33032,15.944510717883473,13493.966819362215,0.0,0.0,0.0,0.0,0.031
33033,15.884059700812346,13408.663746990092,0.0,0.0,0.002,0.019,0.046
33054,15.973843267653457,13472.567016824767,0.0,0.0,0.0,0.011,0.034
33055,15.895172674182731,13472.669072844652,0.0,0.0,0.0,0.011,0.033
33056,15.919597829028028,13456.570413319714,0.0,0.0,0.0,0.015,0.038
33060,16.311297622040016,13554.848681856542,0.0,0.0,0.0,0.006,0.032
33062,16.351811190370366,13521.892082287797,0.0,0.0,0.0,0.0,0.051
33063,16.305869996553763,13557.012117821892,0.0,0.0,0.0,0.01,0.038
33064,16.357444068867114,13513.00743236575,0.0,0.0,0.0,0.008,0.047
33065,16.270760682788154,13556.053346552007,0.0,0.0,0.004,0.009,0.028
33066,16.310067502617276,13530.528423700765,0.0,0.0,0.0,0.006,0.045
33067,16.35156357383411,13473.764207269322,0.0,0.0,0.0,0.002,0.066
33069,16.296856563011286,13543.40732460881,0.0,0.0,0.001,0.014,0.029
33071,16.353851019713073,13583.118474073774,0.0,0.0,0.0,0.0,0.029
33073,16.35689894907101,13566.234145812847,0.0,0.0,0.0,0.003,0.041
33109,15.971347640064733,12872.07456331641,0.0,0.0,0.0,0.0,0.252
33122,15.889344714643375,13452.404680873444,0.0,0.0,0.005,0.016,0.03
33125,15.884322094048429,13419.312390283192,0.0,0.0,0.0,0.005,0.051
33126,15.898294657723461,13456.86657896775,0.0,0.0,0.0,0.017,0.031
33127,15.927042826095267,13462.063803623125,0.0,0.0,0.0,0.01,0.039
33128,15.933142678252585,13478.542674160763,0.0,0.0,0.0,0.009,0.033
33129,15.903222422952352,13384.845316669598,0.0,0.0,0.0,0.008,0.061
33130,15.932735096571495,13392.747891310368,0.0,0.0,0.0,0.008,0.059
33131,15.923263576192456,13293.794032235364,0.0,0.0,0.0,0.009,0.092
33132,15.973062852082116,13425.381582538323,0.0,0.0,0.0,0.0,0.059
33133,15.887931734855826,13281.566038483286,0.0,0.0,0.004,0.02,0.089
33134,15.938316565552736,13364.22142188191,0.0,0.0,0.0,0.006,0.071
33135,15.926596734148529,13421.940646589397,0.0,0.0,0.0,0.013,0.047
33136,15.615677213611136,13135.552452953416,0.0,0.0,0.016,0.057,0.085
33137,15.886521366916659,13355.624377156768,0.0,0.0,0.0,0.022,0.065
33138,15.932141607670387,13401.138062329084,0.0,0.0,0.0,0.008,0.058
33139,15.897520549707236,13355.14641663847,0.0,0.0,0.0,0.014,0.069
33140,15.846028101248885,13224.195652733368,0.0,0.0,0.004,0.015,0.099
33141,15.92576600495613,13440.300403263234,0.0,0.0,0.0,0.009,0.044
33142,15.92257725150248,13432.164133109985,0.0,0.0,0.0,0.017,0.046
33143,15.891417576618641,13266.795893069158,0.0,0.0,0.0,0.018,0.092
33144,15.92440200052624,13467.394618111253,0.0,0.0,0.0,0.014,0.034
33145,15.969079755092665,13413.81870244121,0.0,0.0,0.0,0.011,0.052
33146,15.853394831468252,13141.345687391304,0.0,0.0,0.0,0.026,0.127
33147,15.855956130682173,13406.222683604985,0.0,0.0,0.0,0.018,0.046
33149,15.972379971154185,13163.333437458483,0.0,0.0,0.0,0.002,0.15
33150,15.805621065755636,13329.799372209367,0.0,0.0,0.0,0.028,0.064
33154,15.927062122519727,13313.946784886075,0.0,0.0,0.0,0.01,0.089
33155,15.921704317697943,13389.805812773027,0.0,0.0,0.003,0.01,0.061
33156,15.896626999495604,13203.819295290003,0.0,0.0,0.0,0.01,0.128
33157,15.867849889677435,13351.008993823321,0.0,0.0,0.005,0.017,0.067
33158,15.972080117931402,13266.328145597572,0.0,0.0,0.0,0.0,0.113
33160,15.882223364441954,13347.960989169436,0.0,0.0,0.0,0.016,0.067
33161,15.973442119035704,13493.616672594537,0.0,0.0,0.0,0.0,0.031
33162,15.887299462140538,13443.991515458476,0.0,0.0,0.0,0.013,0.037
33165,15.90165234857927,13416.5398990329,0.0,0.0,0.0,0.014,0.044
33166,15.930267108625388,13418.547535539128,0.0,0.0,0.0,0.007,0.055
33167,15.974297403813665,13467.247643640865,0.0,0.0,0.0,0.005,0.042
33168,15.934602408939522,13535.582885044649,0.0,0.0,0.0,0.003,0.017
33169,15.869407941889142,13427.178324742365,0.0,0.0,0.008,0.017,0.034
33170,15.928490925132746,13457.028156833268,0.0,0.0,0.0,0.006,0.041
33172,15.888823126427619,13457.111537631028,0.0,0.0,0.0,0.014,0.034
33173,15.92179855968267,13392.386462635552,0.0,0.0,0.0,0.012,0.058
33174,15.924613556919452,13461.710839402549,0.0,0.0,0.0,0.01,0.033
33176,15.971789043610318,13401.096010021374,0.0,0.0,0.0,0.008,0.058
33178,15.930446052695386,13406.569377120331,0.0,0.0,0.0,0.014,0.054
33179,15.884319679382639,13414.282685539021,0.0,0.0,0.0,0.017,0.044
33180,15.846003347461473,13304.822530705385,0.0,0.0,0.0,0.023,0.076
33181,15.932973901284994,13488.155210243089,0.0,0.0,0.0,0.004,0.033
33183,15.860059021224451,13338.975053286491,0.0,0.0,0.0,0.016,0.07
33185,15.859306489687134,13362.339304544901,0.0,0.0,0.005,0.018,0.056
33189,15.936907162675727,13519.536476542336,0.0,0.0,0.002,0.005,0.021
33190,15.973359076060046,13519.198593391608,0.0,0.0,0.0,0.004,0.024
33301,16.270750475113903,13418.60924281364,0.0,0.0,0.004,0.012,0.069
33304,16.354620527514147,13445.458483138314,0.0,0.0,0.0,0.009,0.071
33305,16.30836327581185,13429.217214994485,0.0,0.0,0.0,0.009,0.077
33306,16.230902205734967,13381.845464009933,0.0,0.0,0.0,0.016,0.084
33308,16.308256125805805,13473.059600804774,0.0,0.0,0.0,0.005,0.064
33309,16.306341538367164,13526.424818165982,0.0,0.0,0.002,0.016,0.039
33311,16.30554701466243,13551.13126219927,0.0,0.0,0.0,0.007,0.039
33312,16.30949568591953,13512.784204896707,0.0,0.0,0.001,0.008,0.045
33313,16.239835094070138,13509.777409058941,0.0,0.0,0.0,0.013,0.042
33314,16.29778270934953,13517.50983449798,0.0,0.0,0.0,0.013,0.04
33315,16.303166262875777,13532.496536238143,0.0,0.0,0.0,0.006,0.04
33316,16.354691127287257,13465.72217485315,0.0,0.0,0.0,0.006,0.066
33317,16.190656155923104,13426.499918229849,0.0,0.005,0.015,0.017,0.046
33319,16.35592251472525,13573.354130914173,0.0,0.0,0.0,0.008,0.034
33321,16.304275199759275,13581.99909431523,0.0,0.0,0.0,0.01,0.028
33322,16.312629457657025,13550.533935560417,0.0,0.0,0.0,0.009,0.031
33323,16.352761663744722,13513.38382287969,0.0,0.0,0.0,0.003,0.057
33324,16.352607461906132,13506.77619412256,0.0,0.0,0.0,0.001,0.054
33325,16.354291174116195,13558.30912450362,0.0,0.0,0.0,0.003,0.04
33326,16.277795306946054,13459.146179902677,0.0,0.0,0.002,0.007,0.061
33327,16.35794481180419,13404.562046197378,0.0,0.0,0.0,0.0,0.084
33328,16.357216062970366,13518.294060064229,0.0,0.0,0.0,0.0,0.051
33330,16.35369423447987,13415.916452083044,0.0,0.0,0.0,0.001,0.084
33331,16.32566763807772,13447.305830170537,0.0,0.0,0.0,0.001,0.069
33332,16.322192768665026,13399.475707011072,0.0,0.0,0.0,0.003,0.092
33334,16.27838855664881,13530.912699946906,0.0,0.0,0.002,0.013,0.036
33351,16.309353739243093,13604.3572656683,0.0,0.0,0.0,0.006,0.023
33401,16.0227684732759,13377.811915020184,0.0,0.0,0.0,0.021,0.063
33403,16.114726046954452,13520.472091358895,0.0,0.0,0.0,0.008,0.037
33404,16.16331617751594,13456.815727361663,0.0,0.0,0.0,0.005,0.058
33405,16.078812026404165,13422.567760145095,0.0,0.0,0.0,0.014,0.057
33406,16.054964079249558,13452.071092155637,0.0,0.0,0.001,0.016,0.043
33407,16.16506088638021,13522.131793138182,0.0,0.0,0.0,0.0,0.036
33408,16.093338459253673,13414.676897091596,0.0,0.0,0.0,0.008,0.068
33409,16.061973555022412,13516.272036581217,0.0,0.0,0.0,0.013,0.027
33410,16.12238336502468,13436.360423757074,0.0,0.0,0.0,0.003,0.065
33411,16.16250854952335,13517.104409025496,0.0,0.0,0.0,0.0,0.039
33412,16.15713552478807,13441.217833757699,0.0,0.0,0.0,0.0,0.063
33413,16.05420238159959,13499.677024365923,0.0,0.0,0.0,0.012,0.03
33415,16.12268570365895,13515.693985845262,0.0,0.0,0.0,0.005,0.039
33417,16.161544987062182,13510.332363828751,0.0,0.0,0.0,0.001,0.043
33418,16.15658044717659,13407.272639580025,0.0,0.0,0.0,0.0,0.073
33426,16.116835663427693,13520.43654877603,0.0,0.0,0.0,0.009,0.03
33431,16.10858165531938,13394.146085524711,0.0,0.0,0.0,0.015,0.069
33432,16.07993417731573,13336.576291495647,0.0,0.0,0.0,0.01,0.087
33433,16.096017488594487,13415.300826159253,0.0,0.0,0.0,0.01,0.065
33434,16.113339131120252,13411.273614051395,0.0,0.0,0.0,0.009,0.067
33435,15.993333700885826,13425.98511339188,0.0,0.0,0.01,0.018,0.043
33436,16.160262605230102,13523.682721544314,0.0,0.0,0.0,0.001,0.039
33437,16.16311837906565,13517.425696658835,0.0,0.0,0.0,0.003,0.037
33441,16.264636871330314,13460.966817032782,0.0,0.0,0.0,0.02,0.054
33442,16.31909854060648,13582.339423102972,0.0,0.0,0.0,0.0,0.028
33444,16.053999014263383,13391.226615017114,0.0,0.0,0.006,0.023,0.057
33445,16.107152131424428,13454.735662039542,0.0,0.0,0.0,0.011,0.053
33446,16.161818964832925,13452.73639761591,0.0,0.0,0.0,0.003,0.057
33455,16.122543352510537,13477.115050146482,0.0,0.0,0.0,0.006,0.05
33460,16.16109567479179,13545.521108725276,0.0,0.0,0.0,0.009,0.03
33461,16.161989390524553,13578.28945868974,0.0,0.0,0.0,0.001,0.014
33462,16.081033948922066,13464.377452202654,0.0,0.0,0.0,0.014,0.051
33463,16.161205431193036,13516.616720675203,0.0,0.0,0.0,0.005,0.039
33467,16.104621332813522,13462.996161957446,0.0,0.0,0.0,0.011,0.054
33469,16.162004825607013,13474.59500151611,0.0,0.0,0.0,0.0,0.053
33472,16.167487870747472,13500.557222999128,0.0,0.0,0.0,0.002,0.048
33480,16.167643157627847,13285.870462700695,0.0,0.0,0.0,0.006,0.109
33483,16.157543753030033,13406.287601144837,0.0,0.0,0.0,0.003,0.072
33484,16.061852297843945,13460.132410754239,0.0,0.0,0.0,0.017,0.044
33486,16.11002899347699,13346.42651503531,0.0,0.0,0.0,0.008,0.09
33487,16.160219157320036,13433.982333026439,0.0,0.0,0.0,0.008,0.064
33496,15.994891489187266,13222.665398331572,0.0,0.0,0.004,0.024,0.106
33510,15.819261949345819,13493.941974109015,0.0,0.0,0.0,0.001,0.02
33511,15.817757348282823,13415.079371432295,0.0,0.0,0.0,0.001,0.05
33523,13.77751430540696,12854.746006552497,0.0,0.0,0.0,0.014,0.048
33527,15.73649021505321,13334.933822784897,0.0,0.0,0.0,0.021,0.055
33534,15.818040137075984,13460.05483079168,0.0,0.0,0.0,0.005,0.031
33543,13.768407750918806,12748.510962013303,0.0,0.0,0.0,0.038,0.078
33544,13.768151662757246,12817.015396333518,0.0,0.0,0.001,0.011,0.07
33545,13.806744176406058,12838.7848947811,0.0,0.0,0.0,0.015,0.062
33547,15.78504892918215,13300.661880102894,0.0,0.0,0.0,0.002,0.084
33548,13.88903293492396,12679.582543932645,0.0,0.0,0.006,0.025,0.127
33549,13.866543966159714,12853.055082221683,0.0,0.0,0.0,0.019,0.057
33556,13.888398301479851,12695.77946643414,0.0,0.0,0.0,0.025,0.13
33558,13.910502287429019,12775.701915343794,0.0,0.0,0.001,0.016,0.105
33559,13.80581662591355,12837.34157839661,0.0,0.0,0.0,0.015,0.058
33563,15.64898241608842,13347.422488456983,0.0,0.002,0.013,0.022,0.031
33565,15.746631857325292,13424.295016652779,0.0,0.0,0.0,0.01,0.032
33566,15.684971028546608,13351.950934128196,0.0,0.0,0.008,0.014,0.045
33567,15.779315190810037,13460.916635872427,0.0,0.0,0.001,0.007,0.02
33569,15.74622454750069,13359.647026565619,0.0,0.0,0.002,0.011,0.055
33570,16.02296493695004,13535.369979659203,0.0,0.0,0.0,0.002,0.024
33572,15.82277970501632,13330.304242305312,0.0,0.0,0.0,0.006,0.077
33573,15.783212833364155,13420.582363893061,0.0,0.0,0.0,0.006,0.039
33578,15.728557263727003,13380.311755833409,0.0,0.0,0.0,0.016,0.048
33579,15.78442540951577,13434.496840175707,0.0,0.0,0.0,0.002,0.039
33584,15.764454606829029,13408.56318646004,0.0,0.0,0.0,0.015,0.039
33592,15.819396815927295,13436.40410350212,0.0,0.0,0.0,0.007,0.037
33594,15.821017890522022,13418.676758185813,0.0,0.0,0.0,0.005,0.042
33596,15.815811383716854,13418.430754864734,0.0,0.0,0.0,0.002,0.049
33598,16.05337366146697,13514.14313309629,0.0,0.0,0.0,0.004,0.03
33602,15.775543756335551,13324.64464166128,0.0,0.0,0.0,0.003,0.075
33603,15.822741593809225,13431.889814250662,0.0,0.0,0.0,0.0,0.048
33604,15.780689371946384,13384.220862520307,0.0,0.0,0.0,0.006,0.051
33605,15.64797955450641,13284.810640482878,0.0,0.0,0.0,0.032,0.063
33606,15.759559992515042,13230.843094897265,0.0,0.0,0.0,0.013,0.097
33607,15.677424417264698,13320.45792548259,0.0,0.0,0.0,0.028,0.056
33609,15.71189990551894,13235.544029652163,0.0,0.0,0.004,0.019,0.094
33610,15.729362763095338,13337.483733186567,0.0,0.0,0.0,0.024,0.053
33612,15.708254530893822,13354.677689295857,0.0,0.0,0.0,0.02,0.05
33613,15.73763854346741,13337.732845224484,0.0,0.0,0.0,0.013,0.073
33614,15.769236236043598,13401.594211469437,0.0,0.0,0.001,0.022,0.031
33615,15.716851109296474,13391.318607811396,0.0,0.0,0.0,0.014,0.042
33617,15.694085828408122,13319.910600487385,0.0,0.0,0.01,0.021,0.055
33618,15.776172117445235,13385.309398564912,0.0,0.0,0.0,0.011,0.052
33619,15.711380906978025,13374.26990236575,0.0,0.0,0.0,0.014,0.05
33624,15.786775627266566,13426.089422650051,0.0,0.0,0.0,0.007,0.042
33625,15.821175678354567,13433.771896524268,0.0,0.0,0.0,0.009,0.037
33626,13.899756165038559,12703.949492392603,0.0,0.0,0.0,0.03,0.119
33629,15.814102604436792,13240.94018800407,0.0,0.0,0.0,0.003,0.114
33634,15.816158517007063,13434.267124902883,0.0,0.0,0.0,0.001,0.044
33635,15.818765278361456,13429.236123502986,0.0,0.0,0.0,0.006,0.035
33637,15.777414748627843,13453.751022805272,0.0,0.0,0.0,0.009,0.026
33647,15.773508225748861,13361.67787006835,0.0,0.0,0.0,0.01,0.06
33701,13.414514423156476,12593.434616955963,0.0,0.0,0.0,0.037,0.105
33702,13.386557478033662,12606.5753712359,0.0,0.0,0.005,0.035,0.077
33703,13.434464655676896,12631.003181748576,0.0,0.0,0.0,0.024,0.105
33704,13.437089709381093,12584.165567854485,0.0,0.0,0.003,0.028,0.113
33705,13.38406107512212,12617.471301819389,0.0,0.0,0.008,0.033,0.072
33706,13.3958069436635,12534.992062393496,0.0,0.0,0.007,0.047,0.114
33707,13.376476399569952,12622.505843627476,0.0,0.0,0.01,0.032,0.073
33708,13.38677026456576,12599.469002119014,0.0,0.0,0.009,0.037,0.083
33709,13.40810726635172,12715.566722654197,0.0,0.0,0.0,0.022,0.049
33710,13.417347420988744,12725.89738810972,0.0,0.0,0.004,0.018,0.049
33711,13.409049945762462,12633.602961863287,0.0,0.0,0.009,0.032,0.064
33712,13.368953481003642,12590.71426306519,0.0,0.0,0.005,0.042,0.079
33713,13.39173201091916,12657.000047861806,0.0,0.0,0.009,0.025,0.061
33714,13.438532825886625,12768.773788755556,0.0,0.0,0.0,0.013,0.035
33715,13.464018936831835,12661.564363606492,0.0,0.0,0.0,0.024,0.092
33716,13.430255042650334,12730.478692984942,0.0,0.0,0.0,0.02,0.051
33755,13.351124044661978,12619.04491234163,0.0,0.0,0.007,0.035,0.068
33756,13.466463102949428,12719.755808807793,0.0,0.0,0.0,0.014,0.062
33759,13.404783051788998,12670.868384022075,0.0,0.0,0.0,0.026,0.067
33760,13.434621567622827,12719.558990783731,0.0,0.0,0.002,0.021,0.049
33761,13.36056753384719,12573.329427564648,0.0,0.007,0.015,0.028,0.071
33762,13.451029770381977,12712.96964655972,0.0,0.0,0.0,0.016,0.062
33763,13.413981897860193,12700.312414066246,0.0,0.0,0.002,0.02,0.051
33764,13.368873336456742,12584.64245996022,0.0,0.0,0.01,0.031,0.083
33765,13.465560017393186,12718.376364956568,0.0,0.0,0.0,0.015,0.065
33767,13.342025663339795,12449.318565329582,0.0,0.0,0.014,0.049,0.138
33770,13.358316926808921,12630.470944636012,0.0,0.0,0.009,0.036,0.061
33771,13.38289265451027,12713.110504928358,0.0,0.0,0.01,0.024,0.035
33772,13.387695596325047,12675.679881216629,0.0,0.0,0.006,0.025,0.059
33773,13.374709178067736,12637.719983061186,0.0,0.0,0.001,0.029,0.07
33774,13.359156941247447,12647.1100458506,0.0,0.0,0.011,0.032,0.061
33776,13.400838906212648,12548.92915695823,0.0,0.0,0.011,0.037,0.102
33777,13.397761104354661,12646.301196754803,0.0,0.001,0.011,0.023,0.067
33778,13.430151965363871,12708.091389675003,0.0,0.0,0.004,0.015,0.056
33781,13.333792011481322,12523.454749336643,0.0,0.0,0.023,0.047,0.081
33782,13.438835559502758,12744.829724107874,0.0,0.0,0.0,0.014,0.044
33785,13.433726642821842,12610.233392437789,0.0,0.0,0.005,0.021,0.101
33786,13.385033643492871,12386.186119749684,0.0,0.0,0.011,0.058,0.171
33801,15.818228664977552,13327.372495519232,0.0,0.0,0.013,0.03,0.051
33803,16.008825298126943,13476.841666262537,0.0,0.0,0.0,0.009,0.038
33805,15.961651082646496,13484.33396596768,0.0,0.0,0.0,0.008,0.032
33809,15.916897664463075,13463.25089348752,0.0,0.0,0.001,0.014,0.035
33810,15.960606430948236,13503.651462564885,0.0,0.0,0.0,0.009,0.026
33811,15.963330507681619,13454.876915768144,0.0,0.0,0.0,0.011,0.04
33812,15.977984046259738,13485.436391758538,0.0,0.0,0.001,0.007,0.039
33813,16.003338061567675,13452.826419624651,0.0,0.0,0.0,0.0,0.052
33815,15.652276076846494,13354.811066633249,0.0,0.0,0.0,0.013,0.048
33823,15.930695725003032,13431.13259252305,0.0,0.0,0.0,0.016,0.041
33825,13.99803202177341,12864.671252230197,0.0,0.0,0.004,0.025,0.056
33827,13.964690295781534,12801.322053521702,0.0,0.0,0.013,0.03,0.064
33830,14.050488791121914,12913.155791084511,0.0,0.0,0.0,0.021,0.047
33837,14.033430866211953,12923.220917651617,0.0,0.0,0.0,0.018,0.047
33838,13.991326571301169,12884.92436599359,0.0,0.0,0.014,0.025,0.032
33839,16.00864021084756,13446.067769684105,0.0,0.0,0.0,0.014,0.045
33843,14.07061031610646,13006.509207246023,0.0,0.0,0.002,0.006,0.022
33844,14.047127092705471,12924.060356079011,0.0,0.0,0.003,0.018,0.042
33848,13.720135314537638,12441.635366682054,0.0,0.0,0.011,0.088,0.145
33850,16.005595306865274,13541.700504735703,0.0,0.0,0.0,0.002,0.018
33852,13.979389584225965,12862.719001193158,0.0,0.0,0.008,0.028,0.047
33853,14.06522991171467,12894.158703335135,0.0,0.0,0.0,0.026,0.058
33856,14.096239410951911,13084.75629502231,0.0,0.0,0.0,0.0,0.0
33859,14.037191063552928,12955.139459454627,0.0,0.0,0.0,0.018,0.029
33860,15.930148207224782,13490.542872127055,0.0,0.0,0.0,0.013,0.03
33868,14.060763771796008,12925.842945915816,0.0,0.0,0.007,0.014,0.046
33870,13.983376999975459,12877.464352556175,0.0,0.0,0.006,0.024,0.05
33872,13.994821856930553,12929.867614710753,0.0,0.001,0.006,0.011,0.037
33875,14.076543303026646,12956.025878537072,0.0,0.0,0.0,0.011,0.045
33876,14.01012561555418,12879.441354334835,0.0,0.0,0.001,0.029,0.054
33880,13.997865540043056,12844.41120763856,0.0,0.0,0.0,0.028,0.067
33881,14.041031573788628,12921.906468968318,0.0,0.0,0.0,0.015,0.044
33884,14.031896216962975,12929.1301159436,0.0,0.0,0.007,0.013,0.038
33896,14.054512484960487,12951.659651625758,0.0,0.0,0.002,0.014,0.039
33897,14.051849843730285,12937.426903026872,0.0,0.0,0.0,0.016,0.04
33898,14.064429890165085,12981.215541901338,0.0,0.0,0.0,0.01,0.031
33901,15.28134657863785,13162.580785184484,0.0,0.0,0.003,0.032,0.072
33903,15.407969277889,13342.007198392748,0.0,0.0,0.0,0.014,0.037
33904,15.409011769793688,13322.522032984456,0.0,0.0,0.0,0.012,0.037
33905,15.3673927340342,13271.603167846972,0.0,0.0,0.002,0.023,0.041
33907,15.454199711585478,13346.459888026217,0.0,0.0,0.0,0.005,0.039
33908,15.455849774579105,13331.54267661967,0.0,0.0,0.0,0.006,0.053
33909,15.453072716142263,13387.033012195203,0.0,0.0,0.0,0.003,0.03
33912,15.378536969893537,13223.378713661898,0.0,0.0,0.003,0.013,0.067
33913,15.453453976773396,13288.502985941524,0.0,0.0,0.0,0.004,0.058
33914,14.922765769289509,13190.36318610098,0.0,0.0,0.0,0.008,0.05
33916,15.27907728728333,13190.093751149701,0.0,0.0,0.003,0.032,0.059
33917,15.404335861316271,13247.45842923542,0.0,0.0,0.0,0.024,0.06
33919,15.406482938202396,13279.982098876622,0.0,0.0,0.0,0.015,0.052
33920,15.385157208623285,13268.317829424268,0.0,0.0,0.003,0.017,0.056
33921,15.223792782997169,12872.913522521023,0.0,0.0,0.001,0.049,0.159
33922,15.449564441727235,13364.462344254196,0.0,0.0,0.0,0.0,0.039
33928,15.450073786701815,13250.928265415654,0.0,0.0,0.0,0.009,0.069
33931,15.454023445720209,13298.113234169505,0.0,0.0,0.0,0.001,0.051
33935,16.08754490386191,13434.790108185063,0.0,0.0,0.0,0.015,0.052
33936,14.774820727618804,13036.952027013785,0.0,0.0,0.009,0.037,0.065
33946,15.421327525052241,13314.51576968851,0.0,0.0,0.0,0.0,0.053
33947,15.314896591752298,13295.472092163169,0.0,0.0,0.002,0.015,0.038
33948,15.417876124961548,13375.724840761368,0.0,0.0,0.0,0.007,0.028
33950,15.336379760264494,13229.17480945014,0.0,0.0,0.004,0.021,0.057
33952,15.420366296518074,13349.272191857941,0.0,0.0,0.0,0.013,0.029
33953,15.287366221035608,13213.486614390775,0.0,0.0,0.011,0.02,0.055
33954,15.360582516805314,13323.72827742135,0.0,0.0,0.0,0.015,0.033
33955,15.35702145588519,13261.884730000038,0.0,0.0,0.005,0.016,0.051
33956,14.859084906915419,13092.73577222231,0.0,0.0,0.006,0.015,0.068
33957,15.403007377294845,13064.6369038993,0.0,0.0,0.003,0.019,0.13
33965,15.327392607327265,13211.105180648423,0.0,0.0,0.0,0.029,0.064
33966,15.456026355867362,13307.81889053257,0.0,0.0,0.002,0.008,0.045
33967,15.408953717029245,13309.879071027584,0.0,0.0,0.0,0.013,0.044
33971,15.395563515207863,13352.054491399927,0.0,0.0,0.002,0.009,0.029
33972,15.455886386607109,13374.130972894356,0.0,0.0,0.0,0.002,0.029
33973,14.882528123382182,13139.278034130273,0.0,0.0,0.0,0.023,0.052
33974,14.96090469510843,13238.073780783301,0.0,0.0,0.0,0.003,0.033
33976,14.932522520309016,13283.581974431336,0.0,0.0,0.0,0.006,0.016
33980,15.423038515651715,13339.572360591586,0.0,0.0,0.0,0.009,0.038
33981,15.373582951722208,13311.760984904591,0.0,0.0,0.003,0.016,0.036
33982,15.291625801131959,13230.231016747905,0.0,0.0,0.01,0.021,0.052
33983,15.422698389427755,13387.861902637074,0.0,0.0,0.0,0.004,0.026
33990,15.414330000118383,13340.457119190416,0.0,0.0,0.0,0.012,0.032
33991,15.402068149686388,13324.293258909545,0.0,0.0,0.007,0.015,0.028
33993,15.371910609207813,13268.798541436618,0.0,0.0,0.0,0.019,0.05
34102,15.427055298007906,13167.512505234781,0.0,0.0,0.0,0.007,0.104
34103,15.417273543705907,13154.998182556032,0.0,0.0,0.0,0.012,0.095
34104,15.424261044837408,13342.708547687907,0.0,0.0,0.0,0.013,0.036
34105,15.416129464978901,13159.364866505957,0.0,0.0,0.0,0.011,0.099
34108,15.389727341344658,13136.471164233322,0.0,0.0,0.0,0.01,0.115
34109,15.461162103810254,13233.99631191609,0.0,0.0,0.0,0.008,0.077
34110,15.464574169635542,13251.679354910299,0.0,0.0,0.0,0.0,0.073
34112,15.465856981491253,13341.764090714583,0.0,0.0,0.0,0.011,0.038
34113,15.417392097574131,13289.842469493538,0.0,0.0,0.0,0.011,0.057
34114,15.46148440831512,13278.504263896693,0.0,0.0,0.0,0.012,0.062
34116,15.427762749798612,13355.130492395923,0.0,0.0,0.0,0.01,0.04
34117,15.465818721820247,13345.400885115809,0.0,0.0,0.001,0.002,0.047
34119,15.434527954075367,13263.282251276125,0.0,0.0,0.0,0.001,0.071
34120,15.465662285223276,13360.856150637243,0.0,0.0,0.0,0.0,0.04
34134,15.414626947033348,13155.715842935437,0.0,0.0,0.0,0.01,0.109
34135,15.381521861717125,13274.914442852627,0.0,0.0,0.002,0.019,0.051
34142,15.46311682219536,13369.896539574642,0.0,0.0,0.0,0.0,0.032
34145,14.937163648056154,13030.645323289951,0.0,0.0,0.0,0.006,0.108
34201,15.495242506763978,13232.094004712168,0.0,0.0,0.0,0.009,0.079
34202,15.53836511085815,13281.671219792921,0.0,0.0,0.0,0.001,0.074
34203,15.479178169960509,13336.940297059542,0.0,0.0,0.0,0.015,0.039
34205,15.50095397173206,13360.107015683243,0.0,0.0,0.0,0.012,0.04
34207,15.453416582727389,13316.51067476275,0.0,0.0,0.0,0.018,0.043
34208,15.45831887053759,13324.022425966643,0.0,0.0,0.0,0.015,0.038
34209,15.436987600168527,13306.522816692162,0.0,0.0,0.004,0.014,0.048
34210,15.397449730216994,13234.09470519112,0.0,0.0,0.002,0.024,0.056
34211,15.497905789273025,13230.450798090093,0.0,0.0,0.0,0.015,0.083
34212,15.537866776877648,13345.326971028466,0.0,0.0,0.0,0.0,0.049
34219,15.539784685318047,13399.488935976873,0.0,0.0,0.0,0.0,0.032
34221,15.494400214344207,13368.644212107218,0.0,0.0,0.002,0.01,0.028
34222,15.537255647269081,13401.616874730465,0.0,0.0,0.0,0.015,0.025
34223,15.384723759793754,13277.790469955273,0.0,0.0,0.005,0.012,0.052
34224,15.23740786310906,13213.33202159178,0.0,0.0,0.014,0.024,0.041
34228,15.475740802844156,13193.45433559522,0.0,0.0,0.0,0.0,0.1
34229,15.337863897202945,13147.934568842475,0.0,0.0,0.003,0.021,0.091
34231,15.441278035489237,13339.24408267938,0.0,0.0,0.0,0.0,0.045
34232,15.441934096678883,13378.848920972723,0.0,0.0,0.0,0.0,0.033
34233,15.443002872519385,13367.43840954534,0.0,0.0,0.0,0.001,0.037
34234,15.400585519147148,13304.76754093751,0.0,0.0,0.0,0.013,0.043
34235,15.44138624275813,13312.878734423679,0.0,0.0,0.0,0.006,0.053
34236,15.40175401750229,13194.78498607099,0.0,0.0,0.0,0.008,0.085
34237,15.445078988284427,13387.313874369393,0.0,0.0,0.0,0.003,0.026
34238,15.294049379310655,13106.2917107771,0.0,0.0,0.015,0.023,0.081
34239,15.327708407454896,13174.516826990577,0.0,0.0,0.004,0.024,0.073
34240,15.44367278319187,13228.175861639376,0.0,0.0,0.0,0.004,0.078
34241,15.439612855732351,13292.671747764678,0.0,0.0,0.0,0.005,0.065
34242,15.440977405705926,13179.831383959614,0.0,0.0,0.0,0.004,0.1
34243,15.530320339541069,13400.533281332106,0.0,0.0,0.0,0.001,0.03
34250,15.047040650036205,13203.658563156194,0.0,0.0,0.0,0.0,0.066
34269,15.887857341101771,13475.226430468087,0.0,0.0,0.0,0.009,0.028
34275,15.335297220992883,13220.261444261514,0.0,0.0,0.007,0.021,0.057
34285,15.399398627097382,13315.001835879133,0.0,0.0,0.003,0.008,0.045
34286,15.403388248400596,13371.44391427806,0.0,0.0,0.004,0.008,0.025
34287,15.400280870950528,13377.105579809633,0.0,0.0,0.0,0.006,0.028
34288,15.439872017976198,13323.55715752453,0.0,0.0,0.0,0.007,0.047
34289,15.442900989674126,13433.95147556442,0.0,0.0,0.0,0.0,0.01
34291,15.440641756600943,13403.181786044986,0.0,0.0,0.0,0.005,0.016
34292,15.444004785415434,13352.277665594114,0.0,0.0,0.0,0.001,0.037
34293,15.407744219367963,13324.99249336842,0.0,0.0,0.0,0.008,0.039
34420,14.292000956179681,13023.758645197506,0.0,0.0,0.001,0.017,0.036
34428,14.091325025693292,12881.066545651734,0.0,0.0,0.0,0.024,0.065
34429,14.028535652137627,12835.073682066035,0.0,0.0,0.008,0.028,0.067
34432,14.272993212514306,13006.056711579049,0.0,0.0,0.0,0.02,0.042
34434,14.116293244122355,13000.025537961421,0.0,0.0,0.0,0.007,0.033
34436,14.036996490059801,12872.430393383502,0.0,0.0,0.003,0.027,0.051
34442,14.064458032161358,12931.590621465555,0.0,0.0,0.005,0.013,0.047
34446,14.040364839907783,12895.20175089031,0.0,0.0,0.002,0.021,0.051
34448,14.010448688260594,12861.980632420305,0.0,0.0,0.009,0.032,0.052
34450,14.006985228161547,12829.388263846085,0.0,0.0,0.002,0.032,0.071
34452,14.036012771494901,12911.450203546352,0.0,0.0,0.004,0.02,0.042
34453,14.077090819289738,12970.277643217127,0.0,0.0,0.0,0.015,0.036
34461,14.051262299518458,12922.263878957307,0.0,0.0,0.004,0.019,0.041
34465,14.010370876139318,12896.525062367095,0.0,0.0,0.009,0.021,0.043
34470,14.308932986496599,13057.25342100527,0.0,0.0,0.0,0.01,0.033
34471,14.219802522738238,12862.258182521879,0.0,0.0,0.004,0.033,0.081
34472,14.214534983142686,12927.293186773644,0.0,0.0,0.01,0.029,0.048
34473,15.98823163890036,13554.40215397449,0.0,0.0,0.0,0.003,0.014
34474,14.29599396893093,13012.472257993524,0.0,0.0,0.0,0.009,0.048
34475,14.149022028872318,12755.354801963207,0.0,0.0,0.017,0.043,0.088
34476,14.294994518506504,13050.708446122824,0.0,0.0,0.0,0.013,0.032
34479,14.167890430150246,12919.553255361092,0.0,0.0,0.012,0.024,0.048
34480,14.29849255311488,12993.109195081328,0.0,0.0,0.0,0.011,0.057
34481,14.311603916419125,13047.262961350058,0.0,0.0,0.0,0.009,0.039
34482,14.278291740509733,13014.127457372457,0.0,0.0,0.003,0.016,0.038
34484,14.079528247405698,12854.030238543446,0.0,0.0,0.002,0.028,0.08
34488,14.226067930829947,12944.1714863462,0.0,0.0,0.011,0.028,0.046
34491,14.277340058704894,13022.276096367215,0.0,0.0,0.0,0.015,0.041
34601,13.858705732269664,12848.427774831607,0.0,0.0,0.007,0.021,0.047
34604,13.921445140311514,12888.475331944353,0.0,0.0,0.0,0.013,0.054
34606,13.903841137415144,12918.858314510453,0.0,0.0,0.0,0.014,0.035
34607,15.56548325484145,13354.786029790497,0.0,0.0,0.0,0.002,0.043
34608,13.912342037385805,12920.478500146144,0.0,0.0,0.0,0.013,0.036
34609,13.915818222391366,12894.026071859886,0.0,0.0,0.0,0.015,0.048
34610,13.76133956154687,12838.485232963525,0.0,0.0,0.004,0.015,0.046
34613,13.89880473678178,12891.564128562683,0.0,0.0,0.0,0.021,0.045
34614,15.525399179412512,13366.270906363172,0.0,0.0,0.0,0.005,0.043
34638,13.775707179642858,12765.528241222248,0.0,0.0,0.001,0.026,0.08
34639,13.707560845232843,12740.73190716545,0.0,0.0,0.008,0.031,0.072
34652,13.76075473829609,12830.706664273108,0.0,0.0,0.0,0.02,0.047
34653,13.779511474325284,12859.824664854938,0.0,0.0,0.003,0.021,0.033
34654,13.70685350001661,12767.570151451162,0.0,0.0,0.013,0.023,0.052
34655,13.786614564488657,12833.376409341663,0.0,0.0,0.0,0.013,0.056
34667,13.682434806380739,12752.002569018472,0.0,0.0,0.014,0.03,0.044
34668,13.692199952614477,12773.2674200182,0.0,0.0,0.005,0.035,0.046
34669,13.77219019758519,12856.12193989179,0.0,0.0,0.0,0.019,0.044
34677,13.410169825282189,12658.204139433135,0.0,0.0,0.005,0.02,0.072
34679,15.524986473563034,13493.65476180078,0.0,0.0,0.0,0.0,0.0
34681,13.464466598099483,12676.364749485796,0.0,0.0,0.0,0.016,0.095
34683,13.436744580679438,12707.615066005932,0.0,0.0,0.0,0.019,0.062
34684,13.441121626189428,12688.669818015063,0.0,0.0,0.0,0.024,0.069
34685,13.438129532710969,12676.113235188997,0.0,0.0,0.0,0.012,0.082
34688,13.44243176157186,12617.97921257588,0.0,0.0,0.0,0.032,0.103
34689,13.430534692466066,12694.223186203,0.0,0.0,0.002,0.019,0.068
34690,13.810156541348471,12956.250941487064,0.0,0.0,0.0,0.002,0.017
34691,13.735873252657386,12815.915192317985,0.0,0.0,0.002,0.026,0.045
34695,13.443117478148626,12614.689141166891,0.0,0.0,0.002,0.035,0.095
34698,13.362492391751152,12627.002377207593,0.0,0.0,0.012,0.027,0.062
34705,14.148644399677544,13021.329731235684,0.0,0.0,0.005,0.011,0.02
34711,14.153852778973668,12968.49440564657,0.0,0.0,0.0,0.009,0.048
34714,14.147866391684987,13031.616220079626,0.0,0.0,0.002,0.006,0.022
34715,14.153791328032574,13006.94918845221,0.0,0.0,0.002,0.007,0.029
34731,14.119134158326927,12974.61453582877,0.0,0.0,0.003,0.012,0.037
34734,14.188045065095597,12927.615465900308,0.0,0.0,0.0,0.008,0.073
34736,14.145539536682618,12977.719185963715,0.0,0.0,0.0,0.005,0.049
34737,14.179871550810677,13010.2695427602,0.0,0.0,0.0,0.003,0.044
34741,13.972305111378628,12860.908969053376,0.0,0.0,0.002,0.032,0.05
34743,14.054696594075281,12986.485683775125,0.0,0.0,0.0,0.006,0.025
34744,14.016771785342637,12952.014824360573,0.0,0.0,0.005,0.011,0.033
34746,13.93107786367122,12805.80665132689,0.0,0.0,0.012,0.025,0.066
34747,14.035419068043746,12902.66820361639,0.0,0.0,0.0,0.011,0.063
34748,14.136168162673986,13013.183757136532,0.0,0.0,0.0,0.009,0.028
34756,14.177183281919246,12932.67148499427,0.0,0.0,0.0,0.013,0.066
34758,14.01194689989777,12972.568253154242,0.0,0.0,0.004,0.012,0.022
34759,14.058015940367204,12937.467595403492,0.0,0.0,0.0,0.017,0.047
34760,14.116453328337458,12804.24702308185,0.0,0.0,0.008,0.021,0.098
34761,14.19088964718015,12989.661711376853,0.0,0.0,0.0,0.01,0.043
34762,14.181567859193331,12985.099604093433,0.0,0.0,0.0,0.004,0.053
34769,14.054780395169917,13004.215918802676,0.0,0.0,0.0,0.004,0.023
34771,14.005542625324546,12920.801255847009,0.0,0.0,0.001,0.008,0.053
34772,13.990361697490695,12920.446898459599,0.0,0.0,0.005,0.017,0.04
34785,14.108011547309069,12926.059672062987,0.0,0.0,0.0,0.023,0.046
34786,14.153220380817277,12826.552697760591,0.0,0.0,0.003,0.018,0.107
34787,14.136889206668936,12844.074717335898,0.0,0.0,0.007,0.014,0.087
34788,14.15858165249147,12973.414542977282,0.0,0.0,0.0,0.017,0.045
34797,14.156332292778552,12910.448364073525,0.0,0.0,0.0,0.005,0.08
34945,16.053845953463355,13487.591375414879,0.0,0.0,0.002,0.013,0.032
34946,15.692531497907549,13070.81536067612,0.0,0.0,0.0,0.064,0.122
34947,15.97058438575095,13373.018916554618,0.0,0.0,0.0,0.026,0.064
34949,16.04823309383585,13438.84859988851,0.0,0.0,0.0,0.014,0.05
34950,15.957061447632924,13292.013962925155,0.0,0.0,0.0,0.029,0.091
34951,15.98509368945307,13451.87078457576,0.0,0.0,0.01,0.019,0.033
34952,16.113956936752814,13523.293553230344,0.0,0.0,0.0,0.008,0.03
34953,16.112915263697115,13539.86712542723,0.0,0.0,0.0,0.002,0.031
34957,16.11364033722733,13502.782402307224,0.0,0.0,0.0,0.003,0.04
34981,16.112971518015772,13589.507706654023,0.0,0.0,0.0,0.0,0.015
34982,16.079013802107006,13539.825565732517,0.0,0.0,0.0,0.004,0.026
34983,16.0508451911426,13520.414608716153,0.0,0.0,0.0,0.008,0.024
34984,16.079249367301987,13531.026456981517,0.0,0.0,0.0,0.005,0.028
34986,16.08233084398691,13491.551680774786,0.0,0.0,0.0,0.006,0.041
34990,16.116190150626572,13407.936524584053,0.0,0.0,0.001,0.007,0.07
34994,16.07971267523554,13421.961440446094,0.0,0.0,0.0,0.02,0.058
34996,16.088215575826414,13406.897299175662,0.0,0.0,0.0,0.014,0.065
34997,16.07636523388809,13454.834345072284,0.0,0.0,0.002,0.017,0.041
30002,15.206624119070835,13527.242174019359,0.0,0.0,0.0,0.0,0.0
30004,15.211147029386854,13400.515211945509,0.0,0.0,0.0,0.0,0.0
30005,15.269786532921994,13390.605111532856,0.0,0.0,0.0,0.0,0.0
30008,15.342014759287627,13589.830876058124,0.0,0.0,0.0,0.0,0.0
30009,15.247173871270457,13363.337090498939,0.0,0.0,0.0,0.0,0.0
30011,15.165193016594499,13560.96861053835,0.0,0.0,0.0,0.0,0.0
30012,15.051520540703423,13545.614508052946,0.0,0.0,0.0,0.0,0.0
30013,15.031286229484236,13506.284795700309,0.0,0.0,0.0,0.0,0.0
30014,14.995865209765075,13519.452822672032,0.0,0.0,0.0,0.0,0.0
30016,15.051501266728426,13511.249421193212,0.0,0.0,0.0,0.0,0.0
30017,15.211758832811352,13466.798781136948,0.0,0.0,0.0,0.0,0.0
30019,15.203416422133921,13516.732468316352,0.0,0.0,0.0,0.0,0.0
30021,15.202814073649384,13601.800207368256,0.0,0.0,0.0,0.0,0.0
30022,15.275801568752813,13406.11103458943,0.0,0.0,0.0,0.0,0.0
30024,15.24829665812774,13446.92266245648,0.0,0.0,0.0,0.0,0.0
30028,15.256791604013783,13535.269954386256,0.0,0.0,0.0,0.0,0.0
30030,15.17805594575483,13357.89302478582,0.0,0.0,0.0,0.0,0.0
30032,15.1764998629867,13537.908110872319,0.0,0.0,0.0,0.0,0.0
30033,15.215913342505743,13485.169959413992,0.0,0.0,0.0,0.0,0.0
30034,15.156094352552527,13535.03317440475,0.0,0.0,0.0,0.0,0.0
30035,15.185366478397743,13554.38816111834,0.0,0.0,0.0,0.0,0.0
30038,15.181888673827444,13533.599209085429,0.0,0.0,0.0,0.0,0.0
30039,15.197519552462168,13584.825436763871,0.0,0.0,0.0,0.0,0.0
30040,15.229734317343738,13436.377042680788,0.0,0.0,0.0,0.0,0.0
30041,15.214115254106368,13423.318931039867,0.0,0.0,0.0,0.0,0.0
30043,15.243704984076494,13548.122629880358,0.0,0.0,0.0,0.0,0.0
30044,15.241553309179187,13588.423871941644,0.0,0.0,0.0,0.0,0.0
30045,15.213928121370344,13579.291931470281,0.0,0.0,0.0,0.0,0.0
30046,15.129228377421175,13498.005817352183,0.0,0.0,0.0,0.0,0.0
30047,15.179204946072238,13511.30643392854,0.0,0.0,0.0,0.0,0.0
30052,15.181449594501187,13588.342298894453,0.0,0.0,0.0,0.0,0.0
30058,15.207540189604336,13585.063171194402,0.0,0.0,0.0,0.0,0.0
30060,15.378668673551829,13606.02464369525,0.0,0.0,0.0,0.0,0.0
30062,15.36929419803328,13479.7531848572,0.0,0.0,0.0,0.0,0.0
30064,15.362287825008803,13474.051239117227,0.0,0.0,0.0,0.0,0.0
30066,15.378018207120418,13532.367305005922,0.0,0.0,0.0,0.0,0.0
30067,15.368316822224381,13549.444655315016,0.0,0.0,0.0,0.0,0.0
30068,15.374719287692608,13381.234633001075,0.0,0.0,0.0,0.0,0.0
30071,15.157553927354543,13521.109589410653,0.0,0.0,0.0,0.0,0.0
30072,15.160693014899632,13577.875727796147,0.0,0.0,0.0,0.0,0.0
30075,15.30325296062325,13428.90853445344,0.0,0.0,0.0,0.0,0.0
30076,15.276215765018232,13495.242467485745,0.0,0.0,0.0,0.0,0.0
30078,15.214053696823377,13541.510400338482,0.0,0.0,0.0,0.0,0.0
30079,15.166178186062814,13496.93389277548,0.0,0.0,0.0,0.0,0.0
30080,15.355050871877241,13531.822331375259,0.0,0.0,0.0,0.0,0.0
30082,15.40694778367482,13588.499551185856,0.0,0.0,0.0,0.0,0.0
30083,15.127515718789773,13518.052063728566,0.0,0.0,0.0,0.0,0.0
30084,15.209570350448656,13553.229912280422,0.0,0.0,0.0,0.0,0.0
30087,15.24163605369896,13557.105563185247,0.0,0.0,0.0,0.0,0.0
30088,15.160446153667367,13545.00831763404,0.0,0.0,0.0,0.0,0.0
30092,15.186590388307271,13497.048816487748,0.0,0.0,0.0,0.0,0.0
30093,15.216814417905011,13606.002714961922,0.0,0.0,0.0,0.0,0.0
30094,15.076729563109732,13535.114926568966,0.0,0.0,0.0,0.0,0.0
30096,15.149779467995891,13512.981160865469,0.0,0.0,0.0,0.0,0.0
30097,15.229641516718468,13455.928375138152,0.0,0.0,0.0,0.0,0.0
30101,15.381926565695395,13559.35129296957,0.0,0.0,0.0,0.0,0.0
30102,15.387624422371482,13608.452612548124,0.0,0.0,0.0,0.0,0.0
30103,15.543766972854549,13620.565557779373,0.0,0.0,0.0,0.0,0.0
30106,15.319270396980897,13592.071084094443,0.0,0.0,0.0,0.0,0.0
30107,15.373252814552817,13592.228531362947,0.0,0.0,0.0,0.0,0.0
30114,15.30695221672543,13513.052025661771,0.0,0.0,0.0,0.0,0.0
30115,15.371894310020371,13550.546181728796,0.0,0.0,0.0,0.0,0.0
30116,15.300052021766946,13574.25501383382,0.0,0.0,0.0,0.0,0.0
30117,15.301493626410007,13551.036225057867,0.0,0.0,0.0,0.0,0.0
30120,15.480723246892493,13619.790049698458,0.0,0.0,0.0,0.0,0.0
30121,15.48027632793085,13652.647171551918,0.0,0.0,0.0,0.0,0.0
30122,15.18792781172168,13440.640996699674,0.0,0.0,0.0,0.0,0.0
30126,15.35833861374885,13538.901268006633,0.0,0.0,0.0,0.0,0.0
30127,15.36796492181025,13602.697170005295,0.0,0.0,0.0,0.0,0.0
30132,15.277433411255076,13564.731415063798,0.0,0.0,0.0,0.0,0.0
30134,15.358436768168488,13589.893951793529,0.0,0.0,0.0,0.0,0.0
30135,15.331266131832722,13563.148795712326,0.0,0.0,0.0,0.0,0.0
30137,15.391158704282887,13535.92978920853,0.0,0.0,0.0,0.0,0.0
30141,15.350228923348007,13611.498575819665,0.0,0.0,0.0,0.0,0.0
30144,15.316760114137875,13513.340158361434,0.0,0.0,0.0,0.0,0.0
30147,15.368670648421121,13482.578752420137,0.0,0.0,0.0,0.0,0.0
30152,15.40844820663019,13529.287699677974,0.0,0.0,0.0,0.0,0.0
30157,15.312221137615877,13587.460043358347,0.0,0.0,0.0,0.0,0.0
30161,15.520861512135745,13612.599679881023,0.0,0.0,0.0,0.0,0.0
30165,15.50887913023075,13619.037816704249,0.0,0.0,0.0,0.0,0.0
30168,15.408443912819642,13661.56722099959,0.0,0.0,0.0,0.0,0.0
30173,15.563184194075566,13680.04612702256,0.0,0.0,0.0,0.0,0.0
30180,15.29245826255628,13566.035625295275,0.0,0.0,0.0,0.0,0.0
30187,15.33613636073114,13552.234384853144,0.0,0.0,0.0,0.0,0.0
30188,15.372973382716275,13609.68722584161,0.0,0.0,0.0,0.0,0.0
30189,15.340102543937238,13534.591444572205,0.0,0.0,0.0,0.0,0.0
30205,15.10186673608979,13413.94278882157,0.0,0.0,0.0,0.0,0.0
30213,15.238939822005934,13573.271240785012,0.0,0.0,0.0,0.0,0.0
30214,15.16935688846346,13526.407154590788,0.0,0.0,0.0,0.0,0.0
30215,15.191455484930966,13509.627804061685,0.0,0.0,0.0,0.0,0.0
30223,14.924330939486275,13426.265269772484,0.0,0.0,0.0,0.0,0.0
30228,15.045922079030019,13545.718794773038,0.0,0.0,0.0,0.0,0.0
30234,15.068419496419068,13632.988267653258,0.0,0.0,0.0,0.0,0.0
30236,14.99179892267887,13459.183256085813,0.0,0.0,0.0,0.0,0.0
30238,15.000427314248897,13485.960455156726,0.0,0.0,0.0,0.0,0.0
30248,14.980291947739307,13504.228256058599,0.0,0.0,0.0,0.0,0.0
30252,15.018090900791751,13511.157034199912,0.0,0.0,0.0,0.0,0.0
30253,14.979680511272733,13532.701614732476,0.0,0.0,0.0,0.0,0.0
30260,14.929650209560894,13415.942925716718,0.0,0.0,0.0,0.0,0.0
30268,15.276316925368457,13590.656524345406,0.0,0.0,0.0,0.0,0.0
30269,15.138573216675239,13423.415993352695,0.0,0.0,0.0,0.0,0.0
30273,15.005994552947197,13509.36246622522,0.0,0.0,0.0,0.0,0.0
30274,14.90895292874272,13357.02020343521,0.0,0.0,0.0,0.0,0.0
30276,15.217585390710227,13530.372497730861,0.0,0.0,0.0,0.0,0.0
30277,15.21296443851497,13522.699847671402,0.0,0.0,0.0,0.0,0.0
30281,14.975939186385828,13545.286227358347,0.0,0.0,0.0,0.0,0.0
30288,15.09876950171015,13469.57619957475,0.0,0.0,0.0,0.0,0.0
30290,15.20378628545177,13522.536241544529,0.0,0.0,0.0,0.0,0.0
30291,15.22017152771377,13585.15681487671,0.0,0.0,0.0,0.0,0.0
30294,15.095451398968338,13537.830415774039,0.0,0.0,0.0,0.0,0.0
30296,15.088407988551731,13538.723284128331,0.0,0.0,0.0,0.0,0.0
30297,15.02555219179001,13526.825614467398,0.0,0.0,0.0,0.0,0.0
30305,15.237913528868587,13382.96552456348,0.0,0.0,0.0,0.0,0.0
30306,15.239462660057113,13409.712928065652,0.0,0.0,0.0,0.0,0.0
30307,15.168722014487022,13321.996472643339,0.0,0.0,0.0,0.0,0.0
30308,15.129431829629166,13386.113590811825,0.0,0.0,0.0,0.0,0.0
30309,15.173625082048142,13376.24604396692,0.0,0.0,0.0,0.0,0.0
30310,15.132097326787644,13453.363062533203,0.0,0.0,0.0,0.0,0.0
30311,15.139504193541224,13401.859208866821,0.0,0.0,0.0,0.0,0.0
30312,15.076719141040595,13340.507038064994,0.0,0.0,0.0,0.0,0.0
30313,15.22114687258603,13549.811092530716,0.0,0.0,0.0,0.0,0.0
30314,15.030728812600618,13316.445129698554,0.0,0.0,0.0,0.0,0.0
30315,15.05114453812996,13306.070598283275,0.0,0.0,0.0,0.0,0.0
30316,15.180472240628443,13435.839647711331,0.0,0.0,0.0,0.0,0.0
30317,15.166358422229141,13361.575739322088,0.0,0.0,0.0,0.0,0.0
30318,15.216989824126136,13445.871180458727,0.0,0.0,0.0,0.0,0.0
30319,15.218152643871505,13380.211965438179,0.0,0.0,0.0,0.0,0.0
30324,15.269453468731562,13540.725326852296,0.0,0.0,0.0,0.0,0.0
30326,15.24591324129995,13509.575494422183,0.0,0.0,0.0,0.0,0.0
30327,15.277348258679996,13308.263131491787,0.0,0.0,0.0,0.0,0.0
30328,15.277886570898655,13514.726316303682,0.0,0.0,0.0,0.0,0.0
30329,15.133446039250874,13426.710762466131,0.0,0.0,0.0,0.0,0.0
30331,15.193983939704452,13523.707456360218,0.0,0.0,0.0,0.0,0.0
30336,15.106451896388865,13279.80068419003,0.0,0.0,0.0,0.0,0.0
30337,15.180638411811458,13540.823524729216,0.0,0.0,0.0,0.0,0.0
30338,15.20862194473582,13378.676619001342,0.0,0.0,0.0,0.0,0.0
30339,15.399396384931372,13587.821706126166,0.0,0.0,0.0,0.0,0.0
30340,15.172669769518903,13520.374129939166,0.0,0.0,0.0,0.0,0.0
30341,15.19676645455451,13496.198230918271,0.0,0.0,0.0,0.0,0.0
30342,15.272800538842787,13442.098622050733,0.0,0.0,0.0,0.0,0.0
30344,15.247525899542152,13616.05279290007,0.0,0.0,0.0,0.0,0.0
30345,15.201221800452277,13469.770414466739,0.0,0.0,0.0,0.0,0.0
30346,15.164650169775001,13526.68021069756,0.0,0.0,0.0,0.0,0.0
30349,15.180184680211092,13566.189604323716,0.0,0.0,0.0,0.0,0.0
30350,15.246640620106307,13484.822424493274,0.0,0.0,0.0,0.0,0.0
30354,15.162086881756407,13489.647209902778,0.0,0.0,0.0,0.0,0.0
30360,15.241381827522746,13554.330341289056,0.0,0.0,0.0,0.0,0.0
30363,15.164386874532362,13223.727679368894,0.0,0.0,0.0,0.0,0.0
30458,14.950670642300784,13501.774752031324,0.0,0.0,0.0,0.0,0.0
30461,14.942216555483977,13481.800971344144,0.0,0.0,0.0,0.0,0.0
30501,15.03475086763785,13490.821807856328,0.0,0.0,0.0,0.0,0.0
30504,15.029711622965607,13483.651509068743,0.0,0.0,0.0,0.0,0.0
30506,15.203299234878605,13550.134478061915,0.0,0.0,0.0,0.0,0.0
30507,15.069955382219511,13536.013985744745,0.0,0.0,0.0,0.0,0.0
30517,16.668670284795894,13887.559772437002,0.0,0.0,0.0,0.0,0.0
30518,15.142439997801755,13498.525860830148,0.0,0.0,0.0,0.0,0.0
30519,15.193461443339203,13487.163721787254,0.0,0.0,0.0,0.0,0.0
30542,15.095001817846445,13512.711972791809,0.0,0.0,0.0,0.0,0.0
30548,15.105406152157398,13478.794594934692,0.0,0.0,0.0,0.0,0.0
30564,15.09550106874565,13609.865455688183,0.0,0.0,0.0,0.0,0.0
30565,15.121449263394483,13590.560909133634,0.0,0.0,0.0,0.0,0.0
30566,15.046304061564447,13525.00985866904,0.0,0.0,0.0,0.0,0.0
30601,14.77492856785435,13204.793535167184,0.0,0.0,0.0,0.0,0.0
30605,14.949527623879272,13372.397835446825,0.0,0.0,0.0,0.0,0.0
30606,14.898444622033495,13330.906127810274,0.0,0.0,0.0,0.0,0.0
30607,15.092697202108543,13609.95000827775,0.0,0.0,0.0,0.0,0.0
30619,15.040982791840763,13576.205226119768,0.0,0.0,0.0,0.0,0.0
30620,15.18256888725597,13512.035979380755,0.0,0.0,0.0,0.0,0.0
30621,15.072302703740041,13459.787651590463,0.0,0.0,0.0,0.0,0.0
30622,14.993609640905271,13390.811817263502,0.0,0.0,0.0,0.0,0.001
30646,15.062379396722394,13583.35178088335,0.0,0.0,0.0,0.0,0.0
30655,16.611414897905757,13901.803721799082,0.0,0.0,0.0,0.0,0.0
30677,15.045102802917349,13427.035757729109,0.0,0.0,0.0,0.0,0.0
30680,15.05885326743275,13503.860905019385,0.0,0.0,0.0,0.0,0.0
30683,15.085185674095094,13548.937357416193,0.0,0.0,0.0,0.0,0.0
30701,15.597957134842412,13646.343983316972,0.0,0.0,0.0,0.0,0.0
30705,15.67537206102455,13698.592764701934,0.0,0.0,0.0,0.0,0.0
30707,15.950282249458528,13780.026408404503,0.0,0.0,0.0,0.0,0.0
30720,15.662743766921459,13675.872278582294,0.0,0.0,0.0,0.0,0.0
30721,15.631784789994326,13683.415100876673,0.0,0.0,0.0,0.0,0.0
30725,17.3911715158346,14005.633110108485,0.0,0.0,0.0,0.0,0.0
30735,17.18407316926494,13999.237547789275,0.0,0.0,0.0,0.0,0.0
30736,15.68937228210859,13667.955429321264,0.0,0.0,0.0,0.0,0.0
30738,15.902541476527302,13704.267488201993,0.0,0.0,0.0,0.0,0.0
30740,15.661114776561789,13665.276684318578,0.0,0.0,0.0,0.0,0.0
30741,17.397306751859904,14096.759585119755,0.0,0.0,0.0,0.0,0.0
30742,17.282483696700723,14081.401959322642,0.0,0.0,0.0,0.0,0.0
30750,15.896457307793021,13608.58319142856,0.0,0.0,0.0,0.0,0.0
30755,15.611069318458622,13643.006814660064,0.0,0.0,0.0,0.0,0.0
30757,15.852473988802343,13795.207756985552,0.0,0.0,0.0,0.0,0.0
30802,14.968720101823305,13527.171450655258,0.0,0.0,0.0,0.0,0.0
30805,14.821868231091232,13447.21475649239,0.0,0.0,0.0,0.0,0.0
30809,14.94097004033494,13402.58730466351,0.0,0.0,0.0,0.0,0.0
30813,14.905373940632082,13460.065739640804,0.0,0.0,0.0,0.0,0.0
30815,14.864494452225989,13458.91872348731,0.0,0.0,0.0,0.0,0.0
30901,14.676831391149442,13231.82351546824,0.0,0.0,0.0,0.0,0.0
30904,14.821298547661181,13360.941920237976,0.0,0.0,0.0,0.0,0.0
30905,14.887800428145304,13511.159247731008,0.0,0.0,0.0,0.0,0.0
30906,14.86980412778779,13432.186151610445,0.0,0.0,0.0,0.0,0.0
30907,14.888835695211192,13401.632085014384,0.0,0.0,0.0,0.0,0.0
30909,14.838661057077738,13402.215782129086,0.0,0.0,0.0,0.0,0.0
31005,16.402591098544885,13856.414341299282,0.0,0.0,0.0,0.0,0.0
31008,14.832257374106876,13438.942950394161,0.0,0.0,0.0,0.0,0.0
31020,14.897548581664156,13484.38850697623,0.0,0.0,0.0,0.0,0.0
31028,16.404783497921045,13917.045695571585,0.0,0.0,0.0,0.0,0.0
31030,14.79241943400738,13337.69672746755,0.0,0.0,0.0,0.0,0.0
31032,15.109157688676602,13551.547473258677,0.0,0.0,0.0,0.0,0.0
31047,14.795849824680602,13371.34738016279,0.0,0.0,0.0,0.0,0.0
31052,14.793997611287558,13384.804156455513,0.0,0.0,0.0,0.0,0.0
31088,16.3127332533242,13806.519992451662,0.0,0.0,0.0,0.0,0.0
31093,14.912798943046134,13508.709164483644,0.0,0.0,0.0,0.0,0.0
31098,14.888120614200572,13510.847369731262,0.0,0.0,0.0,0.0,0.0
31201,14.531622636926684,13023.776058708227,0.0,0.0,0.0,0.0,0.0
31204,14.715772062609124,13239.072848735797,0.0,0.0,0.0,0.0,0.0
31206,14.636786511311854,13214.375635794371,0.0,0.0,0.0,0.0,0.0
31210,14.893947737827265,13420.348926318793,0.0,0.0,0.0,0.0,0.0
31211,14.944338742432102,13464.483456027507,0.0,0.0,0.0,0.0,0.0
31216,14.898154815645402,13516.95876572303,0.0,0.0,0.0,0.0,0.0
31217,14.709853909791555,13249.921398168037,0.0,0.0,0.0,0.0,0.0
31220,14.924912680060343,13515.692555199572,0.0,0.0,0.0,0.0,0.0
31301,14.94924900111203,13552.888989119685,0.0,0.0,0.0,0.0,0.0
31302,14.709527214429796,13384.478377073554,0.0,0.0,0.0,0.0,0.0
31313,14.847065133183667,13462.356215408743,0.0,0.0,0.0,0.0,0.0
31315,14.836096210984325,13383.744272002941,0.0,0.0,0.0,0.0,0.0
31322,14.735223695111301,13459.683149182269,0.0,0.0,0.0,0.0,0.0
31324,15.424398549364536,13599.474495136878,0.0,0.0,0.0,0.0,0.0
31401,14.668137887959846,13261.505140593423,0.0,0.0,0.0,0.0,0.0
31404,14.709072872558496,13426.802394825994,0.0,0.0,0.0,0.0,0.0
31405,14.630544791785802,13279.641387189606,0.0,0.0,0.0,0.0,0.0
31406,14.672656353481875,13334.939991104939,0.0,0.0,0.0,0.0,0.0
31407,14.762865738829385,13502.333284292461,0.0,0.0,0.0,0.0,0.0
31408,14.72258277389206,13491.806627647184,0.0,0.0,0.0,0.0,0.0
31410,14.688701154098707,13367.959084280968,0.0,0.0,0.0,0.0,0.0
31411,14.764444233697319,13341.57434559839,0.0,0.0,0.0,0.0,0.0
31415,14.585901065633589,13249.11998658029,0.0,0.0,0.0,0.0,0.0
31419,14.766096523925748,13484.646765158588,0.0,0.0,0.0,0.0,0.0
31520,14.691900646523864,13341.938537157732,0.0,0.0,0.0,0.0,0.0
31523,14.74651111485183,13426.856398888034,0.0,0.0,0.0,0.0,0.0
31525,14.780946902680942,13459.69905144185,0.0,0.0,0.0,0.0,0.0
31601,14.73765558164297,13254.850609901558,0.0,0.0,0.0,0.0,0.0
31602,14.83038055060262,13360.109873922507,0.0,0.0,0.0,0.0,0.0
31605,14.782187525721925,13334.12011145698,0.0,0.0,0.0,0.0,0.0
31606,14.814852280076565,13475.88884101741,0.0,0.0,0.0,0.0,0.0
31632,14.837757326989037,13415.125707549185,0.0,0.0,0.0,0.0,0.0
31636,14.791368410043981,13338.386905412905,0.0,0.0,0.0,0.0,0.0
31701,14.74520118749802,13276.892964552537,0.0,0.0,0.0,0.0,0.0
31705,14.768966015021954,13267.635410253768,0.0,0.0,0.0,0.0,0.0
31707,14.896694533322028,13488.115806622734,0.0,0.0,0.0,0.0,0.0
31721,14.892176735122344,13474.813990329414,0.0,0.0,0.0,0.0,0.0
31763,14.873926123431476,13470.431746467279,0.0,0.0,0.0,0.0,0.0
31791,14.984767367623398,13483.853467758656,0.0,0.0,0.0,0.0,0.0
31808,15.087222980774193,13400.379102091554,0.0,0.0,0.0,0.0,0.0
31820,15.082833869767796,13489.788684074838,0.0,0.0,0.0,0.0,0.0
31901,14.90303884018945,13336.900769059273,0.0,0.0,0.0,0.0,0.0
31903,14.965991401700789,13378.579299026725,0.0,0.0,0.0,0.0,0.0
31904,15.010379499593896,13447.949542334989,0.0,0.0,0.0,0.0,0.0
31905,15.054702640443649,13560.212373833749,0.0,0.0,0.0,0.0,0.0
31906,14.921814584576833,13330.171836216872,0.0,0.0,0.0,0.0,0.0
31907,14.938520738730633,13422.39799611152,0.0,0.0,0.0,0.0,0.0
31909,15.002305054918919,13512.870850669133,0.0,0.0,0.0,0.0,0.0
96701,3.248415090015089,9472.13688315324,0.0,0.002,0.939,0.998,1.0
96706,3.2396443186623354,9516.143642025838,0.0,0.001,0.949,1.001,1.002
96707,3.2373375628055885,9519.410649793097,0.0,0.001,0.95,1.0,1.0
96720,3.1689486090032197,9460.234509795886,0.0,0.0,0.96,0.999,1.0
96725,3.164301540113411,9451.81874530992,0.0,0.0,0.952,1.001,1.002
96732,3.102217712796848,9413.081750048632,0.0,0.0,0.962,0.999,0.999
96734,3.2377641902723044,9457.662817430099,0.0,0.0,0.925,1.0,1.0
96740,3.164613625136074,9438.582019863316,0.0,0.007,0.958,0.999,1.0
96744,3.2434893664584874,9491.746584217051,0.0,0.0,0.939,1.0,1.001
96753,3.104663720480773,9394.387140340832,0.0,0.004,0.958,1.001,1.001
96761,3.1071076619123255,9379.748079774992,0.0,0.002,0.951,1.001,1.001
96779,3.1041058947352522,9403.548468347884,0.0,0.0,0.954,1.001,1.001
96782,3.2402643420557498,9535.824484994571,0.0,0.0,0.959,1.0,1.0
96786,3.2439248239432734,9563.565756421887,0.0,0.0,0.963,0.998,0.999
96789,3.2387736929135036,9537.402497466139,0.0,0.001,0.952,1.0,1.0
96793,3.103446322729455,9392.221606571416,0.0,0.01,0.958,0.998,0.999
96795,3.2386838756984817,9484.612778765239,0.0,0.001,0.938,1.001,1.001
96797,3.2429353533344583,9525.014119574933,0.0,0.0,0.953,1.001,1.001
96813,3.2508793229317843,9506.147820107124,0.0,0.0,0.945,0.995,0.998
96814,3.250723999032877,9519.309948518965,0.0,0.004,0.952,0.998,1.0
96815,3.2575130118845252,9534.696844714814,0.0,0.0,0.96,0.994,0.999
96816,3.2499304543591228,9480.594132441985,0.0,0.001,0.935,0.995,0.999
96817,3.2396529821001407,9527.990251038249,0.0,0.003,0.956,0.999,0.999
96818,3.2398957514725217,9554.880640772155,0.0,0.0,0.961,0.998,0.998
96819,3.2483781728927323,9483.33869310547,0.0,0.004,0.941,0.998,1.0
96821,3.243235324681708,9415.494900142372,0.0,0.0,0.903,1.001,1.002
96822,3.242689169259841,9516.094604115226,0.0,0.003,0.947,1.0,1.0
96825,3.2380610628674593,9477.968665641678,0.0,0.0,0.935,1.002,1.002
96826,3.2481941285407,9531.160515853717,0.0,0.008,0.96,1.0,1.001
50007,22.238178845826585,13217.624679213377,0.0,0.0,0.0,0.029,0.076
50009,22.264042961893793,13230.32097115985,0.0,0.0,0.0,0.027,0.068
50010,13.980512240974749,10642.526588331535,0.0,0.004,0.043,0.136,0.968
50014,13.95201817042935,10550.462396648596,0.0,0.012,0.053,0.168,0.959
50021,22.247906669808085,13218.414151022957,0.0,0.0,0.0,0.022,0.08
50023,22.243883275122226,13239.670513622083,0.0,0.0,0.0,0.025,0.066
50035,22.241888976415748,13273.701519514541,0.0,0.0,0.0,0.017,0.055
50047,22.09421357129531,13235.330431125578,0.0,0.0,0.0,0.021,0.049
50061,22.08996517867289,13031.81318118027,0.0,0.0,0.0,0.057,0.183
50073,22.25126251151039,13084.908200499598,0.0,0.0,0.002,0.058,0.145
50105,13.984081913386282,10825.36870117504,0.0,0.0,0.016,0.101,0.983
50109,22.245469253725624,13164.898400884715,0.0,0.0,0.0,0.036,0.119
50111,22.246643975452745,13233.483794511836,0.0,0.0,0.002,0.029,0.058
50131,22.25377604215152,13139.652328546137,0.0,0.0,0.001,0.037,0.127
50134,13.956852107570192,10542.674395025262,0.0,0.012,0.056,0.161,0.971
50156,13.765249173428225,10634.256008117914,0.0,0.006,0.027,0.15,0.979
50201,13.976573402722565,10700.577551035338,0.0,0.002,0.035,0.138,0.976
50211,22.052593034820006,13183.379359118306,0.0,0.0,0.003,0.028,0.076
50226,13.786603959571664,10422.527534615998,0.0,0.0,0.079,0.255,0.94
50237,22.23942790801347,13259.171071862707,0.0,0.0,0.0,0.019,0.059
50248,13.975687643862257,10753.740411124232,0.0,0.0,0.028,0.155,0.972
50265,22.243618555959923,13255.722285387752,0.0,0.0,0.0,0.011,0.076
50266,22.227184887915854,13200.431398807874,0.0,0.0,0.0,0.034,0.086
50309,22.243452448917854,13269.08637372563,0.0,0.0,0.0,0.018,0.048
50310,22.243531600772208,13285.216426691664,0.0,0.0,0.0,0.015,0.045
50311,22.282312284952955,13182.755283217542,0.0,0.0,0.0,0.038,0.072
50312,22.261900053000154,13155.06204936658,0.0,0.0,0.0,0.037,0.118
50313,22.246268873355238,13296.18324025342,0.0,0.0,0.0,0.01,0.038
50314,22.316141396328014,13097.40600437455,0.0,0.0,0.0,0.055,0.094
50315,22.254250966786543,13238.56887168613,0.0,0.0,0.0,0.025,0.05
50316,22.25849058488343,13248.420503957386,0.0,0.0,0.005,0.024,0.037
50317,22.250063195233505,13301.344940461468,0.0,0.0,0.0,0.002,0.039
50320,22.225939706574696,13235.023617038049,0.0,0.0,0.0,0.028,0.057
50321,22.25255012767306,13251.71169788288,0.0,0.0,0.0,0.024,0.061
50322,22.2537639704856,13211.047903671048,0.0,0.0,0.0,0.033,0.064
50323,22.244432066341332,13000.413925498806,0.0,0.0,0.0,0.061,0.204
50324,22.252890836685012,13236.295540714083,0.0,0.0,0.0,0.024,0.064
50325,22.245060204587848,13138.556413676903,0.0,0.0,0.0,0.049,0.119
50327,22.243013426905364,13242.367394192257,0.0,0.0,0.0,0.015,0.072
50613,14.430399857988686,10842.241700973756,0.0,0.003,0.039,0.112,0.967
50626,23.32396754296945,13398.980730469011,0.0,0.0,0.0,0.028,0.06
50634,23.30205484627458,13539.395506625515,0.0,0.0,0.0,0.001,0.005
50643,14.413166189441297,10878.46811953322,0.0,0.006,0.037,0.079,0.971
50647,23.315213056090546,13507.192567299076,0.0,0.0,0.0,0.005,0.023
50648,23.31987069041387,13451.38728090982,0.0,0.0,0.0,0.013,0.044
50651,14.4180100788706,10930.797570792964,0.0,0.007,0.026,0.064,0.98
50667,23.317418018941037,13468.85889825566,0.0,0.0,0.003,0.011,0.03
50701,23.331242478136996,13438.827602827909,0.0,0.0,0.0,0.018,0.061
50702,23.330881076997446,13465.302877324139,0.0,0.0,0.0,0.02,0.04
50703,23.339752110926014,13446.935031035448,0.0,0.0,0.0,0.021,0.035
50707,23.324470772476516,13458.340335275914,0.0,0.0,0.0,0.018,0.034
51054,21.89588139377247,13100.02329206502,0.0,0.0,0.0,0.041,0.1
51101,21.950120965648914,12927.95304304389,0.0,0.0,0.0,0.072,0.167
51103,21.902505621148507,13175.127551570182,0.0,0.0,0.002,0.024,0.049
51104,21.895993980148937,13143.025666155834,0.0,0.0,0.003,0.029,0.067
51105,21.91674007898239,13168.492591102122,0.0,0.0,0.0,0.027,0.047
51106,21.887427680484173,13155.936294760722,0.0,0.0,0.001,0.031,0.069
51108,21.878736079141465,13149.42966499555,0.0,0.0,0.004,0.028,0.07
51109,21.869351642632935,13253.114893655786,0.0,0.0,0.0,0.007,0.025
51111,21.874073303815447,13301.200659784276,0.0,0.0,0.0,0.0,0.0
51501,21.35378390821596,13053.095411138574,0.0,0.0,0.004,0.026,0.055
51503,21.34352302985811,13059.046025453552,0.0,0.0,0.0,0.027,0.074
51510,21.350660483847445,13069.930544389033,0.0,0.0,0.002,0.027,0.053
51526,21.328864940974476,13061.027623370246,0.0,0.0,0.0,0.03,0.071
52001,14.29271315198034,10868.746054790172,0.0,0.0,0.032,0.081,0.974
52002,14.325295037040497,10930.85400893809,0.0,0.0,0.022,0.091,0.974
52003,14.302670127773261,10852.846262798625,0.0,0.0,0.025,0.111,0.971
52227,14.062903182891844,10746.622354192823,0.0,0.002,0.038,0.123,0.967
52228,14.053262034575143,10636.859167834717,0.0,0.0,0.06,0.179,0.949
52233,14.043797446507595,10689.820032028869,0.0,0.009,0.034,0.123,0.974
52240,14.235524691046864,10711.927318638436,0.0,0.0,0.052,0.117,0.966
52241,23.021630834021696,13334.357341620935,0.0,0.0,0.0,0.03,0.077
52242,23.09449487133627,13210.545664306588,0.0,0.0,0.0,0.06,0.103
52245,23.04364292188382,13335.50578303546,0.0,0.0,0.0,0.028,0.083
52246,23.068136498357696,13178.781012980759,0.0,0.0,0.0,0.059,0.145
52302,14.059440363118469,10738.071606957528,0.0,0.0,0.044,0.128,0.969
52314,14.053876175916574,10811.220336233442,0.0,0.0,0.023,0.116,0.977
52317,14.252436413233859,10784.190954111165,0.0,0.0,0.043,0.134,0.962
52324,14.053386884845402,10861.373845337224,0.0,0.0,0.012,0.112,0.985
52328,14.057211057643345,10674.394403506465,0.0,0.0,0.053,0.162,0.953
52333,14.00990979428173,10547.531914634941,0.0,0.01,0.065,0.167,0.959
52338,14.037275842476895,10640.944245057846,0.0,0.003,0.047,0.168,0.95
52341,14.059986025852343,10688.362413275208,0.0,0.0,0.047,0.152,0.961
52401,14.08089904453178,10687.182456503282,0.0,0.0,0.044,0.151,0.971
52402,14.042249205149497,10767.316774744539,0.0,0.002,0.031,0.12,0.978
52403,14.034053995267364,10695.475392790155,0.0,0.004,0.043,0.133,0.967
52404,14.066339755796495,10782.058690951726,0.0,0.0,0.027,0.118,0.983
52405,14.020812979946351,10697.466378671557,0.0,0.011,0.036,0.096,0.979
52411,14.059402100363505,10400.269402755734,0.0,0.003,0.101,0.268,0.908
52722,22.50786497781636,13238.300421439828,0.0,0.0,0.0,0.026,0.101
52748,13.950469607749971,10646.750226628108,0.0,0.001,0.046,0.155,0.966
52753,22.52340872839306,13218.722125022634,0.0,0.0,0.004,0.046,0.069
52801,22.554169720725877,13182.23606240797,0.0,0.0,0.003,0.044,0.081
52802,22.537980620503205,13241.34297877985,0.0,0.0,0.002,0.03,0.066
52803,22.530542310989418,13273.67006741511,0.0,0.0,0.0,0.021,0.069
52804,22.536025646613034,13281.771892947176,0.0,0.0,0.0,0.028,0.062
52806,13.906580522199148,10633.243183346522,0.0,0.012,0.036,0.113,0.978
52807,22.505467145700806,13250.438149881817,0.0,0.0,0.003,0.034,0.078
83201,20.530359271959494,12394.37704999569,0.0,0.0,0.029,0.88,0.988
83202,20.540305344006423,12392.981036246265,0.0,0.0,0.033,0.903,0.986
83204,20.559708556930286,12385.542312047333,0.0,0.0,0.039,0.892,0.987
83209,20.57945523510414,12346.185732038659,0.0,0.0,0.042,0.823,0.987
83301,19.532523520345187,12211.318434937897,0.0,0.0,0.021,0.963,0.995
83328,19.530297499031903,12235.925936475236,0.0,0.0,0.016,0.976,1.001
83341,19.52401712815237,12155.762501719726,0.0,0.0,0.037,0.952,0.993
83401,20.77411860487583,12481.999900277517,0.0,0.0,0.029,0.837,0.989
83402,20.902438871020994,12512.904590479699,0.0,0.0,0.032,0.832,0.986
83404,20.79639608232767,12416.576589698045,0.0,0.0,0.048,0.829,0.986
83406,20.755675224746806,12472.607067795328,0.0,0.0,0.03,0.852,0.989
83427,20.749924747606308,12552.531449770111,0.0,0.001,0.01,0.824,0.995
83501,22.987970386820745,12960.8436630888,0.0,0.0,0.022,0.434,0.99
83605,20.40784357744391,12423.53489751926,0.0,0.0,0.021,0.908,0.996
83607,20.39640666621812,12424.23159131027,0.0,0.0,0.021,0.923,0.989
83616,20.225712755261185,12144.812346430246,0.0,0.0,0.087,0.883,0.973
83634,20.20376211787673,12345.64170649087,0.0,0.002,0.032,0.909,0.99
83642,20.21156217398574,12289.974088210805,0.0,0.0,0.049,0.91,0.989
83644,20.40380105946568,12409.749681974547,0.0,0.0,0.026,0.894,0.99
83646,20.188001203712545,12293.192714681962,0.0,0.0,0.043,0.911,0.986
83651,20.384493996870518,12439.971365930982,0.0,0.0,0.017,0.905,0.993
83669,20.213081091847254,12308.756229629478,0.0,0.0,0.046,0.911,0.989
83686,20.39641680492886,12415.048434461363,0.0,0.0,0.023,0.91,0.992
83687,20.396664329008203,12410.95055907143,0.0,0.0,0.024,0.915,0.992
83702,20.215246499720394,12163.096659259245,0.0,0.0,0.079,0.89,0.976
83703,20.20514834728722,12287.947251728896,0.0,0.001,0.039,0.915,0.988
83704,20.205789018857867,12379.689911956159,0.0,0.0,0.021,0.926,0.995
83705,20.211671822973607,12375.370251004842,0.0,0.0,0.024,0.932,0.991
83706,20.23542398065548,12259.88899625732,0.0,0.0,0.053,0.906,0.983
83709,20.193573574854458,12345.798272005532,0.0,0.0,0.032,0.907,0.992
83712,20.18962391049104,12232.558879917555,0.0,0.0,0.063,0.877,0.988
83713,20.20103704323825,12313.735279365776,0.0,0.0,0.041,0.913,0.987
83714,20.22424991508531,12226.176707822215,0.0,0.004,0.062,0.882,0.983
83716,20.187939067277554,12256.316736779152,0.0,0.0,0.064,0.872,0.987
83814,25.81277334609244,13386.45577840761,0.0,0.0,0.022,0.098,0.97
83815,25.78428328191069,13435.74545108263,0.0,0.0,0.014,0.056,0.984
83833,25.758910887789824,13475.546580136606,0.0,0.0,0.011,0.039,0.989
83835,25.768329040647416,13455.17297803509,0.0,0.0,0.006,0.056,0.983
83854,25.769484144235125,13468.659402855223,0.0,0.0,0.009,0.051,0.984
83858,25.75473984390869,13458.790356890855,0.0,0.0,0.003,0.06,0.98
60002,15.37647487873919,13303.850752542241,0.0,0.0,0.0,0.0,0.0
60004,15.552594439864388,13314.399588728116,0.0,0.0,0.0,0.0,0.0
60005,15.529962533059035,13321.86040317693,0.0,0.0,0.0,0.0,0.0
60007,15.587743722366753,13426.708472827491,0.0,0.0,0.0,0.0,0.0
60012,15.605095302211494,13280.409847933577,0.0,0.0,0.0,0.0,0.0
60014,15.607558418600627,13400.455120149058,0.0,0.0,0.0,0.0,0.0
60015,15.376971484305104,13151.096550636106,0.0,0.0,0.0,0.0,0.0
60016,15.564850870793052,13402.934614201187,0.0,0.0,0.0,0.0,0.0
60018,15.586176122175525,13455.783625331036,0.0,0.0,0.0,0.0,0.0
60022,15.579992311909178,13133.087732707376,0.0,0.0,0.0,0.0,0.0
60025,15.589908530614107,13276.085520639072,0.0,0.0,0.0,0.0,0.0
60026,15.582773561746682,13193.35707664316,0.0,0.0,0.0,0.0,0.0
60029,15.603722959697539,12958.561255526676,0.0,0.0,0.0,0.0,0.0
60030,15.35982605604587,13330.897946412031,0.0,0.0,0.0,0.0,0.0
60031,15.344062127826227,13270.755089523398,0.0,0.0,0.0,0.0,0.0
60033,15.613030704872617,13493.469160184346,0.0,0.0,0.0,0.0,0.0
60034,15.605424848011504,13474.948397763244,0.0,0.0,0.0,0.0,0.0
60035,15.371502126736976,13133.948437281286,0.0,0.0,0.0,0.0,0.0
60040,15.365868164664471,13339.459921853104,0.0,0.0,0.0,0.0,0.0
60041,15.381428022883476,13311.599539379988,0.0,0.0,0.0,0.0,0.0
60043,15.56927006471888,12984.025599141947,0.0,0.0,0.0,0.0,0.0
60044,15.374753251303861,13215.234205146415,0.0,0.0,0.0,0.0,0.0
60045,15.368257464872233,13078.305549246039,0.0,0.0,0.0,0.0,0.0
60046,15.365724055316516,13337.020462669696,0.0,0.0,0.0,0.0,0.0
60047,15.348954097477893,13147.685092354983,0.0,0.0,0.0,0.0,0.0
60048,15.337284063515565,13081.923443301883,0.0,0.0,0.0,0.0,0.0
60053,15.552669303475723,13365.918881455187,0.0,0.0,0.0,0.0,0.0
60056,15.585214221832786,13412.782392487969,0.0,0.0,0.0,0.0,0.0
60060,15.367096012553883,13355.821587859798,0.0,0.0,0.0,0.0,0.0
60061,15.360407238400994,13253.658407265082,0.0,0.0,0.0,0.0,0.0
60062,15.582424960530265,13248.332106630742,0.0,0.0,0.0,0.0,0.0
60064,15.279235257186997,13239.157265149397,0.0,0.0,0.0,0.0,0.0
60068,15.548562744761515,13193.116598031116,0.0,0.0,0.0,0.0,0.0
60069,15.347633286613497,13162.170168751509,0.0,0.0,0.0,0.0,0.0
60070,15.595746665218943,13377.966101265663,0.0,0.0,0.0,0.0,0.0
60071,15.621701471018362,13373.72123381639,0.0,0.0,0.0,0.0,0.0
60073,15.332596470947038,13365.29446721314,0.0,0.0,0.0,0.0,0.0
60076,15.55792692946535,13344.684687824136,0.0,0.0,0.0,0.0,0.0
60077,15.527548688189627,13350.807082385472,0.0,0.0,0.0,0.0,0.0
60083,15.36336596588666,13334.475778472466,0.0,0.0,0.0,0.0,0.0
60084,15.365836273986003,13324.787119803706,0.0,0.0,0.0,0.0,0.0
60085,15.34589202617227,13375.423135245064,0.0,0.0,0.0,0.0,0.0
60087,15.366896465357149,13420.447693945329,0.0,0.0,0.0,0.0,0.0
60088,15.374355196922165,13436.523257021545,0.0,0.0,0.0,0.0,0.0
60089,15.35977583839315,13224.60445774572,0.0,0.0,0.0,0.0,0.0
60090,15.542975727411237,13386.75780609982,0.0,0.0,0.0,0.0,0.0
60091,15.575564624966113,13153.63697317106,0.0,0.0,0.0,0.0,0.0
60093,15.585692598042264,13060.765594796288,0.0,0.0,0.0,0.0,0.0
60096,15.35458378282791,13316.663964731177,0.0,0.0,0.0,0.0,0.0
60097,15.574279562240504,13434.770961257464,0.0,0.0,0.0,0.0,0.0
60098,15.623793618722404,13424.211676150446,0.0,0.0,0.0,0.0,0.0
60099,15.352807062881482,13351.527588115745,0.0,0.0,0.0,0.0,0.0
60101,15.588170054215324,13460.188592732102,0.0,0.0,0.0,0.0,0.0
60102,15.61358723098232,13374.527483013622,0.0,0.0,0.0,0.0,0.0
60103,15.585156533339815,13371.398431871005,0.0,0.0,0.0,0.0,0.0
60104,15.559095419137217,13467.855899074959,0.0,0.0,0.0,0.0,0.0
60106,15.55152237854372,13468.426161542717,0.0,0.0,0.0,0.0,0.0
60107,15.530133224345779,13323.504596833112,0.0,0.0,0.0,0.0,0.0
60108,15.583418803986946,13317.532007191883,0.0,0.0,0.0,0.0,0.0
60110,15.586931251134772,13465.0194174311,0.0,0.0,0.0,0.0,0.0
60118,15.585640997953076,13369.50260989137,0.0,0.0,0.0,0.0,0.0
60119,15.591840337603033,13365.540011868565,0.0,0.0,0.0,0.0,0.0
60120,15.539561934363523,13432.798178020781,0.0,0.0,0.0,0.0,0.0
60123,15.560201454148075,13424.71671766374,0.0,0.0,0.0,0.0,0.0
60124,15.577967427834102,13329.749853067171,0.0,0.0,0.0,0.0,0.0
60126,15.581312081452058,13306.697333369993,0.0,0.0,0.0,0.0,0.0
60130,15.59601023407532,13371.057241513352,0.0,0.0,0.0,0.0,0.0
60131,15.561906591453964,13433.549708135357,0.0,0.0,0.0,0.0,0.0
60133,15.561782996840822,13415.401997903376,0.0,0.0,0.0,0.0,0.0
60134,15.525879044532841,13209.910187482585,0.0,0.0,0.0,0.0,0.001
60136,15.587519741445105,13379.652397258344,0.0,0.0,0.0,0.0,0.0
60137,15.584171952979709,13265.07876351893,0.0,0.0,0.0,0.0,0.0
60139,15.58946287070902,13471.46164296659,0.0,0.0,0.0,0.0,0.0
60140,15.573561452395046,13427.495822117637,0.0,0.0,0.0,0.0,0.0
60141,15.555287126454955,13524.461007424423,0.0,0.0,0.0,0.0,0.0
60142,15.611479205204018,13381.025735768671,0.0,0.0,0.0,0.0,0.0
60143,15.57897931021175,13393.827063396968,0.0,0.0,0.0,0.0,0.0
60148,15.571602755797224,13350.032272723247,0.0,0.0,0.0,0.0,0.0
60153,15.54089074581611,13331.885565830935,0.0,0.0,0.0,0.0,0.0
60154,15.583676824432157,13436.077774685387,0.0,0.0,0.0,0.0,0.0
60155,15.589974846398524,13285.163615150092,0.0,0.0,0.0,0.0,0.0
60156,15.609523105802225,13446.626271702982,0.0,0.0,0.0,0.0,0.0
60157,15.588243145156603,13364.908580197516,0.0,0.0,0.0,0.0,0.0
60160,15.579696096540555,13460.755518817808,0.0,0.0,0.0,0.0,0.0
60162,15.593406159521109,13452.097673673605,0.0,0.0,0.0,0.0,0.0
60163,15.583918411405516,13506.867430889975,0.0,0.0,0.0,0.0,0.0
60164,15.562965258115167,13431.498480926517,0.0,0.0,0.0,0.0,0.0
60165,15.553186635533116,13457.77006339744,0.0,0.0,0.0,0.0,0.0
60169,15.587379285004651,13466.838351840024,0.0,0.0,0.0,0.0,0.0
60171,15.5883473546912,13444.213809383396,0.0,0.0,0.0,0.0,0.0
60172,15.553712008036744,13327.704761373212,0.0,0.0,0.0,0.0,0.0
60173,15.581404372144206,13425.00322806615,0.0,0.0,0.0,0.0,0.0
60174,15.559040772782206,13357.202178362093,0.0,0.0,0.0,0.0,0.0
60175,15.585808770987876,13217.062834142414,0.0,0.0,0.0,0.0,0.0
60176,15.589350158075842,13461.94330385955,0.0,0.0,0.0,0.0,0.0
60177,15.578221506358778,13391.390391139676,0.0,0.0,0.0,0.0,0.0
60180,15.602103465930474,13413.684393012978,0.0,0.0,0.0,0.0,0.0
60181,15.558156195939981,13394.078568894747,0.0,0.0,0.0,0.0,0.0
60184,15.570526808721972,13303.977720898878,0.0,0.0,0.0,0.0,0.0
60185,15.578784083180388,13390.023619090145,0.0,0.0,0.0,0.0,0.0
60187,15.552754429228179,13288.118735641801,0.0,0.0,0.0,0.0,0.0
60188,15.556400742722646,13370.607876432841,0.0,0.0,0.0,0.0,0.0
60189,15.585498803636268,13296.975270983401,0.0,0.0,0.0,0.0,0.0
60190,15.562274063151595,13346.170037029802,0.0,0.0,0.0,0.0,0.0
60191,15.559567771686682,13391.464448264713,0.0,0.0,0.0,0.0,0.0
60193,15.593179435496351,13444.179278649372,0.0,0.0,0.0,0.0,0.0
60194,15.551004823504186,13386.216725651895,0.0,0.0,0.0,0.0,0.0
60201,15.527757298546502,13202.762753000468,0.0,0.0,0.0,0.0,0.0
60202,15.528352761356867,13292.95218888462,0.0,0.0,0.0,0.0,0.0
60203,15.56316497017098,13178.660760216613,0.0,0.0,0.0,0.0,0.0
60301,15.563231269390695,13376.109251787908,0.0,0.0,0.0,0.0,0.0
60302,15.563042289878853,13290.651730569109,0.0,0.0,0.0,0.0,0.0
60304,15.585692378958939,13314.631880271721,0.0,0.0,0.0,0.0,0.0
60305,15.586069622246242,13251.191252647297,0.0,0.0,0.0,0.0,0.0
60402,15.558885548914425,13456.064177364671,0.0,0.0,0.0,0.0,0.0
60403,15.589299813649115,13411.93806935417,0.0,0.0,0.0,0.0,0.0
60404,15.619033915618672,13372.213853083822,0.0,0.0,0.0,0.0,0.0
60406,15.539560574332352,13379.627431647912,0.0,0.0,0.0,0.0,0.0
60409,15.480440169829768,13385.884708857324,0.0,0.0,0.0,0.0,0.0
60410,15.618863457509716,13330.754990437004,0.0,0.0,0.0,0.0,0.0
60411,15.562313361264762,13405.72498771,0.0,0.0,0.0,0.0,0.0
60415,15.583902916737452,13467.105602491956,0.0,0.0,0.0,0.0,0.0
60417,15.585714614963662,13414.181973495059,0.0,0.0,0.0,0.0,0.0
60419,15.606720942830808,13433.831896317624,0.0,0.0,0.0,0.0,0.0
60421,15.616572905505068,13443.264361505499,0.0,0.0,0.0,0.0,0.0
60422,15.545278896808178,13245.142036588475,0.0,0.0,0.0,0.0,0.001
60423,15.612149459977948,13307.788465277761,0.0,0.0,0.0,0.0,0.0
60425,15.571388471864028,13423.172131916,0.0,0.0,0.0,0.0,0.0
60426,15.610254620926465,13370.566642340753,0.0,0.0,0.0,0.0,0.0
60428,15.603478545549102,13431.065479464116,0.0,0.0,0.0,0.0,0.0
60429,15.594504506923224,13310.493036185797,0.0,0.0,0.0,0.0,0.0
60430,15.529214647291523,13320.815102165547,0.0,0.0,0.0,0.0,0.0
60431,15.60983444049735,13448.73953605243,0.0,0.0,0.0,0.0,0.0
60432,15.62060324768424,13443.622537590198,0.0,0.0,0.0,0.0,0.0
60433,15.629732217380703,13426.104957647973,0.0,0.0,0.0,0.0,0.0
60435,15.586069942083984,13444.53502065778,0.0,0.0,0.0,0.0,0.0
60436,15.594931590241863,13450.298489293698,0.0,0.0,0.0,0.0,0.0
60438,15.599254503865374,13422.715779786871,0.0,0.0,0.0,0.0,0.0
60439,15.581141444928646,13332.518264371092,0.0,0.0,0.0,0.0,0.0
60440,15.608753579481164,13452.379907125767,0.0,0.0,0.0,0.0,0.0
60441,15.616022520014933,13426.322245055086,0.0,0.0,0.0,0.0,0.0
60442,15.604973741353898,13366.29197821402,0.0,0.0,0.0,0.0,0.0
60443,15.603446015764655,13355.502358490692,0.0,0.0,0.0,0.0,0.0
60445,15.608762601416196,13386.109802922285,0.0,0.0,0.0,0.0,0.0
60446,15.609800627749147,13493.518606660185,0.0,0.0,0.0,0.0,0.0
60447,15.586800696083607,13385.023641204369,0.0,0.0,0.0,0.0,0.0
60448,15.583773554340263,13336.857177720502,0.0,0.0,0.0,0.0,0.0
60449,15.593172398074174,13408.298125572552,0.0,0.0,0.0,0.0,0.0
60451,15.609201913224233,13399.863865733381,0.0,0.0,0.0,0.0,0.0
60452,15.56414141275943,13439.998503583492,0.0,0.0,0.0,0.0,0.0
60453,15.563963891562466,13369.238633063287,0.0,0.0,0.0,0.0,0.0
60455,15.604959565549624,13435.625876865246,0.0,0.0,0.0,0.0,0.0
60456,15.585436276150848,13530.111449590468,0.0,0.0,0.0,0.0,0.0
60457,15.580710882884206,13452.552034114113,0.0,0.0,0.0,0.0,0.0
60458,15.543439657323926,13400.65900267742,0.0,0.0,0.0,0.0,0.0
60459,15.557224237046087,13437.624365095144,0.0,0.0,0.0,0.0,0.0
60461,15.482793803626961,13188.546518446019,0.0,0.0,0.0,0.0,0.0
60462,15.582683963393393,13413.558790782514,0.0,0.0,0.0,0.0,0.0
60463,15.563748052997424,13299.746107718081,0.0,0.0,0.0,0.0,0.0
60464,15.58822780802099,13306.632729540852,0.0,0.0,0.0,0.0,0.0
60465,15.582970953916137,13471.195737371238,0.0,0.0,0.0,0.0,0.0
60466,15.466266482677927,13325.898359457882,0.0,0.0,0.0,0.0,0.0
60467,15.547829149013634,13337.80533651789,0.0,0.0,0.0,0.0,0.0
60469,15.532099407886978,13455.969864797713,0.0,0.0,0.0,0.0,0.0
60471,15.562607275857829,13379.799894705444,0.0,0.0,0.0,0.0,0.0
60472,15.566012958425727,13393.330210916005,0.0,0.0,0.0,0.0,0.0
60473,15.566944870793742,13393.26024357942,0.0,0.0,0.0,0.0,0.0
60475,15.595815838493172,13490.51756612155,0.0,0.0,0.0,0.0,0.0
60476,15.563542695587847,13449.576068230144,0.0,0.0,0.0,0.0,0.0
60477,15.593563387509846,13424.307799952376,0.0,0.0,0.0,0.0,0.0
60478,15.530985629807331,13385.790872588515,0.0,0.0,0.0,0.0,0.0
60480,15.577543423263188,13384.720289933119,0.0,0.0,0.0,0.0,0.0
60482,15.594936822461811,13454.621971589992,0.0,0.0,0.0,0.0,0.0
60484,15.559811314107495,13481.330168047152,0.0,0.0,0.0,0.0,0.0
60487,15.569113067661512,13368.926397981073,0.0,0.0,0.0,0.0,0.0
60490,15.585951524918892,13272.86298624195,0.0,0.0,0.0,0.0,0.0
60491,15.602781536051268,13392.656172458781,0.0,0.0,0.0,0.0,0.0
60501,15.487061547940938,13328.504877370595,0.0,0.0,0.0,0.0,0.0
60502,15.576893930343381,13290.726424741824,0.0,0.0,0.0,0.0,0.0
60503,15.56192592320203,13345.571171641212,0.0,0.0,0.0,0.0,0.0
60504,15.551259280984512,13384.739376726644,0.0,0.0,0.0,0.0,0.0
60505,15.53176728015623,13407.198688995735,0.0,0.0,0.0,0.0,0.0
60506,15.563789517572573,13397.062283621613,0.0,0.0,0.0,0.0,0.0
60510,15.585599982216777,13331.105578581259,0.0,0.0,0.0,0.0,0.0
60512,15.53708298171074,13344.06407821083,0.0,0.0,0.0,0.0,0.0
60513,15.584839291144629,13422.372606965346,0.0,0.0,0.0,0.0,0.0
60514,15.555945660878374,13185.273241899833,0.0,0.0,0.0,0.0,0.0
60515,15.589385722048668,13267.867709880044,0.0,0.0,0.0,0.0,0.0
60516,15.578098390918985,13373.753259265895,0.0,0.0,0.0,0.0,0.0
60517,15.522608812051393,13357.245967226685,0.0,0.0,0.0,0.0,0.0
60519,15.574421165532854,13377.491292883667,0.0,0.0,0.0,0.0,0.0
60521,15.577870813468802,13111.592479026976,0.0,0.0,0.0,0.0,0.0
60523,15.532966283704871,13183.927034832353,0.0,0.0,0.0,0.0,0.0
60525,15.58267609363116,13341.780838116178,0.0,0.0,0.0,0.0,0.0
60526,15.58264471783502,13352.872086717825,0.0,0.0,0.0,0.0,0.0
60527,15.58828904212046,13260.769975715366,0.0,0.0,0.0,0.0,0.0
60532,15.566765837285757,13377.984491044206,0.0,0.0,0.0,0.0,0.0
60534,15.595551466316895,13466.372694028678,0.0,0.0,0.0,0.0,0.0
60538,15.533017340382106,13456.101896344944,0.0,0.0,0.0,0.0,0.0
60540,15.573702137093022,13268.97674197781,0.0,0.0,0.0,0.0,0.0
60542,15.589021290524327,13336.841675258926,0.0,0.0,0.0,0.0,0.0
60543,15.541083103886027,13385.252277039595,0.0,0.0,0.0,0.0,0.0
60544,15.610550071839247,13415.986291587858,0.0,0.0,0.0,0.0,0.0
60546,15.566109835058343,13344.897687666382,0.0,0.0,0.0,0.0,0.0
60554,15.582334753783739,13412.652605916057,0.0,0.0,0.0,0.0,0.0
60555,15.512745346853023,13329.968511350433,0.0,0.0,0.0,0.0,0.0
60558,15.580138986706464,13163.004871006715,0.0,0.0,0.0,0.0,0.0
60559,15.574904881062073,13385.006852359837,0.0,0.0,0.0,0.0,0.0
60560,15.543882455785294,13386.916383112406,0.0,0.0,0.0,0.0,0.0
60561,15.55278625653689,13380.84915536978,0.0,0.0,0.0,0.0,0.0
60563,15.599781878091516,13337.665661730316,0.0,0.0,0.0,0.0,0.0
60564,15.58831364583964,13203.340856683302,0.0,0.0,0.0,0.0,0.0
60565,15.598143337366007,13240.737834457814,0.0,0.0,0.0,0.0,0.0
60585,15.600295601810652,13278.067188788451,0.0,0.0,0.0,0.0,0.0
60586,15.612345690114555,13378.591972479517,0.0,0.0,0.0,0.0,0.0
60601,15.58695675747898,13246.186637398245,0.0,0.0,0.0,0.0,0.0
60602,15.57485399188054,13329.615476562301,0.0,0.0,0.0,0.0,0.0
60603,15.625265176791418,13086.652152103909,0.0,0.0,0.0,0.0,0.0
60604,15.598883834311774,13028.683190785025,0.0,0.0,0.0,0.0,0.0
60605,15.56656648464333,13287.461142957232,0.0,0.0,0.0,0.0,0.0
60606,15.57951392859252,13320.972776490762,0.0,0.0,0.0,0.0,0.0
60607,15.549518746215623,13202.866739040892,0.0,0.0,0.0,0.0,0.0
60608,15.55709413095294,13335.888001918885,0.0,0.0,0.0,0.0,0.0
60609,15.576115797721497,13325.398486669717,0.0,0.0,0.0,0.0,0.0
60610,15.556864164951591,13210.332762495691,0.0,0.0,0.0,0.0,0.0
60611,15.609334828791864,13207.529354341912,0.0,0.0,0.0,0.0,0.0
60612,15.619695501722667,13296.109238001838,0.0,0.0,0.0,0.0,0.0
60613,15.57643757939803,13355.157457823503,0.0,0.0,0.0,0.0,0.0
60614,15.584490784508118,13212.508645697473,0.0,0.0,0.0,0.0,0.0
60615,15.522134916404706,13290.654216973837,0.0,0.0,0.0,0.0,0.0
60616,15.537929872567089,13287.636243218778,0.0,0.0,0.0,0.0,0.0
60617,15.572573471048095,13451.94269392115,0.0,0.0,0.0,0.0,0.0
60618,15.551260848191909,13338.084619925528,0.0,0.0,0.0,0.0,0.0
60619,15.619137732741871,13364.805710872428,0.0,0.0,0.0,0.0,0.0
60620,15.584141633680964,13382.685740877843,0.0,0.0,0.0,0.0,0.0
60621,15.539957603450555,13215.179382216691,0.0,0.0,0.0,0.0,0.0
60622,15.593883273754898,13285.499761084156,0.0,0.0,0.0,0.0,0.0
60623,15.555093447587435,13353.650184773427,0.0,0.0,0.0,0.0,0.0
60624,15.577854277118139,13343.199197650289,0.0,0.0,0.0,0.0,0.0
60625,15.592894577526092,13401.658320187089,0.0,0.0,0.0,0.0,0.0
60626,15.564722672738664,13371.96102831292,0.0,0.0,0.0,0.0,0.0
60628,15.576095997997909,13364.971748929125,0.0,0.0,0.0,0.0,0.0
60629,15.55618348890389,13440.896612194243,0.0,0.0,0.0,0.0,0.0
60630,15.554514667311027,13318.0161168368,0.0,0.0,0.0,0.0,0.0
60631,15.593802570300657,13338.448488243432,0.0,0.0,0.0,0.0,0.0
60632,15.565791642768188,13453.403287288142,0.0,0.0,0.0,0.0,0.0
60633,15.559571933877617,13416.156937206044,0.0,0.0,0.0,0.0,0.0
60634,15.562255132997771,13405.461338614472,0.0,0.0,0.0,0.0,0.0
60636,15.613274649176374,13374.002904203006,0.0,0.0,0.0,0.0,0.0
60637,15.572489307274479,13274.372994489686,0.0,0.0,0.0,0.0,0.0
60638,15.561917179749623,13427.22050654389,0.0,0.0,0.0,0.0,0.0
60639,15.56669278094785,13410.270664096266,0.0,0.0,0.0,0.0,0.0
60640,15.525295812713836,13312.587876614643,0.0,0.0,0.0,0.0,0.0
60641,15.565093698509537,13375.851865018885,0.0,0.0,0.0,0.0,0.0
60642,15.549361584010372,13249.555289990361,0.0,0.0,0.0,0.0,0.0
60643,15.581466516539368,13388.218571613452,0.0,0.0,0.0,0.0,0.0
60644,15.560670141226801,13307.386477514643,0.0,0.0,0.0,0.0,0.0
60645,15.588982079237445,13443.018583337976,0.0,0.0,0.0,0.0,0.0
60646,15.558163905423143,13284.270151547655,0.0,0.0,0.0,0.0,0.0
60647,15.533745418766298,13342.315600037033,0.0,0.0,0.0,0.0,0.0
60649,15.542869941837745,13282.955920432196,0.0,0.0,0.0,0.0,0.0
60651,15.569891095406017,13416.223035430747,0.0,0.0,0.0,0.0,0.0
60652,15.573832906293783,13379.750442617693,0.0,0.0,0.0,0.0,0.0
60653,15.617206912008356,13323.823029855675,0.0,0.0,0.0,0.0,0.0
60654,15.588706183622428,13207.113943432789,0.0,0.0,0.0,0.0,0.0
60655,15.591180699065852,13361.687409217722,0.0,0.0,0.0,0.0,0.0
60656,15.547495294823792,13413.660350629885,0.0,0.0,0.0,0.0,0.0
60657,15.56760092755593,13323.817016430976,0.0,0.0,0.0,0.0,0.0
60659,15.549518054758055,13382.853564752997,0.0,0.0,0.0,0.0,0.0
60660,15.563699169274122,13396.542120540253,0.0,0.0,0.0,0.0,0.0
60661,15.553182415352618,13217.022066314677,0.0,0.0,0.0,0.0,0.0
60706,15.5522360432435,13404.22135914648,0.0,0.0,0.0,0.0,0.0
60707,15.529692390550093,13339.477087465606,0.0,0.0,0.0,0.0,0.0
60712,15.599005772741473,13315.208169688425,0.0,0.0,0.0,0.0,0.0
60714,15.550475503574612,13340.527064265554,0.0,0.0,0.0,0.0,0.0
60803,15.581980405723751,13393.132604772443,0.0,0.0,0.0,0.0,0.0
60804,15.56317943382937,13445.470230393546,0.0,0.0,0.0,0.0,0.0
60805,15.592069373887481,13418.331950305008,0.0,0.0,0.0,0.0,0.0
60827,15.60669016656098,13240.655385874088,0.0,0.0,0.0,0.0,0.0
60901,15.627669183201133,13328.161217092143,0.0,0.0,0.0,0.0,0.0
60910,15.711661354204926,13323.311220420579,0.0,0.0,0.0,0.0,0.0
60914,15.67434981438236,13436.27456268416,0.0,0.0,0.0,0.0,0.0
60915,15.704368879929815,13531.61682766017,0.0,0.0,0.0,0.0,0.0
60922,15.712933163259821,13502.453163487364,0.0,0.0,0.0,0.0,0.0
60964,15.704961665027184,13510.94607204854,0.0,0.0,0.0,0.0,0.0
61008,15.560913730002445,13420.442414305511,0.0,0.0,0.0,0.0,0.0
61011,15.563602189458042,13244.106644959795,0.0,0.0,0.0,0.0,0.0
61016,15.556685183567165,13439.161540833209,0.0,0.0,0.0,0.0,0.0
61025,16.650052793202168,13670.726951879335,0.0,0.0,0.0,0.0,0.0
61065,15.583932982388479,13446.827658304814,0.0,0.0,0.0,0.0,0.0
61072,15.54872556981441,13432.985774257484,0.0,0.0,0.0,0.0,0.0
61073,15.563055642174898,13422.17324906865,0.0,0.0,0.0,0.0,0.0
61101,15.578426838195735,13371.38735342841,0.0,0.0,0.0,0.0,0.0
61102,15.537437694352397,13381.023131807106,0.0,0.0,0.0,0.0,0.0
61103,15.524907927755017,13400.134239033996,0.0,0.0,0.0,0.0,0.0
61104,15.580694820718714,13346.179062561052,0.0,0.0,0.0,0.0,0.0
61107,15.492488885828852,13369.584467986091,0.0,0.0,0.0,0.0,0.0
61108,15.517120146651363,13436.907979828135,0.0,0.0,0.0,0.0,0.0
61109,15.568992545056107,13431.005020632172,0.0,0.0,0.0,0.0,0.0
61111,15.565490169781738,13409.780910836824,0.0,0.0,0.0,0.0,0.0
61114,15.57109414906472,13396.90593087655,0.0,0.0,0.0,0.0,0.0
61115,15.556264399748281,13477.927060648128,0.0,0.0,0.0,0.0,0.0
61201,23.781025879339786,14805.953904761,0.0,0.0,0.0,0.0,0.0
61239,23.747247936482086,14869.676987674382,0.0,0.0,0.0,0.0,0.0
61240,23.813042319577768,14872.08538301957,0.0,0.0,0.0,0.0,0.0
61241,24.03610269792298,14897.036765085746,0.0,0.0,0.0,0.0,0.0
61244,23.772222831702216,14824.994089192645,0.0,0.0,0.0,0.0,0.0
61256,23.761218839664306,14840.33081764087,0.0,0.0,0.0,0.0,0.0
61264,23.772487822852924,14805.948987732267,0.0,0.0,0.0,0.0,0.0
61265,23.757814416093737,14842.231779189246,0.0,0.0,0.0,0.0,0.0
61273,24.030860031874653,14901.685469906855,0.0,0.0,0.0,0.0,0.0
61275,23.75104580860402,14817.639243498503,0.0,0.0,0.0,0.0,0.0
61282,23.779208361382807,14793.739923546356,0.0,0.0,0.0,0.0,0.0
61284,23.751342598271812,14852.127801705867,0.0,0.0,0.0,0.0,0.0
61301,16.389294768106936,13618.447465278165,0.0,0.0,0.0,0.0,0.0
61320,16.35922717142506,13725.88296759404,0.0,0.0,0.0,0.0,0.0
61341,15.291317750869313,13426.313064512058,0.0,0.0,0.0,0.0,0.0
61348,15.3063295565461,13379.710791901038,0.0,0.0,0.0,0.0,0.0
61350,15.280897581069073,13343.255774787567,0.0,0.0,0.0,0.0,0.0
61354,16.409332975740007,13663.744489630137,0.0,0.0,0.0,0.0,0.0
61362,16.341436310869387,13620.641069670943,0.0,0.0,0.0,0.0,0.0
61364,15.256496083227148,13293.266608758697,0.0,0.0,0.0,0.0,0.0
61373,16.402233259086195,13681.991948765346,0.0,0.0,0.0,0.0,0.0
61523,16.12263644270886,13581.642327151658,0.0,0.0,0.0,0.0,0.0
61525,16.119826603014815,13436.543579483076,0.0,0.0,0.0,0.0,0.0
61526,16.11109799784379,13555.926416764567,0.0,0.0,0.0,0.0,0.0
61528,16.11502068149815,13396.818980893506,0.0,0.0,0.0,0.0,0.0
61535,16.190101157400996,13586.507945115702,0.0,0.0,0.0,0.0,0.0
61536,16.115284927245877,13642.927013095956,0.0,0.0,0.0,0.0,0.0
61547,16.107214469186317,13582.421245301064,0.0,0.0,0.0,0.0,0.0
61548,16.195609223048383,13500.21822898259,0.0,0.0,0.0,0.0,0.0
61550,16.195799562021058,13597.346415589382,0.0,0.0,0.0,0.0,0.0
61554,16.156505312094314,13597.517833665475,0.0,0.0,0.0,0.0,0.0
61568,16.203441521612962,13563.393467417342,0.0,0.0,0.0,0.0,0.0
61571,16.202887332571724,13578.576190157375,0.0,0.0,0.0,0.0,0.0
61602,16.061451862550836,13140.631824720458,0.0,0.0,0.0,0.0,0.0
61603,16.02676750560243,13439.280162046969,0.0,0.0,0.0,0.0,0.0
61604,16.090688999764797,13552.888087836382,0.0,0.0,0.0,0.0,0.0
61605,16.16615062018934,13411.706936305469,0.0,0.0,0.0,0.0,0.0
61606,16.090119007132927,13431.92988261437,0.0,0.0,0.0,0.0,0.0
61607,16.10908437101731,13614.219904618496,0.0,0.0,0.0,0.0,0.0
61610,16.213025527621767,13618.760768338181,0.0,0.0,0.0,0.0,0.0
61611,16.134319992620068,13547.769058583928,0.0,0.0,0.0,0.0,0.0
61614,16.12780435833814,13540.621251315788,0.0,0.0,0.0,0.0,0.0
61615,16.121907553419657,13502.522206326095,0.0,0.0,0.0,0.0,0.0
61616,16.13505212047995,13563.755131818696,0.0,0.0,0.0,0.0,0.0
61701,16.204508469041436,13470.999306330663,0.0,0.0,0.0,0.0,0.0
61704,16.259001980358303,13556.909880662433,0.0,0.0,0.0,0.0,0.0
61705,16.265633309215424,13470.775187029405,0.0,0.0,0.0,0.0,0.0
61725,16.270163093298525,13446.185850497439,0.0,0.0,0.0,0.0,0.0
61748,16.250990376071293,13636.006215996375,0.0,0.0,0.0,0.0,0.0
61761,16.26868474181254,13458.64341848738,0.0,0.0,0.0,0.0,0.0
61772,16.244631639968166,13719.682275385805,0.0,0.0,0.0,0.0,0.0
61776,16.2531920517741,13613.102556769813,0.0,0.0,0.0,0.0,0.0
61801,15.917582636744847,13281.997287891365,0.0,0.0,0.0,0.0,0.0
61802,16.022256800793627,13532.472326842535,0.0,0.0,0.0,0.0,0.0
61814,16.5912530326675,13694.87344034063,0.0,0.0,0.0,0.0,0.0
61817,16.597047653538375,13729.74476751874,0.0,0.0,0.0,0.0,0.0
61820,16.100812628314166,13257.257553192823,0.0,0.0,0.0,0.0,0.0
61821,16.024668064482807,13524.621489816496,0.0,0.0,0.0,0.0,0.0
61822,15.975874377642237,13415.524194903166,0.0,0.0,0.0,0.0,0.0
61832,16.58449357614647,13625.613127332312,0.0,0.0,0.0,0.0,0.0
61833,16.594218021822392,13726.948044243425,0.0,0.0,0.0,0.0,0.0
61834,16.589991786764084,13661.713191189301,0.0,0.0,0.0,0.0,0.0
61841,16.605146367524583,13689.999313954726,0.0,0.0,0.0,0.0,0.0
61858,16.612923387397633,13671.225463837472,0.0,0.0,0.0,0.0,0.0
61864,16.018159882711736,13520.075734044995,0.0,0.0,0.0,0.0,0.0
61874,15.98028694501714,13466.64983965352,0.0,0.0,0.0,0.0,0.0
61880,15.99815546848913,13609.419948742032,0.0,0.0,0.0,0.0,0.0
61883,16.589808559603945,13725.051204100713,0.0,0.0,0.0,0.0,0.0
62025,15.49482994142812,13262.319600993482,0.0,0.0,0.0,0.0,0.0
62034,15.523420765228149,13361.97856638953,0.0,0.0,0.0,0.0,0.0
62040,15.491651364866755,13400.396077354448,0.0,0.0,0.0,0.0,0.0
62059,15.46600980907431,13067.346819705488,0.0,0.0,0.0,0.0,0.0
62060,15.493917538699927,13343.712361169404,0.0,0.0,0.0,0.0,0.0
62062,15.511470797304257,13446.713783273057,0.0,0.0,0.0,0.0,0.0
62090,15.550182862792227,13293.606014257355,0.0,0.0,0.0,0.0,0.0
62201,15.521394657958114,13252.694727302329,0.0,0.0,0.0,0.0,0.0
62203,15.511227774314797,13278.686669639035,0.0,0.0,0.0,0.0,0.0
62204,15.509173379318405,13259.931180706199,0.0,0.0,0.0,0.0,0.0
62205,15.498770734172469,13316.24468317303,0.0,0.0,0.0,0.0,0.0
62206,15.50885063130631,13438.749503725157,0.0,0.0,0.0,0.0,0.0
62207,15.512277936336933,13284.349494894295,0.0,0.0,0.0,0.0,0.0
62208,15.506482718658717,13435.945041573495,0.0,0.0,0.0,0.0,0.0
62221,15.518328340333657,13422.297092920799,0.0,0.0,0.0,0.0,0.0
62223,15.45736219567117,13319.915607234509,0.0,0.0,0.0,0.0,0.0
62226,15.512922866102892,13394.028079995132,0.0,0.0,0.0,0.0,0.0
62232,15.50256011789951,13404.409991457926,0.0,0.0,0.0,0.0,0.0
62234,15.488430085246836,13380.594555210884,0.0,0.0,0.0,0.0,0.0
62236,15.50283429867572,13311.228835110593,0.0,0.0,0.0,0.0,0.0
62239,15.504424631793528,13463.800572295437,0.0,0.0,0.0,0.0,0.0
62240,15.50669524980903,13454.58051384208,0.0,0.0,0.0,0.0,0.0
62260,15.504216656319182,13419.172636796995,0.0,0.0,0.0,0.0,0.0
62269,15.468424999221895,13344.55613979304,0.0,0.0,0.0,0.0,0.0
62521,16.02007783744847,13562.911545417375,0.0,0.0,0.0,0.0,0.0
62522,15.99649467728781,13434.411035154268,0.0,0.0,0.0,0.0,0.0
62523,15.972106152404162,13193.698576315448,0.0,0.0,0.0,0.0,0.0
62526,15.979843014468758,13454.52016203672,0.0,0.0,0.0,0.0,0.0
62535,15.999329545237934,13399.254939035585,0.0,0.0,0.0,0.0,0.0
62544,16.012495047132163,13541.828072350923,0.0,0.0,0.0,0.0,0.0
62549,16.00448834849784,13560.749234050112,0.0,0.0,0.0,0.0,0.0
62554,16.00144083296136,13598.162150600196,0.0,0.0,0.0,0.0,0.0
62558,15.749168550705788,13433.69769485611,0.0,0.0,0.0,0.0,0.0
62561,15.776930695047929,13562.432044569226,0.0,0.0,0.0,0.0,0.0
62563,15.788172658731193,13466.335317640822,0.0,0.0,0.0,0.0,0.0
62625,15.77144009547979,13444.513691913124,0.0,0.0,0.0,0.0,0.0
62629,15.789354720253368,13487.524110437551,0.0,0.0,0.0,0.0,0.0
62670,15.746416112994645,13493.90462519387,0.0,0.0,0.0,0.0,0.0
62677,15.774144946205556,13445.69166900406,0.0,0.0,0.0,0.0,0.0
62684,15.776889402856389,13477.39374903528,0.0,0.0,0.0,0.0,0.0
62701,15.794791178933599,13416.417601451805,0.0,0.0,0.0,0.0,0.0
62702,15.806796937135893,13465.899701697172,0.0,0.0,0.0,0.0,0.0
62703,15.765108739646866,13401.453358738037,0.0,0.0,0.0,0.0,0.0
62704,15.78835716244548,13475.184251280421,0.0,0.0,0.0,0.0,0.0
62707,15.794914590996795,13508.917614270496,0.0,0.0,0.0,0.0,0.0
62711,15.784290367097572,13417.524803245973,0.0,0.0,0.0,0.0,0.0
62712,15.785658021460701,13421.24072279998,0.0,0.0,0.0,0.0,0.0
62957,15.47441511813817,13403.092447936186,0.0,0.0,0.0,0.0,0.0
62960,15.651296994472633,13483.92820172755,0.0,0.0,0.0,0.0,0.0
46001,16.391626110794725,11896.2081757036,0.0,0.0,0.0,0.0,0.0
46011,16.358365673506555,11847.573400736956,0.0,0.0,0.0,0.0,0.0
46012,16.355634646896593,11948.361849879744,0.0,0.0,0.0,0.0,0.0
46013,16.38776713045859,11949.76726926838,0.0,0.0,0.0,0.0,0.0
46016,16.302127324399354,11735.191000767047,0.0,0.0,0.0,0.0,0.0
46017,16.38068976321221,12023.234521433462,0.0,0.0,0.0,0.0,0.0
46032,19.57664757940545,12651.893834278831,0.0,0.0,0.0,0.0,0.0
46033,19.579903268766962,12561.370995310594,0.0,0.0,0.0,0.0,0.0
46037,19.589104881458432,12672.347783232583,0.0,0.0,0.0,0.0,0.0
46038,19.57958176027078,12757.063971299825,0.0,0.0,0.0,0.0,0.0
46040,19.553970188498123,12674.852156263123,0.0,0.0,0.0,0.0,0.0
46051,16.381331309328363,11999.782170738185,0.0,0.0,0.0,0.0,0.0
46052,16.79472831553477,12062.294148967994,0.0,0.0,0.0,0.0,0.0
46055,19.548979129055564,12760.007189849248,0.0,0.0,0.0,0.0,0.0
46056,16.364813513766112,11884.068526832012,0.0,0.0,0.0,0.0,0.0
46060,19.584000815104265,12825.434010776326,0.0,0.0,0.0,0.0,0.0
46062,16.775830762966358,12007.136930687751,0.0,0.0,0.0,0.0,0.0
46064,19.90914880245257,12882.481199734037,0.0,0.0,0.0,0.0,0.0
46068,17.10692738806512,12236.532693771689,0.0,0.0,0.0,0.0,0.0
46069,16.778253336248895,12080.33280454431,0.0,0.0,0.0,0.0,0.0
46074,19.580582430303743,12726.46863028356,0.0,0.0,0.0,0.0,0.0
46075,19.591507486370514,12833.653032016247,0.0,0.0,0.0,0.0,0.0
46077,19.607647166859863,12569.304987320305,0.0,0.0,0.0,0.0,0.0
46106,16.562661121022973,11870.544629784874,0.0,0.0,0.0,0.0,0.0
46107,19.51065973372493,12892.894741296299,0.0,0.0,0.0,0.0,0.0
46110,17.354803581671064,12279.313262692252,0.0,0.0,0.0,0.0,0.0
46111,17.285465279445912,12251.329107071284,0.0,0.0,0.0,0.0,0.0
46112,19.43834166217045,12754.77887264207,0.0,0.0,0.0,0.0,0.0
46113,19.462630673864616,12839.143941668619,0.0,0.0,0.0,0.0,0.0
46118,16.654680787452868,11951.319056705073,0.0,0.0,0.0,0.0,0.0
46122,16.64456505360058,12048.535060102613,0.0,0.0,0.0,0.0,0.0
46123,16.654629633804124,11975.000770499832,0.0,0.0,0.0,0.0,0.0
46124,16.63267156578847,12069.750284535437,0.0,0.0,0.0,0.0,0.0
46126,16.716292937546587,12009.55394776024,0.0,0.0,0.0,0.0,0.0
46130,16.752330851535753,11900.841532965667,0.0,0.0,0.0,0.0,0.0
46131,16.571904690932364,11978.240501637349,0.0,0.0,0.0,0.0,0.0
46140,19.550124696782454,12829.52424390657,0.0,0.0,0.0,0.0,0.0
46142,19.337707700745955,12734.581384352465,0.0,0.0,0.0,0.0,0.0
46143,19.33250855617038,12765.430561022753,0.0,0.0,0.0,0.0,0.0
46151,16.652195568691592,12010.253609611673,0.0,0.0,0.0,0.0,0.0
46158,17.286908286277683,12198.811531059622,0.0,0.0,0.0,0.0,0.0
46162,16.58416559901682,12012.570243990083,0.0,0.0,0.0,0.0,0.0
46163,19.542606649518515,12762.504839159421,0.0,0.0,0.0,0.0,0.0
46167,16.656513456756528,11936.404012914185,0.0,0.0,0.0,0.0,0.0
46168,19.432683604868732,12795.512505073519,0.0,0.0,0.0,0.0,0.0
46181,16.55774623814629,11976.008040051194,0.0,0.0,0.0,0.0,0.0
46184,16.573804797722566,12011.438722757272,0.0,0.0,0.0,0.0,0.0
46201,19.585331018959035,12653.725570212293,0.0,0.0,0.0,0.0,0.0
46202,19.549743580787325,12642.157867028456,0.0,0.0,0.0,0.0,0.0
46203,19.531655228704587,12784.572772989724,0.0,0.0,0.0,0.0,0.0
46204,19.539313561187747,12621.871986939235,0.0,0.0,0.0,0.0,0.0
46205,19.532975518766435,12752.728644774073,0.0,0.0,0.0,0.0,0.0
46208,19.528234005404922,12717.854524333596,0.0,0.0,0.0,0.0,0.0
46214,19.53321390910281,12803.329534060014,0.0,0.0,0.0,0.0,0.0
46216,19.523578547496456,12818.930564214033,0.0,0.0,0.0,0.0,0.0
46217,19.53439270406697,12850.5113514134,0.0,0.0,0.0,0.0,0.0
46218,19.578917324631895,12615.113392163277,0.0,0.0,0.0,0.0,0.0
46219,19.54256597891749,12742.01463789386,0.0,0.0,0.0,0.0,0.0
46220,19.53315142033454,12709.376991058569,0.0,0.0,0.0,0.0,0.0
46221,19.52259184835912,12869.030374439762,0.0,0.0,0.0,0.0,0.0
46222,19.539233176165162,12760.271924204546,0.0,0.0,0.0,0.0,0.0
46224,19.542024856023122,12781.666175131732,0.0,0.0,0.0,0.0,0.0
46225,19.540340053723977,12749.844057001614,0.0,0.0,0.0,0.0,0.0
46226,19.548760922700357,12712.080684844657,0.0,0.0,0.0,0.0,0.0
46227,19.52332104711551,12796.297777165031,0.0,0.0,0.0,0.0,0.0
46228,19.52330951025251,12770.328352028237,0.0,0.0,0.0,0.0,0.0
46229,19.524433756895846,12824.28561200504,0.0,0.0,0.0,0.0,0.0
46231,19.480457926822424,12867.344677161089,0.0,0.0,0.0,0.0,0.0
46234,19.494459091114262,12777.395115336269,0.0,0.0,0.0,0.0,0.0
46235,19.550447280228465,12709.58788632527,0.0,0.0,0.0,0.0,0.0
46236,19.531277248363676,12714.320936176973,0.0,0.0,0.0,0.0,0.0
46237,19.515851763170204,12824.089984359178,0.0,0.0,0.0,0.0,0.0
46239,19.513394489390556,12867.71186145514,0.0,0.0,0.0,0.0,0.0
46240,19.534375756486284,12738.369324996338,0.0,0.0,0.0,0.0,0.0
46241,19.544522947479347,12749.242262026377,0.0,0.0,0.0,0.0,0.0
46250,19.520323624360593,12803.650040949926,0.0,0.0,0.0,0.0,0.0
46254,19.52689490106333,12798.175079077047,0.0,0.0,0.0,0.0,0.0
46256,19.53626121916729,12736.786710706056,0.0,0.0,0.0,0.0,0.0
46259,19.514183781259376,12689.00046198291,0.0,0.0,0.0,0.0,0.0
46260,19.528032512237903,12710.395973893037,0.0,0.0,0.0,0.0,0.0
46268,19.534400807258937,12791.374274179807,0.0,0.0,0.0,0.0,0.0
46278,19.496829722800626,12695.910657386974,0.0,0.0,0.0,0.0,0.0
46280,19.583630948119264,12804.97494068769,0.0,0.0,0.0,0.0,0.0
46304,15.154892700332965,11465.58759602188,0.0,0.0,0.0,0.0,0.0
46307,15.066733430880259,11446.256572538887,0.0,0.0,0.0,0.0,0.0
46311,15.065262003420397,11428.850408833563,0.0,0.0,0.0,0.0,0.0
46312,15.053192001476011,11290.04771315844,0.0,0.0,0.0,0.0,0.0
46319,15.04327382971322,11411.114424229014,0.0,0.0,0.0,0.0,0.0
46320,15.065650664228377,11310.266246253657,0.0,0.0,0.0,0.0,0.0
46321,15.034397608433762,11262.083440277045,0.0,0.0,0.0,0.0,0.0
46322,15.044318975508181,11423.124190994928,0.0,0.0,0.0,0.0,0.0
46323,14.982840634259057,11295.79990885384,0.0,0.0,0.001,0.005,0.01
46324,15.00483709112337,11348.571145719668,0.0,0.0,0.0,0.0,0.004
46327,15.022259830024977,11382.905525867463,0.0,0.0,0.0,0.0,0.0
46341,15.134630588776549,11481.067177123627,0.0,0.0,0.0,0.0,0.0
46342,15.04770421131785,11467.857927575275,0.0,0.0,0.0,0.0,0.0
46350,16.793499876031888,12124.124338909403,0.0,0.0,0.0,0.0,0.0
46360,16.774665011430148,12012.314407619442,0.0,0.0,0.0,0.0,0.0
46368,15.112892538469183,11426.56810612746,0.0,0.0,0.001,0.002,0.005
46373,15.061279327310729,11219.540449723336,0.0,0.0,0.0,0.0,0.0
46375,15.076645881635491,11390.309508378006,0.0,0.0,0.0,0.0,0.0
46383,15.118642965430276,11375.978644782625,0.0,0.0,0.0,0.0,0.0
46385,15.15124986624305,11400.294786846269,0.0,0.0,0.0,0.0,0.0
46391,15.41810303586311,11665.921932172929,0.0,0.0,0.0,0.0,0.0
46393,15.137349162815655,11623.590873420284,0.0,0.0,0.0,0.0,0.0
46394,15.033043775442868,11319.09112284369,0.0,0.0,0.0,0.0,0.002
46402,14.983404847462293,11169.262353788094,0.0,0.0,0.0,0.0,0.002
46403,14.984597042157777,11212.030801199024,0.0,0.0,0.0,0.0,0.007
46404,15.057811753986346,11223.503976090977,0.0,0.0,0.0,0.0,0.0
46405,15.040977646269335,11354.235758461658,0.0,0.0,0.0,0.0,0.0
46406,15.031007603797253,11371.3390275747,0.0,0.0,0.0,0.0,0.0
46407,14.914897395574316,11034.8088953807,0.0,0.0,0.0,0.0,0.011
46408,15.06684672861198,11364.385332480593,0.0,0.0,0.0,0.0,0.0
46409,15.007110374488843,11316.408507572438,0.0,0.0,0.0,0.0,0.0
46410,15.0063330112694,11282.570546297495,0.0,0.0,0.0,0.001,0.004
46530,16.809694501439818,11923.246104786875,0.0,0.0,0.0,0.0,0.0
46544,16.787114616815135,12059.624889079269,0.0,0.0,0.0,0.0,0.0
46545,16.828320244353215,12065.697172309216,0.0,0.0,0.0,0.0,0.0
46554,16.824311735919164,12057.488251349709,0.0,0.0,0.0,0.0,0.0
46561,16.777846325323267,12040.469335219577,0.0,0.0,0.0,0.0,0.0
46601,16.81950060867423,11767.418668259419,0.0,0.0,0.0,0.0,0.0
46613,16.790136552243627,12009.019808185873,0.0,0.0,0.0,0.0,0.0
46614,16.83136628803566,12019.625894808321,0.0,0.0,0.0,0.0,0.0
46615,16.77608511978435,12041.368251376793,0.0,0.0,0.0,0.0,0.0
46616,16.82055602101853,12073.973070049271,0.0,0.0,0.0,0.0,0.0
46617,16.786348192460135,11908.065509837987,0.0,0.0,0.0,0.0,0.0
46619,16.797917339178515,11992.617927024618,0.0,0.0,0.0,0.0,0.0
46628,16.817888756928745,12033.022113355122,0.0,0.0,0.0,0.0,0.0
46635,16.83124649425666,12031.135898486775,0.0,0.0,0.0,0.0,0.0
46637,16.82446661330551,12075.48031024641,0.0,0.0,0.0,0.0,0.0
46706,16.621351028991377,12070.43932736896,0.0,0.0,0.0,0.0,0.0
46723,17.91972151647416,12427.5240551714,0.0,0.0,0.0,0.0,0.0
46725,18.04949709912335,12485.838915907987,0.0,0.0,0.0,0.0,0.0
46741,16.554148793720273,12021.34661076871,0.0,0.0,0.0,0.0,0.001
46745,16.547758865267607,12071.33769208169,0.0,0.0,0.0,0.0,0.0
46748,16.55367121767862,11909.61732330333,0.0,0.0,0.0,0.0,0.0
46765,16.562111445122717,11932.300971852495,0.0,0.0,0.0,0.0,0.0
46774,16.551565713504917,12067.88623403016,0.0,0.0,0.0,0.0,0.0
46783,17.927117927028533,12393.36111787364,0.0,0.0,0.0,0.0,0.0
46788,16.5541069100987,11954.310625754268,0.0,0.0,0.0,0.0,0.0
46798,17.895642948212313,12488.632110490367,0.0,0.0,0.0,0.0,0.0
46802,16.530758370744834,11868.673421417694,0.0,0.0,0.0,0.0,0.0
46803,16.58559686484162,11873.394047223335,0.0,0.0,0.0,0.0,0.0
46804,16.561704605224417,11962.25204493349,0.0,0.0,0.0,0.0,0.0
46805,16.536796649794216,11951.678452122991,0.0,0.0,0.0,0.0,0.0
46806,16.56878926688276,11993.175022824144,0.0,0.0,0.0,0.0,0.0
46807,16.560186179074826,12020.127883275316,0.0,0.0,0.0,0.0,0.0
46808,16.50755722203552,11891.406417865994,0.0,0.0,0.0,0.0,0.0
46809,16.57093717305202,12010.155458449162,0.0,0.0,0.0,0.0,0.0
46814,16.55472352230183,11775.14164023289,0.0,0.0,0.0,0.0,0.0
46815,16.521685498966292,11986.138479393538,0.0,0.0,0.0,0.0,0.0
46816,16.485486908131286,11886.132837748064,0.0,0.0,0.0,0.0,0.0
46818,16.55644072251057,12003.994831034763,0.0,0.0,0.0,0.0,0.0
46819,17.90944286766624,12428.348692554482,0.0,0.0,0.0,0.0,0.0
46825,16.556023085287844,12039.99006889417,0.0,0.0,0.0,0.0,0.0
46835,16.55950182852522,11981.62380607003,0.0,0.0,0.0,0.0,0.0
46845,16.55272694396424,11902.540366921088,0.0,0.0,0.0,0.0,0.0
46901,16.962669810812592,12096.115283222727,0.0,0.0,0.0,0.0,0.0
46902,17.000656632582146,12156.407252664583,0.0,0.0,0.0,0.0,0.0
46914,17.26093861103823,12149.599395516161,0.0,0.0,0.0,0.0,0.0
46932,17.341727194210037,12332.956815593248,0.0,0.0,0.0,0.0,0.0
47106,16.373027045478853,11855.921900539694,0.0,0.0,0.0,0.0,0.0
47111,16.368594079889835,11923.955936845541,0.0,0.0,0.0,0.0,0.0
47117,16.90834499579544,12142.751384428575,0.0,0.0,0.0,0.0,0.0
47119,16.31045276488535,11814.140977159475,0.0,0.0,0.0,0.0,0.0
47129,16.26401665821283,11787.654923291471,0.0,0.003,0.008,0.009,0.014
47130,16.366287715250557,11924.018142964016,0.0,0.0,0.0,0.0,0.0
47141,16.3540669702716,11921.150579107043,0.0,0.0,0.0,0.0,0.0
47143,16.360838666158163,12020.400113060627,0.0,0.0,0.0,0.0,0.0
47150,16.309702819445143,11931.259756167461,0.0,0.0,0.0,0.0,0.0
47172,16.368999935345553,11956.621917731303,0.0,0.0,0.0,0.0,0.0
47201,16.65549173504266,11883.303623626178,0.0,0.0,0.0,0.0,0.0
47203,16.655968908821,11898.9730493956,0.0,0.0,0.0,0.0,0.0
47226,16.627970031505097,12026.803442664876,0.0,0.0,0.0,0.0,0.0
47280,16.644904239900423,11950.82367811439,0.0,0.0,0.0,0.0,0.0
47302,16.337699228342263,11796.425175780354,0.0,0.0,0.0,0.0,0.0
47303,16.351146470015834,11806.31681595019,0.0,0.0,0.0,0.0,0.0
47304,16.368284259372384,11919.253672372475,0.0,0.0,0.0,0.0,0.0
47305,16.327303160230947,11718.739124117685,0.0,0.0,0.0,0.0,0.0
47320,16.36880613430614,11926.247112252326,0.0,0.0,0.0,0.0,0.0
47334,16.36369075068617,11933.336432714348,0.0,0.0,0.0,0.0,0.0
47342,16.309250622470717,11857.16372358183,0.0,0.0,0.0,0.0,0.0
47356,16.336162935406993,11946.984780217048,0.0,0.0,0.0,0.0,0.0
47383,16.353059742217088,12015.306446191502,0.0,0.0,0.0,0.0,0.0
47396,16.352725855068286,11950.419550377861,0.0,0.0,0.0,0.0,0.0
47401,16.64787629058208,11810.760541158817,0.0,0.0,0.0,0.0,0.0
47403,16.618939018106488,11980.759983166463,0.0,0.0,0.0,0.0,0.0
47404,16.632109114793032,11939.687897168928,0.0,0.0,0.0,0.0,0.0
47408,16.651555327494194,11832.150368789979,0.0,0.0,0.0,0.0,0.0
47429,16.60562191022937,12011.091566903242,0.0,0.0,0.0,0.0,0.0
47601,14.07952267641755,11048.779186567592,0.0,0.0,0.0,0.0,0.0
47610,14.041412142712144,10938.418784517671,0.0,0.0,0.0,0.002,0.006
47630,14.070143796640801,10975.503556462056,0.0,0.0,0.0,0.0,0.0
47708,14.123827842362239,10715.723333387105,0.0,0.0,0.0,0.0,0.0
47710,14.075383580573813,10924.240654115707,0.0,0.0,0.0,0.0,0.001
47711,14.115502138557853,11090.092230611252,0.0,0.0,0.0,0.0,0.0
47712,14.100914597018928,11022.417208815423,0.0,0.0,0.0,0.0,0.0
47713,14.089909338464595,10842.594907698849,0.0,0.0,0.0,0.0,0.003
47714,14.104795400231552,11023.823316297718,0.0,0.0,0.0,0.0,0.0
47715,14.115065030526631,11014.03217580955,0.0,0.0,0.0,0.0,0.0
47720,14.068871982534704,10922.824426022491,0.0,0.0,0.0,0.002,0.007
47725,14.105719183035456,10971.399929438508,0.0,0.0,0.0,0.0,0.0
47802,16.633767408128122,12000.230790135638,0.0,0.0,0.0,0.0,0.0
47803,16.602806288927717,11909.363804307197,0.0,0.0,0.0,0.0,0.0
47804,16.651445854984985,12015.918789916706,0.0,0.0,0.0,0.0,0.0
47805,16.641794295305736,11977.783166581556,0.0,0.0,0.0,0.0,0.0
47807,16.703039990860667,11677.14305995983,0.0,0.0,0.0,0.0,0.0
47863,16.655582000183436,12027.865817555397,0.0,0.0,0.0,0.0,0.0
47871,16.645928662099237,12047.644873547448,0.0,0.0,0.0,0.0,0.0
47874,16.636728476238037,12054.819415554426,0.0,0.0,0.0,0.0,0.0
47885,16.62912427287547,12038.371538772824,0.0,0.0,0.0,0.0,0.0
47901,17.01860275054396,12168.631887770693,0.0,0.0,0.0,0.0,0.0
47904,16.992843322179176,12051.943316958032,0.0,0.0,0.0,0.0,0.0
47905,17.011768463226932,12172.690904244191,0.0,0.0,0.0,0.0,0.0
47906,17.06097444085396,11903.555432028608,0.0,0.0,0.0,0.0,0.0
47909,17.018435611570712,12139.072802105034,0.0,0.0,0.0,0.0,0.0
47920,17.009238139036444,12117.305683881625,0.0,0.0,0.0,0.0,0.0
47932,16.775351123390184,12074.938446251082,0.0,0.0,0.0,0.0,0.0
47982,16.814784417993092,12088.933332364724,0.0,0.0,0.0,0.0,0.0
47993,16.824072358564536,12024.314415305726,0.0,0.0,0.0,0.0,0.0
66012,18.052106244189474,12424.04848037832,0.0,0.0,0.0,0.0,0.0
66013,17.903415575877204,12154.489048946778,0.0,0.0,0.0,0.0,0.0
66024,16.610866871837324,12082.66297957383,0.0,0.0,0.0,0.0,0.0
66025,17.901724076394792,12363.204587190556,0.0,0.0,0.0,0.0,0.0
66030,17.885747822934345,12504.798381025814,0.0,0.0,0.0,0.0,0.0
66044,16.456267048887792,11873.871227119991,0.0,0.0,0.0,0.0,0.0
66046,17.888448489759007,12486.071516169524,0.0,0.0,0.0,0.0,0.0
66047,17.90555492889175,12356.923883113492,0.0,0.0,0.0,0.0,0.0
66049,16.431912595242125,11837.73585269694,0.0,0.0,0.0,0.0,0.0
66050,16.414359182317707,11860.777901021242,0.0,0.0,0.0,0.0,0.0
66052,16.436698653495757,11866.548902713554,0.0,0.0,0.0,0.0,0.0
66061,17.89360281530056,12416.95858891994,0.0,0.0,0.0,0.0,0.0
66062,17.884973230630482,12366.360418644732,0.0,0.0,0.0,0.0,0.0
66083,17.893433412199208,12429.357278865233,0.0,0.0,0.0,0.0,0.0
66085,17.87702585036942,12261.099223973355,0.0,0.0,0.0,0.0,0.0
66086,16.52643920803389,11987.40798692464,0.0,0.0,0.0,0.0,0.0
66090,16.614659168095887,12074.553515269165,0.0,0.0,0.0,0.0,0.0
66101,16.775094374076783,12099.921710584264,0.0,0.0,0.0,0.0,0.0
66102,16.782652898025905,12108.94554053141,0.0,0.0,0.0,0.0,0.0
66103,18.06583670757039,12478.887169964291,0.0,0.0,0.0,0.0,0.0
66104,18.06558110194045,12443.058195483623,0.0,0.0,0.0,0.0,0.0
66105,18.05832169731843,12487.342193072316,0.0,0.0,0.0,0.0,0.0
66106,18.06357493516959,12459.278829528044,0.0,0.0,0.0,0.0,0.0
66109,18.045221412555264,12483.256065935171,0.0,0.0,0.0,0.0,0.0
66111,18.05514232760564,12496.125738839748,0.0,0.0,0.0,0.0,0.0
66112,18.054463956906076,12533.038515945667,0.0,0.0,0.0,0.0,0.0
66202,17.904657321232445,12413.330638216856,0.0,0.0,0.0,0.0,0.0
66203,17.90339014433367,12469.405051940832,0.0,0.0,0.0,0.0,0.0
66204,17.886481344909022,12520.737534680933,0.0,0.0,0.0,0.0,0.0
66205,17.896522487341098,12374.785511112286,0.0,0.0,0.0,0.0,0.0
66206,17.877811185650927,12173.028635217082,0.0,0.0,0.0,0.0,0.0
66207,17.895000360079223,12280.381888859269,0.0,0.0,0.0,0.0,0.0
66208,17.886639971765767,12306.756443268558,0.0,0.0,0.0,0.0,0.0
66209,17.88563915519563,12208.564106783047,0.0,0.0,0.0,0.0,0.0
66210,17.89251188821437,12451.564434441867,0.0,0.0,0.0,0.0,0.0
66211,17.912602355889387,12187.408558193489,0.0,0.0,0.0,0.0,0.0
66212,17.885971708212576,12479.797496231882,0.0,0.0,0.0,0.0,0.0
66213,17.88707657849141,12323.13930605238,0.0,0.0,0.0,0.0,0.0
66214,17.88373201162733,12491.796212596555,0.0,0.0,0.0,0.0,0.0
66215,17.895211664806457,12472.919699264894,0.0,0.0,0.0,0.0,0.0
66216,17.88955018440637,12363.378707996213,0.0,0.0,0.0,0.0,0.0
66217,17.89970422505021,12318.425891607889,0.0,0.0,0.0,0.0,0.0
66218,17.88515041727142,12244.91156595243,0.0,0.0,0.0,0.0,0.0
66219,17.88025242913988,12421.910280725995,0.0,0.0,0.0,0.0,0.0
66220,17.886658817846737,12173.015567221135,0.0,0.0,0.0,0.0,0.0
66221,17.898454012051165,11988.928818047643,0.0,0.0,0.0,0.0,0.0
66223,17.885212065880342,12352.013770963575,0.0,0.0,0.0,0.0,0.0
66224,17.884333903255357,12049.378643380396,0.0,0.0,0.0,0.0,0.0
66226,16.401685285294597,11811.783810667797,0.0,0.0,0.0,0.0,0.0
66227,17.892079576578116,12245.410269308439,0.0,0.0,0.0,0.0,0.0
66402,16.147495653108507,11907.455671862765,0.0,0.0,0.0,0.0,0.0
66409,16.142306484129385,11880.086645448766,0.0,0.0,0.0,0.0,0.0
66429,16.409070641741867,12135.291086325278,0.0,0.0,0.0,0.0,0.0
66502,15.899511321454716,11729.424663097278,0.0,0.0,0.0,0.0,0.0
66503,15.889552906913332,11669.829679986124,0.0,0.0,0.0,0.0,0.0
66542,16.13705054095405,11895.41644925349,0.0,0.0,0.0,0.0,0.0
66546,16.154894508541574,11903.042881702122,0.0,0.0,0.0,0.0,0.0
66603,16.185339737650267,11803.72453029926,0.0,0.0,0.0,0.0,0.0
66604,16.15467708162283,11927.242566950183,0.0,0.0,0.0,0.0,0.0
66605,16.1670857624829,11812.908805268284,0.0,0.0,0.0,0.0,0.0
66606,16.164786351695767,11860.577274161578,0.0,0.0,0.0,0.0,0.0
66607,16.19255509209069,11710.498479652475,0.0,0.0,0.0,0.0,0.0
66608,16.146663346951357,12008.959343699886,0.0,0.0,0.0,0.0,0.0
66609,16.148815870364828,11939.393619217813,0.0,0.0,0.0,0.0,0.0
66610,16.14195228826945,11805.535840935916,0.0,0.0,0.0,0.0,0.0
66611,16.16347175855687,11926.5221870898,0.0,0.0,0.0,0.0,0.0
66612,16.193782711792117,11647.696620930832,0.0,0.0,0.0,0.0,0.0
66614,16.155700959027772,11849.604965631703,0.0,0.0,0.0,0.0,0.0
66615,16.14725417140736,11867.003245843194,0.0,0.0,0.0,0.0,0.0
66616,16.147151942086786,11970.964134187388,0.0,0.0,0.0,0.0,0.0
66617,16.154806213336954,11983.673390602933,0.0,0.0,0.0,0.0,0.0
66618,16.14775404770762,11857.168860912532,0.0,0.0,0.0,0.0,0.0
66619,16.134221345479403,12052.462185249773,0.0,0.0,0.0,0.0,0.0
66739,16.062981026834567,11875.38217769503,0.0,0.0,0.0,0.0,0.0
67002,15.54387843288971,11602.451478481327,0.0,0.0,0.0,0.0,0.0
67026,15.517449987804978,11645.239020740124,0.0,0.0,0.0,0.0,0.0
67030,15.515323705755742,11608.987389016947,0.0,0.0,0.0,0.0,0.0
67037,15.521590958107392,11699.180998497646,0.0,0.0,0.0,0.0,0.0
67052,15.518979346874428,11650.071540588893,0.0,0.0,0.0,0.0,0.0
67055,15.503687670063119,11824.780993041231,0.0,0.0,0.0,0.0,0.0
67060,15.513325091823027,11788.760672605022,0.0,0.0,0.0,0.0,0.0
67067,15.513138001769645,11664.943481689412,0.0,0.0,0.0,0.0,0.0
67101,15.534797628416714,11627.486082637233,0.0,0.0,0.0,0.0,0.0
67110,15.520820280247307,11640.536551017623,0.0,0.0,0.0,0.0,0.0
67120,15.530171848921489,11571.604213876362,0.0,0.0,0.0,0.0,0.0
67147,15.517148853746368,11715.89421079472,0.0,0.0,0.0,0.0,0.0
67202,15.569531671252582,11432.268077326067,0.0,0.0,0.0,0.0,0.0
67203,15.523068845889073,11705.847091661868,0.0,0.0,0.0,0.0,0.0
67204,15.514221720502547,11767.992309799207,0.0,0.0,0.0,0.0,0.0
67205,15.517369688925651,11627.041563829915,0.0,0.0,0.0,0.0,0.0
67206,15.534420093074608,11401.222855668948,0.0,0.0,0.0,0.0,0.0
67207,15.529586685221103,11652.913599773534,0.0,0.0,0.0,0.0,0.0
67208,15.525570877733497,11644.576267890157,0.0,0.0,0.0,0.0,0.0
67209,15.52503649207678,11707.9817946233,0.0,0.0,0.0,0.0,0.0
67210,15.520062749301498,11716.677195052946,0.0,0.0,0.0,0.0,0.0
67211,15.527818208504296,11691.209362010639,0.0,0.0,0.0,0.0,0.0
67212,15.525674242130277,11728.26527005804,0.0,0.0,0.0,0.0,0.0
67213,15.532228929539745,11670.337212239103,0.0,0.0,0.0,0.0,0.0
67214,15.566762857680889,11505.33694347356,0.0,0.0,0.0,0.0,0.0
67215,15.511292709572409,11698.162026416265,0.0,0.0,0.0,0.0,0.0
67216,15.529880973203095,11652.324521203298,0.0,0.0,0.0,0.0,0.0
67217,15.528726627213848,11698.642990941222,0.0,0.0,0.0,0.0,0.0
67218,15.522029523250326,11697.838199134581,0.0,0.0,0.0,0.0,0.0
67219,15.52547812285156,11712.236091823663,0.0,0.0,0.0,0.0,0.0
67220,15.527891575297634,11570.625441734204,0.0,0.0,0.0,0.0,0.0
67223,15.510806541747264,11705.922707472317,0.0,0.0,0.0,0.0,0.0
67226,15.524157563880651,11628.625759811488,0.0,0.0,0.0,0.0,0.0
67227,15.505138662771408,11823.277811781856,0.0,0.0,0.0,0.0,0.0
67228,15.505580310937518,11291.351402895754,0.0,0.0,0.0,0.0,0.0
67230,15.51778666912372,11364.818559241157,0.0,0.0,0.0,0.0,0.001
67232,15.74000682928179,10297.741973647346,0.0,0.0,0.0,0.0,0.0
67235,15.51965384165405,11626.106880685154,0.0,0.0,0.0,0.0,0.0
40014,20.37199336113662,12678.894440394763,0.0,0.0,0.0,0.0,0.0
40023,20.426513184251856,12736.696490949564,0.0,0.0,0.0,0.0,0.0
40025,20.174595441712214,12106.969602096484,0.0,0.0,0.0,0.0,0.0
40026,20.119445129420335,12617.390787949365,0.0,0.0,0.0,0.0,0.0
40047,20.13130142193365,12745.397801127583,0.0,0.0,0.0,0.0,0.0
40056,20.122283827877073,12707.109749658268,0.0,0.0,0.0,0.0,0.0
40059,20.149783403707087,12488.993776500716,0.0,0.0,0.0,0.0,0.0
40071,20.342135713570034,12772.630573651406,0.0,0.0,0.0,0.0,0.0
40109,20.137272081209435,12749.820517655358,0.0,0.0,0.0,0.0,0.0
40118,20.070180686262493,12708.608071771403,0.0,0.0,0.0,0.0,0.0
40162,20.236466093787705,12781.303063442261,0.0,0.0,0.0,0.0,0.0
40165,20.1309184175835,12748.851125782934,0.0,0.0,0.0,0.0,0.0
40177,20.01422425463022,12637.20280333305,0.0,0.0,0.0,0.0,0.0
40202,19.95711925268796,12247.861632162729,0.0,0.0,0.0,0.0,0.0
40203,20.174382785855215,12499.944290301035,0.0,0.0,0.0,0.0,0.0
40204,20.012001528476432,12598.882286097707,0.0,0.0,0.0,0.0,0.0
40205,20.097965157089423,12619.58397058665,0.0,0.0,0.0,0.0,0.0
40206,20.102832292285715,12685.599651871311,0.0,0.0,0.0,0.0,0.0
40207,20.164727925214844,12630.71138174646,0.0,0.0,0.0,0.0,0.0
40208,19.952281651692115,12534.155385681195,0.0,0.0,0.0,0.0,0.0
40209,20.170049584307225,12615.958306028973,0.0,0.0,0.0,0.0,0.0
40210,20.111730760954533,12668.21931431557,0.0,0.0,0.0,0.0,0.0
40211,19.986969619590077,12504.853646773006,0.0,0.0,0.0,0.0,0.0
40212,20.006810499736776,12617.04693341098,0.0,0.0,0.0,0.0,0.0
40213,20.169659143339693,12713.266959236133,0.0,0.0,0.0,0.0,0.0
40214,20.050932441048218,12658.901248596116,0.0,0.0,0.0,0.0,0.0
40215,20.169650633841947,12738.913628084323,0.0,0.0,0.0,0.0,0.0
40216,19.998825763430258,12661.695485822976,0.0,0.0,0.0,0.0,0.0
40217,20.168560305421344,12698.099345982331,0.0,0.0,0.0,0.0,0.0
40218,20.169860532603263,12787.100232538458,0.0,0.0,0.0,0.0,0.0
40219,20.10244136208032,12737.676129832505,0.0,0.0,0.0,0.0,0.0
40220,20.16994640282996,12819.79340891345,0.0,0.0,0.0,0.0,0.0
40222,20.16830638408674,12687.703852634766,0.0,0.0,0.0,0.0,0.0
40223,20.105408237274684,12650.463615750801,0.0,0.0,0.0,0.0,0.0
40228,20.167769857895816,12751.931036055024,0.0,0.0,0.0,0.0,0.0
40229,20.099439675004156,12788.067195210066,0.0,0.0,0.0,0.0,0.0
40241,20.164818544204834,12703.159374684596,0.0,0.0,0.0,0.0,0.0
40242,20.167691500389672,12716.570329475326,0.0,0.0,0.0,0.0,0.0
40243,20.168533247265884,12728.890460441655,0.0,0.0,0.0,0.0,0.0
40245,20.17512110106165,12625.876061291461,0.0,0.0,0.0,0.0,0.0
40258,20.058703056800844,12725.036362243125,0.0,0.0,0.0,0.0,0.0
40272,20.11584871919258,12738.134128328644,0.0,0.0,0.0,0.0,0.0
40291,20.11351824100158,12709.45951318688,0.0,0.0,0.0,0.0,0.0
40299,20.170510483448822,12751.265280385609,0.0,0.0,0.0,0.0,0.0
40356,20.418493655903774,12759.492796335977,0.0,0.0,0.0,0.0,0.0
40403,20.548044581703646,12820.632908818461,0.0,0.0,0.0,0.0,0.0
40461,20.486728635059094,12820.796380401942,0.0,0.0,0.0,0.0,0.0
40475,20.470188745022625,12758.23296661555,0.0,0.0,0.0,0.0,0.0
40502,20.527888097975048,12669.027216174201,0.0,0.0,0.0,0.0,0.0
40503,20.356324099456266,12637.21853727339,0.0,0.0,0.0,0.0,0.0
40504,20.386344598200488,12623.291621763909,0.0,0.0,0.0,0.0,0.0
40505,20.347444532430426,12727.862449218148,0.0,0.0,0.0,0.0,0.0
40507,20.310292622238002,12524.985598351821,0.0,0.0,0.0,0.0,0.0
40508,20.24656326636042,12480.667850399665,0.0,0.0,0.0,0.0,0.0
40509,20.53187580312309,12792.3402340487,0.0,0.0,0.0,0.0,0.0
40510,20.522990374812405,12612.770498816433,0.0,0.0,0.0,0.0,0.0
40511,20.438143280927473,12817.764757353292,0.0,0.0,0.0,0.0,0.0
40513,20.471404300903203,12629.761235202837,0.0,0.0,0.0,0.0,0.0
40514,20.526090616149517,12738.52979145728,0.0,0.0,0.0,0.0,0.0
40515,20.385715979164736,12686.967062895163,0.0,0.0,0.0,0.0,0.0
40516,20.4406650344527,12733.167743499182,0.0,0.0,0.0,0.0,0.0
40517,20.469063495612737,12818.463922915305,0.0,0.0,0.0,0.0,0.0
41001,19.164962632964407,12455.16933677158,0.0,0.0,0.001,0.001,0.002
41005,18.98159737076275,12475.639758748,0.0,0.0,0.0,0.0,0.0
41007,20.771302176231572,12803.368395304939,0.0,0.0,0.0,0.0,0.0
41011,19.03713349241425,12370.602987177122,0.0,0.0,0.0,0.0,0.0
41014,18.991205342616258,12512.859807554414,0.0,0.0,0.0,0.0,0.0
41015,19.034510996775673,12457.35550032587,0.0,0.0,0.0,0.0,0.0
41016,18.87201584595141,12274.128964322927,0.0,0.0,0.0,0.0,0.0
41017,18.988277421605947,12333.85019408019,0.0,0.0,0.0,0.0,0.0
41018,18.97034849570254,12435.161196707852,0.0,0.0,0.0,0.0,0.0
41042,18.98494102410066,12510.550514890883,0.0,0.0,0.0,0.0,0.0
41048,18.981947680757607,12370.09409143386,0.0,0.0,0.0,0.0,0.0
41051,19.027980633114215,12493.625840918896,0.0,0.0,0.0,0.0,0.0
41059,19.189616783313518,12439.975187688438,0.0,0.0,0.0,0.0,0.0
41063,19.007942817077776,12544.671926388675,0.0,0.0,0.0,0.0,0.0
41071,18.952273120508433,12135.203536596577,0.0,0.0,0.0,0.0,0.0
41073,19.138188266710884,12406.262158799233,0.0,0.0,0.0,0.0,0.0
41074,19.19105739588947,12464.118270655208,0.0,0.0,0.0,0.0,0.0
41075,19.155745699108227,12415.392694314944,0.0,0.0,0.0,0.0,0.0
41076,19.138362891290026,12453.251114454348,0.0,0.0,0.0,0.0,0.0
41085,19.19205776526955,12480.518549943505,0.0,0.0,0.0,0.0,0.0
41091,18.982425778207112,12391.50010608644,0.0,0.0,0.0,0.0,0.0
41094,18.992315592773892,12453.405112251743,0.0,0.0,0.0,0.0,0.0
41101,15.78488153133013,11303.355683779262,0.0,0.0,0.0,0.0,0.0
41102,15.891614383251351,11443.417434616544,0.0,0.0,0.0,0.0,0.0
41129,15.910128456661278,11463.422416792208,0.0,0.0,0.0,0.0,0.0
41139,15.698060348599213,11313.29346387553,0.0,0.0,0.0,0.0,0.0
41144,15.76241520711775,11359.654956603119,0.0,0.0,0.0,0.0,0.0
41169,15.741001678167372,11336.567392157496,0.0,0.0,0.0,0.0,0.0
41175,15.708235096538257,11277.316094925374,0.0,0.0,0.0,0.0,0.0
41183,15.809601647922493,11477.836496552218,0.0,0.0,0.0,0.0,0.0
42001,19.555414776288067,12510.081526729313,0.0,0.0,0.0,0.0,0.0
42003,18.476149567380176,12291.869945373353,0.0,0.0,0.0,0.0,0.0
42058,18.591990371498795,12421.546165582506,0.0,0.0,0.0,0.0,0.0
42101,18.932711743312503,12391.801248847009,0.0,0.0,0.0,0.0,0.0
42103,18.70718340400287,12171.577956071764,0.0,0.0,0.0,0.0,0.0
42104,18.874919426130333,12375.585099074238,0.0,0.0,0.0,0.0,0.0
42122,18.929126407475845,12451.822447422162,0.0,0.0,0.0,0.0,0.0
42223,18.661038456220282,12409.032507257763,0.0,0.0,0.0,0.0,0.0
42234,18.62103693174416,12173.275396908279,0.0,0.0,0.0,0.0,0.0
42262,18.488266345021767,12222.476818223326,0.0,0.0,0.0,0.0,0.0
42286,18.50721824788257,12012.278406370606,0.0,0.0,0.0,0.0,0.0
42301,18.776881901637026,12339.524507825134,0.0,0.0,0.0,0.0,0.0
42303,19.980302377671624,12692.47795659582,0.0,0.0,0.0,0.0,0.0
42366,18.91621354486508,12478.444324585364,0.0,0.0,0.0,0.0,0.0
42420,20.20442657838475,12771.843551606557,0.0,0.0,0.0,0.0,0.0
42701,20.235447799376633,12753.44066438444,0.0,0.0,0.0,0.0,0.0
42724,20.238723030069522,12718.934006051244,0.0,0.0,0.0,0.0,0.0
70001,17.742363352311894,12423.01606789419,0.0,0.0,0.012,0.042,0.083
70002,17.856895928618297,12550.952010821959,0.0,0.0,0.0,0.02,0.066
70003,17.803336831277417,12457.339630844159,0.0,0.0,0.01,0.042,0.076
70005,17.858618642950763,12494.339889161778,0.0,0.0,0.005,0.028,0.089
70006,17.859869069367207,12550.871145693387,0.0,0.0,0.0,0.025,0.066
70031,18.096422817093465,12741.735556613214,0.0,0.0,0.0,0.003,0.008
70032,17.952483603885597,12551.796511814586,0.0,0.0,0.0,0.027,0.07
70037,18.079357365574882,12638.025178385975,0.0,0.0,0.0,0.021,0.052
70043,17.86171338174964,12458.584174632982,0.0,0.0,0.011,0.037,0.079
70047,18.038376005662254,12571.675694962238,0.0,0.005,0.005,0.024,0.056
70049,18.039252533129762,12602.394730967877,0.0,0.0,0.002,0.026,0.043
70053,17.644598048171765,12270.876671771068,0.0,0.0,0.032,0.061,0.09
70056,17.752442144027288,12489.357081571356,0.0,0.0,0.012,0.031,0.052
70057,18.096036080247153,12492.971650879908,0.0,0.0,0.0,0.047,0.108
70058,17.727379525863977,12472.297292290104,0.0,0.0,0.011,0.037,0.058
70062,17.739234570483077,12412.908695351916,0.0,0.0,0.014,0.047,0.08
70065,17.85853434269086,12566.269527210645,0.0,0.0,0.0,0.014,0.068
70068,18.097587977364437,12636.296336154042,0.0,0.0,0.001,0.023,0.046
70070,18.033238456988794,12554.677313757269,0.0,0.0,0.009,0.027,0.066
70072,17.85946171536007,12520.647108882038,0.0,0.0,0.0,0.035,0.065
70075,17.922566662754466,12524.869600583032,0.0,0.0,0.009,0.031,0.067
70079,18.097325602952385,12531.392482037838,0.0,0.0,0.0,0.036,0.108
70084,18.044471488339212,12618.66453940435,0.0,0.0,0.0,0.021,0.055
70085,17.89571360461328,12456.683481239312,0.0,0.0,0.015,0.044,0.072
70087,18.097918010739985,12672.054360406371,0.0,0.0,0.0,0.011,0.035
70092,18.011757207201708,12534.546843981247,0.0,0.0,0.001,0.04,0.068
70094,17.75529061218362,12469.13444894566,0.0,0.0,0.006,0.044,0.063
70112,16.182783735912423,11654.171492724008,0.0,0.0,0.045,0.11,0.191
70113,16.1474790987059,11704.404485220208,0.0,0.0,0.046,0.092,0.159
70114,17.94826611008239,12471.818880010844,0.0,0.0,0.0,0.044,0.077
70115,17.99424704253665,12462.889566954416,0.0,0.0,0.0,0.053,0.112
70116,16.309325108742556,11968.316882016066,0.0,0.0,0.019,0.057,0.11
70117,17.773102482783337,12331.286603063356,0.0,0.0,0.015,0.073,0.099
70118,17.99693254233862,12437.860253679286,0.0,0.0,0.0,0.055,0.111
70119,16.294459557253077,11917.959847257214,0.0,0.0,0.021,0.068,0.127
70121,17.80402265670698,12498.717335365009,0.0,0.0,0.011,0.038,0.053
70122,16.277124601827406,11931.628297754402,0.0,0.0,0.019,0.061,0.114
70123,17.862145544213828,12482.401328803558,0.0,0.0,0.008,0.038,0.079
70124,16.387197413936757,11855.326320932714,0.0,0.0,0.008,0.088,0.186
70125,16.268049185584736,11830.015297092523,0.0,0.0,0.017,0.087,0.161
70126,16.274502106893955,11892.419684204051,0.0,0.0,0.032,0.067,0.108
70127,16.2948203331695,11891.20518639533,0.0,0.0,0.021,0.069,0.135
70128,17.789001732022864,12290.789953900497,0.0,0.0,0.019,0.074,0.118
70129,17.99917433074991,12445.132670880146,0.0,0.0,0.0,0.045,0.1
70130,17.93958647901295,12406.894577031351,0.0,0.0,0.005,0.047,0.132
70131,18.00109823312809,12525.398651102401,0.0,0.0,0.0,0.03,0.08
70148,15.900850856588043,10694.268037824739,0.0,0.0,0.105,0.288,0.453
70343,18.093441377704615,12558.78811295858,0.0,0.0,0.007,0.028,0.074
70360,18.054601831453482,12506.094599316582,0.0,0.0,0.011,0.036,0.083
70363,17.996766629028862,12459.293952710312,0.0,0.0,0.023,0.047,0.069
70364,18.07124336208458,12551.698561908623,0.0,0.0,0.013,0.034,0.062
70395,18.11414342907186,12505.609525008826,0.0,0.0,0.004,0.05,0.092
70401,18.02527463754565,12575.12476178947,0.0,0.0,0.004,0.027,0.052
70403,18.03012312842725,12527.21659948349,0.0,0.0,0.012,0.035,0.061
70446,18.004749213713133,12652.205837509098,0.001,0.002,0.006,0.013,0.02
70454,15.512399856389342,11798.173044545198,0.0,0.0,0.013,0.037,0.159
70455,15.575534973669932,11847.67042818279,0.0,0.0,0.0,0.043,0.143
70462,18.2289625173606,12695.746084538223,0.0,0.0,0.003,0.01,0.044
70466,18.03200090066637,12543.202847959885,0.0,0.0,0.016,0.032,0.049
70501,15.511606074117566,11613.92040525453,0.0,0.0,0.037,0.07,0.177
70503,17.83583945370219,12466.819716199938,0.0,0.0,0.0,0.039,0.103
70506,17.74565255199754,12432.469649687846,0.0,0.0,0.003,0.041,0.082
70507,17.77315162328437,12514.359418880802,0.0,0.0,0.007,0.02,0.053
70508,17.784940780732196,12431.601921642778,0.0,0.0,0.005,0.04,0.097
70517,15.616258480653839,11786.006647068627,0.0,0.0,0.019,0.045,0.129
70518,15.58481860132844,11782.57125936526,0.0,0.0,0.009,0.053,0.168
70520,17.741126299228394,12506.1234802694,0.0,0.0,0.008,0.028,0.053
70525,15.499311937105553,11659.709858527398,0.0,0.005,0.028,0.059,0.155
70529,17.7429946539596,12456.034589824234,0.0,0.0,0.01,0.038,0.072
70535,15.489154075141782,11650.657078772903,0.0,0.0,0.028,0.063,0.178
70555,17.834444628337,12407.285742901444,0.0,0.0,0.0,0.049,0.106
70560,15.396645730877498,11654.387285600835,0.0,0.0,0.024,0.059,0.189
70570,15.573212605308543,11764.83630519078,0.0,0.0,0.012,0.055,0.163
70577,15.471189864353049,11663.119427592,0.0,0.0,0.025,0.062,0.183
70578,15.54710881709671,11733.581051050205,0.0,0.0,0.024,0.049,0.151
70582,15.71969090373213,11945.21092210301,0.0,0.0,0.0,0.022,0.126
70583,17.775627978077257,12497.367023660345,0.0,0.0,0.0,0.035,0.066
70584,17.824249433555025,12543.183019324402,0.0,0.0,0.001,0.028,0.052
70592,15.605937732443246,11712.819834958627,0.0,0.0,0.018,0.06,0.178
70601,18.149314517849664,12527.59086526047,0.0,0.0,0.012,0.039,0.076
70605,18.03460284195169,12482.453189336004,0.0,0.001,0.015,0.039,0.082
70607,18.012022380362914,12576.432400832815,0.0,0.0,0.008,0.033,0.051
70611,18.150202820806925,12572.750770035334,0.0,0.0,0.0,0.029,0.086
70615,18.091248924822118,12578.60675287439,0.0,0.0,0.006,0.037,0.057
70663,18.093050275140975,12579.968975770025,0.0,0.0,0.008,0.03,0.059
70665,17.97624689520512,12366.947080436665,0.0,0.0,0.02,0.063,0.113
70668,15.919484876072952,11969.994956809674,0.0,0.0,0.0,0.033,0.105
70669,18.098312320874115,12633.53993020757,0.0,0.0,0.0,0.023,0.045
70706,17.948675070408033,12584.838050613624,0.0,0.0,0.0,0.019,0.056
70710,17.779559660529618,12588.805647154291,0.0,0.0,0.0,0.014,0.039
70711,18.283080087729456,12752.025294238003,0.0,0.0,0.0,0.007,0.024
70714,17.68914871902897,12428.348454951203,0.0,0.0,0.009,0.044,0.07
70719,17.78119825462749,12535.981049759497,0.0,0.0,0.004,0.014,0.059
70726,17.892410534854555,12529.207061359073,0.0,0.0,0.009,0.029,0.066
70734,18.237324011525946,12547.120928855467,0.0,0.0,0.0,0.046,0.114
70737,17.863496381526755,12544.420661058373,0.0,0.0,0.001,0.032,0.063
70739,18.122420548464024,12584.635187995691,0.0,0.0,0.0,0.025,0.08
70744,17.950718191365993,12430.135260085719,0.0,0.0,0.001,0.05,0.122
70764,18.110264801307252,12629.86287096836,0.0,0.0,0.001,0.021,0.049
70767,17.591949485437215,12376.09627180025,0.0,0.0,0.024,0.036,0.06
70769,17.861141824854982,12460.731118571059,0.0,0.0,0.004,0.038,0.105
70770,17.566097667773764,12333.96146169643,0.0,0.009,0.02,0.045,0.07
70774,18.237207460514494,12568.543254498436,0.0,0.0,0.0,0.038,0.094
70777,17.796786951834033,12555.428649286605,0.0,0.0,0.0,0.021,0.05
70778,18.06950134886481,12459.864943995199,0.0,0.012,0.021,0.038,0.064
70785,17.95027927319846,12604.767634836915,0.0,0.0,0.0,0.018,0.043
70791,17.797038142899797,12547.851375556102,0.0,0.0,0.0,0.017,0.065
70801,17.795251300706784,12587.489579557436,0.0,0.0,0.0,0.014,0.042
70802,17.635470943688947,12284.285783270203,0.0,0.0,0.017,0.07,0.099
70805,17.744776991479984,12439.985898350613,0.0,0.0,0.0,0.04,0.08
70806,17.740002016315234,12406.999841779292,0.0,0.0,0.014,0.044,0.079
70807,17.628715764321413,12300.874959810142,0.0,0.0,0.014,0.065,0.103
70808,17.680534264474442,12245.37561051722,0.0,0.0,0.014,0.07,0.147
70809,17.78882047483496,12507.278793568921,0.0,0.0,0.006,0.024,0.074
70810,17.74906018641185,12385.164880378394,0.0,0.0,0.006,0.053,0.11
70811,17.73753191417036,12443.469204876486,0.0,0.0,0.01,0.043,0.067
70812,17.63354288143054,12331.226138915474,0.0,0.0,0.025,0.05,0.084
70814,18.022669912090045,12548.027680901472,0.0,0.0,0.0,0.038,0.071
70815,18.07458476257609,12531.915155026894,0.0,0.0,0.005,0.035,0.082
70816,17.731428033942155,12487.347976791487,0.0,0.0,0.007,0.033,0.056
70817,17.793252709561777,12410.677213207558,0.0,0.0,0.0,0.046,0.109
70818,18.125908874632785,12542.802798410892,0.0,0.0,0.002,0.031,0.093
70819,18.0693418569669,12550.501638558257,0.0,0.0,0.003,0.035,0.069
70820,17.688486596056695,12237.54969069747,0.0,0.0,0.012,0.08,0.143
71006,18.394846735115763,12682.041605232465,0.0,0.0,0.0,0.021,0.069
71009,17.364355001472752,12214.452664595194,0.0,0.0,0.022,0.069,0.097
71024,18.575212946093956,12799.108459202003,0.0,0.0,0.0,0.009,0.036
71037,18.257293936042203,12603.91273695631,0.0,0.0,0.01,0.033,0.059
71047,17.495482690517342,12434.197595948823,0.0,0.001,0.012,0.031,0.049
71051,18.26072655483963,12649.72297282695,0.0,0.0,0.011,0.029,0.044
71055,18.45694317106195,12646.504846269721,0.0,0.0,0.014,0.029,0.056
71073,18.47769926192886,12721.160924785818,0.0,0.0,0.007,0.024,0.038
71101,17.540495151436847,12340.806542444516,0.0,0.0,0.003,0.053,0.089
71103,17.448573413781343,12296.377333706278,0.0,0.0,0.022,0.054,0.07
71104,17.37288216201684,12242.897545746888,0.0,0.0,0.029,0.052,0.091
71105,17.54788123541691,12438.473860690918,0.0,0.0,0.0,0.032,0.067
71106,17.414748019369494,12169.88923160044,0.0,0.0,0.026,0.062,0.13
71107,17.471490991976797,12397.037593987683,0.0,0.0,0.006,0.037,0.073
71108,17.5425502554794,12409.650676971945,0.0,0.0,0.0,0.045,0.072
71109,17.406765013844094,12273.545570981025,0.0,0.0,0.019,0.057,0.08
71110,17.591408094216554,12571.095877892272,0.0,0.0,0.0,0.009,0.027
71111,17.596222074714817,12450.089754888364,0.0,0.0,0.004,0.038,0.068
71112,17.592187831861793,12546.384382637001,0.0,0.0,0.0,0.009,0.038
71115,17.591698604056152,12477.302923239393,0.0,0.0,0.0,0.024,0.072
71118,17.53414309318366,12469.34214035264,0.0,0.0,0.012,0.026,0.035
71119,17.383090032041515,12268.552031463958,0.0,0.003,0.026,0.052,0.077
71129,17.59472475838022,12510.157664249347,0.0,0.0,0.0,0.022,0.045
71201,18.24190375552682,12462.473307507214,0.0,0.0,0.019,0.049,0.114
71202,18.2514688683869,12454.709569138093,0.0,0.0,0.0,0.066,0.1
71203,18.25273492308021,12554.87337430707,0.0,0.0,0.001,0.044,0.08
71225,18.20920488188519,12541.754693079309,0.0,0.0,0.0,0.046,0.091
71280,18.155267853722957,12532.751321620202,0.0,0.0,0.015,0.039,0.071
71291,18.310600386280207,12628.35481314322,0.0,0.0,0.0,0.03,0.073
71292,18.252177158372586,12619.336838488709,0.0,0.0,0.006,0.03,0.062
71301,15.553398127845657,11694.235322215955,0.0,0.0,0.026,0.059,0.168
71302,15.602034253733366,11770.405602330604,0.0,0.0,0.015,0.056,0.146
71303,15.67229092891394,11848.258059371363,0.0,0.0,0.006,0.044,0.13
71360,15.709453305494078,11921.349679834308,0.0,0.0,0.001,0.026,0.128
71405,15.67755463485976,11868.306181335267,0.0,0.0,0.006,0.042,0.112
71423,15.809275859469196,11861.884192601474,0.0,0.0,0.017,0.042,0.104
71485,15.617402104929798,11663.616137945166,0.0,0.0,0.011,0.083,0.212
1001,9.983493692340657,13733.307245922157,0.0,0.0,0.0,0.03,0.244
1002,9.100130518403065,13204.68671450691,0.0,0.0,0.011,0.09,0.674
1007,9.096757750964008,13302.204087941354,0.0,0.0,0.004,0.057,0.65
1013,9.957012243435987,13641.467093658988,0.0,0.0,0.009,0.046,0.252
1020,9.99791088123891,13716.513317823765,0.0,0.0,0.0,0.028,0.266
1022,9.986056596071608,13835.586686872219,0.0,0.0,0.0,0.0,0.175
1027,9.105883102682629,13371.126615510606,0.0,0.0,0.004,0.033,0.67
1028,9.093175424315039,13267.456642140885,0.0,0.0,0.0,0.071,0.668
1030,9.987829292544088,13653.249202628613,0.0,0.0,0.002,0.055,0.291
1033,9.093527796655465,13281.664518488988,0.0,0.0,0.009,0.066,0.678
1035,9.096412589345302,13305.546158888385,0.0,0.0,0.0,0.06,0.675
1036,9.087367913169535,13336.120105210844,0.0,0.0,0.001,0.05,0.662
1040,9.960616460314991,13630.117755206233,0.0,0.0,0.01,0.048,0.279
1056,9.060510563143701,13269.261209561031,0.0,0.0,0.006,0.063,0.682
1068,8.94502140355855,13196.088201960443,0.0,0.0,0.01,0.074,0.727
1073,9.997862291051842,13748.651130571105,0.0,0.0,0.0,0.021,0.261
1075,9.093889342015293,13288.541012750014,0.0,0.0,0.005,0.064,0.676
1077,9.987507401056533,13709.96988658183,0.0,0.0,0.0,0.039,0.282
1085,9.986320571963176,13705.383729945612,0.0,0.0,0.002,0.033,0.263
1089,9.995217108440787,13683.998356548136,0.0,0.0,0.0,0.045,0.27
1095,9.089841532428807,13274.56713796107,0.0,0.0,0.001,0.069,0.669
1103,9.968072487247033,13502.868823606721,0.0,0.0,0.01,0.079,0.352
1104,9.976022854497451,13680.045709860136,0.0,0.0,0.0,0.04,0.252
1105,9.928042643882282,13563.974547509051,0.0,0.0,0.008,0.069,0.299
1106,9.089144959570428,13212.867548650807,0.0,0.0,0.0,0.103,0.673
1107,9.960105736717763,13573.075138311115,0.0,0.0,0.0,0.064,0.335
1108,9.076872270367456,13281.008947555683,0.0,0.0,0.015,0.054,0.677
1109,9.962609656344561,13682.03177137599,0.0,0.0,0.003,0.04,0.244
1118,9.075631228422576,13269.485148611662,0.0,0.0,0.008,0.062,0.685
1119,9.983564737830964,13738.956478606888,0.0,0.0,0.0,0.029,0.242
1128,9.102500732381802,13299.48611747223,0.0,0.0,0.002,0.062,0.67
1129,9.103270148735051,13359.922855828452,0.0,0.0,0.0,0.04,0.669
1151,9.066801197596606,13365.615413621905,0.0,0.0,0.005,0.029,0.671
1201,9.31614509421178,13430.789782846443,0.0,0.0,0.007,0.04,0.568
1237,9.302895333402345,13427.065409348987,0.0,0.0,0.004,0.046,0.582
1238,9.307654290198,13456.6569253792,0.0,0.0,0.0,0.039,0.578
1240,9.306997418160941,13425.245678659241,0.0,0.0,0.0,0.05,0.572
1266,9.301587611468616,13266.207672737251,0.0,0.0,0.01,0.094,0.588
1420,8.546701939536488,13082.484670761402,0.0,0.0,0.006,0.043,0.908
1450,8.595879733925752,12830.624815892106,0.0,0.0,0.003,0.163,0.782
1453,8.522995703937323,13035.102916118098,0.0,0.0,0.009,0.062,0.899
1462,8.541402945899799,12980.045982577218,0.0,0.0,0.01,0.081,0.86
1463,8.600776408835436,13016.236899266907,0.0,0.0,0.002,0.104,0.851
1473,8.535265459800666,13021.899071191072,0.0,0.0,0.003,0.073,0.884
1501,8.936166643181178,13271.146481355341,0.0,0.0,0.003,0.051,0.73
1504,8.950073427678904,13243.235504209382,0.0,0.0,0.003,0.06,0.742
1505,8.949209135676917,13140.499411828934,0.0,0.0,0.0,0.109,0.726
1507,8.944503987919969,13240.339536052927,0.0,0.0,0.003,0.06,0.718
1515,8.943810701268028,13273.029094930976,0.0,0.0,0.002,0.046,0.728
1516,8.944818213153164,13150.186563704341,0.0,0.002,0.004,0.098,0.724
1519,8.943257671702684,13108.292120619726,0.0,0.0,0.001,0.129,0.713
1520,8.949459997757403,13182.197117929181,0.0,0.0,0.003,0.088,0.714
1522,8.950934928928477,13269.947544359848,0.0,0.0,0.0,0.052,0.745
1524,8.949360172729568,13309.706209939844,0.0,0.0,0.0,0.036,0.742
1527,8.943956597355651,13259.110524521811,0.0,0.0,0.002,0.055,0.734
1529,8.943615807080088,13210.223707281324,0.0,0.0,0.003,0.072,0.739
1534,8.955953718353996,13218.235363093654,0.0,0.0,0.004,0.068,0.722
1535,8.955447720644226,13326.94320703039,0.0,0.0,0.003,0.027,0.726
1536,8.94730428483593,13186.067724478227,0.0,0.0,0.0,0.088,0.718
1537,8.947593689562328,13369.566925013985,0.0,0.0,0.0,0.013,0.742
1540,8.945280666148577,13266.971452186677,0.0,0.0,0.008,0.041,0.732
1541,8.967435030530085,13045.761679615844,0.0,0.0,0.005,0.125,0.721
1542,8.947092164421862,13308.899475505843,0.0,0.0,0.004,0.034,0.745
1543,8.950531119188998,13135.752765810186,0.0,0.0,0.0,0.109,0.705
1545,8.951055565768176,13135.217243589439,0.0,0.0,0.002,0.106,0.717
1560,8.934465389220808,13208.785197314337,0.0,0.0,0.003,0.077,0.732
1562,8.935385390964852,13236.536714040694,0.0,0.0,0.008,0.053,0.74
1564,8.944449404435023,13132.58255499515,0.0,0.0,0.006,0.107,0.729
1566,8.945391604448144,13231.80954122238,0.0,0.0,0.0,0.073,0.714
1568,8.948884250967406,13156.456185209698,0.0,0.0,0.0,0.1,0.719
1569,8.962253672967623,13210.254246313198,0.0,0.0,0.0,0.078,0.699
1570,8.958435122013523,13311.844094136297,0.0,0.0,0.0,0.035,0.733
1571,8.92696404442194,13262.031339195093,0.0,0.0,0.008,0.046,0.73
1581,8.953879080190605,13062.778148272982,0.0,0.0,0.004,0.128,0.724
1583,8.9470758247022,13262.280866009896,0.0,0.0,0.0,0.057,0.712
1588,8.956308533621819,13202.786199327293,0.0,0.0,0.0,0.08,0.738
1590,8.95742867091166,13133.434955128805,0.0,0.0,0.0,0.106,0.716
1602,8.96299764582305,13209.505976596516,0.0,0.0,0.003,0.066,0.741
1603,8.953748951324906,13249.707173717301,0.0,0.0,0.005,0.05,0.755
1604,8.94604912026095,13288.65260701045,0.0,0.0,0.0,0.037,0.744
1605,8.931658032456792,13203.234454895972,0.0,0.0,0.008,0.06,0.747
1606,8.945908573128476,13271.373568918674,0.0,0.0,0.0,0.048,0.739
1607,8.929871654786718,13270.276744995017,0.0,0.0,0.009,0.04,0.739
1608,8.925948322689033,13095.679478169703,0.0,0.0,0.023,0.089,0.741
1609,8.947543144449822,13177.971234580125,0.0,0.0,0.007,0.078,0.738
1610,8.953245918806974,13107.63567611873,0.0,0.0,0.03,0.079,0.747
1611,8.946457539957706,13259.270755382711,0.0,0.0,0.004,0.049,0.713
1612,8.947946915248993,13220.075805348766,0.0,0.0,0.0,0.07,0.717
1701,9.011907939387164,13155.850561833871,0.0,0.0,0.0,0.107,0.677
1702,8.771745688909647,13094.906468490253,0.0,0.0,0.001,0.082,0.816
1721,9.032617521468755,13191.258596872898,0.0,0.0,0.0,0.093,0.688
1730,9.020940107397958,13111.637270082525,0.0,0.0,0.0,0.125,0.692
1731,8.781215842798549,13254.946339834763,0.0,0.0,0.0,0.031,0.862
1741,9.006135707153579,12951.267551988509,0.0,0.0,0.004,0.176,0.674
1742,8.778950766987483,12915.397005523491,0.0,0.0,0.0,0.172,0.754
1745,8.947149836223804,13157.665278640196,0.0,0.0,0.0,0.1,0.689
1746,9.003655072746852,13114.843281386655,0.0,0.0,0.004,0.127,0.68
1747,8.949070911796046,13182.596023202408,0.0,0.0,0.0,0.094,0.737
1748,9.018100244079111,13009.165174642643,0.0,0.0,0.001,0.167,0.687
1756,8.96083555392958,13161.681494535887,0.0,0.0,0.0,0.095,0.712
1757,8.936143748320466,13225.191098003736,0.0,0.0,0.006,0.059,0.73
1760,8.79038641905719,13033.907493785104,0.0,0.0,0.0,0.122,0.772
1770,8.779438330348126,12869.08441408328,0.0,0.0,0.0,0.194,0.725
1772,8.9512624463489,12985.957864106416,0.0,0.0,0.002,0.167,0.696
1773,8.76789238638845,12864.688299299427,0.0,0.0,0.012,0.174,0.763
1778,8.77294746787662,12874.262033488387,0.0,0.0,0.001,0.185,0.749
1801,8.78135267287629,13123.118776901454,0.0,0.0,0.0,0.079,0.791
1803,9.01088604908064,13130.514483650193,0.0,0.0,0.0,0.111,0.679
1810,8.998254292598546,13000.670286115572,0.0,0.0,0.01,0.147,0.687
1821,9.014469405181496,13242.079050307359,0.0,0.0,0.0,0.072,0.684
1824,9.00457293815312,13160.133428865887,0.0,0.0,0.005,0.1,0.688
1826,9.012540456915987,13296.68872169117,0.0,0.0,0.0,0.05,0.7
1827,9.011543257699287,13072.551737384369,0.0,0.0,0.0,0.131,0.688
1830,8.979957358042807,13242.332658362035,0.0,0.0,0.005,0.06,0.732
1832,8.98068915378075,13336.6374253278,0.0,0.0,0.0,0.036,0.735
1833,8.986370669465973,13165.005188428111,0.0,0.0,0.0,0.099,0.7
1834,8.98510777065923,13234.402753773436,0.0,0.0,0.0,0.073,0.708
1835,8.96969604137407,13258.04602469605,0.0,0.0,0.003,0.06,0.724
1840,8.980172655931092,13203.402045312232,0.0,0.0,0.015,0.063,0.733
1841,8.973561448248601,13301.199911497019,0.0,0.0,0.003,0.035,0.732
1843,8.977245908171092,13313.882009119703,0.0,0.0,0.0,0.039,0.732
1844,8.981581428514339,13262.22578821202,0.0,0.0,0.0,0.062,0.721
1845,8.986496240707895,13133.73157530473,0.0,0.0,0.003,0.107,0.691
1850,9.024118242552143,13283.19059938169,0.0,0.0,0.007,0.046,0.712
1851,9.028861980213264,13285.025309329818,0.0,0.0,0.007,0.05,0.703
1852,9.005905099971036,13303.799161296634,0.0,0.0,0.004,0.048,0.695
1854,9.023890542286738,13307.861539228403,0.0,0.0,0.006,0.043,0.707
1862,9.02127349893607,13207.697937639508,0.0,0.0,0.0,0.086,0.702
1863,9.00958073107122,13248.606430718928,0.0,0.0,0.004,0.067,0.692
1864,9.024533714348642,13166.963816808406,0.0,0.0,0.0,0.108,0.708
1867,8.784611596705204,12946.841603568271,0.0,0.0,0.002,0.146,0.755
1876,9.020518489877267,13214.023979679017,0.0,0.0,0.004,0.075,0.71
1879,9.019396425163649,13234.89358905214,0.0,0.0,0.0,0.079,0.686
1880,9.025463987592742,13150.698507452908,0.0,0.0,0.007,0.103,0.697
1886,9.022322730824978,13075.768469278762,0.0,0.0,0.0,0.141,0.693
1887,9.014123016804858,13174.220330554574,0.0,0.0,0.001,0.101,0.674
1890,9.020210755885623,13010.129478336958,0.0,0.0,0.005,0.16,0.667
1901,8.97006295562028,13015.34506301402,0.0,0.0,0.026,0.111,0.716
1902,8.943720116389207,13244.43780873707,0.0,0.0,0.015,0.051,0.718
1904,8.986420482853172,13281.23525694629,0.0,0.0,0.0,0.049,0.714
1905,8.973286259077558,13281.339878924984,0.0,0.0,0.006,0.043,0.716
1906,8.967521482193307,13213.251662445113,0.0,0.0,0.01,0.07,0.729
1907,8.973967912679713,13112.200546205724,0.0,0.0,0.007,0.109,0.693
1908,8.971851791269332,13204.892545434155,0.0,0.0,0.006,0.081,0.717
1915,8.9911903197321,13197.417168450445,0.0,0.0,0.0,0.084,0.706
1921,8.98312823652244,12967.960098026453,0.0,0.0,0.002,0.174,0.677
1923,8.99052250565974,13206.422293886339,0.0,0.0,0.0,0.081,0.708
1940,8.97767657449006,13070.948911911579,0.0,0.0,0.0,0.133,0.706
1945,8.976182075317652,13031.363711661243,0.0,0.002,0.005,0.146,0.692
1949,8.975397477312363,13069.48892170129,0.0,0.0,0.001,0.135,0.711
1960,8.969341624607306,13245.08108298884,0.0,0.0,0.004,0.065,0.711
1970,8.984150819948347,13280.965167131819,0.0,0.0,0.0,0.052,0.698
1982,8.983841395255629,13123.077089127913,0.0,0.0,0.004,0.109,0.686
1983,8.982146441798763,13108.003208967053,0.0,0.0,0.0,0.114,0.713
1984,9.00505251122737,13002.642607387334,0.0,0.0,0.0,0.162,0.696
1985,8.98232892305314,12989.702318278449,0.0,0.001,0.001,0.155,0.696
2019,9.023541974447609,13261.539541784468,0.0,0.0,0.0,0.072,0.693
2021,9.006886955086387,13157.573138363332,0.0,0.0,0.001,0.105,0.692
2025,9.014701076077268,13037.3694273023,0.0,0.0,0.001,0.148,0.683
2026,8.787275848903272,13008.25825765975,0.0,0.0,0.009,0.122,0.773
2030,8.77753056558724,12751.260949081838,0.0,0.0,0.0,0.236,0.713
2032,8.781496199039404,13007.86292945357,0.0,0.0,0.0,0.128,0.754
2035,9.00967600513637,13214.929810145106,0.0,0.0,0.002,0.081,0.704
2038,9.016153050590393,13159.0367895201,0.0,0.0,0.0,0.107,0.698
2043,9.029395742660913,13005.450717411344,0.0,0.0,0.0,0.155,0.692
2048,8.82499183149262,13124.191052634704,0.0,0.0,0.001,0.085,0.77
2052,8.77260662452692,12877.802602773918,0.0,0.0,0.002,0.184,0.748
2053,9.03380288579045,13119.51349999962,0.0,0.0,0.0,0.123,0.689
2054,8.781801054053838,13125.339654864587,0.0,0.0,0.0,0.085,0.783
2056,9.009306310548629,13064.922123699012,0.0,0.0,0.006,0.14,0.665
2061,9.019706614646905,13083.72108750461,0.0,0.0,0.0,0.153,0.679
2062,8.79052663475349,13114.698327301241,0.0,0.0,0.003,0.08,0.786
2066,9.023880265720328,13129.878154842758,0.0,0.0,0.001,0.113,0.676
2067,9.008648523214468,13090.344261903514,0.0,0.001,0.001,0.134,0.698
2071,9.021124671034627,12978.262281823912,0.0,0.0,0.0,0.173,0.673
2072,9.017943969125774,13216.650213928544,0.0,0.0,0.004,0.076,0.698
2081,9.023759075687472,13115.107539291184,0.0,0.0,0.002,0.119,0.697
2090,8.784931274498737,12827.287271080204,0.0,0.0,0.0,0.198,0.739
2093,9.014573140336053,13129.439567478816,0.0,0.0,0.0,0.117,0.687
2108,8.684262357236568,12841.700100462062,0.0,0.0,0.004,0.174,0.773
2109,8.686692591884297,12930.865575719708,0.0,0.0,0.003,0.142,0.777
2110,8.677278115791559,12758.674565246167,0.0,0.0,0.014,0.203,0.777
2111,8.652184525687385,12694.394482801308,0.0,0.0,0.032,0.186,0.779
2113,8.69241581713816,13127.24217360276,0.0,0.0,0.001,0.064,0.821
2114,8.685328483233484,12891.531365951303,0.0,0.0,0.02,0.151,0.787
2115,8.678734276724477,12947.34674968737,0.0,0.0,0.018,0.107,0.809
2116,8.702933591714281,12782.518030308222,0.0,0.0,0.02,0.173,0.759
2118,8.672024869859452,12886.652713646443,0.0,0.0,0.023,0.128,0.784
2119,8.662134981546824,12943.208325708296,0.0,0.0,0.022,0.11,0.825
2120,8.667319622884337,13022.756204702659,0.0,0.0,0.007,0.092,0.819
2121,8.677429565193387,13075.58980461361,0.0,0.0,0.005,0.071,0.838
2122,8.67626194648227,13066.593911550195,0.0,0.0,0.014,0.074,0.8
2124,8.693139229935205,13016.99530887489,0.0,0.0,0.013,0.084,0.826
2125,8.69885147205583,13014.243856388994,0.0,0.0,0.01,0.09,0.832
2126,8.676780566983057,13076.941906637316,0.0,0.0,0.01,0.07,0.858
2127,8.678531875108552,12858.09634338603,0.0,0.0,0.01,0.164,0.778
2128,8.926342197428742,13233.308572425587,0.0,0.0,0.0,0.064,0.748
2129,8.914896580915288,13034.020893644452,0.0,0.0,0.005,0.138,0.712
2130,8.67839752586065,12949.943707210454,0.0,0.0,0.009,0.12,0.807
2131,8.679760819037751,12999.891257086068,0.0,0.0,0.008,0.104,0.811
2132,8.694772368896219,13014.12320700396,0.0,0.0,0.002,0.105,0.791
2134,8.695755509452129,13074.638876134297,0.0,0.0,0.015,0.065,0.833
2135,8.699042847493082,13105.337539455293,0.0,0.0,0.0,0.069,0.821
2136,8.683754252370147,13071.62440612117,0.0,0.0,0.009,0.076,0.818
2138,8.796458465098171,12892.217325016021,0.0,0.0,0.01,0.147,0.775
2139,8.75950630752907,12998.24137157893,0.0,0.0,0.009,0.12,0.752
2140,8.792052737124838,13002.011886653047,0.0,0.0,0.0,0.13,0.759
2141,8.785748667445276,12994.812443494693,0.0,0.0,0.008,0.124,0.774
2142,8.800005750753698,12877.829100913732,0.0,0.0,0.01,0.177,0.746
2143,8.772719139562682,13075.589298456816,0.0,0.0,0.0,0.094,0.779
2144,9.014249000965496,13128.15022638046,0.0,0.0,0.007,0.107,0.686
2145,9.02142175227255,13229.83290938052,0.0,0.0,0.004,0.072,0.684
2148,9.021623027702315,13277.731677689955,0.0,0.0,0.0,0.06,0.713
2149,9.033463861511375,13257.872575475383,0.0,0.0,0.0,0.072,0.706
2150,8.91307632621146,13184.710404277175,0.0,0.0,0.017,0.06,0.746
2151,8.921410593655397,13234.789014016033,0.0,0.0,0.003,0.055,0.745
2152,8.913138407676922,13168.57548678822,0.0,0.0,0.003,0.083,0.732
2155,9.007818820947554,13177.183318750154,0.0,0.0,0.006,0.095,0.713
2163,8.655200988893238,12770.478266090557,0.0,0.0,0.044,0.142,0.815
2169,9.02486031489098,13274.030991441197,0.0,0.0,0.0,0.062,0.703
2170,9.022248209363305,13268.420053720389,0.0,0.0,0.0,0.062,0.697
2171,9.02272220199414,13234.466783689153,0.0,0.0,0.0,0.074,0.693
2176,9.013676529789834,13140.496870478171,0.0,0.0,0.0,0.111,0.683
2180,9.009780906241591,13156.756288906538,0.0,0.0,0.01,0.1,0.681
2184,9.014595240033476,13120.330490273209,0.0,0.0,0.001,0.112,0.687
2186,9.00753859801723,13022.314349839831,0.0,0.0,0.007,0.153,0.683
2188,9.021180981899898,13279.23835307488,0.0,0.0,0.0,0.059,0.693
2189,9.019607714553526,13270.917962810157,0.0,0.0,0.002,0.059,0.699
2190,9.024870676558708,13213.681689148598,0.0,0.0,0.009,0.071,0.699
2191,9.028941162770323,13276.613742204268,0.0,0.0,0.006,0.054,0.697
2199,8.671814571759764,12754.068164764476,0.0,0.0,0.018,0.187,0.786
2210,8.691484122939542,12862.48888945811,0.0,0.0,0.002,0.165,0.771
2215,8.691362977608067,12863.355863694404,0.0,0.0,0.032,0.125,0.8
2301,9.033673218712952,13259.129882533434,0.0,0.0,0.005,0.059,0.708
2302,9.004561330931205,13285.364134965737,0.0,0.0,0.008,0.044,0.709
2322,9.006466602950933,13304.64847744622,0.0,0.0,0.005,0.043,0.694
2333,9.021742210403074,13242.840220398935,0.0,0.0,0.0,0.077,0.708
2339,9.009313609116523,13069.85796378092,0.0,0.0,0.007,0.134,0.676
2341,9.020644130746586,13249.009361003584,0.0,0.0,0.001,0.068,0.694
2343,9.018811191083879,13233.190103092948,0.0,0.0,0.0,0.072,0.705
2346,9.029679143660152,13277.178619594242,0.0,0.0,0.007,0.047,0.721
2347,8.770671673436665,13098.834411755559,0.0,0.0,0.004,0.089,0.764
2351,9.014316223570892,13232.158084783354,0.0,0.0,0.001,0.072,0.699
2356,8.829721204133264,13115.311390556693,0.0,0.0,0.001,0.098,0.75
2368,9.022357847699078,13234.402867684443,0.0,0.0,0.002,0.071,0.709
2370,9.001890305287823,13261.105536147703,0.0,0.0,0.001,0.07,0.69
2375,8.820476676782635,13136.635695738485,0.0,0.0,0.0,0.092,0.768
2379,9.0139973048885,13225.849327332253,0.0,0.0,0.0,0.079,0.691
2382,9.011790792345748,13264.440345142164,0.0,0.0,0.001,0.066,0.697
2420,8.775077022485256,12889.320927012837,0.0,0.0,0.0,0.185,0.751
2421,8.793991923191284,12791.381684503458,0.0,0.0,0.003,0.202,0.741
2445,8.781944611388095,12984.64752012039,0.0,0.0,0.006,0.12,0.759
2446,8.765935513458311,12980.602814519103,0.0,0.0,0.004,0.134,0.771
2451,8.776625606816435,13069.536032728725,0.0,0.0,0.003,0.101,0.783
2452,8.77870077246361,13117.096130572394,0.0,0.0,0.002,0.076,0.789
2453,8.786443934530647,13130.86330911388,0.0,0.0,0.0,0.077,0.775
2458,8.777466888957061,13015.644847361615,0.0,0.0,0.0,0.132,0.772
2459,8.781849361946223,12816.269902369255,0.0,0.0,0.002,0.195,0.729
2460,8.787109794512821,12956.214242964006,0.0,0.0,0.004,0.142,0.749
2461,8.784993209899168,12873.95758262905,0.0,0.0,0.002,0.172,0.729
2462,8.783506475223758,12937.907887224555,0.0,0.0,0.0,0.167,0.755
2464,8.773910982177691,13048.12534988852,0.0,0.0,0.002,0.109,0.775
2465,8.795816110507488,12887.888837372138,0.0,0.0,0.005,0.167,0.741
2466,8.790359426546496,12925.624514494364,0.0,0.0,0.0,0.164,0.74
2467,8.786786346833367,12868.428027389786,0.0,0.0,0.015,0.167,0.748
2468,8.777014790230242,12726.265297898583,0.0,0.0,0.0,0.247,0.697
2472,8.76186852400997,13020.579445316996,0.0,0.0,0.01,0.11,0.78
2474,9.00677014933477,13101.39361558759,0.0,0.0,0.007,0.113,0.699
2476,8.774129289640797,12975.29915838105,0.0,0.0,0.012,0.13,0.758
2478,8.765736597029653,12872.780627198861,0.0,0.0,0.008,0.159,0.747
2481,8.774584064521383,12754.15144379972,0.0,0.0,0.006,0.219,0.719
2482,8.789544830690177,12823.52849534745,0.0,0.0,0.0,0.208,0.732
2492,8.78308959995918,12820.595897544767,0.0,0.0,0.004,0.198,0.721
2493,8.78621158199453,12750.774677286334,0.0,0.0,0.003,0.221,0.72
2494,8.787450223129092,12885.102450925307,0.0,0.0,0.003,0.188,0.755
2601,8.536743704310842,13096.588636348562,0.0,0.0,0.005,0.042,0.888
2630,8.549061500069005,13036.082240794041,0.0,0.0,0.0,0.083,0.872
2632,8.545677868451083,13014.54758054759,0.0,0.0,0.005,0.076,0.858
2668,8.545364930106002,13004.8320843687,0.0,0.0,0.003,0.079,0.838
2673,8.552199741855151,13095.992472868673,0.0,0.0,0.008,0.041,0.907
2675,8.546940351351404,12952.411134295766,0.0,0.0,0.014,0.094,0.868
2702,8.81756343899527,13136.162315115265,0.0,0.0,0.009,0.065,0.762
2703,8.850720388823664,13201.333596782722,0.0,0.0,0.0,0.061,0.772
2715,8.83393832888518,13172.35041274244,0.0,0.0,0.0,0.071,0.771
2717,8.832838449388039,13158.33417248414,0.0,0.001,0.002,0.075,0.776
2718,8.599990501392924,13094.068139991734,0.0,0.0,0.005,0.058,0.875
2719,8.606506569874414,13096.666396013808,0.0,0.0,0.002,0.057,0.873
2720,8.856563864633028,13220.490204573865,0.0,0.0,0.0,0.048,0.804
2721,8.827759371024808,13204.343603958898,0.0,0.0,0.011,0.048,0.796
2723,8.811311149900224,13120.01477043133,0.0,0.0,0.024,0.06,0.772
2724,8.81952202070752,13135.269476841633,0.0,0.0,0.022,0.057,0.79
2725,8.825848171371781,13107.837596255631,0.0,0.0,0.0,0.098,0.75
2726,8.835445131619679,13209.21501884678,0.0,0.0,0.004,0.049,0.779
2739,8.771566128255394,13122.442359041357,0.0,0.0,0.004,0.078,0.799
2740,8.597122519690519,13094.764989164556,0.0,0.0,0.013,0.046,0.882
2743,8.598439353779348,13085.628692670134,0.0,0.0,0.002,0.056,0.869
2744,8.606594705628387,13115.922859218465,0.0,0.0,0.012,0.035,0.893
2745,8.59172210314669,13111.668562855044,0.0,0.0,0.007,0.045,0.893
2746,8.615860826026605,12987.920512869649,0.0,0.0,0.021,0.071,0.884
2747,8.837841601802934,13213.238627923467,0.0,0.0,0.002,0.051,0.785
2748,8.608813603923188,12970.227404495574,0.0,0.0,0.008,0.099,0.829
2760,8.826468521095986,13197.410142684736,0.0,0.0,0.004,0.055,0.76
2762,9.01439650984345,13244.462235336405,0.0,0.0,0.0,0.077,0.696
2763,8.850717627197719,13141.022935698184,0.0,0.0,0.0,0.081,0.779
2764,8.831487320040253,13220.999283453239,0.0,0.0,0.0,0.059,0.794
2766,8.838332991789747,13134.009790874366,0.0,0.0,0.003,0.088,0.757
2767,8.831350526785526,13088.08089383198,0.0,0.0,0.004,0.097,0.747
2769,8.835992933527493,13107.975476888028,0.0,0.0,0.002,0.1,0.761
2770,8.780998348617358,13135.436883837468,0.0,0.0,0.0,0.081,0.772
2771,8.841741518314208,13181.120367602154,0.0,0.0,0.0,0.07,0.761
2777,8.825958209375603,13223.345914910808,0.0,0.002,0.002,0.048,0.776
2779,8.823252816862928,13108.813272395577,0.0,0.0,0.003,0.095,0.751
2780,8.822921605651102,13186.116742021417,0.0,0.0,0.009,0.055,0.78
2790,8.835064178924897,13202.318242435438,0.0,0.0,0.0,0.057,0.776
20701,17.807992929786572,14335.308571228994,0.0,0.0,0.004,0.613,0.997
20705,17.850917472345312,14272.187342472715,0.0,0.0,0.008,0.588,0.99
20706,17.85008774663224,14305.638548030995,0.0,0.0,0.0,0.603,0.995
20707,17.848992820056125,14238.318629198991,0.0,0.0,0.017,0.6,0.984
20708,17.8082879782106,14254.475450784157,0.0,0.0,0.008,0.616,0.989
20712,15.740691476123379,13803.613026519966,0.0,0.0,0.041,0.959,0.995
20715,17.844595405850672,14215.134590629472,0.0,0.0,0.013,0.602,0.985
20720,17.850329385019965,14111.874811765034,0.0,0.0,0.037,0.617,0.976
20721,17.806186968232595,14077.95819251725,0.0,0.0,0.049,0.63,0.976
20722,15.8423179280396,13849.385475768635,0.0,0.0,0.036,0.945,0.994
20723,17.757798307106317,14152.691336049147,0.0,0.0,0.012,0.633,0.981
20724,17.83534233875735,14253.416699138808,0.0,0.0,0.007,0.599,0.989
20740,15.661984737980166,13647.893735933383,0.0,0.0,0.082,0.927,0.992
20743,15.761889563844505,13828.674036781216,0.0,0.0,0.038,0.951,0.996
20745,15.754037026313286,13821.634719240274,0.0,0.0,0.04,0.945,0.994
20746,15.797520642763311,13855.001354030788,0.0,0.0,0.03,0.958,0.993
20748,15.840308172677876,13878.765155085463,0.0,0.0,0.032,0.949,0.999
20755,17.788588210062763,14246.651626097319,0.0,0.0,0.02,0.624,0.992
20759,17.80562282955803,14042.162126158217,0.0,0.0,0.009,0.62,0.964
20763,17.754500607552043,14175.041746376684,0.0,0.0,0.031,0.639,0.981
20769,17.84974265002638,14168.092423075652,0.0,0.0,0.025,0.607,0.982
20770,17.750010087471356,14198.298228120973,0.0,0.0,0.028,0.61,0.99
20772,17.849939933025972,14200.833954649237,0.0,0.0,0.02,0.615,0.986
20774,17.80882890190667,14232.361299174196,0.0,0.0,0.02,0.584,0.99
20777,17.77066690393769,13951.502264219413,0.0,0.0,0.023,0.654,0.954
20781,15.795421436357252,13831.310020673247,0.0,0.0,0.033,0.938,0.996
20782,15.838385528064418,13847.202570588655,0.0,0.0,0.036,0.935,0.994
20783,15.781871425851126,13846.952267353445,0.0,0.0,0.035,0.962,0.997
20794,17.770690622615664,14235.063073901987,0.0,0.0,0.007,0.624,0.989
20814,15.671637021437396,13646.40987780575,0.0,0.002,0.084,0.883,0.992
20815,15.713421315307269,13590.12480642144,0.0,0.0,0.097,0.848,0.988
20816,15.68165249358597,13543.438249709463,0.0,0.0,0.108,0.839,0.991
20817,15.66354948126913,13458.06814028533,0.0,0.0,0.128,0.842,0.982
20841,23.0333255162113,14818.893589603498,0.0,0.0,0.005,0.23,0.927
20850,15.676479559497661,13700.051058824209,0.0,0.0,0.066,0.901,0.995
20851,15.623835647233014,13750.107053668078,0.0,0.002,0.041,0.946,0.995
20852,15.66326874373806,13689.165192256438,0.0,0.0,0.076,0.922,0.987
20853,15.70984568108998,13725.999605790566,0.0,0.0,0.052,0.899,0.992
20854,15.704529483755415,13501.906051120175,0.0,0.0,0.131,0.824,0.988
20855,15.706907134125585,13724.892002235832,0.0,0.0,0.052,0.899,0.988
20866,17.66885508035551,14158.297543898916,0.0,0.0,0.022,0.628,0.985
20868,17.709678140742994,14144.445191809547,0.0,0.0,0.025,0.635,0.98
20874,23.028436723221503,14976.895067559743,0.0,0.0,0.0,0.095,0.966
20876,23.031477592133804,14972.149719734256,0.0,0.0,0.0,0.091,0.966
20877,15.704963553236034,13836.681108957218,0.0,0.0,0.029,0.947,0.996
20878,15.70494210332552,13699.274530698307,0.0,0.0,0.081,0.89,0.993
20879,15.679856215193594,13785.256477102612,0.0,0.0,0.043,0.941,0.993
20880,15.671497695415713,13747.465075301618,0.0,0.001,0.039,0.925,0.992
20882,17.705351625384676,14041.403666902921,0.0,0.0,0.059,0.631,0.974
20886,23.03410883773761,14981.05045925089,0.0,0.0,0.0,0.095,0.975
20895,15.653441092271269,13604.930995413963,0.0,0.0,0.081,0.873,0.984
20896,15.707857400248152,13518.88260177405,0.0,0.0,0.126,0.817,0.985
20899,15.710888126042226,13945.617844706863,0.0,0.0,0.0,0.968,1.0
20901,15.649630223730238,13646.136696137748,0.0,0.0,0.083,0.896,0.999
20902,15.62656002407246,13722.729952424676,0.0,0.0,0.065,0.93,0.994
20903,15.70227751311066,13874.957669279514,0.0,0.0,0.014,0.961,0.998
20904,17.63025087217481,14188.879171821169,0.0,0.0,0.026,0.649,0.991
20905,17.658138902221854,14123.934834484799,0.0,0.0,0.03,0.652,0.985
20906,15.678944603396472,13804.164052152217,0.0,0.0,0.037,0.943,0.995
20910,15.664237947832666,13756.88775120868,0.0,0.0,0.048,0.934,0.991
20912,15.678555795356512,13732.380296398982,0.0,0.0,0.053,0.928,0.988
21012,17.836260603055834,14198.065116770234,0.0,0.0,0.017,0.613,0.985
21032,17.834306083518335,14117.44304243081,0.0,0.0,0.025,0.618,0.973
21042,17.765795343780585,14057.80442733532,0.0,0.0,0.033,0.617,0.975
21043,17.803709145948012,14117.613507107524,0.0,0.0,0.03,0.633,0.971
21044,17.757230471640824,14149.670759408198,0.0,0.0,0.024,0.619,0.983
21045,17.721448316548003,14165.42745593568,0.0,0.0,0.023,0.622,0.984
21046,17.805073199946506,14232.804305302883,0.0,0.0,0.005,0.62,0.985
21052,17.850040946352834,14378.948977881271,0.0,0.0,0.0,0.613,0.999
21054,17.786739146659713,14050.014129685143,0.0,0.0,0.062,0.617,0.978
21056,17.828524518785827,13962.435089874029,0.0,0.0,0.04,0.628,0.96
21057,17.806544460659627,14086.753235404029,0.0,0.0,0.042,0.623,0.981
21060,17.72849280788886,14213.45046859452,0.0,0.0,0.021,0.6,0.99
21061,17.783241663574096,14271.834484358873,0.0,0.0,0.016,0.625,0.993
21075,17.713432159275165,14142.437711835188,0.0,0.0,0.027,0.625,0.981
21076,17.832290654273997,14192.00023456725,0.0,0.0,0.021,0.614,0.988
21077,17.832136825467714,14366.96526932101,0.0,0.0,0.0,0.574,1.0
21087,17.79818937890469,14136.652335609133,0.0,0.0,0.033,0.61,0.979
21090,17.815876397335362,14263.78377269659,0.0,0.0,0.015,0.602,0.992
21093,17.84955927209354,14176.804068654317,0.0,0.0,0.022,0.615,0.985
21104,17.85005497353859,14101.544429016718,0.0,0.0,0.019,0.625,0.967
21108,17.782866066148557,14155.40251812879,0.0,0.0,0.015,0.615,0.977
21113,17.80683644864382,14229.379459056578,0.0,0.0,0.029,0.601,0.99
21117,17.797122685873575,14232.902987947333,0.0,0.0,0.021,0.601,0.987
21122,17.745710067153176,14162.338467861447,0.0,0.004,0.026,0.614,0.985
21128,17.8524977117727,14164.622953751625,0.0,0.0,0.02,0.614,0.976
21133,17.85380825686467,14287.263327625435,0.0,0.0,0.015,0.591,0.989
21136,17.84516806222477,14202.534190638786,0.0,0.0,0.033,0.607,0.986
21144,17.799376279961784,14161.025104164299,0.0,0.0,0.026,0.624,0.982
21146,17.8312258115109,14114.530241082004,0.0,0.0,0.02,0.626,0.975
21156,17.852482836964235,14187.176477255816,0.0,0.0,0.003,0.624,0.983
21162,17.8528777931044,14167.958183144388,0.0,0.0,0.019,0.615,0.981
21163,17.850077769477412,14225.442024555769,0.0,0.0,0.002,0.61,0.984
21201,17.489211300776923,13996.514680990467,0.0,0.0,0.068,0.625,0.983
21202,17.724491450822573,14173.863843043942,0.0,0.0,0.036,0.603,0.99
21204,17.850262598201216,14167.581894012379,0.0,0.0,0.03,0.62,0.981
21205,17.548965783085045,14050.693661109264,0.0,0.0,0.064,0.626,0.984
21206,17.784837015061274,14262.18401413055,0.0,0.0,0.016,0.623,0.992
21207,17.802675960479668,14284.187363679204,0.0,0.0,0.007,0.621,0.995
21208,17.848270079812945,14262.65243329152,0.0,0.0,0.011,0.606,0.988
21209,17.74953284029661,14170.906684020089,0.0,0.0,0.027,0.615,0.985
21210,17.76978193672787,14106.631524439264,0.0,0.0,0.028,0.621,0.976
21211,17.728913129405722,14191.714350331422,0.0,0.0,0.032,0.605,0.984
21212,17.78663238686284,14149.046308540615,0.0,0.0,0.019,0.625,0.978
21213,17.72968817719452,14213.910040227755,0.0,0.0,0.028,0.623,0.986
21214,17.739559545553305,14255.46438667804,0.0,0.0,0.025,0.635,0.993
21215,17.642545738901187,14126.690191927864,0.0,0.0,0.045,0.624,0.987
21216,17.708765950567447,14199.521682715176,0.0,0.0,0.032,0.632,0.991
21217,17.7232038321401,14178.19905342343,0.0,0.0,0.041,0.618,0.988
21218,17.727245643564675,14158.433007122068,0.0,0.0,0.041,0.62,0.983
21219,17.808810018938118,14228.92781117615,0.0,0.001,0.017,0.594,0.988
21220,17.796931482380746,14201.725715299533,0.0,0.0,0.035,0.628,0.982
21221,17.848700109141618,14287.172629400515,0.0,0.0,0.013,0.608,0.991
21222,17.79680939142781,14273.055092777378,0.0,0.0,0.021,0.607,0.997
21223,17.687509302700636,14158.552382657927,0.0,0.0,0.044,0.613,0.989
21224,17.762525351240413,14190.961840170708,0.0,0.0,0.034,0.623,0.989
21225,17.723894848758626,14190.677112902009,0.0,0.0,0.042,0.628,0.985
21226,17.741190729988688,14246.357361913942,0.0,0.0,0.026,0.62,0.994
21227,17.739138569735356,14178.492870386972,0.0,0.0,0.037,0.614,0.986
21228,17.851202090691103,14231.082462025326,0.0,0.0,0.017,0.6,0.984
21229,17.691010453048897,14189.135399586126,0.0,0.0,0.031,0.621,0.992
21230,17.73519126630263,14158.648161216299,0.0,0.0,0.035,0.628,0.985
21231,17.767242404019147,14162.420207868308,0.0,0.0,0.031,0.616,0.985
21234,17.807509315100017,14256.168255190803,0.0,0.0,0.022,0.613,0.994
21236,17.850112384339432,14293.815924021837,0.0,0.0,0.006,0.607,0.991
21237,17.804229853553075,14258.034223123608,0.0,0.0,0.012,0.608,0.989
21239,17.69448947311984,14193.203680606128,0.0,0.0,0.038,0.618,0.989
21244,17.75508501463249,14238.86012070275,0.0,0.0,0.02,0.611,0.99
21286,17.719036562049602,14137.094260542806,0.0,0.0,0.034,0.619,0.985
21502,24.62841547288668,15168.087997070841,0.0,0.0,0.0,0.05,0.98
21529,24.624822275476607,15127.461797614878,0.0,0.0,0.0,0.069,0.974
21545,24.627860659416577,15124.21315383716,0.0,0.0,0.0,0.065,0.977
21713,23.746274524871822,15060.272426922973,0.0,0.0,0.0,0.072,0.975
21722,23.752493389477994,15084.913718101572,0.0,0.0,0.0,0.066,0.977
21733,23.749546445024052,15076.580146419881,0.0,0.0,0.0,0.062,0.974
21734,17.11818435979392,14192.099176641834,0.0,0.0,0.012,0.803,0.996
21740,23.753614321727696,15082.073280135271,0.0,0.0,0.0,0.045,0.983
21742,23.75495012917553,15063.984275626839,0.0,0.0,0.0,0.071,0.973
21767,23.75397262773638,15033.26667940718,0.0,0.0,0.0,0.076,0.975
21795,23.751748038855848,15044.303320245182,0.0,0.0,0.0,0.088,0.961
21801,14.795690952985513,13549.313761590849,0.0,0.0,0.055,0.964,0.996
21804,14.745376711428294,13549.975875031878,0.0,0.0,0.05,0.973,0.994
21810,14.878936812795633,13759.860852664862,0.0,0.0,0.0,1.0,1.0
21822,14.769387344363658,13592.562378165358,0.0,0.002,0.036,0.97,0.997
21826,14.805758652129056,13624.359885143906,0.0,0.0,0.036,0.977,0.996
21830,14.878827174551224,13619.682998361148,0.0,0.0,0.044,0.958,0.999
21837,14.831866767082422,13662.00892422352,0.0,0.002,0.025,0.981,0.999
21849,14.834374192378993,13611.443623357565,0.0,0.002,0.037,0.966,0.998
21856,14.879176697019643,13653.59115044752,0.0,0.0,0.03,0.959,0.996
21875,14.861818293241404,13701.41802136455,0.0,0.0,0.014,0.987,0.999
3901,10.624640744790323,11117.88615394675,0.0,0.0,0.036,0.151,0.976
3903,10.62350199651234,11154.854057929502,0.0,0.0,0.018,0.166,0.976
3904,10.595059884595727,11125.50061429161,0.0,0.002,0.028,0.138,0.982
3905,10.624455850736151,11131.999437511915,0.0,0.0,0.025,0.167,0.967
3906,10.599746566707317,11139.532664289356,0.0,0.002,0.021,0.157,0.978
3908,10.605125360843532,11082.233713967835,0.0,0.001,0.035,0.176,0.968
3909,10.613973695953947,11045.776879510326,0.0,0.0,0.037,0.186,0.967
4005,10.583830000944108,11103.792105636276,0.0,0.008,0.026,0.126,0.979
4038,10.600978691180362,11109.940362698828,0.0,0.0,0.019,0.191,0.968
4046,10.599881713977236,11019.588137706653,0.0,0.002,0.044,0.152,0.961
4062,10.614680766831306,11111.562050311233,0.0,0.0,0.03,0.165,0.968
4063,10.607922386259844,11029.39965313303,0.0,0.0,0.046,0.185,0.966
4064,10.604434304772159,11116.945543835023,0.0,0.0,0.034,0.143,0.98
4072,10.62873994031948,11137.287209615308,0.0,0.0,0.031,0.151,0.974
4074,10.59237293461181,10989.3559076516,0.0,0.0,0.05,0.228,0.956
4092,10.577181102656404,11189.75222543043,0.0,0.004,0.014,0.125,0.987
4093,10.62191641577789,11213.283183934287,0.0,0.0,0.014,0.119,0.983
4101,10.55544961662795,10995.3942671329,0.0,0.001,0.042,0.189,0.974
4102,10.604960567638607,11082.09906350105,0.0,0.0,0.031,0.173,0.974
4103,10.590829842970779,11100.100105924832,0.0,0.001,0.03,0.164,0.977
4105,10.599411828247261,10829.144436016151,0.0,0.0,0.086,0.275,0.924
4106,10.601141336113349,11132.52714768234,0.0,0.0,0.027,0.151,0.976
4107,10.59477132113164,10885.438025000674,0.0,0.0,0.069,0.268,0.936
4108,10.578447465511505,10820.491342799478,0.0,0.0,0.077,0.253,0.942
4210,10.855654181275426,11255.860308204421,0.0,0.0,0.022,0.099,0.974
4236,10.853304255167682,11278.019063666552,0.0,0.0,0.019,0.101,0.978
4240,10.802011367255233,11209.754462381192,0.0,0.008,0.028,0.094,0.983
4250,10.860327823107601,11361.412090108792,0.0,0.0,0.007,0.073,0.993
4252,10.848094943610976,11349.729688453166,0.0,0.0,0.011,0.049,0.99
4258,10.857789589109986,11322.512713574111,0.0,0.0,0.015,0.068,0.976
4274,10.831869192887767,11208.070115575129,0.0,0.004,0.027,0.1,0.971
4280,10.843749747922265,11299.25993256342,0.0,0.003,0.017,0.09,0.98
4330,10.836104757638655,11245.068300570296,0.0,0.007,0.026,0.077,0.984
4344,10.853298515152767,11211.749693943571,0.0,0.001,0.031,0.118,0.977
4345,10.862149991029455,11316.104040685374,0.0,0.0,0.013,0.093,0.984
4346,10.865775063063362,11285.731831031586,0.0,0.0,0.018,0.088,0.985
4347,10.833630755698238,11115.780135298866,0.0,0.0,0.05,0.117,0.969
4351,10.845957005608614,11280.401107881195,0.0,0.0,0.022,0.094,0.982
4401,12.276944994549151,11823.78536200557,0.0,0.0,0.019,0.064,0.965
4411,12.295299156811774,11948.179290353153,0.0,0.0,0.007,0.021,0.992
4412,12.305403149025725,11899.53690453583,0.0,0.0,0.008,0.048,0.982
4428,12.325885818808759,11931.664968700525,0.0,0.0,0.006,0.037,0.975
4429,12.30697053747146,11809.033693074793,0.0,0.0,0.012,0.092,0.946
4444,12.271879113841994,11824.085878344935,0.0,0.003,0.01,0.074,0.961
4473,12.312065851556827,11858.033427758775,0.0,0.0,0.001,0.079,0.961
4474,12.326518039595712,11885.682904996655,0.0,0.0,0.005,0.068,0.959
4605,12.269715352456766,11851.966104213909,0.0,0.0,0.014,0.056,0.969
4609,12.288666847370553,11890.54182722444,0.0,0.0,0.003,0.059,0.971
4612,12.290376735012323,11916.736863518414,0.0,0.0,0.001,0.045,0.976
4646,12.290962085104702,11875.476164595198,0.0,0.0,0.001,0.063,0.97
4653,12.285166150047548,11986.700364359154,0.0,0.0,0.0,0.01,0.993
4660,12.288502075612119,11762.777013755054,0.0,0.0,0.016,0.105,0.943
4662,12.290938046175507,11744.793455814934,0.0,0.0,0.009,0.127,0.926
4674,12.291218887547807,11951.674034741018,0.0,0.0,0.005,0.022,0.987
4679,12.251909151716054,11830.905316572573,0.0,0.0,0.016,0.067,0.967
48009,14.280657061602875,13047.371133660105,0.0,0.0,0.0,0.0,0.0
48015,14.325675195297315,13364.674872911128,0.0,0.0,0.0,0.0,0.0
48017,14.297232415143984,13320.360323156057,0.0,0.0,0.0,0.0,0.0
48021,14.285076999599093,13298.194408134987,0.0,0.0,0.0,0.0,0.0
48025,14.301467288369249,13100.220932167967,0.0,0.0,0.0,0.0,0.0
48026,14.316589176955182,13363.76515706975,0.0,0.0,0.0,0.0,0.0
48030,14.311323814746101,13345.906746632494,0.0,0.0,0.0,0.0,0.0
48033,14.294229684605384,13329.18060192187,0.0,0.0,0.0,0.0,0.0
48034,14.303508532575844,13351.945529083237,0.0,0.0,0.0,0.0,0.0
48035,14.283162363769074,13296.814772436664,0.0,0.0,0.0,0.0,0.0
48036,14.274341005262881,13280.657742984,0.0,0.0,0.0,0.0,0.0
48038,14.308357597008252,13295.231018393912,0.0,0.0,0.0,0.0,0.0
48040,14.548405198910412,13445.86122453489,0.0,0.0,0.0,0.0,0.0
48042,14.310503041391259,13250.540773332352,0.0,0.0,0.0,0.0,0.0
48043,14.283788810525358,13347.833987070468,0.0,0.0,0.0,0.0,0.0
48044,14.315242762273584,13284.127440396775,0.0,0.0,0.0,0.0,0.0
48045,14.269901247024922,13268.8136129432,0.0,0.0,0.0,0.0,0.0
48047,14.28746957608655,13289.084845602718,0.0,0.0,0.0,0.0,0.0
48048,14.29982097125206,13334.423594276512,0.0,0.0,0.0,0.0,0.0
48049,14.552432293606362,13413.918533475442,0.0,0.0,0.0,0.0,0.0
48051,14.293740827311547,13301.895031548785,0.0,0.0,0.0,0.0,0.0
48059,14.557130292068376,13414.012866536114,0.0,0.0,0.0,0.0,0.0
48060,14.518382027374951,13367.880312324238,0.0,0.0,0.0,0.0,0.0
48066,14.309809480013197,13314.85039066711,0.0,0.0,0.0,0.0,0.0
48067,14.2865928945271,13212.353313713515,0.0,0.0,0.0,0.0,0.0
48069,14.309070354305513,13074.09956700011,0.0,0.0,0.0,0.0,0.0
48070,14.29654022735653,13070.265764256246,0.0,0.0,0.0,0.0,0.0
48071,14.2604262012017,13321.915550777127,0.0,0.0,0.0,0.0,0.0
48072,14.305179349013699,13297.8711971378,0.0,0.0,0.0,0.0,0.0
48073,14.30705381984306,13310.395667669221,0.0,0.0,0.0,0.0,0.0
48074,14.547883863220012,13448.745116444334,0.0,0.0,0.0,0.0,0.0
48075,14.240878266088586,13273.404970292137,0.0,0.0,0.0,0.0,0.0
48076,14.268806042408249,13269.484923118995,0.0,0.0,0.0,0.0,0.0
48079,14.532610100133057,13383.579281016868,0.0,0.0,0.0,0.0,0.0
48080,14.268604264135748,13282.490221076005,0.0,0.0,0.0,0.0,0.0
48081,14.31930343755316,13350.442419700355,0.0,0.0,0.0,0.0,0.0
48082,14.313710185649049,13392.470145882848,0.0,0.0,0.0,0.0,0.0
48083,14.288279840133356,13312.022040201622,0.0,0.0,0.0,0.0,0.0
48084,14.280443779563877,13241.15873792977,0.0,0.0,0.0,0.0,0.0
48085,14.294449188657442,13164.549098043908,0.0,0.0,0.0,0.0,0.0
48088,14.311958553742159,13363.08596566014,0.0,0.0,0.0,0.0,0.0
48089,14.274709133896435,13311.787851384848,0.0,0.0,0.0,0.0,0.0
48091,14.26625524209928,13281.648922272021,0.0,0.0,0.0,0.0,0.0
48092,14.307455660509662,13311.652566154744,0.0,0.0,0.0,0.0,0.0
48093,14.274419169524254,13286.052607717587,0.0,0.0,0.0,0.0,0.0
48094,14.298424960222972,13251.439060213417,0.0,0.0,0.0,0.0,0.0
48095,14.314590829442517,13251.88258495061,0.0,0.0,0.0,0.0,0.0
48096,14.275632266018931,13270.82712765272,0.0,0.0,0.0,0.0,0.0
48098,14.274984204348723,13078.314575228838,0.0,0.0,0.0,0.0,0.0
48101,14.272587253078404,13296.128669621115,0.0,0.0,0.0,0.0,0.0
48103,14.20466142577667,13139.179514079407,0.0,0.0,0.0,0.0,0.0
48104,14.196570015065403,13079.010290763277,0.0,0.0,0.0,0.0,0.0
48105,14.102348717800208,12996.29035698944,0.0,0.0,0.0,0.0,0.0
48108,14.18748246445197,13206.945879180394,0.0,0.0,0.0,0.0,0.0
48109,14.153538345732976,13215.044568728175,0.0,0.0,0.0,0.0,0.0
48111,14.256904435503763,13236.226317674478,0.0,0.0,0.0,0.0,0.0
48114,14.301098899951613,13262.2469737404,0.0,0.0,0.0,0.0,0.0
48116,14.283204529853275,13230.64723750316,0.0,0.0,0.0,0.0,0.0
48117,14.228487025235303,13243.845487743132,0.0,0.0,0.0,0.0,0.0
48120,14.194264091350094,13032.515398345258,0.0,0.0,0.0,0.0,0.0
48122,14.254550910501884,13190.204656061207,0.0,0.0,0.0,0.0,0.0
48124,14.227387463972475,13236.659830179951,0.0,0.0,0.0,0.0,0.0
48125,14.23585846092969,13224.748223404493,0.0,0.0,0.0,0.0,0.0
48126,14.249115531471588,13212.433703480165,0.0,0.0,0.0,0.0,0.0
48127,14.2730360520742,13262.60704440827,0.0,0.0,0.0,0.0,0.0
48128,14.273421990016894,13275.588761973386,0.0,0.0,0.0,0.0,0.0
48130,14.200352926729021,13184.510345743844,0.0,0.0,0.0,0.0,0.0
48133,14.457137477709628,13416.406208809607,0.0,0.0,0.0,0.0,0.0
48134,14.285879418675643,13324.102702059738,0.0,0.0,0.0,0.0,0.0
48135,14.273025520744909,13345.559371518368,0.0,0.0,0.0,0.0,0.0
48138,14.2670018293209,13174.512582120487,0.0,0.0,0.0,0.0,0.0
48139,14.32584810774905,13449.385234223379,0.0,0.0,0.0,0.0,0.0
48141,14.283702148001096,13286.143067050809,0.0,0.0,0.0,0.0,0.0
48144,14.433355371065375,13330.56142446687,0.0,0.0,0.0,0.0,0.0
48146,14.29007105114692,13341.021646130435,0.0,0.0,0.0,0.0,0.0
48150,14.284936427914406,13361.038084891929,0.0,0.0,0.0,0.0,0.0
48152,14.25393065424022,13243.664906541335,0.0,0.0,0.0,0.0,0.0
48154,14.288780132893057,13328.183847754526,0.0,0.0,0.0,0.0,0.0
48157,14.487063177652768,13333.983999523305,0.0,0.0,0.0,0.0,0.0
48161,14.432564950522556,13376.844693638835,0.0,0.0,0.0,0.0,0.0
48162,14.2239245496348,13248.210909422625,0.0,0.0,0.0,0.0,0.0
48164,14.28789017659288,13301.671965307502,0.0,0.0,0.0,0.0,0.0
48165,14.283057919414775,13247.004829253114,0.0,0.0,0.0,0.0,0.0
48166,14.254972139432283,13329.713012774711,0.0,0.0,0.0,0.0,0.0
48167,14.265701058613498,13167.240568663648,0.0,0.0,0.0,0.0,0.0
48168,14.28663323278293,13114.31027841458,0.0,0.0,0.0,0.0,0.0
48169,14.534717234264516,13324.553198653632,0.0,0.0,0.0,0.0,0.0
48170,14.273388275555996,13206.214439812875,0.0,0.0,0.0,0.0,0.0
48173,14.286873073097796,13350.021875931303,0.0,0.0,0.0,0.0,0.0
48174,14.253010158708543,13295.879172610092,0.0,0.0,0.0,0.0,0.0
48176,14.198713287331609,13244.741649281688,0.0,0.0,0.0,0.0,0.0
48178,14.302548610614627,13154.317234940941,0.0,0.0,0.0,0.0,0.0
48179,14.249201008590905,13291.595426470662,0.0,0.0,0.0,0.0,0.0
48180,14.300191010724562,13354.002272203099,0.0,0.0,0.0,0.0,0.0
48182,14.464949072006126,13400.91512122159,0.0,0.0,0.0,0.0,0.0
48183,14.263006226639504,13310.78308458054,0.0,0.0,0.0,0.0,0.0
48184,14.285183219886964,13337.924580285078,0.0,0.0,0.0,0.0,0.0
48185,14.23627533254545,13291.113854727118,0.0,0.0,0.0,0.0,0.0
48186,14.267437385766232,13305.07387750161,0.0,0.0,0.0,0.0,0.0
48187,14.269606667432825,13207.604688826359,0.0,0.0,0.0,0.0,0.0
48188,14.269712489700058,13222.837430896681,0.0,0.0,0.0,0.0,0.0
48189,14.232994736251584,13268.756909638001,0.0,0.0,0.0,0.0,0.0
48192,14.210167118143342,13254.192987930508,0.0,0.0,0.0,0.0,0.0
48193,14.281767549194635,13307.821105420988,0.0,0.0,0.0,0.0,0.0
48195,14.244127578185598,13287.140070843738,0.0,0.0,0.0,0.0,0.0
48197,14.202687165574797,13285.438902083799,0.0,0.0,0.0,0.0,0.0
48198,14.194922664700034,13304.477272284383,0.0,0.0,0.0,0.0,0.0
48201,14.713822011189295,13319.894180612395,0.0,0.0,0.0,0.0,0.0
48202,14.250389357733544,13136.924098245276,0.0,0.0,0.0,0.0,0.0
48203,14.289823834921373,13234.874569616097,0.0,0.0,0.0,0.0,0.0
48204,14.234224313657435,13111.464844635848,0.0,0.0,0.0,0.0,0.0
48205,14.26054175946958,13263.784890247507,0.0,0.0,0.0,0.0,0.0
48206,14.252983470211307,13165.356098366488,0.0,0.0,0.0,0.0,0.0
48207,14.718827199967949,13414.012162840376,0.0,0.0,0.0,0.0,0.0
48208,14.650229479747088,13192.835810451672,0.0,0.0,0.0,0.0,0.0
48209,14.270183454324496,13239.758075367034,0.0,0.0,0.0,0.0,0.0
48210,14.256240595724572,13190.777442198152,0.0,0.0,0.0,0.0,0.0
48211,14.285750584797086,13256.513393026158,0.0,0.0,0.0,0.0,0.0
48212,14.29173165675392,13282.252449784357,0.0,0.0,0.0,0.0,0.0
48213,14.598885200866262,13218.773123672536,0.0,0.0,0.0,0.0,0.0
48214,14.673714838066841,13289.011915964722,0.0,0.0,0.0,0.0,0.0
48215,14.247001357612547,13223.269072386203,0.0,0.0,0.0,0.0,0.0
48216,14.616764460447058,13267.108348761089,0.0,0.0,0.0,0.0,0.0
48217,14.25116247258169,13230.167011637237,0.0,0.0,0.0,0.0,0.0
48218,14.200160957094944,13097.847242821232,0.0,0.0,0.0,0.0,0.0
48219,14.274348600236342,13242.065897168659,0.0,0.0,0.0,0.0,0.0
48220,14.291669305902259,13304.141295518297,0.0,0.0,0.0,0.0,0.0
48221,14.288753183038787,13305.169824512914,0.0,0.0,0.0,0.0,0.0
48223,14.186807293266314,13203.137715304696,0.0,0.0,0.0,0.0,0.0
48224,14.2200875618494,13189.720668188778,0.0,0.0,0.0,0.0,0.0
48225,14.274697976292414,13314.248519026298,0.0,0.0,0.0,0.0,0.0
48226,14.669203951664276,13345.452263018797,0.0,0.0,0.0,0.0,0.0
48227,14.642034417500936,13227.30759253471,0.0,0.0,0.0,0.0,0.0
48228,14.24017488060767,13165.436624404714,0.0,0.0,0.0,0.0,0.0
48229,14.26032989842709,13276.276134068716,0.0,0.0,0.0,0.0,0.0
48230,14.27199748973833,13138.238732871812,0.0,0.0,0.0,0.0,0.0
48234,14.24634505674965,13197.067575991457,0.0,0.0,0.0,0.0,0.0
48235,14.233696008869769,13195.779423366359,0.0,0.0,0.0,0.0,0.0
48236,14.277970853202572,13170.10063343581,0.0,0.0,0.0,0.0,0.0
48237,14.281399202464756,13336.771378762363,0.0,0.0,0.0,0.0,0.0
48238,14.18661749672516,13055.54670254592,0.0,0.0,0.0,0.0,0.0
48239,14.298063402618709,13342.032332011659,0.0,0.0,0.0,0.0,0.0
48240,14.292439987105853,13399.47845667874,0.0,0.0,0.0,0.0,0.0
48301,14.280572862839573,13043.94907995805,0.0,0.0,0.0,0.0,0.0
48302,14.26252214310591,13002.384321296697,0.0,0.0,0.0,0.0,0.0
48304,14.304770469227062,13122.896961483335,0.0,0.0,0.0,0.0,0.0
48306,14.286301581626262,13099.83982937767,0.0,0.0,0.0,0.0,0.0
48307,14.270194573800902,13238.688715097907,0.0,0.0,0.0,0.0,0.0
48309,14.304103398764251,13210.904484621602,0.0,0.0,0.0,0.0,0.0
48310,14.29329005717462,13314.530136727672,0.0,0.0,0.0,0.0,0.0
48312,14.319815067000222,13340.982942348224,0.0,0.0,0.0,0.0,0.0
48313,14.301834198617001,13318.78496693661,0.0,0.0,0.0,0.0,0.0
48314,14.315452915749079,13339.239831783862,0.0,0.0,0.0,0.0,0.0
48315,14.294213951853939,13231.70776392963,0.0,0.0,0.0,0.0,0.0
48316,14.314314982527002,13298.123339750837,0.0,0.0,0.0,0.0,0.0
48317,14.319099966211475,13355.164048084653,0.0,0.0,0.0,0.0,0.0
48320,14.27707509731467,13227.461492118986,0.0,0.0,0.0,0.0,0.0
48322,14.275706394232506,13177.01785139094,0.0,0.0,0.0,0.0,0.0
48323,14.286170312226965,13106.1038392537,0.0,0.0,0.0,0.0,0.0
48324,14.296213408682293,13164.02017518149,0.0,0.0,0.0,0.0,0.0
48326,14.31042951896331,13322.86357875179,0.0,0.0,0.0,0.0,0.0
48327,14.286690659107709,13318.238536153622,0.0,0.0,0.0,0.0,0.0
48328,14.309515506780945,13309.448704268962,0.0,0.0,0.0,0.0,0.0
48329,14.265671392282949,13288.949784609305,0.0,0.0,0.0,0.0,0.0
48331,14.303536960575354,13263.08448726049,0.0,0.0,0.0,0.0,0.0
48334,14.266872660812595,13235.202720286647,0.0,0.0,0.0,0.0,0.0
48335,14.300391661926565,13314.55183915673,0.0,0.0,0.0,0.0,0.0
48336,14.307495992208139,13299.576360194364,0.0,0.0,0.0,0.0,0.0
48340,14.242643448659443,13253.60721817905,0.0,0.0,0.0,0.0,0.0
48341,14.254366247314046,13203.722967780204,0.0,0.0,0.0,0.0,0.0
48342,14.281933063638846,13198.412443311312,0.0,0.0,0.0,0.0,0.0
48346,14.292259623981623,13274.617323366521,0.0,0.0,0.0,0.0,0.0
48348,14.293827185127284,13185.884447995462,0.0,0.0,0.0,0.0,0.0
48350,14.299580224990374,13288.012740201939,0.0,0.0,0.0,0.0,0.0
48353,14.333955795028057,13296.661288532265,0.0,0.0,0.0,0.0,0.0
48359,14.284213679433893,13283.479825617605,0.0,0.0,0.0,0.0,0.0
48360,14.306915460122793,13221.360851474661,0.0,0.0,0.0,0.0,0.0
48363,14.310608072450508,13144.857321342626,0.0,0.0,0.0,0.0,0.0
48374,14.305105578614155,13063.813551474379,0.0,0.0,0.0,0.0,0.0
48375,14.266721390551757,13222.883123702677,0.0,0.0,0.0,0.0,0.0
48377,14.308235853039507,13338.331224643918,0.0,0.0,0.0,0.0,0.0
48380,14.321203642755979,13217.003428695252,0.0,0.0,0.0,0.0,0.0
48381,14.29204235971087,13200.029106998409,0.0,0.0,0.0,0.0,0.0
48382,14.276835404112521,13184.856892998783,0.0,0.0,0.0,0.0,0.0
48383,14.29790658586725,13275.517447978507,0.0,0.0,0.0,0.0,0.0
48386,14.276732838680765,13266.742476050234,0.0,0.0,0.0,0.0,0.0
48390,14.280998832083398,13295.317012847363,0.0,0.0,0.0,0.0,0.0
48393,14.268898693514338,13266.152108580278,0.0,0.0,0.0,0.0,0.0
48415,14.736714216848856,13441.92958472313,0.0,0.0,0.0,0.0,0.0
48420,14.692935409714911,13405.853600659182,0.0,0.0,0.0,0.0,0.0
48421,14.715473477225396,13493.232419403897,0.0,0.0,0.0,0.0,0.0
48423,14.725875126247995,13446.786616180736,0.0,0.0,0.0,0.0,0.0
48430,14.729697099379198,13424.963685973538,0.0,0.0,0.0,0.0,0.0
48433,14.736112172825013,13482.678826331032,0.0,0.0,0.0,0.0,0.0
48436,14.707127453912946,13419.402066780503,0.0,0.0,0.0,0.0,0.0
48437,14.72763422542639,13538.38242506076,0.0,0.0,0.0,0.0,0.0
48438,14.745995504709212,13409.048075544008,0.0,0.0,0.0,0.0,0.0
48439,14.73952839296031,13409.65099576443,0.0,0.0,0.0,0.0,0.0
48442,14.71699051125943,13411.280631165751,0.0,0.0,0.0,0.0,0.0
48457,14.730412129771842,13477.713452722717,0.0,0.0,0.0,0.0,0.0
48458,14.724822262225203,13451.682197621882,0.0,0.0,0.0,0.0,0.0
48463,14.726791261178661,13520.188672595898,0.0,0.0,0.0,0.0,0.0
48473,14.739009287128697,13477.37127648498,0.0,0.0,0.0,0.0,0.0
48502,14.692384672594356,13441.187129923579,0.0,0.0,0.0,0.0,0.0
48503,14.656420034706603,13287.085031246324,0.0,0.0,0.0,0.0,0.0
48504,14.66804530310423,13243.366723720754,0.0,0.0,0.0,0.0,0.0
48505,14.612803542944356,13112.170914545251,0.0,0.0,0.0,0.0,0.0
48506,14.674895968113127,13339.98314548718,0.0,0.0,0.0,0.0,0.0
48507,14.671286899778885,13354.131486372838,0.0,0.0,0.0,0.0,0.0
48509,14.679815805444065,13384.989811680685,0.0,0.0,0.0,0.0,0.0
48519,14.733008646743187,13505.105113658105,0.0,0.0,0.0,0.0,0.0
48529,14.682529100636959,13383.552343143692,0.0,0.0,0.0,0.0,0.0
48532,14.669969182330993,13420.483983748527,0.0,0.0,0.0,0.0,0.0
48601,14.747219575174057,13462.028236125201,0.0,0.0,0.0,0.0,0.0
48602,14.680469343796593,13375.075264475363,0.0,0.0,0.0,0.0,0.0
48603,14.70649776499642,13405.115004965875,0.0,0.0,0.0,0.0,0.0
48604,14.667753872548369,13355.447631088988,0.0,0.0,0.0,0.0,0.0
48607,14.672494851262808,13284.126539562953,0.0,0.0,0.0,0.0,0.0
48609,14.713402457224971,13449.69881937181,0.0,0.0,0.0,0.0,0.0
48623,14.72809158383083,13426.350938544816,0.0,0.0,0.0,0.0,0.0
48631,14.81937099259816,13457.187863225292,0.0,0.0,0.0,0.0,0.0
48638,14.723524219769324,13389.435756969377,0.0,0.0,0.0,0.0,0.0
48640,14.605731372819259,13330.861262085175,0.0,0.0,0.0,0.0,0.0
48642,14.61617543038366,13374.20626190532,0.0,0.0,0.0,0.0,0.0
48706,14.750397725978328,13392.992256962016,0.0,0.0,0.0,0.0,0.0
48708,14.828143624108964,13475.576366752855,0.0,0.0,0.0,0.0,0.0
48722,14.715967505955264,13454.201905247668,0.0,0.0,0.0,0.0,0.0
48724,14.724495407176212,13561.276244941766,0.0,0.0,0.0,0.0,0.0
48732,14.762468351203294,13416.167919237758,0.0,0.0,0.0,0.0,0.0
48746,14.736716214159442,13495.521013552707,0.0,0.0,0.0,0.0,0.0
48808,14.566504468657515,13327.34148223862,0.0,0.0,0.0,0.0,0.0
48813,14.649245810954957,13437.887767515569,0.0,0.0,0.0,0.0,0.0
48820,14.601500147377816,13414.558073963846,0.0,0.0,0.0,0.0,0.0
48821,14.662803196221608,13424.907945494717,0.0,0.0,0.0,0.0,0.0
48822,14.60035201961898,13404.642882854409,0.0,0.0,0.0,0.0,0.0
48823,14.662117889644055,13211.19549707554,0.0,0.0,0.0,0.0,0.0
48827,14.67168724516215,13464.803752734197,0.0,0.0,0.0,0.0,0.0
48837,14.66512286385274,13448.437766002606,0.0,0.0,0.0,0.0,0.0
48840,14.68828710985088,13419.824383427194,0.0,0.0,0.0,0.0,0.0
48842,14.66805810127694,13344.557959827776,0.0,0.0,0.0,0.0,0.0
48843,14.532233311839498,13404.23968396745,0.0,0.0,0.0,0.0,0.0
48848,14.589124935124323,13441.082445341546,0.0,0.0,0.0,0.0,0.0
48854,14.708415231164766,13448.748860343276,0.0,0.0,0.0,0.0,0.0
48855,14.51228058850934,13359.567488116261,0.0,0.0,0.0,0.0,0.0
48864,14.691882681677502,13306.83785001418,0.0,0.0,0.0,0.0,0.0
48876,14.668778344740339,13476.896761539841,0.0,0.0,0.0,0.0,0.0
48895,14.701412668262739,13352.622596405896,0.0,0.0,0.0,0.0,0.0
48906,14.663602060888033,13425.00852444898,0.0,0.0,0.0,0.0,0.0
48910,14.706419890134617,13463.91686585595,0.0,0.0,0.0,0.0,0.0
48911,14.728236282397098,13464.069308155758,0.0,0.0,0.0,0.0,0.0
48912,14.690814099724372,13447.347390344545,0.0,0.0,0.0,0.0,0.0
48915,14.905943781020571,13533.663669016152,0.0,0.0,0.0,0.0,0.0
48917,14.639183759721547,13409.289915206135,0.0,0.0,0.0,0.0,0.0
48933,14.875421181391655,13379.476696955931,0.0,0.0,0.0,0.0,0.0
49001,14.722707722805541,13479.414237257855,0.0,0.0,0.0,0.0,0.0
49002,14.727089779191024,13439.472818490673,0.0,0.0,0.0,0.0,0.0
49004,14.69847241906449,13430.146522298075,0.0,0.0,0.0,0.0,0.0
49006,14.705618458497678,13338.316991773954,0.0,0.0,0.0,0.0,0.0
49007,14.68315195347706,13269.79687648279,0.0,0.0,0.0,0.0,0.0
49008,14.711783599085138,13338.815540392217,0.0,0.0,0.0,0.0,0.0
49009,14.758130194343476,13429.377297903817,0.0,0.0,0.0,0.0,0.0
49010,14.783535850629285,13477.945425218337,0.0,0.0,0.0,0.0,0.0
49012,14.746982780927654,13460.957533520523,0.0,0.0,0.0,0.0,0.0
49014,14.696109970129372,13432.448418142507,0.0,0.0,0.0,0.0,0.0
49015,14.717095094043293,13440.096865999772,0.0,0.0,0.0,0.0,0.0
49017,14.71722783010983,13456.659642532137,0.0,0.0,0.0,0.0,0.0
49024,14.75996588853827,13421.86377118561,0.0,0.0,0.0,0.0,0.0
49033,14.728860792069064,13464.790060510039,0.0,0.0,0.0,0.0,0.0
49034,14.69110369810459,13440.209022567577,0.0,0.0,0.0,0.0,0.0
49037,14.697987659417961,13384.344427431786,0.0,0.0,0.0,0.0,0.0
49048,14.716886055765318,13459.530679452546,0.0,0.0,0.0,0.0,0.0
49051,14.727023798569153,13432.312094733097,0.0,0.0,0.0,0.0,0.0
49053,14.743143129912454,13470.912491650399,0.0,0.0,0.0,0.0,0.0
49083,14.732325410177637,13369.579052446223,0.0,0.0,0.0,0.0,0.0
49087,14.705221452149031,13407.429569178381,0.0,0.0,0.0,0.0,0.0
49088,14.748637486829443,13477.551925180598,0.0,0.0,0.0,0.0,0.0
49107,16.51093732583927,13908.306703982564,0.0,0.0,0.0,0.0,0.0
49112,16.568886525795122,13892.397520521572,0.0,0.0,0.0,0.0,0.0
49117,16.574679387636447,13754.904737278443,0.0,0.0,0.0,0.0,0.0
49120,16.54919488298528,13908.67928605301,0.0,0.0,0.0,0.0,0.0
49201,14.637687205072519,13400.086693571558,0.0,0.0,0.0,0.0,0.0
49202,14.592497538888894,13331.669699906515,0.0,0.0,0.0,0.0,0.0
49203,14.669841978935542,13450.904930138053,0.0,0.0,0.0,0.0,0.0
49221,14.534451071221142,13390.15938020128,0.0,0.0,0.0,0.0,0.0
49228,14.521019843350752,13438.49497101591,0.0,0.0,0.0,0.0,0.0
49254,14.632413380785675,13458.580635371722,0.0,0.0,0.0,0.0,0.0
49267,14.462227658866356,13330.619403994593,0.0,0.0,0.0,0.0,0.0
49270,14.460561736069318,13358.106431509084,0.0,0.0,0.0,0.0,0.0
49276,14.492272823295302,13431.26098676789,0.0,0.0,0.0,0.0,0.0
49277,14.657183575153155,13510.52609573342,0.0,0.0,0.0,0.0,0.0
49286,14.501427461104766,13388.578882645561,0.0,0.0,0.0,0.0,0.0
49301,14.727006309021363,13215.043833626702,0.0,0.0,0.0,0.0,0.0
49302,14.711388826914733,13432.21147541707,0.0,0.0,0.0,0.0,0.0
49306,14.725239071753453,13361.544429389065,0.0,0.0,0.0,0.0,0.0
49315,14.718501398180154,13426.023214350134,0.0,0.0,0.0,0.0,0.0
49316,14.71025598451785,13435.377929093738,0.0,0.0,0.0,0.0,0.0
49321,14.687383265996413,13452.93404898031,0.0,0.0,0.0,0.0,0.0
49331,14.723325880023395,13463.826935997946,0.0,0.0,0.0,0.0,0.0
49341,14.712835402441097,13452.303015522746,0.0,0.0,0.0,0.0,0.0
49345,14.72065894212187,13448.81613774089,0.0,0.0,0.0,0.0,0.0
49401,14.714186627322501,13423.895117187238,0.0,0.0,0.0,0.0,0.0
49403,14.752152826203767,13478.242187062078,0.0,0.0,0.0,0.0,0.0
49404,14.753102777161589,13495.47792320052,0.0,0.0,0.0,0.0,0.0
49406,14.784617967377432,13372.613515243755,0.0,0.0,0.0,0.0,0.0
49408,14.783031680499453,13475.144560502793,0.0,0.0,0.0,0.0,0.0
49415,14.738265669626282,13471.748070122698,0.0,0.0,0.0,0.0,0.0
49418,14.72921015589041,13458.30279848433,0.0,0.0,0.0,0.0,0.0
49419,14.776289488076083,13447.95471947296,0.0,0.0,0.0,0.0,0.0
49423,14.757361864469521,13442.595973180174,0.0,0.0,0.0,0.0,0.0
49424,14.755506651380715,13433.986111234319,0.0,0.0,0.0,0.0,0.0
49426,14.757633202299758,13429.242943839296,0.0,0.0,0.0,0.0,0.0
49428,14.759774262406632,13484.00936884857,0.0,0.0,0.0,0.0,0.0
49435,14.77127007736433,13424.797744654768,0.0,0.0,0.0,0.0,0.0
49440,14.73890423818235,13492.971563055618,0.0,0.0,0.0,0.0,0.0
49441,14.754063247290063,13471.305733800988,0.0,0.0,0.0,0.0,0.0
49442,14.727319628126724,13437.664667939222,0.0,0.0,0.0,0.0,0.0
49444,14.6983675542864,13400.423577162448,0.0,0.0,0.0,0.0,0.0
49445,14.761568956843815,13500.776966045172,0.0,0.0,0.0,0.0,0.0
49453,14.810200981366986,13372.692208293718,0.0,0.0,0.0,0.0,0.0
49456,14.764240259358507,13407.737849079229,0.0,0.0,0.0,0.0,0.0
49457,14.740592983703996,13450.191594975837,0.0,0.0,0.0,0.0,0.0
49460,14.755352488275614,13434.094401235589,0.0,0.0,0.0,0.0,0.0
49464,14.744329016882672,13436.01560845426,0.0,0.0,0.0,0.0,0.0
49503,14.691387309281744,13385.288837727085,0.0,0.0,0.0,0.0,0.0
49504,14.70793753714838,13447.000577654637,0.0,0.0,0.0,0.0,0.0
49505,14.679559074353314,13419.641388098631,0.0,0.0,0.0,0.0,0.0
49506,14.676295144458818,13354.651284064428,0.0,0.0,0.0,0.0,0.0
49507,14.710529199757069,13422.274130232747,0.0,0.0,0.0,0.0,0.0
49508,14.72478921761094,13467.446954772473,0.0,0.0,0.0,0.0,0.0
49509,14.710988074209451,13452.716715068229,0.0,0.0,0.0,0.0,0.0
49512,14.7237316832833,13421.221265327498,0.0,0.0,0.0,0.0,0.0
49519,14.728865538749417,13444.443601018605,0.0,0.0,0.0,0.0,0.0
49525,14.72206997651245,13458.043156762755,0.0,0.0,0.0,0.0,0.0
49534,14.729940224729761,13473.956860754728,0.0,0.0,0.0,0.0,0.0
49544,14.717886491888382,13470.63718707205,0.0,0.0,0.0,0.0,0.0
49546,14.700843550856838,13356.148650992116,0.0,0.0,0.0,0.0,0.0
49548,14.677519136601086,13450.410829862354,0.0,0.0,0.0,0.0,0.0
49621,15.142751623977293,13575.90440245332,0.0,0.0,0.0,0.0,0.0
49637,14.895198743562577,13554.80270680772,0.0,0.0,0.0,0.0,0.0
49649,14.914582805308244,13498.450188233632,0.0,0.0,0.0,0.0,0.0
49684,14.931688658707857,13466.859169308409,0.0,0.0,0.0,0.0,0.0
49685,14.880912037174792,13447.24171481737,0.0,0.0,0.0,0.0,0.0
49686,14.8885844407983,13449.284049984213,0.0,0.0,0.0,0.0,0.0
49690,14.883643800219298,13456.191637762431,0.0,0.0,0.0,0.0,0.0
49696,14.880710255045571,13555.01464441198,0.0,0.0,0.0,0.0,0.0
55001,16.325066116981674,13451.563912198784,0.0,0.0,0.0,0.0,0.0
55003,16.312690259128836,13571.690799115931,0.0,0.0,0.0,0.0,0.0
55009,16.152060181342232,13515.221213713758,0.0,0.0,0.0,0.0,0.0
55011,17.782002174922855,13886.682471717837,0.0,0.0,0.0,0.0,0.0
55014,16.22066591678758,13529.937026966018,0.0,0.0,0.0,0.0,0.001
55016,16.314127262738435,13551.303789438334,0.0,0.0,0.0,0.0,0.0
55020,16.258616702978422,13505.09997641605,0.0,0.0,0.0,0.0,0.0
55024,16.173899506098742,13534.423942590625,0.0,0.0,0.0,0.0,0.0
55025,16.3009834677763,13570.987827752368,0.0,0.0,0.0,0.0,0.0
55031,16.174256522719336,13539.329955546626,0.0,0.0,0.0,0.0,0.0
55033,16.151193044866627,13503.87651101674,0.0,0.0,0.0,0.0,0.0
55038,16.28111141043222,13549.62194799424,0.0,0.0,0.0,0.0,0.0
55042,16.325168433241025,13343.103783811328,0.0,0.0,0.0,0.0,0.0
55043,16.3197489835177,13543.202463385473,0.0,0.0,0.0,0.0,0.0
55044,16.18218467599667,13447.808110637478,0.0,0.0,0.0,0.0,0.0
55055,16.26122212449357,13548.118656367606,0.0,0.0,0.0,0.0,0.0
55068,16.174768856549232,13493.48463036431,0.0,0.0,0.0,0.0,0.0
55071,16.323853542142647,13589.98026805252,0.0,0.0,0.0,0.0,0.0
55075,16.15379823300513,13544.579356791324,0.0,0.0,0.0,0.0,0.0
55076,16.175225818366997,13549.32835833912,0.0,0.0,0.0,0.0,0.0
55077,16.18260134880949,13449.77470202813,0.0,0.0,0.0,0.0,0.0
55082,16.32325740580163,13491.627034833089,0.0,0.0,0.0,0.0,0.0
55085,16.17450744830519,13586.154292143829,0.0,0.0,0.0,0.0,0.0
55089,16.7138931783407,13522.394077135106,0.0,0.0,0.0,0.0,0.0
55090,16.331011880582206,13623.463244375587,0.0,0.0,0.0,0.0,0.0
55092,16.272722469377225,13598.529159656562,0.0,0.0,0.0,0.0,0.0
55101,16.315472933583774,13553.071891361129,0.0,0.0,0.0,0.0,0.0
55102,16.312790451988903,13557.364812023401,0.0,0.0,0.0,0.0,0.0
55103,16.31904033855784,13516.546928154723,0.0,0.0,0.0,0.0,0.0
55104,16.31415741296022,13509.633533783262,0.0,0.0,0.0,0.0,0.0
55105,16.31003743735904,13462.589265244478,0.0,0.0,0.0,0.0,0.0
55106,16.255660711993,13531.857504219592,0.0,0.0,0.0,0.0,0.0
55107,16.278788078092298,13504.682095116563,0.0,0.0,0.0,0.0,0.0
55108,16.305850723379155,13567.645935823804,0.0,0.0,0.0,0.0,0.0
55109,16.242930347093857,13521.267074258449,0.0,0.0,0.0,0.0,0.0
55110,16.296808016851212,13543.28306230229,0.0,0.0,0.0,0.0,0.0
55112,16.28139379875112,13544.798638864419,0.0,0.0,0.0,0.0,0.0
55113,16.278499294253802,13538.740229612622,0.0,0.0,0.0,0.0,0.0
55114,16.297048772506876,13504.324905191223,0.0,0.0,0.0,0.0,0.0
55115,16.30705871398112,13417.416309935286,0.0,0.0,0.0,0.0,0.0
55116,16.244335806216867,13475.295371699607,0.0,0.0,0.0,0.0,0.0
55117,16.27057963285966,13562.246161768959,0.0,0.0,0.0,0.0,0.0
55118,16.182051084260582,13540.612058169998,0.0,0.0,0.0,0.0,0.0
55119,16.279516094951134,13570.610894307247,0.0,0.0,0.0,0.0,0.0
55120,16.17177503929926,13455.742065801403,0.0,0.0,0.0,0.0,0.0
55121,16.179359457307555,13538.875680570121,0.0,0.0,0.0,0.0,0.0
55122,16.18375294003017,13532.204068012326,0.0,0.0,0.0,0.0,0.0
55123,16.17137779668569,13455.384442808801,0.0,0.0,0.0,0.0,0.0
55124,16.17799399381371,13507.604541017745,0.0,0.0,0.0,0.0,0.0
55125,16.318031821138025,13508.826209285797,0.0,0.0,0.0,0.0,0.0
55126,16.30834317093238,13553.3407266755,0.0,0.0,0.0,0.0,0.0
55127,16.303971112399022,13450.426987655312,0.0,0.0,0.0,0.0,0.0
55128,16.315602637852525,13555.968455176378,0.0,0.0,0.0,0.0,0.0
55129,16.31336286374753,13441.255912827311,0.0,0.0,0.0,0.0,0.0
55130,16.334327496490573,13552.314249166984,0.0,0.0,0.0,0.0,0.0
55150,16.16626661656182,13512.84518451183,0.0,0.0,0.0,0.0,0.0
55301,16.30397611904927,13577.588342958565,0.0,0.0,0.0,0.0,0.0
55303,17.793898057084235,13894.600385365138,0.0,0.0,0.0,0.0,0.0
55304,17.78912716112642,13829.769887225008,0.0,0.0,0.0,0.0,0.0
55305,16.221004922770245,13470.71633080044,0.0,0.0,0.0,0.0,0.0
55306,16.17295497658844,13581.349271959725,0.0,0.0,0.0,0.0,0.0
55309,16.23822077960839,13571.929352695128,0.0,0.0,0.0,0.0,0.0
55311,16.214294652423664,13414.492572957744,0.0,0.0,0.0,0.0,0.0
55313,16.309939257163062,13562.363743002445,0.0,0.0,0.0,0.0,0.0
55315,16.348464951906738,13526.212634145504,0.0,0.0,0.0,0.0,0.0
55316,16.222084099310557,13520.746366285359,0.0,0.0,0.0,0.0,0.0
55317,16.363599873598737,13450.306617546552,0.0,0.0,0.0,0.0,0.0
55318,16.368384488251557,13535.210466328323,0.0,0.0,0.0,0.0,0.0
55322,16.354985178737884,13549.472842651676,0.0,0.0,0.0,0.0,0.0
55327,16.21574418519922,13411.468473177612,0.0,0.0,0.0,0.0,0.0
55330,16.26386662131486,13595.408881149728,0.0,0.0,0.0,0.0,0.0
55331,16.26154592000107,13348.436818890781,0.0,0.0,0.0,0.0,0.0
55337,16.182993449790562,13527.780209523244,0.0,0.0,0.0,0.0,0.0
55340,16.22794610475417,13318.344189439627,0.0,0.0,0.0,0.0,0.0
55341,16.289810783381036,13465.696119457538,0.0,0.0,0.0,0.0,0.0
55343,16.224774605498858,13536.545148636826,0.0,0.0,0.0,0.0,0.0
55344,16.169944656915636,13541.495838769832,0.0,0.0,0.001,0.002,0.002
55345,16.222936723870454,13427.325581122695,0.0,0.0,0.0,0.0,0.0
55346,16.223022869855363,13401.123477360963,0.0,0.0,0.0,0.0,0.0
55347,16.220371709939904,13377.970941394986,0.0,0.0,0.0,0.0,0.001
55352,16.26689645062404,13504.449627340251,0.0,0.0,0.0,0.0,0.0
55356,16.215972952831752,13251.301574548539,0.0,0.0,0.0,0.0,0.0
55357,16.218452882763316,13359.813017684974,0.0,0.0,0.0,0.0,0.0
55359,16.214688603654437,13398.069519082974,0.0,0.0,0.0,0.0,0.0
55362,16.28292194614304,13556.24765614667,0.0,0.0,0.0,0.0,0.0
55364,16.193672977751337,13438.419654385834,0.0,0.0,0.0,0.0,0.0
55369,16.179777171872033,13496.76129676698,0.0,0.0,0.0,0.003,0.005
55372,16.259127561006245,13436.720745700297,0.0,0.0,0.0,0.0,0.0
55373,16.21787803007643,13527.097013083978,0.0,0.0,0.0,0.0,0.0
55374,16.226876760951395,13429.861079981938,0.0,0.0,0.0,0.0,0.0
55376,16.30361744390748,13541.14930653431,0.0,0.0,0.0,0.0,0.0
55378,16.238350455827284,13453.14727060161,0.0,0.0,0.0,0.0,0.0
55379,16.262370433613466,13485.582679998404,0.0,0.0,0.0,0.0,0.0
55384,17.76602564614619,13893.8568976176,0.0,0.0,0.0,0.0,0.0
55386,16.360232452499996,13403.25000294459,0.0,0.0,0.0,0.0,0.0
55387,16.35686906708399,13533.96588308493,0.0,0.0,0.0,0.0,0.0
55391,16.227519750148318,13336.644311432032,0.0,0.0,0.0,0.0,0.0
55401,16.216918385694836,13490.887572428439,0.0,0.0,0.0,0.0,0.0
55402,16.14887490528561,13478.223928446776,0.0,0.0,0.0,0.0,0.004
55403,16.188153360368773,13480.862782582752,0.0,0.0,0.0,0.0,0.0
55404,16.17584864405058,13456.806498797348,0.0,0.0,0.0,0.0,0.0
55405,16.190069470558363,13477.698194742357,0.0,0.0,0.0,0.0,0.0
55406,16.199448682594348,13483.357087154865,0.0,0.0,0.0,0.0,0.0
55407,16.246178508622013,13504.61083189537,0.0,0.0,0.0,0.0,0.0
55408,16.246466048393962,13515.115324935205,0.0,0.0,0.0,0.0,0.0
55409,16.17926551710184,13491.70148901436,0.0,0.0,0.0,0.0,0.0
55410,16.218379714223826,13382.805176539376,0.0,0.0,0.0,0.0,0.0
55411,16.253058793515578,13510.202854497144,0.0,0.0,0.0,0.0,0.0
55412,16.224958607725146,13555.730846652996,0.0,0.0,0.0,0.0,0.0
55413,16.22127270847444,13555.8056107759,0.0,0.0,0.0,0.0,0.0
55414,16.179367976308285,13409.450034217607,0.0,0.0,0.0,0.0,0.0
55415,16.22788160880901,13426.165822219553,0.0,0.0,0.0,0.0,0.0
55416,16.217432672229126,13506.76595067482,0.0,0.0,0.0,0.0,0.0
55417,16.18736623357276,13464.56607295666,0.0,0.0,0.0,0.0,0.0
55418,16.22033485537111,13527.611696685586,0.0,0.0,0.0,0.0,0.0
55419,16.221486171849346,13423.161267011134,0.0,0.0,0.0,0.0,0.0
55420,16.222908525345904,13574.44907385695,0.0,0.0,0.0,0.0,0.0
55421,16.22575023524919,13531.05851156983,0.0,0.0,0.0,0.0,0.0
55422,16.173830228328328,13476.933911577153,0.0,0.0,0.0,0.0,0.0
55423,16.224203722116357,13567.121897646111,0.0,0.0,0.0,0.0,0.0
55424,16.184761048287328,13209.338474004337,0.0,0.0,0.0,0.0,0.0
55425,16.23014072118484,13568.048932442103,0.0,0.0,0.0,0.0,0.0
55426,16.18807332204997,13510.261657042563,0.0,0.0,0.0,0.0,0.0
55427,16.22017379750888,13556.91349350597,0.0,0.0,0.0,0.0,0.0
55428,16.168382840005417,13531.531865750036,0.0,0.0,0.0,0.0,0.0
55429,16.167288667735765,13517.028555374969,0.0,0.0,0.0,0.0,0.0
55430,16.227374356543976,13595.980204114428,0.0,0.0,0.0,0.0,0.0
55431,16.21551660526776,13541.052894959437,0.0,0.0,0.0,0.0,0.0
55432,16.25195680704932,13585.832368768302,0.0,0.0,0.0,0.0,0.0
55433,16.215797277705878,13586.346740702811,0.0,0.0,0.0,0.0,0.0
55434,16.250087569801345,13582.46658161023,0.0,0.0,0.0,0.0,0.0
55435,16.239208098838503,13492.473219137199,0.0,0.0,0.0,0.0,0.0
55436,16.2202196273295,13382.444170827692,0.0,0.0,0.0,0.0,0.0
55437,16.21950031193128,13511.624904283119,0.0,0.0,0.0,0.0,0.0
55438,16.225393406459798,13485.278995600478,0.0,0.0,0.0,0.0,0.0
55439,16.209205350805238,13283.933718405235,0.0,0.0,0.0,0.0,0.0
55441,16.21934970950321,13491.961723845716,0.0,0.0,0.0,0.0,0.0
55442,16.220588015711716,13449.712576322945,0.0,0.0,0.0,0.0,0.0
55443,16.220546993931173,13553.063210266993,0.0,0.0,0.0,0.0,0.0
55444,16.22263786834281,13566.760971160033,0.0,0.0,0.0,0.0,0.0
55445,16.2155264133433,13573.80744143677,0.0,0.0,0.0,0.0,0.0
55446,16.215610223161605,13371.576082290729,0.0,0.0,0.0,0.0,0.0
55447,16.222776468395736,13447.07788611293,0.0,0.0,0.0,0.0,0.0
55448,16.244468933893856,13590.597133615049,0.0,0.0,0.0,0.0,0.0
55449,16.239651330500426,13473.255552029645,0.0,0.0,0.0,0.0,0.0
55454,16.247550898092527,13544.087685369346,0.0,0.0,0.0,0.0,0.0
55802,18.49253451326043,13849.12295394985,0.0,0.0,0.0,0.0,0.0
55803,18.460530255846137,14018.99331752211,0.0,0.0,0.0,0.0,0.0
55804,18.44718445889827,14003.26200446912,0.0,0.0,0.0,0.0,0.0
55805,18.4517777272601,14041.2226597143,0.0,0.0,0.0,0.0,0.0
55806,18.45549502862425,14016.121367478292,0.0,0.0,0.0,0.0,0.0
55807,18.47886565161528,13974.279631861134,0.0,0.0,0.0,0.0,0.0
55808,18.45423790001789,14055.911063298152,0.0,0.0,0.0,0.0,0.0
55810,18.450585635789764,14055.198608510535,0.0,0.0,0.0,0.0,0.0
55811,18.452487673187147,14018.741706519622,0.0,0.0,0.0,0.0,0.0
55812,18.464605208142547,13984.820676708008,0.0,0.0,0.0,0.0,0.0
55901,17.915540609136514,13933.95409485895,0.0,0.0,0.0,0.0,0.0
55902,17.91881263122344,13800.74120937693,0.0,0.0,0.0,0.0,0.0
55904,17.915821886687635,13930.146698824816,0.0,0.0,0.0,0.0,0.0
55906,16.36874635574789,13540.475585857923,0.0,0.0,0.0,0.0,0.0
55920,16.36501414827666,13541.319902413183,0.0,0.0,0.0,0.0,0.0
55925,16.37356999542254,13587.329767524388,0.0,0.0,0.0,0.0,0.0
55934,17.910163845542318,13950.09024749348,0.0,0.0,0.0,0.0,0.0
55947,16.40206642232557,13645.300032879892,0.0,0.0,0.0,0.0,0.0
55960,16.32199002076229,13479.702754315853,0.0,0.0,0.0,0.0,0.004
56001,16.3076686997998,13581.638219513807,0.0,0.0,0.0,0.0,0.0
56003,16.16052901821355,13556.344892903346,0.0,0.0,0.0,0.0,0.0
56011,16.255716112407324,13571.322325905976,0.0,0.0,0.0,0.0,0.0
56301,16.21626721279098,13537.743207401481,0.0,0.0,0.0,0.0,0.0
56303,16.246296308450766,13604.194727067383,0.0,0.0,0.0,0.0,0.0
56304,16.2570162245873,13575.214079958305,0.0,0.0,0.0,0.0,0.0
56310,18.336951392367983,14037.992556201025,0.0,0.0,0.0,0.0,0.0
56320,16.242164179961676,13603.793011002288,0.0,0.0,0.0,0.0,0.0
56374,16.255475935832397,13525.822938171252,0.0,0.0,0.0,0.0,0.0
56377,16.25181270188332,13549.655719318218,0.0,0.0,0.0,0.0,0.0
56379,18.378953539787855,14061.260239939014,0.0,0.0,0.0,0.0,0.0
56387,16.248188157942,13621.496808278573,0.0,0.0,0.0,0.0,0.0
56401,18.48349560748135,14044.312406335283,0.0,0.0,0.0,0.0,0.0
56425,18.47816411129742,14068.771732862715,0.0,0.0,0.0,0.0,0.0
56465,18.474472594178568,14085.437295199918,0.0,0.0,0.0,0.0,0.0
56468,18.476399477494837,14039.759453420233,0.0,0.0,0.0,0.0,0.0
56529,16.573082343802813,13642.707580162307,0.0,0.0,0.0,0.0,0.0
56547,16.572578983758156,13692.921105179677,0.0,0.0,0.0,0.0,0.0
56560,16.56373410953641,13582.682008077914,0.0,0.0,0.0,0.0,0.0
56580,16.557123842894285,13642.153898130711,0.0,0.0,0.0,0.0,0.0
56721,18.514132811384314,14046.179841911751,0.0,0.0,0.0,0.0,0.0
63005,20.99791881107663,13666.755932079717,0.0,0.0,0.0,0.0,0.111
63010,20.902320246719412,13931.719444521612,0.0,0.0,0.0,0.001,0.019
63011,20.98708955003517,13824.803868490208,0.0,0.0,0.0,0.004,0.058
63017,21.000909549650796,13766.303446553078,0.0,0.0,0.0,0.004,0.075
63021,20.987770408469196,13863.587333066815,0.0,0.0,0.0,0.0,0.045
63026,20.96089621082596,13895.309843505542,0.0,0.0,0.0,0.003,0.034
63031,20.99411408384378,13959.118888358156,0.0,0.0,0.0,0.0,0.017
63033,21.003352480657913,13947.660060315338,0.0,0.0,0.0,0.007,0.019
63034,20.991866034249853,13885.185760306078,0.0,0.0,0.0,0.004,0.038
63038,20.98275670348712,13710.807499067265,0.0,0.0,0.0,0.002,0.096
63040,21.002317928507832,13794.368940060185,0.0,0.0,0.0,0.003,0.074
63042,20.991024490021907,13940.974162758444,0.0,0.0,0.0,0.005,0.026
63043,20.982798269185437,13930.353022749448,0.0,0.0,0.0,0.003,0.024
63044,21.013396156038677,13866.01366718205,0.0,0.0,0.0,0.0,0.049
63049,20.90342245643697,13898.852722415311,0.0,0.0,0.0,0.002,0.03
63052,20.902379802476496,13925.336626649903,0.0,0.0,0.0,0.0,0.022
63074,21.001659082453955,13946.465678433231,0.0,0.0,0.0,0.003,0.02
63088,21.00503088306983,13845.697392984135,0.0,0.0,0.0,0.011,0.048
63101,21.09899151200177,13840.231330873823,0.0,0.0,0.0,0.018,0.047
63102,21.12008321836998,13896.03636436796,0.0,0.0,0.0,0.0,0.041
63103,21.112972881228313,13835.302480002061,0.0,0.0,0.0,0.002,0.058
63104,21.093703672910834,13878.447053060823,0.0,0.0,0.0,0.002,0.052
63105,21.027945912740236,13646.67947744445,0.0,0.0,0.0,0.015,0.116
63106,21.14610618803797,13751.24038696138,0.0,0.0,0.0,0.02,0.084
63107,21.12770001323282,13874.263872499492,0.0,0.0,0.0,0.011,0.038
63108,21.130443959898585,13708.4334401385,0.0,0.0,0.0,0.025,0.091
63109,21.0791337146933,13906.118281404313,0.0,0.0,0.0,0.009,0.038
63110,21.081619059818564,13900.459616582844,0.0,0.0,0.0,0.002,0.038
63111,21.10430714365766,13875.380481255901,0.0,0.0,0.0,0.004,0.045
63112,21.11822404630087,13775.463926678347,0.0,0.0,0.0,0.024,0.067
63113,21.10653593566761,13822.46317594952,0.0,0.0,0.0,0.017,0.057
63114,20.98308474598747,13920.362814265489,0.0,0.0,0.0,0.008,0.027
63115,21.144099316225113,13804.79228721464,0.0,0.0,0.0,0.008,0.066
63116,21.106946211890026,13870.655869348939,0.0,0.0,0.0,0.013,0.045
63117,21.01152701020941,13780.317789105671,0.0,0.0,0.0,0.007,0.077
63118,21.099843803057343,13865.627534565449,0.0,0.0,0.0,0.008,0.044
63119,20.9917984490041,13852.664334318984,0.0,0.0,0.0,0.0,0.055
63120,21.119627471488805,13777.261989892959,0.0,0.0,0.0,0.02,0.071
63121,21.023354319901326,13875.290732219779,0.0,0.0,0.0,0.016,0.04
63122,20.97642942470993,13811.458558791523,0.0,0.0,0.0,0.0,0.067
63123,20.997110295094163,13952.763256701064,0.0,0.0,0.0,0.0,0.017
63124,20.976643307470177,13632.15525811175,0.0,0.0,0.0,0.0,0.124
63125,20.982678854793956,13939.272648772267,0.0,0.0,0.0,0.004,0.017
63126,20.983590798328862,13869.245604834523,0.0,0.0,0.0,0.006,0.04
63127,20.980721145811785,13768.554398618162,0.0,0.0,0.0,0.002,0.077
63128,20.992369441827503,13894.895954121703,0.0,0.0,0.0,0.0,0.036
63129,20.98204474202125,13916.8498329484,0.0,0.0,0.0,0.0,0.026
63130,21.014748803360035,13782.680877914201,0.0,0.0,0.0,0.005,0.08
63131,20.9736129109815,13639.914844868335,0.0,0.0,0.0,0.0,0.127
63132,21.004150934140235,13843.455479846012,0.0,0.0,0.0,0.0,0.059
63133,21.010400542495297,13862.505551839422,0.0,0.0,0.0,0.011,0.046
63134,21.000676327038956,13928.13699283995,0.0,0.0,0.0,0.01,0.022
63135,21.009684296560206,13918.546694540122,0.0,0.0,0.0,0.0,0.029
63136,21.013610241461052,13902.975844989418,0.0,0.0,0.0,0.002,0.032
63137,21.024540938017022,13841.352042889086,0.0,0.0,0.0,0.017,0.047
63138,21.001705644787226,13903.675819223778,0.0,0.0,0.0,0.007,0.029
63139,21.071446929847443,13943.01523547394,0.0,0.0,0.0,0.005,0.025
63140,21.053659054397926,13814.456835624289,0.0,0.0,0.0,0.011,0.061
63141,20.991578758850007,13742.785161473568,0.0,0.0,0.0,0.006,0.093
63143,21.00656452329687,13935.692037346898,0.0,0.0,0.0,0.0,0.024
63144,20.98974698585301,13869.430156846893,0.0,0.0,0.0,0.0,0.05
63146,20.992632636600977,13871.11406050521,0.0,0.0,0.0,0.004,0.042
63147,21.129974965530288,13845.692116682578,0.0,0.0,0.0,0.0,0.058
63301,20.810848318830924,13904.765377294189,0.0,0.0,0.0,0.0,0.025
63303,20.817379281296592,13823.387972218403,0.0,0.0,0.0,0.0,0.053
63304,20.811733475856904,13837.444253003316,0.0,0.0,0.0,0.004,0.047
63341,20.828634483827962,13684.162608469107,0.0,0.0,0.0,0.008,0.099
63366,20.813106530323495,13879.241216901151,0.0,0.0,0.0,0.005,0.034
63367,20.813379946838566,13813.628592527873,0.0,0.0,0.0,0.002,0.051
63368,20.819709669596623,13833.113271902475,0.0,0.0,0.0,0.004,0.049
63376,20.825191739567277,13868.87769208363,0.0,0.0,0.0,0.004,0.039
63385,20.81382145853626,13838.55635829713,0.0,0.0,0.0,0.002,0.048
63386,20.82140396634365,13905.914216490479,0.0,0.0,0.0,0.003,0.025
63701,20.944685470965233,13891.30082508285,0.0,0.0,0.0,0.003,0.036
63703,20.952739092575033,13904.257165830619,0.0,0.0,0.0,0.001,0.028
63780,21.06459853938265,13840.309326164115,0.0,0.0,0.0,0.015,0.05
64012,17.82215249773809,13285.325724554703,0.0,0.0,0.003,0.013,0.038
64014,17.947706877095023,13328.268875973396,0.0,0.0,0.0,0.007,0.039
64015,17.956086672510214,13306.120344885694,0.0,0.0,0.0,0.011,0.043
64016,17.946321957413026,13344.27183375922,0.0,0.0,0.0,0.003,0.03
64029,17.955203149842134,13288.601267974866,0.0,0.0,0.0,0.009,0.055
64030,17.956007613529803,13303.612182425246,0.0,0.0,0.0,0.013,0.042
64034,19.77185646355963,13649.470617452154,0.0,0.0,0.0,0.0,0.054
64050,17.96552987355807,13240.576025756209,0.0,0.0,0.005,0.024,0.052
64052,17.958531567096138,13360.729122674296,0.0,0.0,0.0,0.0,0.026
64053,17.963229596542334,13294.842503848853,0.0,0.0,0.002,0.016,0.04
64054,17.974994508406407,13261.421036451313,0.0,0.0,0.0,0.02,0.057
64055,17.95812090616599,13352.021235134975,0.0,0.0,0.0,0.008,0.026
64056,17.96808630439826,13269.158544325073,0.0,0.0,0.0,0.018,0.056
64057,19.81643306997457,13728.290285129406,0.0,0.0,0.0,0.0,0.028
64058,17.94749786987781,13386.816375949398,0.0,0.0,0.0,0.004,0.014
64060,20.606975637111344,13809.456458527657,0.0,0.0,0.0,0.007,0.045
64063,19.817425838880098,13705.84925734971,0.0,0.0,0.0,0.005,0.033
64064,17.948559274209437,13224.188405550774,0.0,0.0,0.0,0.007,0.086
64068,18.028350164387412,13333.39855103719,0.0,0.0,0.0,0.007,0.039
64079,20.021822180385403,13683.043460172348,0.0,0.0,0.0,0.003,0.055
64080,19.67465080149963,13718.989759625838,0.0,0.0,0.0,0.0,0.022
64081,17.94626363910491,13254.978666711897,0.0,0.0,0.0,0.012,0.07
64082,17.922071935955866,13210.609307700543,0.0,0.0,0.002,0.013,0.082
64083,17.8179687439189,13274.52454551159,0.0,0.0,0.0,0.004,0.053
64086,17.93856817766018,13273.621584015791,0.0,0.0,0.0,0.002,0.061
64105,17.963289887890948,13287.153392388114,0.0,0.0,0.0,0.009,0.059
64106,17.99680968883134,13126.25889784721,0.0,0.0,0.0,0.034,0.1
64108,17.964592432627654,13184.70021773676,0.0,0.0,0.0,0.027,0.082
64109,17.99866754961315,13088.922300994867,0.0,0.0,0.0,0.052,0.106
64110,17.97681643033979,13209.08346682622,0.0,0.0,0.0,0.028,0.068
64111,17.97075898366252,13254.568612253093,0.0,0.0,0.0,0.016,0.064
64112,17.976011859045137,13141.127308939947,0.0,0.0,0.0,0.015,0.124
64113,17.952628484459808,13069.914374044462,0.0,0.0,0.002,0.006,0.166
64114,17.956984287611963,13339.453324023976,0.0,0.0,0.0,0.0,0.04
64116,18.03034704330728,13322.318362189084,0.0,0.0,0.0,0.014,0.04
64117,18.05967344296573,13247.395058066719,0.0,0.0,0.0,0.028,0.056
64118,18.022148321164686,13370.760997784544,0.0,0.0,0.0,0.007,0.027
64119,18.02469274707438,13353.460175167182,0.0,0.0,0.0,0.004,0.035
64120,17.939422365165136,13417.184746304509,0.0,0.0,0.0,0.0,0.0
64123,17.96682745257848,13301.466433219503,0.0,0.0,0.0,0.016,0.042
64124,17.9818645770051,13251.518379687801,0.0,0.0,0.0,0.026,0.052
64125,17.971605611287625,13193.653886906235,0.0,0.0,0.0,0.033,0.073
64126,17.997258178446618,13198.00719972536,0.0,0.0,0.0,0.031,0.079
64127,18.00335183113511,13075.363671902709,0.0,0.0,0.005,0.047,0.097
64128,17.982565797327887,13176.262497669277,0.0,0.0,0.002,0.037,0.064
64129,17.972795706861405,13281.738780015752,0.0,0.0,0.0,0.021,0.047
64130,17.962318784898248,13322.6565817353,0.0,0.0,0.0,0.011,0.037
64131,17.9581408877287,13329.978802421658,0.0,0.0,0.0,0.01,0.033
64132,17.967403383132535,13263.105283370542,0.0,0.0,0.0,0.026,0.049
64133,17.956858460597456,13341.60573761688,0.0,0.0,0.0,0.009,0.029
64134,17.962595869697527,13322.578683180622,0.0,0.0,0.0,0.01,0.038
64136,17.973182252463953,13190.383640324966,0.0,0.0,0.0,0.032,0.076
64137,17.961161906659395,13347.546142795016,0.0,0.0,0.0,0.013,0.021
64138,17.958701476735722,13296.513029555323,0.0,0.0,0.0,0.012,0.049
64139,17.94454359207289,13346.178657492088,0.0,0.0,0.0,0.0,0.034
64145,17.951636733646744,13288.024443178587,0.0,0.0,0.0,0.009,0.056
64146,17.95225631901128,13358.857423089672,0.0,0.0,0.0,0.006,0.026
64147,20.013010723521,13077.043210306965,0.0,0.0,0.0,0.067,0.237
64149,17.94207923802004,13346.997112935574,0.0,0.0,0.0,0.0,0.035
64150,18.156408675626974,13256.251797705807,0.0,0.0,0.0,0.027,0.072
64151,18.139109359375023,13306.169223128863,0.0,0.0,0.0,0.022,0.06
64152,18.137161467124812,13255.28269177361,0.0,0.0,0.0,0.005,0.099
64153,18.138382235268168,13386.620928271615,0.0,0.0,0.0,0.005,0.028
64154,18.133118089715666,13342.182118880322,0.0,0.0,0.0,0.006,0.056
64155,18.02304523644634,13327.57240365459,0.0,0.0,0.0,0.009,0.043
64156,18.0128975196007,13304.214739280016,0.0,0.0,0.0,0.005,0.059
64157,18.015071250358822,13233.825171221955,0.0,0.0,0.0,0.001,0.089
64158,18.0206605274917,13252.915369078513,0.0,0.0,0.0,0.0,0.081
64161,18.04299638967538,13312.896711671574,0.0,0.0,0.0,0.016,0.045
64163,20.03258553604051,13804.247187178904,0.0,0.0,0.0,0.003,0.011
64164,20.013597561751006,13629.41002162456,0.0,0.0,0.0,0.0,0.079
64165,20.595432250947763,13935.028554324459,0.0,0.0,0.0,0.0,0.0
64167,20.602315821577733,13632.29078356435,0.0,0.0,0.0,0.0,0.112
64421,19.995334512695408,13557.623036385716,0.0,0.0,0.0,0.03,0.085
64436,19.93065658545626,13795.398054167163,0.0,0.0,0.0,0.0,0.011
64501,20.03018832416042,13682.144379805695,0.0,0.0,0.0,0.019,0.045
64503,20.049302724346024,13709.93704021957,0.0,0.0,0.0,0.019,0.039
64504,20.025213827822306,13734.869855639854,0.0,0.0,0.0,0.01,0.027
64505,19.984883619470484,13751.7214314683,0.0,0.0,0.0,0.003,0.032
64506,20.015282822035754,13681.918229458652,0.0,0.0,0.0,0.01,0.052
64507,20.010686525557823,13725.867494385475,0.0,0.0,0.0,0.007,0.037
64801,15.097329572117463,12473.723483273707,0.0,0.0,0.013,0.028,0.063
64804,15.16379404288229,12505.169325416535,0.0,0.0,0.007,0.035,0.062
64834,15.160117358824529,12533.213314222998,0.0,0.0,0.0,0.03,0.069
64835,15.14487771441906,12653.251931589168,0.0,0.0,0.0,0.002,0.014
64836,15.156864283985808,12521.445195973454,0.0,0.0,0.0,0.033,0.063
64840,15.161472443774295,12614.49080913051,0.0,0.0,0.0,0.011,0.032
64841,15.1757958348163,12547.82454628951,0.0,0.0,0.0,0.025,0.055
64855,15.152852243814424,12596.49681266528,0.0,0.0,0.0,0.013,0.034
64870,15.157285800972199,12527.723394260787,0.0,0.0,0.002,0.031,0.056
65039,20.87500725535372,13796.452485354614,0.0,0.0,0.0,0.0,0.058
65043,20.86495612584072,13952.101288458021,0.0,0.0,0.0,0.0,0.01
65053,20.848894821573815,13960.005637459513,0.0,0.0,0.0,0.0,0.008
65101,20.862998190360024,13881.19710399076,0.0,0.0,0.0,0.002,0.034
65109,20.849837912931072,13898.55585414695,0.0,0.0,0.0,0.002,0.029
65201,20.869785172664255,13753.04189555722,0.0,0.0,0.0,0.012,0.069
65202,20.8053553035927,13896.609844025163,0.0,0.0,0.0,0.007,0.028
65203,20.811821880014936,13826.50821389349,0.0,0.0,0.0,0.003,0.047
65255,20.787497836895554,13916.132577329668,0.0,0.0,0.0,0.002,0.019
65611,19.80728611096801,13759.871239137829,0.0,0.0,0.0,0.0,0.014
65616,15.234776096637692,12535.383379972804,0.0,0.0,0.009,0.029,0.057
65619,15.333887188659617,12645.873170885303,0.0,0.0,0.0,0.017,0.046
65631,15.289555496485708,12546.708893471914,0.0,0.0,0.004,0.034,0.078
65672,15.242546426418683,12550.832468063885,0.0,0.0,0.0,0.026,0.063
65679,15.193623570439184,12547.52073439944,0.0,0.0,0.008,0.028,0.053
65714,15.28135333090151,12585.914318559424,0.0,0.0,0.004,0.019,0.053
65721,15.258536902739042,12549.697385735724,0.0,0.0,0.005,0.031,0.062
65738,15.282202390015136,12626.82078022487,0.0,0.0,0.0,0.02,0.039
65739,19.72240093164229,13660.7598018196,0.0,0.0,0.0,0.007,0.046
65742,15.350298118773912,12608.503409076138,0.0,0.0,0.0,0.028,0.059
65753,15.280023766718145,12612.284453547602,0.0,0.0,0.0,0.02,0.054
65757,19.8634604515833,13763.062748186312,0.0,0.0,0.0,0.003,0.016
65781,15.294406870556294,12533.598090886817,0.0,0.0,0.007,0.039,0.061
65802,15.319170152271562,12595.041871077156,0.0,0.0,0.001,0.025,0.048
65803,15.317188447804151,12549.010517777842,0.0,0.0,0.008,0.03,0.061
65804,19.867662392136154,13718.542570883135,0.0,0.0,0.0,0.004,0.03
65806,19.906694497241716,13587.856808549495,0.0,0.0,0.0,0.025,0.066
65807,19.871911608104757,13719.151436156553,0.0,0.0,0.0,0.009,0.032
65809,19.861332145730813,13626.51937355263,0.0,0.0,0.0,0.002,0.069
65810,19.865363447898268,13701.57540745001,0.0,0.0,0.0,0.0,0.043
38637,20.297896061148144,14763.497795398087,0.0,0.0,0.0,0.0,0.0
38641,20.224490892315526,14713.795797012102,0.0,0.0,0.0,0.0,0.0
38654,20.29964003371316,14782.308546589684,0.0,0.0,0.0,0.0,0.0
38655,18.766868581532623,14473.082956317154,0.0,0.0,0.0,0.0,0.0
38671,20.299370567470607,14781.554794270445,0.0,0.0,0.0,0.0,0.0
38672,20.29428530064998,14783.948779310864,0.0,0.0,0.0,0.0,0.0
38680,20.300559735022457,14782.66060475613,0.0,0.0,0.0,0.0,0.0
38801,18.684135237119495,14529.521647000092,0.0,0.0,0.0,0.0,0.0
38804,18.632400086843777,14453.04847373229,0.0,0.0,0.0,0.0,0.0
38826,18.634741397355285,14489.55370872038,0.0,0.0,0.0,0.0,0.0
38862,18.746220806535316,14558.74664401771,0.0,0.0,0.0,0.0,0.0
38863,18.85014705894706,14563.182163010792,0.0,0.0,0.0,0.0,0.0
38866,18.746986185072767,14577.918692942412,0.0,0.0,0.0,0.0,0.0
38868,18.68093076632359,14523.34576135879,0.0,0.0,0.0,0.0,0.0
39041,19.99343119980922,14729.150523836608,0.0,0.0,0.0,0.0,0.0
39042,19.978952191028934,14753.240858073095,0.0,0.0,0.0,0.0,0.0
39046,20.009923311148825,14722.297156640285,0.0,0.0,0.0,0.0,0.0
39047,19.977195041601846,14700.438669831758,0.0,0.0,0.0,0.0,0.0
39056,19.9921708302816,14725.025624754553,0.0,0.0,0.0,0.0,0.0
39071,19.72948286513554,14523.593579521294,0.0,0.0,0.0,0.0,0.0
39073,19.978713347036667,14750.455867964389,0.0,0.0,0.0,0.0,0.0
39110,19.972130281569438,14676.006758351787,0.0,0.0,0.0,0.0,0.0
39154,19.997321418291758,14735.278223786065,0.0,0.0,0.0,0.0,0.0
39157,19.949140798355995,14701.386464914163,0.0,0.0,0.0,0.0,0.0
39170,19.99517494622212,14770.449203416765,0.0,0.0,0.0,0.0,0.0
39201,19.839359853284485,14662.341207700329,0.0,0.0,0.0,0.0,0.0
39202,19.996980133977164,14709.958111584867,0.0,0.0,0.0,0.0,0.0
39203,19.999152147695614,14745.386534882158,0.0,0.0,0.0,0.0,0.0
39204,19.84104885845408,14579.828045226892,0.0,0.0,0.0,0.0,0.0
39206,19.9964034548766,14706.318566182199,0.0,0.0,0.0,0.0,0.0
39208,19.978758695296616,14762.001392106846,0.0,0.0,0.0,0.0,0.0
39209,19.99769288515389,14692.865107439164,0.0,0.0,0.0,0.0,0.0
39211,19.99165127069898,14720.768064920527,0.0,0.0,0.0,0.0,0.0
39212,19.991661315562485,14739.808547832952,0.0,0.0,0.0,0.0,0.0
39213,19.996469417214414,14658.44330277215,0.0,0.0,0.0,0.0,0.0
39216,19.99763108566137,14582.941463589874,0.0,0.0,0.0,0.0,0.0
39218,19.902623064654943,14636.168885716537,0.0,0.0,0.0,0.0,0.0
39232,19.97817001238872,14685.76590793878,0.0,0.0,0.0,0.0,0.0
39272,19.99709040157494,14742.190632573052,0.0,0.0,0.0,0.0,0.0
39301,16.355260797327627,14047.163159998043,0.0,0.0,0.0,0.0,0.0
39305,16.464287378518755,14127.840863517427,0.0,0.0,0.0,0.0,0.0
39307,16.111339489769904,13778.183517740448,0.0,0.0,0.0,0.0,0.0
39342,16.46615712494088,14124.564860854722,0.0,0.0,0.0,0.0,0.0
39401,16.347194050149728,14063.269910908604,0.0,0.0,0.0,0.0,0.0
39402,16.3913954402902,14038.32615376858,0.0,0.0,0.0,0.0,0.0
39437,16.25545444489777,14102.376524182637,0.0,0.0,0.0,0.0,0.0
39440,16.056301184075597,13920.902465676543,0.0,0.0,0.0,0.0,0.0
39443,16.25656157002085,14068.071784429809,0.0,0.0,0.0,0.0,0.0
39452,15.712659514516732,13928.817209731738,0.0,0.0,0.0,0.0,0.0
39465,16.4671032864801,14173.16531425489,0.0,0.0,0.0,0.0,0.0
39475,16.429677937392963,14104.15109278489,0.0,0.0,0.0,0.0,0.0
39501,15.663962082984433,13830.568579942816,0.0,0.0,0.0,0.0,0.0
39503,15.771143504200724,13987.030146282103,0.0,0.0,0.0,0.0,0.0
39507,15.705547529320377,13910.754284957524,0.0,0.0,0.0,0.0,0.0
39520,16.039692513862764,14031.057136010431,0.0,0.0,0.0,0.0,0.0
39525,18.12779097305358,14460.195910702687,0.0,0.0,0.0,0.0,0.0
39530,15.598993694941395,13831.982881939533,0.0,0.0,0.0,0.0,0.0
39531,15.709151631079418,13919.774770723134,0.0,0.0,0.0,0.0,0.0
39532,15.776477187010546,13985.005870535557,0.0,0.0,0.0,0.0,0.0
39540,15.782842116386549,14009.073228710055,0.0,0.0,0.0,0.0,0.0
39553,15.694924986209356,13935.28240188117,0.0,0.0,0.0,0.0,0.0
39556,18.0113018472979,14334.10021195275,0.0,0.0,0.0,0.0,0.0
39560,15.777933481632775,13999.904451952552,0.0,0.0,0.0,0.0,0.0
39562,15.765355889407035,13947.208634248756,0.0,0.0,0.0,0.0,0.0
39563,15.723063019154676,13951.312939369473,0.0,0.0,0.0,0.0,0.0
39564,15.697105219837185,13925.52334049252,0.0,0.0,0.0,0.0,0.0
39565,17.818731777194934,14368.666473601386,0.0,0.0,0.0,0.0,0.0
39567,15.733249443034468,13895.131568189734,0.0,0.0,0.0,0.0,0.0
39571,15.736390054250398,13932.005350830654,0.0,0.0,0.0,0.0,0.0
39574,15.757468544184396,13986.275662455793,0.0,0.0,0.0,0.0,0.0
39576,15.972366896633158,14046.481709370444,0.0,0.0,0.0,0.0,0.0
39581,15.582559992991497,13798.901053970418,0.0,0.0,0.0,0.0,0.0
59030,19.288579103884363,10521.215947972943,0.0,0.0,0.0,0.0,0.007
59101,18.909873335716238,10311.647557006907,0.0,0.0,0.0,0.002,0.014
59102,18.891012783945243,10362.036742386872,0.0,0.0,0.0,0.0,0.004
59105,18.885935238124425,10354.728006225556,0.0,0.0,0.002,0.003,0.013
59106,18.89474349063537,10065.66007114133,0.0,0.0,0.0,0.003,0.04
59401,19.72188127934562,10470.404614429173,0.0,0.0,0.007,0.019,0.032
59404,19.668440826836324,10590.6833817075,0.0,0.0,0.0,0.003,0.018
59405,19.67879203580334,10601.34218425107,0.0,0.0,0.0,0.008,0.019
59411,23.054998080334155,11583.749998345676,0.0,0.0,0.0,0.0,0.005
59417,23.080561162652973,11511.096672616215,0.0,0.0,0.0,0.0,0.008
59714,19.798691122796445,10602.812409395405,0.0,0.0,0.001,0.007,0.017
59715,19.815477174018667,10511.753562712498,0.0,0.0,0.0,0.0,0.022
59718,19.791290226469265,10620.855019246557,0.0,0.0,0.0,0.003,0.005
59741,19.786661166818334,10588.175062355042,0.0,0.0,0.0,0.001,0.023
59801,19.989411164977263,10686.408930563806,0.0,0.0,0.0,0.002,0.015
59802,19.976091478597393,10606.890305037201,0.0,0.0,0.001,0.009,0.03
59803,19.943399515436703,10672.657179163407,0.0,0.0,0.0,0.0,0.0
59804,19.99777022388968,10568.976965880383,0.0,0.0,0.0,0.01,0.027
59808,19.97672629948384,10648.13322940532,0.0,0.0,0.0,0.003,0.021
59901,22.961239385930917,11605.759349295811,0.0,0.0,0.0,0.0,0.0
59912,22.971647751221195,11585.261717681902,0.0,0.0,0.0,0.0,0.006
59936,22.937044199839313,11675.338502270368,0.0,0.0,0.0,0.0,0.0
59937,23.00629641457728,11455.137058273194,0.0,0.0,0.0,0.0,0.01
27006,23.118835678623377,14092.017513893172,0.0,0.0,0.0,0.0,0.0
27009,22.07309408970149,13877.551973647845,0.0,0.0,0.0,0.0,0.0
27012,22.06854605097898,13894.704211883634,0.0,0.0,0.0,0.0,0.0
27019,22.070617563800717,13938.656250603826,0.0,0.0,0.0,0.0,0.0
27023,22.06986181055098,13919.253710004641,0.0,0.0,0.0,0.0,0.0
27040,22.064828180060402,13902.70472729388,0.0,0.0,0.0,0.0,0.0
27045,22.06959633774581,13969.292589081266,0.0,0.0,0.0,0.0,0.0
27050,22.068485455451448,13933.285785476142,0.0,0.0,0.0,0.0,0.0
27051,22.06999379865158,13977.6650574879,0.0,0.0,0.0,0.0,0.0
27052,22.068410142187247,13987.670859068077,0.0,0.0,0.0,0.0,0.0
27101,22.07624140341899,13828.515850345138,0.0,0.0,0.0,0.0,0.0
27103,22.068015043338214,13923.859674454321,0.0,0.0,0.0,0.0,0.0
27104,22.067939495973604,13888.671770344601,0.0,0.0,0.0,0.0,0.0
27105,22.071875055900577,13861.600799346334,0.0,0.0,0.0,0.0,0.0
27106,22.07107157219929,13901.70442037879,0.0,0.0,0.0,0.0,0.0
27107,22.061023517546616,13941.032583424569,0.0,0.0,0.0,0.0,0.0
27127,22.067054703280625,13916.263136904085,0.0,0.0,0.0,0.0,0.0
27201,22.138222393256516,14047.508237836437,0.0,0.0,0.0,0.0,0.0
27214,22.126985132021158,13991.423204432349,0.0,0.0,0.0,0.0,0.0
27215,22.138008317142393,13965.015169251688,0.0,0.0,0.0,0.0,0.0
27217,18.861504983855003,13321.389706900185,0.0,0.0,0.0,0.0,0.001
27233,22.11955684919367,13927.125781603818,0.0,0.0,0.0,0.0,0.0
27235,22.116710651649836,13899.65799739877,0.0,0.0,0.0,0.0,0.0
27244,22.138225066526886,13882.375916207595,0.0,0.0,0.0,0.0,0.0
27249,22.130667297051524,13940.274148030003,0.0,0.0,0.0,0.0,0.0
27253,22.13681978707153,13947.171162000936,0.0,0.0,0.0,0.0,0.0
27258,22.140619458563155,13852.289325899314,0.0,0.0,0.0,0.0,0.0
27260,22.124107035145528,13842.028847049929,0.0,0.0,0.0,0.0,0.0
27262,22.112275930592002,13907.90228616406,0.0,0.0,0.0,0.0,0.0
27263,22.130080910705157,13979.241597010923,0.0,0.0,0.0,0.0,0.0
27265,22.10783161475825,13975.003574967963,0.0,0.0,0.0,0.0,0.0
27278,22.140533390961775,13909.26557538384,0.0,0.0,0.0,0.0,0.0
27282,22.12400034168146,13937.462917448129,0.0,0.0,0.0,0.0,0.0
27284,22.07524123335407,13925.041906446806,0.0,0.0,0.0,0.0,0.0
27292,22.032774197481015,13944.05033242397,0.0,0.0,0.0,0.0,0.0
27295,22.035143472434065,13979.737495858744,0.0,0.0,0.0,0.0,0.0
27299,22.03809215849641,13875.010177644077,0.0,0.0,0.0,0.0,0.0
27301,22.12115402855104,13949.216458364921,0.0,0.0,0.0,0.0,0.0
27302,18.912972854895433,13294.645669570053,0.0,0.0,0.0,0.0,0.002
27305,19.02333201729188,13379.559104110562,0.0,0.0,0.0,0.0,0.0
27310,22.12540894582848,13809.329086137655,0.0,0.0,0.0,0.0,0.0
27311,22.190527418066218,13953.60342911014,0.0,0.0,0.0,0.0,0.0
27313,22.122544140206294,13945.04743839537,0.0,0.0,0.0,0.0,0.0
27315,22.19337439307826,13979.83785101779,0.0,0.0,0.0,0.0,0.0
27317,18.921245410368517,13342.92988676441,0.0,0.0,0.0,0.0,0.0
27357,22.12608017185345,13861.400503163955,0.0,0.0,0.0,0.0,0.0
27358,22.11946958653361,13831.320599589788,0.0,0.0,0.0,0.0,0.0
27360,22.0344475966453,13955.20044752345,0.0,0.0,0.0,0.0,0.0
27370,22.13933197178988,13945.392662505232,0.0,0.0,0.0,0.0,0.0
27376,19.052991427905276,13368.549838237837,0.0,0.0,0.0,0.0,0.0
27377,22.123830991074417,13925.889443180444,0.0,0.0,0.0,0.0,0.0
27401,22.124278805696942,13836.625902884594,0.0,0.0,0.0,0.0,0.0
27403,22.12248525946579,13913.03996222262,0.0,0.0,0.0,0.0,0.0
27405,22.123504505763297,13901.199780146624,0.0,0.0,0.0,0.0,0.0
27406,22.12001751524136,13900.296328938595,0.0,0.0,0.0,0.0,0.0
27407,22.123072991372958,13942.479037816991,0.0,0.0,0.0,0.0,0.0
27408,22.11981319820806,13858.426907728921,0.0,0.0,0.0,0.0,0.0
27409,22.119204535092123,13966.095915537968,0.0,0.0,0.0,0.0,0.0
27410,22.121070261329244,13903.296268918011,0.0,0.0,0.0,0.0,0.0
27455,22.117919815738038,13868.76414288888,0.0,0.0,0.0,0.0,0.0
27502,18.83765348512525,13180.24393329896,0.0,0.0,0.0,0.0,0.002
27504,18.8501627048823,13279.494821168624,0.0,0.0,0.0,0.0,0.0
27510,22.14184547458547,13917.428674128334,0.0,0.0,0.0,0.0,0.0
27511,18.829595885809074,13230.769036308091,0.0,0.0,0.0,0.0,0.001
27513,18.88924414979809,13240.481028310634,0.0,0.0,0.0,0.0,0.0
27514,22.135379607268643,13684.608845042629,0.0,0.0,0.0,0.0,0.0
27516,18.95956731440173,13156.181471131466,0.0,0.0,0.0,0.0,0.0
27517,18.890235527861474,13195.578368041166,0.0,0.0,0.0,0.0,0.0
27518,18.893889510135082,13215.963900262052,0.0,0.0,0.0,0.0,0.0
27519,18.88272963290261,13145.870066226353,0.0,0.0,0.0,0.0,0.0
27520,18.92408314612426,13349.3964703328,0.0,0.0,0.0,0.0,0.0
27521,18.822785062796587,13321.80996171271,0.0,0.0,0.0,0.0,0.0
27523,18.888839983123773,13177.87280851867,0.0,0.0,0.0,0.0,0.0
27526,18.891996112117432,13313.765914526206,0.0,0.0,0.0,0.0,0.0
27527,18.92406504543231,13303.060060245749,0.0,0.0,0.0,0.0,0.0
27529,18.839965966702188,13316.515132482315,0.0,0.0,0.0,0.0,0.0
27530,18.977703663393296,13309.78067168807,0.0,0.0,0.0,0.0,0.0
27534,19.103585417889477,13412.780132091098,0.0,0.0,0.0,0.0,0.0
27539,18.894795400101184,13196.380368853737,0.0,0.0,0.0,0.0,0.0
27540,18.846293302370356,13239.079627047262,0.0,0.0,0.0,0.0,0.0
27545,18.892993740566265,13384.952347313072,0.0,0.0,0.0,0.0,0.0
27560,22.037082671049003,13878.917837341156,0.0,0.0,0.0,0.0,0.0
27562,18.812434579764737,13147.495258967772,0.0,0.0,0.0,0.0,0.0
27587,18.844610063481348,13188.77213977825,0.0,0.0,0.0,0.0,0.002
27591,18.892011495398656,13366.144266459061,0.0,0.0,0.0,0.0,0.001
27592,18.89190609439922,13338.748825989212,0.0,0.0,0.0,0.0,0.0
27596,19.287066736373276,13396.667512489073,0.0,0.0,0.0,0.0,0.0
27601,18.786123020309933,13215.05818000697,0.0,0.0,0.0,0.006,0.008
27603,18.83717133363278,13272.9439284809,0.0,0.0,0.0,0.0,0.0
27604,18.833186216317802,13273.334954788645,0.0,0.0,0.0,0.0,0.0
27605,18.82758468012285,13242.51940970725,0.0,0.0,0.0,0.0,0.0
27606,18.820609670272525,13194.522403248573,0.0,0.0,0.0,0.0,0.0
27607,18.888811867562428,13259.156472456792,0.0,0.0,0.0,0.0,0.0
27608,18.843690734060065,13086.672865701457,0.0,0.0,0.0,0.0,0.0
27609,18.889659293603106,13350.898967332687,0.0,0.0,0.0,0.0,0.0
27610,18.82408600636185,13296.901752024925,0.0,0.0,0.0,0.0,0.0
27612,18.831153024513256,13193.744936347877,0.0,0.0,0.0,0.0,0.0
27613,18.895376528698392,13248.946668271481,0.0,0.0,0.0,0.0,0.0
27614,18.78968898668155,13113.285009513002,0.0,0.0,0.0,0.0,0.0
27615,18.806024689590142,13232.934685890745,0.0,0.0,0.0,0.001,0.003
27616,18.89242592387475,13321.381428167377,0.0,0.0,0.0,0.0,0.0
27617,18.82881721415474,13220.44797364721,0.0,0.0,0.0,0.0,0.003
27701,22.071100974745722,13876.655988689969,0.0,0.0,0.0,0.0,0.0
27703,22.06681904234806,13962.994755321115,0.0,0.0,0.0,0.0,0.0
27704,18.923753227929023,13400.845589630817,0.0,0.0,0.0,0.0,0.0
27705,22.072082755449237,13873.6101359267,0.0,0.0,0.0,0.0,0.0
27707,22.07212902683725,13890.307058062957,0.0,0.0,0.0,0.0,0.0
27712,18.921622577093103,13264.726277975116,0.0,0.0,0.0,0.0,0.0
27713,22.064707021331188,13901.62861261498,0.0,0.0,0.0,0.0,0.0
27801,18.630601810512758,13184.26228882094,0.0,0.0,0.0,0.0,0.0
27803,18.706080403894095,13262.755126919403,0.0,0.0,0.0,0.0,0.0
27804,18.70623861933679,13255.048938033511,0.0,0.0,0.0,0.0,0.0
27809,18.73119772156998,13286.993303997519,0.0,0.0,0.0,0.0,0.0
27812,19.068799247759657,13270.720040207105,0.0,0.0,0.0,0.0,0.0
27822,18.807405983813222,13304.660710485985,0.0,0.0,0.0,0.0,0.0
27828,19.13002050616387,13308.171932605079,0.0,0.0,0.0,0.0,0.0
27834,19.19632507359245,13299.09267470702,0.0,0.0,0.0,0.0,0.0
27837,19.12769695717658,13346.748200242066,0.0,0.0,0.0,0.0,0.0
27851,18.70969363212829,13222.41355535263,0.0,0.0,0.0,0.0,0.0
27856,18.77691596999333,13333.26347674037,0.0,0.0,0.0,0.0,0.0
27858,19.01663646608499,13257.513414286355,0.0,0.0,0.0,0.0,0.0
27863,19.106095550955512,13443.75385967188,0.0,0.0,0.0,0.0,0.0
27878,19.684109712881497,13472.802822384547,0.0,0.0,0.0,0.0,0.0
27884,19.193780933279438,13514.981853199628,0.0,0.0,0.0,0.0,0.0
27893,18.74393286655096,13223.085220500465,0.0,0.0,0.0,0.0,0.0
27896,18.8785288406698,13319.341097774206,0.0,0.0,0.0,0.0,0.0
28012,21.987090886190977,13891.696185373268,0.0,0.0,0.0,0.0,0.0
28016,21.98742920732419,13931.116752301697,0.0,0.0,0.0,0.0,0.0
28023,22.071220953928517,13973.735093981082,0.0,0.0,0.0,0.0,0.0
28025,21.98428379930767,13875.98338656469,0.0,0.0,0.0,0.0,0.0
28027,21.981862880353166,13904.067023608959,0.0,0.0,0.0,0.0,0.0
28031,21.926440745014702,13778.756008738395,0.0,0.0,0.0,0.0,0.0
28032,21.98099353832129,13789.410455211182,0.0,0.0,0.0,0.0,0.0
28033,22.054442981147634,13827.623100571871,0.0,0.0,0.0,0.0,0.0
28034,21.98465447516977,13969.07535926392,0.0,0.0,0.0,0.0,0.0
28036,21.936467862815277,13742.111786795043,0.0,0.0,0.0,0.0,0.0
28037,22.053328178058685,13849.10244010097,0.0,0.0,0.0,0.0,0.0
28052,21.986549360539968,13954.531719622464,0.0,0.0,0.0,0.0,0.0
28054,21.981239089650515,13932.804254649209,0.0,0.0,0.0,0.0,0.0
28056,21.98228549584041,13890.925697469047,0.0,0.0,0.0,0.0,0.0
28072,22.0688030933162,14033.768820264646,0.0,0.0,0.0,0.0,0.0
28073,21.881708028215947,13901.323483446302,0.0,0.0,0.0,0.0,0.0
28075,21.98084816572089,13855.418236781119,0.0,0.0,0.0,0.0,0.0
28078,21.934787759814075,13835.34250836574,0.0,0.0,0.0,0.0,0.0
28079,21.83351818016124,13863.680858776364,0.0,0.0,0.0,0.0,0.0
28080,22.051705574123183,13974.279428313132,0.0,0.0,0.0,0.0,0.0
28086,21.881955061444707,13883.740850860244,0.0,0.0,0.0,0.0,0.0
28092,22.05308288983683,13956.381842771845,0.0,0.0,0.0,0.0,0.0
28098,21.98260651673936,13938.688799606018,0.0,0.0,0.0,0.0,0.0
28101,21.97904051829134,13943.473795396088,0.0,0.0,0.0,0.0,0.0
28104,21.8379242015747,13737.031268632198,0.0,0.0,0.0,0.0,0.0
28105,21.925477348578116,13882.990864341571,0.0,0.0,0.0,0.0,0.0
28107,21.974637248278125,13936.056686358901,0.0,0.0,0.0,0.0,0.0
28110,21.828582274559206,13891.836760158601,0.0,0.0,0.0,0.0,0.0
28112,21.831043152065124,13888.002988618819,0.0,0.0,0.0,0.0,0.0
28115,22.017331447977888,13896.59424509777,0.0,0.0,0.0,0.0,0.0
28117,22.014589951918268,13826.869974047757,0.0,0.0,0.0,0.0,0.0
28120,21.984502537843564,13864.572059082171,0.0,0.0,0.0,0.0,0.0
28125,22.014409810312063,13964.744471584941,0.0,0.0,0.0,0.0,0.0
28134,21.93231623476802,13926.646374482238,0.0,0.0,0.0,0.0,0.0
28138,22.06833432622328,13960.598336353458,0.0,0.0,0.0,0.0,0.0
28144,22.07345014292934,13891.249456437794,0.0,0.0,0.0,0.0,0.0
28146,22.0707685486271,13971.460709595243,0.0,0.0,0.0,0.0,0.0
28147,22.072347159035296,13925.057078679702,0.0,0.0,0.0,0.0,0.0
28150,21.881888087862812,13874.836344538291,0.0,0.0,0.0,0.0,0.0
28152,21.883954202997167,13874.011692030135,0.0,0.0,0.0,0.0,0.0
28159,22.071106505344506,13875.266047064093,0.0,0.0,0.0,0.0,0.0
28164,22.035912017305993,13933.309976583763,0.0,0.0,0.0,0.0,0.0
28166,22.015649985967137,13913.38993012685,0.0,0.0,0.0,0.0,0.0
28168,22.05333608192607,14004.226653981917,0.0,0.0,0.0,0.0,0.0
28173,21.830751122892792,13698.67074363268,0.0,0.0,0.0,0.0,0.0
28202,21.938193393702857,13838.13580033889,0.0,0.0,0.0,0.0,0.0
28203,21.93263006059921,13784.726434993952,0.0,0.0,0.0,0.0,0.0
28204,21.93296981215565,13911.042302653745,0.0,0.0,0.0,0.0,0.0
28205,21.934213561371234,13887.053609314908,0.0,0.0,0.0,0.0,0.0
28206,21.93857713208596,13897.339208390218,0.0,0.0,0.0,0.0,0.0
28207,21.92790516765061,13635.522277695429,0.0,0.0,0.0,0.0,0.0
28208,21.93419187417765,13869.434339543473,0.0,0.0,0.0,0.0,0.0
28209,21.93086601534722,13808.828682107445,0.0,0.0,0.0,0.0,0.0
28210,21.931499387842088,13844.96048929811,0.0,0.0,0.0,0.0,0.0
28211,21.928454637798637,13768.974252856018,0.0,0.0,0.0,0.0,0.0
28212,21.9334398788614,13938.69013785368,0.0,0.0,0.0,0.0,0.0
28213,21.93511355261602,13883.457644500422,0.0,0.0,0.0,0.0,0.0
28214,21.931713038228914,13926.479239887347,0.0,0.0,0.0,0.0,0.0
28215,21.93642603460288,13907.032827033343,0.0,0.0,0.0,0.0,0.0
28216,21.92866930845292,13927.648259307034,0.0,0.0,0.0,0.0,0.0
28217,21.933128008942933,13915.655185299067,0.0,0.0,0.0,0.0,0.0
28226,21.934744096139944,13776.501939857493,0.0,0.0,0.0,0.0,0.0
28227,21.933384379553782,13939.85577257258,0.0,0.0,0.0,0.0,0.0
28262,21.929636818359928,13848.204470193466,0.0,0.0,0.0,0.0,0.0
28269,21.93203506231982,13910.181822529326,0.0,0.0,0.0,0.0,0.0
28270,21.93036876130762,13813.392164810613,0.0,0.0,0.0,0.0,0.0
28273,21.932385743837973,13932.810876502297,0.0,0.0,0.0,0.0,0.0
28277,21.931671336070366,13829.76655140568,0.0,0.0,0.0,0.0,0.0
28278,21.927615445625698,13824.987466045679,0.0,0.0,0.0,0.0,0.0
28301,18.825582340217665,13145.937980347231,0.0,0.0,0.0,0.0,0.0
28303,18.909831417749373,13313.266897866832,0.0,0.0,0.0,0.0,0.0
28304,18.85088729172272,13286.951025480217,0.0,0.0,0.0,0.0,0.0
28305,18.78122262844413,13130.320411309853,0.0,0.0,0.0,0.0,0.0
28306,18.89716061645204,13291.184178698131,0.0,0.0,0.0,0.0,0.0
28307,18.909575572988686,13393.110240469996,0.0,0.0,0.0,0.0,0.0
28311,18.968930485709947,13302.200236424604,0.0,0.0,0.0,0.0,0.0
28312,18.969621868272213,13364.17243157154,0.0,0.0,0.0,0.0,0.0
28314,18.86638172331375,13325.853670838947,0.0,0.0,0.0,0.0,0.0
28315,19.060251621224847,13348.084568027041,0.0,0.0,0.0,0.0,0.0
28326,18.880657577286687,13343.790222863112,0.0,0.0,0.0,0.0,0.0
28327,19.058358465071812,13401.736476689122,0.0,0.0,0.0,0.0,0.0
28333,19.03526781449452,13315.91028454348,0.0,0.0,0.0,0.0,0.0
28334,18.817195345107514,13312.378385415124,0.0,0.0,0.0,0.0,0.0
28339,18.880285235101724,13276.521809979911,0.0,0.0,0.0,0.0,0.0
28348,18.90985781795748,13367.219789116267,0.0,0.0,0.0,0.0,0.0
28358,18.668733522563237,13228.957550257572,0.0,0.0,0.0,0.0,0.0
28360,18.735465653889406,13264.0459900785,0.0,0.0,0.0,0.0,0.0
28371,18.84505819205718,13282.065433998656,0.0,0.0,0.0,0.0,0.0
28372,18.661615806321535,13122.93661569606,0.0,0.0,0.0,0.0,0.0
28373,19.001338165654904,13418.586190306749,0.0,0.002,0.004,0.004,0.004
28374,19.055837146318527,13326.21007478461,0.0,0.0,0.0,0.0,0.0
28376,18.92553537066995,13277.326800014947,0.0,0.0,0.0,0.0,0.0
28387,19.05815512608253,13366.924937441614,0.0,0.0,0.0,0.0,0.0
28390,18.85931043471038,13289.729638603649,0.0,0.0,0.0,0.0,0.0
28391,18.96813096237053,13323.79136469809,0.0,0.0,0.0,0.0,0.0
28394,18.924874901099514,13373.3840579985,0.0,0.0,0.0,0.0,0.0
28395,18.799650623473955,13220.826427201782,0.0,0.0,0.0,0.0,0.007
28401,18.536308197793762,13170.140818949016,0.0,0.0,0.0,0.0,0.0
28403,18.474102819286912,13139.681569757662,0.0,0.0,0.0,0.0,0.0
28405,18.60388091809356,13222.85317194556,0.0,0.0,0.0,0.0,0.0
28409,18.603996750941544,13200.092862762973,0.0,0.0,0.0,0.0,0.0
28411,18.61396042859195,13296.143426886787,0.0,0.0,0.0,0.0,0.0
28412,18.603536592605142,13268.144333075363,0.0,0.0,0.0,0.0,0.0
28420,18.20815650684023,13245.426324846396,0.0,0.0,0.0,0.0,0.001
28422,18.26478203176785,13174.428823917602,0.0,0.0,0.0,0.0,0.0
28428,18.600965537848346,13172.522266294725,0.0,0.0,0.0,0.0,0.0
28429,18.53764657127594,13240.578170643557,0.0,0.0,0.0,0.0,0.0
28449,18.60034097085641,13208.332312372833,0.0,0.0,0.0,0.0,0.0
28451,18.263285637533265,13226.473237840331,0.0,0.0,0.0,0.0,0.0
28460,18.930731570482553,13241.353970068734,0.0,0.0,0.0,0.0,0.0
28461,18.264302234990687,13158.554303935676,0.0,0.0,0.0,0.0,0.0
28462,18.264849945924563,13143.778475057268,0.0,0.0,0.0,0.0,0.0
28465,18.197720250279076,13058.130190732953,0.0,0.0,0.0,0.0,0.0
28467,18.265041870620927,13214.501030817792,0.0,0.0,0.0,0.0,0.0
28468,18.26283262023209,13100.892504965463,0.0,0.0,0.0,0.0,0.0
28469,18.265594076964057,13220.225242638042,0.0,0.0,0.0,0.0,0.0
28470,18.267100986595604,13168.41870862412,0.0,0.0,0.0,0.0,0.0
28479,18.213100158316237,13204.516840346825,0.0,0.0,0.0,0.0,0.0
28480,18.60445832073406,13138.207849153358,0.0,0.0,0.0,0.0,0.0
28513,19.19706348586549,13378.543169335131,0.0,0.0,0.0,0.0,0.0
28539,19.05772505398232,13365.592368042586,0.0,0.0,0.0,0.0,0.0
28540,18.944666674514245,13319.228756052524,0.0,0.0,0.0,0.0,0.003
28543,18.943958754306134,13358.563372015897,0.0,0.0,0.0,0.006,0.007
28544,19.05760410630876,13423.715890255378,0.0,0.0,0.0,0.0,0.0
28546,19.000602874803057,13363.02458435712,0.0,0.0,0.0,0.0,0.0
28547,19.056512082904508,13418.526465771203,0.0,0.0,0.0,0.0,0.0
28555,19.00766972752695,13387.588258431651,0.0,0.0,0.0,0.0,0.0
28590,19.19354380273453,13385.424733708345,0.0,0.0,0.0,0.0,0.0
28601,22.097787838245335,13912.04557482709,0.0,0.0,0.0,0.0,0.0
28602,22.091496300508805,13931.397196013246,0.0,0.0,0.0,0.0,0.0
28610,22.08681429137197,13950.486644237008,0.0,0.0,0.0,0.0,0.0
28612,22.226841602161013,13933.380574945466,0.0,0.0,0.0,0.0,0.0
28613,22.087485294819807,13960.618738795993,0.0,0.0,0.0,0.0,0.0
28619,22.22753336945101,13996.340897371205,0.0,0.0,0.0,0.0,0.0
28625,22.01881025734015,13954.794911057492,0.0,0.0,0.0,0.0,0.0
28630,22.2445948474156,14000.679890137755,0.0,0.0,0.0,0.0,0.0
28637,22.227569422386434,13951.546931571624,0.0,0.0,0.0,0.0,0.0
28638,22.244926424039598,13950.99284717355,0.0,0.0,0.0,0.0,0.0
28645,22.24154716205232,13995.02584938153,0.0,0.0,0.0,0.0,0.0
28650,22.08288088952812,13929.761046873931,0.0,0.0,0.0,0.0,0.0
28655,22.225774543962267,13951.741174783863,0.0,0.0,0.0,0.0,0.0
28658,22.08664310616624,13955.977262686452,0.0,0.0,0.0,0.0,0.0
28677,22.017519131020673,13916.360720154786,0.0,0.0,0.0,0.0,0.0
28681,22.12100106475715,13969.655023128164,0.0,0.0,0.0,0.0,0.0
28690,22.2264012967835,13956.130904235692,0.0,0.0,0.0,0.0,0.0
28701,19.12374060232804,13294.477385162352,0.0,0.0,0.0,0.0,0.0
28715,19.11678358057956,13419.202146354895,0.0,0.0,0.0,0.0,0.0
28730,19.054289974329023,13365.849198609283,0.0,0.0,0.0,0.0,0.0
28748,19.120098918109285,13431.346902347426,0.0,0.0,0.0,0.0,0.0
28778,19.117933825989507,13423.032770406562,0.0,0.0,0.0,0.0,0.0
28787,18.968814932716345,13310.468658834849,0.0,0.0,0.0,0.001,0.003
28801,19.053995636460947,13227.949692592792,0.0,0.0,0.0,0.0,0.0
28803,18.99066716611388,13251.771043662267,0.0,0.0,0.0,0.005,0.011
28804,19.115373954467174,13326.824366682762,0.0,0.0,0.0,0.0,0.0
28805,19.117608065982605,13352.996129229577,0.0,0.0,0.0,0.0,0.0
28806,19.019384007621014,13333.154755585347,0.0,0.0,0.0,0.0,0.0
58042,20.286381851444464,13526.539486598145,0.0,0.0,0.0,0.0,0.0
58047,20.283924112655182,13458.751218771642,0.0,0.0,0.0,0.0,0.0
58078,20.27237204015346,13621.743624488225,0.0,0.0,0.0,0.0,0.0
58102,20.29663386936743,13622.37053663451,0.0,0.0,0.0,0.0,0.0
58103,20.29896943205916,13600.363308966409,0.0,0.0,0.0,0.0,0.0
58104,20.290791493435492,13633.28247413167,0.0,0.0,0.0,0.0,0.0
58201,24.08547362399078,14225.409100064157,0.0,0.0,0.0,0.0,0.0
58202,24.133722682559192,14145.70247323146,0.0,0.0,0.0,0.0,0.0
58203,24.093257733251953,14223.290521414357,0.0,0.0,0.0,0.0,0.0
58501,23.38706691360903,14144.697261526495,0.0,0.0,0.0,0.0,0.0
58503,23.367019393469974,14128.13925414796,0.0,0.0,0.0,0.0,0.0
58504,23.358805255252186,14162.33934953379,0.0,0.0,0.0,0.0,0.0
58554,23.443348070347188,14179.835663061358,0.0,0.0,0.0,0.0,0.0
68005,21.702473589486065,13539.92085769947,0.0,0.0,0.0,0.0,0.0
68007,21.778121077449736,13448.848062200617,0.0,0.0,0.0,0.0,0.0
68010,21.779325203828094,13449.754206328635,0.0,0.0,0.0,0.0,0.0
68022,21.789767291393556,13360.988876268364,0.0,0.0,0.0,0.0,0.0
68028,21.682013234632183,13409.06207066771,0.0,0.0,0.0,0.0,0.0
68030,22.274186786114697,13627.41422936859,0.0,0.0,0.0,0.0,0.0
68046,21.692206848618998,13401.744684184961,0.0,0.0,0.0,0.0,0.0
68059,21.68597294752003,13492.950008108384,0.0,0.0,0.0,0.0,0.0
68064,21.780927204658475,13475.566864672945,0.0,0.0,0.0,0.0,0.0
68069,21.79924190790712,13404.923975579146,0.0,0.0,0.0,0.0,0.0
68102,21.82314766968148,13404.711984439067,0.0,0.0,0.0,0.0,0.0
68104,21.7906845818734,13501.940339220451,0.0,0.0,0.0,0.0,0.0
68105,21.810443829913428,13442.880064418565,0.0,0.0,0.0,0.0,0.0
68106,21.80216396133527,13543.888822246769,0.0,0.0,0.0,0.0,0.0
68107,21.792365566891053,13520.634486404566,0.0,0.0,0.0,0.0,0.0
68108,21.792962009750767,13497.834556268106,0.0,0.0,0.0,0.0,0.0
68110,21.81655254265423,13434.169602694119,0.0,0.0,0.0,0.0,0.0
68111,21.802548790143305,13491.379806665364,0.0,0.0,0.0,0.0,0.0
68112,21.80097406319898,13499.721136132843,0.0,0.0,0.0,0.0,0.0
68113,21.689188546038157,13598.384561446688,0.0,0.0,0.0,0.0,0.0
68114,21.796257147697705,13489.623959379569,0.0,0.0,0.0,0.0,0.0
68116,21.776561111570768,13431.25210401938,0.0,0.0,0.0,0.0,0.0
68117,21.787563355006526,13547.317548300844,0.0,0.0,0.0,0.0,0.0
68118,21.781807879462587,13421.619705796162,0.0,0.0,0.0,0.0,0.0
68122,21.784804179034456,13524.987125424628,0.0,0.0,0.0,0.0,0.0
68123,21.686833701724368,13522.673486188763,0.0,0.0,0.0,0.0,0.0
68124,21.802099356454068,13432.731909849244,0.0,0.0,0.0,0.0,0.0
68127,21.800403753679554,13513.37762514756,0.0,0.0,0.0,0.0,0.0
68128,21.71116259637152,13468.921875940045,0.0,0.0,0.0,0.0,0.0
68130,21.780850971161808,13376.884872814655,0.0,0.0,0.0,0.0,0.0
68131,21.82141018915746,13443.184626028493,0.0,0.0,0.0,0.0,0.0
68132,21.78436314790364,13459.850155363214,0.0,0.0,0.0,0.0,0.0
68133,21.692287848433477,13454.46319412448,0.0,0.0,0.0,0.0,0.0
68134,21.798504232771027,13484.14111921013,0.0,0.0,0.0,0.0,0.0
68135,21.78031455140168,13400.27064225027,0.0,0.0,0.0,0.0,0.0
68136,21.686829419963324,13430.958993143295,0.0,0.0,0.0,0.0,0.0
68137,21.795614403927335,13522.920070044327,0.0,0.0,0.0,0.0,0.0
68138,21.700298292465114,13522.693108659072,0.0,0.0,0.0,0.0,0.0
68142,21.78579054770525,13483.221184093798,0.0,0.0,0.0,0.0,0.0
68144,21.78158941958088,13514.343589281048,0.0,0.0,0.0,0.0,0.0
68147,21.715157481118364,13521.789176792568,0.0,0.0,0.0,0.0,0.0
68152,21.777194663420946,13481.695354350131,0.0,0.0,0.0,0.0,0.0
68154,21.782682470503676,13464.438527881704,0.0,0.0,0.0,0.0,0.0
68157,21.69980067938517,13490.822123547534,0.0,0.0,0.0,0.0,0.0
68164,21.787257084830813,13547.30244273535,0.0,0.0,0.0,0.0,0.0
68317,21.395150678082253,13455.511896340242,0.0,0.0,0.0,0.0,0.0
68336,21.39663219852093,13377.571965276778,0.0,0.0,0.0,0.0,0.0
68339,21.380797375492623,13388.248936598513,0.0,0.0,0.0,0.0,0.0
68430,21.380617200700392,13421.654584650089,0.0,0.0,0.0,0.0,0.0
68462,21.377252442841584,13466.079005414094,0.0,0.0,0.0,0.0,0.0
68502,21.390053644064363,13418.699482060705,0.0,0.0,0.0,0.0,0.0
68503,21.396623413166484,13436.421361663311,0.0,0.0,0.0,0.0,0.0
68504,21.401999478632842,13462.352982683478,0.0,0.0,0.0,0.0,0.0
68505,21.402297880947497,13465.970947675753,0.0,0.0,0.0,0.0,0.0
68506,21.404349401622706,13407.043892372005,0.0,0.0,0.0,0.0,0.0
68507,21.392355456840765,13467.535965106521,0.0,0.0,0.0,0.0,0.0
68508,21.449180346940462,13325.850782502226,0.0,0.0,0.0,0.0,0.0
68510,21.404029162638203,13447.89635399974,0.0,0.0,0.0,0.0,0.0
68512,21.381331781880732,13411.57481709282,0.0,0.0,0.0,0.0,0.0
68514,21.377617925698157,13462.087660907942,0.0,0.0,0.0,0.0,0.0
68516,21.387614291438904,13413.940355612185,0.0,0.0,0.0,0.0,0.0
68517,21.369347226955483,13490.561958410919,0.0,0.0,0.0,0.0,0.0
68520,21.416072851613176,13321.20643575774,0.0,0.0,0.0,0.0,0.0
68521,21.40135367895194,13435.513127067254,0.0,0.0,0.0,0.0,0.0
68522,21.392885751151965,13482.567334441963,0.0,0.0,0.0,0.0,0.0
68523,21.381163539949032,13351.882835534603,0.0,0.0,0.0,0.0,0.0
68524,21.38781561478866,13517.80916101273,0.0,0.0,0.0,0.0,0.0
68526,21.39061353771039,13339.472405371685,0.0,0.0,0.0,0.0,0.0
68527,21.383496946059765,13352.65240584034,0.0,0.0,0.0,0.0,0.0
68528,21.390292749278974,13467.534912935924,0.0,0.0,0.0,0.0,0.0
68531,21.38466826298095,13396.838362828226,0.0,0.0,0.0,0.0,0.0
68731,22.268187036017306,13613.374967120684,0.0,0.0,0.0,0.0,0.0
68776,22.259096903395463,13657.215026576097,0.0,0.0,0.0,0.0,0.0
3032,9.820242875185809,12980.717951464852,0.0,0.0,0.039,0.673,0.977
3034,9.81145980228589,13040.11744453451,0.0,0.0,0.032,0.694,0.988
3036,9.819558467268736,12934.495893502624,0.0,0.0,0.058,0.672,0.981
3038,9.806621810032755,12963.828441889113,0.0,0.0,0.047,0.701,0.984
3045,9.927243349513226,13013.682497692158,0.0,0.0,0.041,0.649,0.976
3046,9.875453909445259,12965.468188088214,0.0,0.0,0.053,0.674,0.978
3049,9.931119826903974,12936.807687694794,0.0,0.0,0.048,0.654,0.965
3051,9.933450259001193,13024.570959396235,0.0,0.0,0.036,0.654,0.975
3052,9.923848824514778,12981.6402090488,0.0,0.0,0.044,0.645,0.973
3053,9.818282938625908,12976.957867653031,0.0,0.0,0.046,0.679,0.981
3054,9.925175427362511,13036.929291864688,0.0,0.0,0.032,0.634,0.982
3060,9.92151194617375,13047.437901022802,0.0,0.0,0.034,0.667,0.983
3062,9.931033919323623,13058.30112160129,0.0,0.0,0.038,0.648,0.985
3063,9.921120357601641,13030.362490849511,0.0,0.0,0.031,0.648,0.98
3064,9.919373690983198,13098.402770498189,0.0,0.0,0.02,0.639,0.99
3076,9.928222198330829,13041.725489879273,0.0,0.0,0.024,0.65,0.983
3079,9.81936057752812,13010.690745250455,0.0,0.0,0.031,0.692,0.981
3087,9.817724404880906,12898.490102020707,0.0,0.0,0.053,0.684,0.971
3101,9.91003621174787,12877.885756411855,0.0,0.0,0.06,0.65,0.965
3102,9.9346258943317,13129.13351127368,0.0,0.0,0.018,0.648,0.991
3103,9.920409617681711,13104.667795449826,0.0,0.0,0.017,0.658,0.99
3104,9.901700631220931,13083.78278312398,0.0,0.0,0.03,0.641,0.987
3106,9.85938724390164,12970.269019467438,0.0,0.0,0.041,0.672,0.975
3109,9.929363519845392,13122.827748936823,0.0,0.0,0.018,0.641,0.994
3110,9.928187869614627,12929.43399403848,0.0,0.0,0.061,0.64,0.97
3224,9.868083418888906,12998.931020777929,0.0,0.0,0.037,0.658,0.982
3229,9.867928150209728,13039.139976792363,0.0,0.0,0.025,0.66,0.985
3234,9.85021237829419,13063.403723656893,0.0,0.0,0.025,0.67,0.986
3258,9.858698261208655,13054.219593852287,0.0,0.004,0.024,0.659,0.987
3275,9.873829551276017,13129.579471456644,0.0,0.0,0.015,0.677,0.994
3301,9.864283478002108,13029.020807575553,0.0,0.0,0.037,0.673,0.984
3303,9.859752415965367,13083.438798858837,0.0,0.0,0.022,0.656,0.99
3304,9.864360121557198,12899.703063158528,0.0,0.002,0.053,0.658,0.972
3307,9.867878197942085,13116.354094545557,0.0,0.0,0.017,0.673,0.99
3801,9.800810274464299,12926.7088173122,0.0,0.0,0.054,0.69,0.977
3820,9.765414114974718,12968.152184053508,0.0,0.0,0.034,0.718,0.984
3823,9.779486941370473,12757.266658058059,0.0,0.0,0.1,0.666,0.962
3824,9.755566810328398,12800.59189511311,0.0,0.0,0.077,0.703,0.976
3833,9.798660631625234,12946.099879442812,0.0,0.002,0.037,0.695,0.976
3840,9.832065853906606,12874.956717503377,0.0,0.0,0.072,0.66,0.97
3854,9.819554806281532,12802.394794928028,0.0,0.0,0.087,0.679,0.965
3856,9.817750921565228,12837.541928768103,0.0,0.0,0.078,0.654,0.964
3857,9.818637167303597,13046.406809385422,0.0,0.0,0.027,0.691,0.985
3861,9.77119732638401,12967.726916197234,0.0,0.0,0.045,0.735,0.984
3862,9.81761149078288,12958.215361071625,0.0,0.0,0.041,0.695,0.978
3865,9.810676444644116,12979.825268946357,0.0,0.0,0.037,0.686,0.979
3867,9.769043280072227,13013.490153282142,0.0,0.0,0.03,0.723,0.986
3868,9.772037948729281,13048.796070405384,0.0,0.0,0.023,0.717,0.991
3869,9.77056826377986,12998.59415861063,0.0,0.0,0.031,0.699,0.988
3870,9.829323029000024,12812.323002540023,0.0,0.0,0.076,0.673,0.958
3878,9.771820998929728,13109.090108015838,0.0,0.0,0.003,0.717,0.996
3885,9.825195706452355,12895.356574574684,0.0,0.0,0.052,0.679,0.976
7001,12.966666993255076,10685.360681388865,0.0,0.0,0.006,0.037,0.071
7002,13.12741015209943,10732.394138095808,0.0,0.0,0.004,0.039,0.073
7003,13.090783939146938,10694.890588285814,0.0,0.0,0.003,0.049,0.082
7004,16.796104249909963,11681.756461173207,0.0,0.0,0.0,0.003,0.089
7005,16.932933004740626,11797.564487259846,0.0,0.0,0.0,0.0,0.065
7006,16.766842756353263,11685.112332740311,0.0,0.0,0.0,0.002,0.099
7008,13.002260838058833,10732.383195154536,0.0,0.0,0.001,0.025,0.068
7009,13.0875010961147,10574.418692487769,0.0,0.0,0.0,0.069,0.161
7010,13.047071089391219,10662.830239396948,0.0,0.0,0.006,0.048,0.084
7011,12.953200900528692,10706.463097017642,0.0,0.0,0.005,0.032,0.054
7012,12.99035456000508,10688.35869182753,0.0,0.0,0.0,0.021,0.093
7013,12.966748353340611,10586.005919974803,0.0,0.0,0.005,0.059,0.127
7014,12.97778614769714,10687.89856358324,0.0,0.0,0.0,0.028,0.098
7016,16.691998585252858,11684.1702393266,0.0,0.0,0.0,0.0,0.085
7017,13.045438412832269,10705.16199517782,0.0,0.0,0.012,0.037,0.058
7018,13.098967975692068,10666.551105415956,0.0,0.0,0.0,0.044,0.093
7020,13.05947917765213,10489.366053492136,0.0,0.0,0.004,0.08,0.182
7021,13.066630578857044,10279.374303622379,0.0,0.0,0.0,0.115,0.298
7022,13.099095353608018,10744.787298065086,0.0,0.0,0.0,0.027,0.08
7023,12.999431440264026,10423.187806106933,0.0,0.0,0.004,0.088,0.213
7024,13.106490958019258,10643.451614754205,0.0,0.0,0.0,0.049,0.119
7026,13.097763172456172,10726.949407875469,0.0,0.0,0.007,0.038,0.066
7027,13.033581037287638,10714.918089637673,0.0,0.0,0.0,0.033,0.082
7028,13.064225543468838,10270.706709747374,0.0,0.0,0.001,0.123,0.293
7029,13.092251207439121,10698.408489166732,0.0,0.0,0.01,0.03,0.086
7030,13.137799400726514,10463.939452249711,0.0,0.0,0.0,0.082,0.217
7031,13.072796940156609,10705.923556290898,0.0,0.0,0.0,0.035,0.09
7032,13.111825808912661,10754.741364358522,0.0,0.0,0.006,0.029,0.07
7033,16.70672907349069,11829.903061827521,0.0,0.0,0.0,0.0,0.037
7034,16.929048541328477,11881.755569144934,0.0,0.0,0.0,0.0,0.04
7035,16.923037011562485,11875.158741560135,0.0,0.0,0.0,0.005,0.039
7036,13.031167389192815,10766.15293500842,0.0,0.0,0.0,0.026,0.047
7039,16.75294653840428,11533.625896075548,0.0,0.0,0.0,0.005,0.156
7040,16.769413896693912,11598.872311327454,0.0,0.0,0.0,0.005,0.124
7041,16.774267230243158,11520.176998799661,0.0,0.0,0.0,0.006,0.143
7042,13.040419356167718,10478.311245406127,0.0,0.0,0.007,0.072,0.189
7043,13.062058027690652,10323.805972761846,0.0,0.0,0.001,0.105,0.277
7044,13.06951144051737,10510.150354648289,0.0,0.0,0.0,0.067,0.185
7045,16.917805144553352,11644.283118585461,0.0,0.0,0.0,0.001,0.118
7046,16.925801853494715,11485.757874929524,0.0,0.0,0.0,0.007,0.159
7047,13.094078731261645,10671.33564519303,0.0,0.0,0.01,0.05,0.083
7050,13.046241596968558,10607.910372530821,0.0,0.0,0.015,0.057,0.094
7052,16.781291385364188,11712.228950367202,0.0,0.0,0.0,0.004,0.091
7054,16.944734675488906,11798.315963241914,0.0,0.0,0.0,0.005,0.061
7055,13.002345705154744,10739.878311042929,0.0,0.0,0.0,0.025,0.055
7057,13.095195086486353,10762.78033667073,0.0,0.0,0.004,0.027,0.062
7058,16.946758366239695,11744.509190474666,0.0,0.0,0.0,0.001,0.079
7059,16.687628250411287,11537.177752914627,0.0,0.0,0.0,0.005,0.14
7060,12.97376063758476,10674.623322921267,0.0,0.0,0.013,0.041,0.063
7062,13.031731816030533,10739.404848653969,0.0,0.0,0.0,0.03,0.07
7063,12.983130993682568,10708.463106686977,0.0,0.001,0.005,0.031,0.062
7064,12.985223449550306,10756.580093592338,0.0,0.0,0.0,0.011,0.067
7065,12.986569394994536,10710.793100358764,0.0,0.0,0.005,0.023,0.067
7066,13.026047191167978,10665.500112921782,0.0,0.0,0.0,0.035,0.113
7067,13.001535136687119,10605.68939271782,0.0,0.0,0.005,0.047,0.127
7068,16.756271735370643,11709.457204545115,0.0,0.0,0.0,0.0,0.083
7069,16.673643386715124,11630.377370232969,0.0,0.0,0.0,0.001,0.11
7070,13.085744726793262,10642.00740999215,0.0,0.0,0.0,0.041,0.138
7071,13.072648190850847,10639.486871520705,0.0,0.0,0.005,0.046,0.112
7072,13.044943325384304,10514.588439813127,0.0,0.0,0.01,0.075,0.148
7073,13.09926394440703,10648.08787495872,0.0,0.0,0.0,0.054,0.117
7074,13.06279133270906,10708.298018725074,0.0,0.0,0.006,0.036,0.081
7075,13.071537653545716,10570.937086588643,0.0,0.0,0.006,0.056,0.153
7076,16.7163523688592,11590.02464632704,0.0,0.0,0.0,0.005,0.118
7077,13.030243683750747,10614.499636656632,0.0,0.0,0.003,0.051,0.108
7078,16.746823288226807,11407.5286242246,0.0,0.0,0.0,0.001,0.192
7079,16.75472337076034,11606.865069987378,0.0,0.0,0.0,0.0,0.125
7080,13.005447135070492,10628.770529151072,0.0,0.0,0.0,0.051,0.115
7081,16.70340788629405,11700.095720431189,0.0,0.0,0.0,0.001,0.076
7082,16.91359568405452,11648.780850099765,0.0,0.0,0.0,0.0,0.113
7083,16.712302077389786,11787.661698031521,0.0,0.0,0.0,0.004,0.052
7086,13.137273727126917,10579.438416490213,0.0,0.0,0.0,0.067,0.161
7087,13.127568782528197,10775.614365584284,0.0,0.0,0.0,0.024,0.066
7088,16.718364227669873,11847.808146565556,0.0,0.0,0.0,0.0,0.037
7090,16.706657031065625,11509.896608173665,0.0,0.0,0.0,0.004,0.153
7092,16.702223274167277,11597.237437596617,0.0,0.0,0.0,0.0,0.111
7093,13.136202677037172,10765.822490001032,0.0,0.0,0.0,0.025,0.074
7094,13.142829859294974,10616.98601611799,0.0,0.0,0.0,0.049,0.16
7095,12.964381677900091,10682.625569141816,0.0,0.002,0.005,0.035,0.079
7102,13.08789234935522,10658.16732490045,0.0,0.0,0.0,0.039,0.101
7103,12.993421620848,10560.919857505198,0.0,0.0,0.025,0.057,0.087
7104,13.02424581773156,10670.159345048603,0.0,0.0,0.009,0.037,0.077
7105,13.094838971495912,10802.09375205849,0.0,0.0,0.0,0.018,0.046
7106,12.999833220770773,10566.411268867183,0.0,0.0,0.027,0.055,0.077
7107,13.032708817542249,10617.387321717595,0.0,0.0,0.021,0.051,0.074
7108,13.020087884762868,10485.316813691587,0.0,0.0,0.02,0.074,0.119
7109,13.064425547766833,10706.485073932112,0.0,0.0,0.005,0.038,0.074
7110,13.081734912572639,10614.942963777838,0.0,0.0,0.0,0.061,0.12
7111,13.082742949786455,10708.245602254276,0.0,0.0,0.007,0.039,0.065
7112,13.056551652467478,10670.302083827171,0.0,0.0,0.009,0.045,0.075
7114,13.030419717981593,10640.666545204534,0.0,0.0,0.009,0.049,0.076
7201,13.011310308676672,10766.02967111525,0.0,0.0,0.004,0.023,0.046
7202,12.959644786670257,10676.100907298493,0.0,0.003,0.015,0.034,0.049
7203,12.982963407610903,10695.783124057993,0.0,0.004,0.009,0.029,0.064
7204,13.005858674302296,10682.200426830208,0.0,0.0,0.004,0.036,0.082
7205,12.974365627379742,10652.263928997132,0.0,0.001,0.01,0.038,0.081
7206,13.048127040506719,10760.084468710702,0.0,0.0,0.0,0.025,0.055
7208,13.029562481373356,10811.494875362208,0.0,0.0,0.0,0.017,0.032
7302,13.11505075456082,10449.524748634696,0.0,0.0,0.006,0.085,0.219
7304,13.117606877238538,10664.195804002478,0.0,0.0,0.0,0.046,0.1
7305,13.072286875885505,10637.623494071577,0.0,0.0,0.014,0.049,0.088
7306,13.097006296377733,10666.208511172454,0.0,0.0,0.014,0.044,0.086
7307,13.099385323929697,10683.168323429363,0.0,0.0,0.012,0.045,0.085
7310,13.13005435681631,10353.877281740184,0.0,0.0,0.0,0.103,0.272
7401,13.083790208498689,10406.66824565151,0.0,0.0,0.005,0.088,0.224
7407,13.080913670118155,10751.045653445854,0.0,0.0,0.0,0.019,0.079
7410,13.08395214667879,10555.340416011017,0.0,0.0,0.0,0.06,0.17
7417,13.09049159047546,10402.682977801178,0.0,0.0,0.0,0.085,0.254
7423,13.083606366659737,10267.680989044255,0.0,0.0,0.0,0.114,0.314
7424,12.958055566099434,10678.948708390297,0.0,0.0,0.001,0.029,0.099
7430,12.962955110230116,10565.395324250854,0.0,0.0,0.0,0.063,0.141
7432,13.064850394933563,10532.569707332319,0.0,0.0,0.001,0.08,0.166
7436,16.79111030469192,11704.423357478612,0.0,0.0,0.0,0.0,0.087
7440,16.908428311487533,11734.319357375087,0.0,0.0,0.0,0.0,0.089
7442,16.654256231110253,11778.024165357258,0.0,0.0,0.0,0.005,0.05
7444,16.936292371270508,11740.696856753066,0.0,0.0,0.0,0.007,0.086
7446,12.949004227584535,10516.34586809812,0.0,0.0,0.0,0.057,0.175
7450,13.065052800202665,10316.721890191653,0.0,0.0,0.005,0.108,0.274
7452,13.08978331003545,10353.517509263116,0.0,0.0,0.0,0.114,0.249
7458,13.082572688905067,10376.94009619151,0.0,0.0,0.0,0.09,0.277
7463,13.094682270225134,10548.519979767783,0.0,0.0,0.0,0.079,0.168
7470,16.650885599101628,11650.164199276716,0.0,0.0,0.0,0.0,0.099
7481,13.07642953709266,10445.84898264651,0.0,0.0,0.0,0.087,0.226
7501,12.907593518164731,10564.440894053985,0.0,0.0,0.018,0.056,0.084
7502,12.97099016487988,10711.083728378499,0.0,0.0,0.005,0.028,0.069
7503,12.919579094108485,10661.364466859699,0.0,0.0,0.012,0.032,0.061
7504,12.91761355276209,10501.292041023577,0.0,0.0,0.024,0.066,0.105
7505,12.98390460661242,10511.410448097213,0.0,0.0,0.022,0.067,0.097
7506,12.955891682255807,10627.022941094943,0.0,0.0,0.002,0.051,0.109
7508,12.947418379224372,10599.619089732925,0.0,0.0,0.001,0.053,0.113
7512,12.94345319712448,10560.795549668208,0.0,0.0,0.011,0.057,0.124
7513,12.981758113538868,10799.478186967612,0.0,0.0,0.0,0.015,0.03
7514,12.916577875676786,10666.611080212617,0.0,0.0,0.015,0.035,0.046
7522,12.948917489500536,10638.38587050848,0.0,0.0,0.014,0.037,0.07
7524,12.915373817847602,10638.366703854526,0.0,0.0,0.015,0.042,0.07
7601,13.100151273498806,10783.738957310483,0.0,0.0,0.0,0.02,0.063
7603,13.077878198500995,10751.177157546537,0.0,0.0,0.0,0.028,0.075
7604,13.057085028223797,10615.95835152253,0.0,0.0,0.005,0.058,0.122
7605,13.07959635103731,10563.122176334158,0.0,0.0,0.0,0.07,0.148
7606,13.093515451478671,10765.794724699785,0.0,0.0,0.0,0.019,0.073
7607,13.089711506058507,10667.977663392505,0.0,0.0,0.0,0.049,0.107
7620,12.950269817627625,10301.946205519282,0.0,0.0,0.0,0.101,0.274
7621,13.05296659774288,10662.382396287641,0.0,0.001,0.006,0.047,0.092
7624,12.961100988708854,10389.015619175636,0.0,0.0,0.0,0.092,0.222
7626,13.087979089541834,10541.162263354785,0.0,0.0,0.0,0.066,0.181
7627,13.073323162794429,10446.145588340367,0.0,0.0,0.0,0.083,0.224
7628,13.092937500420467,10703.57944880521,0.0,0.0,0.003,0.038,0.097
7630,13.057053995563509,10495.67094688434,0.0,0.0,0.006,0.08,0.169
7631,13.072554634531986,10613.823821232629,0.0,0.0,0.007,0.051,0.123
7632,13.082958067986278,10323.702595030312,0.0,0.0,0.001,0.123,0.254
7640,13.07488095154756,10510.186427764476,0.0,0.0,0.0,0.08,0.186
7641,13.084344065234495,10370.043672726406,0.0,0.0,0.0,0.093,0.277
7642,13.083045847842484,10493.776946747848,0.0,0.0,0.0,0.071,0.208
7643,13.092849514568165,10768.787594069625,0.0,0.0,0.0,0.029,0.061
7644,13.080159553861092,10682.807322030114,0.0,0.0,0.001,0.033,0.107
7645,12.941576322387062,10401.928788180832,0.0,0.0,0.0,0.092,0.212
7646,13.059293830045728,10627.221131690983,0.0,0.0,0.003,0.057,0.12
7647,12.957294596400663,10594.672577114008,0.0,0.0,0.0,0.047,0.133
7648,12.946005249473284,10435.867089349524,0.0,0.0,0.006,0.091,0.189
7649,13.069423303401095,10364.399092194695,0.0,0.0,0.002,0.102,0.25
7650,13.060697117393099,10663.672686477219,0.0,0.0,0.003,0.045,0.104
7652,13.066192094525308,10588.614555964417,0.0,0.0,0.003,0.056,0.148
7656,13.06537849716215,10462.606958034754,0.0,0.0,0.007,0.088,0.195
7657,13.090688173474831,10701.356866261862,0.0,0.0,0.0,0.041,0.091
7660,13.079053377049517,10687.949258897637,0.0,0.0,0.007,0.038,0.089
7661,13.04511758984741,10456.43221482722,0.0,0.004,0.006,0.083,0.178
7662,13.060203370036117,10554.330722529447,0.0,0.0,0.006,0.075,0.134
7663,13.066490255766977,10634.101516757859,0.0,0.0,0.002,0.04,0.131
7666,13.049218861031974,10553.441427942344,0.0,0.0,0.005,0.063,0.158
7670,13.09215172223943,10354.489573889912,0.0,0.0,0.0,0.117,0.255
7675,13.074779918250325,10486.504655214008,0.0,0.0,0.003,0.077,0.204
7676,13.088242230852712,10566.280613679965,0.0,0.0,0.0,0.056,0.176
7677,13.100466129398445,10369.18003885507,0.0,0.0,0.0,0.105,0.261
7701,16.393295729492444,11629.395137464327,0.0,0.0,0.0,0.004,0.086
7702,16.37938690052169,11533.7014048105,0.0,0.0,0.0,0.0,0.12
7704,16.374546168525185,11389.643122628839,0.0,0.0,0.0,0.001,0.179
7711,16.390140487333497,11511.87724178314,0.0,0.0,0.0,0.0,0.137
7712,16.40591508905014,11650.157169412461,0.0,0.0,0.0,0.01,0.073
7716,16.363838747983326,11682.733841633939,0.0,0.0,0.0,0.001,0.07
7717,16.421313879510958,11604.520746804454,0.0,0.0,0.0,0.008,0.097
7718,16.36490014205388,11648.112503949847,0.0,0.0,0.0,0.0,0.077
7719,16.392599901615235,11627.635460383777,0.0,0.0,0.0,0.0,0.094
7720,16.391032078018526,11741.732904518742,0.0,0.0,0.0,0.007,0.046
7721,16.365719164195614,11753.365720465477,0.0,0.0,0.0,0.0,0.05
7722,16.372610736125946,11522.715418288575,0.0,0.0,0.0,0.002,0.12
7723,16.437130169733575,11541.340251425494,0.0,0.0,0.0,0.004,0.121
7724,16.4085772957786,11668.531538514095,0.0,0.0,0.0,0.008,0.07
7726,16.40076721931028,11564.771967871146,0.0,0.0,0.0,0.003,0.11
7727,16.410196171929982,11660.335818188758,0.0,0.0,0.0,0.003,0.076
7728,16.38968548705174,11654.378671713815,0.0,0.0,0.0,0.002,0.074
7730,16.391268325918706,11691.608488718506,0.0,0.0,0.0,0.008,0.059
7731,16.38593068183065,11674.271686277583,0.0,0.0,0.0,0.006,0.067
7732,16.413578652595163,11624.063754572884,0.0,0.0,0.0,0.014,0.082
7733,16.392391990131213,11522.474258556347,0.0,0.0,0.0,0.007,0.124
7734,16.424498820629335,11724.729630958334,0.0,0.0,0.0,0.01,0.05
7735,16.417944858010554,11738.853218607608,0.0,0.0,0.0,0.007,0.046
7737,16.37951182576652,11707.474874855287,0.0,0.0,0.0,0.0,0.065
7738,16.381166814596774,11526.760910103378,0.0,0.0,0.0,0.002,0.12
7739,16.36795175331916,11417.77184327238,0.0,0.0,0.001,0.001,0.16
7740,16.4250487778922,11708.625072155608,0.0,0.0,0.0,0.007,0.057
7746,16.385242759957674,11483.205971076835,0.0,0.0,0.0,0.003,0.14
7747,16.49030700486845,11697.49763823393,0.0,0.0,0.0,0.002,0.076
7748,16.375777574474768,11578.164909421663,0.0,0.0,0.0,0.007,0.101
7750,16.37802267499541,11522.94851551235,0.0,0.0,0.0,0.004,0.129
7751,16.379115745397325,11493.199566463341,0.0,0.0,0.0,0.0,0.14
7753,16.410184961501724,11651.011150252292,0.0,0.0,0.0,0.014,0.068
7755,16.382744219402394,11665.65913432733,0.0,0.0,0.0,0.008,0.074
7756,16.371972584645484,11747.365656936168,0.0,0.0,0.0,0.005,0.047
7757,16.370894262317222,11609.724792161334,0.0,0.0,0.0,0.0,0.099
7758,16.377517658100107,11648.249652500452,0.0,0.0,0.0,0.002,0.088
7760,16.37450943886168,11480.837282160417,0.0,0.0,0.0,0.0,0.14
7762,16.384058742555588,11684.391658621595,0.0,0.0,0.0,0.001,0.062
7764,16.385511068229093,11659.808388507694,0.0,0.0,0.0,0.007,0.069
7801,16.916660863997315,11893.295850953784,0.0,0.0,0.0,0.002,0.036
7803,16.907259009483735,11877.45920079629,0.0,0.0,0.0,0.0,0.037
7821,17.028477014467377,11861.767024461265,0.0,0.0,0.0,0.002,0.049
7828,16.912043448696828,11887.00280258326,0.0,0.0,0.0,0.001,0.037
7834,16.914533101723976,11781.841279126233,0.0,0.0,0.0,0.0,0.073
7836,16.912132917546966,11768.852665236876,0.0,0.0,0.0,0.001,0.082
7838,17.009260324512663,11875.540877256264,0.0,0.0,0.0,0.0,0.047
7840,16.983641471637497,11857.708497863703,0.0,0.0,0.0,0.0,0.058
7843,17.20632853613783,11930.220219207367,0.0,0.0,0.0,0.004,0.041
7847,16.911345920404653,11945.191319408903,0.0,0.0,0.0,0.0,0.019
7849,16.943141190934973,11775.616065536013,0.0,0.0,0.0,0.004,0.071
7850,16.93899603070835,11839.964694703142,0.0,0.0,0.0,0.0,0.058
7852,16.931206376569186,11800.883339995076,0.0,0.0,0.0,0.004,0.065
7853,16.91259468788364,11641.485349046956,0.0,0.0,0.0,0.0,0.111
7856,16.912129030694473,11915.54179940342,0.0,0.0,0.0,0.0,0.032
7857,16.904326922423973,11875.63123433465,0.0,0.0,0.0,0.0,0.035
7866,16.920801671593065,11788.760547410715,0.0,0.0,0.0,0.005,0.072
7869,16.93355241777541,11662.462283232526,0.0,0.0,0.0,0.003,0.105
7874,17.208372172982504,11944.082205780474,0.0,0.0,0.0,0.0,0.038
7876,16.911802459629797,11761.973692218431,0.0,0.0,0.0,0.0,0.075
7878,16.907333124924016,11969.96395198977,0.0,0.0,0.0,0.005,0.01
7885,16.95405459002844,11823.199764168661,0.0,0.0,0.0,0.006,0.059
7901,16.70443688449526,11618.089785822287,0.0,0.0,0.0,0.002,0.109
7920,16.68536176293646,11569.203884463916,0.0,0.0,0.0,0.007,0.129
7921,16.72397972644594,11620.87735386477,0.0,0.0,0.0,0.012,0.105
7922,16.70126642530371,11563.085397975787,0.0,0.0,0.0,0.002,0.12
7924,16.677742726075014,11538.969893765448,0.0,0.0,0.0,0.0,0.14
7927,16.909638435967974,11772.097617207595,0.0,0.0,0.0,0.0,0.064
7928,16.921888146338198,11535.609688868637,0.0,0.0,0.0,0.004,0.163
7930,16.916575840206395,11573.489005882133,0.0,0.0,0.0,0.0,0.142
7931,16.71917663772938,11601.229180136768,0.0,0.0,0.0,0.0,0.116
7932,16.946458486066536,11704.18175743969,0.0,0.0,0.0,0.008,0.095
7933,16.89935907704949,11710.73181810103,0.0,0.0,0.0,0.0,0.096
7935,16.908534341619145,11751.66298708307,0.0,0.0,0.0,0.0,0.079
7936,16.927911425809594,11738.708466760238,0.0,0.0,0.0,0.0,0.086
7940,16.933042213661096,11680.403932457057,0.0,0.0,0.0,0.0,0.102
7945,16.911992204637556,11562.870773942803,0.0,0.0,0.0,0.0,0.145
7946,16.928378317445034,11577.382499208308,0.0,0.0,0.0,0.005,0.134
7950,16.919477831819794,11738.023027044717,0.0,0.0,0.0,0.003,0.088
7960,16.924244425232846,11691.251674946137,0.0,0.0,0.0,0.006,0.096
7974,16.69726998256531,11621.070589600511,0.0,0.0,0.001,0.002,0.112
7980,16.931470937716337,11700.737495680303,0.0,0.0,0.0,0.0,0.104
7981,16.932022092451657,11765.12377645112,0.0,0.0,0.0,0.002,0.079
8002,12.647449451672724,10508.870199879924,0.0,0.0,0.009,0.049,0.088
8003,11.386244527809005,9732.867641885641,0.0,0.008,0.013,0.116,0.28
8004,11.418876754067373,9973.75422517553,0.0,0.0,0.009,0.054,0.179
8007,12.648862338702301,10543.789748761348,0.0,0.0,0.015,0.037,0.061
8009,11.386511728571126,10002.083576300414,0.0,0.002,0.008,0.046,0.172
8010,12.744396553910194,10642.94315490213,0.0,0.0,0.002,0.027,0.057
8012,11.333351842783165,9932.788644728804,0.0,0.003,0.023,0.05,0.182
8016,12.775687523009818,10592.580452303595,0.0,0.0,0.0,0.035,0.102
8020,11.264268113402972,9730.829822076581,0.0,0.005,0.015,0.101,0.269
8021,11.400937419215895,10003.479769391293,0.0,0.0,0.013,0.043,0.157
8022,16.337499655934543,11649.964660028401,0.0,0.0,0.0,0.002,0.073
8023,11.386250901562079,10194.60595770716,0.0,0.0,0.0,0.0,0.073
8026,11.43881919312798,9982.23444838588,0.0,0.0,0.002,0.063,0.198
8027,11.262064638629877,9930.77064420386,0.001,0.005,0.013,0.043,0.203
8028,11.303074523801484,9926.461049927186,0.0,0.0,0.011,0.057,0.224
8029,12.69661733502079,10602.338962133643,0.0,0.0,0.005,0.034,0.064
8030,12.67102954157102,10614.587656818658,0.0,0.0,0.003,0.027,0.06
8031,12.691210991851134,10649.761477874747,0.0,0.0,0.001,0.025,0.042
8032,11.299206996055382,9978.77014950835,0.0,0.0,0.0,0.053,0.222
8033,12.660580447961497,10328.464291705155,0.0,0.0,0.005,0.086,0.201
8034,12.691730327501,10498.573919454022,0.0,0.0,0.006,0.058,0.112
8035,12.678707486185402,10537.000875535343,0.0,0.0,0.0,0.034,0.127
8036,12.737618450388021,10513.71881587784,0.0,0.0,0.0,0.057,0.121
8037,11.208614824582796,9878.683200648582,0.0,0.0,0.003,0.063,0.236
8043,11.413569153502616,9826.876197207883,0.0,0.0,0.006,0.108,0.266
8045,12.654229496511155,10474.347091920074,0.0,0.0,0.008,0.052,0.107
8046,12.719697036756992,10634.901093112076,0.0,0.0,0.006,0.026,0.053
8048,12.738305335337555,10514.473177618958,0.0,0.0,0.0,0.057,0.12
8049,12.682422156752667,10662.952838510431,0.0,0.0,0.0,0.019,0.047
8051,11.30688773537923,9908.682679862673,0.0,0.0,0.004,0.071,0.238
8052,12.730115548754599,10630.162035021054,0.0,0.0,0.006,0.032,0.054
8053,11.466203854213791,9946.2893113355,0.0,0.0,0.007,0.077,0.209
8054,12.740407674038059,10539.450436606054,0.0,0.0,0.0,0.055,0.11
8055,11.475335378215195,9799.166513977047,0.0,0.0,0.005,0.115,0.265
8057,12.716524624245327,10249.683599848702,0.0,0.0,0.002,0.121,0.205
8059,12.653500388405554,10561.357647318635,0.0,0.0,0.008,0.038,0.076
8060,12.709640299329822,10567.310910581265,0.0,0.0,0.007,0.042,0.082
8062,11.314054301384429,9664.544696502287,0.0,0.0,0.001,0.146,0.331
8063,12.549650147186039,10569.606403847767,0.0,0.001,0.002,0.032,0.055
8065,12.759988122804575,10642.72239378197,0.0,0.0,0.0,0.028,0.069
8066,11.2929866044808,10005.592648033953,0.0,0.0,0.007,0.035,0.179
8069,11.39304826225142,9975.704482953775,0.0,0.0,0.013,0.047,0.177
8070,11.364298878267029,10043.424633292805,0.0,0.0,0.005,0.034,0.161
8071,11.287098078780575,10004.450149244129,0.0,0.0,0.004,0.033,0.17
8075,12.75513697266416,10607.793588627545,0.0,0.0,0.0,0.035,0.086
8077,12.740885217412997,10532.640023858634,0.0,0.0,0.0,0.055,0.124
8078,12.707646520559216,10629.807737644549,0.0,0.0,0.0,0.031,0.052
8079,11.3493308974197,9997.87557015384,0.0,0.0,0.009,0.043,0.177
8080,11.306686075167068,9855.63913728601,0.0,0.002,0.004,0.078,0.244
8081,11.363879227128661,9877.318450668976,0.0,0.002,0.025,0.071,0.181
8083,11.39255938359117,9918.638825482998,0.0,0.0,0.013,0.066,0.204
8084,11.422845294030363,10005.571474337263,0.0,0.0,0.0,0.055,0.175
8085,11.30545378628268,9831.624116976558,0.0,0.0,0.008,0.089,0.267
8086,11.27592441692256,9894.77827958949,0.0,0.004,0.011,0.057,0.217
8088,11.470817945607152,9975.36316648423,0.0,0.0,0.003,0.078,0.193
8089,11.418999291143505,9984.399182629882,0.0,0.0,0.003,0.062,0.192
8090,11.28618675465338,9984.512503026785,0.0,0.0,0.002,0.049,0.198
8091,11.414078749001458,10129.772872443493,0.0,0.0,0.002,0.02,0.134
8093,12.526746471977361,10512.80159042765,0.0,0.0,0.006,0.039,0.074
8094,11.294336403419361,9884.3052198308,0.0,0.0,0.002,0.076,0.246
8096,11.298724794042572,9957.05161914083,0.0,0.0,0.005,0.046,0.239
8097,11.276255823314951,9923.8023397791,0.001,0.003,0.007,0.056,0.197
8102,12.597130002320618,10418.30577784553,0.0,0.0,0.024,0.06,0.101
8103,12.677921098273478,10427.79564680446,0.0,0.0,0.02,0.062,0.095
8104,12.611122567646557,10330.600724167816,0.0,0.0,0.034,0.076,0.114
8105,12.659036922976155,10527.504145061035,0.0,0.0,0.018,0.042,0.064
8106,12.679011510659313,10623.82089290611,0.0,0.0,0.0,0.027,0.067
8107,12.667521937209873,10579.79825655535,0.0,0.0,0.001,0.041,0.07
8108,12.633308723728346,10441.424081282485,0.0,0.0,0.012,0.053,0.117
8109,12.701320214936237,10584.357924488188,0.0,0.0,0.001,0.041,0.067
8110,12.629290409998022,10477.595431401349,0.0,0.0,0.02,0.041,0.082
8201,11.111736762921486,9847.461475013934,0.0,0.0,0.015,0.053,0.244
8203,11.09917533313306,9627.63260877634,0.0,0.005,0.032,0.102,0.283
8221,11.125124225024436,9642.55421104366,0.0,0.0,0.015,0.117,0.332
8223,11.092025238155404,9834.850544036604,0.0,0.0,0.002,0.063,0.284
8225,11.131173742488784,9782.323895375948,0.0,0.0,0.018,0.069,0.279
8226,11.078025221442187,9717.929895101903,0.0,0.001,0.01,0.09,0.323
8230,11.090739027191889,9826.832523324865,0.0,0.0,0.006,0.06,0.307
8232,11.124175310741395,9896.941908189676,0.0,0.0,0.012,0.044,0.223
8234,11.137105743410826,9870.208021131968,0.0,0.0,0.007,0.056,0.272
8244,11.152041874502832,9920.232320657738,0.0,0.0,0.01,0.04,0.224
8270,11.087545892949946,9861.552107421998,0.0,0.001,0.009,0.044,0.254
8302,11.239594140688249,9967.946288001187,0.0,0.0,0.008,0.036,0.204
8310,11.08476251540301,9783.071896760419,0.0,0.004,0.024,0.055,0.2
8312,11.253159966102153,9790.591038740413,0.0,0.008,0.03,0.074,0.212
8318,11.39522604598253,10025.513246577386,0.0,0.0,0.003,0.043,0.175
8322,11.313091202117466,9932.061927535622,0.0,0.0,0.005,0.058,0.231
8326,11.134162418999829,9942.96359739344,0.0,0.0,0.005,0.035,0.231
8328,11.307312422605236,10089.117755112995,0.0,0.0,0.001,0.017,0.136
8330,11.13390805206435,9904.536287889994,0.0,0.0,0.008,0.039,0.246
8332,11.226764006341284,9842.879799695498,0.0,0.0,0.019,0.068,0.239
8340,11.134417334711083,10013.916882542126,0.0,0.0,0.0,0.014,0.226
8341,11.150611926423888,9926.59608162455,0.0,0.0,0.002,0.041,0.271
8343,11.32135998662936,9789.308305455936,0.0,0.0,0.004,0.1,0.267
8344,11.295413267909973,10028.310889618544,0.0,0.0,0.003,0.031,0.16
8346,11.13377442027088,10068.585052290653,0.0,0.0,0.0,0.0,0.154
8352,11.254117374481092,9917.70375765575,0.0,0.0,0.0,0.062,0.258
8360,11.260905800954568,10026.438864618576,0.0,0.0,0.0,0.028,0.208
8361,11.23603350945799,9833.388331025542,0.0,0.0,0.019,0.071,0.232
8401,11.124176668711653,9728.491911864134,0.0,0.0,0.034,0.07,0.279
8402,11.156752197041822,9710.00508335146,0.0,0.0,0.011,0.108,0.319
8403,11.130470173544188,9661.057518099748,0.0,0.0,0.018,0.111,0.339
8406,11.145812425233308,9793.687414448115,0.0,0.0,0.015,0.072,0.283
8501,16.398096775897343,11629.553925308783,0.0,0.0,0.0,0.001,0.093
8502,16.66178935638077,11476.03920972458,0.0,0.0,0.0,0.0,0.157
8505,12.743703789440076,10599.399537912757,0.0,0.0,0.0,0.04,0.092
8510,16.406528902150406,11439.889350441103,0.0,0.0,0.0,0.01,0.152
8512,16.645782811479197,11714.669946894965,0.0,0.0,0.0,0.0,0.079
8514,16.3688078523477,11646.813620555062,0.0,0.0,0.0,0.007,0.071
8515,16.334107490377352,11458.296306073498,0.0,0.0,0.0,0.003,0.147
8518,12.724427798533213,10591.275783136563,0.0,0.0,0.004,0.037,0.081
8520,16.650348899582795,11778.93492293321,0.0,0.0,0.0,0.0,0.054
8525,16.66745556622048,11660.436773322259,0.0,0.0,0.0,0.0,0.094
8527,16.24007969488424,11690.071577125877,0.0,0.0,0.0,0.005,0.055
8533,16.231292133928196,11749.356347265937,0.0,0.0,0.0,0.0,0.037
8534,16.669321480594185,11600.464670011146,0.0,0.0,0.0,0.002,0.123
8535,16.36174817204386,11522.89150091656,0.0,0.0,0.0,0.0,0.133
8536,12.99494555735939,10607.401214286972,0.0,0.0,0.001,0.058,0.117
8540,13.004913275385713,10415.252459615187,0.0,0.0,0.0,0.1,0.21
8542,12.990377750350184,10531.318916616048,0.0,0.0,0.0,0.068,0.167
8550,16.656288501387834,11563.425490193093,0.0,0.0,0.0,0.004,0.109
8553,12.996414921570572,10587.835469592455,0.0,0.0,0.0,0.055,0.148
8554,12.740491059001059,10581.269286404244,0.0,0.0,0.001,0.042,0.096
8555,16.36525544110136,11726.140150164747,0.0,0.0,0.0,0.001,0.054
8558,12.998796468863146,10346.075501394404,0.0,0.0,0.0,0.084,0.285
8560,16.64816853024706,11750.976445208968,0.0,0.0,0.0,0.0,0.066
8562,16.359835738874207,11746.561683160391,0.0,0.0,0.0,0.006,0.044
8609,13.006946264434053,10687.372201827478,0.0,0.0,0.007,0.036,0.059
8610,12.940621297677005,10690.871446693282,0.0,0.0,0.009,0.03,0.056
8611,12.989712328928043,10641.878100847733,0.0,0.0,0.006,0.045,0.081
8618,13.00228872460639,10652.522210923558,0.0,0.0,0.008,0.044,0.081
8619,13.016249640749539,10703.5796680718,0.0,0.0,0.0,0.035,0.076
8620,16.634939403153865,11743.811820096089,0.0,0.0,0.0,0.005,0.058
8628,12.998346583059154,10723.778919140641,0.0,0.0,0.0,0.027,0.08
8629,12.947556719903169,10694.82643960413,0.0,0.004,0.008,0.029,0.058
8638,13.044709714787032,10595.197517087292,0.0,0.0,0.011,0.058,0.098
8648,12.965691369147528,10546.9118607066,0.0,0.0,0.009,0.054,0.141
8690,12.966446416831076,10656.240192833853,0.0,0.002,0.004,0.039,0.091
8691,16.658242498921915,11684.60683571129,0.0,0.0,0.0,0.005,0.076
8701,16.254315119117884,11741.62805010858,0.0,0.0,0.0,0.0,0.042
8720,16.4963149930125,11392.752036840919,0.0,0.0,0.0,0.016,0.17
8721,16.26215920816661,11685.462713024985,0.0,0.0,0.0,0.003,0.057
8722,16.230406045524354,11739.734629977414,0.0,0.0,0.0,0.003,0.042
8723,16.25461663458614,11680.246876978541,0.0,0.0,0.0,0.007,0.061
8724,16.2448019791098,11733.658774386575,0.0,0.0,0.0,0.001,0.038
8730,16.366664890641907,11575.997137324575,0.0,0.0,0.0,0.0,0.114
8731,16.243842878256192,11734.482505738693,0.0,0.0,0.0,0.0,0.04
8732,16.238394741654172,11711.291241704115,0.0,0.0,0.0,0.002,0.054
8733,16.29212135619871,11694.417332471025,0.0,0.0,0.0,0.005,0.051
8735,16.261736504819474,11646.816600108432,0.0,0.0,0.0,0.01,0.07
8736,16.386443176010268,11568.532638080507,0.0,0.0,0.0,0.003,0.106
8738,16.236668536177923,11446.354414676314,0.0,0.0,0.0,0.002,0.141
8740,16.23869136531176,11787.15282017165,0.0,0.0,0.0,0.001,0.024
8741,16.23683067869609,11670.254750910037,0.0,0.0,0.0,0.003,0.059
8742,16.24947339846121,11661.692238565094,0.0,0.0,0.0,0.001,0.062
8750,16.379121964296576,11563.687875245232,0.0,0.0,0.0,0.0,0.105
8751,16.36263987305751,11471.623878434395,0.0,0.0,0.0,0.031,0.124
8752,16.250078350812892,11674.349374865773,0.0,0.0,0.0,0.009,0.056
8753,16.25385404240254,11656.225553617354,0.0,0.0,0.0,0.007,0.063
8755,16.24061460891327,11693.469327574549,0.0,0.0,0.0,0.005,0.054
8757,16.26297961750697,11730.494875865958,0.0,0.0,0.0,0.011,0.036
8759,11.392771557301876,10043.40657773442,0.0,0.0,0.014,0.028,0.138
8804,17.008087887831728,11728.905289226554,0.0,0.0,0.0,0.017,0.084
8805,12.978010654815638,10661.81907902854,0.0,0.0,0.006,0.045,0.074
8807,16.674399579199612,11674.447282506568,0.0,0.0,0.0,0.004,0.09
8810,12.9791994610151,10556.762266009926,0.0,0.003,0.003,0.066,0.136
8812,12.991446134455192,10443.77231849789,0.0,0.0,0.0,0.082,0.184
8816,16.664991811843883,11700.94570682296,0.0,0.0,0.0,0.0,0.079
8817,13.009866812844935,10678.913255342357,0.0,0.0,0.0,0.039,0.092
8820,12.983588696270735,10431.722871335787,0.0,0.0,0.0,0.083,0.193
8823,12.995050276781,10706.476904154793,0.0,0.0,0.0,0.031,0.077
8824,12.98846698757811,10426.703625210672,0.0,0.0,0.0,0.086,0.219
8828,16.67120207622265,11826.499754363591,0.0,0.0,0.0,0.005,0.041
8830,12.999345222463807,10648.290974043683,0.0,0.0,0.0,0.044,0.114
8831,16.66462684516982,11724.679952348095,0.0,0.0,0.0,0.0,0.08
8832,12.925341562156062,10433.409028872944,0.0,0.0,0.023,0.079,0.134
8835,13.003905301940843,10691.404994915301,0.0,0.0,0.0,0.028,0.089
8836,16.670781318019227,11503.443639040179,0.0,0.0,0.0,0.0,0.156
8837,12.978857896349616,10659.176810221108,0.0,0.0,0.006,0.038,0.084
8840,12.960615662456943,10546.19891421785,0.0,0.0,0.002,0.059,0.161
8844,16.677681074593007,11624.146068981969,0.0,0.0,0.0,0.0,0.11
8846,12.998616503307503,10705.38591395493,0.0,0.0,0.003,0.02,0.086
8848,16.88543533595445,11821.639249456604,0.0,0.0,0.0,0.0,0.053
8850,12.991092808356132,10631.977439067223,0.0,0.0,0.0,0.049,0.123
8852,12.99706242898154,10554.311603830396,0.0,0.0,0.0,0.066,0.138
8854,12.971825467547157,10595.650745257237,0.0,0.0,0.007,0.055,0.108
8857,16.680134615335287,11734.28320918069,0.0,0.0,0.0,0.008,0.068
8859,16.653094465551064,11825.140308195061,0.0,0.0,0.0,0.0,0.036
8861,12.95651364185269,10696.937055141165,0.0,0.0,0.011,0.026,0.057
8863,13.001564930809716,10676.906024731272,0.0,0.0,0.0,0.044,0.096
8865,17.03927268474689,11911.378847833474,0.0,0.0,0.0,0.006,0.034
8869,13.000211156620567,10689.470174491298,0.0,0.0,0.0,0.04,0.091
8872,16.67187177761019,11810.501179429173,0.0,0.0,0.0,0.0,0.046
8873,12.99044302832754,10613.324708032334,0.0,0.0,0.003,0.057,0.107
8876,16.677984360519673,11748.543284373616,0.0,0.0,0.0,0.002,0.07
8879,16.64767361757256,11843.537077790606,0.0,0.0,0.0,0.0,0.033
8880,12.984835543611476,10743.983670628648,0.0,0.0,0.009,0.026,0.036
8882,16.66868393759137,11820.512041634342,0.0,0.0,0.0,0.004,0.041
8884,16.65429258161412,11813.256520745692,0.0,0.0,0.0,0.0,0.046
8886,17.003787962104187,11812.548749491545,0.0,0.0,0.0,0.0,0.068
8901,12.973093520136374,10549.801818881157,0.0,0.0,0.008,0.065,0.095
8902,12.978478216156553,10682.41841413109,0.0,0.0,0.002,0.036,0.085
8904,12.98423054581999,10655.748818737078,0.0,0.0,0.004,0.042,0.088
87002,9.203305953814517,9245.484329079609,0.0,0.015,0.966,0.999,1.0
87004,9.202509041830274,9260.51138696826,0.0,0.01,0.977,0.997,1.0
87008,9.184161602218026,9077.574528413752,0.0,0.012,0.924,0.998,1.0
87015,9.243072997756864,9318.438203230948,0.0,0.002,0.973,0.999,0.999
87022,9.201121712163802,9208.787632971402,0.0,0.023,0.97,0.993,0.998
87031,9.203467572365986,9250.880742710235,0.0,0.016,0.974,0.996,0.999
87035,9.336897942125441,9293.370636619566,0.0,0.015,0.966,0.994,0.998
87042,9.195105679829894,9235.363707224778,0.0,0.009,0.968,0.998,1.001
87047,9.172354580521363,9206.939099246103,0.0,0.007,0.952,0.998,1.0
87048,9.183717818304189,9192.181057865757,0.0,0.002,0.944,1.001,1.001
87059,9.179869455787648,9193.480881997753,0.0,0.018,0.955,0.998,1.0
87068,9.19372823737959,9223.163914984149,0.0,0.019,0.961,0.999,1.001
87102,9.209385825472722,9171.278472708362,0.0,0.025,0.962,0.993,0.999
87104,9.173523975755742,9207.511282641679,0.0,0.005,0.955,0.999,1.001
87105,9.187842040164126,9233.362282019072,0.0,0.012,0.978,0.997,1.001
87106,9.208819290638532,9150.481446307369,0.0,0.025,0.947,0.994,0.999
87107,9.193255104047122,9186.32462916442,0.0,0.012,0.953,0.996,1.0
87108,9.208874016835049,9163.021165331673,0.0,0.029,0.958,0.997,1.001
87109,9.182231745121715,9219.980569458383,0.0,0.013,0.971,0.998,1.002
87110,9.181151766333796,9225.522522468567,0.0,0.015,0.97,1.001,1.002
87111,9.188274818180398,9175.65673697009,0.0,0.013,0.958,0.996,1.001
87112,9.186032218807389,9220.699475445512,0.0,0.022,0.962,0.997,0.999
87113,9.170883777173122,9235.141414256292,0.0,0.008,0.967,1.002,1.002
87114,9.182191953616265,9224.06122613256,0.0,0.012,0.969,0.998,1.001
87116,9.165810479672928,9317.873324162976,0.0,0.0,0.986,0.999,0.999
87120,9.174435903287998,9257.572868965513,0.0,0.002,0.972,0.997,0.999
87121,9.18385721222688,9242.347628385354,0.0,0.013,0.977,1.0,1.003
87122,9.167282940235586,9057.985844820663,0.0,0.0,0.895,1.0,1.0
87123,9.180109769667261,9229.720905386483,0.0,0.004,0.963,0.997,0.999
87124,9.193644627227766,9277.858000215283,0.0,0.006,0.975,0.998,1.0
87144,9.192486827830614,9278.247553340536,0.0,0.001,0.974,0.999,0.999
87401,9.76347640273597,9465.214269169706,0.0,0.008,0.947,0.999,1.002
87402,9.7612404394793,9463.63485502568,0.0,0.009,0.957,0.997,1.001
87501,9.256927168974892,9205.408562655812,0.0,0.012,0.94,0.998,1.0
87505,9.25508499582148,9260.842952140392,0.0,0.004,0.964,1.002,1.003
87506,9.26924755730608,9180.675042849985,0.0,0.014,0.934,0.999,1.001
87507,9.252786823566733,9312.47318164073,0.0,0.004,0.974,0.999,1.0
87508,9.255199633590053,9191.491436363089,0.0,0.018,0.943,0.999,1.001
88001,10.792371968685156,9715.779695928084,0.0,0.006,0.7,0.989,1.0
88005,10.75422167017135,9792.844016304549,0.0,0.0,0.674,0.995,1.001
88007,10.74528428508482,9809.123835627082,0.0,0.0,0.691,0.994,0.999
88008,10.727387369399683,9845.128208159404,0.0,0.001,0.699,0.997,0.999
88011,10.746763569336187,9777.22175638814,0.0,0.004,0.68,0.994,0.999
88012,10.745439512140587,9808.524986175098,0.0,0.004,0.682,0.996,1.0
88047,10.754249644341163,9817.995284149176,0.0,0.0,0.717,0.995,1.001
88063,10.779512264884067,9699.706555959703,0.0,0.008,0.708,0.985,0.999
89002,12.798384508580543,13009.477029921676,0.0,0.017,0.983,1.002,1.002
89005,12.807774501407897,12963.250815249556,0.0,0.029,0.973,1.0,1.0
89011,12.8022576654743,12962.933366011377,0.0,0.031,0.971,0.998,0.998
89012,12.791047642729515,13014.575005834053,0.0,0.015,0.982,1.001,1.001
89014,12.80105307801684,13036.783355530408,0.0,0.016,0.984,1.0,1.0
89015,12.799663414705021,13034.92129904021,0.0,0.013,0.984,1.0,1.0
89030,12.83841135049639,12967.395438630461,0.0,0.035,0.983,1.002,1.002
89032,12.807729546390906,13029.502220570128,0.0,0.022,0.985,1.001,1.001
89044,12.801958860595716,12937.214961066878,0.0,0.032,0.969,1.0,1.0
89052,12.801808523290639,12904.878300500513,0.0,0.04,0.968,1.0,1.0
89074,12.808679356074816,12954.98942309,0.0,0.029,0.972,0.999,0.999
89101,12.850467814291278,12928.896905648056,0.0,0.042,0.973,1.0,1.0
89102,12.807110248502307,13005.957444964839,0.0,0.028,0.981,1.001,1.001
89103,12.828919068468279,12976.613918927913,0.0,0.033,0.977,1.0,1.0
89104,12.82807516324659,12977.286370474101,0.0,0.032,0.974,1.001,1.001
89106,12.838683642694381,12945.92401408501,0.0,0.033,0.981,1.002,1.002
89107,12.805161574923847,13037.365766775361,0.0,0.013,0.986,1.0,1.0
89108,12.832776548603528,12965.63174497529,0.0,0.029,0.981,0.999,0.999
89109,12.831388551819666,12841.390280625785,0.0,0.054,0.962,1.001,1.001
89110,12.844428824713672,12961.957176115517,0.0,0.037,0.979,0.999,0.999
89113,12.816927198353024,12969.430648575288,0.0,0.033,0.972,1.0,1.0
89115,12.843004786362394,12990.526272280882,0.0,0.034,0.983,1.001,1.001
89117,12.819540080824694,12986.555619122732,0.0,0.022,0.977,1.002,1.002
89118,12.807114630617649,12983.59776496236,0.0,0.027,0.977,1.0,1.0
89119,12.820163411293517,13001.973511176559,0.0,0.028,0.985,1.002,1.002
89120,12.798722333622388,13059.410565526645,0.0,0.008,0.987,1.0,1.0
89121,12.857159376216336,12952.489871470707,0.0,0.039,0.98,1.001,1.001
89122,12.810226784697553,13037.902442944445,0.0,0.013,0.984,0.998,0.998
89123,12.792646116107724,13014.102141238478,0.0,0.02,0.979,1.001,1.001
89128,12.801884768298509,13028.105819353375,0.0,0.015,0.986,1.0,1.0
89129,12.798953876346264,12986.713459860604,0.0,0.021,0.976,1.002,1.002
89130,12.794747948896166,13022.51472357204,0.0,0.024,0.986,1.001,1.001
89134,12.805023817007044,12984.390277875462,0.0,0.025,0.98,1.0,1.0
89135,12.803358104739736,12911.595105446768,0.0,0.027,0.958,0.999,0.999
89138,12.789841651456454,12850.509722999526,0.0,0.019,0.95,0.997,0.997
89139,12.781120314661283,13043.9253529178,0.0,0.012,0.984,1.001,1.001
89141,12.804843679570965,12882.297356693782,0.0,0.047,0.961,1.0,1.0
89142,12.830179115189694,12997.467878478554,0.0,0.032,0.981,0.999,0.999
89144,12.80454886868506,12862.93265853754,0.0,0.039,0.96,1.001,1.001
89145,12.814700745424368,12980.372464320175,0.0,0.022,0.977,1.001,1.001
89146,12.81438956849331,12969.725020750519,0.0,0.03,0.974,0.999,0.999
89147,12.812059596197361,13022.552239539662,0.0,0.022,0.985,0.999,0.999
89148,12.80279824372486,13015.138286831749,0.0,0.015,0.981,0.998,0.998
89156,12.830765841495584,13022.55025494296,0.0,0.022,0.983,1.0,1.0
89158,12.815367401861186,12850.789380322256,0.0,0.045,0.955,1.001,1.001
89166,12.794526434215385,12969.837302217142,0.0,0.03,0.976,0.999,0.999
89169,12.852905370178723,12955.105135863498,0.0,0.037,0.978,0.999,0.999
89178,12.809286832436493,12982.365762470905,0.0,0.024,0.974,1.0,1.0
89183,12.799272057990292,13035.250587617536,0.0,0.021,0.984,1.0,1.0
89403,14.143528054953501,13484.200412602871,0.0,0.002,0.986,1.0,1.0
89410,13.82726452484035,13332.354145922422,0.0,0.009,0.976,1.0,1.0
89423,13.819856237633271,13328.39802113897,0.0,0.002,0.972,1.0,1.0
89431,14.287704618339946,13531.456131688792,0.0,0.01,0.985,0.998,0.998
89433,14.285319013109126,13545.58744550739,0.0,0.003,0.989,0.999,0.999
89434,14.281370842320127,13532.25420989333,0.0,0.004,0.987,1.002,1.002
89436,14.285784084210396,13487.208934011102,0.0,0.004,0.972,1.0,1.0
89439,11.961387177702836,12570.48962600875,0.0,0.059,0.97,1.0,1.0
89441,14.296991429225866,13367.860450447919,0.0,0.01,0.946,1.0,1.0
89501,14.381008123670357,13354.640636127891,0.0,0.029,0.959,0.999,1.0
89502,14.30449591914911,13523.478261512917,0.0,0.009,0.984,1.002,1.002
89503,14.312062090696509,13475.473622436719,0.0,0.011,0.981,1.0,1.001
89506,14.291161368189382,13521.519148262898,0.0,0.004,0.983,0.999,0.999
89508,14.27768988679729,13544.091855491326,0.0,0.002,0.991,1.001,1.001
89509,14.286861596028507,13470.752167712411,0.0,0.005,0.97,0.999,0.999
89510,14.290093043369685,13493.074572932157,0.0,0.009,0.98,1.0,1.0
89511,14.293003621125083,13375.152148521795,0.0,0.009,0.953,1.001,1.001
89512,14.318624407013854,13483.68032424858,0.0,0.013,0.977,1.001,1.001
89519,14.279784931891427,13270.760488178652,0.0,0.018,0.929,1.001,1.001
89521,14.294663653339184,13425.683768103223,0.0,0.008,0.965,1.001,1.001
89523,14.288602596863717,13464.180587746527,0.0,0.001,0.97,1.001,1.001
89701,14.134347646924683,13453.572314867357,0.0,0.001,0.978,1.001,1.001
89703,14.145639180120163,13378.682366690158,0.0,0.013,0.962,1.0,1.0
89705,13.817202006513455,13373.107431066142,0.0,0.004,0.983,1.001,1.001
89706,14.14302636303813,13493.512166279506,0.0,0.0,0.99,0.998,0.999
10001,9.052246474821427,13820.109971143414,0.0,0.0,0.0,0.0,0.0
10002,9.040678586514863,13859.521211431374,0.0,0.0,0.0,0.0,0.0
10003,9.072702718362734,13686.46446041114,0.0,0.0,0.0,0.0,0.0
10004,9.070905119127238,13666.007746443982,0.0,0.0,0.0,0.0,0.0
10005,9.061447818808684,13745.214565440014,0.0,0.0,0.0,0.0,0.0
10006,9.069728413595431,13706.392490101236,0.0,0.0,0.0,0.0,0.0
10007,9.061026796978203,13546.500072594323,0.0,0.0,0.0,0.0,0.0
10009,9.063881374517258,13814.865025399991,0.0,0.0,0.0,0.0,0.0
10010,9.079848639536731,13685.062547222893,0.0,0.0,0.0,0.0,0.0
10011,9.034135688260598,13726.094358193213,0.0,0.0,0.0,0.0,0.0
10012,9.08955612302431,13765.765686608112,0.0,0.0,0.0,0.0,0.0
10013,9.07431037760138,13740.072267717816,0.0,0.0,0.0,0.0,0.0
10014,9.066070062656296,13748.659229608258,0.0,0.0,0.0,0.0,0.0
10016,9.062986801068925,13712.001886611519,0.0,0.0,0.0,0.0,0.0
10017,9.073452523613286,13842.350854506683,0.0,0.0,0.0,0.0,0.0
10018,9.064277122347711,13691.931089133474,0.0,0.0,0.0,0.0,0.0
10019,9.063391776800934,13737.959690363046,0.0,0.0,0.0,0.0,0.0
10021,9.061022813665337,13781.468678635558,0.0,0.0,0.0,0.0,0.0
10022,9.064983413019723,13770.836086521984,0.0,0.0,0.0,0.0,0.0
10023,9.059822582952005,13800.84294642853,0.0,0.0,0.0,0.0,0.0
10024,9.056890314389127,13701.054000279513,0.0,0.0,0.0,0.0,0.0
10025,9.066131073124012,13794.539566987512,0.0,0.0,0.0,0.0,0.0
10026,9.0375634295766,13857.6568723875,0.0,0.0,0.0,0.0,0.0
10027,9.069768583282968,13804.032069626375,0.0,0.0,0.0,0.0,0.0
10028,9.058458041127219,13761.082846113746,0.0,0.0,0.0,0.0,0.0
10029,9.056469970977387,13808.179160328764,0.0,0.0,0.0,0.0,0.0
10030,9.063005472586894,13908.389710465199,0.0,0.0,0.0,0.0,0.0
10031,9.069118759157393,13923.82226645186,0.0,0.0,0.0,0.0,0.0
10032,9.063118832432767,13949.265193430174,0.0,0.0,0.0,0.0,0.0
10033,9.051053026723851,13874.214258721702,0.0,0.0,0.0,0.0,0.0
10034,9.079326587465728,13922.151002671353,0.0,0.0,0.0,0.0,0.0
10035,9.06746125318395,13818.222868730993,0.0,0.0,0.0,0.0,0.0
10036,9.064093282799824,13846.064758294751,0.0,0.0,0.0,0.0,0.0
10037,9.072051076176772,13780.526823392429,0.0,0.0,0.0,0.0,0.0
10038,9.063084591760218,13740.93015384788,0.0,0.0,0.0,0.0,0.0
10039,9.04958471109674,13902.288268148053,0.0,0.0,0.0,0.0,0.0
10040,9.055448052679493,13921.780093106421,0.0,0.0,0.0,0.0,0.0
10044,9.073258739163656,13840.546587950641,0.0,0.0,0.0,0.0,0.0
10065,9.059923885739586,13763.113826805038,0.0,0.0,0.0,0.0,0.0
10069,9.060560292261673,13557.57086809751,0.0,0.0,0.0,0.0,0.0
10075,9.071697507438857,13794.555024878367,0.0,0.0,0.0,0.0,0.0
10128,9.060867779196299,13761.59610280446,0.0,0.0,0.0,0.0,0.0
10280,9.059066149747034,13720.815735913164,0.0,0.0,0.0,0.0,0.0
10282,9.071093789791394,13558.456630437324,0.0,0.0,0.0,0.0,0.0
10301,8.711086063954955,13753.894236675875,0.0,0.0,0.0,0.0,0.0
10302,8.733472286012848,13780.769906846137,0.0,0.0,0.0,0.0,0.0
10303,8.723553147616707,13760.924159940829,0.0,0.0,0.0,0.0,0.0
10304,8.70856243606724,13722.543055951663,0.0,0.0,0.0,0.0,0.0
10305,8.740736071818615,13784.365784058933,0.0,0.0,0.0,0.0,0.0
10306,8.735207826363428,13774.174465734288,0.0,0.0,0.0,0.0,0.0
10307,8.716228519610587,13711.52961965892,0.0,0.0,0.0,0.0,0.0
10308,8.7352593334049,13714.814177268448,0.0,0.0,0.0,0.0,0.0
10309,8.724321339061744,13700.948291848717,0.0,0.0,0.0,0.0,0.0
10310,8.71487642669325,13756.425792824362,0.0,0.0,0.0,0.0,0.0
10312,8.71365022769126,13786.630989484189,0.0,0.0,0.0,0.0,0.0
10314,8.735912264414454,13781.511741278371,0.0,0.0,0.0,0.0,0.0
10451,8.696994171258787,13710.296825507152,0.0,0.0,0.0,0.0,0.0
10452,8.728221988370718,13812.743257018783,0.0,0.0,0.0,0.0,0.0
10453,8.679386102514608,13690.790155760435,0.0,0.0,0.0,0.0,0.0
10454,8.723512474032468,13689.835056140397,0.0,0.0,0.0,0.0,0.0
10455,8.72427001016654,13735.371577211543,0.0,0.0,0.0,0.0,0.0
10456,8.70402682448752,13732.695452046095,0.0,0.0,0.0,0.0,0.0
10457,8.724115539844387,13746.77467398756,0.0,0.0,0.0,0.0,0.0
10458,8.746759827033623,13838.143582044722,0.0,0.0,0.0,0.0,0.0
10459,8.751190778742822,13805.94854064698,0.0,0.0,0.0,0.0,0.0
10460,8.71704036384857,13761.237725639814,0.0,0.0,0.0,0.0,0.0
10461,8.710947073516197,13824.737968994727,0.0,0.0,0.0,0.0,0.0
10462,8.71217442442454,13796.835127941524,0.0,0.0,0.0,0.0,0.0
10463,8.752448122211755,13793.361673317218,0.0,0.0,0.0,0.0,0.0
10464,8.722130658493176,13687.14811901817,0.0,0.0,0.0,0.0,0.0
10465,8.709309489063111,13698.479112207815,0.0,0.0,0.0,0.0,0.0
10466,8.72945260501426,13740.09854125735,0.0,0.0,0.0,0.0,0.0
10467,8.725902414721029,13778.573245901262,0.0,0.0,0.0,0.0,0.0
10468,8.749022441210965,13734.32190557422,0.0,0.0,0.0,0.0,0.0
10469,8.736272399525877,13758.057236875702,0.0,0.0,0.0,0.0,0.0
10470,8.727869179648685,13769.975355894523,0.0,0.0,0.0,0.0,0.0
10471,8.736532014726723,13785.684860363357,0.0,0.0,0.0,0.0,0.0
10472,8.723824455661966,13717.537260122264,0.0,0.0,0.0,0.0,0.0
10473,8.708409980284506,13759.037178500497,0.0,0.0,0.0,0.0,0.0
10474,8.725144109742626,13719.653853077989,0.0,0.0,0.0,0.0,0.0
10475,8.727270918083413,13848.906770155556,0.0,0.0,0.0,0.0,0.0
10501,8.821701088164716,13566.910518813795,0.0,0.0,0.0,0.0,0.0
10502,8.82534445850354,13490.692475024018,0.0,0.0,0.0,0.0,0.0
10504,8.827512755997562,13565.725825787951,0.0,0.0,0.0,0.0,0.0
10505,16.170394679307737,15493.076445253706,0.0,0.0,0.0,0.0,0.0
10506,8.82864119132925,13578.50320416214,0.0,0.0,0.0,0.0,0.0
10507,8.81689097187722,13745.453780375663,0.0,0.0,0.0,0.0,0.0
10510,8.839232318385237,13610.202278649693,0.0,0.0,0.0,0.0,0.0
10511,8.813609101752183,13749.253712809454,0.0,0.0,0.0,0.0,0.0
10514,8.825054647847296,13539.11765026717,0.0,0.0,0.0,0.0,0.0
10516,11.537943523013618,14599.76642472201,0.0,0.0,0.0,0.0,0.0
10517,8.837291309079475,13839.524666503532,0.0,0.0,0.0,0.0,0.0
10520,8.827335077345857,13729.192444993914,0.0,0.0,0.0,0.0,0.0
10522,8.827221438705983,13703.110920373287,0.0,0.0,0.0,0.0,0.0
10523,8.813330651725355,13786.335254300848,0.0,0.0,0.0,0.0,0.0
10524,11.554773864716909,14672.313220239479,0.0,0.0,0.0,0.0,0.0
10526,16.169744066699657,15389.887936492782,0.0,0.0,0.0,0.0,0.0
10527,16.166324623288,15377.06837790602,0.0,0.0,0.0,0.0,0.0
10528,8.80471629224443,13699.219172917,0.0,0.0,0.0,0.0,0.0
10530,8.821975738140528,13726.455596825817,0.0,0.0,0.0,0.0,0.0
10532,8.812775939235955,13727.694033030803,0.0,0.0,0.0,0.0,0.0
10533,8.81880991612494,13603.216704172502,0.0,0.0,0.0,0.0,0.0
10536,8.825896816721649,13561.948111090933,0.0,0.0,0.0,0.0,0.0
10537,11.53445313054812,14672.863918569185,0.0,0.0,0.0,0.0,0.0
10538,8.82793787207046,13534.77005009248,0.0,0.0,0.0,0.0,0.0
10541,16.21254976308777,15508.203482686347,0.0,0.0,0.0,0.0,0.0
10543,8.832105092321118,13694.880191286105,0.0,0.0,0.0,0.0,0.0
10546,8.826963792207945,13648.675444888882,0.0,0.0,0.0,0.0,0.0
10547,8.819806325294271,13742.5703089608,0.0,0.0,0.0,0.0,0.0
10548,8.81867558273319,13791.116853465095,0.0,0.0,0.0,0.0,0.0
10549,8.81938539141358,13688.114939079214,0.0,0.0,0.0,0.0,0.0
10550,8.777871085583495,13751.150716710634,0.0,0.0,0.0,0.0,0.0
10552,8.827634852947178,13762.412489990898,0.0,0.0,0.0,0.0,0.0
10553,8.816969123106817,13832.368400075706,0.0,0.0,0.0,0.0,0.0
10560,16.190801002572695,15391.783636687953,0.0,0.0,0.0,0.0,0.0
10562,8.823690318945813,13775.044909902259,0.0,0.0,0.0,0.0,0.0
10566,8.796053355651845,13824.783643620682,0.0,0.0,0.0,0.0,0.0
10567,11.398916066989681,14596.869250073678,0.0,0.0,0.0,0.0,0.0
10570,8.818088135632708,13655.58468408864,0.0,0.0,0.0,0.0,0.0
10573,8.818284812049306,13769.76212411911,0.0,0.0,0.0,0.0,0.0
10576,8.82342233574045,13538.234631358862,0.0,0.0,0.0,0.0,0.0
10577,8.821155358028996,13493.460517846566,0.0,0.0,0.0,0.0,0.0
10578,16.165371668974004,15330.810595451901,0.0,0.0,0.0,0.0,0.0
10579,11.53519391861645,14634.8810767205,0.0,0.0,0.0,0.0,0.0
10580,8.825706342015463,13540.275746778563,0.0,0.0,0.0,0.0,0.0
10583,8.835328554087793,13591.808009424434,0.0,0.0,0.0,0.0,0.0
10588,8.82645482004011,13760.240922853021,0.0,0.0,0.0,0.0,0.0
10589,16.202658449841202,15453.070712228495,0.0,0.0,0.0,0.0,0.0
10591,8.821297297554171,13732.69350741194,0.0,0.0,0.0,0.0,0.0
10594,8.835273751334848,13713.123365455871,0.0,0.0,0.0,0.0,0.0
10595,8.804624262116429,13578.16704087372,0.0,0.0,0.0,0.0,0.0
10596,8.815137902278892,13820.418902173318,0.0,0.0,0.0,0.0,0.0
10598,8.824297270971742,13699.530037638217,0.0,0.0,0.0,0.0,0.0
10601,8.823892570214007,13802.683863721859,0.0,0.0,0.0,0.0,0.0
10603,8.821633400425618,13793.9640859183,0.0,0.0,0.0,0.0,0.0
10604,8.821118711244482,13743.594676545537,0.0,0.0,0.0,0.0,0.0
10605,8.821126365292976,13704.745004760427,0.0,0.0,0.0,0.0,0.0
10606,8.81238406729368,13772.941323172692,0.0,0.0,0.0,0.0,0.0
10607,8.81700813806155,13717.92548579591,0.0,0.0,0.0,0.0,0.0
10701,8.810637173091237,13763.018045701529,0.0,0.0,0.0,0.0,0.0
10703,8.813584103607383,13811.160450170042,0.0,0.0,0.0,0.0,0.0
10704,8.811785860523075,13797.769087626053,0.0,0.0,0.0,0.0,0.0
10705,8.805629461461,13741.172412168362,0.0,0.0,0.0,0.0,0.0
10706,8.818964187312831,13653.497355816988,0.0,0.0,0.0,0.0,0.0
10707,8.818794603124909,13749.412373302515,0.0,0.0,0.0,0.0,0.0
10708,8.814136582782044,13721.74999951762,0.0,0.0,0.0,0.0,0.0
10709,8.825375463997586,13679.32594566742,0.0,0.0,0.0,0.0,0.0
10710,8.826547202384074,13773.787943394636,0.0,0.0,0.0,0.0,0.0
10801,8.823719470128285,13798.55801295391,0.0,0.0,0.0,0.0,0.0
10803,8.828539221618257,13570.232521480588,0.0,0.0,0.0,0.0,0.0
10804,8.82101917826967,13605.158777563429,0.0,0.0,0.0,0.0,0.0
10901,10.675163251683662,14440.402414272605,0.0,0.0,0.0,0.0,0.0
10913,10.681555371432934,14347.725770736695,0.0,0.0,0.0,0.0,0.0
10920,10.68029707703913,14387.970040374094,0.0,0.0,0.0,0.0,0.0
10923,10.68978302218771,14492.47045722023,0.0,0.0,0.0,0.0,0.0
10927,10.668814490738228,14445.127798317342,0.0,0.0,0.0,0.0,0.0
10931,10.697570900297807,14528.264619456582,0.0,0.0,0.0,0.0,0.0
10952,10.685826830969534,14491.83539496117,0.0,0.0,0.0,0.0,0.0
10954,10.6879303954926,14420.889700227905,0.0,0.0,0.0,0.0,0.0
10956,10.680184881234968,14332.302145441465,0.0,0.0,0.0,0.0,0.0
10960,10.682977458911342,14385.233357850171,0.0,0.0,0.0,0.0,0.0
10962,10.669029132512966,14336.31339785322,0.0,0.0,0.0,0.0,0.0
10964,10.657658169154415,14274.462173355461,0.0,0.0,0.0,0.0,0.0
10965,10.678838442889585,14376.796394980096,0.0,0.0,0.0,0.0,0.0
10968,10.661625181577872,14391.665925798849,0.0,0.0,0.0,0.0,0.0
10970,10.65528157056439,14434.697284877175,0.0,0.0,0.0,0.0,0.0
10974,10.679933002260153,14444.455533438166,0.0,0.0,0.0,0.0,0.0
10976,10.657542343187243,14367.316656027824,0.0,0.0,0.0,0.0,0.0
10977,10.668340426568884,14501.890585395127,0.0,0.0,0.0,0.0,0.0
10980,10.665448757839581,14422.59941378263,0.0,0.0,0.0,0.0,0.0
10983,10.685992208554945,14374.146674777441,0.0,0.0,0.0,0.0,0.0
10984,10.689743369263391,14430.95430474848,0.0,0.0,0.0,0.0,0.0
10986,10.657129742361937,14192.172492901089,0.0,0.0,0.0,0.0,0.0
10989,10.653941875183131,14368.233375968926,0.0,0.0,0.0,0.0,0.0
10993,10.695201499241659,14530.493727279194,0.0,0.0,0.0,0.0,0.0
10994,10.654707576719211,14355.094172152227,0.0,0.0,0.0,0.0,0.0
11001,8.549204198696057,13627.160554769944,0.0,0.0,0.0,0.0,0.0
11003,8.539853533686113,13675.322357564231,0.0,0.0,0.0,0.0,0.0
11004,8.681515006640272,13781.176700457554,0.0,0.0,0.0,0.0,0.0
11005,8.609633718240875,13649.995078633714,0.0,0.0,0.0,0.0,0.0
11010,11.12210781484002,14548.360026475475,0.0,0.0,0.0,0.0,0.0
11020,11.114450289279059,14459.051468246927,0.0,0.0,0.0,0.0,0.0
11021,11.1031074409661,14496.071725097434,0.0,0.0,0.0,0.0,0.0
11023,11.12887704298114,14479.992339034032,0.0,0.0,0.0,0.0,0.0
11024,11.103506262609638,14532.560801184525,0.0,0.0,0.0,0.0,0.0
11030,11.09204346043824,14351.255265232465,0.0,0.0,0.0,0.0,0.0
11040,8.539192571201863,13593.140106524881,0.0,0.0,0.0,0.0,0.001
11050,11.116651135263764,14468.42331680366,0.0,0.0,0.0,0.0,0.0
11096,8.533627793674718,13703.68735605029,0.0,0.0,0.0,0.0,0.0
11101,8.687495885927197,13665.898864768042,0.0,0.0,0.0,0.0,0.0
11102,8.673315263705286,13785.222099507653,0.0,0.0,0.0,0.0,0.0
11103,8.679693621163281,13789.325570979458,0.0,0.0,0.0,0.0,0.0
11104,8.66110434056456,13799.604458099917,0.0,0.0,0.0,0.0,0.0
11105,8.656456279367674,13772.779147669433,0.0,0.0,0.0,0.0,0.0
11106,8.658189163334361,13727.156916004635,0.0,0.0,0.0,0.0,0.0
11109,8.676274744081931,13643.157146087771,0.0,0.0,0.0,0.0,0.0
11201,8.696014917916239,13546.495025846381,0.0,0.0,0.0,0.0,0.0
11203,8.697662671658122,13786.765037001796,0.0,0.0,0.0,0.0,0.0
11204,8.694587996617033,13830.475442616513,0.0,0.0,0.0,0.0,0.0
11205,8.679364199892232,13663.452645825439,0.0,0.0,0.0,0.0,0.0
11206,8.690754145261415,13689.06771976704,0.0,0.0,0.0,0.0,0.0
11207,8.664387350833136,13706.368974142477,0.0,0.0,0.0,0.0,0.0
11208,8.673145173034428,13687.33680020357,0.0,0.0,0.0,0.0,0.0
11209,8.679315550787724,13737.514568786639,0.0,0.0,0.0,0.0,0.0
11210,8.702343504653046,13790.204615542594,0.0,0.0,0.0,0.0,0.0
11211,8.67227135300084,13641.136761143498,0.0,0.0,0.0,0.0,0.0
11212,8.713661806389235,13725.426320060615,0.0,0.0,0.0,0.0,0.0
11213,8.686781173998572,13794.646227611345,0.0,0.0,0.0,0.0,0.0
11214,8.681196177480059,13760.404979154864,0.0,0.0,0.0,0.0,0.0
11215,8.706225032058688,13609.17841198202,0.0,0.0,0.0,0.0,0.0
11216,8.700609410439764,13735.206279725744,0.0,0.0,0.0,0.0,0.0
11217,8.670460220785447,13594.081399882036,0.0,0.0,0.0,0.0,0.0
11218,8.700357114124408,13763.902621277635,0.0,0.0,0.0,0.0,0.0
11219,8.692244819684582,13817.653137060151,0.0,0.0,0.0,0.0,0.0
11220,8.680580461794499,13794.200540513002,0.0,0.0,0.0,0.0,0.0
11221,8.685930667225405,13751.717363604224,0.0,0.0,0.0,0.0,0.0
11222,8.686178963420378,13736.084389232637,0.0,0.0,0.0,0.0,0.0
11223,8.696573021825218,13768.622277124323,0.0,0.0,0.0,0.0,0.0
11224,8.686730109645334,13751.059928582828,0.0,0.0,0.0,0.0,0.0
11225,8.689988862572877,13765.647428497623,0.0,0.0,0.0,0.0,0.0
11226,8.691713856740563,13758.884163168119,0.0,0.0,0.0,0.0,0.0
11228,8.67772114125267,13732.897681065708,0.0,0.0,0.0,0.0,0.0
11229,8.696402696986704,13777.787388288603,0.0,0.0,0.0,0.0,0.0
11230,8.694969061543173,13761.027204799515,0.0,0.0,0.0,0.0,0.0
11231,8.715605863194574,13650.081278410978,0.0,0.0,0.0,0.0,0.0
11232,8.694139991448363,13765.652985072677,0.0,0.0,0.0,0.0,0.0
11233,8.690771511212379,13710.069720939,0.0,0.0,0.0,0.0,0.0
11234,8.685104728202834,13734.869291505967,0.0,0.0,0.0,0.0,0.0
11235,8.693867147666921,13763.674621320239,0.0,0.0,0.0,0.0,0.0
11236,8.675516249994795,13727.915044870811,0.0,0.0,0.0,0.0,0.0
11237,8.679226076808249,13745.674674088235,0.0,0.0,0.0,0.0,0.0
11238,8.688059871505711,13637.643171029677,0.0,0.0,0.0,0.0,0.0
11239,8.697155140335143,13791.544064626652,0.0,0.0,0.0,0.0,0.0
11249,8.695304059633363,13664.463746951395,0.0,0.0,0.0,0.0,0.0
11354,8.68584769489214,13794.799374511314,0.0,0.0,0.0,0.0,0.0
11355,8.654427959226682,13755.565483510518,0.0,0.0,0.0,0.0,0.0
11356,8.666816057931015,13826.707589850756,0.0,0.0,0.0,0.0,0.0
11357,8.671055101561846,13745.949329609202,0.0,0.0,0.0,0.0,0.0
11358,8.66457724093753,13757.97255580806,0.0,0.0,0.0,0.0,0.0
11360,8.658296082877685,13771.968487710667,0.0,0.0,0.0,0.0,0.0
11361,8.664837814303212,13762.18104348553,0.0,0.0,0.0,0.0,0.0
11362,8.669224907265177,13779.556716068462,0.0,0.0,0.0,0.0,0.0
11363,8.661341260178476,13705.157679058297,0.0,0.0,0.0,0.0,0.0
11364,8.680897673357283,13794.85060590477,0.0,0.0,0.0,0.0,0.0
11365,8.662496033780902,13718.177430764812,0.0,0.0,0.0,0.0,0.0
11366,8.663135514633334,13783.537907513053,0.0,0.0,0.0,0.0,0.0
11367,8.66620265932256,13711.90147309689,0.0,0.0,0.0,0.0,0.0
11368,8.678309635576465,13831.888282847396,0.0,0.0,0.0,0.0,0.0
11369,8.683438122184944,13824.775167053853,0.0,0.0,0.0,0.0,0.0
11370,8.667844431586925,13789.578138434194,0.0,0.0,0.0,0.0,0.0
11372,8.672695383003086,13805.317370340985,0.0,0.0,0.0,0.0,0.0
11373,8.660944589088205,13841.034007927716,0.0,0.0,0.0,0.0,0.0
11374,8.664665114729885,13778.580971460235,0.0,0.0,0.0,0.0,0.0
11375,8.662909014415238,13668.576418252851,0.0,0.0,0.0,0.0,0.0
11377,8.669885637322803,13822.216761890486,0.0,0.0,0.0,0.0,0.0
11378,8.667128021170871,13778.302840609185,0.0,0.0,0.0,0.0,0.0
11379,8.655426184807038,13753.290046748243,0.0,0.0,0.0,0.0,0.0
11385,8.672609629535975,13799.669273206258,0.0,0.0,0.0,0.0,0.0
11411,8.678870567239533,13724.572169171579,0.0,0.0,0.0,0.0,0.0
11412,8.680808862870544,13769.173860271878,0.0,0.0,0.0,0.0,0.0
11413,8.672510538973192,13791.739949507695,0.0,0.0,0.0,0.0,0.0
11414,8.681000057723727,13699.783209076044,0.0,0.0,0.0,0.0,0.0
11415,8.671408102288163,13803.793149643314,0.0,0.0,0.0,0.0,0.0
11416,8.679808773592631,13794.8152131679,0.0,0.0,0.0,0.0,0.0
11417,8.65629013377968,13783.817312584695,0.0,0.0,0.0,0.0,0.0
11418,8.671054363966643,13785.153287896963,0.0,0.0,0.0,0.0,0.0
11419,8.682459073563356,13827.264278211675,0.0,0.0,0.0,0.0,0.0
11420,8.675356075878346,13805.544642119565,0.0,0.0,0.0,0.0,0.0
11421,8.675552914166667,13801.469738557538,0.0,0.0,0.0,0.0,0.0
11422,8.678130587606125,13809.920841422178,0.0,0.0,0.0,0.0,0.0
11423,8.67968175478037,13771.819314752285,0.0,0.0,0.0,0.0,0.0
11426,8.67669547748802,13818.843072372434,0.0,0.0,0.0,0.0,0.0
11427,8.654543608260257,13773.405455082644,0.0,0.0,0.0,0.0,0.0
11428,8.668222258049257,13776.937960598552,0.0,0.0,0.0,0.0,0.0
11429,8.662296586304537,13744.38123983046,0.0,0.0,0.0,0.0,0.0
11432,8.671727798544424,13794.074462890929,0.0,0.0,0.0,0.0,0.0
11433,8.673679204660457,13795.74157303702,0.0,0.0,0.0,0.0,0.0
11434,8.666342979871144,13741.545791870194,0.0,0.0,0.0,0.0,0.0
11435,8.666655698059248,13832.277273383657,0.0,0.0,0.0,0.0,0.0
11436,8.672468210813223,13754.211653326909,0.0,0.0,0.0,0.0,0.0
11501,11.108249013979151,14538.754426492234,0.0,0.0,0.0,0.0,0.0
11507,11.108781854743944,14524.120734948134,0.0,0.0,0.0,0.0,0.0
11509,11.115152750590504,14528.301530527615,0.0,0.0,0.0,0.0,0.0
11510,11.1206681887302,14543.796256452155,0.0,0.0,0.0,0.0,0.0
11514,11.118459112791317,14556.858911046473,0.0,0.0,0.0,0.0,0.0
11516,8.529090781988913,13660.630108802377,0.0,0.0,0.0,0.0,0.0
11518,11.133509123684464,14561.799612817702,0.0,0.0,0.0,0.0,0.0
11520,11.128572169101174,14583.055248028775,0.0,0.0,0.0,0.0,0.0
11530,11.118984159908434,14445.095055133808,0.0,0.0,0.0,0.0,0.0
11542,11.106182535401796,14495.609604506944,0.0,0.0,0.0,0.0,0.0
11545,11.114103463290482,14470.234215658364,0.0,0.0,0.0,0.0,0.0
11548,11.112499915169979,14447.231155712463,0.0,0.0,0.0,0.0,0.0
11550,11.133762849955145,14609.548167557654,0.0,0.0,0.0,0.0,0.0
11552,11.114776919283587,14487.325582595313,0.0,0.0,0.0,0.0,0.0
11553,11.113704995171966,14571.14853982825,0.0,0.0,0.0,0.0,0.0
11554,11.120904238958161,14521.67821547756,0.0,0.0,0.0,0.0,0.0
11557,11.097222858973408,14475.11567156069,0.0,0.0,0.0,0.0,0.0
11558,11.095084058387732,14562.99859828031,0.0,0.0,0.0,0.0,0.0
11559,8.525820436892344,13537.699317054215,0.0,0.0,0.0,0.0,0.0
11560,11.102836943666905,14404.067049677922,0.0,0.0,0.0,0.0,0.0
11561,11.112231199528601,14522.721012065887,0.0,0.0,0.0,0.0,0.0
11563,11.11405655569874,14519.79520026041,0.0,0.0,0.0,0.0,0.0
11565,11.083610804006064,14457.326942154963,0.0,0.0,0.0,0.0,0.0
11566,11.107052559720131,14497.863137294247,0.0,0.0,0.0,0.0,0.0
11568,11.10175709401087,14348.111310596514,0.0,0.0,0.0,0.0,0.0
11569,11.12242595021024,14547.497459081394,0.0,0.0,0.0,0.0,0.0
11570,11.126868115313322,14472.790239892323,0.0,0.0,0.0,0.0,0.0
11572,11.10927380929732,14504.860446173303,0.0,0.0,0.0,0.0,0.0
11575,11.102934553108522,14574.100796073846,0.0,0.0,0.0,0.0,0.0
11576,11.114907217237993,14351.776672840284,0.0,0.0,0.0,0.0,0.0
11577,11.123724385098377,14423.935172015132,0.0,0.0,0.0,0.0,0.0
11579,11.109431409039228,14437.949452989777,0.0,0.0,0.0,0.0,0.0
11580,8.54017860641096,13667.079469211774,0.0,0.0,0.0,0.0,0.0
11581,8.539545885359248,13655.041122128941,0.0,0.0,0.0,0.0,0.0
11590,11.115724167332335,14515.406255560549,0.0,0.0,0.0,0.0,0.0
11596,11.123621194266912,14502.141374847244,0.0,0.0,0.0,0.0,0.0
11598,11.117167445918195,14478.781126269156,0.0,0.0,0.0,0.0,0.0
11691,8.671489300009114,13723.808910621356,0.0,0.0,0.0,0.0,0.0
11692,8.660734166101575,13712.067222620983,0.0,0.0,0.0,0.0,0.0
11693,8.676744400498935,13725.40105438102,0.0,0.0,0.0,0.0,0.0
11694,8.667925794422652,13747.41149649543,0.0,0.0,0.0,0.0,0.0
11701,11.11632118887694,14600.203876383805,0.0,0.0,0.0,0.0,0.0
11702,11.122835879523818,14508.760091982906,0.0,0.0,0.0,0.0,0.0
11703,11.123485592863352,14579.579145886879,0.0,0.0,0.0,0.0,0.0
11704,11.099915847421142,14552.863615825127,0.0,0.0,0.0,0.0,0.0
11705,11.107708779761184,14503.200150550349,0.0,0.0,0.0,0.0,0.0
11706,11.100107080622257,14572.242015045675,0.0,0.0,0.0,0.0,0.0
11710,11.111320383064308,14492.449746702998,0.0,0.0,0.0,0.0,0.0
11713,11.104065898024503,14586.432280636476,0.0,0.0,0.0,0.0,0.0
11714,11.090261302727493,14506.568266116654,0.0,0.0,0.0,0.0,0.0
11715,11.109400146183928,14571.08481975241,0.0,0.0,0.0,0.0,0.0
11716,11.08978398571404,14553.23994113572,0.0,0.0,0.0,0.0,0.0
11717,11.110579655046525,14554.100080191622,0.0,0.0,0.0,0.0,0.0
11718,11.116119397705353,14436.929904219234,0.0,0.0,0.0,0.0,0.0
11719,11.068533682894692,14471.354095705541,0.0,0.0,0.0,0.0,0.0
11720,11.125870108719788,14558.529076198234,0.0,0.0,0.0,0.0,0.0
11721,11.112429762444464,14373.869481715546,0.0,0.0,0.0,0.0,0.0
11722,11.114207364687777,14616.8626846044,0.0,0.0,0.0,0.0,0.0
11724,11.135259734471417,14330.130827199682,0.0,0.0,0.0,0.0,0.0
11725,11.127556574896445,14499.189223142477,0.0,0.0,0.0,0.0,0.0
11726,11.093258282875093,14563.801819385943,0.0,0.0,0.0,0.0,0.0
11727,11.09511241455603,14562.707851783689,0.0,0.0,0.0,0.0,0.0
11729,11.116456733731047,14575.480191829176,0.0,0.0,0.0,0.0,0.0
11730,11.120044452497092,14562.382578555875,0.0,0.0,0.0,0.0,0.0
11731,11.135124335059558,14516.751162824403,0.0,0.0,0.0,0.0,0.0
11732,11.0282217164135,14311.41142286154,0.0,0.0,0.0,0.0,0.0
11733,11.11489817352391,14476.97158158212,0.0,0.0,0.0,0.0,0.0
11735,11.114028442598501,14529.796972194485,0.0,0.0,0.0,0.0,0.0
11738,11.109594110704265,14583.808798963755,0.0,0.0,0.0,0.0,0.0
11739,11.112927491007376,14511.873032879266,0.0,0.0,0.0,0.0,0.0
11740,11.087178942484876,14455.769175531223,0.0,0.0,0.0,0.0,0.0
11741,11.11503861312908,14530.623171462425,0.0,0.0,0.0,0.0,0.0
11742,11.122662107310632,14578.375096566615,0.0,0.0,0.0,0.0,0.0
11743,11.097886588158934,14469.808753459436,0.0,0.0,0.0,0.0,0.0
11746,11.12831208359194,14518.78572314878,0.0,0.0,0.0,0.0,0.0
11747,11.124320574804415,14510.169129889373,0.0,0.0,0.0,0.0,0.0
11749,11.110293206872727,14588.45933490679,0.0,0.0,0.0,0.0,0.0
11751,11.111352754864567,14559.522912571023,0.0,0.0,0.0,0.0,0.0
11752,11.111584451744228,14544.353497230532,0.0,0.0,0.0,0.0,0.0
11753,11.109631444697039,14454.763016006033,0.0,0.0,0.0,0.0,0.0
11754,11.108394858770613,14544.450030123735,0.0,0.0,0.0,0.0,0.0
11755,11.136108283976109,14545.144314246749,0.0,0.0,0.0,0.0,0.0
11756,11.124862473740265,14571.061496315064,0.0,0.0,0.0,0.0,0.0
11757,11.125803424246223,14563.556184399886,0.0,0.0,0.0,0.0,0.0
11758,11.114672113417749,14498.635870928652,0.0,0.0,0.0,0.0,0.0
11762,11.115052697779392,14480.712281049537,0.0,0.0,0.0,0.0,0.0
11763,11.079816630950162,14573.649768549689,0.0,0.0,0.0,0.0,0.0
11764,11.123097211210256,14532.513448023097,0.0,0.0,0.0,0.0,0.0
11765,11.115495792922207,14365.692073726843,0.0,0.0,0.0,0.0,0.0
11766,11.114646283940179,14536.124488099776,0.0,0.0,0.0,0.0,0.0
11767,11.104804086058653,14499.76139957576,0.0,0.0,0.0,0.0,0.0
11768,11.103066272042604,14467.216553424627,0.0,0.0,0.0,0.0,0.0
11769,11.130966953580078,14531.35251163122,0.0,0.0,0.0,0.0,0.0
11771,11.106194832536339,14432.03576956907,0.0,0.0,0.0,0.0,0.0
11772,11.129060273279823,14591.264880818313,0.0,0.0,0.0,0.0,0.0
11776,11.11606542009372,14573.743304727097,0.0,0.0,0.0,0.0,0.0
11777,11.119073681035017,14543.111697261818,0.0,0.0,0.0,0.0,0.0
11779,11.115448637436529,14578.584241324761,0.0,0.0,0.0,0.0,0.0
11780,11.120624478560204,14487.52107935048,0.0,0.0,0.0,0.0,0.0
11782,11.117142312277972,14523.223368292736,0.0,0.0,0.0,0.0,0.0
11783,11.122956136537784,14507.182757071201,0.0,0.0,0.0,0.0,0.0
11784,11.101401646371315,14586.340247375612,0.0,0.0,0.0,0.0,0.0
11787,11.124897342325959,14502.861111442919,0.0,0.0,0.0,0.0,0.0
11788,11.116453040816568,14535.889618020195,0.0,0.0,0.0,0.0,0.0
11790,11.111084581153605,14499.820313972128,0.0,0.0,0.0,0.0,0.0
11791,11.10367943767961,14402.644063454636,0.0,0.0,0.0,0.0,0.0
11793,11.116594781455216,14477.791142444792,0.0,0.0,0.0,0.0,0.0
11795,11.12393976494665,14516.091941768822,0.0,0.0,0.0,0.0,0.0
11796,11.133374545760999,14537.178693481746,0.0,0.0,0.0,0.0,0.0
11797,11.10170732410238,14380.377804456914,0.0,0.0,0.0,0.0,0.0
11798,11.088445692078176,14551.471741555386,0.0,0.0,0.0,0.0,0.0
11801,11.117019980242034,14518.5090014125,0.0,0.0,0.0,0.0,0.0
11803,11.108603180109283,14439.907365418016,0.0,0.0,0.0,0.0,0.0
11804,11.127184512969734,14432.415553328965,0.0,0.0,0.0,0.0,0.0
11901,11.102757534979718,14603.58361274179,0.0,0.0,0.0,0.0,0.0
11930,11.121635700903626,14476.037773784796,0.0,0.0,0.0,0.0,0.0
11932,11.111873414458698,14500.91046903841,0.0,0.0,0.0,0.0,0.0
11933,11.109117847332756,14584.23452549143,0.0,0.0,0.0,0.0,0.0
11934,11.112278374864724,14520.623777269611,0.0,0.0,0.0,0.0,0.0
11935,11.107772334665734,14436.303111024874,0.0,0.0,0.0,0.0,0.0
11937,11.111357551301642,14510.194972633319,0.0,0.0,0.0,0.0,0.0
11939,11.117926909437296,14569.143708521233,0.0,0.0,0.0,0.0,0.0
11940,11.121048429278611,14554.236798012082,0.0,0.0,0.0,0.0,0.0
11941,11.122276419156513,14593.363010181907,0.0,0.0,0.0,0.0,0.0
11942,11.108295190167057,14563.32685022684,0.0,0.0,0.0,0.0,0.0
11944,11.114347517980486,14531.800841029313,0.0,0.0,0.0,0.0,0.0
11946,11.125068095588599,14512.07563073184,0.0,0.0,0.0,0.0,0.0
11948,11.06861138950725,14490.877318471677,0.0,0.0,0.0,0.0,0.0
11949,11.137731310447798,14551.578673406962,0.0,0.0,0.0,0.0,0.0
11950,11.103549591094165,14577.033071325042,0.0,0.0,0.0,0.0,0.0
11951,11.135711650728068,14593.029704800341,0.0,0.0,0.0,0.0,0.0
11952,11.121815454201302,14622.881420851498,0.0,0.0,0.0,0.0,0.0
11953,11.05103843810766,14533.755283974155,0.0,0.0,0.0,0.0,0.0
11954,11.12078643104185,14527.59688216054,0.0,0.0,0.0,0.0,0.0
11955,11.111918330304496,14630.515082346486,0.0,0.0,0.0,0.0,0.0
11957,11.125346934771732,14457.994309405956,0.0,0.0,0.0,0.0,0.0
11958,11.118433605771571,14700.523431904994,0.0,0.0,0.0,0.0,0.0
11960,11.118265599542916,14498.810374838144,0.0,0.0,0.0,0.0,0.0
11962,11.120959105407886,14524.816106515607,0.0,0.0,0.0,0.0,0.0
11963,11.113614673203502,14554.185406926561,0.0,0.0,0.0,0.0,0.0
11964,11.120256406417077,14555.045803018316,0.0,0.0,0.0,0.0,0.0
11965,11.045940595563218,14409.105504844347,0.0,0.0,0.0,0.0,0.0
11967,11.104738534621093,14526.550304690201,0.0,0.0,0.0,0.0,0.0
11968,11.099327016832925,14451.571419949574,0.0,0.0,0.0,0.0,0.0
11971,11.111729527787988,14521.153490493558,0.0,0.0,0.0,0.0,0.0
11976,11.099122092429884,14363.904713708607,0.0,0.0,0.0,0.0,0.0
11977,11.12019353829245,14560.577473541687,0.0,0.0,0.0,0.0,0.0
11978,11.09036659281283,14495.995134972047,0.0,0.0,0.0,0.0,0.0
11980,11.101147059744878,14597.406375367693,0.0,0.0,0.0,0.0,0.0
12008,13.972797691878759,15258.711693979385,0.0,0.0,0.0,0.0,0.0
12009,13.935329012939725,15214.395017093248,0.0,0.0,0.0,0.0,0.0
12018,16.712735966420283,15539.690239567864,0.0,0.0,0.0,0.0,0.0
12019,16.502802452678093,15553.319105596323,0.0,0.0,0.0,0.0,0.0
12033,11.769321034277873,14824.652300822554,0.0,0.0,0.0,0.0,0.0
12047,13.914026330005195,15205.715637753694,0.0,0.0,0.0,0.0,0.0
12054,13.922755288871508,15143.501315986132,0.0,0.0,0.0,0.0,0.0
12056,13.960687927981885,15196.346990903276,0.0,0.0,0.0,0.0,0.0
12061,16.6646487602899,15554.708355523999,0.0,0.0,0.0,0.0,0.0
12063,14.050419919510201,15246.668609527524,0.0,0.0,0.0,0.0,0.0
12065,16.502267105586387,15538.400942100543,0.0,0.0,0.0,0.0,0.0
12067,11.656993616579706,14747.7751437291,0.0,0.0,0.0,0.0,0.0
12077,13.953152197719087,15154.000417323019,0.0,0.0,0.0,0.0,0.0
12084,13.941314104169761,15202.72591002822,0.0,0.0,0.0,0.0,0.0
12085,13.948796355933377,15176.573866525734,0.0,0.0,0.0,0.0,0.0
12110,13.94914481665934,15214.258426463535,0.0,0.0,0.0,0.0,0.0
12118,16.51559669073627,15545.129958708361,0.0,0.0,0.0,0.0,0.0
12121,16.68469218128497,15562.240440391335,0.0,0.0,0.0,0.0,0.0
12123,16.695858428933597,15583.8260808032,0.0,0.0,0.0,0.0,0.0
12140,14.038041059737449,15195.215892958444,0.0,0.0,0.0,0.0,0.0
12144,16.66691404067473,15588.287621981055,0.0,0.0,0.0,0.0,0.0
12148,13.896780475063576,15117.690750113952,0.0,0.0,0.0,0.0,0.0
12150,13.972387255603012,15283.287477026095,0.0,0.0,0.0,0.0,0.0
12154,16.70073138871114,15580.499926182018,0.0,0.0,0.0,0.0,0.0
12158,11.674115902654009,14784.298397593264,0.0,0.0,0.0,0.0,0.0
12159,13.931849742023681,15122.573530088432,0.0,0.0,0.0,0.0,0.0
12180,16.724268610762447,15590.63208470351,0.0,0.0,0.0,0.0,0.0
12182,14.053275320519878,15237.052726132351,0.0,0.0,0.0,0.0,0.0
12183,13.935955851813095,15239.033899207167,0.0,0.0,0.0,0.0,0.0
12186,11.644413765083657,14660.91712716763,0.0,0.0,0.0,0.0,0.0
12188,13.88450367280767,15205.960485952683,0.0,0.0,0.0,0.0,0.0
12189,13.952545284272157,15180.109939806569,0.0,0.0,0.0,0.0,0.0
12196,16.690349811981257,15600.41080879006,0.0,0.0,0.0,0.0,0.0
12198,16.696342093667997,15592.776460801537,0.0,0.0,0.0,0.0,0.0
12202,13.912235733752851,15142.742522626115,0.0,0.0,0.0,0.0,0.0
12203,13.909403318246415,15188.629524432848,0.0,0.0,0.0,0.0,0.0
12204,16.57296733355804,15595.130597050225,0.0,0.0,0.0,0.0,0.0
12205,13.92532612575223,15216.974310038302,0.0,0.0,0.0,0.0,0.0
12206,13.875143894485678,15123.574295375016,0.0,0.0,0.0,0.0,0.0
12207,16.600540285958253,15473.119078317714,0.0,0.0,0.0,0.0,0.0
12208,13.84292111071669,15100.689145122551,0.0,0.0,0.0,0.0,0.0
12209,13.959517703200051,15235.682936647978,0.0,0.0,0.0,0.0,0.0
12210,13.970656820176908,15184.419331082063,0.0,0.0,0.0,0.0,0.0
12211,13.95547025045788,15121.411279831207,0.0,0.0,0.0,0.0,0.0
12222,13.924129426278055,15276.167521987129,0.0,0.0,0.0,0.0,0.0
12302,13.981530285720305,15219.065568509906,0.0,0.0,0.0,0.0,0.0
12303,13.97414296794213,15211.124554437318,0.0,0.0,0.0,0.0,0.0
12304,13.985034184907056,15213.993549336803,0.0,0.0,0.0,0.0,0.0
12305,13.890728488008588,15162.205579373307,0.0,0.0,0.0,0.0,0.0
12306,13.962318282251676,15236.8747430356,0.0,0.0,0.0,0.0,0.0
12307,13.956701243449404,15147.599089978445,0.0,0.0,0.0,0.0,0.0
12308,13.895805164434114,15145.191554186847,0.0,0.0,0.0,0.0,0.0
12309,13.97752944679976,15184.435681908506,0.0,0.0,0.0,0.0,0.0
12401,11.456349729172343,14648.827554050271,0.0,0.0,0.0,0.0,0.0
12411,11.50911623111459,14788.730693926533,0.0,0.0,0.0,0.0,0.0
12417,11.507336295759115,14673.888447755578,0.0,0.0,0.0,0.0,0.0
12419,11.506808048779604,14719.047699047644,0.0,0.0,0.0,0.0,0.0
12432,11.500722629194112,14812.48443756637,0.0,0.0,0.0,0.0,0.0
12440,11.494419646588213,14669.98360402149,0.0,0.0,0.0,0.0,0.0
12443,11.5073952223692,14670.58435786721,0.0,0.0,0.0,0.0,0.0
12449,11.501264608558733,14738.806925081562,0.0,0.0,0.0,0.0,0.0
12456,11.503251203208363,14778.026731529815,0.0,0.0,0.0,0.0,0.0
12466,11.491201675797628,14718.264216427644,0.0,0.0,0.0,0.0,0.0
12471,11.29833925280249,13932.547343352642,0.0,0.0,0.0,0.0,0.0
12472,11.495940873827571,14723.114070126296,0.0,0.0,0.0,0.0,0.0
12475,11.510269721102572,14780.643770807588,0.0,0.0,0.0,0.0,0.0
12477,11.49251780262772,14695.961203863913,0.0,0.0,0.0,0.0,0.0
12484,11.506048147837797,14707.296997132196,0.0,0.0,0.0,0.0,0.0
12486,11.481144207968068,14672.861983193612,0.0,0.0,0.0,0.0,0.0
12487,11.492076131410894,14674.113516113048,0.0,0.0,0.0,0.0,0.0
12498,11.481648848430803,14687.416430717267,0.0,0.0,0.0,0.0,0.0
12508,11.443648642438,14669.929289059603,0.0,0.0,0.0,0.0,0.0
12512,11.450569165438994,14716.204107088599,0.0,0.0,0.0,0.0,0.0
12518,11.374546970913379,14684.74804872464,0.0,0.0,0.0,0.0,0.0
12520,11.361041009265838,14631.060311778558,0.0,0.0,0.0,0.0,0.0
12524,11.442639852271098,14662.669212336115,0.0,0.0,0.0,0.0,0.0
12525,11.499173076625526,14662.038116335356,0.0,0.0,0.0,0.0,0.0
12528,11.501544945793317,14679.871285780477,0.0,0.0,0.0,0.0,0.0
12533,11.44312054798679,14626.289514008402,0.0,0.0,0.0,0.0,0.0
12538,11.425173922193027,14672.966868415468,0.0,0.0,0.0,0.0,0.0
12542,11.49574489102741,14686.40416020821,0.0,0.0,0.0,0.0,0.0
12547,11.490040646383619,14666.918564886531,0.0,0.0,0.0,0.0,0.0
12548,11.512440393627035,14745.050584869306,0.0,0.0,0.0,0.0,0.0
12549,11.338527476404487,14589.872614762759,0.0,0.0,0.0,0.0,0.0
12550,11.337860031704865,14641.856363133586,0.0,0.0,0.0,0.0,0.0
12553,11.354174616527896,14665.834892739087,0.0,0.0,0.0,0.0,0.0
12561,11.498107542989848,14650.621044348212,0.0,0.0,0.0,0.0,0.0
12569,11.43002574046339,14655.450126042268,0.0,0.0,0.0,0.0,0.0
12572,11.415892562444144,14607.826598631456,0.0,0.0,0.0,0.0,0.0
12575,11.368741334795104,14655.147257864632,0.0,0.0,0.0,0.0,0.0
12577,11.376258117360821,14666.209712587886,0.0,0.0,0.0,0.0,0.0
12578,11.43747876333819,14679.930810355529,0.0,0.0,0.0,0.0,0.0
12580,11.442911974321126,14669.718342920738,0.0,0.0,0.0,0.0,0.0
12586,11.37092821253615,14674.316646510904,0.0,0.0,0.0,0.0,0.0
12589,11.50889745742477,14667.064612677636,0.0,0.0,0.0,0.0,0.0
12590,11.444624595061104,14661.526139524607,0.0,0.0,0.0,0.0,0.0
12601,11.419822505605111,14673.628162241293,0.0,0.0,0.0,0.0,0.0
12603,11.423281290520743,14636.105866717156,0.0,0.0,0.0,0.0,0.0
12801,14.115554785914142,15254.788301277284,0.0,0.0,0.0,0.0,0.0
12803,13.806381844259537,15150.142906340528,0.0,0.0,0.0,0.0,0.0
12804,14.09499187061667,15232.674985916772,0.0,0.0,0.0,0.0,0.0
12827,16.98751705587642,15642.229033271447,0.0,0.0,0.0,0.0,0.0
12828,14.126194495646823,15249.736960199356,0.0,0.0,0.0,0.0,0.0
12831,13.886775517164354,15167.910646501372,0.0,0.0,0.0,0.0,0.0
12839,14.301154035868745,15308.807608416713,0.0,0.0,0.0,0.0,0.0
12845,14.034237459939066,15205.852275915935,0.0,0.0,0.0,0.0,0.0
12901,16.690872482495234,15580.058993354425,0.0,0.0,0.0,0.0,0.0
12903,16.627454000685088,15579.045609540617,0.0,0.0,0.0,0.0,0.0
12918,16.64020341050837,15577.367311103728,0.0,0.0,0.0,0.0,0.0
12962,16.674499649163646,15606.070248338137,0.0,0.0,0.0,0.0,0.0
13021,17.299471619670708,15654.064799551494,0.0,0.0,0.0,0.0,0.0
13027,17.212463635841885,15633.618553925364,0.0,0.0,0.0,0.0,0.0
13029,14.45216167341579,15233.972162949623,0.0,0.0,0.0,0.0,0.0
13030,14.530396880543869,15308.494449193135,0.0,0.0,0.0,0.0,0.0
13031,17.278285379804753,15637.240012147873,0.0,0.0,0.0,0.0,0.0
13039,14.505129744274667,15309.008250750085,0.0,0.0,0.0,0.0,0.0
13041,14.507471006389464,15313.03312093413,0.0,0.0,0.0,0.0,0.0
13057,14.45373810790958,15300.56735874093,0.0,0.0,0.0,0.0,0.0
13060,17.24011222533628,15575.722032537555,0.0,0.0,0.0,0.0,0.0
13066,14.479664098968822,15251.040974867987,0.0,0.0,0.0,0.0,0.0
13068,17.252931766919144,15666.61722936468,0.0,0.0,0.0,0.0,0.0
13073,17.253515393384845,15677.044110438836,0.0,0.0,0.0,0.0,0.0
13078,14.508197300259836,15266.728368588845,0.0,0.0,0.0,0.0,0.0
13082,14.568480463650463,15335.704508816874,0.0,0.0,0.0,0.0,0.0
13084,14.497648279900062,15304.504390917324,0.0,0.0,0.0,0.0,0.0
13088,14.504062017903896,15329.922079507664,0.0,0.0,0.0,0.0,0.0
13090,14.52378454780905,15305.123708031775,0.0,0.0,0.0,0.0,0.0
13104,14.502565164285636,15219.339664015568,0.0,0.0,0.0,0.0,0.0
13108,17.238809978023156,15655.496133124752,0.0,0.0,0.0,0.0,0.0
13112,17.22266267681529,15680.816895025615,0.0,0.0,0.0,0.0,0.0
13116,14.479363027732074,15299.464088475343,0.0,0.0,0.0,0.0,0.0
13120,14.494560050233636,15319.881235942932,0.0,0.0,0.0,0.0,0.0
13132,14.438546223202158,15314.84457823511,0.0,0.0,0.0,0.0,0.0
13135,14.444753911140179,15277.839288290326,0.0,0.0,0.0,0.0,0.0
13152,17.241778346390426,15588.328167043946,0.0,0.0,0.0,0.0,0.0
13164,17.262247055575834,15644.869682972963,0.0,0.0,0.0,0.0,0.0
13202,14.455629006808715,15127.675373637068,0.0,0.0,0.0,0.0,0.0
13203,14.465659982008146,15250.506498865621,0.0,0.0,0.0,0.0,0.0
13204,14.440828945947763,15228.131665876208,0.0,0.0,0.0,0.0,0.0
13205,14.429769838791115,15217.4941268317,0.0,0.0,0.0,0.0,0.0
13206,14.493652923837116,15331.41768264891,0.0,0.0,0.0,0.0,0.0
13207,14.50387272181619,15298.190755227757,0.0,0.0,0.0,0.0,0.0
13208,14.449705198781457,15272.418587727629,0.0,0.0,0.0,0.0,0.0
13209,17.244945295649163,15672.728750874978,0.0,0.0,0.0,0.0,0.0
13210,14.404404870686097,15160.305124191025,0.0,0.0,0.0,0.0,0.0
13211,14.500265695864377,15322.98344651836,0.0,0.0,0.0,0.0,0.0
13212,14.51582944642813,15301.25245439199,0.0,0.0,0.0,0.0,0.0
13214,14.516314412231825,15300.737327208213,0.0,0.0,0.0,0.0,0.0
13215,17.249737966239906,15615.333763863433,0.0,0.0,0.0,0.0,0.0
13219,14.525309977732526,15298.496823481808,0.0,0.0,0.0,0.0,0.0
13224,14.497244481018498,15261.727559640221,0.0,0.0,0.0,0.0,0.0
13319,14.591256811267172,15379.552123323485,0.0,0.0,0.0,0.0,0.0
13323,17.252592843719015,15597.139890922459,0.0,0.0,0.0,0.0,0.0
13340,17.438063123928654,15673.60114953376,0.0,0.0,0.0,0.0,0.0
13354,14.57567061203048,15325.200451109835,0.0,0.0,0.0,0.0,0.0
13403,14.58161378200202,15307.143853948348,0.0,0.0,0.0,0.0,0.0
13413,14.593418580327198,15272.892068095452,0.0,0.0,0.0,0.0,0.0
13417,14.539132723349775,15311.963211798444,0.0,0.0,0.0,0.0,0.0
13424,14.562635525373993,15257.450287585967,0.0,0.0,0.0,0.0,0.0
13456,17.366195218474164,15644.306132299738,0.0,0.0,0.0,0.0,0.0
13492,14.570506926257597,15309.155080601242,0.0,0.0,0.0,0.0,0.0
13495,14.590622968329233,15370.519773223532,0.0,0.0,0.0,0.0,0.0
13501,14.605077552479626,15312.901027979284,0.0,0.0,0.0,0.0,0.0
13502,14.511118502572105,15240.660933153953,0.0,0.0,0.0,0.0,0.0
13601,14.200272299174653,15234.288839410461,0.0,0.0,0.0,0.0,0.0
13603,14.209478589201735,15277.78411454981,0.0,0.0,0.0,0.0,0.0
13612,14.170355474911437,15191.743671958924,0.0,0.0,0.0,0.0,0.0
13616,14.23554914269828,15327.529901140895,0.0,0.0,0.0,0.0,0.0
13634,14.220791340671653,15276.920783114378,0.0,0.0,0.0,0.0,0.0
13637,14.24042105135971,15283.111750509894,0.0,0.0,0.0,0.0,0.0
13748,16.868674625195705,15578.124114409804,0.0,0.0,0.0,0.0,0.0
13760,16.89940404496209,15604.910365276044,0.0,0.0,0.0,0.0,0.0
13790,16.9540479195502,15606.13718633263,0.0,0.0,0.0,0.0,0.0
13795,16.83998819321194,15603.050687398234,0.0,0.0,0.0,0.0,0.0
13827,19.061278642771736,15820.982689811384,0.0,0.0,0.0,0.0,0.0
13850,16.898730007606854,15541.811215118922,0.0,0.0,0.0,0.0,0.0
13901,16.877573200076334,15568.721498570008,0.0,0.0,0.0,0.0,0.0
13903,16.868103277512688,15577.950396621312,0.0,0.0,0.0,0.0,0.0
13904,16.965140140784936,15616.782682643841,0.0,0.0,0.0,0.0,0.0
13905,16.847814719723516,15565.173860681802,0.0,0.0,0.0,0.0,0.0
14004,17.151477574165586,15656.53067086447,0.0,0.0,0.0,0.0,0.0
14026,17.133562414591893,15691.740291328306,0.0,0.0,0.0,0.0,0.0
14031,17.13036197795259,15622.352622789997,0.0,0.0,0.0,0.0,0.0
14032,17.141727956277027,15571.47146654497,0.0,0.0,0.0,0.0,0.0
14043,17.0778517901636,15635.936025700255,0.0,0.0,0.0,0.0,0.0
14051,17.149586441540873,15601.971918087642,0.0,0.0,0.0,0.0,0.0
14052,17.146357833714887,15634.51919885565,0.0,0.0,0.0,0.0,0.0
14059,17.157273578325306,15608.110121600861,0.0,0.0,0.0,0.0,0.0
14068,17.122632548615066,15569.346031710349,0.0,0.0,0.0,0.0,0.0
14072,14.387813929923047,15238.333604017454,0.0,0.0,0.0,0.0,0.0
14075,17.156546793564196,15645.330880464096,0.0,0.0,0.0,0.0,0.0
14086,17.13776036727888,15626.405289143662,0.0,0.0,0.0,0.0,0.0
14092,14.39174902734479,15273.571108542232,0.0,0.0,0.0,0.0,0.0
14094,17.07235279743685,15618.653412919019,0.0,0.0,0.0,0.0,0.0
14120,14.380493615275679,15270.849649417602,0.0,0.0,0.0,0.0,0.0
14127,17.126896828338026,15599.012734791158,0.0,0.0,0.0,0.0,0.0
14131,14.392798305754805,15300.94846892763,0.0,0.0,0.0,0.0,0.0
14132,14.380506916854449,15284.768998112282,0.0,0.0,0.0,0.0,0.0
14150,14.39166811284769,15270.105038454622,0.0,0.0,0.0,0.0,0.0
14174,14.397052824141177,15289.907186851806,0.0,0.0,0.0,0.0,0.0
14201,14.425906159577417,15230.664561708316,0.0,0.0,0.0,0.0,0.0
14202,14.434318311764313,15251.477568794402,0.0,0.0,0.0,0.0,0.0
14203,14.385377883208799,15226.011673080377,0.0,0.0,0.0,0.0,0.0
14204,14.33736165826266,15203.858848807775,0.0,0.0,0.0,0.0,0.0
14206,14.408597476719633,15263.305898179444,0.0,0.0,0.0,0.0,0.0
14207,14.425370877448433,15254.352556666066,0.0,0.0,0.0,0.0,0.0
14208,14.389133587352417,15292.647824348718,0.0,0.0,0.0,0.0,0.0
14209,14.38392345633242,15209.264518422593,0.0,0.0,0.0,0.0,0.0
14210,14.422993937078365,15268.442942839996,0.0,0.0,0.0,0.0,0.0
14211,14.488881838999578,15273.970809889617,0.0,0.0,0.0,0.0,0.0
14212,14.36329886141234,15247.41072738732,0.0,0.0,0.0,0.0,0.0
14213,14.41972959500101,15275.622232425354,0.0,0.0,0.0,0.0,0.0
14214,14.415161574070048,15249.505201470587,0.0,0.0,0.0,0.0,0.0
14215,14.370946808859982,15220.392073683572,0.0,0.0,0.0,0.0,0.0
14216,14.462178030121663,15266.923923911934,0.0,0.0,0.0,0.0,0.0
14217,14.39798355132525,15279.954594018142,0.0,0.0,0.0,0.0,0.0
14218,17.177045909788685,15632.839243048336,0.0,0.0,0.0,0.0,0.0
14219,14.432935738929878,15319.125866008964,0.0,0.0,0.0,0.0,0.0
14220,14.438183183049702,15318.623289636587,0.0,0.0,0.0,0.0,0.0
14221,17.1097180100643,15604.913361475245,0.0,0.0,0.0,0.0,0.0
14222,14.45849962654441,15234.439373449042,0.0,0.0,0.0,0.0,0.0
14223,14.413227067143783,15294.76599061541,0.0,0.0,0.0,0.0,0.0
14224,17.138811300603294,15659.218808274663,0.0,0.0,0.0,0.0,0.0
14225,17.109670891150767,15649.132941233418,0.0,0.0,0.0,0.0,0.0
14226,14.444758506762236,15267.571300774604,0.0,0.0,0.0,0.0,0.0
14227,17.151806204026812,15654.536065049544,0.0,0.0,0.0,0.0,0.0
14228,17.05904644301612,15572.376770912293,0.0,0.0,0.0,0.0,0.0
14301,14.350824042358571,15173.491526546077,0.0,0.0,0.0,0.0,0.0
14303,14.343826889069074,15263.041477432787,0.0,0.0,0.0,0.0,0.0
14304,14.379102879908935,15283.887864734816,0.0,0.0,0.0,0.0,0.0
14305,14.40229631458341,15269.524716377005,0.0,0.0,0.0,0.0,0.0
14428,14.231156741725124,15284.7889195921,0.0,0.0,0.0,0.0,0.0
14445,16.785462659793644,15619.151848805695,0.0,0.0,0.0,0.0,0.0
14450,16.81968737223588,15582.624118245109,0.0,0.0,0.0,0.0,0.0
14467,14.174371558095295,15250.016349889276,0.0,0.0,0.0,0.0,0.0
14468,14.196019617157651,15248.126626239415,0.0,0.0,0.0,0.0,0.0
14472,14.190547941839263,15181.23649498931,0.0,0.0,0.0,0.0,0.0
14506,16.79093573585406,15625.424991523214,0.0,0.0,0.0,0.0,0.0
14514,14.162429532402578,15226.78780670701,0.0,0.0,0.0,0.0,0.0
14526,16.805747049752757,15593.357718534358,0.0,0.0,0.0,0.0,0.0
14534,16.81394011400732,15548.702338388744,0.0,0.0,0.0,0.0,0.0
14543,14.248364345753743,15278.59559934148,0.0,0.0,0.0,0.0,0.0
14546,14.240306163369027,15288.436874856383,0.0,0.0,0.0,0.0,0.0
14559,14.215570683707066,15261.8662453215,0.0,0.0,0.0,0.0,0.0
14564,14.259429601505527,15194.34230369157,0.0,0.0,0.0,0.0,0.0
14580,16.828151865955938,15585.097718742625,0.0,0.0,0.0,0.0,0.0
14586,14.252250479362248,15251.973386295034,0.0,0.0,0.0,0.0,0.0
14604,16.660163055330045,15475.908527761265,0.0,0.0,0.0,0.0,0.0
14605,16.772773743573342,15532.464285731785,0.0,0.0,0.0,0.0,0.0
14606,16.80666600819571,15591.537576078586,0.0,0.0,0.0,0.0,0.0
14607,16.841573173076508,15586.15394390536,0.0,0.0,0.0,0.0,0.0
14608,16.836632770720744,15572.37644686338,0.0,0.0,0.0,0.0,0.0
14609,16.813178170978045,15581.464217794784,0.0,0.0,0.0,0.0,0.0
14610,16.814632921259996,15583.749539410992,0.0,0.0,0.0,0.0,0.0
14611,16.850528061355803,15552.707050388011,0.0,0.0,0.0,0.0,0.0
14612,16.819411213442514,15609.572325897703,0.0,0.0,0.0,0.0,0.0
14613,16.80124286481691,15605.76924723212,0.0,0.0,0.0,0.0,0.0
14614,16.8484934879805,15617.258467204341,0.0,0.0,0.0,0.0,0.0
14615,16.84502628370228,15612.014005587818,0.0,0.0,0.0,0.0,0.0
14616,16.788978491302668,15608.369498356136,0.0,0.0,0.0,0.0,0.0
14617,16.814763862995417,15616.00018804684,0.0,0.0,0.0,0.0,0.0
14618,16.819348887808683,15533.049581242345,0.0,0.0,0.0,0.0,0.0
14619,16.836797274383787,15615.130961742978,0.0,0.0,0.0,0.0,0.0
14620,16.833646641893118,15602.6983038062,0.0,0.0,0.0,0.0,0.0
14621,16.82328948339092,15578.58966672787,0.0,0.0,0.0,0.0,0.0
14622,16.79977569750219,15593.212634894737,0.0,0.0,0.0,0.0,0.0
14623,16.853396646935042,15603.836636559234,0.0,0.0,0.0,0.0,0.0
14624,16.810656541239425,15627.534089783308,0.0,0.0,0.0,0.0,0.0
14625,16.82240494375367,15581.069392811105,0.0,0.0,0.0,0.0,0.0
14626,16.819862693514573,15608.565260185098,0.0,0.0,0.0,0.0,0.0
14850,17.260771617710272,15577.48864980804,0.0,0.0,0.0,0.0,0.0
14882,17.308320877351484,15645.89009151062,0.0,0.0,0.0,0.0,0.0
14883,17.300899249353304,15673.593266771759,0.0,0.0,0.0,0.0,0.0
43004,18.734389453280027,13356.626391371923,0.0,0.0,0.0,0.0,0.0
43015,20.65541952162383,13703.169501581779,0.0,0.0,0.0,0.0,0.0
43016,20.507363388605746,13678.29688348135,0.0,0.0,0.0,0.0,0.0
43017,20.530672233130026,13601.096156990568,0.0,0.0,0.0,0.0,0.0
43021,18.86019131142436,13140.919045502003,0.0,0.0,0.0,0.0,0.0
43026,20.502293984422966,13672.408347955467,0.0,0.0,0.0,0.0,0.0
43031,16.886510828541855,12935.451502209151,0.0,0.0,0.0,0.0,0.0
43035,18.87073868276613,13296.938028775096,0.0,0.0,0.0,0.0,0.0
43054,18.7321161226642,13201.77327611098,0.0,0.0,0.0,0.0,0.0
43062,16.914108375266576,12974.420262414618,0.0,0.0,0.0,0.0,0.0
43064,20.65156131282336,13633.020610043903,0.0,0.0,0.0,0.0,0.0
43065,20.617040781751466,13621.852500194122,0.0,0.0,0.0,0.0,0.0
43068,16.767353456939684,12911.651734613999,0.0,0.0,0.0,0.0,0.0
43081,18.731470448235626,13389.089553425585,0.0,0.0,0.0,0.0,0.0
43082,18.872448897172614,13272.424156674404,0.0,0.0,0.0,0.0,0.0
43085,18.73364052896764,13296.793022215032,0.0,0.0,0.0,0.0,0.0
43109,18.72807808027139,13454.313954954468,0.0,0.0,0.0,0.0,0.0
43110,18.739007940845553,13366.659056504805,0.0,0.0,0.0,0.0,0.0
43119,20.502439454474043,13745.816000345994,0.0,0.0,0.0,0.0,0.0
43123,20.507375329552342,13733.912887526207,0.0,0.0,0.0,0.0,0.0
43125,18.73423689409902,13446.788555237179,0.0,0.0,0.0,0.0,0.0
43147,16.850125338072605,12887.9266218226,0.0,0.0,0.0,0.0,0.0
43201,18.78257275675932,13223.21951048302,0.0,0.0,0.0,0.0,0.0
43202,18.759140507213765,13319.392888351731,0.0,0.0,0.0,0.0,0.0
43203,18.75142751482853,13332.039935505685,0.0,0.0,0.0,0.0,0.0
43204,18.757401348318535,13374.258254934093,0.0,0.0,0.0,0.0,0.0
43205,18.75814907280012,13340.613369453149,0.0,0.0,0.0,0.0,0.0
43206,18.752496278094192,13368.799880208102,0.0,0.0,0.0,0.0,0.0
43207,18.746894149066968,13413.069724824485,0.0,0.0,0.0,0.0,0.0
43209,18.73980387618021,13314.335136862259,0.0,0.0,0.0,0.0,0.0
43211,18.764547329130938,13290.136636775445,0.0,0.0,0.0,0.0,0.0
43212,18.750713557563294,13254.811114291066,0.0,0.0,0.0,0.0,0.0
43213,18.75296454169767,13343.74552893489,0.0,0.0,0.0,0.0,0.0
43214,18.735261990200524,13364.278125930261,0.0,0.0,0.0,0.0,0.0
43215,18.746820965270135,13354.98844489992,0.0,0.0,0.0,0.0,0.0
43219,18.7586273171411,13327.270712824928,0.0,0.0,0.0,0.0,0.0
43220,18.728292709455946,13264.8343381978,0.0,0.0,0.0,0.0,0.0
43221,18.74257189955839,13248.722399904493,0.0,0.0,0.0,0.0,0.0
43222,18.731350426231508,13353.754050370639,0.0,0.0,0.0,0.0,0.0
43223,18.76830482776475,13307.057445984063,0.0,0.0,0.0,0.0,0.0
43224,18.748473687355176,13377.160075791144,0.0,0.0,0.0,0.0,0.0
43227,18.752679283035228,13346.791614070535,0.0,0.0,0.0,0.0,0.0
43228,18.746723969384682,13376.026547339996,0.0,0.0,0.0,0.0,0.0
43229,18.763783944536105,13347.224712096684,0.0,0.0,0.0,0.0,0.0
43230,18.738589641330552,13368.253229178135,0.0,0.0,0.0,0.0,0.0
43231,18.74033485744,13432.652332829126,0.0,0.0,0.0,0.0,0.0
43232,18.766282182445302,13366.143728887657,0.0,0.0,0.0,0.0,0.0
43235,18.74761396833035,13339.482897665652,0.0,0.0,0.0,0.0,0.0
43240,18.89525378039569,13346.134261643994,0.0,0.0,0.0,0.0,0.0
43402,16.920251547056562,12846.602133787352,0.0,0.0,0.0,0.0,0.0
43412,20.180027781111654,13640.246749139329,0.0,0.0,0.0,0.0,0.0
43430,20.05905923051012,13639.290906165164,0.0,0.0,0.0,0.0,0.0
43434,20.019181483657572,13743.874991555398,0.0,0.0,0.0,0.0,0.0
43443,19.91816423075939,13684.816712250507,0.0,0.0,0.0,0.0,0.0
43447,19.97051388224054,13625.80486751784,0.0,0.0,0.0,0.0,0.0
43460,19.92763688516068,13643.855665183097,0.0,0.0,0.0,0.0,0.0
43463,19.923504977261214,13730.611465871183,0.0,0.0,0.0,0.0,0.0
43465,19.933520962146968,13646.35308137896,0.0,0.0,0.0,0.0,0.0
43469,20.284365922248995,13681.1088302651,0.0,0.0,0.0,0.0,0.0
43504,20.024774896254492,13680.482585055104,0.0,0.0,0.0,0.0,0.0
43528,20.053476196261254,13588.558742874095,0.0,0.0,0.0,0.0,0.0
43537,20.033556430867552,13670.25427426604,0.0,0.0,0.0,0.0,0.0
43542,20.05233504118281,13370.730380759152,0.0,0.0,0.0,0.0,0.0
43551,19.926470472024352,13560.71248943222,0.0,0.0,0.0,0.0,0.0
43558,20.03166696693944,13670.3474401048,0.0,0.0,0.0,0.0,0.0
43560,20.043796025710517,13561.55252561211,0.0,0.0,0.0,0.0,0.0
43566,20.037754323323526,13655.051797444086,0.0,0.0,0.0,0.0,0.0
43571,20.021844196531006,13642.984847078222,0.0,0.0,0.0,0.0,0.0
43604,20.145468333070788,13375.781099646123,0.0,0.0,0.0,0.0,0.0
43605,20.088133286439735,13522.091629908033,0.0,0.0,0.0,0.0,0.0
43606,20.04212033012396,13577.289911082016,0.0,0.0,0.0,0.0,0.0
43607,20.05919703674637,13609.77872018886,0.0,0.0,0.0,0.0,0.0
43608,20.09922930882929,13476.73501476213,0.0,0.0,0.0,0.0,0.0
43609,20.047067356187647,13624.995837103996,0.0,0.0,0.0,0.0,0.0
43610,20.064153384329668,13592.285611409354,0.0,0.0,0.0,0.0,0.0
43611,20.039578005435825,13631.921019032265,0.0,0.0,0.0,0.0,0.0
43612,20.06055332714218,13640.990839725777,0.0,0.0,0.0,0.0,0.0
43613,20.03976234009188,13674.196750957235,0.0,0.0,0.0,0.0,0.0
43614,20.06347177962068,13588.48683878452,0.0,0.0,0.0,0.0,0.0
43615,20.05400581370824,13599.234145980083,0.0,0.0,0.0,0.0,0.0
43616,20.029221622395983,13644.088268092723,0.0,0.0,0.0,0.0,0.0
43617,20.026599375828134,13604.027791410499,0.0,0.0,0.0,0.0,0.0
43619,19.921430985194213,13621.30939374268,0.0,0.0,0.0,0.0,0.0
43620,20.073503081744065,13528.796255133251,0.0,0.0,0.0,0.0,0.0
43623,20.039136741266738,13640.346294418086,0.0,0.0,0.0,0.0,0.0
43701,17.007836499385125,12934.023545263675,0.0,0.0,0.0,0.0,0.0
43830,16.964240101908295,12936.323644780872,0.0,0.0,0.0,0.0,0.0
43913,17.204224239261332,13121.4785520655,0.0,0.0,0.0,0.0,0.0
43926,17.2093482768507,13014.384052003654,0.0,0.0,0.0,0.0,0.0
43938,17.2139641969954,12994.968277581325,0.0,0.0,0.0,0.0,0.0
43943,17.218965840236873,13032.045210882065,0.0,0.0,0.0,0.0,0.0
43952,17.238430472199862,12902.757938198823,0.0,0.0,0.0,0.0,0.0
43953,17.179346958791196,12980.788688636381,0.0,0.0,0.0,0.0,0.0
43961,17.17866864674398,12798.742276768116,0.0,0.0,0.0,0.0,0.0
43964,17.167467012282742,12992.6060575377,0.0,0.0,0.0,0.0,0.0
44001,21.197281386158693,13833.170902772099,0.0,0.0,0.0,0.0,0.0
44011,20.362681448029686,13542.347960587296,0.0,0.0,0.0,0.0,0.0
44012,20.34476794372626,13628.0349812717,0.0,0.0,0.0,0.0,0.0
44017,20.419206763585734,13711.780453359126,0.0,0.0,0.0,0.0,0.0
44022,20.41482310919344,13532.141291885351,0.0,0.0,0.0,0.0,0.0
44024,20.699319345398937,13707.711479671103,0.0,0.0,0.0,0.0,0.0
44026,20.69229003915945,13669.235673530586,0.0,0.0,0.0,0.0,0.0
44028,20.354910691671645,13660.018465815483,0.0,0.0,0.0,0.0,0.0
44035,20.36276042376209,13710.520832042093,0.0,0.0,0.0,0.0,0.0
44039,20.342067669859222,13730.103840169018,0.0,0.0,0.0,0.0,0.0
44040,20.43522414015687,13395.576376941364,0.0,0.0,0.0,0.0,0.0
44044,21.193811773598092,13870.801393111908,0.0,0.0,0.0,0.0,0.0
44045,20.886082861558236,13744.180058859672,0.0,0.0,0.0,0.0,0.0
44050,21.192061783090036,13891.06195570052,0.0,0.0,0.0,0.0,0.0
44052,21.231542007292038,13810.034530810646,0.0,0.0,0.0,0.0,0.0
44053,21.19620924857003,13879.278168422885,0.0,0.0,0.0,0.0,0.0
44054,20.353869489529057,13721.464061912604,0.0,0.0,0.0,0.0,0.0
44055,21.2304687365915,13827.086569653913,0.0,0.0,0.0,0.0,0.0
44056,20.32265873552448,13701.395019150676,0.0,0.0,0.0,0.0,0.0
44060,20.851417174444823,13807.869164682037,0.0,0.0,0.0,0.0,0.0
44067,20.34059972186771,13693.970670432422,0.0,0.0,0.0,0.0,0.0
44070,20.431743043194405,13700.076981772247,0.0,0.0,0.0,0.0,0.0
44074,21.203864040081456,13847.816788149377,0.0,0.0,0.0,0.0,0.0
44077,20.858355477645166,13774.66149027538,0.0,0.0,0.0,0.0,0.0
44087,21.168381264188902,13830.50711431254,0.0,0.0,0.0,0.0,0.0
44092,20.865990907497608,13806.743895254685,0.0,0.0,0.0,0.0,0.0
44094,20.86308709001016,13754.599637469628,0.0,0.0,0.0,0.0,0.0
44095,20.871341630343956,13840.03094755718,0.0,0.0,0.0,0.0,0.0
44102,19.49446210967625,13387.862487115484,0.0,0.0,0.0,0.0,0.0
44103,19.495045931710287,13376.484872228539,0.0,0.0,0.0,0.0,0.0
44104,19.525530578714907,13364.511411652033,0.0,0.0,0.0,0.0,0.0
44105,20.47216483155574,13654.482957775823,0.0,0.0,0.0,0.0,0.0
44106,20.508859342604488,13528.574832272363,0.0,0.0,0.0,0.0,0.0
44107,20.424389108251482,13713.848748523276,0.0,0.0,0.0,0.0,0.0
44108,20.447107750488005,13611.608105367699,0.0,0.0,0.0,0.0,0.0
44109,20.448426696188132,13681.895201424035,0.0,0.0,0.0,0.0,0.0
44110,20.464701154817583,13639.30477512783,0.0,0.0,0.0,0.0,0.0
44111,20.4327737334374,13712.905942798787,0.0,0.0,0.0,0.0,0.0
44112,20.499695779283492,13574.89567300469,0.0,0.0,0.0,0.0,0.0
44113,19.475296875508544,13369.185443910086,0.0,0.0,0.0,0.0,0.0
44114,19.478462104370806,13363.011539908046,0.0,0.0,0.0,0.0,0.0
44115,19.577937947814906,13183.083286683537,0.0,0.0,0.0,0.0,0.0
44116,20.414763918614824,13668.061404576247,0.0,0.0,0.0,0.0,0.0
44117,20.474229279101092,13542.667783114575,0.0,0.0,0.0,0.0,0.0
44118,20.431526830550165,13651.831413254215,0.0,0.0,0.0,0.0,0.0
44119,20.439401842101912,13685.723477672236,0.0,0.0,0.0,0.0,0.0
44120,20.45745428578701,13582.965569076066,0.0,0.0,0.0,0.0,0.0
44121,20.425241218055806,13724.137690451344,0.0,0.0,0.0,0.0,0.0
44122,20.434294658239242,13580.155690581343,0.0,0.0,0.0,0.0,0.0
44123,20.429526656969752,13727.21708103206,0.0,0.0,0.0,0.0,0.0
44124,20.429235429635224,13668.876144857297,0.0,0.0,0.0,0.0,0.0
44125,20.43429665762651,13699.452239995984,0.0,0.0,0.0,0.0,0.0
44126,20.413535441024074,13727.203513830216,0.0,0.0,0.0,0.0,0.0
44127,19.49060560334135,13427.438491749352,0.0,0.0,0.0,0.0,0.0
44128,20.443263761207525,13680.394346298472,0.0,0.0,0.0,0.0,0.0
44129,20.429134922651727,13772.63817752672,0.0,0.0,0.0,0.0,0.0
44130,20.420237507164295,13735.382751548474,0.0,0.0,0.0,0.0,0.0
44131,20.423086819381048,13690.442693046827,0.0,0.0,0.0,0.0,0.0
44132,20.457851843192937,13635.324725781486,0.0,0.0,0.0,0.0,0.0
44133,20.419767038938957,13741.138570087498,0.0,0.0,0.0,0.0,0.0
44134,20.421089859513863,13749.494913571905,0.0,0.0,0.0,0.0,0.0
44135,20.45749599323737,13658.371415157591,0.0,0.0,0.0,0.0,0.0
44136,20.424976023328824,13701.07387239191,0.0,0.0,0.0,0.0,0.0
44137,20.424349924379456,13739.858680283147,0.0,0.0,0.0,0.0,0.0
44138,20.434869139026528,13643.360619080213,0.0,0.0,0.0,0.0,0.0
44139,20.419034815787953,13561.968980834943,0.0,0.0,0.0,0.0,0.0
44140,20.42992776927831,13597.443972642637,0.0,0.0,0.0,0.0,0.0
44141,20.41232506050775,13616.240420941167,0.0,0.0,0.0,0.0,0.0
44142,20.42790729474576,13755.86724705519,0.0,0.0,0.0,0.0,0.0
44143,20.422669719645317,13649.684736173615,0.0,0.0,0.0,0.0,0.0
44144,20.43371014058407,13742.513102122184,0.0,0.0,0.0,0.0,0.0
44145,20.42688710093379,13646.298735038557,0.0,0.0,0.0,0.0,0.0
44146,20.4403539690613,13713.042469428214,0.0,0.0,0.0,0.0,0.0
44147,20.413829793701773,13654.071637586061,0.0,0.0,0.0,0.0,0.0
44149,20.415080649595716,13663.076053315717,0.0,0.0,0.0,0.0,0.0
44201,21.194086574966253,13910.772142713944,0.0,0.0,0.0,0.0,0.0
44202,20.32908468602053,13618.432541574708,0.0,0.0,0.0,0.0,0.0
44203,21.179156645674027,13876.430211353909,0.0,0.0,0.0,0.0,0.0
44216,21.15546721092946,13858.307795371014,0.0,0.0,0.0,0.0,0.0
44221,21.173290958074784,13889.74938427002,0.0,0.0,0.0,0.0,0.0
44223,21.185727003767308,13857.72491686912,0.0,0.0,0.0,0.0,0.0
44224,21.177149859736794,13816.650278244755,0.0,0.0,0.0,0.0,0.0
44236,21.16775879426957,13683.250291784709,0.0,0.0,0.0,0.0,0.0
44240,21.237511435279707,13742.232806181366,0.0,0.0,0.0,0.0,0.0
44241,21.18815847618685,13880.418316967487,0.0,0.0,0.0,0.0,0.0
44260,21.181620207450376,13886.645736567743,0.0,0.0,0.0,0.0,0.0
44262,21.165088483716215,13914.725822938453,0.0,0.0,0.0,0.0,0.0
44264,20.31743071609736,13635.574924663913,0.0,0.0,0.0,0.0,0.0
44266,21.20511617701738,13857.499135928627,0.0,0.0,0.0,0.0,0.0
44278,21.184515552609685,13880.598330404262,0.0,0.0,0.0,0.0,0.0
44286,20.33570445083735,13526.77379474741,0.0,0.0,0.0,0.0,0.0
44301,21.184421074079133,13867.262087867051,0.0,0.0,0.0,0.0,0.0
44302,21.18134493165244,13838.998933695026,0.0,0.0,0.0,0.0,0.0
44303,21.179374139764295,13843.58639452596,0.0,0.0,0.0,0.0,0.0
44304,21.258772009067933,13691.587650352043,0.0,0.0,0.0,0.0,0.0
44305,21.196700408506842,13858.807938563392,0.0,0.0,0.0,0.0,0.0
44306,21.200295841856768,13809.82686219161,0.0,0.0,0.0,0.0,0.0
44307,21.222991713088128,13764.3505593349,0.0,0.0,0.0,0.0,0.0
44308,21.25701488756512,13588.26772173086,0.0,0.0,0.0,0.0,0.0
44310,21.197009484345518,13837.332055882305,0.0,0.0,0.0,0.0,0.0
44311,21.22216103421263,13768.136818765639,0.0,0.0,0.0,0.0,0.0
44312,21.188287564967638,13871.310402943122,0.0,0.0,0.0,0.0,0.0
44313,21.174790486622776,13828.784550458977,0.0,0.0,0.0,0.0,0.0
44314,21.192569549168777,13846.953260151817,0.0,0.0,0.0,0.0,0.0
44319,21.192542435013696,13833.695238619643,0.0,0.0,0.0,0.0,0.0
44320,21.221891941307998,13746.62682092429,0.0,0.0,0.0,0.0,0.0
44321,21.17591262186843,13779.989979866172,0.0,0.0,0.0,0.0,0.0
44333,21.179118170803513,13774.85895214574,0.0,0.0,0.0,0.0,0.0
44401,21.126111482727232,13830.650061645123,0.0,0.0,0.0,0.0,0.0
44402,21.34886810275116,13891.446197218414,0.0,0.0,0.0,0.0,0.0
44403,21.343779395012753,13892.941973745164,0.0,0.0,0.0,0.0,0.0
44405,21.134613456360093,13746.329617189016,0.0,0.0,0.0,0.0,0.0
44406,21.09130643627443,13843.804770377568,0.0,0.0,0.0,0.0,0.0
44410,21.377422732388027,13855.552862510918,0.0,0.0,0.0,0.0,0.0
44412,21.11311365459139,13843.42195086325,0.0,0.0,0.0,0.0,0.0
44418,21.38024314952623,13867.535459638535,0.0,0.0,0.0,0.0,0.0
44420,21.366314227816183,13869.16168513267,0.0,0.0,0.0,0.0,0.0
44425,21.347092503220214,13898.175213124026,0.0,0.0,0.0,0.0,0.0
44429,21.1233599057911,13799.132546666442,0.0,0.0,0.0,0.0,0.0
44430,21.368418312559594,13904.071845596205,0.0,0.0,0.0,0.0,0.0
44436,21.100439901693253,13853.796480915129,0.0,0.0,0.0,0.0,0.0
44437,21.35324821611306,13904.374865713335,0.0,0.0,0.0,0.0,0.0
44438,21.37286079194825,13904.860272559024,0.0,0.0,0.0,0.0,0.0
44440,21.248584668140094,13935.896869175356,0.0,0.0,0.0,0.0,0.0
44442,21.09158734307267,13847.814200593279,0.0,0.0,0.0,0.0,0.0
44444,21.351882301263824,13903.871534357495,0.0,0.0,0.0,0.0,0.0
44446,21.3701841592184,13876.622885739227,0.0,0.0,0.0,0.0,0.0
44451,21.10754472824742,13817.394538925057,0.0,0.0,0.0,0.0,0.0
44452,21.099406134179084,13784.375298670091,0.0,0.0,0.0,0.0,0.0
44470,21.347064577049824,13915.772106150502,0.0,0.0,0.0,0.0,0.0
44471,21.110052944466815,13879.022890454864,0.0,0.0,0.0,0.0,0.0
44473,21.34967613806319,13891.677683979135,0.0,0.0,0.0,0.0,0.0
44481,21.351574830350778,13913.887301539535,0.0,0.0,0.0,0.0,0.0
44483,21.367272472698165,13867.531974253025,0.0,0.0,0.0,0.0,0.0
44484,21.362172856153006,13894.055618003582,0.0,0.0,0.0,0.0,0.0
44485,21.416335202537148,13793.33117137741,0.0,0.0,0.0,0.0,0.0
44491,21.353682723591763,13913.590924699958,0.0,0.0,0.0,0.0,0.0
44502,21.178724192489096,13676.778367923256,0.0,0.0,0.0,0.0,0.0
44503,21.32629804039756,13262.565975786823,0.0,0.0,0.0,0.0,0.0
44504,21.161795200204907,13694.38112314516,0.0,0.0,0.0,0.0,0.0
44505,21.260974778191947,13792.34015506598,0.0,0.0,0.0,0.0,0.0
44506,21.146183659832893,13760.20915037242,0.0,0.0,0.0,0.0,0.0
44507,21.14088329972145,13779.415226000883,0.0,0.0,0.0,0.0,0.0
44509,21.137139830832336,13756.653245366819,0.0,0.0,0.0,0.0,0.0
44510,21.140953841724652,13733.49187033252,0.0,0.0,0.0,0.0,0.0
44511,21.114253579194752,13825.639586720123,0.0,0.0,0.0,0.0,0.0
44512,21.12605799669337,13795.032862777747,0.0,0.0,0.0,0.0,0.0
44514,21.103911857013248,13826.271217220034,0.0,0.0,0.0,0.0,0.0
44515,21.121596327034055,13834.822339912598,0.0,0.0,0.0,0.0,0.0
44601,21.030229785629253,13835.14062210088,0.0,0.0,0.0,0.0,0.0
44613,21.016572963268377,13877.80056814974,0.0,0.0,0.0,0.0,0.0
44614,21.037655809231758,13806.737438497212,0.0,0.0,0.0,0.0,0.0
44622,17.130025579166624,12991.462911558707,0.0,0.0,0.0,0.0,0.0
44626,17.18279775659634,13092.343365636223,0.0,0.0,0.0,0.0,0.0
44632,21.022981022930427,13863.730300707091,0.0,0.0,0.0,0.0,0.0
44641,21.03187177262607,13858.793286544666,0.0,0.0,0.0,0.0,0.0
44644,17.27707644015763,12947.968951313955,0.0,0.0,0.0,0.0,0.0
44646,21.024476501419894,13849.554780865019,0.0,0.0,0.0,0.0,0.0
44647,21.020717779577012,13884.649162745322,0.0,0.0,0.0,0.0,0.0
44662,21.031742998022956,13844.298060589665,0.0,0.0,0.0,0.0,0.0
44663,17.13049163335323,13026.886490047156,0.0,0.0,0.0,0.0,0.0
44666,21.014186550897676,13852.24640616791,0.0,0.0,0.0,0.0,0.0
44685,21.09566620032866,13834.603302648615,0.0,0.0,0.0,0.0,0.0
44688,17.227031961491978,13022.174235142076,0.0,0.0,0.0,0.0,0.0
44702,17.19624666794244,12835.152653190971,0.0,0.0,0.0,0.0,0.0
44703,17.226197853028477,12964.21545638954,0.0,0.0,0.0,0.0,0.0
44704,17.206178812367444,13005.865672606176,0.0,0.0,0.0,0.0,0.0
44705,17.200302049764463,13012.525603679454,0.0,0.0,0.0,0.0,0.0
44706,21.03818902071299,13853.064929835533,0.0,0.0,0.0,0.0,0.0
44707,17.191975029819083,12923.20471315042,0.0,0.0,0.0,0.0,0.0
44708,21.03813076435945,13823.542908958889,0.0,0.0,0.0,0.0,0.0
44709,17.20503509661524,13032.031892180923,0.0,0.0,0.0,0.0,0.0
44710,21.052336659492937,13834.163830388878,0.0,0.0,0.0,0.0,0.0
44714,17.16440735140226,12989.011165949682,0.0,0.0,0.0,0.0,0.0
44718,21.030839884436784,13781.013662967523,0.0,0.0,0.0,0.0,0.0
44720,21.039171168711,13813.49366235225,0.0,0.0,0.0,0.0,0.0
44721,21.02651763386954,13827.020261223151,0.0,0.0,0.0,0.0,0.0
44730,17.199894437054535,13068.048272603903,0.0,0.0,0.0,0.0,0.0
44824,21.00628057913907,13726.795470518562,0.0,0.0,0.0,0.0,0.0
44839,20.98153005193416,13800.802951941683,0.0,0.0,0.0,0.0,0.0
44843,20.86103879873161,13856.599214654587,0.0,0.0,0.0,0.0,0.0
44846,21.007333933003142,13818.427879074155,0.0,0.0,0.0,0.0,0.0
44847,20.979963291975153,13855.03812780726,0.0,0.0,0.0,0.0,0.0
44870,20.997262624538727,13808.808557283808,0.0,0.0,0.0,0.0,0.0
44902,20.89764261651024,13684.067236560493,0.0,0.0,0.0,0.0,0.0
44903,20.87560193567657,13795.707009006466,0.0,0.0,0.0,0.0,0.0
44904,20.87553650689585,13819.004653494376,0.0,0.0,0.0,0.0,0.0
44905,20.88127853144325,13811.118317582563,0.0,0.0,0.0,0.0,0.0
44906,20.8855162612819,13810.863717267024,0.0,0.0,0.0,0.0,0.0
44907,20.883241776851897,13819.791711514756,0.0,0.0,0.0,0.0,0.0
45001,21.370117880003978,13907.648978389268,0.0,0.0,0.0,0.0,0.0
45002,21.35854346158095,13874.466000894865,0.0,0.0,0.0,0.0,0.0
45005,21.443391528066407,13916.81683842005,0.0,0.0,0.0,0.0,0.0
45011,21.359804190204045,13826.982317010861,0.0,0.0,0.0,0.0,0.0
45013,21.339471984875484,13896.508785422146,0.0,0.0,0.0,0.0,0.0
45014,21.3418802663626,13871.232519889316,0.0,0.0,0.0,0.0,0.0
45015,21.354603331584176,13874.363042581295,0.0,0.0,0.0,0.0,0.0
45030,21.35587779097378,13895.077170870842,0.0,0.0,0.0,0.0,0.0
45034,21.446258723654783,13818.252638735436,0.0,0.0,0.0,0.0,0.0
45036,21.440717339598717,13848.685736549909,0.0,0.0,0.0,0.0,0.0
45039,21.433247199598917,13850.13865307665,0.0,0.0,0.0,0.0,0.0
45040,21.431467304241902,13777.886268874683,0.0,0.0,0.0,0.0,0.0
45042,21.350305299941613,13868.874072836108,0.0,0.0,0.0,0.0,0.0
45044,21.349102797090353,13842.095145665066,0.0,0.0,0.0,0.0,0.0
45050,21.331536658824177,13904.363973714102,0.0,0.0,0.0,0.0,0.0
45065,21.431182698460017,13784.672136658397,0.0,0.0,0.0,0.0,0.0
45066,21.433185822827138,13805.639854833236,0.0,0.0,0.0,0.0,0.0
45067,21.341056969736144,13919.609369063639,0.0,0.0,0.0,0.0,0.0
45068,21.42985680132561,13805.811148199935,0.0,0.0,0.0,0.0,0.0
45069,21.344614139936404,13816.041100608953,0.0,0.0,0.0,0.0,0.0
45102,21.566493511950085,13941.761152459008,0.0,0.0,0.0,0.0,0.0
45103,21.566046485535306,13911.478620484286,0.0,0.0,0.0,0.0,0.0
45106,21.56337106087093,13937.249924042346,0.0,0.0,0.0,0.0,0.0
45111,21.42292519847359,13796.796178847108,0.0,0.0,0.0,0.0,0.0
45122,21.54194847188481,13946.262046496191,0.0,0.0,0.0,0.0,0.0
45140,21.48247379545554,13849.470063645422,0.0,0.0,0.0,0.0,0.0
45150,21.564102520159338,13881.187827639722,0.0,0.0,0.0,0.0,0.0
45152,21.435771531057583,13862.439947568902,0.0,0.0,0.0,0.0,0.0
45153,21.55915303093994,13953.147579687957,0.0,0.0,0.0,0.0,0.0
45157,21.574653646009537,13871.24665923602,0.0,0.0,0.0,0.0,0.0
45162,21.434228539144225,13912.802746979463,0.0,0.0,0.0,0.0,0.0
45174,21.34094143372587,13639.530235363001,0.0,0.0,0.0,0.0,0.0
45202,21.400963287944794,13732.39571789226,0.0,0.0,0.0,0.0,0.0
45203,21.40491457977391,13684.511789136539,0.0,0.0,0.0,0.0,0.0
45204,21.40580544006926,13802.912841354751,0.0,0.0,0.0,0.0,0.0
45205,21.42454917782551,13798.373359051711,0.0,0.0,0.0,0.0,0.0
45206,21.399455495850933,13764.642614689794,0.0,0.0,0.0,0.0,0.0
45207,21.38373542131811,13859.646047822514,0.0,0.0,0.0,0.0,0.0
45208,21.36794780825437,13706.595992604656,0.0,0.0,0.0,0.0,0.0
45209,21.37349675121361,13831.427217807524,0.0,0.0,0.0,0.0,0.0
45211,21.37954477028239,13853.37456941195,0.0,0.0,0.0,0.0,0.0
45212,21.38153558002514,13869.985208156495,0.0,0.0,0.0,0.0,0.0
45213,21.382151559392717,13821.097849981372,0.0,0.0,0.0,0.0,0.0
45214,21.412573575504677,13757.53198998784,0.0,0.0,0.0,0.0,0.0
45215,21.395486667195232,13782.7817770712,0.0,0.0,0.0,0.0,0.0
45216,21.360579545982503,13907.843285407,0.0,0.0,0.0,0.0,0.0
45217,21.382530309437573,13810.954752591864,0.0,0.0,0.0,0.0,0.0
45218,21.362300173501428,13907.972502774393,0.0,0.0,0.0,0.0,0.0
45219,21.39914203645012,13774.79315837976,0.0,0.0,0.0,0.0,0.0
45220,21.38701272579277,13823.841909676865,0.0,0.0,0.0,0.0,0.0
45223,21.408197191151128,13810.38957403712,0.0,0.0,0.0,0.0,0.0
45224,21.384084414743253,13840.240629713666,0.0,0.0,0.0,0.0,0.0
45225,21.464875758707258,13646.037873443895,0.0,0.0,0.0,0.0,0.0
45226,21.365451630013,13819.75740811004,0.0,0.0,0.0,0.0,0.0
45227,21.375995833939673,13823.370365071387,0.0,0.0,0.0,0.0,0.0
45229,21.402972486251272,13787.821415642426,0.0,0.0,0.0,0.0,0.0
45230,21.35337810673025,13856.62026734078,0.0,0.0,0.0,0.0,0.0
45231,21.36516449630382,13913.797779709677,0.0,0.0,0.0,0.0,0.0
45232,21.42732562983629,13746.97180415213,0.0,0.0,0.0,0.0,0.0
45233,21.367631140649817,13859.725003209014,0.0,0.0,0.0,0.0,0.0
45236,21.36347886740319,13879.326652806525,0.0,0.0,0.0,0.0,0.0
45237,21.393495879208057,13798.512427712627,0.0,0.0,0.0,0.0,0.0
45238,21.377400430044425,13863.4301958794,0.0,0.0,0.0,0.0,0.0
45239,21.387731126609175,13887.076078256754,0.0,0.0,0.0,0.0,0.0
45240,21.371831659498316,13911.63087937556,0.0,0.0,0.0,0.0,0.0
45241,21.360195953654227,13783.176991275339,0.0,0.0,0.0,0.0,0.0
45242,21.36396336287563,13794.848837705906,0.0,0.0,0.0,0.0,0.0
45243,21.36306094594607,13640.882049481994,0.0,0.0,0.0,0.0,0.0
45244,21.443176177503283,13791.49275953573,0.0,0.0,0.0,0.0,0.0
45245,21.567179341539514,13889.36536228246,0.0,0.0,0.0,0.0,0.0
45246,21.38197941417528,13837.872683493666,0.0,0.0,0.0,0.0,0.0
45247,21.369551788580992,13841.701010618513,0.0,0.0,0.0,0.0,0.0
45248,21.365429989497596,13886.506566591923,0.0,0.0,0.0,0.0,0.0
45249,21.36548251929284,13741.529070011335,0.0,0.0,0.0,0.0,0.0
45251,21.366165435503728,13887.483640597462,0.0,0.0,0.0,0.0,0.0
45252,21.36282304743508,13869.426008370534,0.0,0.0,0.0,0.0,0.0
45255,21.414625878853453,13808.811679926903,0.0,0.0,0.0,0.0,0.0
45301,20.22457788633585,13789.082928331873,0.0,0.0,0.0,0.0,0.0
45305,20.232987281500115,13636.857136145627,0.0,0.0,0.0,0.0,0.0
45309,20.153534866435596,13678.601297906465,0.0,0.0,0.0,0.0,0.0
45312,20.3400442675175,13751.628486303138,0.0,0.0,0.0,0.0,0.0
45315,20.142949592763433,13644.80551294911,0.0,0.0,0.0,0.0,0.0
45318,20.3377970468951,13779.965659277716,0.0,0.0,0.0,0.0,0.0
45319,20.41614423493478,13809.589750116987,0.0,0.0,0.0,0.0,0.0
45322,20.151108071178413,13712.243739996944,0.0,0.0,0.0,0.0,0.0
45323,20.432689880158136,13736.229687439902,0.0,0.0,0.0,0.0,0.0
45324,20.260936602666213,13685.2014309402,0.0,0.0,0.0,0.0,0.0
45325,20.140822482026504,13679.889838312212,0.0,0.0,0.0,0.0,0.0
45326,20.332621582751326,13770.417533879348,0.0,0.0,0.0,0.0,0.0
45327,21.484373146470844,13941.59271076885,0.0,0.0,0.0,0.0,0.0
45339,20.344822483065336,13698.797458103292,0.0,0.0,0.0,0.0,0.0
45341,20.54008843778709,13774.664623884522,0.0,0.0,0.0,0.0,0.0
45342,21.512788505593427,13913.16126533556,0.0,0.0,0.0,0.0,0.0
45344,20.513504235230744,13731.728413684616,0.0,0.0,0.0,0.0,0.0
45345,20.14374014656877,13729.21671952835,0.0,0.0,0.0,0.0,0.0
45359,20.33727798065756,13753.024370717614,0.0,0.0,0.0,0.0,0.0
45368,20.55080442259483,13739.434953134158,0.0,0.0,0.0,0.0,0.0
45369,20.432033104511973,13766.529635095885,0.0,0.0,0.0,0.0,0.0
45370,20.241032629337347,13488.771217681438,0.0,0.0,0.0,0.0,0.0
45371,20.342748491608386,13680.94495277406,0.0,0.0,0.0,0.0,0.0
45373,20.35381844889194,13700.620536847106,0.0,0.0,0.0,0.0,0.0
45377,20.139077136002406,13695.841304217363,0.0,0.0,0.0,0.0,0.0
45383,20.338135724916135,13774.697593788851,0.0,0.0,0.0,0.0,0.0
45384,20.28224278533632,13522.090763948027,0.0,0.0,0.0,0.0,0.0
45385,20.256481115873754,13630.09429214392,0.0,0.0,0.0,0.0,0.0
45387,20.226757164380153,13665.770666363267,0.0,0.0,0.0,0.0,0.0
45402,20.194216236452498,13543.135201946005,0.0,0.0,0.0,0.0,0.0
45403,20.157949192230326,13599.46019011234,0.0,0.0,0.0,0.0,0.0
45404,20.195529715724405,13591.987342934779,0.0,0.0,0.0,0.0,0.0
45405,20.180538145324338,13626.74257964246,0.0,0.0,0.0,0.0,0.0
45406,20.18647068564877,13601.143257745773,0.0,0.0,0.0,0.0,0.0
45409,20.17874381345061,13491.891300547893,0.0,0.0,0.0,0.0,0.0
45410,20.16867595750583,13660.86732586447,0.0,0.0,0.0,0.0,0.0
45414,20.180106728414362,13599.82038312425,0.0,0.0,0.0,0.0,0.0
45415,20.160396391928018,13602.124021106496,0.0,0.0,0.0,0.0,0.0
45416,20.162197657131674,13652.173593835143,0.0,0.0,0.0,0.0,0.0
45417,20.18929123060768,13584.18547650038,0.0,0.0,0.0,0.0,0.0
45419,20.15239061949556,13587.669138831394,0.0,0.0,0.0,0.0,0.0
45420,20.145912763905514,13702.599386083664,0.0,0.0,0.0,0.0,0.0
45424,20.149440550771565,13682.434995915557,0.0,0.0,0.0,0.0,0.0
45426,20.164139420408787,13663.535538736596,0.0,0.0,0.0,0.0,0.0
45429,20.15231012666481,13668.635186794203,0.0,0.0,0.0,0.0,0.0
45430,20.242662557422687,13625.966328060988,0.0,0.0,0.0,0.0,0.0
45431,20.211846878491716,13686.3043375181,0.0,0.0,0.0,0.0,0.0
45432,20.20977751585398,13649.443667854664,0.0,0.0,0.0,0.0,0.0
45433,20.239693223897405,13723.174650544568,0.0,0.0,0.0,0.0,0.0
45434,20.244985808604643,13534.276757413047,0.0,0.0,0.0,0.0,0.0
45439,20.15622581138068,13685.402891497817,0.0,0.0,0.0,0.0,0.0
45440,20.19824053376826,13627.182456262626,0.0,0.0,0.0,0.0,0.0
45449,20.17509944687102,13615.487923786337,0.0,0.0,0.0,0.0,0.0
45458,21.4931444641756,13830.986310770266,0.0,0.0,0.0,0.0,0.0
45459,20.145506736312853,13648.61156850783,0.0,0.0,0.0,0.0,0.0
45502,20.532219263935136,13769.441034915422,0.0,0.0,0.0,0.0,0.0
45503,20.445172288899073,13725.524842444256,0.0,0.0,0.0,0.0,0.0
45504,20.449199702229503,13709.180407830047,0.0,0.0,0.0,0.0,0.0
45505,20.45822945791211,13682.961193482597,0.0,0.0,0.0,0.0,0.0
45506,20.456553608965546,13692.698352384728,0.0,0.0,0.0,0.0,0.0
45619,16.446875852823272,12835.7893174781,0.0,0.0,0.0,0.0,0.0
45623,16.417946954652354,12803.611147423708,0.0,0.0,0.0,0.0,0.0
45638,16.407136875954667,12783.19967199904,0.0,0.0,0.0,0.0,0.0
45659,16.40637545635463,12735.380936965908,0.0,0.0,0.0,0.0,0.0
45662,16.280542333445286,12631.738955427854,0.0,0.0,0.0,0.0,0.0
45663,16.28609975123559,12701.488342517625,0.0,0.0,0.0,0.0,0.0
45669,16.40771199265673,12766.50771567003,0.0,0.0,0.0,0.0,0.0
45678,16.46016109833212,12812.888047369555,0.0,0.0,0.0,0.0,0.0
45680,16.454740802245652,12798.20473036677,0.0,0.0,0.0,0.0,0.0
45694,16.332647491510123,12713.786195507008,0.0,0.0,0.0,0.0,0.0
45696,16.283076038977605,12459.86179926285,0.0,0.0,0.0,0.0,0.0
45714,18.361041089269612,13300.979024960378,0.0,0.0,0.0,0.0,0.0
45750,18.352836065373744,13255.795261138453,0.0,0.0,0.0,0.0,0.0
45801,16.83967142842781,12830.323117526998,0.0,0.0,0.0,0.0,0.0
45804,16.87157152110059,12891.769195999688,0.0,0.0,0.0,0.0,0.0
45805,16.85275816803312,12984.23393490633,0.0,0.0,0.0,0.0,0.0
45806,16.811143021765666,12913.117132322586,0.0,0.0,0.0,0.0,0.0
45807,16.855210846963512,12988.042134124838,0.0,0.0,0.0,0.0,0.0
45895,20.75465545486354,13812.615771930627,0.0,0.0,0.0,0.0,0.0
73003,17.071368235623712,11813.388941648063,0.0,0.0,0.0,0.0,0.005
73007,17.078884385876275,11490.878896775306,0.0,0.0,0.0,0.0,0.0
73008,17.128003729128995,11969.838092098855,0.0,0.0,0.0,0.0,0.0
73012,17.1282228120243,11780.478091532821,0.0,0.0,0.0,0.0,0.0
73013,17.124372400458213,11814.358656310875,0.0,0.0,0.0,0.0,0.0
73020,17.073174238808953,11831.186429181203,0.0,0.0,0.0,0.001,0.003
73025,17.13077941273428,11609.139914992085,0.0,0.0,0.0,0.0,0.0
73026,17.136765835872836,11848.382276564811,0.0,0.0,0.0,0.002,0.005
73034,17.130760027862966,11750.888450308446,0.0,0.0,0.0,0.0,0.0
73049,17.029237208544117,11787.659725684594,0.0,0.0,0.001,0.004,0.008
73064,17.016704780655882,11873.653783824459,0.0,0.0,0.0,0.0,0.0
73065,17.1970875266213,11981.62567763678,0.0,0.001,0.002,0.002,0.002
73068,17.178187341091565,11981.699899005218,0.0,0.0,0.0,0.0,0.0
73069,17.075560175937227,11781.116859591068,0.0,0.0,0.0,0.0,0.0
73071,17.07434692800864,11753.639643237886,0.0,0.0,0.0,0.0,0.0
73072,17.181858993412597,11787.044016278258,0.0,0.0,0.0,0.0,0.0
73078,17.016972285976156,11877.6936921135,0.0,0.0,0.0,0.0,0.0
73084,16.974681115213496,11820.70406569031,0.0,0.0,0.004,0.01,0.012
73093,17.227533963400692,11958.12159302194,0.0,0.0,0.0,0.0,0.0
73099,17.013733874494132,11942.16310621211,0.0,0.0,0.0,0.0,0.0
73102,16.99488427949207,11623.961199553221,0.0,0.0,0.0,0.0,0.0
73103,17.12912716966103,11789.806979609333,0.0,0.0,0.0,0.0,0.0
73104,16.867539240175653,11433.106975132358,0.0,0.0,0.0,0.01,0.017
73105,17.032320763353646,11821.64631441476,0.0,0.0,0.0,0.0,0.0
73106,17.130452585158316,11782.21242676924,0.0,0.0,0.0,0.0,0.0
73107,17.1289741573246,11954.415930884586,0.0,0.0,0.0,0.0,0.0
73108,16.864351332621435,11548.594368568436,0.0,0.0,0.0,0.0,0.009
73109,16.878421066237046,11618.747197504674,0.0,0.0,0.0,0.0,0.011
73110,17.077842271323952,11855.119513315589,0.0,0.0,0.0,0.0,0.0
73111,17.01931642333163,11733.91887524949,0.0,0.0,0.0,0.0,0.0
73112,17.028578428185444,11792.93556416553,0.0,0.0,0.0,0.0,0.0
73114,17.129038965143987,11891.111563782046,0.0,0.0,0.0,0.0,0.0
73115,17.027841215390186,11833.106900756438,0.0,0.0,0.0,0.0,0.0
73116,17.124272547246402,11775.711909285039,0.0,0.0,0.0,0.0,0.0
73117,16.84648496207177,11360.446476990604,0.0,0.0,0.0,0.0,0.012
73118,17.014523546945945,11700.97191047236,0.0,0.0,0.0,0.0,0.0
73119,17.04682284493304,11849.467590987879,0.0,0.0,0.0,0.0,0.0
73120,17.133916828656513,11895.523567608729,0.0,0.0,0.0,0.0,0.0
73121,17.12662846302981,11983.06384690656,0.0,0.0,0.0,0.0,0.0
73122,17.076874089850467,11783.791628490977,0.0,0.0,0.0,0.0,0.0
73127,17.004099997754903,11765.277547808271,0.0,0.0,0.0,0.0,0.0
73128,17.07359536997726,11685.664341518519,0.0,0.0,0.0,0.0,0.0
73129,17.014743499766432,11818.853014126074,0.0,0.0,0.0,0.0,0.004
73130,17.05084029059021,11896.58029938246,0.0,0.0,0.004,0.004,0.006
73131,17.070479919526807,11447.361768595294,0.0,0.0,0.0,0.0,0.0
73132,17.127425121377183,11908.777215986203,0.0,0.0,0.0,0.0,0.0
73134,17.073231035925968,11869.397040465921,0.0,0.0,0.0,0.0,0.0
73135,17.13075404431943,11940.523947173539,0.0,0.0,0.0,0.0,0.0
73139,17.094146053264225,11832.8304250147,0.0,0.0,0.0,0.0,0.0
73141,17.128948029149313,11833.83829576518,0.0,0.0,0.0,0.0,0.0
73142,17.021391252685433,11703.100358696453,0.0,0.0,0.0,0.0,0.001
73145,16.919936215398906,11667.385635241784,0.0,0.0,0.0,0.0,0.0
73149,17.07150955771174,11948.331984695218,0.0,0.0,0.0,0.0,0.002
73150,17.128850511647617,11836.535305364096,0.0,0.0,0.0,0.001,0.002
73151,17.125182951067654,11488.744696429761,0.0,0.0,0.0,0.0,0.0
73159,17.09215612090115,11887.640726269075,0.0,0.0,0.0,0.0,0.0
73160,17.178968487728948,11944.777874186446,0.0,0.0,0.0,0.0,0.0
73162,17.127072668375945,11869.039914702957,0.0,0.0,0.0,0.0,0.0
73165,17.176771569547657,11793.219515980707,0.0,0.0,0.0,0.0,0.0
73169,17.141166311822733,11975.519091887702,0.0,0.0,0.0,0.0,0.0
73170,17.178289254176896,11872.54343073976,0.0,0.0,0.0,0.0,0.0
73173,17.126292050392607,11796.61118069314,0.0,0.0,0.0,0.0,0.0
73179,17.097173041591255,11826.130496261922,0.0,0.0,0.0,0.0,0.0
73501,17.17576408706452,11878.80066527052,0.0,0.0,0.0,0.0,0.0
73505,17.113109328264787,11882.940424652621,0.0,0.0,0.0,0.003,0.004
73507,16.991209439022626,11728.722252542233,0.0,0.0,0.0,0.003,0.009
73701,17.077928621668466,11877.168733755707,0.0,0.0,0.0,0.0,0.0
73703,17.036705703632833,11895.548477997523,0.0,0.0,0.0,0.0,0.0
74008,17.96691703251581,12108.193780239675,0.0,0.0,0.0,0.0,0.0
74011,17.95852024261125,12119.3294143108,0.0,0.0,0.0,0.0,0.0
74012,18.47570419574438,12298.30089427705,0.0,0.0,0.0,0.0,0.0
74014,17.974347310734107,12169.673017670451,0.0,0.0,0.0,0.0,0.003
74015,18.501069665382374,12370.749790568205,0.0,0.0,0.0,0.0,0.0
74017,18.506457875053048,12351.61695731836,0.0,0.0,0.0,0.0,0.0
74019,18.405229823512876,12253.61005791477,0.0,0.0,0.0,0.0,0.002
74021,18.485839651189213,12309.871207779122,0.0,0.0,0.0,0.0,0.0
74023,17.314917193555022,11942.782291553096,0.0,0.0,0.0,0.0,0.0
74033,18.015965472672903,12184.693721895641,0.0,0.0,0.0,0.0,0.0
74036,18.503882885815976,12362.216561622658,0.0,0.0,0.0,0.0,0.0
74037,18.478536859335197,12276.034292651912,0.0,0.0,0.0,0.0,0.001
74041,18.07396653140218,12283.170187058398,0.0,0.0,0.0,0.0,0.0
74050,18.475955955669406,12458.676273366222,0.0,0.0,0.0,0.0,0.0
74053,18.504153631207156,12378.177997147228,0.0,0.0,0.0,0.0,0.0
74055,18.486798392726975,12302.934629445921,0.0,0.0,0.0,0.0,0.0
74063,17.962569308956933,12169.6318226038,0.0,0.0,0.0,0.0,0.0
74066,17.854637068353863,12017.886674295216,0.0,0.0,0.004,0.007,0.008
74070,18.419172516601122,12273.217327149134,0.0,0.0,0.0,0.0,0.001
74073,18.43751825505004,12244.625826965039,0.0,0.0,0.0,0.0,0.0
74074,17.315560901715347,11787.634787771032,0.0,0.0,0.0,0.0,0.0
74075,17.243357269072177,11749.937756369653,0.0,0.0,0.0,0.0,0.0
74103,18.413869813009097,12112.04887586892,0.0,0.0,0.0,0.0,0.0
74104,18.264858265410712,12043.829317442867,0.0,0.0,0.0,0.0,0.0
74105,18.47323280177264,12190.849818680528,0.0,0.0,0.0,0.0,0.0
74106,18.415005111597527,12107.490471979581,0.0,0.0,0.0,0.0,0.0
74107,18.364309445214232,12206.638852798682,0.0,0.0,0.0,0.0,0.0
74108,18.31090012409164,12176.648012132986,0.0,0.0,0.0,0.0,0.003
74110,18.480429189240965,12207.827985155523,0.0,0.0,0.0,0.0,0.0
74112,18.422273545587572,12305.688877049151,0.0,0.0,0.0,0.0,0.0
74114,18.37830714629283,12108.970524253844,0.0,0.0,0.0,0.0,0.002
74115,18.422631011268148,12272.703236842397,0.0,0.0,0.0,0.0,0.0
74116,18.490278624978135,12190.323740094833,0.0,0.0,0.0,0.0,0.0
74119,18.4169462056814,12223.89279842441,0.0,0.0,0.0,0.0,0.0
74120,18.41824855375454,12236.188988956717,0.0,0.0,0.0,0.0,0.0
74126,18.421589681372637,12246.014764691194,0.0,0.0,0.0,0.0,0.0
74127,18.495349273319583,12328.531752331932,0.0,0.0,0.0,0.0,0.0
74128,18.43951240608323,12366.900712695815,0.0,0.0,0.0,0.0,0.0
74129,18.4771176464525,12291.26943803092,0.0,0.0,0.0,0.0,0.0
74130,18.421606597487745,12334.736777377928,0.0,0.0,0.0,0.0,0.0
74131,18.01933419479934,12157.887452770883,0.0,0.0,0.0,0.0,0.002
74132,18.49629925891769,12265.351939336932,0.0,0.0,0.0,0.0,0.0
74133,18.479193780847552,12275.183767739116,0.0,0.0,0.0,0.0,0.0
74134,18.477552494780955,12315.503959874031,0.0,0.0,0.0,0.0,0.0
74135,18.406480854210617,12219.86560412426,0.0,0.0,0.0,0.0,0.0
74136,18.416262257304485,12188.438920964247,0.0,0.0,0.0,0.0,0.0
74137,18.480918940895524,12142.983919700684,0.0,0.0,0.0,0.0,0.0
74145,18.47720504375202,12377.963126332452,0.0,0.0,0.0,0.0,0.0
74146,18.350455146251658,12223.692638561555,0.0,0.0,0.0,0.0,0.0
74363,18.566234873417315,12347.044128315729,0.0,0.0,0.0,0.0,0.0
74429,18.013432438202642,12197.74045277543,0.0,0.0,0.0,0.0,0.0
74730,17.823714830567756,12217.428871233627,0.0,0.0,0.0,0.0,0.0
74731,17.82412156512738,12225.477256422779,0.0,0.0,0.0,0.0,0.0
74733,17.770020643468932,12137.722475086548,0.0,0.0,0.0,0.0,0.0
74901,18.27438494848981,12252.300009461287,0.0,0.0,0.0,0.0,0.0
74902,18.218021296369333,12268.060902168638,0.0,0.0,0.0,0.0,0.0
74946,18.360266772251283,12260.892872450204,0.0,0.0,0.0,0.0,0.0
74948,18.29126905553419,12201.43455302869,0.0,0.0,0.0,0.0,0.004
74954,18.35862406258214,12389.698761999993,0.0,0.0,0.0,0.0,0.0
74959,18.143158442799784,12191.511368337653,0.0,0.0,0.0,0.0,0.003
97002,19.515735964745325,12070.396889930083,0.0,0.0,0.0,0.0,0.024
97003,19.24547577637393,12003.095961385683,0.0,0.0,0.0,0.0,0.029
97004,19.531107047290185,11969.323223301308,0.0,0.0,0.0,0.002,0.044
97005,19.271414080852853,11950.073711666402,0.0,0.0,0.0,0.013,0.04
97006,19.241995380445825,11961.817864971292,0.0,0.0,0.0,0.0,0.036
97007,19.25978565967886,11875.031341928505,0.0,0.0,0.0,0.004,0.062
97008,19.255596736144923,11978.284912418016,0.0,0.0,0.0,0.005,0.031
97009,19.535416608220906,11903.173120293417,0.0,0.0,0.0,0.003,0.066
97013,19.52864671381484,12026.261097439206,0.0,0.0,0.0,0.0,0.03
97015,19.529329623926973,12018.978683004014,0.0,0.0,0.0,0.001,0.039
97019,19.831084758384147,12137.637787163872,0.0,0.0,0.0,0.0,0.015
97024,19.88095952183207,12074.548147602454,0.0,0.0,0.0,0.0,0.03
97027,19.555571521618493,11992.594611990284,0.0,0.0,0.0,0.0,0.04
97030,19.865775290230463,12087.131880504485,0.0,0.0,0.0,0.007,0.033
97034,19.544473219019636,11817.97990716845,0.0,0.0,0.0,0.004,0.093
97035,19.56796950774573,11946.087991602704,0.0,0.0,0.0,0.0,0.049
97045,19.538175226597556,11983.771267930164,0.0,0.0,0.0,0.002,0.052
97048,24.353508141754734,12833.270983391003,0.0,0.0,0.0,0.0,0.006
97060,19.844501803217575,12154.32455211037,0.0,0.0,0.0,0.0,0.008
97062,19.320772085194143,11926.345435609015,0.0,0.0,0.0,0.001,0.05
97068,19.533451030772852,11851.755802705831,0.0,0.0,0.0,0.0,0.085
97070,19.531052669879617,11987.377487139558,0.0,0.0,0.0,0.0,0.046
97078,19.258950120107727,11965.78225341416,0.0,0.0,0.0,0.007,0.035
97080,19.844834813988,12077.330387346428,0.0,0.0,0.0,0.004,0.035
97086,19.545331441628676,11947.4107070379,0.0,0.0,0.0,0.003,0.049
97089,19.524724294551163,11983.550295877178,0.0,0.0,0.0,0.002,0.043
97113,19.24610452496692,11997.305445890923,0.0,0.0,0.001,0.004,0.019
97116,19.26297322248074,11979.680475607931,0.0,0.0,0.0,0.0,0.037
97123,19.252606859852712,11935.146912768201,0.0,0.0,0.0,0.002,0.046
97124,19.244722799597746,11962.584625813064,0.0,0.0,0.0,0.0,0.036
97140,19.27600809129893,11869.086102228242,0.0,0.0,0.0,0.004,0.059
97201,19.922007269455722,11949.725885334015,0.0,0.0,0.0,0.006,0.071
97202,19.85045826267013,12013.10693992652,0.0,0.0,0.0,0.001,0.051
97203,19.87242363273532,12062.573534907015,0.0,0.0,0.0,0.007,0.037
97205,19.889103928326932,11969.581906794738,0.0,0.0,0.0,0.003,0.059
97206,19.85628374820575,12088.836769381187,0.0,0.0,0.0,0.0,0.032
97209,19.888434909696564,11998.14628135646,0.0,0.0,0.0,0.0,0.055
97210,19.876596869024826,11967.161676460459,0.0,0.0,0.0,0.002,0.067
97211,19.854285811855387,12022.104356919723,0.0,0.0,0.0,0.0,0.05
97212,19.87451347941636,11890.41627067782,0.0,0.0,0.0,0.008,0.08
97213,19.846251288920914,12020.164357043124,0.0,0.0,0.0,0.004,0.054
97214,19.859854355547704,12033.814564493225,0.0,0.0,0.0,0.0,0.048
97215,19.856883709353188,12007.367268467211,0.0,0.0,0.0,0.0,0.058
97216,19.848270424145973,12107.34272174759,0.0,0.0,0.0,0.005,0.029
97217,19.86718808354052,12061.519766183606,0.0,0.0,0.0,0.005,0.035
97218,19.868241651834907,12111.531497430724,0.0,0.0,0.0,0.003,0.024
97219,19.82990422144818,12000.412536656686,0.0,0.0,0.0,0.002,0.049
97220,19.889138560777408,12052.67799831307,0.0,0.0,0.0,0.012,0.04
97221,19.842769394631546,11868.012636168487,0.0,0.0,0.0,0.004,0.095
97222,19.54095083201748,12060.722965953979,0.0,0.0,0.0,0.004,0.023
97223,19.266092720816903,11901.753999091468,0.0,0.0,0.0,0.006,0.055
97224,19.24728151648994,11955.649369477767,0.0,0.0,0.0,0.0,0.034
97225,19.245796053714223,11883.473958717788,0.0,0.0,0.0,0.0,0.067
97227,19.877110609524973,11974.652220818192,0.0,0.0,0.0,0.008,0.067
97229,19.338929077623167,11805.150722508171,0.0,0.0,0.0,0.0,0.093
97230,19.85143512305551,12110.62903722109,0.0,0.0,0.0,0.003,0.03
97231,19.79819448625971,11966.266613934466,0.0,0.0,0.0,0.0,0.071
97232,19.844657242129056,12097.501543418224,0.0,0.0,0.0,0.0,0.03
97233,19.885909150805237,12060.12813925007,0.0,0.0,0.0,0.011,0.037
97236,19.85713858759753,12129.297031616232,0.0,0.0,0.0,0.0,0.022
97239,19.884924716607873,11933.041707360386,0.0,0.0,0.0,0.012,0.07
97266,19.875751703747707,12093.97068372809,0.0,0.0,0.0,0.005,0.026
97267,19.551970220123774,12012.212098824206,0.0,0.0,0.0,0.007,0.034
97301,18.617224784723422,11831.393507261795,0.0,0.0,0.0,0.011,0.032
97302,18.57635964581098,11832.172107512217,0.0,0.0,0.0,0.001,0.035
97303,18.587937312682275,11852.803318839784,0.0,0.0,0.0,0.005,0.031
97304,25.198394762875427,12929.28008851151,0.0,0.0,0.0,0.0,0.005
97305,18.595788375957866,11836.989132159622,0.0,0.0,0.0,0.012,0.027
97306,25.583057283698064,12972.734431195346,0.0,0.0,0.0,0.0,0.005
97317,18.57745217805041,11863.574074057318,0.0,0.0,0.0,0.005,0.023
97321,25.26558473685532,12950.292741481435,0.0,0.0,0.0,0.0,0.006
97322,25.1150208470808,12989.302281175527,0.0,0.0,0.0,0.0,0.004
97330,25.55154786513753,12926.578676641024,0.0,0.0,0.0,0.0,0.007
97333,25.583515333173874,12907.917099826813,0.0,0.0,0.0,0.0,0.011
97338,25.231472799943344,12936.566609057752,0.0,0.0,0.0,0.0,0.006
97351,25.19600128430426,12975.453902269539,0.0,0.0,0.0,0.0,0.002
97355,25.15154392416756,12972.918117982275,0.0,0.0,0.0,0.0,0.0
97361,25.201165147744906,12965.301322301433,0.0,0.0,0.0,0.0,0.003
97370,25.510727463917146,12972.716338573118,0.0,0.0,0.0,0.0,0.007
97389,25.10138405603082,12994.00002139153,0.0,0.0,0.0,0.0,0.001
97392,25.54727677635546,12999.29972861695,0.0,0.0,0.0,0.0,0.0
97401,21.429605010928814,12338.170274406166,0.0,0.0,0.0,0.0,0.028
97402,21.408665368904636,12383.435301754314,0.0,0.0,0.0,0.008,0.026
97403,21.44251286835307,12291.338827794349,0.0,0.0,0.0,0.01,0.045
97404,21.371429583313585,12409.102486675398,0.0,0.0,0.0,0.0,0.019
97405,21.38275347845448,12346.438764044051,0.0,0.0,0.0,0.0,0.033
97408,21.377877828683847,12324.540020894668,0.0,0.0,0.0,0.0,0.03
97448,24.630902348099497,12892.985741739158,0.0,0.0,0.0,0.0,0.007
97455,21.363902241731154,12312.313014398158,0.0,0.0,0.0,0.001,0.028
97457,23.879646635997624,12795.305918046104,0.0,0.0,0.0,0.0,0.009
97470,23.880770202795674,12771.958629684092,0.0,0.0,0.0,0.0,0.016
97471,23.867167713855604,12781.958120133975,0.0,0.0,0.0,0.0,0.006
97477,21.415215324167637,12397.252864075559,0.0,0.0,0.0,0.001,0.023
97478,24.648291761108645,12880.526265719918,0.0,0.0,0.0,0.0,0.008
97495,23.9089471907667,12761.054654247464,0.0,0.0,0.0,0.0,0.021
97496,23.858586646759356,12815.02421834873,0.0,0.0,0.0,0.0,0.01
97501,20.99422373273327,12361.958703047825,0.0,0.0,0.0,0.0,0.013
97502,20.9954137825722,12316.953942908976,0.0,0.0,0.0,0.0,0.019
97503,21.012946491585165,12293.695988888036,0.0,0.0,0.0,0.0,0.028
97504,20.981535704563274,12310.82646922872,0.0,0.0,0.0,0.0,0.022
97524,21.006833210647763,12283.69610575003,0.0,0.0,0.0,0.003,0.033
97526,21.23012795857655,12359.086832163452,0.0,0.0,0.0,0.0,0.024
97527,21.2280567757193,12337.994196729504,0.0,0.0,0.0,0.0,0.028
97530,20.99070449502898,12238.784171752191,0.0,0.0,0.0,0.0,0.032
97532,21.21266477436533,12354.794468133781,0.0,0.0,0.0,0.0,0.023
97535,21.051528384383488,12288.008041550393,0.0,0.0,0.0,0.005,0.034
97540,20.984474019215046,12343.248704857162,0.0,0.0,0.0,0.0,0.012
97701,20.019474433421667,12088.788432462641,0.0,0.0,0.0,0.001,0.04
97702,20.005299228827848,12070.892567079043,0.0,0.0,0.0,0.008,0.037
97703,17.364755435173045,11395.716943866782,0.0,0.0,0.0,0.006,0.103
97801,21.482223710436028,12401.84990189633,0.0,0.0,0.0,0.0,0.024
97826,21.447946534733493,12448.60598895228,0.0,0.0,0.0,0.002,0.01
97838,21.447705851835224,12420.037506277686,0.0,0.0,0.0,0.0,0.018
97875,21.442649773672613,12485.786053402335,0.0,0.0,0.0,0.0,0.003
97882,21.469074436265377,12432.744230090319,0.0,0.0,0.0,0.0,0.014
15001,14.28838940664183,12373.990132580962,0.0,0.0,0.0,0.0,0.003
15003,14.313652091920863,12508.719405439817,0.0,0.0,0.0,0.0,0.0
15005,14.316990718994555,12441.696360023938,0.0,0.0,0.0,0.0,0.001
15009,14.284948517833683,12366.803374469384,0.0,0.0,0.0,0.0,0.001
15010,14.29101194670776,12417.151631608729,0.0,0.0,0.0,0.0,0.0
15014,21.399229719532208,14155.992770788238,0.0,0.0,0.0,0.0,0.0
15017,14.11609546266388,12306.210010290832,0.0,0.0,0.0,0.0,0.005
15024,14.1227104393508,12316.882603798644,0.0,0.0,0.0,0.0,0.002
15025,14.0950070704311,12219.980420143887,0.0,0.0,0.0,0.0,0.004
15027,14.291232934991221,12439.516240117959,0.0,0.0,0.0,0.0,0.002
15030,21.425299596438514,14141.046463065126,0.0,0.0,0.0,0.0,0.0
15034,14.119945679983614,12365.315932026868,0.0,0.0,0.0,0.0,0.002
15035,14.140740321391906,12438.588775660915,0.0,0.0,0.0,0.0,0.003
15042,14.277264167617963,12438.721065546672,0.0,0.0,0.0,0.002,0.002
15044,14.163988269689941,12165.578813223514,0.0,0.0,0.0,0.0,0.0
15045,14.163647787170518,12478.177405508757,0.0,0.0,0.0,0.0,0.001
15046,14.155860381666539,12425.931194106253,0.0,0.0,0.0,0.0,0.0
15049,14.157195183347257,12474.672684171972,0.0,0.0,0.0,0.0,0.001
15051,14.153904109200353,12434.924960781036,0.0,0.0,0.0,0.0,0.0
15056,14.160998748544584,12428.57692426722,0.0,0.0,0.0,0.0,0.001
15057,14.166848239979787,12319.04024126948,0.0,0.0,0.0,0.0,0.002
15061,14.299934187784594,12416.827329799667,0.0,0.0,0.0,0.0,0.005
15064,21.35854545733078,14157.538031061755,0.0,0.0,0.0,0.0,0.0
15065,21.431577539019923,14079.423548932831,0.0,0.0,0.0,0.0,0.0
15066,14.257061023962281,12420.69491947599,0.0,0.0,0.0,0.0,0.008
15068,14.231196367573508,12395.201313322917,0.0,0.0,0.0,0.0,0.0
15071,14.138275135883193,12326.03512056406,0.0,0.0,0.0,0.001,0.004
15074,14.31340857025428,12469.038508514115,0.0,0.0,0.0,0.0,0.0
15076,14.157834032389898,12383.377796272509,0.0,0.0,0.0,0.0,0.0
15081,14.325921829515073,12420.337468920607,0.0,0.0,0.0,0.0,0.0
15082,21.375326591378695,14115.295946827964,0.0,0.0,0.0,0.0,0.0
15084,14.130164254417783,12425.486620247033,0.0,0.0,0.0,0.0,0.001
15085,14.236548600581626,12451.618343932438,0.0,0.0,0.0,0.0,0.0
15101,14.143358050163608,12256.49598440739,0.0,0.0,0.0,0.0,0.001
15102,14.125160386848718,12275.924670702952,0.0,0.0,0.0,0.0,0.003
15104,14.154459976113209,12285.514602329045,0.0,0.0,0.0,0.0,0.004
15106,14.133176418773385,12348.322145760767,0.0,0.0,0.0,0.002,0.003
15108,14.164017632457414,12374.458874990538,0.0,0.0,0.0,0.0,0.0
15110,14.203967388795412,12322.75974175439,0.0,0.0,0.0,0.0,0.0
15112,14.175443304783514,12448.508958817583,0.0,0.0,0.0,0.0,0.0
15116,14.1748893350993,12390.717498074926,0.0,0.0,0.0,0.0,0.0
15120,14.159392323744875,12351.557379022492,0.0,0.0,0.0,0.0,0.0
15122,14.104550875398875,12312.276153227198,0.0,0.0,0.0,0.0,0.003
15126,14.163578229465696,12454.72512136023,0.0,0.0,0.0,0.0,0.0
15131,14.135445384873742,12334.93678795174,0.0,0.0,0.0,0.0,0.0
15132,14.081718582827834,12195.758973186103,0.0,0.0,0.0,0.0,0.002
15133,14.148937996094908,12442.893369567615,0.0,0.0,0.0,0.0,0.0
15136,14.205584059303458,12307.525890464305,0.0,0.0,0.0,0.0,0.0
15137,14.125959657032887,12408.389050950203,0.0,0.0,0.0,0.0,0.004
15139,14.135418603163915,12312.466116131165,0.0,0.0,0.0,0.0,0.003
15140,14.183294395369556,12420.743436387202,0.0,0.0,0.0,0.0,0.0
15142,14.128284631729409,12096.958790075354,0.0,0.0,0.0,0.0,0.002
15143,14.162881807773037,12211.061364453239,0.0,0.0,0.0,0.0,0.0
15144,14.137395478583352,12408.178440531441,0.0,0.0,0.0,0.0,0.0
15145,14.148235660655375,12321.332657414274,0.0,0.0,0.0,0.0,0.001
15146,14.162620660555017,12437.506570872505,0.0,0.0,0.0,0.0,0.0
15147,14.095871084426035,12263.78980385679,0.0,0.0,0.0,0.002,0.01
15148,14.109596629371758,12214.208101503871,0.0,0.0,0.0,0.0,0.002
15201,14.130125486418398,12294.85378796454,0.0,0.0,0.0,0.0,0.0
15202,14.11150008003354,12311.216812456325,0.0,0.0,0.0,0.002,0.008
15203,14.186193525977972,12250.91054860575,0.0,0.0,0.0,0.0,0.0
15204,14.127567262665092,12309.245777557346,0.0,0.0,0.0,0.0,0.006
15205,14.123042849774611,12339.896169337157,0.0,0.0,0.0,0.0,0.003
15206,14.10866970629761,12180.529129147855,0.0,0.0,0.0,0.001,0.013
15207,14.094946186794441,12285.914254619094,0.0,0.0,0.0,0.0,0.008
15208,14.167853394967,12293.56262587212,0.0,0.0,0.0,0.0,0.0
15209,14.165627868825208,12424.391508598414,0.0,0.0,0.0,0.0,0.002
15210,14.102665393978231,12276.424076526433,0.0,0.0,0.0,0.0,0.0
15211,14.138490884853212,12318.948273011576,0.0,0.0,0.0,0.0,0.001
15212,14.118663657678074,12321.479849967349,0.0,0.0,0.0,0.0,0.0
15213,14.158536554316667,11995.548391402855,0.0,0.0,0.0,0.0,0.0
15214,14.184954845809209,12395.419617353646,0.0,0.0,0.0,0.0,0.0
15215,14.158894011949895,12289.769848475251,0.0,0.0,0.0,0.0,0.0
15216,14.166225893740958,12355.27535693519,0.0,0.0,0.0,0.0,0.0
15217,14.145389592193784,12188.985200372603,0.0,0.0,0.0,0.0,0.0
15218,14.123206235503005,12303.647884701208,0.0,0.0,0.0,0.0,0.0
15219,14.080834507921265,12069.616729498055,0.0,0.0,0.0,0.0,0.006
15220,14.171905221352691,12405.480611574267,0.0,0.0,0.0,0.0,0.0
15221,14.177160644636347,12336.950723035645,0.0,0.0,0.0,0.0,0.0
15222,14.124980997215827,12213.67590553792,0.0,0.0,0.0,0.0,0.0
15223,14.12208290017338,12334.308631537524,0.0,0.0,0.0,0.0,0.006
15224,14.176417589779211,12436.289334515157,0.0,0.0,0.0,0.0,0.0
15225,14.100544143033236,12391.473042692756,0.0,0.0,0.0,0.005,0.007
15226,14.142789624877572,12424.29328626572,0.0,0.0,0.0,0.0,0.001
15227,14.182565304241514,12400.700696529193,0.0,0.0,0.0,0.0,0.0
15228,14.120795723287086,12157.166870600011,0.0,0.0,0.0,0.002,0.004
15229,14.163673308906592,12426.237117162464,0.0,0.0,0.0,0.0,0.0
15232,14.131451942788784,12200.137227414496,0.0,0.0,0.0,0.0,0.001
15233,14.06050953314604,12139.63771710944,0.0,0.0,0.0,0.008,0.019
15234,14.16598047428475,12423.90509533843,0.0,0.0,0.0,0.0,0.001
15235,14.105841860523805,12324.72898776661,0.0,0.0,0.0,0.0,0.005
15236,14.12181902521853,12387.140725843057,0.0,0.0,0.0,0.0,0.0
15237,14.138176179248065,12276.9623866615,0.0,0.0,0.0,0.0,0.001
15238,14.108660326151613,12089.131813648128,0.0,0.0,0.0,0.003,0.005
15239,14.145438166259892,12359.29053474393,0.0,0.0,0.0,0.0,0.003
15241,14.107925975097,12039.797138851633,0.0,0.0,0.0,0.005,0.009
15243,14.17256701568154,12298.347385262348,0.0,0.0,0.0,0.0,0.0
15317,21.49602076871339,14108.71122831799,0.0,0.0,0.0,0.0,0.0
15321,21.50732361363407,14094.952594920856,0.0,0.0,0.0,0.0,0.0
15361,21.48602225424118,14081.051345902002,0.0,0.0,0.0,0.0,0.0
15545,17.400308331431685,13389.410286512935,0.0,0.0,0.0,0.0,0.0
15613,16.21672261214749,13032.685356053342,0.0,0.0,0.0,0.0,0.0
15615,21.488934463315676,14220.595940966987,0.0,0.0,0.0,0.0,0.0
15629,21.530001554994794,14174.466309177551,0.0,0.0,0.0,0.0,0.0
15632,21.49885369075736,14069.537572491754,0.0,0.0,0.0,0.0,0.0
15636,21.528309170687557,14067.573040001493,0.0,0.0,0.0,0.0,0.0
15641,21.498452094721486,14174.628230313558,0.0,0.0,0.0,0.0,0.0
15642,14.247258330212027,12401.839696307732,0.0,0.0,0.0,0.0,0.0
15644,21.55159458183624,14105.793054562013,0.0,0.0,0.0,0.0,0.0
15656,21.544937334532477,14149.62453199706,0.0,0.0,0.0,0.0,0.0
15665,21.551217975666855,14115.259365068026,0.0,0.0,0.0,0.0,0.0
15668,14.233040507772573,12293.32398221216,0.0,0.0,0.0,0.0,0.0
15673,21.58871588936029,14144.432219582099,0.0,0.0,0.0,0.0,0.0
15690,21.544311445493335,14142.517918201662,0.0,0.0,0.0,0.0,0.0
15692,21.597070487686437,14096.627160982967,0.0,0.0,0.0,0.0,0.0
15801,16.32992687397559,13089.529842485215,0.0,0.0,0.0,0.0,0.0
15840,16.345924393123276,13069.954992200508,0.0,0.0,0.0,0.0,0.0
15851,16.330032880914263,13021.611447878833,0.0,0.0,0.0,0.0,0.0
15901,16.29206915914832,12864.856407483969,0.0,0.0,0.0,0.0,0.0
15902,16.184616427231134,12981.392906385063,0.0,0.0,0.0,0.0,0.0
15904,16.193569677904886,12995.73120595978,0.0,0.0,0.0,0.0,0.0
15905,16.13471173424044,13005.64641736712,0.0,0.0,0.0,0.0,0.0
15906,16.15127109871972,13007.079369368921,0.0,0.0,0.0,0.0,0.0
15909,16.159449010575187,13028.035374671139,0.0,0.0,0.0,0.0,0.0
15928,15.994579940470475,12973.962374174302,0.0,0.0,0.0,0.0,0.0
15935,15.995733902779993,13070.102425069887,0.0,0.0,0.0,0.0,0.001
15942,16.165606444055147,13084.855500674033,0.0,0.0,0.0,0.0,0.0
15946,16.163935026190487,13031.177961514324,0.0,0.0,0.0,0.0,0.0
15963,15.991043576348536,13015.492030699439,0.0,0.0,0.0,0.0,0.0
16001,18.067742254426033,13499.944504952846,0.0,0.0,0.0,0.0,0.0
16002,18.080375933166785,13463.76461304461,0.0,0.0,0.0,0.0,0.0
16045,21.897830960170598,14227.26953082676,0.0,0.0,0.0,0.0,0.0
16053,18.036392910198543,13506.2382536737,0.0,0.0,0.0,0.0,0.0
16121,18.084855334748887,13327.285346367582,0.0,0.0,0.0,0.0,0.0
16143,18.43968998234371,13579.740130971864,0.0,0.0,0.0,0.0,0.0
16146,18.06036298306415,13492.082824673456,0.0,0.0,0.0,0.0,0.0
16148,18.050467341227918,13481.630190722204,0.0,0.0,0.0,0.0,0.0
16150,18.045676416588368,13502.109988586973,0.0,0.0,0.0,0.0,0.0
16159,18.035034210910844,13514.642400469163,0.0,0.0,0.0,0.0,0.0
16161,17.918354762145157,13434.778363629383,0.0,0.0,0.0,0.0,0.0
16229,21.520943695222893,14098.050582046599,0.0,0.0,0.0,0.0,0.0
16415,17.204522636680135,13208.189039137222,0.0,0.0,0.0,0.0,0.0
16421,17.168589853935107,13181.563914540226,0.0,0.0,0.0,0.0,0.0
16501,17.19854501414492,13170.939087400906,0.0,0.0,0.0,0.0,0.0
16502,17.18414281627732,13297.076033529132,0.0,0.0,0.0,0.0,0.0
16503,17.261526972180864,13246.900576826358,0.0,0.0,0.0,0.0,0.0
16504,17.23340621590874,13297.31260127709,0.0,0.0,0.0,0.0,0.0
16505,17.13919229434841,13229.26506586503,0.0,0.0,0.0,0.0,0.0
16506,17.162461667301375,13275.308465813165,0.0,0.0,0.0,0.0,0.0
16507,17.236381318233054,13275.190775650311,0.0,0.0,0.0,0.0,0.0
16508,17.166484783632555,13292.988107038693,0.0,0.0,0.0,0.0,0.0
16509,17.12951140126899,13235.661632148429,0.0,0.0,0.0,0.0,0.0
16510,17.083231251557685,13139.990122135201,0.0,0.0,0.0,0.0,0.0
16511,17.178556104238798,13277.198753085502,0.0,0.0,0.0,0.0,0.0
16601,16.12350760607478,12993.694170801904,0.0,0.0,0.0,0.0,0.0
16602,16.123968220896494,13001.15682812145,0.0,0.0,0.0,0.0,0.0
16635,16.085334312216393,13030.469131008897,0.0,0.0,0.0,0.0,0.0
16636,16.071797509406604,12962.569285981719,0.0,0.0,0.0,0.0,0.0
16637,16.079050763412816,12998.328648494566,0.0,0.0,0.0,0.0,0.0
16648,16.099460203514322,13001.48239767011,0.0,0.0,0.0,0.0,0.0
16665,16.04484073880208,12957.401753819744,0.0,0.0,0.0,0.0,0.0
16669,18.001006441101175,13494.983007939574,0.0,0.0,0.0,0.0,0.0
16673,16.011013339210734,12962.738246300176,0.0,0.0,0.0,0.003,0.007
16801,15.62999484015063,12675.343775346892,0.0,0.0,0.0,0.0,0.0
16803,20.889980825950737,13865.009253788463,0.0,0.0,0.0,0.0,0.0
16823,20.79762292813682,14045.875091096583,0.0,0.0,0.0,0.0,0.0
16865,15.626089332093716,12965.85750887648,0.0,0.0,0.0,0.0,0.0
16868,15.626681818244606,12960.26591688937,0.0,0.0,0.0,0.0,0.0
16870,15.640687053290929,12765.064918426315,0.0,0.0,0.0,0.0,0.0
17003,17.607573139316372,13366.923391089807,0.0,0.0,0.0,0.0,0.0
17011,14.83232349406504,12588.74923620516,0.0,0.0,0.0,0.0,0.0
17019,17.41353187436966,13316.694615834655,0.0,0.0,0.0,0.0,0.0
17022,17.52902724436433,13334.320060326429,0.0,0.0,0.0,0.0,0.0
17025,14.832591249922134,12591.597990824763,0.0,0.0,0.0,0.0,0.0
17028,17.570766202648592,13346.095321743704,0.0,0.0,0.0,0.0,0.0
17033,17.570725492712473,13280.04575422375,0.0,0.0,0.0,0.0,0.0
17034,17.55870074399304,13445.117074152025,0.0,0.0,0.0,0.0,0.0
17036,17.563837009279414,13285.336665181207,0.0,0.0,0.0,0.0,0.0
17038,17.675575306259088,13311.442558262279,0.0,0.0,0.0,0.0,0.0
17042,17.61750278649866,13363.585296160485,0.0,0.0,0.0,0.0,0.0
17043,14.868067920048958,12644.114352972889,0.0,0.0,0.0,0.0,0.0
17046,17.633291635244035,13368.362018551354,0.0,0.0,0.0,0.0,0.0
17050,14.848414506622827,12565.778294756632,0.0,0.0,0.0,0.0,0.0
17053,14.951737066104513,12676.976871431558,0.0,0.0,0.0,0.0,0.0
17055,17.380432532111808,13325.660213575284,0.0,0.0,0.0,0.0,0.0
17057,17.60116405791453,13309.325916417056,0.0,0.0,0.0,0.0,0.0
17067,17.60015963825662,13384.643276135324,0.0,0.0,0.0,0.0,0.001
17070,17.34552298617113,13269.930142658177,0.0,0.0,0.0,0.0,0.0
17078,17.604853639447654,13384.93744990243,0.0,0.0,0.0,0.0,0.0
17093,14.852175193059109,12651.123874461564,0.0,0.0,0.0,0.0,0.0
17101,14.98449207235322,12649.265356753083,0.0,0.0,0.0,0.0,0.0
17102,14.95463871294467,12422.761485912848,0.0,0.0,0.0,0.0,0.001
17103,15.006575521204013,12414.100123207596,0.0,0.0,0.0,0.0,0.005
17104,14.99148310524098,12512.95925370412,0.0,0.0,0.0,0.0,0.0
17109,14.987194318728841,12722.056344925819,0.0,0.0,0.0,0.0,0.0
17110,14.979804973305217,12570.695368065413,0.0,0.0,0.0,0.0,0.0
17111,15.00286345786267,12664.324899969304,0.0,0.0,0.0,0.0,0.0
17112,17.550912407265177,13364.335763906072,0.0,0.0,0.0,0.0,0.0
17113,17.59989622995239,13363.061098726046,0.0,0.0,0.0,0.0,0.0
17225,20.265336568769523,13938.114547302792,0.0,0.0,0.0,0.0,0.0
17263,20.265309702855266,14015.476988643675,0.0,0.0,0.0,0.0,0.0
17268,20.296213492463018,13961.234064229224,0.0,0.0,0.0,0.0,0.0
17319,17.42096319802899,13305.477827487624,0.0,0.0,0.0,0.0,0.0
17325,17.341142104041197,13295.86838953898,0.0,0.0,0.0,0.0,0.0
17339,17.391698652029117,13341.414214855487,0.0,0.0,0.0,0.0,0.0
17340,17.42113415766945,13314.306095077078,0.0,0.0,0.0,0.0,0.0
17345,17.422453322820047,13350.020451650982,0.0,0.0,0.0,0.0,0.0
17347,17.405775221954528,13372.87741338481,0.0,0.0,0.0,0.0,0.0
17360,17.399265319730468,13343.136038344855,0.0,0.0,0.0,0.0,0.0
17370,17.396399203056855,13383.853971411465,0.0,0.0,0.0,0.0,0.0
17401,17.43902260558797,13331.11414366939,0.0,0.0,0.0,0.0,0.0
17402,17.454720591574382,13287.029338042505,0.0,0.0,0.0,0.0,0.0
17403,17.466891695640694,13260.268916561397,0.0,0.0,0.0,0.0,0.0
17404,17.41570053937339,13291.265295883844,0.0,0.0,0.0,0.0,0.0
17406,17.396091070479475,13356.399767496321,0.0,0.0,0.0,0.0,0.0
17407,17.396840509568115,13280.266589888752,0.0,0.0,0.0,0.0,0.0
17408,17.407632084684018,13338.306831426364,0.0,0.0,0.0,0.0,0.0
17501,14.90207971834765,12601.168501684078,0.0,0.0,0.0,0.0,0.0
17502,17.372715569064106,13415.029583745323,0.0,0.0,0.0,0.0,0.0
17505,14.89052830552413,12448.338402866439,0.0,0.0,0.0,0.0,0.0
17508,14.812692359856785,12533.640837483503,0.0,0.0,0.0,0.0,0.003
17512,14.875393434861692,12683.11241735797,0.0,0.0,0.0,0.0,0.0
17516,17.375932812810333,13301.729408955773,0.0,0.0,0.0,0.0,0.0
17520,14.84253302365253,12637.318259811364,0.0,0.0,0.0,0.0,0.001
17522,14.864379544011742,12675.617252385196,0.0,0.0,0.0,0.0,0.0
17529,14.860563455741557,12646.117442521596,0.0,0.0,0.0,0.0,0.0
17538,14.859584817280043,12668.130534160531,0.0,0.0,0.0,0.0,0.0
17540,14.886923004781675,12640.93061145828,0.0,0.0,0.0,0.0,0.0
17543,17.38873787875389,13272.246072525902,0.0,0.0,0.0,0.0,0.0
17545,17.401550984450143,13343.597535059283,0.0,0.0,0.0,0.0,0.0
17551,14.876290177226133,12582.05015306205,0.0,0.0,0.0,0.0,0.0
17552,14.869959395585557,12657.90165855433,0.0,0.0,0.0,0.0,0.0
17554,14.851096226479035,12622.675361755097,0.0,0.0,0.0,0.0,0.0
17557,14.898294844303896,12577.593627458336,0.0,0.0,0.0,0.0,0.0
17560,14.842269764538587,12659.364710612424,0.0,0.0,0.0,0.0,0.001
17562,14.850466252688827,12581.917832344807,0.0,0.0,0.0,0.0,0.0
17572,14.851750569633682,12584.165063548751,0.0,0.0,0.0,0.0,0.002
17579,14.883509667393009,12634.499058560554,0.0,0.0,0.0,0.0,0.0
17582,17.39403048999435,13293.798932451904,0.0,0.0,0.0,0.0,0.0
17584,14.876177800848781,12618.407641525848,0.0,0.0,0.0,0.0,0.0
17601,14.839046908771932,12562.899217997056,0.0,0.0,0.0,0.0,0.001
17602,14.822284886708125,12567.23565746315,0.0,0.0,0.0,0.003,0.008
17603,14.883166172197177,12642.098702462226,0.0,0.0,0.0,0.0,0.0
17701,16.005896510717996,12937.580585881424,0.0,0.0,0.0,0.0,0.0
17702,15.665266345312155,12874.97372926895,0.0,0.0,0.0,0.0,0.0
17728,16.0312931374851,12991.389254978312,0.0,0.0,0.0,0.0,0.0
17744,15.636140413503815,12972.642474668826,0.0,0.0,0.0,0.0,0.0
17754,16.032196700436746,12974.911105650508,0.0,0.0,0.0,0.0,0.0
17756,15.99404921750981,12956.605879029657,0.0,0.0,0.0,0.0,0.003
17801,15.58393897052548,12869.411956706359,0.0,0.0,0.0,0.0,0.0
17815,15.546293896444215,12792.636897926703,0.0,0.0,0.0,0.0,0.0
17837,21.451780173173294,14081.549128000932,0.0,0.0,0.0,0.0,0.0
17847,21.31217759249525,14151.122816139226,0.0,0.0,0.0,0.0,0.0
17850,15.576986389519618,12972.2568573153,0.0,0.0,0.0,0.0,0.0
17857,21.34563372810626,14115.980034554284,0.0,0.0,0.0,0.0,0.0
17859,15.550958686687249,12885.502704540777,0.0,0.0,0.0,0.0,0.0
17870,15.44822955604794,12838.777456231108,0.0,0.0,0.0,0.0,0.0
17876,15.445129315342143,12847.608951043645,0.0,0.0,0.0,0.0,0.001
17889,21.39811378225568,14107.927544420956,0.0,0.0,0.0,0.0,0.0
17901,15.20628163402639,12722.119167262608,0.0,0.0,0.0,0.0,0.001
17923,15.206862785425479,12451.279436073337,0.0,0.0,0.0,0.0,0.0
17951,15.247318415781075,12880.254477433473,0.0,0.0,0.0,0.0,0.0
17954,15.218524272732212,12757.298961075225,0.0,0.0,0.0,0.0,0.0
17965,15.200820478150286,12793.616156289361,0.0,0.0,0.002,0.004,0.004
17970,15.260216439828094,12830.975359010243,0.0,0.0,0.0,0.0,0.0
18011,17.660248641201395,13445.02250959284,0.0,0.0,0.0,0.0,0.0
18013,17.852387157055336,13441.85428860525,0.0,0.0,0.0,0.0,0.0
18014,17.842407791872585,13438.750017920718,0.0,0.0,0.0,0.0,0.001
18015,15.247918056374962,12714.05151248718,0.0,0.0,0.0,0.0,0.0
18017,15.264042618055493,12727.25948692569,0.0,0.0,0.0,0.0,0.0
18018,15.191799898754411,12731.050165199016,0.0,0.0,0.0,0.0,0.0
18020,17.849430218980544,13363.012259614065,0.0,0.0,0.0,0.0,0.0
18031,17.675601801867128,13335.77029376034,0.0,0.0,0.0,0.0,0.0
18032,15.147836011007193,12730.56255246715,0.0,0.0,0.0,0.0,0.0
18034,15.12958979352945,12569.207241472437,0.0,0.0,0.0,0.0,0.0
18036,15.080003898997932,12599.234928268344,0.0,0.0,0.0,0.0,0.0
18037,15.07792367077372,12658.445955641577,0.0,0.0,0.0,0.0,0.001
18038,17.822087986101913,13498.222094219736,0.0,0.0,0.0,0.0,0.0
18040,17.84819596321282,13349.697227755427,0.0,0.0,0.0,0.0,0.0
18042,17.861874634327002,13442.885521846725,0.0,0.0,0.0,0.0,0.0
18045,17.83424705851246,13416.227387322584,0.0,0.0,0.0,0.0,0.0
18049,15.146579620088389,12681.062184952867,0.0,0.0,0.0,0.0,0.0
18051,17.695514677805214,13323.09275707875,0.0,0.0,0.0,0.0,0.0
18052,17.696509651693834,13415.955259748802,0.0,0.0,0.0,0.0,0.0
18053,17.72653173274558,13348.251745171745,0.0,0.0,0.0,0.0,0.0
18055,17.79100783546896,13389.075184899408,0.0,0.0,0.0,0.0,0.001
18059,17.707616599401625,13238.35884621237,0.0,0.0,0.0,0.0,0.0
18062,17.679625924951093,13345.483820060716,0.0,0.0,0.0,0.0,0.0
18064,17.842836713541285,13403.51452710996,0.0,0.0,0.0,0.0,0.0
18066,17.682745402929903,13374.155724866667,0.0,0.0,0.0,0.0,0.0
18067,17.84345746227642,13472.442300242103,0.0,0.0,0.0,0.0,0.0
18069,17.674492856552288,13310.540764247307,0.0,0.0,0.0,0.0,0.0
18072,17.85848268972318,13391.035166177408,0.0,0.0,0.0,0.0,0.0
18074,17.423857898545695,13250.074777585889,0.0,0.0,0.0,0.0,0.0
18077,17.406815391366518,13242.6174748831,0.0,0.0,0.0,0.0,0.001
18078,15.12703468975034,12598.09825080993,0.0,0.0,0.0,0.0,0.0
18079,15.113427772209121,12835.82421760606,0.0,0.0,0.0,0.0,0.0
18080,15.094663096639982,12656.993836505511,0.0,0.0,0.0,0.0,0.005
18083,17.828697836000494,13503.21532920191,0.0,0.0,0.0,0.0,0.0
18085,17.83915354346034,13482.999403502063,0.0,0.0,0.0,0.0,0.0
18086,15.252324941262723,12844.09495644905,0.0,0.0,0.0,0.0,0.0
18087,15.116595919518536,12764.488125867512,0.0,0.0,0.0,0.0,0.0
18088,17.845175020658917,13484.600004122492,0.0,0.0,0.0,0.0,0.0
18091,17.853198548833028,13452.99218243063,0.0,0.0,0.0,0.0,0.0
18092,17.67391824528665,13355.942471096494,0.0,0.0,0.0,0.0,0.0
18101,15.151855568305347,12703.328471855764,0.0,0.0,0.0,0.0,0.0
18102,15.108095889037106,12717.214669394602,0.0,0.0,0.0,0.0,0.0
18103,15.137212454757186,12736.68084550905,0.0,0.0,0.0,0.0,0.0
18104,15.111543779092967,12642.72562578088,0.0,0.0,0.0,0.0,0.004
18106,15.130051952519132,12641.186319364844,0.0,0.0,0.0,0.0,0.0
18109,15.108869862359995,12730.515142263695,0.0,0.0,0.0,0.0,0.0
18343,17.862879290262285,13421.831614594617,0.0,0.0,0.0,0.0,0.0
18353,18.594727448003336,13579.146923184526,0.0,0.0,0.0,0.0,0.0
18360,18.61253504338754,13567.43219931594,0.0,0.0,0.0,0.0,0.0
18403,15.964919284149563,13028.840587103838,0.0,0.0,0.0,0.0,0.0
18411,16.328066142137462,13025.683212801636,0.0,0.0,0.0,0.0,0.0
18433,16.354336052983204,13045.857567960067,0.0,0.0,0.0,0.0,0.0
18434,15.936305788653428,12998.301637429635,0.0,0.0,0.0,0.0,0.0
18436,15.98059540779593,13006.590642121617,0.0,0.0,0.0,0.0,0.0
18444,15.956533191841126,12954.813055802255,0.0,0.0,0.0,0.0,0.0
18447,15.944343546965372,12993.939328483575,0.0,0.0,0.0,0.0,0.0
18452,15.964339415382632,13034.582808779582,0.0,0.0,0.0,0.0,0.0
18503,15.942287027285062,12916.051817792275,0.0,0.0,0.0,0.0,0.0
18504,15.987094101690017,12985.391185106446,0.0,0.0,0.0,0.0,0.0
18505,15.961135191786939,12978.59033488038,0.0,0.0,0.0,0.0,0.0
18507,15.966051899726574,12800.18345245448,0.0,0.0,0.0,0.0,0.0
18508,15.902500012400276,12870.34426652118,0.0,0.0,0.0,0.0,0.0
18509,15.90006021536529,12925.226375640177,0.0,0.0,0.0,0.0,0.0
18510,15.972522150142424,12916.661481697336,0.0,0.0,0.0,0.0,0.0
18512,15.99139224391701,12987.594366506677,0.0,0.0,0.0,0.0,0.0
18517,15.941139339337148,12950.769518243815,0.0,0.0,0.0,0.0,0.0
18518,15.925312905030303,12895.489657914977,0.0,0.0,0.0,0.0,0.0
18519,15.968385638241994,12944.769510306136,0.0,0.0,0.0,0.0,0.0
18603,15.53822820458286,12806.556618675406,0.0,0.0,0.0,0.0,0.0
18612,16.16063944715421,12920.634373455105,0.0,0.0,0.0,0.0,0.0
18621,15.550608559818116,12867.791211940277,0.0,0.0,0.0,0.0,0.0
18631,15.410601565502649,12659.437865818763,0.0,0.0,0.0,0.0,0.007
18634,15.822475087852105,12847.989545371318,0.0,0.0,0.0,0.0,0.0
18635,15.745887624151942,12952.790040810569,0.0,0.0,0.0,0.0,0.0
18640,15.813462308813675,12910.676128387198,0.0,0.0,0.0,0.0,0.0
18641,15.782194812363484,12941.413733237663,0.0,0.0,0.0,0.002,0.003
18642,15.810634667313925,12952.122643242283,0.0,0.0,0.0,0.0,0.0
18643,16.158610952242412,12975.317673572408,0.0,0.0,0.0,0.0,0.0
18644,15.777074124357313,12951.888442597467,0.0,0.0,0.0,0.0,0.001
18651,15.549843508139821,12907.355015513778,0.0,0.0,0.0,0.0,0.0
18660,15.754046612636738,12873.199572676262,0.0,0.0,0.0,0.001,0.005
18701,15.842387095892677,12846.52467489942,0.0,0.0,0.0,0.0,0.0
18702,15.783037352635521,12840.553873108003,0.0,0.0,0.0,0.0,0.0
18704,15.812334818571655,12896.694495901576,0.0,0.0,0.0,0.0,0.0
18705,15.757855181234273,12893.166331929542,0.0,0.0,0.0,0.0,0.004
18706,15.769358981004096,12877.84213197542,0.0,0.0,0.0,0.0,0.0
18707,15.785074317981099,12872.98932678842,0.0,0.0,0.0,0.0,0.002
18708,15.545939403638169,12845.74146696005,0.0,0.0,0.0,0.0,0.0
18709,15.515178836205061,12696.747822004188,0.0,0.0,0.0,0.0,0.0
18901,17.44756038038619,13239.692950139446,0.0,0.0,0.0,0.0,0.0
18902,17.442499853035372,13126.602034924525,0.0,0.0,0.0,0.0,0.0
18914,14.884317448624966,12480.272555160034,0.0,0.0,0.0,0.0,0.0
18915,14.897389550281433,12558.782541125796,0.0,0.0,0.0,0.0,0.0
18925,17.442371966909203,13020.0041542482,0.0,0.0,0.0,0.0,0.0
18927,14.858557808345553,12001.340600437865,0.0,0.0,0.0,0.0,0.0
18929,17.442018410791462,13150.32827099963,0.0,0.0,0.0,0.0,0.0
18932,14.872295568628365,12644.888199713738,0.0,0.0,0.0,0.0,0.0
18936,17.48009109970861,12862.977256337379,0.0,0.0,0.0,0.0,0.0
18938,17.409125986191384,13079.496828810708,0.0,0.0,0.0,0.0,0.0
18940,17.443355985516835,13137.481517155797,0.0,0.0,0.0,0.0,0.0
18951,17.400287611059618,13320.844239363949,0.0,0.0,0.0,0.0,0.0
18954,17.44269466818853,13160.26903844073,0.0,0.0,0.0,0.0,0.0
18964,14.91667324841932,12586.39358393044,0.0,0.0,0.0,0.0,0.0
18966,17.474111651600904,13217.956494663007,0.0,0.0,0.0,0.0,0.0
18969,14.84545847098694,12531.703165424064,0.0,0.0,0.001,0.004,0.007
18974,17.44659085805437,13339.615374993127,0.0,0.0,0.0,0.0,0.0
18976,17.449732975135184,13232.527858754562,0.0,0.0,0.0,0.0,0.0
18977,17.4351955974739,13003.646051780739,0.0,0.0,0.0,0.0,0.0
19001,17.507737047223667,13266.699891345603,0.0,0.0,0.0,0.0,0.0
19002,17.49836260799377,13122.675886144576,0.0,0.0,0.0,0.0,0.0
19003,17.367937505871183,13131.38429583196,0.0,0.0,0.0,0.0,0.0
19004,17.49917933969638,13149.848849461074,0.0,0.0,0.0,0.0,0.0
19006,17.49298579752013,13214.885756058537,0.0,0.0,0.0,0.0,0.0
19007,17.48122504527292,13347.519643726566,0.0,0.0,0.0,0.0,0.0
19008,17.207642118096253,13181.526035077126,0.0,0.0,0.0,0.0,0.0
19009,17.471437862056792,13241.262418262939,0.0,0.0,0.0,0.0,0.0
19010,17.377242088514272,13072.745738009078,0.0,0.0,0.0,0.0,0.0
19012,17.4924748865948,13210.957710993045,0.0,0.0,0.0,0.0,0.0
19013,17.268921305849737,13251.593860322875,0.0,0.0,0.0,0.0,0.0
19014,17.21797385747164,13250.268325412344,0.0,0.0,0.0,0.0,0.0
19015,17.212044462101847,13351.661471712254,0.0,0.0,0.0,0.0,0.0
19018,17.2396230895174,13284.53570962883,0.0,0.0,0.0,0.0,0.0
19020,17.479198885235572,13278.323278574271,0.0,0.0,0.0,0.0,0.0
19021,17.4592909472773,13393.222761484687,0.0,0.0,0.0,0.0,0.0
19022,17.2871900915009,13269.307867664695,0.0,0.0,0.0,0.0,0.0
19023,17.27085751066261,13259.545704578446,0.0,0.0,0.0,0.0,0.0
19025,17.46257698303134,13083.399246238532,0.0,0.0,0.0,0.0,0.0
19026,17.21392205655088,13279.652335425908,0.0,0.0,0.0,0.0,0.0
19027,17.511704847236594,13211.209531450058,0.0,0.0,0.0,0.0,0.0
19029,17.242885796889087,13310.904088015084,0.0,0.0,0.0,0.0,0.0
19030,17.449934759511493,13350.788871286588,0.0,0.0,0.0,0.0,0.0
19031,17.48491384493599,13126.766474580321,0.0,0.0,0.0,0.0,0.0
19032,17.295089243829512,13233.43564928595,0.0,0.0,0.0,0.0,0.0
19033,17.252562171750405,13239.02640133203,0.0,0.0,0.0,0.0,0.0
19034,17.48040111421165,13125.941513611793,0.0,0.0,0.0,0.0,0.0
19035,17.463358616819004,12913.077862192931,0.0,0.0,0.0,0.0,0.0
19036,17.21755988339959,13316.699622070368,0.0,0.0,0.0,0.0,0.0
19038,17.495771782626704,13240.557218034284,0.0,0.0,0.0,0.0,0.0
19040,17.47423510333767,13352.026224393685,0.0,0.0,0.0,0.0,0.0
19041,17.35214586027976,13015.687437935785,0.0,0.0,0.0,0.0,0.0
19043,17.195121025533762,13339.227282371492,0.0,0.0,0.0,0.0,0.0
19044,17.464932897016812,13342.119870554987,0.0,0.0,0.0,0.0,0.0
19046,17.493807499180573,13207.806552964703,0.0,0.0,0.0,0.0,0.0
19047,17.461225682457393,13259.05892966484,0.0,0.0,0.0,0.0,0.0
19050,17.24426841223354,13252.189959726611,0.0,0.0,0.0,0.0,0.0
19053,17.449577344106306,13297.480928601302,0.0,0.0,0.0,0.0,0.0
19054,17.453541567762866,13334.479635315356,0.0,0.0,0.0,0.0,0.0
19055,17.405843634844288,13363.245871017956,0.0,0.0,0.0,0.0,0.0
19056,17.455242624604118,13289.66359886907,0.0,0.0,0.0,0.0,0.0
19057,17.439568994820494,13407.800187480008,0.0,0.0,0.0,0.0,0.0
19060,17.215666179913175,13097.39642299354,0.0,0.0,0.0,0.0,0.0
19061,17.23529524921602,13252.950332118373,0.0,0.0,0.0,0.0,0.0
19063,17.216431819918878,13150.260529221749,0.0,0.0,0.0,0.0,0.0
19064,17.21351617071958,13185.140369291263,0.0,0.0,0.0,0.0,0.0
19066,17.475032185432546,12931.395276025585,0.0,0.0,0.0,0.0,0.0
19067,17.452388217093294,13186.227743246238,0.0,0.0,0.0,0.0,0.0
19070,17.199565155712282,13196.441568109794,0.0,0.0,0.0,0.0,0.0
19072,17.46843453787263,13117.52648582724,0.0,0.0,0.0,0.0,0.0
19073,17.187219783217426,13067.610180694359,0.0,0.0,0.0,0.0,0.0
19074,17.23321948485146,13273.618241378024,0.0,0.0,0.0,0.0,0.0
19075,17.482723001080867,13274.086442684948,0.0,0.0,0.0,0.0,0.0
19076,17.2585350511719,13192.154232767989,0.0,0.0,0.0,0.0,0.0
19078,17.215725532226514,13282.912450646949,0.0,0.0,0.0,0.0,0.0
19079,17.26761087302744,13271.70787415022,0.0,0.0,0.0,0.0,0.0
19081,17.19797798226973,13171.082958528952,0.0,0.0,0.0,0.0,0.0
19082,17.24812614545363,13278.68045719205,0.0,0.0,0.0,0.0,0.0
19083,17.203243992380543,13149.79855394408,0.0,0.0,0.0,0.0,0.0
19085,17.34103995341686,12863.689960106205,0.0,0.0,0.0,0.0,0.0
19086,17.230468064602615,13085.539764446843,0.0,0.0,0.0,0.0,0.0
19087,17.307769303281727,13103.128182409735,0.0,0.0,0.0,0.0,0.0
19090,17.47334027538353,13345.462278561732,0.0,0.0,0.0,0.0,0.0
19094,17.210343004450312,13325.613211793992,0.0,0.0,0.0,0.0,0.0
19095,17.51888224889883,13079.16908744915,0.0,0.0,0.0,0.0,0.0
19096,17.4928439588696,13046.314282130885,0.0,0.0,0.0,0.0,0.0
19102,17.52229775181386,13036.437816858766,0.0,0.0,0.0,0.0,0.0
19103,17.437311253532727,13212.239600169956,0.0,0.0,0.0,0.0,0.0
19104,17.487208008437133,13030.56424465631,0.0,0.0,0.0,0.0,0.0
19106,17.41212862311256,13189.243409890414,0.0,0.0,0.0,0.0,0.0
19107,17.471776243694872,13217.016540640408,0.0,0.0,0.0,0.0,0.0
19108,17.40915776203563,12883.254424011022,0.0,0.0,0.0,0.0,0.0
19111,17.435056630141112,13353.1778797627,0.0,0.0,0.0,0.0,0.0
19114,17.437942530395762,13344.774025786259,0.0,0.0,0.0,0.0,0.0
19115,17.45457241410605,13264.224104553972,0.0,0.0,0.0,0.0,0.0
19116,17.436893909553326,13331.145023365018,0.0,0.0,0.0,0.0,0.0
19118,17.441107838918164,13203.00936754589,0.0,0.0,0.0,0.0,0.0
19119,17.427110627261335,13288.694712095168,0.0,0.0,0.0,0.0,0.0
19120,17.463908333033302,13283.456234956577,0.0,0.0,0.0,0.0,0.0
19121,17.535280545671107,13188.487116564662,0.0,0.0,0.0,0.0,0.0
19122,17.442871178836914,13181.843405266376,0.0,0.0,0.0,0.0,0.0
19123,17.43054227751697,13238.36274480575,0.0,0.0,0.0,0.0,0.0
19124,17.45900766418735,13289.44403102172,0.0,0.0,0.0,0.0,0.0
19125,17.44809388081131,13261.614945010066,0.0,0.0,0.0,0.0,0.0
19126,17.45964756881663,13295.6394990244,0.0,0.0,0.0,0.0,0.0
19127,17.453862006213487,13208.32208288407,0.0,0.0,0.0,0.0,0.0
19128,17.44230210877157,13286.351024928113,0.0,0.0,0.0,0.0,0.0
19129,17.47072585235783,13199.008376551386,0.0,0.0,0.0,0.0,0.0
19130,17.440485157063772,13222.175510615465,0.0,0.0,0.0,0.0,0.0
19131,17.502640648940943,13274.294271344319,0.0,0.0,0.0,0.0,0.0
19132,17.51437691340653,13239.89660721659,0.0,0.0,0.0,0.0,0.0
19133,17.517127004367236,13217.091302196395,0.0,0.0,0.0,0.0,0.0
19134,17.483401758685776,13310.324072733723,0.0,0.0,0.0,0.0,0.0
19135,17.46487922012462,13287.453350973617,0.0,0.0,0.0,0.0,0.0
19136,17.453614871332224,13343.804168419476,0.0,0.0,0.0,0.0,0.0
19137,17.488254064673818,13256.181949476237,0.0,0.0,0.0,0.0,0.0
19138,17.487440805801743,13286.987452444197,0.0,0.0,0.0,0.0,0.0
19139,17.5266069063012,13157.09903327767,0.0,0.0,0.0,0.0,0.0
19140,17.537478186537637,13197.312859468646,0.0,0.0,0.0,0.0,0.0
19141,17.496810667966784,13298.214024766976,0.0,0.0,0.0,0.0,0.0
19142,17.48266055371728,13295.717612324932,0.0,0.0,0.0,0.0,0.0
19143,17.49837543519983,13230.946894907813,0.0,0.0,0.0,0.0,0.0
19144,17.51759335683699,13210.687363819454,0.0,0.0,0.0,0.0,0.0
19145,17.437574473667265,13299.483699973707,0.0,0.0,0.0,0.0,0.0
19146,17.429081304417473,13251.327784157662,0.0,0.0,0.0,0.0,0.0
19147,17.42438115879404,13186.562507920366,0.0,0.0,0.0,0.0,0.0
19148,17.44685553954246,13304.790578100887,0.0,0.0,0.0,0.0,0.0
19149,17.443484100265398,13341.141654674824,0.0,0.0,0.0,0.0,0.0
19150,17.458726551361178,13332.234165245822,0.0,0.0,0.0,0.0,0.0
19151,17.439546156247456,13212.395741658425,0.0,0.0,0.0,0.0,0.0
19152,17.43288892938848,13309.111375719302,0.0,0.0,0.0,0.0,0.0
19153,17.50260895096935,13252.430192974909,0.0,0.0,0.0,0.0,0.0
19154,17.39022873770821,13270.77813735852,0.0,0.0,0.0,0.0,0.0
19301,17.34965749724391,13104.325349055767,0.0,0.0,0.0,0.0,0.0
19311,17.337098224606297,13096.418557524528,0.0,0.0,0.0,0.0,0.0
19312,17.365665188479117,12983.195573448349,0.0,0.0,0.0,0.0,0.0
19317,17.26062495269035,13144.815690998968,0.0,0.0,0.0,0.0,0.0
19319,17.19654685079055,13050.791835184817,0.0,0.0,0.0,0.0,0.0
19333,17.359167453759365,13041.958475793354,0.0,0.0,0.0,0.0,0.0
19335,17.333060145008623,13199.410809263614,0.0,0.0,0.0,0.0,0.0
19341,17.36286047802882,13197.410894126428,0.0,0.0,0.0,0.0,0.0
19342,17.208248277356326,13111.838274457969,0.0,0.0,0.0,0.0,0.0
19348,17.33728591569277,13234.016175338647,0.0,0.0,0.0,0.0,0.0
19350,17.329404504198603,13110.682470742435,0.0,0.0,0.0,0.0,0.0
19355,17.335624019596477,13086.334612060178,0.0,0.0,0.0,0.0,0.0
19373,17.189970226292957,12913.271161640789,0.0,0.0,0.0,0.0,0.0
19380,17.3344248383218,13215.500149753065,0.0,0.0,0.0,0.0,0.0
19382,17.306933834230314,13149.038401757543,0.0,0.0,0.0,0.0,0.0
19401,17.499673764871602,13372.532465219098,0.0,0.0,0.0,0.0,0.0
19403,17.477350159785434,13309.974558952787,0.0,0.0,0.0,0.0,0.0
19405,17.48151764399147,13362.583415874398,0.0,0.0,0.0,0.0,0.0
19406,17.478899244788867,13301.533786259608,0.0,0.0,0.0,0.0,0.0
19422,17.478051317555234,13149.466790669445,0.0,0.0,0.0,0.0,0.0
19426,17.466608804460986,13196.713997379466,0.0,0.0,0.0,0.0,0.0
19428,17.47751165010302,13281.77103044941,0.0,0.0,0.0,0.0,0.0
19436,17.625653255735763,13017.488258517404,0.0,0.0,0.0,0.0,0.0
19437,17.460183649936667,13018.250644082544,0.0,0.0,0.0,0.0,0.0
19438,14.915793852540236,12421.42677787896,0.0,0.0,0.0,0.0,0.0
19440,14.913541645536856,12596.844801377812,0.0,0.0,0.0,0.0,0.0
19444,17.472517089795133,13215.756904986281,0.0,0.0,0.0,0.0,0.0
19446,14.909070746598703,12556.291862390854,0.0,0.0,0.0,0.0,0.0
19453,17.471373506195732,13390.283211803879,0.0,0.0,0.0,0.0,0.0
19454,17.477654051438396,13254.060138567398,0.0,0.0,0.0,0.0,0.0
19460,17.367987036414803,13219.376366501616,0.0,0.0,0.0,0.0,0.0
19462,17.473447018904793,13236.002777101572,0.0,0.0,0.0,0.0,0.0
19464,17.436876449697532,13330.94652210792,0.0,0.0,0.0,0.0,0.0
19468,17.473212202918962,13304.375242868695,0.0,0.0,0.0,0.0,0.0
19473,17.44618604364043,13219.048484435518,0.0,0.0,0.0,0.0,0.0
19475,17.329342124926463,13118.824286681469,0.0,0.0,0.0,0.0,0.0
19492,17.514162711520562,13309.71487680243,0.0,0.0,0.0,0.0,0.0
19506,17.612323151488695,13375.542934491357,0.0,0.0,0.0,0.0,0.0
19508,17.62643543116079,13402.720026327326,0.0,0.0,0.0,0.0,0.0
19510,17.59887310274138,13406.457829471376,0.0,0.0,0.0,0.0,0.0
19522,17.61744805516939,13380.578003189186,0.0,0.0,0.0,0.0,0.0
19525,17.433668264346892,13273.170990510745,0.0,0.0,0.0,0.0,0.0
19533,17.617469465890277,13377.432276408736,0.0,0.0,0.0,0.0,0.0
19539,17.60958862038365,13393.382513567178,0.0,0.0,0.0,0.0,0.0
19540,17.568655863950152,13291.394633564403,0.0,0.0,0.0,0.0,0.003
19541,17.62580219102601,13390.565563612408,0.0,0.0,0.0,0.0,0.0
19547,17.60505010723151,13361.537248724117,0.0,0.0,0.0,0.0,0.001
19555,17.614894653397823,13441.764190133847,0.0,0.0,0.0,0.0,0.0
19560,17.62919565392814,13417.517019036219,0.0,0.0,0.0,0.0,0.0
19565,17.617121419880277,13352.556631271329,0.0,0.0,0.0,0.0,0.0
19601,17.684008180426073,13328.509735175596,0.0,0.0,0.0,0.0,0.0
19602,17.689390894509895,13317.071467865819,0.0,0.0,0.0,0.0,0.0
19604,17.629288974570706,13389.211620224049,0.0,0.0,0.0,0.0,0.0
19605,17.616586447660524,13407.35455963918,0.0,0.0,0.0,0.0,0.0
19606,17.623099076629735,13361.944636879316,0.0,0.0,0.0,0.0,0.0
19607,17.63357965997766,13380.071785377255,0.0,0.0,0.0,0.0,0.0
19608,17.61064156991533,13319.65913690185,0.0,0.0,0.0,0.0,0.0
19609,17.651360149132742,13356.460804266724,0.0,0.0,0.0,0.0,0.0
19610,17.61727245363986,13300.029460010264,0.0,0.0,0.0,0.0,0.0
19611,17.687603977611282,13332.469059436484,0.0,0.0,0.0,0.0,0.0
2802,10.992790645131254,15229.119899085797,0.0,0.0,0.0,0.0,0.0
2806,10.957476176762933,15040.947973340304,0.0,0.0,0.0,0.0,0.122
2809,10.9394857342905,15111.890632685228,0.0,0.0,0.0,0.004,0.062
2814,10.970510806607525,15150.914793333237,0.0,0.0,0.0,0.006,0.039
2816,10.953879940919625,15144.669334206841,0.0,0.0,0.0,0.0,0.047
2817,10.964350686348755,15107.871275688976,0.0,0.0,0.0,0.003,0.068
2818,10.969391063790377,15045.022802548316,0.0,0.0,0.0,0.007,0.105
2822,10.973858597352098,15148.591059419796,0.0,0.0,0.0,0.0,0.048
2828,10.993849935368324,15157.471163901078,0.0,0.0,0.0,0.0,0.044
2830,10.963729153911203,15082.94504532837,0.0,0.0,0.0,0.012,0.072
2831,10.996698225890965,15133.867136671011,0.0,0.0,0.0,0.0,0.064
2835,10.951720232300428,15082.13284110376,0.0,0.0,0.0,0.0,0.093
2838,10.95953943970303,15095.11532130716,0.0,0.0,0.0,0.004,0.067
2852,10.958038469192184,15119.557131756765,0.0,0.0,0.0,0.005,0.06
2857,10.987860930761777,15119.528064127793,0.0,0.0,0.001,0.003,0.065
2860,10.979892954409422,15155.948643626474,0.0,0.0,0.0,0.0,0.041
2861,11.014485644515497,15180.642922925725,0.0,0.0,0.0,0.0,0.026
2863,10.959756420761805,15161.388887197163,0.0,0.0,0.0,0.007,0.027
2864,10.996474070513743,15132.006608181351,0.0,0.0,0.0,0.0,0.062
2865,10.993802375555239,15136.563310606609,0.0,0.0,0.0,0.002,0.061
2871,10.947835670735264,15064.775122905128,0.0,0.0,0.0,0.004,0.097
2878,10.954353917741832,15133.03298239977,0.0,0.0,0.0,0.0,0.057
2885,10.93310572241656,15096.362278715123,0.0,0.0,0.0,0.007,0.07
2886,10.95958237874246,15144.082845741908,0.0,0.0,0.0,0.007,0.041
2888,10.972751041440793,15157.98232800545,0.0,0.0,0.0,0.0,0.039
2889,10.962216930597938,15167.723540377103,0.0,0.0,0.0,0.003,0.026
2893,10.978035926043333,15145.687188562028,0.0,0.0,0.0,0.003,0.043
2895,10.953325010430328,15143.026198553936,0.0,0.0,0.0,0.006,0.042
2896,10.973355418256556,15143.313037107024,0.0,0.0,0.0,0.003,0.048
2903,10.965600172200386,15053.413784033031,0.0,0.0,0.0,0.011,0.094
2904,10.960489529096831,15114.810993107752,0.0,0.0,0.0,0.008,0.051
2905,10.982531130423087,15062.229523231174,0.0,0.0,0.0,0.001,0.09
2906,10.981659109911096,15069.98296435255,0.0,0.0,0.0,0.005,0.089
2907,10.931675892886062,15091.993684844772,0.0,0.0,0.0,0.02,0.047
2908,10.965095923070722,15134.893648074416,0.0,0.0,0.0,0.009,0.047
2909,10.969749917799064,15143.746652658301,0.0,0.0,0.0,0.004,0.044
2910,10.97936777968686,15169.339285742015,0.0,0.0,0.0,0.004,0.032
2911,10.986209695688387,15147.405358135718,0.0,0.0,0.0,0.007,0.04
2914,10.983162872183945,15150.360438939275,0.0,0.0,0.0,0.0,0.041
2915,10.986892136735229,15157.278946714896,0.0,0.0,0.0,0.0,0.042
2916,11.005488235011272,15152.538138545111,0.0,0.0,0.0,0.0,0.051
2917,10.971508531338513,15107.898745494544,0.0,0.0,0.0,0.001,0.066
2919,10.998283944921061,15140.676284078336,0.0,0.0,0.0,0.0,0.054
2920,10.96851301919168,15151.426732019883,0.0,0.0,0.0,0.0,0.042
2921,10.998541988061278,15098.868605230462,0.0,0.0,0.0,0.0,0.083
29016,10.535527983857124,9331.510206026,0.0,0.0,0.003,0.052,0.102
29020,14.09602984693873,10302.283835891032,0.0,0.0,0.0,0.011,0.056
29033,10.583466636358484,9387.204521306487,0.0,0.0,0.011,0.036,0.059
29036,14.88760974103544,10470.216842425089,0.0,0.0,0.0,0.0,0.035
29039,12.557310182399444,9996.16992363156,0.0,0.0,0.0,0.016,0.046
29040,13.976760881095107,10332.93811431683,0.0,0.0,0.0,0.007,0.029
29044,13.958345430966794,10265.313736821909,0.0,0.0,0.0,0.012,0.056
29045,14.022684450759431,10282.038916975684,0.0,0.0,0.0,0.015,0.059
29053,10.538540317288142,9327.747687082809,0.0,0.0,0.007,0.051,0.084
29061,10.539471211573993,9406.92587985844,0.0,0.0,0.005,0.026,0.056
29063,10.56901309093252,9367.898843790133,0.0,0.0,0.0,0.041,0.095
29072,10.606820566325034,9369.244615223253,0.0,0.0,0.004,0.043,0.1
29073,10.590907556826489,9441.485403143273,0.0,0.0,0.003,0.021,0.05
29078,13.978817449940378,10285.803120084453,0.0,0.0,0.0,0.021,0.039
29115,10.419833408285674,9244.839348124693,0.0,0.0,0.005,0.068,0.118
29118,10.550033647212617,9425.988087533278,0.0,0.0,0.001,0.022,0.061
29123,10.589639690013028,9436.437643370173,0.0,0.0,0.007,0.025,0.041
29150,14.019963417205624,10290.922719229759,0.0,0.0,0.0,0.007,0.048
29152,14.017714204306074,10291.118763831124,0.0,0.0,0.0,0.0,0.059
29153,13.929990002495801,10219.490158646677,0.0,0.0,0.0,0.028,0.065
29154,14.02025751013073,10323.240251986046,0.0,0.0,0.0,0.012,0.032
29160,10.576994000845524,9384.599932756182,0.0,0.0,0.012,0.036,0.056
29161,13.991476492022608,10294.097308438484,0.0,0.0,0.0,0.008,0.046
29169,10.566808856190875,9397.28359845022,0.0,0.0,0.006,0.033,0.065
29170,10.60966848504249,9463.052688149326,0.0,0.0,0.0,0.021,0.045
29172,10.595799141390973,9429.245241526407,0.0,0.0,0.006,0.028,0.042
29201,10.332241204292046,8953.117835559831,0.0,0.0,0.046,0.126,0.2
29203,10.496386372936794,9270.618403274762,0.0,0.0,0.01,0.057,0.111
29204,10.486975651286299,9235.683980240854,0.0,0.0,0.015,0.065,0.116
29205,10.556966885460476,9314.784165460904,0.0,0.0,0.008,0.052,0.114
29206,10.54229395514919,9266.295925065739,0.0,0.0,0.014,0.067,0.118
29209,10.545135348732554,9357.08482081484,0.0,0.0,0.007,0.04,0.078
29210,10.556591657923237,9412.217355266728,0.0,0.0,0.006,0.023,0.056
29212,10.586279164113794,9392.060308719556,0.0,0.0,0.008,0.035,0.067
29223,10.533565794427462,9310.158433999759,0.0,0.0,0.011,0.053,0.104
29229,10.569329437711561,9434.728854797928,0.0,0.0,0.0,0.023,0.053
29301,14.661079170793055,10381.16107484524,0.0,0.0,0.0,0.017,0.051
29302,14.771567922377457,10426.109698278407,0.0,0.0,0.0,0.0,0.051
29303,14.715679553010435,10443.97617926732,0.0,0.0,0.0,0.009,0.035
29306,14.773808692450682,10383.931794077485,0.0,0.0,0.0,0.01,0.064
29307,14.709520919004062,10422.702095383593,0.0,0.0,0.0,0.011,0.04
29316,14.773675987261567,10479.167121559176,0.0,0.0,0.0,0.006,0.023
29323,14.772660873797664,10493.259518067325,0.0,0.0,0.0,0.004,0.022
29329,14.708094676874572,10376.031349319011,0.0,0.0,0.0,0.027,0.055
29330,14.77208021914319,10445.913314222105,0.0,0.0,0.0,0.002,0.039
29334,14.774210106393578,10460.331067510311,0.0,0.0,0.0,0.005,0.029
29346,14.774078533705756,10538.830087682032,0.0,0.0,0.0,0.0,0.0
29349,14.769599956875506,10462.832344962198,0.0,0.0,0.0,0.0,0.032
29365,14.77032519857635,10505.640528613158,0.0,0.0,0.0,0.001,0.017
29369,14.7256594480745,10448.708444387688,0.0,0.0,0.001,0.005,0.04
29376,14.77296627097277,10481.50884332792,0.0,0.0,0.0,0.0,0.025
29377,14.7717573782804,10546.667298464787,0.0,0.0,0.0,0.0,0.0
29385,14.773424166212864,10513.899793022045,0.0,0.0,0.0,0.0,0.009
29388,14.771096334078138,10496.495092711375,0.0,0.0,0.0,0.0,0.02
29401,10.214076356804037,9095.533223216611,0.0,0.0,0.011,0.084,0.209
29403,10.2223031281089,9129.331886058377,0.0,0.0,0.004,0.08,0.168
29404,10.288794124251586,9378.202407790603,0.0,0.0,0.0,0.012,0.039
29405,10.237552851667234,9285.027869728436,0.0,0.0,0.007,0.028,0.075
29406,10.22732493478945,9290.860756660293,0.0,0.0,0.002,0.031,0.07
29407,10.211777844105956,9166.64544335579,0.0,0.0,0.017,0.06,0.119
29410,10.47260531310005,9383.881505237345,0.0,0.0,0.005,0.028,0.063
29412,10.2381669665013,9215.863899794751,0.0,0.0,0.008,0.056,0.118
29414,10.240923447974298,9230.325078662816,0.0,0.0,0.005,0.057,0.092
29418,10.31011430090109,9316.313867046489,0.0,0.0,0.004,0.034,0.065
29420,10.380389010601112,9250.550071802912,0.0,0.0,0.021,0.051,0.092
29429,10.287496953000202,9292.113914133824,0.0,0.0,0.004,0.041,0.116
29439,10.163543829997945,9029.492447487573,0.0,0.0,0.015,0.101,0.201
29440,12.223206410455534,9868.00685438699,0.0,0.0,0.002,0.022,0.065
29445,10.45142515283706,9367.498533123477,0.0,0.0,0.006,0.029,0.064
29451,10.26702311700524,9051.980118875006,0.0,0.0,0.0,0.1,0.272
29455,10.23544559592576,9175.512631633064,0.0,0.0,0.011,0.06,0.144
29456,10.424661801821788,9365.821508179542,0.0,0.0,0.007,0.027,0.049
29464,10.247231279709055,9143.519132946,0.0,0.0,0.009,0.075,0.162
29466,10.287329334690556,9206.155902762353,0.0,0.0,0.0,0.063,0.164
29472,10.50951624977611,9449.562384524725,0.0,0.0,0.001,0.013,0.035
29482,10.262040914713388,9044.656199155601,0.0,0.0,0.0,0.108,0.25
29483,10.474081959970453,9332.667998706494,0.0,0.0,0.009,0.046,0.071
29485,10.487853646625853,9381.86371723799,0.0,0.0,0.007,0.023,0.062
29486,12.485845404248183,9986.199312991377,0.0,0.0,0.0,0.015,0.041
29492,10.495533879124062,9335.82095925434,0.0,0.0,0.002,0.035,0.122
29501,13.88669602380499,10213.669773988071,0.0,0.0,0.0,0.023,0.066
29505,13.925617775776765,10288.51684485268,0.0,0.0,0.0,0.016,0.039
29506,13.8833827638268,10186.006401317722,0.0,0.0,0.0,0.019,0.081
29526,12.324441256319203,9903.569592008482,0.0,0.0,0.004,0.025,0.057
29527,12.369734326041694,9976.923048177996,0.0,0.0,0.0,0.009,0.034
29532,13.97889735313311,10286.78655762469,0.0,0.0,0.0,0.017,0.042
29540,14.064692424185694,10326.072949727408,0.0,0.0,0.0,0.009,0.037
29541,13.976839779299194,10325.690625665962,0.0,0.0,0.0,0.011,0.025
29566,13.733117313513233,10273.334713379965,0.0,0.0,0.0,0.013,0.034
29568,13.774025014550872,10292.49178538944,0.0,0.0,0.0,0.008,0.028
29572,12.397634257085155,9888.086408959995,0.0,0.0,0.0,0.031,0.083
29575,12.371166908627481,9967.369392758452,0.0,0.0,0.0,0.012,0.042
29576,12.310462628372866,9909.307797262578,0.0,0.0,0.0,0.024,0.054
29577,12.344247271204567,9918.898862176455,0.0,0.0,0.0,0.018,0.061
29579,12.367802668196104,9939.762265793412,0.0,0.0,0.0,0.015,0.049
29582,13.772760259243382,10267.432362568832,0.0,0.0,0.0,0.001,0.046
29585,12.311688173898807,9899.152491457511,0.0,0.0,0.0,0.011,0.072
29588,12.397759518146568,9986.734411807782,0.0,0.0,0.0,0.006,0.039
29601,14.727110911381743,10402.669437000426,0.0,0.0,0.0,0.003,0.06
29605,14.72577746938417,10398.13641968266,0.0,0.0,0.0,0.009,0.049
29607,14.723932822428417,10432.140543637015,0.0,0.0,0.0,0.004,0.043
29609,14.616717894078366,10345.395938393573,0.0,0.0,0.0,0.016,0.069
29611,14.618736391312,10392.965280512617,0.0,0.0,0.0,0.016,0.043
29615,14.723198016223998,10437.28009318313,0.0,0.0,0.0,0.002,0.044
29617,14.726118386864233,10456.57956796565,0.0,0.0,0.0,0.004,0.027
29621,14.659001272649459,10448.740406134959,0.0,0.0,0.0,0.0,0.031
29624,14.5473697084696,10344.754326255248,0.0,0.0,0.0,0.016,0.066
29625,14.569367037038557,10401.52798921438,0.0,0.0,0.0,0.018,0.038
29626,14.658515061559354,10419.080493128517,0.0,0.0,0.0,0.008,0.04
29627,14.656152854296943,10416.44688815756,0.0,0.0,0.0,0.015,0.037
29630,14.583915872450381,10369.68061550153,0.0,0.0,0.0,0.02,0.053
29631,14.639605956708692,10355.099652810039,0.0,0.0,0.0,0.009,0.069
29640,14.69212377658144,10472.8210879126,0.0,0.0,0.0,0.0,0.027
29642,14.676878238680077,10423.17926221025,0.0,0.0,0.0,0.003,0.046
29644,14.714537965308548,10485.620705507483,0.0,0.0,0.0,0.001,0.018
29650,14.725973479955773,10438.092167423461,0.0,0.0,0.0,0.0,0.043
29651,14.746891489594738,10460.980892155454,0.0,0.0,0.0,0.0,0.04
29657,14.63499922961094,10447.038866588528,0.0,0.0,0.0,0.012,0.029
29662,14.727047272506539,10490.86782386842,0.0,0.0,0.0,0.001,0.019
29665,14.678604661624968,10314.371061206006,0.0,0.0,0.0,0.012,0.088
29670,14.656838901681938,10456.870975869711,0.0,0.0,0.0,0.0,0.026
29671,14.692863810575975,10475.68108523725,0.0,0.0,0.0,0.0,0.021
29672,14.737208402694383,10448.507939374507,0.0,0.0,0.0,0.0,0.034
29673,14.6927431457865,10468.284148855153,0.0,0.0,0.0,0.0,0.023
29678,14.73731771972849,10459.873371867601,0.0,0.0,0.0,0.005,0.031
29680,14.725222177251164,10467.32368610843,0.0,0.0,0.0,0.003,0.026
29681,14.723803645162139,10434.895233561781,0.0,0.0,0.0,0.0,0.044
29684,14.658777148656984,10474.850863850626,0.0,0.0,0.0,0.004,0.02
29687,14.726328995937187,10473.40339308254,0.0,0.0,0.0,0.004,0.025
29690,14.725191796514558,10456.270654295153,0.0,0.0,0.0,0.006,0.031
29691,14.736972517350031,10480.361989700974,0.0,0.0,0.0,0.0,0.025
29693,14.738693483258961,10479.705503204577,0.0,0.0,0.0,0.0,0.028
29696,14.737255860085954,10498.735225005405,0.0,0.0,0.0,0.0,0.017
29697,14.659313097064368,10493.693959989656,0.0,0.0,0.0,0.003,0.01
29707,14.748691060923138,10431.96477275403,0.0,0.0,0.0,0.0,0.05
29708,14.826749352063427,10425.645063038006,0.0,0.0,0.0,0.0,0.053
29710,14.828228457689693,10439.294178164693,0.0,0.0,0.0,0.0,0.05
29715,14.77359227018167,10394.124798995495,0.0,0.0,0.0,0.008,0.069
29720,14.65601709031904,10422.204676747519,0.0,0.0,0.0,0.016,0.036
29730,14.767836291329818,10445.431444864776,0.0,0.0,0.0,0.013,0.036
29732,14.828334080757,10477.535031883735,0.0,0.0,0.0,0.007,0.026
29745,14.776317621193115,10444.888329568585,0.0,0.0,0.0,0.009,0.04
29801,10.468049999664167,9237.078322513367,0.0,0.0,0.024,0.058,0.111
29803,10.513618392497511,9332.70509918326,0.0,0.001,0.011,0.04,0.086
29805,10.530548587806685,9393.467388178044,0.0,0.0,0.0,0.028,0.067
29809,12.547581950693756,10006.528973492068,0.0,0.0,0.006,0.014,0.035
29816,10.343496192508606,9113.187483427919,0.0,0.0,0.026,0.09,0.135
29821,10.552925567233554,9415.64638416709,0.0,0.0,0.0,0.022,0.072
29828,10.417327665061094,9206.26746289045,0.0,0.0,0.014,0.078,0.124
29829,10.544229883477115,9415.049311474142,0.0,0.0,0.0,0.028,0.055
29831,10.490017453887337,9361.390474349233,0.0,0.0,0.014,0.03,0.046
29834,10.465214647418582,9330.385312121596,0.0,0.0,0.013,0.047,0.067
29841,10.514406418331141,9323.961767077111,0.0,0.0,0.014,0.044,0.08
29842,10.54105436061877,9447.91708052691,0.0,0.0,0.006,0.014,0.025
29851,10.533232034141367,9407.862320657066,0.0,0.0,0.0,0.03,0.055
29860,10.568793898944516,9439.778087632618,0.0,0.0,0.0,0.02,0.062
29902,10.250673279802534,9214.482963043223,0.0,0.008,0.015,0.037,0.084
29906,10.293220477386079,9304.309176337154,0.0,0.0,0.005,0.034,0.071
29907,10.300177502711987,9225.462330187982,0.0,0.0,0.0,0.06,0.135
29909,10.305904956047334,9284.55035496106,0.0,0.0,0.003,0.044,0.083
29910,10.29433174952854,9239.996943907883,0.0,0.0,0.003,0.056,0.116
29915,10.307679086356117,9212.955423332345,0.0,0.0,0.005,0.066,0.141
29920,10.29524185794227,9304.870005095758,0.0,0.0,0.004,0.031,0.09
29926,10.30283211418282,9235.344839174817,0.0,0.0,0.004,0.058,0.129
29927,11.14451752855535,9612.212302912476,0.0,0.0,0.001,0.016,0.056
29928,12.247061001411058,9800.13888646871,0.0,0.0,0.005,0.018,0.114
29935,10.291326595890725,9341.157687094877,0.0,0.0,0.004,0.024,0.045
57005,18.353324087430483,12935.17358136428,0.0,0.0,0.0,0.0,0.0
57049,30.471408216708017,14688.257993505684,0.0,0.0,0.0,0.0,0.0
57055,18.347487113643922,12858.847264755423,0.0,0.0,0.0,0.0,0.0
57064,18.120166243205734,12891.559553533409,0.0,0.0,0.0,0.0,0.0
57103,18.364454170284056,12947.338001512779,0.0,0.0,0.0,0.0,0.0
57104,18.36256396695212,12918.097968840124,0.0,0.0,0.0,0.0,0.0
57105,18.36127900008863,12933.659703285512,0.0,0.0,0.0,0.0,0.0
57106,18.321838377075665,12951.518257840871,0.0,0.0,0.0,0.0,0.0
57107,18.36972752437906,12901.00796036294,0.0,0.0,0.0,0.0,0.0
57108,18.14076907115174,12782.580185533448,0.0,0.0,0.0,0.0,0.0
57110,18.368322805539123,12883.369816077051,0.0,0.0,0.0,0.0,0.0
57701,15.722815077420663,12090.027195866815,0.0,0.0,0.0,0.0,0.0
57702,15.704133486484722,12110.147974849448,0.0,0.0,0.0,0.0,0.0
57703,15.707242516818352,12251.18982450775,0.0,0.0,0.0,0.0,0.0
57719,15.714170232277612,12176.033712033983,0.0,0.0,0.0,0.0,0.0
57730,15.03954241114218,11893.84323135151,0.0,0.0,0.0,0.0,0.0
57744,17.2943048166827,12601.70594947398,0.0,0.0,0.0,0.0,0.0
57745,15.709329434468936,12207.363868103688,0.0,0.0,0.0,0.0,0.0
57751,15.70117217047766,12237.907044229401,0.0,0.0,0.0,0.0,0.0
37010,19.672453644813686,13948.746180050806,0.0,0.0,0.0,0.0,0.0
37013,19.904636208246234,14042.075911142587,0.0,0.0,0.0,0.0,0.0
37014,19.85563318261758,13863.81054073463,0.0,0.0,0.0,0.0,0.0
37027,19.781501649634393,13808.29635662367,0.0,0.0,0.0,0.0,0.0
37040,19.607565649866448,13920.809104678867,0.0,0.0,0.0,0.0,0.0
37042,19.676725117106994,13992.411763315778,0.0,0.0,0.0,0.0,0.0
37043,19.595682099932166,13942.585214522447,0.0,0.0,0.0,0.0,0.0
37064,19.820073977411848,13880.792288299792,0.0,0.0,0.0,0.0,0.0
37066,19.881747284045225,13982.02547173526,0.0,0.0,0.0,0.0,0.0
37067,19.81825568320353,13953.246739101962,0.0,0.0,0.0,0.0,0.0
37069,19.819074162034994,13851.211037672889,0.0,0.0,0.0,0.0,0.0
37072,19.856669460877068,13981.73463335617,0.0,0.0,0.0,0.0,0.0
37075,19.862337979954987,13988.659572571494,0.0,0.0,0.0,0.0,0.0
37076,19.906883559958242,14031.434807347234,0.0,0.0,0.0,0.0,0.0
37080,19.829312257578763,13938.03483693872,0.0,0.0,0.0,0.0,0.0
37086,19.816873839690608,14042.72921414236,0.0,0.0,0.0,0.0,0.0
37115,19.902826797395726,14047.581284319614,0.0,0.0,0.0,0.0,0.0
37122,20.04556208923683,14012.864839564942,0.0,0.0,0.0,0.0,0.0
37127,19.853447410781005,14053.51655947922,0.0,0.0,0.0,0.0,0.0
37128,19.854603438807526,14043.004810281755,0.0,0.0,0.0,0.0,0.0
37129,19.800732063443025,13974.903939793017,0.0,0.0,0.0,0.0,0.0
37130,19.857461647922534,14014.300679093527,0.0,0.0,0.0,0.0,0.0
37135,19.8340187846098,13905.507311320405,0.0,0.0,0.0,0.0,0.0
37138,19.954108175620956,14016.576588678867,0.0,0.0,0.0,0.0,0.0
37153,19.781449647921516,13884.27493228629,0.0,0.0,0.0,0.0,0.0
37167,19.85579899545074,14033.810801531592,0.0,0.0,0.0,0.0,0.0
37189,19.90299393191963,13963.899998454932,0.0,0.0,0.0,0.0,0.0
37191,19.675520653796777,14040.68975609273,0.0,0.0,0.0,0.0,0.0
37201,19.75398654351118,13617.8841535145,0.0,0.0,0.0,0.0,0.0
37203,19.905804076186513,13949.59933840935,0.0,0.0,0.0,0.0,0.0
37204,19.898614204393144,13914.466717072488,0.0,0.0,0.0,0.0,0.0
37205,19.909308654132808,13830.411488905258,0.0,0.0,0.0,0.0,0.0
37206,19.707275293856206,13795.784604868295,0.0,0.0,0.0,0.0,0.0
37207,19.790482393393685,13952.75095034368,0.0,0.0,0.0,0.0,0.0
37208,19.719424247063454,13848.515530762887,0.0,0.0,0.0,0.0,0.0
37209,19.903167644498073,14006.947064141681,0.0,0.0,0.0,0.0,0.0
37210,19.903122715666985,13960.128914818271,0.0,0.0,0.0,0.0,0.0
37211,19.902941322549,13969.772624658644,0.0,0.0,0.0,0.0,0.0
37212,19.841976670444765,13887.881136896998,0.0,0.0,0.0,0.0,0.0
37214,19.854287059491224,14036.487729168362,0.0,0.0,0.0,0.0,0.0
37215,19.903226434790888,13796.919892896542,0.0,0.0,0.0,0.0,0.0
37216,19.903870470355006,14046.287532023058,0.0,0.0,0.0,0.0,0.0
37217,19.740771207136234,13966.857359898644,0.0,0.0,0.0,0.0,0.0
37218,19.77440641058371,13909.514933431,0.0,0.0,0.0,0.0,0.0
37219,19.903489937072464,14082.272208000382,0.0,0.0,0.0,0.0,0.0
37220,19.873741613056513,13828.224178917735,0.0,0.0,0.0,0.0,0.0
37221,19.89215856597093,13974.85823050797,0.0,0.0,0.0,0.0,0.0
37228,19.90427405606659,13997.636813248131,0.0,0.0,0.0,0.0,0.0
37310,19.515308609510097,13896.427935768954,0.0,0.0,0.0,0.0,0.0
37311,19.516521145775116,13952.263080950097,0.0,0.0,0.0,0.0,0.0
37312,19.463756462874667,13925.065232197294,0.0,0.0,0.0,0.0,0.0
37323,19.516035517159654,13961.713830497081,0.0,0.0,0.0,0.0,0.0
37336,19.394257153820252,13883.956971201918,0.0,0.0,0.0,0.0,0.0
37341,19.722602737985657,14038.585125427158,0.0,0.0,0.0,0.0,0.0
37343,19.723186063241712,13959.0502145643,0.0,0.0,0.0,0.0,0.0
37350,19.7255190508076,13742.729201043472,0.0,0.0,0.0,0.0,0.0
37351,19.72645609443065,13893.350551731377,0.0,0.0,0.0,0.0,0.0
37353,19.515220785082878,13938.420811808224,0.0,0.0,0.0,0.0,0.0
37354,19.43574512990389,13943.311458148954,0.0,0.0,0.0,0.0,0.0
37355,19.757695905514776,14031.186817200554,0.0,0.0,0.0,0.0,0.0
37360,19.8004156443558,14042.831923854243,0.0,0.0,0.0,0.0,0.0
37363,19.723839473752403,13969.025629676331,0.0,0.0,0.0,0.0,0.0
37377,19.724946376429422,13884.860226155637,0.0,0.0,0.0,0.0,0.0
37379,19.723414309880628,13971.809368491698,0.0,0.0,0.0,0.0,0.0
37385,19.565306120054178,13969.900855794147,0.0,0.0,0.0,0.0,0.0
37388,19.75271693372096,14011.213726771719,0.0,0.0,0.0,0.0,0.0
37402,19.588546473317443,13828.177358845174,0.0,0.0,0.0,0.0,0.0
37403,19.723042248397448,13953.646495929044,0.0,0.0,0.0,0.0,0.0
37404,19.667753739601878,13984.180858475223,0.0,0.0,0.0,0.0,0.0
37405,19.725635278154876,13858.972069265646,0.0,0.0,0.0,0.0,0.0
37406,19.72479503400164,13928.2910778149,0.0,0.0,0.0,0.0,0.0
37407,19.60819273708798,13930.296551171958,0.0,0.0,0.0,0.0,0.0
37408,19.72517611972632,13945.835164896085,0.0,0.0,0.0,0.0,0.0
37409,19.722853278198084,14065.32312794285,0.0,0.0,0.0,0.0,0.0
37410,19.45495183632925,13701.940655311111,0.0,0.0,0.0,0.0,0.0
37411,19.64939507045917,13946.088905143015,0.0,0.0,0.0,0.0,0.0
37412,19.723904734278914,14043.819890490824,0.0,0.0,0.0,0.0,0.0
37415,19.666209737403644,13979.492084158428,0.0,0.0,0.0,0.0,0.0
37416,19.724033639615488,14019.866719107607,0.0,0.0,0.0,0.0,0.0
37419,19.604705258581866,13886.351527677161,0.0,0.0,0.0,0.0,0.0
37421,19.667662343766867,13953.523933902177,0.0,0.0,0.0,0.0,0.0
37601,19.75502710808889,13899.330268981545,0.0,0.0,0.0,0.0,0.0
37604,19.75525287407651,13884.64816028511,0.0,0.0,0.0,0.0,0.0
37615,19.82284142911778,14024.347563512736,0.0,0.0,0.0,0.0,0.0
37617,19.559662266315875,13932.36664189792,0.0,0.0,0.0,0.0,0.0
37618,19.556923784582054,13958.503509877619,0.0,0.0,0.0,0.0,0.0
37642,22.048136059933523,14368.285018515955,0.0,0.0,0.0,0.0,0.0
37643,20.016860835179955,14034.71943927786,0.0,0.0,0.0,0.0,0.0
37645,22.048517931673537,14378.067820915707,0.0,0.0,0.0,0.0,0.0
37658,20.054585214637918,14023.059251845696,0.0,0.0,0.0,0.0,0.0
37659,19.7649888228014,14012.40792272064,0.0,0.0,0.0,0.0,0.0
37660,22.080103346625137,14340.526044800878,0.0,0.0,0.0,0.0,0.0
37663,19.56877440971368,13971.602038859402,0.0,0.0,0.0,0.0,0.0
37664,19.560393316149344,13952.583384161993,0.0,0.0,0.0,0.0,0.0
37665,19.627581164115952,14031.546312482085,0.0,0.0,0.0,0.0,0.0
37686,19.519987978441694,13863.623790754358,0.0,0.0,0.0,0.0,0.0
37692,20.42639911533695,14041.889534621529,0.0,0.0,0.0,0.0,0.0
37694,20.05619587480846,14013.641229448558,0.0,0.0,0.0,0.0,0.0
37701,19.449230662891136,13940.713595029833,0.0,0.0,0.0,0.0,0.0
37708,19.59890528773384,13935.705878993416,0.0,0.0,0.0,0.0,0.0
37710,19.717624502382744,13729.178607257207,0.0,0.0,0.0,0.0,0.0
37714,20.195396519349508,14081.02949154936,0.0,0.0,0.0,0.0,0.0
37716,20.05731337072166,14060.257644837808,0.0,0.0,0.0,0.0,0.0
37721,19.72218565607769,14035.439953669265,0.0,0.0,0.0,0.0,0.0
37737,19.52266333876065,13946.159317117133,0.0,0.0,0.0,0.0,0.0
37738,19.67683100614663,13996.429884263924,0.0,0.0,0.0,0.0,0.0
37742,19.58219735239692,13971.342412875276,0.0,0.0,0.0,0.0,0.0
37754,19.78127699060096,13964.857059907989,0.0,0.0,0.0,0.0,0.0
37769,20.05365808547245,14043.443278717165,0.0,0.0,0.0,0.0,0.0
37771,19.625588556878387,13916.919491110999,0.0,0.0,0.0,0.0,0.0
37772,19.63304588054708,13926.012857068103,0.0,0.0,0.0,0.0,0.0
37774,19.630091470557236,13943.216861946765,0.0,0.0,0.0,0.0,0.0
37777,19.516600396361092,13934.194933665496,0.0,0.0,0.0,0.0,0.0
37801,19.51583885344279,13973.900355499341,0.0,0.0,0.0,0.0,0.0
37803,19.51513194197105,13939.816216504934,0.0,0.0,0.0,0.0,0.0
37804,19.515285358669455,13962.750121987698,0.0,0.0,0.0,0.0,0.0
37806,19.723456880305935,14040.205583830753,0.0,0.0,0.0,0.0,0.0
37813,19.532410510814657,13865.99754772135,0.0,0.0,0.0,0.0,0.0
37814,19.529553618174656,13961.617189442595,0.0,0.0,0.0,0.0,0.0
37821,20.032436880204894,14025.578509568106,0.0,0.0,0.0,0.0,0.0
37830,20.055311913466188,14011.883779437887,0.0,0.0,0.0,0.0,0.0
37840,19.93719717049415,13988.56866397659,0.0,0.0,0.0,0.0,0.0
37846,19.51044163998461,13893.40863073489,0.0,0.0,0.0,0.0,0.0
37849,19.774336303335385,13989.93284528356,0.0,0.0,0.0,0.0,0.0
37853,19.521962347230474,13934.94298705392,0.0,0.0,0.0,0.0,0.0
37860,19.530044222301534,13958.061664976292,0.0,0.0,0.0,0.0,0.0
37861,19.508160076650316,13919.018023910687,0.0,0.0,0.0,0.0,0.0
37862,19.60580921391058,13968.90835079815,0.0,0.0,0.0,0.0,0.0
37863,19.674088421895238,13940.953628276102,0.0,0.0,0.0,0.0,0.0
37865,19.562211083963483,13958.204106405932,0.0,0.0,0.0,0.0,0.0
37871,19.660326210813267,13997.796741406792,0.0,0.0,0.0,0.0,0.0
37876,19.615823928802506,13962.356613799095,0.0,0.0,0.0,0.0,0.0
37877,19.48920947365312,14003.946314580347,0.0,0.0,0.0,0.0,0.0
37885,19.512558872219504,13968.655406053105,0.0,0.0,0.0,0.0,0.0
37886,19.51577209322086,13988.87475521345,0.0,0.0,0.0,0.0,0.0
37890,19.324055137079625,13941.174703706098,0.0,0.0,0.0,0.0,0.0
37902,19.46255229565026,13715.572046542928,0.0,0.0,0.0,0.0,0.0
37909,19.722382216622073,13997.679793492101,0.0,0.0,0.0,0.0,0.0
37912,19.725963473384756,13992.834612243252,0.0,0.0,0.0,0.0,0.0
37914,19.662324300545055,13983.944728498416,0.0,0.0,0.0,0.0,0.0
37915,19.316354421804476,13548.857455486874,0.0,0.0,0.0,0.0,0.0
37916,19.410984546356055,13608.874874103234,0.0,0.0,0.0,0.0,0.0
37917,19.72309918257378,14005.302403466543,0.0,0.0,0.0,0.0,0.0
37918,19.659714837059983,13967.19407216837,0.0,0.0,0.0,0.0,0.0
37919,19.725975137185337,13932.103609304299,0.0,0.0,0.0,0.0,0.0
37920,19.549679928818197,13903.05814645788,0.0,0.0,0.0,0.0,0.0
37921,19.651364853697316,13898.792262428231,0.0,0.0,0.0,0.0,0.0
37922,19.68908418945213,13862.265236677906,0.0,0.0,0.0,0.0,0.0
37923,19.6728575642201,13987.14503258587,0.0,0.0,0.0,0.0,0.0
37924,19.726120090204805,14037.267708531128,0.0,0.0,0.0,0.0,0.0
37931,19.735572059174228,13998.276593247183,0.0,0.0,0.0,0.0,0.0
37932,19.71885721550923,13918.76018045548,0.0,0.0,0.0,0.0,0.0
37934,19.72302603753097,13875.139871327097,0.0,0.0,0.0,0.0,0.0
37938,19.685048048698068,13971.459334908535,0.0,0.0,0.0,0.0,0.0
38002,20.48863200132442,14024.905762622519,0.0,0.0,0.0,0.0,0.0
38016,20.493881663859778,14145.686462029222,0.0,0.0,0.0,0.0,0.0
38017,20.486231555417525,14017.721954677107,0.0,0.0,0.0,0.0,0.0
38018,20.43008764500462,14099.795941668794,0.0,0.0,0.0,0.0,0.0
38028,20.48417309497276,13903.195671182208,0.0,0.0,0.0,0.0,0.0
38053,20.490749959387465,14100.051867953845,0.0,0.0,0.0,0.0,0.0
38103,20.495663139219126,14038.914285582581,0.0,0.0,0.0,0.0,0.0
38104,20.34983780506667,13967.62510296824,0.0,0.0,0.0,0.0,0.0
38105,20.495889836573177,14015.459580876863,0.0,0.0,0.0,0.0,0.0
38106,20.34348671220492,13986.148653805043,0.0,0.0,0.0,0.0,0.0
38107,20.271724631820735,13946.351969369154,0.0,0.0,0.0,0.0,0.0
38108,20.412409373784264,13960.369691765676,0.0,0.0,0.0,0.0,0.0
38109,20.420733938775633,14071.081146057959,0.0,0.0,0.0,0.0,0.0
38111,20.493732333592202,14018.418731633466,0.0,0.0,0.0,0.0,0.0
38112,20.41367672468679,13940.581157673449,0.0,0.0,0.0,0.0,0.0
38114,20.4961048083296,14004.243667960778,0.0,0.0,0.0,0.0,0.0
38115,20.494331399892577,14049.624056493241,0.0,0.0,0.0,0.0,0.0
38116,20.493881283958434,14086.850830033902,0.0,0.0,0.0,0.0,0.0
38117,20.490748382956255,14077.176380339202,0.0,0.0,0.0,0.0,0.0
38118,20.49459521915881,14066.80319585502,0.0,0.0,0.0,0.0,0.0
38119,20.49541588393381,14087.778701462861,0.0,0.0,0.0,0.0,0.0
38120,20.492933942547413,13983.829984163347,0.0,0.0,0.0,0.0,0.0
38122,20.492384365985206,14077.349476342397,0.0,0.0,0.0,0.0,0.0
38125,20.494152211478863,14145.338229957957,0.0,0.0,0.0,0.0,0.0
38126,20.33968872372494,13882.529976725777,0.0,0.0,0.0,0.0,0.0
38127,20.493734070842393,14071.1059456985,0.0,0.0,0.0,0.0,0.0
38128,20.494555855209775,14071.231656399324,0.0,0.0,0.0,0.0,0.0
38133,20.490323318332674,14157.521873083399,0.0,0.0,0.0,0.0,0.0
38134,20.492364868380772,14142.884289636897,0.0,0.0,0.0,0.0,0.0
38135,20.492811144320257,14107.56399644079,0.0,0.0,0.0,0.0,0.0
38138,20.494558247995165,14009.546774910292,0.0,0.0,0.0,0.0,0.0
38139,20.484081050188298,13907.92882156552,0.0,0.0,0.0,0.0,0.0
38141,20.492565774998713,14182.662895128915,0.0,0.0,0.0,0.0,0.0
38301,19.381535839592246,13859.566043880328,0.0,0.0,0.0,0.0,0.0
38305,19.50038049530281,13946.660791654038,0.0,0.0,0.0,0.0,0.0
38343,19.50178441262243,13969.987714859879,0.0,0.0,0.0,0.0,0.0
38355,19.497630062927033,13965.809235873792,0.0,0.0,0.0,0.0,0.0
38356,19.498229270800177,13984.773942057784,0.0,0.0,0.0,0.0,0.0
38362,19.499460789490048,14000.120789794673,0.0,0.0,0.0,0.0,0.0
38401,19.643970962212403,13975.297744792108,0.0,0.0,0.0,0.0,0.0
38501,19.901607769535875,14006.54727344558,0.0,0.0,0.0,0.0,0.0
38506,19.852509934970577,14022.377141078887,0.0,0.0,0.0,0.0,0.0
75001,16.033282746091206,12761.644541473162,0.0,0.0,0.017,0.069,0.928
75002,15.945073753108154,12703.941250449712,0.0,0.005,0.009,0.098,0.916
75006,16.124717799051886,12879.580443181336,0.0,0.0,0.007,0.052,0.938
75007,15.908938014538744,12721.777137187497,0.0,0.0,0.009,0.088,0.927
75010,15.936460261095158,12772.169265258695,0.0,0.0,0.0,0.079,0.924
75013,16.006215765192422,12617.319009288642,0.0,0.0,0.001,0.156,0.866
75019,16.128816410492778,12696.604912037616,0.0,0.0,0.002,0.124,0.875
75020,16.095617383858496,12896.893261698016,0.0,0.0,0.007,0.035,0.935
75021,16.01988149861032,12821.986278444721,0.0,0.006,0.017,0.036,0.943
75022,15.93240696584547,12567.671745808633,0.0,0.0,0.0,0.185,0.849
75023,16.00482957692978,12807.419929534328,0.0,0.0,0.004,0.073,0.931
75024,15.967598972649972,12689.485499852364,0.0,0.0,0.007,0.11,0.897
75025,15.937131637009264,12605.237544898784,0.0,0.006,0.01,0.14,0.891
75028,15.930603289602736,12638.773090097642,0.0,0.0,0.003,0.131,0.872
75032,16.23801004791575,12729.114041811306,0.0,0.0,0.001,0.124,0.856
75033,15.954333787308862,12571.015912657293,0.0,0.004,0.005,0.151,0.875
75034,15.8753523773683,12660.454962735614,0.0,0.004,0.01,0.105,0.914
75035,16.00679176130218,12662.952168986421,0.0,0.0,0.0,0.143,0.871
75038,16.12878484978079,12904.749919097208,0.0,0.0,0.0,0.046,0.935
75039,16.05419812442183,12743.611596094759,0.0,0.0,0.015,0.093,0.902
75040,16.12686654472537,12915.487338510928,0.0,0.0,0.005,0.04,0.94
75041,16.08707148581174,12868.105946618483,0.0,0.0,0.01,0.046,0.938
75042,16.08632303612287,12927.454474458384,0.0,0.0,0.003,0.028,0.958
75043,16.09088322360549,12890.186791109309,0.0,0.0,0.007,0.046,0.936
75044,16.127623315324904,12888.932735239212,0.0,0.0,0.002,0.054,0.93
75048,16.052621479047676,12711.87784201453,0.0,0.0,0.005,0.123,0.891
75050,15.992664489042546,12868.912241506461,0.0,0.003,0.008,0.029,0.97
75051,16.101388001284096,12927.267614325563,0.0,0.0,0.004,0.029,0.94
75052,16.02341810970227,12877.365864146715,0.0,0.0,0.0,0.047,0.937
75054,15.84399384141274,12623.636129348615,0.0,0.0,0.0,0.136,0.895
75056,15.933832919747227,12730.609768909288,0.0,0.0,0.003,0.097,0.915
75057,15.935586243948492,12844.503613318,0.0,0.0,0.003,0.047,0.958
75060,16.088402328480058,12895.336682308376,0.0,0.0,0.008,0.038,0.949
75061,16.130246928946736,12942.448558225065,0.0,0.0,0.003,0.03,0.95
75062,16.126998566723948,12947.596785382744,0.0,0.0,0.003,0.023,0.958
75063,16.12732769074393,12788.047266014806,0.0,0.0,0.0,0.1,0.891
75065,15.872071289001623,12745.149519091696,0.0,0.002,0.006,0.08,0.932
75067,15.88464227880117,12799.30110423953,0.0,0.0,0.011,0.049,0.953
75068,15.889730477289092,12682.134791408029,0.0,0.002,0.006,0.1,0.916
75069,15.91083246018644,12694.988485845948,0.0,0.0,0.021,0.086,0.918
75070,15.971601198540968,12729.001929334856,0.0,0.0,0.006,0.094,0.915
75074,15.928619706742118,12790.945965970066,0.0,0.0,0.01,0.057,0.938
75075,16.00593344172375,12805.864126315788,0.0,0.0,0.002,0.075,0.918
75076,16.082007886039047,12867.537789082959,0.0,0.0,0.009,0.045,0.936
75077,15.934133245257119,12724.957101070302,0.0,0.0,0.002,0.1,0.903
75080,16.01659599704907,12687.282681095745,0.0,0.0,0.022,0.109,0.901
75081,16.009476213866993,12769.714877670533,0.0,0.002,0.015,0.073,0.923
75082,16.020256583278652,12735.01975526367,0.0,0.0,0.0,0.109,0.889
75087,16.2367958391998,12824.608356809127,0.0,0.0,0.004,0.091,0.886
75088,16.10999620765488,12868.60920573185,0.0,0.0,0.008,0.052,0.914
75089,16.094126923367437,12802.16580307376,0.0,0.0,0.009,0.073,0.912
75090,16.130168331114092,12866.763257261291,0.0,0.0,0.01,0.049,0.934
75092,16.084987626474536,12862.573629763408,0.0,0.0,0.011,0.044,0.952
75093,15.95035386538313,12645.17114403983,0.0,0.0,0.004,0.139,0.886
75094,16.005948395058482,12732.052459260934,0.0,0.0,0.001,0.111,0.9
75098,15.991639255200433,12788.78761259711,0.0,0.0,0.003,0.071,0.922
75104,16.018059557868444,12767.734010904387,0.0,0.004,0.016,0.072,0.935
75115,16.052800268911472,12842.435549777381,0.0,0.0,0.012,0.052,0.936
75116,16.127105073987988,12899.44634190452,0.0,0.0,0.008,0.036,0.956
75125,16.061300316448737,12885.748911507264,0.0,0.0,0.011,0.037,0.95
75134,16.10963238420922,12945.61376495435,0.0,0.0,0.001,0.027,0.966
75137,16.126262643202384,12859.47075699759,0.0,0.0,0.011,0.058,0.925
75141,15.94820286795804,12709.79138305977,0.0,0.0,0.032,0.068,0.933
75146,16.08594845351329,12863.715257827293,0.0,0.0,0.013,0.05,0.932
75149,16.08109412917915,12893.5690022102,0.0,0.0,0.012,0.03,0.947
75150,16.128537098642806,12927.18345497691,0.0,0.0,0.004,0.027,0.951
75159,16.059367668607166,12842.856802274231,0.0,0.0,0.016,0.042,0.944
75172,16.08540652348783,12918.531982649038,0.0,0.0,0.006,0.028,0.962
75180,16.129746305356523,12952.369065372612,0.0,0.0,0.004,0.017,0.958
75181,16.12758338925115,12920.468751414053,0.0,0.0,0.002,0.038,0.945
75182,16.12788086834459,12666.610383956384,0.0,0.0,0.004,0.15,0.851
75201,16.12451781413581,12779.42352710523,0.0,0.0,0.0,0.095,0.896
75202,16.09483529165168,12799.780012023337,0.0,0.0,0.005,0.076,0.907
75203,16.017554133205635,12783.702243751653,0.0,0.0,0.023,0.056,0.929
75204,16.125996986625303,12784.957996174318,0.0,0.0,0.006,0.089,0.902
75205,16.05362397689745,12447.931975713425,0.0,0.0,0.011,0.224,0.831
75206,16.011199174526233,12676.531922511653,0.0,0.0,0.02,0.106,0.909
75207,16.076854733835408,12776.091556787183,0.0,0.0,0.02,0.077,0.921
75208,16.057259710689834,12741.103897630224,0.0,0.0,0.014,0.088,0.907
75209,16.106150914123944,12668.427276254892,0.0,0.0,0.003,0.145,0.875
75210,16.084368223385084,12825.989977452213,0.0,0.0,0.016,0.056,0.937
75211,15.952236617447236,12752.135427934465,0.0,0.003,0.025,0.051,0.951
75212,16.036429730416227,12719.60818654089,0.0,0.0,0.028,0.083,0.918
75214,16.124028205896916,12693.244396719481,0.0,0.0,0.0,0.135,0.872
75215,15.9667110660352,12724.182231029865,0.0,0.0,0.022,0.08,0.915
75216,15.882599760341742,12608.819364524537,0.0,0.0,0.045,0.091,0.926
75217,16.091127489371345,12885.220560794052,0.0,0.0,0.002,0.045,0.942
75218,16.12762609507036,12755.622013590537,0.0,0.0,0.0,0.11,0.883
75219,16.089795958438096,12756.695700918282,0.0,0.0,0.01,0.094,0.914
75220,16.128688127545665,12885.881103313992,0.0,0.0,0.001,0.052,0.931
75223,16.01251362473957,12735.409624171894,0.0,0.0,0.017,0.079,0.92
75224,16.081456376217297,12862.67558532212,0.0,0.0,0.01,0.044,0.951
75225,16.06823722732463,12475.094214460165,0.0,0.0,0.011,0.214,0.834
75226,15.99786828697401,12735.541730825318,0.0,0.0,0.032,0.055,0.934
75227,15.9827116907962,12788.493649474234,0.0,0.0,0.022,0.053,0.949
75228,16.04529593395303,12804.914800445207,0.0,0.0,0.023,0.055,0.938
75229,16.10442249979334,12728.865056790582,0.0,0.0,0.005,0.111,0.886
75230,16.09477272807417,12648.523003698507,0.0,0.0,0.009,0.146,0.884
75231,16.08561165233212,12853.635714434091,0.0,0.0,0.014,0.051,0.94
75232,16.091245306619214,12874.737109349879,0.0,0.0,0.005,0.045,0.941
75233,16.128469981139297,12953.202399291813,0.0,0.0,0.004,0.022,0.957
75234,16.108729397711144,12891.002049822622,0.0,0.0,0.0,0.051,0.938
75235,16.03833626704465,12758.077254179547,0.0,0.0,0.026,0.067,0.943
75236,16.126410801770096,12906.967611836593,0.0,0.0,0.006,0.041,0.949
75237,15.912210566182052,12672.13175811482,0.0,0.0,0.039,0.076,0.946
75238,16.129931169628016,12788.105763255287,0.0,0.0,0.007,0.091,0.9
75240,16.017866057170284,12761.733003701147,0.0,0.0,0.025,0.072,0.928
75241,16.054988255112892,12768.093565343272,0.0,0.0,0.024,0.067,0.932
75243,16.018012981769964,12757.967382767905,0.0,0.0,0.019,0.071,0.922
75244,16.13159602093445,12775.993850667423,0.0,0.0,0.001,0.101,0.899
75246,15.875369695067636,12583.23272076539,0.0,0.0,0.044,0.096,0.919
75247,15.883931517679493,12561.426817466943,0.0,0.0,0.052,0.097,0.911
75248,16.050600382572625,12705.729236426785,0.0,0.0,0.012,0.106,0.9
75249,16.1270392201017,12971.606833134068,0.0,0.0,0.0,0.015,0.957
75251,16.07594739284132,12884.810688430774,0.0,0.003,0.01,0.03,0.926
75252,15.96253406179519,12713.300350357536,0.0,0.0,0.008,0.096,0.899
75253,16.040073743724975,12811.68602247233,0.0,0.0,0.021,0.054,0.952
75254,16.047606453021416,12805.791813985812,0.0,0.0,0.019,0.049,0.934
75287,15.866677763003798,12683.926796775513,0.0,0.0,0.027,0.074,0.938
75459,16.126150350701952,12888.828779988367,0.0,0.0,0.005,0.044,0.933
75501,17.939835705661245,13225.605282107153,0.0,0.0,0.019,0.07,0.529
75503,18.107519655963003,13344.564769007111,0.0,0.0,0.002,0.055,0.521
75569,18.10640135226711,13499.734769053784,0.0,0.0,0.001,0.001,0.518
75601,18.019302827326886,13350.844190517671,0.0,0.0,0.005,0.042,0.558
75602,17.90694031427756,13297.720252821091,0.0,0.0,0.011,0.047,0.546
75603,17.959227636097495,13317.579248050106,0.0,0.0,0.009,0.047,0.548
75604,17.978669241721217,13363.578687671166,0.0,0.0,0.005,0.037,0.536
75605,17.880063424128505,13268.109010709844,0.0,0.0,0.013,0.057,0.556
75640,17.804777386938408,13339.789195443618,0.0,0.0,0.008,0.027,0.587
75644,17.85354249211227,13334.754670458491,0.0,0.0,0.002,0.031,0.6
75645,17.85345524301305,13334.283718002664,0.0,0.0,0.0,0.041,0.586
75647,17.974066950882065,13343.549790128527,0.0,0.0,0.0,0.043,0.545
75650,17.994188740282617,13331.163107264772,0.0,0.0,0.001,0.048,0.558
75652,17.94517826936878,13278.73702265909,0.0,0.0,0.01,0.06,0.56
75662,17.904016158311087,13317.850359698128,0.0,0.0,0.012,0.035,0.542
75684,17.856481633302646,13290.98427386447,0.0,0.0,0.013,0.047,0.55
75693,17.917390609974472,13219.526083868064,0.0,0.0,0.004,0.078,0.569
75701,16.619267370233597,12939.659179040229,0.0,0.0,0.022,0.064,0.833
75702,16.589808272230705,12976.271665386446,0.0,0.0,0.022,0.042,0.884
75703,16.59745954874699,12941.772127543125,0.0,0.0,0.009,0.075,0.857
75704,16.62571941812057,13041.471259138905,0.0,0.0,0.008,0.034,0.871
75705,17.703336856199343,13076.16844235412,0.0,0.0,0.034,0.088,0.61
75706,17.779560565844893,13313.53744935108,0.0,0.0,0.0,0.032,0.583
75707,16.628462408486595,13042.9717357648,0.0,0.0,0.003,0.045,0.852
75708,17.81968739862187,13392.731528650569,0.0,0.0,0.003,0.014,0.576
75709,16.644581353836536,13083.869256467577,0.0,0.0,0.001,0.025,0.857
75751,16.506971723770683,12893.769361233277,0.0,0.0,0.019,0.067,0.87
75752,16.45314303709935,12886.93158777615,0.0,0.004,0.025,0.049,0.887
75755,17.853191465587038,13384.430685732097,0.0,0.0,0.0,0.018,0.588
75757,16.62173957781429,12991.59514329182,0.0,0.0,0.009,0.06,0.85
75758,16.529847120133674,12999.128450164188,0.0,0.0,0.012,0.035,0.866
75762,16.668670666273652,13001.685767328134,0.0,0.0,0.001,0.068,0.84
75771,17.870040099223893,13323.908530604504,0.0,0.0,0.001,0.041,0.594
75789,17.824127863791247,13356.523108135554,0.0,0.0,0.003,0.027,0.581
75791,16.583761405819633,12959.661837679563,0.0,0.0,0.012,0.054,0.848
75792,17.86700023573564,13299.644827963606,0.0,0.0,0.0,0.052,0.579
75901,17.25403029697921,13143.122400403865,0.0,0.0,0.012,0.052,0.726
75904,17.294885671605744,13204.617290875669,0.0,0.0,0.01,0.031,0.724
75941,17.21442269047499,13100.127087574798,0.0,0.0,0.019,0.054,0.733
75949,17.216037080269793,13149.824338932822,0.0,0.0,0.017,0.042,0.724
75961,18.05374471748151,13252.077758009807,0.0,0.0,0.019,0.068,0.506
75964,16.90819381474213,13044.389728758808,0.0,0.0,0.017,0.044,0.815
75965,18.145564632516987,13331.390129103907,0.0,0.0,0.004,0.056,0.52
75969,17.30421388835707,13249.120488687802,0.0,0.0,0.007,0.02,0.738
76001,15.84360496526277,12744.5734256048,0.0,0.0,0.001,0.079,0.93
76002,15.833761235070808,12786.917353087283,0.0,0.0,0.004,0.057,0.951
76005,15.839270229824931,12517.404607856566,0.0,0.0,0.0,0.18,0.859
76006,15.842397027324608,12861.752105359801,0.0,0.0,0.0,0.03,0.969
76008,15.842331325193904,12594.004853580613,0.0,0.0,0.001,0.144,0.886
76010,15.735262931297738,12746.246647148548,0.0,0.0,0.014,0.056,0.962
76011,15.794642033441807,12801.730860139174,0.0,0.0,0.013,0.032,0.957
76012,15.840205045692255,12776.553425639437,0.0,0.0,0.01,0.06,0.931
76013,15.757988924663042,12669.447487701242,0.0,0.0,0.023,0.072,0.948
76014,15.754705691950235,12783.315549136047,0.0,0.004,0.014,0.034,0.96
76015,15.808178072476094,12828.483059768269,0.0,0.0,0.001,0.039,0.958
76016,15.839673346314235,12794.490168529857,0.0,0.0,0.0,0.056,0.946
76017,15.837663969947025,12771.726266243024,0.0,0.0,0.002,0.068,0.948
76018,15.820164763243689,12854.5825544744,0.0,0.0,0.003,0.03,0.966
76021,15.8005902305453,12747.746257929704,0.0,0.0,0.012,0.057,0.939
76022,15.841125444668814,12868.838491174234,0.0,0.0,0.001,0.024,0.971
76034,15.84356905534703,12482.22169373509,0.0,0.0,0.0,0.198,0.838
76036,15.839625778683388,12813.99383136005,0.0,0.0,0.0,0.055,0.934
76039,15.841753445055973,12821.726789792012,0.0,0.0,0.0,0.047,0.954
76040,15.79832001058595,12812.729973534453,0.0,0.0,0.004,0.045,0.958
76051,15.836669783700719,12719.325096693181,0.0,0.0,0.0,0.09,0.919
76052,15.816417121846362,12699.388407236554,0.0,0.0,0.004,0.092,0.923
76053,15.774362975732382,12760.754710269586,0.0,0.0,0.013,0.05,0.96
76054,15.839449698864367,12761.480687442798,0.0,0.0,0.009,0.07,0.937
76060,15.806232113892717,12717.75538920713,0.0,0.0,0.005,0.083,0.915
76063,15.785389107490685,12654.65559111049,0.0,0.0,0.01,0.103,0.93
76071,15.78579823700403,12716.387855756602,0.0,0.0,0.008,0.082,0.939
76078,15.879434027039329,12837.88728089767,0.0,0.0,0.003,0.037,0.935
76092,15.81425882559423,12290.33522780735,0.0,0.001,0.004,0.28,0.795
76102,15.798485632862139,12663.772182775037,0.0,0.0,0.01,0.104,0.923
76103,15.794190474465521,12801.941341708922,0.0,0.0,0.011,0.04,0.956
76104,15.701526785151934,12675.534078519713,0.0,0.0,0.024,0.056,0.957
76105,15.703079142306237,12705.724128378417,0.0,0.0,0.023,0.057,0.951
76106,15.678242339528186,12665.120112431963,0.0,0.006,0.028,0.048,0.957
76107,15.760537829714837,12634.101482933373,0.0,0.0,0.016,0.104,0.932
76108,15.803294866938062,12780.335301698762,0.0,0.0,0.006,0.057,0.956
76109,15.758689621890328,12472.38771586698,0.0,0.0,0.024,0.157,0.888
76110,15.799960001095332,12745.347491777971,0.0,0.0,0.01,0.062,0.942
76111,15.8391519971954,12868.096953621876,0.0,0.0,0.003,0.021,0.969
76112,15.718289142955353,12710.48524444182,0.0,0.001,0.019,0.057,0.955
76114,15.806830986774273,12769.008223209552,0.0,0.0,0.011,0.057,0.952
76115,15.70680350889014,12680.815533331288,0.0,0.0,0.021,0.068,0.959
76116,15.70793520322722,12642.915011297306,0.0,0.0,0.028,0.078,0.947
76117,15.844031354130964,12848.014764618914,0.0,0.0,0.007,0.028,0.965
76118,15.771695453478175,12712.749955240226,0.0,0.004,0.013,0.058,0.95
76119,15.841728862389111,12809.77494544001,0.0,0.0,0.007,0.042,0.953
76120,15.841614156085198,12785.472282927145,0.0,0.0,0.007,0.057,0.951
76123,15.839024170107685,12823.533698983729,0.0,0.0,0.002,0.045,0.954
76126,15.837026750396536,12761.98144522268,0.0,0.0,0.001,0.076,0.929
76127,15.840879077038979,12935.52774192631,0.0,0.0,0.0,0.0,1.0
76131,15.840729580029429,12828.347192810717,0.0,0.0,0.001,0.046,0.95
76132,15.839724920799862,12766.298839645699,0.0,0.0,0.003,0.069,0.94
76133,15.801592121417697,12736.866423334624,0.0,0.0,0.021,0.057,0.959
76134,15.771598485587207,12788.459484360686,0.0,0.0,0.012,0.04,0.956
76135,15.840575138766182,12789.01035264285,0.0,0.0,0.009,0.052,0.936
76137,15.839851393376028,12822.72737134452,0.0,0.0,0.0,0.046,0.955
76140,15.840272482502474,12845.12984917481,0.0,0.0,0.008,0.027,0.965
76148,15.84210901690901,12809.079477327603,0.0,0.0,0.013,0.037,0.957
76155,15.853957336569849,12908.639865844689,0.0,0.0,0.0,0.014,0.973
76164,15.746721194141458,12797.156091561264,0.0,0.0,0.016,0.034,0.971
76177,15.818284891808995,12768.700921314847,0.0,0.0,0.007,0.058,0.953
76179,15.803156983148412,12743.08272932982,0.0,0.001,0.008,0.062,0.944
76180,15.80349159622479,12805.219673430669,0.0,0.0,0.005,0.041,0.957
76182,15.841187728578172,12714.544886921653,0.0,0.0,0.003,0.088,0.915
76205,15.934503491402007,12802.32703365025,0.0,0.0,0.003,0.063,0.944
76208,15.902581393983501,12677.310119276548,0.0,0.0,0.011,0.104,0.913
76210,15.937695028500343,12774.255559554982,0.0,0.0,0.004,0.078,0.936
76226,15.934634354665636,12613.337923416786,0.0,0.0,0.002,0.152,0.86
76240,15.946130931707014,12835.654275264162,0.0,0.0,0.004,0.048,0.945
76244,15.836448447208756,12731.653262634172,0.0,0.0,0.003,0.079,0.934
76248,15.837418242696298,12519.20798243518,0.0,0.0,0.009,0.174,0.858
76262,15.85771544972215,12584.698536063774,0.0,0.0,0.007,0.14,0.887
76301,15.195436635402588,12551.102479767424,0.0,0.0,0.027,0.057,0.958
76302,15.233270998136398,12547.798630519259,0.0,0.0,0.027,0.06,0.96
76305,15.313904514071295,12689.168303765353,0.0,0.0,0.012,0.029,0.969
76306,15.205848251553032,12544.95257860544,0.0,0.0,0.023,0.057,0.97
76308,15.170200050757483,12450.213426137007,0.0,0.008,0.029,0.07,0.964
76309,15.2667369295333,12613.246181661489,0.0,0.0,0.014,0.046,0.976
76310,15.308109677330908,12635.958608236642,0.0,0.0,0.006,0.053,0.971
76311,15.306208555267101,12768.223636858258,0.0,0.0,0.001,0.002,0.998
76354,15.264126785288969,12594.10619410303,0.0,0.0,0.021,0.049,0.976
76367,15.186266020794738,12553.42982101608,0.0,0.004,0.02,0.052,0.979
76401,15.407336444437966,12516.59331112763,0.0,0.0,0.036,0.089,0.955
76501,15.87057887405096,12816.860789311013,0.0,0.0,0.013,0.042,0.942
76502,15.855498105835569,12783.563294916341,0.0,0.001,0.016,0.045,0.951
76504,15.83380187623865,12739.697345873023,0.0,0.0,0.022,0.059,0.945
76513,15.92263956543737,12751.877959335601,0.0,0.0,0.001,0.074,0.928
76522,15.803267448071196,12839.306708566162,0.0,0.0,0.008,0.03,0.966
76539,15.805148333454463,12812.304258259384,0.0,0.0,0.008,0.038,0.968
76541,15.771574438393879,12687.4246660606,0.0,0.0,0.031,0.065,0.951
76542,15.849232016693625,12786.95145864968,0.0,0.002,0.012,0.048,0.95
76543,15.882322073002705,12837.06703664592,0.0,0.0,0.01,0.04,0.96
76544,15.83247828214083,12813.571015102321,0.0,0.0,0.014,0.039,0.964
76548,15.922866935320474,12840.866773456923,0.0,0.0,0.005,0.043,0.952
76549,15.882128235743865,12829.523726908094,0.0,0.0,0.013,0.036,0.953
76559,15.801541895939133,12732.386266790789,0.0,0.0,0.02,0.053,0.945
76574,16.204353585205457,12907.976050809011,0.0,0.0,0.014,0.041,0.932
76579,15.813161340862544,12737.31061194706,0.0,0.0,0.021,0.057,0.929
76630,16.142677513684383,12963.610200066058,0.0,0.0,0.0,0.02,0.943
76633,16.138892172124258,12853.194540410139,0.0,0.0,0.002,0.067,0.903
76640,15.927102570504282,12617.460795383548,0.0,0.0,0.041,0.091,0.946
76643,16.101159745675304,12919.952257153232,0.0,0.0,0.008,0.032,0.951
76655,16.07139387369062,12783.143436098393,0.0,0.0,0.013,0.071,0.93
76657,16.08040241593349,12809.208861702282,0.0,0.0,0.009,0.071,0.922
76691,16.113095476022718,12818.549104468852,0.0,0.0,0.005,0.076,0.926
76701,15.89059650693902,12498.942811818773,0.0,0.0,0.052,0.144,0.864
76704,15.921089210325434,12568.419098513801,0.0,0.0,0.037,0.121,0.911
76705,16.020477915439223,12802.616779078895,0.0,0.0,0.02,0.057,0.95
76706,15.844393197944683,12510.55586034399,0.0,0.0,0.053,0.118,0.917
76707,16.05355220351408,12785.929841169396,0.0,0.0,0.024,0.059,0.925
76708,16.0603083251297,12836.705169222016,0.0,0.0,0.015,0.046,0.941
76710,16.097009505326184,12851.54512140469,0.0,0.0,0.007,0.058,0.943
76711,16.0706273375158,12922.845823368123,0.0,0.001,0.012,0.019,0.964
76712,16.1099454018202,12791.461677843354,0.0,0.0,0.008,0.075,0.918
76901,14.654410313376507,12393.14883664368,0.0,0.004,0.019,0.048,0.979
76903,14.692356112344434,12461.181783901808,0.0,0.0,0.01,0.043,0.983
76904,14.638147364451036,12355.25239023948,0.0,0.004,0.022,0.058,0.976
76905,14.671635596663894,12440.49076641786,0.0,0.0,0.013,0.046,0.981
77002,17.082232335459086,13036.195770216982,0.0,0.0,0.0,0.079,0.752
77003,16.99153987049277,12946.340776386807,0.0,0.0,0.017,0.094,0.773
77004,16.949208265178218,12877.758974355984,0.0,0.0,0.019,0.123,0.765
77005,17.08310994123137,12742.84962328616,0.0,0.0,0.004,0.195,0.704
77006,16.93995896745722,12860.570992460514,0.0,0.003,0.018,0.115,0.759
77007,17.043890451430652,12925.479143325307,0.0,0.0,0.005,0.126,0.739
77008,17.008370118174753,12847.151925531012,0.0,0.0,0.012,0.143,0.745
77009,16.983416201958413,12951.515550544489,0.0,0.0,0.018,0.095,0.765
77010,17.07949316574178,12813.007361998856,0.0,0.0,0.0,0.172,0.714
77011,16.99547790650991,13094.536476098565,0.0,0.0,0.004,0.051,0.801
77012,16.98693554079953,13093.78597212085,0.0,0.0,0.014,0.036,0.807
77013,17.02939455019429,13146.246853289533,0.0,0.0,0.011,0.027,0.794
77014,16.989848044298313,13046.643941507838,0.0,0.0,0.018,0.055,0.789
77015,17.045721871721824,13190.672159109397,0.0,0.0,0.0,0.025,0.798
77016,16.987299124598515,13078.74038552596,0.0,0.0,0.014,0.046,0.792
77017,16.985578939419575,13114.15225162911,0.0,0.0,0.015,0.033,0.792
77018,17.084198318461766,12965.548136640919,0.0,0.0,0.008,0.11,0.768
77019,17.045184627571555,12966.626450230222,0.0,0.0,0.006,0.108,0.735
77020,16.98374349963255,13040.579784284415,0.0,0.0,0.02,0.059,0.781
77021,16.808877104903907,12845.026368902727,0.0,0.0,0.036,0.1,0.794
77022,16.8731386406862,12963.573398538198,0.0,0.0,0.03,0.065,0.809
77023,17.035279056498286,13059.326434035529,0.0,0.0,0.009,0.063,0.805
77024,17.081253002685244,12892.767002618937,0.0,0.0,0.002,0.138,0.738
77025,17.083243490736155,12985.35070649137,0.0,0.0,0.005,0.101,0.742
77026,17.085142870100505,13083.120924846193,0.0,0.0,0.003,0.057,0.795
77027,17.080393511208342,13007.496082968366,0.0,0.0,0.004,0.095,0.753
77028,17.03901759622698,13063.450629289913,0.0,0.0,0.016,0.054,0.77
77029,17.047492537525923,13147.722535019135,0.0,0.0,0.0,0.034,0.805
77030,17.039590794074677,12941.469260115162,0.0,0.0,0.014,0.109,0.769
77031,17.022540746076267,13114.16930987643,0.0,0.0,0.003,0.045,0.815
77032,16.998604309931466,13047.302733568518,0.0,0.0,0.016,0.058,0.796
77033,17.003544212040612,13072.640616416746,0.0,0.0,0.003,0.057,0.789
77034,17.0819582443158,13159.07442085884,0.0,0.0,0.003,0.037,0.784
77035,16.903231819867504,12941.193177852705,0.0,0.0,0.025,0.079,0.792
77036,17.042913603982633,13121.655161730803,0.0,0.0,0.007,0.044,0.802
77037,17.081503270100672,13194.97213705015,0.0,0.0,0.004,0.019,0.789
77038,17.082724502684883,13164.018677289514,0.0,0.0,0.006,0.034,0.806
77039,17.08253551213084,13155.660093934339,0.0,0.0,0.01,0.03,0.805
77040,16.99040862426097,13072.657822506393,0.0,0.0,0.014,0.053,0.788
77041,17.03721195453311,12992.048317629411,0.0,0.0,0.01,0.087,0.758
77042,17.08622028165149,13102.591245268532,0.0,0.0,0.0,0.061,0.792
77043,17.005211187437894,13048.75516740304,0.0,0.0,0.01,0.072,0.783
77044,17.03192285888027,13045.235501523563,0.0,0.0,0.002,0.076,0.771
77045,16.954245861164996,13028.543033372747,0.0,0.0,0.025,0.059,0.78
77046,16.986649773473744,12981.004091346615,0.0,0.0,0.017,0.087,0.729
77047,17.035579982563032,13150.601148824631,0.0,0.0,0.005,0.039,0.774
77048,16.951449392171444,12951.199761823093,0.0,0.0,0.024,0.078,0.783
77049,17.019845453853044,13162.120904308178,0.0,0.005,0.008,0.018,0.808
77050,17.087914764324726,13178.858357388728,0.0,0.0,0.0,0.023,0.779
77051,16.960274138894466,13034.203354888676,0.0,0.0,0.018,0.06,0.802
77053,16.94170811651063,13090.66473163868,0.0,0.0,0.012,0.045,0.809
77054,16.99880277424202,13071.049030963275,0.0,0.0,0.007,0.058,0.797
77055,17.0313211194612,12986.703046371336,0.0,0.0,0.007,0.095,0.78
77056,17.000229442544523,12945.619135255038,0.0,0.0,0.013,0.1,0.753
77057,17.032991565719378,13055.316029612228,0.0,0.0,0.011,0.067,0.777
77058,17.081950633506,13143.212818145788,0.0,0.0,0.004,0.044,0.805
77059,17.080008565994227,12928.136188768256,0.0,0.0,0.003,0.135,0.731
77060,16.879495146205237,12983.597522058088,0.0,0.0,0.027,0.048,0.812
77061,17.011578472182816,13135.789843541914,0.0,0.0,0.009,0.034,0.794
77062,17.083954241072238,13066.633176252992,0.0,0.0,0.003,0.068,0.759
77063,16.98914552573098,13045.571795746557,0.0,0.0,0.018,0.056,0.793
77064,17.080799096775802,13139.76214535435,0.0,0.0,0.0,0.049,0.782
77065,17.004941671377704,13077.969457906154,0.0,0.0,0.012,0.049,0.784
77066,17.001219154405746,13129.50031972022,0.0,0.0,0.006,0.039,0.766
77067,17.082864184989432,13128.987876155448,0.0,0.0,0.005,0.049,0.777
77068,17.026703555770517,13100.756933924195,0.0,0.001,0.008,0.045,0.793
77069,16.98356723535774,13014.533892122561,0.0,0.0,0.014,0.076,0.772
77070,17.083739999863784,13173.130412214527,0.0,0.0,0.0,0.036,0.777
77071,17.082577420553736,13158.825407215507,0.0,0.0,0.0,0.039,0.802
77072,16.98694613435222,13063.033174688302,0.0,0.0,0.022,0.05,0.8
77073,17.031253291385372,13150.905124855319,0.0,0.0,0.011,0.027,0.786
77074,17.081644491694025,13185.737164029799,0.0,0.0,0.0,0.027,0.785
77075,17.006325770694595,13103.398077394091,0.0,0.0,0.014,0.044,0.792
77076,16.988738103433167,13081.841497375774,0.0,0.0,0.014,0.049,0.781
77077,17.07894724173601,13071.288766872329,0.0,0.0,0.004,0.07,0.779
77078,16.816677509497726,12863.85256558735,0.0,0.0,0.039,0.091,0.802
77079,17.084250055430314,12961.0145339633,0.0,0.0,0.007,0.111,0.754
77080,17.04211627171587,13118.667823783488,0.0,0.0,0.003,0.046,0.781
77081,17.039193823875337,13143.2752626266,0.0,0.0,0.007,0.037,0.817
77082,17.04245608064196,13081.233248305774,0.0,0.0,0.0,0.066,0.788
77083,16.99740440024689,13084.555200007646,0.0,0.0,0.013,0.047,0.787
77084,16.971930382515033,13106.850790545508,0.0,0.002,0.01,0.036,0.79
77085,17.03815008186754,13146.991054226697,0.0,0.0,0.005,0.033,0.789
77086,16.998872010656434,13052.602210999485,0.0,0.0,0.015,0.064,0.771
77087,17.026749961369788,13069.0324761341,0.0,0.0,0.014,0.053,0.781
77088,16.9710753691121,13057.330968258853,0.0,0.0,0.011,0.058,0.792
77089,17.082583586499858,13145.04394152268,0.0,0.0,0.003,0.045,0.768
77090,17.006550129343196,13126.171983229131,0.0,0.0,0.006,0.042,0.799
77091,16.879159529389277,12933.770622186039,0.0,0.0,0.026,0.075,0.777
77092,16.99828728868448,13039.038259175504,0.0,0.0,0.016,0.063,0.784
77093,16.992223032549656,13050.329267618215,0.0,0.0,0.016,0.059,0.805
77094,17.079563082347608,12878.231645103551,0.0,0.0,0.0,0.156,0.73
77095,17.039710300714443,13066.748070993044,0.0,0.0,0.006,0.061,0.769
77096,16.99645225336227,12965.737092978496,0.0,0.0,0.015,0.098,0.75
77098,17.078915528050807,13044.790547948434,0.0,0.0,0.0,0.086,0.747
77099,17.081265628611316,13113.01590801017,0.0,0.0,0.011,0.044,0.789
77301,17.513830631451516,13244.902227626257,0.0,0.0,0.008,0.037,0.673
77302,17.437388073299374,13058.507969382652,0.0,0.0,0.017,0.083,0.656
77303,17.530683432645688,13289.899937570943,0.0,0.0,0.0,0.027,0.673
77304,17.48786941491981,13194.684387918835,0.0,0.0,0.011,0.051,0.66
77306,17.56570417067395,13338.166358905015,0.0,0.0,0.0,0.016,0.651
77316,17.489444272627782,13086.576337761266,0.0,0.001,0.009,0.091,0.653
77318,17.566032818203833,13255.591336995878,0.0,0.0,0.001,0.043,0.644
77327,17.427948341991765,13105.933550381877,0.0,0.0,0.019,0.074,0.663
77328,17.479401636632755,13228.693366648136,0.0,0.003,0.01,0.034,0.651
77336,17.52393921578478,13126.328770270893,0.0,0.0,0.006,0.081,0.676
77338,17.401570335753117,13215.282354943487,0.0,0.0,0.015,0.036,0.675
77339,17.532316045551287,13235.148767886041,0.0,0.0,0.0,0.053,0.661
77345,17.036469601109665,12936.569551347933,0.0,0.002,0.004,0.126,0.743
77346,17.07892987225628,13074.659480433464,0.0,0.0,0.003,0.066,0.743
77354,17.56695199967185,13170.320194265169,0.0,0.0,0.0,0.079,0.645
77355,17.567942589668856,13199.405893564162,0.0,0.0,0.0,0.064,0.653
77356,17.515851623050978,13062.97318387868,0.0,0.0,0.012,0.099,0.658
77357,17.565448369753696,13294.273706683409,0.0,0.0,0.0,0.028,0.654
77358,17.43768658778647,13137.817071258787,0.0,0.0,0.016,0.062,0.675
77362,17.565556261999056,13182.313270645007,0.0,0.0,0.003,0.072,0.648
77363,17.381814475107912,13146.7713115499,0.0,0.0,0.013,0.053,0.674
77365,17.568345654391024,13179.625778341922,0.0,0.0,0.001,0.067,0.674
77372,17.56677078419184,13288.124712928096,0.0,0.0,0.001,0.033,0.656
77373,17.528321237821444,13310.33567802437,0.0,0.0,0.0,0.024,0.684
77375,17.47175711172364,13155.122277586508,0.0,0.0,0.007,0.064,0.651
77377,17.44712132787687,13085.637339136227,0.0,0.0,0.009,0.088,0.667
77378,17.493905501110937,13222.828396253191,0.0,0.0,0.006,0.051,0.673
77379,17.03144757972613,12983.312574700045,0.0,0.0,0.01,0.094,0.747
77380,17.520968752566162,13180.925630375654,0.0,0.0,0.007,0.058,0.65
77381,17.565561761923263,13053.311672106522,0.0,0.0,0.0,0.12,0.66
77382,17.4725027025459,12900.400933709896,0.0,0.0,0.015,0.148,0.654
77384,17.563637998545996,13172.87946898286,0.0,0.0,0.0,0.082,0.663
77385,17.566906341944637,13279.262219991131,0.0,0.0,0.0,0.037,0.656
77386,17.564879221815765,13136.787671093321,0.0,0.0,0.004,0.094,0.649
77388,16.99961049751265,13009.899836712408,0.0,0.0,0.015,0.066,0.771
77389,17.488065693493024,13060.688274451875,0.0,0.0,0.0,0.108,0.654
77396,17.045113795012597,13142.368780564386,0.0,0.0,0.004,0.039,0.781
77401,17.05737873041727,12757.552270567487,0.0,0.0,0.0,0.198,0.727
77406,17.05516835363186,12986.364161856078,0.0,0.0,0.002,0.102,0.759
77407,17.014298619453438,13056.244734402544,0.0,0.0,0.005,0.067,0.76
77429,17.00691024959936,12989.67264635793,0.0,0.005,0.008,0.083,0.751
77433,17.05383747616058,12992.195040288165,0.0,0.0,0.004,0.102,0.739
77441,17.495754740154148,13056.643859942275,0.0,0.0,0.0,0.111,0.658
77447,17.47937346645466,13147.710553246156,0.0,0.0,0.007,0.075,0.668
77449,17.08271947577844,13157.300851773054,0.0,0.0,0.0,0.037,0.772
77450,17.072676449558713,13078.283632419872,0.0,0.0,0.005,0.073,0.766
77459,17.05367148231923,13023.88243490437,0.0,0.0,0.001,0.092,0.75
77469,17.05495661838927,13132.265317111931,0.0,0.0,0.0,0.049,0.757
77471,16.9633919625578,13084.846896264571,0.0,0.0,0.014,0.043,0.787
77477,17.013574099298335,13129.153434681963,0.0,0.0,0.005,0.036,0.805
77478,17.010597252089493,13010.76856682056,0.0,0.0,0.004,0.095,0.762
77479,17.011578720178537,12919.582614703328,0.0,0.001,0.007,0.117,0.736
77489,17.019191166904744,13178.19068005528,0.0,0.0,0.003,0.022,0.792
77493,17.48789764104573,13197.918405545679,0.0,0.0,0.006,0.058,0.655
77494,17.498115457844975,13045.884615364119,0.0,0.0,0.002,0.113,0.665
77498,17.050854466114156,13082.045761601335,0.0,0.0,0.0,0.063,0.764
77502,17.04810562122303,13159.870790761082,0.0,0.0,0.005,0.032,0.789
77503,17.006103293182818,13135.530311769453,0.0,0.0,0.005,0.041,0.779
77504,17.04685538694867,13179.058555129584,0.0,0.0,0.004,0.025,0.817
77505,17.042792055872567,13104.917977333378,0.0,0.0,0.008,0.053,0.785
77506,17.00383345651171,13156.097587280401,0.0,0.0,0.008,0.027,0.808
77507,16.88379129890626,12919.72571687692,0.0,0.0,0.031,0.084,0.781
77510,16.515156024437587,12972.448509011407,0.0,0.0,0.001,0.055,0.879
77511,16.55842314262999,13021.24284812356,0.0,0.0,0.004,0.041,0.873
77515,16.553248117507287,12971.173714016142,0.0,0.0,0.011,0.06,0.87
77517,16.513863247551765,13037.858645245853,0.0,0.0,0.0,0.035,0.886
77518,16.376376472093643,12875.45626789235,0.0,0.0,0.024,0.061,0.904
77520,17.38557475087483,13138.021061813464,0.0,0.0,0.019,0.056,0.688
77521,17.51401942708383,13264.43441638949,0.0,0.0,0.0,0.034,0.669
77523,17.352799155211567,13090.248686698702,0.0,0.0,0.006,0.083,0.709
77530,17.0831131106583,13201.755924692436,0.0,0.0,0.0,0.023,0.802
77531,16.60404009715948,13017.310234110202,0.0,0.0,0.002,0.049,0.875
77532,17.47917594566262,13233.73394298626,0.0,0.0,0.002,0.042,0.676
77534,16.601711150595516,12941.775318087388,0.0,0.0,0.0,0.084,0.842
77536,17.03984688533339,13144.555819576417,0.0,0.0,0.005,0.038,0.767
77539,16.47398580457681,12956.778557503636,0.0,0.0,0.005,0.054,0.883
77541,16.559096756882784,12991.83117094219,0.0,0.0,0.0,0.051,0.888
77545,17.053375133259216,13142.263563598826,0.0,0.0,0.0,0.045,0.762
77546,16.71927081310537,12942.570690972678,0.0,0.0,0.004,0.089,0.816
77547,17.007983977651435,13151.536928324704,0.0,0.001,0.009,0.026,0.805
77550,16.30526968107755,12706.301798802406,0.0,0.0,0.04,0.101,0.877
77551,16.470018316927977,12908.937338648271,0.0,0.0,0.019,0.064,0.875
77554,16.515516436261887,12861.082197144637,0.0,0.0,0.01,0.092,0.855
77562,17.042307575453048,13113.458084491323,0.0,0.0,0.005,0.053,0.772
77563,16.471658927379135,12944.703671232877,0.0,0.0,0.007,0.058,0.883
77564,17.569200079660465,13279.93164326316,0.0,0.0,0.0,0.036,0.671
77565,16.514607479376544,12878.416261673447,0.0,0.0,0.007,0.088,0.873
77566,16.601241406372704,12998.584005084635,0.0,0.0,0.001,0.055,0.85
77568,16.46227887153545,12915.019171993737,0.0,0.0,0.013,0.065,0.877
77571,17.036264720443437,13096.53445936652,0.0,0.0,0.008,0.051,0.765
77573,16.512529393800857,12857.673140564164,0.0,0.0,0.001,0.105,0.849
77578,16.601589854339743,12978.49461102552,0.0,0.0,0.0,0.069,0.843
77581,16.657075221235843,12932.492951564735,0.0,0.0,0.004,0.081,0.82
77583,16.698275497184266,12946.026567393401,0.0,0.0,0.001,0.078,0.828
77584,16.61654243501678,12943.15397674648,0.0,0.0,0.004,0.078,0.844
77586,17.08363033483034,13052.063517319137,0.0,0.0,0.008,0.082,0.777
77587,17.024644777759924,13121.926994588317,0.0,0.0,0.012,0.039,0.792
77590,16.47007272944426,12995.746960041852,0.0,0.0,0.006,0.037,0.893
77591,16.35962138348399,12865.426849770734,0.0,0.0,0.022,0.059,0.884
77598,17.082680978194414,13190.685266621453,0.0,0.0,0.0,0.028,0.793
77611,17.563326734430593,13248.17751565143,0.0,0.0,0.0,0.05,0.654
77619,17.524685644682947,13295.18473324218,0.0,0.0,0.0,0.024,0.678
77625,17.55720887383267,13102.25998493943,0.0,0.0,0.022,0.076,0.611
77627,17.521685031203997,13256.729141797265,0.0,0.0,0.007,0.037,0.669
77630,17.46492793031862,13194.813061420762,0.0,0.0,0.004,0.049,0.678
77632,17.518145218130453,13189.197420624787,0.0,0.0,0.011,0.055,0.659
77640,17.428567172740987,13179.832767892098,0.0,0.0,0.008,0.049,0.673
77642,17.373825207745067,13082.479624084775,0.0,0.0,0.021,0.072,0.68
77651,17.478891070006725,13172.919485272998,0.0,0.0,0.006,0.064,0.666
77656,17.675656443447952,13289.147632771179,0.0,0.0,0.006,0.036,0.602
77657,17.666741327923166,13256.81880543052,0.0,0.0,0.008,0.045,0.622
77662,17.511364351968684,13202.261541808839,0.0,0.0,0.017,0.046,0.648
77701,17.430612498008056,13161.059536315568,0.0,0.0,0.013,0.057,0.671
77702,17.525217925617294,13312.775444819034,0.0,0.0,0.0,0.017,0.661
77703,17.278262035775512,12976.9474147973,0.0,0.0,0.035,0.093,0.688
77705,17.525384531942333,13238.87805417405,0.0,0.0,0.0,0.043,0.678
77706,17.478801231875828,13184.984179539508,0.0,0.0,0.004,0.067,0.678
77707,17.47466409914965,13239.674097073908,0.0,0.0,0.005,0.042,0.66
77708,17.47230244825043,13256.963852327941,0.0,0.0,0.011,0.028,0.683
77713,17.447166218281136,13166.785482044519,0.0,0.0,0.014,0.055,0.673
77801,17.080577136318443,12928.816893760617,0.0,0.0,0.026,0.1,0.763
77802,16.991166206379443,13036.341892112292,0.0,0.0,0.023,0.052,0.796
77803,17.031162740049716,13132.178056835271,0.0,0.0,0.012,0.038,0.789
77807,17.12709559021671,13037.951692751558,0.0,0.0,0.004,0.082,0.759
77808,17.082277076408243,13062.153441978107,0.0,0.0,0.008,0.068,0.76
77840,16.830548739606957,12788.438411140725,0.0,0.0,0.039,0.114,0.766
77845,17.029568991322893,12956.52206671631,0.0,0.0,0.016,0.096,0.746
77901,16.8103705651397,13059.353341694155,0.0,0.0,0.014,0.036,0.818
77904,16.909681767790552,13102.182817642348,0.0,0.0,0.0,0.046,0.808
77905,16.85912253530364,13066.945817646883,0.0,0.0,0.008,0.055,0.812
77968,16.93152198348674,13111.601302223153,0.0,0.0,0.0,0.047,0.822
78006,16.550870720644664,12884.60883973365,0.0,0.0,0.0,0.102,0.825
78015,16.550093581349593,12851.616227522329,0.0,0.0,0.0,0.123,0.811
78023,16.551380062822027,12926.653706739227,0.0,0.0,0.001,0.089,0.849
78026,16.448375990556602,12988.868371611814,0.0,0.0,0.005,0.041,0.889
78040,15.626241923476153,12624.830229878813,0.0,0.0,0.031,0.076,0.945
78041,15.711413698605883,12724.933048824902,0.0,0.0,0.007,0.067,0.949
78043,15.71431541494151,12789.20022693013,0.0,0.0,0.005,0.04,0.962
78045,15.713055585113398,12774.815714015298,0.0,0.0,0.002,0.052,0.962
78046,15.674988827978572,12778.27230061371,0.0,0.0,0.007,0.036,0.964
78064,16.40141596783917,12933.847290499049,0.0,0.0,0.011,0.054,0.891
78070,16.579538310828198,12889.719766108621,0.0,0.0,0.003,0.098,0.848
78073,16.505562735800833,12992.314885554058,0.0,0.0,0.011,0.038,0.895
78101,16.517242235281994,12943.866958408878,0.0,0.0,0.005,0.068,0.853
78108,16.62612320380721,13024.314376465214,0.0,0.0,0.0,0.048,0.833
78109,16.552599202452516,13058.80717631719,0.0,0.0,0.002,0.03,0.908
78112,16.469779226923936,12996.502295388054,0.0,0.0,0.011,0.035,0.919
78123,16.628899624105735,13006.223347835697,0.0,0.0,0.011,0.046,0.845
78124,16.631020055797446,12981.802805312305,0.0,0.0,0.003,0.063,0.849
78130,16.59515900260075,13035.144609693194,0.0,0.0,0.005,0.032,0.875
78132,16.534011539971925,12832.313841985237,0.0,0.0,0.007,0.108,0.825
78133,16.478894159705415,12894.084033242594,0.0,0.0,0.016,0.07,0.858
78148,16.5045943905459,12964.620922045237,0.0,0.0,0.009,0.045,0.889
78152,16.420216344253866,12782.231487998866,0.0,0.0,0.023,0.097,0.868
78154,16.57957328166748,13004.351836796026,0.0,0.0,0.0,0.05,0.868
78155,16.592028082344523,12992.366144409216,0.0,0.0,0.008,0.054,0.872
78201,16.456306542872372,12916.661785196864,0.0,0.0,0.026,0.053,0.885
78202,16.35105170894541,12744.221632611707,0.0,0.0,0.037,0.095,0.877
78203,16.2890983133924,12669.745742442214,0.0,0.0,0.043,0.107,0.884
78204,16.46838645237599,12912.321109724713,0.0,0.0,0.009,0.065,0.887
78205,16.556759637440123,13039.519039687544,0.0,0.0,0.001,0.04,0.858
78207,16.340540234283093,12775.485371473107,0.0,0.0,0.04,0.073,0.879
78208,16.17566080796843,12581.917472166118,0.0,0.0,0.058,0.111,0.872
78209,16.43882135364122,12793.5692522095,0.0,0.004,0.015,0.103,0.861
78210,16.437285243676502,12928.722277089711,0.0,0.0,0.013,0.058,0.888
78211,16.50983300709314,12979.73007209116,0.0,0.0,0.017,0.036,0.902
78212,16.46465142309484,12863.047405058078,0.0,0.0,0.014,0.088,0.88
78213,16.514853579953723,13030.632263492203,0.0,0.0,0.004,0.032,0.874
78214,16.498014853725522,12943.03629206357,0.0,0.0,0.019,0.045,0.896
78215,16.439059497273686,12819.14638345667,0.0,0.0,0.019,0.092,0.847
78216,16.466929652377978,12934.90348567061,0.0,0.0,0.014,0.054,0.883
78217,16.447704564655027,12975.918488221378,0.0,0.0,0.014,0.035,0.917
78218,16.50665969599554,12914.456116715945,0.0,0.0,0.013,0.063,0.885
78219,16.43989714278757,12954.942095800749,0.0,0.0,0.02,0.038,0.892
78220,16.378928683258913,12836.194406423245,0.0,0.0,0.025,0.072,0.902
78221,16.48463184986496,12984.93537444304,0.0,0.0,0.016,0.035,0.896
78222,16.390175443675226,12838.921549235682,0.0,0.0,0.024,0.068,0.896
78223,16.365054029404103,12789.065082958958,0.0,0.0,0.037,0.078,0.871
78224,16.553751821349156,13071.314095938063,0.0,0.0,0.002,0.02,0.893
78225,16.50633123838882,12984.037946726761,0.0,0.0,0.009,0.044,0.892
78226,16.51399754574023,13042.281036422137,0.0,0.0,0.004,0.027,0.875
78227,16.467173312903416,12966.326930663918,0.0,0.0,0.013,0.044,0.909
78228,16.421342907590432,12900.855802534888,0.0,0.0,0.024,0.05,0.895
78229,16.413326578845812,12834.465005286713,0.0,0.0,0.032,0.063,0.895
78230,16.514405707502867,12931.969904494774,0.0,0.0,0.01,0.064,0.871
78231,16.52746176910108,12973.129837800288,0.0,0.0,0.004,0.061,0.877
78232,16.508424300347407,12934.21152771321,0.0,0.0,0.014,0.057,0.857
78233,16.554173045474176,13047.492069922057,0.0,0.0,0.004,0.028,0.878
78234,16.552839841670476,13021.437016524485,0.0,0.0,0.0,0.046,0.881
78235,16.34817257156376,12830.613133123406,0.0,0.0,0.029,0.07,0.889
78236,16.50903749789243,12980.999181911566,0.0,0.0,0.004,0.053,0.907
78237,16.47498253638506,12966.387057763164,0.0,0.0,0.011,0.049,0.909
78238,16.42822477511241,12943.061758623688,0.0,0.0,0.02,0.045,0.904
78239,16.43231289729255,12885.248391488525,0.0,0.0,0.021,0.055,0.884
78240,16.508634532352772,12982.943142435228,0.0,0.0,0.005,0.05,0.888
78242,16.344089151062196,12834.44677747349,0.0,0.001,0.033,0.055,0.896
78244,16.553268361223658,13068.356754846447,0.0,0.0,0.002,0.023,0.902
78245,16.551808219660046,13065.009339473598,0.0,0.0,0.004,0.023,0.886
78247,16.515590263723663,12995.342433074733,0.0,0.0,0.005,0.042,0.887
78248,16.551197726629425,12882.288449771062,0.0,0.0,0.0,0.093,0.845
78249,16.45730832040602,12899.129679396656,0.0,0.0,0.018,0.068,0.889
78250,16.473751056480125,12959.952452134256,0.0,0.0,0.012,0.043,0.868
78251,16.552363370086894,13040.44133318197,0.0,0.0,0.002,0.031,0.891
78252,16.554992740621973,13083.193065090603,0.0,0.0,0.0,0.018,0.881
78253,16.51886531760591,12948.737534419808,0.0,0.0,0.006,0.059,0.876
78254,16.553992324102992,13021.322327910686,0.0,0.0,0.0,0.05,0.88
78255,16.54972091161186,12835.32662668816,0.0,0.0,0.0,0.126,0.812
78256,16.422335346350447,12773.224848595351,0.0,0.0,0.019,0.102,0.861
78257,16.50923746195339,12916.448701737963,0.0,0.0,0.004,0.071,0.869
78258,16.517844948037023,12885.216859419477,0.0,0.0,0.001,0.102,0.853
78259,16.508646596653204,12916.784006046586,0.0,0.004,0.006,0.071,0.862
78260,16.550199743910998,12881.010544621027,0.0,0.0,0.002,0.099,0.848
78261,16.51057466111538,12846.41903529254,0.0,0.0,0.013,0.09,0.833
78263,16.528289555989513,12929.696573532829,0.0,0.0,0.001,0.078,0.86
78264,16.31596599004418,12787.119792192307,0.0,0.011,0.032,0.055,0.893
78266,16.49350450749839,12779.8262402212,0.0,0.0,0.01,0.127,0.828
78336,16.007842097326897,12711.956043963219,0.0,0.0,0.029,0.076,0.933
78358,16.111856653252293,12789.728548211842,0.0,0.0,0.025,0.064,0.934
78359,16.104314442716266,12923.817481800865,0.0,0.001,0.009,0.026,0.966
78362,16.186763877193698,12961.375537586302,0.0,0.0,0.0,0.028,0.937
78370,16.06512310114302,12762.530860833895,0.0,0.0,0.023,0.075,0.904
78373,16.032203873134964,12895.59140789839,0.0,0.0,0.0,0.042,0.943
78374,16.160583994849006,12827.885198465234,0.0,0.0,0.001,0.074,0.906
78380,15.945444253826501,12710.787365048101,0.0,0.0,0.017,0.08,0.915
78382,16.21478971583938,12890.186559154812,0.0,0.0,0.004,0.058,0.916
78387,16.19000813268188,12769.99654767842,0.0,0.0,0.021,0.082,0.901
78390,16.101671063049917,12776.948767958133,0.0,0.0,0.023,0.069,0.925
78401,15.90427760289991,12712.675997683089,0.0,0.0,0.027,0.072,0.916
78402,15.951916426028696,12832.245171505876,0.0,0.0,0.019,0.031,0.966
78404,15.918269289177264,12718.898808203365,0.0,0.0,0.024,0.069,0.942
78405,15.987637615783854,12811.597980951363,0.0,0.0,0.021,0.04,0.935
78406,16.031222152151404,12989.961436987935,0.0,0.0,0.0,0.0,0.962
78407,15.988697435956336,12827.040849097964,0.0,0.0,0.012,0.048,0.94
78408,16.032389196519482,12910.271545518935,0.0,0.0,0.008,0.024,0.951
78409,15.875525095381304,12755.68935055331,0.0,0.004,0.022,0.045,0.941
78410,15.997170993538274,12841.954127084695,0.0,0.0,0.005,0.059,0.935
78411,15.984376230644681,12793.381604773444,0.0,0.0,0.011,0.06,0.937
78412,16.033267671207884,12822.534461441384,0.0,0.0,0.006,0.064,0.933
78413,15.995314806101412,12841.006883385786,0.0,0.0,0.012,0.045,0.944
78415,15.93047645281595,12754.457378088871,0.0,0.0,0.021,0.065,0.938
78416,15.938789244661558,12792.759790322167,0.0,0.0,0.017,0.056,0.942
78417,16.031859547875754,12937.260560088738,0.0,0.0,0.0,0.021,0.963
78501,16.00014818848322,12690.812658981951,0.0,0.0,0.037,0.076,0.922
78503,16.132867125862578,12762.809026574867,0.0,0.0,0.023,0.085,0.917
78504,16.16310278708344,12859.431638641152,0.0,0.0,0.01,0.062,0.921
78516,16.060983663450546,12765.003229863385,0.0,0.0,0.026,0.068,0.911
78520,16.723109550346802,12984.80777227673,0.0,0.0,0.013,0.057,0.831
78521,16.75949680822791,13008.486831168659,0.0,0.0,0.02,0.046,0.825
78526,16.76037978943982,13036.259470785815,0.0,0.0,0.012,0.05,0.806
78539,16.12311431987456,12782.033848763896,0.0,0.0,0.02,0.071,0.924
78541,16.08574647587228,12772.758199515485,0.0,0.0,0.033,0.061,0.919
78542,16.05935150383745,12818.08989076061,0.0,0.0,0.023,0.046,0.932
78572,16.16810763771862,12770.003118440613,0.0,0.0,0.023,0.076,0.918
78573,16.034986475032213,12770.85932528583,0.0,0.003,0.027,0.054,0.932
78574,16.134340757742955,12818.794594223342,0.0,0.0,0.023,0.054,0.92
78577,16.093102356064755,12782.5321004403,0.0,0.0,0.026,0.067,0.91
78589,16.14228780393148,12930.801863375216,0.0,0.0,0.009,0.026,0.945
78596,15.985258576232477,12683.017071686105,0.0,0.0,0.034,0.072,0.924
78602,16.610942364123282,12940.074769306557,0.0,0.0,0.013,0.068,0.849
78610,16.46055841704185,12878.467038112938,0.0,0.0,0.008,0.088,0.869
78613,16.258809887361114,12875.196606650878,0.0,0.0,0.0,0.077,0.893
78617,16.324544373655783,12975.795844191685,0.0,0.0,0.0,0.036,0.918
78623,16.50295499302128,12928.322308251845,0.0,0.0,0.009,0.069,0.863
78626,16.178814392102456,12858.43225070273,0.0,0.0,0.012,0.056,0.921
78628,16.22528463249781,12828.813761055435,0.0,0.0,0.005,0.09,0.887
78634,16.252807512757617,12947.639549233902,0.0,0.0,0.001,0.041,0.924
78641,16.25775116769592,12827.237382449312,0.0,0.0,0.0,0.099,0.888
78652,16.338048799181813,12831.538461265052,0.0,0.0,0.0,0.094,0.882
78653,16.32517331899263,12959.286179310366,0.0,0.0,0.001,0.045,0.918
78655,16.625487441775995,13077.021970653115,0.0,0.0,0.002,0.024,0.901
78660,16.285764689514643,12888.451869334944,0.0,0.0,0.011,0.06,0.906
78664,16.259299445035097,12928.314982904047,0.0,0.0,0.001,0.05,0.919
78665,16.20414543935165,12827.659413624264,0.0,0.0,0.006,0.086,0.898
78666,16.41569327052358,12869.671079018988,0.0,0.0,0.019,0.069,0.895
78681,16.216159546439968,12803.192074373628,0.0,0.0,0.007,0.091,0.895
78701,16.277186440959397,12695.966842389824,0.0,0.0,0.011,0.139,0.839
78702,16.238972538504182,12743.7636840365,0.0,0.0,0.018,0.103,0.872
78703,16.248754356866982,12654.221754830349,0.0,0.006,0.011,0.152,0.844
78704,16.283754262822054,12798.641573879302,0.0,0.0,0.007,0.101,0.89
78705,15.908162240292363,12305.383421973158,0.0,0.0,0.077,0.187,0.86
78717,16.25065075365689,12787.773270027477,0.0,0.0,0.0,0.121,0.862
78719,16.290515578011572,12932.481451750145,0.0,0.0,0.012,0.038,0.921
78721,16.290165918771777,12873.703729203344,0.0,0.0,0.002,0.075,0.89
78722,16.255018356084076,12758.13811520545,0.0,0.0,0.018,0.1,0.868
78723,16.247674764546968,12773.814164705727,0.0,0.0,0.018,0.089,0.885
78724,16.277989527179667,12886.636899100884,0.0,0.0,0.009,0.061,0.921
78725,16.285985397147343,12936.817298768308,0.0,0.001,0.005,0.04,0.9
78726,16.29291854969262,12788.626916061476,0.0,0.0,0.008,0.101,0.865
78727,16.324532826590577,12897.87257913666,0.0,0.0,0.002,0.061,0.904
78728,16.235666109205102,12862.550315850944,0.0,0.0,0.015,0.054,0.923
78729,16.21961137040987,12869.891658129156,0.0,0.0,0.011,0.058,0.918
78730,16.285268147620783,12658.40573674346,0.0,0.0,0.006,0.153,0.834
78731,16.32350679857529,12757.141376615926,0.0,0.0,0.007,0.123,0.869
78732,16.326225227024793,12669.189229230045,0.0,0.0,0.0,0.17,0.815
78733,16.327432719084573,12572.445182216967,0.0,0.0,0.0,0.191,0.804
78735,16.23402114753579,12707.208193071468,0.0,0.001,0.016,0.115,0.861
78736,16.320554456716387,12823.026524309475,0.0,0.0,0.003,0.097,0.88
78737,16.31111734309972,12718.265730539437,0.0,0.0,0.004,0.15,0.832
78738,16.32399625900767,12649.91185199785,0.0,0.0,0.0,0.169,0.842
78739,16.327807135274387,12569.946303112141,0.0,0.0,0.008,0.197,0.809
78741,16.327019073698754,12899.510043769784,0.0,0.0,0.009,0.058,0.9
78742,16.262003057486908,12946.39466029336,0.0,0.0,0.009,0.037,0.937
78744,16.242761961368924,12905.962902554846,0.0,0.001,0.013,0.04,0.915
78745,16.280001049040358,12898.911286662904,0.0,0.0,0.008,0.051,0.915
78746,16.262238401722946,12583.192287042768,0.0,0.0,0.011,0.186,0.815
78747,16.325271059836123,12957.847717560615,0.0,0.0,0.001,0.042,0.898
78748,16.32639465870998,12901.071403965538,0.0,0.0,0.001,0.063,0.907
78749,16.279949798782674,12764.816786626325,0.0,0.0,0.01,0.108,0.873
78750,16.266239711760345,12797.595609414235,0.0,0.0,0.004,0.102,0.876
78751,16.243628949949578,12800.64042115062,0.0,0.0,0.018,0.085,0.886
78752,16.27830304367857,12879.200080787363,0.0,0.0,0.015,0.063,0.896
78753,16.135490572975137,12749.126034043427,0.0,0.001,0.033,0.059,0.921
78754,16.239396940784292,12898.057215242648,0.0,0.001,0.011,0.051,0.924
78756,16.327482858563222,12800.349912447755,0.0,0.0,0.001,0.109,0.868
78757,16.3245684003219,12867.977280840707,0.0,0.0,0.005,0.078,0.879
78758,16.284027820277533,12838.62085926966,0.0,0.0,0.015,0.068,0.894
78759,16.323220193612773,12858.486253141946,0.0,0.0,0.0,0.089,0.886
79015,14.168595773121323,12088.932089579303,0.0,0.0,0.032,0.113,0.956
79101,14.229491567258362,12305.118724726537,0.0,0.0,0.019,0.036,0.985
79102,14.158208658091405,12106.088700962224,0.0,0.0,0.038,0.076,0.973
79103,14.221627946821597,12229.586441713329,0.0,0.0,0.026,0.066,0.975
79104,14.200529479632461,12246.157879339815,0.0,0.0,0.027,0.042,0.985
79106,14.2274777269074,12188.216607257897,0.0,0.0,0.027,0.072,0.971
79107,14.194113306529058,12243.34060353189,0.0,0.0,0.027,0.045,0.983
79108,14.233380946993694,12297.14266990987,0.0,0.0,0.017,0.037,0.987
79109,14.19066893907432,12241.45168743865,0.0,0.0,0.014,0.06,0.976
79110,14.241619259012985,12366.135167638611,0.0,0.0,0.006,0.024,0.99
79111,14.168654990283947,12210.551656326947,0.0,0.006,0.029,0.045,0.985
79118,14.199496715140361,12262.921908291362,0.0,0.0,0.015,0.052,0.976
79119,14.241105780873633,12220.922395574946,0.0,0.0,0.008,0.098,0.954
79121,14.183901265353171,12188.882046706456,0.0,0.003,0.024,0.072,0.973
79124,14.20339419245004,12097.188374084442,0.0,0.0,0.033,0.122,0.945
79363,14.212614756944776,12185.271799824024,0.0,0.0,0.022,0.089,0.958
79364,14.213140587279936,12336.269378407917,0.0,0.001,0.004,0.035,0.986
79382,14.215746418320078,12266.33901997149,0.0,0.0,0.013,0.064,0.965
79401,14.020557574019934,11701.107301115697,0.0,0.0,0.097,0.172,0.939
79403,14.141188422025891,12176.195419194628,0.0,0.0,0.028,0.075,0.974
79404,14.133922068686376,12123.945207698202,0.0,0.0,0.033,0.086,0.966
79407,14.091818878681057,12027.211247199197,0.0,0.01,0.04,0.094,0.964
79410,13.887833765549122,12083.159308237746,0.0,0.0,0.029,0.072,0.971
79411,14.099955554454707,12106.154578316697,0.0,0.0,0.045,0.075,0.97
79412,14.184467966295909,12337.82418284159,0.0,0.0,0.008,0.026,0.99
79413,14.215925781481651,12194.914745709066,0.0,0.0,0.03,0.072,0.971
79414,14.096610263382836,12187.463701190563,0.0,0.003,0.026,0.052,0.989
79415,14.103856808697548,12074.49183734422,0.0,0.005,0.045,0.071,0.973
79416,14.17490922682946,12178.71274266365,0.0,0.0,0.026,0.083,0.965
79423,14.179469170076025,12185.389874862902,0.0,0.0,0.018,0.08,0.965
79424,14.213292753069533,12201.548672192255,0.0,0.0,0.01,0.097,0.959
79504,14.84684636462278,12450.537848049473,0.0,0.0,0.019,0.054,0.975
79508,14.645630066890114,12521.339471823077,0.0,0.0,0.003,0.016,0.992
79510,14.87564772744949,12537.222776219145,0.0,0.0,0.012,0.036,0.986
79525,14.835819484336406,12452.73323855704,0.0,0.0,0.027,0.049,0.982
79536,14.646622982502384,12460.755940357421,0.0,0.0,0.005,0.043,0.977
79562,14.603697298879968,12375.393694475115,0.0,0.003,0.016,0.059,0.972
79563,14.604397696038276,12485.554731946844,0.0,0.0,0.009,0.019,0.99
79601,14.590845974607774,12296.43745973831,0.0,0.0,0.033,0.072,0.972
79602,14.548811401526093,12328.68601331864,0.0,0.009,0.018,0.066,0.97
79603,14.603016661462904,12426.345905056267,0.0,0.0,0.015,0.044,0.98
79605,14.646936610657496,12434.502653896183,0.0,0.0,0.013,0.04,0.975
79606,14.646444452481308,12401.360446286839,0.0,0.0,0.014,0.054,0.973
79607,14.616129493028124,12449.476041931688,0.0,0.001,0.013,0.032,0.986
79701,13.771752799986107,11959.560426574597,0.0,0.009,0.044,0.083,0.968
79703,13.862527158557514,12082.849823388913,0.0,0.004,0.024,0.067,0.969
79705,13.860073712405658,11994.546964797582,0.0,0.0,0.031,0.134,0.945
79706,13.85439489895585,12035.653233992087,0.0,0.0,0.022,0.099,0.957
79707,13.7702133355792,11775.094574660254,0.0,0.014,0.056,0.153,0.938
79758,13.8723154265804,11990.498356405104,0.0,0.0,0.034,0.14,0.938
79761,13.843743307960507,12096.983481772824,0.0,0.0,0.025,0.062,0.975
79762,13.81893629783348,12083.12149219972,0.0,0.0,0.026,0.073,0.978
79763,13.74485235602202,11972.19689066895,0.0,0.01,0.032,0.081,0.973
79764,13.748565337424433,11905.375920397235,0.0,0.009,0.04,0.11,0.963
79765,13.824044909021811,11998.036218570802,0.0,0.0,0.037,0.111,0.955
79766,13.845317411576506,12009.60718639657,0.0,0.004,0.033,0.104,0.958
79901,11.164351009743458,10270.647359034918,0.0,0.057,0.117,0.617,0.969
79902,11.3917127026495,10676.37085428412,0.0,0.022,0.091,0.617,0.97
79903,11.380876962100956,10783.22931251241,0.0,0.026,0.058,0.613,0.987
79904,11.464936410328592,10968.837886650954,0.0,0.004,0.044,0.6,0.982
79905,11.279206070199459,10556.56600559178,0.0,0.033,0.091,0.619,0.977
79906,11.468669003311113,11031.362910970525,0.0,0.006,0.029,0.6,0.987
79907,11.426287865518916,10953.15580581945,0.0,0.012,0.036,0.601,0.992
79908,11.490296235549096,11174.602774688632,0.0,0.0,0.008,0.601,0.998
79911,11.454026202887187,10922.259371381306,0.0,0.006,0.053,0.611,0.977
79912,11.430974411134596,10856.166375565694,0.0,0.01,0.062,0.608,0.973
79915,11.36106012397523,10786.265626087796,0.0,0.019,0.063,0.619,0.983
79922,11.476050974531534,10862.169032277081,0.0,0.0,0.07,0.608,0.971
79924,11.429435603096364,10996.366411095716,0.0,0.01,0.032,0.592,0.989
79925,11.447539836846847,10961.327743872806,0.0,0.004,0.047,0.611,0.985
79927,11.406769297475208,10946.764472722158,0.0,0.014,0.036,0.603,0.991
79928,11.440895821001655,10985.023614556814,0.0,0.006,0.039,0.6,0.986
79930,11.383007328352061,10880.177426758937,0.0,0.018,0.044,0.606,0.987
79932,11.404972277198672,10770.766904155174,0.0,0.017,0.076,0.624,0.973
79934,11.37436238522509,10789.594490822747,0.0,0.017,0.065,0.606,0.981
79935,11.449752585686042,10965.043215131815,0.0,0.007,0.042,0.601,0.982
79936,11.414684977853012,10909.697725382437,0.0,0.016,0.042,0.589,0.986
79938,11.441831670946634,10984.1769357569,0.0,0.007,0.042,0.619,0.988
84003,18.725464888300348,13446.29185235548,0.0,0.001,0.794,1.0,1.0
84004,18.762015494539455,13295.742613699227,0.0,0.0,0.762,0.999,1.002
84006,19.129045102996407,13669.44001177374,0.0,0.0,0.766,0.997,0.997
84009,19.64045709305108,13661.104486527194,0.0,0.0,0.629,1.0,1.0
84010,18.927258503227907,13508.887602196375,0.0,0.004,0.786,0.994,0.997
84014,18.911497628591686,13524.59894277196,0.0,0.003,0.769,0.998,0.999
84015,18.919989265629862,13599.183583124623,0.0,0.0,0.774,1.0,1.0
84020,19.12850048648325,13456.575365150587,0.0,0.0,0.739,0.998,0.999
84025,18.90716624531225,13515.762601031352,0.0,0.0,0.772,1.001,1.001
84037,18.918353712289623,13440.657249083053,0.0,0.0,0.76,0.999,1.0
84040,18.91211350927251,13519.187954662248,0.0,0.001,0.771,1.0,1.0
84041,18.922074896836662,13578.243910883837,0.0,0.0,0.781,0.997,0.999
84042,18.739721993976755,13457.681496213805,0.0,0.003,0.788,1.0,1.0
84043,18.73775202084164,13476.067129073508,0.0,0.0,0.791,0.999,1.0
84044,19.147531676699494,13663.581772902387,0.0,0.0,0.746,0.999,1.0
84045,18.728774556938358,13521.069785898511,0.0,0.003,0.823,0.999,0.999
84047,19.15125162819209,13611.153292303985,0.0,0.003,0.741,0.997,0.999
84054,18.93137937461057,13528.051048838528,0.0,0.0,0.774,0.998,0.999
84056,18.909078414884515,13648.033420376863,0.0,0.0,0.823,1.001,1.001
84057,18.739969495184685,13498.309666208976,0.0,0.009,0.828,0.999,0.999
84058,18.75138393800746,13541.23476352506,0.0,0.0,0.823,0.997,0.998
84062,18.72759161175088,13500.836261871009,0.0,0.001,0.814,0.999,1.0
84065,19.134463967983535,13527.630910162472,0.0,0.0,0.732,0.998,0.999
84067,18.87615000315888,13596.33066744541,0.0,0.0,0.789,0.999,1.0
84070,19.158693249447353,13608.69749619386,0.0,0.0,0.738,0.997,0.999
84075,18.913953667685053,13543.562849708705,0.0,0.0,0.76,1.0,1.0
84081,19.134606769172795,13617.587032196763,0.0,0.0,0.741,0.999,1.0
84084,19.135035886138443,13634.06584105961,0.0,0.002,0.752,0.998,0.999
84087,18.933125362555423,13478.922141760491,0.0,0.001,0.76,0.998,1.0
84088,19.134747062498967,13612.360449285485,0.0,0.001,0.724,1.0,1.0
84092,19.138829386592665,13434.273565177187,0.0,0.003,0.719,0.997,0.999
84093,19.1400345836242,13485.207511660661,0.0,0.0,0.717,0.998,0.999
84094,19.141895712714323,13602.184332568639,0.0,0.002,0.752,0.999,1.0
84095,19.14749378683191,13506.941173723344,0.0,0.003,0.71,0.998,1.0
84096,19.14215976644294,13587.877557979022,0.0,0.004,0.745,0.997,0.999
84097,18.738858407539162,13464.668564934924,0.0,0.006,0.809,1.0,1.001
84101,19.174236100577726,13558.581037280881,0.0,0.003,0.732,0.994,1.0
84102,19.206838935985367,13533.410264903509,0.0,0.0,0.743,0.996,1.001
84103,19.147027316439758,13528.967632951428,0.0,0.0,0.735,0.999,1.0
84104,19.136927206600813,13664.671874693047,0.0,0.0,0.762,0.999,1.001
84105,19.13994300161833,13528.958833035118,0.0,0.005,0.731,0.998,1.0
84106,19.158101106957176,13568.813301887605,0.0,0.0,0.728,0.999,1.0
84107,19.14530739369264,13606.606939181518,0.0,0.004,0.746,0.998,1.0
84108,19.153838368936103,13436.748121702216,0.0,0.0,0.71,0.997,1.001
84109,19.1305885561336,13529.223271164692,0.0,0.0,0.729,1.001,1.001
84111,19.164470759074394,13600.49868121669,0.0,0.0,0.752,0.998,1.001
84112,19.29428325239144,13425.546574608572,0.0,0.0,0.722,0.989,1.0
84115,19.16849352266921,13620.0272248497,0.0,0.0,0.775,0.995,0.998
84116,19.16985054413287,13590.952452941063,0.0,0.004,0.76,0.995,0.999
84117,19.155900915435918,13550.361316450262,0.0,0.0,0.743,0.998,1.001
84118,19.13893950955374,13664.366257518888,0.0,0.001,0.74,1.0,1.001
84119,19.15288252460145,13636.649756039285,0.0,0.0,0.746,0.999,1.002
84120,19.13357075723191,13649.530334247956,0.0,0.002,0.748,1.0,1.0
84121,19.144964441503355,13516.557422030828,0.0,0.0,0.739,0.999,1.001
84123,19.159055748100986,13627.835201389167,0.0,0.0,0.748,0.996,0.999
84124,19.143765919594458,13495.01894205773,0.0,0.0,0.717,0.998,1.0
84128,19.13494346324628,13654.780500203318,0.0,0.0,0.754,0.999,1.0
84129,19.14106329566148,13615.172730524782,0.0,0.0,0.747,0.999,1.0
84315,18.86813878496862,13575.429951715261,0.0,0.0,0.791,1.0,1.0
84318,19.667694451697614,13699.3034431807,0.0,0.0,0.624,0.998,1.0
84321,19.69653044325465,13735.669169045063,0.0,0.001,0.611,0.995,0.998
84326,19.671100344414562,13659.0366503957,0.0,0.0,0.624,0.998,0.999
84332,19.665523235889253,13720.627865302016,0.0,0.0,0.614,0.998,0.998
84335,19.68571247346002,13740.957186995895,0.0,0.001,0.603,0.998,1.0
84339,19.67922357898876,13680.584648809416,0.0,0.002,0.632,0.997,0.998
84340,19.042771674682857,13602.337760220167,0.0,0.0,0.75,1.0,1.001
84341,19.70727311659018,13713.28869135503,0.0,0.0,0.633,0.998,1.001
84401,18.896379862110596,13564.218045576145,0.0,0.0,0.798,0.998,1.001
84403,18.890467055100768,13513.448410873201,0.0,0.006,0.783,0.999,1.0
84404,18.876758499722573,13600.569049888021,0.0,0.0,0.794,1.0,1.001
84405,18.897117130629315,13559.077519066705,0.0,0.0,0.782,0.999,1.001
84414,18.8712057504902,13552.948531305368,0.0,0.0,0.79,1.002,1.002
84532,16.907091777842865,13073.235920757093,0.0,0.003,0.961,1.001,1.001
84535,16.349315834701876,13005.636575365694,0.0,0.0,0.988,1.0,1.001
84536,16.485545936032793,12610.93059982288,0.0,0.055,0.922,0.99,0.999
84601,18.739213465146037,13548.273504714756,0.0,0.0,0.841,0.998,0.999
84604,18.772630547634005,13457.601422359228,0.0,0.0,0.816,0.995,1.0
84606,18.752509866921596,13538.033564517564,0.0,0.002,0.831,0.998,1.0
84660,18.740253773981912,13526.652770669176,0.0,0.0,0.83,1.0,1.002
84663,18.732098643591893,13536.549107510864,0.0,0.0,0.817,0.999,1.0
84664,18.743817768998234,13394.470382376414,0.0,0.0,0.788,0.997,0.999
84720,17.596204161146975,13268.015369742672,0.0,0.002,0.959,0.996,0.999
84737,16.350993065645497,12968.876051842808,0.0,0.002,0.969,0.998,0.999
84738,16.347073838422464,12922.21639253233,0.0,0.005,0.969,0.999,1.001
84757,16.376253132495677,12894.722212162265,0.0,0.017,0.963,0.996,0.998
84758,17.127150373217077,13259.617958875682,0.0,0.0,0.995,1.002,1.002
84763,16.325002134238282,13061.89747165409,0.0,0.0,0.999,0.999,0.999
84764,17.201847508415852,13217.390624214699,0.0,0.0,0.973,0.999,0.999
84765,16.340617769097715,12950.55108622702,0.0,0.002,0.968,0.999,0.999
84767,16.326534297675348,12963.626310850856,0.0,0.0,0.97,1.0,1.0
84770,16.36510104504405,12948.486537581162,0.0,0.011,0.975,0.998,1.001
84775,17.031094279298376,13212.684645322577,0.0,0.002,0.987,1.002,1.002
84776,17.2099307371985,13249.209853467924,0.0,0.0,0.981,0.999,0.999
84779,16.344112354735188,13021.18317690179,0.0,0.004,0.986,1.0,1.0
84780,16.342067285220985,12921.041977570736,0.0,0.002,0.965,0.998,0.999
84790,16.35103170681294,12919.163703815728,0.0,0.007,0.966,1.001,1.002
20120,17.706261903471656,12896.528288320416,0.0,0.0,0.0,0.0,0.0
20121,17.756402482664154,13056.024559482925,0.0,0.0,0.0,0.0,0.0
20124,17.749328618068056,12719.990255035675,0.0,0.0,0.0,0.0,0.0
20147,17.642482914064924,12863.909206354778,0.0,0.0,0.0,0.0,0.0
20148,17.641100120748035,12711.31349698939,0.0,0.0,0.0,0.0,0.0
20151,17.75450100232192,12935.28221874875,0.0,0.0,0.0,0.0,0.0
20152,17.60598250744294,12771.735615205595,0.0,0.0,0.0,0.0,0.002
20164,17.640777238524027,12990.600193243185,0.0,0.0,0.0,0.0,0.0
20166,17.636928038027598,12946.95838729144,0.0,0.0,0.0,0.0,0.0
20170,17.735619151509884,12909.04199076925,0.0,0.0,0.0,0.0,0.0
20171,17.724806940748653,12889.615773364198,0.0,0.0,0.0,0.0,0.001
20190,17.703142609776524,12941.04079302799,0.0,0.0,0.0,0.0,0.0
20191,17.752100720985652,12984.496152089388,0.0,0.0,0.0,0.0,0.0
20194,17.697652484811066,12807.0675812411,0.0,0.0,0.0,0.0,0.0
22003,17.753785210939807,12970.130108418996,0.0,0.0,0.0,0.0,0.0
22015,17.754627106525515,12926.083356613242,0.0,0.0,0.0,0.0,0.0
22027,17.746108243393703,12617.010248557724,0.0,0.0,0.0,0.0,0.0
22030,17.696952160896785,12905.85154774505,0.0,0.0,0.0,0.0,0.0
22031,17.749784104941956,12956.383287641249,0.0,0.0,0.0,0.0,0.0
22032,17.70589522881591,12808.069215098962,0.0,0.0,0.0,0.0,0.0
22033,17.75160966038365,12977.338422558152,0.0,0.0,0.0,0.0,0.0
22039,17.75137898761617,12660.088393317716,0.0,0.0,0.0,0.0,0.0
22042,17.701337483054186,12929.530261467233,0.0,0.0,0.0,0.0,0.0
22043,17.701572037368706,12872.521553243221,0.0,0.0,0.0,0.0,0.0
22046,17.709080829966837,12845.505031389452,0.0,0.0,0.0,0.0,0.0
22066,17.754298056407603,12705.375334472106,0.0,0.0,0.0,0.001,0.001
22101,17.83512354904226,12733.672467297216,0.0,0.0,0.0,0.0,0.0
22102,17.75443664274318,12905.562201488123,0.0,0.0,0.0,0.0,0.0
22124,17.74991940573546,12789.842889257054,0.0,0.0,0.0,0.0,0.0
22150,17.751615067470766,13059.81509368488,0.0,0.0,0.0,0.0,0.0
22151,17.749826384779652,12998.42685369853,0.0,0.0,0.0,0.0,0.0
22152,17.755022461296317,13001.254257882065,0.0,0.0,0.0,0.0,0.0
22153,17.729531546292378,12868.345445165487,0.0,0.0,0.0,0.0,0.0
22180,17.719914882219285,12833.226006184095,0.0,0.0,0.0,0.0,0.001
22181,17.75283254649205,12793.796380623267,0.0,0.0,0.0,0.0,0.0
22182,17.751904056938983,12746.09470817034,0.0,0.0,0.0,0.0,0.0
22201,17.78528185499364,12864.062542468793,0.0,0.0,0.0,0.0,0.0
22202,17.83617728379483,12999.335899669617,0.0,0.0,0.0,0.0,0.0
22209,17.836933779603665,12976.857043784259,0.0,0.0,0.0,0.0,0.0
22314,17.83610754113314,12952.390465002993,0.0,0.0,0.0,0.0,0.0
22601,18.405405974478494,13256.473004157035,0.0,0.0,0.0,0.0,0.0
22602,18.416464010580956,13254.316251879756,0.0,0.0,0.0,0.0,0.0
22603,18.39318025115064,13262.802490739357,0.0,0.0,0.0,0.0,0.0
22620,18.47754245421126,13238.194363916251,0.0,0.0,0.0,0.0,0.0
22624,18.44687239208566,13222.496582298389,0.0,0.0,0.0,0.0,0.0
22630,20.19737103847677,13598.936641372455,0.0,0.0,0.0,0.0,0.0
22655,18.44640038725466,13282.70543678758,0.0,0.0,0.0,0.0,0.0
22656,18.44720194941957,13324.800000006851,0.0,0.0,0.0,0.0,0.0
22663,18.369757723406874,13152.509148240215,0.0,0.0,0.0,0.0,0.0
22801,17.788955315354233,13063.289598174404,0.0,0.0,0.0,0.0,0.0
22802,17.7819282149867,13137.650384679355,0.0,0.0,0.0,0.0,0.0
22812,17.812208281042945,13139.43241404341,0.0,0.0,0.0,0.0,0.0
22821,17.854720663752946,13218.050201956112,0.0,0.0,0.0,0.0,0.0
22827,17.85551354833727,13190.849633227603,0.0,0.0,0.0,0.0,0.0
22831,17.776669286628053,13184.039535969128,0.0,0.0,0.0,0.0,0.0
22832,17.855601332875356,13239.441704407785,0.0,0.0,0.0,0.0,0.0
22841,17.81085911458053,13166.719865600016,0.0,0.0,0.0,0.0,0.0
22846,17.85595618814667,13156.799204137515,0.0,0.0,0.0,0.0,0.0
22901,17.7793376385968,13058.870083376129,0.0,0.0,0.0,0.0,0.0
22902,18.33614731617606,13206.58114191095,0.0,0.0,0.0,0.0,0.0
22903,18.27265297094796,13066.4710163218,0.0,0.0,0.0,0.0,0.0
22911,17.768786677133964,13039.629506893105,0.0,0.0,0.0,0.0,0.0
22936,17.724754894025295,12950.324257006838,0.0,0.0,0.0,0.0,0.0
22939,17.75336501523076,13212.990948461886,0.0,0.0,0.0,0.0,0.0
22940,17.766861723863556,13082.460913943423,0.0,0.0,0.0,0.0,0.0
22947,17.769655300698904,12969.064059264685,0.0,0.0,0.0,0.0,0.0
22952,17.66611922606181,13095.379640357976,0.0,0.0,0.0,0.0,0.0
22980,17.735194273723536,13114.905213766515,0.0,0.0,0.0,0.0,0.0
23005,17.655082073071128,13036.895593625632,0.0,0.0,0.0,0.0,0.0
23030,18.09247375704401,13161.434492562079,0.0,0.0,0.0,0.0,0.0
23059,17.57089101339979,12794.64224093126,0.0,0.0,0.0,0.0,0.001
23060,17.602576733167695,13041.941727618549,0.0,0.0,0.0,0.0,0.0
23069,17.65599973448889,13115.848133463602,0.0,0.0,0.0,0.0,0.0
23075,17.561557707551934,13086.621845881487,0.0,0.0,0.0,0.0,0.0
23103,17.61926297487028,12886.40623763376,0.0,0.0,0.0,0.0,0.0
23111,17.652928933933353,13100.458055458337,0.0,0.0,0.0,0.0,0.0
23112,17.638733852771892,13030.972862137052,0.0,0.0,0.0,0.0,0.0
23113,17.62059149022738,12830.365679249717,0.0,0.0,0.0,0.0,0.002
23114,17.515117336989103,12889.703678740922,0.0,0.0,0.0,0.0,0.004
23116,17.65516842145935,13015.835871252299,0.0,0.0,0.0,0.0,0.0
23120,17.672078274015284,12951.970455719209,0.0,0.0,0.0,0.0,0.0
23146,17.650958878392235,12981.259016590087,0.0,0.0,0.0,0.0,0.0
23150,17.639270652410328,13131.943055125226,0.0,0.0,0.0,0.0,0.0
23219,17.687331637477115,13000.912996782607,0.0,0.0,0.0,0.0,0.0
23220,17.559116095420748,12887.884239240362,0.0,0.0,0.0,0.0,0.0
23221,17.69954676699147,12989.108804917432,0.0,0.0,0.0,0.0,0.0
23222,17.671760955390976,13075.962633306393,0.0,0.0,0.0,0.0,0.0
23223,17.628778106480492,13040.25676712255,0.0,0.0,0.0,0.0,0.0
23224,17.637997855446425,13074.808605485041,0.0,0.0,0.0,0.0,0.0
23225,17.58727059375159,12969.308961951794,0.0,0.0,0.0,0.0,0.0
23226,17.696271763658025,12929.683546617243,0.0,0.0,0.0,0.0,0.0
23227,17.599851975891443,13047.840274897977,0.0,0.0,0.0,0.0,0.0
23228,17.63801609695857,13126.382810978714,0.0,0.0,0.0,0.0,0.0
23229,17.63928296728758,12994.49084414994,0.0,0.0,0.0,0.0,0.0
23230,17.6022691878817,13054.552078119963,0.0,0.0,0.0,0.0,0.0
23231,17.55571538807717,13008.354893951238,0.0,0.0,0.0,0.0,0.0
23233,17.641165212603052,13013.520308251556,0.0,0.0,0.0,0.0,0.0
23234,17.64235591815292,13088.065440478296,0.0,0.0,0.0,0.0,0.0
23235,17.590008938037556,12998.705524682317,0.0,0.0,0.0,0.0,0.004
23236,17.624551975128043,13055.0557093775,0.0,0.0,0.0,0.0,0.0
23237,17.6693571155825,13163.643675422521,0.0,0.0,0.0,0.0,0.0
23238,17.644721538145763,13011.981804121699,0.0,0.0,0.0,0.0,0.0
23294,17.585033552880063,13054.208639287503,0.0,0.0,0.0,0.0,0.0
23314,19.77113790290569,13495.814244629124,0.0,0.0,0.0,0.0,0.0
23320,17.449637928470455,12976.351920468727,0.0,0.0,0.0,0.0,0.0
23321,17.536211538495454,13034.75520331925,0.0,0.0,0.0,0.0,0.0
23322,17.542686236964634,12930.19547358435,0.0,0.0,0.0,0.0,0.0
23323,17.539350080950985,13063.773757880139,0.0,0.0,0.0,0.0,0.0
23324,17.491293429044966,12976.246633736395,0.0,0.0,0.0,0.0,0.0
23325,17.505160246716265,13089.592312632694,0.0,0.0,0.0,0.0,0.0
23432,17.512407171547434,12925.776054419812,0.0,0.0,0.0,0.0,0.0
23433,17.514796220313546,12860.672342313293,0.0,0.0,0.0,0.0,0.0
23434,17.424802825738585,12946.651112304819,0.0,0.0,0.0,0.0,0.0
23435,17.510489413570916,13010.206068711497,0.0,0.0,0.0,0.0,0.0
23436,17.5133639829539,12768.724615747487,0.0,0.0,0.0,0.0,0.0
23451,17.468680109834523,12948.467528158893,0.0,0.0,0.0,0.0,0.0
23452,17.38277506600941,12942.936550747627,0.0,0.0,0.0,0.0,0.0
23453,17.420123076524405,12992.510320477117,0.0,0.0,0.0,0.0,0.0
23454,17.435973571688834,12976.67595929685,0.0,0.0,0.0,0.0,0.0
23455,17.391218135095567,12912.745859940598,0.0,0.0,0.0,0.0,0.0
23456,17.427732343646944,12899.048103137438,0.0,0.0,0.0,0.0,0.0
23457,17.471865395248816,12967.47540666737,0.0,0.0,0.0,0.0,0.0
23462,17.47043041695648,13061.895597918963,0.0,0.0,0.0,0.0,0.0
23464,17.43380348098998,13038.97862128976,0.0,0.0,0.0,0.0,0.0
23502,17.444250683924775,13013.720002842752,0.0,0.0,0.0,0.0,0.0
23503,17.439623083211874,12981.023014658045,0.0,0.0,0.0,0.0,0.0
23504,17.343007636096146,12856.5897811845,0.0,0.0,0.0,0.0,0.0
23505,17.48200702675221,13037.888437340713,0.0,0.0,0.0,0.0,0.0
23507,17.42883148640475,12817.08318205962,0.0,0.0,0.0,0.0,0.0
23508,17.436736845592883,12907.523888012844,0.0,0.0,0.0,0.0,0.0
23509,17.47426476254102,12987.337536907511,0.0,0.0,0.0,0.0,0.0
23510,17.437324212182283,12939.080026652515,0.0,0.0,0.0,0.0,0.0
23511,17.52808810068564,13134.676447824431,0.0,0.0,0.0,0.0,0.0
23513,17.482598671054642,13071.108742346127,0.0,0.0,0.0,0.0,0.0
23517,17.48063573341621,13088.16490921034,0.0,0.0,0.0,0.0,0.0
23518,17.52552993876989,13085.13607338826,0.0,0.0,0.0,0.0,0.0
23523,17.479339979209747,12912.585562800723,0.0,0.0,0.0,0.0,0.0
23601,17.465401892505216,13007.662819004714,0.0,0.0,0.0,0.0,0.0
23602,17.504403376464506,13059.498785747452,0.0,0.0,0.0,0.0,0.0
23603,17.55543492302676,13120.099569986667,0.0,0.0,0.0,0.0,0.0
23604,17.473621642252873,13048.753563327195,0.0,0.0,0.0,0.0,0.0
23605,17.37164409541141,12985.226997867338,0.0,0.0,0.0,0.0,0.0
23606,17.46562826219504,12989.479435197469,0.0,0.0,0.0,0.0,0.0
23607,17.401197997357286,12919.951898207784,0.0,0.0,0.0,0.0,0.0
23608,17.556790218257024,13071.999652221415,0.0,0.0,0.0,0.0,0.0
23651,17.40188821044632,12984.155014891356,0.0,0.0,0.0,0.0,0.0
23661,17.404456284485626,13035.131789718893,0.0,0.0,0.0,0.0,0.0
23662,17.39947349830878,13010.55838203242,0.0,0.0,0.0,0.0,0.0
23663,17.404580790675006,13027.975785678054,0.0,0.0,0.0,0.0,0.0
23664,17.40377993744915,13056.401971245694,0.0,0.0,0.0,0.0,0.0
23665,17.420174465385433,13135.09028233199,0.0,0.0,0.0,0.0,0.0
23666,17.3627624447801,13012.644188169057,0.0,0.0,0.0,0.0,0.0
23669,17.26147165983693,12896.86624876918,0.0,0.0,0.0,0.0,0.0
23692,17.34060724838177,12917.039259827721,0.0,0.0,0.0,0.0,0.0
23693,17.43058093954164,12961.662973485723,0.0,0.0,0.0,0.0,0.0
23696,17.346067099086888,12764.456170777577,0.0,0.0,0.0,0.0,0.0
23701,17.453471422006317,13047.74762948606,0.0,0.0,0.0,0.0,0.0
23702,17.267667159540288,12878.408309043665,0.0,0.0,0.0,0.0,0.002
23703,17.54466694674724,13042.825119619625,0.0,0.0,0.0,0.0,0.0
23704,17.496586615820096,12929.622911769007,0.0,0.0,0.0,0.0,0.0
23707,17.395728732725267,12899.581815429194,0.0,0.0,0.0,0.0,0.0
23801,17.555524529084394,13178.074334754778,0.0,0.0,0.0,0.0,0.0
23803,17.429040383310845,12947.35160375106,0.0,0.0,0.0,0.0,0.0
23805,17.45522251936867,13020.5868576876,0.0,0.0,0.0,0.0,0.0
23831,17.671946804498837,13070.221069267056,0.0,0.0,0.0,0.0,0.0
23832,17.671207692700605,13065.646231272689,0.0,0.0,0.0,0.0,0.0
23834,17.55802661401335,13024.858502937941,0.0,0.0,0.0,0.0,0.0
23836,17.66986276838385,13059.058088803104,0.0,0.0,0.0,0.0,0.0
23838,17.66845118855114,13012.563976183632,0.0,0.0,0.0,0.0,0.0
23842,17.55808253012844,13134.929799622872,0.0,0.0,0.0,0.0,0.0
23860,17.46036379629073,12986.475303943243,0.0,0.0,0.0,0.0,0.0
23875,17.51097182445027,13076.273460236764,0.0,0.0,0.0,0.0,0.0
23885,17.536680166189413,13037.638390649901,0.0,0.0,0.0,0.0,0.0
24011,18.123835983742403,13040.407631832022,0.0,0.0,0.0,0.0,0.0
24012,18.162820447484798,13164.019202884583,0.0,0.0,0.0,0.0,0.0
24013,18.265353087885032,13192.330173921933,0.0,0.0,0.0,0.0,0.0
24014,18.305610335535906,13140.237597443562,0.0,0.0,0.0,0.0,0.0
24015,18.269918353752836,13215.845852455057,0.0,0.0,0.0,0.0,0.0
24016,18.323897889832224,13192.18487255098,0.0,0.0,0.0,0.0,0.0
24017,18.233591102107845,13231.322495893437,0.0,0.0,0.0,0.0,0.0
24018,18.26881357340007,13211.552929502723,0.0,0.0,0.0,0.0,0.0
24019,18.262857839617485,13279.404398591603,0.0,0.0,0.0,0.0,0.0
24060,18.161888656577858,12873.019645052787,0.0,0.0,0.0,0.0,0.0
24073,18.443994869498738,13255.188285505234,0.0,0.0,0.0,0.0,0.0
24077,18.229371249796383,13121.93727070042,0.0,0.0,0.0,0.0,0.0
24101,18.330417039689895,13273.20212513046,0.0,0.0,0.0,0.0,0.0
24149,18.44111157437214,13347.382982879346,0.0,0.0,0.0,0.0,0.0
24153,18.243188463199985,13216.713838265767,0.0,0.0,0.0,0.0,0.0
24175,18.233168493693363,13259.280152064097,0.0,0.0,0.0,0.0,0.0
24179,18.163026890969167,13223.483198954,0.0,0.0,0.0,0.0,0.0
24251,18.335475161522393,13176.962820410696,0.0,0.0,0.0,0.0,0.0
24258,18.34453050618668,13243.936284864692,0.0,0.0,0.0,0.0,0.0
24290,18.29324543366354,13202.987282701184,0.0,0.0,0.0,0.0,0.0
24366,22.172472076164564,13932.205595995822,0.0,0.0,0.0,0.0,0.0
24401,17.6801040237642,13027.229998948216,0.0,0.0,0.0,0.0,0.002
24431,17.70312953152067,13162.438198727768,0.0,0.0,0.0,0.0,0.0
24437,17.755132155721675,13223.023038436551,0.0,0.0,0.0,0.0,0.0
24440,17.755000162792523,13224.615545702027,0.0,0.0,0.0,0.0,0.0
24441,17.805220778436393,13108.761926520054,0.0,0.0,0.0,0.0,0.0
24467,17.709539129040767,12966.865999959256,0.0,0.0,0.0,0.0,0.0
24471,17.856340829261903,13198.604792173444,0.0,0.0,0.0,0.0,0.0
24477,17.621991632212175,13084.168314561322,0.0,0.0,0.0,0.001,0.004
24482,17.754297094653825,13228.765624948424,0.0,0.0,0.0,0.0,0.0
24486,17.758551825967505,13175.634388694776,0.0,0.0,0.0,0.0,0.0
24501,17.969893390767943,13132.841885361984,0.0,0.0,0.0,0.0,0.0
24502,17.96033619648787,13215.086062440854,0.0,0.0,0.0,0.0,0.0
24503,17.948877292563576,13164.952690378746,0.0,0.0,0.0,0.0,0.0
24504,17.86777405934426,13067.040037553992,0.0,0.0,0.0,0.0,0.0
24527,17.87417400314367,13178.575649056196,0.0,0.0,0.0,0.0,0.0
24538,17.944502141232878,13177.942387301113,0.0,0.0,0.0,0.0,0.0
24540,17.8371890778588,13124.73746143131,0.0,0.0,0.0,0.0,0.0
24541,17.931649435648556,13115.417733787339,0.0,0.0,0.0,0.0,0.0
24550,17.938060702002378,13234.464647447796,0.0,0.0,0.0,0.0,0.0
24551,17.851560014570648,13114.782184704494,0.0,0.0,0.0,0.0,0.0
24572,18.07358840035597,13232.454064238125,0.0,0.0,0.0,0.0,0.0
24586,17.914340700447205,13217.682122788283,0.0,0.0,0.0,0.0,0.0
24588,17.943418420571366,13211.557694831969,0.0,0.0,0.0,0.0,0.0
24605,18.669059369678347,13202.574650212204,0.0,0.0,0.0,0.0,0.0
24613,18.85396908798156,13460.612170096803,0.0,0.0,0.0,0.0,0.0
24635,18.555885422862602,12993.543379862424,0.0,0.0,0.0,0.0,0.0
5401,12.980950226222099,10879.800834008378,0.0,0.061,0.965,0.999,1.0
5403,12.995696405589616,10929.388536899254,0.0,0.062,0.969,0.999,1.001
5404,12.969344140425212,11030.729917910629,0.0,0.029,0.984,0.999,1.0
5408,12.997354145661241,10941.514110956947,0.0,0.056,0.972,0.998,1.0
5446,13.014932696605992,11076.920612993286,0.0,0.034,0.976,0.999,0.999
5452,13.010662772465222,10997.230692081714,0.0,0.049,0.975,1.003,1.003
5482,12.971695330525876,10875.327518135766,0.0,0.07,0.964,1.003,1.003
5495,12.973368515425546,10886.786458704759,0.0,0.059,0.965,1.0,1.0
98001,25.092395752865833,12821.417769427153,0.0,0.0,0.0,0.0,0.0
98002,25.087762354186403,12911.137904469542,0.0,0.0,0.0,0.0,0.0
98003,25.091381649853332,12875.152516711596,0.0,0.0,0.0,0.0,0.0
98004,25.10088274728345,12589.574238018138,0.0,0.0,0.0,0.0,0.0
98005,25.069993701329604,12598.892749982077,0.0,0.0,0.0,0.0,0.0
98006,25.07809306727258,12567.358187898428,0.0,0.0,0.0,0.0,0.0
98007,25.07324945235344,12770.17494242144,0.0,0.0,0.0,0.0,0.0
98008,25.07229046220488,12594.386084836558,0.0,0.0,0.0,0.0,0.0
98010,25.072676576808423,12707.00466649393,0.0,0.0,0.0,0.0,0.0
98011,25.067770703546127,12737.850762546186,0.0,0.0,0.0,0.0,0.0
98012,29.087202106822566,13395.188925745148,0.0,0.0,0.0,0.0,0.0
98014,25.043595048283578,12675.79349841282,0.0,0.0,0.0,0.0,0.0
98019,25.090392114012328,12662.50200086029,0.0,0.0,0.0,0.0,0.0
98020,29.075387628557827,13375.043684245684,0.0,0.0,0.0,0.0,0.0
98021,25.3597283948387,12736.204449107112,0.0,0.0,0.0,0.0,0.0
98022,25.070617541059356,12781.883151079963,0.0,0.0,0.0,0.0,0.0
98023,25.08767243006581,12807.624958255496,0.0,0.0,0.0,0.0,0.0
98024,25.10769338699877,12636.38852629696,0.0,0.0,0.0,0.0,0.0
98026,29.084242203570028,13426.243458927875,0.0,0.0,0.0,0.0,0.0
98027,25.099732127207815,12649.487835689153,0.0,0.0,0.0,0.0,0.0
98028,25.08726970113325,12677.713280949218,0.0,0.0,0.0,0.0,0.0
98029,25.06698909139606,12645.504479652885,0.0,0.0,0.0,0.0,0.0
98030,25.099099108532126,12847.377253270637,0.0,0.0,0.0,0.0,0.0
98031,25.080135247617534,12826.66337189736,0.0,0.0,0.0,0.0,0.0
98032,25.072215806096413,12866.989141600156,0.0,0.0,0.0,0.0,0.0
98033,25.053700880441994,12593.072362132909,0.0,0.0,0.0,0.0,0.0
98034,25.084712479441553,12723.02176616903,0.0,0.0,0.0,0.0,0.0
98036,29.09770751600165,13467.668377211268,0.0,0.0,0.0,0.0,0.0
98037,29.127491676460266,13440.645718794818,0.0,0.0,0.0,0.0,0.0
98038,25.07811435716286,12744.05756498504,0.0,0.0,0.0,0.0,0.0
98039,25.049617120023346,12412.017654352236,0.0,0.0,0.0,0.0,0.0
98040,25.078714288726022,12531.426638082672,0.0,0.0,0.0,0.0,0.0
98042,25.071073605181976,12786.513891171586,0.0,0.0,0.0,0.0,0.0
98043,29.103359290336357,13472.204162670663,0.0,0.0,0.0,0.0,0.0
98045,25.087328780710575,12654.118235729446,0.0,0.0,0.0,0.0,0.0
98047,25.076536330172036,12891.186493230281,0.0,0.0,0.0,0.0,0.0
98051,25.075202285155523,12877.883737803439,0.0,0.0,0.0,0.0,0.0
98052,25.079893665126992,12620.615281493801,0.0,0.0,0.0,0.0,0.0
98053,25.080710793316793,12615.697869664149,0.0,0.0,0.0,0.0,0.0
98055,25.078701009756976,12836.718159968334,0.0,0.0,0.0,0.0,0.0
98056,25.06052839225658,12759.706230033898,0.0,0.0,0.0,0.0,0.0
98057,25.107554543549956,12830.412178792756,0.0,0.0,0.0,0.0,0.0
98058,25.098223921168984,12824.982868379082,0.0,0.0,0.0,0.0,0.0
98059,25.053315017934963,12686.299084324572,0.0,0.0,0.0,0.0,0.001
98065,25.0609116457475,12571.319122830015,0.0,0.0,0.0,0.0,0.0
98070,25.105042624540523,12707.46050351867,0.0,0.0,0.0,0.0,0.0
98072,25.110181978981892,12647.300960300532,0.0,0.0,0.0,0.0,0.0
98074,25.077002628260185,12462.985133987428,0.0,0.0,0.0,0.0,0.0
98075,25.043528504960907,12467.857078087702,0.0,0.0,0.0,0.0,0.0
98077,25.069965655818116,12609.296699094575,0.0,0.0,0.0,0.0,0.0
98087,29.097486322738483,13507.456875182119,0.0,0.0,0.0,0.0,0.0
98092,25.090677180291554,12829.079320571413,0.0,0.0,0.0,0.0,0.0
98101,28.798955256212913,13241.282013179605,0.0,0.0,0.0,0.0,0.0
98102,28.724563923371374,13333.492867421392,0.0,0.0,0.0,0.0,0.0
98103,28.724811152779054,13294.361899329419,0.0,0.0,0.0,0.0,0.0
98104,28.789070746648466,13343.766261110915,0.0,0.0,0.0,0.0,0.0
98105,28.86714021063171,13154.200482652974,0.0,0.0,0.0,0.0,0.0
98106,25.067106858526902,12821.027339357492,0.0,0.0,0.0,0.0,0.0
98107,28.726362338140696,13292.585576379775,0.0,0.0,0.0,0.0,0.0
98108,25.143523045848013,12693.730860572145,0.0,0.0,0.0,0.0,0.0
98109,28.740632997107387,13314.759290400003,0.0,0.0,0.0,0.0,0.0
98110,25.802594526372072,12771.122889398397,0.0,0.0,0.0,0.0,0.0
98112,25.077341714235455,12607.191633720762,0.0,0.0,0.0,0.0,0.0
98115,28.751651346388396,13252.74466456001,0.0,0.0,0.0,0.0,0.0
98116,28.723953560812717,13345.88253019127,0.0,0.0,0.0,0.0,0.0
98117,28.73103460137517,13176.671682145447,0.0,0.0,0.0,0.0,0.0
98118,25.087634491295557,12718.133157836488,0.0,0.0,0.0,0.0,0.0
98119,28.728563512056006,13313.579363609197,0.0,0.0,0.0,0.0,0.0
98121,28.758022778242722,13249.299793829257,0.0,0.0,0.0,0.0,0.0
98122,25.124072449847212,12699.012044849636,0.0,0.0,0.0,0.0,0.0
98125,28.760932863686733,13377.659154277253,0.0,0.0,0.0,0.0,0.0
98126,25.07135363342659,12735.855398318448,0.0,0.0,0.0,0.0,0.0
98133,28.748517174032056,13367.224334164228,0.0,0.0,0.0,0.0,0.0
98134,28.754918925091932,13468.714708177627,0.0,0.0,0.0,0.0,0.0
98136,28.72594647429294,13313.076927224181,0.0,0.0,0.0,0.0,0.0
98144,28.755773442145635,13314.191480038438,0.0,0.0,0.0,0.0,0.0
98146,25.073066108739557,12817.345310821607,0.0,0.0,0.0,0.0,0.0
98148,25.09953917818607,12897.845930241354,0.0,0.0,0.0,0.0,0.0
98155,25.066123269192648,12743.509327916021,0.0,0.0,0.0,0.0,0.0
98164,28.70151466129131,13103.745078501734,0.0,0.0,0.0,0.0,0.0
98166,25.083371915009177,12773.743621800948,0.0,0.0,0.0,0.0,0.0
98168,25.104932057644863,12860.679809947704,0.0,0.0,0.0,0.0,0.0
98177,28.757645759838418,13229.929620944464,0.0,0.0,0.0,0.0,0.0
98178,25.102159102164983,12811.801772040815,0.0,0.0,0.0,0.0,0.0
98188,25.0922898486957,12907.735104211828,0.0,0.0,0.0,0.0,0.0
98198,25.061396239009586,12884.811294906527,0.0,0.0,0.0,0.0,0.0
98199,28.733165477110138,13235.130965579454,0.0,0.0,0.0,0.0,0.0
98201,29.118909194898222,13483.920840691228,0.0,0.0,0.0,0.0,0.0
98203,29.1160479119689,13465.893538437243,0.0,0.0,0.0,0.0,0.0
98204,29.157723408736135,13507.088679734177,0.0,0.0,0.0,0.0,0.0
98208,29.070697363251234,13520.328576084314,0.0,0.0,0.0,0.0,0.0
98221,25.720284287717867,12905.13600185917,0.0,0.0,0.0,0.0,0.0
98223,25.404310204070125,12869.692290625086,0.0,0.0,0.0,0.0,0.0
98225,25.16768645583864,12835.104254409069,0.0,0.0,0.0,0.0,0.0
98226,25.124312834421087,12883.828951763064,0.0,0.0,0.0,0.0,0.0
98229,25.12164575784058,12888.02388314655,0.0,0.0,0.0,0.0,0.0
98232,25.68965521588338,12990.656094347722,0.0,0.0,0.0,0.0,0.0
98233,25.697063098372634,12989.397698558494,0.0,0.0,0.0,0.0,0.0
98258,29.07307844048859,13484.922849012632,0.0,0.0,0.0,0.0,0.0
98270,29.088947129430746,13485.653578701944,0.0,0.0,0.0,0.0,0.0
98271,29.104781888239632,13485.093580322891,0.0,0.0,0.0,0.0,0.0
98272,25.36738345144546,12833.379443650021,0.0,0.0,0.0,0.0,0.0
98273,25.725907002332335,12982.215608917906,0.0,0.0,0.0,0.0,0.0
98274,25.729296841974396,12941.951216785905,0.0,0.0,0.0,0.0,0.0
98275,29.078122687723646,13355.06047900709,0.0,0.0,0.0,0.0,0.0
98277,24.98862699768689,12856.987924628505,0.0,0.0,0.0,0.0,0.0
98284,25.710373732657914,12994.798414768837,0.0,0.0,0.0,0.0,0.0
98290,29.089885169554496,13368.869288796288,0.0,0.0,0.0,0.0,0.0
98294,29.054827340395853,13513.145334431658,0.0,0.0,0.0,0.0,0.0
98296,25.37790386388916,12679.688718663061,0.0,0.0,0.0,0.0,0.0
98310,25.825601933534685,13003.922631742958,0.0,0.0,0.0,0.0,0.0
98311,25.78043371371557,13026.457417650056,0.0,0.0,0.0,0.0,0.0
98312,25.822745346307215,13005.284705889298,0.0,0.0,0.0,0.0,0.0
98314,25.775981985623506,12571.59225908675,0.0,0.0,0.0,0.0,0.0
98315,25.799727496081047,13050.466161785887,0.0,0.0,0.0,0.0,0.0
98321,25.204962497944237,12875.844028295225,0.0,0.0,0.0,0.0,0.0
98323,25.207323663419636,12822.626685782096,0.0,0.0,0.0,0.0,0.0
98327,25.22769001936799,12853.899747836202,0.0,0.0,0.0,0.0,0.0
98332,25.22990345882441,12756.081442424818,0.0,0.0,0.0,0.0,0.0
98333,28.8857372078655,13309.374113952961,0.0,0.0,0.0,0.0,0.0
98335,28.88759345161194,13338.670865337252,0.0,0.0,0.0,0.0,0.0
98337,25.829424166851297,12967.56995252326,0.0,0.0,0.0,0.0,0.0
98338,25.230673632198496,12870.200412715007,0.0,0.0,0.0,0.0,0.0
98345,25.770056187653623,13047.487076356034,0.0,0.0,0.0,0.0,0.0
98354,25.19906151229817,12898.832392635628,0.0,0.0,0.0,0.0,0.0
98359,25.837039648956658,12922.05169681387,0.0,0.0,0.0,0.0,0.0
98360,25.213259083405184,12873.880590697392,0.0,0.0,0.0,0.0,0.0
98366,25.802448179873128,12984.449307943496,0.0,0.0,0.0,0.0,0.0
98367,25.805355298909483,12963.986349295732,0.0,0.0,0.0,0.0,0.0
98370,25.793833241850155,12972.065621848446,0.0,0.0,0.0,0.0,0.0
98371,25.25993773553411,12847.510077118464,0.0,0.0,0.0,0.0,0.0
98372,25.225652220117,12877.742862316103,0.0,0.0,0.0,0.0,0.0
98373,25.22122018541358,12884.727265092199,0.0,0.0,0.0,0.0,0.0
98374,25.227008108659543,12864.386603251167,0.0,0.0,0.0,0.0,0.0
98375,25.232038113145226,12901.292489716083,0.0,0.0,0.0,0.0,0.0
98383,25.823886947442066,12907.015434472592,0.0,0.0,0.0,0.0,0.0
98385,25.22687701795277,12750.479629972597,0.0,0.0,0.0,0.0,0.0
98387,25.250580763063716,12903.467134660017,0.0,0.0,0.0,0.0,0.0
98388,25.26116545089498,12852.111738553824,0.0,0.0,0.0,0.0,0.0
98390,25.211804058977293,12898.031302209652,0.0,0.0,0.0,0.0,0.0
98391,25.213723363177706,12840.565305259015,0.0,0.0,0.0,0.0,0.0
98402,29.026096575835165,13401.513954598526,0.0,0.0,0.0,0.0,0.0
98403,28.935060701651892,13404.474169823994,0.0,0.0,0.0,0.0,0.0
98404,28.937092291986982,13458.943094913122,0.0,0.0,0.0,0.0,0.0
98405,28.927578975969155,13504.039369168435,0.0,0.0,0.0,0.0,0.0
98406,28.873797144357034,13466.23467561729,0.0,0.0,0.0,0.0,0.0
98407,28.9188690543746,13425.806904954025,0.0,0.0,0.0,0.0,0.0
98408,28.924140716300204,13508.680590912822,0.0,0.0,0.0,0.0,0.0
98409,28.93157586740712,13478.694919327821,0.0,0.0,0.0,0.0,0.0
98418,28.93159566364698,13506.202756903316,0.0,0.0,0.0,0.0,0.0
98422,25.236286786674295,12775.358599959862,0.0,0.0,0.0,0.0,0.0
98424,25.226299255571018,12927.188914792248,0.0,0.0,0.0,0.0,0.0
98433,25.236058766389714,12962.572231589258,0.0,0.0,0.0,0.0,0.0
98439,25.241082684751706,12951.111463760555,0.0,0.0,0.0,0.0,0.0
98443,25.23797392894075,12849.281394396752,0.0,0.0,0.0,0.0,0.0
98444,25.24343011355559,12941.113429109484,0.0,0.0,0.0,0.0,0.0
98445,25.24824385019069,12919.105414710566,0.0,0.0,0.0,0.0,0.0
98446,25.21239149363519,12856.225830376155,0.0,0.0,0.0,0.0,0.0
98465,28.929836601372585,13463.253338692886,0.0,0.0,0.0,0.0,0.0
98466,28.915029213508127,13475.18560902847,0.0,0.0,0.0,0.0,0.0
98467,25.235479704213706,12898.606235183204,0.0,0.0,0.0,0.0,0.0
98498,25.22804795617485,12931.213166411688,0.0,0.0,0.0,0.0,0.0
98499,25.274747626312802,12847.659451570564,0.0,0.0,0.0,0.0,0.0
98501,25.875643265180592,12977.730135679678,0.0,0.0,0.0,0.0,0.0
98502,25.90533341835471,12965.561165718535,0.0,0.0,0.0,0.0,0.0
98503,25.892543180095924,13037.185095330628,0.0,0.0,0.0,0.0,0.0
98506,25.929530141757258,12948.18541098695,0.0,0.0,0.0,0.0,0.0
98512,25.879366224120076,13014.306503494328,0.0,0.0,0.0,0.0,0.0
98513,25.894438117794717,12988.186398666016,0.0,0.0,0.0,0.0,0.0
98516,25.914014565779798,12972.154489906194,0.0,0.0,0.0,0.0,0.0
98604,28.601342053388645,13447.861628976278,0.0,0.0,0.0,0.0,0.0
98606,28.608148745881802,13394.563504383244,0.0,0.0,0.0,0.0,0.0
98607,28.640836485361145,13293.059379309476,0.0,0.0,0.0,0.0,0.0
98611,29.457937002827407,13539.305942257552,0.0,0.0,0.0,0.0,0.0
98626,29.447121576733508,13565.740152578532,0.0,0.0,0.0,0.0,0.0
98629,28.617709830861866,13416.970197869521,0.0,0.0,0.0,0.0,0.0
98632,29.454653737979502,13538.663236701188,0.0,0.0,0.0,0.0,0.0
98642,28.60610337274704,13393.568758350531,0.0,0.0,0.0,0.0,0.0
98660,28.62747765358852,13421.653055527588,0.0,0.0,0.0,0.0,0.0
98661,28.630333477711613,13458.123647107297,0.0,0.0,0.0,0.0,0.0
98662,28.62924342957495,13443.411122729327,0.0,0.0,0.0,0.0,0.0
98663,28.61037650995766,13456.339011480695,0.0,0.0,0.0,0.0,0.0
98664,28.604401661393446,13460.639021218578,0.0,0.0,0.0,0.0,0.0
98665,28.63574085240494,13457.441730035274,0.0,0.0,0.0,0.0,0.0
98671,28.604431903492078,13393.619986165617,0.0,0.0,0.0,0.0,0.0
98682,28.616566649217297,13425.887762117422,0.0,0.0,0.0,0.0,0.0
98683,28.643485787591025,13428.918279359394,0.0,0.0,0.0,0.0,0.0
98684,28.625075925712306,13433.156382883608,0.0,0.0,0.0,0.0,0.0
98685,28.608890434745113,13356.86551828532,0.0,0.0,0.0,0.0,0.0
98686,28.59845801524839,13402.72801776055,0.0,0.0,0.0,0.0,0.0
98801,23.444893639876597,12584.0138750697,0.0,0.0,0.0,0.0,0.0
98802,23.06003979258233,12455.685188674965,0.0,0.0,0.0,0.0,0.0
98828,23.43832423177234,12637.247868659497,0.0,0.0,0.0,0.001,0.002
98837,22.53757051852674,12338.751518941255,0.0,0.0,0.0,0.0,0.0
98901,24.309092829733252,12708.487629133646,0.0,0.0,0.0,0.0,0.0
98902,24.257161929145127,12793.619879565807,0.0,0.0,0.0,0.0,0.0
98903,24.266773912001728,12741.336401324917,0.0,0.0,0.0,0.0,0.0
98908,24.24760156145841,12756.104507667395,0.0,0.0,0.0,0.0,0.0
98922,24.70808534976355,12765.791592817206,0.0,0.0,0.0,0.0,0.0
98926,24.734449712311946,12784.42047060446,0.0,0.0,0.0,0.0,0.0
98937,24.24496670391686,12795.906225660288,0.0,0.0,0.0,0.0,0.0
98942,24.274538219798863,12714.755492121643,0.0,0.0,0.0,0.0,0.0
99004,24.993743756420095,12641.734530053716,0.0,0.0,0.0,0.0,0.0
99005,24.904801451654933,12780.141587399685,0.0,0.0,0.0,0.0,0.0
99016,24.939834608549827,12770.375596083284,0.0,0.0,0.0,0.0,0.0
99019,24.91860165545481,12703.089657762956,0.0,0.0,0.0,0.0,0.0
99021,24.88587622900278,12872.693524645598,0.0,0.0,0.0,0.0,0.0
99023,24.87322647330528,12688.833646564297,0.0,0.0,0.0,0.0,0.0
99025,24.892263171299145,12857.873366241016,0.0,0.0,0.0,0.0,0.0
99026,24.8932993248793,12870.315194004705,0.0,0.0,0.0,0.0,0.001
99027,24.88569729099516,12914.375348748277,0.0,0.0,0.0,0.0,0.0
99036,24.901895545241242,12816.56416344316,0.0,0.0,0.0,0.0,0.0
99037,24.913750309166296,12859.534159106961,0.0,0.0,0.0,0.0,0.0
99201,24.994842488489628,12778.88472577183,0.0,0.0,0.0,0.0,0.0
99202,24.46869012700194,12687.820470347646,0.0,0.0,0.0,0.0,0.0
99203,24.382647002860814,12687.200349378452,0.0,0.0,0.0,0.0,0.0
99204,24.40153307520598,12725.60091837365,0.0,0.0,0.0,0.0,0.0
99205,24.91520555895812,12888.65836686881,0.0,0.0,0.0,0.0,0.0
99206,24.9079004475974,12857.499013201228,0.0,0.0,0.0,0.0,0.0
99207,24.945115266619144,12850.84558628329,0.0,0.0,0.0,0.0,0.0
99208,24.903809322470998,12836.994651436393,0.0,0.0,0.0,0.0,0.0
99212,24.911241288042167,12883.655719117414,0.0,0.0,0.0,0.0,0.0
99216,24.932008286504036,12872.504714437033,0.0,0.0,0.0,0.0,0.0
99217,24.91268644190509,12846.091486862331,0.0,0.0,0.0,0.0,0.0
99218,24.951726753529652,12812.845847466773,0.0,0.0,0.0,0.0,0.0
99223,24.93248458245282,12767.774844910029,0.0,0.0,0.0,0.0,0.0
99224,24.91300459434226,12836.57427230845,0.0,0.0,0.0,0.0,0.0
99301,23.070905824251028,12460.565264030029,0.0,0.0,0.0,0.0,0.0
99320,22.399393458005957,12314.938589016258,0.0,0.0,0.0,0.0,0.004
99323,24.753563032181088,12856.097763573009,0.0,0.0,0.0,0.0,0.0
99336,22.401061922296357,12322.894778722146,0.0,0.0,0.0,0.0,0.0
99337,24.271460066641804,12718.28103993936,0.0,0.0,0.0,0.0,0.002
99338,24.259966491865868,12577.733605478883,0.0,0.0,0.0,0.0,0.0
99352,22.372902851015777,12259.878802307114,0.0,0.0,0.0,0.0,0.0
99353,22.388593490659456,12269.833085053357,0.0,0.0,0.0,0.0,0.0
99354,22.39362681494184,12339.839496139466,0.0,0.0,0.0,0.0,0.0
99403,26.254238402055677,13039.660256894873,0.0,0.0,0.0,0.0,0.0
