,carbon_offset_metric_tons_per_panel,yearly_sunlight_kwh_kw_threshold_avg,black_prop,Median_income,Carbon Offset,Energy Potential,Racial Equity,Income Equity
1,0.0,0.0,0.0,-0.1,2080.30028173995,10938362.17949027,1.4340476603051924,1.648159326466846
125,0.4,0.0,0.0,0.0,2717.866315932764,10850974.341158967,0.9614071528987638,1.526305416364849
250,0.8,0.0,0.0,0.0,2717.866315932764,10850974.341158967,0.5756417268634433,1.122727070308183
375,1.2000000000000002,0.0,0.0,0.0,2717.866315932764,10850974.341158967,0.404277813954085,0.7717708295375902
376,1.2000000000000002,0.0,0.0,-0.1,2717.866315932764,10850974.341158967,0.4052152345479656,0.771569638599636
500,1.6,0.0,0.0,0.0,2717.866315932764,10850974.341158967,0.3213105083015315,0.593529054191116
501,1.6,0.0,0.0,-0.1,2717.866315932764,10850974.341158967,0.32204809780534194,0.5934100556024775
