,carbon_offset_metric_tons_per_panel,yearly_sunlight_kwh_kw_threshold_avg,black_prop,Median_income,Carbon Offset,Energy Potential,Racial Equity,Income Equity
0,0.0,0.0,0.0,0.0,5228.102956230556,31995998.35,1.2406455618632255,1.947580607525489
1,0.0,0.0,0.0,-0.2857142857142857,6340.410075467146,31318609.666108523,1.459338651982561,0.6268936171511679
