,carbon_offset_metric_tons_per_panel,yearly_sunlight_kwh_kw_threshold_avg,black_prop,Median_income,Carbon Offset,Energy Potential,Racial Equity,Income Equity
0,0.0,0.0,0.0,0.0,5228.102956230556,31995998.35,1.2406455618632255,1.9475806075254891
1,0.0,0.0,0.0,-0.2857142857142857,6340.410075467146,31318609.666108523,1.459338651982561,0.6268936171511679
512,0.2857142857142857,0.0,0.0,0.0,8140.912970714747,32558846.48289572,0.49394976581228756,0.5808507299023729
1024,0.5714285714285714,0.0,0.0,0.0,8140.912970714747,32558846.48289572,0.4141142175842236,0.456107947959685
1536,0.8571428571428571,0.0,0.0,0.0,8140.912970714747,32558846.48289572,0.3348315511913751,0.33248559331610883
2048,1.1428571428571428,0.0,0.0,0.0,8140.912970714747,32558846.48289572,0.2571434850815284,0.24000346836978115
