,carbon_offset_metric_tons_per_panel,yearly_sunlight_kwh_kw_threshold_avg,black_prop,Median_income,Carbon Offset,Energy Potential,Racial Equity,Income Equity
1,0.0,0.0,0.0,-0.1,2080.30028173995,10938362.17949027,1.4340476603051924,1.648159326466846
2,0.0,0.0,0.0,-0.2,2080.30028173995,10938362.17949027,1.590282903856196,1.222774769841946
3,0.0,0.0,0.0,-0.30000000000000004,2080.30028173995,10938362.17949027,1.6814858528579295,0.9719242778109969
4,0.0,0.0,0.0,-0.4,2080.30028173995,10938362.17949027,1.741265790790453,0.8064767318074437
5,0.0,0.0,0.4,0.0,1956.2491961830447,10952901.896245964,1.8358011162642143,0.7711484262333625
6,0.0,0.0,0.4,-0.1,1971.911251900506,10913226.956337458,1.925441819209898,0.7391878650409704
7,0.0,0.0,0.4,-0.2,1971.911251900506,10913226.956337458,1.9914608354530139,0.7097711116946519
