,carbon_offset_metric_tons_per_panel,yearly_sunlight_kwh_kw_threshold_avg,black_prop,Median_income,Carbon Offset,Energy Potential,Racial Equity,Income Equity
0,0.0,0.0,0.0,0.0,414879.3412728021,2160618313.7541475,1.3705887168413171,1.1653039869123587
125,0.4,0.0,0.0,0.0,506228.3040592904,2112301851.234456,0.4218215461369059,0.1844720655072838
250,0.8,0.0,0.0,0.0,506228.3040592904,2112301851.234456,0.40231268075464,0.1514832614547481
375,1.2000000000000002,0.0,0.0,0.0,506228.3040592904,2112301851.234456,0.4036627884471773,0.1455410199846052
500,1.6,0.0,0.0,0.0,506228.3040592904,2112301851.234456,0.4074039715280733,0.1500305889542617
