zip,panels_1_years_0_incentive,panels_2_years_0_incentive,panels_3_years_0_incentive,panels_4_years_0_incentive,panels_5_years_0_incentive
99501,0,0,0,0,0
99502,0,0,0,0,0
99503,0,0,0,0,0
99504,0,0,0,0,0
99506,0,0,0,0,0
99507,0,0,0,0,0
99508,0,0,0,0,0
99515,0,0,0,0,0
99516,0,0,0,0,0
99517,0,0,0,0,0
99518,0,0,0,0,0
99701,0,0,0,0,0
99703,0,0,0,0,0
99709,0,0,0,0,0
99712,0,0,0,0,0
35004,0,0,0,0,0
35005,0,0,0,0,0
35007,24,24,24,24,24
35014,0,0,0,0,0
35020,0,0,0,0,0
35022,0,0,0,0,0
35023,0,0,0,0,0
35040,4,4,4,4,4
35043,0,0,0,0,0
35044,0,0,0,0,0
35051,0,0,0,0,0
35055,74,74,74,74,74
35057,0,0,0,0,0
35058,0,0,0,0,0
35061,0,0,0,0,0
35064,0,0,0,0,0
35068,0,0,0,0,0
35071,0,0,0,0,0
35072,0,0,0,0,0
35073,0,0,0,0,0
35077,0,0,0,0,0
35080,0,0,0,0,0
35094,0,0,0,0,0
35096,1,1,1,1,1
35111,4,4,4,4,4
35114,0,0,0,0,0
35115,0,0,0,0,0
35116,0,0,0,0,0
35117,11,11,11,11,11
35118,0,0,0,0,0
35124,27,27,27,27,27
35126,3,3,3,3,3
35127,0,0,0,0,0
35147,3,3,3,3,3
35150,3,3,3,3,3
35151,0,0,0,0,0
35160,0,0,0,0,0
35173,0,0,0,0,0
35176,0,0,0,0,0
35179,1,1,1,1,1
35184,0,0,0,0,0
35188,0,0,0,0,0
35203,8,8,8,8,8
35204,7,7,7,7,7
35205,0,0,0,0,0
35206,0,0,0,0,0
35207,0,0,0,0,0
35208,0,0,0,0,0
35209,0,0,0,0,0
35210,0,0,0,0,0
35211,0,0,0,0,0
35212,31,31,31,31,31
35213,8,8,8,8,8
35214,0,0,0,0,0
35215,57,57,57,57,57
35216,0,0,0,0,0
35217,0,0,0,0,0
35218,38,38,38,38,38
35221,8,8,8,8,8
35222,0,0,0,0,0
35223,0,0,0,0,0
35224,7,7,7,7,7
35226,49,49,49,49,49
35228,0,0,0,0,0
35233,3,3,3,3,3
35234,0,0,0,0,0
35235,0,0,0,0,0
35242,0,0,0,0,0
35243,0,0,0,0,0
35244,0,0,0,0,0
35401,193,193,193,193,193
35404,53,53,53,53,53
35405,81,81,81,81,81
35406,25,25,25,25,25
35444,0,0,0,0,0
35452,0,0,0,0,0
35453,2,2,2,2,2
35456,0,0,0,0,0
35463,0,0,0,0,0
35473,0,0,0,0,0
35474,0,0,0,0,0
35475,0,0,0,0,0
35476,0,0,0,0,0
35490,0,0,0,0,0
35601,0,0,0,0,0
35603,0,0,0,0,0
35611,30,30,30,30,30
35613,0,0,0,0,0
35614,0,0,0,0,0
35616,0,0,0,0,0
35630,0,0,0,0,0
35633,0,0,0,0,0
35634,0,0,0,0,0
35645,0,0,0,0,0
35660,0,0,0,0,0
35661,38,38,38,38,38
35671,0,0,0,0,0
35673,0,0,0,0,0
35674,0,0,0,0,0
35741,0,0,0,0,0
35748,0,0,0,0,0
35749,0,0,0,0,0
35750,0,0,0,0,0
35754,0,0,0,0,0
35756,0,0,0,0,0
35757,24,24,24,24,24
35758,0,0,0,0,0
35759,9,9,9,9,9
35761,0,0,0,0,0
35763,0,0,0,0,0
35773,0,0,0,0,0
35775,1,1,1,1,1
35801,0,0,0,0,0
35802,0,0,0,0,0
35803,0,0,0,0,0
35805,0,0,0,0,0
35806,0,0,0,0,0
35808,0,0,0,0,0
35810,0,0,0,0,0
35811,0,0,0,0,0
35816,0,0,0,0,0
35824,0,0,0,0,0
35901,0,0,0,0,0
35903,17,17,17,17,17
35904,9,9,9,9,9
35905,0,0,0,0,0
35906,0,0,0,0,0
35950,0,0,0,0,0
35951,0,0,0,0,0
35954,0,0,0,0,0
35956,0,0,0,0,0
35957,9,9,9,9,9
35976,0,0,0,0,0
35980,0,0,0,0,0
36020,0,0,0,0,0
36022,8,8,8,8,8
36025,6,6,6,6,6
36043,0,0,0,0,0
36054,14,14,14,14,14
36064,0,0,0,0,0
36066,0,0,0,0,0
36067,50,50,50,50,50
36079,0,0,0,0,0
36081,21,21,21,21,21
36092,0,0,0,0,0
36093,0,0,0,0,0
36104,20,20,20,20,20
36105,0,0,0,0,0
36106,0,0,0,0,0
36107,0,0,0,0,0
36108,0,0,0,0,0
36109,0,0,0,0,0
36110,0,0,0,0,0
36111,22,22,22,22,22
36112,0,0,0,0,0
36113,0,0,0,0,0
36115,0,0,0,0,0
36116,0,0,0,0,0
36117,0,0,0,0,0
36201,3,3,3,3,3
36203,28,28,28,28,28
36205,0,0,0,0,0
36206,0,0,0,0,0
36207,15,15,15,15,15
36250,0,0,0,0,0
36260,0,0,0,0,0
36265,0,0,0,0,0
36268,2,2,2,2,2
36277,0,0,0,0,0
36301,0,0,0,0,0
36303,15,15,15,15,15
36305,11,11,11,11,11
36312,0,0,0,0,0
36321,0,0,0,0,0
36322,4,4,4,4,4
36330,0,0,0,0,0
36345,7,7,7,7,7
36350,0,0,0,0,0
36351,0,0,0,0,0
36360,48,48,48,48,48
36362,4,4,4,4,4
36376,0,0,0,0,0
36509,2,2,2,2,2
36511,0,0,0,0,0
36523,0,0,0,0,0
36526,0,0,0,0,0
36527,0,0,0,0,0
36530,0,0,0,0,0
36532,0,0,0,0,0
36535,7,7,7,7,7
36541,9,9,9,9,9
36542,0,0,0,0,0
36544,0,0,0,0,0
36551,3,3,3,3,3
36555,1,1,1,1,1
36561,0,0,0,0,0
36567,21,21,21,21,21
36571,23,23,23,23,23
36572,4,4,4,4,4
36575,0,0,0,0,0
36576,0,0,0,0,0
36580,9,9,9,9,9
36582,92,92,92,92,92
36587,1,1,1,1,1
36602,0,0,0,0,0
36603,11,11,11,11,11
36604,51,51,51,51,51
36605,0,0,0,0,0
36606,0,0,0,0,0
36607,31,31,31,31,31
36608,0,0,0,0,0
36609,18,18,18,18,18
36610,26,26,26,26,26
36611,24,24,24,24,24
36612,0,0,0,0,0
36613,21,21,21,21,21
36617,0,0,0,0,0
36618,0,0,0,0,0
36619,32,32,32,32,32
36693,42,42,42,42,42
36695,126,126,126,126,126
36752,0,0,0,0,0
36801,0,0,0,0,0
36804,6,6,6,6,6
36830,87,87,87,87,87
36832,25,25,25,25,25
36856,0,0,0,0,0
36867,0,0,0,0,0
36869,71,71,71,71,71
36870,0,0,0,0,0
36875,0,0,0,0,0
36877,0,0,0,0,0
36879,0,0,0,0,0
71601,0,185,384,500,6602
71602,0,0,154,375,5986
71603,0,0,453,881,12051
71837,0,0,0,0,6
71854,0,227,573,1015,11435
71901,0,0,115,381,5810
71913,0,0,254,538,9770
71956,0,0,0,0,8
71964,0,1,1,2,117
71968,0,0,0,1,42
72002,7,26,70,237,3577
72007,0,4,59,89,1725
72011,0,0,5,21,377
72012,0,3,73,136,3393
72015,0,20,247,524,9660
72019,0,0,162,341,5397
72022,0,0,65,207,5330
72023,0,0,155,536,11593
72065,0,0,5,13,156
72068,0,0,0,0,15
72076,0,0,420,660,11603
72081,0,0,3,13,332
72082,0,1,4,6,258
72086,0,0,30,94,1452
72103,0,0,75,107,3075
72113,0,0,118,457,6614
72114,0,0,279,475,3750
72116,0,31,171,357,5011
72117,0,0,230,454,5356
72118,0,0,169,333,6111
72120,0,0,189,435,9128
72135,0,0,8,25,256
72142,0,3,30,52,734
72143,0,0,125,298,5811
72167,0,0,0,1,10
72176,0,0,36,117,2041
72201,0,6,34,74,577
72202,0,17,138,299,2727
72204,0,15,255,532,7213
72205,0,0,168,395,5015
72206,0,35,409,783,8305
72207,0,17,94,303,2314
72209,0,58,271,458,6260
72210,0,14,79,154,3466
72211,0,0,123,408,5096
72212,0,4,159,436,3259
72223,0,11,182,647,4974
72227,0,17,145,307,2245
72364,0,0,1,1,26
72376,0,0,0,0,2
72401,0,373,714,1347,15631
72404,0,35,168,393,6786
72411,0,0,0,1,36
72416,0,10,15,29,585
72417,0,0,0,0,63
72701,0,255,731,1369,8137
72703,0,22,322,1035,7221
72704,0,25,325,866,6119
72712,0,64,769,2778,10055
72718,0,0,19,65,357
72719,0,16,123,388,2651
72730,0,3,32,141,1432
72745,10,12,42,215,2434
72753,0,0,0,0,1
72756,0,7,126,331,6443
72758,0,18,368,1278,8394
72762,0,23,504,1699,11351
72764,0,86,431,1294,12081
72774,0,0,0,0,2
72801,0,0,199,387,5352
72802,0,0,33,133,2435
72834,0,11,30,54,1074
72837,0,0,0,1,16
72847,0,0,7,10,186
72858,0,1,8,20,305
72901,0,71,193,364,7031
72903,0,33,266,564,8090
72904,0,58,275,512,6235
72908,0,0,89,233,4847
72916,0,7,138,300,2303
72921,0,0,12,23,349
72923,0,5,30,63,1632
72941,0,0,2,6,114
72956,0,171,320,683,10430
85003,0,180,2149,2218,2227
85004,0,174,1551,1622,1627
85006,0,409,6857,7026,7047
85007,0,293,4750,4867,4877
85008,0,317,10408,10545,10555
85009,0,553,13212,13482,13482
85012,0,218,2126,2221,2228
85013,0,344,5475,5616,5627
85014,0,294,6506,6646,6660
85015,0,413,8059,8216,8240
85016,0,842,9804,10139,10149
85017,0,372,7770,7880,7912
85018,0,1227,11378,11890,11926
85019,0,263,6599,6707,6727
85020,0,502,10230,10439,10449
85021,0,463,9075,9223,9242
85022,0,706,14697,15027,15027
85023,0,366,9711,9879,9889
85024,0,401,7516,7686,7709
85027,0,591,11816,12057,12057
85028,0,658,7847,8123,8123
85029,0,500,11953,12160,12184
85031,0,173,6818,6901,6915
85032,0,937,20386,20802,20823
85033,0,320,12164,12299,12324
85034,0,283,3039,3154,3166
85035,0,154,9526,9603,9622
85037,0,494,12726,13012,13012
85040,0,381,9318,9461,9508
85041,0,608,17486,17861,17897
85042,0,530,12226,12604,12604
85043,0,302,9793,10034,10034
85044,0,655,12109,12562,12574
85045,0,269,2148,2320,2320
85048,0,960,11078,11587,11599
85050,0,1197,10150,10695,10695
85051,0,316,11045,11259,11270
85053,0,351,8848,9001,9010
85054,0,110,1281,1329,1329
85083,6,699,6046,6363,6363
85085,0,363,4004,4163,4167
85118,6,278,6051,6175,6175
85119,0,342,9845,10026,10046
85120,0,469,14007,14163,14206
85132,0,172,3240,3313,3316
85140,0,469,10402,10647,10658
85142,0,1267,19593,20390,20411
85143,0,398,13033,13272,13272
85201,0,282,10249,10395,10405
85202,0,296,9114,9272,9272
85203,0,472,10017,10253,10263
85204,0,369,16509,16760,16794
85205,0,626,16542,16914,16914
85206,0,486,14525,14687,14716
85207,0,1048,18410,19058,19077
85208,0,333,15606,15796,15812
85209,0,681,15890,16165,16230
85210,0,376,8766,8936,8963
85212,0,455,7146,7451,7451
85213,23,653,11039,11486,11486
85215,0,644,8099,8359,8367
85224,0,577,13416,13718,13732
85225,0,710,19862,20288,20288
85226,0,721,12227,12644,12657
85233,0,629,12444,12816,12829
85234,0,1071,15802,16462,16478
85248,0,1280,15500,15980,16012
85249,0,1802,15010,16104,16120
85250,7,540,7006,7298,7298
85251,0,729,10143,10524,10534
85253,0,1622,7617,8361,8378
85254,0,1597,15904,16636,16653
85255,0,2143,16193,17247,17265
85256,0,135,1739,1782,1794
85257,0,570,9242,9498,9518
85258,0,1298,10003,10541,10563
85259,0,1128,8103,8602,8602
85260,0,1065,12293,12781,12794
85262,0,1088,5767,6242,6255
85266,0,1013,6395,6870,6870
85268,0,819,9905,10382,10393
85281,0,769,10554,10782,10847
85282,0,552,14566,14879,14909
85283,0,591,11683,12021,12045
85284,0,802,6757,7227,7234
85286,0,824,12995,13494,13494
85295,0,999,12868,13503,13503
85296,0,879,14046,14632,14647
85297,0,684,10080,10533,10533
85298,0,1186,11888,12607,12607
85301,0,505,12682,12928,12954
85302,0,431,10468,10727,10759
85303,0,204,8724,8839,8848
85304,0,418,8551,8717,8726
85305,0,98,3210,3255,3255
85306,0,274,7936,8073,8073
85307,0,44,2897,2917,2917
85308,0,1218,22355,22975,22998
85310,0,613,7321,7563,7563
85323,0,300,11393,11566,11566
85326,0,424,14996,15132,15147
85329,0,8,151,154,154
85331,0,1645,13726,14462,14462
85335,0,349,10729,10870,10892
85338,0,530,12126,12348,12361
85339,0,743,13161,13485,13485
85340,0,624,9777,10059,10059
85345,0,711,18918,19207,19226
85350,0,9,218,221,221
85351,0,611,16731,16901,16969
85353,0,322,10588,10706,10717
85355,0,199,3973,4075,4075
85363,0,56,2226,2242,2246
85364,0,968,19718,20122,20162
85365,0,802,13768,14050,14092
85367,0,372,8522,8644,8661
85373,0,338,8733,8902,8902
85374,0,731,17882,18266,18266
85375,0,479,16817,17056,17056
85377,0,27,223,233,234
85378,0,131,3394,3429,3439
85379,0,564,14196,14456,14456
85381,0,397,8251,8420,8437
85382,0,702,14616,14855,14915
85383,0,1704,17255,17937,17937
85387,0,125,3520,3570,3570
85388,0,500,9034,9266,9266
85392,0,403,10984,11197,11197
85395,0,1020,10848,11324,11335
85396,0,200,3196,3278,3278
85607,0,300,5614,5747,5764
85621,0,146,3136,3236,3240
85626,0,13,106,110,111
85648,0,59,2216,2250,2254
85658,0,218,3361,3454,3454
85701,0,166,1827,1901,1907
85704,0,658,11467,11749,11761
85705,0,821,14803,15168,15183
85706,0,516,12622,12919,12919
85708,0,12,662,664,666
85710,0,616,16844,17067,17084
85711,0,485,13260,13449,13476
85712,0,429,10027,10190,10211
85713,0,581,13644,13810,13852
85714,0,169,4907,4957,4972
85715,0,378,7120,7265,7272
85716,0,593,10591,10753,10785
85718,0,1346,10897,11399,11421
85719,0,805,11656,11969,12005
85730,0,358,12655,12732,12770
85735,0,6,194,195,196
85736,0,1,15,15,15
85737,0,571,7862,8140,8148
85739,0,5,73,75,75
85741,0,295,11295,11352,11363
85742,0,602,9810,10041,10051
85743,0,110,2151,2202,2204
85745,0,823,12301,12617,12642
85746,0,479,12415,12566,12591
85747,0,433,8139,8331,8339
85748,0,430,7479,7671,7671
85749,0,729,8185,8474,8474
85750,0,931,9843,10232,10232
85755,0,460,7184,7414,7421
85756,0,249,7220,7293,7315
85757,0,114,2218,2266,2268
85901,0,138,3868,3919,3927
85929,0,78,1907,1946,1948
86001,0,658,8171,8424,8432
86004,0,435,6719,6905,6905
86005,0,2,54,55,55
86011,0,2,16,17,17
86040,0,104,2542,2604,2607
86301,0,371,9878,10008,10028
86303,0,325,4457,4562,4581
86305,0,276,5100,5205,5215
86314,0,323,13361,13469,13482
86315,0,70,1728,1747,1750
86323,0,89,3519,3547,3551
86325,0,0,13,13,13
86327,0,92,2104,2147,2147
86329,0,0,109,109,109
86336,7,526,6768,7013,7013
86351,0,133,1818,1872,1872
86403,0,186,8679,8847,8874
86404,0,286,7381,7524,7532
86406,0,586,11217,11435,11470
86434,0,0,1,1,1
90001,0,295,9630,9817,9827
90002,0,371,8211,8388,8422
90003,0,467,11406,11651,11674
90004,0,383,6398,6610,6610
90005,0,94,1692,1728,1737
90006,0,158,4420,4492,4501
90007,0,317,3863,4003,4015
90008,0,336,5891,6062,6093
90010,0,20,294,304,305
90011,0,346,12542,12798,12798
90012,0,91,1551,1594,1599
90013,0,70,526,555,557
90014,0,25,226,236,238
90015,0,145,1636,1704,1709
90016,0,502,8978,9285,9285
90017,0,41,544,560,562
90018,0,456,8083,8282,8290
90019,0,669,10338,10625,10625
90020,0,88,1561,1605,1606
90021,0,180,1538,1619,1623
90022,0,328,10723,10942,10942
90023,0,207,7300,7411,7426
90024,0,417,3411,3633,3633
90025,0,479,4471,4746,4746
90026,0,655,9523,9870,9900
90027,0,470,6320,6611,6618
90028,0,143,2053,2106,2112
90029,0,153,3649,3716,3724
90031,0,284,5655,5800,5800
90032,0,327,7899,8169,8169
90033,0,221,6190,6285,6310
90034,0,439,6723,6960,6967
90035,0,526,5003,5311,5311
90036,0,481,5309,5536,5541
90037,0,318,8232,8349,8365
90038,0,144,3111,3198,3198
90039,0,574,6823,7161,7161
90040,0,132,3215,3301,3308
90041,0,414,5431,5675,5675
90042,0,478,9154,9565,9565
90043,0,776,11465,11907,11943
90044,0,736,14971,15308,15354
90045,0,910,9895,10572,10583
90046,0,554,6542,6850,6850
90047,0,581,12479,12866,12905
90048,0,438,4357,4611,4611
90049,0,1091,7562,8202,8210
90056,0,256,2432,2610,2615
90057,0,71,1403,1434,1439
90058,0,82,2066,2112,2112
90059,0,259,6804,6951,6979
90061,0,320,5618,5787,5810
90062,0,277,6437,6569,6589
90063,0,229,9008,9136,9145
90064,0,668,6620,7035,7035
90065,0,807,8863,9252,9271
90066,0,1079,10920,11472,11494
90067,0,21,198,211,212
90068,0,402,4449,4673,4683
90069,0,338,3238,3412,3415
90077,0,487,2641,2928,2928
90094,0,41,331,354,355
90201,0,185,13012,13171,13171
90210,0,1060,6277,6862,6876
90211,0,190,1625,1727,1729
90212,0,235,1955,2070,2076
90220,0,425,11218,11482,11505
90221,0,255,9993,10197,10217
90222,0,255,6555,6702,6709
90230,0,585,5842,6209,6209
90232,0,420,3875,4110,4114
90240,0,343,6204,6450,6457
90241,0,234,8823,8994,9003
90242,0,261,8203,8423,8423
90245,0,523,4736,5125,5125
90247,0,372,9089,9284,9293
90248,0,154,4145,4273,4282
90249,0,335,6873,7130,7137
90250,0,543,16022,16450,16450
90254,0,455,4651,5102,5107
90255,0,287,9739,9857,9887
90260,0,201,7585,7740,7740
90262,0,292,10617,10780,10812
90265,0,711,5336,5929,5935
90266,0,1462,10209,11385,11396
90270,0,70,3451,3500,3503
90272,0,1139,6754,7685,7693
90274,0,1096,8109,9123,9123
90275,0,1564,12738,13967,13995
90277,0,530,7867,8405,8405
90278,0,946,10122,10850,10850
90280,0,444,15064,15310,15325
90290,0,188,1484,1624,1626
90291,0,742,6263,6684,6691
90292,0,172,1559,1675,1675
90293,0,146,1739,1844,1848
90301,0,169,5669,5814,5820
90302,0,157,4676,4785,4785
90303,0,204,5228,5346,5352
90304,0,140,4411,4492,4501
90305,0,182,4318,4433,4438
90401,0,79,669,708,708
90402,0,562,3026,3341,3341
90403,0,379,2864,3103,3106
90404,0,298,3125,3307,3307
90405,0,630,5164,5512,5523
90501,0,558,9365,9806,9806
90502,0,176,4513,4634,4638
90503,0,530,9569,10009,10019
90504,0,497,8664,9016,9025
90505,0,639,9468,9997,9997
90601,0,428,7770,8069,8077
90602,0,156,4736,4857,4857
90603,0,357,5786,6028,6034
90604,0,466,9093,9502,9502
90605,0,502,9325,9644,9663
90606,0,205,7344,7572,7579
90620,0,263,11919,12533,12558
90621,0,151,6303,6538,6552
90623,0,208,3998,4323,4332
90630,0,309,12650,13416,13442
90631,0,437,16029,16768,16785
90638,0,662,12964,13490,13490
90640,0,638,12601,12992,13005
90650,0,667,21662,22195,22217
90660,0,719,13884,14330,14345
90670,0,228,5845,6025,6025
90680,0,180,5774,5979,5997
90701,0,178,4029,4136,4140
90703,0,864,13935,14609,14623
90706,0,461,15020,15328,15359
90710,0,234,5672,5854,5860
90712,0,517,9518,9935,9935
90713,0,573,8760,9241,9241
90715,0,181,4179,4304,4304
90716,0,50,2367,2396,2398
90717,0,373,5386,5647,5652
90720,0,252,6578,7204,7211
90723,0,230,9441,9575,9584
90731,0,664,11849,12280,12304
90732,0,416,5356,5698,5704
90740,0,232,5916,6261,6267
90744,0,343,9610,9806,9816
90745,0,636,12772,13249,13262
90746,0,520,7855,8219,8243
90755,0,145,2676,2785,2788
90802,0,168,2953,3057,3057
90803,0,490,8047,8453,8461
90804,0,173,5648,5769,5775
90805,0,465,16909,17185,17219
90806,0,188,7352,7487,7502
90807,0,480,7895,8284,8284
90808,0,926,12807,13583,13597
90810,0,297,7630,7818,7834
90813,0,214,6565,6672,6692
90814,0,174,4015,4144,4152
90815,0,755,11452,11979,11991
91001,0,775,8824,9448,9448
91006,0,843,9065,9685,9685
91007,0,377,7512,7858,7858
91008,0,55,475,517,517
91010,0,302,6100,6288,6295
91011,0,829,5376,6048,6048
91016,0,494,10129,10518,10518
91020,0,133,1476,1538,1545
91024,0,240,2790,2997,3000
91030,0,351,4208,4501,4506
91040,0,329,5442,5687,5692
91042,0,328,6085,6293,6306
91101,0,124,1337,1402,1406
91103,0,319,4574,4806,4825
91104,0,443,7056,7366,7381
91105,0,324,2448,2691,2693
91106,0,214,3716,3891,3895
91107,0,797,8845,9481,9490
91108,0,507,3776,4182,4186
91201,0,188,4329,4468,4468
91202,0,258,3940,4087,4099
91203,0,93,1619,1671,1672
91204,0,93,1893,1932,1934
91205,0,237,4053,4153,4161
91206,0,244,4574,4774,4779
91207,0,186,2425,2548,2553
91208,0,339,3751,3940,3940
91214,0,730,7351,7946,7946
91301,0,806,6705,7393,7393
91302,0,996,7010,7788,7788
91303,0,113,3138,3216,3216
91304,0,439,9386,9777,9777
91306,0,482,8656,8924,8933
91307,0,618,7537,8011,8019
91311,0,684,9876,10373,10384
91316,0,391,4954,5140,5150
91320,0,948,12666,13920,13920
91321,0,290,6049,6288,6295
91324,0,416,5864,6103,6109
91325,0,505,6339,6632,6652
91326,0,966,9566,10296,10296
91331,0,597,17556,18045,18063
91335,0,523,12762,13089,13089
91340,0,338,7029,7187,7194
91342,0,672,17160,17690,17690
91343,0,638,10259,10642,10642
91344,0,941,14003,14694,14709
91345,0,299,4371,4502,4525
91350,0,507,9591,10159,10159
91351,0,371,8156,8418,8435
91352,0,640,10123,10480,10490
91354,0,588,7526,8050,8050
91355,0,454,7735,8108,8108
91356,0,483,5710,6108,6108
91360,0,505,11795,12603,12628
91361,0,443,6580,7130,7137
91362,0,711,10210,11088,11121
91364,0,547,6755,7202,7202
91367,0,585,8404,8856,8874
91377,0,296,3721,4103,4107
91381,0,421,4382,4779,4779
91384,0,2,30,32,32
91387,0,246,3624,3791,3795
91390,0,242,2647,2846,2849
91401,0,417,6598,6837,6837
91402,0,260,6910,7030,7037
91403,0,398,4199,4443,4443
91405,0,280,5842,5949,5967
91406,0,498,9132,9348,9376
91411,0,189,3177,3299,3302
91423,0,472,5382,5672,5672
91436,0,663,4233,4636,4636
91501,0,135,3337,3451,3454
91502,0,50,1504,1526,1528
91504,0,467,5854,6143,6149
91505,0,612,8353,8738,8756
91506,0,548,5433,5713,5724
91601,0,374,5088,5246,5257
91602,0,208,2901,3009,3012
91604,0,537,5413,5771,5771
91605,0,480,9507,9791,9801
91606,0,338,6855,7031,7038
91607,0,289,4233,4360,4369
91701,0,626,11576,12057,12057
91702,0,325,12133,12494,12494
91706,0,402,15213,15507,15507
91708,0,71,1764,1809,1811
91709,0,1440,19138,19998,20038
91710,0,869,20603,21154,21154
91711,0,745,9457,10041,10051
91722,0,299,8293,8541,8541
91723,0,172,4188,4295,4304
91724,0,319,7026,7243,7243
91730,0,741,14643,15142,15142
91731,0,102,5267,5342,5342
91732,0,339,10983,11243,11254
91733,0,275,8993,9158,9167
91737,0,522,6714,7053,7060
91739,0,918,9113,9757,9767
91740,0,294,6607,6840,6840
91741,0,649,8587,9038,9038
91744,0,470,16338,16791,16791
91745,0,845,13875,14560,14575
91746,0,256,7077,7325,7333
91748,0,477,11250,11634,11658
91750,0,619,10732,11250,11250
91752,0,403,8404,8745,8754
91754,0,473,7892,8257,8265
91755,0,218,5863,6033,6045
91761,0,515,14857,15160,15160
91762,0,326,12773,13007,13033
91763,0,197,8131,8229,8237
91764,0,259,10139,10325,10325
91765,0,754,12130,12769,12769
91766,0,526,13841,14197,14225
91767,0,394,10037,10348,10358
91768,0,173,6530,6656,6656
91770,0,520,14072,14433,14433
91773,0,617,9653,10128,10128
91775,0,427,6159,6470,6476
91776,0,340,7622,7907,7907
91780,0,635,9925,10405,10415
91784,0,935,8540,9163,9172
91786,0,437,11858,12126,12150
91789,0,951,12469,13156,13169
91790,0,523,10737,11149,11149
91791,0,387,7939,8211,8219
91792,0,235,5852,6009,6021
91801,0,432,9345,9575,9594
91803,0,280,6445,6638,6651
91902,6,776,5623,5720,5720
91910,0,1756,16846,17051,17051
91911,0,1246,16448,16614,16614
91913,0,1397,9962,10134,10134
91914,0,753,3968,4066,4066
91915,20,827,6442,6527,6527
91932,0,422,5294,5347,5347
91935,0,67,325,335,335
91941,0,1281,9803,9942,9942
91942,10,957,9646,9753,9753
91945,0,465,7352,7381,7381
91950,0,851,10695,10792,10792
91977,0,1174,13278,13481,13481
91978,0,244,2756,2776,2776
92003,0,292,2023,2052,2052
92007,0,721,3134,3207,3207
92008,0,1130,8051,8190,8190
92009,36,2973,11698,12035,12035
92010,0,733,4642,4722,4727
92011,0,1423,7045,7196,7196
92014,0,1611,5621,5795,5795
92019,0,1190,10709,10839,10839
92020,25,1103,12291,12427,12427
92021,0,984,11036,11159,11159
92024,0,3436,15906,16380,16380
92025,0,1513,10972,11150,11150
92026,0,1644,13030,13161,13161
92027,0,1384,13319,13480,13480
92028,0,849,7781,7860,7860
92029,7,1204,7371,7491,7491
92037,0,2518,11465,11844,11844
92040,12,1093,11317,11489,11489
92054,0,775,9479,9555,9555
92056,0,1424,14812,14977,14977
92057,14,1486,14088,14288,14288
92058,0,473,7104,7154,7161
92059,0,9,36,36,36
92064,0,2628,14376,14684,14684
92067,0,581,1765,1841,1841
92069,0,1331,11193,11375,11375
92071,0,1622,15073,15303,15303
92075,0,819,3812,3902,3902
92078,13,2051,12831,13079,13079
92081,0,848,8143,8234,8234
92082,0,109,922,938,938
92083,0,563,7876,7932,7932
92084,0,1447,12777,12919,12919
92091,1,350,1363,1415,1415
92101,0,349,2293,2338,2340
92102,51,557,8373,8441,8441
92103,0,873,7052,7211,7211
92104,0,894,9897,10048,10048
92105,0,734,11716,11822,11822
92106,0,1348,6144,6314,6321
92107,0,994,7640,7764,7764
92108,0,150,1508,1530,1530
92109,0,1385,10723,10908,10908
92110,0,821,6416,6521,6521
92111,35,1240,11447,11574,11574
92113,0,672,9113,9187,9187
92114,50,1374,16369,16551,16551
92115,48,1219,11902,12059,12059
92116,0,892,8261,8344,8344
92117,62,1882,15166,15443,15443
92118,0,1038,5497,5650,5650
92119,7,968,6863,7017,7017
92120,64,1367,8951,9115,9115
92121,0,523,2521,2583,2583
92122,63,1029,6103,6272,6272
92123,0,950,7309,7420,7420
92124,0,845,6706,6801,6801
92126,0,2292,16722,16994,16994
92127,0,2744,11799,12089,12089
92128,0,2002,13218,13502,13502
92129,0,2734,13278,13618,13618
92130,0,3518,12420,12791,12791
92131,0,2275,9646,9893,9893
92139,0,532,7297,7386,7386
92154,0,1143,15117,15254,15254
92173,0,2,15,15,15
92201,0,478,17300,17672,17707
92203,0,515,10756,11171,11193
92210,0,235,2497,2730,2732
92211,0,603,14789,15453,15468
92220,0,336,10594,10832,10832
92223,0,441,16509,16933,16950
92231,0,0,1,1,1
92234,0,709,15971,16483,16515
92236,0,176,7890,7986,7994
92240,0,208,6182,6276,6295
92241,0,0,11,11,11
92243,0,426,11260,11502,11514
92249,0,1,9,9,9
92251,13,809,4205,4260,4260
92253,0,709,17793,18595,18633
92260,0,853,14614,15224,15269
92262,0,633,10599,11066,11099
92264,0,463,8870,9213,9250
92270,0,705,9498,10213,10223
92274,0,127,795,801,801
92276,0,33,3251,3284,3287
92277,0,183,4720,4821,4826
92283,0,20,398,410,412
92301,0,187,5766,5830,5842
92307,0,428,10969,11273,11273
92308,0,386,12637,12869,12882
92311,0,369,6655,6806,6833
92313,0,72,3555,3609,3609
92314,0,206,4792,4885,4900
92315,0,70,1442,1486,1486
92316,0,176,8259,8342,8351
92320,0,114,3383,3455,3459
92321,0,45,371,398,399
92324,0,458,13196,13425,13452
92325,0,23,738,748,748
92333,0,24,667,674,674
92335,0,546,19228,19521,19540
92336,0,1455,22438,23424,23424
92337,0,335,9949,10162,10162
92342,0,69,2047,2091,2091
92344,0,174,4234,4356,4356
92345,0,818,24355,24726,24776
92346,0,535,14875,15303,15303
92352,0,83,1219,1277,1280
92354,0,289,5479,5672,5683
92358,0,0,13,13,13
92359,0,63,2683,2721,2721
92363,0,3,98,99,99
92373,0,561,9410,9843,9863
92374,0,550,11370,11722,11722
92376,0,416,17075,17318,17336
92377,0,331,5484,5678,5690
92378,0,0,107,107,107
92386,0,9,167,172,172
92391,0,2,99,100,100
92392,0,370,15174,15421,15436
92394,0,395,8323,8546,8571
92395,0,490,13269,13568,13595
92399,0,932,18097,18637,18637
92401,0,14,436,443,443
92404,0,478,12601,12898,12911
92405,0,239,6180,6294,6306
92407,0,567,14145,14523,14523
92408,0,204,3827,3905,3917
92410,0,155,8979,9097,9097
92411,0,142,5796,5896,5896
92501,0,244,5331,5525,5525
92503,0,624,21507,22309,22309
92504,0,575,14635,15104,15119
92505,0,227,11127,11332,11343
92506,0,814,14435,15023,15068
92507,0,456,11000,11388,11411
92508,0,705,9704,10347,10347
92509,0,482,19571,20093,20093
92518,0,33,734,754,758
92530,42,2118,13865,13935,13935
92532,0,241,5944,6173,6173
92543,0,490,11073,11358,11393
92544,0,389,14092,14438,14438
92545,0,357,15149,15475,15490
92548,0,21,2597,2631,2634
92551,0,160,7467,7611,7611
92553,0,311,15997,16358,16358
92555,0,373,10546,10919,10930
92557,0,335,13602,13979,13993
92562,0,3726,17546,17741,17741
92563,0,996,17251,18084,18102
92567,0,138,3790,3940,3940
92570,0,535,16358,16709,16726
92571,0,428,12983,13371,13384
92582,0,184,4933,5091,5096
92583,0,161,9334,9485,9485
92584,0,512,15382,15990,15990
92585,0,301,7274,7514,7522
92586,0,176,9608,9774,9784
92587,0,275,6133,6376,6396
92590,8,193,948,955,955
92591,0,612,11090,11552,11552
92592,0,5855,23325,23655,23655
92595,0,335,10779,11170,11170
92596,0,242,7774,8081,8081
92602,0,353,4814,5252,5273
92603,0,314,4837,5509,5526
92604,0,175,7134,7574,7589
92606,0,280,4221,4650,4664
92610,0,154,3010,3352,3352
92612,0,239,4109,4396,4418
92614,0,326,5435,5902,5920
92617,0,99,1454,1608,1617
92618,0,540,7217,7932,7956
92620,0,878,11129,12354,12354
92624,0,410,2698,2756,2756
92625,0,188,4739,5379,5384
92626,0,329,11071,11728,11740
92627,0,583,13586,14533,14562
92629,0,1373,8564,8739,8739
92630,0,2246,15137,15524,15524
92637,0,154,3251,3281,3281
92646,0,644,17099,18349,18368
92647,0,396,13396,14117,14145
92648,0,453,11753,12609,12609
92649,0,374,9933,10681,10681
92651,0,2229,10047,10368,10368
92653,0,1184,7792,7984,7984
92655,0,101,1699,1800,1809
92656,0,1589,10553,10834,10834
92657,0,225,3253,3744,3752
92660,0,598,9094,10280,10311
92661,0,137,1438,1667,1670
92662,0,60,1224,1366,1366
92663,0,449,6074,6677,6704
92672,32,1622,10318,10583,10583
92673,0,2032,8751,9040,9049
92675,0,1599,10154,10392,10392
92676,0,5,78,85,85
92677,18,3059,17526,17976,17976
92679,17,2329,8399,8739,8739
92683,0,671,20470,21551,21616
92688,0,1631,9292,9530,9530
92691,0,2110,13219,13614,13614
92692,0,2517,13731,14113,14113
92694,0,1431,5518,5731,5737
92701,0,141,5715,5844,5856
92703,0,166,10025,10335,10356
92704,0,276,13913,14479,14493
92705,0,772,11724,12843,12869
92706,0,231,6322,6600,6613
92707,0,121,9754,10066,10076
92708,0,546,15039,16066,16066
92780,0,276,10638,11047,11069
92782,0,293,4949,5416,5416
92801,0,188,9592,9879,9899
92802,0,174,6676,6962,6969
92804,0,488,14120,14712,14771
92805,0,282,11402,11718,11730
92806,0,274,7390,7812,7820
92807,0,354,10207,11060,11060
92808,0,217,4899,5419,5419
92821,0,313,10444,11171,11171
92823,0,71,1152,1298,1299
92831,0,383,6928,7318,7362
92832,0,131,5224,5459,5459
92833,0,380,11562,12224,12261
92835,0,275,6625,7239,7239
92840,0,145,10694,11129,11140
92841,0,310,7255,7550,7581
92843,0,133,7981,8263,8280
92844,0,119,3931,4095,4103
92845,0,303,4977,5301,5317
92860,0,637,9662,10269,10269
92861,0,151,1979,2254,2256
92865,0,57,5393,5696,5701
92866,0,137,3943,4142,4154
92867,0,274,11122,11909,11921
92868,0,100,4177,4321,4334
92869,0,530,9684,10606,10606
92870,0,441,12905,13704,13745
92879,0,434,10546,10839,10839
92880,0,1118,16858,18030,18030
92881,0,671,8217,8817,8835
92882,0,663,15112,15743,15759
92883,0,749,9353,9973,9993
92886,0,803,14336,15721,15753
92887,0,338,5764,6375,6382
93001,0,209,8796,9078,9087
93003,0,470,13988,14634,14649
93004,0,378,8202,8589,8607
93010,0,722,13128,13849,13891
93012,0,372,10732,11273,11284
93013,0,401,5077,5484,5489
93021,0,592,9821,10583,10583
93022,0,50,2316,2402,2402
93023,0,346,7251,7666,7673
93030,0,337,11194,11647,11647
93033,0,301,14050,14351,14366
93035,0,382,8308,8681,8681
93036,0,239,9254,9560,9570
93041,0,129,5045,5143,5148
93060,0,221,7945,8183,8183
93063,0,628,15275,16097,16113
93065,0,694,19766,21028,21028
93066,0,80,1176,1288,1290
93101,0,263,6452,6742,6756
93103,0,138,5209,5501,5501
93105,0,1049,6820,7218,7225
93108,0,503,4728,5333,5343
93109,0,263,3446,3758,3758
93110,0,341,4772,5073,5093
93111,0,285,5255,5689,5695
93117,0,1123,8718,9120,9129
93202,0,15,698,709,711
93215,0,353,9992,10093,10093
93221,0,26,4201,4340,4340
93223,0,8,2479,2505,2505
93230,0,866,19839,20121,20121
93235,0,9,367,373,374
93245,0,15,325,331,331
93247,0,87,3225,3332,3345
93250,0,87,2672,2699,2704
93257,0,307,17726,18034,18106
93267,0,18,752,771,774
93274,0,796,20629,20964,20985
93277,0,492,16442,16917,16968
93291,0,948,16504,16859,16893
93292,0,552,11479,11714,11714
93301,0,294,4205,4322,4326
93304,0,523,13185,13359,13386
93305,0,524,9712,9880,9900
93306,0,850,16292,16676,16676
93307,0,617,20324,20550,20550
93308,0,988,17877,18261,18280
93309,0,684,15628,15914,15914
93311,0,1379,13465,14056,14056
93312,0,1633,18834,19456,19476
93313,0,603,13489,13735,13735
93314,0,811,8588,8891,8891
93401,0,900,10097,10355,10355
93405,0,740,6507,6722,6736
93420,0,728,10141,10391,10391
93422,0,617,7965,8119,8127
93424,0,31,230,240,240
93433,0,254,4721,4803,4803
93444,0,374,5366,5503,5503
93445,0,110,2414,2441,2446
93446,0,997,11419,11712,11712
93449,14,485,4428,4583,4583
93454,0,385,9461,9596,9596
93455,0,878,14306,14657,14657
93458,0,251,9907,10027,10027
93465,2,227,2366,2444,2444
93534,0,340,10365,10620,10642
93535,0,746,16153,16517,16550
93536,0,1697,19470,19929,19949
93543,0,18,659,667,668
93550,0,651,17662,18096,18114
93551,0,1123,15559,16275,16275
93552,0,212,9871,10053,10063
93611,0,795,11863,12230,12230
93612,0,308,9506,9602,9621
93616,0,17,572,580,580
93618,0,348,6818,6950,6964
93619,0,732,7481,7785,7793
93625,0,193,1898,1986,1990
93631,0,282,4570,4692,4697
93635,0,401,10096,10292,10292
93636,4,45,601,620,620
93637,0,498,9529,9773,9773
93638,0,394,9221,9371,9381
93646,0,0,1,1,1
93648,0,133,3099,3156,3156
93650,0,36,1001,1014,1015
93654,0,308,6694,6852,6852
93657,0,251,7738,7856,7856
93662,0,263,6643,6744,6751
93673,0,0,15,15,15
93701,0,166,2816,2848,2865
93702,0,436,10458,10628,10650
93703,0,457,8439,8603,8620
93704,0,621,9039,9262,9271
93705,0,413,9211,9370,9380
93706,0,822,10149,10476,10518
93710,0,402,7870,8047,8047
93711,0,928,12454,12879,12892
93720,0,942,14279,14706,14721
93721,0,51,1361,1388,1389
93722,0,1164,22722,23304,23304
93723,0,139,2107,2176,2176
93725,0,220,5852,5959,5959
93726,0,490,9813,9973,10003
93727,0,1009,18530,19025,19044
93728,0,366,4986,5141,5151
93730,0,534,4087,4303,4303
93737,0,11,213,218,218
93901,0,464,8077,8292,8292
93905,0,316,9417,9542,9561
93906,0,493,13046,13325,13325
93907,0,170,2811,2868,2874
93908,0,273,1985,2118,2118
93923,0,612,5455,5730,5730
93924,0,16,138,146,146
93933,0,398,6265,6400,6413
93940,0,660,8475,8801,8801
93950,0,350,4558,4714,4718
93953,0,243,1831,1952,1954
93955,0,397,8823,9012,9012
94002,0,1118,6588,7108,7108
94005,0,170,1237,1327,1327
94010,0,1966,10881,11918,11918
94014,0,631,8056,8401,8401
94015,0,1200,11740,12383,12383
94018,0,2,9,10,10
94019,0,733,5314,5672,5677
94022,0,1566,5977,6686,6686
94024,0,1898,6830,7631,7631
94025,0,1909,9906,10899,10910
94027,0,582,2538,2858,2858
94028,0,412,1958,2178,2178
94030,0,672,5601,5952,5952
94037,0,108,647,699,699
94038,0,108,948,1002,1002
94040,0,1015,5740,6146,6158
94041,0,486,2945,3177,3177
94043,0,1050,6057,6507,6513
94044,0,1279,10182,10843,10843
94061,0,1059,8403,8911,8911
94062,0,1494,7603,8346,8346
94063,0,540,5726,6014,6014
94065,0,472,2598,2864,2864
94066,0,795,9595,10058,10058
94070,0,1875,8722,9694,9694
94080,0,1722,14905,15688,15704
94085,0,640,3621,3902,3902
94086,0,1286,7445,8024,8024
94087,0,2401,12797,13866,13880
94089,0,810,5098,5465,5471
94102,0,26,1150,1250,1255
94103,0,99,2087,2344,2356
94104,0,0,53,56,56
94105,0,12,188,233,234
94107,0,76,2862,3305,3308
94108,0,20,622,665,669
94109,0,41,2833,3149,3158
94110,0,451,9674,10962,10995
94111,0,5,207,242,242
94112,0,1216,14054,14985,14985
94114,0,93,5321,6219,6225
94115,0,113,3046,3507,3514
94116,0,405,9723,10949,10960
94117,0,132,4157,4882,4887
94118,0,160,6029,6931,6931
94121,0,267,7460,8320,8345
94122,0,285,10129,11384,11407
94123,0,158,3233,3845,3849
94124,0,441,6666,6974,6995
94127,0,175,5229,6242,6255
94129,0,23,488,595,595
94130,0,0,307,335,335
94131,0,261,5511,6502,6515
94132,0,364,4573,4849,4849
94133,0,204,2218,2368,2373
94134,0,545,6983,7461,7461
94158,0,1,87,103,103
94301,0,786,3843,4201,4201
94303,0,1305,9031,9669,9669
94304,0,107,668,710,710
94305,0,193,1126,1201,1207
94306,0,1286,6251,6795,6795
94401,0,553,5877,6136,6148
94402,0,1112,6663,7219,7226
94403,0,1502,9339,10030,10030
94404,0,1023,6844,7366,7366
94501,0,1373,13248,13844,13844
94502,0,702,3689,4010,4014
94503,0,584,5815,6153,6153
94505,0,761,5225,5600,5600
94506,0,1340,6387,6942,6942
94507,0,1170,4786,5342,5342
94508,0,23,350,361,362
94509,0,1221,18491,19045,19064
94510,0,922,8902,9331,9331
94513,0,1957,17929,18775,18794
94514,0,0,8,8,8
94515,0,171,1751,1838,1838
94517,0,485,3617,3844,3848
94518,0,689,7185,7484,7499
94519,0,465,5965,6194,6194
94520,0,396,6761,6928,6942
94521,0,1121,11760,12314,12326
94523,0,1054,9335,9837,9837
94525,0,112,1164,1216,1219
94526,0,1863,9430,10305,10305
94530,0,973,7708,8141,8158
94531,0,867,11787,12191,12191
94533,0,912,18941,19368,19407
94534,0,1209,12306,12846,12846
94535,0,16,1157,1164,1164
94536,0,2071,15274,16148,16148
94538,0,1348,12249,12853,12853
94539,0,2713,13174,14524,14524
94541,0,867,14021,14441,14455
94542,0,447,3309,3513,3517
94544,0,1139,14819,15373,15373
94545,0,666,8342,8645,8654
94546,0,1263,12356,12884,12884
94547,0,721,6038,6377,6383
94549,0,1635,7706,8498,8498
94550,0,2079,14475,15384,15384
94551,0,1160,10956,11495,11495
94552,0,776,3900,4290,4290
94553,0,1380,14077,14679,14694
94555,0,1362,7549,8205,8205
94556,0,715,4138,4489,4494
94558,0,1970,20061,20941,20962
94559,0,421,8345,8594,8594
94560,0,1396,10426,11058,11069
94561,0,996,11574,11994,11994
94563,0,1168,4606,5133,5133
94564,0,418,5713,5872,5878
94565,0,1356,22773,23381,23381
94566,0,1916,10872,11753,11753
94568,0,2015,10864,11795,11795
94572,0,204,2715,2799,2802
94574,0,355,3290,3478,3478
94576,0,3,41,42,42
94577,0,1077,12329,12842,12842
94578,0,489,7866,8135,8135
94579,0,404,6035,6221,6221
94580,0,617,7625,7894,7894
94582,0,1684,8768,9606,9615
94583,0,1630,9253,10003,10003
94585,0,445,8177,8395,8395
94587,0,1912,15187,16055,16055
94588,0,1284,7463,8061,8061
94589,0,354,8488,8635,8635
94590,0,665,10425,10704,10714
94591,0,1194,16374,17022,17039
94592,1,41,629,650,650
94595,0,311,3644,3788,3792
94596,0,549,4289,4543,4543
94597,0,510,4477,4727,4727
94598,0,1246,7374,7997,7997
94599,0,82,1188,1227,1228
94601,0,551,9011,9186,9186
94602,0,951,7823,8270,8270
94603,8,273,7471,7584,7584
94605,0,1193,11361,11910,11934
94606,0,335,5741,5864,5870
94607,0,402,3848,4021,4025
94608,0,649,5493,5794,5800
94609,0,472,4692,4918,4918
94610,0,742,5190,5522,5528
94611,0,1465,8006,8704,8712
94612,0,93,991,1031,1031
94618,0,882,4556,4975,4980
94619,0,720,7024,7347,7347
94621,0,475,6963,7179,7194
94702,0,469,4577,4783,4783
94703,0,534,4318,4555,4560
94704,0,211,1685,1770,1774
94705,0,536,3283,3545,3545
94706,0,572,4287,4615,4615
94707,0,761,4168,4496,4496
94708,0,664,3342,3645,3649
94709,0,164,1611,1681,1681
94710,0,235,2223,2325,2325
94720,0,41,227,242,243
94801,0,377,6824,6971,6992
94803,0,575,7827,8111,8111
94804,0,661,10683,11013,11024
94805,0,279,4623,4741,4741
94806,0,628,12787,13062,13075
94901,0,1057,9747,10250,10260
94903,0,962,8503,8970,8979
94904,0,439,2935,3153,3156
94920,0,714,3859,4265,4265
94925,0,508,2633,2919,2919
94928,0,570,9870,10195,10195
94930,0,228,1920,2028,2030
94931,0,181,3274,3364,3364
94939,0,261,1610,1760,1766
94941,0,1409,7392,8052,8052
94945,0,709,5557,5906,5918
94947,0,829,6450,6833,6840
94949,0,478,4975,5194,5199
94951,0,241,2291,2414,2414
94952,0,1279,13630,14213,14213
94954,0,883,11934,12419,12431
94957,0,133,580,652,652
94960,0,640,4143,4474,4474
94965,0,280,2801,2977,2977
95002,0,55,532,554,554
95003,0,874,7175,7601,7601
95004,0,3,19,20,20
95005,0,59,703,731,731
95006,0,36,412,429,430
95007,0,0,1,1,1
95008,0,1629,11248,11967,11967
95010,0,165,2919,2994,2994
95012,0,22,1380,1388,1388
95014,0,2796,13772,14968,14968
95018,0,83,872,916,916
95019,0,49,1561,1588,1588
95020,0,1118,12533,12988,13001
95023,0,800,11628,11938,11938
95030,0,940,3976,4397,4402
95032,0,1369,7227,7821,7829
95033,0,7,41,44,44
95035,0,2297,14344,15226,15241
95037,0,10,74,78,78
95039,0,2,39,40,40
95043,0,2,29,30,30
95045,0,0,2,2,2
95050,0,1082,8318,8711,8737
95051,0,1874,11390,12181,12181
95054,0,821,4273,4606,4606
95060,0,1206,10857,11478,11478
95062,0,1227,10909,11471,11471
95064,0,44,359,378,379
95065,0,186,1982,2084,2084
95066,0,435,3689,3908,3912
95070,0,1923,9859,10693,10693
95073,0,283,2871,3012,3012
95076,0,942,14036,14471,14471
95110,0,389,3249,3423,3423
95111,0,713,10854,11144,11155
95112,0,955,9701,10043,10063
95113,0,25,173,184,184
95116,0,519,7413,7619,7626
95117,0,453,4524,4722,4722
95118,0,1162,8157,8659,8659
95119,0,385,2714,2894,2897
95120,0,2586,11090,12254,12254
95121,0,813,8357,8742,8742
95122,0,552,8960,9199,9199
95123,0,1826,14577,15460,15475
95124,0,2448,13785,14824,14824
95125,0,2220,14224,15040,15055
95126,0,615,5983,6272,6272
95127,0,1100,13482,13928,13942
95128,0,862,7535,7915,7915
95129,0,1581,8594,9310,9320
95130,0,620,3385,3667,3671
95131,0,906,6051,6396,6396
95132,0,1408,9380,9989,9989
95133,0,728,4988,5278,5283
95134,0,342,1813,1954,1954
95135,0,1011,4969,5437,5437
95136,0,1072,9213,9647,9647
95138,0,883,4509,4906,4906
95139,0,322,1775,1907,1907
95140,0,17,167,173,174
95148,0,1600,10610,11348,11348
95202,0,88,1122,1153,1158
95203,0,135,4591,4651,4656
95204,0,385,9933,10095,10095
95205,0,445,10695,10836,10858
95206,0,655,17369,17652,17670
95207,0,549,11466,11676,11676
95209,0,571,11874,12154,12154
95210,0,408,9048,9271,9280
95212,0,407,7478,7677,7677
95215,0,424,6981,7168,7183
95219,0,470,7350,7569,7585
95220,0,57,712,739,739
95231,0,24,1246,1260,1260
95240,0,503,11796,11988,11988
95242,0,451,8005,8202,8202
95258,0,89,1286,1324,1325
95301,0,570,11392,11625,11637
95307,0,144,11709,11936,11948
95316,2,95,2120,2165,2165
95319,0,0,5,5,5
95320,0,236,4337,4453,4457
95322,0,15,481,486,486
95326,0,96,3878,3974,3982
95328,0,27,1077,1093,1096
95330,0,337,3741,3909,3913
95334,0,1,24,24,24
95336,0,663,14399,14738,14752
95337,0,669,9225,9560,9560
95340,0,776,11256,11580,11580
95341,0,322,7889,8026,8050
95348,0,408,8468,8667,8667
95350,0,544,15499,15995,16011
95351,0,326,12222,12548,12561
95354,0,238,8221,8501,8501
95355,0,371,17205,17682,17700
95356,0,702,10698,10939,10961
95357,0,330,5032,5150,5155
95358,0,379,8652,8793,8802
95361,0,602,9891,10187,10187
95366,0,491,5462,5690,5701
95367,0,523,7250,7474,7474
95368,0,198,4229,4311,4315
95380,0,572,12462,12690,12716
95382,0,413,11052,11466,11477
95388,0,82,3676,3713,3716
95389,0,3,58,59,59
95401,0,608,10526,10819,10852
95403,0,748,12720,13101,13114
95404,0,700,11258,11666,11666
95405,0,479,6870,7142,7142
95407,0,329,10784,10937,10948
95409,0,705,9343,9794,9814
95436,0,74,1098,1135,1135
95439,0,45,439,460,460
95441,0,6,74,77,77
95442,0,161,1124,1209,1209
95448,0,515,6089,6357,6357
95452,0,106,609,665,666
95470,0,25,510,522,522
95472,0,1010,11899,12411,12448
95476,0,1175,14111,14854,14869
95482,0,399,7206,7376,7384
95492,0,691,8958,9322,9341
95501,0,233,8619,8960,8978
95503,0,117,6288,6476,6489
95519,0,92,5233,5412,5423
95521,0,159,4489,4672,4676
95537,0,0,114,114,114
95564,0,1,40,41,41
95602,0,231,3951,4044,4044
95603,0,768,9456,9850,9850
95605,0,163,3400,3466,3473
95608,0,399,17523,18195,18213
95610,0,463,11953,12172,12172
95612,0,5,85,87,87
95616,0,1045,9036,9483,9492
95618,0,876,6880,7274,7289
95619,0,40,1117,1135,1136
95620,0,2,40,41,41
95621,0,233,12607,12917,12930
95623,0,27,735,747,747
95624,0,450,19304,20449,20449
95626,0,149,2108,2185,2187
95628,0,606,13078,13767,13795
95630,0,2326,20688,21851,21873
95648,0,1519,18709,19468,19468
95650,0,736,5393,5743,5749
95652,0,18,442,453,456
95655,0,79,1403,1490,1496
95658,0,220,3026,3143,3143
95660,0,102,9144,9273,9283
95661,0,527,6925,7207,7214
95662,0,630,11413,11670,11681
95663,0,178,1387,1470,1473
95664,0,0,25,25,25
95667,0,370,5996,6169,6169
95670,0,332,15304,15794,15810
95672,0,212,1865,1984,1984
95673,0,197,6367,6537,6557
95677,0,549,8325,8557,8574
95678,0,624,11844,12248,12260
95682,0,772,9062,9420,9420
95683,0,5,60,63,63
95687,0,1077,17381,17956,17956
95688,0,999,9978,10384,10384
95691,0,854,11419,11870,11870
95692,0,1,24,24,24
95695,0,461,9193,9391,9400
95703,0,3,57,59,59
95713,0,56,1475,1505,1506
95722,0,18,201,210,210
95742,0,475,4426,4640,4645
95746,0,1358,7437,8189,8189
95747,0,1846,19522,20485,20506
95757,0,656,11919,12859,12885
95758,0,662,18020,18909,18947
95762,0,1810,13151,14155,14155
95765,0,1008,10221,10736,10736
95776,0,398,5921,6123,6129
95811,0,35,1517,1585,1588
95814,0,62,1008,1040,1040
95815,0,180,6237,6424,6437
95816,0,85,3698,3860,3864
95817,0,77,3697,3823,3831
95818,0,408,5270,5507,5507
95819,0,187,5626,6025,6037
95820,0,265,11195,11448,11494
95821,0,310,9066,9377,9405
95822,0,734,13800,14110,14110
95823,0,296,17973,18399,18417
95824,0,151,7040,7154,7169
95825,0,169,5622,5797,5820
95826,0,361,11158,11600,11600
95827,0,104,6265,6472,6479
95828,0,440,17070,17581,17581
95829,0,411,8632,9088,9116
95830,0,22,427,466,467
95831,0,765,12734,13182,13182
95832,0,106,2819,2859,2865
95833,0,483,9235,9481,9481
95834,0,229,6217,6344,6344
95835,0,261,10384,10884,10884
95837,0,10,140,145,145
95838,0,263,9848,10081,10121
95841,0,87,4978,5132,5132
95842,0,138,7992,8105,8121
95843,0,630,12343,12595,12608
95864,0,322,8057,8674,8682
95901,0,283,8174,8315,8323
95917,0,0,29,29,29
95926,0,465,9047,9289,9307
95928,0,543,9393,9665,9675
95938,0,3,96,98,98
95945,0,249,4521,4618,4623
95949,0,127,2024,2076,2076
95953,0,5,110,112,112
95959,0,45,605,620,621
95961,0,241,5754,5871,5871
95965,0,251,4906,5016,5021
95966,0,376,10238,10446,10446
95968,0,12,559,566,566
95973,0,704,9919,10215,10215
95982,0,14,853,861,861
95991,0,623,11300,11542,11542
95993,0,719,12081,12404,12416
96001,0,576,11931,12262,12274
96002,0,364,11101,11351,11351
96003,0,772,16024,16352,16385
96007,0,386,8185,8361,8378
96008,0,12,159,165,165
96019,0,126,3173,3224,3227
96022,0,1,19,20,20
96062,0,1,25,26,26
96069,0,0,1,1,1
96073,0,103,1220,1276,1277
96087,0,4,87,90,90
96161,0,247,1746,1838,1842
80002,0,0,182,2933,4346
80003,0,0,150,6295,9269
80004,0,0,257,6054,9380
80005,0,0,413,5923,8967
80007,0,0,273,1943,2863
80010,0,0,214,5961,6596
80011,0,0,271,9162,10329
80012,0,0,253,7820,8649
80013,0,0,800,17064,19268
80014,0,0,238,6097,6743
80015,0,0,885,16482,18963
80016,0,0,1345,12222,14454
80017,0,0,195,6612,7446
80018,0,0,115,3248,3669
80019,0,0,16,616,706
80020,0,0,624,10203,14969
80021,0,0,259,5614,8521
80022,0,0,546,12077,14188
80023,0,0,513,4491,6106
80026,0,0,319,4816,8173
80027,0,0,557,5362,8723
80030,0,0,96,2763,3156
80031,0,19,504,7528,9216
80033,0,0,254,4495,6936
80045,0,0,14,98,114
80108,0,0,42,304,361
80110,0,0,238,5718,6361
80111,0,0,774,6420,7601
80112,0,0,489,6528,7607
80113,0,0,320,5245,6038
80118,0,0,0,3,3
80120,0,0,398,5767,6490
80121,0,0,520,5029,5812
80122,0,0,522,7715,8857
80123,0,0,604,9175,11868
80124,0,0,366,4065,4705
80125,0,0,19,157,187
80126,0,0,1012,8315,9892
80127,0,0,496,8672,13096
80128,0,0,343,6827,10204
80129,0,8,503,6294,7344
80130,0,0,542,5396,6326
80132,0,0,669,5222,5878
80133,0,0,9,285,303
80134,0,0,1190,13003,14880
80137,0,0,2,37,42
80138,0,0,709,7453,8799
80202,0,0,28,326,393
80203,0,1,58,1174,1372
80204,0,0,255,4565,5343
80205,0,0,405,5465,6513
80206,0,0,278,3492,4039
80207,0,17,449,4698,5619
80209,0,0,508,4626,5494
80210,0,0,811,7507,8935
80211,0,0,538,5972,7083
80212,0,0,358,3609,4425
80214,0,0,158,3151,4693
80215,0,0,152,3338,4981
80216,0,0,189,3270,3708
80218,0,0,108,1835,2163
80219,0,0,432,10009,11561
80220,0,0,358,5997,7043
80221,0,0,272,8280,9582
80222,0,0,274,4308,4997
80223,0,0,264,4174,4922
80224,0,0,141,3369,3882
80226,0,0,164,5031,7702
80227,0,0,230,5470,7559
80228,0,0,284,5575,8475
80229,0,0,237,9818,11204
80230,0,0,146,1362,1599
80231,0,14,172,4214,4726
80232,0,0,275,4024,5963
80233,0,0,219,10659,12105
80234,0,0,206,5392,6177
80235,0,0,41,1140,1495
80236,0,0,169,2890,3385
80237,0,4,184,3155,3623
80238,0,0,576,4056,5078
80239,0,0,140,7493,8689
80241,0,0,333,7566,8917
80246,0,0,59,1446,1625
80247,0,0,85,1864,2098
80249,0,0,218,6421,7441
80260,0,0,75,4744,5341
80301,0,0,242,3253,5442
80302,0,0,176,1445,2431
80303,0,0,378,2984,5066
80304,0,0,281,3270,5548
80305,0,0,331,2490,4134
80401,0,0,625,5339,8104
80403,0,0,338,3191,4770
80465,0,0,200,2617,3985
80503,0,0,15,281,489
80512,0,0,11,177,261
80514,0,0,7,208,254
80516,0,0,443,4620,6381
80521,0,0,348,5096,7270
80524,0,0,426,7438,10671
80525,0,0,583,9867,14239
80526,0,0,459,8126,11846
80528,0,0,304,3881,5563
80534,0,0,72,752,1064
80535,0,0,12,452,682
80537,0,0,354,8942,12955
80538,0,0,721,10879,15782
80543,0,0,1,34,41
80547,0,0,69,530,773
80550,0,0,142,2161,3028
80601,0,0,316,8715,10164
80602,0,0,815,9184,11018
80603,0,0,150,3467,4227
80620,0,0,172,4230,5138
80621,0,0,3,65,78
80631,0,0,333,9380,11380
80634,0,0,381,14741,17932
80640,0,0,115,3082,3569
80642,0,0,5,73,91
80645,0,0,1,75,94
80817,0,40,593,7891,7987
80829,0,2,45,339,347
80840,0,7,44,730,735
80902,0,19,75,1215,1225
80903,0,0,144,3212,3373
80904,0,123,693,6319,6468
80905,0,0,144,3972,4180
80906,0,124,1453,9216,9550
80907,0,0,379,7321,7795
80908,0,0,244,2286,2532
80909,0,0,305,8824,9165
80910,0,92,510,6053,6133
80911,0,149,861,10501,10597
80915,0,0,168,6102,6392
80916,0,68,644,8385,8436
80917,0,0,200,7433,7657
80918,0,0,528,12600,13088
80919,0,27,1274,8873,9139
80920,0,0,688,11308,11911
80921,0,0,591,5155,5716
80922,0,9,254,8258,8713
80923,0,0,289,8296,8707
80924,0,2,116,1750,1883
80925,0,1,60,681,690
80926,0,0,3,23,24
80927,0,0,27,304,334
80951,0,0,0,1,1
81001,0,231,1139,8771,8843
81003,0,137,677,4646,4712
81004,0,169,830,7504,7650
81005,0,33,1056,10891,10979
81006,0,31,426,4386,4435
81007,0,51,866,7093,7230
81008,0,86,435,3680,3736
81022,0,0,0,1,1
81334,0,0,0,1,1
81401,0,0,0,7,8
81415,0,0,0,1,1
81501,0,14,311,6285,6796
81503,0,0,119,5104,5637
81504,0,0,312,9105,9971
81505,0,0,200,3545,3957
81506,0,0,187,3640,4001
81507,0,0,286,4882,5410
81520,0,0,125,3152,3441
81521,0,0,245,4652,5142
81526,0,0,13,311,343
6001,0,0,274,1039,3732
6002,0,0,227,886,5490
6010,0,0,373,2333,15210
6013,0,7,74,358,1231
6016,0,0,75,352,2040
6019,0,0,5,29,141
6023,0,0,10,53,378
6026,0,0,70,315,1644
6029,0,0,216,757,4094
6032,0,0,227,950,4317
6033,0,0,387,1451,5451
6035,0,0,60,374,1859
6037,0,60,280,1271,6391
6040,0,0,313,1182,7415
6042,0,22,142,842,5354
6043,0,3,22,123,627
6051,0,0,146,687,5145
6052,0,0,87,313,1773
6053,0,0,216,1087,6790
6060,0,0,9,42,186
6062,0,0,140,694,5042
6066,0,0,224,822,6608
6067,0,0,129,969,5174
6070,0,0,173,732,2786
6071,0,3,102,502,2862
6073,0,0,82,303,941
6074,0,0,593,1890,7535
6078,0,0,259,950,3633
6081,0,0,10,51,311
6082,0,0,324,1811,11657
6084,0,0,31,124,523
6085,0,0,79,383,1675
6088,0,0,23,253,1878
6089,0,0,22,127,554
6090,0,0,10,36,119
6092,0,0,27,101,268
6093,0,0,68,316,1261
6095,0,0,363,1236,8036
6096,0,0,101,583,3912
6103,0,0,7,31,154
6105,0,16,69,269,1518
6106,0,0,220,813,4771
6107,0,9,282,1168,4106
6108,0,0,171,646,4799
6109,0,0,338,1603,8085
6110,0,4,134,581,3422
6111,0,46,455,1593,8830
6112,0,0,185,574,3263
6114,0,0,216,703,4139
6117,0,0,243,965,3139
6118,0,0,233,987,6690
6119,0,0,157,578,2571
6120,0,0,98,339,1764
6226,0,0,80,381,2619
6237,0,0,3,21,139
6238,0,0,2,8,55
6241,0,0,1,6,42
6249,0,0,2,15,49
6250,0,0,38,110,591
6254,0,0,6,45,157
6255,0,0,20,116,772
6256,0,0,3,28,287
6260,0,0,57,251,1498
6266,0,0,1,4,33
6268,0,0,50,130,500
6277,0,0,10,53,422
6280,0,0,1,3,29
6320,0,5,104,1389,5426
6330,0,0,7,80,294
6331,0,0,0,2,11
6334,0,0,8,46,166
6335,0,0,17,108,324
6338,0,0,0,0,1
6339,0,0,17,97,356
6340,0,32,221,1746,6316
6351,0,0,29,336,1346
6355,0,2,37,262,816
6359,0,0,0,1,5
6360,0,32,195,1740,6348
6365,0,0,5,61,223
6370,0,0,1,11,40
6374,0,0,0,1,12
6375,0,0,14,171,528
6380,0,1,20,121,495
6382,0,9,84,438,1507
6385,0,0,64,639,2317
6401,0,0,181,852,4525
6403,0,0,80,389,1512
6405,0,0,387,2005,7804
6410,0,7,488,2155,6350
6416,0,0,144,742,4099
6418,0,0,123,749,3247
6424,0,0,1,3,18
6437,0,0,28,117,389
6441,0,0,0,0,2
6444,0,0,0,2,24
6450,0,0,259,1554,7885
6451,0,6,194,1110,5445
6455,0,0,39,203,964
6456,0,0,7,21,61
6457,0,0,392,2041,11255
6460,0,12,208,1387,11041
6461,0,9,141,620,4031
6468,0,4,245,1215,3546
6470,0,0,3,10,28
6471,0,0,77,457,1832
6472,0,0,88,428,1501
6473,0,0,230,955,6800
6477,0,4,111,667,3722
6478,0,0,136,768,2850
6479,0,10,125,627,3173
6480,0,0,105,555,2675
6481,0,0,8,63,418
6483,0,4,146,962,4040
6484,0,0,526,2632,9369
6489,0,0,383,1635,8986
6492,0,86,527,2966,11863
6510,0,0,19,60,260
6511,0,0,274,844,6900
6512,0,0,318,1872,8130
6513,0,0,203,513,5830
6514,0,0,213,1276,5937
6515,0,0,48,278,2552
6516,0,0,131,776,11669
6517,0,0,160,447,3452
6518,0,0,161,830,3143
6519,0,0,51,162,2267
6524,0,0,93,429,1397
6525,0,0,176,781,1929
6604,0,0,162,336,3744
6605,0,0,65,318,3508
6606,0,0,303,721,8655
6607,0,0,40,111,1410
6608,0,0,53,168,1842
6610,0,11,135,322,3669
6611,0,0,749,2729,8328
6612,0,0,74,255,633
6614,0,0,212,894,8889
6615,0,0,93,458,4968
6702,0,0,36,171,544
6704,0,5,230,1028,5232
6705,0,0,122,1152,5012
6706,0,0,75,555,3072
6708,0,34,350,1469,6686
6710,0,0,100,372,1433
6712,0,0,109,610,2649
6716,0,9,113,1086,4557
6762,0,0,72,583,1966
6770,0,0,292,1801,7505
6779,0,13,68,423,2440
6782,0,0,2,9,39
6786,0,0,35,160,937
6787,0,0,0,1,5
6795,0,0,86,635,3331
6798,0,0,4,16,85
6807,0,2,201,671,1689
6820,0,0,708,2578,5003
6824,0,51,747,2576,6647
6825,0,0,301,933,4487
6830,0,0,448,1907,5007
6831,0,0,445,1661,3642
6840,0,0,496,1591,3274
6850,0,0,184,1036,3282
6851,0,0,313,1454,5263
6853,0,0,154,563,1151
6854,0,0,182,1134,4286
6855,0,0,78,496,1827
6870,0,0,193,724,1628
6878,0,0,264,812,1495
6880,0,26,849,2629,5768
6890,0,0,148,521,1136
6897,0,0,12,46,96
6901,0,0,21,92,339
6902,0,0,389,2334,8720
6903,0,0,307,1036,2351
6905,0,8,193,1179,3922
6906,0,6,122,487,1806
6907,0,2,149,540,1669
19701,0,0,265,4137,10889
19702,0,0,166,3852,10981
19703,0,0,21,514,1457
19706,0,0,15,206,590
19707,0,0,101,2092,4394
19709,0,0,0,13,31
19711,0,0,206,3823,9587
19713,0,0,164,2675,7038
19720,0,0,153,5985,16803
19732,0,0,0,7,16
19801,0,0,104,1145,2932
19802,0,0,128,1608,4518
19803,0,0,168,2520,5791
19804,0,0,73,2227,6050
19805,0,0,227,3050,8626
19806,0,0,82,865,2000
19807,0,0,47,1124,2341
19808,0,0,157,4207,11020
19809,0,0,88,1257,3209
19810,0,0,106,2456,6116
19901,0,0,247,3704,9082
19904,0,0,64,3203,7958
19931,0,0,0,18,37
19933,0,0,0,1,2
19934,0,18,96,1593,3663
19936,0,0,0,11,26
19940,0,0,7,309,644
19943,0,0,7,297,728
19946,0,0,1,133,327
19956,0,0,36,601,1303
19962,0,12,34,1259,3056
19973,0,0,86,1477,3121
19979,0,0,3,134,331
19980,0,0,0,46,89
32003,0,0,82,428,1076
32009,0,0,2,14,28
32011,0,0,0,1,2
32043,0,31,62,124,248
32065,0,0,77,309,551
32068,0,0,181,459,807
32073,0,0,99,311,609
32080,0,17,125,434,726
32081,0,8,50,360,770
32082,0,0,95,675,1583
32084,0,0,0,167,473
32086,0,0,9,170,383
32092,0,0,4,118,376
32095,0,0,1,12,28
32110,0,0,35,64,98
32114,0,0,187,478,689
32117,0,0,61,260,485
32118,0,0,57,166,321
32119,0,0,92,249,370
32124,0,0,0,25,77
32127,0,60,216,456,695
32128,0,0,59,199,354
32129,0,0,46,199,382
32132,0,0,0,70,134
32136,0,0,15,173,338
32137,0,0,105,578,1349
32141,0,0,0,51,204
32159,0,142,194,387,2452
32162,0,152,365,1125,6081
32163,0,0,51,204,356
32164,0,0,132,379,939
32168,0,52,125,344,449
32169,0,0,0,162,475
32174,0,0,149,672,1194
32176,0,0,0,279,641
32179,0,0,2,5,37
32195,0,1,2,5,57
32202,0,0,7,29,47
32204,0,0,43,113,216
32205,0,0,31,235,547
32206,0,0,260,445,584
32207,0,0,186,498,830
32208,0,0,167,470,676
32209,0,0,343,635,822
32210,0,0,51,607,1146
32211,0,0,0,157,370
32212,0,0,1,3,5
32216,0,0,31,483,745
32217,0,0,0,208,411
32218,0,0,0,456,964
32219,0,0,19,119,195
32220,0,0,58,160,228
32221,0,0,66,244,470
32222,0,0,21,50,110
32223,0,0,0,294,636
32224,0,0,29,319,928
32225,0,0,66,428,1168
32226,0,0,27,219,421
32227,0,0,8,17,26
32233,0,0,13,243,517
32244,0,0,270,422,844
32246,0,0,28,380,717
32250,0,85,133,644,1175
32254,0,0,86,299,398
32256,0,0,90,269,736
32257,0,0,53,406,865
32258,0,0,9,218,608
32259,0,0,0,771,1898
32266,0,2,10,87,257
32277,0,0,50,208,408
32301,0,0,0,163,345
32303,0,0,121,346,606
32304,0,0,198,494,662
32305,0,0,10,67,361
32308,0,0,50,156,348
32309,0,0,30,331,568
32310,0,0,65,168,226
32311,0,0,4,146,365
32312,0,0,0,351,762
32317,0,0,7,164,364
32333,0,0,0,0,0
32401,0,0,143,313,524
32403,0,0,0,13,32
32404,0,0,150,349,973
32405,0,0,49,226,530
32407,0,0,31,204,360
32408,0,0,45,240,510
32409,0,4,17,51,76
32413,0,0,98,354,856
32444,0,0,0,122,333
32459,0,0,21,179,342
32466,0,0,11,65,156
32501,0,0,76,274,441
32502,0,0,45,130,189
32503,0,0,11,332,750
32504,0,0,0,255,510
32505,0,0,168,317,457
32506,0,0,156,457,825
32507,0,0,68,410,830
32508,0,0,5,13,20
32514,0,0,0,312,613
32526,0,0,0,143,455
32531,0,0,0,0,1
32533,0,0,81,372,640
32534,0,0,0,135,252
32536,0,0,28,84,179
32539,0,0,21,64,106
32561,0,0,0,2,4
32570,0,0,0,218,624
32571,0,0,22,223,636
32577,0,0,0,0,1
32583,0,0,54,147,299
32601,0,0,69,278,418
32603,0,0,50,137,199
32605,0,0,0,122,321
32606,0,0,100,275,476
32607,0,0,107,318,441
32608,0,0,142,685,1678
32609,0,0,47,97,178
32615,0,0,3,119,461
32617,0,0,9,29,106
32618,0,0,13,40,116
32640,0,0,0,0,0
32641,0,0,87,181,473
32653,0,0,4,271,767
32667,0,0,0,0,0
32669,0,0,1,38,91
32701,0,0,62,199,844
32702,0,0,1,3,8
32703,0,0,200,614,2997
32707,0,22,195,380,619
32708,0,0,84,604,1067
32709,0,0,3,8,15
32712,0,0,76,971,3672
32713,0,0,0,108,407
32714,0,59,126,289,1186
32720,0,0,148,371,1906
32724,0,0,73,282,537
32725,0,0,81,274,613
32726,0,0,54,204,1340
32730,0,1,22,40,197
32732,0,0,0,0,0
32735,2,5,11,27,301
32736,0,0,0,35,88
32738,0,0,0,265,644
32744,0,0,4,20,39
32746,0,0,0,372,842
32750,0,0,81,226,589
32751,0,38,100,452,1583
32754,0,0,33,73,167
32757,0,17,164,439,1981
32759,0,0,8,40,59
32763,0,0,30,172,426
32764,0,0,0,12,25
32765,0,0,0,901,1854
32766,0,0,73,349,855
32771,0,0,0,431,1043
32773,0,0,33,163,415
32776,0,0,0,60,186
32778,0,8,106,261,1614
32779,0,0,39,532,1696
32780,0,0,0,381,631
32784,0,2,28,85,440
32789,0,0,44,671,1437
32792,0,0,349,935,2629
32796,0,0,15,114,356
32798,0,0,5,33,243
32801,0,0,45,121,207
32803,0,0,50,391,1851
32804,0,0,28,622,1851
32805,0,0,130,315,1314
32806,0,0,59,607,2276
32807,0,0,27,273,1709
32808,0,0,188,564,2419
32809,0,50,166,360,1397
32810,0,0,213,392,1924
32811,0,7,146,272,1227
32812,0,71,132,415,1907
32814,0,0,8,132,469
32817,0,0,98,471,804
32818,0,34,236,562,2305
32819,0,0,145,709,2435
32820,0,0,3,130,323
32821,0,0,48,129,866
32822,0,110,282,527,2621
32824,0,0,0,419,2414
32825,0,0,34,591,3359
32826,0,0,102,313,579
32827,0,17,63,426,1297
32828,0,0,199,648,1329
32829,0,5,47,206,1223
32830,0,0,0,1,5
32832,0,0,0,322,1313
32833,0,0,20,115,189
32835,0,0,61,474,2019
32836,0,0,13,667,1975
32837,0,0,68,450,2929
32839,0,0,212,382,1488
32901,0,0,76,244,420
32903,0,0,5,232,527
32904,0,0,34,373,689
32905,0,0,7,180,315
32907,0,0,31,157,581
32908,0,0,9,26,109
32909,0,0,0,250,524
32920,0,0,16,84,149
32922,0,0,90,249,402
32925,0,0,0,17,30
32926,0,0,28,249,434
32927,0,0,83,271,636
32931,0,0,38,214,475
32934,0,0,102,415,748
32935,0,0,72,316,602
32937,0,0,0,435,898
32940,0,0,20,416,892
32949,0,2,4,58,101
32950,0,0,13,65,165
32951,0,0,46,299,468
32952,0,0,0,453,907
32953,0,27,99,360,811
32955,0,0,168,475,881
32958,0,0,8,22,43
32960,0,0,56,295,495
32962,0,0,20,195,371
32963,0,0,25,753,1703
32966,0,0,102,326,559
32967,0,0,12,240,480
32968,0,0,0,130,368
33004,0,0,42,228,405
33009,0,0,74,364,605
33010,0,0,134,276,457
33012,0,0,35,314,745
33013,0,0,114,349,520
33014,0,0,56,155,373
33015,0,0,0,249,641
33016,0,59,111,222,339
33018,0,0,34,344,803
33019,0,0,0,175,370
33020,0,0,11,238,562
33021,0,0,121,437,983
33023,0,0,110,552,755
33024,0,0,305,820,1316
33025,0,0,192,425,709
33026,0,0,0,365,729
33027,0,0,106,792,1717
33028,0,0,45,367,726
33029,0,0,0,533,1626
33032,0,1,19,40,72
33033,0,0,0,0,1
33054,0,0,125,273,461
33055,0,0,104,360,627
33056,0,0,37,305,443
33060,0,50,226,386,612
33062,0,0,25,270,519
33063,0,0,92,211,357
33064,0,0,0,545,1214
33065,0,0,0,98,219
33066,0,0,37,80,141
33067,0,0,0,2,5
33069,0,0,36,118,194
33071,0,0,3,92,204
33073,0,0,0,1,3
33109,0,0,0,17,41
33122,0,0,3,10,14
33125,0,0,102,337,549
33126,0,0,0,112,247
33127,0,0,46,202,437
33128,0,0,13,19,27
33129,0,3,16,116,183
33130,0,0,0,85,190
33131,0,0,0,15,30
33132,0,0,1,14,30
33133,0,0,0,461,1080
33134,0,0,138,472,1181
33135,0,0,94,262,377
33136,0,0,62,105,141
33137,0,0,36,175,289
33138,0,0,64,376,618
33139,0,0,53,195,341
33140,0,0,0,274,581
33141,0,0,4,162,250
33142,0,0,129,422,786
33143,0,0,71,718,1207
33144,0,0,45,193,354
33145,0,7,141,381,643
33146,0,0,0,362,839
33147,0,0,133,497,861
33149,0,0,3,197,424
33150,0,0,105,329,558
33154,0,0,28,183,347
33155,0,13,120,639,1132
33156,0,46,185,897,2016
33157,0,0,97,657,1350
33158,0,0,2,213,473
33160,0,0,38,145,278
33161,0,0,9,338,566
33162,0,0,67,278,499
33165,0,0,94,484,888
33166,0,7,111,262,601
33167,0,0,60,188,340
33168,0,0,0,103,262
33169,0,0,25,219,454
33170,0,0,21,42,70
33172,0,0,21,99,144
33173,0,0,0,329,638
33174,0,0,55,166,327
33176,0,0,93,598,1257
33178,0,0,22,191,395
33179,0,0,20,187,428
33180,0,0,15,154,338
33181,0,5,22,69,154
33183,0,0,0,1,1
33185,0,0,0,1,2
33189,0,0,0,79,237
33190,0,0,21,77,141
33301,0,0,0,149,347
33304,0,0,5,248,532
33305,0,0,11,229,489
33306,0,0,10,86,164
33308,0,0,44,302,723
33309,0,0,84,112,328
33311,0,0,145,436,986
33312,0,0,45,432,1087
33313,0,0,0,201,486
33314,0,0,42,224,435
33315,0,0,13,159,431
33316,0,0,26,177,386
33317,0,0,63,379,789
33319,0,0,36,91,194
33321,0,0,0,0,0
33322,0,0,38,228,503
33323,0,0,17,181,618
33324,0,0,96,376,877
33325,0,0,0,358,672
33326,0,0,23,254,832
33327,0,0,0,443,1214
33328,0,26,51,412,892
33330,0,0,0,336,856
33331,0,0,37,362,1132
33332,0,0,0,214,557
33334,0,0,18,306,559
33351,0,0,0,81,126
33401,0,0,5,187,431
33403,0,0,0,58,152
33404,0,0,146,482,827
33405,0,0,131,491,754
33406,0,0,73,294,494
33407,0,0,188,406,610
33408,0,0,0,293,581
33409,0,0,55,189,293
33410,0,0,11,501,1226
33411,0,0,14,81,162
33412,0,0,0,15,38
33413,0,0,8,97,169
33415,0,0,65,203,391
33417,0,0,44,177,344
33418,0,35,164,958,1892
33426,0,0,33,151,328
33431,0,0,5,275,618
33432,0,17,100,332,685
33433,0,0,22,288,684
33434,0,0,29,155,308
33435,0,0,101,330,586
33436,0,0,42,501,891
33437,0,8,31,86,192
33441,0,0,178,344,631
33442,0,0,31,205,348
33444,0,0,137,279,517
33445,0,0,83,326,676
33446,0,0,1,5,12
33455,0,0,53,428,784
33460,0,0,47,177,419
33461,0,0,102,307,461
33462,0,0,19,317,711
33463,0,0,69,332,766
33467,0,0,1,6,10
33469,0,0,0,0,0
33472,0,0,23,61,131
33480,0,0,9,298,731
33483,0,0,8,240,582
33484,0,0,34,127,247
33486,0,0,91,417,971
33487,0,0,46,164,369
33496,0,0,11,138,318
33510,0,0,61,182,342
33511,0,0,150,586,1008
33523,0,0,0,0,1
33527,0,24,107,266,470
33534,0,0,35,115,186
33543,0,0,92,454,2792
33544,0,0,7,198,1334
33545,0,0,0,0,1
33547,0,0,53,350,769
33548,0,13,25,262,786
33549,0,0,51,233,1861
33556,0,0,26,1063,3225
33558,0,0,104,709,2468
33559,0,8,114,217,1303
33563,0,0,101,217,289
33565,0,0,32,132,269
33566,0,0,0,172,413
33567,0,0,10,49,89
33569,0,0,0,383,725
33570,0,0,38,120,225
33572,0,0,47,458,971
33573,0,0,55,339,614
33578,0,38,215,505,808
33579,0,19,28,427,636
33584,0,32,150,339,606
33592,0,0,24,83,183
33594,0,0,23,390,895
33596,0,0,49,322,819
33598,0,0,0,97,197
33602,0,0,0,145,326
33603,0,0,46,206,468
33604,0,0,96,405,781
33605,0,0,108,310,513
33606,0,0,60,392,749
33607,0,0,43,358,644
33609,0,0,0,336,753
33610,0,0,174,471,809
33612,0,0,353,606,868
33613,0,6,174,382,561
33614,0,0,119,368,628
33615,0,0,85,423,762
33617,0,0,129,450,625
33618,0,0,79,379,796
33619,0,0,0,311,653
33624,0,24,121,326,797
33625,0,0,0,222,453
33626,0,34,102,939,3073
33629,0,0,27,721,1503
33634,0,0,61,159,416
33635,0,0,29,194,373
33637,0,0,54,102,123
33647,0,0,0,684,1661
33701,0,6,97,298,1537
33702,0,38,230,603,4487
33703,0,0,193,807,4203
33704,0,0,116,590,2693
33705,0,0,231,519,3808
33706,0,13,89,623,3002
33707,0,0,260,569,3918
33708,0,0,106,472,2854
33709,0,26,234,433,3845
33710,0,0,112,524,5616
33711,0,22,128,311,2525
33712,0,0,271,490,3540
33713,0,0,79,474,5141
33714,0,38,133,253,2801
33715,0,0,43,147,906
33716,0,0,38,109,1020
33755,0,0,189,473,3431
33756,0,54,254,571,4231
33759,0,0,102,302,2172
33760,0,0,104,190,1591
33761,0,98,141,361,2786
33762,0,0,23,174,1222
33763,0,0,80,211,1937
33764,0,63,251,610,4126
33765,0,46,96,247,1940
33767,0,0,47,231,1015
33770,0,41,157,461,3675
33771,0,111,253,405,4304
33772,0,0,197,437,3882
33773,0,44,244,502,3479
33774,0,0,102,241,2818
33776,0,0,124,487,2365
33777,0,0,66,336,2763
33778,0,0,152,355,2959
33781,0,84,345,643,4185
33782,0,25,90,392,3703
33785,0,0,61,201,1154
33786,0,4,25,136,473
33801,0,0,105,389,632
33803,0,0,144,462,637
33805,0,0,48,238,380
33809,0,0,35,248,443
33810,0,14,83,416,666
33811,0,0,65,237,522
33812,0,0,0,113,263
33813,0,0,25,653,1218
33815,0,0,107,262,417
33823,0,0,46,461,818
33825,0,14,109,287,1673
33827,0,0,7,26,120
33830,0,0,109,354,2014
33837,0,0,44,387,2645
33838,0,0,15,37,395
33839,0,0,0,53,109
33843,0,0,3,29,298
33844,0,0,250,499,2982
33848,0,1,4,6,16
33850,0,0,6,61,128
33852,0,0,1,10,60
33853,0,14,152,295,1285
33856,0,0,0,0,31
33859,0,0,0,114,1046
33860,0,0,74,206,331
33868,0,0,7,51,272
33870,0,0,160,427,2645
33872,0,0,26,192,1148
33875,0,0,25,116,656
33876,0,0,29,77,356
33880,0,93,425,824,3268
33881,0,0,363,727,3166
33884,0,0,73,388,2669
33896,0,5,60,172,1054
33897,0,0,118,314,2424
33898,0,0,65,130,887
33901,0,0,89,385,687
33903,0,11,143,341,550
33904,0,0,118,500,1045
33905,0,0,188,439,866
33907,0,0,58,230,345
33908,0,15,210,839,1363
33909,0,0,119,307,514
33912,0,0,79,498,910
33913,0,0,51,497,1069
33914,0,0,103,701,1556
33916,0,0,49,265,466
33917,0,0,214,726,1253
33919,0,0,76,400,790
33920,0,0,8,100,219
33921,0,0,38,133,209
33922,0,0,24,90,178
33928,0,18,107,582,1110
33931,0,0,23,318,624
33935,0,0,0,0,0
33936,0,0,124,408,913
33946,0,0,0,101,195
33947,0,0,82,230,332
33948,0,0,0,179,289
33950,0,0,211,621,1054
33952,0,0,260,462,766
33953,0,0,53,149,269
33954,0,0,0,71,210
33955,0,0,19,162,362
33956,0,0,7,149,344
33957,0,0,67,426,924
33965,0,0,2,4,9
33966,0,3,40,152,263
33967,0,0,43,250,561
33971,0,0,0,178,340
33972,0,0,55,129,239
33973,0,0,38,112,245
33974,0,0,74,182,408
33976,0,0,29,57,219
33980,0,0,39,150,323
33981,0,0,46,177,348
33982,0,0,22,120,190
33983,0,12,47,134,268
33990,0,0,132,395,839
33991,0,26,119,264,392
33993,0,0,60,393,846
34102,0,0,37,401,986
34103,0,0,16,323,706
34104,0,0,16,178,428
34105,0,0,47,363,788
34108,0,0,92,584,1299
34109,0,0,45,519,993
34110,0,16,98,561,1187
34112,0,0,54,299,634
34113,0,41,122,327,626
34114,0,0,28,368,645
34116,0,0,36,229,408
34117,0,0,0,90,176
34119,0,0,30,686,1252
34120,0,0,0,74,199
34134,0,0,52,543,1216
34135,0,0,0,525,1313
34142,0,0,0,0,0
34145,0,0,88,691,1447
34201,0,0,18,121,269
34202,0,0,44,409,752
34203,0,0,110,520,890
34205,0,0,105,314,618
34207,0,0,70,383,580
34208,0,0,247,535,740
34209,0,0,113,416,732
34210,0,0,32,216,380
34211,0,0,41,150,309
34212,0,0,0,206,466
34219,0,0,7,198,475
34221,0,0,78,437,984
34222,0,0,18,117,228
34223,0,0,124,518,968
34224,0,0,154,427,626
34228,0,0,11,260,485
34229,0,14,32,223,471
34231,0,0,95,556,982
34232,0,0,105,432,852
34233,0,14,56,223,418
34234,0,0,21,212,481
34235,0,0,86,305,450
34236,0,19,41,265,526
34237,0,5,53,168,250
34238,0,8,124,471,981
34239,0,0,85,353,673
34240,0,0,0,189,510
34241,0,0,33,294,583
34242,0,0,4,370,706
34243,0,11,133,367,745
34250,0,0,0,13,27
34269,0,0,6,40,65
34275,0,0,182,459,976
34285,0,0,55,327,636
34286,0,0,16,116,310
34287,0,0,72,288,505
34288,0,0,15,155,296
34289,0,0,1,7,18
34291,0,0,0,69,138
34292,0,14,92,318,537
34293,0,73,146,877,1444
34420,0,22,131,224,889
34428,0,0,33,63,230
34429,0,0,47,177,624
34432,0,1,5,7,26
34434,0,0,0,1,10
34436,0,0,7,19,92
34442,0,15,60,103,646
34446,0,0,48,130,827
34448,0,11,76,143,601
34450,0,0,37,105,375
34452,0,15,78,121,682
34453,0,0,23,66,441
34461,0,0,15,49,408
34465,0,16,104,192,1204
34470,0,0,25,168,881
34471,0,17,203,591,1783
34472,0,0,211,376,1541
34473,0,0,3,8,11
34474,0,0,21,211,882
34475,0,0,118,313,867
34476,0,20,102,348,1585
34479,0,9,94,237,783
34480,0,0,20,270,1251
34481,0,0,84,244,1052
34482,0,10,44,157,854
34484,0,0,17,65,254
34488,0,0,12,31,157
34491,0,0,19,278,1629
34601,0,32,107,170,817
34604,0,3,35,136,753
34606,0,22,178,334,3102
34607,0,0,0,121,278
34608,0,87,261,485,3542
34609,0,0,340,742,4496
34610,0,0,33,256,1845
34613,0,0,115,256,1699
34614,0,4,6,22,39
34638,0,0,74,454,2147
34639,0,0,53,370,2358
34652,0,56,259,506,3767
34653,0,0,61,257,3953
34654,0,0,127,318,2366
34655,0,0,67,819,5531
34667,0,0,115,544,5509
34668,0,0,378,916,6488
34669,0,0,59,224,2016
34677,0,23,146,540,3638
34679,0,0,0,0,0
34681,0,0,1,3,18
34683,0,0,49,569,5625
34684,0,0,161,536,4071
34685,0,0,113,424,2593
34688,3,14,33,222,1284
34689,0,42,219,720,4902
34690,0,13,64,153,1866
34691,0,42,272,544,3189
34695,0,13,70,465,2961
34698,0,0,90,590,5837
34705,0,0,0,6,84
34711,0,74,222,888,4273
34714,0,0,5,106,1025
34715,0,8,24,125,773
34731,0,0,49,123,757
34734,0,13,22,107,328
34736,0,0,2,8,49
34737,0,0,2,15,113
34741,0,82,221,352,1990
34743,0,0,149,310,2369
34744,0,0,81,380,2962
34746,0,47,362,913,3966
34747,0,0,105,662,2986
34748,0,0,12,232,2202
34756,0,0,0,53,258
34758,0,72,133,229,2618
34759,0,11,214,508,2842
34760,0,1,6,32,116
34761,0,63,163,614,2831
34762,0,0,0,5,27
34769,0,0,50,143,1944
34771,0,0,23,215,1310
34772,0,37,131,336,2290
34785,0,0,50,138,647
34786,0,0,131,1318,3432
34787,0,0,243,1457,4950
34788,0,71,154,308,1240
34797,0,0,4,41,130
34945,0,0,14,41,68
34946,0,0,128,310,452
34947,0,0,68,158,262
34949,0,0,26,94,216
34950,0,0,123,404,619
34951,0,0,0,158,296
34952,0,0,17,397,811
34953,0,0,55,218,391
34957,0,0,96,354,784
34981,0,0,0,1,7
34982,0,0,23,143,198
34983,0,0,155,498,762
34984,0,0,0,125,293
34986,0,0,17,228,641
34990,0,0,0,624,1299
34994,0,0,31,158,454
34996,0,22,56,152,409
34997,0,0,135,483,865
30002,0,0,0,0,0
30004,0,0,0,0,0
30005,0,0,0,0,0
30008,0,0,0,0,0
30009,0,0,0,0,0
30011,0,0,0,0,0
30012,0,0,0,0,0
30013,0,0,0,0,0
30014,0,0,0,0,0
30016,0,0,0,0,0
30017,0,0,0,0,0
30019,0,0,0,0,0
30021,0,0,0,0,0
30022,0,0,0,0,0
30024,0,0,0,0,0
30028,0,0,0,0,0
30030,0,0,0,0,0
30032,0,0,0,0,0
30033,0,0,0,0,0
30034,0,0,0,0,0
30035,0,0,0,0,0
30038,0,0,0,0,0
30039,0,0,0,0,0
30040,0,0,0,0,0
30041,0,0,0,0,0
30043,0,0,0,0,0
30044,0,0,0,0,0
30045,0,0,0,0,0
30046,0,0,0,0,0
30047,0,0,0,0,0
30052,0,0,0,0,0
30058,0,0,0,0,0
30060,0,0,0,0,0
30062,0,0,0,0,0
30064,0,0,0,0,0
30066,0,0,0,0,0
30067,0,0,0,0,0
30068,0,0,0,0,0
30071,0,0,0,0,0
30072,0,0,0,0,0
30075,0,0,0,0,0
30076,0,0,0,0,0
30078,0,0,0,0,0
30079,0,0,0,0,0
30080,0,0,0,0,0
30082,0,0,0,0,0
30083,0,0,0,0,0
30084,0,0,0,0,0
30087,0,0,0,0,0
30088,0,0,0,0,0
30092,0,0,0,0,0
30093,0,0,0,0,0
30094,0,0,0,0,0
30096,0,0,0,0,0
30097,0,0,0,0,0
30101,0,0,0,0,0
30102,0,0,0,0,0
30103,0,0,0,0,0
30106,0,0,0,0,0
30107,0,0,0,0,0
30114,0,0,0,0,0
30115,0,0,0,0,0
30116,0,0,0,0,0
30117,0,0,0,0,0
30120,0,0,0,0,0
30121,0,0,0,0,0
30122,0,0,0,0,0
30126,0,0,0,0,0
30127,0,0,0,0,0
30132,0,0,0,0,0
30134,0,0,0,0,0
30135,0,0,0,0,0
30137,0,0,0,0,0
30141,0,0,0,0,0
30144,0,0,0,0,0
30147,0,0,0,0,0
30152,0,0,0,0,0
30157,0,0,0,0,0
30161,0,0,0,0,0
30165,0,0,0,0,0
30168,0,0,0,0,0
30173,0,0,0,0,0
30180,0,0,0,0,0
30187,0,0,0,0,0
30188,0,0,0,0,0
30189,0,0,0,0,0
30205,0,0,0,0,0
30213,0,0,0,0,0
30214,0,0,0,0,0
30215,0,0,0,0,0
30223,0,0,0,0,0
30228,0,0,0,0,0
30234,0,0,0,0,0
30236,0,0,0,0,0
30238,0,0,0,0,0
30248,0,0,0,0,0
30252,0,0,0,0,0
30253,0,0,0,0,0
30260,0,0,0,0,0
30268,0,0,0,0,0
30269,0,0,0,0,0
30273,0,0,0,0,0
30274,0,0,0,0,0
30276,0,0,0,0,0
30277,0,0,0,0,0
30281,0,0,0,0,0
30288,0,0,0,0,0
30290,0,0,0,0,0
30291,0,0,0,0,0
30294,0,0,0,0,0
30296,0,0,0,0,0
30297,0,0,0,0,0
30305,0,0,0,0,0
30306,0,0,0,0,0
30307,0,0,0,0,0
30308,0,0,0,0,0
30309,0,0,0,0,0
30310,0,0,0,0,0
30311,0,0,0,0,0
30312,0,0,0,0,0
30313,0,0,0,0,0
30314,0,0,0,0,0
30315,0,0,0,0,0
30316,0,0,0,0,0
30317,0,0,0,0,0
30318,0,0,0,0,0
30319,0,0,0,0,0
30324,0,0,0,0,0
30326,0,0,0,0,0
30327,0,0,0,0,0
30328,0,0,0,0,0
30329,0,0,0,0,0
30331,0,0,0,0,0
30336,0,0,0,0,0
30337,0,0,0,0,0
30338,0,0,0,0,0
30339,0,0,0,0,0
30340,0,0,0,0,0
30341,0,0,0,0,0
30342,0,0,0,0,0
30344,0,0,0,0,0
30345,0,0,0,0,0
30346,0,0,0,0,0
30349,0,0,0,0,0
30350,0,0,0,0,0
30354,0,0,0,0,0
30360,0,0,0,0,0
30363,0,0,0,0,0
30458,0,0,0,0,0
30461,0,0,0,0,0
30501,0,0,0,0,0
30504,0,0,0,0,0
30506,0,0,0,0,0
30507,0,0,0,0,0
30517,0,0,0,0,0
30518,0,0,0,0,0
30519,0,0,0,0,0
30542,0,0,0,0,0
30548,0,0,0,0,0
30564,0,0,0,0,0
30565,0,0,0,0,0
30566,0,0,0,0,0
30601,0,0,0,0,0
30605,0,0,0,0,0
30606,0,0,0,0,0
30607,0,0,0,0,0
30619,0,0,0,0,0
30620,0,0,0,0,0
30621,0,0,0,0,0
30622,0,0,0,0,0
30646,0,0,0,0,0
30655,0,0,0,0,0
30677,0,0,0,0,0
30680,0,0,0,0,0
30683,0,0,0,0,0
30701,0,0,0,0,0
30705,0,0,0,0,0
30707,0,0,0,0,0
30720,0,0,0,0,0
30721,0,0,0,0,0
30725,0,0,0,0,0
30735,0,0,0,0,0
30736,0,0,0,0,0
30738,0,0,0,0,0
30740,0,0,0,0,0
30741,0,0,0,0,0
30742,0,0,0,0,0
30750,0,0,0,0,0
30755,0,0,0,0,0
30757,0,0,0,0,0
30802,0,0,0,0,0
30805,0,0,0,0,0
30809,0,0,0,0,0
30813,0,0,0,0,0
30815,0,0,0,0,0
30901,0,0,0,0,0
30904,0,0,0,0,0
30905,0,0,0,0,0
30906,0,0,0,0,0
30907,0,0,0,0,0
30909,0,0,0,0,0
31005,0,0,0,0,0
31008,0,0,0,0,0
31020,0,0,0,0,0
31028,0,0,0,0,0
31030,0,0,0,0,0
31032,0,0,0,0,0
31047,0,0,0,3,5
31052,0,0,0,0,0
31088,0,0,0,0,0
31093,0,0,0,0,0
31098,0,0,0,0,0
31201,0,0,0,0,0
31204,0,0,0,0,0
31206,0,0,0,0,0
31210,0,0,0,0,0
31211,0,0,0,0,0
31216,0,0,0,0,0
31217,0,0,0,0,0
31220,0,0,0,0,0
31301,0,0,0,0,0
31302,0,0,0,0,0
31313,0,0,0,0,0
31315,0,0,0,0,0
31322,0,0,0,0,0
31324,0,0,0,0,0
31401,0,0,0,0,0
31404,0,0,0,0,0
31405,0,0,0,0,0
31406,0,0,0,0,0
31407,0,0,0,0,0
31408,3,3,9,9,9
31410,0,0,0,0,0
31411,0,0,0,0,0
31415,0,0,0,0,0
31419,0,0,0,0,0
31520,0,0,0,0,0
31523,0,0,0,0,0
31525,0,0,0,0,0
31601,0,0,0,0,0
31602,0,0,0,0,0
31605,0,0,0,0,0
31606,0,0,0,0,0
31632,0,0,0,0,0
31636,0,0,0,0,0
31701,0,0,0,0,0
31705,0,0,0,0,0
31707,0,0,0,0,0
31721,0,0,5,16,21
31763,0,0,0,0,0
31791,0,0,0,0,0
31808,0,0,0,0,0
31820,0,0,0,0,0
31901,0,0,0,0,0
31903,0,0,0,0,0
31904,0,0,0,0,0
31905,0,0,0,0,0
31906,0,0,0,0,0
31907,0,0,0,0,0
31909,0,0,0,0,0
96701,0,531,7953,8174,8174
96706,0,996,15521,15838,15838
96707,0,458,9334,9544,9544
96720,0,236,4477,4536,4536
96725,0,6,103,105,105
96732,0,327,5972,6045,6045
96734,0,497,6086,6210,6210
96740,0,629,9768,9978,9978
96744,0,734,9631,9929,9929
96753,0,600,8293,8453,8453
96761,0,390,5251,5352,5352
96779,0,56,897,912,912
96782,0,575,8811,8982,8982
96786,0,273,5841,5930,5930
96789,0,774,13320,13578,13578
96793,0,466,7167,7277,7277
96795,0,2,25,26,26
96797,0,829,13044,13378,13378
96813,0,250,3337,3412,3412
96814,0,72,1134,1157,1157
96815,0,162,2729,2782,2782
96816,0,1003,13013,13361,13361
96817,0,529,7983,8138,8138
96818,0,358,8198,8306,8306
96819,0,625,8329,8560,8560
96821,0,699,6295,6543,6543
96822,0,488,6469,6601,6601
96825,0,612,7775,7958,7958
96826,0,137,2577,2630,2630
50007,0,0,0,2,26
50009,0,0,85,326,5364
50010,0,195,395,5061,5176
50014,0,125,266,2578,2657
50021,0,0,7,447,6653
50023,0,0,49,555,8610
50035,0,0,16,92,1550
50047,0,0,15,82,1956
50061,0,0,0,87,529
50073,0,0,3,13,92
50105,0,4,16,302,306
50109,0,0,13,64,482
50111,0,0,18,212,4035
50131,0,6,89,626,5542
50134,1,2,5,55,56
50156,0,1,3,52,52
50201,0,0,0,5,5
50211,0,0,19,192,2851
50226,0,77,244,1506,1583
50237,0,0,2,23,459
50248,0,0,0,4,4
50265,0,0,165,607,9120
50266,0,0,93,378,4353
50309,0,0,2,37,797
50310,0,0,57,251,6492
50311,0,0,46,183,2582
50312,0,0,73,358,2896
50313,0,0,90,180,5176
50314,0,0,77,177,1880
50315,0,26,173,311,7839
50316,0,0,51,117,3384
50317,0,0,187,420,10667
50320,0,0,48,257,4306
50321,0,0,26,95,1632
50322,0,0,152,537,9124
50323,0,0,19,242,1178
50324,0,0,21,87,1504
50325,0,0,10,335,3033
50327,0,0,46,235,3361
50613,29,314,766,9313,9618
50626,0,0,0,1,16
50634,0,0,0,0,56
50643,1,8,44,667,684
50647,0,0,0,0,5
50648,0,0,0,0,1
50651,0,1,2,31,32
50667,0,0,4,9,242
50701,0,0,113,460,6553
50702,0,0,108,236,4839
50703,0,0,97,188,4199
50707,0,0,0,65,2029
51054,0,0,33,135,1474
51101,0,0,28,53,370
51103,0,4,56,108,3727
51104,0,0,81,277,4707
51105,0,0,16,87,1884
51106,0,0,96,391,6897
51108,0,0,13,84,1341
51109,0,1,9,21,1001
51111,0,0,0,0,245
51501,0,0,202,513,13184
51503,0,0,82,556,9878
51510,0,0,20,61,1508
51526,0,0,1,7,127
52001,0,229,475,8804,9060
52002,0,29,92,1846,1890
52003,0,30,148,2021,2086
52227,4,28,70,1024,1045
52228,0,9,82,638,669
52233,0,37,129,1855,1905
52240,0,180,375,4458,4658
52241,0,0,82,278,3134
52242,0,0,1,4,45
52245,0,0,60,241,2787
52246,0,0,69,398,2691
52302,36,261,783,11431,11739
52314,0,0,1,23,24
52317,0,1,5,59,61
52324,0,1,9,243,244
52328,0,4,90,987,1024
52333,0,0,0,2,2
52338,0,1,4,34,36
52341,0,5,20,197,206
52401,0,14,36,507,524
52402,31,240,501,10131,10288
52403,0,65,415,5677,5861
52404,0,230,544,11785,11966
52405,0,125,338,7193,7274
52411,0,120,535,2432,2610
52722,0,0,159,920,9541
52748,0,7,20,288,295
52753,0,0,21,88,1257
52801,0,0,8,16,179
52802,0,0,70,167,2907
52803,0,0,72,309,4438
52804,0,0,75,275,5491
52806,57,211,423,7927,8041
52807,0,0,28,257,3426
83201,0,60,437,9743,9892
83202,0,58,279,5174,5237
83204,0,37,207,3332,3373
83209,0,0,1,11,11
83301,0,65,1117,16000,16178
83328,0,2,34,979,988
83341,0,2,99,1201,1225
83401,0,0,636,10030,10235
83402,0,45,302,7405,7533
83404,0,89,576,6668,6826
83406,0,29,248,4736,4852
83427,0,0,9,539,542
83501,0,0,504,11467,11702
83605,0,65,465,10710,10786
83607,0,48,250,5850,5927
83616,0,101,1452,9622,10066
83634,0,2,42,623,634
83642,0,0,1323,15466,15960
83644,0,0,1,18,18
83646,0,56,1463,18237,18724
83651,0,21,349,10098,10252
83669,0,10,107,1424,1462
83686,0,75,656,14697,14891
83687,0,0,447,11657,11751
83702,0,31,621,5950,6153
83703,0,58,374,5149,5265
83704,0,36,506,11883,12052
83705,0,58,357,8171,8279
83706,0,73,766,8868,9096
83709,0,21,1300,20267,20598
83712,0,0,314,2350,2456
83713,0,106,599,9436,9639
83714,0,46,811,7444,7699
83716,0,0,627,5008,5223
83814,0,0,388,6626,6964
83815,0,0,384,11525,11897
83833,0,0,1,47,49
83835,0,0,241,7442,7730
83854,0,0,379,13998,14494
83858,0,0,163,3874,4049
60002,0,0,0,0,0
60004,0,0,0,0,0
60005,0,0,0,0,0
60007,0,0,0,0,0
60012,0,0,0,0,0
60014,0,0,0,0,0
60015,0,0,0,0,0
60016,0,0,0,0,0
60018,0,0,0,0,0
60022,0,0,0,0,0
60025,0,0,0,0,0
60026,0,0,0,0,0
60029,0,0,0,0,1
60030,0,0,0,0,0
60031,0,0,0,0,0
60033,0,0,0,0,0
60034,0,0,0,0,0
60035,0,0,0,0,0
60040,0,0,0,0,0
60041,0,0,0,0,0
60043,0,0,0,0,0
60044,0,0,0,0,0
60045,0,0,0,0,0
60046,0,0,0,0,0
60047,0,0,0,0,0
60048,0,0,0,0,0
60053,0,0,0,0,0
60056,0,0,0,0,0
60060,0,0,0,0,0
60061,0,0,0,0,0
60062,0,0,0,0,0
60064,0,0,0,0,0
60068,0,0,0,0,0
60069,0,0,0,0,0
60070,0,0,0,0,5
60071,0,0,0,0,0
60073,0,0,0,0,0
60076,0,0,0,0,0
60077,0,0,0,0,0
60083,0,0,0,0,0
60084,0,0,0,0,0
60085,0,0,0,0,0
60087,0,0,0,13,26
60088,0,0,0,0,0
60089,0,0,0,0,0
60090,0,0,0,0,0
60091,0,0,0,0,0
60093,0,0,0,0,0
60096,0,0,0,0,0
60097,0,0,0,0,0
60098,0,0,0,0,0
60099,0,0,0,0,0
60101,0,0,0,0,0
60102,0,0,0,0,0
60103,0,0,0,0,0
60104,0,0,0,0,0
60106,0,0,0,0,4
60107,0,0,0,0,0
60108,0,0,0,0,0
60110,0,0,0,0,0
60118,0,0,0,0,0
60119,0,0,0,0,0
60120,0,0,0,0,0
60123,0,0,0,0,0
60124,0,0,0,0,0
60126,0,0,0,0,0
60130,0,0,0,0,17
60131,0,0,0,0,0
60133,0,0,0,0,0
60134,0,0,0,0,0
60136,0,0,0,0,0
60137,0,0,0,44,53
60139,0,0,0,0,0
60140,0,0,0,0,0
60141,0,0,0,0,0
60142,0,0,0,0,0
60143,0,0,0,0,0
60148,0,0,0,0,0
60153,0,0,0,0,0
60154,0,0,0,0,0
60155,0,0,0,0,0
60156,0,0,0,0,0
60157,0,0,0,0,0
60160,0,0,0,0,0
60162,0,0,0,0,0
60163,0,0,0,0,0
60164,0,0,0,0,0
60165,0,0,0,0,0
60169,0,0,0,0,0
60171,0,0,0,0,0
60172,0,0,0,0,20
60173,0,0,0,0,0
60174,0,0,0,0,0
60175,0,0,0,0,0
60176,0,0,0,8,25
60177,0,0,0,0,0
60180,0,0,0,0,0
60181,0,0,0,15,51
60184,0,0,0,0,0
60185,0,0,0,0,0
60187,0,0,0,0,0
60188,0,0,0,0,0
60189,0,0,0,0,0
60190,0,0,0,3,3
60191,0,0,0,0,0
60193,0,0,0,0,0
60194,0,0,0,0,0
60201,0,0,0,0,0
60202,0,0,0,0,0
60203,0,0,0,0,0
60301,0,0,0,0,0
60302,0,0,0,0,0
60304,0,0,0,0,0
60305,0,0,0,0,0
60402,0,0,0,0,0
60403,0,0,0,0,0
60404,0,0,0,0,0
60406,0,0,0,0,0
60409,0,0,0,0,0
60410,0,0,0,0,0
60411,0,0,0,0,0
60415,0,0,0,0,0
60417,0,0,0,0,0
60419,0,0,0,0,0
60421,0,0,0,0,0
60422,0,0,0,0,0
60423,0,0,0,0,0
60425,0,0,0,0,0
60426,0,0,0,0,0
60428,0,0,0,0,0
60429,0,0,0,0,0
60430,0,0,0,0,0
60431,0,0,0,0,0
60432,0,0,0,0,0
60433,0,0,0,0,8
60435,0,0,0,0,0
60436,0,0,0,0,39
60438,0,0,0,0,0
60439,0,0,0,0,15
60440,0,0,0,12,74
60441,0,0,0,0,0
60442,0,0,0,0,0
60443,0,0,0,0,0
60445,0,0,0,0,0
60446,0,0,0,0,0
60447,0,0,0,0,0
60448,0,0,0,7,36
60449,0,0,0,0,0
60451,0,0,0,0,0
60452,0,0,0,0,0
60453,0,0,0,0,0
60455,0,0,0,0,0
60456,0,0,0,0,0
60457,0,0,0,0,0
60458,0,0,0,0,0
60459,0,0,0,0,0
60461,0,0,0,0,0
60462,0,0,0,0,0
60463,0,0,0,0,0
60464,0,0,0,0,0
60465,0,0,0,0,0
60466,0,0,0,0,29
60467,0,0,0,0,0
60469,0,0,0,0,0
60471,0,0,0,0,0
60472,0,0,0,0,0
60473,0,0,0,0,0
60475,0,0,0,0,0
60476,0,0,0,0,0
60477,0,0,0,0,0
60478,0,0,0,0,0
60480,0,0,0,0,0
60482,0,0,0,0,2
60484,0,0,0,0,0
60487,0,0,0,7,7
60490,0,0,0,0,6
60491,0,0,0,0,0
60501,0,0,0,0,0
60502,0,0,0,0,0
60503,0,0,0,0,8
60504,0,0,0,0,0
60505,0,0,0,0,0
60506,0,0,0,0,12
60510,0,0,0,16,31
60512,0,0,0,0,0
60513,0,0,0,0,0
60514,0,0,0,0,0
60515,0,0,0,0,21
60516,0,0,0,0,0
60517,0,0,0,0,0
60519,0,0,0,0,0
60521,0,0,0,0,0
60523,0,0,0,25,38
60525,0,0,16,41,41
60526,0,0,0,0,0
60527,0,0,0,0,0
60532,0,0,0,0,6
60534,0,0,0,0,0
60538,0,0,0,0,25
60540,0,0,0,22,33
60542,0,0,0,0,10
60543,0,0,0,0,0
60544,0,0,0,0,0
60546,0,0,0,0,0
60554,0,0,0,0,0
60555,0,0,0,0,0
60558,0,0,0,0,0
60559,0,0,0,0,0
60560,0,0,0,0,0
60561,0,0,7,13,13
60563,0,0,0,0,0
60564,0,0,0,0,0
60565,0,0,0,0,0
60585,0,0,0,0,0
60586,0,0,0,0,0
60601,0,0,0,0,0
60602,0,0,0,0,0
60603,0,0,0,0,0
60604,0,0,0,0,0
60605,0,0,0,0,1
60606,0,0,0,0,0
60607,0,0,0,0,0
60608,0,0,0,0,51
60609,0,0,0,0,0
60610,0,0,0,0,0
60611,0,0,0,0,0
60612,0,0,0,0,0
60613,0,0,0,0,0
60614,0,0,0,0,0
60615,0,0,0,0,0
60616,0,0,0,0,0
60617,0,0,0,0,19
60618,0,0,28,57,100
60619,0,0,0,0,0
60620,0,0,0,0,0
60621,0,0,0,0,0
60622,0,0,0,0,7
60623,0,0,0,0,0
60624,0,0,0,0,10
60625,0,0,0,0,0
60626,0,0,0,0,0
60628,0,0,0,0,0
60629,0,0,0,0,0
60630,0,0,0,0,0
60631,0,0,0,0,0
60632,0,0,0,0,0
60633,0,0,0,0,0
60634,0,0,0,0,0
60636,0,0,0,0,0
60637,0,0,0,0,0
60638,0,0,0,0,0
60639,0,0,0,0,40
60640,0,0,0,0,0
60641,0,0,0,0,60
60642,0,0,0,0,0
60643,0,0,0,0,0
60644,0,0,0,0,0
60645,0,0,0,0,0
60646,0,0,0,0,0
60647,0,0,0,0,0
60649,0,0,0,0,16
60651,0,0,0,0,0
60652,0,0,0,0,0
60653,0,0,0,0,0
60654,0,0,0,0,0
60655,0,0,0,0,0
60656,0,0,0,0,0
60657,0,0,0,0,11
60659,0,0,0,0,0
60660,0,0,0,0,0
60661,0,0,0,0,0
60706,0,0,0,0,0
60707,0,0,0,0,29
60712,0,0,0,0,0
60714,0,0,0,0,0
60803,0,0,0,0,0
60804,0,0,0,0,14
60805,0,0,0,0,0
60827,0,0,0,0,0
60901,0,0,0,0,0
60910,0,0,0,0,0
60914,0,0,0,0,0
60915,0,0,0,0,0
60922,0,0,0,0,0
60964,0,0,0,0,0
61008,0,0,0,0,0
61011,0,0,0,0,0
61016,0,0,0,0,0
61025,0,0,0,0,0
61065,0,0,0,0,0
61072,0,0,0,0,0
61073,0,0,0,0,0
61101,0,0,0,0,0
61102,0,0,0,0,0
61103,0,0,0,0,0
61104,0,0,0,0,0
61107,0,0,0,0,0
61108,0,0,0,0,0
61109,0,0,0,0,0
61111,0,0,0,0,0
61114,0,0,0,0,0
61115,0,0,0,0,0
61201,0,0,0,0,0
61239,0,0,0,0,0
61240,0,0,0,0,0
61241,0,0,0,0,0
61244,0,0,0,0,0
61256,0,0,0,0,0
61264,0,0,0,0,0
61265,0,0,0,0,0
61273,0,0,0,0,0
61275,0,0,0,0,0
61282,0,0,0,0,0
61284,0,0,0,0,0
61301,0,0,0,0,0
61320,0,0,0,0,0
61341,0,0,0,0,0
61348,0,0,0,0,0
61350,0,0,0,0,0
61354,0,0,0,0,0
61362,0,0,0,0,1
61364,0,0,0,14,34
61373,0,0,0,0,0
61523,0,0,0,4,7
61525,0,0,0,0,0
61526,0,0,0,0,0
61528,0,0,0,0,0
61535,0,0,0,0,0
61536,0,0,0,0,0
61547,0,0,0,0,0
61548,0,0,0,0,0
61550,0,0,0,0,0
61554,0,0,0,0,0
61568,0,0,0,0,0
61571,0,0,0,0,0
61602,0,0,0,0,0
61603,0,0,0,0,0
61604,0,0,0,0,0
61605,0,0,0,0,0
61606,0,0,0,0,0
61607,0,0,0,0,0
61610,0,0,0,3,7
61611,0,0,0,0,0
61614,0,0,0,0,31
61615,0,0,0,0,0
61616,0,0,0,0,0
61701,0,0,0,0,0
61704,0,0,0,0,0
61705,0,0,0,0,0
61725,0,0,0,0,0
61748,0,0,0,0,0
61761,0,0,0,0,0
61772,0,0,0,0,0
61776,0,0,0,0,0
61801,0,0,0,0,0
61802,0,0,0,0,0
61814,0,0,0,0,0
61817,0,0,0,0,0
61820,0,0,0,0,0
61821,0,0,0,0,0
61822,0,0,0,0,8
61832,0,0,0,0,0
61833,0,0,0,0,0
61834,0,0,0,0,0
61841,0,0,0,0,0
61858,0,0,0,0,0
61864,0,0,0,0,0
61874,0,0,0,0,0
61880,0,0,0,0,0
61883,0,0,0,0,0
62025,0,0,0,0,0
62034,0,0,0,0,0
62040,0,0,0,0,0
62059,0,0,0,0,0
62060,0,0,0,0,0
62062,0,0,0,0,0
62090,0,0,0,0,0
62201,0,0,0,0,0
62203,0,0,0,0,0
62204,0,0,0,0,2
62205,0,0,0,0,0
62206,0,0,0,0,0
62207,0,0,0,0,0
62208,0,0,0,0,0
62221,0,0,0,0,0
62223,0,0,0,0,0
62226,0,0,0,0,0
62232,0,0,0,2,5
62234,0,0,0,0,0
62236,0,0,0,0,0
62239,0,0,0,0,0
62240,0,0,0,0,0
62260,0,0,0,0,0
62269,0,0,0,6,12
62521,0,0,0,0,0
62522,0,0,0,0,0
62523,0,0,0,0,0
62526,0,0,0,0,0
62535,0,0,0,0,0
62544,0,0,0,0,0
62549,0,0,0,0,0
62554,0,0,0,0,0
62558,0,0,0,0,0
62561,0,0,0,0,0
62563,0,0,0,0,0
62625,0,0,0,0,0
62629,0,0,0,0,0
62670,0,0,0,0,0
62677,0,0,0,0,0
62684,0,0,0,0,0
62701,0,0,0,0,0
62702,0,0,0,0,0
62703,0,0,0,0,0
62704,0,0,0,0,0
62707,0,0,0,0,0
62711,0,0,0,0,0
62712,0,0,0,0,0
62957,0,0,0,0,0
62960,0,0,0,0,0
46001,0,0,0,0,0
46011,0,0,0,0,15
46012,0,0,0,0,4
46013,0,0,0,0,32
46016,0,0,0,0,7
46017,0,0,0,0,0
46032,0,0,0,0,0
46033,0,0,0,0,12
46037,0,0,0,0,0
46038,0,0,0,0,0
46040,0,0,0,0,0
46051,0,0,0,0,1
46052,0,0,1,4,5
46055,0,0,0,0,0
46056,0,0,0,0,0
46060,0,0,0,0,0
46062,0,0,0,8,8
46064,0,0,0,0,0
46068,0,0,0,0,0
46069,0,0,0,0,0
46074,0,0,0,0,0
46075,0,0,0,0,0
46077,0,0,0,0,0
46106,0,0,3,5,11
46107,0,0,0,0,0
46110,0,0,0,0,0
46111,0,0,0,1,1
46112,0,0,0,0,13
46113,0,0,0,0,0
46118,0,0,0,0,0
46122,0,0,0,0,0
46123,0,0,36,60,84
46124,0,0,0,0,0
46126,0,0,0,0,1
46130,0,0,0,2,3
46131,0,0,0,0,9
46140,0,0,0,0,3
46142,0,0,0,0,0
46143,0,0,0,0,0
46151,0,0,0,3,7
46158,0,0,0,0,0
46162,0,0,0,0,0
46163,0,0,0,0,0
46167,0,0,0,0,0
46168,0,0,0,0,0
46181,0,0,0,0,0
46184,0,0,0,15,29
46201,0,0,0,0,0
46202,0,0,0,0,0
46203,0,0,0,0,0
46204,0,0,0,0,0
46205,0,0,0,0,0
46208,0,0,0,0,0
46214,0,0,0,0,0
46216,0,0,0,0,0
46217,0,0,0,0,0
46218,0,0,0,0,0
46219,0,0,0,0,0
46220,0,0,0,0,0
46221,0,0,0,0,0
46222,0,0,0,0,0
46224,0,0,0,0,0
46225,0,0,0,0,0
46226,0,0,0,0,0
46227,0,0,0,0,0
46228,0,0,0,0,0
46229,0,0,0,0,0
46231,0,0,0,0,0
46234,0,0,0,0,0
46235,0,0,0,0,0
46236,0,0,0,0,10
46237,0,0,0,0,0
46239,0,0,0,0,0
46240,0,0,0,0,0
46241,0,0,0,0,0
46250,0,0,0,0,0
46254,0,0,0,0,0
46256,0,0,0,0,0
46259,0,0,0,0,0
46260,0,0,0,0,0
46268,0,0,0,0,0
46278,0,0,0,0,0
46280,0,0,0,0,0
46304,0,9,13,43,43
46307,0,0,0,0,2
46311,0,0,0,0,12
46312,0,0,44,138,204
46319,0,0,0,20,50
46320,0,0,44,80,117
46321,0,0,49,78,85
46322,0,0,0,30,53
46323,0,0,0,43,117
46324,0,0,37,69,106
46327,0,0,20,27,48
46341,0,0,0,0,0
46342,0,0,0,0,10
46350,0,0,0,0,0
46360,0,20,39,98,137
46368,0,0,0,0,81
46373,0,0,1,2,3
46375,0,0,0,0,0
46383,0,0,0,45,74
46385,0,0,0,0,7
46391,0,0,0,0,0
46393,0,0,0,0,0
46394,0,0,0,16,60
46402,0,0,2,4,45
46403,0,0,14,54,68
46404,0,29,109,166,218
46405,0,3,16,46,68
46406,0,0,5,22,41
46407,0,0,0,82,150
46408,0,0,0,39,95
46409,0,0,0,0,23
46410,0,0,0,0,101
46530,0,0,0,0,16
46544,0,11,21,63,84
46545,0,0,0,7,29
46554,0,0,0,0,0
46561,0,0,0,0,0
46601,0,0,0,0,17
46613,0,0,0,32,61
46614,0,0,0,27,44
46615,0,0,0,0,0
46616,2,12,13,15,23
46617,0,0,0,3,15
46619,0,0,0,0,6
46628,0,0,0,0,32
46635,0,0,0,0,8
46637,0,0,0,32,45
46706,0,0,0,0,0
46723,0,0,0,0,0
46725,0,0,0,0,0
46741,0,0,0,0,0
46745,0,0,0,0,0
46748,0,0,0,2,2
46765,0,0,0,0,0
46774,0,10,10,15,26
46783,0,0,0,0,1
46788,0,0,0,0,0
46798,0,0,0,0,0
46802,0,0,0,0,0
46803,0,0,25,64,96
46804,0,0,0,0,0
46805,0,0,0,0,26
46806,0,0,0,0,22
46807,0,0,0,0,35
46808,0,0,0,0,0
46809,0,0,18,29,36
46814,0,0,0,0,0
46815,0,0,0,0,40
46816,0,0,0,13,43
46818,0,0,0,0,7
46819,0,0,0,0,0
46825,0,0,28,47,47
46835,0,0,0,0,0
46845,0,0,0,0,0
46901,0,0,0,26,44
46902,0,0,0,0,38
46914,0,0,0,0,0
46932,0,0,0,0,0
47106,0,0,0,0,0
47111,0,15,25,35,44
47117,0,0,0,0,0
47119,0,0,0,0,0
47129,0,0,13,33,52
47130,0,0,0,33,66
47141,0,0,0,0,0
47143,0,0,0,0,0
47150,0,0,0,91,164
47172,0,0,0,8,23
47201,0,0,0,0,8
47203,0,0,0,8,50
47226,0,0,0,0,0
47280,0,0,0,1,2
47302,0,0,0,34,120
47303,0,0,0,0,23
47304,0,0,21,48,82
47305,0,0,0,7,30
47320,0,0,0,0,0
47334,0,0,0,1,2
47342,0,0,0,0,0
47356,0,0,0,0,0
47383,0,0,0,0,0
47396,0,0,0,0,3
47401,0,0,0,0,92
47403,52,69,103,146,172
47404,0,0,0,0,24
47408,0,0,0,30,56
47429,0,0,0,0,0
47601,0,0,0,0,0
47610,0,4,5,5,8
47630,0,0,0,0,92
47708,0,1,4,7,10
47710,0,12,49,105,124
47711,0,0,0,84,157
47712,0,0,0,11,44
47713,0,0,0,36,75
47714,0,0,40,69,129
47715,51,69,120,137,188
47720,25,34,59,74,128
47725,0,0,0,6,44
47802,0,0,0,8,25
47803,0,0,0,0,0
47804,0,0,8,37,53
47805,0,0,4,34,45
47807,0,0,0,0,0
47863,0,0,0,0,0
47871,0,0,0,0,0
47874,0,0,0,0,0
47885,0,0,0,2,6
47901,0,0,0,0,5
47904,0,0,0,0,0
47905,0,0,0,0,16
47906,0,0,0,0,139
47909,0,0,0,8,17
47920,0,0,0,0,0
47932,0,0,0,0,0
47982,0,0,0,0,0
47993,0,0,0,0,0
66012,0,0,0,0,0
66013,0,0,0,0,0
66024,0,0,0,0,0
66025,0,0,0,0,0
66030,0,0,0,0,0
66044,0,0,0,0,0
66046,0,0,0,0,0
66047,0,0,0,0,0
66049,0,0,0,0,0
66050,0,0,0,0,0
66052,0,0,0,0,0
66061,0,0,0,0,0
66062,0,0,0,0,0
66083,0,0,0,0,0
66085,0,0,0,0,0
66086,0,0,0,0,0
66090,0,0,0,0,0
66101,0,0,0,0,0
66102,0,0,0,0,0
66103,0,0,0,0,0
66104,0,0,0,0,0
66105,0,0,0,0,0
66106,0,0,0,0,0
66109,0,0,0,0,0
66111,0,0,0,0,0
66112,0,0,0,0,5
66202,0,0,0,0,0
66203,0,0,0,0,0
66204,0,0,0,0,0
66205,0,0,0,0,0
66206,0,0,0,0,0
66207,0,0,0,0,0
66208,0,0,0,0,0
66209,0,0,0,0,0
66210,0,0,0,0,0
66211,0,0,0,0,0
66212,0,0,0,0,0
66213,0,0,0,0,0
66214,0,0,0,0,0
66215,0,0,0,0,0
66216,0,0,0,0,0
66217,0,0,0,0,0
66218,0,0,0,0,0
66219,0,0,0,0,0
66220,0,0,0,0,0
66221,0,0,0,0,0
66223,0,0,0,0,0
66224,0,0,0,0,8
66226,0,0,0,0,0
66227,0,0,0,1,1
66402,0,0,0,0,0
66409,0,0,0,0,0
66429,0,0,0,0,0
66502,0,0,0,0,9
66503,0,0,0,0,0
66542,0,0,0,0,0
66546,0,0,0,0,0
66603,0,0,0,0,0
66604,0,0,0,0,0
66605,0,0,0,0,0
66606,0,0,0,0,0
66607,0,0,0,0,0
66608,0,0,0,0,0
66609,0,0,0,2,2
66610,0,0,0,0,0
66611,0,0,0,0,0
66612,0,0,0,0,0
66614,0,0,0,0,0
66615,0,0,0,0,0
66616,0,0,0,0,0
66617,0,0,0,0,0
66618,0,0,0,0,2
66619,0,0,0,0,0
66739,0,0,0,0,0
67002,0,0,0,5,10
67026,0,0,0,0,0
67030,0,0,0,0,0
67037,0,0,0,0,0
67052,0,0,0,0,0
67055,0,0,0,0,0
67060,0,5,5,5,5
67067,0,0,0,0,0
67101,0,0,0,4,9
67110,0,0,0,0,0
67120,0,0,0,0,0
67147,0,0,0,0,0
67202,0,0,0,0,0
67203,0,0,0,0,37
67204,0,0,0,0,0
67205,0,0,0,0,0
67206,0,0,0,0,0
67207,0,0,0,0,0
67208,0,0,0,0,0
67209,0,0,0,0,0
67210,0,0,0,0,0
67211,0,0,0,0,20
67212,0,0,0,0,0
67213,0,0,0,0,0
67214,0,0,0,17,44
67215,0,0,0,0,0
67216,0,0,0,13,27
67217,0,0,0,0,0
67218,0,0,0,0,0
67219,0,0,0,0,0
67220,0,0,0,0,0
67223,0,0,0,0,0
67226,0,0,0,0,0
67227,0,0,0,0,0
67228,0,0,0,0,0
67230,0,0,0,0,0
67232,0,0,0,0,3
67235,0,0,0,0,0
40014,0,0,0,0,0
40023,0,0,0,0,0
40025,0,0,0,0,0
40026,0,0,0,0,0
40047,0,0,0,0,0
40056,0,0,0,0,0
40059,0,0,0,0,0
40071,0,0,0,0,0
40109,0,0,0,0,0
40118,0,0,0,0,0
40162,0,0,0,0,0
40165,0,0,0,0,0
40177,0,0,0,0,0
40202,0,0,0,0,0
40203,0,0,0,0,0
40204,0,0,0,0,0
40205,0,0,0,0,0
40206,0,0,0,0,0
40207,0,0,0,0,0
40208,0,0,0,0,0
40209,0,0,0,0,0
40210,0,0,0,0,0
40211,0,0,0,0,0
40212,0,0,0,0,0
40213,0,0,0,0,7
40214,0,0,0,0,0
40215,0,0,0,0,0
40216,0,0,0,0,0
40217,0,0,0,0,0
40218,0,0,0,0,0
40219,0,0,0,0,0
40220,0,0,0,0,0
40222,0,0,0,0,0
40223,0,0,0,0,0
40228,0,0,0,0,0
40229,0,0,0,0,0
40241,0,0,0,0,0
40242,0,0,0,0,0
40243,0,0,0,0,0
40245,0,0,0,0,18
40258,0,0,0,0,0
40272,0,0,0,0,0
40291,0,0,0,0,0
40299,0,0,0,0,0
40356,0,0,0,0,0
40403,0,0,0,0,0
40461,0,0,0,0,0
40475,0,0,0,0,0
40502,0,0,0,0,0
40503,0,0,0,0,0
40504,0,0,0,0,0
40505,0,0,0,0,0
40507,0,0,0,0,0
40508,0,0,0,0,0
40509,0,0,0,0,0
40510,0,0,0,0,0
40511,0,0,0,0,0
40513,0,0,0,0,0
40514,0,0,0,0,0
40515,0,11,34,56,101
40516,0,0,0,0,0
40517,0,0,0,0,0
41001,0,0,0,0,0
41005,0,0,0,1,1
41007,0,0,0,0,0
41011,0,0,0,0,30
41014,0,0,0,0,0
41015,0,0,0,0,0
41016,0,0,0,0,0
41017,0,0,0,0,0
41018,0,0,8,16,33
41042,0,0,0,0,0
41048,0,0,0,0,0
41051,0,0,0,0,0
41059,0,0,0,0,0
41063,1,1,1,1,1
41071,0,0,0,0,0
41073,0,0,0,0,0
41074,0,0,0,0,0
41075,0,0,0,0,0
41076,15,35,40,45,50
41085,0,0,0,0,0
41091,0,0,0,0,0
41094,0,0,0,0,0
41101,0,25,55,74,86
41102,0,0,0,0,2
41129,0,0,0,0,0
41139,0,0,11,14,34
41144,0,0,0,0,0
41169,0,0,0,4,7
41175,0,0,0,0,0
41183,1,2,5,7,11
42001,0,0,0,0,24
42003,0,0,0,0,0
42058,0,0,0,0,0
42101,0,0,0,0,0
42103,0,48,65,65,81
42104,0,0,0,10,50
42122,0,0,0,0,0
42223,0,0,0,0,0
42234,0,0,0,0,0
42262,0,0,0,0,0
42286,0,0,0,0,0
42301,0,0,0,0,24
42303,0,0,0,0,0
42366,0,0,0,0,0
42420,0,0,0,0,0
42701,0,0,17,33,50
42724,0,0,0,0,0
70001,0,0,159,819,9872
70002,0,0,106,319,4176
70003,0,193,415,1112,11033
70005,0,0,292,685,6620
70006,0,0,91,311,3958
70031,0,1,1,4,357
70032,0,2,56,120,1325
70037,0,0,63,204,3322
70043,0,0,175,553,5196
70047,0,0,4,163,2488
70049,0,0,1,2,32
70053,0,103,334,547,4582
70056,0,0,45,406,8726
70057,0,1,33,84,579
70058,0,0,348,751,10306
70062,0,0,155,375,4545
70065,0,0,347,1055,11556
70068,0,0,100,428,6979
70070,0,14,29,97,1069
70072,0,120,621,1282,15146
70075,0,6,35,106,1375
70079,0,0,0,96,777
70084,0,12,35,72,1043
70085,0,16,28,43,408
70087,0,0,13,37,617
70092,0,0,75,169,1945
70094,0,73,292,584,9074
70112,0,38,107,151,798
70113,0,45,176,276,2158
70114,0,21,371,492,5154
70115,0,0,350,1282,8266
70116,0,92,281,498,4538
70117,0,0,462,1031,8282
70118,0,77,591,1356,7831
70119,0,0,655,1174,11483
70121,0,0,78,202,3950
70122,0,287,757,1227,12187
70123,0,0,172,668,7062
70124,0,15,515,1236,6874
70125,0,111,390,713,5083
70126,0,128,522,917,9217
70127,0,183,508,779,6235
70128,0,0,183,593,4383
70129,0,0,134,272,1859
70130,0,0,182,474,2855
70131,0,0,220,571,5870
70148,0,0,1,2,3
70343,0,0,1,3,25
70360,0,95,276,656,5811
70363,0,0,145,340,4339
70364,0,0,111,263,3942
70395,0,0,1,2,15
70401,0,0,153,334,4835
70403,0,0,294,615,6135
70446,0,0,0,0,8
70454,0,58,267,551,8085
70455,0,0,12,34,412
70462,0,0,8,32,521
70466,0,6,21,36,596
70501,0,265,585,1214,10558
70503,0,30,406,1054,7483
70506,0,114,568,1022,10631
70507,0,0,68,216,4267
70508,0,0,466,1428,11331
70517,0,4,18,34,502
70518,0,31,246,535,6085
70520,0,0,99,183,2930
70525,0,1,2,3,37
70529,0,32,70,114,1426
70535,0,87,271,407,4206
70555,0,22,63,115,817
70560,1,19,37,60,621
70570,0,173,455,837,8729
70577,0,16,58,92,1123
70578,0,0,0,0,1
70582,1,2,4,8,156
70583,0,34,189,296,3330
70584,0,0,0,0,1
70592,0,44,381,783,7012
70601,0,0,479,1024,8980
70605,0,0,164,675,6305
70607,0,0,119,224,3246
70611,0,0,20,201,1937
70615,0,0,38,110,1488
70663,0,93,249,441,4884
70665,0,0,61,166,1146
70668,0,0,0,0,3
70669,0,12,52,134,2094
70706,0,0,56,325,4509
70710,0,0,9,35,722
70711,0,0,7,30,874
70714,0,101,248,429,5127
70719,0,7,29,97,1361
70726,0,0,319,894,11607
70734,0,0,63,268,1778
70737,0,46,480,1053,11349
70739,0,22,84,344,3065
70744,0,0,9,24,146
70764,0,0,0,0,1
70767,0,0,44,226,3679
70769,14,43,285,1368,10387
70770,0,1,23,44,509
70774,0,3,26,68,458
70777,0,1,2,4,53
70778,0,0,6,15,207
70785,4,42,91,170,2758
70791,0,0,182,504,6486
70801,0,0,1,3,70
70802,0,131,472,778,6758
70805,0,17,431,622,6255
70806,0,0,194,558,6392
70807,0,157,368,553,4106
70808,0,187,530,1375,7270
70809,0,0,144,650,6629
70810,0,55,382,1420,10244
70811,0,27,183,286,3447
70812,0,41,91,264,2678
70814,0,16,151,286,3679
70815,0,44,280,666,6064
70816,0,143,440,702,9080
70817,0,0,321,1247,8981
70818,0,0,50,351,2948
70819,0,0,38,126,1199
70820,0,105,298,515,3210
71006,0,0,0,0,2
71009,0,1,2,2,26
71024,0,0,0,0,1
71037,0,13,67,118,1295
71047,0,0,24,61,968
71051,0,0,1,2,26
71055,0,0,50,149,1788
71073,0,0,3,9,150
71101,0,46,170,233,1930
71103,0,16,90,180,2160
71104,0,51,199,356,3440
71105,0,0,165,426,5531
71106,0,56,394,1107,7489
71107,0,0,331,643,7727
71108,0,118,262,395,4177
71109,0,58,253,518,5258
71110,0,0,5,20,745
71111,40,198,540,909,10318
71112,0,54,216,399,8745
71115,0,5,152,330,4061
71118,0,0,103,176,5086
71119,0,0,81,235,2891
71129,0,0,65,141,2828
71201,0,0,211,695,4855
71202,0,147,440,673,4374
71203,0,98,294,624,5692
71225,0,0,1,3,26
71280,0,0,1,2,20
71291,0,0,175,623,5642
71292,0,7,98,206,2331
71301,0,223,455,766,7619
71302,0,57,168,262,2736
71303,0,0,194,383,5051
71360,0,29,165,324,5705
71405,0,4,23,60,936
71423,0,0,0,0,3
71485,0,0,0,0,1
1001,0,0,32,266,4428
1002,0,0,65,288,1862
1007,0,0,0,0,3
1013,0,0,125,404,5479
1020,0,17,145,512,8274
1022,0,0,0,0,834
1027,0,0,64,262,4215
1028,0,0,163,566,4597
1030,0,0,7,317,3566
1033,0,0,44,209,1747
1035,0,0,16,63,476
1036,0,0,2,3,39
1040,0,0,123,554,7429
1056,0,0,151,412,4431
1068,0,0,1,2,13
1073,0,0,0,119,1992
1075,0,0,136,494,4349
1077,0,0,16,180,2243
1085,0,0,218,595,9555
1089,0,0,144,520,6957
1095,0,0,42,145,1050
1103,0,0,7,21,184
1104,0,0,143,387,5129
1105,0,0,39,129,1316
1106,0,0,181,550,3151
1107,0,0,78,150,1313
1108,0,0,146,389,4309
1109,0,0,112,270,4964
1118,0,0,92,331,3420
1119,0,0,38,147,3136
1128,0,0,25,83,791
1129,0,0,76,177,2051
1151,0,0,49,137,2113
1201,0,26,79,415,6450
1237,0,0,3,12,161
1238,0,0,0,2,33
1240,0,0,7,87,883
1266,0,0,1,4,26
1420,0,0,216,1668,8151
1450,0,0,23,89,238
1453,0,0,276,1881,8718
1462,0,0,58,276,1108
1463,0,0,1,4,15
1473,0,0,0,2,8
1501,0,0,48,505,4689
1504,0,0,99,312,2329
1505,0,3,21,152,725
1507,0,0,38,148,1360
1515,0,0,7,29,287
1516,0,0,22,96,523
1519,0,0,26,99,398
1520,0,13,109,623,3090
1522,0,0,7,23,258
1524,0,0,45,165,1772
1527,0,0,48,425,3584
1529,0,0,11,43,367
1534,0,0,3,8,59
1535,0,0,1,3,41
1536,0,0,35,163,909
1537,0,1,10,31,638
1540,0,0,71,331,3012
1541,0,0,5,16,73
1542,0,0,9,44,564
1543,0,0,20,58,292
1545,0,0,206,1056,5729
1560,0,0,7,19,158
1562,0,16,88,349,3060
1564,0,0,108,376,1999
1566,0,0,0,2,11
1568,0,0,9,39,173
1569,0,4,82,252,1745
1570,0,0,122,391,3856
1571,0,0,49,195,1922
1581,0,0,7,31,132
1583,0,6,35,262,1996
1588,0,0,21,86,585
1590,0,0,111,387,1825
1602,0,9,216,532,4316
1603,0,0,88,371,3465
1604,0,14,149,662,6974
1605,0,0,150,479,3835
1606,0,0,130,543,5291
1607,0,0,39,158,1525
1608,0,0,11,42,266
1609,0,12,143,461,2851
1610,0,0,142,319,2641
1611,0,0,17,47,537
1612,0,0,62,221,1374
1701,0,5,131,496,2577
1702,0,0,157,809,4722
1721,0,0,144,570,3081
1730,0,0,160,491,1954
1731,0,0,5,30,351
1741,0,0,55,209,527
1742,0,0,1,2,7
1745,0,0,10,30,138
1746,0,0,238,718,3065
1747,0,0,67,270,1440
1748,0,0,192,904,2890
1756,0,0,103,299,1466
1757,0,0,313,940,6391
1760,0,19,452,1512,6004
1770,0,0,92,296,839
1772,0,0,161,515,1792
1773,0,0,13,60,175
1778,0,0,1,2,4
1801,0,0,280,1727,8335
1803,0,0,143,932,4985
1810,0,0,424,1716,6229
1821,0,6,267,885,6071
1824,0,5,394,1061,4921
1826,0,0,165,718,6149
1827,0,0,74,236,823
1830,0,0,169,538,4301
1832,0,0,141,393,4450
1833,0,0,0,0,1
1834,0,0,67,227,1256
1835,0,6,71,284,2984
1840,0,0,23,56,446
1841,0,0,120,469,5636
1843,0,0,95,384,3862
1844,0,0,410,1419,11259
1845,0,0,260,1106,5055
1850,0,0,83,228,2605
1851,0,0,94,445,4543
1852,0,0,98,424,4556
1854,0,0,99,393,3881
1862,0,5,56,256,1675
1863,0,0,65,231,1682
1864,0,3,143,661,3030
1867,0,0,330,1196,4476
1876,0,0,175,681,4652
1879,0,0,119,494,2745
1880,0,0,298,1030,5387
1886,0,0,265,869,3338
1887,0,5,181,927,4722
1890,0,0,354,1350,3883
1901,0,0,17,40,194
1902,0,0,235,655,6189
1904,0,0,85,576,4558
1905,0,0,147,418,4199
1906,0,0,165,816,6614
1907,0,7,148,646,3321
1908,0,0,55,207,1216
1915,0,0,247,1178,7591
1921,0,0,16,48,144
1923,0,0,236,937,6625
1940,0,0,176,631,2348
1945,0,0,422,1321,4938
1949,0,0,141,464,1790
1960,0,62,558,1586,11870
1970,0,0,181,913,8357
1982,0,0,60,163,808
1983,0,0,13,36,142
1984,0,0,68,239,772
1985,0,0,2,8,26
2019,0,0,139,479,4034
2021,0,0,230,1000,4659
2025,0,0,72,325,1094
2026,0,23,380,1320,5402
2030,0,0,176,542,1106
2032,0,0,61,270,948
2035,0,0,187,580,3622
2038,0,16,330,1026,4966
2043,0,0,215,891,2935
2048,0,0,145,842,4460
2052,0,0,282,956,2399
2053,0,0,112,654,2889
2054,0,0,79,318,1725
2056,0,2,102,506,1865
2061,0,0,100,451,1688
2062,0,0,322,1195,6264
2066,0,0,250,900,3984
2067,0,4,291,834,3285
2071,0,0,20,69,199
2072,0,6,260,922,6186
2081,0,0,156,846,3921
2090,0,0,303,1108,3170
2093,0,3,127,373,1561
2108,0,0,41,127,352
2109,0,0,28,83,278
2110,0,0,9,29,79
2111,0,0,23,65,182
2113,0,0,15,81,425
2114,0,1,53,152,493
2115,0,0,82,231,917
2116,0,0,149,469,1326
2118,0,0,153,454,1523
2119,0,0,188,613,2697
2120,0,4,63,203,924
2121,0,0,119,463,2382
2122,0,0,186,722,3441
2124,0,25,356,1260,5969
2125,0,12,250,929,3994
2126,0,0,158,649,3637
2127,0,0,303,1277,4125
2128,0,0,196,746,4704
2129,0,0,166,534,1925
2130,0,26,298,1048,4168
2131,0,41,274,1191,4918
2132,0,0,437,1452,5758
2134,0,0,75,262,1544
2135,0,0,182,687,4010
2136,0,0,144,932,4811
2138,0,0,261,853,3331
2139,0,3,208,780,3001
2140,0,0,128,492,1882
2141,0,0,112,313,1342
2142,0,0,10,41,128
2143,0,0,224,786,3604
2144,0,0,183,830,3708
2145,0,0,145,561,3622
2148,0,0,315,1305,8892
2149,0,0,209,751,6988
2150,0,0,140,384,3581
2151,0,0,370,1271,9163
2152,0,0,138,602,3589
2155,0,0,410,1898,11116
2163,0,0,3,10,36
2169,0,0,272,1147,9412
2170,0,0,137,470,3645
2171,0,20,136,472,3255
2176,0,0,354,996,4998
2180,0,0,219,825,4419
2184,0,0,507,1486,7885
2186,0,0,312,1607,5616
2188,0,0,54,281,2603
2189,0,0,60,267,2897
2190,0,0,135,473,3489
2191,0,9,55,179,1651
2199,0,0,7,20,60
2210,0,0,23,75,209
2215,0,0,42,146,572
2301,0,0,133,1004,9970
2302,0,0,193,657,6967
2322,0,4,36,104,1315
2333,0,3,53,194,1213
2339,0,8,188,663,2568
2341,0,0,40,128,1008
2343,0,0,72,340,2658
2346,0,0,80,386,4345
2347,0,6,168,583,3014
2351,0,18,138,483,3508
2356,0,0,116,554,2564
2368,0,0,277,791,6287
2370,0,4,160,485,4153
2375,0,3,53,191,994
2379,0,0,10,35,232
2382,0,0,107,329,3341
2420,0,0,286,986,2635
2421,0,0,339,1107,3020
2445,0,0,139,600,2188
2446,0,4,135,509,1944
2451,0,8,147,854,3758
2452,0,0,118,466,2509
2453,0,0,251,950,4675
2458,0,0,183,641,2265
2459,0,0,357,1247,3426
2460,0,2,128,406,1449
2461,0,5,124,404,1149
2462,0,0,14,77,238
2464,0,0,32,120,486
2465,0,0,244,811,2508
2466,0,0,104,364,1069
2467,0,2,229,707,2116
2468,0,0,152,428,875
2472,0,0,336,1302,6329
2474,0,6,291,1202,5154
2476,0,31,248,835,3142
2478,0,0,519,1642,5279
2481,0,0,251,900,1947
2482,0,0,167,574,1446
2492,0,0,410,1414,3810
2493,0,0,82,295,672
2494,0,2,187,708,2007
2601,0,0,124,1058,5085
2630,0,0,50,252,1075
2632,0,0,23,144,585
2668,0,0,1,8,28
2673,0,0,66,400,2312
2675,0,5,33,156,617
2702,0,2,47,215,1188
2703,0,0,299,1302,9356
2715,0,0,42,153,1005
2717,0,0,77,275,1461
2718,0,0,50,337,1735
2719,0,0,198,916,4811
2720,0,26,268,722,6216
2721,0,0,186,620,5515
2723,0,0,114,409,2943
2724,0,0,126,526,3613
2725,0,0,37,216,1028
2726,0,0,204,701,5373
2739,0,0,6,20,105
2740,0,0,360,1852,10054
2743,0,0,88,677,3299
2744,0,10,64,398,2411
2745,0,0,169,1308,6910
2746,0,0,141,556,2593
2747,0,0,232,783,5588
2748,0,18,199,920,3501
2760,0,0,241,850,5524
2762,0,0,39,160,1237
2763,0,0,26,86,497
2764,0,0,31,142,1017
2766,0,0,198,738,3842
2767,0,1,67,262,1252
2769,0,0,135,745,3773
2770,0,1,26,103,612
2771,0,14,205,664,4586
2777,0,0,123,726,6001
2779,0,0,115,412,1893
2780,0,0,303,1122,9821
2790,0,11,118,538,3666
20701,0,0,0,15,15
20705,0,0,397,5670,5907
20706,0,0,153,2901,3000
20707,0,0,477,5903,6182
20708,0,0,161,3479,3569
20712,0,5,35,517,526
20715,0,0,170,1906,2017
20720,0,0,833,5936,6459
20721,0,0,758,5604,6065
20722,0,0,1,15,15
20723,0,0,653,5329,5730
20724,0,9,205,2811,2928
20740,0,37,203,1767,1833
20743,0,36,124,1760,1798
20745,0,1,21,322,326
20746,0,1,13,201,206
20748,0,0,2,27,28
20755,0,0,37,930,954
20759,0,0,81,367,414
20763,0,1,44,490,512
20769,0,0,210,1725,1859
20770,0,0,40,671,686
20772,0,0,178,1800,1923
20774,0,30,883,9543,10005
20777,0,0,0,2,2
20781,0,0,0,2,2
20782,0,4,25,342,351
20783,0,6,77,1490,1516
20794,0,0,156,2286,2398
20814,0,18,362,1908,2036
20815,0,5,247,977,1064
20816,0,0,120,454,498
20817,0,9,835,2858,3145
20841,0,0,81,1030,1503
20850,0,48,1124,7608,8009
20851,0,2,191,2137,2197
20852,0,54,703,4726,4939
20853,0,11,593,3593,3794
20854,0,0,2931,9537,10609
20855,0,0,444,2822,2977
20866,0,0,187,2014,2120
20868,0,0,10,85,90
20874,0,0,145,6087,8945
20876,0,0,39,1556,2238
20877,0,0,316,3829,3943
20878,0,31,1708,9862,10393
20879,0,0,418,4645,4794
20880,0,0,6,49,51
20882,0,0,39,275,300
20886,0,0,50,2630,3816
20895,0,0,726,3479,3710
20896,0,0,25,84,93
20899,0,0,0,19,19
20901,0,0,807,4661,4937
20902,0,44,730,7142,7386
20903,0,0,102,1566,1603
20904,0,0,595,7807,8133
20905,0,0,365,2770,2991
20906,0,39,703,7570,7812
20910,0,11,246,2039,2113
20912,0,0,46,387,403
21012,0,10,172,1804,1915
21032,0,5,66,460,501
21042,0,0,896,5852,6432
21043,0,89,1240,9134,9897
21044,0,0,113,1007,1067
21045,0,0,550,6309,6627
21046,0,0,141,1890,1981
21052,0,0,0,177,177
21054,0,0,155,915,998
21056,0,0,27,98,115
21057,0,0,55,354,387
21060,0,0,566,8129,8433
21061,0,0,491,11190,11430
21075,0,0,650,6342,6697
21076,0,0,350,3690,3888
21077,0,0,0,186,186
21087,0,1,60,548,584
21090,0,0,190,3821,3952
21093,0,37,759,6934,7362
21104,0,0,1,5,6
21108,0,21,469,3825,4109
21113,0,11,379,5321,5561
21117,0,0,545,8784,9093
21122,0,0,1024,14577,15265
21128,0,0,425,3658,3884
21133,0,23,391,7459,7627
21136,0,2,113,1121,1186
21144,0,24,811,7603,8098
21146,0,0,699,4238,4683
21156,0,0,3,21,23
21162,0,0,181,1421,1518
21163,0,1,68,651,690
21201,0,0,273,2341,2427
21202,0,0,343,3500,3631
21204,0,0,490,3838,4028
21205,0,0,530,5599,5779
21206,0,0,589,12011,12232
21207,0,0,475,10779,11011
21208,0,0,542,7888,8200
21209,0,34,526,5406,5692
21210,0,16,282,2129,2289
21211,0,31,440,5966,6159
21212,0,0,894,7633,8105
21213,0,0,757,12747,12969
21214,0,0,242,5904,6043
21215,0,49,1370,15773,16213
21216,0,21,669,10229,10407
21217,0,0,691,11371,11652
21218,0,231,1291,12966,13550
21219,0,0,198,3274,3407
21220,0,19,489,6187,6406
21221,0,0,487,11049,11321
21222,0,0,699,15548,15850
21223,0,0,719,10435,10682
21224,0,0,1363,15681,16404
21225,0,0,541,8893,9140
21226,0,0,127,3292,3352
21227,0,11,928,10161,10498
21228,0,0,831,12696,13144
21229,0,0,598,12185,12434
21230,0,0,1088,10867,11440
21231,0,0,416,4020,4224
21234,0,213,970,18944,19371
21236,0,0,590,10983,11301
21237,0,94,447,8349,8556
21239,0,0,355,6626,6811
21244,0,0,304,8041,8205
21286,0,40,478,4186,4403
21502,0,0,164,4922,12525
21529,0,0,5,83,212
21545,0,0,1,16,41
21713,0,0,0,12,21
21722,0,0,0,1,1
21733,0,0,0,2,3
21734,0,1,3,80,81
21740,0,0,194,8956,16024
21742,0,0,131,3624,6444
21767,0,0,11,227,405
21795,0,0,29,1184,2053
21801,0,152,637,7392,7582
21804,0,176,592,7853,7997
21810,0,0,0,12,12
21822,0,4,17,317,321
21826,0,3,92,1309,1325
21830,0,0,87,1112,1134
21837,0,0,0,1,1
21849,0,0,1,11,11
21856,0,0,0,5,5
21875,0,2,26,1189,1196
3901,0,6,32,596,607
3903,0,0,31,492,503
3904,0,12,58,1047,1064
3905,0,0,7,90,93
3906,0,0,0,2,2
3908,0,3,54,631,650
3909,0,0,3,33,34
4005,18,68,332,5952,6088
4038,0,27,277,3186,3283
4046,0,5,26,278,287
4062,0,0,30,353,366
4063,0,1,7,66,69
4064,0,40,173,2812,2855
4072,0,0,355,5347,5502
4074,0,80,674,5787,6053
4092,0,27,142,4367,4425
4093,0,2,20,476,485
4101,0,24,187,2512,2591
4102,0,77,333,3668,3776
4103,0,37,486,7212,7392
4105,2,16,385,1770,1910
4106,0,0,421,7143,7335
4107,0,16,403,2374,2521
4108,0,17,80,491,524
4210,0,85,319,5499,5624
4236,0,0,14,234,240
4240,0,129,387,8967,9170
4250,0,1,4,184,185
4252,0,0,1,75,76
4258,0,0,12,366,371
4274,0,2,19,328,336
4280,0,0,57,1543,1567
4330,0,19,128,3131,3189
4344,0,7,25,418,428
4345,0,8,29,676,692
4346,0,5,11,257,264
4347,0,8,31,391,402
4351,0,0,0,2,2
4401,0,71,479,6542,8717
4411,0,0,0,6,9
4412,0,0,62,2053,2808
4428,0,2,10,221,295
4429,0,0,30,358,470
4444,0,0,68,1083,1455
4473,0,2,15,216,284
4474,0,3,31,444,608
4605,0,1,4,81,109
4609,0,7,44,819,1100
4612,0,0,6,112,152
4646,0,0,3,44,60
4653,0,0,1,140,189
4660,0,0,11,109,146
4662,0,2,21,206,266
4674,0,0,2,59,78
4679,0,4,35,512,695
48009,0,0,0,0,0
48015,0,0,0,0,0
48017,0,0,0,0,0
48021,0,0,0,0,0
48025,0,0,0,0,0
48026,0,0,0,0,0
48030,0,0,0,0,0
48033,0,0,0,0,0
48034,0,0,0,0,0
48035,0,0,0,0,0
48036,0,0,0,0,0
48038,0,0,0,0,0
48040,0,0,0,0,0
48042,0,0,0,0,0
48043,0,0,0,0,0
48044,0,0,0,0,0
48045,0,0,0,0,0
48047,0,0,0,0,0
48048,0,0,0,0,0
48049,0,0,0,0,0
48051,0,0,0,0,0
48059,0,0,0,0,0
48060,0,0,0,0,0
48066,0,0,0,0,0
48067,0,0,0,0,7
48069,0,0,0,0,0
48070,0,0,0,0,0
48071,0,0,0,0,0
48072,0,0,0,0,0
48073,0,0,0,0,0
48074,0,0,0,0,0
48075,0,0,0,0,0
48076,0,0,0,0,0
48079,0,0,0,0,0
48080,0,0,0,0,0
48081,0,0,0,0,0
48082,0,0,0,0,0
48083,0,0,0,0,0
48084,0,0,0,0,0
48085,0,0,0,0,0
48088,0,0,0,0,0
48089,0,0,0,0,0
48091,0,0,0,0,0
48092,0,0,0,0,0
48093,0,0,0,0,0
48094,0,0,0,0,0
48095,0,0,0,0,0
48096,0,0,0,0,0
48098,0,0,0,0,0
48101,0,0,0,0,0
48103,0,0,0,0,0
48104,0,0,0,0,0
48105,0,0,0,0,0
48108,0,0,0,0,0
48109,0,0,0,0,0
48111,0,0,0,0,0
48114,0,0,0,0,0
48116,0,0,0,0,0
48117,0,0,0,0,0
48120,0,0,0,0,0
48122,0,0,0,0,0
48124,0,0,0,0,0
48125,0,0,0,0,0
48126,0,0,0,0,0
48127,0,0,0,0,0
48128,0,0,0,0,0
48130,0,0,0,0,0
48133,0,0,0,0,0
48134,0,0,0,0,0
48135,0,0,0,0,0
48138,0,0,0,0,0
48139,0,0,0,0,0
48141,0,0,0,0,0
48144,0,0,0,0,0
48146,0,0,0,0,0
48150,0,0,0,0,0
48152,0,0,0,0,0
48154,0,0,0,0,0
48157,0,0,0,0,0
48161,0,0,0,0,0
48162,0,0,0,0,0
48164,0,0,0,0,0
48165,0,0,0,0,0
48166,0,0,0,0,0
48167,0,0,0,0,0
48168,0,0,0,0,0
48169,0,0,0,0,0
48170,0,0,0,0,0
48173,0,0,0,0,0
48174,0,0,0,0,0
48176,0,0,0,0,0
48178,0,0,0,0,0
48179,0,0,0,0,0
48180,0,0,0,0,0
48182,0,0,0,0,0
48183,0,0,0,0,0
48184,0,0,0,0,0
48185,0,0,0,0,0
48186,0,0,0,0,0
48187,0,0,0,0,0
48188,0,0,0,0,0
48189,0,0,0,0,0
48192,0,0,0,0,0
48193,0,0,0,0,0
48195,0,0,0,0,0
48197,0,0,0,0,0
48198,0,0,0,0,0
48201,0,0,0,0,0
48202,0,0,0,0,0
48203,0,0,0,0,0
48204,0,0,0,0,0
48205,0,0,0,0,0
48206,0,0,0,0,0
48207,0,0,0,0,0
48208,0,0,0,0,0
48209,0,0,0,0,0
48210,0,0,0,0,0
48211,0,0,0,0,0
48212,0,0,0,0,0
48213,0,0,0,0,0
48214,0,0,0,0,0
48215,0,0,0,0,0
48216,0,0,0,0,0
48217,0,0,0,0,0
48218,0,0,0,0,0
48219,0,0,0,0,0
48220,0,0,0,0,0
48221,0,0,0,0,0
48223,0,0,0,0,0
48224,0,0,0,0,0
48225,0,0,0,0,0
48226,0,0,0,0,0
48227,0,0,0,0,0
48228,0,0,0,0,0
48229,0,0,0,0,0
48230,0,0,0,0,0
48234,0,0,0,0,0
48235,0,0,0,0,0
48236,0,0,0,0,0
48237,0,0,0,0,0
48238,0,0,0,0,0
48239,0,0,0,0,0
48240,0,0,0,0,0
48301,0,0,0,0,0
48302,0,0,0,0,0
48304,0,0,0,0,0
48306,0,0,0,0,0
48307,0,0,0,0,0
48309,0,0,0,0,0
48310,0,0,0,0,0
48312,0,0,0,0,0
48313,0,0,0,0,0
48314,0,0,0,0,0
48315,0,0,0,0,0
48316,0,0,0,0,0
48317,0,0,0,0,0
48320,0,0,0,0,0
48322,0,0,0,0,0
48323,0,0,0,0,0
48324,0,0,0,0,0
48326,0,0,0,0,0
48327,0,0,0,0,0
48328,0,0,0,0,0
48329,0,0,0,0,0
48331,0,0,0,0,0
48334,0,0,0,0,0
48335,0,0,0,0,0
48336,0,0,0,0,0
48340,0,0,0,0,0
48341,0,0,0,0,0
48342,0,0,0,0,0
48346,0,0,0,0,0
48348,0,0,0,0,0
48350,0,0,0,0,0
48353,0,0,0,0,0
48359,0,0,0,0,0
48360,0,0,0,0,0
48363,0,0,0,0,0
48374,0,0,0,0,0
48375,0,0,0,0,0
48377,0,0,0,0,0
48380,0,0,0,0,0
48381,0,0,0,0,0
48382,0,0,0,0,0
48383,0,0,0,0,0
48386,0,0,0,0,0
48390,0,0,0,0,0
48393,0,0,0,0,0
48415,0,0,0,0,0
48420,0,0,0,0,0
48421,0,0,0,0,0
48423,0,0,0,0,0
48430,0,0,0,0,0
48433,0,0,0,0,0
48436,0,0,0,0,0
48437,0,0,0,0,0
48438,0,0,0,0,0
48439,0,0,0,0,0
48442,0,0,0,0,0
48457,0,0,0,0,0
48458,0,0,0,0,0
48463,0,0,0,0,0
48473,0,0,0,0,0
48502,0,0,0,0,0
48503,0,0,0,0,0
48504,0,0,0,0,0
48505,0,0,0,0,0
48506,0,0,0,0,0
48507,0,0,0,0,0
48509,0,0,0,0,0
48519,0,0,0,0,0
48529,0,0,0,0,0
48532,0,0,0,0,0
48601,0,0,0,0,0
48602,0,0,0,0,0
48603,0,0,0,0,0
48604,0,0,0,0,0
48607,0,0,0,0,0
48609,0,0,0,0,0
48623,0,0,0,0,0
48631,0,0,0,0,0
48638,0,0,0,0,0
48640,0,0,0,0,0
48642,0,0,0,0,0
48706,0,0,0,0,0
48708,0,0,0,0,0
48722,0,0,0,0,0
48724,0,0,0,0,0
48732,0,0,0,0,0
48746,0,0,0,0,0
48808,0,0,0,0,0
48813,0,0,0,0,0
48820,0,0,0,0,0
48821,0,0,0,0,0
48822,0,0,0,0,0
48823,0,0,0,0,0
48827,0,0,0,0,0
48837,0,0,0,0,0
48840,0,0,0,0,0
48842,0,0,0,0,0
48843,0,0,0,0,0
48848,0,0,0,0,0
48854,0,0,0,0,0
48855,0,0,0,0,0
48864,0,0,0,0,0
48876,0,0,0,0,0
48895,0,0,0,0,0
48906,0,0,0,0,0
48910,0,0,0,0,0
48911,0,0,0,0,0
48912,0,0,0,0,0
48915,0,0,0,0,0
48917,0,0,0,0,0
48933,0,0,0,0,0
49001,0,0,0,0,0
49002,0,0,0,0,0
49004,0,0,0,0,0
49006,0,0,0,0,0
49007,0,0,0,0,0
49008,0,0,0,0,0
49009,0,0,0,0,0
49010,0,0,0,0,0
49012,0,0,0,0,0
49014,0,0,0,0,0
49015,0,0,0,0,0
49017,0,0,0,0,0
49024,0,0,0,0,0
49033,0,0,0,0,0
49034,0,0,0,0,0
49037,0,0,0,0,0
49048,0,0,0,0,0
49051,0,0,0,0,0
49053,0,0,0,0,0
49083,0,0,0,0,0
49087,0,0,0,0,0
49088,0,0,0,0,0
49107,0,0,0,0,0
49112,0,0,0,0,0
49117,0,0,0,0,0
49120,0,0,0,0,0
49201,0,0,0,0,0
49202,0,0,0,0,0
49203,0,0,0,0,0
49221,0,0,0,0,0
49228,0,0,0,0,0
49254,0,0,0,0,0
49267,0,0,0,0,0
49270,0,0,0,0,0
49276,0,0,0,0,0
49277,0,0,0,0,0
49286,0,0,0,0,0
49301,0,0,0,0,0
49302,0,0,0,0,0
49306,0,0,0,0,0
49315,0,0,13,13,19
49316,0,0,0,0,0
49321,0,0,0,0,0
49331,0,0,0,0,0
49341,0,0,0,0,0
49345,0,0,0,0,0
49401,0,0,0,0,0
49403,0,0,0,0,0
49404,0,0,0,0,0
49406,0,0,0,0,0
49408,0,0,0,0,0
49415,0,0,0,0,0
49418,0,0,0,0,0
49419,0,0,0,0,0
49423,0,0,0,0,0
49424,0,0,0,0,0
49426,0,0,0,0,0
49428,0,0,0,0,0
49435,0,0,0,0,0
49440,0,0,0,0,0
49441,0,0,0,0,0
49442,0,0,0,0,0
49444,0,0,0,0,0
49445,0,0,0,0,0
49453,0,0,0,0,0
49456,0,0,0,0,0
49457,0,0,0,0,0
49460,0,0,0,0,0
49464,0,0,0,0,0
49503,0,0,0,0,0
49504,0,0,0,0,0
49505,0,0,0,0,0
49506,0,0,0,0,0
49507,0,0,0,0,0
49508,0,0,0,0,0
49509,0,0,0,0,0
49512,0,8,12,16,16
49519,0,0,0,0,0
49525,0,0,0,0,0
49534,0,0,0,0,0
49544,0,0,0,0,0
49546,0,0,0,0,0
49548,0,0,0,0,0
49621,0,0,0,0,0
49637,0,0,0,0,0
49649,0,0,0,0,0
49684,0,0,0,0,0
49685,0,0,0,0,0
49686,0,0,0,0,0
49690,0,0,0,0,0
49696,0,0,0,0,0
55001,0,0,0,0,0
55003,0,0,0,0,1
55009,0,0,0,0,0
55011,0,0,0,0,0
55014,0,0,0,0,0
55016,0,0,0,0,0
55020,0,0,0,0,0
55024,0,0,0,0,0
55025,0,0,0,0,8
55031,0,0,0,0,0
55033,0,0,0,0,18
55038,0,0,0,0,0
55042,0,0,0,0,0
55043,0,0,0,0,0
55044,0,0,0,0,0
55055,0,0,0,0,3
55068,0,0,0,0,0
55071,0,0,0,0,0
55075,0,0,0,0,0
55076,0,0,0,0,10
55077,0,0,0,0,0
55082,0,0,0,0,32
55085,0,0,0,0,0
55089,0,0,0,0,0
55090,0,0,0,0,0
55092,0,0,0,0,0
55101,0,0,0,0,0
55102,0,0,0,0,0
55103,0,0,0,0,12
55104,0,0,0,0,0
55105,0,0,0,0,0
55106,0,0,0,0,0
55107,0,0,0,0,0
55108,0,0,0,0,0
55109,0,0,0,28,55
55110,0,0,0,0,0
55112,0,0,0,31,47
55113,0,0,0,0,38
55114,0,0,0,0,4
55115,0,0,0,0,4
55116,0,0,0,0,0
55117,0,0,0,0,61
55118,0,0,0,0,0
55119,0,0,0,0,0
55120,0,0,0,0,3
55121,0,0,0,0,0
55122,0,0,0,0,47
55123,0,0,0,0,0
55124,0,0,0,0,27
55125,0,0,0,0,0
55126,0,0,6,12,30
55127,0,0,0,0,0
55128,0,0,0,0,0
55129,0,0,0,0,6
55130,0,0,0,0,0
55150,0,0,0,0,0
55301,0,0,0,0,0
55303,0,0,0,0,0
55304,0,0,0,15,15
55305,0,0,0,9,17
55306,0,0,0,0,6
55309,0,0,0,0,0
55311,0,0,0,0,13
55313,0,0,0,0,0
55315,0,0,0,2,3
55316,0,0,0,0,0
55317,0,0,0,0,5
55318,0,0,0,0,0
55322,0,0,0,0,0
55327,0,0,0,2,3
55330,0,0,0,0,10
55331,0,0,0,0,8
55337,0,0,0,0,27
55340,0,0,0,0,2
55341,0,0,0,0,0
55343,0,0,0,0,0
55344,0,0,0,0,0
55345,0,0,0,0,0
55346,0,0,0,8,8
55347,0,0,0,9,18
55352,0,0,0,0,4
55356,0,0,0,8,33
55357,0,0,0,0,0
55359,0,0,0,0,0
55362,0,0,0,0,0
55364,0,0,0,0,0
55369,0,0,0,0,0
55372,0,0,0,0,0
55373,0,0,0,0,0
55374,0,0,0,5,9
55376,0,0,0,0,0
55378,0,17,43,43,43
55379,0,0,0,0,0
55384,0,0,0,0,0
55386,0,0,0,0,0
55387,0,0,0,0,0
55391,0,0,0,0,0
55401,0,0,0,0,0
55402,0,0,0,0,0
55403,0,0,0,0,9
55404,0,0,0,0,2
55405,0,0,0,0,11
55406,0,0,0,0,14
55407,0,0,0,0,7
55408,0,0,0,0,0
55409,0,0,0,0,12
55410,0,0,0,0,4
55411,0,0,0,0,21
55412,0,0,0,0,23
55413,0,0,0,0,5
55414,0,0,0,0,9
55415,0,0,0,0,1
55416,0,0,0,0,13
55417,0,0,0,0,0
55418,0,0,0,0,53
55419,0,0,0,0,0
55420,0,0,0,0,13
55421,0,0,0,0,0
55422,0,0,0,5,42
55423,0,0,0,0,0
55424,0,0,0,0,4
55425,0,0,0,0,5
55426,0,0,0,0,0
55427,0,0,0,0,0
55428,0,0,0,20,41
55429,0,0,0,0,0
55430,0,0,0,12,37
55431,0,0,12,12,12
55432,0,0,0,31,50
55433,0,0,0,0,16
55434,0,0,0,0,26
55435,0,0,0,0,13
55436,0,0,0,0,0
55437,0,0,0,0,0
55438,0,0,0,0,17
55439,0,0,0,0,2
55441,0,0,0,0,0
55442,0,0,0,0,13
55443,0,0,0,0,0
55444,0,0,0,0,11
55445,0,0,0,0,6
55446,0,0,0,0,12
55447,0,0,0,0,0
55448,0,0,0,0,7
55449,0,0,0,16,32
55454,0,0,0,0,0
55802,0,0,0,0,0
55803,0,0,0,0,0
55804,0,0,0,0,0
55805,0,0,0,0,0
55806,0,0,0,0,0
55807,0,0,0,0,0
55808,0,0,0,0,4
55810,0,0,0,0,0
55811,0,0,0,0,0
55812,0,0,0,0,0
55901,0,0,0,0,0
55902,0,0,0,0,0
55904,0,0,0,0,0
55906,0,0,0,0,20
55920,0,0,0,0,0
55925,0,0,0,0,0
55934,0,0,0,0,0
55947,0,0,0,0,0
55960,0,0,0,0,0
56001,0,0,0,0,0
56003,0,0,3,21,31
56011,0,0,0,0,0
56301,0,0,0,0,0
56303,0,0,0,0,34
56304,0,0,0,0,0
56310,0,0,0,0,0
56320,0,0,0,0,0
56374,0,0,0,0,0
56377,0,0,0,4,16
56379,0,0,0,0,0
56387,0,0,0,0,4
56401,0,0,0,0,0
56425,0,0,0,0,0
56465,0,0,0,0,0
56468,0,0,0,0,0
56529,0,0,0,0,1
56547,0,0,0,0,0
56560,0,0,0,11,84
56580,0,0,0,0,0
56721,0,0,0,0,0
63005,0,0,0,461,1213
63010,0,0,0,161,322
63011,0,0,0,647,1472
63017,0,0,13,825,2143
63021,0,0,0,495,1661
63026,0,0,0,448,1113
63031,0,0,36,324,575
63033,0,0,46,139,381
63034,0,0,0,128,427
63038,0,0,0,77,189
63040,0,0,0,108,297
63042,0,0,43,122,171
63043,0,0,0,142,364
63044,0,0,0,94,313
63049,0,0,11,66,160
63052,0,0,0,28,53
63074,0,0,0,72,171
63088,0,0,0,92,204
63101,0,0,0,9,16
63102,0,0,0,17,27
63103,0,0,0,43,71
63104,0,0,27,173,356
63105,0,0,0,211,592
63106,0,0,0,101,204
63107,0,0,0,128,190
63108,0,0,0,111,328
63109,0,0,28,198,519
63110,0,0,0,93,388
63111,0,0,29,225,439
63112,0,0,0,167,412
63113,0,0,0,117,285
63114,0,0,58,248,408
63115,0,0,21,396,744
63116,0,0,0,346,746
63117,0,0,0,172,398
63118,0,0,37,311,548
63119,0,0,0,443,1107
63120,0,0,42,145,293
63121,0,0,23,229,465
63122,0,0,73,901,1918
63123,0,0,0,319,655
63124,0,0,11,356,895
63125,0,0,0,143,316
63126,0,0,6,171,545
63127,0,0,0,75,342
63128,0,0,10,314,931
63129,0,0,0,376,1226
63130,0,0,15,373,941
63131,0,0,0,532,1763
63132,0,0,10,204,492
63133,0,0,0,73,143
63134,0,0,0,114,206
63135,0,0,5,111,239
63136,0,0,81,348,546
63137,0,0,42,219,371
63138,0,0,0,132,229
63139,0,0,0,108,349
63140,0,0,0,7,13
63141,0,0,0,344,1128
63143,0,0,0,49,111
63144,0,0,0,110,296
63146,0,0,18,222,603
63147,0,0,8,202,330
63301,0,0,0,346,856
63303,0,0,0,368,1282
63304,0,0,14,401,1244
63341,0,0,0,1,2
63366,0,0,0,167,707
63367,0,0,0,133,368
63368,0,0,0,321,1232
63376,0,0,96,675,1398
63385,0,0,0,4,8
63386,0,0,0,1,2
63701,0,0,0,160,464
63703,0,0,0,79,121
63780,0,0,5,51,84
64012,0,0,50,231,2156
64014,0,0,0,211,1713
64015,0,0,9,302,2436
64016,0,0,1,2,25
64029,0,0,12,49,297
64030,0,0,89,273,1417
64034,0,0,7,109,231
64050,0,0,57,175,1452
64052,0,0,57,167,1099
64053,0,0,0,22,243
64054,0,0,14,36,215
64055,0,0,69,137,2176
64056,0,0,40,171,1086
64057,0,0,0,85,188
64058,0,0,11,18,384
64060,0,0,0,0,0
64063,0,0,0,125,327
64064,0,6,100,439,1891
64068,0,0,56,231,1627
64079,0,0,0,0,0
64080,0,0,3,58,114
64081,0,0,0,431,2221
64082,0,0,0,332,1581
64083,0,0,39,416,2495
64086,0,0,6,316,1884
64105,0,0,3,14,94
64106,0,0,11,71,271
64108,0,0,45,152,649
64109,0,0,92,242,883
64110,0,0,0,245,1445
64111,0,0,0,158,1034
64112,0,0,13,149,493
64113,0,0,11,549,1495
64114,0,0,0,162,1611
64116,0,0,31,161,1201
64117,0,0,44,135,690
64118,0,0,47,216,1965
64119,0,0,0,253,1740
64120,0,0,0,0,158
64123,0,0,31,106,595
64124,0,0,28,111,632
64125,0,0,10,32,148
64126,0,0,18,96,396
64127,0,0,105,388,1403
64128,0,0,80,228,1082
64129,0,0,22,95,520
64130,0,0,29,236,1899
64131,0,0,6,160,1544
64132,0,0,65,184,1044
64133,0,0,24,224,1928
64134,0,0,63,131,986
64136,0,0,5,28,131
64137,0,0,19,49,521
64138,0,0,64,186,1338
64139,0,0,0,21,164
64145,0,0,8,86,569
64146,0,0,0,10,114
64147,0,0,4,22,35
64149,0,0,0,8,51
64150,0,0,6,42,168
64151,0,0,60,313,1456
64152,0,0,13,536,1869
64153,0,0,5,41,315
64154,0,0,0,122,710
64155,0,0,13,213,1692
64156,0,0,4,91,510
64157,0,6,12,448,1966
64158,0,3,11,85,380
64161,0,0,6,18,108
64163,0,0,0,1,3
64164,0,0,0,5,10
64165,0,0,0,0,0
64167,0,0,0,9,27
64421,0,0,0,1,2
64436,0,0,0,0,1
64501,0,0,46,145,286
64503,0,0,5,165,316
64504,0,0,8,131,249
64505,0,0,21,113,257
64506,0,0,28,191,558
64507,0,0,21,124,287
64801,0,169,369,691,14343
64804,0,0,304,713,12315
64834,0,0,88,180,2941
64835,0,1,2,3,983
64836,0,0,166,284,5538
64840,0,0,0,0,6
64841,0,0,2,4,67
64855,0,0,5,9,353
64870,0,36,102,275,5598
65039,0,0,0,0,1
65043,0,0,0,19,31
65053,0,0,0,0,0
65101,0,0,0,123,274
65109,0,0,7,179,320
65201,0,0,91,640,985
65202,0,0,14,303,692
65203,0,0,0,425,1810
65255,0,0,0,1,2
65611,0,0,1,1,2
65616,0,5,127,254,4507
65619,0,3,6,123,2897
65631,0,0,1,7,102
65672,0,0,55,131,1935
65679,0,0,0,0,2
65714,0,0,182,399,7963
65721,0,0,95,347,6326
65738,0,0,0,0,1
65739,0,0,2,7,11
65742,0,0,8,39,691
65753,0,0,1,2,37
65757,0,0,0,1,2
65781,0,0,2,6,93
65802,0,0,249,693,16336
65803,0,0,490,898,14989
65804,0,0,0,407,980
65806,0,0,24,180,333
65807,0,0,0,471,886
65809,0,0,9,285,540
65810,0,0,0,232,663
38637,0,0,0,0,0
38641,0,0,0,0,0
38654,0,0,0,0,0
38655,0,0,0,0,0
38671,0,0,0,0,0
38672,0,0,0,0,0
38680,0,0,0,0,0
38801,0,0,0,0,0
38804,0,0,0,0,0
38826,0,0,0,0,0
38862,0,0,0,0,0
38863,0,0,0,0,0
38866,0,0,0,0,0
38868,0,0,0,0,0
39041,0,0,0,0,0
39042,0,0,0,0,0
39046,0,0,0,0,0
39047,0,0,0,0,0
39056,0,0,0,0,0
39071,0,0,0,0,0
39073,0,0,0,0,0
39110,0,0,0,0,0
39154,0,0,0,0,0
39157,0,0,0,0,0
39170,0,0,0,0,0
39201,0,0,0,0,0
39202,0,0,0,0,0
39203,0,0,0,0,0
39204,0,0,0,0,0
39206,0,0,0,0,0
39208,0,0,0,0,0
39209,0,0,0,0,0
39211,0,0,0,0,0
39212,0,0,0,0,0
39213,0,0,0,0,0
39216,0,0,0,0,0
39218,0,0,0,0,0
39232,0,0,0,0,0
39272,0,0,0,0,0
39301,0,0,0,0,0
39305,0,0,0,0,0
39307,0,0,0,0,0
39342,0,0,0,0,0
39401,0,0,0,0,0
39402,0,0,0,0,0
39437,0,0,0,0,0
39440,0,0,0,0,0
39443,0,0,0,0,0
39452,0,0,0,0,0
39465,0,0,0,0,0
39475,0,0,0,0,0
39501,0,0,0,0,0
39503,0,0,0,0,0
39507,0,0,0,0,0
39520,0,0,0,0,0
39525,0,0,0,0,0
39530,0,0,0,0,0
39531,0,0,0,0,0
39532,0,0,0,0,0
39540,0,0,0,0,0
39553,0,0,0,0,0
39556,0,0,0,0,0
39560,0,0,0,0,0
39562,0,0,0,0,0
39563,0,0,0,0,0
39564,0,0,0,0,0
39565,0,0,0,0,0
39567,0,0,0,0,0
39571,0,0,0,0,0
39574,0,0,0,0,0
39576,0,0,0,0,0
39581,0,0,0,0,0
59030,0,4,8,9,11
59101,0,35,212,435,505
59102,77,138,352,643,720
59105,49,58,97,195,312
59106,0,13,144,363,503
59401,0,54,111,150,219
59404,0,0,43,213,349
59405,0,0,60,230,349
59411,0,0,0,0,1
59417,0,0,2,3,4
59714,0,17,28,66,125
59715,0,7,68,292,489
59718,0,0,131,293,462
59741,0,0,0,0,1
59801,0,0,104,263,407
59802,0,26,44,126,192
59803,5,5,5,134,268
59804,0,0,28,111,147
59808,0,5,34,101,192
59901,0,0,58,116,302
59912,0,0,1,2,5
59936,0,0,0,0,0
59937,0,0,1,6,13
27006,0,0,0,0,0
27009,0,0,0,0,0
27012,0,0,0,0,0
27019,0,0,0,0,0
27023,0,0,0,0,0
27040,0,0,0,0,0
27045,0,0,0,0,0
27050,0,0,0,0,0
27051,0,0,0,0,0
27052,0,0,0,0,0
27101,0,0,0,0,0
27103,0,0,0,0,0
27104,0,0,0,0,0
27105,0,0,0,0,0
27106,0,0,0,0,0
27107,0,0,0,0,0
27127,0,0,0,0,0
27201,0,0,0,0,0
27214,0,0,0,0,0
27215,0,0,0,0,0
27217,0,0,0,0,0
27233,0,0,0,0,0
27235,0,0,0,0,0
27244,0,0,0,0,0
27249,0,0,0,0,0
27253,0,0,0,0,0
27258,0,0,0,0,0
27260,0,0,0,0,0
27262,0,0,0,0,0
27263,0,0,0,0,14
27265,0,0,0,0,0
27278,0,0,0,0,0
27282,0,0,0,0,0
27284,0,0,0,0,0
27292,0,0,0,0,0
27295,0,0,0,0,0
27299,0,0,0,0,0
27301,0,0,0,1,4
27302,0,0,0,1,3
27305,0,0,0,0,0
27310,0,0,0,0,3
27311,0,0,0,0,0
27313,0,0,0,0,0
27315,0,0,0,0,0
27317,0,0,0,1,4
27357,0,0,0,0,0
27358,0,0,0,0,0
27360,0,0,0,0,0
27370,0,0,0,0,1
27376,0,0,0,0,3
27377,0,0,0,0,0
27401,0,0,0,0,0
27403,0,0,0,0,0
27405,0,0,0,0,0
27406,0,0,0,0,0
27407,0,0,0,0,0
27408,0,0,0,0,0
27409,0,0,0,0,0
27410,0,0,0,0,0
27455,0,0,0,0,0
27502,0,0,0,10,39
27504,0,0,0,6,18
27510,0,0,0,0,0
27511,0,0,0,12,31
27513,0,0,0,0,0
27514,0,0,0,0,0
27516,0,0,0,0,16
27517,0,0,13,39,48
27518,0,0,0,0,0
27519,0,0,0,0,0
27520,0,0,0,0,29
27521,0,0,0,0,1
27523,0,0,2,11,15
27526,0,0,12,41,47
27527,0,0,0,0,0
27529,0,0,0,0,0
27530,0,0,0,0,7
27534,0,0,0,6,54
27539,0,0,0,19,45
27540,0,0,0,0,0
27545,0,0,14,48,68
27560,0,0,0,0,8
27562,0,0,0,0,0
27587,0,0,7,17,20
27591,0,0,0,0,0
27592,0,0,0,6,10
27596,0,0,0,0,0
27601,0,0,0,0,0
27603,0,0,0,0,0
27604,0,0,0,0,0
27605,0,0,0,0,0
27606,0,0,0,0,7
27607,0,0,0,0,0
27608,0,0,0,0,0
27609,0,0,0,0,0
27610,0,0,0,80,160
27612,0,0,0,0,13
27613,0,0,0,0,0
27614,0,0,0,26,70
27615,0,0,0,0,0
27616,0,0,0,0,0
27617,0,0,0,0,15
27701,0,0,0,0,4
27703,0,0,0,0,27
27704,0,0,0,44,79
27705,0,0,0,0,0
27707,0,0,0,0,0
27712,0,0,0,7,31
27713,0,0,0,0,0
27801,0,0,0,0,66
27803,0,0,0,0,0
27804,0,0,0,0,28
27809,0,0,1,2,3
27812,0,0,0,0,0
27822,0,0,0,0,4
27828,0,0,0,0,0
27834,0,0,0,0,0
27837,0,0,0,0,1
27851,0,0,0,0,0
27856,0,0,0,0,0
27858,0,0,0,0,78
27863,0,0,0,0,0
27878,0,0,0,0,0
27884,0,0,0,0,0
27893,0,0,0,142,331
27896,0,0,0,9,47
28012,0,0,0,0,0
28016,0,0,0,0,0
28023,0,0,0,0,0
28025,0,0,0,0,0
28027,0,0,0,0,0
28031,0,0,0,0,0
28032,0,0,0,0,0
28033,0,0,0,0,0
28034,0,0,0,0,0
28036,0,0,0,0,0
28037,0,0,0,0,10
28052,0,0,0,0,0
28054,0,0,0,0,0
28056,0,0,0,0,0
28072,0,0,0,0,0
28073,0,0,0,0,0
28075,0,0,0,0,0
28078,0,0,0,0,0
28079,0,0,0,0,0
28080,0,0,0,0,0
28086,0,0,0,0,0
28092,0,0,0,0,0
28098,0,0,0,0,0
28101,0,0,0,0,0
28104,0,0,0,0,10
28105,0,0,0,0,0
28107,0,0,0,0,0
28110,0,0,0,0,0
28112,0,0,0,0,0
28115,0,0,0,0,0
28117,0,0,0,0,0
28120,0,0,0,0,0
28125,0,0,0,0,0
28134,0,0,0,0,0
28138,0,0,0,0,0
28144,0,0,0,0,0
28146,0,0,0,0,0
28147,0,0,0,0,0
28150,0,0,0,0,0
28152,0,0,0,0,0
28159,0,0,0,0,0
28164,0,0,0,0,0
28166,0,0,0,0,0
28168,0,0,0,0,0
28173,0,0,0,0,0
28202,0,0,0,0,0
28203,0,0,0,0,0
28204,0,0,0,0,0
28205,0,0,0,0,0
28206,0,0,0,0,0
28207,0,0,0,0,0
28208,0,0,0,0,31
28209,0,0,0,0,0
28210,0,0,0,0,0
28211,0,0,0,0,0
28212,0,0,0,0,0
28213,0,0,0,0,28
28214,0,0,0,0,0
28215,0,0,0,0,0
28216,0,0,0,0,0
28217,0,0,0,0,0
28226,0,0,0,0,0
28227,0,0,0,0,0
28262,0,0,0,0,0
28269,0,0,0,0,0
28270,0,0,0,0,0
28273,0,0,0,0,0
28277,0,0,0,0,18
28278,0,0,0,0,0
28301,0,0,0,0,0
28303,0,0,0,43,121
28304,0,0,0,0,0
28305,0,0,0,4,31
28306,0,0,0,0,109
28307,0,0,0,0,3
28311,0,0,0,45,135
28312,0,0,0,17,57
28314,0,0,0,79,118
28315,0,0,0,11,24
28326,0,0,0,0,0
28327,0,0,0,0,0
28333,0,0,0,0,0
28334,0,0,0,28,42
28339,0,0,0,0,0
28348,0,0,0,0,57
28358,0,0,0,14,72
28360,0,0,0,7,13
28371,0,0,0,22,42
28372,0,0,0,0,0
28373,0,0,0,0,0
28374,0,0,0,0,8
28376,0,0,0,0,9
28387,0,0,0,0,0
28390,0,0,0,0,24
28391,0,0,0,0,0
28394,0,0,0,0,0
28395,0,0,0,0,0
28401,0,0,0,61,198
28403,0,0,0,76,186
28405,0,0,0,0,80
28409,0,0,0,0,33
28411,0,0,0,0,12
28412,0,0,0,0,0
28420,0,0,0,0,0
28422,0,0,0,1,6
28428,0,0,0,7,42
28429,0,0,0,0,5
28449,0,0,0,0,0
28451,0,0,0,1,2
28460,0,0,0,0,0
28461,0,0,0,0,9
28462,0,0,4,49,112
28465,0,0,0,0,32
28467,0,0,0,0,14
28468,0,0,0,7,31
28469,0,0,0,0,0
28470,0,0,0,0,15
28479,0,0,0,0,0
28480,0,0,0,0,0
28513,0,0,0,0,0
28539,0,0,0,0,1
28540,0,0,0,0,38
28543,0,0,0,0,0
28544,0,0,0,0,3
28546,0,0,0,0,0
28547,0,0,0,0,4
28555,0,0,0,0,0
28590,0,0,0,0,19
28601,0,0,0,0,0
28602,0,0,0,0,0
28610,0,0,0,0,0
28612,0,0,0,0,0
28613,0,0,0,0,0
28619,0,0,0,0,0
28625,0,0,0,0,0
28630,0,0,0,0,0
28637,0,0,0,0,3
28638,0,0,0,0,0
28645,0,0,0,0,0
28650,0,0,0,0,0
28655,0,0,0,0,0
28658,0,0,0,0,0
28677,0,0,0,0,7
28681,0,0,0,0,0
28690,0,0,0,0,5
28701,0,0,0,0,3
28715,0,0,0,0,7
28730,0,0,0,0,0
28748,0,0,0,0,0
28778,0,0,0,0,0
28787,0,0,0,0,0
28801,0,0,0,0,0
28803,0,0,0,18,35
28804,0,0,0,0,24
28805,0,0,0,0,0
28806,0,0,0,0,0
58042,0,0,0,0,0
58047,0,0,0,0,0
58078,0,0,0,0,0
58102,0,0,0,0,0
58103,0,0,0,0,0
58104,0,0,0,0,0
58201,0,0,0,0,0
58202,0,0,0,0,0
58203,0,0,0,0,0
58501,0,0,0,0,0
58503,0,0,0,0,0
58504,0,0,0,0,0
58554,0,0,0,0,0
68005,0,0,0,0,0
68007,0,0,0,0,0
68010,0,0,0,0,0
68022,0,0,0,0,0
68028,0,0,0,0,0
68030,0,0,0,0,0
68046,0,0,0,0,0
68059,0,0,0,0,0
68064,0,0,0,0,0
68069,0,0,0,0,0
68102,0,0,0,0,0
68104,0,0,0,0,0
68105,0,0,0,0,0
68106,0,0,0,0,0
68107,0,0,0,0,0
68108,0,0,0,0,0
68110,0,0,0,0,0
68111,0,0,0,0,0
68112,0,0,0,0,0
68113,0,0,0,0,0
68114,0,0,0,0,0
68116,0,0,0,0,0
68117,0,0,0,0,0
68118,0,0,0,0,0
68122,0,0,0,0,0
68123,0,0,0,0,0
68124,0,0,0,0,0
68127,0,0,0,0,0
68128,0,0,0,0,0
68130,0,0,0,0,0
68131,0,0,0,0,0
68132,0,0,0,0,0
68133,0,0,0,0,0
68134,0,0,0,0,0
68135,0,0,0,0,0
68136,0,0,0,0,0
68137,0,0,0,0,0
68138,0,0,0,0,0
68142,0,0,0,0,0
68144,0,0,0,0,0
68147,0,0,0,0,0
68152,0,0,0,0,0
68154,0,0,0,0,0
68157,0,0,0,0,0
68164,0,0,0,0,0
68317,0,0,0,0,0
68336,0,0,0,0,0
68339,0,0,0,0,0
68430,0,0,0,0,0
68462,0,0,0,0,0
68502,0,0,0,0,0
68503,0,0,0,0,0
68504,0,0,0,0,0
68505,0,0,0,0,0
68506,0,0,0,0,0
68507,0,0,0,0,0
68508,0,0,0,0,0
68510,0,0,0,0,0
68512,0,0,0,0,0
68514,0,0,0,0,0
68516,0,0,0,0,0
68517,0,0,0,0,0
68520,0,0,0,0,0
68521,0,0,0,0,0
68522,0,0,0,0,0
68523,0,0,0,0,0
68524,0,0,0,0,0
68526,0,0,0,0,0
68527,0,0,0,0,0
68528,0,0,0,0,0
68531,0,0,0,0,0
68731,0,0,0,0,0
68776,0,0,0,0,0
3032,0,0,138,1234,1296
3034,0,0,8,118,121
3036,0,0,17,138,145
3038,0,0,377,5016,5150
3045,0,14,348,3292,3430
3046,0,0,12,96,101
3049,0,0,23,137,147
3051,0,18,456,4272,4507
3052,0,0,103,840,886
3053,0,4,448,3763,3961
3054,0,0,357,3804,3950
3060,0,45,373,5483,5613
3062,0,10,436,5001,5188
3063,0,0,229,2681,2785
3064,0,6,200,2953,3038
3076,0,10,285,2303,2393
3079,0,32,484,5102,5293
3087,0,0,36,219,239
3101,0,6,66,447,467
3102,0,40,225,5660,5764
3103,0,56,305,7894,7974
3104,0,76,424,7361,7520
3106,0,4,413,3693,3840
3109,0,21,160,2901,2969
3110,0,3,515,3237,3460
3224,0,0,1,6,6
3229,0,0,4,35,37
3234,0,0,1,22,22
3258,0,0,3,55,56
3275,0,18,117,2543,2590
3301,0,0,376,6393,6578
3303,0,0,76,1413,1436
3304,0,5,153,1004,1067
3307,0,0,7,161,164
3801,0,0,439,3832,4013
3820,0,0,379,4276,4455
3823,0,0,9,45,49
3824,0,4,86,589,621
3833,0,1,7,62,65
3840,0,2,61,407,429
3854,0,0,56,270,292
3856,0,0,32,178,193
3857,0,5,52,846,871
3861,0,0,0,3,3
3862,0,1,23,176,185
3865,0,0,0,4,4
3867,0,0,0,4,4
3868,0,0,1,24,24
3869,0,1,24,289,298
3870,0,4,110,517,560
3878,0,4,61,1926,1953
3885,0,5,63,396,424
7001,0,3,100,197,2412
7002,0,0,307,756,8981
7003,0,0,441,816,7738
7004,0,0,9,288,542
7005,0,0,25,199,439
7006,0,0,21,432,1018
7008,0,0,60,356,4627
7009,0,27,194,499,2378
7010,0,0,130,285,2512
7011,0,35,240,395,6110
7012,0,18,92,220,2488
7013,0,0,323,882,6069
7014,0,0,37,131,1089
7016,0,0,10,443,900
7017,0,0,137,208,2966
7018,0,20,160,263,2383
7020,0,0,68,180,768
7021,0,0,41,110,280
7022,0,24,93,186,1832
7023,0,0,96,284,1153
7024,0,0,181,397,2872
7026,0,0,155,435,4955
7027,0,0,27,87,918
7028,1,7,151,426,1086
7029,0,12,101,210,2010
7030,0,19,257,600,2413
7031,0,4,105,295,3108
7032,0,0,175,414,5792
7033,0,0,2,109,228
7034,0,0,9,65,153
7035,0,0,4,29,74
7036,0,0,211,522,8560
7039,0,0,7,736,1720
7040,0,0,0,551,1026
7041,0,0,0,181,398
7042,0,21,263,781,3315
7043,0,0,207,644,1817
7044,0,25,255,555,2208
7045,0,0,0,200,496
7046,0,0,3,79,171
7047,0,39,348,649,6324
7050,0,51,170,293,2848
7052,0,0,45,684,1475
7054,0,0,22,391,770
7055,0,25,151,321,5510
7057,0,10,74,171,2084
7058,0,0,7,88,210
7059,0,0,0,495,958
7060,0,54,172,350,4594
7062,0,17,75,154,1799
7063,0,2,49,114,1688
7064,0,0,31,99,1164
7065,0,0,163,343,4786
7066,0,12,160,446,3368
7067,0,0,206,642,4225
7068,0,0,0,110,253
7069,0,0,1,111,205
7070,4,11,215,486,2978
7071,0,5,194,485,4196
7072,0,0,74,245,1637
7073,0,0,83,199,1571
7074,0,0,33,76,772
7075,0,11,132,341,1801
7076,0,0,0,519,1229
7077,0,0,35,79,658
7078,0,0,0,517,1075
7079,0,5,13,307,606
7080,0,19,238,726,5183
7081,0,0,0,271,565
7082,0,0,0,46,109
7083,0,0,51,746,1427
7086,0,10,102,267,1311
7087,0,17,221,384,4846
7088,0,0,8,28,49
7090,0,0,0,850,1719
7092,0,0,0,253,449
7093,0,54,177,369,4026
7094,0,17,214,564,2664
7095,0,20,138,284,3370
7102,0,31,69,103,764
7103,0,0,164,301,3240
7104,0,0,173,368,4565
7105,0,0,162,292,5413
7106,0,82,196,302,3352
7107,0,13,157,284,3720
7108,0,0,193,374,2546
7109,0,0,157,520,5925
7110,0,0,341,799,5121
7111,0,0,245,451,6426
7112,0,0,179,277,3136
7114,0,2,77,152,1692
7201,0,0,85,165,3508
7202,0,39,137,279,4173
7203,0,18,94,228,3074
7204,0,0,73,227,2038
7205,0,0,145,383,3999
7206,0,59,99,220,3139
7208,0,7,87,164,3152
7302,0,8,237,578,2013
7304,0,32,232,533,4420
7305,0,19,275,786,7656
7306,0,68,194,452,4229
7307,0,6,219,493,5004
7310,0,1,16,39,116
7401,0,14,95,295,1006
7407,0,23,181,385,3908
7410,0,0,454,1471,6566
7417,0,0,249,685,1974
7423,0,0,86,263,650
7424,0,17,191,563,4778
7430,0,18,286,567,3614
7432,0,8,98,263,1239
7436,0,0,8,218,530
7440,0,0,0,45,115
7442,0,0,2,27,62
7444,0,0,3,41,79
7446,0,0,206,515,2172
7450,19,29,474,1222,3642
7452,3,16,238,656,2020
7458,0,8,305,737,2019
7463,0,8,127,327,1603
7470,0,0,79,884,2028
7481,0,4,251,758,2765
7501,0,49,186,302,2993
7502,0,0,69,184,2294
7503,0,40,92,173,2488
7504,0,0,80,173,1472
7505,0,4,26,47,405
7506,0,0,152,420,3708
7508,0,15,242,537,4043
7512,0,18,154,445,3025
7513,0,0,18,56,1320
7514,0,9,58,91,1892
7522,0,8,104,170,2203
7524,0,19,86,149,1650
7601,0,0,99,339,4608
7603,0,0,56,141,1412
7604,0,0,98,347,2388
7605,0,2,97,250,1248
7606,0,2,20,52,584
7607,0,7,104,249,1887
7620,0,2,28,59,170
7621,0,10,244,508,4207
7624,0,0,172,438,1652
7626,0,0,105,312,1381
7627,0,0,87,222,790
7628,0,0,166,343,2976
7630,0,0,121,272,1439
7631,0,12,212,570,3425
7632,0,0,157,470,1334
7640,0,0,51,201,761
7641,0,0,49,153,431
7642,0,10,124,387,1550
7643,0,4,75,158,1766
7644,0,19,186,485,3837
7645,0,0,99,332,1253
7646,0,0,136,359,2522
7647,0,0,68,175,1106
7648,0,0,82,228,988
7649,0,8,166,461,1435
7650,0,3,109,244,2102
7652,0,0,317,923,5559
7656,0,0,113,317,1290
7657,0,0,63,219,1826
7660,0,0,74,203,1890
7661,0,5,154,458,1906
7662,0,22,74,214,1243
7663,8,32,188,468,3167
7666,0,27,381,1028,5360
7670,10,17,234,579,1859
7675,0,0,403,1142,4303
7676,0,2,96,298,1339
7677,0,2,117,306,882
7701,0,0,42,387,863
7702,0,0,2,139,257
7704,0,0,6,227,468
7711,0,0,3,74,158
7712,0,7,82,497,1032
7716,0,0,0,144,257
7717,0,0,0,76,150
7718,0,0,0,129,268
7719,0,0,32,526,951
7720,0,0,13,68,119
7721,0,0,0,27,56
7722,0,0,1,109,205
7723,0,0,9,109,204
7724,0,5,48,283,625
7726,0,0,67,934,1820
7727,0,0,5,144,285
7728,0,0,35,679,1771
7730,0,0,0,336,574
7731,0,0,0,587,1175
7732,0,0,0,88,172
7733,0,0,8,465,1001
7734,0,0,30,150,277
7735,0,0,5,281,514
7737,0,0,1,43,110
7738,0,6,7,135,288
7739,0,0,2,222,519
7740,0,0,7,331,701
7746,0,0,15,670,1285
7747,0,0,16,467,1052
7748,0,0,0,552,1048
7750,0,0,7,120,227
7751,0,0,15,616,1179
7753,0,0,97,511,1004
7755,0,0,7,88,221
7756,0,0,5,54,93
7757,0,0,7,153,272
7758,0,0,0,69,181
7760,0,0,0,328,653
7762,0,0,15,254,610
7764,0,2,9,182,340
7801,0,0,17,148,310
7803,0,0,0,32,81
7821,0,0,0,1,2
7828,0,0,0,90,190
7834,0,0,3,221,504
7836,0,0,11,208,429
7838,0,0,0,0,1
7840,0,0,30,284,527
7843,0,0,3,18,47
7847,0,0,1,9,25
7849,0,0,0,2,3
7850,0,0,0,64,115
7852,0,0,3,35,106
7853,0,0,5,193,432
7856,0,0,1,16,38
7857,0,0,0,28,71
7866,0,0,0,194,462
7869,0,0,9,427,1064
7874,0,0,0,50,97
7876,0,0,0,234,482
7878,0,0,0,0,1
7885,0,0,24,111,200
7901,0,0,11,377,906
7920,0,0,34,647,1395
7921,0,0,5,93,189
7922,0,0,0,256,525
7924,0,0,4,137,303
7927,0,0,0,75,159
7928,0,0,0,337,873
7930,0,0,0,131,265
7931,0,0,3,39,87
7932,0,0,2,199,456
7933,0,0,0,73,151
7935,0,0,0,16,37
7936,0,0,17,235,637
7940,0,0,0,382,771
7945,0,0,0,266,553
7946,0,0,1,102,201
7950,0,0,4,308,716
7960,0,0,28,571,1334
7974,0,0,0,231,436
7980,0,0,0,68,138
7981,0,2,23,171,367
8002,0,34,237,367,4364
8003,0,8,848,2056,7456
8004,0,0,141,384,2584
8007,0,16,35,75,1104
8009,0,20,140,426,3147
8010,0,0,64,172,2481
8012,0,37,477,1183,8867
8016,0,0,403,953,8065
8020,0,0,4,7,29
8021,0,67,325,1025,8142
8022,0,0,12,133,326
8023,0,0,0,3,79
8026,0,14,68,137,714
8027,0,15,65,243,1818
8028,0,41,223,892,4869
8029,0,0,38,79,1277
8030,0,47,127,200,3118
8031,0,17,83,137,3081
8032,0,0,6,26,153
8033,0,10,308,639,2804
8034,0,20,249,408,3657
8035,0,6,112,230,1707
8036,0,0,88,187,1444
8037,0,36,220,721,3856
8043,0,99,809,1558,6092
8045,0,10,48,82,715
8046,0,19,300,580,8732
8048,0,0,183,413,2951
8049,3,11,44,76,1411
8051,0,0,99,383,2012
8052,0,0,53,187,3741
8053,0,49,813,1971,11581
8054,34,79,460,1291,9913
8055,0,23,477,1161,4189
8057,0,0,606,1323,5058
8059,0,25,63,144,1651
8060,0,0,170,364,4295
8062,0,0,87,206,656
8063,0,1,25,42,823
8065,0,11,55,94,1398
8066,0,24,110,313,2371
8069,0,17,66,236,1464
8070,0,37,173,496,4559
8071,7,17,91,274,2109
8075,16,130,325,699,7345
8077,0,0,242,618,4674
8078,0,28,56,131,2187
8079,0,4,25,96,663
8080,0,23,736,2197,10779
8081,0,219,761,1768,12322
8083,0,27,202,396,2565
8084,0,30,122,268,1690
8085,0,0,2,4,17
8086,0,8,108,344,1927
8088,0,1,6,16,97
8089,4,23,64,143,930
8090,0,7,98,402,2206
8091,0,0,4,16,162
8093,0,14,101,137,2229
8094,0,176,759,1948,10531
8096,0,39,584,1645,9306
8097,0,4,44,145,835
8102,0,1,57,82,888
8103,0,45,149,239,2264
8104,0,44,248,385,3354
8105,0,23,109,241,3453
8106,0,0,84,168,2361
8107,11,49,109,197,2630
8108,0,31,172,396,3542
8109,0,10,177,349,4817
8110,0,0,166,318,4174
8201,1,13,32,127,698
8203,0,84,526,1529,5638
8221,0,8,234,557,1862
8223,0,2,79,298,1198
8225,0,0,189,683,2703
8226,0,44,933,2954,10507
8230,0,3,61,259,989
8232,28,94,211,829,4586
8234,21,83,552,2322,10059
8244,0,39,136,596,2933
8270,0,0,1,5,23
8302,0,3,9,35,220
8310,0,10,20,56,404
8312,0,23,117,383,2202
8318,0,0,81,276,2007
8322,0,8,158,507,2728
8326,0,4,15,84,497
8328,0,2,9,36,344
8330,0,1,5,20,105
8332,17,185,354,1089,5401
8340,0,0,0,5,31
8341,0,4,18,83,417
8343,0,0,108,278,1133
8344,0,8,60,224,1628
8346,0,0,0,12,132
8352,0,0,1,2,10
8360,22,123,357,1518,10926
8361,40,100,277,650,3852
8401,0,218,424,1353,5695
8402,19,131,502,1220,4346
8403,0,8,133,351,1103
8406,0,13,277,931,4013
8501,0,0,10,194,446
8502,0,0,0,411,810
8505,0,36,240,475,4524
8510,0,0,0,60,130
8512,0,0,0,192,402
8514,0,0,5,75,126
8515,0,0,0,238,507
8518,0,0,51,111,1329
8520,0,0,0,379,833
8525,0,0,2,66,114
8527,0,0,0,367,874
8533,0,0,0,0,0
8534,0,0,0,426,814
8535,0,0,0,79,152
8536,0,0,114,365,2620
8540,0,115,862,1915,7525
8542,0,0,39,106,536
8550,0,0,0,616,1478
8553,0,0,11,32,164
8554,0,0,40,79,810
8555,0,0,0,6,17
8558,0,0,109,281,723
8560,0,0,2,37,82
8562,0,0,1,5,12
8609,0,35,100,139,1840
8610,25,107,280,453,7025
8611,0,66,185,445,4006
8618,0,6,300,556,5439
8619,0,0,105,479,5605
8620,0,0,0,258,452
8628,0,0,61,167,1979
8629,6,23,40,109,1794
8638,0,30,321,575,5077
8648,0,7,361,867,6072
8690,0,0,190,498,4724
8691,0,0,0,332,775
8701,0,0,0,445,1060
8720,0,0,3,36,68
8721,0,0,3,62,130
8722,0,0,0,115,221
8723,0,0,20,377,784
8724,0,0,13,502,1130
8730,0,0,0,134,287
8731,0,0,0,0,1
8732,0,0,0,19,42
8733,0,0,10,32,48
8735,0,0,16,253,605
8736,0,0,0,458,995
8738,0,0,0,166,299
8740,0,0,0,8,47
8741,0,0,2,42,87
8742,0,0,39,684,1242
8750,0,0,0,201,419
8751,0,0,67,325,628
8752,0,0,10,88,194
8753,0,0,129,1161,1972
8755,0,0,20,329,833
8757,0,0,14,421,939
8759,10,56,198,532,4954
8804,0,0,2,12,24
8805,0,13,96,205,2180
8807,0,0,28,635,1374
8810,0,4,118,304,1807
8812,0,0,223,546,2543
8816,0,0,53,966,1911
8817,0,0,334,882,7767
8820,0,0,533,1465,6669
8823,2,3,58,140,1373
8824,0,0,257,768,2856
8828,0,0,2,22,40
8830,0,0,162,434,3237
8831,0,0,110,830,2066
8832,0,5,23,44,303
8835,0,38,149,276,2668
8836,0,0,1,148,302
8837,0,0,102,274,2650
8840,0,0,230,653,3368
8844,0,0,0,976,1845
8846,0,0,76,268,3077
8848,0,0,0,8,19
8850,0,0,103,350,2358
8852,0,3,183,485,2806
8854,0,0,422,1040,8881
8857,0,0,19,492,1030
8859,0,0,0,208,415
8861,0,0,216,448,7206
8863,0,29,134,357,2778
8865,0,0,0,314,574
8869,0,0,76,186,1662
8872,0,0,5,176,379
8873,0,38,678,1510,10777
8876,0,0,6,171,340
8879,0,0,11,164,317
8880,0,9,19,35,867
8882,0,0,31,156,371
8884,0,0,2,101,209
8886,0,0,0,72,172
8901,0,44,301,583,5278
8902,0,30,256,617,6316
8904,0,10,94,242,2071
87002,0,266,5133,5216,5216
87004,0,0,10,10,10
87008,0,77,607,635,635
87015,0,40,1119,1133,1133
87022,0,5,97,99,99
87031,0,285,7006,7113,7113
87035,0,53,1158,1177,1177
87042,0,73,1159,1181,1181
87047,0,16,218,223,223
87048,0,373,4338,4444,4444
87059,0,41,664,675,675
87068,0,78,1321,1350,1350
87102,0,538,7637,7785,7793
87104,0,288,4886,4976,4976
87105,0,835,20608,20900,20900
87106,0,769,8557,8831,8831
87107,0,913,13787,14040,14040
87108,0,732,10527,10775,10775
87109,0,678,12390,12578,12578
87110,0,696,15274,15491,15491
87111,0,1534,18946,19431,19431
87112,0,910,15674,15945,15945
87113,0,316,6105,6210,6210
87114,0,1082,21318,21665,21665
87116,0,27,1582,1591,1591
87120,0,855,21061,21361,21361
87121,0,991,20838,21154,21154
87122,0,506,3508,3697,3697
87123,0,800,13551,13771,13771
87124,0,752,20085,20329,20329
87144,0,87,2375,2409,2409
87401,0,481,11073,11218,11218
87402,0,105,2648,2694,2694
87501,0,768,8126,8343,8343
87505,0,911,12776,13049,13049
87506,0,192,1806,1868,1868
87507,0,540,13668,13848,13848
87508,0,241,3235,3301,3301
88001,0,506,11679,12028,12040
88005,0,334,10237,10425,10435
88007,0,114,5569,5688,5688
88008,0,5,323,326,327
88011,0,281,7810,8002,8010
88012,0,171,5566,5691,5691
88047,0,1,21,21,21
88063,0,177,2678,2763,2766
89002,0,586,11009,11075,11075
89005,0,389,5603,5631,5631
89011,0,556,7839,7934,7934
89012,0,796,10981,11069,11069
89014,0,415,9340,9434,9434
89015,0,598,12615,12717,12717
89030,0,414,6967,7037,7037
89032,0,325,7872,7943,7943
89044,0,0,2,2,2
89052,0,1186,12186,12359,12359
89074,0,1152,15440,15549,15549
89101,0,453,6999,7084,7084
89102,0,366,7133,7190,7190
89103,0,414,9536,9623,9623
89104,0,572,10277,10401,10401
89106,0,449,6721,6810,6810
89107,0,446,9405,9481,9481
89108,0,735,16553,16686,16686
89109,0,128,1224,1246,1246
89110,0,1104,16740,16961,16961
89113,0,593,7924,8012,8012
89115,0,162,3503,3532,3532
89117,0,1258,15978,16155,16155
89118,0,383,5564,5637,5637
89119,0,395,8168,8250,8250
89120,0,243,6891,6933,6933
89121,0,868,14566,14728,14728
89122,0,560,13901,13971,13971
89123,0,895,16521,16588,16588
89128,0,434,10014,10095,10095
89129,0,989,14039,14152,14152
89130,0,51,1110,1117,1117
89134,0,756,11523,11628,11628
89135,0,1347,10943,11121,11121
89138,0,366,2399,2433,2433
89139,0,657,12838,12903,12903
89141,0,894,8619,8768,8768
89142,0,324,8212,8287,8287
89144,0,643,6208,6309,6309
89145,0,550,7324,7435,7435
89146,0,289,4936,4986,4986
89147,0,658,14503,14605,14605
89148,0,585,8885,8984,8984
89156,0,335,6490,6569,6569
89158,0,3,22,23,23
89166,0,1,11,11,11
89169,0,196,2796,2841,2841
89178,0,311,4282,4317,4317
89183,0,363,9029,9084,9084
89403,0,2,55,55,55
89410,0,2,50,51,51
89423,0,211,4247,4299,4299
89431,0,219,9438,9486,9486
89433,0,94,6208,6246,6246
89434,0,130,7217,7238,7238
89436,0,461,13009,13167,13167
89439,0,14,119,120,120
89441,0,383,3912,4033,4033
89501,0,43,607,621,621
89502,0,251,9989,10069,10069
89503,0,330,7589,7689,7689
89506,0,498,11729,11835,11835
89508,0,18,729,734,734
89509,0,485,9963,10094,10094
89510,0,1,48,48,48
89511,0,607,8368,8557,8557
89512,0,230,5283,5358,5358
89519,0,403,3530,3632,3632
89521,0,606,9289,9478,9478
89523,0,458,10515,10654,10654
89701,0,323,8222,8288,8288
89703,0,158,3054,3101,3101
89705,0,63,1937,1959,1959
89706,0,127,6296,6334,6334
10001,0,0,0,0,0
10002,0,0,0,0,0
10003,0,0,0,0,0
10004,0,0,0,0,0
10005,0,0,0,0,0
10006,0,0,0,0,0
10007,0,0,0,0,0
10009,0,0,0,0,7
10010,0,0,0,0,2
10011,0,0,0,0,0
10012,0,0,0,0,0
10013,0,0,0,0,0
10014,0,0,0,0,0
10016,0,0,0,0,0
10017,0,0,0,0,0
10018,0,0,0,0,0
10019,0,0,0,0,0
10021,0,0,0,0,0
10022,0,0,0,0,0
10023,0,0,0,0,0
10024,0,0,0,0,0
10025,0,0,0,0,0
10026,0,0,0,0,0
10027,0,0,0,0,0
10028,0,0,0,0,0
10029,0,0,0,0,0
10030,0,0,0,0,0
10031,0,0,0,0,0
10032,0,0,0,0,0
10033,0,0,0,0,0
10034,0,0,0,0,0
10035,0,0,0,0,0
10036,0,0,0,0,4
10037,0,0,0,0,0
10038,0,0,0,0,0
10039,0,0,0,0,0
10040,0,0,0,0,0
10044,0,0,0,0,0
10065,0,0,0,0,1
10069,0,0,0,0,0
10075,0,0,0,2,4
10128,0,0,0,0,1
10280,0,0,0,0,0
10282,0,0,0,0,0
10301,0,0,0,0,0
10302,0,0,0,0,0
10303,0,0,0,0,0
10304,0,0,0,0,0
10305,0,0,0,0,0
10306,0,0,0,0,0
10307,0,0,0,0,0
10308,0,0,0,0,0
10309,0,0,0,0,0
10310,0,0,0,0,0
10312,0,0,0,0,0
10314,0,0,0,0,51
10451,0,0,0,0,0
10452,0,0,0,0,0
10453,0,0,0,0,2
10454,0,0,0,0,0
10455,0,0,0,0,0
10456,0,0,0,0,2
10457,0,0,0,0,0
10458,0,0,0,0,20
10459,0,0,0,0,0
10460,0,0,0,0,0
10461,0,0,0,0,0
10462,0,0,0,0,0
10463,0,0,0,0,13
10464,0,0,0,0,0
10465,0,0,0,0,0
10466,0,0,0,0,0
10467,0,0,0,0,0
10468,0,0,0,0,5
10469,0,0,0,0,0
10470,0,0,0,0,0
10471,0,0,0,0,0
10472,0,0,0,0,0
10473,0,0,0,0,0
10474,0,0,0,0,3
10475,0,0,0,0,0
10501,0,0,0,0,0
10502,0,0,0,0,1
10504,0,0,0,0,0
10505,0,0,0,0,0
10506,0,0,0,0,2
10507,0,0,0,0,1
10510,0,0,0,0,5
10511,0,0,0,0,2
10514,0,0,0,0,0
10516,0,0,0,0,0
10517,0,0,0,0,0
10520,0,0,0,0,0
10522,0,0,0,0,2
10523,0,0,0,2,12
10524,0,0,0,0,0
10526,0,0,0,0,0
10527,0,0,0,0,0
10528,0,0,0,0,0
10530,0,0,0,0,0
10532,0,0,0,0,0
10533,0,0,0,0,0
10536,0,0,0,0,2
10537,0,0,0,0,0
10538,0,0,0,0,1
10541,0,0,0,0,0
10543,0,0,0,0,0
10546,0,0,0,0,0
10547,0,0,0,0,1
10548,0,0,0,0,0
10549,0,0,0,0,0
10550,0,0,0,0,26
10552,0,0,0,0,0
10553,0,0,0,0,3
10560,0,0,0,0,0
10562,0,0,0,0,21
10566,0,0,0,0,15
10567,0,0,0,0,0
10570,0,0,0,0,0
10573,0,0,0,0,0
10576,0,0,0,0,0
10577,0,0,0,0,0
10578,0,0,0,0,0
10579,0,0,0,0,0
10580,0,0,0,0,1
10583,0,0,0,0,0
10588,0,0,0,0,0
10589,0,0,0,0,0
10591,0,0,0,0,0
10594,0,0,0,0,0
10595,0,0,0,0,0
10596,0,0,0,0,0
10598,0,0,0,0,0
10601,0,0,0,0,0
10603,0,0,0,0,0
10604,0,0,0,0,0
10605,0,0,0,3,17
10606,0,0,0,0,4
10607,0,0,0,0,0
10701,0,0,0,0,66
10703,0,0,0,0,0
10704,0,0,0,0,0
10705,0,0,0,0,0
10706,0,0,0,0,0
10707,0,0,0,0,2
10708,0,0,0,0,2
10709,0,0,0,0,4
10710,0,0,0,0,0
10801,0,0,0,0,0
10803,0,0,0,0,0
10804,0,0,0,0,3
10901,0,0,0,0,0
10913,0,0,0,0,0
10920,0,0,0,0,0
10923,0,0,0,0,0
10927,0,0,0,0,0
10931,0,0,0,0,0
10952,0,0,0,0,0
10954,0,0,0,0,0
10956,0,0,0,0,0
10960,0,0,0,0,0
10962,0,0,0,0,0
10964,0,0,0,0,0
10965,0,0,0,0,0
10968,0,0,0,0,1
10970,0,0,0,0,0
10974,0,0,0,0,0
10976,0,0,0,0,0
10977,0,0,0,0,0
10980,0,0,0,0,0
10983,0,0,0,0,0
10984,0,0,0,0,0
10986,0,0,0,0,0
10989,0,0,0,0,0
10993,0,0,0,0,0
10994,0,0,0,0,0
11001,0,0,0,0,6
11003,0,0,0,0,0
11004,0,0,0,0,5
11005,0,0,0,0,0
11010,0,0,0,0,0
11020,0,0,0,0,0
11021,0,0,0,0,0
11023,0,0,0,0,0
11024,0,0,0,0,0
11030,0,0,0,0,0
11040,0,0,0,0,0
11050,0,0,0,0,0
11096,0,0,0,0,0
11101,0,0,0,0,0
11102,0,0,0,0,0
11103,0,0,0,0,0
11104,0,0,0,0,3
11105,0,0,0,0,0
11106,0,0,0,0,0
11109,0,0,0,0,0
11201,0,0,0,0,0
11203,0,0,0,0,0
11204,0,0,0,0,0
11205,0,0,0,0,0
11206,0,0,0,0,0
11207,0,0,0,0,64
11208,0,0,0,0,0
11209,0,0,0,0,51
11210,0,0,0,0,7
11211,0,0,0,0,0
11212,0,0,0,0,0
11213,0,0,0,0,0
11214,0,0,0,0,0
11215,0,0,0,0,6
11216,0,0,0,0,20
11217,0,0,0,0,0
11218,0,0,0,0,0
11219,0,0,0,0,41
11220,0,0,0,0,0
11221,0,0,0,0,0
11222,0,0,0,0,0
11223,0,0,0,0,83
11224,0,0,0,0,10
11225,0,0,0,0,0
11226,0,0,0,0,5
11228,0,0,0,0,0
11229,0,0,0,21,104
11230,0,0,0,0,0
11231,0,0,0,3,24
11232,0,0,0,0,10
11233,0,0,0,0,25
11234,0,0,0,0,0
11235,0,0,0,0,0
11236,0,0,0,0,95
11237,0,0,0,0,0
11238,0,0,0,0,0
11239,0,0,0,0,0
11249,0,0,0,0,0
11354,0,0,0,0,0
11355,0,0,0,0,0
11356,0,0,0,0,0
11357,0,0,0,0,0
11358,0,0,0,0,0
11360,0,0,0,0,0
11361,0,0,0,0,0
11362,0,0,0,0,0
11363,0,0,0,0,0
11364,0,0,0,0,0
11365,0,0,0,0,0
11366,0,0,0,0,0
11367,0,0,0,0,0
11368,0,0,0,0,0
11369,0,0,0,0,0
11370,0,0,0,0,0
11372,0,0,0,0,8
11373,0,0,0,0,6
11374,0,0,0,0,4
11375,0,0,0,0,0
11377,0,0,0,0,34
11378,0,0,0,0,0
11379,0,0,0,0,0
11385,0,0,0,0,23
11411,0,0,0,0,0
11412,0,0,0,0,0
11413,0,0,0,0,8
11414,0,0,0,0,0
11415,0,0,0,0,0
11416,0,0,0,0,0
11417,0,0,0,0,0
11418,0,0,0,0,7
11419,0,0,0,0,0
11420,0,0,0,0,0
11421,0,0,0,0,0
11422,0,0,0,0,0
11423,0,0,0,0,0
11426,0,0,0,0,0
11427,0,0,0,0,0
11428,0,0,0,0,0
11429,0,0,0,0,0
11432,0,0,0,0,0
11433,0,0,0,0,0
11434,0,0,0,0,0
11435,0,0,0,0,0
11436,0,0,0,0,0
11501,0,0,0,0,0
11507,0,0,0,0,0
11509,0,0,0,0,0
11510,0,0,0,0,0
11514,0,0,0,0,3
11516,0,0,0,0,0
11518,0,0,0,0,0
11520,0,0,0,0,24
11530,0,0,0,0,0
11542,0,0,0,0,0
11545,0,0,0,0,0
11548,0,0,0,0,0
11550,0,0,0,0,0
11552,0,0,0,0,0
11553,0,0,0,0,0
11554,0,0,0,0,0
11557,0,0,0,0,4
11558,0,0,0,0,0
11559,0,0,0,0,2
11560,0,0,0,0,0
11561,0,0,0,0,0
11563,0,0,0,0,0
11565,0,0,0,0,0
11566,0,0,0,0,0
11568,0,0,0,0,1
11569,0,0,0,0,0
11570,0,0,0,0,0
11572,0,0,0,0,0
11575,0,0,0,0,0
11576,0,0,0,0,0
11577,0,0,0,0,0
11579,0,0,0,0,0
11580,0,0,0,18,44
11581,0,0,0,0,0
11590,0,0,0,0,0
11596,0,0,0,0,0
11598,0,0,0,0,0
11691,0,0,0,0,0
11692,0,0,0,0,0
11693,0,0,0,0,0
11694,0,0,0,0,4
11701,0,0,0,0,0
11702,0,0,0,0,0
11703,0,0,0,0,0
11704,0,0,0,0,0
11705,0,0,0,0,0
11706,0,0,0,0,0
11710,0,0,0,0,0
11713,0,0,0,0,0
11714,0,0,0,0,0
11715,0,0,0,2,4
11716,0,0,0,0,0
11717,0,0,0,0,0
11718,0,0,0,0,0
11719,0,0,0,0,0
11720,0,0,0,0,0
11721,0,0,0,0,0
11722,0,0,0,0,0
11724,0,0,0,0,0
11725,0,0,0,0,0
11726,0,0,0,0,0
11727,0,0,0,0,0
11729,0,0,0,0,0
11730,0,0,0,0,0
11731,0,0,0,0,0
11732,0,0,0,0,0
11733,0,0,0,0,0
11735,0,0,0,0,0
11738,0,0,0,0,8
11739,0,0,0,0,0
11740,0,0,0,0,0
11741,0,0,0,0,0
11742,0,0,0,0,0
11743,0,0,0,0,0
11746,0,0,0,0,0
11747,0,0,0,0,0
11749,0,0,0,0,0
11751,0,0,0,0,0
11752,0,0,0,0,0
11753,0,0,0,0,0
11754,0,0,0,0,0
11755,0,0,0,0,0
11756,0,0,0,0,0
11757,0,0,0,0,0
11758,0,0,0,0,0
11762,0,0,0,0,0
11763,0,0,0,0,0
11764,0,0,0,0,0
11765,0,0,0,0,0
11766,0,0,0,0,0
11767,0,0,0,0,0
11768,0,0,0,0,0
11769,0,0,0,0,0
11771,0,0,0,0,0
11772,0,0,0,0,0
11776,0,0,0,0,0
11777,0,0,0,0,0
11779,0,0,0,0,0
11780,0,0,0,0,0
11782,0,0,0,0,20
11783,0,0,0,0,0
11784,0,0,0,0,0
11787,0,0,0,0,0
11788,0,0,0,0,0
11790,0,0,0,0,0
11791,0,0,0,0,0
11793,0,0,0,0,0
11795,0,0,0,0,0
11796,0,0,0,0,0
11797,0,0,0,0,0
11798,0,0,0,0,0
11801,0,0,0,0,0
11803,0,0,0,0,0
11804,0,0,0,0,0
11901,0,0,0,0,0
11930,0,0,0,0,0
11932,0,0,0,0,0
11933,0,0,0,0,0
11934,0,0,0,0,0
11935,0,0,0,0,0
11937,0,0,0,0,0
11939,0,0,0,0,0
11940,0,0,0,0,0
11941,0,0,0,0,0
11942,0,0,0,0,0
11944,0,0,0,0,0
11946,0,0,0,0,0
11948,0,0,0,0,0
11949,0,0,0,0,0
11950,0,0,0,0,0
11951,0,0,0,0,0
11952,0,0,0,0,0
11953,0,0,0,0,0
11954,0,0,0,0,0
11955,0,0,0,0,0
11957,0,0,0,0,0
11958,0,0,0,0,0
11960,0,0,0,0,0
11962,0,0,0,0,0
11963,0,0,0,0,0
11964,0,0,0,0,0
11965,0,0,0,0,0
11967,0,0,0,0,0
11968,0,0,0,0,0
11971,0,0,0,0,0
11976,0,0,0,0,2
11977,0,0,0,0,0
11978,0,0,0,0,0
11980,0,0,0,0,0
12008,0,0,0,0,0
12009,0,0,0,0,0
12018,0,0,0,0,0
12019,0,0,0,0,0
12033,0,0,0,0,0
12047,0,0,0,0,0
12054,0,0,0,0,0
12056,0,0,0,0,0
12061,0,0,0,0,0
12063,0,0,0,0,0
12065,0,0,0,0,0
12067,0,0,0,0,0
12077,0,0,0,0,0
12084,0,0,0,0,0
12085,0,0,0,0,0
12110,0,0,0,0,0
12118,0,0,0,0,0
12121,0,0,0,0,0
12123,0,0,0,0,0
12140,0,0,0,0,0
12144,0,0,0,0,0
12148,0,0,0,0,0
12150,0,0,0,0,0
12154,0,0,0,0,0
12158,0,0,0,0,0
12159,0,0,0,0,0
12180,0,0,0,0,0
12182,0,0,0,0,0
12183,0,0,0,0,1
12186,0,0,0,0,0
12188,0,0,0,0,0
12189,0,0,0,0,0
12196,0,0,0,0,0
12198,0,0,0,0,0
12202,0,0,0,0,0
12203,0,0,0,0,0
12204,0,0,0,0,0
12205,0,0,0,0,0
12206,0,0,0,0,0
12207,0,0,0,0,0
12208,0,0,0,0,0
12209,0,0,0,0,0
12210,0,0,0,0,0
12211,0,0,0,0,0
12222,0,0,0,0,0
12302,0,0,0,0,0
12303,0,0,0,0,0
12304,0,0,0,0,0
12305,0,0,0,0,0
12306,0,0,0,0,0
12307,0,0,0,0,0
12308,0,0,0,0,0
12309,0,0,0,0,0
12401,0,0,0,0,0
12411,0,0,0,0,0
12417,0,0,0,0,0
12419,0,0,0,0,0
12432,0,0,0,0,0
12440,0,0,0,0,0
12443,0,0,0,0,0
12449,0,0,0,0,0
12456,0,0,0,0,0
12466,0,0,0,0,0
12471,0,0,0,0,0
12472,0,0,0,0,0
12475,0,0,0,0,0
12477,0,0,0,0,0
12484,0,0,0,0,0
12486,0,0,0,0,0
12487,0,0,0,0,0
12498,0,0,0,0,0
12508,0,0,0,0,0
12512,0,0,0,0,0
12518,0,0,0,0,0
12520,0,0,0,0,0
12524,0,0,0,0,0
12525,0,0,0,0,0
12528,0,0,0,0,0
12533,0,0,0,0,0
12538,0,0,0,0,0
12542,0,0,0,0,0
12547,0,0,0,0,0
12548,0,0,0,0,0
12549,0,0,0,0,0
12550,0,0,0,0,0
12553,0,0,0,0,0
12561,0,0,0,0,0
12569,0,0,0,0,0
12572,0,0,0,0,0
12575,0,0,0,0,0
12577,0,0,0,0,0
12578,0,0,0,0,0
12580,0,0,0,0,0
12586,0,0,0,0,0
12589,0,0,0,0,0
12590,0,0,0,0,0
12601,0,0,0,0,0
12603,0,0,0,0,0
12801,0,0,0,0,0
12803,0,0,0,0,0
12804,0,0,0,0,0
12827,0,0,0,0,0
12828,0,0,0,0,0
12831,0,0,0,0,0
12839,0,0,0,0,0
12845,0,0,0,0,0
12901,0,0,0,0,0
12903,0,0,0,0,0
12918,0,0,0,0,0
12962,0,0,0,0,0
13021,0,0,0,0,0
13027,0,0,0,0,0
13029,0,0,0,0,0
13030,0,0,0,0,0
13031,0,0,0,0,0
13039,0,0,0,0,0
13041,0,0,0,0,0
13057,0,0,0,0,0
13060,0,0,0,0,0
13066,0,0,0,0,0
13068,0,0,0,0,0
13073,0,0,0,0,0
13078,0,0,0,0,0
13082,0,0,0,0,0
13084,0,0,0,0,0
13088,0,0,0,0,0
13090,0,0,0,0,0
13104,0,0,0,0,0
13108,0,0,0,0,0
13112,0,0,0,0,0
13116,0,0,0,0,0
13120,0,0,0,0,0
13132,0,0,0,0,0
13135,0,0,0,0,0
13152,0,0,0,0,0
13164,0,0,0,0,0
13202,0,0,0,0,0
13203,0,0,0,0,0
13204,0,0,0,0,0
13205,0,0,0,0,0
13206,0,0,0,0,0
13207,0,0,0,0,0
13208,0,0,0,0,0
13209,0,0,0,0,0
13210,0,0,0,0,0
13211,0,0,0,0,0
13212,0,0,0,0,0
13214,0,0,0,0,0
13215,0,0,0,0,0
13219,0,0,0,0,0
13224,0,0,0,0,0
13319,0,0,0,0,0
13323,0,0,0,0,0
13340,0,0,0,0,0
13354,0,0,0,0,0
13403,0,0,0,0,0
13413,0,0,0,0,0
13417,0,0,0,0,0
13424,0,0,0,0,0
13456,0,0,0,0,0
13492,0,0,0,0,0
13495,0,0,0,0,0
13501,0,0,0,0,0
13502,0,0,0,0,0
13601,0,0,0,0,0
13603,0,0,0,0,0
13612,0,0,0,0,0
13616,0,0,0,0,0
13634,0,0,0,0,0
13637,0,0,0,0,0
13748,0,0,0,0,0
13760,0,0,0,0,0
13790,0,0,0,0,0
13795,0,0,0,0,0
13827,0,0,0,0,0
13850,0,0,0,0,0
13901,0,0,0,0,0
13903,0,0,0,0,0
13904,0,0,0,0,0
13905,0,0,0,0,0
14004,0,0,0,0,0
14026,0,0,0,0,0
14031,0,0,0,0,0
14032,0,0,0,0,0
14043,0,0,0,0,0
14051,0,0,0,0,0
14052,0,0,0,0,0
14059,0,0,0,0,0
14068,0,0,0,0,0
14072,0,0,0,0,0
14075,0,0,0,0,0
14086,0,0,0,0,0
14092,0,0,0,0,0
14094,0,0,0,0,0
14120,0,0,0,0,0
14127,0,0,0,0,0
14131,0,0,0,0,0
14132,0,0,0,0,0
14150,0,0,0,0,0
14174,0,0,0,0,0
14201,0,0,0,0,0
14202,0,0,0,0,0
14203,0,0,0,0,0
14204,0,0,0,0,0
14206,0,0,0,0,0
14207,0,0,0,0,0
14208,0,0,0,0,0
14209,0,0,0,0,0
14210,0,0,0,0,0
14211,0,0,0,0,0
14212,0,0,0,0,0
14213,0,0,0,0,0
14214,0,0,0,0,0
14215,0,0,0,0,0
14216,0,0,0,0,0
14217,0,0,0,0,0
14218,0,0,0,0,0
14219,0,0,0,0,0
14220,0,0,0,0,0
14221,0,0,0,0,0
14222,0,0,0,0,0
14223,0,0,0,0,0
14224,0,0,0,0,0
14225,0,0,0,0,0
14226,0,0,0,0,0
14227,0,0,0,0,0
14228,0,0,0,0,0
14301,0,0,0,0,0
14303,0,0,0,0,0
14304,0,0,0,0,0
14305,0,0,0,0,0
14428,0,0,0,0,0
14445,0,0,0,0,0
14450,0,0,0,0,0
14467,0,0,0,0,0
14468,0,0,0,0,0
14472,0,0,0,0,0
14506,0,0,0,0,0
14514,0,0,0,0,0
14526,0,0,0,0,0
14534,0,0,0,0,0
14543,0,0,0,0,0
14546,0,0,0,0,0
14559,0,0,0,0,0
14564,0,0,0,0,0
14580,0,0,0,0,0
14586,0,0,0,0,0
14604,0,0,0,0,0
14605,0,0,0,0,0
14606,0,0,0,0,0
14607,0,0,0,0,0
14608,0,0,0,0,0
14609,0,0,0,0,0
14610,0,0,0,0,0
14611,0,0,0,0,0
14612,0,0,0,0,0
14613,0,0,0,0,0
14614,0,0,0,0,0
14615,0,0,0,0,0
14616,0,0,0,0,0
14617,0,0,0,0,0
14618,0,0,0,0,0
14619,0,0,0,0,0
14620,0,0,0,0,0
14621,0,0,0,0,0
14622,0,0,0,0,0
14623,0,0,0,0,0
14624,0,0,0,0,0
14625,0,0,0,0,0
14626,0,0,0,0,0
14850,0,0,0,0,0
14882,0,0,0,0,0
14883,0,0,0,0,0
43004,0,0,0,0,0
43015,0,0,0,0,0
43016,0,0,0,0,0
43017,0,0,0,0,0
43021,0,0,0,0,0
43026,0,0,0,0,0
43031,0,0,0,0,0
43035,0,0,0,0,0
43054,0,0,0,0,0
43062,0,0,0,0,0
43064,0,0,0,0,0
43065,0,0,0,0,0
43068,0,0,0,0,0
43081,0,0,0,0,0
43082,0,0,0,0,0
43085,0,0,0,0,0
43109,0,0,0,0,0
43110,0,0,0,0,0
43119,0,0,0,0,0
43123,0,0,0,0,0
43125,0,0,0,0,0
43147,0,0,0,0,0
43201,0,0,0,0,0
43202,0,0,0,0,0
43203,0,0,0,0,0
43204,0,0,0,0,0
43205,0,0,0,0,0
43206,0,0,0,0,0
43207,0,0,0,0,0
43209,0,0,0,0,0
43211,0,0,0,0,0
43212,0,0,0,0,0
43213,0,0,0,0,0
43214,0,0,0,0,0
43215,0,0,0,0,0
43219,0,0,0,0,0
43220,0,0,0,0,0
43221,0,0,0,0,0
43222,0,0,0,0,0
43223,0,0,0,0,0
43224,0,0,0,0,0
43227,0,0,0,0,0
43228,0,0,0,0,0
43229,0,0,0,0,0
43230,0,0,0,0,0
43231,0,0,0,0,0
43232,0,0,0,0,0
43235,0,0,0,0,0
43240,0,0,0,0,0
43402,0,0,0,0,0
43412,0,0,0,0,0
43430,0,0,0,0,0
43434,0,0,0,0,0
43443,0,0,0,0,0
43447,0,0,0,0,0
43460,0,0,0,0,0
43463,0,0,0,0,0
43465,0,0,0,0,0
43469,0,0,0,0,0
43504,0,0,0,0,0
43528,0,0,0,0,0
43537,0,0,0,0,0
43542,0,0,0,0,0
43551,0,0,0,0,0
43558,0,0,0,0,0
43560,0,0,0,0,0
43566,0,0,0,0,0
43571,0,0,0,0,0
43604,0,0,0,0,0
43605,0,0,0,0,0
43606,0,0,0,0,0
43607,0,0,0,0,0
43608,0,0,0,0,0
43609,0,0,0,0,0
43610,0,0,0,0,0
43611,0,0,0,0,0
43612,0,0,0,0,0
43613,0,0,0,0,0
43614,0,0,0,0,0
43615,0,0,0,0,0
43616,0,0,0,0,0
43617,0,0,0,0,0
43619,0,0,0,0,0
43620,0,0,0,0,0
43623,0,0,0,0,0
43701,0,0,0,0,0
43830,0,0,0,0,0
43913,0,0,0,0,0
43926,0,0,0,0,0
43938,0,0,0,0,0
43943,0,0,0,0,0
43952,0,0,0,0,0
43953,0,0,0,0,0
43961,0,0,0,0,0
43964,0,0,0,0,0
44001,0,0,0,0,0
44011,0,0,0,0,0
44012,0,0,0,0,0
44017,0,0,0,0,0
44022,0,0,0,0,0
44024,0,0,0,0,0
44026,0,0,0,0,0
44028,0,0,0,0,0
44035,0,0,0,0,0
44039,0,0,0,0,0
44040,0,0,0,0,0
44044,0,0,0,0,0
44045,0,0,0,0,0
44050,0,0,0,0,0
44052,0,0,0,0,0
44053,0,0,0,0,0
44054,0,0,0,0,0
44055,0,0,0,0,0
44056,0,0,0,0,0
44060,0,0,0,0,0
44067,0,0,0,0,0
44070,0,0,0,0,0
44074,0,0,0,0,0
44077,0,0,0,0,0
44087,0,0,0,0,0
44092,0,0,0,0,0
44094,0,0,0,0,0
44095,0,0,0,0,0
44102,0,0,0,0,0
44103,0,0,0,0,0
44104,0,0,0,0,0
44105,0,0,0,0,0
44106,0,0,0,0,0
44107,0,0,0,0,0
44108,0,0,0,0,0
44109,0,0,0,0,0
44110,0,0,0,0,0
44111,0,0,0,0,0
44112,0,0,0,0,0
44113,0,0,0,0,0
44114,0,0,0,0,0
44115,0,0,0,0,0
44116,0,0,0,0,0
44117,0,0,0,0,0
44118,0,0,0,0,0
44119,0,0,0,0,0
44120,0,0,0,0,0
44121,0,0,0,0,0
44122,0,0,0,0,0
44123,0,0,0,0,0
44124,0,0,0,0,0
44125,0,0,0,0,0
44126,0,0,0,0,0
44127,0,0,0,0,0
44128,0,0,0,0,0
44129,0,0,0,0,0
44130,0,0,0,0,0
44131,0,0,0,0,0
44132,0,0,0,0,0
44133,0,0,0,0,0
44134,0,0,0,0,0
44135,0,0,0,0,0
44136,0,0,0,0,0
44137,0,0,0,0,0
44138,0,0,0,0,0
44139,0,0,0,0,0
44140,0,0,0,0,0
44141,0,0,0,0,0
44142,0,0,0,0,0
44143,0,0,0,0,0
44144,0,0,0,0,0
44145,0,0,0,0,0
44146,0,0,0,0,0
44147,0,0,0,0,0
44149,0,0,0,0,0
44201,0,0,0,0,0
44202,0,0,0,0,0
44203,0,0,0,0,0
44216,0,0,0,0,0
44221,0,0,0,0,0
44223,0,0,0,0,0
44224,0,0,0,0,0
44236,0,0,0,0,0
44240,0,0,0,0,0
44241,0,0,0,0,0
44260,0,0,0,0,0
44262,0,0,0,0,0
44264,0,0,0,0,0
44266,0,0,0,0,0
44278,0,0,0,0,0
44286,0,0,0,0,0
44301,0,0,0,0,0
44302,0,0,0,0,0
44303,0,0,0,0,0
44304,0,0,0,0,0
44305,0,0,0,0,0
44306,0,0,0,0,0
44307,0,0,0,0,0
44308,0,0,0,0,0
44310,0,0,0,0,0
44311,0,0,0,0,0
44312,0,0,0,0,0
44313,0,0,0,0,0
44314,0,0,0,0,0
44319,0,0,0,0,0
44320,0,0,0,0,0
44321,0,0,0,0,0
44333,0,0,0,0,0
44401,0,0,0,0,0
44402,0,0,0,0,0
44403,0,0,0,0,0
44405,0,0,0,0,0
44406,0,0,0,0,0
44410,0,0,0,0,0
44412,0,0,0,0,0
44418,0,0,0,0,0
44420,0,0,0,0,0
44425,0,0,0,0,0
44429,0,0,0,0,0
44430,0,0,0,0,0
44436,0,0,0,0,0
44437,0,0,0,0,0
44438,0,0,0,0,0
44440,0,0,0,0,0
44442,0,0,0,0,0
44444,0,0,0,0,0
44446,0,0,0,0,0
44451,0,0,0,0,0
44452,0,0,0,0,0
44470,0,0,0,0,0
44471,0,0,0,0,0
44473,0,0,0,0,0
44481,0,0,0,0,0
44483,0,0,0,0,0
44484,0,0,0,0,0
44485,0,0,0,0,0
44491,0,0,0,0,0
44502,0,0,0,0,0
44503,0,0,0,0,0
44504,0,0,0,0,0
44505,0,0,0,0,0
44506,0,0,0,0,0
44507,0,0,0,0,0
44509,0,0,0,0,0
44510,0,0,0,0,0
44511,0,0,0,0,0
44512,0,0,0,0,0
44514,0,0,0,0,0
44515,0,0,0,0,0
44601,0,0,0,0,0
44613,0,0,0,0,0
44614,0,0,0,0,0
44622,0,0,0,0,0
44626,0,0,0,0,0
44632,0,0,0,0,0
44641,0,0,0,0,0
44644,0,0,0,0,0
44646,0,0,0,0,0
44647,0,0,0,0,0
44662,0,0,0,0,0
44663,0,0,0,0,0
44666,0,0,0,0,0
44685,0,0,0,0,0
44688,0,0,0,0,0
44702,0,0,0,0,0
44703,0,0,0,0,0
44704,0,0,0,0,0
44705,0,0,0,0,0
44706,0,0,0,0,0
44707,0,0,0,0,0
44708,0,0,0,0,0
44709,0,0,0,0,0
44710,0,0,0,0,0
44714,0,0,0,0,0
44718,0,0,0,0,0
44720,0,0,0,0,0
44721,0,0,0,0,0
44730,0,0,0,0,0
44824,0,0,0,0,0
44839,0,0,0,0,0
44843,0,0,0,0,0
44846,0,0,0,0,0
44847,0,0,0,0,0
44870,0,0,0,0,0
44902,0,0,0,0,0
44903,0,0,0,0,0
44904,0,0,0,0,0
44905,0,0,0,0,0
44906,0,0,0,0,0
44907,0,0,0,0,0
45001,0,0,0,0,0
45002,0,0,0,0,0
45005,0,0,0,0,0
45011,0,0,0,0,0
45013,0,0,0,0,0
45014,0,0,0,0,0
45015,0,0,0,0,0
45030,0,0,0,0,0
45034,0,0,0,0,0
45036,0,0,0,0,0
45039,0,0,0,0,0
45040,0,0,0,0,0
45042,0,0,0,0,0
45044,0,0,0,0,0
45050,0,0,0,0,0
45065,0,0,0,0,0
45066,0,0,0,0,0
45067,0,0,0,0,0
45068,0,0,0,0,0
45069,0,0,0,0,0
45102,0,0,0,0,0
45103,0,0,0,0,0
45106,0,0,0,0,0
45111,0,0,0,0,0
45122,0,0,0,0,0
45140,0,0,0,0,0
45150,0,0,0,0,0
45152,0,0,0,0,0
45153,0,0,0,0,0
45157,0,0,0,0,0
45162,0,0,0,0,0
45174,0,0,0,0,0
45202,0,0,0,0,0
45203,0,0,0,0,0
45204,0,0,0,0,0
45205,0,0,0,0,0
45206,0,0,0,0,0
45207,0,0,0,0,0
45208,0,0,0,0,0
45209,0,0,0,0,0
45211,0,0,0,0,0
45212,0,0,0,0,0
45213,0,0,0,0,0
45214,0,0,0,0,0
45215,0,0,0,0,0
45216,0,0,0,0,0
45217,0,0,0,0,0
45218,0,0,0,0,0
45219,0,0,0,0,0
45220,0,0,0,0,0
45223,0,0,0,0,0
45224,0,0,0,0,0
45225,0,0,0,0,0
45226,0,0,0,0,0
45227,0,0,0,0,0
45229,0,0,0,0,0
45230,0,0,0,0,0
45231,0,0,0,0,0
45232,0,0,0,0,0
45233,0,0,0,0,0
45236,0,0,0,0,0
45237,0,0,0,0,0
45238,0,0,0,0,0
45239,0,0,0,0,0
45240,0,0,0,0,0
45241,0,0,0,0,0
45242,0,0,0,0,0
45243,0,0,0,0,0
45244,0,0,0,0,0
45245,0,0,0,0,0
45246,0,0,0,0,0
45247,0,0,0,0,0
45248,0,0,0,0,0
45249,0,0,0,0,0
45251,0,0,0,0,0
45252,0,0,0,0,0
45255,0,0,0,0,0
45301,0,0,0,0,0
45305,0,0,0,0,0
45309,0,0,0,0,0
45312,0,0,0,0,0
45315,0,0,0,0,0
45318,0,0,0,0,0
45319,0,0,0,0,0
45322,0,0,0,0,0
45323,0,0,0,0,0
45324,0,0,0,0,0
45325,0,0,0,0,0
45326,0,0,0,0,0
45327,0,0,0,0,0
45339,0,0,0,0,0
45341,0,0,0,0,0
45342,0,0,0,0,0
45344,0,0,0,0,0
45345,0,0,0,0,0
45359,0,0,0,0,0
45368,0,0,0,0,0
45369,0,0,0,0,0
45370,0,0,0,0,0
45371,0,0,0,0,0
45373,0,0,0,0,0
45377,0,0,0,0,0
45383,0,0,0,0,0
45384,0,0,0,0,0
45385,0,0,0,0,0
45387,0,0,0,0,0
45402,0,0,0,0,0
45403,0,0,0,0,0
45404,0,0,0,0,0
45405,0,0,0,0,0
45406,0,0,0,0,0
45409,0,0,0,0,0
45410,0,0,0,0,0
45414,0,0,0,0,0
45415,0,0,0,0,0
45416,0,0,0,0,0
45417,0,0,0,0,0
45419,0,0,0,0,0
45420,0,0,0,0,0
45424,0,0,0,0,0
45426,0,0,0,0,0
45429,0,0,0,0,0
45430,0,0,0,0,0
45431,0,0,0,0,0
45432,0,0,0,0,0
45433,0,0,0,0,0
45434,0,0,0,0,0
45439,0,0,0,0,0
45440,0,0,0,0,0
45449,0,0,0,0,0
45458,0,0,0,0,0
45459,0,0,0,0,0
45502,0,0,0,0,0
45503,0,0,0,0,0
45504,0,0,0,0,0
45505,0,0,0,0,0
45506,0,0,0,0,0
45619,0,0,0,0,0
45623,0,0,0,0,0
45638,0,0,0,0,0
45659,0,0,0,0,0
45662,0,0,0,0,0
45663,0,0,0,0,0
45669,0,0,0,0,0
45678,0,0,0,0,0
45680,0,0,0,0,0
45694,0,0,0,0,0
45696,0,0,0,0,0
45714,0,0,0,0,0
45750,0,0,0,0,0
45801,0,0,0,0,0
45804,0,0,0,0,0
45805,0,0,0,0,0
45806,0,0,0,0,0
45807,0,0,0,0,0
45895,0,0,0,0,0
73003,0,0,0,0,0
73007,0,0,0,0,0
73008,0,0,0,15,54
73012,0,0,0,0,0
73013,0,0,0,38,38
73020,0,0,0,0,2
73025,0,0,0,5,8
73026,0,0,0,0,0
73034,0,0,0,0,0
73049,0,0,0,0,2
73064,0,0,51,68,84
73065,0,0,0,0,0
73068,0,0,0,4,9
73069,0,0,0,127,191
73071,0,0,0,0,115
73072,0,37,136,197,283
73078,0,0,0,0,0
73084,0,0,11,21,28
73093,0,0,0,0,0
73099,0,0,0,0,0
73102,0,0,3,6,11
73103,0,0,0,0,11
73104,0,0,4,14,17
73105,27,43,54,62,78
73106,0,14,37,65,93
73107,0,0,0,21,31
73108,0,0,0,78,135
73109,0,0,0,74,148
73110,0,0,0,0,74
73111,0,0,12,77,131
73112,0,0,127,173,219
73114,0,0,0,55,104
73115,0,0,0,9,62
73116,14,23,28,46,56
73117,0,0,54,105,139
73118,0,0,0,43,93
73119,0,0,0,51,152
73120,0,13,52,104,182
73121,0,0,0,0,2
73122,0,5,64,88,115
73127,0,0,0,32,95
73128,0,12,33,58,81
73129,0,0,0,0,8
73130,0,0,9,55,73
73131,0,0,19,29,47
73132,0,0,0,32,81
73134,0,0,0,0,0
73135,0,0,0,0,0
73139,0,0,0,55,115
73141,0,0,7,20,27
73142,0,0,0,4,33
73145,0,0,0,11,24
73149,0,0,0,2,7
73150,0,0,2,9,11
73151,0,0,5,10,12
73159,0,0,0,66,131
73160,0,0,0,106,190
73162,0,10,30,49,49
73165,0,0,0,0,0
73169,0,0,2,4,8
73170,72,101,116,144,173
73173,0,0,0,1,2
73179,0,0,0,7,10
73501,0,0,0,21,90
73505,0,0,0,0,81
73507,0,0,0,0,24
73701,0,0,0,9,43
73703,0,0,10,48,86
74008,0,0,0,0,0
74011,0,0,0,0,30
74012,0,0,0,0,0
74014,0,0,0,0,0
74015,0,0,0,0,7
74017,0,0,0,0,7
74019,10,21,26,37,58
74021,0,0,0,0,0
74023,0,0,0,0,0
74033,0,0,0,0,0
74036,0,0,0,0,0
74037,13,26,26,26,26
74041,0,0,0,0,0
74050,0,0,0,0,0
74053,0,0,0,0,0
74055,0,0,0,0,63
74063,0,0,0,0,26
74066,0,0,0,19,39
74070,0,0,19,26,37
74073,0,0,0,0,0
74074,33,147,207,293,353
74075,0,0,0,0,0
74103,0,0,0,0,1
74104,0,0,0,0,13
74105,0,0,0,8,64
74106,0,0,58,142,220
74107,0,0,26,78,147
74108,0,0,0,17,40
74110,0,0,0,0,78
74112,0,0,16,57,106
74114,0,0,0,0,0
74115,0,0,0,59,110
74116,0,0,0,22,47
74119,0,0,0,0,3
74120,0,0,0,0,0
74126,0,0,0,0,8
74127,0,0,20,94,141
74128,0,17,30,65,83
74129,0,0,0,6,35
74130,0,0,0,0,0
74131,0,0,0,0,3
74132,0,0,0,0,15
74133,0,0,0,64,127
74134,0,0,0,6,23
74135,0,0,0,37,62
74136,0,0,0,0,35
74137,0,0,15,31,46
74145,0,0,0,19,45
74146,0,0,0,24,43
74363,0,0,0,0,0
74429,0,0,0,0,0
74730,0,0,0,0,0
74731,0,0,0,0,0
74733,0,0,0,0,0
74901,0,0,0,7,13
74902,0,0,0,0,0
74946,0,0,0,0,0
74948,0,1,1,2,2
74954,0,0,0,0,0
74959,0,0,0,0,0
97002,0,0,0,9,19
97003,0,0,0,118,217
97004,0,0,0,38,91
97005,0,0,32,177,339
97006,0,0,11,417,866
97007,0,0,92,901,2187
97008,0,0,27,230,420
97009,0,0,0,17,31
97013,0,0,0,35,85
97015,0,0,32,190,431
97019,0,0,0,0,0
97024,0,0,0,105,192
97027,0,0,10,178,352
97030,0,0,78,233,492
97034,0,0,0,500,967
97035,0,0,5,313,728
97045,0,0,0,536,1339
97048,0,0,0,12,40
97060,0,0,0,105,247
97062,0,0,15,392,828
97068,0,0,9,666,1424
97070,0,0,68,333,598
97078,0,0,0,1,1
97080,0,0,0,380,809
97086,0,0,54,372,852
97089,0,0,0,238,520
97113,0,0,21,103,203
97116,0,0,65,290,493
97123,0,0,93,524,1130
97124,0,0,0,485,1034
97140,0,0,29,468,1017
97201,0,0,2,83,180
97202,0,0,80,494,1183
97203,0,0,0,373,624
97205,0,0,7,34,62
97206,0,0,50,548,997
97209,0,0,11,50,100
97210,0,0,6,161,369
97211,0,0,63,505,1116
97212,0,0,0,572,1330
97213,0,0,50,450,930
97214,0,0,27,371,695
97215,0,0,11,238,692
97216,0,0,9,99,225
97217,0,0,130,462,1054
97218,0,0,19,117,239
97219,0,0,0,513,1517
97220,0,0,0,210,568
97221,0,0,0,277,629
97222,0,0,0,223,456
97223,0,0,65,785,1321
97224,0,0,0,639,1105
97225,0,0,31,349,729
97227,0,0,7,63,149
97229,0,0,0,1549,3363
97230,0,0,33,208,570
97231,0,0,1,84,178
97232,0,6,30,115,216
97233,0,0,65,276,439
97236,0,0,0,62,371
97239,0,0,24,189,455
97266,0,0,27,306,549
97267,0,0,29,422,623
97301,0,0,97,347,846
97302,0,0,50,485,908
97303,0,0,24,326,580
97304,0,0,0,0,340
97305,0,22,163,327,588
97306,0,0,0,73,438
97317,0,0,19,193,255
97321,0,0,0,9,278
97322,0,0,0,0,101
97330,0,0,0,156,633
97333,0,0,0,41,337
97338,0,0,0,5,209
97351,0,0,0,0,90
97355,0,0,0,48,207
97361,0,0,0,10,97
97370,0,0,0,2,56
97389,0,0,0,0,13
97392,0,0,0,0,20
97401,0,0,29,300,765
97402,0,0,0,239,615
97403,0,0,0,77,188
97404,0,0,0,152,431
97405,0,0,0,234,950
97408,0,0,0,83,392
97448,0,0,1,2,5
97455,0,0,0,0,0
97457,0,0,0,0,0
97470,0,0,0,34,143
97471,0,0,0,76,321
97477,0,0,59,200,425
97478,0,0,0,91,312
97495,0,0,0,0,5
97496,0,0,0,6,34
97501,0,0,0,95,461
97502,0,0,22,225,529
97503,0,0,0,77,171
97504,0,0,16,493,938
97524,0,0,0,85,173
97526,0,0,0,105,316
97527,0,0,0,151,363
97530,0,0,0,33,121
97532,0,0,0,3,12
97535,0,0,18,62,103
97540,0,0,0,0,2
97701,0,0,0,312,862
97702,0,0,0,437,959
97703,0,0,70,663,1802
97801,0,0,11,144,303
97826,0,0,0,0,0
97838,0,0,0,71,269
97875,0,0,2,6,11
97882,0,0,0,15,40
15001,0,0,88,175,288
15003,0,0,0,19,39
15005,0,0,0,0,10
15009,0,0,4,21,68
15010,0,0,0,41,75
15014,0,0,0,0,0
15017,0,0,5,16,71
15024,0,0,0,21,54
15025,0,0,0,0,1
15027,0,0,0,0,8
15030,0,0,0,0,0
15034,0,0,0,8,14
15035,0,0,0,0,2
15042,0,0,0,0,17
15044,0,0,0,0,0
15045,0,0,4,9,12
15046,0,0,0,5,17
15049,0,0,0,0,0
15051,0,0,0,0,0
15056,0,0,2,4,6
15057,0,0,14,18,140
15061,0,0,0,38,80
15064,0,0,0,0,0
15065,0,0,0,0,0
15066,0,0,0,0,18
15068,0,0,0,0,89
15071,0,0,0,4,73
15074,0,0,0,18,62
15076,0,0,0,2,7
15081,0,0,1,1,2
15082,0,0,0,0,0
15084,0,0,0,0,11
15085,0,0,0,3,13
15101,0,0,0,0,52
15102,0,0,0,0,16
15104,0,0,0,0,33
15106,0,0,7,22,95
15108,0,0,0,0,196
15110,0,8,42,73,96
15112,0,0,0,7,17
15116,0,0,0,5,21
15120,0,0,0,48,95
15122,0,0,47,134,190
15126,0,0,0,10,17
15131,0,0,0,17,46
15132,0,0,0,78,171
15133,0,0,2,13,26
15136,0,0,42,135,186
15137,0,0,16,32,59
15139,0,0,0,0,14
15140,0,0,1,1,7
15142,0,0,1,3,20
15143,0,0,0,0,52
15144,0,0,3,15,31
15145,0,0,0,43,63
15146,0,0,0,0,89
15147,0,19,86,148,160
15148,0,0,5,17,35
15201,0,0,0,25,71
15202,0,0,0,28,65
15203,0,0,0,12,83
15204,0,0,0,2,31
15205,0,0,13,58,84
15206,0,0,0,74,176
15207,0,0,20,72,100
15208,0,0,0,0,41
15209,0,0,0,18,45
15210,0,0,0,72,144
15211,0,0,0,27,92
15212,0,0,32,80,175
15213,0,0,0,108,196
15214,0,0,0,9,68
15215,4,11,19,23,68
15216,0,0,0,34,116
15217,0,0,0,83,261
15218,0,0,8,40,105
15219,0,0,25,90,155
15220,0,0,0,22,55
15221,0,0,41,165,231
15222,0,0,0,4,11
15223,0,0,0,18,30
15224,0,0,0,17,56
15225,0,0,1,10,11
15226,0,0,0,10,42
15227,0,0,10,59,99
15228,0,0,22,39,82
15229,0,0,0,0,50
15232,0,0,16,25,59
15233,0,0,0,11,33
15234,0,0,0,0,26
15235,0,0,84,204,336
15236,0,0,0,0,67
15237,0,0,0,32,296
15238,0,0,0,0,49
15239,0,0,33,49,107
15241,0,0,0,21,87
15243,0,0,0,4,46
15317,0,0,0,0,0
15321,0,0,0,0,0
15361,0,0,0,0,0
15545,0,0,0,0,0
15613,0,0,0,0,3
15615,0,0,0,0,0
15629,0,0,0,0,0
15632,0,0,0,0,0
15636,0,0,0,0,0
15641,0,0,0,0,0
15642,0,0,0,28,92
15644,0,0,0,0,0
15656,0,0,0,0,0
15665,0,0,0,0,0
15668,0,0,0,9,14
15673,0,0,0,0,0
15690,0,0,0,0,0
15692,0,0,0,0,0
15801,0,0,0,0,0
15840,0,0,0,1,4
15851,0,0,0,0,0
15901,0,0,0,0,16
15902,0,0,0,0,0
15904,0,0,0,5,52
15905,0,0,0,17,35
15906,0,0,0,0,36
15909,0,0,0,0,10
15928,0,0,0,0,0
15935,0,0,0,0,0
15942,0,0,0,0,0
15946,0,0,0,0,0
15963,0,0,0,0,12
16001,0,0,0,0,21
16002,0,0,0,0,2
16045,0,0,0,0,0
16053,0,0,0,0,1
16121,0,0,0,0,13
16143,0,0,0,0,0
16146,0,0,0,0,56
16148,0,0,0,0,0
16150,0,0,0,0,5
16159,0,0,0,0,0
16161,0,0,0,0,2
16229,0,0,0,0,0
16415,0,0,0,0,1
16421,0,0,0,0,0
16501,0,0,0,0,2
16502,0,0,0,0,0
16503,0,0,0,0,4
16504,0,0,0,5,49
16505,0,0,0,0,12
16506,0,0,0,0,8
16507,0,0,0,0,5
16508,0,0,0,0,0
16509,0,0,0,0,30
16510,0,0,0,0,105
16511,0,0,0,0,3
16601,0,0,0,0,0
16602,0,0,0,0,31
16635,0,0,0,0,5
16636,0,0,0,0,0
16637,0,0,0,0,1
16648,0,0,0,0,0
16665,0,0,0,0,1
16669,0,0,0,0,0
16673,0,0,0,0,0
16801,0,0,0,0,72
16803,0,0,0,0,0
16823,0,0,0,0,0
16865,0,0,0,0,0
16868,0,0,0,0,0
16870,0,0,0,0,0
17003,0,0,0,0,0
17011,0,0,0,39,97
17019,0,0,0,0,0
17022,0,0,0,0,0
17025,0,0,0,0,20
17028,0,0,0,0,0
17033,0,0,0,0,12
17034,0,0,0,0,0
17036,0,0,0,0,36
17038,0,0,0,0,0
17042,0,0,0,41,61
17043,0,0,9,15,21
17046,0,0,0,0,45
17050,0,0,0,0,0
17053,0,0,0,0,1
17055,0,0,0,0,0
17057,0,0,0,0,0
17067,0,0,0,0,0
17070,0,0,0,0,0
17078,0,0,0,0,0
17093,0,0,0,0,1
17101,0,0,0,6,10
17102,0,0,0,46,99
17103,0,0,0,32,144
17104,0,0,0,0,142
17109,0,0,13,44,63
17110,0,0,0,0,58
17111,0,0,18,62,115
17112,0,0,0,0,0
17113,0,0,0,0,0
17225,0,0,0,0,0
17263,0,0,0,0,0
17268,0,0,0,0,0
17319,0,0,0,7,23
17325,0,0,0,0,27
17339,0,0,0,0,0
17340,0,0,0,0,0
17345,0,0,0,16,31
17347,0,0,0,0,0
17360,0,0,0,0,0
17370,0,0,0,0,0
17401,0,0,0,0,0
17402,0,0,0,0,0
17403,0,0,0,0,0
17404,0,0,0,0,0
17406,0,0,0,0,0
17407,0,0,0,0,0
17408,0,0,0,0,0
17501,0,0,0,3,12
17502,0,0,0,0,0
17505,0,0,0,2,13
17508,0,0,0,0,0
17512,0,0,0,0,1
17516,0,0,0,0,0
17520,0,0,9,10,13
17522,0,0,0,0,7
17529,0,0,0,0,0
17538,0,0,0,0,0
17540,0,0,0,9,42
17543,0,0,0,0,9
17545,0,0,0,0,0
17551,0,0,0,35,47
17552,0,0,0,0,0
17554,0,0,0,5,9
17557,0,0,0,0,1
17560,0,0,0,0,0
17562,0,0,0,1,3
17572,0,0,0,0,8
17579,0,0,0,2,9
17582,0,0,0,0,0
17584,0,0,0,0,2
17601,0,0,42,69,97
17602,0,0,0,89,123
17603,64,112,128,160,208
17701,0,0,0,0,96
17702,0,0,0,0,26
17728,0,0,0,0,1
17744,0,0,0,0,0
17754,0,0,0,0,14
17756,0,0,0,0,0
17801,0,0,0,0,21
17815,0,0,0,0,79
17837,0,0,0,0,16
17847,0,0,0,0,0
17850,0,0,0,0,0
17857,0,0,0,0,0
17859,0,0,0,0,1
17870,0,0,7,10,16
17876,0,0,0,0,0
17889,0,0,0,0,0
17901,0,0,6,55,115
17923,0,0,0,0,5
17951,0,0,0,0,0
17954,0,0,0,8,15
17965,0,0,0,0,1
17970,0,0,0,3,8
18011,0,0,0,0,0
18013,0,0,0,0,0
18014,0,0,0,0,0
18015,0,0,22,89,142
18017,0,0,0,0,11
18018,0,0,0,16,114
18020,0,0,0,0,0
18031,0,0,0,0,0
18032,0,0,0,15,29
18034,0,0,0,0,21
18036,0,0,0,6,16
18037,0,0,0,3,9
18038,0,0,0,0,0
18040,0,0,0,0,0
18042,0,0,0,0,0
18045,0,0,0,0,19
18049,0,0,18,36,96
18051,0,0,0,2,6
18052,0,0,0,0,0
18053,0,0,0,0,1
18055,0,0,0,0,0
18059,0,0,0,0,1
18062,0,0,0,0,7
18064,0,0,0,0,0
18066,0,0,0,0,0
18067,0,0,0,27,41
18069,0,0,0,0,0
18072,0,0,0,0,0
18074,0,0,0,0,0
18077,0,0,0,0,0
18078,0,0,3,3,14
18079,0,0,0,0,0
18080,0,0,4,16,43
18083,0,0,0,0,0
18085,0,0,0,0,1
18086,0,0,0,0,0
18087,0,0,0,0,2
18088,0,0,0,0,0
18091,0,0,0,0,0
18092,0,0,0,0,0
18101,0,0,0,0,5
18102,0,0,36,108,198
18103,0,0,37,99,161
18104,0,0,0,0,0
18106,0,0,0,0,5
18109,0,0,0,0,51
18343,0,0,0,0,1
18353,0,0,0,0,0
18360,0,0,0,0,0
18403,0,0,0,0,6
18411,0,0,0,0,4
18433,0,0,0,0,0
18434,0,0,0,0,0
18436,0,0,0,0,0
18444,0,0,0,0,0
18447,0,0,0,0,19
18452,0,0,0,0,10
18503,0,0,0,3,6
18504,0,0,0,15,38
18505,0,0,0,0,7
18507,0,0,0,0,29
18508,0,0,0,4,50
18509,0,0,0,7,33
18510,0,0,0,15,53
18512,0,0,0,0,16
18517,0,0,0,0,20
18518,0,0,0,11,40
18519,0,0,0,18,42
18603,0,0,0,22,61
18612,0,0,0,0,12
18621,0,0,0,0,0
18631,0,0,0,1,5
18634,0,0,22,52,92
18635,0,0,0,0,0
18640,0,0,0,19,94
18641,0,3,3,5,16
18642,0,0,0,5,13
18643,0,0,0,0,38
18644,0,0,0,0,0
18651,0,0,0,0,14
18660,0,0,0,0,0
18701,0,0,0,8,20
18702,0,0,0,84,252
18704,0,0,0,23,174
18705,0,0,0,0,42
18706,0,0,0,0,35
18707,0,0,0,0,0
18708,0,0,9,9,17
18709,0,0,5,21,36
18901,0,0,0,0,0
18902,0,0,0,0,0
18914,0,0,0,0,13
18915,0,0,0,0,0
18925,0,0,0,0,0
18927,0,0,0,0,0
18929,0,0,0,0,6
18932,0,0,0,0,0
18936,0,0,0,0,0
18938,0,0,0,0,0
18940,0,0,0,0,0
18951,0,0,0,0,0
18954,0,0,0,0,0
18964,0,7,13,18,42
18966,0,0,0,0,43
18969,0,0,0,1,1
18974,0,0,0,0,0
18976,0,0,0,0,0
18977,0,0,0,0,0
19001,0,0,0,0,40
19002,0,0,0,30,50
19003,0,0,0,0,8
19004,0,0,0,0,0
19006,0,0,0,0,13
19007,0,0,0,0,0
19008,0,0,0,0,0
19009,0,0,0,0,0
19010,0,0,0,0,11
19012,0,0,0,0,0
19013,0,0,0,0,0
19014,0,0,0,0,0
19015,0,0,0,0,0
19018,0,0,0,0,14
19020,0,0,0,0,0
19021,0,0,0,0,17
19022,0,0,0,0,0
19023,0,0,0,0,10
19025,0,0,0,0,1
19026,0,0,0,0,25
19027,0,0,0,0,0
19029,0,0,0,0,0
19030,0,0,0,0,0
19031,0,0,0,0,0
19032,0,0,0,0,0
19033,0,0,0,0,0
19034,0,0,0,0,0
19035,0,0,0,0,0
19036,0,0,0,5,15
19038,0,0,0,0,42
19040,0,0,0,0,0
19041,0,0,0,0,0
19043,0,0,0,0,0
19044,0,0,0,0,0
19046,0,0,0,0,19
19047,0,0,0,0,0
19050,0,0,0,5,33
19053,0,0,0,0,0
19054,0,0,0,0,15
19055,0,0,0,0,4
19056,0,0,0,0,0
19057,0,0,0,0,0
19060,0,0,0,0,0
19061,0,0,0,5,40
19063,0,0,0,0,0
19064,0,0,0,0,0
19066,0,0,0,0,4
19067,0,0,0,0,0
19070,0,0,0,0,0
19072,0,0,0,0,0
19073,0,0,0,0,0
19074,0,0,0,0,9
19075,0,0,0,6,13
19076,0,0,0,0,0
19078,0,0,0,0,0
19079,0,0,0,0,0
19081,0,0,0,0,2
19082,0,0,0,0,0
19083,0,0,0,0,10
19085,0,0,0,0,0
19086,0,0,0,0,0
19087,0,0,0,0,12
19090,0,0,0,0,11
19094,0,0,0,0,0
19095,0,0,0,0,13
19096,0,0,0,0,0
19102,0,0,0,0,0
19103,0,0,0,5,18
19104,0,0,0,0,0
19106,0,0,0,0,1
19107,0,0,0,0,0
19108,0,0,0,0,0
19111,0,0,0,0,22
19114,0,0,0,0,0
19115,0,0,0,0,0
19116,0,0,0,0,6
19118,0,0,0,0,6
19119,0,0,0,0,0
19120,0,0,0,0,0
19121,0,0,0,0,0
19122,0,0,0,0,0
19123,0,0,0,0,12
19124,0,0,0,0,46
19125,0,0,0,0,0
19126,0,0,0,0,0
19127,0,0,0,0,0
19128,0,0,0,0,0
19129,0,0,0,0,0
19130,0,0,0,0,0
19131,0,0,0,0,92
19132,0,0,0,0,0
19133,0,0,0,0,28
19134,0,0,0,0,8
19135,0,0,0,5,53
19136,0,0,0,0,0
19137,0,0,0,0,0
19138,0,0,0,0,0
19139,0,0,0,0,63
19140,0,0,0,0,165
19141,0,0,0,0,32
19142,0,0,0,0,11
19143,0,0,0,0,0
19144,0,0,0,0,0
19145,0,0,0,0,43
19146,0,0,0,0,67
19147,0,0,0,0,20
19148,0,0,0,0,0
19149,0,0,0,0,28
19150,0,0,0,0,0
19151,0,0,0,0,0
19152,0,0,0,0,0
19153,0,0,0,0,0
19154,0,0,0,0,0
19301,0,0,0,0,0
19311,0,0,0,0,0
19312,0,0,0,9,21
19317,0,0,0,0,11
19319,0,0,0,0,0
19333,0,0,0,0,4
19335,0,0,0,0,0
19341,0,0,0,0,0
19342,0,0,0,14,19
19348,0,0,0,0,0
19350,0,0,0,0,0
19355,0,0,0,12,18
19373,0,0,0,0,0
19380,0,0,0,0,0
19382,0,0,0,0,0
19401,0,0,0,0,0
19403,0,0,0,0,0
19405,0,0,0,0,0
19406,0,0,0,0,6
19422,0,0,0,0,6
19426,0,0,0,0,0
19428,0,0,0,5,19
19436,0,0,0,0,1
19437,0,0,0,0,0
19438,0,0,14,41,47
19440,0,0,0,14,32
19444,0,0,0,0,0
19446,0,0,28,113,141
19453,0,0,0,0,0
19454,0,0,0,0,0
19460,0,0,0,0,0
19462,0,0,0,4,18
19464,0,0,0,0,0
19468,0,0,0,0,6
19473,0,0,0,0,10
19475,0,0,0,0,0
19492,0,0,0,0,0
19506,0,0,0,0,0
19508,0,0,0,0,5
19510,0,0,0,0,0
19522,0,0,0,0,11
19525,0,0,0,0,0
19533,0,0,0,0,0
19539,0,0,0,0,1
19540,0,0,0,0,6
19541,0,0,0,0,0
19547,0,0,0,0,0
19555,0,0,0,0,0
19560,0,0,0,0,9
19565,0,0,0,0,0
19601,0,0,0,0,97
19602,0,0,0,0,32
19604,0,0,0,0,14
19605,0,0,0,0,0
19606,0,0,0,0,0
19607,0,0,0,0,6
19608,0,0,0,0,4
19609,0,0,0,0,0
19610,0,0,0,4,13
19611,0,0,0,0,6
2802,0,0,0,0,0
2806,0,0,0,159,985
2809,0,0,7,194,803
2814,0,0,0,2,6
2816,0,0,0,114,467
2817,0,0,0,10,26
2818,0,0,0,205,850
2822,0,0,0,2,6
2828,0,0,0,27,142
2830,0,0,0,1,1
2831,0,0,0,18,110
2835,0,0,0,11,55
2838,0,0,7,41,92
2852,0,0,0,89,365
2857,0,0,0,11,55
2860,0,0,0,227,662
2861,0,0,0,110,353
2863,0,0,0,51,159
2864,0,0,0,289,941
2865,0,0,0,100,562
2871,0,0,0,91,578
2878,0,0,0,78,446
2885,0,0,0,139,406
2886,0,0,0,152,608
2888,0,0,0,119,422
2889,0,0,0,131,466
2893,0,0,0,102,560
2895,0,0,0,308,656
2896,0,0,0,45,203
2903,0,0,0,50,218
2904,0,0,0,130,714
2905,0,0,0,261,760
2906,0,0,0,132,712
2907,0,0,0,115,341
2908,0,0,0,124,661
2909,0,0,0,205,522
2910,0,0,0,32,288
2911,0,0,0,84,313
2914,0,0,0,152,436
2915,0,0,0,82,364
2916,0,0,0,21,257
2917,0,0,0,97,348
2919,0,0,0,270,818
2920,0,0,0,169,736
2921,0,0,0,85,598
29016,0,29,148,265,2529
29020,0,0,9,140,477
29033,0,0,119,255,4477
29036,0,0,0,51,136
29039,0,0,2,10,131
29040,0,0,1,11,52
29044,0,0,1,2,8
29045,0,0,145,405,1128
29053,0,47,319,566,6441
29061,0,0,69,135,2381
29063,0,33,317,783,7992
29072,0,111,574,1648,17650
29073,0,17,410,854,16724
29078,0,0,5,140,483
29115,0,102,441,678,6124
29118,0,39,55,105,1804
29123,0,0,56,110,2511
29150,0,0,228,456,1456
29152,0,0,1,2,5
29153,0,0,23,97,291
29154,0,0,21,71,305
29160,0,0,41,90,1822
29161,0,0,2,8,22
29169,0,24,270,500,7686
29170,0,43,130,391,8502
29172,0,0,62,139,3613
29201,0,21,614,1017,4784
29203,0,216,724,1134,10325
29204,0,78,297,506,4665
29205,0,91,299,683,6124
29206,0,39,255,500,4649
29209,0,35,441,871,11186
29210,0,23,198,389,7452
29212,0,141,353,680,8538
29223,0,164,881,1343,14297
29229,0,65,375,832,16011
29301,0,0,131,424,838
29302,0,0,0,318,502
29303,0,0,209,425,603
29306,0,0,80,265,517
29307,0,0,82,291,481
29316,0,0,9,248,558
29323,0,0,0,14,30
29329,0,0,0,1,2
29330,0,0,8,40,81
29334,0,0,29,182,379
29346,0,0,0,0,3
29349,0,0,0,250,548
29365,0,0,0,56,154
29369,0,0,0,160,339
29376,0,0,15,54,110
29377,0,0,0,0,0
29385,0,0,0,31,95
29388,0,0,7,16,37
29401,0,22,242,618,2857
29403,0,63,461,854,5445
29404,0,0,7,16,558
29405,0,95,197,453,7151
29406,0,39,186,349,5529
29407,0,71,499,1079,8491
29410,0,0,169,319,4819
29412,0,102,453,1212,10764
29414,0,50,342,876,9730
29418,0,109,237,364,5917
29420,0,9,179,384,4426
29429,0,0,17,34,348
29439,0,45,140,233,1217
29440,0,0,0,0,3
29445,0,97,484,967,15715
29451,0,0,321,806,2746
29455,0,7,52,120,848
29456,0,54,225,381,7635
29464,0,168,978,2138,13094
29466,0,44,781,1694,10162
29472,0,0,0,0,16
29482,0,8,105,253,904
29483,0,248,480,1110,16066
29485,0,31,169,783,14922
29486,0,0,42,159,2491
29492,0,14,205,548,4500
29501,0,0,233,577,1730
29505,0,0,0,100,584
29506,0,0,109,221,538
29526,0,0,129,485,6874
29527,0,0,51,108,2196
29532,0,0,41,144,451
29540,0,0,0,1,1
29541,0,0,1,7,32
29566,0,0,36,175,1346
29568,0,0,8,97,731
29572,0,0,76,324,2701
29575,0,81,189,378,6043
29576,0,0,63,594,8635
29577,0,21,206,576,7050
29579,0,0,72,469,7993
29582,0,0,104,429,1995
29585,0,0,48,359,3709
29588,0,0,71,527,9602
29601,0,0,3,119,375
29605,0,0,0,705,1229
29607,0,0,33,379,1073
29609,0,0,0,497,1012
29611,0,0,38,420,869
29615,0,0,96,338,916
29617,0,0,71,267,526
29621,0,0,63,444,908
29624,0,0,93,293,517
29625,0,0,51,233,437
29626,0,0,53,146,294
29627,0,0,0,9,16
29630,0,0,6,38,96
29631,0,0,16,148,294
29640,0,0,0,281,757
29642,0,0,128,427,864
29644,0,0,20,70,158
29650,0,0,43,542,1116
29651,0,0,0,269,1061
29657,0,0,0,55,132
29662,0,0,0,55,203
29665,0,0,1,7,10
29670,0,0,0,26,64
29671,0,0,9,60,126
29672,0,0,14,51,146
29673,0,0,41,247,602
29678,0,0,29,97,194
29680,0,0,0,133,460
29681,0,0,51,548,1474
29684,0,0,1,9,26
29687,0,0,56,271,576
29690,0,0,0,112,250
29691,0,0,0,0,0
29693,0,0,0,0,1
29696,0,0,0,0,0
29697,0,0,0,0,0
29707,0,0,40,486,1093
29708,0,0,9,479,1136
29710,0,0,12,96,242
29715,0,0,0,386,1083
29720,0,0,26,185,402
29730,0,0,0,330,694
29732,0,0,93,464,731
29745,0,0,3,16,36
29801,0,96,574,991,8287
29803,0,0,270,1079,12990
29805,0,0,1,1,22
29809,0,0,9,46,652
29816,0,0,1,2,13
29821,0,0,1,4,50
29828,0,9,36,53,431
29829,0,23,93,190,3777
29831,0,0,2,3,66
29834,0,2,6,9,139
29841,0,0,237,792,11377
29842,0,0,24,78,2952
29851,0,4,93,197,3656
29860,0,4,105,222,3762
29902,0,3,88,199,2672
29906,0,0,92,209,3104
29907,0,7,41,95,716
29909,0,0,0,0,1
29910,0,8,29,74,626
29915,0,0,9,24,176
29920,0,0,0,1,14
29926,0,16,182,627,5081
29927,0,0,0,0,1
29928,0,31,132,648,4346
29935,0,1,11,19,498
57005,0,0,0,0,0
57049,0,0,0,0,0
57055,0,0,0,0,0
57064,0,0,0,0,0
57103,0,0,0,0,0
57104,0,0,0,0,0
57105,0,0,0,0,0
57106,0,0,0,0,0
57107,0,0,0,0,0
57108,0,0,0,0,0
57110,0,0,0,0,0
57701,0,0,0,0,0
57702,0,0,0,0,0
57703,0,0,0,0,0
57719,0,0,0,0,0
57730,0,0,0,0,0
57744,0,0,0,0,0
57745,0,0,0,0,0
57751,0,0,0,0,0
37010,0,0,0,0,0
37013,0,0,0,0,0
37014,0,0,0,0,0
37027,0,0,0,0,0
37040,0,0,0,0,0
37042,0,0,0,0,0
37043,0,0,0,0,0
37064,0,0,0,0,0
37066,0,0,0,0,0
37067,0,0,0,0,0
37069,0,0,0,0,0
37072,0,0,0,0,0
37075,0,0,0,0,0
37076,0,0,0,0,0
37080,0,0,0,0,0
37086,0,0,0,0,0
37115,0,0,0,0,0
37122,0,0,0,0,0
37127,0,0,0,0,0
37128,0,0,0,0,0
37129,0,0,0,0,0
37130,0,0,0,0,0
37135,0,0,0,0,0
37138,0,0,0,0,0
37153,0,0,0,0,0
37167,0,0,0,0,0
37189,0,0,0,0,0
37191,0,0,0,0,0
37201,0,0,0,0,0
37203,0,0,0,0,0
37204,0,0,0,0,0
37205,0,0,0,0,0
37206,0,0,0,0,0
37207,0,0,0,0,0
37208,0,0,0,0,0
37209,0,0,0,0,0
37210,0,0,0,0,0
37211,0,0,0,0,0
37212,0,0,0,0,0
37214,0,0,0,0,0
37215,0,0,0,0,0
37216,0,0,0,0,0
37217,0,0,0,0,0
37218,0,0,0,0,0
37219,0,0,0,0,0
37220,0,0,0,0,0
37221,0,0,0,0,0
37228,0,0,0,0,0
37310,0,0,0,0,0
37311,0,0,0,0,0
37312,0,0,0,0,0
37323,0,0,0,0,0
37336,0,0,0,0,0
37341,0,0,0,0,0
37343,0,0,0,0,0
37350,0,0,0,0,0
37351,0,0,0,0,0
37353,0,0,0,0,0
37354,0,0,0,0,0
37355,0,0,0,0,0
37360,0,0,0,0,0
37363,0,0,0,0,0
37377,0,0,0,0,0
37379,0,0,0,0,0
37385,0,0,0,0,0
37388,0,0,0,0,0
37402,0,0,0,0,0
37403,0,0,0,0,0
37404,0,0,0,0,0
37405,0,0,0,0,0
37406,0,0,0,0,0
37407,0,0,0,0,0
37408,0,0,0,0,0
37409,0,0,0,0,0
37410,0,0,0,0,0
37411,0,0,0,0,0
37412,0,0,0,0,0
37415,0,0,0,0,0
37416,0,0,0,0,0
37419,0,0,0,0,0
37421,0,0,0,0,0
37601,0,0,0,0,0
37604,0,0,0,0,0
37615,0,0,0,0,0
37617,0,0,0,0,0
37618,0,0,0,0,0
37642,0,0,0,0,0
37643,0,0,0,0,0
37645,0,0,0,0,0
37658,0,0,0,0,0
37659,0,0,0,0,0
37660,0,0,0,0,0
37663,0,0,0,0,0
37664,0,0,0,0,0
37665,0,0,0,0,0
37686,0,0,0,0,0
37692,0,0,0,0,0
37694,0,0,0,0,0
37701,0,0,0,0,0
37708,0,0,0,0,0
37710,0,0,0,0,0
37714,0,0,0,0,0
37716,0,0,0,0,0
37721,0,0,0,0,0
37737,0,0,0,0,0
37738,0,0,0,0,0
37742,0,0,0,0,0
37754,0,0,0,0,0
37769,0,0,0,0,0
37771,0,0,0,0,0
37772,0,0,0,0,0
37774,0,0,0,0,0
37777,0,0,0,0,0
37801,0,0,0,0,0
37803,0,0,0,0,0
37804,0,0,0,0,0
37806,0,0,0,0,0
37813,0,0,0,0,0
37814,0,0,0,0,0
37821,0,0,0,0,0
37830,0,0,0,0,0
37840,0,0,0,0,0
37846,0,0,0,0,0
37849,0,0,0,0,0
37853,0,0,0,0,0
37860,0,0,0,0,0
37861,0,0,0,0,0
37862,0,0,0,0,0
37863,0,0,0,0,0
37865,0,0,0,0,0
37871,0,0,0,0,0
37876,0,0,0,0,0
37877,0,0,0,0,0
37885,0,0,0,0,0
37886,0,0,0,0,0
37890,0,0,0,0,0
37902,0,0,0,0,0
37909,0,0,0,0,0
37912,0,0,0,0,0
37914,0,0,0,0,0
37915,0,0,0,0,0
37916,0,0,0,0,0
37917,0,0,0,0,0
37918,0,0,0,0,0
37919,0,0,0,0,0
37920,0,0,0,0,0
37921,0,0,0,0,0
37922,0,0,0,0,0
37923,0,0,0,0,0
37924,0,0,0,0,0
37931,0,0,0,0,0
37932,0,0,0,0,0
37934,0,0,0,0,0
37938,0,0,0,0,0
38002,0,0,0,0,0
38016,0,0,0,0,0
38017,0,0,0,0,0
38018,0,0,0,0,0
38028,0,0,0,0,0
38053,0,0,0,0,0
38103,0,0,0,0,0
38104,0,0,0,0,0
38105,0,0,0,0,0
38106,0,0,0,0,0
38107,0,0,0,0,0
38108,0,0,0,0,0
38109,0,0,0,0,0
38111,0,0,0,0,0
38112,0,0,0,0,0
38114,0,0,0,0,0
38115,0,0,0,0,0
38116,0,0,0,0,0
38117,0,0,0,0,0
38118,0,0,0,0,0
38119,0,0,0,0,0
38120,0,0,0,0,0
38122,0,0,0,0,0
38125,0,0,0,0,0
38126,0,0,0,0,0
38127,0,0,0,0,0
38128,0,0,0,0,0
38133,0,0,0,0,0
38134,0,0,0,0,0
38135,0,0,0,0,0
38138,0,0,0,0,0
38139,0,0,0,0,0
38141,0,0,0,0,0
38301,0,0,0,0,0
38305,0,0,0,0,0
38343,0,0,0,0,0
38355,0,0,0,0,0
38356,0,0,0,0,0
38362,0,0,0,0,0
38401,0,0,0,0,0
38501,0,0,0,0,0
38506,0,0,0,0,0
75001,0,0,77,677,2151
75002,0,106,1040,7854,20443
75006,0,11,406,3206,10442
75007,0,0,825,5320,13740
75010,0,0,297,2335,5900
75013,0,57,1146,4884,10753
75019,0,63,902,4047,9887
75020,0,16,211,2196,7698
75021,0,0,29,395,1457
75022,0,0,759,3116,6179
75023,0,159,696,5146,14060
75024,0,9,589,3436,8374
75025,0,0,1120,5819,13937
75028,0,0,1091,5374,12483
75032,0,0,1,5,13
75033,0,0,4,16,35
75034,0,250,2386,11069,26550
75035,0,18,1590,8044,17400
75038,0,0,136,939,3323
75039,0,0,99,707,1953
75040,0,0,481,5257,17536
75041,0,0,176,2056,7556
75042,0,0,247,2497,8761
75043,0,0,395,4891,16269
75044,0,12,354,3836,11961
75048,0,32,643,2885,7651
75050,0,32,162,2350,8048
75051,0,0,177,2306,7941
75052,0,0,550,8039,23590
75054,0,0,303,1507,3244
75056,0,122,960,6204,14573
75057,0,3,68,896,2484
75060,0,47,283,2620,9216
75061,0,0,156,2269,8122
75062,0,0,161,2534,8856
75063,0,15,465,2419,6958
75065,0,11,182,1411,3516
75067,0,83,415,4163,11671
75068,0,23,445,2952,7270
75069,0,31,186,1032,2682
75070,0,138,1203,7197,18929
75074,0,66,582,4659,12825
75075,0,11,510,3942,10534
75076,0,0,17,218,739
75077,0,0,643,4372,10477
75080,0,162,765,3802,10362
75081,0,100,480,3211,9744
75082,0,0,513,2473,6186
75087,0,0,20,110,320
75088,0,0,260,3017,9069
75089,0,0,406,3481,10142
75090,20,125,328,1929,6409
75092,0,40,181,1799,6613
75093,0,14,1217,5464,12780
75094,7,7,470,2633,6614
75098,0,0,858,6248,16853
75104,0,62,851,4906,15013
75115,0,0,370,3800,12105
75116,0,25,153,1415,5040
75125,0,0,0,4,15
75134,0,0,110,1683,6049
75137,0,0,187,1866,6146
75141,0,0,39,354,1164
75146,0,47,209,1536,5130
75149,0,50,417,4501,16502
75150,0,103,398,3905,14542
75159,0,5,20,184,658
75172,0,4,19,250,867
75180,0,0,43,1513,6045
75181,0,32,140,1705,6295
75182,0,0,190,921,2148
75201,0,0,25,196,535
75202,0,0,6,39,115
75203,0,20,94,766,2492
75204,0,20,147,809,2149
75205,0,14,609,2048,4285
75206,0,38,297,1558,4621
75207,0,12,56,376,1065
75208,0,0,267,1847,5635
75209,0,0,251,1198,3010
75210,0,15,59,370,1259
75211,0,0,410,2952,11205
75212,0,21,303,1778,5068
75214,0,0,756,2941,7225
75215,0,26,232,1119,3172
75216,0,207,840,3871,11869
75217,0,0,643,5537,17682
75218,0,21,406,2584,6688
75219,0,0,101,654,1791
75220,0,54,245,1656,5317
75223,0,24,137,791,2379
75224,0,105,266,1814,6072
75225,0,50,672,2197,4508
75226,0,0,20,212,709
75227,0,161,522,3565,12224
75228,0,214,542,4121,14033
75229,0,0,739,3349,8668
75230,0,0,575,2400,5943
75231,0,27,94,957,3302
75232,0,74,360,2441,8027
75233,0,0,44,802,3077
75234,0,0,164,2144,6692
75235,0,19,141,755,2383
75236,0,31,138,844,2992
75237,0,23,137,734,2490
75238,0,0,437,2223,6447
75240,0,32,152,791,2551
75241,0,128,585,2918,8964
75243,0,16,351,2514,8023
75244,0,0,223,1206,3304
75246,0,8,24,92,277
75247,0,30,86,397,997
75248,0,0,706,3152,8449
75249,0,0,61,1254,4637
75251,0,1,2,47,151
75252,0,0,379,1976,5526
75253,0,41,218,1264,5084
75254,0,5,73,706,2389
75287,0,106,492,2595,7362
75459,0,0,14,217,707
75501,0,0,578,1019,10179
75503,0,0,154,661,7128
75569,0,1,2,8,1090
75601,0,0,128,349,5051
75602,0,0,197,462,5988
75603,0,0,34,101,1169
75604,0,0,162,401,9413
75605,0,0,194,724,8156
75640,0,0,4,16,338
75644,0,0,34,100,1847
75645,0,1,19,42,479
75647,0,2,54,142,1949
75650,0,6,39,106,1563
75652,0,0,2,5,53
75662,0,0,68,267,5576
75684,0,0,0,0,5
75693,0,0,85,269,2320
75701,0,0,517,2298,10656
75702,0,56,296,1360,9149
75703,0,110,460,2093,10619
75704,0,0,47,249,1840
75705,0,0,13,23,201
75706,0,0,28,86,1500
75707,0,0,66,559,3416
75708,0,14,22,46,1998
75709,0,3,26,250,1515
75751,0,94,269,1014,4598
75752,0,3,11,63,313
75755,0,0,0,0,1
75757,0,0,2,7,36
75758,0,0,21,152,905
75762,0,0,71,452,2228
75771,0,0,26,145,1963
75789,0,0,0,0,6
75791,0,0,95,463,2592
75792,0,1,6,12,130
75901,0,0,232,559,6132
75904,0,0,79,508,6500
75941,0,0,30,95,992
75949,0,0,15,39,514
75961,0,0,115,242,2466
75964,0,20,112,318,2501
75965,0,0,70,174,2177
75969,0,0,0,2,50
76001,0,0,321,3105,7628
76002,10,40,363,3773,9845
76005,0,0,22,78,154
76006,0,0,70,1103,3119
76008,0,0,1,4,9
76010,0,16,321,2918,7872
76011,0,0,94,1236,3453
76012,0,44,311,2574,6171
76013,0,0,353,2392,6166
76014,0,0,128,2635,7020
76015,0,13,103,1237,3254
76016,0,0,333,3724,9595
76017,0,0,508,4195,10307
76018,0,0,148,2766,7684
76021,0,0,282,3422,8139
76022,6,27,57,1067,2959
76034,0,0,967,3542,6571
76036,0,0,20,216,547
76039,0,21,228,2550,6800
76040,0,30,162,2202,5899
76051,0,64,626,4283,10199
76052,0,0,393,3045,7307
76053,0,48,220,2651,6771
76054,0,12,185,1604,3933
76060,0,24,159,1214,2845
76063,0,0,1001,7281,16581
76071,0,1,9,67,156
76078,0,0,0,5,13
76092,0,16,1533,4394,7198
76102,0,20,95,561,1254
76103,0,0,117,1548,4127
76104,0,91,328,2396,5954
76105,0,0,212,2313,6135
76106,0,153,374,3530,9439
76107,0,0,748,4049,9585
76108,0,39,357,3745,9450
76109,0,137,692,2851,6179
76110,0,130,539,4000,9747
76111,0,0,57,2213,6237
76112,0,0,376,3970,10002
76114,0,49,292,2576,6838
76115,0,157,330,2020,5150
76116,0,11,600,4402,11078
76117,0,96,253,3053,8628
76118,0,21,236,1960,5008
76119,0,103,344,4156,11320
76120,0,0,125,1463,3823
76123,0,41,416,3908,9988
76126,0,7,327,2858,6438
76127,0,0,0,102,294
76131,0,35,334,4407,11322
76132,0,38,259,2029,5266
76133,0,94,547,5988,15338
76134,0,78,226,2818,7697
76135,0,0,175,1986,4771
76137,0,79,477,5957,15631
76140,0,8,163,2914,7695
76148,0,0,205,3407,8736
76155,0,0,3,125,382
76164,30,103,153,1783,4886
76177,7,27,147,1347,3283
76179,0,0,534,7398,18687
76180,0,9,245,3490,8885
76182,0,11,584,4523,10215
76205,0,0,27,256,692
76208,0,19,220,1300,3109
76210,0,48,561,4474,11536
76226,0,0,609,2702,5604
76240,0,0,148,2114,5838
76244,0,0,1196,9300,21456
76248,13,67,1467,6338,12528
76262,0,67,1029,4998,10555
76301,0,7,287,3988,7203
76302,0,37,217,2454,4543
76305,0,16,52,1178,2225
76306,0,0,164,3454,6470
76308,0,14,329,3821,7027
76309,0,45,179,3019,5518
76310,0,0,210,3421,6082
76311,0,0,0,377,709
76354,0,0,0,4,8
76367,0,3,13,173,322
76401,0,9,35,282,555
76501,0,12,104,1482,4117
76502,0,0,338,4449,12356
76504,0,89,300,2473,6712
76513,0,54,683,3884,10512
76522,0,32,147,2334,6348
76539,0,0,34,780,2133
76541,0,128,339,2306,6280
76542,0,0,438,4943,13556
76543,0,97,311,3173,9615
76544,0,0,63,1175,3453
76548,0,44,266,3001,8702
76549,0,0,393,5169,14386
76559,0,21,74,609,1685
76574,0,0,0,2,9
76579,0,5,41,350,914
76630,0,0,2,37,122
76633,0,0,12,104,319
76640,0,9,70,294,1021
76643,0,21,140,1434,5294
76655,0,12,92,636,1992
76657,0,34,135,923,2743
76691,0,0,52,372,1222
76701,0,27,120,324,828
76704,0,111,313,992,2610
76705,0,94,416,2853,9286
76706,0,55,888,3782,10513
76707,0,103,310,1723,5349
76708,0,18,298,2612,8921
76710,0,0,235,2167,7987
76711,0,16,55,844,3220
76712,0,38,434,3035,9135
76901,0,67,355,6898,9460
76903,0,184,526,9475,13002
76904,0,0,395,7781,10773
76905,0,3,110,2326,3219
77002,0,18,48,156,777
77003,0,0,211,628,3303
77004,0,119,705,1728,7553
77005,0,0,782,2578,6835
77006,0,0,328,1030,4845
77007,0,0,829,2776,10207
77008,0,39,907,3455,12061
77009,0,64,836,2405,12280
77010,0,0,2,8,21
77011,0,21,227,628,5165
77012,0,14,131,375,4469
77013,0,0,83,319,3703
77014,0,26,213,832,6320
77015,0,15,206,1018,14558
77016,0,130,370,1084,9095
77017,0,0,132,714,7664
77018,0,9,562,1955,8714
77019,0,0,400,1248,4800
77020,0,16,329,1074,7822
77021,0,0,558,1348,7983
77022,0,8,349,912,7801
77023,0,205,432,931,7144
77024,0,0,695,2198,7566
77025,0,53,443,1303,6297
77026,0,0,450,1288,8673
77027,0,3,213,488,2806
77028,0,53,330,765,5720
77029,0,0,190,564,6222
77030,0,0,134,445,2069
77031,0,7,95,294,3426
77032,0,59,157,434,3416
77033,0,108,556,1147,8766
77034,0,8,260,804,8244
77035,0,0,463,1214,7747
77036,0,0,268,830,8003
77037,0,0,70,431,5779
77038,0,0,133,539,6254
77039,0,0,165,636,7370
77040,0,11,275,1453,11165
77041,0,0,562,2025,11998
77042,0,93,280,724,5323
77043,0,0,254,839,6281
77044,0,164,544,1590,9932
77045,0,0,445,1295,9464
77046,0,1,4,12,65
77047,0,69,284,1117,9577
77048,0,6,315,771,5425
77049,0,0,96,691,9485
77050,0,1,29,134,1248
77051,0,0,219,593,4862
77053,0,46,220,723,9018
77054,0,19,118,274,2023
77055,0,18,526,1560,8324
77056,0,0,200,682,3321
77057,0,0,233,794,5378
77058,0,31,154,436,3759
77059,0,0,367,1325,5289
77060,0,86,245,569,6023
77061,0,15,132,473,4804
77062,0,17,322,1207,7977
77063,0,26,192,619,5039
77064,0,25,282,1545,11928
77065,0,0,281,934,8095
77066,0,0,232,998,8442
77067,0,0,227,755,6128
77068,0,0,63,261,2541
77069,0,0,110,599,3759
77070,0,0,316,1161,9988
77071,0,0,169,737,6589
77072,0,0,351,1216,11478
77073,0,11,262,993,10735
77074,0,13,179,555,6506
77075,0,48,266,941,9344
77076,0,8,324,833,7565
77077,0,0,421,1745,11639
77078,0,0,208,523,3662
77079,0,0,438,1279,6416
77080,0,0,298,973,7817
77081,0,0,47,252,3064
77082,0,0,535,1380,10420
77083,0,151,585,2112,18483
77084,0,161,753,2446,26365
77085,0,0,121,483,4731
77086,0,106,397,866,6905
77087,0,0,406,1093,9473
77088,0,155,661,1589,13837
77089,0,0,270,1690,13931
77090,0,0,155,482,5065
77091,0,49,325,914,5944
77092,0,0,330,890,7506
77093,0,0,575,1612,13668
77094,0,3,284,846,2867
77095,0,59,552,2462,19205
77096,0,25,520,1410,7980
77098,0,0,176,532,2972
77099,0,0,338,943,8743
77301,0,34,224,551,8416
77302,0,0,340,822,5895
77303,0,0,63,223,3836
77304,0,43,208,623,6946
77306,0,0,34,83,2839
77316,0,0,248,668,3929
77318,0,0,99,417,4332
77327,0,0,146,410,3740
77328,0,0,43,268,4203
77336,0,0,275,665,4114
77338,0,0,240,676,10727
77339,0,0,159,702,8118
77345,0,0,442,1673,6658
77346,0,34,632,2682,16533
77354,0,23,446,1738,11111
77355,0,11,189,773,5438
77356,0,0,351,1435,7362
77357,0,0,99,415,6439
77358,0,0,4,11,120
77362,0,0,58,211,1583
77363,0,0,1,2,17
77365,0,0,472,1047,8791
77372,0,9,58,279,4355
77373,0,0,221,1125,18068
77375,0,0,661,1737,14676
77377,0,0,342,1605,10164
77378,0,5,85,243,2658
77379,0,0,807,4035,19803
77380,0,10,187,490,4881
77381,0,0,460,1857,7853
77382,0,0,849,2611,9459
77384,0,0,149,623,5093
77385,0,0,129,667,7864
77386,0,0,783,2541,15057
77388,0,129,729,2143,13785
77389,0,0,605,2071,9475
77396,0,72,362,1254,11848
77401,0,0,626,2029,5566
77406,0,0,500,1722,8448
77407,0,174,572,1728,12061
77429,0,48,1027,4370,22712
77433,0,43,1297,4020,20099
77441,0,11,181,659,2592
77447,0,0,51,189,1354
77449,0,0,601,2911,31099
77450,0,41,411,2896,19756
77459,0,0,853,3887,18838
77469,0,0,277,1128,9599
77471,0,47,221,641,5747
77477,0,0,275,895,8742
77478,0,0,517,1679,8611
77479,0,0,1934,6556,24771
77489,0,0,109,1064,11967
77493,0,0,280,910,8450
77494,0,0,1992,6356,29219
77498,0,0,511,2299,14530
77502,0,0,174,901,9581
77503,0,0,175,657,6824
77504,0,27,109,462,5374
77505,0,0,161,855,6822
77506,0,25,190,686,8197
77507,0,0,41,98,715
77510,0,0,229,1417,6381
77511,0,0,436,3115,15884
77515,0,46,385,1786,8940
77517,0,15,98,628,3006
77518,0,42,99,426,2163
77520,0,0,483,1078,12177
77521,0,132,545,1255,16154
77523,0,0,29,102,559
77530,0,21,301,1027,10187
77531,0,14,140,790,4564
77532,0,38,204,543,6200
77534,0,0,28,155,567
77536,34,91,408,1282,11024
77539,0,43,536,3043,14129
77541,0,0,181,1189,6583
77545,0,0,196,950,7343
77546,17,121,948,4240,16341
77547,0,8,48,204,2805
77550,0,264,753,2571,9474
77551,0,98,319,1482,6326
77554,0,15,469,1990,7226
77562,0,0,155,517,4322
77563,0,42,209,1108,4515
77564,0,0,0,1,11
77565,0,0,154,715,2835
77566,0,0,222,1905,9027
77568,0,87,266,1423,6082
77571,0,0,316,1678,13969
77573,0,0,1274,7021,24780
77578,0,13,290,1503,6231
77581,0,0,762,3423,15589
77583,0,18,175,1027,4460
77584,0,0,1093,5847,24482
77586,0,0,215,1223,6844
77587,0,0,163,458,4591
77590,0,0,201,2240,10942
77591,0,51,280,1000,4560
77598,0,0,89,396,3956
77611,0,0,124,356,3726
77619,0,13,165,403,6498
77625,0,4,44,123,1005
77627,0,0,175,709,9026
77630,0,29,374,934,9546
77632,0,0,42,177,1750
77640,0,65,409,939,9049
77642,0,0,739,1589,11908
77651,0,0,141,683,5433
77656,0,30,155,345,5814
77657,0,0,129,538,6986
77662,0,0,205,594,7196
77701,0,31,271,610,6004
77702,0,0,22,101,1293
77703,0,0,295,632,4490
77705,0,0,269,643,8505
77706,0,101,329,988,8827
77707,0,66,269,499,6390
77708,0,12,93,222,3960
77713,0,4,113,357,3664
77801,0,58,289,574,3267
77802,0,82,344,959,8029
77803,0,47,224,776,9216
77807,0,35,215,492,3029
77808,0,6,120,393,3030
77840,0,0,603,1519,7707
77845,0,0,1165,3173,19178
77901,0,0,445,1705,14631
77904,0,0,293,1234,8659
77905,0,7,28,91,571
77968,0,0,0,2,11
78006,0,0,2,9,33
78015,0,0,88,396,1208
78023,0,0,361,1999,7708
78026,0,0,30,340,1544
78040,0,299,727,4982,10487
78041,0,136,623,4895,11058
78043,0,161,331,4069,9339
78045,0,140,504,5998,13775
78046,0,167,381,5090,11750
78064,0,29,168,941,4015
78070,0,4,42,185,659
78073,0,0,17,110,549
78101,0,0,0,2,9
78108,0,0,203,2473,12353
78109,0,28,294,2467,13822
78112,0,0,1,3,20
78123,0,23,60,249,1277
78124,0,0,3,17,78
78130,0,0,667,4302,22474
78132,0,0,182,720,2539
78133,0,44,353,2023,8532
78148,0,20,215,1171,6391
78152,0,0,4,17,72
78154,0,53,502,2745,12894
78155,0,54,369,2007,10640
78201,0,162,562,2558,12230
78202,0,37,261,986,4026
78203,0,61,169,505,2089
78204,0,35,200,863,3764
78205,0,0,17,131,604
78207,0,142,841,2975,12610
78208,0,22,111,358,1309
78209,0,0,683,3111,11701
78210,0,0,509,2464,11607
78211,0,160,347,1612,8753
78212,0,140,625,2277,8985
78213,0,0,315,1859,10652
78214,0,21,277,1299,6983
78215,0,4,42,194,698
78216,0,73,333,2049,10214
78217,0,9,240,1534,9131
78218,0,30,415,2106,9572
78219,0,0,98,864,5368
78220,0,0,349,1241,5892
78221,0,80,221,1728,9918
78222,0,0,223,1504,7073
78223,0,0,894,3150,14798
78224,0,25,97,784,5046
78225,0,0,115,719,3882
78226,0,24,41,407,1948
78227,0,26,349,2131,12763
78228,0,156,764,3438,17052
78229,0,0,173,714,3751
78230,0,0,354,2320,10782
78231,0,9,123,610,3076
78232,0,34,302,2363,10921
78233,0,77,368,2805,15100
78234,0,0,40,195,1147
78235,0,5,12,43,209
78236,0,3,29,165,871
78237,0,0,337,1883,10351
78238,0,65,222,1305,7083
78239,0,0,379,1988,10275
78240,0,0,377,2276,12311
78242,0,24,310,1470,8025
78244,0,20,173,1687,10022
78245,0,62,453,3748,20263
78247,0,0,456,3599,17240
78248,0,5,256,1229,4443
78249,0,133,653,3441,14444
78250,0,0,520,3194,17659
78251,0,0,218,2807,14428
78252,0,0,41,473,2694
78253,0,0,417,2304,11902
78254,0,0,412,3448,16067
78255,0,3,218,1042,3015
78256,0,13,161,517,2011
78257,0,0,145,546,2377
78258,0,0,827,3478,12507
78259,0,17,290,1850,8029
78260,0,0,503,2429,9053
78261,0,6,320,1698,6151
78263,0,0,8,45,181
78264,0,0,0,1,3
78266,0,16,235,752,2471
78336,0,144,294,1460,4862
78358,0,1,5,23,93
78359,0,3,14,182,729
78362,0,0,35,388,1455
78370,0,9,50,283,935
78373,0,0,108,1127,3412
78374,0,59,274,1663,5215
78380,0,0,268,1998,5656
78382,0,114,405,2745,10189
78387,0,0,221,929,2853
78390,0,41,129,653,2121
78401,0,33,84,502,1390
78402,0,0,3,40,146
78404,0,17,269,1874,5588
78405,0,0,151,1625,5333
78406,0,0,0,54,218
78407,0,16,37,428,1348
78408,0,0,83,1266,4317
78409,0,8,40,392,1273
78410,0,0,339,2897,8553
78411,0,90,434,3086,8806
78412,0,121,285,1777,5365
78413,0,1,8,104,306
78415,0,96,671,3990,11742
78416,0,74,207,1604,4842
78417,0,0,28,431,1456
78501,0,0,841,5597,17943
78503,0,0,262,1852,6069
78504,0,0,527,4483,16153
78516,0,27,426,2683,8883
78520,0,40,583,2012,12975
78521,0,0,721,2947,20261
78526,0,0,332,1380,10170
78539,0,0,541,3194,10355
78541,0,22,223,1477,5331
78542,0,0,230,2464,9055
78572,0,293,1010,4463,15850
78573,0,74,420,2615,10281
78574,0,20,255,1789,6565
78577,0,249,951,4599,15216
78589,0,105,273,2661,10445
78596,0,0,0,3,11
78602,0,8,84,378,1890
78610,0,0,245,1272,4940
78613,0,23,1145,7293,22486
78617,0,3,21,178,744
78623,0,1,10,37,155
78626,0,0,2,15,53
78628,0,0,40,245,730
78634,0,0,84,1201,4567
78641,0,13,748,4285,12170
78652,0,21,128,540,1701
78653,0,0,5,43,165
78655,0,0,0,1,9
78660,0,26,813,7056,25654
78664,0,130,682,4287,15833
78665,0,0,660,3605,12274
78666,0,156,672,2782,11656
78681,0,0,1038,5489,16065
78701,0,4,106,413,1049
78702,0,29,398,1835,5518
78703,0,0,395,1933,5051
78704,0,29,515,2858,9137
78705,0,59,349,853,2134
78717,0,29,538,2438,7020
78719,0,0,10,172,728
78721,0,43,179,888,2939
78722,0,10,107,514,1635
78723,0,0,317,2131,6984
78724,0,10,45,326,1223
78725,0,1,10,102,405
78726,0,12,219,918,2786
78727,0,0,328,2058,7247
78728,0,0,189,1176,4885
78729,0,0,183,2072,7130
78730,0,8,238,937,2528
78731,0,15,540,2218,6973
78732,0,0,1,4,9
78733,0,0,353,1338,2967
78735,0,0,344,1511,4468
78736,0,0,114,627,1925
78737,0,0,105,359,898
78738,0,0,13,47,113
78739,0,6,745,2324,5075
78741,0,66,307,1438,5344
78742,0,2,6,55,261
78744,0,78,303,2295,9629
78745,0,16,588,4194,15583
78746,0,0,1103,3671,8482
78747,0,0,156,1502,5678
78748,0,0,628,4031,14212
78749,0,0,772,3269,10183
78750,0,0,557,2639,7691
78751,0,0,143,769,2666
78752,0,47,154,810,3062
78753,0,0,373,2055,9416
78754,0,0,131,1429,5394
78756,0,0,140,702,2092
78757,7,28,352,2057,6640
78758,0,229,573,2462,8576
78759,0,104,705,3079,9880
79015,0,0,414,5210,6222
79101,0,8,45,1175,1365
79102,0,90,217,2859,3390
79103,0,116,216,3295,3796
79104,0,19,77,2285,2720
79106,0,153,573,8583,10066
79107,0,174,479,9272,10743
79108,0,5,154,4107,4933
79109,0,137,640,12887,15035
79110,0,65,186,6902,8028
79111,0,4,11,288,336
79118,9,96,358,7288,8617
79119,15,35,392,4125,4894
79121,0,7,107,2060,2452
79124,0,37,269,2523,3009
79363,0,1,32,426,499
79364,0,0,0,10,12
79382,0,0,2,35,40
79401,0,123,274,1502,1771
79403,0,86,255,3842,4475
79404,0,69,297,3817,4475
79407,0,106,322,4487,5206
79410,0,55,236,3345,3617
79411,0,76,152,2139,2494
79412,0,76,138,4167,4744
79413,0,96,496,6756,7877
79414,0,125,235,4473,5183
79415,0,129,295,4051,4680
79416,0,40,547,8278,9780
79423,0,121,796,11338,13228
79424,0,221,1104,14096,16694
79504,0,0,36,634,947
79508,0,0,6,415,561
79510,0,2,61,1396,2160
79525,0,0,1,11,17
79536,0,1,46,943,1254
79562,0,1,21,353,477
79563,0,0,9,426,567
79601,0,117,489,5810,7620
79602,0,40,474,7394,9905
79603,0,101,341,6831,9089
79605,0,45,337,8204,11088
79606,0,84,309,6155,8227
79607,0,1,13,493,625
79701,0,236,884,10640,11536
79703,0,0,346,6838,7409
79705,0,64,1143,11067,12505
79706,0,10,730,9127,10021
79707,0,240,1300,9970,11008
79758,0,0,14,127,143
79761,0,0,526,10714,11544
79762,0,195,766,12527,13697
79763,0,204,661,9260,10023
79764,0,209,735,7574,8167
79765,0,16,394,4654,5137
79766,4,13,95,1057,1172
79901,7,218,432,2113,2184
79902,0,397,922,5324,5520
79903,18,261,504,5822,5893
79904,0,299,747,9108,9286
79905,0,457,900,6685,6851
79906,0,38,68,1492,1507
79907,0,478,1043,14221,14337
79908,0,3,14,844,849
79911,0,5,18,194,197
79912,140,719,1978,19323,19742
79915,0,543,1097,10816,11016
79922,30,126,430,3144,3253
79924,54,521,1095,17687,17812
79925,12,404,843,11641,11772
79927,7,23,41,649,657
79928,0,7,25,396,402
79930,38,287,536,7397,7496
79932,52,315,636,5514,5640
79934,17,90,184,2356,2404
79935,31,164,364,5008,5080
79936,0,576,1982,31334,31717
79938,3,7,15,281,286
84003,0,257,10744,11180,11180
84004,0,122,1888,2039,2039
84006,0,0,35,36,36
84009,0,224,6656,7006,7006
84010,0,210,11291,11653,11653
84014,0,39,1785,1850,1850
84015,0,155,16915,17243,17243
84020,0,438,11376,12142,12142
84025,0,115,4837,5002,5002
84037,0,322,9288,9736,9746
84040,0,115,6529,6780,6780
84041,0,232,12576,12872,12872
84042,0,47,2523,2617,2617
84043,0,221,13280,13805,13805
84044,0,121,7505,7573,7581
84045,0,0,1,1,1
84047,0,144,7380,7554,7561
84054,0,108,4946,5115,5115
84056,0,1,1059,1065,1065
84057,0,161,8312,8439,8448
84058,0,100,6536,6656,6656
84062,0,174,7022,7239,7239
84065,0,211,10162,10541,10541
84067,0,117,11542,11682,11694
84070,0,138,7472,7649,7656
84075,0,108,6563,6780,6780
84081,0,164,10648,10921,10921
84084,0,159,9762,9921,9921
84087,0,149,3861,4030,4034
84088,0,143,9364,9565,9565
84092,0,363,8030,8617,8625
84093,0,133,6996,7381,7381
84094,0,134,8135,8352,8352
84095,0,201,9114,9553,9553
84096,0,270,9664,10005,10005
84097,0,135,5431,5611,5611
84101,0,15,1114,1148,1148
84102,0,76,2820,2910,2916
84103,0,110,4815,5016,5016
84104,0,69,6223,6280,6286
84105,0,222,6425,6742,6742
84106,0,280,9315,9643,9653
84107,0,150,8117,8308,8308
84108,0,254,5284,5657,5657
84109,0,298,6564,6946,6946
84111,0,22,1650,1691,1693
84112,0,9,102,107,108
84115,0,156,6964,7064,7078
84116,0,130,7518,7649,7656
84117,0,226,6323,6649,6649
84118,0,148,18353,18557,18557
84119,0,160,11323,11403,11437
84120,0,192,12521,12777,12777
84121,0,340,11237,11729,11729
84123,0,130,9112,9223,9242
84124,0,91,5368,5651,5657
84128,0,38,7495,7594,7594
84129,0,7,705,721,721
84315,0,12,780,796,796
84318,0,7,863,892,892
84321,0,219,9329,9510,9510
84326,0,2,115,120,120
84332,0,30,2268,2338,2338
84335,0,22,2199,2242,2242
84339,0,0,4,4,4
84340,0,10,446,459,459
84341,0,74,3986,4080,4092
84401,0,154,9417,9599,9619
84403,0,208,9641,9888,9888
84404,0,238,15571,15856,15872
84405,0,100,8916,9144,9144
84414,0,179,7621,7816,7816
84532,0,116,3343,3404,3404
84535,0,0,4,4,4
84536,0,6,44,47,47
84601,0,87,6583,6697,6697
84604,0,108,5283,5413,5418
84606,0,89,3989,4058,4066
84660,0,105,6443,6581,6581
84663,0,118,6117,6229,6229
84664,0,37,926,978,978
84720,0,0,1,1,1
84737,0,11,405,411,411
84738,0,95,2456,2507,2507
84757,0,0,8,8,8
84758,0,0,25,25,25
84763,0,0,6,6,6
84764,0,3,125,127,127
84765,0,71,2056,2092,2092
84767,0,2,69,70,70
84770,0,370,12217,12340,12340
84775,0,0,17,17,17
84776,0,3,199,201,201
84779,0,0,4,4,4
84780,0,130,3444,3507,3507
84790,0,518,12722,12981,12981
20120,0,0,0,0,16
20121,0,0,0,0,0
20124,0,0,0,0,0
20147,0,0,0,1,1
20148,0,0,0,0,0
20151,0,0,0,0,5
20152,0,0,0,0,3
20164,0,8,16,40,48
20166,0,0,0,0,6
20170,0,0,0,0,0
20171,0,9,9,9,9
20190,0,5,9,13,17
20191,0,0,0,0,0
20194,0,0,0,0,0
22003,0,0,0,0,0
22015,6,12,12,18,29
22027,0,0,0,0,0
22030,0,0,0,0,0
22031,0,0,0,0,0
22032,0,0,0,0,8
22033,0,0,0,0,0
22039,0,0,0,0,0
22042,0,0,0,0,0
22043,0,0,0,0,0
22046,0,0,0,0,0
22066,0,0,0,0,0
22101,0,0,0,0,0
22102,0,0,0,0,0
22124,0,0,0,0,0
22150,0,0,0,0,0
22151,0,0,0,0,0
22152,0,0,0,0,0
22153,0,0,0,1,3
22180,0,0,0,0,9
22181,0,0,0,0,0
22182,0,0,0,0,0
22201,0,0,0,0,0
22202,0,0,0,0,0
22209,0,0,0,0,0
22314,0,0,0,0,0
22601,0,0,23,46,100
22602,0,0,0,0,15
22603,0,0,0,0,9
22620,0,0,0,0,0
22624,0,0,0,0,0
22630,0,0,0,0,0
22655,0,0,0,0,0
22656,0,0,0,0,1
22663,0,0,0,0,0
22801,0,0,0,0,0
22802,0,0,0,5,43
22812,0,0,0,0,0
22821,0,0,0,0,0
22827,0,0,0,0,0
22831,0,0,0,0,0
22832,0,0,0,0,0
22841,0,0,0,2,3
22846,0,0,0,0,0
22901,0,0,0,18,24
22902,0,0,0,0,0
22903,0,0,0,0,5
22911,0,0,0,0,0
22936,0,0,0,0,0
22939,0,0,0,1,2
22940,0,0,0,0,0
22947,0,0,0,0,0
22952,0,0,0,0,0
22980,0,0,0,0,0
23005,0,0,0,0,16
23030,0,0,0,0,0
23059,0,0,0,0,0
23060,0,0,0,0,0
23069,0,0,0,0,0
23075,0,0,0,0,3
23103,0,0,1,3,4
23111,0,0,0,0,0
23112,0,8,33,33,33
23113,0,0,0,0,0
23114,0,0,0,0,0
23116,0,0,0,0,0
23120,0,0,0,0,0
23146,0,0,0,0,0
23150,0,0,0,3,8
23219,0,0,0,0,0
23220,0,0,0,0,22
23221,0,0,0,0,8
23222,0,0,0,0,0
23223,0,0,0,0,0
23224,0,0,0,47,141
23225,0,0,0,0,13
23226,0,0,0,0,0
23227,0,0,0,0,11
23228,0,0,0,50,91
23229,0,0,0,6,6
23230,0,0,0,5,19
23231,0,0,0,21,96
23233,0,0,0,0,0
23234,0,0,0,0,19
23235,0,0,0,0,5
23236,0,0,0,0,0
23237,0,0,0,6,19
23238,0,0,0,0,0
23294,0,0,0,7,13
23314,0,0,0,0,0
23320,0,0,0,105,195
23321,0,0,0,0,0
23322,0,0,0,0,46
23323,0,0,0,0,0
23324,0,0,0,0,0
23325,0,0,0,0,5
23432,0,0,0,0,0
23433,0,0,0,0,0
23434,0,0,0,0,27
23435,0,0,0,0,9
23436,0,0,0,0,0
23451,0,0,0,0,31
23452,0,0,0,42,125
23453,0,0,0,0,0
23454,0,0,0,0,0
23455,0,0,0,0,0
23456,0,17,35,52,86
23457,0,0,0,0,0
23462,0,0,0,0,33
23464,0,0,0,0,0
23502,0,0,0,6,18
23503,0,0,0,0,14
23504,0,0,0,0,0
23505,0,0,0,0,0
23507,0,0,0,8,29
23508,0,0,0,0,27
23509,0,0,0,7,22
23510,0,0,0,0,0
23511,0,0,0,0,0
23513,0,0,0,58,87
23517,0,0,0,2,5
23518,0,0,0,0,23
23523,0,0,0,0,37
23601,0,0,0,0,0
23602,0,0,0,0,0
23603,0,0,0,0,0
23604,0,0,0,0,0
23605,0,0,0,0,15
23606,0,0,0,0,0
23607,0,0,0,89,158
23608,0,0,0,0,0
23651,0,0,0,0,1
23661,0,0,0,0,10
23662,0,0,12,29,33
23663,0,0,0,0,0
23664,0,0,0,0,0
23665,0,0,0,0,0
23666,0,0,0,0,28
23669,0,0,0,0,0
23692,0,0,0,0,0
23693,0,0,0,0,0
23696,0,0,0,0,2
23701,0,0,0,0,0
23702,0,0,0,0,0
23703,0,0,13,54,67
23704,0,0,0,0,59
23707,0,0,0,0,50
23801,0,0,0,1,8
23803,0,0,0,0,68
23805,0,0,0,0,0
23831,0,0,0,0,46
23832,0,0,0,16,70
23834,0,0,0,0,9
23836,0,0,0,0,0
23838,0,0,0,0,0
23842,0,0,0,0,1
23860,0,0,0,0,0
23875,0,0,0,0,0
23885,0,0,0,0,0
24011,0,0,0,0,0
24012,0,0,0,0,40
24013,0,0,0,0,0
24014,0,0,0,0,0
24015,0,0,0,0,0
24016,0,0,0,0,26
24017,0,0,0,0,0
24018,0,0,0,0,0
24019,0,0,0,0,0
24060,0,0,0,0,0
24073,0,0,0,0,0
24077,0,0,0,0,0
24101,0,0,0,0,0
24149,0,0,0,0,0
24153,0,0,0,0,0
24175,0,0,0,0,0
24179,0,0,0,0,0
24251,0,0,0,0,0
24258,0,0,0,0,0
24290,0,0,0,0,0
24366,0,0,0,0,0
24401,0,0,0,0,0
24431,0,0,0,0,0
24437,0,0,0,0,0
24440,0,0,0,0,0
24441,0,0,0,0,0
24467,0,0,0,0,0
24471,0,0,0,0,0
24477,0,0,0,0,0
24482,2,2,2,2,3
24486,0,0,0,0,0
24501,0,0,0,0,117
24502,0,0,0,0,0
24503,0,0,0,0,0
24504,0,0,0,0,33
24527,0,0,0,0,0
24538,0,0,0,0,0
24540,0,0,0,0,7
24541,0,0,0,0,0
24550,0,0,0,0,1
24551,0,0,0,0,0
24572,0,0,0,0,8
24586,0,0,0,0,0
24588,0,0,0,1,5
24605,0,0,0,0,2
24613,0,0,0,0,0
24635,0,0,0,0,0
5401,31,502,5153,5226,5226
5403,21,477,4142,4222,4222
5404,0,124,1535,1551,1551
5408,0,204,2145,2173,2173
5446,3,59,877,887,887
5452,0,278,3441,3486,3486
5482,0,2,19,19,19
5495,0,206,1783,1821,1821
98001,0,0,0,0,0
98002,0,0,0,0,0
98003,0,0,0,0,10
98004,0,0,0,0,23
98005,0,0,0,0,0
98006,0,0,0,21,62
98007,0,0,0,0,0
98008,0,0,0,0,0
98010,0,0,0,0,0
98011,0,0,0,0,23
98012,0,0,0,0,0
98014,0,0,0,0,0
98019,0,0,0,0,0
98020,0,0,0,0,0
98021,0,0,0,0,18
98022,0,0,0,0,16
98023,0,0,0,0,13
98024,0,0,0,0,17
98026,0,0,0,0,0
98027,0,0,0,0,15
98028,0,0,0,11,34
98029,0,0,0,0,0
98030,0,0,0,7,37
98031,0,0,0,0,20
98032,0,0,0,0,23
98033,0,0,0,0,9
98034,0,0,0,0,0
98036,0,0,0,0,0
98037,0,0,0,0,0
98038,0,0,0,0,0
98039,0,0,0,0,0
98040,0,0,0,0,0
98042,0,0,0,0,0
98043,0,0,0,0,0
98045,0,0,0,0,0
98047,0,0,0,0,2
98051,0,0,0,0,0
98052,0,0,0,0,0
98053,0,0,0,0,0
98055,0,0,0,5,22
98056,0,0,0,0,0
98057,0,0,0,0,0
98058,0,0,0,0,0
98059,0,0,0,0,10
98065,0,0,0,0,0
98070,0,0,0,0,0
98072,0,0,0,0,0
98074,0,0,0,0,0
98075,0,0,0,0,0
98077,0,0,0,0,0
98087,0,0,0,0,0
98092,0,0,0,26,65
98101,0,0,0,0,0
98102,0,0,0,0,6
98103,0,0,0,0,0
98104,0,0,0,0,0
98105,0,0,0,0,0
98106,0,0,0,0,0
98107,0,0,0,0,0
98108,0,0,0,0,0
98109,0,0,0,0,6
98110,0,0,0,0,0
98112,0,0,0,0,16
98115,0,0,0,0,0
98116,0,0,0,0,0
98117,0,0,0,0,0
98118,0,0,0,0,0
98119,0,0,0,0,0
98121,0,0,0,0,0
98122,0,0,0,0,0
98125,0,0,0,0,0
98126,0,0,0,0,7
98133,0,0,0,0,0
98134,0,0,0,0,0
98136,0,0,0,0,0
98144,0,0,0,0,0
98146,0,0,0,0,0
98148,0,0,0,0,0
98155,0,0,15,15,39
98164,0,0,0,0,0
98166,0,0,0,0,0
98168,0,0,0,0,17
98177,0,0,0,0,0
98178,0,0,0,0,0
98188,0,0,0,6,23
98198,0,0,0,0,0
98199,0,0,0,0,0
98201,0,0,0,0,0
98203,0,0,0,0,0
98204,0,0,0,0,0
98208,0,0,0,0,0
98221,0,0,0,0,0
98223,0,0,0,0,0
98225,0,0,0,0,0
98226,0,0,0,0,0
98229,0,0,0,0,0
98232,0,0,0,1,1
98233,0,0,0,0,0
98258,0,0,0,0,0
98270,0,0,0,0,0
98271,0,0,0,0,0
98272,0,0,0,0,0
98273,0,0,0,0,0
98274,0,0,0,0,4
98275,0,0,0,0,0
98277,0,0,0,0,0
98284,0,0,0,0,0
98290,0,0,0,0,0
98294,0,0,0,0,0
98296,0,0,0,0,0
98310,0,0,0,0,0
98311,0,0,0,0,0
98312,0,0,0,0,8
98314,0,0,0,0,0
98315,0,0,0,0,0
98321,0,0,0,0,0
98323,0,0,0,0,0
98327,0,0,0,0,0
98332,0,0,0,0,0
98333,0,0,0,0,0
98335,0,0,0,0,0
98337,0,0,0,0,9
98338,0,0,0,0,0
98345,0,0,0,0,0
98354,0,0,0,0,0
98359,0,0,0,0,0
98360,0,0,0,0,0
98366,0,0,0,0,0
98367,0,0,0,0,0
98370,0,0,0,3,9
98371,0,0,0,0,0
98372,0,0,0,0,0
98373,0,0,7,14,14
98374,0,0,0,0,11
98375,0,0,0,18,80
98383,0,0,0,0,4
98385,0,0,0,0,0
98387,0,0,0,0,0
98388,0,0,0,0,0
98390,0,0,0,0,4
98391,0,0,0,15,30
98402,0,0,0,0,0
98403,0,0,0,0,0
98404,0,0,0,0,0
98405,0,0,0,0,0
98406,0,0,0,0,0
98407,0,0,0,0,0
98408,0,0,0,0,0
98409,0,0,0,0,0
98418,0,0,0,0,0
98422,0,0,0,0,0
98424,0,0,0,0,0
98433,0,0,0,0,0
98439,0,0,0,0,0
98443,0,0,0,0,0
98444,0,0,0,0,0
98445,0,0,0,0,0
98446,0,0,0,0,0
98465,0,0,0,0,0
98466,0,0,0,0,0
98467,0,0,0,0,0
98498,0,0,0,0,0
98499,0,0,0,0,0
98501,0,0,0,0,0
98502,0,0,0,0,0
98503,0,0,0,0,0
98506,0,0,0,0,0
98512,0,0,0,0,0
98513,0,0,0,0,9
98516,0,0,0,0,0
98604,0,0,0,0,9
98606,0,0,0,0,0
98607,0,0,0,0,0
98611,0,0,0,0,0
98626,0,0,0,0,0
98629,0,0,0,0,0
98632,0,0,0,12,36
98642,0,0,0,0,0
98660,0,0,0,0,0
98661,0,0,0,0,0
98662,0,0,0,0,0
98663,0,0,0,0,0
98664,0,0,0,0,7
98665,0,0,0,0,0
98671,0,0,0,0,0
98682,0,0,0,0,0
98683,0,0,0,0,0
98684,0,0,0,0,0
98685,0,0,0,0,0
98686,0,0,0,0,0
98801,0,0,0,0,22
98802,0,0,0,0,9
98828,0,0,0,0,0
98837,0,0,0,0,20
98901,0,0,0,0,5
98902,0,0,0,13,54
98903,0,0,0,0,0
98908,0,0,0,0,0
98922,0,0,0,0,0
98926,0,0,0,0,0
98937,0,0,0,0,0
98942,0,0,0,9,46
99004,0,0,0,0,0
99005,0,0,0,0,1
99016,0,0,0,0,41
99019,0,0,0,0,0
99021,0,3,3,5,8
99023,0,0,0,0,0
99025,0,0,0,0,0
99026,0,0,0,0,0
99027,0,0,0,0,0
99036,0,0,0,0,0
99037,0,0,0,5,19
99201,0,0,0,0,0
99202,0,0,0,0,41
99203,0,0,0,0,0
99204,0,0,0,0,0
99205,0,0,0,15,46
99206,0,0,0,0,11
99207,0,0,0,0,0
99208,0,0,0,0,29
99212,0,0,0,0,0
99216,0,0,0,29,51
99217,0,0,0,0,0
99218,0,0,0,0,0
99223,0,0,0,0,0
99224,0,0,0,0,12
99301,0,0,22,86,151
99320,0,0,0,0,0
99323,0,0,0,2,2
99336,0,0,14,54,149
99337,0,0,0,0,0
99338,0,0,0,0,15
99352,0,0,0,0,0
99353,0,0,0,4,26
99354,0,0,0,0,7
99403,0,0,0,0,0
