zip,panels_1_years_10000_incentive,panels_2_years_10000_incentive,panels_3_years_10000_incentive,panels_4_years_10000_incentive,panels_5_years_10000_incentive
99501,95,135,184,227,266
99502,178,284,367,428,478
99503,44,76,102,123,138
99504,174,212,272,302,363
99506,16,16,18,21,24
99507,218,330,465,570,682
99508,137,178,237,260,287
99515,140,231,317,393,468
99516,75,176,295,417,499
99517,55,118,174,225,277
99518,36,62,89,113,148
99701,34,67,126,164,198
99703,2,3,5,7,8
99709,76,116,200,244,300
99712,1,8,13,19,24
35004,4,4,4,4,4
35005,71,71,71,71,71
35007,450,450,450,450,450
35014,2,2,2,2,2
35020,830,830,830,830,830
35022,533,533,533,533,533
35023,233,233,233,233,233
35040,116,116,116,116,116
35043,1,1,1,1,1
35044,0,0,0,0,0
35051,0,0,0,0,0
35055,402,402,402,402,402
35057,19,19,19,19,19
35058,27,27,27,27,27
35061,15,15,15,15,15
35064,222,222,222,222,222
35068,96,96,96,96,96
35071,416,416,416,416,416
35072,0,0,0,0,0
35073,3,3,3,3,3
35077,19,19,19,19,19
35080,354,354,354,354,354
35094,159,159,159,159,159
35096,8,8,8,8,8
35111,54,54,54,54,54
35114,185,185,185,185,185
35115,56,56,56,56,56
35116,10,10,10,10,10
35117,140,140,140,140,140
35118,32,32,32,32,32
35124,770,770,770,770,770
35126,87,87,87,87,87
35127,101,101,101,101,101
35147,38,38,38,38,38
35150,275,275,275,275,275
35151,14,14,14,14,14
35160,220,220,220,220,220
35173,694,694,694,694,694
35176,4,4,4,4,4
35179,14,14,14,14,14
35184,0,0,0,0,0
35188,1,1,1,1,1
35203,58,58,58,58,58
35204,390,390,390,390,390
35205,306,306,306,306,306
35206,444,444,444,444,444
35207,403,403,403,403,403
35208,257,257,257,257,257
35209,525,525,525,525,525
35210,307,307,307,307,307
35211,759,759,759,759,759
35212,530,530,530,530,530
35213,792,792,792,792,792
35214,492,492,492,492,492
35215,734,734,734,734,734
35216,706,706,706,706,706
35217,509,509,509,509,509
35218,238,238,238,238,238
35221,132,132,132,132,132
35222,309,309,309,309,309
35223,812,812,812,812,812
35224,138,138,138,138,138
35226,1283,1283,1283,1283,1283
35228,274,274,274,274,274
35233,128,128,128,128,128
35234,243,243,243,243,243
35235,447,447,447,447,447
35242,2366,2366,2366,2366,2366
35243,740,740,740,740,740
35244,962,962,962,962,962
35401,1284,1284,1284,1284,1284
35404,575,575,575,575,575
35405,659,659,659,659,659
35406,538,538,538,538,538
35444,1,1,1,1,1
35452,1,1,1,1,1
35453,109,109,109,109,109
35456,34,34,34,34,34
35463,1,1,1,1,1
35473,360,360,360,360,360
35474,45,45,45,45,45
35475,122,122,122,122,122
35476,260,260,260,260,260
35490,4,4,4,4,4
35601,536,536,536,536,536
35603,453,453,453,453,453
35611,449,449,449,449,449
35613,502,502,502,502,502
35614,79,79,79,79,79
35616,1,1,1,1,1
35630,821,821,821,821,821
35633,76,76,76,76,76
35634,33,33,33,33,33
35645,10,10,10,10,10
35660,259,259,259,259,259
35661,269,269,269,269,269
35671,35,35,35,35,35
35673,25,25,25,25,25
35674,155,155,155,155,155
35741,178,178,178,178,178
35748,34,34,34,34,34
35749,809,809,809,809,809
35750,3,3,3,3,3
35754,8,8,8,8,8
35756,565,565,565,565,565
35757,428,428,428,428,428
35758,1464,1464,1464,1464,1464
35759,203,203,203,203,203
35761,133,133,133,133,133
35763,689,689,689,689,689
35773,34,34,34,34,34
35775,2,2,2,2,2
35801,1068,1068,1068,1068,1068
35802,468,468,468,468,468
35803,861,861,861,861,861
35805,494,494,494,494,494
35806,548,548,548,548,548
35808,143,143,143,143,143
35810,449,449,449,449,449
35811,842,842,842,842,842
35816,343,343,343,343,343
35824,323,323,323,323,323
35901,252,252,252,252,252
35903,103,103,103,103,103
35904,120,120,120,120,120
35905,2,2,2,2,2
35906,3,3,3,3,3
35950,218,218,218,218,218
35951,59,59,59,59,59
35954,92,92,92,92,92
35956,11,11,11,11,11
35957,141,141,141,141,141
35976,122,122,122,122,122
35980,4,4,4,4,4
36020,32,32,32,32,32
36022,55,55,55,55,55
36025,54,54,54,54,54
36043,10,10,10,10,10
36054,205,205,205,205,205
36064,14,14,14,14,14
36066,398,398,398,398,398
36067,392,392,392,392,392
36079,37,37,37,37,37
36081,211,211,211,211,211
36092,117,117,117,117,117
36093,139,139,139,139,139
36104,429,429,429,429,429
36105,263,263,263,263,263
36106,343,343,343,343,343
36107,235,235,235,235,235
36108,956,956,956,956,956
36109,710,710,710,710,710
36110,318,318,318,318,318
36111,302,302,302,302,302
36112,0,0,0,0,0
36113,6,6,6,6,6
36115,4,4,4,4,4
36116,975,975,975,975,975
36117,1167,1167,1167,1167,1167
36201,313,313,313,313,313
36203,178,178,178,178,178
36205,23,23,23,23,23
36206,119,119,119,119,119
36207,214,214,214,214,214
36250,0,0,0,0,0
36260,1,1,1,1,1
36265,145,145,145,145,145
36268,6,6,6,6,6
36277,8,8,8,8,8
36301,655,655,655,655,655
36303,773,773,773,773,773
36305,252,252,252,252,252
36312,0,0,0,0,0
36321,1,1,1,1,1
36322,67,67,67,67,67
36330,666,666,666,666,666
36345,92,92,92,92,92
36350,34,34,34,34,34
36351,1,1,1,1,1
36360,269,269,269,269,269
36362,39,39,39,39,39
36376,0,0,0,0,0
36509,41,41,41,41,41
36511,4,4,4,4,4
36523,18,18,18,18,18
36526,655,655,655,655,655
36527,567,567,567,567,567
36530,4,4,4,4,4
36532,1654,1654,1654,1654,1654
36535,766,766,766,766,766
36541,81,81,81,81,81
36542,210,210,210,210,210
36544,147,147,147,147,147
36551,277,277,277,277,277
36555,22,22,22,22,22
36561,378,378,378,378,378
36567,171,171,171,171,171
36571,335,335,335,335,335
36572,92,92,92,92,92
36575,442,442,442,442,442
36576,77,77,77,77,77
36580,69,69,69,69,69
36582,623,623,623,623,623
36587,16,16,16,16,16
36602,113,113,113,113,113
36603,411,411,411,411,411
36604,352,352,352,352,352
36605,868,868,868,868,868
36606,402,402,402,402,402
36607,363,363,363,363,363
36608,1132,1132,1132,1132,1132
36609,608,608,608,608,608
36610,530,530,530,530,530
36611,213,213,213,213,213
36612,153,153,153,153,153
36613,174,174,174,174,174
36617,362,362,362,362,362
36618,322,322,322,322,322
36619,433,433,433,433,433
36693,488,488,488,488,488
36695,1187,1187,1187,1187,1187
36752,1,1,1,1,1
36801,387,387,387,387,387
36804,77,77,77,77,77
36830,857,857,857,857,857
36832,237,237,237,237,237
36856,10,10,10,10,10
36867,759,759,759,759,759
36869,602,602,602,602,602
36870,462,462,462,462,462
36875,5,5,5,5,5
36877,154,154,154,154,154
36879,2,2,2,2,2
71601,439,3284,6678,6815,6856
71602,264,2790,6035,6091,6128
71603,742,5950,12239,12441,12554
71837,0,3,6,6,6
71854,776,5586,11697,11817,11876
71901,284,2191,5931,5998,6022
71913,427,3473,9973,10065,10136
71956,0,3,8,8,8
71964,2,36,118,118,118
71968,1,14,43,43,43
72002,174,1572,3625,3700,3711
72007,82,795,1742,1767,1774
72011,17,160,381,387,389
72012,115,1510,3431,3470,3470
72015,386,3955,9768,9838,9867
72019,274,2402,5453,5570,5587
72022,131,2185,5385,5434,5450
72023,321,5118,11771,11854,11902
72065,9,68,158,161,161
72068,0,6,15,15,15
72076,552,4752,11783,11915,12011
72081,9,145,337,340,341
72082,5,109,262,263,263
72086,57,683,1478,1502,1506
72103,91,1223,3104,3126,3132
72113,270,2677,6745,6856,6911
72114,351,1671,3837,3925,3973
72116,280,2045,5048,5130,5167
72117,342,2358,5496,5546,5563
72118,251,2447,6142,6192,6236
72120,331,3888,9251,9402,9440
72135,17,115,262,269,272
72142,43,332,742,754,759
72143,209,2482,5859,5930,5948
72167,1,5,11,11,11
72176,84,928,2068,2085,2097
72201,55,260,588,604,613
72202,207,1191,2779,2845,2871
72204,420,3142,7311,7438,7483
72205,300,2084,5115,5215,5267
72206,644,3595,8487,8618,8670
72207,209,1007,2367,2449,2486
72209,349,2582,6357,6409,6435
72210,114,1378,3509,3549,3566
72211,263,2210,5219,5294,5353
72212,347,1576,3344,3496,3542
72223,524,2321,5065,5246,5337
72227,218,1033,2305,2373,2414
72364,1,10,26,27,27
72376,0,1,2,2,2
72401,1039,7110,15875,16086,16248
72404,274,3011,6885,7004,7025
72411,0,15,36,36,36
72416,24,256,592,597,601
72417,0,26,63,63,63
72701,901,7194,8239,8409,8520
72703,480,6471,7311,7438,7498
72704,439,5437,6176,6354,6367
72712,1250,9488,10332,10642,10696
72718,35,312,366,376,377
72719,189,2318,2676,2714,2728
72730,45,1243,1440,1454,1457
72745,62,2169,2449,2474,2474
72753,0,1,1,1,1
72756,245,3437,6523,6589,6622
72758,639,7484,8534,8727,8762
72762,715,10660,11480,11714,11714
72764,604,10960,12143,12266,12316
72774,0,1,2,2,2
72801,310,2579,5419,5491,5518
72802,85,1149,2460,2478,2498
72834,42,513,1081,1090,1094
72837,0,7,16,16,16
72847,9,88,188,190,191
72858,14,147,309,313,316
72901,272,4751,7074,7131,7152
72903,373,5600,8139,8264,8280
72904,384,4237,6286,6337,6382
72908,144,3134,4892,4941,4951
72916,230,1609,2334,2380,2417
72921,16,229,354,358,361
72923,50,1107,1639,1651,1659
72941,4,78,114,115,116
72956,448,6907,10505,10612,10665
85003,220,2165,2220,2227,2227
85004,207,1560,1625,1627,1627
85006,444,6885,7047,7047,7047
85007,337,4775,4872,4877,4877
85008,412,10450,10555,10555,10555
85009,593,13293,13482,13482,13482
85012,278,2157,2224,2228,2228
85013,422,5509,5622,5627,5627
85014,394,6520,6660,6660,6660
85015,454,8141,8224,8240,8240
85016,983,9845,10139,10149,10149
85017,427,7770,7896,7912,7912
85018,1465,11497,11890,11926,11926
85019,296,6606,6707,6727,6727
85020,679,10271,10439,10449,10449
85021,500,9103,9223,9242,9242
85022,871,14772,15027,15027,15027
85023,445,9721,9889,9889,9889
85024,540,7570,7702,7709,7709
85027,628,11852,12057,12057,12057
85028,820,7912,8123,8123,8123
85029,597,11977,12172,12184,12184
85031,194,6839,6908,6915,6915
85032,1124,20469,20802,20823,20823
85033,456,12164,12299,12324,12324
85034,311,3068,3157,3166,3166
85035,231,9545,9603,9622,9622
85037,585,12843,13012,13012,13012
85040,504,9318,9499,9508,9508
85041,751,17521,17879,17897,17897
85042,669,12302,12604,12604,12604
85043,402,9823,10034,10034,10034
85044,818,12247,12562,12574,12574
85045,346,2181,2320,2320,2320
85048,1249,11159,11587,11599,11599
85050,1549,10267,10695,10695,10695
85051,394,11090,11259,11270,11270
85053,396,8893,9001,9010,9010
85054,118,1294,1329,1329,1329
85083,852,6141,6363,6363,6363
85085,392,4038,4163,4167,4167
85118,315,6076,6175,6175,6175
85119,462,9895,10036,10046,10046
85120,540,14021,14163,14206,14206
85132,189,3253,3313,3316,3316
85140,565,10445,10647,10658,10658
85142,1634,19736,20390,20411,20411
85143,504,13086,13272,13272,13272
85201,375,10270,10395,10405,10405
85202,352,9133,9272,9272,9272
85203,523,10027,10263,10263,10263
85204,453,16559,16794,16794,16794
85205,710,16576,16914,16914,16914
85206,530,14569,14687,14716,14716
85207,1429,18467,19058,19077,19077
85208,428,15606,15796,15812,15812
85209,827,15922,16182,16230,16230
85210,439,8811,8936,8963,8963
85212,611,7250,7451,7451,7451
85213,894,11108,11486,11486,11486
85215,728,8124,8367,8367,8367
85224,618,13471,13718,13732,13732
85225,852,19963,20288,20288,20288
85226,949,12328,12644,12657,12657
85233,795,12508,12816,12829,12829
85234,1401,15918,16462,16478,16478
85248,1456,15580,15996,16012,16012
85249,2156,15219,16120,16120,16120
85250,642,7079,7298,7298,7298
85251,877,10249,10534,10534,10534
85253,1973,7826,8378,8378,8378
85254,2030,16020,16653,16653,16653
85255,2782,16504,17247,17265,17265
85256,160,1760,1784,1794,1794
85257,694,9270,9508,9518,9518
85258,1583,10130,10563,10563,10563
85259,1352,8232,8602,8602,8602
85260,1270,12396,12794,12794,12794
85262,1257,5880,6249,6255,6255
85266,1282,6498,6870,6870,6870
85268,965,10050,10382,10393,10393
85281,824,10587,10803,10847,10847
85282,731,14655,14879,14909,14909
85283,772,11768,12021,12045,12045
85284,1012,6837,7227,7234,7234
85286,1121,13103,13494,13494,13494
85295,1229,12990,13503,13503,13503
85296,1128,14134,14632,14647,14647
85297,1010,10143,10533,10533,10533
85298,1477,12065,12607,12607,12607
85301,621,12695,12928,12954,12954
85302,506,10522,10727,10759,10759
85303,257,8760,8839,8848,8848
85304,462,8595,8717,8726,8726
85305,127,3226,3255,3255,3255
85306,315,7952,8073,8073,8073
85307,64,2902,2917,2917,2917
85308,1608,22470,22975,22998,22998
85310,764,7359,7563,7563,7563
85323,427,11428,11566,11566,11566
85326,484,15041,15132,15147,15147
85329,9,151,154,154,154
85331,1963,13870,14462,14462,14462
85335,457,10761,10881,10892,10892
85338,604,12188,12361,12361,12361
85339,838,13201,13485,13485,13485
85340,735,9847,10059,10059,10059
85345,769,18957,19226,19226,19226
85350,11,218,221,221,221
85351,730,16731,16935,16969,16969
85353,375,10599,10717,10717,10717
85355,281,4002,4075,4075,4075
85363,72,2226,2242,2246,2246
85364,1149,19799,20122,20162,20162
85365,831,13811,14078,14092,14092
85367,433,8540,8644,8661,8661
85373,418,8768,8902,8902,8902
85374,986,17937,18266,18266,18266
85375,615,16885,17056,17056,17056
85377,34,225,233,234,234
85378,155,3394,3432,3439,3439
85379,665,14239,14456,14456,14456
85381,566,8293,8428,8437,8437
85382,911,14676,14870,14915,14915
85383,2027,17309,17937,17937,17937
85387,146,3541,3570,3570,3570
85388,547,9081,9266,9266,9266
85392,537,11018,11197,11197,11197
85395,1213,10984,11335,11335,11335
85396,242,3202,3278,3278,3278
85607,375,5660,5747,5764,5764
85621,179,3152,3236,3240,3240
85626,15,107,111,111,111
85648,68,2221,2250,2254,2254
85658,276,3378,3454,3454,3454
85701,181,1848,1901,1907,1907
85704,799,11514,11761,11761,11761
85705,927,14879,15168,15183,15183
85706,567,12661,12919,12919,12919
85708,15,662,664,666,666
85710,718,16879,17067,17084,17084
85711,633,13301,13449,13476,13476
85712,470,10057,10190,10211,10211
85713,650,13672,13824,13852,13852
85714,199,4912,4957,4972,4972
85715,436,7134,7265,7272,7272
85716,647,10602,10763,10785,10785
85718,1609,10976,11421,11421,11421
85719,937,11717,11969,12005,12005
85730,409,12668,12770,12770,12770
85735,6,194,196,196,196
85736,1,15,15,15,15
85737,652,7911,8148,8148,8148
85739,6,74,75,75,75
85741,318,11306,11352,11363,11363
85742,753,9850,10041,10051,10051
85743,139,2156,2202,2204,2204
85745,962,12364,12617,12642,12642
85746,529,12428,12579,12591,12591
85747,483,8214,8331,8339,8339
85748,499,7510,7671,7671,7671
85749,925,8245,8474,8474,8474
85750,1289,9894,10232,10232,10232
85755,615,7251,7414,7421,7421
85756,307,7256,7315,7315,7315
85757,134,2225,2266,2268,2268
85901,153,3880,3927,3927,3927
85929,86,1919,1948,1948,1948
86001,784,8196,8432,8432,8432
86004,532,6746,6905,6905,6905
86005,3,54,55,55,55
86011,2,17,17,17,17
86040,120,2563,2604,2607,2607
86301,451,9968,10018,10028,10028
86303,375,4480,4567,4581,4581
86305,391,5116,5215,5215,5215
86314,391,13388,13482,13482,13482
86315,74,1733,1750,1750,1750
86323,99,3526,3547,3551,3551
86325,0,13,13,13,13
86327,101,2111,2147,2147,2147
86329,0,109,109,109,109
86336,596,6803,7013,7013,7013
86351,150,1829,1872,1872,1872
86403,292,8705,8865,8874,8874
86404,324,7404,7524,7532,7532
86406,597,11309,11435,11470,11470
86434,0,1,1,1,1
90001,314,9650,9817,9827,9827
90002,396,8237,8388,8422,8422
90003,514,11452,11651,11674,11674
90004,409,6431,6610,6610,6610
90005,99,1695,1728,1737,1737
90006,180,4425,4492,4501,4501
90007,345,3867,4003,4015,4015
90008,403,5897,6068,6093,6093
90010,22,295,305,305,305
90011,359,12568,12798,12798,12798
90012,99,1556,1594,1599,1599
90013,73,528,556,557,557
90014,27,226,237,238,238
90015,157,1642,1704,1709,1709
90016,520,9015,9285,9285,9285
90017,45,546,560,562,562
90018,480,8092,8282,8290,8290
90019,722,10359,10625,10625,10625
90020,90,1561,1605,1606,1606
90021,185,1550,1621,1623,1623
90022,339,10745,10942,10942,10942
90023,215,7323,7411,7426,7426
90024,432,3426,3633,3633,3633
90025,503,4494,4746,4746,4746
90026,724,9533,9870,9900,9900
90027,490,6327,6611,6618,6618
90028,152,2055,2106,2112,2112
90029,160,3653,3716,3724,3724
90031,302,5678,5800,5800,5800
90032,377,7923,8169,8169,8169
90033,233,6190,6285,6310,6310
90034,467,6744,6960,6967,6967
90035,563,5014,5311,5311,5311
90036,536,5320,5536,5541,5541
90037,343,8240,8349,8365,8365
90038,166,3115,3198,3198,3198
90039,617,6845,7161,7161,7161
90040,155,3218,3308,3308,3308
90041,482,5454,5675,5675,5675
90042,545,9192,9565,9565,9565
90043,884,11513,11907,11943,11943
90044,813,14986,15324,15354,15354
90045,1027,9959,10572,10583,10583
90046,608,6563,6850,6850,6850
90047,671,12518,12866,12905,12905
90048,530,4385,4611,4611,4611
90049,1222,7620,8202,8210,8210
90056,280,2445,2610,2615,2615
90057,72,1403,1434,1439,1439
90058,91,2068,2112,2112,2112
90059,322,6825,6951,6979,6979
90061,372,5624,5793,5810,5810
90062,317,6444,6569,6589,6589
90063,265,9017,9136,9145,9145
90064,731,6648,7035,7035,7035
90065,890,8900,9252,9271,9271
90066,1217,10978,11472,11494,11494
90067,23,199,211,212,212
90068,454,4467,4683,4683,4683
90069,365,3241,3412,3415,3415
90077,551,2664,2928,2928,2928
90094,48,332,355,355,355
90201,238,13012,13171,13171,13171
90210,1108,6332,6869,6876,6876
90211,207,1636,1727,1729,1729
90212,251,1962,2070,2076,2076
90220,482,11218,11482,11505,11505
90221,316,10003,10197,10217,10217
90222,275,6568,6702,6709,6709
90230,673,5854,6209,6209,6209
90232,449,3899,4114,4114,4114
90240,394,6224,6450,6457,6457
90241,261,8832,8994,9003,9003
90242,270,8220,8423,8423,8423
90245,554,4766,5125,5125,5125
90247,409,9116,9284,9293,9293
90248,188,4149,4277,4282,4282
90249,399,6909,7130,7137,7137
90250,642,16039,16450,16450,16450
90254,522,4703,5102,5107,5107
90255,297,9739,9857,9887,9887
90260,209,7601,7740,7740,7740
90262,325,10650,10780,10812,10812
90265,830,5378,5929,5935,5935
90266,1644,10323,11385,11396,11396
90270,88,3458,3500,3503,3503
90272,1316,6839,7693,7693,7693
90274,1269,8182,9123,9123,9123
90275,1774,12836,13981,13995,13995
90277,639,7918,8405,8405,8405
90278,1055,10209,10850,10850,10850
90280,460,15080,15310,15325,15325
90290,203,1492,1626,1626,1626
90291,795,6270,6684,6691,6691
90292,187,1579,1675,1675,1675
90293,159,1743,1846,1848,1848
90301,192,5680,5814,5820,5820
90302,177,4685,4785,4785,4785
90303,236,5228,5352,5352,5352
90304,149,4416,4492,4501,4501
90305,195,4331,4433,4438,4438
90401,83,671,708,708,708
90402,612,3046,3341,3341,3341
90403,416,2882,3103,3106,3106
90404,321,3148,3307,3307,3307
90405,680,5219,5518,5523,5523
90501,656,9404,9806,9806,9806
90502,190,4536,4634,4638,4638
90503,661,9589,10019,10019,10019
90504,605,8673,9016,9025,9025
90505,759,9508,9997,9997,9997
90601,460,7803,8077,8077,8077
90602,175,4740,4857,4857,4857
90603,387,5804,6028,6034,6034
90604,551,9112,9502,9502,9502
90605,541,9354,9644,9663,9663
90606,258,7359,7572,7579,7579
90620,401,11956,12533,12558,12558
90621,183,6322,6538,6552,6552
90623,243,4020,4323,4332,4332
90630,457,12690,13416,13442,13442
90631,605,16063,16768,16785,16785
90638,702,12991,13490,13490,13490
90640,690,12627,12992,13005,13005
90650,844,21750,22217,22217,22217
90660,777,13899,14330,14345,14345
90670,228,5857,6025,6025,6025
90680,241,5774,5985,5997,5997
90701,190,4037,4136,4140,4140
90703,1083,13979,14609,14623,14623
90706,538,15020,15328,15359,15359
90710,264,5684,5860,5860,5860
90712,576,9538,9935,9935,9935
90713,656,8797,9241,9241,9241
90715,198,4183,4304,4304,4304
90716,58,2370,2396,2398,2398
90717,396,5415,5647,5652,5652
90720,403,6628,7204,7211,7211
90723,239,9460,9575,9584,9584
90731,774,11899,12280,12304,12304
90732,473,5385,5698,5704,5704
90740,263,5922,6261,6267,6267
90744,353,9620,9806,9816,9816
90745,715,12825,13249,13262,13262
90746,570,7880,8219,8243,8243
90755,148,2688,2785,2788,2788
90802,180,2956,3057,3057,3057
90803,558,8106,8453,8461,8461
90804,185,5654,5769,5775,5775
90805,499,16926,17185,17219,17219
90806,210,7360,7495,7502,7502
90807,514,7936,8284,8284,8284
90808,1090,12861,13583,13597,13597
90810,344,7654,7818,7834,7834
90813,228,6578,6679,6692,6692
90814,187,4027,4144,4152,4152
90815,851,11452,11979,11991,11991
91001,973,8872,9448,9448,9448
91006,920,9094,9685,9685,9685
91007,432,7552,7858,7858,7858
91008,62,479,517,517,517
91010,346,6119,6295,6295,6295
91011,993,5430,6048,6048,6048
91016,631,10171,10518,10518,10518
91020,142,1479,1538,1545,1545
91024,273,2817,2997,3000,3000
91030,405,4240,4506,4506,4506
91040,352,5465,5687,5692,5692
91042,341,6111,6293,6306,6306
91101,132,1341,1405,1406,1406
91103,367,4603,4806,4825,4825
91104,488,7078,7366,7381,7381
91105,350,2470,2693,2693,2693
91106,272,3724,3891,3895,3895
91107,883,8883,9481,9490,9490
91108,599,3826,4182,4186,4186
91201,223,4338,4468,4468,4468
91202,274,3952,4087,4099,4099
91203,100,1626,1671,1672,1672
91204,93,1893,1932,1934,1934
91205,254,4053,4157,4161,4161
91206,282,4612,4774,4779,4779
91207,214,2433,2548,2553,2553
91208,382,3763,3940,3940,3940
91214,786,7414,7946,7946,7946
91301,909,6765,7393,7393,7393
91302,1167,7056,7788,7788,7788
91303,129,3141,3216,3216,3216
91304,517,9416,9777,9777,9777
91306,518,8665,8924,8933,8933
91307,698,7561,8011,8019,8019
91311,756,9928,10373,10384,10384
91316,453,4954,5140,5150,5150
91320,1101,12764,13920,13920,13920
91321,340,6068,6288,6295,6295
91324,441,5882,6103,6109,6109
91325,545,6373,6645,6652,6652
91326,1069,9658,10296,10296,10296
91331,652,17574,18045,18063,18063
91335,601,12775,13089,13089,13089
91340,367,7036,7187,7194,7194
91342,707,17195,17690,17690,17690
91343,670,10259,10642,10642,10642
91344,1015,14032,14694,14709,14709
91345,326,4394,4507,4525,4525
91350,589,9621,10159,10159,10159
91351,405,8181,8418,8435,8435
91352,682,10144,10480,10490,10490
91354,717,7566,8050,8050,8050
91355,511,7784,8108,8108,8108
91356,569,5729,6108,6108,6108
91360,669,11820,12603,12628,12628
91361,572,6608,7130,7137,7137
91362,933,10299,11088,11121,11121
91364,684,6791,7202,7202,7202
91367,683,8431,8856,8874,8874
91377,349,3737,4103,4107,4107
91381,497,4416,4779,4779,4779
91384,2,30,32,32,32
91387,281,3628,3791,3795,3795
91390,265,2658,2849,2849,2849
91401,464,6605,6837,6837,6837
91402,296,6910,7030,7037,7037
91403,438,4213,4443,4443,4443
91405,304,5842,5949,5967,5967
91406,592,9151,9348,9376,9376
91411,205,3193,3302,3302,3302
91423,546,5410,5672,5672,5672
91436,719,4256,4636,4636,4636
91501,159,3358,3451,3454,3454
91502,57,1504,1526,1528,1528
91504,534,5873,6143,6149,6149
91505,674,8397,8738,8756,8756
91506,606,5444,5713,5724,5724
91601,379,5099,5257,5257,5257
91602,220,2907,3009,3012,3012
91604,635,5436,5771,5771,5771
91605,559,9536,9791,9801,9801
91606,366,6869,7031,7038,7038
91607,315,4242,4360,4369,4369
91701,746,11660,12057,12057,12057
91702,374,12195,12494,12494,12494
91706,464,15228,15507,15507,15507
91708,76,1766,1811,1811,1811
91709,1580,19238,19998,20038,20038
91710,996,20624,21154,21154,21154
91711,846,9507,10041,10051,10051
91722,333,8310,8541,8541,8541
91723,185,4196,4295,4304,4304
91724,340,7055,7243,7243,7243
91730,756,14688,15142,15142,15142
91731,112,5278,5342,5342,5342
91732,350,10995,11243,11254,11254
91733,293,9020,9158,9167,9167
91737,558,6756,7053,7060,7060
91739,1104,9181,9757,9767,9767
91740,328,6635,6840,6840,6840
91741,748,8615,9038,9038,9038
91744,521,16388,16791,16791,16791
91745,1006,13905,14560,14575,14575
91746,300,7120,7325,7333,7333
91748,536,11262,11634,11658,11658
91750,732,10754,11250,11250,11250
91752,446,8430,8754,8754,8754
91754,489,7934,8257,8265,8265
91755,254,5881,6039,6045,6045
91761,576,14872,15160,15160,15160
91762,417,12786,13007,13033,13033
91763,206,8131,8229,8237,8237
91764,279,10170,10325,10325,10325
91765,984,12143,12769,12769,12769
91766,555,13841,14197,14225,14225
91767,456,10068,10348,10358,10358
91768,193,6543,6656,6656,6656
91770,534,14130,14433,14433,14433
91773,739,9673,10128,10128,10128
91775,486,6178,6470,6476,6476
91776,356,7670,7907,7907,7907
91780,729,9967,10405,10415,10415
91784,1035,8595,9163,9172,9172
91786,474,11907,12126,12150,12150
91789,1044,12496,13156,13169,13169
91790,590,10793,11149,11149,11149
91791,452,7980,8211,8219,8219
91792,253,5864,6009,6021,6021
91801,499,9374,9585,9594,9594
91803,300,6458,6638,6651,6651
91902,1039,5635,5720,5720,5720
91910,2506,16863,17051,17051,17051
91911,2226,16481,16614,16614,16614
91913,1974,10013,10134,10134,10134
91914,1009,3993,4066,4066,4066
91915,1257,6449,6527,6527,6527
91932,690,5299,5347,5347,5347
91935,77,327,335,335,335
91941,1798,9803,9942,9942,9942
91942,1533,9665,9753,9753,9753
91945,841,7359,7381,7381,7381
91950,1400,10716,10792,10792,10792
91977,2024,13319,13481,13481,13481
91978,383,2756,2776,2776,2776
92003,376,2031,2052,2052,2052
92007,900,3150,3207,3207,3207
92008,1613,8084,8190,8190,8190
92009,3466,11782,12035,12035,12035
92010,1030,4656,4727,4727,4727
92011,1840,7045,7196,7196,7196
92014,1889,5662,5795,5795,5795
92019,1709,10741,10839,10839,10839
92020,1871,12291,12427,12427,12427
92021,1632,11047,11159,11159,11159
92024,4255,15955,16380,16380,16380
92025,2092,10972,11150,11150,11150
92026,2196,13030,13161,13161,13161
92027,2258,13346,13480,13480,13480
92028,1242,7797,7860,7860,7860
92029,1503,7416,7491,7491,7491
92037,2979,11548,11844,11844,11844
92040,1748,11340,11489,11489,11489
92054,1186,9488,9555,9555,9555
92056,2249,14827,14977,14977,14977
92057,2143,14117,14288,14288,14288
92058,931,7118,7161,7161,7161
92059,13,36,36,36,36
92064,3436,14449,14684,14684,14684
92067,668,1778,1841,1841,1841
92069,2013,11227,11375,11375,11375
92071,2494,15073,15303,15303,15303
92075,1046,3832,3902,3902,3902
92078,2744,12883,13079,13079,13079
92081,1301,8168,8234,8234,8234
92082,175,924,938,938,938
92083,944,7884,7932,7932,7932
92084,2183,12803,12919,12919,12919
92091,400,1370,1415,1415,1415
92101,474,2303,2340,2340,2340
92102,971,8382,8441,8441,8441
92103,1356,7088,7211,7211,7211
92104,1487,9937,10048,10048,10048
92105,1373,11727,11822,11822,11822
92106,1645,6169,6321,6321,6321
92107,1382,7648,7764,7764,7764
92108,233,1510,1530,1530,1530
92109,1996,10766,10908,10908,10908
92110,1127,6436,6521,6521,6521
92111,1692,11482,11574,11574,11574
92113,1123,9113,9187,9187,9187
92114,2102,16385,16551,16551,16551
92115,1762,11902,12059,12059,12059
92116,1350,8269,8344,8344,8344
92117,2839,15212,15443,15443,15443
92118,1292,5525,5650,5650,5650
92119,1361,6884,7017,7017,7017
92120,1887,8978,9115,9115,9115
92121,639,2532,2583,2583,2583
92122,1311,6121,6272,6272,6272
92123,1232,7316,7420,7420,7420
92124,1240,6713,6801,6801,6801
92126,3311,16773,16994,16994,16994
92127,3324,11799,12089,12089,12089
92128,2868,13285,13502,13502,13502
92129,3496,13373,13618,13618,13618
92130,4208,12471,12791,12791,12791
92131,2780,9665,9893,9893,9893
92139,1042,7319,7386,7386,7386
92154,2042,15132,15254,15254,15254
92173,2,15,15,15,15
92201,549,17317,17672,17707,17707
92203,593,10790,11171,11193,11193
92210,271,2516,2732,2732,2732
92211,726,14819,15453,15468,15468
92220,379,10605,10832,10832,10832
92223,475,16526,16933,16950,16950
92231,0,1,1,1,1
92234,808,16004,16483,16515,16515
92236,192,7898,7986,7994,7994
92240,233,6182,6282,6295,6295
92241,0,11,11,11,11
92243,460,11260,11502,11514,11514
92249,1,9,9,9,9
92251,1464,4218,4260,4260,4260
92253,840,17886,18595,18633,18633
92260,960,14645,15239,15269,15269
92262,678,10632,11077,11099,11099
92264,537,8898,9213,9250,9250
92270,837,9549,10223,10223,10223
92274,236,795,801,801,801
92276,36,3251,3284,3287,3287
92277,193,4725,4821,4826,4826
92283,21,399,411,412,412
92301,193,5766,5830,5842,5842
92307,439,10980,11273,11273,11273
92308,437,12650,12869,12882,12882
92311,397,6669,6813,6833,6833
92313,87,3562,3609,3609,3609
92314,216,4797,4885,4900,4900
92315,77,1445,1486,1486,1486
92316,235,8259,8342,8351,8351
92320,121,3390,3455,3459,3459
92321,47,374,398,399,399
92324,512,13209,13425,13452,13452
92325,25,738,748,748,748
92333,24,668,674,674,674
92335,644,19247,19521,19540,19540
92336,1596,22438,23424,23424,23424
92337,376,9969,10162,10162,10162
92342,73,2051,2091,2091,2091
92344,209,4243,4356,4356,4356
92345,917,24380,24726,24776,24776
92346,749,14906,15303,15303,15303
92352,97,1226,1277,1280,1280
92354,317,5524,5677,5683,5683
92358,0,13,13,13,13
92359,73,2683,2721,2721,2721
92363,3,98,99,99,99
92373,669,9449,9843,9863,9863
92374,609,11429,11722,11722,11722
92376,434,17162,17318,17336,17336
92377,371,5490,5684,5690,5690
92378,0,107,107,107,107
92386,9,167,172,172,172
92391,2,99,100,100,100
92392,417,15174,15421,15436,15436
92394,438,8340,8546,8571,8571
92395,544,13323,13568,13595,13595
92399,1006,18115,18637,18637,18637
92401,15,437,443,443,443
92404,516,12627,12898,12911,12911
92405,252,6180,6294,6306,6306
92407,640,14160,14523,14523,14523
92408,215,3827,3909,3917,3917
92410,191,8979,9097,9097,9097
92411,159,5802,5896,5896,5896
92501,260,5337,5525,5525,5525
92503,802,21529,22309,22309,22309
92504,635,14665,15104,15119,15119
92505,284,11150,11332,11343,11343
92506,934,14465,15023,15068,15068
92507,548,11023,11388,11411,11411
92508,819,9767,10347,10347,10347
92509,542,19631,20093,20093,20093
92518,35,736,755,758,758
92530,4376,13865,13935,13935,13935
92532,278,5957,6173,6173,6173
92543,513,11085,11381,11393,11393
92544,476,14092,14438,14438,14438
92545,496,15165,15475,15490,15490
92548,39,2599,2634,2634,2634
92551,197,7482,7611,7611,7611
92553,393,16030,16358,16358,16358
92555,449,10579,10919,10930,10930
92557,377,13616,13979,13993,13993
92562,6156,17581,17741,17741,17741
92563,1122,17342,18084,18102,18102
92567,169,3806,3940,3940,3940
92570,619,16358,16709,16726,16726
92571,481,13010,13384,13384,13384
92582,224,4953,5091,5096,5096
92583,180,9334,9485,9485,9485
92584,576,15446,15990,15990,15990
92585,346,7281,7514,7522,7522
92586,244,9637,9774,9784,9784
92587,333,6133,6376,6396,6396
92590,314,949,955,955,955
92591,681,11101,11552,11552,11552
92592,8688,23419,23655,23655,23655
92595,413,10801,11170,11170,11170
92596,307,7799,8081,8081,8081
92602,385,4856,5252,5273,5273
92603,441,4864,5509,5526,5526
92604,235,7172,7574,7589,7589
92606,345,4254,4650,4664,4664
92610,225,3020,3352,3352,3352
92612,274,4144,4400,4418,4418
92614,414,5446,5902,5920,5920
92617,121,1468,1609,1617,1617
92618,627,7257,7932,7956,7956
92620,1051,11265,12354,12354,12354
92624,432,2703,2756,2756,2756
92625,301,4814,5379,5384,5384
92626,411,11130,11728,11740,11740
92627,641,13659,14533,14562,14562
92629,1531,8591,8739,8739,8739
92630,2370,15183,15524,15524,15524
92637,190,3255,3281,3281,3281
92646,901,17173,18349,18368,18368
92647,551,13453,14117,14145,14145
92648,591,11791,12609,12609,12609
92649,470,9997,10681,10681,10681
92651,2499,10098,10368,10368,10368
92653,1408,7848,7984,7984,7984
92655,107,1711,1800,1809,1809
92656,1773,10617,10834,10834,10834
92657,319,3283,3748,3752,3752
92660,784,9146,10280,10311,10311
92661,162,1461,1667,1670,1670
92662,81,1233,1366,1366,1366
92663,550,6101,6677,6704,6704
92672,1813,10339,10583,10583,10583
92673,2294,8787,9040,9049,9049
92675,1723,10216,10392,10392,10392
92676,6,79,85,85,85
92677,3401,17598,17976,17976,17976
92679,2512,8452,8739,8739,8739
92683,736,20578,21551,21616,21616
92688,1879,9302,9530,9530,9530
92691,2369,13274,13614,13614,13614
92692,2786,13787,14113,14113,14113
92694,1552,5558,5731,5737,5737
92701,141,5721,5844,5856,5856
92703,249,10045,10335,10356,10356
92704,363,13971,14479,14493,14493
92705,862,11801,12843,12869,12869
92706,271,6329,6600,6613,6613
92707,202,9764,10066,10076,10076
92708,642,15167,16066,16066,16066
92780,354,10660,11047,11069,11069
92782,363,4966,5416,5416,5416
92801,257,9622,9879,9899,9899
92802,181,6718,6962,6969,6969
92804,562,14150,14727,14771,14771
92805,340,11425,11718,11730,11730
92806,297,7452,7812,7820,7820
92807,465,10241,11060,11060,11060
92808,303,4948,5419,5419,5419
92821,403,10500,11171,11171,11171
92823,95,1168,1298,1299,1299
92831,420,6942,7318,7362,7362
92832,169,5230,5459,5459,5459
92833,552,11599,12224,12261,12261
92835,369,6711,7239,7239,7239
92840,234,10739,11129,11140,11140
92841,326,7278,7550,7581,7581
92843,199,8039,8263,8280,8280
92844,144,3939,4095,4103,4103
92845,335,4987,5301,5317,5317
92860,709,9693,10269,10269,10269
92861,203,1995,2256,2256,2256
92865,114,5450,5696,5701,5701
92866,187,3955,4142,4154,4154
92867,405,11206,11909,11921,11921
92868,117,4195,4321,4334,4334
92869,678,9747,10606,10606,10606
92870,578,13002,13718,13745,13745
92879,477,10546,10839,10839,10839
92880,1406,16966,18030,18030,18030
92881,733,8252,8826,8835,8835
92882,741,15176,15743,15759,15759
92883,859,9393,9973,9993,9993
92886,991,14431,15721,15753,15753
92887,427,5789,6375,6382,6382
93001,282,8823,9078,9087,9087
93003,616,14047,14634,14649,14649
93004,438,8245,8589,8607,8607
93010,819,13169,13849,13891,13891
93012,541,10743,11273,11284,11284
93013,467,5099,5484,5489,5489
93021,761,9885,10583,10583,10583
93022,70,2316,2402,2402,2402
93023,415,7259,7666,7673,7673
93030,418,11240,11647,11647,11647
93033,330,14065,14351,14366,14366
93035,434,8316,8681,8681,8681
93036,297,9292,9560,9570,9570
93041,144,5045,5143,5148,5148
93060,238,7962,8183,8183,8183
93063,725,15372,16097,16113,16113
93065,904,19914,21028,21028,21028
93066,101,1183,1290,1290,1290
93101,297,6472,6742,6756,6756
93103,198,5215,5501,5501,5501
93105,1128,6878,7218,7225,7225
93108,642,4776,5333,5343,5343
93109,357,3457,3758,3758,3758
93110,372,4798,5073,5093,5093
93111,331,5301,5689,5695,5695
93117,1232,8755,9120,9129,9129
93202,16,698,709,711,711
93215,384,9992,10093,10093,10093
93221,52,4214,4340,4340,4340
93223,8,2489,2505,2505,2505
93230,947,19859,20121,20121,20121
93235,10,369,373,374,374
93245,15,326,331,331,331
93247,97,3245,3335,3345,3345
93250,95,2675,2704,2704,2704
93257,344,17744,18034,18106,18106
93267,19,753,772,774,774
93274,859,20629,20964,20985,20985
93277,611,16476,16917,16968,16968
93291,1049,16538,16876,16893,16893
93292,622,11549,11714,11714,11714
93301,311,4210,4326,4326,4326
93304,563,13211,13359,13386,13386
93305,574,9722,9880,9900,9900
93306,867,16326,16676,16676,16676
93307,658,20345,20550,20550,20550
93308,1043,17895,18280,18280,18280
93309,747,15628,15914,15914,15914
93311,1477,13493,14056,14056,14056
93312,1769,18873,19456,19476,19476
93313,617,13530,13735,13735,13735
93314,891,8624,8891,8891,8891
93401,962,10107,10355,10355,10355
93405,801,6520,6729,6736,6736
93420,780,10172,10391,10391,10391
93422,650,7981,8119,8127,8127
93424,33,231,240,240,240
93433,273,4721,4803,4803,4803
93444,396,5399,5503,5503,5503
93445,117,2419,2446,2446,2446
93446,1043,11419,11712,11712,11712
93449,503,4437,4583,4583,4583
93454,423,9461,9596,9596,9596
93455,936,14350,14657,14657,14657
93458,291,9927,10027,10027,10027
93465,251,2366,2444,2444,2444
93534,361,10365,10620,10642,10642
93535,812,16169,16534,16550,16550
93536,1757,19550,19929,19949,19949
93543,18,659,667,668,668
93550,724,17716,18096,18114,18114
93551,1156,15624,16275,16275,16275
93552,262,9881,10063,10063,10063
93611,905,11888,12230,12230,12230
93612,327,9506,9621,9621,9621
93616,20,573,580,580,580
93618,383,6839,6950,6964,6964
93619,794,7505,7785,7793,7793
93625,203,1902,1990,1990,1990
93631,310,4570,4697,4697,4697
93635,412,10096,10292,10292,10292
93636,50,603,620,620,620
93637,528,9558,9773,9773,9773
93638,423,9249,9371,9381,9381
93646,0,1,1,1,1
93648,136,3102,3156,3156,3156
93650,36,1001,1015,1015,1015
93654,315,6722,6852,6852,6852
93657,275,7738,7856,7856,7856
93662,283,6663,6744,6751,6751
93673,0,15,15,15,15
93701,172,2822,2851,2865,2865
93702,468,10469,10628,10650,10650
93703,474,8456,8603,8620,8620
93704,640,9067,9271,9271,9271
93705,460,9211,9370,9380,9380
93706,896,10191,10476,10518,10518
93710,442,7878,8047,8047,8047
93711,993,12505,12879,12892,12892
93720,1001,14324,14706,14721,14721
93721,56,1365,1388,1389,1389
93722,1304,22769,23304,23304,23304
93723,146,2118,2176,2176,2176
93725,250,5864,5959,5959,5959
93726,550,9823,9973,10003,10003
93727,1162,18568,19025,19044,19044
93728,382,5001,5151,5151,5151
93730,564,4109,4303,4303,4303
93737,11,213,218,218,218
93901,514,8093,8292,8292,8292
93905,354,9436,9542,9561,9561
93906,612,13072,13325,13325,13325
93907,187,2811,2868,2874,2874
93908,315,1998,2118,2118,2118
93923,698,5466,5730,5730,5730
93924,18,139,146,146,146
93933,424,6265,6406,6413,6413
93940,730,8511,8801,8801,8801
93950,387,4581,4714,4718,4718
93953,272,1841,1952,1954,1954
93955,442,8850,9012,9012,9012
94002,1239,6666,7108,7108,7108
94005,199,1245,1327,1327,1327
94010,2121,11036,11918,11918,11918
94014,681,8089,8401,8401,8401
94015,1311,11777,12383,12383,12383
94018,2,9,10,10,10
94019,818,5348,5672,5677,5677
94022,1700,6024,6686,6686,6686
94024,2058,6884,7631,7631,7631
94025,2073,10037,10910,10910,10910
94027,677,2575,2858,2858,2858
94028,449,1986,2178,2178,2178
94030,767,5625,5952,5952,5952
94037,122,651,699,699,699
94038,119,955,1002,1002,1002
94040,1126,5789,6152,6158,6158
94041,530,2965,3177,3177,3177
94043,1180,6096,6507,6513,6513
94044,1334,10268,10843,10843,10843
94061,1139,8439,8911,8911,8911
94062,1678,7653,8346,8346,8346
94063,582,5744,6014,6014,6014
94065,518,2621,2864,2864,2864
94066,886,9625,10058,10058,10058
94070,2079,8790,9694,9694,9694
94080,1973,14968,15688,15704,15704
94085,679,3644,3902,3902,3902
94086,1375,7493,8024,8024,8024
94087,2693,12881,13880,13880,13880
94089,882,5120,5465,5471,5471
94102,36,1171,1250,1255,1255
94103,125,2125,2349,2356,2356
94104,0,54,56,56,56
94105,18,190,233,234,234
94107,136,2902,3305,3308,3308
94108,26,627,665,669,669
94109,101,2874,3152,3158,3158
94110,627,9762,10973,10995,10995
94111,13,211,242,242,242
94112,1396,14144,14985,14985,14985
94114,224,5427,6219,6225,6225
94115,162,3095,3507,3514,3514
94116,558,9799,10949,10960,10960
94117,225,4211,4882,4887,4887
94118,278,6105,6931,6931,6931
94121,376,7519,8320,8345,8345
94122,468,10278,11384,11407,11407
94123,239,3287,3849,3849,3849
94124,518,6687,6974,6995,6995
94127,357,5323,6242,6255,6255
94129,39,496,595,595,595
94130,3,309,335,335,335
94131,398,5609,6502,6515,6515
94132,398,4587,4849,4849,4849
94133,238,2225,2370,2373,2373
94134,642,7020,7461,7461,7461
94158,4,89,103,103,103
94301,845,3885,4201,4201,4201
94303,1412,9089,9669,9669,9669
94304,116,672,710,710,710
94305,205,1132,1202,1207,1207
94306,1388,6271,6795,6795,6795
94401,578,5908,6136,6148,6148
94402,1206,6728,7219,7226,7226
94403,1602,9419,10030,10030,10030
94404,1177,6881,7366,7366,7366
94501,1512,13262,13844,13844,13844
94502,774,3733,4014,4014,4014
94503,652,5864,6153,6153,6153
94505,811,5253,5600,5600,5600
94506,1465,6477,6942,6942,6942
94507,1271,4851,5342,5342,5342
94508,26,351,361,362,362
94509,1259,18511,19045,19064,19064
94510,1090,8930,9331,9331,9331
94513,2126,18004,18775,18794,18794
94514,0,8,8,8,8
94515,185,1755,1838,1838,1838
94517,535,3625,3844,3848,3848
94518,741,7207,7499,7499,7499
94519,502,5996,6194,6194,6194
94520,431,6796,6928,6942,6942
94521,1244,11772,12326,12326,12326
94523,1152,9364,9837,9837,9837
94525,127,1166,1217,1219,1219
94526,2059,9543,10305,10305,10305
94530,1030,7749,8141,8158,8158
94531,965,11812,12191,12191,12191
94533,1048,19019,19388,19407,19407
94534,1337,12332,12846,12846,12846
94535,16,1157,1164,1164,1164
94536,2330,15306,16148,16148,16148
94538,1438,12326,12853,12853,12853
94539,2974,13348,14524,14524,14524
94541,983,14065,14441,14455,14455
94542,475,3320,3513,3517,3517
94544,1231,14926,15373,15373,15373
94545,727,8368,8645,8654,8654
94546,1379,12407,12884,12884,12884
94547,772,6070,6377,6383,6383
94549,1882,7791,8498,8498,8498
94550,2402,14567,15384,15384,15384
94551,1298,10990,11495,11495,11495
94552,853,3935,4290,4290,4290
94553,1541,14121,14679,14694,14694
94555,1534,7590,8205,8205,8205
94556,801,4161,4489,4494,4494
94558,2138,20124,20941,20962,20962
94559,464,8362,8594,8594,8594
94560,1507,10482,11058,11069,11069
94561,1043,11646,11994,11994,11994
94563,1260,4682,5133,5133,5133
94564,441,5713,5872,5878,5878
94565,1543,22843,23381,23381,23381
94566,2104,10883,11753,11753,11753
94568,2192,10923,11795,11795,11795
94572,210,2726,2802,2802,2802
94574,396,3315,3478,3478,3478
94576,3,41,42,42,42
94577,1192,12419,12842,12842,12842
94578,562,7882,8135,8135,8135
94579,447,6060,6221,6221,6221
94580,680,7649,7894,7894,7894
94582,1915,8826,9606,9615,9615
94583,1801,9303,10003,10003,10003
94585,562,8177,8395,8395,8395
94587,2057,15284,16055,16055,16055
94588,1373,7528,8061,8061,8061
94589,424,8497,8635,8635,8635
94590,697,10457,10704,10714,10714
94591,1279,16459,17022,17039,17039
94592,49,631,650,650,650
94595,326,3659,3792,3792,3792
94596,621,4316,4543,4543,4543
94597,552,4510,4727,4727,4727
94598,1390,7406,7997,7997,7997
94599,86,1191,1227,1228,1228
94601,615,9011,9186,9186,9186
94602,1042,7898,8270,8270,8270
94603,273,7486,7584,7584,7584
94605,1289,11385,11910,11934,11934
94606,359,5741,5864,5870,5870
94607,426,3860,4021,4025,4025
94608,707,5522,5794,5800,5800
94609,507,4707,4918,4918,4918
94610,781,5229,5528,5528,5528
94611,1561,8067,8704,8712,8712
94612,105,992,1031,1031,1031
94618,957,4581,4980,4980,4980
94619,801,7046,7347,7347,7347
94621,497,6978,7187,7194,7194
94702,517,4592,4783,4783,4783
94703,565,4337,4560,4560,4560
94704,234,1690,1772,1774,1774
94705,589,3297,3545,3545,3545
94706,618,4352,4615,4615,4615
94707,837,4199,4496,4496,4496
94708,715,3383,3645,3649,3649
94709,180,1616,1681,1681,1681
94710,244,2227,2325,2325,2325
94720,45,229,242,243,243
94801,433,6831,6971,6992,6992
94803,648,7827,8111,8111,8111
94804,683,10727,11024,11024,11024
94805,298,4628,4741,4741,4741
94806,654,12840,13062,13075,13075
94901,1108,9768,10260,10260,10260
94903,1070,8575,8970,8979,8979
94904,483,2944,3153,3156,3156
94920,816,3894,4265,4265,4265
94925,564,2650,2919,2919,2919
94928,580,9921,10195,10195,10195
94930,252,1928,2030,2030,2030
94931,201,3280,3364,3364,3364
94939,284,1628,1760,1766,1766
94941,1514,7448,8052,8052,8052
94945,786,5599,5912,5918,5918
94947,932,6470,6840,6840,6840
94949,530,4981,5194,5199,5199
94951,253,2294,2414,2414,2414
94952,1492,13687,14213,14213,14213
94954,982,11996,12419,12431,12431
94957,148,586,652,652,652
94960,707,4170,4474,4474,4474
94965,319,2837,2977,2977,2977
95002,60,534,554,554,554
95003,927,7213,7601,7601,7601
95004,3,19,20,20,20
95005,63,705,731,731,731
95006,40,414,429,430,430
95007,0,1,1,1,1
95008,1725,11320,11967,11967,11967
95010,174,2922,2994,2994,2994
95012,28,1380,1388,1388,1388
95014,3110,13861,14968,14968,14968
95018,96,877,916,916,916
95019,56,1566,1588,1588,1588
95020,1274,12585,12988,13001,13001
95023,907,11640,11938,11938,11938
95030,1041,4024,4397,4402,4402
95032,1478,7289,7821,7829,7829
95033,7,41,44,44,44
95035,2479,14420,15226,15241,15241
95037,11,74,78,78,78
95039,2,39,40,40,40
95043,3,29,30,30,30
95045,0,2,2,2,2
95050,1152,8353,8711,8737,8737
95051,2069,11427,12181,12181,12181
95054,891,4320,4606,4606,4606
95060,1310,10903,11478,11478,11478
95062,1262,10943,11471,11471,11471
95064,48,362,378,379,379
95065,202,1996,2084,2084,2084
95066,462,3693,3912,3912,3912
95070,2158,9945,10693,10693,10693
95073,316,2874,3012,3012,3012
95076,1028,14065,14471,14471,14471
95110,430,3262,3423,3423,3423
95111,814,10877,11155,11155,11155
95112,1015,9731,10043,10063,10063
95113,28,174,184,184,184
95116,588,7436,7619,7626,7626
95117,486,4538,4722,4722,4722
95118,1231,8209,8659,8659,8659
95119,414,2743,2894,2897,2897
95120,2806,11249,12254,12254,12254
95121,918,8419,8742,8742,8742
95122,616,8978,9199,9199,9199
95123,1981,14608,15460,15475,15475
95124,2612,13860,14824,14824,14824
95125,2295,14315,15040,15055,15055
95126,671,6015,6272,6272,6272
95127,1254,13482,13928,13942,13942
95128,957,7575,7915,7915,7915
95129,1702,8696,9310,9320,9320
95130,668,3418,3667,3671,3671
95131,1021,6064,6396,6396,6396
95132,1528,9430,9989,9989,9989
95133,781,5030,5278,5283,5283
95134,368,1833,1954,1954,1954
95135,1098,5002,5437,5437,5437
95136,1149,9271,9647,9647,9647
95138,937,4543,4906,4906,4906
95139,345,1798,1907,1907,1907
95140,19,168,173,174,174
95148,1748,10747,11348,11348,11348
95202,90,1125,1156,1158,1158
95203,153,4595,4656,4656,4656
95204,395,9933,10095,10095,10095
95205,456,10695,10836,10858,10858
95206,690,17369,17652,17670,17670
95207,584,11466,11676,11676,11676
95209,620,11923,12154,12154,12154
95210,445,9058,9280,9280,9280
95212,438,7493,7677,7677,7677
95215,467,6989,7168,7183,7183
95219,553,7365,7569,7585,7585
95220,64,716,739,739,739
95231,28,1247,1260,1260,1260
95240,539,11796,11988,11988,11988
95242,459,8022,8202,8202,8202
95258,94,1290,1324,1325,1325
95301,604,11427,11625,11637,11637
95307,192,11733,11936,11948,11948
95316,106,2124,2165,2165,2165
95319,0,5,5,5,5
95320,250,4359,4453,4457,4457
95322,16,481,486,486,486
95326,111,3890,3974,3982,3982
95328,28,1078,1094,1096,1096
95330,360,3753,3909,3913,3913
95334,1,24,24,24,24
95336,692,14414,14752,14752,14752
95337,698,9283,9560,9560,9560
95340,834,11290,11580,11580,11580
95341,346,7905,8034,8050,8050
95348,434,8468,8667,8667,8667
95350,576,15531,15995,16011,16011
95351,351,12272,12548,12561,12561
95354,247,8246,8501,8501,8501
95355,424,17205,17682,17700,17700
95356,756,10720,10950,10961,10961
95357,335,5042,5150,5155,5155
95358,405,8670,8793,8802,8802
95361,714,9911,10187,10187,10187
95366,554,5484,5690,5701,5701
95367,567,7273,7474,7474,7474
95368,228,4233,4315,4315,4315
95380,610,12474,12690,12716,12716
95382,459,11087,11466,11477,11477
95388,108,3676,3713,3716,3716
95389,3,58,59,59,59
95401,640,10548,10819,10852,10852
95403,801,12733,13101,13114,13114
95404,770,11293,11666,11666,11666
95405,558,6892,7142,7142,7142
95407,340,10795,10948,10948,10948
95409,764,9392,9804,9814,9814
95436,78,1101,1135,1135,1135
95439,47,439,460,460,460
95441,7,74,77,77,77
95442,173,1132,1209,1209,1209
95448,573,6115,6357,6357,6357
95452,116,613,665,666,666
95470,27,511,522,522,522
95472,1098,11962,12411,12448,12448
95476,1294,14126,14869,14869,14869
95482,429,7221,7376,7384,7384
95492,766,8967,9332,9341,9341
95501,287,8655,8960,8978,8978
95503,130,6294,6476,6489,6489
95519,141,5249,5412,5423,5423
95521,197,4503,4672,4676,4676
95537,0,114,114,114,114
95564,1,40,41,41,41
95602,263,3955,4044,4044,4044
95603,808,9476,9850,9850,9850
95605,177,3400,3469,3473,3473
95608,545,17542,18195,18213,18213
95610,487,11953,12172,12172,12172
95612,5,85,87,87,87
95616,1150,9055,9483,9492,9492
95618,941,6909,7281,7289,7289
95619,45,1119,1135,1136,1136
95620,2,40,41,41,41
95621,310,12620,12917,12930,12930
95623,28,736,747,747,747
95624,736,19488,20449,20449,20449
95626,169,2121,2185,2187,2187
95628,717,13106,13767,13795,13795
95630,2589,20820,21851,21873,21873
95648,1616,18787,19468,19468,19468
95650,782,5404,5743,5749,5749
95652,20,442,453,456,456
95655,82,1411,1490,1496,1496
95658,239,3039,3143,3143,3143
95660,120,9153,9273,9283,9283
95661,570,6954,7207,7214,7214
95662,676,11460,11670,11681,11681
95663,186,1390,1470,1473,1473
95664,0,25,25,25,25
95667,395,6009,6169,6169,6169
95670,427,15352,15794,15810,15810
95672,230,1883,1984,1984,1984
95673,216,6380,6537,6557,6557
95677,617,8325,8557,8574,8574
95678,710,11893,12260,12260,12260
95682,829,9090,9420,9420,9420
95683,6,61,63,63,63
95687,1221,17435,17956,17956,17956
95688,1030,9999,10384,10384,10384
95691,866,11431,11870,11870,11870
95692,1,24,24,24,24
95695,517,9203,9391,9400,9400
95703,4,57,59,59,59
95713,74,1478,1505,1506,1506
95722,20,201,210,210,210
95742,521,4445,4640,4645,4645
95746,1464,7494,8189,8189,8189
95747,1969,19727,20485,20506,20506
95757,759,11997,12859,12885,12885
95758,813,18077,18928,18947,18947
95762,2022,13278,14155,14155,14155
95765,1115,10264,10736,10736,10736
95776,435,5939,6129,6129,6129
95811,49,1521,1585,1588,1588
95814,66,1008,1040,1040,1040
95815,200,6250,6431,6437,6437
95816,128,3709,3860,3864,3864
95817,88,3716,3823,3831,3831
95818,491,5297,5507,5507,5507
95819,284,5645,6031,6037,6037
95820,322,11218,11448,11494,11494
95821,339,9085,9377,9405,9405
95822,776,13814,14110,14110,14110
95823,444,18029,18399,18417,18417
95824,165,7040,7154,7169,7169
95825,210,5651,5797,5820,5820
95826,419,11193,11600,11600,11600
95827,175,6271,6472,6479,6479
95828,511,17088,17581,17581,17581
95829,447,8678,9098,9116,9116
95830,30,431,466,467,467
95831,844,12734,13182,13182,13182
95832,112,2819,2859,2865,2865
95833,502,9254,9481,9481,9481
95834,248,6229,6344,6344,6344
95835,381,10384,10884,10884,10884
95837,12,141,145,145,145
95838,304,9868,10091,10121,10121
95841,97,4983,5132,5132,5132
95842,138,8000,8113,8121,8121
95843,680,12368,12595,12608,12608
95864,426,8117,8674,8682,8682
95901,291,8174,8323,8323,8323
95917,1,29,29,29,29
95926,511,9084,9298,9307,9307
95928,611,9413,9665,9675,9675
95938,3,97,98,98,98
95945,268,4526,4623,4623,4623
95949,133,2024,2076,2076,2076
95953,5,110,112,112,112
95959,50,606,620,621,621
95961,264,5771,5871,5871,5871
95965,256,4906,5021,5021,5021
95966,438,10259,10446,10446,10446
95968,14,559,566,566,566
95973,786,9929,10215,10215,10215
95982,16,854,861,861,861
95991,681,11323,11542,11542,11542
95993,781,12131,12416,12416,12416
96001,625,12004,12274,12274,12274
96002,432,11101,11351,11351,11351
96003,837,16040,16352,16385,16385
96007,411,8185,8361,8378,8378
96008,13,159,165,165,165
96019,129,3179,3224,3227,3227
96022,1,19,20,20,20
96062,1,25,26,26,26
96069,0,1,1,1,1
96073,111,1221,1276,1277,1277
96087,5,87,90,90,90
96161,263,1746,1838,1842,1842
80002,40,292,4288,4399,4421
80003,28,412,9185,9325,9344
80004,0,656,9171,9485,9494
80005,0,1054,8729,9114,9187
80007,0,603,2737,2980,2998
80010,53,374,6543,6663,6683
80011,21,490,10319,10402,10423
80012,26,489,8553,8719,8737
80013,254,1248,19014,19522,19522
80014,41,374,6668,6790,6804
80015,38,1942,18617,19232,19232
80016,15,2616,13818,14764,14779
80017,68,286,7409,7499,7506
80018,0,287,3628,3714,3718
80019,0,57,701,715,717
80020,30,1462,14649,15228,15258
80021,43,578,8322,8581,8607
80022,72,1077,14001,14274,14346
80023,6,1146,5910,6302,6340
80026,0,831,8022,8357,8391
80027,18,1580,8422,9088,9125
80030,45,166,3130,3181,3191
80031,75,840,8992,9337,9337
80033,71,459,6858,7021,7063
80045,4,21,111,117,119
80108,0,79,347,374,374
80110,26,457,6278,6419,6432
80111,31,1447,7296,7804,7812
80112,8,823,7467,7739,7754
80113,6,769,5903,6149,6155
80118,0,1,3,3,3
80120,159,610,6397,6589,6622
80121,42,974,5609,5961,5967
80122,54,1043,8623,9010,9010
80123,0,1231,11566,12085,12097
80124,29,702,4580,4801,4816
80125,0,32,180,192,192
80126,10,1942,9407,10105,10115
80127,0,1595,12694,13337,13417
80128,0,883,10038,10349,10381
80129,68,1013,7142,7479,7494
80130,6,962,6119,6455,6455
80132,54,1120,5650,6011,6023
80133,2,20,300,304,305
80134,31,2060,14468,15216,15247
80137,0,4,42,43,43
80138,18,1329,8557,8970,8979
80202,4,51,382,401,403
80203,15,90,1354,1383,1389
80204,38,544,5261,5413,5430
80205,66,756,6373,6619,6639
80206,41,581,3952,4139,4151
80207,69,812,5452,5745,5769
80209,39,931,5297,5624,5647
80210,129,1566,8658,9165,9202
80211,0,1061,6865,7229,7258
80212,32,617,4285,4529,4539
80214,29,334,4616,4745,4769
80215,20,389,4885,5052,5062
80216,4,313,3666,3761,3772
80218,7,236,2121,2194,2203
80219,140,770,11421,11631,11678
80220,36,824,6914,7165,7172
80221,29,612,9533,9660,9708
80222,66,507,4896,5058,5073
80223,45,459,4827,4977,4992
80224,16,286,3819,3913,3925
80226,55,421,7586,7765,7788
80227,61,568,7428,7659,7682
80228,0,800,8294,8570,8621
80229,90,451,11103,11227,11272
80230,5,266,1548,1640,1647
80231,57,320,4659,4769,4783
80232,80,428,5908,6073,6110
80233,24,547,11972,12154,12166
80234,37,436,6102,6227,6245
80235,8,93,1459,1499,1504
80236,21,292,3330,3426,3433
80237,37,324,3579,3678,3689
80238,0,1053,4847,5224,5230
80239,35,306,8637,8742,8750
80241,9,639,8791,9007,9007
80246,18,107,1609,1633,1642
80247,36,130,2081,2111,2126
80249,38,368,7366,7486,7501
80260,0,167,5303,5368,5373
80301,28,715,5341,5555,5628
80302,3,390,2338,2482,2517
80303,52,781,4903,5181,5239
80304,6,739,5377,5715,5720
80305,34,635,3975,4284,4302
80401,0,999,7871,8296,8321
80403,25,775,4578,4863,4902
80465,12,519,3854,4075,4087
80503,0,47,473,499,500
80512,0,24,256,265,266
80514,0,12,252,257,257
80516,0,947,6222,6612,6619
80521,104,562,7152,7337,7396
80524,0,1027,10485,10856,10911
80525,73,1326,14049,14487,14559
80526,133,1002,11701,11990,12087
80528,6,735,5414,5724,5735
80534,11,134,1035,1089,1096
80535,1,29,679,688,689
80537,0,682,12771,13086,13099
80538,0,1138,15525,15942,16006
80543,0,2,40,41,41
80547,2,148,734,797,799
80550,12,265,2963,3068,3077
80601,102,520,10032,10215,10236
80602,45,1676,10735,11301,11335
80603,39,322,4197,4278,4291
80620,47,308,5096,5195,5211
80621,0,5,77,79,79
80631,138,609,11288,11449,11518
80634,0,1052,17787,18131,18149
80640,7,235,3530,3609,3613
80642,0,11,89,93,93
80645,0,2,93,94,94
80817,256,7819,7955,8003,8003
80829,17,331,344,347,347
80840,20,725,732,736,736
80902,38,1208,1223,1230,1232
80903,48,267,3338,3414,3421
80904,369,6170,6416,6487,6487
80905,4,300,4146,4218,4222
80906,688,8977,9474,9560,9570
80907,118,656,7701,7851,7890
80908,59,399,2440,2568,2574
80909,138,591,9073,9212,9248
80910,283,5985,6108,6139,6157
80911,393,10342,10555,10650,10650
80915,0,367,6341,6418,6438
80916,296,8275,8411,8462,8478
80917,46,292,7595,7687,7695
80918,53,871,12904,13168,13194
80919,660,8570,9084,9148,9148
80920,72,1134,11730,12068,12080
80921,23,989,5541,5833,5839
80922,26,543,8617,8766,8766
80923,35,420,8611,8760,8760
80924,8,259,1837,1908,1912
80925,26,666,685,691,691
80926,2,23,24,24,24
80927,4,46,329,342,342
80951,0,0,1,1,1
81001,463,8594,8807,8878,8896
81003,246,4551,4693,4736,4741
81004,361,7389,7589,7666,7666
81005,396,10671,10957,11001,11001
81006,129,4328,4421,4439,4439
81007,318,6956,7216,7230,7230
81008,195,3620,3725,3747,3751
81022,0,1,1,1,1
81334,0,0,1,1,1
81401,0,0,8,8,8
81415,0,0,1,1,1
81501,180,470,6720,6859,6900
81503,45,210,5603,5660,5677
81504,0,514,9871,10042,10062
81505,4,332,3873,3993,4001
81506,24,325,3969,4054,4066
81507,0,501,5339,5498,5504
81520,17,261,3403,3466,3480
81521,68,375,5074,5188,5209
81526,2,24,341,348,348
6001,185,809,3704,3962,4030
6002,136,488,5473,5615,5666
6010,249,1073,15148,15443,15521
6013,46,270,1220,1286,1312
6016,48,188,2025,2073,2096
6019,2,17,140,145,147
6023,7,31,377,385,389
6026,53,202,1637,1691,1712
6029,147,579,4068,4284,4319
6032,182,695,4271,4471,4539
6033,329,1023,5399,5688,5780
6035,17,254,1853,1911,1928
6037,193,792,6364,6584,6664
6040,259,709,7362,7560,7621
6042,109,388,5354,5442,5480
6043,14,81,623,646,653
6051,120,328,5134,5181,5207
6052,74,175,1769,1828,1839
6053,160,572,6783,6929,6964
6060,5,27,186,194,196
6062,129,378,5032,5151,5177
6066,190,509,6601,6723,6777
6067,75,603,5163,5330,5373
6070,107,592,2771,2911,2976
6071,69,350,2844,2961,2988
6073,61,248,928,1002,1026
6074,456,1385,7439,7911,8007
6078,189,653,3591,3795,3857
6081,7,27,310,315,319
6082,276,983,11573,11909,11969
6084,16,96,519,550,557
6085,58,262,1667,1739,1758
6088,21,80,1875,1899,1907
6089,12,86,551,574,583
6090,8,29,118,128,130
6092,18,82,266,289,295
6093,41,216,1256,1307,1329
6095,231,668,7995,8209,8250
6096,88,298,3892,4001,4021
6103,5,18,153,157,159
6105,48,162,1514,1543,1559
6106,206,460,4761,4834,4888
6107,181,903,4027,4336,4402
6108,142,357,4789,4843,4882
6109,270,895,8051,8329,8414
6110,116,345,3405,3493,3528
6111,419,828,8757,9030,9112
6112,158,373,3246,3313,3350
6114,186,369,4122,4177,4219
6117,152,719,3095,3314,3378
6118,171,569,6649,6793,6848
6119,133,402,2566,2688,2712
6120,76,194,1764,1795,1811
6226,69,205,2616,2637,2651
6237,1,12,139,143,144
6238,1,5,55,57,57
6241,1,3,42,43,43
6249,2,7,48,50,50
6250,28,81,588,602,615
6254,5,22,156,161,162
6255,15,50,769,781,786
6256,2,10,286,289,290
6260,40,128,1496,1520,1533
6266,1,1,33,33,33
6268,42,102,496,531,540
6277,7,29,420,430,432
6280,1,2,28,29,29
6320,99,538,5426,5443,5492
6330,5,30,293,297,298
6331,0,1,11,11,11
6334,6,20,165,171,171
6335,13,54,323,334,337
6338,0,0,1,1,1
6339,15,49,353,364,366
6340,175,733,6303,6452,6485
6351,25,128,1345,1360,1364
6355,24,146,813,846,851
6359,0,0,5,5,5
6360,169,733,6342,6472,6497
6365,3,23,223,227,228
6370,1,4,40,41,41
6374,0,0,12,12,12
6375,11,65,525,537,541
6380,18,48,494,503,507
6382,73,224,1499,1546,1559
6385,59,295,2302,2350,2361
6401,167,347,4521,4581,4618
6403,68,206,1501,1557,1571
6405,274,934,7756,7965,8046
6410,332,1396,6289,6675,6777
6416,102,424,4082,4209,4243
6418,93,379,3237,3297,3317
6424,1,2,18,19,19
6437,18,73,386,407,412
6441,0,0,2,2,2
6444,0,0,24,24,24
6450,202,631,7876,8071,8095
6451,144,494,5433,5506,5556
6455,27,101,961,993,1001
6456,6,15,61,65,66
6457,242,1049,11221,11428,11532
6460,81,1283,10983,11399,11561
6461,77,565,4005,4202,4275
6468,177,713,3516,3723,3772
6470,2,6,28,29,30
6471,49,225,1821,1868,1889
6472,69,256,1488,1567,1575
6473,65,890,6736,7037,7167
6477,68,608,3698,3869,3968
6478,97,369,2838,2929,2953
6479,92,379,3140,3258,3295
6480,58,293,2667,2750,2767
6481,5,31,417,428,429
6483,117,396,4015,4153,4165
6484,390,1492,9301,9632,9759
6489,271,1056,8921,9266,9341
6492,380,1593,11789,12145,12267
6510,15,55,257,274,280
6511,252,750,6893,7087,7188
6512,242,785,8080,8323,8348
6513,161,393,5812,5884,5961
6514,182,535,5925,6010,6065
6515,32,233,2552,2629,2647
6516,24,692,11634,11837,11920
6517,91,418,3430,3598,3638
6518,118,463,3120,3242,3274
6519,44,125,2258,2297,2311
6524,71,265,1382,1468,1481
6525,111,551,1902,2076,2097
6604,162,266,3733,3806,3845
6605,36,245,3483,3577,3602
6606,240,677,8619,8797,8886
6607,32,84,1407,1433,1440
6608,49,123,1832,1866,1887
6610,120,288,3650,3703,3748
6611,473,1792,8257,8801,8908
6612,43,195,623,676,688
6614,120,765,8834,9101,9221
6615,46,386,4947,5091,5143
6702,33,98,542,554,560
6704,193,450,5226,5301,5344
6705,97,403,5007,5074,5094
6706,59,212,3066,3107,3116
6708,268,789,6651,6788,6871
6710,88,208,1421,1461,1479
6712,63,324,2632,2709,2730
6716,80,536,4534,4675,4708
6762,45,335,1951,2038,2058
6770,246,747,7443,7651,7705
6779,58,190,2430,2490,2503
6782,2,6,39,40,41
6786,29,86,936,957,965
6787,0,0,5,5,5
6795,48,337,3317,3407,3437
6798,3,10,85,88,89
6807,148,506,1650,1817,1846
6820,470,2153,4935,5530,5666
6824,508,1880,6582,7141,7250
6825,219,860,4448,4744,4861
6830,319,1296,4942,5309,5401
6831,275,1265,3593,3929,4038
6840,338,1264,3201,3602,3675
6850,118,648,3255,3417,3459
6851,241,801,5247,5461,5488
6853,109,445,1135,1246,1280
6854,137,527,4282,4379,4419
6855,59,271,1825,1874,1891
6870,131,561,1605,1752,1793
6878,192,693,1457,1680,1714
6880,670,2061,5673,6196,6381
6890,114,404,1122,1235,1264
6897,9,37,95,106,108
6901,17,48,338,349,352
6902,308,1131,8693,8956,9019
6903,230,777,2320,2526,2578
6905,123,706,3922,4058,4111
6906,93,316,1793,1878,1903
6907,112,359,1664,1745,1770
19701,0,640,10536,11010,11054
19702,33,387,10738,11037,11059
19703,0,60,1428,1466,1472
19706,1,22,581,592,596
19707,0,619,4115,4537,4592
19709,0,3,30,32,32
19711,0,725,9283,9715,9813
19713,21,350,6952,7095,7152
19720,0,526,16532,16888,16939
19732,0,2,15,17,17
19801,0,197,2861,2959,2983
19802,0,242,4440,4536,4573
19803,0,613,5509,5954,6014
19804,0,232,5952,6068,6117
19805,0,463,8504,8670,8749
19806,29,178,1938,2026,2049
19807,0,344,2169,2434,2459
19808,0,548,10718,11121,11177
19809,10,216,3133,3241,3271
19810,31,499,5829,6209,6234
19901,55,366,8963,9109,9146
19904,0,185,7910,7999,8023
19931,0,1,36,37,37
19933,0,0,2,2,2
19934,48,170,3581,3700,3703
19936,0,1,25,26,26
19940,0,16,638,647,649
19943,0,18,717,732,733
19946,0,9,322,329,329
19956,5,60,1285,1307,1315
19962,18,74,3025,3071,3074
19973,13,171,3083,3159,3169
19979,0,8,327,334,334
19980,0,0,89,89,89
32003,100,893,4367,8652,8962
32009,8,23,82,195,201
32011,0,1,14,47,48
32043,67,182,1300,4326,4402
32065,121,474,4996,10763,10962
32068,223,626,4172,13574,13741
32073,137,472,5618,12292,12317
32080,259,634,3705,8044,8227
32081,104,609,1979,3835,4017
32082,169,1266,5096,9823,10256
32084,36,386,3255,7115,7187
32086,43,272,3490,8358,8426
32092,14,258,1636,3422,3537
32095,3,22,107,225,233
32110,48,82,576,1259,1285
32114,365,624,3836,7874,8012
32117,147,407,3911,8445,8575
32118,114,252,2576,5569,5678
32119,157,320,3280,6979,7064
32124,0,54,762,1650,1677
32127,300,611,5515,11678,11882
32128,133,295,3262,7254,7298
32129,115,313,3438,7503,7588
32132,14,116,1560,3466,3494
32136,108,284,1667,3709,3771
32137,228,1016,7710,16926,17364
32141,15,146,3255,7210,7247
32159,323,490,12440,12763,12853
32162,821,1368,29065,30069,30312
32163,106,287,2715,4501,4589
32164,198,725,7147,16171,16335
32168,271,428,4718,10178,10345
32169,10,338,2331,4722,4829
32174,392,1045,8323,18194,18530
32176,83,513,3539,7304,7470
32179,3,9,247,258,260
32195,4,7,301,310,312
32202,21,41,371,746,755
32204,78,188,1078,2107,2133
32205,117,430,3721,7629,7754
32206,400,502,3226,6186,6249
32207,312,693,4765,9442,9588
32208,363,588,4695,9518,9655
32209,499,759,5263,10152,10288
32210,354,927,8205,16461,16714
32211,47,323,3723,7707,7809
32212,2,4,196,441,441
32216,283,672,5144,10203,10382
32217,80,326,2613,5220,5295
32218,333,789,5976,17121,17261
32219,100,181,1545,4678,4721
32220,102,214,2362,4764,4817
32221,103,413,4499,9252,9346
32222,36,89,1673,3506,3531
32223,167,469,3896,7704,7855
32224,87,677,4990,9341,9535
32225,181,889,7949,16128,16375
32226,71,361,1859,5282,5391
32227,13,22,281,547,555
32233,96,389,3109,6192,6307
32244,338,625,7985,16629,16781
32246,267,605,6581,13740,13894
32250,265,1004,4776,9002,9220
32254,204,357,2262,4394,4466
32256,159,597,4786,9752,9842
32257,160,662,5041,10360,10520
32258,28,418,4625,9221,9420
32259,186,1499,6636,13430,13901
32266,10,178,1212,2381,2448
32277,114,322,3478,7042,7099
32301,93,266,2297,4557,4603
32303,234,484,4274,8426,8530
32304,377,611,2585,4880,4972
32305,42,114,2265,2457,2482
32308,82,279,2234,4458,4517
32309,166,473,2993,5708,5844
32310,124,196,1118,2104,2132
32311,47,258,2071,4163,4244
32312,133,650,3315,6285,6524
32317,50,267,1682,3180,3267
32333,0,0,2,7,7
32401,238,428,4243,6650,6752
32403,4,22,565,922,929
32404,287,487,10507,12317,12429
32405,147,383,6012,9612,9749
32407,102,276,2751,4320,4386
32408,157,382,4557,7308,7428
32409,32,63,1160,1878,1892
32413,167,640,6113,9627,9755
32444,75,258,4208,6658,6753
32459,89,266,1694,2517,2588
32466,37,100,1011,1171,1191
32501,155,366,2247,3842,3921
32502,87,157,1094,1900,1939
32503,118,611,5981,10408,10644
32504,112,398,4629,7792,7911
32505,261,382,5210,9209,9265
32506,279,680,6163,10910,11010
32507,127,654,5544,9457,9662
32508,8,16,229,413,415
32514,150,486,6255,11330,11469
32526,52,312,7116,12854,12958
32531,0,1,7,18,18
32533,151,559,6471,11406,11581
32534,35,176,3215,5784,5837
32536,43,142,1151,3025,3056
32539,35,92,1259,3504,3533
32561,1,3,14,23,24
32570,30,446,4944,9669,9798
32571,67,491,5615,10895,11063
32577,0,1,4,8,8
32583,76,250,2701,5321,5381
32601,212,368,1563,2991,3050
32603,102,177,407,647,680
32605,31,270,2385,4970,5051
32606,180,426,2439,4824,4929
32607,203,397,1887,3801,3916
32608,484,935,7448,8024,8225
32609,78,140,1167,3818,3849
32615,63,191,2970,3253,3276
32617,22,43,536,559,565
32618,26,53,685,750,759
32640,0,0,0,1,1
32641,139,232,2745,2968,2983
32653,177,373,3886,4294,4405
32667,0,0,2,2,2
32669,6,63,540,1121,1145
32701,123,280,4410,4671,4714
32702,2,4,38,39,40
32703,385,856,13488,14045,14173
32707,293,543,3995,10693,10747
32708,323,899,5337,13525,13862
32709,5,13,84,188,190
32712,683,1183,14064,14793,15066
32713,17,316,3822,8183,8266
32714,237,371,6917,7288,7370
32720,267,519,6911,7289,7371
32724,137,392,4218,8910,9037
32725,113,500,7182,15882,16059
32726,156,279,6482,6720,6768
32730,30,55,1159,1225,1234
32732,0,0,1,2,2
32735,14,39,1515,1562,1567
32736,6,72,467,1023,1049
32738,151,568,5590,12353,12530
32744,6,31,459,999,1011
32746,186,678,4156,10511,10818
32750,145,460,3040,7862,7935
32751,301,628,5746,6104,6236
32754,51,127,1215,2163,2198
32757,336,560,8034,8439,8594
32759,29,50,260,541,552
32763,77,338,2766,5798,5839
32764,5,21,215,459,465
32765,272,1361,6956,16242,16701
32766,124,675,2468,5280,5460
32771,83,751,5145,13447,13725
32773,106,325,2903,7977,8033
32776,7,137,1529,3412,3486
32778,196,399,7713,8023,8120
32779,316,756,5864,6304,6495
32780,145,526,7085,12895,13053
32784,69,106,1747,1822,1848
32789,218,1080,5051,8203,8534
32792,698,1109,11540,12175,12300
32796,38,250,4171,7449,7525
32798,27,50,1458,1503,1515
32801,73,179,927,1491,1527
32803,206,662,6556,6976,7054
32804,370,887,6273,6728,6923
32805,284,383,5776,6041,6140
32806,371,877,7780,8176,8362
32807,164,391,8629,9002,9048
32808,411,787,11085,11590,11696
32809,303,439,6807,7088,7174
32810,315,485,8053,8360,8462
32811,199,371,6338,6564,6590
32812,274,592,8310,8663,8760
32814,68,214,1386,1489,1527
32817,196,657,4382,9450,9725
32818,360,742,10681,11086,11153
32819,554,981,8260,8823,8987
32820,33,240,1513,3176,3293
32821,100,187,4593,4722,4770
32822,392,674,11698,12065,12176
32824,267,483,12184,12489,12667
32825,523,793,15885,16611,16847
32826,191,477,2997,6641,6688
32827,254,622,3705,3980,4118
32828,332,1063,7343,16099,16315
32829,137,269,4976,5166,5255
32830,0,1,19,20,20
32832,179,475,4795,5148,5238
32833,51,166,1477,3310,3347
32835,255,676,8206,8540,8742
32836,391,1038,6053,6411,6620
32837,272,668,12889,13448,13530
32839,307,444,6456,6715,6776
32901,168,386,4678,8248,8323
32903,92,401,2726,4649,4732
32904,68,587,6277,11121,11188
32905,112,262,4143,7439,7476
32907,94,377,8537,15505,15646
32908,22,74,2401,4310,4345
32909,125,410,6203,11211,11336
32920,63,128,1283,2288,2304
32922,143,307,2943,5187,5245
32925,9,24,182,305,310
32926,138,332,5186,9052,9162
32927,104,531,5793,10242,10367
32931,105,365,2340,4041,4142
32934,190,625,3881,6532,6695
32935,129,473,7816,14141,14256
32937,65,722,5154,8892,9133
32940,89,644,5501,9565,9793
32949,17,88,605,1043,1070
32950,23,125,1136,2023,2071
32951,165,386,2780,4921,5097
32952,101,705,4600,8050,8235
32953,171,604,5072,8720,8882
32955,224,671,7774,13618,13828
32958,13,37,470,928,932
32960,176,415,4086,7860,7924
32962,107,293,4753,9652,9710
32963,229,1359,4389,7477,7976
32966,232,457,3649,7080,7167
32967,129,406,3100,5990,6058
32968,6,232,2891,5561,5617
33004,164,350,1906,4065,4162
33009,265,519,2778,5909,6038
33010,197,371,4227,7736,7799
33012,151,559,6435,11415,11566
33013,252,406,4388,7962,8036
33014,91,288,3726,6940,6975
33015,131,498,6122,11627,11710
33016,130,313,3465,6421,6466
33018,229,642,6057,11185,11346
33019,71,299,1515,3222,3306
33020,87,476,4403,10601,10676
33021,182,789,5338,11743,12010
33023,331,663,7769,18114,18317
33024,515,1144,8352,18649,18801
33025,324,567,4363,9910,9951
33026,174,571,3671,7699,7818
33027,489,1426,5996,12639,12890
33028,105,613,3329,7181,7360
33029,68,1216,6395,12900,13419
33032,30,62,687,1217,1226
33033,0,0,5,9,9
33054,219,359,4242,7687,7765
33055,232,511,6257,11412,11516
33056,194,416,4989,9045,9202
33060,319,520,3557,8178,8304
33062,120,434,2206,4761,4906
33063,145,310,2761,6460,6585
33064,140,949,6894,15143,15423
33065,58,166,1875,4386,4430
33066,66,123,795,1742,1762
33067,0,4,19,40,41
33069,79,178,1386,3222,3248
33071,38,166,1136,2611,2676
33073,1,2,18,39,40
33109,5,32,59,82,92
33122,7,12,172,327,328
33125,251,423,4266,7662,7764
33126,47,206,3004,5807,5837
33127,137,313,3513,6427,6453
33128,18,24,305,545,549
33129,66,145,933,1663,1715
33130,31,153,996,1776,1822
33131,6,24,93,151,159
33132,8,23,154,273,282
33133,158,835,4096,6788,7004
33134,187,856,5394,9459,9666
33135,209,346,2848,5120,5156
33136,86,128,784,1392,1408
33137,81,244,1401,2442,2480
33138,236,529,3446,6122,6262
33139,121,282,1730,2971,3073
33140,74,442,1788,3014,3137
33141,103,220,1983,3591,3646
33142,305,563,6382,11474,11626
33143,355,1002,4372,7418,7686
33144,129,302,3394,6306,6364
33145,247,516,3821,6822,6977
33146,81,654,2225,3549,3753
33147,412,715,6657,11931,12052
33149,48,328,998,1549,1658
33150,230,434,3344,6075,6124
33154,82,296,1230,2035,2108
33155,413,933,7234,12882,13149
33156,278,1600,5328,8538,8963
33157,328,1119,6800,11726,12042
33158,61,366,1244,2007,2121
33160,84,224,1243,2180,2210
33161,173,466,4939,8966,9066
33162,163,403,5050,9419,9534
33165,282,713,7089,13143,13304
33166,137,497,3635,6335,6427
33167,124,266,2507,4482,4541
33168,21,179,3586,6814,6856
33169,160,336,4515,8247,8365
33170,29,53,521,934,945
33172,69,144,1558,2949,2973
33173,134,524,3641,6443,6604
33174,101,239,2461,4513,4568
33176,175,948,5781,9840,10129
33178,87,286,2356,4199,4282
33179,100,328,3636,6544,6631
33180,49,271,1411,2437,2527
33181,42,123,1312,2401,2430
33183,0,1,4,8,8
33185,0,1,10,18,19
33189,0,164,3260,6003,6064
33190,45,119,1443,2600,2624
33301,10,271,1522,3147,3252
33304,72,410,2065,4279,4446
33305,95,397,1757,3613,3724
33306,30,126,543,1132,1174
33308,94,541,2899,6018,6143
33309,105,258,2893,6817,6928
33311,291,776,6660,15907,16004
33312,149,834,6554,14478,14761
33313,142,402,3528,8229,8305
33314,157,363,2606,5931,5992
33315,66,295,2100,4275,4333
33316,45,309,1474,3061,3171
33317,200,621,4555,10203,10382
33319,71,147,1736,3876,3931
33321,0,0,3,7,7
33322,104,389,4184,9336,9460
33323,62,465,2607,5429,5576
33324,164,636,4190,9324,9526
33325,161,573,3736,8619,8834
33326,69,616,3520,7364,7580
33327,51,936,3092,5823,6121
33328,197,772,3817,8140,8388
33330,84,657,2453,4880,5106
33331,52,828,3425,6916,7182
33332,0,431,1629,3272,3405
33334,180,468,3793,8811,8910
33351,36,99,1856,4457,4502
33401,101,345,2343,4638,4734
33403,27,91,1622,3329,3377
33404,327,698,4282,8297,8495
33405,346,615,3257,6638,6818
33406,167,420,3136,6492,6565
33407,274,516,3924,7652,7707
33408,91,480,2603,4837,4948
33409,116,238,2920,6006,6042
33410,107,938,5396,10227,10472
33411,47,124,894,1733,1773
33412,5,29,172,327,339
33413,54,142,1328,2629,2651
33415,130,304,3514,7116,7188
33417,111,283,2634,5424,5507
33418,385,1518,6085,10861,11422
33426,79,230,3087,6483,6522
33431,121,493,2344,4615,4735
33432,144,554,2317,4127,4267
33433,137,512,3538,6946,7097
33434,67,240,1488,2818,2873
33435,220,513,4627,8916,9053
33436,237,821,6655,13589,13798
33437,65,151,1256,2521,2567
33441,242,516,2899,6186,6288
33442,112,304,2633,6081,6168
33444,155,434,2931,5773,5868
33445,167,501,4157,8098,8206
33446,2,9,51,96,99
33455,258,659,4392,8650,8810
33460,121,335,4596,9145,9275
33461,222,393,4122,8398,8467
33462,96,519,4679,9338,9501
33463,137,606,5661,11139,11322
33467,3,7,54,107,109
33469,0,0,2,5,5
33472,32,102,712,1404,1434
33480,39,568,1684,2718,2914
33483,55,444,2067,3710,3855
33484,82,213,1836,3657,3698
33486,182,749,3342,6149,6364
33487,78,311,1474,2751,2821
33496,37,258,842,1506,1581
33510,106,258,4353,7506,7551
33511,354,777,8024,13269,13460
33523,0,0,4,4,4
33527,145,388,2825,4675,4806
33534,93,146,2594,4382,4404
33543,308,708,7307,7515,7661
33544,105,288,3536,3648,3727
33545,0,0,3,3,3
33547,111,637,3125,5024,5220
33548,157,363,2018,2148,2211
33549,171,376,5434,5588,5662
33556,659,1389,7883,8375,8674
33558,487,966,6437,6666,6916
33559,179,282,3646,3738,3780
33563,166,253,4204,7145,7181
33565,73,219,2573,4477,4504
33566,64,324,3714,6238,6314
33567,30,75,1122,1938,1954
33569,142,575,5032,8048,8206
33570,67,177,2404,4711,4759
33572,132,800,4489,7378,7657
33573,147,476,5266,8966,9085
33578,391,720,7475,12348,12474
33579,152,588,5628,9254,9396
33584,244,520,4654,7725,7780
33592,36,149,1359,2306,2336
33594,149,700,6606,11239,11365
33596,58,643,5614,9424,9619
33598,41,166,1762,3382,3427
33602,38,263,1385,2161,2229
33603,120,348,3397,5543,5646
33604,251,588,5681,9471,9597
33605,215,418,3809,6151,6246
33606,146,581,2617,4029,4215
33607,222,551,4236,6970,7070
33609,85,619,3108,5046,5249
33610,348,697,6074,10018,10120
33612,515,747,5955,9892,9973
33613,272,498,3345,5625,5706
33614,260,465,6362,10613,10765
33615,218,629,7108,11822,11955
33617,340,570,5424,9000,9138
33618,142,584,4582,7618,7783
33619,150,493,6276,10539,10646
33624,229,568,7004,11822,12016
33625,123,330,4411,7511,7611
33626,606,1306,7786,8187,8452
33629,240,1181,4160,6335,6665
33634,80,312,3646,6008,6063
33635,107,310,2835,4726,4803
33637,62,116,2106,3574,3603
33647,179,1352,9430,15750,16092
33701,207,391,3057,3135,3209
33702,450,928,9175,9385,9500
33703,562,1150,8275,8485,8722
33704,405,850,5283,5531,5763
33705,371,725,7945,8110,8217
33706,413,910,5903,6196,6323
33707,427,737,8070,8204,8329
33708,336,584,5937,6068,6167
33709,372,520,8427,8548,8618
33710,399,686,12055,12279,12467
33711,250,473,5350,5483,5550
33712,437,625,7246,7389,7509
33713,271,767,10913,11127,11251
33714,202,335,6202,6278,6303
33715,115,223,1751,1801,1850
33716,74,145,2181,2196,2219
33755,335,634,6985,7146,7233
33756,498,725,8733,8878,9005
33759,214,423,4480,4559,4624
33760,160,257,3582,3671,3712
33761,282,478,5883,6036,6104
33762,114,221,2513,2547,2578
33763,156,291,4094,4170,4191
33764,493,798,8575,8809,8916
33765,193,339,4030,4122,4181
33767,153,327,1865,1969,2029
33770,330,585,7977,8109,8216
33771,354,516,9935,10016,10086
33772,351,634,8287,8416,8536
33773,355,606,7143,7284,7357
33774,169,397,5852,5937,6003
33776,353,606,4655,4809,4948
33777,222,533,5772,5886,5964
33778,298,494,6122,6242,6318
33781,503,839,8985,9172,9237
33782,294,474,7970,8051,8133
33785,152,270,2311,2373,2439
33786,91,183,811,876,913
33801,263,537,5568,10326,10431
33803,236,565,5189,10101,10184
33805,190,326,3593,6684,6718
33809,159,390,4612,8711,8782
33810,236,555,7186,13650,13789
33811,131,408,4406,7988,8086
33812,42,188,2453,4588,4658
33813,264,1055,6654,12102,12378
33815,193,332,3321,5214,5289
33823,242,656,6023,11182,11412
33825,239,417,6434,6755,6816
33827,20,40,479,493,500
33830,299,463,8626,8934,8988
33837,243,564,10480,10933,11033
33838,29,42,1548,1601,1606
33839,26,83,633,1156,1180
33843,15,38,1264,1315,1321
33844,399,624,11764,12250,12425
33848,5,7,40,42,43
33850,23,93,1541,2867,2891
33852,6,13,246,253,255
33853,244,350,4346,4517,4576
33856,0,0,209,209,209
33859,64,136,4062,4202,4219
33860,125,280,3841,7262,7321
33868,34,72,1105,1143,1157
33870,299,587,10291,10589,10611
33872,119,249,4976,5132,5163
33875,76,164,2690,2792,2812
33876,60,102,1435,1483,1498
33880,638,1023,12420,13031,13203
33881,597,856,12339,12741,12910
33884,279,509,11511,11997,12106
33896,125,223,4414,4585,4622
33897,196,432,9567,9714,9763
33898,106,163,3919,4033,4062
33901,260,574,4091,5719,5831
33903,264,451,7440,10836,10924
33904,353,795,9977,14392,14584
33905,339,690,8562,12290,12441
33907,162,293,3654,5123,5170
33908,539,1124,10068,14503,14802
33909,188,386,6659,9765,9854
33912,269,751,5331,7617,7760
33913,202,867,5827,8117,8277
33914,428,1060,13717,16812,16949
33916,173,368,3737,5281,5356
33917,356,940,9585,13843,14085
33919,238,609,6666,9275,9418
33920,54,156,1875,2622,2674
33921,83,182,630,868,916
33922,44,132,1656,2389,2416
33928,340,859,6034,8595,8828
33931,148,494,3927,5459,5601
33935,0,0,2,5,5
33936,284,558,7278,8741,8838
33946,23,169,1306,1832,1871
33947,153,291,3502,5021,5072
33948,101,234,5482,7665,7751
33950,399,865,7600,10751,10940
33952,304,593,10175,14280,14381
33953,106,230,2447,3440,3518
33954,17,151,2897,4126,4172
33955,56,264,3187,4546,4607
33956,82,202,1995,2409,2471
33957,187,742,3252,4502,4674
33965,3,5,49,70,71
33966,105,223,2121,3016,3072
33967,121,406,5804,8482,8559
33971,65,251,5624,8015,8072
33972,87,216,3135,4544,4572
33973,88,153,1937,2338,2359
33974,123,236,4130,4863,4887
33976,38,76,4002,4754,4759
33980,72,250,3849,5473,5523
33981,97,291,3991,5623,5663
33982,92,163,2147,3001,3044
33983,82,198,4199,5748,5801
33990,240,647,7992,11742,11934
33991,187,340,5949,8426,8451
33993,212,645,6822,9845,9956
34102,153,765,3575,4978,5178
34103,148,546,2677,3750,3913
34104,81,299,5530,7944,8057
34105,179,627,3193,4439,4618
34108,269,991,4441,6140,6422
34109,286,753,4960,7172,7391
34110,293,960,5554,7790,7986
34112,181,498,6077,8884,9011
34113,225,497,4729,6593,6750
34114,187,555,4608,6711,6864
34116,93,337,4927,7061,7147
34117,46,141,1577,2243,2296
34119,242,1019,6742,9689,9932
34120,23,153,1713,2480,2523
34134,265,989,4293,6059,6317
34135,175,998,12101,17144,17337
34142,0,0,1,1,1
34145,404,1095,5789,6935,7199
34201,36,211,1305,1903,1965
34202,199,625,3543,5223,5450
34203,301,726,9134,13420,13557
34205,200,447,6334,9368,9454
34207,267,475,7836,11371,11487
34208,380,627,6931,10067,10201
34209,281,619,7428,10995,11186
34210,148,316,2629,3892,3940
34211,88,257,1370,1956,2012
34212,34,352,2774,4032,4150
34219,46,363,4338,6457,6523
34221,187,703,10246,15369,15510
34222,58,193,3851,5753,5817
34223,304,766,8004,10954,11145
34224,327,526,6336,8932,9013
34228,114,377,1743,2470,2592
34229,97,363,2399,3448,3549
34231,272,769,8092,11487,11700
34232,233,665,8087,11424,11552
34233,97,306,4825,6851,6927
34234,106,340,4918,6956,7026
34235,220,386,3652,5173,5328
34236,98,403,2190,2984,3088
34237,125,226,3330,4745,4774
34238,208,733,5351,7374,7597
34239,216,523,4492,6309,6440
34240,26,399,2551,3549,3645
34241,154,466,3186,4482,4571
34242,189,559,2862,3929,4126
34243,178,623,7449,10873,10996
34250,7,21,189,236,242
34269,28,49,802,1451,1462
34275,316,765,6571,9268,9431
34285,164,491,6217,8871,9016
34286,31,225,5239,7669,7723
34287,120,385,8245,11863,11959
34288,73,238,3396,4749,4802
34289,1,13,491,728,731
34291,51,114,2063,2955,2985
34292,163,452,4756,6883,7010
34293,475,1097,12613,17913,18060
34420,186,284,5058,5374,5412
34428,50,76,872,907,914
34429,120,208,2450,2533,2580
34432,6,8,154,163,164
34434,1,2,38,40,40
34436,14,25,382,397,401
34442,85,146,2325,2470,2503
34446,89,212,3245,3385,3392
34448,118,166,2703,2768,2788
34450,72,128,1417,1495,1515
34452,106,151,2910,2989,3004
34453,59,82,2253,2316,2340
34461,32,85,1801,1863,1888
34465,161,259,4996,5121,5167
34470,87,223,5846,6156,6194
34471,465,752,7782,8221,8373
34472,321,486,8731,9070,9098
34473,5,10,166,315,317
34474,143,296,4855,5183,5272
34475,244,397,3478,3700,3772
34476,245,429,9620,10100,10213
34479,175,246,4234,4400,4440
34480,178,428,6137,6480,6539
34481,153,334,6619,6904,6939
34482,98,231,4586,4856,4885
34484,41,93,919,962,972
34488,24,50,946,987,993
34491,139,398,8624,9142,9244
34601,144,196,2744,2842,2871
34604,86,171,2399,2480,2505
34606,267,489,10751,10996,11051
34607,59,191,2280,3383,3442
34608,311,559,11968,12316,12391
34609,556,1004,14831,15202,15325
34610,184,329,5339,5489,5545
34613,192,275,6177,6311,6362
34614,10,32,400,602,613
34638,295,614,5346,5533,5641
34639,244,535,6280,6432,6564
34652,416,607,10886,11089,11156
34653,122,453,11931,12127,12176
34654,226,403,6864,6963,7041
34655,501,1203,16026,16360,16627
34667,313,709,15917,16346,16461
34668,736,1115,19326,19764,19843
34669,165,301,5713,5867,5884
34677,355,725,7338,7569,7669
34679,0,0,16,23,23
34681,2,4,38,39,40
34683,272,902,11942,12139,12313
34684,357,795,8615,8757,8873
34685,271,582,5300,5492,5639
34688,160,336,2522,2639,2701
34689,459,991,9939,10220,10346
34690,141,224,6243,6345,6384
34691,397,669,10110,10309,10382
34695,306,681,5999,6253,6349
34698,398,821,12341,12649,12803
34705,4,8,431,441,443
34711,610,1276,17554,18072,18423
34714,79,174,5049,5233,5281
34715,93,154,3859,4005,4041
34731,106,162,3351,3478,3509
34734,64,139,1348,1420,1456
34736,6,11,217,225,227
34737,7,23,486,509,515
34741,295,434,7829,8091,8140
34743,213,374,10321,10577,10620
34744,254,565,10994,11317,11466
34746,677,1133,14872,15376,15644
34747,476,941,10864,11375,11538
34748,185,359,11093,11487,11591
34756,23,81,911,968,983
34758,193,314,11837,11969,12018
34759,372,643,10715,11132,11234
34760,19,42,321,348,357
34761,413,802,11713,12314,12439
34762,2,7,102,107,108
34769,67,261,8137,8381,8415
34771,117,341,4420,4588,4644
34772,252,383,8924,9270,9336
34785,116,185,2980,3093,3121
34786,736,1829,10544,11375,11732
34787,1027,1849,16794,18195,18569
34788,238,340,6090,6308,6385
34797,30,58,471,488,501
34945,29,55,543,1070,1083
34946,222,392,1484,2718,2766
34947,112,206,1845,3694,3720
34949,50,173,1230,2337,2373
34950,266,537,2680,4920,5017
34951,112,230,3255,6491,6543
34952,132,729,8330,16312,16361
34953,109,309,4358,8917,9017
34957,182,612,4626,9329,9415
34981,0,3,126,267,268
34982,74,175,2296,4555,4578
34983,280,669,7758,15158,15438
34984,24,215,2988,5862,5946
34986,59,506,4254,8246,8313
34990,235,1074,5063,9656,10035
34994,102,362,2543,4970,5015
34996,67,301,1873,3564,3638
34997,247,719,5616,10941,11053
30002,3,9,13,20,24
30004,106,258,440,591,713
30005,8,85,187,263,365
30008,80,86,97,103,109
30009,68,114,152,190,251
30011,25,29,38,44,46
30012,108,131,177,193,208
30013,90,97,111,125,132
30014,0,0,0,0,0
30016,166,193,230,285,294
30017,41,41,75,129,170
30019,125,160,187,240,312
30021,26,26,26,32,34
30022,92,185,401,740,909
30024,173,173,269,461,691
30028,2,4,8,13,16
30030,111,160,197,213,250
30032,127,149,164,172,187
30033,84,137,177,213,244
30034,157,178,220,241,252
30035,54,64,74,89,113
30038,199,228,275,294,360
30039,68,101,180,192,225
30040,15,131,189,334,450
30041,0,56,198,437,593
30043,416,492,530,605,681
30044,234,324,342,396,432
30045,9,18,36,91,182
30046,222,249,267,312,320
30047,225,225,255,315,419
30052,40,53,119,225,278
30058,260,303,332,361,390
30060,146,163,187,211,220
30062,74,350,552,718,884
30064,136,227,330,398,478
30066,136,187,238,375,460
30067,235,267,316,348,356
30068,71,204,337,479,594
30071,51,56,82,112,133
30072,0,0,0,0,0
30075,182,349,606,864,1136
30076,124,168,248,354,398
30078,116,164,193,222,242
30079,24,26,28,30,32
30080,109,164,236,291,336
30082,170,240,278,290,309
30083,101,110,118,135,143
30084,110,146,146,183,229
30087,122,174,200,209,226
30088,50,69,83,87,92
30092,169,180,215,244,273
30093,120,120,127,134,148
30094,114,114,123,149,193
30096,222,245,268,291,303
30097,373,423,510,584,684
30101,133,150,350,449,533
30102,50,91,107,149,182
30103,1,1,1,1,1
30106,98,115,121,138,138
30107,0,1,2,3,4
30114,68,95,171,225,259
30115,49,57,120,141,219
30116,7,7,12,14,15
30117,88,92,108,116,136
30120,3,3,3,3,3
30121,2,2,2,3,4
30122,164,193,212,236,255
30126,198,248,268,327,367
30127,366,401,471,505,558
30132,28,36,36,71,107
30134,180,190,218,237,266
30135,181,272,347,377,423
30137,1,1,1,1,2
30141,28,51,79,102,113
30144,278,302,326,375,435
30147,5,5,6,6,8
30152,337,424,482,568,655
30157,47,63,71,71,71
30161,106,118,123,151,151
30165,149,159,175,186,191
30168,38,43,43,67,81
30173,1,1,1,1,1
30180,0,0,0,0,0
30187,2,2,4,7,9
30188,225,273,353,418,466
30189,38,57,107,157,214
30205,3,4,5,6,7
30213,20,59,108,147,206
30214,105,131,157,244,279
30215,21,21,114,196,248
30223,19,21,23,26,26
30228,339,421,434,502,516
30234,0,0,0,0,0
30236,126,146,167,220,230
30238,278,297,335,373,383
30248,61,99,122,145,168
30252,113,163,225,263,300
30253,131,245,294,344,393
30260,116,139,162,167,185
30268,54,61,69,71,78
30269,168,257,313,369,441
30273,130,130,135,157,157
30274,270,283,297,297,297
30276,6,14,19,23,27
30277,83,90,95,105,127
30281,236,236,236,254,254
30288,91,97,108,110,112
30290,27,41,74,96,115
30291,26,31,42,52,63
30294,137,137,174,187,249
30296,80,111,118,130,155
30297,95,100,114,119,123
30305,98,130,161,199,230
30306,62,99,117,168,205
30307,72,101,127,161,187
30308,30,33,40,53,66
30309,47,49,67,79,93
30310,145,155,171,191,212
30311,171,183,203,236,248
30312,78,96,106,124,134
30313,6,9,11,12,14
30314,202,213,234,258,282
30315,213,254,289,325,355
30316,194,231,281,319,381
30317,46,73,88,108,137
30318,206,256,330,388,429
30319,133,228,279,329,424
30324,55,78,88,98,106
30326,1,2,3,4,6
30327,177,233,319,362,453
30328,60,66,102,161,215
30329,60,62,81,92,100
30331,283,295,340,385,442
30336,38,51,58,67,69
30337,33,47,55,65,73
30338,132,190,278,359,403
30339,64,94,109,139,166
30340,48,61,96,113,135
30341,110,146,191,216,231
30342,82,106,135,192,233
30344,92,97,107,122,141
30345,21,21,64,82,106
30346,1,1,1,2,4
30349,518,536,573,647,703
30350,89,94,99,138,178
30354,86,91,98,103,105
30360,18,24,37,46,73
30363,4,6,7,8,9
30458,196,201,201,237,248
30461,15,21,22,27,32
30501,131,151,191,210,237
30504,25,32,43,64,89
30506,5,7,12,14,18
30507,22,28,30,32,36
30517,10,11,11,11,20
30518,131,197,251,338,415
30519,100,156,278,356,445
30542,29,92,132,155,190
30548,26,31,41,52,59
30564,0,0,0,0,0
30565,0,0,0,0,0
30566,42,44,50,53,53
30601,406,435,464,499,539
30605,460,469,522,566,566
30606,239,287,322,430,454
30607,32,32,32,32,32
30619,0,0,0,0,0
30620,1,1,1,1,1
30621,0,0,1,1,2
30622,13,13,27,51,67
30646,6,7,7,8,8
30655,0,0,0,0,0
30677,14,36,72,87,126
30680,0,0,0,0,0
30683,17,17,20,21,24
30701,57,73,83,104,120
30705,35,35,37,39,44
30707,2,3,4,4,6
30720,51,61,87,92,107
30721,116,116,116,116,128
30725,23,24,28,32,35
30735,2,3,3,4,6
30736,141,159,206,244,253
30738,0,0,0,0,0
30740,0,0,0,0,0
30741,79,98,98,98,108
30742,42,45,45,45,47
30750,0,5,12,19,24
30755,0,0,0,0,0
30757,0,0,0,0,0
30802,0,1,1,1,2
30805,4,5,5,5,5
30809,85,240,310,451,578
30813,232,276,320,343,376
30815,148,174,200,226,252
30901,386,400,421,442,477
30904,372,392,463,503,543
30905,10,11,13,14,18
30906,489,509,529,570,631
30907,251,376,486,533,549
30909,308,360,385,424,488
31005,9,23,51,75,84
31008,50,66,77,85,99
31020,0,0,0,0,0
31028,11,11,11,11,13
31030,11,12,16,16,17
31032,0,0,0,0,0
31047,27,37,43,48,51
31052,8,9,10,11,13
31088,188,205,205,205,256
31093,241,250,277,295,313
31098,6,10,11,13,15
31201,223,251,267,296,318
31204,339,376,450,495,532
31206,598,627,656,685,743
31210,0,12,84,144,186
31211,126,136,143,161,169
31216,4,5,5,5,6
31217,239,253,279,297,305
31220,6,7,11,17,22
31301,3,3,3,5,5
31302,11,13,14,16,17
31313,121,143,154,165,192
31315,22,24,24,24,24
31322,121,157,185,207,228
31324,0,0,0,1,1
31401,337,353,369,401,439
31404,107,134,147,160,194
31405,203,234,244,285,346
31406,250,264,286,323,360
31407,24,24,28,31,31
31408,41,41,41,41,46
31410,48,91,112,122,165
31411,19,37,45,54,62
31415,178,189,209,224,232
31419,150,160,203,224,246
31520,47,54,58,59,64
31523,18,23,24,35,35
31525,19,22,26,30,43
31601,352,375,397,436,497
31602,239,279,295,343,367
31605,71,102,117,163,188
31606,10,12,14,15,15
31632,14,16,18,19,19
31636,0,0,0,0,0
31701,316,346,353,359,390
31705,399,443,458,465,487
31707,94,106,112,119,137
31721,154,170,175,191,196
31763,93,110,131,153,159
31791,2,2,2,2,3
31808,2,3,4,5,6
31820,7,9,11,12,14
31901,94,103,103,118,133
31903,303,315,346,346,352
31904,223,268,301,346,379
31905,61,71,71,71,74
31906,272,312,332,391,431
31907,422,509,580,597,632
31909,156,179,212,235,268
96701,7520,8166,8174,8174,8174
96706,14542,15838,15838,15838,15838
96707,8714,9544,9544,9544,9544
96720,4268,4527,4536,4536,4536
96725,101,105,105,105,105
96732,5748,6039,6045,6045,6045
96734,5589,6204,6210,6210,6210
96740,9349,9978,9978,9978,9978
96744,9056,9919,9929,9929,9929
96753,7989,8453,8453,8453,8453
96761,5021,5352,5352,5352,5352
96779,864,911,912,912,912
96782,8290,8982,8982,8982,8982
96786,5562,5924,5930,5930,5930
96789,12628,13537,13578,13578,13578
96793,6927,7269,7277,7277,7277
96795,24,26,26,26,26
96797,12282,13378,13378,13378,13378
96813,3111,3409,3412,3412,3412
96814,1066,1150,1157,1157,1157
96815,2587,2777,2782,2782,2782
96816,12050,13334,13361,13361,13361
96817,7478,8130,8138,8138,8138
96818,7757,8306,8306,8306,8306
96819,7790,8551,8560,8560,8560
96821,5642,6537,6543,6543,6543
96822,6047,6594,6601,6601,6601
96825,7100,7950,7958,7958,7958
96826,2451,2616,2630,2630,2630
50007,0,2,29,30,30
50009,121,368,5792,5937,6028
50010,558,5103,5182,5240,5266
50014,331,2600,2663,2706,2720
50021,97,515,7182,7339,7451
50023,136,623,9389,9584,9721
50035,32,104,1703,1738,1761
50047,40,93,2061,2089,2104
50061,22,105,563,598,621
50073,5,14,98,104,107
50105,18,303,306,310,310
50109,23,72,534,563,577
50111,66,239,4287,4367,4402
50131,217,690,5977,6239,6386
50134,5,55,56,57,57
50156,4,52,52,53,53
50201,0,5,5,5,5
50211,47,239,3008,3099,3134
50226,344,1526,1596,1635,1637
50237,6,29,493,500,508
50248,0,4,4,4,4
50265,298,690,9840,10169,10293
50266,152,432,4662,4805,4913
50309,13,41,839,857,864
50310,64,279,7001,7123,7159
50311,61,203,2791,2866,2904
50312,133,395,3111,3204,3310
50313,113,191,5530,5581,5603
50314,88,199,2038,2078,2115
50315,182,355,8462,8557,8626
50316,66,128,3577,3617,3624
50317,210,478,11367,11553,11635
50320,105,295,4596,4701,4744
50321,38,104,1759,1796,1821
50322,233,597,9751,9984,10096
50323,71,289,1280,1380,1441
50324,31,94,1603,1627,1644
50325,87,377,3270,3410,3494
50327,73,266,3684,3788,3854
50613,914,9441,9647,9804,9824
50626,0,1,21,22,22
50634,0,0,74,75,75
50643,49,674,687,693,695
50647,0,0,7,7,7
50648,0,0,1,1,1
50651,2,31,32,32,32
50667,5,9,313,321,323
50701,148,521,8116,8515,8628
50702,121,249,6177,6305,6337
50703,108,210,5443,5608,5642
50707,16,81,2563,2671,2685
51054,49,146,1562,1611,1641
51101,34,57,400,415,424
51103,64,128,3890,3962,3982
51104,121,292,4898,4974,5014
51105,36,91,1937,1969,1983
51106,140,450,7118,7273,7369
51108,25,91,1394,1433,1445
51109,13,22,1033,1041,1044
51111,0,0,245,245,245
51501,310,648,13251,13373,13467
51503,206,690,10022,10166,10279
51510,30,75,1533,1555,1564
51526,2,8,129,132,133
52001,558,8913,9069,9105,9142
52002,117,1865,1896,1911,1915
52003,182,2057,2095,2118,2118
52227,78,1025,1048,1059,1060
52228,96,645,672,685,685
52233,158,1864,1907,1924,1930
52240,498,4544,4662,4724,4743
52241,129,298,3695,3832,3902
52242,2,5,48,49,50
52245,78,272,3328,3456,3516
52246,156,436,3182,3328,3428
52302,913,11550,11751,11870,11882
52314,2,23,24,24,24
52317,6,59,61,62,62
52324,13,243,245,246,246
52328,104,998,1029,1040,1040
52333,0,2,2,2,2
52338,5,35,36,37,37
52341,22,198,208,210,210
52401,50,516,524,530,532
52402,730,10173,10340,10444,10444
52403,540,5742,5867,5926,5938
52404,689,11857,12002,12051,12087
52405,411,7207,7303,7332,7347
52411,622,2482,2637,2733,2733
52722,341,1079,10665,11074,11324
52748,29,290,295,299,299
52753,34,98,1428,1470,1489
52801,9,17,200,207,210
52802,97,180,3204,3291,3321
52803,118,345,4958,5087,5134
52804,119,313,6067,6180,6223
52806,618,7976,8057,8106,8130
52807,79,281,3786,3893,3944
83201,298,9415,9853,9922,9922
83202,205,5048,5227,5253,5264
83204,126,3200,3345,3390,3393
83209,0,10,11,11,11
83301,486,15854,16113,16178,16194
83328,16,976,982,988,988
83341,38,1182,1218,1225,1225
83401,370,9599,10153,10245,10256
83402,212,6952,7511,7548,7548
83404,363,6236,6730,6853,6860
83406,175,4464,4828,4857,4857
83427,6,508,541,542,542
83501,293,6812,11643,11725,11748
83605,260,10407,10775,10840,10840
83607,202,5659,5915,5933,5945
83616,877,9067,9915,10076,10086
83634,23,606,627,634,634
83642,877,15179,15769,15960,15960
83644,1,17,18,18,18
83646,826,17618,18612,18724,18743
83651,226,9841,10211,10252,10252
83669,67,1390,1452,1463,1463
83686,373,14191,14817,14891,14906
83687,247,11410,11728,11763,11775
83702,388,5747,6085,6165,6171
83703,274,4991,5207,5270,5270
83704,253,11739,12028,12064,12064
83705,216,8047,8246,8296,8296
83706,465,8621,9032,9114,9123
83709,764,19896,20495,20639,20639
83712,206,2245,2424,2456,2456
83713,377,9204,9591,9649,9658
83714,510,7251,7591,7722,7722
83716,366,4883,5150,5223,5228
83814,148,967,6873,7021,7049
83815,48,1295,11789,11957,11969
83833,0,6,49,49,49
83835,70,911,7683,7768,7776
83854,102,1241,14435,14552,14581
83858,61,477,4001,4078,4082
60002,128,355,449,577,699
60004,194,402,603,797,975
60005,83,114,159,202,247
60007,61,326,428,621,845
60012,1,2,2,3,4
60014,62,256,346,478,603
60015,284,688,1023,1326,1554
60016,197,384,614,822,932
60018,103,205,271,367,418
60022,34,235,400,504,623
60025,343,658,963,1182,1506
60026,129,329,462,555,672
60029,5,14,21,29,34
60030,154,494,757,954,1207
60031,240,563,792,1011,1240
60033,1,2,4,5,6
60034,8,19,30,38,51
60035,409,772,1097,1421,1746
60040,13,39,63,79,88
60041,0,1,1,2,2
60043,36,90,142,182,226
60044,61,145,257,348,424
60045,235,616,921,1232,1561
60046,179,339,612,847,970
60047,20,38,54,70,84
60048,475,832,1265,1571,1893
60053,127,288,373,471,619
60056,71,261,545,735,972
60060,65,200,388,529,618
60061,124,238,422,541,660
60062,171,740,1332,1798,2117
60064,136,180,217,245,316
60068,315,914,1280,1604,1899
60069,53,149,225,288,377
60070,53,92,138,182,225
60071,0,1,1,1,1
60073,58,254,393,532,752
60076,110,287,522,742,952
60077,114,186,248,347,378
60083,65,150,222,270,326
60084,3,7,10,13,14
60085,149,273,348,521,633
60087,83,121,179,236,262
60088,7,16,23,29,31
60089,341,655,904,1107,1301
60090,135,205,293,346,428
60091,155,507,909,1255,1509
60093,272,578,888,1116,1417
60096,70,101,133,163,194
60097,16,23,32,36,40
60098,145,307,397,524,632
60099,258,313,383,430,493
60101,66,197,347,385,554
60102,8,57,103,153,190
60103,128,465,825,1080,1277
60104,20,69,124,153,208
60106,63,103,125,143,192
60107,173,354,444,497,564
60108,113,231,378,508,604
60110,15,22,30,36,42
60118,2,8,12,15,18
60119,5,10,19,25,32
60120,39,76,115,129,157
60123,47,91,147,199,268
60124,38,197,356,524,669
60126,573,977,1393,1862,2292
60130,90,156,223,263,292
60131,77,124,170,237,288
60133,143,255,359,430,526
60134,293,628,1014,1315,1533
60136,32,54,104,144,166
60137,281,588,912,1193,1483
60139,86,172,238,304,370
60140,10,45,112,148,189
60141,0,0,0,0,0
60142,195,430,574,758,871
60143,32,111,181,254,330
60148,259,554,726,899,1096
60153,156,211,278,350,400
60154,24,140,244,335,409
60155,108,151,181,208,237
60156,75,187,257,321,428
60157,15,36,56,65,82
60160,21,89,116,174,226
60162,22,55,77,110,134
60163,9,22,30,35,41
60164,110,149,174,194,224
60165,4,5,13,15,21
60169,1,3,5,6,7
60171,32,66,83,105,129
60172,164,314,400,537,635
60173,3,7,10,12,14
60174,126,337,480,674,868
60175,6,335,636,930,1110
60176,58,91,119,143,160
60177,85,243,401,523,651
60180,0,1,1,2,2
60181,182,305,378,465,494
60184,23,51,87,113,132
60185,105,356,485,631,752
60187,185,356,509,719,846
60188,96,298,452,712,837
60189,62,359,628,732,912
60190,67,147,227,310,393
60191,44,95,117,172,226
60193,154,212,365,577,692
60194,17,30,49,67,75
60201,164,354,550,704,831
60202,77,180,295,415,496
60203,16,71,125,170,208
60301,4,7,9,13,14
60302,162,360,533,671,833
60304,67,253,379,505,602
60305,27,191,296,408,525
60402,180,329,524,629,778
60403,68,118,168,187,246
60404,91,213,347,468,608
60406,71,132,194,212,243
60409,204,272,332,383,443
60410,21,38,56,72,89
60411,388,618,776,848,949
60415,59,79,89,91,101
60417,23,41,58,72,90
60419,137,192,230,279,312
60421,1,3,5,7,8
60422,99,153,219,281,358
60423,209,580,865,1122,1321
60425,51,73,98,120,138
60426,226,324,373,434,495
60428,77,124,138,159,186
60429,115,175,270,337,381
60430,73,146,197,270,321
60431,72,168,288,318,390
60432,125,171,222,250,269
60433,63,98,129,153,184
60435,212,387,474,599,761
60436,139,161,187,217,239
60438,160,257,313,361,389
60439,207,437,608,741,911
60440,222,371,531,692,865
60441,158,366,554,693,802
60442,2,7,11,15,20
60443,155,239,353,460,550
60445,155,189,275,366,412
60446,116,189,274,379,463
60447,0,2,5,8,9
60448,150,393,515,644,808
60449,1,3,5,6,7
60451,94,364,645,759,967
60452,66,154,257,383,449
60453,221,413,634,900,1165
60455,71,101,143,180,210
60456,5,9,13,13,15
60457,70,113,151,179,218
60458,37,78,110,120,133
60459,64,144,360,448,521
60461,63,97,133,167,199
60462,172,375,622,740,836
60463,76,213,289,388,460
60464,73,169,239,354,401
60465,42,104,146,184,211
60466,109,131,167,193,211
60467,104,423,653,757,913
60469,14,27,36,42,49
60471,101,135,158,192,242
60472,30,42,51,60,71
60473,156,202,260,299,358
60475,33,42,47,52,56
60476,6,14,23,27,32
60477,141,272,375,506,637
60478,84,137,211,256,308
60480,31,60,81,105,118
60482,56,73,85,119,131
60484,0,0,0,0,1
60487,189,320,466,590,684
60490,114,378,564,721,865
60491,113,408,634,846,959
60501,51,86,128,154,191
60502,144,328,483,700,844
60503,63,169,244,327,413
60504,67,258,450,666,766
60505,90,203,316,384,564
60506,390,556,710,852,958
60510,93,334,513,715,886
60512,3,7,15,20,26
60513,83,188,276,337,442
60514,51,143,289,413,506
60515,248,540,760,944,1065
60516,87,330,480,629,857
60517,106,254,430,522,578
60519,0,0,0,1,1
60521,194,554,918,1150,1373
60523,168,323,405,513,614
60525,220,464,635,903,1115
60526,54,125,214,300,389
60527,255,582,738,965,1157
60532,117,274,426,531,624
60534,42,65,79,90,104
60538,62,112,156,200,244
60540,185,749,1162,1640,1933
60542,35,166,347,467,593
60543,127,339,614,772,1005
60544,226,339,501,646,800
60546,99,189,307,433,541
60554,7,13,20,28,35
60555,54,131,185,235,309
60558,99,348,581,814,997
60559,106,259,395,477,630
60560,4,26,59,81,99
60561,196,334,458,524,642
60563,72,382,584,743,945
60564,341,997,1641,2272,2714
60565,330,903,1256,1696,1972
60585,62,412,652,851,1092
60586,273,614,927,1105,1405
60601,2,7,9,12,16
60602,0,2,3,4,5
60603,1,3,6,7,9
60604,3,6,8,10,11
60605,18,35,53,67,79
60606,1,3,5,8,10
60607,91,166,216,295,364
60608,298,432,555,648,812
60609,414,592,852,935,1112
60610,34,98,151,186,227
60611,10,24,35,45,52
60612,182,297,412,556,676
60613,47,148,281,358,429
60614,298,555,818,1047,1373
60615,97,185,255,285,328
60616,191,266,381,442,567
60617,579,792,908,1043,1178
60618,299,641,1111,1424,1695
60619,575,840,1032,1135,1371
60620,622,845,861,1036,1180
60621,409,479,559,646,692
60622,140,434,720,860,1073
60623,424,588,671,753,871
60624,242,276,339,388,460
60625,112,353,539,623,772
60626,47,88,135,163,201
60628,393,559,756,1013,1194
60629,282,476,628,758,1018
60630,166,575,856,1086,1226
60631,213,500,705,877,1057
60632,176,319,447,543,734
60633,81,132,165,198,223
60634,175,403,701,964,1035
60636,278,365,434,564,651
60637,204,335,456,545,618
60638,126,540,828,1008,1224
60639,347,480,640,746,840
60640,61,173,269,320,403
60641,203,418,645,800,1003
60642,37,132,203,270,360
60643,208,451,705,890,1109
60644,223,282,382,476,529
60645,33,121,225,313,455
60646,182,364,652,857,1046
60647,188,543,853,1086,1297
60649,235,331,400,448,469
60651,347,456,555,634,733
60652,363,429,561,649,759
60653,159,223,255,316,372
60654,19,41,58,71,88
60655,116,356,520,656,752
60656,62,156,237,362,431
60657,147,367,497,661,785
60659,83,155,261,328,422
60660,40,91,128,151,179
60661,3,10,16,22,27
60706,74,195,256,309,403
60707,153,383,488,613,785
60712,78,221,339,460,531
60714,144,311,479,631,775
60803,142,247,294,383,446
60804,258,353,407,502,597
60805,69,132,281,321,418
60827,219,337,437,513,599
60901,165,294,394,447,535
60910,3,4,4,5,6
60914,38,101,165,215,274
60915,17,29,36,46,58
60922,0,0,0,0,0
60964,0,0,0,0,0
61008,73,219,320,466,640
61011,17,78,141,208,253
61016,29,66,92,116,140
61025,0,5,9,13,15
61065,67,106,125,151,190
61072,2,3,4,5,6
61073,35,107,190,239,267
61101,189,277,315,390,447
61102,96,165,213,235,293
61103,114,174,309,396,463
61104,137,219,280,356,432
61107,227,372,481,572,672
61108,123,202,263,333,438
61109,235,305,348,375,436
61111,121,182,295,371,454
61114,77,159,217,309,347
61115,106,195,277,326,391
61201,0,0,0,85,192
61239,0,1,3,4,5
61240,2,2,5,5,25
61241,0,0,0,3,7
61244,0,0,41,116,158
61256,1,4,5,7,8
61264,0,0,0,11,58
61265,13,40,40,158,303
61273,0,0,0,0,0
61275,0,0,0,0,1
61282,0,2,37,54,78
61284,0,0,0,0,2
61301,45,80,107,147,155
61320,0,0,0,1,2
61341,16,23,29,39,46
61348,13,26,40,53,66
61350,69,153,195,243,291
61354,23,61,107,118,141
61362,17,40,58,69,89
61364,123,150,187,208,238
61373,0,1,2,3,3
61523,15,23,26,31,36
61525,17,131,255,380,487
61526,0,0,0,0,0
61528,8,51,96,131,158
61535,2,17,30,41,52
61536,0,1,1,1,1
61547,3,7,10,14,17
61548,10,28,53,77,100
61550,17,41,59,87,98
61554,183,248,300,392,601
61568,1,5,10,14,19
61571,39,80,106,137,170
61602,50,67,80,96,108
61603,133,177,226,253,288
61604,155,240,326,412,507
61605,174,224,270,326,380
61606,37,61,83,110,129
61607,30,87,130,182,199
61610,37,44,47,55,62
61611,118,200,264,337,409
61614,139,224,378,447,470
61615,99,268,501,642,776
61616,40,63,78,93,105
61701,261,333,441,486,558
61704,63,294,514,724,892
61705,62,113,230,335,406
61725,1,1,2,2,3
61748,0,1,1,1,2
61761,302,671,794,984,1163
61772,0,0,0,0,0
61776,3,10,13,18,21
61801,193,299,401,477,530
61802,101,147,198,257,340
61814,0,1,1,2,2
61817,0,3,4,5,5
61820,266,392,501,614,736
61821,127,227,319,396,517
61822,88,154,263,359,429
61832,168,252,315,371,427
61833,5,8,11,14,17
61834,4,9,13,17,21
61841,0,0,0,0,0
61858,0,2,3,3,4
61864,1,2,2,2,3
61874,44,74,111,137,167
61880,0,0,1,1,1
61883,11,19,26,28,30
62025,0,1,1,2,2
62034,37,69,114,148,192
62040,392,533,596,737,815
62059,12,22,32,39,45
62060,40,58,76,108,124
62062,41,62,95,130,157
62090,12,20,23,28,35
62201,78,126,170,202,220
62203,80,106,133,166,188
62204,87,114,138,169,201
62205,137,192,205,228,286
62206,75,100,129,159,179
62207,98,121,151,183,223
62208,114,176,233,284,340
62221,6,10,16,20,28
62223,102,156,207,251,271
62226,22,63,91,123,131
62232,59,98,132,157,179
62234,193,299,406,483,570
62236,4,12,20,26,31
62239,28,42,60,68,77
62240,9,14,18,22,26
62260,5,9,13,17,21
62269,31,63,88,119,152
62521,115,170,237,279,334
62522,45,80,123,158,184
62523,16,22,29,34,40
62526,144,262,373,484,530
62535,10,29,48,66,85
62544,0,0,0,1,1
62549,13,31,49,61,74
62554,1,2,2,3,3
62558,2,3,4,6,8
62561,8,16,21,33,39
62563,34,81,112,138,172
62625,2,5,8,11,14
62629,50,91,164,236,313
62670,0,0,1,1,2
62677,0,1,3,4,5
62684,16,45,72,95,119
62701,6,11,14,17,19
62702,346,491,636,648,782
62703,212,369,490,637,730
62704,232,331,430,496,552
62707,3,29,79,126,141
62711,154,279,347,461,558
62712,93,152,211,260,319
62957,3,4,5,6,6
62960,2,3,4,5,6
46001,0,0,0,0,1
46011,134,160,174,651,1741
46012,109,134,168,852,2578
46013,198,241,305,1115,3339
46016,401,437,537,1567,4465
46017,19,24,30,226,751
46032,1173,1491,1780,2043,2333
46033,1050,1342,1657,1903,2206
46037,871,1222,1601,1924,2191
46038,632,800,1020,1188,1355
46040,161,246,298,351,400
46051,22,25,26,190,633
46052,30,33,39,104,361
46055,179,232,293,367,415
46056,4,5,5,19,46
46060,382,593,764,856,1027
46062,480,619,720,1401,3971
46064,64,90,123,145,171
46068,4,4,4,12,60
46069,6,7,8,21,82
46074,648,861,1126,1275,1477
46075,53,69,96,108,120
46077,786,1049,1376,1657,1891
46106,273,322,366,696,1613
46107,22,40,58,72,112
46110,6,7,10,13,85
46111,3,5,5,8,52
46112,542,688,873,1058,1230
46113,120,137,159,175,208
46118,0,0,1,1,4
46122,4,4,5,19,68
46123,692,835,907,2255,6527
46124,1,1,1,5,18
46126,53,64,77,179,559
46130,15,18,20,45,120
46131,541,597,671,1771,5295
46140,44,52,67,75,80
46142,246,305,442,521,708
46143,750,857,1053,1161,1464
46151,69,82,90,254,822
46158,367,463,527,791,3051
46162,4,4,5,32,94
46163,105,170,216,256,281
46167,30,34,37,96,245
46168,367,489,540,591,662
46181,1,1,1,2,6
46184,156,166,190,736,2758
46201,657,782,861,951,1087
46202,315,391,468,544,629
46203,536,635,762,903,1030
46204,36,46,52,60,70
46205,349,471,577,638,691
46208,266,371,457,507,587
46214,176,227,265,271,309
46216,27,35,42,44,55
46217,276,387,409,453,563
46218,664,817,960,1021,1195
46219,505,628,739,813,936
46220,389,522,646,779,956
46221,153,220,277,296,382
46222,229,299,368,468,647
46224,275,354,401,433,488
46225,99,129,170,194,222
46226,496,634,692,750,946
46227,258,358,487,587,788
46228,109,164,206,240,303
46229,220,266,294,349,450
46231,75,95,107,119,139
46234,232,315,381,464,505
46235,500,546,592,704,741
46236,594,820,953,1035,1168
46237,295,372,501,565,693
46239,304,379,401,466,542
46240,208,234,278,334,386
46241,321,341,393,455,610
46250,134,162,222,254,305
46254,185,263,321,380,448
46256,343,444,498,607,716
46259,310,385,460,550,620
46260,240,350,452,569,672
46268,186,241,275,309,350
46278,156,205,257,304,376
46280,70,97,121,132,156
46304,265,329,922,2484,3816
46307,89,103,371,979,1476
46311,298,339,1456,3428,5282
46312,669,749,1754,4409,6556
46319,208,263,963,2962,4575
46320,292,372,800,2275,3315
46321,629,700,1639,4282,6310
46322,327,365,1566,4509,7041
46323,387,405,1295,3775,5616
46324,299,349,1240,3744,5738
46327,150,161,663,2026,3225
46341,4,4,17,48,76
46342,378,429,2094,6130,9308
46350,7,8,10,29,98
46360,449,497,546,1365,4807
46368,494,605,1914,5884,9078
46373,120,134,251,537,739
46375,489,598,1657,4342,6597
46383,498,618,1622,4233,6703
46385,464,534,1659,3978,6221
46391,1,1,3,14,24
46393,0,0,2,13,21
46394,221,277,896,2387,3664
46402,165,210,496,1246,1822
46403,250,325,802,2041,3077
46404,521,601,1305,3504,5210
46405,179,208,694,1967,3013
46406,141,176,539,1642,2509
46407,486,609,1181,2821,4056
46408,246,289,798,2680,3984
46409,150,185,528,1762,2690
46410,535,666,2099,5974,9254
46530,722,794,921,1500,3976
46544,337,410,526,1326,5250
46545,247,283,334,885,3597
46554,0,0,0,1,4
46561,31,35,42,144,562
46601,137,157,195,307,755
46613,197,230,294,509,1793
46614,408,470,532,1358,4410
46615,182,196,229,589,2279
46616,51,60,71,185,804
46617,221,260,299,523,1593
46619,322,372,415,868,3198
46628,336,392,473,1081,3996
46635,76,86,107,281,974
46637,180,221,230,541,2132
46706,0,1,1,3,9
46723,9,12,14,16,86
46725,3,4,5,7,24
46741,9,10,11,41,147
46745,2,2,3,15,50
46748,122,145,181,464,1142
46765,112,143,163,444,1122
46774,113,123,138,887,2857
46783,28,36,42,50,149
46788,7,9,9,25,69
46798,1,2,2,2,20
46802,120,151,179,520,1773
46803,230,259,305,712,2034
46804,461,569,678,1771,5106
46805,237,296,355,1198,3680
46806,246,253,333,1050,4157
46807,125,136,201,878,2730
46808,311,341,417,1394,4340
46809,143,157,175,610,2041
46814,546,657,744,1332,2668
46815,275,307,331,1365,4603
46816,212,225,295,754,2365
46818,216,283,364,1375,4216
46819,69,69,72,92,416
46825,246,275,341,1572,5312
46835,404,447,534,1789,6216
46845,561,721,880,1919,4817
46901,360,395,474,1009,3889
46902,306,325,373,833,4069
46914,0,0,0,0,1
46932,4,5,6,16,120
47106,4,4,5,15,37
47111,247,286,351,1131,3052
47117,6,8,9,24,102
47119,127,144,160,451,978
47129,215,228,274,1212,4022
47130,448,531,663,3698,10114
47141,0,0,0,1,4
47143,16,18,20,209,537
47150,855,927,1236,4345,11599
47172,333,424,507,1732,4659
47201,400,495,573,1445,4311
47203,249,283,317,669,2119
47226,1,1,2,6,20
47280,10,11,12,37,107
47302,464,507,670,1977,5320
47303,328,375,515,1381,3617
47304,350,399,440,1635,4205
47305,120,127,170,365,918
47320,1,1,1,6,18
47334,21,24,30,124,377
47342,2,2,2,11,29
47356,4,4,5,22,64
47383,0,0,0,1,2
47396,44,58,69,302,860
47401,860,998,1165,2219,5084
47403,326,369,404,1349,4742
47404,353,383,436,1016,3257
47408,284,318,359,733,2082
47429,43,58,71,214,662
47601,5,18,70,117,131
47610,26,84,272,459,519
47630,854,1973,5885,9854,11020
47708,37,54,137,219,243
47710,396,897,3160,5392,6010
47711,566,1627,6037,10821,11809
47712,256,626,2702,4859,5327
47713,260,570,1670,2812,3122
47714,504,1266,5073,8673,9573
47715,540,1174,4480,7392,8275
47720,315,664,2585,4325,4753
47725,271,555,1634,2660,2997
47802,420,462,563,1545,4569
47803,348,366,447,970,3217
47804,163,196,253,595,2195
47805,176,202,221,588,2008
47807,343,369,432,831,2034
47863,1,1,1,5,15
47871,0,0,0,1,5
47874,0,0,1,2,8
47885,84,100,119,332,1119
47901,38,51,55,123,463
47904,235,285,319,548,2401
47905,212,270,311,760,3465
47906,850,919,1020,1429,3623
47909,241,291,316,674,3636
47920,4,6,7,12,44
47932,1,1,1,4,14
47982,0,0,0,2,8
47993,0,0,0,1,2
66012,1,1,1,1,1
66013,19,21,23,25,28
66024,2,2,3,3,3
66025,94,100,110,116,122
66030,16,16,18,19,20
66044,334,357,389,435,499
66046,127,153,167,180,197
66047,239,261,287,305,318
66049,725,786,832,870,923
66050,2,2,2,2,2
66052,0,0,0,0,0
66061,918,1132,1193,1270,1331
66062,1107,1368,1529,1630,1891
66083,4,4,5,6,6
66085,217,257,279,313,340
66086,0,0,0,0,0
66090,16,18,19,22,25
66101,115,122,137,152,194
66102,247,247,259,290,346
66103,97,102,113,113,126
66104,205,211,217,229,252
66105,51,53,53,55,57
66106,218,241,280,291,314
66109,176,197,223,240,261
66111,98,107,121,135,138
66112,57,67,71,78,83
66202,134,144,155,160,173
66203,133,141,149,166,178
66204,51,54,68,76,79
66205,144,164,180,195,205
66206,224,243,272,293,324
66207,228,247,276,308,337
66208,281,307,356,379,408
66209,668,750,849,895,988
66210,172,200,228,237,260
66211,192,214,233,250,267
66212,166,189,200,206,217
66213,511,669,729,819,872
66214,65,70,79,81,86
66215,226,232,249,254,271
66216,439,509,541,611,643
66217,90,105,109,118,131
66218,245,260,292,321,350
66219,136,157,165,183,197
66220,275,348,381,419,454
66221,942,1104,1232,1333,1444
66223,452,526,569,637,662
66224,593,709,792,884,964
66226,258,293,309,346,362
66227,63,76,82,92,103
66402,15,16,17,20,30
66409,13,14,16,16,24
66429,0,0,0,0,0
66502,576,610,628,705,1023
66503,335,353,371,396,542
66542,18,19,22,25,26
66546,6,6,7,7,9
66603,60,67,72,82,108
66604,313,349,385,456,644
66605,436,466,489,520,650
66606,213,231,240,276,426
66607,274,306,313,334,429
66608,34,37,39,47,81
66609,95,102,115,122,150
66610,284,308,341,358,418
66611,152,167,190,213,259
66612,72,74,78,84,96
66614,580,620,640,680,851
66615,42,44,47,52,59
66616,89,103,106,126,190
66617,27,28,31,33,41
66618,53,58,61,68,79
66619,0,0,0,2,20
66739,28,29,29,37,55
67002,382,416,451,481,922
67026,5,6,6,8,15
67030,4,4,4,5,9
67037,423,469,507,535,1502
67052,36,39,44,48,102
67055,0,0,0,1,5
67060,101,107,127,193,614
67067,34,37,40,55,136
67101,111,120,135,163,287
67110,0,0,0,0,0
67120,3,3,4,4,7
67147,78,78,88,101,304
67202,61,66,73,84,132
67203,345,382,382,485,1305
67204,206,214,214,278,881
67205,470,515,559,623,1201
67206,698,780,851,962,1355
67207,380,405,438,496,1148
67208,334,367,380,485,1074
67209,169,190,200,263,716
67210,47,53,64,108,344
67211,262,276,302,466,964
67212,592,621,681,829,2101
67213,355,362,370,455,987
67214,365,399,421,554,963
67215,97,102,119,138,354
67216,319,319,339,446,925
67217,364,395,447,519,1444
67218,261,268,336,425,977
67219,150,173,192,225,660
67220,266,288,310,377,709
67223,14,15,16,18,36
67226,456,480,515,551,1143
67227,0,0,0,3,32
67228,163,174,186,201,261
67230,653,717,776,840,1119
67232,38,39,40,42,47
67235,392,424,438,457,858
40014,223,270,313,364,414
40023,3,4,4,5,6
40025,16,21,24,28,32
40026,141,164,202,229,246
40047,212,258,296,326,349
40056,51,62,69,78,82
40059,679,860,1005,1102,1255
40071,1,1,2,2,2
40109,32,39,47,56,63
40118,99,104,113,122,140
40162,2,2,2,2,3
40165,157,175,194,207,230
40177,3,3,3,4,4
40202,101,117,129,139,148
40203,380,411,434,479,520
40204,172,210,267,296,339
40205,526,574,647,720,785
40206,185,252,303,353,370
40207,515,622,773,879,950
40208,254,273,300,327,346
40209,34,37,41,43,47
40210,285,301,323,356,400
40211,708,775,834,875,909
40212,286,324,350,388,420
40213,336,350,385,399,420
40214,512,602,632,677,677
40215,273,302,323,345,359
40216,380,430,562,629,761
40217,236,299,346,377,382
40218,157,213,259,287,324
40219,396,409,505,559,586
40220,232,274,369,422,464
40222,284,321,359,427,470
40223,389,444,478,532,566
40228,197,237,258,305,319
40229,170,241,297,326,425
40241,367,478,580,674,760
40242,116,149,158,201,231
40243,119,154,171,191,208
40245,588,668,864,989,1096
40258,232,285,317,359,380
40272,463,575,618,646,660
40291,296,431,512,620,687
40299,526,595,691,774,871
40356,119,133,144,150,164
40403,137,140,159,168,181
40461,1,1,2,2,2
40475,112,132,161,195,211
40502,574,667,743,819,921
40503,456,543,582,630,708
40504,242,294,386,419,451
40505,307,355,384,422,451
40507,40,46,50,54,59
40508,391,441,470,520,560
40509,513,615,740,831,911
40510,47,60,72,83,93
40511,258,291,323,366,366
40513,250,347,447,508,566
40514,229,273,306,350,404
40515,617,662,786,875,988
40516,20,23,33,35,41
40517,292,320,330,358,377
41001,231,276,305,350,378
41005,22,25,33,38,43
41007,46,56,68,81,93
41011,445,520,588,649,724
41014,41,53,58,69,74
41015,287,301,343,392,420
41016,109,117,128,136,142
41017,808,930,1113,1199,1334
41018,303,336,360,368,426
41042,299,377,388,487,554
41048,127,160,186,207,231
41051,230,277,287,325,383
41059,70,75,81,88,93
41063,3,4,5,5,5
41071,549,600,634,697,731
41073,103,111,118,126,146
41074,75,82,94,108,111
41075,261,305,364,394,448
41076,185,240,295,325,391
41085,9,10,10,12,13
41091,253,293,393,458,515
41094,89,104,117,138,146
41101,388,443,541,1286,2855
41102,124,139,196,493,1094
41129,37,39,49,120,306
41139,151,159,193,617,1335
41144,1,1,2,4,10
41169,90,96,134,357,720
41175,2,2,2,6,11
41183,33,33,44,138,321
42001,418,458,528,584,639
42003,260,292,317,355,437
42058,4,4,4,5,5
42101,540,594,670,681,757
42103,436,474,511,554,576
42104,466,505,565,614,674
42122,35,38,41,47,51
42223,86,90,101,104,116
42234,2,2,2,2,3
42262,55,59,63,66,73
42286,7,7,7,8,8
42301,379,473,556,592,639
42303,544,579,674,744,768
42366,10,12,14,15,16
42420,0,0,0,0,0
42701,275,317,384,417,467
42724,13,15,17,17,19
70001,449,1678,12767,13031,13163
70002,229,649,5423,5518,5591
70003,830,1854,14310,14562,14799
70005,520,1297,8656,8939,9113
70006,220,557,5169,5260,5340
70031,3,14,509,509,512
70032,86,210,1818,1846,1868
70037,145,407,4684,4796,4844
70043,378,866,7001,7132,7227
70047,92,248,3462,3512,3544
70049,1,4,46,47,47
70053,456,912,5870,5955,6041
70056,226,926,11096,11186,11232
70057,62,129,788,820,832
70058,598,1349,13491,13685,13838
70062,292,685,5743,5862,5927
70065,723,1748,14570,14811,15007
70068,279,737,9737,9846,9946
70070,69,157,1490,1519,1534
70072,1002,2084,19554,19835,19975
70075,72,203,1888,1929,1938
70079,51,158,1087,1117,1139
70084,51,125,1478,1494,1503
70085,36,66,538,544,549
70087,30,64,891,898,905
70092,124,255,2608,2654,2678
70094,474,1241,11774,11956,12078
70112,126,382,817,843,855
70113,234,998,2242,2303,2327
70114,428,870,6887,7029,7100
70115,828,1842,10912,11367,11600
70116,411,1974,4669,4746,4799
70117,723,1623,11327,11552,11741
70118,995,1991,10325,10631,10882
70119,939,5068,11879,12213,12299
70121,171,436,5091,5133,5169
70122,1057,5128,12630,12839,13022
70123,468,1069,9190,9390,9505
70124,845,3364,7181,7526,7672
70125,568,2360,5300,5450,5556
70126,729,4012,9572,9700,9779
70127,657,2911,6513,6655,6736
70128,416,965,5992,6130,6250
70129,212,395,2492,2555,2594
70130,359,759,3850,3986,4114
70131,425,914,7813,8033,8148
70148,1,2,3,4,4
70343,1,4,35,36,37
70360,449,984,8298,8471,8600
70363,252,553,6106,6181,6257
70364,199,474,5678,5760,5830
70395,2,3,22,23,23
70401,251,620,6814,6904,6953
70403,459,1038,8936,9065,9156
70446,0,0,11,11,11
70454,384,5387,8193,8302,8352
70455,26,276,420,428,431
70462,17,48,784,791,800
70466,24,68,856,863,871
70501,783,6862,10800,10911,11010
70503,750,1774,9581,9845,10109
70506,766,1803,13668,13952,14136
70507,102,552,5575,5649,5666
70508,1022,2194,14337,14637,14953
70517,24,313,509,514,518
70518,403,3912,6116,6198,6286
70520,149,389,3739,3781,3811
70525,2,23,37,38,38
70529,102,220,1854,1881,1890
70535,315,2754,4258,4333,4363
70555,91,152,1056,1080,1105
70560,48,417,626,634,640
70570,609,5692,8875,9011,9057
70577,72,709,1144,1158,1163
70578,0,1,1,1,1
70582,6,95,157,159,160
70583,257,541,4218,4240,4261
70584,0,0,1,1,1
70592,578,4582,7077,7209,7297
70601,790,1477,12453,12712,12867
70605,465,885,8806,8970,9088
70607,186,343,4667,4719,4753
70611,132,270,2749,2815,2859
70615,76,159,2053,2089,2100
70663,349,648,6956,7006,7092
70665,127,229,1605,1656,1685
70668,0,2,3,3,3
70669,85,209,2968,3017,3023
70706,181,600,6076,6158,6239
70710,23,80,940,954,962
70711,20,57,1341,1363,1367
70714,342,831,6501,6595,6662
70719,65,237,1758,1771,1791
70726,639,1644,15454,15726,15917
70734,172,385,2534,2663,2717
70737,836,1688,14972,15220,15452
70739,234,476,4234,4322,4401
70744,18,37,192,197,202
70764,0,0,1,1,1
70767,137,515,4782,4866,4885
70769,769,2094,13607,13977,14220
70770,33,79,661,669,677
70774,52,86,648,669,684
70777,3,7,66,67,68
70778,12,24,307,314,317
70785,132,337,3726,3745,3787
70791,391,920,8405,8561,8666
70801,3,7,92,93,94
70802,638,1434,8507,8603,8664
70805,564,1344,8064,8147,8230
70806,414,1099,8142,8328,8421
70807,460,905,5233,5314,5368
70808,1041,1994,9146,9529,9775
70809,431,1157,8090,8276,8411
70810,1024,2336,12907,13317,13631
70811,223,558,4344,4411,4456
70812,193,454,3267,3325,3372
70814,223,410,5061,5128,5180
70815,447,990,8465,8632,8737
70816,547,1226,11579,11733,11864
70817,820,1996,11226,11653,11867
70818,217,493,3990,4098,4140
70819,76,180,1652,1692,1721
70820,427,817,3940,4078,4166
71006,0,0,3,3,3
71009,2,5,31,32,32
71024,0,0,1,1,1
71037,99,150,2075,2114,2135
71047,45,152,1167,1183,1187
71051,2,3,42,43,43
71055,121,236,2996,3049,3080
71073,5,16,254,257,259
71101,202,551,2350,2379,2401
71103,142,474,2667,2689,2710
71104,288,641,4098,4170,4221
71105,316,970,6680,6783,6879
71106,770,1915,8925,9141,9366
71107,507,1559,9393,9627,9705
71108,318,739,4987,5064,5095
71109,453,1088,6294,6358,6430
71110,17,67,893,903,906
71111,725,2267,12743,12967,13152
71112,335,1231,10634,10720,10774
71115,254,686,4935,5016,5072
71118,158,582,5989,6032,6056
71119,155,485,3397,3464,3495
71129,107,409,3360,3402,3415
71201,483,1132,7142,7407,7520
71202,567,954,6348,6535,6601
71203,543,980,8578,8712,8828
71225,2,4,37,38,39
71280,1,3,29,29,30
71291,421,886,8449,8634,8713
71292,152,329,3514,3561,3605
71301,598,4811,7771,7914,7962
71302,225,1760,2773,2810,2833
71303,283,3178,5098,5208,5235
71360,271,3491,5781,5840,5875
71405,39,579,946,953,959
71423,0,2,3,3,3
71485,0,1,1,1,1
1001,32,252,4405,4533,4570
1002,55,245,1856,1925,1956
1007,0,0,3,3,3
1013,108,387,5457,5610,5667
1020,145,495,8223,8445,8521
1022,0,0,832,834,834
1027,43,206,4202,4279,4301
1028,120,533,4573,4713,4789
1030,4,295,3558,3674,3723
1033,25,195,1743,1796,1820
1035,9,57,474,492,498
1036,1,3,38,40,40
1040,100,538,7313,7590,7682
1056,128,366,4413,4536,4573
1068,0,2,13,14,14
1073,0,107,1980,2037,2058
1075,95,458,4335,4467,4530
1077,0,171,2229,2309,2339
1085,178,565,9476,9833,9912
1089,94,513,6892,7145,7224
1095,33,133,1045,1094,1108
1103,6,20,180,190,193
1104,122,360,5076,5209,5288
1105,33,127,1293,1342,1352
1106,138,527,3121,3289,3359
1107,61,141,1288,1353,1383
1108,124,309,4287,4375,4402
1109,92,260,4908,5056,5082
1118,74,279,3413,3501,3530
1119,32,137,3120,3167,3193
1128,20,74,790,808,819
1129,65,158,2049,2081,2104
1151,47,79,2104,2121,2138
1201,73,363,6450,6542,6595
1237,3,12,160,165,166
1238,0,2,33,34,34
1240,5,83,881,909,919
1266,1,4,25,26,27
1420,199,788,8151,8242,8308
1450,20,71,236,256,261
1453,187,1007,8700,8896,8932
1462,51,160,1104,1137,1150
1463,1,3,15,16,16
1473,0,1,8,8,8
1501,19,341,4670,4766,4804
1504,58,247,2324,2380,2414
1505,13,121,717,763,771
1507,27,111,1358,1401,1409
1515,6,21,286,292,294
1516,11,80,522,544,553
1519,17,85,395,421,430
1520,76,527,3083,3254,3297
1522,6,19,258,265,267
1524,31,125,1769,1803,1816
1527,18,322,3562,3673,3695
1529,9,39,366,379,382
1534,2,7,59,61,62
1535,0,2,41,42,42
1536,23,130,907,935,953
1537,10,14,638,643,644
1540,49,220,3009,3080,3098
1541,3,15,72,78,79
1542,4,34,564,569,575
1543,16,53,291,309,315
1545,146,916,5693,5990,6081
1560,4,17,157,162,164
1562,66,258,3048,3107,3148
1564,84,333,1986,2131,2157
1566,0,1,11,11,11
1568,6,34,172,183,187
1569,60,201,1736,1803,1820
1570,111,300,3844,3919,3943
1571,34,140,1918,1953,1971
1581,5,27,131,139,142
1583,17,210,1992,2058,2077
1588,13,66,582,602,608
1590,70,338,1803,1933,1956
1602,162,450,4302,4464,4505
1603,67,276,3451,3508,3525
1604,135,470,6952,7059,7109
1605,127,352,3823,3926,3950
1606,109,407,5280,5389,5437
1607,36,127,1521,1550,1559
1608,9,33,265,272,274
1609,107,369,2839,2919,2976
1610,131,262,2627,2692,2714
1611,10,39,537,546,552
1612,47,169,1364,1425,1439
1701,68,471,2561,2698,2744
1702,108,515,4707,4859,4898
1721,95,540,3045,3215,3264
1730,126,446,1943,2084,2135
1731,4,16,350,356,357
1741,38,196,523,590,607
1742,1,2,7,8,8
1745,8,27,137,146,149
1746,168,637,3045,3289,3353
1747,34,236,1433,1522,1536
1748,122,837,2845,3117,3207
1756,75,241,1461,1546,1564
1757,247,720,6364,6584,6664
1760,317,1254,5985,6347,6463
1770,66,263,829,914,936
1772,129,459,1778,1949,1989
1773,10,52,173,191,195
1778,0,1,4,5,5
1801,167,1227,8300,8641,8755
1803,42,853,4927,5213,5298
1810,239,1573,6161,6681,6824
1821,165,757,6059,6294,6377
1824,368,949,4894,5224,5342
1826,121,572,6142,6276,6346
1827,57,214,816,898,919
1830,133,413,4287,4399,4447
1832,114,292,4441,4514,4555
1833,0,0,1,1,1
1834,57,191,1252,1321,1337
1835,53,238,2981,3067,3086
1840,19,46,446,454,460
1841,103,332,5625,5665,5705
1843,67,265,3854,3921,3945
1844,317,1161,11235,11587,11728
1845,190,938,5033,5337,5424
1850,78,206,2599,2645,2672
1851,75,398,4543,4627,4683
1852,51,387,4546,4635,4667
1854,79,274,3865,3932,3968
1862,44,216,1670,1737,1758
1863,41,212,1677,1735,1761
1864,97,570,3017,3189,3247
1867,268,909,4447,4696,4792
1876,117,569,4642,4793,4866
1879,81,421,2739,2850,2905
1880,235,876,5359,5605,5719
1886,214,818,3301,3607,3688
1887,76,806,4692,4939,5035
1890,258,1232,3831,4211,4359
1901,16,31,194,200,203
1902,210,553,6183,6297,6348
1904,47,486,4539,4685,4718
1905,112,323,4190,4264,4311
1906,103,672,6607,6799,6861
1907,92,554,3300,3476,3522
1908,34,180,1213,1250,1275
1915,175,995,7559,7862,7957
1921,11,46,143,160,164
1923,181,840,6597,6833,6937
1940,142,542,2330,2485,2544
1945,276,1197,4863,5301,5415
1949,96,424,1780,1903,1954
1960,483,1251,11845,12229,12365
1970,112,715,8339,8537,8606
1982,43,142,797,850,865
1983,10,32,141,152,156
1984,55,216,764,842,864
1985,2,7,26,28,29
2019,109,420,4009,4131,4190
2021,175,900,4649,4884,4989
2025,52,288,1082,1191,1212
2026,282,1090,5367,5667,5759
2030,154,476,1085,1241,1287
2032,47,215,941,1009,1025
2035,133,519,3615,3771,3809
2038,234,883,4955,5163,5312
2043,150,829,2916,3180,3265
2048,66,632,4441,4610,4671
2052,244,845,2383,2632,2705
2053,53,601,2860,3047,3116
2054,59,246,1723,1781,1803
2056,45,461,1848,1981,2040
2061,74,427,1675,1801,1847
2062,282,854,6244,6500,6559
2066,168,784,3950,4217,4311
2067,171,776,3263,3580,3642
2071,15,66,197,219,226
2072,214,766,6173,6374,6485
2081,84,736,3875,4173,4220
2090,208,936,3145,3430,3518
2093,87,356,1546,1651,1695
2108,33,107,349,378,388
2109,23,65,277,296,301
2110,7,24,79,85,87
2111,19,54,181,194,198
2113,10,44,422,436,439
2114,44,122,489,521,531
2115,78,175,916,948,956
2116,114,375,1310,1420,1451
2118,122,342,1515,1596,1627
2119,174,441,2688,2761,2792
2120,55,142,921,943,960
2121,102,337,2382,2451,2459
2122,136,479,3430,3537,3573
2124,293,904,5956,6137,6218
2125,221,616,3978,4098,4161
2126,132,407,3626,3747,3758
2127,263,1019,4081,4379,4441
2128,157,598,4674,4827,4895
2129,124,458,1910,2048,2099
2130,233,781,4119,4334,4391
2131,212,833,4887,5120,5177
2132,381,1027,5734,6078,6140
2134,62,161,1536,1581,1593
2135,141,459,4006,4109,4138
2136,119,541,4791,4935,4955
2138,165,695,3313,3510,3582
2139,147,575,2988,3129,3193
2140,101,395,1862,1986,2020
2141,88,240,1333,1397,1422
2142,8,35,126,137,140
2143,156,570,3582,3737,3794
2144,119,762,3664,3871,3962
2145,114,473,3592,3741,3805
2148,204,990,8864,9133,9244
2149,173,614,6959,7161,7226
2150,111,299,3574,3647,3688
2151,341,901,9145,9382,9467
2152,56,479,3574,3678,3735
2155,281,1663,11057,11549,11725
2163,3,8,35,37,38
2169,214,953,9373,9635,9733
2170,106,398,3626,3744,3785
2171,102,384,3231,3361,3401
2176,241,937,4971,5228,5346
2180,172,676,4395,4582,4656
2184,371,1275,7843,8315,8434
2186,196,1412,5592,5922,6105
2188,29,217,2600,2651,2675
2189,39,228,2885,2978,2996
2190,109,397,3474,3583,3634
2191,51,148,1646,1680,1706
2199,5,16,59,63,65
2210,18,57,207,224,229
2215,37,111,568,594,604
2301,31,799,9929,10196,10257
2302,150,478,6952,7088,7131
2322,31,78,1312,1338,1347
2333,37,170,1209,1267,1285
2339,121,604,2551,2743,2816
2341,31,115,1001,1050,1055
2343,41,279,2650,2733,2755
2346,31,346,4336,4412,4447
2347,127,450,2995,3122,3163
2351,120,371,3486,3595,3639
2356,59,412,2545,2663,2687
2368,224,692,6274,6504,6590
2370,113,442,4145,4270,4322
2375,43,159,986,1037,1052
2379,7,30,231,243,245
2382,100,298,3334,3424,3452
2420,215,851,2600,2870,2944
2421,275,966,2986,3271,3348
2445,113,473,2183,2320,2361
2446,110,401,1927,2048,2077
2451,91,643,3746,3916,3968
2452,89,325,2491,2588,2619
2453,167,674,4641,4877,4911
2458,141,532,2250,2424,2471
2459,261,1101,3399,3752,3832
2460,93,324,1441,1561,1580
2461,99,353,1136,1247,1279
2462,10,68,236,253,259
2464,26,98,485,512,520
2465,200,700,2488,2702,2769
2466,79,301,1055,1152,1179
2467,178,596,2082,2253,2318
2468,121,391,863,995,1024
2472,282,1047,6303,6638,6712
2474,196,1079,5126,5461,5584
2476,200,685,3128,3339,3393
2478,426,1366,5250,5619,5757
2481,184,804,1922,2173,2240
2482,131,515,1435,1596,1638
2492,286,1260,3771,4177,4275
2493,60,266,661,739,761
2494,136,625,1991,2172,2230
2601,114,527,5074,5141,5167
2630,41,140,1065,1113,1115
2632,16,84,582,601,605
2668,1,5,28,29,29
2673,56,174,2312,2345,2356
2675,28,95,613,636,642
2702,34,133,1187,1218,1231
2703,231,897,9327,9558,9645
2715,21,116,1000,1039,1047
2717,66,200,1453,1521,1538
2718,44,165,1726,1770,1776
2719,163,525,4806,4915,4950
2720,243,530,6203,6299,6369
2721,146,417,5509,5599,5627
2723,108,280,2940,2970,3012
2724,89,348,3606,3658,3691
2725,23,154,1026,1069,1081
2726,188,403,5362,5478,5522
2739,5,15,105,110,111
2740,309,978,10044,10240,10270
2743,64,423,3293,3357,3384
2744,59,174,2411,2438,2453
2745,141,605,6910,7002,7037
2746,130,346,2585,2627,2659
2747,209,551,5577,5745,5809
2748,151,648,3493,3626,3674
2760,189,563,5489,5685,5731
2762,27,147,1231,1280,1296
2763,18,78,495,515,522
2764,22,93,1015,1047,1054
2766,149,524,3838,3967,4031
2767,55,197,1249,1292,1313
2769,83,598,3741,3900,3959
2770,18,73,604,635,639
2771,177,540,4576,4724,4782
2777,80,412,5989,6106,6149
2779,94,312,1879,1990,2014
2780,242,768,9801,10033,10074
2790,87,360,3639,3761,3787
20701,0,0,15,15,15
20705,0,509,5783,5907,5913
20706,9,222,2946,3003,3003
20707,0,650,6014,6182,6188
20708,0,265,3515,3572,3576
20712,12,79,521,527,527
20715,0,256,1952,2017,2017
20720,19,1188,6155,6459,6465
20721,6,1074,5774,6071,6071
20722,0,3,15,15,15
20723,6,893,5506,5735,5741
20724,32,267,2846,2931,2931
20740,64,422,1789,1833,1833
20743,47,277,1776,1798,1798
20745,5,56,323,326,327
20746,2,34,204,206,206
20748,0,5,28,28,28
20755,0,61,938,955,955
20759,0,119,379,414,414
20763,5,59,498,513,513
20769,0,288,1777,1859,1859
20770,4,56,675,689,690
20772,8,249,1852,1923,1923
20774,90,1184,9674,10025,10025
20777,0,1,2,2,2
20781,0,0,2,2,2
20782,5,67,347,351,351
20783,20,250,1499,1516,1516
20794,0,232,2319,2398,2398
20814,24,676,1957,2036,2036
20815,10,386,1010,1064,1064
20816,1,193,473,498,498
20817,16,1241,2990,3148,3148
20841,0,230,1343,1545,1551
20850,104,2151,7752,8009,8009
20851,13,495,2159,2199,2199
20852,79,1341,4786,4939,4939
20853,27,1072,3680,3794,3794
20854,0,4206,10047,10609,10609
20855,0,883,2888,2977,2977
20866,6,257,2048,2120,2122
20868,0,13,86,90,90
20874,0,452,8547,9026,9026
20876,0,123,2154,2256,2267
20877,4,794,3876,3947,3947
20878,31,3218,10050,10404,10404
20879,34,1096,4721,4798,4798
20880,0,14,50,51,51
20882,0,58,285,300,300
20886,0,220,3650,3850,3862
20895,4,1239,3580,3714,3717
20896,0,38,88,93,93
20899,0,4,19,19,19
20901,5,1403,4745,4937,4937
20902,88,1776,7231,7386,7386
20903,6,299,1577,1603,1603
20904,24,856,7921,8141,8149
20905,0,469,2865,2994,2994
20906,86,1758,7664,7812,7812
20910,25,544,2062,2117,2117
20912,3,91,397,403,403
21012,11,266,1846,1915,1915
21032,6,97,475,501,501
21042,0,1347,6084,6439,6439
21043,109,1686,9421,9897,9897
21044,1,161,1025,1067,1069
21045,20,722,6422,6627,6627
21046,0,218,1916,1981,1981
21052,0,0,177,177,177
21054,12,214,947,1001,1001
21056,0,38,103,115,115
21057,0,72,365,388,388
21060,68,710,8256,8433,8442
21061,91,652,11259,11430,11441
21075,7,972,6416,6697,6697
21076,4,505,3736,3892,3896
21077,0,0,186,186,186
21087,5,84,559,584,584
21090,4,293,3881,3956,3956
21093,88,1032,7074,7369,7369
21104,0,1,6,6,6
21108,29,638,3919,4109,4109
21113,22,524,5394,5561,5561
21117,18,727,8875,9093,9093
21122,0,1528,14822,15265,15280
21128,0,612,3717,3888,3892
21133,77,498,7497,7643,7643
21136,13,144,1144,1186,1187
21144,49,1216,7757,8098,8098
21146,0,1022,4393,4683,4683
21156,0,4,22,23,23
21162,0,237,1451,1518,1519
21163,2,83,665,690,690
21201,66,317,2361,2439,2441
21202,40,408,3548,3639,3646
21204,61,623,3886,4044,4052
21205,122,669,5651,5803,5814
21206,49,724,12085,12281,12281
21207,99,685,10834,11044,11044
21208,16,731,8011,8200,8208
21209,91,692,5521,5709,5709
21210,30,359,2195,2289,2289
21211,105,521,6053,6190,6190
21212,0,1252,7788,8121,8129
21213,65,966,12812,13021,13047
21214,0,345,5964,6055,6055
21215,391,1745,15985,16262,16311
21216,209,774,10250,10438,10459
21217,0,855,11465,11664,11688
21218,489,1563,13142,13591,13591
21219,0,303,3329,3407,3407
21220,103,689,6251,6412,6432
21221,34,669,11162,11343,11343
21222,143,874,15644,15866,15882
21223,172,902,10521,10704,10736
21224,82,1658,15911,16404,16420
21225,55,706,8966,9159,9168
21226,23,171,3319,3356,3359
21227,116,1149,10224,10540,10540
21228,0,1266,12802,13144,13158
21229,112,710,12247,12434,12459
21230,80,1420,11004,11451,11462
21231,72,581,4105,4245,4249
21234,291,1377,19099,19409,19409
21236,0,828,11119,11335,11346
21237,120,636,8435,8581,8581
21239,75,465,6701,6817,6824
21244,0,410,8098,8213,8213
21286,119,646,4266,4416,4425
21502,0,367,12146,12576,12639
21529,0,10,204,213,215
21545,0,2,40,42,42
21713,0,1,20,21,21
21722,0,0,1,1,1
21733,0,0,3,3,3
21734,1,3,80,81,81
21740,0,484,15701,16072,16121
21742,0,222,6268,6490,6516
21767,0,19,395,405,410
21795,0,108,1976,2068,2076
21801,205,3184,7468,7582,7582
21804,272,3394,7893,7997,7997
21810,0,4,12,12,12
21822,6,130,318,321,321
21826,24,548,1316,1328,1329
21830,7,496,1124,1134,1135
21837,0,0,1,1,1
21849,0,5,11,11,11
21856,0,2,5,5,5
21875,7,474,1195,1196,1196
3901,32,596,607,610,612
3903,33,493,504,509,509
3904,61,1051,1064,1075,1075
3905,7,90,93,94,94
3906,0,2,2,2,2
3908,56,632,650,660,660
3909,3,33,34,34,34
4005,338,5983,6094,6149,6149
4038,277,3196,3300,3340,3343
4046,28,279,287,292,292
4062,30,354,366,370,370
4063,7,67,69,70,70
4064,176,2821,2855,2878,2887
4072,378,5380,5513,5558,5558
4074,705,5800,6066,6183,6189
4092,147,4372,4430,4447,4447
4093,22,477,485,488,488
4101,187,2520,2594,2628,2628
4102,333,3687,3795,3837,3837
4103,561,7235,7399,7474,7474
4105,391,1782,1916,1973,1973
4106,428,7150,7342,7386,7394
4107,414,2374,2524,2591,2591
4108,83,492,526,534,536
4210,325,5533,5641,5698,5698
4236,14,234,241,243,243
4240,397,9040,9170,9216,9225
4250,4,184,185,186,186
4252,1,75,76,76,76
4258,13,366,371,373,373
4274,21,330,336,340,340
4280,60,1546,1567,1576,1578
4330,132,3137,3189,3214,3214
4344,26,420,428,431,432
4345,30,681,692,697,697
4346,11,259,264,266,266
4347,33,392,402,406,407
4351,0,2,2,2,2
4401,506,7483,8717,8824,8859
4411,0,7,9,9,9
4412,79,2418,2811,2825,2831
4428,11,255,295,298,299
4429,32,399,471,484,484
4444,71,1223,1456,1479,1482
4473,16,248,285,290,290
4474,34,506,609,619,620
4605,5,93,109,111,111
4609,50,938,1101,1118,1120
4612,6,127,152,154,154
4646,3,51,60,61,61
4653,1,162,189,189,189
4660,12,125,146,150,150
4662,24,233,266,274,275
4674,2,66,78,79,79
4679,35,599,697,709,710
48009,300,410,563,674,802
48015,41,44,46,49,60
48017,81,108,120,143,174
48021,315,340,388,412,437
48025,227,296,365,422,507
48026,88,98,107,112,122
48030,36,71,86,96,122
48033,28,52,58,73,101
48034,30,40,44,48,56
48035,241,241,293,387,440
48036,156,180,204,228,228
48038,158,200,284,315,357
48040,29,43,48,55,65
48042,240,330,410,491,621
48043,79,96,105,114,136
48044,261,375,522,619,766
48045,120,143,188,271,324
48047,183,202,260,299,328
48048,56,64,75,81,94
48049,0,0,0,0,0
48051,106,131,166,187,207
48059,27,32,43,52,55
48060,229,276,324,343,381
48066,334,384,434,434,517
48067,264,330,363,422,508
48069,37,47,62,71,77
48070,78,112,164,201,240
48071,155,193,213,251,280
48072,62,98,147,169,236
48073,228,304,362,447,495
48074,5,5,6,6,8
48075,103,132,166,181,200
48076,141,181,208,255,268
48079,0,0,1,2,2
48080,186,219,267,267,299
48081,76,93,135,194,245
48082,0,6,58,96,122
48083,52,104,193,223,252
48084,93,127,175,220,250
48085,346,478,576,659,774
48088,131,147,155,164,204
48089,369,402,447,481,514
48091,142,192,253,283,334
48092,276,303,322,359,395
48093,123,184,238,254,261
48094,96,123,187,262,342
48095,2,4,6,7,9
48096,35,43,47,56,59
48098,305,474,604,702,864
48101,200,244,311,378,455
48103,409,641,872,1036,1350
48104,522,625,722,799,870
48105,347,444,521,659,805
48108,131,162,240,293,340
48109,10,11,12,15,16
48111,60,121,224,327,387
48114,105,183,229,275,347
48116,226,274,294,349,390
48117,16,20,24,27,31
48120,73,84,101,121,139
48122,186,213,233,263,277
48124,168,242,316,379,442
48125,90,135,187,247,270
48126,383,443,550,598,706
48127,426,462,499,608,681
48128,59,80,105,133,157
48130,40,64,92,124,156
48133,22,26,35,37,41
48134,108,155,196,223,270
48135,121,162,192,253,253
48138,78,132,202,263,290
48139,0,0,0,0,0
48141,297,332,360,401,429
48144,70,94,111,141,161
48146,223,262,315,354,407
48150,145,165,196,248,289
48152,317,367,416,506,575
48154,99,198,273,322,483
48157,7,7,9,9,9
48161,11,13,15,18,19
48162,87,106,130,149,178
48164,2,4,4,5,6
48165,25,68,88,100,110
48166,47,66,85,91,93
48167,137,225,321,451,539
48168,333,502,613,698,815
48169,58,78,90,117,133
48170,417,569,695,859,986
48173,70,75,95,119,134
48174,220,250,290,300,340
48176,1,2,2,3,3
48178,544,715,886,1067,1163
48179,26,34,48,60,66
48180,492,511,629,688,767
48182,72,101,151,180,202
48183,201,330,444,559,659
48184,66,82,92,117,138
48185,189,202,240,316,391
48186,128,163,187,210,280
48187,428,599,770,1026,1240
48188,269,386,526,690,807
48189,63,94,122,169,193
48192,183,192,212,269,298
48193,59,84,108,148,177
48195,206,237,288,360,402
48197,267,293,299,312,332
48198,228,282,379,423,477
48201,48,64,74,84,93
48202,153,181,212,240,247
48203,357,408,467,518,561
48204,682,734,828,881,944
48205,382,437,505,546,615
48206,393,434,483,510,531
48207,119,136,161,175,189
48208,122,153,193,219,236
48209,227,278,308,352,366
48210,473,491,518,546,573
48211,85,100,100,105,120
48212,484,543,602,697,720
48213,360,421,500,588,640
48214,281,317,371,425,443
48215,164,185,201,243,273
48216,68,81,92,101,113
48217,98,123,148,153,170
48218,161,179,208,229,253
48219,377,446,506,546,585
48220,118,166,201,249,256
48221,198,303,420,525,606
48223,151,167,183,210,247
48224,354,403,489,599,660
48225,111,134,152,166,176
48226,14,20,23,25,28
48227,738,851,926,964,1064
48228,852,940,999,1043,1190
48229,76,95,111,118,130
48230,196,294,412,469,556
48234,362,429,463,531,633
48235,671,697,761,826,839
48236,487,607,746,895,975
48237,89,97,146,202,251
48238,606,711,795,909,941
48239,144,188,254,299,332
48240,36,40,53,67,80
48301,66,169,317,448,527
48302,196,342,463,559,659
48304,204,287,366,454,515
48306,336,508,681,804,935
48307,224,335,503,604,671
48309,331,467,552,628,738
48310,374,387,451,464,490
48312,159,223,266,329,361
48313,193,254,315,417,468
48314,109,131,177,217,251
48315,280,399,441,509,610
48316,74,126,215,281,355
48317,107,143,178,221,257
48320,22,46,66,78,84
48322,227,353,462,588,646
48323,309,412,521,602,699
48324,227,273,359,444,540
48326,111,140,169,204,233
48327,68,102,109,123,143
48328,106,178,218,244,277
48329,91,173,240,339,372
48331,207,297,374,420,484
48334,120,171,222,272,300
48335,59,142,177,201,230
48336,131,193,234,330,386
48340,194,218,247,247,271
48341,124,162,190,204,233
48342,205,228,247,267,290
48346,191,254,304,346,402
48348,104,149,188,233,257
48350,1,6,10,14,17
48353,15,17,22,28,32
48359,59,70,93,115,135
48360,83,109,143,177,217
48363,27,42,52,61,73
48374,118,270,436,568,668
48375,180,270,315,360,411
48377,19,32,67,96,138
48380,21,32,44,59,67
48381,24,38,56,68,75
48382,97,180,268,361,405
48383,8,11,14,17,20
48386,181,233,291,315,344
48390,132,178,224,283,330
48393,37,67,92,107,127
48415,5,9,10,12,14
48420,157,227,244,262,296
48421,1,1,1,1,1
48423,174,240,305,338,370
48430,2,3,4,5,5
48433,37,47,75,79,117
48436,0,0,0,0,0
48437,0,0,1,1,1
48438,1,2,4,5,5
48439,374,468,561,686,795
48442,5,8,11,14,15
48457,1,1,1,1,2
48458,92,108,146,170,193
48463,2,7,8,8,10
48473,31,31,56,93,105
48502,2,3,3,3,4
48503,356,412,451,499,522
48504,350,368,433,479,525
48505,497,569,632,677,749
48506,213,254,315,355,436
48507,328,358,398,428,477
48509,54,88,100,138,177
48519,24,30,30,33,45
48529,127,130,130,151,154
48532,134,140,151,157,186
48601,375,411,448,496,569
48602,173,298,346,413,452
48603,122,187,244,309,384
48604,58,75,115,138,164
48607,24,27,30,32,36
48609,12,34,46,61,95
48623,1,2,3,4,5
48631,4,6,8,12,13
48638,143,163,175,190,210
48640,90,116,135,154,177
48642,68,87,109,143,173
48706,265,331,397,450,476
48708,155,184,270,338,396
48722,6,9,12,14,19
48724,0,0,0,0,0
48732,32,44,62,85,112
48746,0,0,1,1,1
48808,9,16,23,32,39
48813,1,2,2,2,3
48820,66,92,123,151,170
48821,34,48,68,80,90
48822,0,0,0,0,0
48823,382,478,621,707,774
48827,22,28,36,41,53
48837,43,56,64,90,129
48840,16,35,53,65,84
48842,154,205,244,276,308
48843,7,71,157,185,249
48848,0,0,0,0,0
48854,92,121,138,161,178
48855,13,16,19,23,26
48864,59,124,178,227,287
48876,1,1,2,2,2
48895,1,2,3,4,5
48906,152,161,232,304,322
48910,64,83,119,147,174
48911,286,329,414,445,499
48912,36,56,71,92,117
48915,35,42,50,66,69
48917,214,233,262,292,311
48933,20,24,26,29,31
49001,72,87,108,113,118
49002,71,98,115,129,146
49004,69,82,108,116,142
49006,142,162,198,222,243
49007,84,96,109,125,146
49008,89,120,160,178,194
49009,142,185,270,348,362
49010,11,19,26,29,34
49012,0,0,1,2,2
49014,31,44,47,62,78
49015,46,69,97,109,143
49017,32,42,51,70,86
49024,102,205,278,314,351
49033,0,0,0,0,0
49034,0,0,0,0,0
49037,69,89,109,113,133
49048,30,54,108,127,139
49051,0,0,1,1,2
49053,9,10,12,14,17
49083,3,5,8,8,10
49087,1,2,3,4,5
49088,4,5,5,5,11
49107,4,7,7,15,22
49112,1,4,7,11,14
49117,3,4,4,6,8
49120,146,146,157,188,230
49201,51,78,86,94,109
49202,144,167,185,231,248
49203,125,135,187,229,292
49221,142,159,209,226,259
49228,2,2,3,3,3
49254,11,11,13,13,14
49267,60,77,99,116,138
49270,0,0,1,1,1
49276,2,4,6,8,10
49277,0,0,0,0,0
49286,0,0,1,1,1
49301,101,206,288,439,512
49302,4,9,13,16,19
49306,106,132,165,217,253
49315,120,151,202,233,271
49316,51,103,154,175,185
49321,60,65,80,85,105
49331,0,0,0,0,0
49341,29,53,86,131,163
49345,1,2,2,3,3
49401,7,9,9,10,11
49403,1,3,4,6,7
49404,3,5,7,9,10
49406,10,15,18,24,28
49408,2,2,2,2,2
49415,5,6,11,20,31
49418,147,182,208,268,329
49419,4,6,9,10,12
49423,287,321,390,413,493
49424,145,290,358,425,503
49426,263,317,354,417,444
49428,48,105,194,226,266
49435,41,62,81,90,100
49440,2,3,3,3,4
49441,196,216,226,257,278
49442,150,172,208,222,229
49444,159,198,251,291,297
49445,0,13,23,30,53
49453,6,15,29,39,44
49456,5,15,26,35,46
49457,1,1,1,1,1
49460,5,5,6,8,8
49464,42,139,195,230,272
49503,264,309,347,377,415
49504,141,196,250,283,337
49505,238,272,297,340,357
49506,130,214,290,397,420
49507,210,226,280,319,334
49508,19,38,67,143,191
49509,104,117,123,162,169
49512,85,113,121,133,161
49519,73,85,130,147,163
49525,95,215,258,319,388
49534,0,0,27,41,68
49544,33,51,68,95,110
49546,247,293,385,439,470
49548,136,144,169,177,201
49621,0,0,0,1,1
49637,1,2,2,3,3
49649,0,0,0,0,0
49684,35,64,103,124,145
49685,43,53,58,64,76
49686,98,134,153,185,201
49690,2,3,4,5,6
49696,5,7,7,10,11
55001,20,55,109,156,391
55003,1,13,23,34,137
55009,0,0,1,1,3
55011,0,23,88,150,198
55014,7,218,359,500,2282
55016,89,426,683,891,3149
55020,1,2,3,4,14
55024,0,156,488,779,3605
55025,65,113,226,295,1208
55031,3,17,30,37,149
55033,107,348,526,713,3041
55038,49,239,380,510,1819
55042,38,220,403,534,1044
55043,4,14,41,73,250
55044,113,863,1373,1953,5476
55055,9,19,35,43,227
55068,192,503,786,1005,3327
55071,16,37,60,74,444
55075,66,122,178,225,1456
55076,60,140,261,356,1670
55077,12,172,274,370,1087
55082,88,457,770,995,2672
55085,0,3,5,7,49
55089,0,0,1,1,3
55090,1,1,2,2,14
55092,7,46,85,111,605
55101,2,8,13,18,69
55102,0,67,159,224,984
55103,53,81,114,130,559
55104,132,313,487,557,2109
55105,101,360,562,784,1865
55106,72,216,342,468,2566
55107,47,96,167,240,816
55108,2,53,86,134,634
55109,110,131,296,386,1916
55110,172,335,515,643,2702
55112,79,260,449,559,2307
55113,146,292,538,669,2268
55114,13,23,28,34,121
55115,18,121,210,270,655
55116,23,225,353,426,1412
55117,122,237,313,412,2222
55118,30,187,367,499,2082
55119,49,244,365,439,2347
55120,23,84,126,172,471
55121,16,54,80,114,544
55122,142,363,591,804,2665
55123,157,509,778,1018,2753
55124,199,598,837,1089,4450
55125,88,461,703,1000,3471
55126,61,267,455,619,1998
55127,9,251,493,653,1474
55128,47,243,364,506,2017
55129,12,371,673,922,2117
55130,65,97,125,157,634
55150,0,2,3,5,18
55301,22,104,149,206,996
55303,0,191,573,737,1173
55304,46,258,880,1320,1776
55305,37,150,235,295,998
55306,6,61,132,180,1071
55309,1,3,5,7,32
55311,33,437,801,1053,2629
55313,0,1,1,1,4
55315,6,69,117,178,514
55316,31,239,410,581,2099
55317,85,362,670,835,1946
55318,7,280,518,689,2115
55322,0,0,1,1,3
55327,23,100,177,238,572
55330,39,193,415,627,3079
55331,67,359,639,889,1666
55337,136,281,454,617,2948
55340,74,248,383,498,1002
55341,12,60,102,129,341
55343,7,57,161,243,1121
55344,28,65,107,144,682
55345,0,246,516,668,1511
55346,99,318,516,640,1590
55347,220,765,1284,1698,3475
55352,42,151,228,322,1159
55356,65,207,315,393,711
55357,28,98,157,219,477
55359,2,86,139,170,423
55362,4,10,12,15,59
55364,21,169,349,490,1312
55369,0,260,622,855,3131
55372,0,622,1175,1740,4390
55373,1,2,3,4,15
55374,42,232,491,677,1793
55376,52,157,275,384,1433
55378,86,569,897,1061,3088
55379,0,379,793,1125,3955
55384,3,4,7,9,14
55386,6,154,273,386,757
55387,1,5,7,9,32
55391,53,286,509,706,1459
55401,4,19,30,40,123
55402,1,2,2,3,17
55403,22,41,60,76,286
55404,57,91,118,147,555
55405,47,90,160,216,728
55406,105,287,434,552,2286
55407,113,292,458,537,2063
55408,38,147,226,286,1201
55409,22,89,158,211,772
55410,79,355,631,810,1783
55411,109,264,337,420,1617
55412,113,155,239,272,1422
55413,28,77,126,188,838
55414,58,125,166,235,766
55415,4,9,13,18,43
55416,101,264,381,494,1458
55417,73,249,425,542,1728
55418,152,338,471,577,2261
55419,150,385,626,894,1997
55420,67,120,182,235,1407
55421,40,134,228,292,1506
55422,74,207,339,514,1843
55423,27,143,236,335,1731
55424,76,237,388,532,890
55425,25,53,75,103,479
55426,64,164,256,316,1314
55427,26,149,262,324,1382
55428,51,143,194,276,1489
55429,53,101,183,280,1369
55430,74,128,185,239,1274
55431,57,155,229,278,1326
55432,56,155,192,248,1847
55433,32,119,207,279,2276
55434,85,130,209,307,1944
55435,69,103,132,166,525
55436,38,198,337,481,1054
55437,10,120,269,414,1530
55438,112,236,368,451,1469
55439,14,159,289,448,823
55441,14,124,249,370,1224
55442,29,176,322,449,1223
55443,0,267,409,534,2710
55444,31,130,199,291,1273
55445,41,111,153,216,1069
55446,77,485,787,1077,2331
55447,45,232,447,630,1681
55448,49,209,293,411,2043
55449,32,470,734,941,2735
55454,6,9,12,15,77
55802,25,51,80,108,132
55803,25,47,111,198,252
55804,0,75,161,251,315
55805,18,41,64,89,123
55806,17,53,78,104,121
55807,16,90,165,252,314
55808,22,45,56,66,86
55810,0,10,56,74,92
55811,0,115,223,369,477
55812,15,42,101,136,162
55901,30,333,591,863,1015
55902,0,194,549,818,1080
55904,6,71,169,305,409
55906,55,232,383,554,1642
55920,1,5,8,11,34
55925,0,1,2,3,10
55934,0,0,0,0,0
55947,9,28,58,92,544
55960,0,3,5,8,24
56001,69,226,374,512,2963
56003,70,136,198,240,1121
56011,0,1,3,4,16
56301,80,208,300,398,1869
56303,110,186,248,337,2036
56304,31,71,110,122,567
56310,0,0,0,0,0
56320,0,0,0,0,0
56374,22,110,178,207,815
56377,76,153,201,269,1229
56379,12,25,95,161,174
56387,17,26,36,43,542
56401,0,16,51,99,128
56425,3,9,21,32,41
56465,0,0,1,1,2
56468,0,0,0,1,1
56529,15,45,68,95,282
56547,0,0,0,1,2
56560,273,494,642,736,2398
56580,0,0,0,0,2
56721,37,63,103,127,203
63005,0,799,1940,4598,4905
63010,32,226,2459,10568,10708
63011,0,1053,3681,11905,12438
63017,27,1411,4233,12260,12979
63021,0,1025,4753,16945,17316
63026,0,665,3846,14010,14342
63031,90,413,3398,17689,17887
63033,69,277,2437,11376,11503
63034,0,287,1594,6171,6305
63038,1,128,351,922,971
63040,5,189,764,2390,2481
63042,67,153,1093,6019,6067
63043,32,261,1773,7763,7873
63044,4,193,970,4141,4240
63049,16,103,673,2555,2600
63052,4,42,252,1090,1103
63074,0,116,983,5452,5491
63088,19,141,609,2624,2678
63101,3,13,40,161,164
63102,6,23,71,368,373
63103,19,57,211,800,815
63104,82,283,1050,4391,4500
63105,43,361,1059,2623,2788
63106,28,153,492,1686,1738
63107,48,155,793,3363,3408
63108,14,203,803,2622,2716
63109,94,340,2012,9236,9331
63110,16,241,1182,5311,5426
63111,110,318,1324,5583,5688
63112,44,268,1171,4211,4316
63113,31,191,975,3772,3850
63114,117,364,2637,14424,14541
63115,181,556,1800,6602,6776
63116,166,511,2653,13502,13654
63117,21,267,911,2799,2885
63118,163,459,1569,7159,7277
63119,32,801,3004,10002,10307
63120,93,213,725,3092,3169
63121,107,321,1610,7433,7555
63122,116,1395,4258,13560,14229
63123,67,436,3541,16481,16615
63124,38,559,1488,3378,3673
63125,31,224,1979,10048,10150
63126,13,361,1545,6087,6239
63127,0,178,683,1988,2084
63128,73,596,2593,10069,10247
63129,33,801,4022,15860,16171
63130,105,642,2240,7077,7301
63131,7,985,2728,5921,6340
63132,47,346,1398,5026,5141
63133,9,107,566,2220,2243
63134,43,141,1089,5336,5363
63135,58,149,1045,5214,5256
63136,163,383,2625,11381,11508
63137,136,277,1273,5057,5141
63138,31,189,967,4295,4343
63139,0,249,1487,8158,8242
63140,2,10,37,153,156
63141,48,749,2221,6380,6676
63143,7,66,491,2422,2436
63144,6,211,848,3012,3104
63146,53,408,2040,8534,8782
63147,89,256,872,3734,3799
63301,82,609,4068,16125,16339
63303,0,840,4362,14191,14559
63304,28,830,4051,13273,13632
63341,0,1,5,12,13
63366,0,360,3280,12553,12733
63367,3,235,944,3017,3112
63368,0,844,3763,12921,13176
63376,145,1036,6291,23550,23887
63385,1,5,25,89,91
63386,0,2,11,55,56
63701,0,346,1982,8230,8373
63703,28,93,613,2763,2802
63780,15,65,291,1148,1170
64012,65,296,6540,7139,7182
64014,72,290,5909,6476,6575
64015,128,403,8041,9039,9112
64016,1,3,82,92,93
64029,26,63,945,1039,1058
64030,154,320,5282,5804,5863
64034,10,166,1238,2403,2453
64050,108,237,4504,5076,5122
64052,119,190,4269,4688,4730
64053,9,31,962,1073,1077
64054,23,48,829,887,896
64055,94,188,7702,8516,8524
64056,88,211,3494,3907,3967
64057,43,138,1767,3496,3528
64058,14,23,1391,1514,1520
64060,0,0,0,1,1
64063,38,196,2674,5337,5397
64064,228,615,4957,5625,5794
64068,81,313,5461,6150,6218
64079,0,0,2,4,4
64080,8,86,1291,2506,2532
64081,30,602,6410,7241,7360
64082,114,491,4242,4778,4897
64083,193,493,6892,7547,7616
64086,123,452,5646,6297,6407
64105,7,19,309,339,344
64106,38,90,795,864,882
64108,76,204,1917,2170,2205
64109,153,297,2465,2797,2837
64110,83,328,4300,4789,4853
64111,43,238,3152,3516,3584
64112,80,188,1222,1387,1436
64113,214,744,3093,3517,3768
64114,66,246,5333,5928,5976
64116,57,234,4542,5119,5171
64117,91,171,2274,2533,2564
64118,122,263,8282,9298,9363
64119,59,305,6483,7331,7420
64120,0,0,655,720,720
64123,67,121,2318,2521,2549
64124,75,136,2298,2534,2552
64125,20,40,474,531,539
64126,58,128,1254,1370,1392
64127,259,493,4099,4640,4716
64128,152,297,3499,3912,3956
64129,53,110,1849,1993,2012
64130,140,361,6440,7250,7301
64131,59,208,5256,5880,5927
64132,127,192,3413,3770,3785
64133,136,256,7047,7895,7975
64134,91,162,3536,3901,3924
64136,15,37,456,508,516
64137,30,58,1936,2117,2119
64138,133,234,4773,5219,5282
64139,11,25,518,573,579
64145,21,130,1664,1879,1902
64146,2,18,460,495,497
64147,12,28,62,98,105
64149,0,12,224,246,247
64150,16,59,592,670,685
64151,166,359,5539,6529,6616
64152,153,765,5185,6085,6289
64153,17,54,1454,1672,1683
64154,0,191,2362,2720,2756
64155,33,320,5723,6522,6615
64156,41,111,1499,1753,1782
64157,174,666,5201,5985,6159
64158,35,117,1149,1314,1343
64161,11,23,337,379,386
64163,0,2,72,173,173
64164,0,7,33,65,68
64165,0,0,19,54,54
64167,0,18,49,105,114
64421,0,1,6,12,13
64436,0,1,12,27,27
64501,111,191,1683,3725,3779
64503,49,228,2141,4728,4801
64504,41,167,1819,3981,4050
64505,31,165,2286,5071,5117
64506,64,367,3162,6874,6994
64507,43,193,1957,4172,4236
64801,522,2027,15019,15188,15326
64804,502,1848,12869,13014,13173
64834,129,463,3089,3117,3149
64835,2,86,1016,1017,1018
64836,219,800,5769,5852,5899
64840,0,1,6,6,6
64841,3,9,70,70,71
64855,7,50,374,377,378
64870,180,647,5831,5909,5975
65039,0,0,1,4,4
65043,1,25,254,1052,1064
65053,0,0,6,27,27
65101,14,189,1209,4624,4680
65109,45,253,1601,7292,7374
65201,284,762,2926,9742,9946
65202,130,476,3416,14069,14256
65203,55,997,5170,17745,18206
65255,0,2,20,80,81
65611,1,1,27,56,57
65616,162,622,4791,4830,4865
65619,63,339,3093,3138,3163
65631,3,17,111,113,114
65672,96,254,1997,2017,2036
65679,0,0,2,2,2
65714,304,1006,8448,8596,8657
65721,191,810,6647,6749,6803
65738,0,0,1,1,1
65739,3,8,91,171,172
65742,19,85,741,754,759
65753,1,4,39,40,40
65757,0,1,34,71,72
65781,4,12,99,101,102
65802,479,1776,17437,17562,17668
65803,637,1731,15985,16116,16246
65804,121,633,7074,14781,14932
65806,84,219,1467,2892,2946
65807,132,622,8917,18512,18700
65809,91,389,2064,4119,4262
65810,0,431,4028,8073,8198
38637,18,18,18,18,29
38641,0,0,0,0,0
38654,0,0,0,0,0
38655,0,0,0,0,0
38671,55,55,65,65,65
38672,0,0,0,0,0
38680,0,0,0,0,0
38801,40,52,52,52,52
38804,12,16,19,22,28
38826,0,0,1,1,1
38862,1,1,1,1,1
38863,0,0,0,0,0
38866,0,0,0,0,1
38868,0,0,0,0,0
39041,0,0,0,0,0
39042,67,77,96,96,96
39046,0,0,0,0,0
39047,0,0,0,0,0
39056,0,0,0,0,0
39071,0,0,0,0,0
39073,0,0,0,2,2
39110,0,0,0,0,0
39154,0,0,0,0,0
39157,0,0,0,0,0
39170,1,1,1,2,2
39201,0,0,0,0,0
39202,0,0,0,0,0
39203,0,0,0,0,0
39204,0,0,0,0,4
39206,0,0,0,0,0
39208,0,0,0,0,0
39209,0,0,0,0,7
39211,0,0,0,0,0
39212,0,0,0,0,0
39213,0,0,0,0,0
39216,0,0,0,0,0
39218,0,0,0,0,0
39232,0,0,0,0,0
39272,0,0,0,0,0
39301,137,137,142,142,146
39305,22,26,26,26,26
39307,58,69,79,86,91
39342,9,9,9,9,9
39401,0,0,0,0,9
39402,141,141,141,154,161
39437,1,1,1,1,1
39440,52,57,77,98,98
39443,2,2,3,3,3
39452,0,0,0,0,0
39465,12,12,15,15,18
39475,1,1,1,1,1
39501,398,398,398,406,414
39503,167,204,259,259,278
39507,143,149,149,155,161
39520,103,103,103,103,103
39525,0,0,0,0,0
39530,66,66,66,72,72
39531,48,48,48,58,69
39532,72,72,72,72,72
39540,28,28,28,28,28
39553,75,75,75,75,75
39556,0,0,0,0,1
39560,21,21,21,21,21
39562,42,46,46,53,53
39563,124,124,130,130,130
39564,41,41,41,41,41
39565,35,40,46,46,46
39567,44,53,66,66,66
39571,82,82,82,82,82
39574,2,2,2,2,3
39576,36,36,39,39,39
39581,102,110,110,129,133
59030,31,248,297,297,299
59101,2468,9953,11422,11528,11563
59102,3339,12959,14874,14950,15012
59105,1918,8199,9543,9563,9641
59106,1320,3474,4068,4165,4226
59401,442,2687,3717,3752,3767
59404,766,5849,8259,8352,8386
59405,868,7045,9690,9789,9849
59411,1,2,16,24,25
59417,6,10,54,78,79
59714,268,1872,2766,2795,2812
59715,972,4566,6482,6550,6612
59718,878,5146,7333,7418,7503
59741,1,6,9,9,9
59801,702,5154,7699,7787,7850
59802,423,2716,4199,4260,4282
59803,498,3031,4569,4631,4674
59804,257,1731,2638,2690,2710
59808,427,3068,4644,4692,4725
59901,546,1070,7662,11290,11418
59912,13,21,165,235,236
59936,0,0,2,3,3
59937,23,36,183,258,266
27006,0,0,0,1,1
27009,1,10,18,24,30
27012,0,19,148,255,375
27019,0,0,0,0,0
27023,4,14,41,56,79
27040,17,82,136,176,219
27045,2,6,8,12,17
27050,0,1,1,2,3
27051,2,27,52,76,91
27052,0,0,0,0,0
27101,125,198,272,374,544
27103,74,200,326,399,505
27104,42,197,485,660,836
27105,411,629,770,1014,1104
27106,205,367,594,756,994
27107,140,379,519,659,813
27127,118,260,343,438,521
27201,0,0,0,0,0
27214,0,17,34,52,69
27215,0,96,181,308,478
27217,102,157,225,286,2539
27233,1,3,5,6,7
27235,9,44,80,116,126
27244,11,37,68,85,110
27249,21,34,72,89,115
27253,23,100,164,227,286
27258,23,35,52,75,90
27260,215,400,492,561,630
27262,22,194,331,432,569
27263,71,113,198,240,261
27265,79,174,522,743,917
27278,0,0,1,1,1
27282,30,177,247,303,373
27284,110,258,552,865,1031
27292,72,116,205,271,310
27295,18,38,82,105,128
27299,1,7,15,23,29
27301,6,11,21,30,33
27302,8,12,18,19,112
27305,0,0,0,0,4
27310,10,65,203,338,431
27311,0,0,0,1,1
27313,2,17,33,56,64
27315,0,0,0,0,0
27317,16,21,23,27,203
27357,0,1,2,3,4
27358,0,88,192,276,362
27360,8,24,71,114,150
27370,3,4,6,8,10
27376,6,9,13,16,103
27377,2,6,14,23,28
27401,27,124,205,308,405
27403,36,96,187,223,328
27405,157,442,613,756,970
27406,337,461,673,939,1169
27407,125,324,461,598,710
27408,42,98,256,392,518
27409,57,72,129,177,206
27410,0,316,618,963,1164
27455,68,184,361,572,701
27502,421,784,1108,1392,4342
27504,36,47,61,72,401
27510,21,42,72,100,135
27511,106,299,417,573,2596
27513,248,610,981,1229,4002
27514,54,145,332,458,591
27516,268,478,646,804,2291
27517,187,396,557,701,1928
27518,157,408,639,744,2346
27519,401,823,1350,1888,4864
27520,118,243,310,383,2941
27521,1,2,3,4,26
27523,81,179,249,317,893
27526,76,256,396,495,2451
27527,22,40,62,95,430
27529,132,384,603,757,4553
27530,121,195,282,389,2274
27534,138,180,246,299,2012
27539,116,494,783,1020,3003
27540,259,577,935,1174,4296
27545,156,238,293,354,2762
27560,55,118,354,551,763
27562,7,24,44,55,167
27587,98,203,322,437,1443
27591,4,15,21,29,257
27592,24,60,84,111,627
27596,0,2,3,4,19
27601,28,83,147,224,799
27603,332,563,767,1061,5422
27604,271,417,574,751,4184
27605,26,52,67,80,361
27606,162,375,566,713,3101
27607,130,285,411,512,1791
27608,83,268,420,578,1333
27609,102,198,325,411,2108
27610,433,609,786,914,6350
27612,184,420,610,814,2822
27613,185,554,879,1169,3859
27614,556,861,1200,1435,3904
27615,172,450,630,834,3436
27616,141,262,484,585,4017
27617,125,251,366,537,2212
27701,67,165,208,286,404
27703,68,244,474,758,893
27704,132,203,291,335,3415
27705,121,329,450,636,736
27707,105,137,330,540,790
27712,81,193,268,352,1454
27713,70,233,583,851,1003
27801,168,225,276,322,2134
27803,92,191,309,421,3001
27804,241,343,463,593,3946
27809,8,10,14,20,131
27812,0,0,0,0,1
27822,25,38,50,57,363
27828,0,0,0,0,2
27834,238,467,578,748,3076
27837,4,6,7,9,46
27851,1,1,1,2,9
27856,0,0,0,0,3
27858,325,560,739,907,3831
27863,2,3,3,4,44
27878,1,3,3,4,16
27884,0,0,0,0,3
27893,520,576,718,954,3939
27896,119,180,251,332,1870
28012,28,175,364,511,637
28016,2,21,65,79,112
28023,2,5,12,15,18
28025,158,378,585,817,1024
28027,105,209,610,1064,1465
28031,47,205,616,999,1373
28032,15,51,86,111,130
28033,1,1,2,2,3
28034,34,50,59,78,109
28036,0,64,236,364,505
28037,17,73,142,188,251
28052,99,198,252,342,478
28054,115,210,325,472,566
28056,32,111,342,453,597
28072,0,0,0,0,0
28073,4,7,8,9,10
28075,0,236,436,575,690
28078,18,585,1115,1773,2230
28079,0,215,509,702,951
28080,0,3,8,10,14
28086,30,66,100,118,163
28092,47,104,161,192,228
28098,0,7,26,43,59
28101,0,0,2,3,5
28104,30,280,809,1129,1559
28105,33,154,395,691,965
28107,0,5,15,20,29
28110,84,323,520,717,899
28112,67,149,173,202,274
28115,122,216,469,591,723
28117,34,171,616,1094,1562
28120,84,174,284,414,510
28125,0,0,0,1,1
28134,15,48,88,158,202
28138,1,2,5,10,11
28144,16,214,395,551,863
28146,15,52,193,244,348
28147,0,41,109,159,200
28150,51,120,154,209,233
28152,66,90,162,188,237
28159,20,34,45,58,65
28164,4,7,38,79,95
28166,1,3,6,8,11
28168,0,0,0,0,0
28173,13,466,1118,1930,2543
28202,11,25,43,65,84
28203,0,57,163,252,349
28204,4,24,42,62,76
28205,46,146,331,485,686
28206,21,38,82,118,176
28207,5,108,259,380,474
28208,133,187,328,445,523
28209,0,40,210,352,471
28210,20,264,587,862,1048
28211,36,282,577,841,1087
28212,79,107,124,175,220
28213,140,279,447,540,633
28214,50,162,361,485,635
28215,149,285,446,557,681
28216,0,283,491,669,833
28217,56,134,212,246,296
28226,50,485,959,1353,1717
28227,39,223,407,525,656
28262,122,236,433,555,616
28269,206,330,557,908,1218
28270,16,262,639,951,1188
28273,48,67,279,404,539
28277,129,665,1385,2014,2475
28278,41,147,490,710,931
28301,299,410,494,599,2279
28303,294,441,553,631,3378
28304,167,335,467,730,4522
28305,60,119,170,222,767
28306,326,516,720,815,5339
28307,33,50,73,93,1173
28311,269,485,610,736,3616
28312,149,263,298,343,2267
28314,236,368,433,578,4846
28315,40,62,83,109,665
28326,0,0,0,0,0
28327,8,16,19,25,151
28333,4,9,12,18,108
28334,117,178,206,267,1821
28339,45,77,96,121,674
28348,207,356,436,586,4260
28358,236,351,430,501,3252
28360,29,38,44,55,437
28371,71,85,96,113,637
28372,0,0,1,1,3
28373,1,1,2,2,91
28374,50,161,241,294,1020
28376,35,49,65,83,399
28387,9,65,131,198,824
28390,61,85,133,212,1184
28391,2,3,3,4,22
28394,0,0,0,0,3
28395,2,3,4,4,28
28401,312,442,564,731,3825
28403,372,533,710,896,4270
28405,260,541,671,921,5037
28409,243,597,918,1217,5564
28411,109,425,681,972,5640
28412,224,415,628,785,5430
28420,0,0,0,1,20
28422,19,28,36,43,341
28428,122,219,292,414,1724
28429,16,33,43,51,553
28449,43,89,127,162,787
28451,3,4,5,7,77
28460,0,0,0,0,0
28461,61,94,110,151,1018
28462,143,205,263,339,2514
28465,198,317,405,538,2617
28467,69,82,107,155,1897
28468,85,168,211,254,1368
28469,75,126,186,249,2231
28470,56,92,129,173,1185
28479,0,1,1,2,19
28480,45,148,245,333,859
28513,1,1,1,1,6
28539,2,3,4,5,32
28540,204,358,498,626,4663
28543,3,7,12,15,283
28544,13,23,34,43,497
28546,218,385,527,616,4585
28547,29,54,69,86,756
28555,0,0,0,0,0
28590,101,209,285,374,2085
28601,79,114,299,493,589
28602,51,123,185,226,298
28610,8,14,22,25,30
28612,2,20,36,48,64
28613,23,83,120,180,218
28619,0,1,1,1,1
28625,20,72,96,116,161
28630,20,42,68,93,107
28637,12,18,21,30,35
28638,22,33,43,49,58
28645,27,81,114,157,201
28650,5,24,51,73,86
28655,20,86,152,225,324
28658,4,20,90,131,172
28677,83,145,207,289,337
28681,0,3,5,8,12
28690,16,37,60,83,97
28701,16,27,33,38,135
28715,42,82,101,129,840
28730,3,12,17,21,107
28748,2,4,7,9,69
28778,4,8,12,15,158
28787,35,75,101,134,758
28801,167,269,382,443,1410
28803,105,223,306,372,1545
28804,122,280,462,560,2208
28805,64,150,237,278,1625
28806,94,281,445,621,3910
58042,0,0,0,0,0
58047,6,6,6,6,6
58078,72,72,72,72,72
58102,90,90,90,90,90
58103,60,60,60,60,60
58104,68,68,68,68,68
58201,0,0,0,0,0
58202,1,1,1,1,1
58203,27,27,27,27,27
58501,16,16,16,16,16
58503,41,41,41,41,41
58504,0,0,0,0,0
58554,0,0,0,0,0
68005,84,122,145,176,221
68007,14,44,96,150,242
68010,0,1,4,5,7
68022,117,261,385,509,625
68028,0,67,165,231,342
68030,0,0,0,0,0
68046,103,167,262,374,469
68059,0,0,1,1,1
68064,0,0,0,0,0
68069,24,31,42,53,59
68102,26,29,34,39,44
68104,110,124,161,227,271
68105,115,153,187,206,235
68106,177,210,226,247,253
68107,144,144,172,227,248
68108,33,58,78,107,119
68110,83,105,122,130,141
68111,135,155,185,195,195
68112,35,47,56,68,77
68113,0,1,1,1,1
68114,53,102,151,187,208
68116,39,67,250,376,520
68117,21,24,42,60,75
68118,43,112,158,208,224
68122,39,60,71,85,110
68123,34,85,170,247,315
68124,76,140,194,216,269
68127,133,149,170,181,197
68128,38,52,108,151,170
68130,106,213,319,476,613
68131,47,57,69,90,104
68132,58,95,117,139,164
68133,82,122,167,189,226
68134,145,183,213,266,289
68135,206,374,533,683,777
68136,90,163,242,309,377
68137,97,139,160,180,194
68138,32,47,79,106,114
68142,12,27,48,69,80
68144,13,64,110,155,213
68147,41,54,69,88,98
68152,20,31,42,52,61
68154,23,162,226,290,354
68157,7,19,29,37,48
68164,103,127,166,174,253
68317,0,0,1,1,1
68336,0,1,1,2,2
68339,0,1,1,2,2
68430,0,0,0,0,1
68462,0,0,0,1,1
68502,139,196,295,352,393
68503,62,81,93,104,131
68504,67,77,91,105,120
68505,67,112,123,167,184
68506,179,226,263,310,376
68507,35,64,100,141,188
68508,73,81,95,105,113
68510,72,152,181,231,282
68512,77,109,162,198,242
68514,0,0,0,0,0
68516,109,271,421,556,651
68517,1,1,2,2,2
68520,12,19,26,34,42
68521,143,162,200,248,286
68522,8,33,50,84,100
68523,20,33,58,73,82
68524,8,15,22,24,24
68526,59,110,150,167,196
68527,9,16,22,28,35
68528,15,19,38,44,48
68531,2,4,7,9,11
68731,1,2,5,11,13
68776,32,40,52,56,76
3032,47,801,1274,1301,1301
3034,2,76,119,121,121
3036,7,88,142,146,146
3038,155,3128,5093,5155,5166
3045,138,1882,3371,3444,3447
3046,5,58,98,101,101
3049,7,87,143,148,148
3051,181,2610,4408,4511,4511
3052,29,511,866,890,890
3053,198,2411,3858,3961,3961
3054,99,2183,3887,3962,3962
3060,198,3083,5557,5641,5647
3062,151,2861,5125,5209,5209
3063,98,1545,2743,2790,2793
3064,109,1663,2986,3041,3041
3076,84,1365,2352,2417,2417
3079,202,3208,5230,5309,5315
3087,15,146,232,239,239
3101,30,273,457,469,473
3102,115,3197,5735,5770,5770
3103,104,4520,7942,7998,8014
3104,273,4233,7452,7565,7565
3106,166,2279,3766,3863,3863
3109,83,1642,2930,2972,2972
3110,139,1975,3373,3477,3477
3224,0,4,6,6,6
3229,1,22,36,37,37
3234,0,13,22,22,22
3258,1,34,55,56,56
3275,60,1536,2569,2598,2598
3301,185,3856,6499,6584,6591
3303,33,854,1423,1439,1442
3304,63,628,1041,1075,1075
3307,2,94,162,164,164
3801,169,2403,3928,4025,4025
3820,134,2796,4392,4463,4463
3823,4,31,47,49,49
3824,41,402,609,625,626
3833,2,39,64,65,65
3840,20,265,420,432,432
3854,21,183,284,294,294
3856,16,116,185,193,193
3857,27,527,865,872,873
3861,0,2,3,3,3
3862,10,113,182,186,186
3865,0,2,4,4,4
3867,0,2,4,4,4
3868,1,15,24,24,24
3869,10,185,295,299,299
3870,44,337,534,560,561
3878,31,1182,1943,1955,1955
3885,29,253,411,426,426
7001,222,2706,2788,2842,2848
7002,876,10350,10744,10842,10963
7003,929,8722,9098,9266,9351
7004,336,687,2596,2716,2819
7005,259,556,2514,2604,2694
7006,597,1280,4857,5103,5284
7008,433,5224,5389,5455,5482
7009,553,2674,2821,2949,2991
7010,331,2806,2952,2988,3028
7011,423,6766,6949,7020,7048
7012,249,2806,2901,2951,2972
7013,940,6789,7068,7288,7347
7014,148,1194,1244,1274,1283
7016,560,1155,4624,4868,5056
7017,250,3375,3467,3502,3516
7018,294,2671,2763,2820,2846
7020,200,853,917,943,967
7021,124,303,337,363,373
7022,204,2025,2116,2142,2160
7023,325,1289,1390,1452,1471
7024,448,3291,3483,3577,3602
7026,470,5604,5800,5895,5943
7027,97,1067,1102,1125,1129
7028,461,1207,1358,1445,1480
7029,239,2269,2346,2382,2399
7030,698,2740,2972,3131,3169
7031,314,3512,3643,3725,3744
7032,477,6668,6858,6949,6984
7033,150,363,2267,2319,2362
7034,88,208,1652,1689,1718
7035,39,108,922,939,956
7036,582,9704,9834,9975,10025
7039,951,2104,5662,6124,6456
7040,663,1210,3947,4247,4449
7041,231,464,1240,1345,1421
7042,857,3680,3968,4176,4231
7043,699,2025,2286,2417,2471
7044,592,2454,2655,2791,2828
7045,267,608,1994,2131,2229
7046,102,195,419,466,500
7047,727,7252,7522,7661,7700
7050,334,3213,3315,3359,3397
7052,908,1907,8239,8724,8940
7054,536,982,5172,5367,5512
7055,372,6064,6240,6247,6303
7057,188,2366,2421,2450,2470
7058,109,255,1133,1173,1221
7059,606,1123,3111,3366,3559
7060,377,5181,5257,5316,5364
7062,175,2033,2089,2121,2138
7063,135,1873,1926,1955,1961
7064,110,1285,1329,1350,1356
7065,410,5359,5516,5595,5617
7066,495,3830,3961,4043,4092
7067,714,4703,4924,5083,5135
7068,141,337,1294,1377,1420
7069,137,265,927,978,1017
7070,550,3388,3618,3739,3765
7071,536,4758,4947,5044,5100
7072,273,1854,1937,1983,2001
7073,228,1805,1857,1905,1922
7074,79,871,895,913,921
7075,366,2037,2149,2216,2239
7076,650,1471,4438,4776,4973
7077,88,759,786,795,802
7078,656,1198,2218,2475,2678
7079,382,759,2364,2565,2670
7080,808,5809,6041,6179,6254
7081,340,794,3170,3326,3447
7082,57,121,400,433,453
7083,926,2057,12086,12497,12767
7086,297,1462,1544,1615,1636
7087,401,5520,5730,5765,5811
7088,33,92,686,700,707
7090,1028,2055,5481,5913,6287
7092,284,518,1484,1590,1688
7093,418,4587,4828,4907,4927
7094,608,3011,3235,3350,3391
7095,320,3831,3957,4034,4050
7102,118,850,892,905,916
7103,349,3745,3930,3970,3990
7104,449,5085,5263,5372,5410
7105,323,5997,6134,6190,6203
7106,330,3744,3850,3882,3905
7107,315,4170,4305,4319,4358
7108,419,2793,2920,2953,2989
7109,577,6736,6979,7071,7107
7110,895,5862,6204,6403,6436
7111,558,7282,7496,7580,7603
7112,292,3509,3574,3618,3633
7114,194,1953,2045,2068,2079
7201,185,3867,3984,4000,4024
7202,289,4740,4804,4858,4882
7203,249,3468,3540,3605,3616
7204,239,2311,2362,2416,2433
7205,411,4452,4569,4635,4677
7206,239,3554,3609,3634,3660
7208,185,3516,3600,3614,3621
7302,623,2260,2460,2573,2623
7304,598,5072,5217,5325,5357
7305,938,8821,9276,9409,9447
7306,531,4885,5127,5190,5248
7307,584,5643,5935,6026,6063
7310,43,129,143,152,155
7401,334,1120,1193,1243,1278
7407,418,4386,4520,4585,4636
7410,1597,7474,7903,8298,8399
7417,737,2141,2357,2500,2567
7423,289,733,829,882,905
7424,619,5302,5442,5594,5622
7430,633,4014,4242,4326,4396
7432,288,1390,1483,1536,1561
7436,284,691,2480,2608,2693
7440,62,134,604,644,662
7442,36,102,598,615,627
7444,53,96,463,480,494
7446,546,2421,2586,2706,2742
7450,1318,4011,4413,4667,4787
7452,711,2252,2412,2537,2610
7458,789,2228,2495,2661,2716
7463,367,1803,1916,1989,2017
7470,1235,2742,10309,10910,11306
7481,860,3073,3303,3444,3536
7501,348,3306,3418,3464,3492
7502,208,2542,2608,2643,2659
7503,208,2783,2850,2861,2878
7504,188,1636,1693,1720,1735
7505,57,435,459,467,470
7506,492,4191,4334,4437,4469
7508,596,4469,4658,4779,4827
7512,477,3322,3459,3531,3581
7513,74,1462,1494,1503,1511
7514,108,2099,2132,2149,2153
7522,180,2429,2487,2510,2530
7524,170,1805,1864,1881,1900
7601,378,5205,5374,5440,5457
7603,150,1612,1655,1689,1697
7604,385,2732,2850,2924,2957
7605,270,1388,1459,1516,1538
7606,58,654,669,683,686
7607,259,2137,2234,2285,2308
7620,66,189,203,219,223
7621,607,4777,5016,5156,5187
7624,516,1843,2004,2116,2148
7626,358,1528,1617,1679,1717
7627,236,885,960,1005,1027
7628,402,3389,3578,3662,3685
7630,312,1616,1723,1779,1807
7631,616,3762,3958,4108,4158
7632,522,1479,1640,1749,1786
7640,217,851,912,945,969
7641,164,469,517,550,566
7642,442,1759,1906,2002,2028
7643,170,1965,2023,2048,2067
7644,550,4336,4522,4606,4657
7645,368,1368,1483,1554,1572
7646,397,2846,3048,3108,3146
7647,196,1208,1260,1300,1314
7648,244,1068,1120,1168,1187
7649,501,1603,1743,1845,1884
7650,275,2395,2519,2576,2584
7652,1008,6320,6792,6976,7032
7656,337,1459,1561,1644,1667
7657,248,2065,2175,2210,2235
7660,228,2113,2185,2219,2246
7661,499,2131,2263,2372,2408
7662,245,1415,1513,1558,1566
7663,513,3604,3872,3968,3996
7666,1178,6082,6518,6702,6804
7670,644,2070,2301,2438,2487
7675,1230,4822,5164,5407,5517
7676,333,1484,1595,1653,1679
7677,340,963,1067,1150,1172
7701,492,1371,4833,5048,5173
7702,167,325,1017,1083,1136
7704,286,606,1371,1497,1580
7711,88,215,609,639,661
7712,616,1766,7013,7184,7369
7716,172,432,1727,1790,1838
7717,89,239,912,948,972
7718,160,480,1645,1709,1768
7719,653,1515,5887,6071,6305
7720,83,278,1435,1460,1481
7721,30,127,635,650,656
7722,130,274,751,792,834
7723,128,253,895,934,963
7724,332,1100,4517,4690,4786
7726,1096,2735,8651,9137,9442
7727,168,458,1703,1776,1814
7728,840,2921,10719,11190,11489
7730,389,1159,4615,4717,4853
7731,687,1997,8496,8803,9011
7732,107,294,1201,1238,1266
7733,598,1354,3691,3953,4119
7734,171,558,2829,2891,2947
7735,334,1075,5065,5166,5277
7737,58,213,855,884,898
7738,163,381,1016,1083,1139
7739,306,668,1514,1623,1713
7740,403,1335,6333,6485,6578
7746,780,1705,4399,4744,4959
7747,649,1764,7421,7698,7865
7748,674,1636,5638,5871,6110
7750,138,335,905,946,996
7751,773,1565,4339,4633,4838
7753,652,1911,8339,8542,8744
7755,111,348,1636,1684,1719
7756,62,200,1102,1126,1147
7757,176,460,1533,1608,1654
7758,103,302,1136,1174,1203
7760,389,787,2052,2201,2323
7762,348,1010,3479,3625,3715
7764,200,612,2104,2180,2246
7801,183,440,4186,4273,4338
7803,42,126,955,973,991
7821,1,3,21,21,22
7828,113,285,2384,2461,2489
7834,297,666,3177,3326,3412
7836,253,536,2576,2713,2781
7838,0,1,5,5,5
7840,355,693,5654,5772,5884
7843,21,59,586,600,607
7847,13,40,547,555,559
7849,2,4,21,22,23
7850,77,167,1118,1150,1179
7852,48,138,797,826,838
7853,257,505,1466,1589,1665
7856,20,52,541,554,561
7857,39,106,781,800,811
7866,265,582,3016,3120,3214
7869,581,1275,4157,4420,4631
7874,59,119,1368,1410,1431
7876,287,608,2599,2701,2793
7878,0,5,84,85,85
7885,144,269,2110,2172,2201
7901,510,1075,3174,3396,3544
7920,771,1778,4934,5300,5587
7921,120,243,966,1010,1047
7922,303,618,1784,1918,2010
7924,176,379,929,1008,1054
7927,91,196,847,892,928
7928,460,1021,2700,2946,3113
7930,159,307,877,950,1002
7931,51,113,326,348,365
7932,267,543,2126,2222,2315
7933,93,170,613,658,689
7935,21,48,210,219,226
7936,320,766,3103,3236,3358
7940,459,896,2972,3163,3300
7945,344,650,1605,1748,1879
7946,124,235,656,713,748
7950,416,861,3816,3990,4124
7960,750,1616,6182,6595,6794
7974,287,552,1861,1981,2096
7980,82,160,571,609,638
7981,227,467,2147,2245,2310
8002,406,4625,4732,4814,4838
8003,3475,7546,7930,8142,8166
8004,1038,2598,2649,2687,2698
8007,79,1160,1175,1189,1194
8009,1219,3176,3215,3238,3244
8010,210,2661,2725,2761,2772
8012,3384,8932,9069,9161,9179
8016,1081,8624,8881,9055,9128
8020,14,29,30,31,31
8021,2900,8151,8251,8309,8317
8022,189,552,1910,1990,2029
8023,24,79,79,79,79
8026,292,718,734,748,753
8027,694,1821,1848,1866,1868
8028,2022,4895,5011,5062,5072
8029,95,1356,1386,1405,1410
8030,230,3244,3274,3301,3328
8031,147,3271,3301,3324,3334
8032,67,154,156,157,158
8033,699,2961,3195,3316,3346
8034,453,3817,3960,4058,4070
8035,251,1792,1879,1921,1937
8036,198,1557,1609,1659,1665
8037,1770,3868,3948,3992,3996
8043,2837,6125,6370,6589,6609
8045,94,754,781,799,806
8046,667,9370,9515,9651,9680
8048,450,3137,3266,3360,3377
8049,97,1477,1492,1507,1514
8051,895,2022,2068,2102,2104
8052,236,3960,4013,4034,4062
8053,4411,11741,12061,12271,12283
8054,1471,10508,10844,11159,11215
8055,1909,4221,4418,4565,4583
8057,1478,5398,5831,6096,6171
8059,164,1735,1764,1784,1794
8060,403,4616,4767,4840,4864
8062,349,666,698,725,726
8063,52,850,861,873,875
8065,101,1509,1531,1553,1561
8066,916,2376,2427,2439,2444
8069,543,1468,1483,1495,1503
8070,1604,4564,4629,4671,4676
8071,841,2118,2139,2168,2170
8075,748,7751,7946,8076,8125
8077,682,5034,5205,5313,5367
8078,148,2281,2312,2335,2345
8079,245,665,675,681,682
8080,4880,10847,11051,11255,11312
8081,4568,12374,12684,12851,12903
8083,1012,2587,2627,2679,2687
8084,639,1700,1732,1760,1766
8085,8,17,18,18,18
8086,832,1943,1977,2001,2003
8088,38,98,101,102,103
8089,351,933,962,979,980
8090,951,2227,2249,2284,2286
8091,55,162,164,165,165
8093,189,2304,2366,2385,2392
8094,4765,10575,10795,10960,11004
8096,3796,9354,9646,9705,9715
8097,345,842,862,869,871
8102,112,947,985,997,1002
8103,320,2382,2463,2478,2508
8104,462,3491,3583,3646,3676
8105,316,3627,3706,3736,3755
8106,183,2508,2573,2602,2615
8107,228,2745,2807,2833,2853
8108,454,3699,3816,3867,3914
8109,421,5004,5098,5181,5197
8110,383,4409,4487,4575,4589
8201,331,700,708,713,717
8203,2884,5667,5811,5930,5960
8221,1000,1872,1956,2015,2015
8223,615,1202,1232,1249,1249
8225,1343,2712,2774,2816,2822
8226,5498,10618,10885,11096,11118
8230,501,994,1021,1035,1036
8232,2211,4590,4637,4670,4689
8234,4977,10090,10257,10403,10413
8244,1406,2945,2970,3009,3018
8270,12,23,24,24,24
8302,96,220,222,224,225
8310,184,404,410,413,415
8312,912,2209,2252,2277,2284
8318,757,2009,2048,2071,2073
8322,1203,2742,2785,2824,2833
8326,233,498,502,504,505
8328,125,346,347,350,350
8330,49,106,107,108,108
8332,2408,5429,5519,5597,5631
8340,14,31,31,31,31
8341,201,417,422,428,428
8343,526,1139,1180,1214,1217
8344,673,1631,1654,1669,1673
8346,57,132,132,132,132
8352,4,10,10,10,10
8360,4654,10970,11093,11138,11160
8361,1705,3864,3948,3996,4012
8401,2853,5701,5789,5836,5865
8402,2309,4383,4566,4684,4698
8403,584,1109,1153,1180,1182
8406,1979,4046,4159,4176,4197
8501,259,682,2184,2318,2378
8502,500,1003,2314,2545,2678
8505,516,4810,4984,5092,5107
8510,70,164,398,434,453
8512,223,557,2442,2534,2629
8514,87,199,727,764,782
8515,301,658,1674,1806,1890
8518,122,1393,1426,1451,1460
8520,494,1266,6343,6579,6715
8525,79,149,522,559,583
8527,472,2090,8334,8579,8710
8533,0,0,2,2,2
8534,532,997,3106,3318,3487
8535,96,204,526,567,597
8536,396,2937,3074,3147,3169
8540,2049,8368,9038,9440,9555
8542,117,595,632,651,661
8550,833,1860,4970,5386,5649
8553,34,184,192,201,203
8554,91,861,890,910,912
8555,8,33,155,158,160
8558,305,804,886,950,969
8560,45,129,568,583,598
8562,6,24,140,142,143
8609,173,2041,2128,2152,2160
8610,469,7940,8121,8162,8228
8611,530,4427,4602,4688,4716
8618,665,6001,6231,6314,6346
8619,564,6294,6425,6510,6556
8620,299,661,3503,3630,3709
8628,186,2213,2309,2347,2359
8629,130,2020,2064,2083,2093
8638,660,5664,5863,5966,6033
8648,940,6672,6962,7142,7200
8690,559,5300,5451,5557,5597
8691,476,1112,4265,4522,4634
8701,602,2460,12692,12954,13072
8720,42,81,212,227,237
8721,78,299,1257,1288,1315
8722,135,534,2771,2838,2861
8723,496,2054,9545,9793,9902
8724,665,2548,12123,12337,12525
8730,177,430,1342,1416,1470
8731,0,1,7,7,7
8732,24,100,435,444,452
8733,36,130,585,595,604
8735,324,1100,5242,5401,5494
8736,567,1472,4520,4769,4943
8738,196,413,995,1067,1128
8740,13,163,909,913,916
8741,54,162,648,665,678
8742,811,2434,9190,9493,9748
8750,262,606,1829,1959,2028
8751,420,941,2814,2939,3022
8752,112,366,1597,1634,1657
8753,1290,4516,17494,17992,18434
8755,437,1612,6447,6548,6682
8757,519,2341,13709,13807,13947
8759,1671,4964,5014,5050,5065
8804,14,30,170,175,179
8805,233,2387,2473,2501,2521
8807,794,1754,6290,6650,6815
8810,337,2007,2125,2198,2218
8812,627,2879,3053,3186,3218
8816,1242,2389,9715,10140,10459
8817,984,8694,9056,9168,9270
8820,1665,7360,7860,8234,8334
8823,151,1571,1622,1647,1662
8824,853,3176,3448,3621,3680
8828,27,73,498,507,515
8830,490,3680,3810,3916,3944
8831,1080,3146,14602,15150,15588
8832,51,336,352,361,367
8835,333,2988,3096,3137,3172
8836,182,366,909,1000,1062
8837,297,3042,3103,3170,3195
8840,737,3778,3975,4135,4181
8844,1189,2378,8047,8428,8757
8846,293,3453,3551,3594,3620
8848,10,26,157,162,165
8850,383,2587,2680,2772,2797
8852,532,3087,3260,3362,3389
8854,1137,10073,10571,10766,10831
8857,594,1540,8779,9057,9234
8859,248,637,4339,4416,4497
8861,539,7969,8168,8217,8259
8863,399,3076,3174,3236,3265
8865,377,934,8653,8823,8904
8869,203,1877,1935,1977,1997
8872,212,695,4349,4457,4488
8873,1587,11877,12364,12684,12773
8876,211,517,2632,2733,2792
8879,210,629,5508,5610,5650
8880,38,957,974,980,982
8882,206,653,4282,4390,4448
8884,130,296,1921,1979,2018
8886,85,211,1066,1107,1147
8901,664,5923,6099,6180,6249
8902,684,7083,7316,7474,7496
8904,266,2322,2394,2428,2460
87002,5033,5206,5216,5216,5216
87004,10,10,10,10,10
87008,585,634,635,635,635
87015,1110,1132,1133,1133,1133
87022,96,99,99,99,99
87031,6942,7092,7113,7113,7113
87035,1138,1173,1177,1177,1177
87042,1135,1175,1181,1181,1181
87047,212,223,223,223,223
87048,4187,4444,4444,4444,4444
87059,645,674,675,675,675
87068,1286,1349,1350,1350,1350
87102,7466,7746,7793,7793,7793
87104,4713,4966,4976,4976,4976
87105,20232,20858,20900,20900,20900
87106,8292,8787,8831,8831,8831
87107,13450,14012,14040,14040,14040
87108,10323,10710,10775,10775,10775
87109,12063,12566,12578,12578,12578
87110,14950,15445,15491,15491,15491
87111,18538,19334,19431,19431,19431
87112,15291,15929,15945,15945,15945
87113,5981,6204,6210,6210,6210
87114,20907,21556,21665,21665,21665
87116,1574,1591,1591,1591,1591
87120,20805,21296,21361,21361,21361
87121,20585,21091,21154,21154,21154
87122,3324,3697,3697,3697,3697
87123,13137,13716,13771,13771,13771
87124,19861,20329,20329,20329,20329
87144,2343,2406,2409,2409,2409
87401,10524,11174,11218,11218,11218
87402,2508,2686,2694,2694,2694
87501,7876,8326,8343,8343,8343
87505,12438,13023,13049,13049,13049
87506,1752,1859,1868,1868,1868
87507,13349,13834,13848,13848,13848
87508,3113,3288,3301,3301,3301
88001,7886,11956,12040,12040,12040
88005,6839,10404,10435,10435,10435
88007,3735,5671,5688,5688,5688
88008,213,326,327,327,327
88011,5148,7970,8010,8010,8010
88012,3728,5680,5691,5691,5691
88047,14,21,21,21,21
88063,1808,2727,2766,2766,2766
89002,298,10876,11075,11075,11075
89005,242,5507,5631,5631,5631
89011,334,7783,7934,7934,7934
89012,420,10793,11069,11069,11069
89014,160,9311,9434,9434,9434
89015,318,12539,12717,12717,12717
89030,253,6911,7037,7037,7037
89032,206,7816,7943,7943,7943
89044,0,2,2,2,2
89052,457,12025,12359,12359,12359
89074,545,15238,15549,15549,15549
89101,312,6914,7084,7084,7084
89102,136,7082,7190,7190,7190
89103,250,9488,9623,9623,9623
89104,301,10225,10401,10401,10401
89106,292,6653,6810,6810,6810
89107,199,9358,9481,9481,9481
89108,418,16503,16686,16686,16686
89109,80,1209,1246,1246,1246
89110,543,16621,16961,16961,16961
89113,304,7836,8012,8012,8012
89115,67,3489,3532,3532,3532
89117,677,15736,16155,16155,16155
89118,192,5513,5637,5637,5637
89119,239,8119,8250,8250,8250
89120,104,6857,6933,6933,6933
89121,515,14492,14728,14728,14728
89122,322,13747,13971,13971,13971
89123,431,16306,16588,16588,16588
89128,162,9974,10095,10095,10095
89129,480,13884,14152,14152,14152
89130,30,1100,1117,1117,1117
89134,326,11454,11628,11628,11628
89135,724,10754,11121,11121,11121
89138,171,2308,2433,2433,2433
89139,232,12710,12903,12903,12903
89141,430,8479,8768,8768,8768
89142,224,8179,8287,8287,8287
89144,315,6145,6309,6309,6309
89145,275,7279,7435,7435,7435
89146,150,4891,4986,4986,4986
89147,453,14371,14605,14605,14605
89148,297,8831,8984,8984,8984
89156,236,6444,6569,6569,6569
89158,2,22,23,23,23
89166,0,11,11,11,11
89169,100,2773,2841,2841,2841
89178,181,4200,4317,4317,4317
89183,227,8984,9084,9084,9084
89403,1,54,55,55,55
89410,1,50,51,51,51
89423,116,4200,4299,4299,4299
89431,76,9400,9486,9486,9486
89433,31,6183,6246,6246,6246
89434,0,7159,7238,7238,7238
89436,92,12851,13167,13167,13167
89439,8,117,120,120,120
89441,133,3835,4033,4033,4033
89501,19,599,621,621,621
89502,10,9918,10069,10069,10069
89503,154,7520,7689,7689,7689
89506,190,11610,11835,11835,11835
89508,4,726,734,734,734
89509,212,9831,10094,10094,10094
89510,0,47,48,48,48
89511,120,8163,8557,8557,8557
89512,134,5241,5358,5358,5358
89519,62,3414,3632,3632,3632
89521,142,9119,9478,9478,9478
89523,96,10377,10654,10654,10654
89701,75,8131,8288,8288,8288
89703,65,3002,3101,3101,3101
89705,25,1926,1959,1959,1959
89706,76,6264,6334,6334,6334
10001,1,15,41,68,86
10002,14,34,76,110,146
10003,3,48,145,230,309
10004,0,4,9,14,17
10005,0,2,4,7,9
10006,0,2,6,9,12
10007,1,5,17,25,35
10009,30,56,103,131,165
10010,4,22,49,69,91
10011,6,73,151,212,262
10012,11,46,85,133,173
10013,7,48,116,174,223
10014,0,42,118,185,246
10016,6,21,64,106,136
10017,1,3,12,19,25
10018,0,12,36,58,74
10019,6,26,65,97,126
10021,0,20,53,85,115
10022,0,18,50,74,97
10023,4,37,76,107,150
10024,5,32,104,166,225
10025,13,48,124,171,223
10026,8,27,55,80,99
10027,19,52,112,182,238
10028,4,15,83,134,177
10029,32,64,86,116,164
10030,9,18,40,56,85
10031,0,24,57,88,118
10032,11,20,31,52,76
10033,14,33,47,64,83
10034,4,17,28,41,52
10035,20,40,72,99,140
10036,11,19,43,65,84
10037,4,10,18,27,35
10038,3,10,22,30,40
10039,7,13,18,23,27
10040,6,10,19,27,41
10044,0,1,4,7,9
10065,6,25,60,88,119
10069,0,1,2,2,3
10075,5,16,37,57,73
10128,9,31,76,117,163
10280,0,1,3,5,6
10282,0,1,4,5,7
10301,63,239,371,503,703
10302,40,106,212,286,405
10303,0,82,230,359,602
10304,135,392,565,693,1001
10305,23,131,402,642,1005
10306,0,294,623,799,1352
10307,18,142,248,330,503
10308,50,257,481,733,996
10309,46,329,644,914,1315
10310,54,158,308,407,692
10312,66,225,741,1270,1984
10314,153,442,952,1496,2414
10451,26,50,69,80,132
10452,22,47,59,85,125
10453,46,94,128,150,223
10454,28,72,107,138,212
10455,30,51,75,96,152
10456,60,124,161,206,318
10457,52,92,144,192,282
10458,61,100,130,143,247
10459,35,70,111,144,229
10460,70,117,152,185,284
10461,56,133,213,298,451
10462,37,114,180,213,364
10463,24,66,92,121,172
10464,0,0,1,1,1
10465,13,28,42,62,97
10466,74,256,390,545,901
10467,52,135,195,266,441
10468,37,56,75,98,150
10469,127,364,567,728,1091
10470,13,58,109,150,226
10471,0,37,87,133,196
10472,85,144,244,358,550
10473,28,92,169,261,470
10474,31,56,73,94,130
10475,5,10,16,21,38
10501,0,14,45,72,96
10502,8,86,201,301,381
10504,6,109,322,505,689
10505,0,0,0,0,0
10506,6,70,124,183,242
10507,9,51,101,149,196
10510,14,117,337,490,639
10511,5,29,45,71,96
10514,0,158,379,568,732
10516,0,3,8,52,89
10517,0,1,1,2,2
10520,0,126,281,404,540
10522,8,43,156,251,345
10523,17,46,133,198,261
10524,0,1,2,17,28
10526,0,0,0,0,0
10527,0,0,0,0,0
10528,4,14,44,67,88
10530,12,74,163,230,296
10532,5,39,122,197,284
10533,1,69,202,313,398
10536,7,138,349,543,717
10537,0,2,4,17,32
10538,3,15,34,51,69
10541,0,0,0,0,1
10543,2,9,19,27,36
10546,0,13,33,48,64
10547,10,67,111,152,209
10548,2,18,63,89,119
10549,36,164,298,423,544
10550,91,125,242,342,471
10552,20,70,143,239,320
10553,14,35,80,111,162
10560,0,0,0,0,1
10562,26,212,362,538,693
10566,66,113,227,322,442
10567,0,9,9,289,550
10570,2,115,280,424,577
10573,32,304,595,855,994
10576,0,6,14,24,32
10577,0,82,161,248,320
10578,0,0,0,0,0
10579,0,0,2,11,18
10580,2,56,122,190,238
10583,0,602,1264,1799,2416
10588,0,24,48,67,83
10589,0,0,0,4,16
10591,16,116,256,394,538
10594,1,73,145,212,305
10595,46,118,204,289,358
10596,5,11,16,19,26
10598,6,246,666,965,1257
10601,3,16,30,40,62
10603,15,69,177,290,411
10604,0,43,182,288,360
10605,38,171,377,556,772
10606,24,82,154,221,262
10607,3,64,156,235,323
10701,148,291,390,517,759
10703,43,103,160,206,289
10704,67,231,365,519,638
10705,0,80,215,274,392
10706,0,63,157,235,332
10707,12,55,162,239,310
10708,19,84,214,329,442
10709,8,101,218,346,462
10710,18,139,332,525,704
10801,41,102,204,317,433
10803,4,161,321,456,599
10804,9,196,466,657,891
10901,0,21,124,266,446
10913,0,0,36,121,208
10920,0,0,31,204,313
10923,9,11,44,112,146
10927,23,35,49,100,153
10931,0,0,1,4,8
10952,0,21,93,190,283
10954,9,33,111,325,497
10956,0,14,261,717,1188
10960,0,5,62,223,331
10962,0,3,30,149,239
10964,1,3,13,37,60
10965,0,0,87,266,415
10968,1,2,8,28,45
10970,18,25,30,102,162
10974,0,0,1,2,3
10976,0,7,15,31,49
10977,7,48,115,265,407
10980,0,11,127,306,433
10983,0,0,25,122,216
10984,0,0,16,51,91
10986,0,5,12,32,50
10989,4,12,58,161,231
10993,0,1,20,37,55
10994,13,15,70,170,272
11001,24,242,467,849,1412
11003,72,359,672,977,1775
11004,15,88,152,203,340
11005,0,1,1,1,2
11010,0,7,39,381,638
11020,0,1,12,94,173
11021,0,0,31,122,208
11023,0,4,4,85,182
11024,0,0,0,78,162
11030,11,22,108,535,887
11040,22,519,1182,1690,2751
11050,10,15,23,211,388
11096,15,55,94,141,279
11101,38,131,335,475,654
11102,11,35,110,175,322
11103,63,126,200,239,380
11104,13,34,50,65,100
11105,15,122,217,289,453
11106,20,75,152,230,354
11109,0,0,0,0,1
11201,29,159,362,534,693
11203,74,120,416,675,1231
11204,0,72,288,414,872
11205,25,91,173,264,438
11206,54,161,247,341,524
11207,282,451,596,693,999
11208,196,436,623,827,1335
11209,80,232,471,667,1087
11210,84,244,404,557,857
11211,68,215,435,579,806
11212,142,269,379,490,785
11213,89,150,224,289,497
11214,89,249,463,632,1068
11215,54,466,890,1278,1672
11216,68,213,317,422,647
11217,26,220,418,612,824
11218,6,108,373,541,914
11219,91,191,348,481,788
11220,63,197,315,441,717
11221,120,314,461,622,896
11222,0,188,408,583,840
11223,194,470,664,811,1282
11224,62,103,159,203,394
11225,32,95,140,177,315
11226,60,101,220,322,565
11228,97,201,444,672,991
11229,199,408,648,899,1484
11230,67,229,431,552,942
11231,68,202,442,586,781
11232,26,108,172,233,348
11233,121,197,353,489,732
11234,102,525,1202,1660,2269
11235,85,199,412,611,1016
11236,238,560,881,1048,1571
11237,34,102,191,262,426
11238,31,146,341,468,660
11239,3,4,6,8,20
11249,8,72,121,185,280
11354,69,179,257,302,469
11355,88,175,320,412,639
11356,23,61,148,197,352
11357,0,157,485,697,1128
11358,0,69,232,459,798
11360,32,102,148,207,330
11361,14,135,304,415,661
11362,15,102,184,277,406
11363,10,59,109,171,237
11364,56,215,348,497,778
11365,74,179,379,474,743
11366,38,135,185,267,396
11367,72,168,226,319,466
11368,24,97,200,304,626
11369,27,93,155,209,391
11370,26,85,137,190,316
11372,18,46,98,145,209
11373,28,83,177,276,558
11374,29,79,135,183,298
11375,30,190,316,453,685
11377,69,138,218,339,637
11378,24,138,307,451,758
11379,37,166,362,553,811
11385,81,196,495,691,1383
11411,38,181,328,445,689
11412,7,179,397,596,893
11413,53,251,381,541,967
11414,62,234,421,588,947
11415,3,30,49,74,138
11416,14,84,156,210,343
11417,0,112,245,341,520
11418,47,137,224,267,412
11419,46,148,297,399,696
11420,29,223,388,617,912
11421,13,110,224,329,548
11422,0,137,242,390,722
11423,49,152,267,362,592
11426,8,80,190,285,448
11427,70,163,236,282,422
11428,15,89,200,278,463
11429,31,118,245,377,714
11432,29,120,230,277,459
11433,71,92,234,330,543
11434,130,381,478,600,1102
11435,28,133,202,284,445
11436,24,89,175,235,401
11501,0,0,74,246,422
11507,0,0,16,134,231
11509,0,0,20,87,145
11510,0,0,249,639,921
11514,4,4,6,40,93
11516,2,60,139,205,338
11518,0,0,46,168,273
11520,49,49,97,357,673
11530,0,0,7,569,1112
11542,0,31,194,446,688
11545,0,0,79,365,616
11548,3,9,18,38,59
11550,0,30,151,386,575
11552,0,17,45,416,681
11553,37,65,89,220,341
11554,0,38,48,651,1073
11557,4,7,47,199,312
11558,5,22,45,145,210
11559,19,145,248,356,535
11560,2,12,34,191,321
11561,0,25,108,546,869
11563,0,5,149,387,598
11565,0,25,68,220,356
11566,9,28,161,929,1498
11568,5,6,14,149,262
11569,0,0,10,52,83
11570,11,28,57,438,750
11572,0,9,129,618,1069
11575,0,0,0,122,215
11576,3,20,54,317,557
11577,0,0,74,287,422
11579,4,5,33,139,215
11580,71,390,789,1082,1809
11581,77,306,541,771,1197
11590,0,0,213,599,1016
11596,0,0,63,230,355
11598,0,0,3,228,477
11691,82,199,342,454,740
11692,37,87,149,184,271
11693,16,54,97,132,223
11694,46,168,279,346,564
11701,0,0,25,264,447
11702,4,8,41,304,498
11703,9,14,95,266,411
11704,0,0,109,495,733
11705,0,11,22,201,313
11706,0,186,604,1053,1564
11710,0,41,72,882,1539
11713,10,45,69,176,245
11714,0,0,41,317,655
11715,4,5,20,86,144
11716,0,0,41,184,324
11717,21,21,32,558,913
11718,0,0,25,83,138
11719,0,11,21,69,123
11720,24,40,48,263,647
11721,0,7,16,119,199
11722,7,36,92,277,426
11724,0,0,15,116,189
11725,0,0,157,638,1177
11726,24,28,56,156,297
11727,6,31,94,263,408
11729,0,0,34,361,722
11730,4,8,8,228,419
11731,0,0,10,549,1079
11732,0,9,46,114,167
11733,0,0,3,244,447
11735,28,65,167,787,1111
11738,12,16,43,230,351
11739,0,0,0,29,54
11740,0,0,42,214,325
11741,0,0,82,328,648
11742,0,0,16,144,264
11743,0,0,102,837,1404
11746,17,33,249,1345,2242
11747,10,25,34,320,644
11749,0,2,5,37,77
11751,4,30,56,241,435
11752,9,16,73,221,360
11753,0,0,18,333,572
11754,0,0,29,287,580
11755,0,3,33,187,350
11756,0,12,185,649,1077
11757,0,0,23,366,595
11758,0,95,205,1229,2158
11762,0,6,169,506,819
11763,6,29,53,205,403
11764,0,4,8,55,95
11765,0,0,4,27,46
11766,0,0,7,230,385
11767,21,31,44,246,441
11768,0,0,39,450,926
11769,0,10,45,253,464
11771,0,19,45,272,432
11772,61,158,388,704,983
11776,19,31,62,254,447
11777,0,0,5,77,138
11779,16,57,179,448,635
11780,0,5,99,425,685
11782,40,45,95,426,706
11783,0,0,96,495,856
11784,0,0,84,259,454
11787,55,101,174,815,1291
11788,4,13,91,346,536
11790,0,0,8,186,462
11791,0,0,64,732,1345
11793,0,0,158,903,1378
11795,0,0,120,621,965
11796,0,6,33,86,142
11797,2,7,54,313,488
11798,0,0,54,197,297
11801,0,35,176,952,1468
11803,27,44,177,769,1344
11804,0,6,20,123,251
11901,0,42,111,222,368
11930,0,0,0,136,268
11932,0,0,22,123,251
11933,0,0,19,64,90
11934,0,5,36,177,274
11935,0,11,18,85,132
11937,0,7,28,389,777
11939,0,0,5,29,53
11940,0,0,0,99,213
11941,0,2,14,53,84
11942,0,0,0,115,215
11944,0,15,42,115,188
11946,15,62,129,381,613
11948,0,2,4,10,13
11949,0,1,10,27,43
11950,0,0,68,143,232
11951,0,13,45,139,203
11952,0,0,0,4,10
11953,0,1,1,1,2
11954,0,0,0,189,375
11955,0,11,17,24,30
11957,0,0,15,68,107
11958,0,0,0,3,6
11960,0,0,9,41,68
11962,0,6,33,82,134
11963,0,0,30,240,380
11964,0,1,2,40,83
11965,0,19,54,85,114
11967,0,43,144,330,506
11968,0,16,72,878,1329
11971,0,10,26,204,348
11976,17,28,81,282,460
11977,0,3,27,85,162
11978,0,0,50,186,335
11980,0,2,10,21,32
12008,0,0,0,0,0
12009,0,0,0,0,44
12018,0,0,0,0,0
12019,0,0,0,0,0
12033,0,0,0,8,25
12047,0,0,0,11,103
12054,0,0,0,0,130
12056,0,0,0,0,2
12061,0,0,0,3,9
12063,0,0,0,0,2
12065,0,0,0,0,16
12067,0,1,1,3,5
12077,0,0,0,0,62
12084,0,0,0,1,10
12085,0,0,0,1,2
12110,0,0,0,43,91
12118,0,0,0,0,5
12121,0,0,0,0,0
12123,0,0,0,0,0
12140,0,0,1,2,5
12144,0,0,0,0,46
12148,0,0,2,9,80
12150,0,0,0,0,0
12154,0,0,0,0,0
12158,0,0,0,22,42
12159,0,0,0,16,128
12180,0,0,0,0,62
12182,0,0,0,16,77
12183,1,2,2,2,11
12186,3,13,20,71,145
12188,0,0,0,0,101
12189,0,0,5,67,172
12196,0,0,0,0,0
12198,0,0,0,0,0
12202,0,0,20,50,90
12203,0,0,0,35,175
12204,0,0,0,0,8
12205,0,9,45,54,127
12206,0,0,55,129,199
12207,0,0,0,5,17
12208,0,0,73,152,246
12209,0,0,0,17,44
12210,0,0,0,32,59
12211,0,0,0,15,174
12222,0,0,0,0,0
12302,0,0,6,19,100
12303,0,0,0,45,163
12304,0,0,11,73,168
12305,0,0,1,9,18
12306,0,0,25,59,202
12307,0,0,0,48,81
12308,0,0,23,70,103
12309,32,47,63,63,245
12401,0,0,38,332,550
12411,0,0,0,0,2
12417,0,0,0,3,4
12419,0,0,0,2,4
12432,0,0,0,0,0
12440,0,2,3,5,9
12443,0,3,3,29,65
12449,0,0,5,23,39
12456,0,0,0,1,1
12466,0,0,2,14,29
12471,0,4,10,15,18
12472,0,2,3,6,13
12475,0,0,0,0,0
12477,0,4,8,30,46
12484,0,0,0,0,0
12486,0,6,9,21,25
12487,0,5,12,44,83
12498,0,0,0,1,2
12508,31,50,112,194,275
12512,0,0,0,0,1
12518,2,4,9,46,71
12520,2,3,6,39,63
12524,0,0,36,108,216
12525,0,1,1,3,8
12528,4,33,57,150,281
12533,0,1,1,10,20
12538,0,7,34,115,187
12542,0,0,0,29,80
12547,1,4,17,42,82
12548,0,0,1,8,17
12549,0,0,0,1,2
12550,0,47,154,403,688
12553,6,25,31,201,327
12561,0,0,21,112,235
12569,0,0,8,44,88
12572,0,0,1,3,4
12575,0,0,0,8,17
12577,0,0,0,1,2
12578,0,0,0,6,12
12580,0,0,8,37,59
12586,0,1,4,11,22
12589,0,1,11,30,53
12590,0,48,56,334,510
12601,23,100,177,277,492
12603,0,0,10,325,609
12801,0,0,4,66,94
12803,0,0,0,0,39
12804,0,16,27,60,162
12827,0,0,0,0,0
12828,0,0,2,6,30
12831,0,0,0,1,3
12839,0,0,3,12,18
12845,0,0,1,8,19
12901,0,0,0,44,102
12903,0,0,0,0,1
12918,0,0,0,0,0
12962,0,0,0,0,0
13021,0,0,0,0,8
13027,0,0,0,17,42
13029,0,0,2,7,23
13030,0,0,0,1,11
13031,0,0,0,0,16
13039,0,0,0,0,100
13041,0,8,12,23,27
13057,0,0,0,0,28
13060,0,0,0,0,1
13066,0,0,0,0,102
13068,0,0,0,0,0
13073,0,0,0,0,0
13078,0,0,0,0,84
13082,0,0,1,8,17
13084,0,0,0,0,2
13088,0,0,0,6,83
13090,0,0,0,25,110
13104,0,0,12,32,95
13108,0,0,0,4,10
13112,0,0,0,0,0
13116,0,0,9,18,22
13120,0,0,1,2,5
13132,0,0,0,0,0
13135,0,0,1,2,4
13152,0,0,0,0,3
13164,0,0,0,0,0
13202,0,0,0,11,54
13203,0,0,0,49,92
13204,0,0,0,23,144
13205,0,0,0,39,136
13206,0,0,37,58,73
13207,0,0,0,40,87
13208,0,0,0,56,173
13209,0,0,0,0,0
13210,0,0,0,89,192
13211,0,0,0,16,28
13212,0,0,58,97,116
13214,2,9,16,19,37
13215,0,0,0,0,5
13219,0,21,41,62,165
13224,0,0,0,20,82
13319,0,0,0,0,0
13323,0,0,0,0,0
13340,0,0,0,0,5
13354,0,0,0,0,0
13403,0,0,3,5,12
13413,0,0,0,6,141
13417,0,0,4,11,19
13424,0,0,4,9,30
13456,0,0,0,0,1
13492,0,0,25,37,95
13495,0,0,0,0,1
13501,0,0,20,90,179
13502,0,0,0,0,149
13601,0,0,0,17,123
13603,0,0,4,8,11
13612,0,0,0,0,1
13616,0,0,0,0,0
13634,0,0,0,0,0
13637,0,0,0,0,4
13748,0,0,0,0,0
13760,0,0,0,50,110
13790,0,10,53,72,92
13795,0,0,0,0,2
13827,0,0,0,0,0
13850,0,0,0,0,19
13901,0,0,0,0,22
13903,0,0,0,0,16
13904,0,0,0,0,4
13905,0,0,0,0,78
14004,0,0,0,0,0
14026,0,0,0,0,0
14031,0,0,0,0,0
14032,0,0,0,0,0
14043,0,0,0,0,0
14051,0,0,0,19,26
14052,0,0,0,0,0
14059,0,0,0,0,11
14068,0,0,0,7,22
14072,0,0,0,0,71
14075,0,0,0,0,4
14086,0,0,0,47,71
14092,0,0,21,60,99
14094,0,0,0,0,0
14120,0,65,146,259,486
14127,0,0,0,27,68
14131,0,0,0,0,1
14132,0,0,0,0,38
14150,0,17,165,297,413
14174,0,0,0,0,0
14201,0,0,14,60,113
14202,0,0,5,10,18
14203,0,0,0,4,17
14204,0,0,0,0,58
14206,0,0,0,0,143
14207,0,0,0,54,209
14208,0,0,12,38,61
14209,0,0,24,49,83
14210,0,0,0,0,57
14211,0,0,78,186,264
14212,0,0,4,63,139
14213,0,0,0,29,141
14214,0,0,0,0,64
14215,0,0,0,255,575
14216,0,0,13,104,195
14217,0,0,0,0,34
14218,0,0,0,0,0
14219,0,0,0,4,31
14220,0,0,31,85,139
14221,0,0,0,0,54
14222,0,0,5,12,57
14223,0,0,9,70,174
14224,0,0,0,0,46
14225,0,0,0,27,135
14226,0,0,77,96,231
14227,0,0,0,8,59
14228,0,0,0,0,0
14301,0,0,0,120,228
14303,0,0,0,21,62
14304,0,33,108,152,184
14305,0,0,0,52,151
14428,0,0,0,0,7
14445,0,0,6,12,20
14450,0,0,0,0,10
14467,0,0,0,3,8
14468,0,0,17,23,46
14472,0,0,0,0,2
14506,0,0,0,0,0
14514,0,0,20,22,43
14526,0,0,0,0,0
14534,0,0,0,0,0
14543,0,0,0,0,0
14546,0,0,0,0,0
14559,0,0,5,14,130
14564,0,0,0,1,23
14580,0,0,0,0,0
14586,0,0,2,2,6
14604,0,0,0,0,1
14605,0,0,0,0,33
14606,0,0,0,0,44
14607,0,0,0,0,11
14608,0,0,15,35,65
14609,0,0,0,0,101
14610,0,0,6,12,33
14611,0,0,0,0,11
14612,0,0,44,76,131
14613,0,0,0,3,47
14614,0,0,0,0,1
14615,0,0,0,0,32
14616,0,0,8,91,141
14617,0,0,0,0,0
14618,0,0,0,0,0
14619,0,0,0,0,24
14620,0,0,0,0,14
14621,0,0,0,20,151
14622,0,0,0,0,44
14623,0,0,0,6,70
14624,0,0,0,12,47
14625,0,0,0,9,17
14626,0,0,0,0,0
14850,0,0,0,0,0
14882,0,0,0,0,1
14883,0,0,0,0,0
43004,115,130,214,267,313
43015,0,0,0,0,0
43016,38,141,188,263,291
43017,12,118,248,413,496
43021,43,53,65,72,85
43026,16,33,49,196,376
43031,3,3,3,4,5
43035,94,140,183,234,264
43054,227,316,378,454,543
43062,12,13,14,18,19
43064,1,1,5,7,12
43065,19,19,83,176,306
43068,255,283,325,354,382
43081,175,223,286,334,382
43082,58,181,288,444,486
43085,245,272,313,326,388
43109,0,0,0,0,0
43110,28,35,39,48,50
43119,49,63,77,98,105
43123,78,137,147,166,166
43125,9,10,12,13,15
43147,234,267,284,300,311
43201,252,269,315,338,372
43202,138,160,169,178,191
43203,66,73,79,83,87
43204,306,306,334,334,348
43205,46,74,85,106,116
43206,107,139,180,221,295
43207,249,262,262,274,312
43209,128,185,241,291,341
43211,258,258,282,290,330
43212,90,156,186,221,286
43213,109,148,172,203,250
43214,162,232,293,347,378
43215,62,74,78,87,101
43219,139,147,155,172,204
43220,189,240,306,357,379
43221,286,377,449,571,602
43222,36,45,48,57,60
43223,266,301,327,378,413
43224,222,244,266,277,321
43227,193,207,214,229,243
43228,219,302,343,357,370
43229,158,170,192,215,249
43230,382,446,525,541,557
43231,57,57,63,73,78
43232,159,181,181,216,227
43235,264,296,328,359,391
43240,20,20,23,26,27
43402,5,6,6,7,7
43412,0,0,0,1,2
43430,4,5,5,6,6
43434,0,0,0,0,0
43443,0,0,0,0,0
43447,8,13,16,28,41
43460,33,33,40,44,49
43463,0,0,0,0,0
43465,46,46,48,50,56
43469,0,0,0,0,1
43504,0,0,0,1,3
43528,116,132,164,169,180
43537,29,29,29,76,124
43542,33,62,73,90,106
43551,81,202,283,377,472
43558,4,5,8,9,12
43560,81,108,189,315,360
43566,5,17,27,35,42
43571,0,4,13,19,25
43604,117,140,162,172,192
43605,330,375,401,419,464
43606,109,144,149,155,184
43607,112,120,149,194,202
43608,186,209,243,294,311
43609,175,182,188,202,216
43610,38,38,43,47,53
43611,144,144,144,152,175
43612,115,136,188,209,229
43613,55,55,83,111,120
43614,134,166,205,229,260
43615,216,226,246,275,304
43616,30,38,68,83,98
43617,11,11,22,30,49
43619,29,42,45,55,65
43620,24,32,40,51,55
43623,15,15,25,30,40
43701,416,450,474,497,497
43830,10,11,12,12,13
43913,3,3,3,5,5
43926,3,4,4,4,4
43938,16,16,18,20,24
43943,0,0,0,0,0
43952,202,235,246,273,289
43953,16,18,20,21,24
43961,14,14,15,15,16
43964,45,45,54,59,61
44001,0,0,0,1,1
44011,69,75,120,218,275
44012,12,53,71,100,124
44017,40,45,45,62,102
44022,19,36,54,76,93
44024,18,24,33,44,55
44026,6,8,13,13,21
44028,35,55,101,113,140
44035,218,262,291,378,392
44039,68,93,119,161,204
44040,7,13,26,45,57
44044,0,7,11,13,17
44045,1,1,1,1,1
44050,0,0,0,0,0
44052,111,133,140,163,163
44053,3,4,6,8,11
44054,0,2,13,19,32
44055,80,95,132,159,175
44056,0,26,39,83,105
44060,58,58,97,116,193
44067,32,39,71,97,129
44070,225,244,283,303,303
44074,1,1,1,1,2
44077,50,62,87,99,186
44087,20,20,27,60,93
44092,11,11,29,57,74
44094,22,22,44,78,100
44095,58,58,81,104,115
44102,401,462,559,596,657
44103,288,322,344,349,355
44104,152,201,231,246,265
44105,326,355,369,468,525
44106,144,166,192,227,249
44107,0,27,82,82,95
44108,139,181,209,244,272
44109,189,202,227,252,315
44110,175,180,192,215,239
44111,202,217,260,275,333
44112,231,256,268,287,306
44113,138,150,183,191,215
44114,55,64,69,81,85
44115,72,76,86,97,102
44116,16,77,115,142,170
44117,109,121,126,141,153
44118,41,61,143,235,307
44119,67,76,76,90,103
44120,263,283,293,351,390
44121,70,96,123,132,158
44122,94,103,137,222,351
44123,38,38,63,72,77
44124,106,153,236,260,319
44125,182,182,193,193,203
44126,29,38,52,57,67
44127,95,97,107,117,136
44128,142,171,199,237,285
44129,41,51,92,103,123
44130,88,141,159,194,212
44131,51,59,76,84,144
44132,65,73,76,84,94
44133,0,20,49,109,148
44134,201,229,229,229,258
44135,276,319,340,361,382
44136,0,37,59,95,125
44137,147,155,155,164,190
44138,78,106,149,170,206
44139,53,53,107,167,254
44140,9,50,91,132,173
44141,6,9,9,48,64
44142,64,89,97,113,113
44143,127,166,190,222,253
44144,95,111,111,127,135
44145,29,38,67,106,173
44146,119,139,139,149,169
44147,16,44,93,132,154
44149,27,27,48,96,143
44201,0,0,0,0,0
44202,0,0,0,0,0
44203,85,92,99,106,113
44216,0,2,11,14,25
44221,80,80,80,88,104
44223,16,38,60,60,77
44224,0,0,21,74,116
44236,0,7,13,46,145
44240,237,267,326,425,494
44241,1,1,1,1,1
44260,16,22,38,54,65
44262,3,7,12,13,15
44264,7,16,21,26,34
44266,7,16,16,19,21
44278,24,30,36,66,84
44286,1,2,2,3,3
44301,32,32,32,48,59
44302,11,15,17,19,26
44303,30,30,30,32,41
44304,22,24,30,35,39
44305,36,71,92,92,99
44306,72,101,116,137,188
44307,77,81,90,92,100
44308,6,7,8,9,10
44310,118,132,152,159,159
44311,76,85,87,89,96
44312,59,83,94,118,130
44313,36,36,42,42,48
44314,119,125,125,145,158
44319,31,47,62,78,101
44320,155,178,201,235,270
44321,2,3,3,3,7
44333,5,7,38,60,77
44401,1,1,1,1,1
44402,0,0,0,0,0
44403,6,6,6,6,6
44405,50,64,72,82,85
44406,6,10,10,26,32
44410,0,12,14,19,21
44412,0,0,0,0,0
44418,1,1,1,1,1
44420,21,38,47,60,68
44425,0,0,0,15,23
44429,0,1,1,2,5
44430,0,0,1,2,2
44436,0,1,1,1,1
44437,4,4,5,6,6
44438,10,13,16,16,16
44440,0,0,0,0,1
44442,0,0,0,0,0
44444,21,26,26,38,38
44446,85,113,118,124,130
44451,3,5,7,8,9
44452,4,4,4,7,9
44470,0,0,0,1,1
44471,42,49,57,61,61
44473,0,0,0,1,2
44481,7,7,7,10,11
44483,34,48,62,76,82
44484,44,54,68,68,103
44485,137,153,181,205,209
44491,0,0,0,0,0
44502,73,78,87,92,99
44503,11,13,16,18,20
44504,37,40,43,44,52
44505,99,112,126,140,164
44506,21,24,31,37,39
44507,25,30,40,46,57
44509,49,70,86,111,135
44510,17,20,24,27,31
44511,48,48,66,74,96
44512,109,125,148,179,211
44514,28,33,42,61,94
44515,18,30,55,97,115
44601,0,1,1,2,2
44613,1,2,3,3,4
44614,0,17,21,51,77
44622,87,92,96,108,121
44626,2,2,3,3,5
44632,11,11,11,35,46
44641,45,61,83,106,106
44644,0,0,0,0,0
44646,115,148,164,197,214
44647,16,16,24,32,48
44662,11,15,15,15,17
44663,152,152,169,169,175
44666,0,0,0,1,4
44685,10,29,29,86,191
44688,3,3,3,3,4
44702,30,31,32,33,35
44703,73,78,88,101,103
44704,48,54,56,58,61
44705,162,182,202,229,249
44706,104,112,129,161,177
44707,114,121,129,133,144
44708,63,71,116,161,214
44709,138,138,149,189,201
44710,40,44,58,65,69
44714,71,74,86,96,108
44718,4,34,42,55,85
44720,42,125,181,251,292
44721,37,37,37,37,37
44730,67,70,70,70,73
44824,0,0,0,0,0
44839,1,1,2,2,3
44843,0,0,0,0,0
44846,1,1,1,1,1
44847,0,0,0,0,0
44870,112,152,183,203,254
44902,55,60,68,70,83
44903,57,63,69,84,90
44904,0,0,0,0,0
44905,41,46,51,58,58
44906,28,40,48,48,52
44907,45,57,64,68,68
45001,0,0,0,0,0
45002,1,1,2,2,3
45005,36,36,48,71,119
45011,149,149,170,234,467
45013,0,33,67,67,83
45014,82,109,109,123,150
45015,83,83,87,91,96
45030,3,3,5,6,6
45034,2,2,2,2,5
45036,0,0,11,26,34
45039,16,32,87,118,158
45040,61,61,61,275,443
45042,0,48,64,64,87
45044,87,140,140,210,245
45050,7,19,26,30,30
45065,11,20,33,44,58
45066,0,0,0,0,9
45067,0,0,0,0,4
45068,0,0,0,1,1
45069,81,97,113,130,210
45102,20,27,27,47,60
45103,46,76,92,107,137
45106,5,6,7,9,11
45111,1,2,2,2,3
45122,13,13,17,17,19
45140,91,91,212,302,363
45150,44,131,166,183,210
45152,8,8,8,11,17
45153,0,0,0,0,1
45157,14,21,28,35,57
45162,0,0,0,0,0
45174,0,1,8,13,22
45202,18,24,64,79,94
45203,18,20,26,27,32
45204,38,46,54,59,67
45205,91,115,135,168,178
45206,34,37,54,67,73
45207,18,27,29,32,35
45208,17,21,38,89,149
45209,21,24,27,57,68
45211,81,132,142,142,172
45212,89,96,121,140,147
45213,0,9,31,31,52
45214,37,58,63,77,89
45215,154,190,253,298,325
45216,21,27,27,30,30
45217,21,23,30,40,44
45218,0,1,3,5,6
45219,71,80,97,109,124
45220,39,41,46,58,65
45223,108,122,129,135,142
45224,49,65,76,82,114
45225,99,105,124,135,150
45226,10,12,15,41,64
45227,64,69,69,79,89
45229,116,126,141,160,182
45230,0,0,31,94,148
45231,106,145,172,198,198
45232,37,41,49,51,59
45233,41,78,115,133,151
45236,61,69,69,69,84
45237,132,153,164,185,201
45238,188,188,215,269,363
45239,44,80,98,115,124
45240,17,51,76,76,85
45241,25,50,75,142,192
45242,7,15,22,74,133
45243,24,24,34,78,161
45244,27,27,62,205,267
45245,17,22,34,67,78
45246,66,85,104,123,128
45247,30,37,59,74,81
45248,0,0,0,36,50
45249,0,0,0,22,58
45251,66,66,81,96,110
45252,13,16,20,27,31
45255,44,50,68,118,180
45301,0,0,0,0,0
45305,7,10,20,48,85
45309,0,0,1,1,1
45312,0,0,0,0,1
45315,3,7,11,18,25
45318,0,0,0,0,0
45319,0,0,0,0,0
45322,50,66,83,116,133
45323,0,0,0,0,1
45324,73,98,135,171,220
45325,0,0,0,0,0
45326,0,0,0,0,0
45327,6,9,9,11,11
45339,2,3,4,5,9
45341,6,7,7,8,8
45342,87,87,87,100,137
45344,99,132,145,158,184
45345,0,0,0,0,1
45359,2,2,2,3,4
45368,5,6,6,7,8
45369,0,0,0,0,0
45370,3,12,21,30,35
45371,24,48,87,119,127
45373,133,169,205,217,266
45377,12,24,24,42,54
45383,7,7,10,10,15
45384,1,2,2,3,4
45385,14,42,83,166,263
45387,2,2,6,11,16
45402,41,69,102,118,135
45403,87,97,117,122,138
45404,105,127,157,175,210
45405,134,158,164,175,187
45406,150,156,177,190,218
45409,75,96,117,140,161
45410,104,109,114,120,120
45414,233,289,298,326,373
45415,20,39,59,74,90
45416,40,42,44,55,55
45417,180,231,256,372,385
45419,28,33,47,98,126
45420,63,90,90,99,126
45424,180,180,288,342,397
45426,102,102,116,116,121
45429,168,221,239,265,274
45430,55,58,88,93,100
45431,79,134,142,166,197
45432,44,55,77,105,155
45433,0,0,0,1,3
45434,72,99,144,206,247
45439,13,35,48,56,78
45440,66,66,66,96,113
45449,111,123,134,146,158
45458,26,32,32,32,78
45459,27,63,72,108,145
45502,0,0,4,8,14
45503,102,139,149,167,167
45504,57,63,88,107,113
45505,186,202,218,226,259
45506,100,121,131,147,173
45619,19,23,23,24,25
45623,0,0,0,0,0
45638,115,135,145,154,164
45659,0,0,0,0,0
45662,161,166,196,206,230
45663,17,17,17,17,18
45669,33,35,40,45,48
45678,1,1,1,1,1
45680,55,68,75,80,83
45694,30,34,45,52,55
45696,1,1,1,2,2
45714,32,32,37,49,51
45750,0,0,0,0,0
45801,224,243,261,261,268
45804,152,163,178,184,189
45805,175,182,190,205,220
45806,20,26,26,36,39
45807,26,32,37,43,45
45895,0,0,0,0,0
73003,364,471,711,2950,6396
73007,1,1,1,3,4
73008,208,285,477,2647,6063
73012,1206,1427,1661,4934,9314
73013,1787,1920,2471,7204,14446
73020,142,172,226,915,1879
73025,381,457,595,1195,1911
73026,3,3,4,14,30
73034,1325,1602,1993,5009,9323
73049,19,24,31,119,259
73064,498,532,760,3218,6553
73065,10,16,22,127,332
73068,28,30,34,258,597
73069,700,796,1050,3788,8212
73071,843,958,1150,4229,9811
73072,1060,1245,1392,4670,9550
73078,3,4,5,25,57
73084,109,112,200,1183,2741
73093,0,0,0,2,5
73099,772,847,1420,9588,19725
73102,40,44,57,158,330
73103,140,171,222,648,1406
73104,76,84,97,262,495
73105,135,154,200,912,2162
73106,373,406,546,1763,3656
73107,370,432,647,3319,7984
73108,442,483,686,2079,3986
73109,524,598,930,2642,5682
73110,605,704,914,4164,9699
73111,416,464,624,2128,4750
73112,598,690,909,4072,8962
73114,333,388,541,2371,5567
73115,365,410,651,2986,7042
73116,518,615,703,1822,3547
73117,320,354,496,1190,2120
73118,478,540,677,2198,4818
73119,436,456,679,3446,8128
73120,794,872,1132,4646,10189
73121,69,80,116,649,1497
73122,318,345,415,1631,3643
73127,483,555,777,2829,6331
73128,250,287,325,872,1627
73129,322,363,586,2813,6616
73130,238,302,448,3100,7307
73131,288,345,397,776,1293
73132,372,388,533,2771,6302
73134,48,55,71,310,744
73135,270,291,415,2455,5703
73139,252,301,432,1861,4220
73141,99,112,141,627,1329
73142,362,402,545,1512,3133
73145,79,86,99,344,747
73149,47,57,103,772,1952
73150,151,193,239,844,1663
73151,151,176,193,336,491
73159,459,503,667,3454,8624
73160,634,719,993,6847,16399
73162,355,483,571,3527,7675
73165,200,245,273,725,1365
73169,47,58,67,422,929
73170,838,982,1227,4924,11104
73173,33,42,49,162,315
73179,166,190,241,894,1867
73501,359,414,594,2313,5302
73505,427,496,716,3625,9004
73507,195,222,274,1222,2601
73701,324,358,511,2964,6780
73703,429,476,676,3267,7505
74008,341,438,505,1071,3378
74011,557,687,816,1702,5694
74012,687,931,1174,2150,9795
74014,336,371,556,1702,6242
74015,91,108,118,204,1076
74017,157,177,205,477,2836
74019,241,298,335,513,2236
74021,282,364,423,712,3243
74023,74,90,121,461,1284
74033,73,91,119,339,1329
74036,3,3,3,7,38
74037,347,459,518,832,3021
74041,3,3,3,14,61
74050,0,0,0,0,3
74053,1,1,1,2,15
74055,892,1001,1111,1767,7007
74063,208,260,286,793,3569
74066,341,438,594,1470,5412
74070,156,168,179,294,1598
74073,126,157,179,274,983
74074,767,853,1027,2267,4967
74075,339,385,479,1630,3834
74103,18,23,26,31,87
74104,278,354,395,642,2024
74105,683,842,913,1326,3733
74106,530,543,614,860,2903
74107,432,535,570,1001,3875
74108,139,162,182,306,1268
74110,357,404,445,631,2339
74112,382,415,463,764,3569
74114,549,688,821,1059,3183
74115,365,408,433,714,3645
74116,153,164,178,273,991
74119,43,46,51,86,305
74120,119,146,174,249,952
74126,140,158,178,287,1100
74127,336,342,396,638,2887
74128,161,178,178,335,1788
74129,338,373,390,623,2523
74130,22,26,29,63,413
74131,55,74,90,230,957
74132,175,252,311,439,1634
74133,700,840,1031,1425,5903
74134,249,302,336,528,2575
74135,387,430,474,692,2832
74136,361,444,497,716,2709
74137,635,803,1002,1354,3642
74145,159,191,223,389,2688
74146,170,193,209,394,1727
74363,0,0,0,0,2
74429,26,30,32,92,389
74730,1,1,1,3,13
74731,2,2,3,16,65
74733,17,20,29,130,461
74901,37,40,45,95,446
74902,7,10,12,29,157
74946,6,7,7,17,62
74948,8,9,10,19,83
74954,0,1,1,2,18
74959,0,0,1,2,11
97002,12,24,408,416,420
97003,156,312,4571,4665,4703
97004,50,105,699,724,740
97005,220,494,5171,5300,5348
97006,526,1261,10494,10713,10877
97007,1195,2923,17278,17738,18179
97008,271,569,6546,6668,6735
97009,22,35,223,233,240
97013,41,116,1182,1208,1228
97015,260,520,6115,6191,6299
97019,0,0,1,1,1
97024,130,208,2568,2628,2674
97027,220,394,3265,3384,3447
97030,311,544,8335,8490,8551
97034,597,1063,4249,4523,4730
97035,426,825,4969,5185,5346
97045,753,1523,15983,16318,16502
97048,14,46,245,879,895
97060,160,278,6013,6105,6148
97062,474,994,7100,7311,7446
97068,821,1716,8286,8743,8962
97070,437,690,5816,5958,6093
97078,1,1,13,14,14
97080,502,919,11738,11971,12179
97086,511,1046,7230,7524,7656
97089,299,575,5229,5373,5495
97113,131,302,3317,3375,3420
97116,348,768,6946,7062,7185
97123,710,1432,11086,11296,11598
97124,651,1314,12098,12494,12698
97140,541,1171,6819,7060,7221
97201,111,221,1400,1493,1519
97202,712,1390,10672,11120,11385
97203,410,782,8840,9138,9240
97205,42,74,498,522,532
97206,714,1296,15864,16213,16529
97209,69,119,826,868,885
97210,205,416,2697,2817,2884
97211,632,1252,9820,10157,10378
97212,789,1469,6953,7332,7556
97213,600,1050,9327,9677,9927
97214,452,769,6295,6497,6686
97215,366,775,5124,5351,5478
97216,131,297,4313,4444,4498
97217,628,1161,11124,11480,11717
97218,145,276,4488,4596,4657
97219,753,1692,10109,10480,10720
97220,332,699,8358,8594,8673
97221,391,709,3043,3257,3410
97222,294,588,9907,10029,10130
97223,928,1634,12278,12671,12998
97224,737,1398,10228,10510,10748
97225,417,956,5718,5927,6062
97227,81,169,1235,1277,1300
97229,1919,3944,15882,16568,17290
97230,274,679,10521,10784,10893
97231,104,196,1092,1140,1177
97232,127,240,2794,2895,2924
97233,317,569,7798,7952,8034
97236,141,451,8467,8697,8794
97239,270,509,3070,3225,3313
97266,360,638,8641,8803,8893
97267,431,718,9149,9360,9513
97301,402,1610,13584,13750,13792
97302,634,2176,11987,12286,12360
97303,375,1596,11838,11971,12080
97304,74,497,1610,8832,9007
97305,392,1449,10608,10695,10793
97306,146,547,1158,8738,8875
97317,224,865,6101,6139,6214
97321,43,339,1304,8447,8551
97322,0,141,1177,9945,10016
97330,270,695,1598,9931,10118
97333,100,431,1057,5621,5739
97338,54,252,788,5169,5276
97351,22,112,420,2661,2685
97355,83,242,815,6718,6821
97361,29,110,386,2535,2577
97370,8,89,266,1865,1896
97389,1,15,108,707,712
97392,0,31,117,974,995
97401,436,823,8015,9361,9525
97402,307,666,14585,16822,16993
97403,106,203,1820,2134,2180
97404,222,478,9641,11483,11565
97405,492,1055,9496,11349,11490
97408,198,471,3773,4452,4539
97448,2,6,38,169,171
97455,0,0,2,3,3
97457,0,0,0,1,1
97470,52,183,1980,5620,5649
97471,139,353,2275,6106,6206
97477,259,484,9965,11593,11640
97478,111,352,2132,9784,9925
97495,1,5,69,181,183
97496,24,43,649,2123,2146
97501,254,509,14594,15755,15803
97502,281,630,9990,11014,11160
97503,97,190,2790,3157,3196
97504,572,1001,13857,15526,15684
97524,113,198,2829,3087,3122
97526,158,360,7695,8652,8749
97527,194,387,5154,5904,5989
97530,53,136,1006,1127,1155
97532,4,13,182,216,218
97535,73,112,1576,1735,1758
97540,1,2,39,43,44
97701,474,948,10139,10538,10732
97702,559,1129,11477,11817,12060
97703,819,3822,7356,7590,7770
97801,186,319,4383,5186,5250
97826,0,0,4,5,5
97838,120,297,5793,6967,7038
97875,7,12,681,820,822
97882,22,42,873,1032,1038
15001,588,813,1288,7992,12107
15003,140,169,290,3095,4730
15005,99,146,199,1516,2364
15009,192,282,401,2631,4096
15010,301,390,527,4231,6620
15014,0,8,19,25,28
15017,251,377,694,3629,5275
15024,152,201,310,1745,2492
15025,4,6,9,40,56
15027,24,36,67,613,956
15030,2,8,13,15,18
15034,21,26,51,467,670
15035,14,14,45,549,801
15042,94,141,208,2103,3249
15044,0,0,0,1,2
15045,16,19,72,771,1168
15046,24,30,77,692,1013
15049,3,7,21,224,327
15051,1,1,2,20,28
15056,11,17,34,326,467
15057,306,392,585,2881,4249
15061,199,284,461,3310,5236
15064,0,1,1,2,4
15065,0,18,180,252,297
15066,64,101,202,2815,4496
15068,476,640,1340,9618,14501
15071,223,339,524,2900,4073
15074,131,161,223,2281,3569
15076,17,21,40,292,419
15081,2,3,5,34,54
15082,0,0,0,1,1
15084,77,106,318,2463,3570
15085,103,147,323,2025,3038
15101,243,341,498,2485,3515
15102,222,300,519,2758,3918
15104,165,201,384,2082,2889
15106,299,343,576,4882,7078
15108,853,1119,1748,9231,13371
15110,129,158,231,1443,1994
15112,30,41,98,801,1143
15116,191,325,640,3441,5015
15120,252,341,606,4700,6641
15122,387,458,798,5324,7646
15126,56,73,203,1620,2391
15131,121,153,256,1999,2808
15132,399,492,862,4888,6868
15133,53,62,122,1429,2105
15136,557,667,1014,5709,8108
15137,119,131,269,2727,3879
15139,144,183,284,1308,1834
15140,21,25,76,592,864
15142,91,127,166,438,581
15143,431,628,951,3133,4280
15144,39,44,114,1102,1597
15145,104,129,186,1476,2104
15146,306,424,849,6621,9602
15147,333,395,666,4194,5964
15148,54,66,110,515,753
15201,238,300,542,2808,4006
15202,190,241,440,3142,4488
15203,292,363,504,2106,2890
15204,94,131,239,1632,2345
15205,240,382,686,4259,6279
15206,433,623,968,4622,6449
15207,183,239,454,2689,3864
15208,205,279,434,1892,2606
15209,127,168,367,3067,4430
15210,288,447,871,5448,7781
15211,191,244,428,2562,3673
15212,366,509,875,5370,7678
15213,352,420,585,1962,2630
15214,203,289,520,3077,4360
15215,292,379,561,2543,3578
15216,369,478,764,4627,6579
15217,661,820,1227,4264,5853
15218,266,331,524,2787,3868
15219,261,313,471,1706,2355
15220,166,260,492,3766,5381
15221,528,610,1047,5581,7954
15222,49,70,97,376,526
15223,88,118,243,1685,2449
15224,112,129,269,1890,2714
15225,16,19,43,520,738
15226,119,156,389,3513,5096
15227,306,434,928,6626,9598
15228,405,569,801,2895,3994
15229,169,251,420,3049,4410
15232,137,180,263,1094,1517
15233,83,101,168,697,1011
15234,141,224,437,3507,5079
15235,564,673,1177,8011,11686
15236,385,501,896,6502,9325
15237,719,1004,1533,7061,9947
15238,409,654,920,2783,3678
15239,313,420,849,5455,7985
15241,499,678,961,2750,3765
15243,281,449,672,2800,3950
15317,0,0,3,6,9
15321,0,1,7,12,19
15361,0,0,1,1,2
15545,0,0,0,0,0
15613,77,125,151,341,2219
15615,0,0,0,0,0
15629,0,1,2,3,3
15632,0,1,5,10,16
15636,0,5,16,24,30
15641,2,2,4,5,6
15642,413,643,983,6006,8872
15644,0,0,0,0,0
15656,0,12,59,102,125
15665,0,4,14,21,27
15668,414,572,772,3008,4328
15673,0,2,5,8,12
15690,0,28,56,74,102
15692,0,8,13,18,24
15801,43,96,146,284,2519
15840,13,16,20,37,285
15851,16,27,37,75,548
15901,71,102,122,239,891
15902,90,137,187,421,2694
15904,171,243,304,647,3486
15905,138,182,212,484,3239
15906,69,100,123,290,1944
15909,20,24,36,122,830
15928,11,17,25,56,312
15935,0,1,1,10,55
15942,1,3,4,14,137
15946,0,0,0,1,5
15963,37,67,82,290,2008
16001,144,289,392,546,2628
16002,6,11,14,18,77
16045,0,2,5,7,10
16053,2,8,18,26,124
16121,86,130,171,209,572
16143,0,0,0,0,0
16146,122,169,211,253,1147
16148,6,63,112,153,735
16150,22,38,62,78,417
16159,7,11,12,14,105
16161,7,10,11,13,66
16229,0,0,1,1,2
16415,21,37,48,62,287
16421,13,17,24,31,175
16501,20,30,35,66,250
16502,80,130,156,261,1961
16503,164,221,281,397,1913
16504,99,154,214,308,2527
16505,154,266,377,531,3028
16506,194,307,404,615,3841
16507,47,78,111,162,1077
16508,51,114,171,234,2672
16509,225,284,367,486,3435
16510,263,413,488,615,3548
16511,31,59,122,193,1460
16601,183,306,428,1396,7773
16602,272,419,513,1288,8096
16635,60,106,166,539,3554
16636,2,3,5,14,70
16637,15,24,31,103,600
16648,96,183,274,700,3834
16665,2,2,3,8,44
16669,0,0,0,0,0
16673,20,45,53,169,991
16801,299,420,516,1202,4093
16803,56,220,384,544,642
16823,0,2,4,7,11
16865,1,1,2,32,138
16868,1,2,3,34,142
16870,0,1,1,2,6
17003,23,81,109,152,934
17011,291,466,602,4592,9184
17019,0,0,1,1,6
17022,6,13,18,20,133
17025,223,299,375,2331,4768
17028,1,2,3,4,20
17033,73,197,325,422,1555
17034,6,11,15,23,295
17036,194,363,522,640,2092
17038,0,0,1,1,3
17042,204,327,480,562,3721
17043,66,90,115,963,2012
17046,143,210,270,391,2682
17050,468,770,1031,5091,9661
17053,22,33,40,284,643
17055,78,304,500,745,4157
17057,95,253,386,474,2328
17067,5,7,13,15,118
17070,34,141,272,369,2108
17078,80,161,259,313,1574
17093,3,4,5,47,99
17101,14,18,20,161,385
17102,183,234,287,958,2014
17103,270,345,406,1575,3343
17104,353,422,553,2266,4895
17109,138,157,226,2483,6034
17110,346,461,620,3112,6570
17111,397,503,688,3738,8172
17112,162,381,572,734,3633
17113,78,145,190,212,1397
17225,1,2,9,14,19
17263,0,0,0,0,0
17268,0,1,1,2,2
17319,86,116,136,170,949
17325,121,192,242,309,1866
17339,13,24,34,41,226
17340,0,1,1,2,10
17345,44,54,69,84,772
17347,22,46,60,78,598
17360,0,0,0,0,0
17370,4,7,9,11,103
17401,40,85,161,241,1825
17402,64,104,163,211,1070
17403,152,395,567,821,4245
17404,109,257,391,468,2688
17406,28,118,134,154,1178
17407,11,20,28,38,177
17408,1,2,4,5,33
17501,29,49,68,607,1270
17502,0,0,0,0,1
17505,39,55,70,252,468
17508,1,1,1,10,21
17512,7,8,12,147,306
17516,6,14,21,26,139
17520,42,52,75,678,1365
17522,51,85,123,1517,3296
17529,10,16,20,159,332
17538,49,76,120,828,1712
17540,111,148,184,1334,2861
17543,225,469,675,797,3920
17545,52,102,161,216,1364
17551,95,126,175,1050,2053
17552,1,1,1,15,31
17554,59,94,142,1047,2172
17557,8,11,14,86,172
17560,0,0,0,1,3
17562,11,14,18,106,211
17572,23,34,55,363,749
17579,33,63,79,546,1117
17582,3,6,11,15,73
17584,54,80,100,825,1735
17601,611,1056,1375,6543,12878
17602,402,513,603,4911,10593
17603,479,718,910,7215,15372
17701,371,550,682,1829,9315
17702,78,107,125,572,2570
17728,3,5,6,18,102
17744,0,0,0,2,11
17754,60,97,152,409,2184
17756,2,5,8,30,174
17801,64,103,146,793,3135
17815,184,258,305,1305,4619
17837,41,67,127,169,226
17847,1,3,6,8,9
17850,0,0,0,36,184
17857,8,22,41,59,75
17859,4,6,7,46,176
17870,98,134,163,886,2887
17876,12,20,26,160,565
17889,0,2,8,14,17
17901,212,261,327,2048,5618
17923,9,11,14,35,87
17951,0,0,0,30,106
17954,44,59,71,501,1391
17965,6,9,15,205,651
17970,17,20,24,413,1228
18011,17,32,46,62,432
18013,94,176,245,315,1819
18014,36,84,140,203,1184
18015,298,492,604,2534,6894
18017,366,640,800,3737,10594
18018,278,335,458,2886,7556
18020,216,335,558,698,2267
18031,48,121,177,240,886
18032,91,120,149,985,2703
18034,201,294,364,1105,2389
18036,182,291,371,1381,2860
18037,101,144,196,1109,2648
18038,2,2,5,6,62
18040,142,330,466,614,1947
18042,116,279,472,559,2890
18045,244,451,667,883,3052
18049,245,383,490,2255,5473
18051,14,52,83,113,395
18052,111,256,350,436,2675
18053,5,12,17,21,104
18055,14,86,172,262,1060
18059,16,41,61,77,183
18062,166,426,628,787,2738
18064,156,382,529,616,2629
18066,1,1,2,2,11
18067,75,170,258,299,1941
18069,98,229,308,396,1261
18072,39,87,126,162,771
18074,23,59,91,111,423
18077,2,3,4,5,23
18078,163,276,342,1096,2444
18079,0,0,1,50,145
18080,130,182,265,1569,3629
18083,0,1,2,3,27
18085,3,9,14,16,103
18086,0,1,1,10,30
18087,4,5,6,87,212
18088,12,48,87,111,771
18091,7,22,46,68,352
18092,11,22,29,34,137
18101,21,29,37,241,620
18102,269,314,431,3332,8423
18103,433,557,656,4617,11488
18104,515,767,912,5313,12212
18106,116,191,264,1094,2476
18109,159,174,220,1836,4807
18343,6,10,15,19,71
18353,0,0,1,1,2
18360,1,2,2,3,7
18403,43,72,92,376,2258
18411,34,64,88,163,958
18433,49,98,129,193,1182
18434,14,28,36,221,1404
18436,0,0,0,0,2
18444,1,1,1,4,18
18447,70,85,108,525,3074
18452,22,33,43,241,1636
18503,12,14,18,51,213
18504,196,242,317,1246,6073
18505,179,238,311,939,5250
18507,113,179,251,454,1745
18508,146,192,234,621,3089
18509,103,151,213,622,2970
18510,115,154,175,465,2364
18512,125,177,187,732,4150
18517,75,99,110,270,1425
18518,112,178,225,544,2854
18519,79,118,142,362,1733
18603,177,255,293,1162,4836
18612,150,225,280,484,2066
18621,0,1,1,5,17
18631,12,16,20,73,254
18634,157,236,275,860,3639
18635,8,23,30,168,755
18640,176,252,333,1076,5310
18641,32,45,64,415,2223
18642,29,45,65,322,1483
18643,134,222,281,599,3062
18644,51,96,119,576,2689
18651,49,80,108,779,3090
18660,0,0,0,0,1
18701,33,38,45,92,466
18702,551,731,959,2492,9993
18704,487,602,753,2317,9419
18705,132,193,247,921,5061
18706,153,236,319,1210,4882
18707,1,1,1,4,17
18708,81,122,166,678,2554
18709,69,77,91,304,1038
18901,93,275,407,546,1750
18902,0,1,1,2,4
18914,583,808,1078,3065,5546
18915,25,42,54,216,423
18925,140,352,530,670,1264
18927,1,1,1,2,2
18929,127,285,439,544,1310
18932,6,10,11,84,181
18936,24,61,99,123,183
18938,54,112,160,209,461
18940,352,993,1417,1742,4324
18951,1,3,4,5,29
18954,81,285,437,637,1514
18964,111,158,193,1027,2078
18966,351,617,1032,1414,4796
18969,12,15,19,96,197
18974,252,493,806,1118,5014
18976,146,390,617,780,2619
18977,60,183,277,351,628
19001,110,285,380,445,2034
19002,298,964,1421,1858,4689
19003,104,222,348,443,1367
19004,100,188,272,372,888
19006,222,501,741,1039,2833
19007,53,147,252,315,2043
19008,84,444,641,833,3153
19009,4,9,16,21,60
19010,200,475,674,836,1887
19012,42,111,183,236,717
19013,157,261,302,430,2875
19014,137,311,436,585,2969
19015,43,74,97,124,1726
19018,81,136,190,276,2132
19020,253,577,854,1082,4918
19021,48,62,79,88,1138
19022,9,25,33,39,327
19023,99,147,195,259,1597
19025,76,177,257,315,675
19026,120,214,334,448,3058
19027,115,227,376,507,1661
19029,20,30,40,57,575
19030,72,160,233,305,1590
19031,65,157,221,283,703
19032,26,50,71,92,543
19033,40,96,151,180,1010
19034,58,198,290,400,894
19035,54,195,292,370,568
19036,33,73,88,121,1165
19038,217,567,875,1050,3624
19040,148,277,406,490,2681
19041,71,139,210,280,576
19043,9,15,23,31,347
19044,29,134,224,330,1629
19046,190,381,566,696,2117
19047,140,577,865,1079,4074
19050,114,157,239,347,2566
19053,166,415,582,748,3225
19054,35,124,229,303,2017
19055,24,76,108,132,1574
19056,42,138,264,352,1583
19057,33,85,109,137,1938
19060,92,263,446,562,1522
19061,101,212,257,348,2339
19063,226,612,875,1137,3711
19064,208,489,658,834,3140
19066,57,155,240,314,517
19067,375,969,1641,2106,5826
19070,59,101,139,165,920
19072,62,185,311,401,870
19073,198,422,656,818,2211
19074,39,59,75,93,715
19075,55,114,186,231,900
19076,44,82,111,150,698
19078,68,109,148,180,1235
19079,43,82,101,140,939
19081,64,143,221,289,896
19082,80,139,235,315,2548
19083,171,533,1029,1324,4762
19085,62,240,392,503,786
19086,24,183,302,431,1134
19087,106,558,899,1187,2868
19090,186,281,400,456,2307
19094,9,23,35,54,446
19095,66,124,166,203,447
19096,90,271,427,580,1213
19102,6,24,36,48,106
19103,81,122,178,229,753
19104,217,406,613,747,2145
19106,10,74,125,179,532
19107,39,64,92,127,407
19108,0,0,0,0,1
19111,219,306,492,623,4550
19114,57,166,255,350,2592
19115,171,327,444,624,3274
19116,117,233,344,460,2704
19118,52,147,235,289,928
19119,39,183,294,448,2054
19120,134,256,353,432,2562
19121,221,393,548,691,2635
19122,128,229,307,412,1365
19123,102,169,239,343,1107
19124,275,390,474,566,3236
19125,89,256,384,497,2149
19126,50,85,115,150,910
19127,55,124,185,249,820
19128,149,333,544,702,3651
19129,50,115,156,203,704
19130,61,221,351,488,1730
19131,234,326,376,445,1923
19132,165,289,418,562,2269
19133,156,238,284,390,1521
19134,287,340,446,604,3224
19135,198,246,318,386,1992
19136,54,95,149,198,1704
19137,63,94,135,172,802
19138,136,217,298,353,1758
19139,249,341,434,556,2023
19140,350,419,543,728,2824
19141,155,208,243,286,1514
19142,92,162,203,254,1118
19143,248,418,489,702,3071
19144,220,398,494,659,2874
19145,135,252,350,486,2533
19146,277,486,675,884,3091
19147,224,502,746,977,3046
19148,158,300,410,583,3359
19149,74,124,207,244,1905
19150,89,136,197,256,1622
19151,77,155,218,299,1502
19152,70,239,387,564,3078
19153,115,172,223,258,1357
19154,134,313,403,556,2781
19301,36,143,241,330,782
19311,3,8,11,14,30
19312,190,433,653,831,1565
19317,134,252,372,503,1340
19319,2,5,7,8,20
19333,77,154,219,277,646
19335,5,11,16,19,62
19341,86,192,315,396,1305
19342,43,384,659,872,2388
19348,4,14,24,34,117
19350,29,94,147,207,506
19355,195,610,972,1197,2938
19373,49,119,181,241,446
19380,410,819,1194,1627,5560
19382,383,1037,1511,1916,5377
19401,130,278,364,521,3444
19403,255,584,766,1094,4936
19405,19,38,68,90,526
19406,108,253,451,631,2543
19422,216,594,827,1099,2515
19426,135,999,1549,2077,5186
19428,95,252,400,523,2017
19436,4,5,7,8,18
19437,1,2,3,5,8
19438,609,907,1158,3344,6107
19440,300,392,493,2181,4225
19444,110,242,320,419,1211
19446,834,1230,1612,6306,13178
19453,4,8,15,19,137
19454,171,456,784,963,3180
19460,228,614,894,1201,3997
19462,147,317,455,589,1915
19464,0,1,2,3,20
19468,82,245,477,678,2674
19473,174,389,645,824,2420
19475,21,41,56,77,220
19492,3,6,8,9,40
19506,1,2,3,4,22
19508,19,38,53,80,536
19510,28,59,107,156,877
19522,27,104,167,206,1006
19525,1,3,5,6,25
19533,28,49,68,87,376
19539,5,18,33,42,227
19540,32,61,83,117,459
19541,2,4,7,9,51
19547,1,3,4,5,28
19555,0,1,1,1,13
19560,33,68,79,102,806
19565,0,0,0,0,0
19601,218,309,363,412,2253
19602,121,144,182,203,1073
19604,76,132,175,231,1681
19605,64,159,268,357,2194
19606,249,386,532,677,3207
19607,51,194,302,388,2139
19608,70,205,310,402,1731
19609,48,112,177,221,1239
19610,61,248,352,491,1751
19611,59,93,112,142,765
2802,0,0,0,112,112
2806,0,9,742,4269,4582
2809,0,80,643,6367,6621
2814,0,1,5,77,78
2816,0,36,389,5779,5947
2817,0,4,24,227,239
2818,0,28,686,4281,4570
2822,0,0,5,60,62
2828,0,0,116,1751,1794
2830,0,0,1,13,14
2831,0,2,88,902,939
2835,0,0,43,272,290
2838,1,30,69,684,705
2852,0,38,295,3027,3119
2857,0,1,46,545,566
2860,0,105,514,8504,8643
2861,0,88,280,7234,7322
2863,0,37,97,2806,2826
2864,0,103,830,8883,9218
2865,0,19,457,4547,4690
2871,0,11,434,3586,3735
2878,0,10,327,5041,5139
2885,0,57,331,3414,3518
2886,0,61,478,7322,7534
2888,0,48,333,5775,5905
2889,0,49,368,7976,8139
2893,0,58,393,7069,7244
2895,0,210,469,7874,8020
2896,0,17,165,2267,2337
2903,0,25,160,1492,1542
2904,0,58,512,6981,7133
2905,0,165,569,5046,5227
2906,0,51,550,4758,5038
2907,0,77,230,4142,4232
2908,0,86,482,7572,7704
2909,0,141,360,6862,6989
2910,0,19,224,6287,6383
2911,0,32,225,3910,3991
2914,0,82,316,6182,6264
2915,0,27,282,4419,4487
2916,0,0,210,2251,2326
2917,0,31,288,2975,3104
2919,0,108,647,8669,8885
2920,0,80,596,9672,9831
2921,0,22,487,3431,3634
29016,2495,2598,2630,2648,2648
29020,288,2995,3057,3094,3106
29033,4409,4509,4536,4554,4559
29036,123,1016,1048,1074,1076
29039,80,208,210,211,212
29040,25,360,365,367,367
29044,4,40,40,41,41
29045,665,6949,7101,7209,7231
29053,6328,6548,6614,6654,6654
29061,2349,2418,2452,2455,2455
29063,7867,8142,8301,8326,8326
29072,17353,18205,18501,18557,18557
29073,16297,16878,17032,17066,17083
29078,242,4745,4798,4818,4822
29115,5977,6278,6355,6406,6406
29118,1780,1825,1837,1841,1841
29123,2488,2539,2554,2559,2562
29150,895,8475,8668,8747,8782
29152,3,28,28,29,29
29153,149,1519,1541,1553,1564
29154,121,2229,2265,2277,2279
29160,1791,1848,1860,1867,1869
29161,13,128,130,132,133
29169,7567,7829,7900,7916,7924
29170,8302,8597,8684,8693,8693
29172,3573,3646,3657,3672,3672
29201,4702,4944,5078,5146,5156
29203,10163,10595,10692,10789,10800
29204,4596,4757,4815,4849,4854
29205,6046,6371,6482,6515,6515
29206,4605,4781,4870,4904,4904
29209,11000,11395,11593,11604,11616
29210,7346,7567,7597,7612,7620
29212,8493,8670,8785,8838,8838
29223,14029,14551,14879,14939,14939
29229,15831,16158,16321,16337,16337
29301,768,9748,9981,10072,10102
29302,459,5109,5282,5363,5390
29303,518,7514,7653,7684,7738
29306,398,4228,4321,4401,4427
29307,418,6113,6196,6310,6335
29316,479,8624,8774,8854,8872
29323,23,826,833,837,839
29329,2,24,25,25,25
29330,69,856,880,890,893
29334,331,4638,4719,4786,4796
29346,0,87,88,88,88
29349,473,6486,6662,6763,6763
29365,137,4222,4256,4282,4286
29369,297,4552,4646,4712,4712
29376,102,1813,1839,1863,1867
29377,0,31,31,31,31
29385,82,3012,3028,3040,3049
29388,32,838,846,849,851
29401,2838,2968,3102,3108,3108
29403,5399,5595,5722,5756,5762
29404,556,561,565,565,565
29405,7070,7224,7289,7297,7297
29406,5506,5579,5619,5636,5636
29407,8446,8723,8901,8928,8928
29410,4784,4898,4973,4983,4983
29412,10696,11070,11297,11320,11320
29414,9679,9911,10062,10072,10082
29418,5881,5978,6039,6063,6063
29420,4394,4522,4568,4586,4586
29429,343,353,361,361,361
29439,1198,1266,1309,1316,1316
29440,2,5,5,5,5
29445,15634,15957,16086,16118,16134
29451,2705,2966,3152,3152,3152
29455,835,874,894,897,897
29456,7612,7705,7767,7783,7783
29464,12996,13499,13946,13974,13974
29466,10096,10613,10976,10998,10998
29472,16,16,16,16,16
29482,891,970,1020,1023,1023
29483,15851,16331,16497,16546,16546
29485,14769,15214,15275,15321,15321
29486,1619,4085,4156,4169,4173
29492,4448,4619,4757,4767,4767
29501,1001,9752,9934,10106,10116
29505,231,3752,3809,3832,3840
29506,328,2459,2489,2522,2540
29526,4688,9702,9811,9870,9890
29527,1357,3139,3148,3164,3167
29532,240,3646,3668,3694,3705
29540,1,11,11,11,11
29541,12,245,248,250,250
29566,487,7179,7209,7289,7289
29568,219,4015,4048,4056,4064
29572,1809,3854,3934,3994,3998
29575,3921,8866,8956,9010,9010
29576,5677,12377,12491,12618,12630
29577,4467,10086,10230,10282,10292
29579,5140,11784,12025,12061,12061
29582,963,11276,11473,11566,11578
29585,2537,5191,5293,5336,5347
29588,6282,13933,14189,14246,14246
29601,293,2877,2987,3033,3045
29605,1132,10138,10395,10598,10662
29607,834,10326,10618,10802,10835
29609,900,8171,8377,8540,8574
29611,716,9154,9392,9497,9555
29615,801,9298,9481,9606,9635
29617,400,7536,7740,7819,7834
29621,781,10074,10402,10507,10539
29624,425,4666,4803,4842,4876
29625,320,7133,7206,7264,7286
29626,245,3169,3258,3291,3305
29627,13,178,182,185,185
29630,81,1157,1178,1190,1193
29631,259,2241,2298,2340,2352
29640,627,10537,10677,10775,10818
29642,704,10307,10521,10617,10670
29644,105,2852,2902,2928,2928
29650,986,10286,10611,10839,10850
29651,835,13684,14038,14123,14151
29657,106,2588,2623,2638,2644
29662,148,4517,4577,4619,4619
29665,10,63,65,66,67
29670,51,844,865,874,876
29671,109,2083,2111,2132,2132
29672,126,1182,1224,1241,1244
29673,519,7980,8112,8219,8236
29678,155,2850,2900,2917,2932
29680,429,7544,7707,7770,7785
29681,1337,16383,16880,17103,17120
29684,16,769,778,782,782
29687,508,11068,11215,11271,11283
29690,221,4055,4121,4155,4159
29691,0,4,4,4,4
29693,1,12,12,12,12
29696,0,11,11,11,11
29697,0,1,1,1,1
29707,1012,9616,9889,10112,10122
29708,1020,8279,8625,8855,8864
29710,217,2349,2413,2460,2465
29715,999,7929,8181,8382,8382
29720,356,6395,6507,6560,6586
29730,573,10658,10878,10999,11010
29732,673,11179,11364,11596,11608
29745,31,470,476,481,483
29801,8148,8444,8635,8679,8687
29803,12828,13219,13408,13462,13476
29805,21,22,22,22,22
29809,369,1065,1072,1079,1081
29816,13,14,14,14,14
29821,49,51,52,52,52
29828,423,440,445,450,450
29829,3704,3835,3859,3870,3870
29831,65,66,67,67,67
29834,138,141,142,143,143
29841,11199,11660,11779,11826,11826
29842,2904,2964,2976,2979,2979
29851,3622,3675,3701,3719,3719
29860,3734,3839,3886,3890,3890
29902,2658,2713,2757,2760,2760
29906,3085,3136,3155,3165,3168
29907,711,739,756,758,758
29909,1,1,1,1,1
29910,624,639,653,655,655
29915,175,182,187,187,187
29920,14,15,15,15,15
29926,5054,5253,5349,5365,5365
29927,1,1,1,1,1
29928,3031,5975,6226,6289,6295
29935,495,502,504,505,505
57005,0,0,0,0,0
57049,0,0,0,0,0
57055,0,0,0,0,0
57064,3,4,4,4,5
57103,280,300,319,319,329
57104,163,169,169,169,176
57105,146,153,173,186,193
57106,326,326,348,359,371
57107,74,79,82,90,98
57108,192,231,256,263,288
57110,119,119,129,136,139
57701,483,483,506,540,563
57702,381,410,417,424,460
57703,64,64,64,72,72
57719,2,2,2,3,3
57730,45,45,45,49,52
57744,0,0,0,0,0
57745,9,9,10,10,11
57751,3,3,3,4,4
37010,0,0,0,0,0
37013,419,419,419,419,419
37014,0,0,0,0,0
37027,54,54,54,54,54
37040,137,137,137,137,137
37042,468,468,468,468,468
37043,0,0,0,0,0
37064,121,121,121,121,121
37066,5,5,5,5,5
37067,32,32,32,32,32
37069,39,39,39,39,39
37072,0,0,0,0,0
37075,0,0,0,0,0
37076,0,0,0,0,0
37080,0,0,0,0,0
37086,0,0,0,0,0
37115,98,98,98,98,98
37122,72,72,72,72,72
37127,45,45,45,45,45
37128,0,0,0,0,0
37129,54,54,54,54,54
37130,62,62,62,62,62
37135,13,13,13,13,13
37138,0,0,0,0,0
37153,23,23,23,23,23
37167,83,83,83,83,83
37189,14,14,14,14,14
37191,0,0,0,0,0
37201,8,8,8,8,8
37203,84,84,84,84,84
37204,0,0,0,0,0
37205,0,0,0,0,0
37206,25,25,25,25,25
37207,83,83,83,83,83
37208,14,14,14,14,14
37209,248,248,248,248,248
37210,33,33,33,33,33
37211,330,330,330,330,330
37212,19,19,19,19,19
37214,113,113,113,113,113
37215,14,14,14,14,14
37216,14,14,14,14,14
37217,37,37,37,37,37
37218,153,153,153,153,153
37219,0,0,0,0,0
37220,4,4,4,4,4
37221,95,95,95,95,95
37228,0,0,0,0,0
37310,1,1,1,1,1
37311,126,126,126,126,126
37312,116,116,116,116,116
37323,58,58,58,58,58
37336,0,0,0,0,0
37341,16,16,16,16,16
37343,43,43,43,43,43
37350,0,0,0,0,0
37351,7,7,7,7,7
37353,2,2,2,2,2
37354,14,14,14,14,14
37355,22,22,22,22,22
37360,0,0,0,0,0
37363,6,6,6,6,6
37377,6,6,6,6,6
37379,24,24,24,24,24
37385,0,0,0,0,0
37388,62,62,62,62,62
37402,10,10,10,10,10
37403,5,5,5,5,5
37404,0,0,0,0,0
37405,15,15,15,15,15
37406,57,57,57,57,57
37407,55,55,55,55,55
37408,5,5,5,5,5
37409,0,0,0,0,0
37410,50,50,50,50,50
37411,0,0,0,0,0
37412,78,78,78,78,78
37415,66,66,66,66,66
37416,48,48,48,48,48
37419,8,8,8,8,8
37421,75,75,75,75,75
37601,166,166,166,166,166
37604,207,207,207,207,207
37615,0,0,0,0,0
37617,0,0,0,0,0
37618,2,2,2,2,2
37642,8,8,8,8,8
37643,85,85,85,85,85
37645,1,1,1,1,1
37658,9,9,9,9,9
37659,20,20,20,20,20
37660,70,70,70,70,70
37663,6,6,6,6,6
37664,91,91,91,91,91
37665,0,0,0,0,0
37686,0,0,0,0,0
37692,0,0,0,0,0
37694,0,0,0,0,0
37701,48,48,48,48,48
37708,3,3,3,3,3
37710,4,4,4,4,4
37714,1,1,1,1,1
37716,23,23,23,23,23
37721,37,37,37,37,37
37737,22,22,22,22,22
37738,4,4,4,4,4
37742,23,23,23,23,23
37754,13,13,13,13,13
37769,10,10,10,10,10
37771,3,3,3,3,3
37772,16,16,16,16,16
37774,10,10,10,10,10
37777,41,41,41,41,41
37801,73,73,73,73,73
37803,91,91,91,91,91
37804,81,81,81,81,81
37806,1,1,1,1,1
37813,108,108,108,108,108
37814,60,60,60,60,60
37821,0,0,0,0,0
37830,58,58,58,58,58
37840,2,2,2,2,2
37846,1,1,1,1,1
37849,88,88,88,88,88
37853,24,24,24,24,24
37860,2,2,2,2,2
37861,0,0,0,0,0
37862,52,52,52,52,52
37863,72,72,72,72,72
37865,39,39,39,39,39
37871,1,1,1,1,1
37876,0,0,0,0,0
37877,1,1,1,1,1
37885,5,5,5,5,5
37886,5,5,5,5,5
37890,0,0,0,0,0
37902,9,9,9,9,9
37909,15,15,15,15,15
37912,108,108,108,108,108
37914,39,39,39,39,39
37915,80,80,80,80,80
37916,36,36,36,36,36
37917,66,66,66,66,66
37918,240,240,240,240,240
37919,103,103,103,103,103
37920,143,143,143,143,143
37921,121,121,121,121,121
37922,96,96,96,96,96
37923,77,77,77,77,77
37924,9,9,9,9,9
37931,72,72,72,72,72
37932,0,0,0,0,0
37934,35,35,35,35,35
37938,0,0,0,0,0
38002,0,0,0,0,0
38016,108,108,108,108,108
38017,24,24,24,24,24
38018,82,82,82,82,82
38028,3,3,3,3,3
38053,31,31,31,31,31
38103,5,5,5,5,5
38104,41,41,41,41,41
38105,42,42,42,42,42
38106,89,89,89,89,89
38107,95,95,95,95,95
38108,25,25,25,25,25
38109,14,14,14,14,14
38111,160,160,160,160,160
38112,63,63,63,63,63
38114,305,305,305,305,305
38115,117,117,117,117,117
38116,183,183,183,183,183
38117,32,32,32,32,32
38118,21,21,21,21,21
38119,0,0,0,0,0
38120,31,31,31,31,31
38122,64,64,64,64,64
38125,0,0,0,0,0
38126,44,44,44,44,44
38127,186,186,186,186,186
38128,19,19,19,19,19
38133,28,28,28,28,28
38134,29,29,29,29,29
38135,57,57,57,57,57
38138,0,0,0,0,0
38139,0,0,0,0,0
38141,0,0,0,0,0
38301,275,275,275,275,275
38305,0,0,0,0,0
38343,2,2,2,2,2
38355,2,2,2,2,2
38356,0,0,0,0,0
38362,0,0,0,0,0
38401,22,22,22,22,22
38501,78,78,78,78,78
38506,21,21,21,21,21
75001,70,400,2149,2188,2197
75002,892,5604,20315,21037,21228
75006,363,2116,10442,10635,10677
75007,725,3798,13726,14139,14224
75010,267,1546,5876,6034,6058
75013,1009,3783,10742,11304,11441
75019,849,3156,9856,10401,10495
75020,195,1250,7698,7792,7807
75021,26,216,1455,1467,1471
75022,692,2543,6152,6585,6665
75023,667,3769,14017,14379,14495
75024,554,2539,8330,8717,8778
75025,975,4626,13879,14359,14548
75028,1025,4100,12404,13035,13166
75032,1,4,13,14,14
75033,3,13,35,38,38
75034,2219,7990,26439,27604,27771
75035,1442,6102,17363,18288,18491
75038,129,583,3313,3377,3391
75039,81,504,1942,1997,2013
75040,481,3439,17536,17768,17839
75041,161,1227,7548,7625,7679
75042,221,1315,8752,8797,8823
75043,280,2849,16269,16401,16500
75044,318,2370,11949,12169,12206
75048,571,2138,7611,7949,8045
75050,154,1264,8040,8105,8113
75051,153,1298,7941,8014,8046
75052,478,5479,23542,23853,23997
75054,292,1190,3234,3419,3443
75056,869,4588,14451,15153,15244
75057,65,531,2482,2507,2517
75060,273,1592,9206,9395,9414
75061,148,1184,8114,8196,8213
75062,152,1370,8829,8945,8954
75063,399,1700,6936,7212,7263
75065,175,945,3512,3640,3647
75067,356,2609,11659,11837,11861
75068,385,2189,7255,7489,7557
75069,170,684,2674,2763,2779
75070,1163,4989,18890,19619,19718
75074,543,3296,12785,13156,13209
75075,467,2650,10491,10795,10849
75076,14,120,738,749,752
75077,611,3042,10433,10858,10913
75080,722,2628,10340,10674,10771
75081,440,2171,9734,9954,10004
75082,448,1772,6173,6420,6478
75087,17,76,319,333,335
75088,223,1875,9059,9245,9282
75089,334,2345,10142,10319,10402
75090,321,1076,6403,6547,6547
75092,167,1123,6607,6667,6694
75093,1109,4301,12780,13375,13524
75094,435,1873,6600,6876,6918
75098,788,4463,16818,17396,17483
75104,820,3003,14951,15353,15462
75115,321,2418,12092,12290,12327
75116,153,738,5035,5076,5101
75125,0,2,15,15,15
75134,98,860,6043,6092,6104
75137,162,1098,6128,6209,6240
75141,36,237,1162,1176,1180
75146,188,1024,5125,5203,5229
75149,350,2450,16502,16636,16702
75150,368,2210,14542,14660,14719
75159,17,103,657,666,667
75172,19,151,867,872,874
75180,30,808,6045,6075,6081
75181,134,958,6295,6365,6390
75182,167,715,2138,2262,2292
75201,21,140,533,552,555
75202,5,26,115,119,119
75203,91,470,2492,2515,2535
75204,129,551,2140,2213,2229
75205,529,1760,4261,4629,4710
75206,268,1141,4588,4770,4794
75207,49,256,1063,1085,1096
75208,232,1255,5623,5780,5797
75209,202,948,3000,3148,3212
75210,59,219,1259,1267,1278
75211,376,1755,11194,11319,11376
75212,262,1182,5068,5188,5220
75214,664,2239,7225,7595,7704
75215,225,803,3172,3227,3263
75216,816,2569,11844,12027,12149
75217,589,3304,17665,17772,17843
75218,301,1751,6639,6933,6989
75219,88,451,1786,1842,1864
75220,223,1024,5306,5426,5453
75223,122,524,2377,2424,2446
75224,254,1102,6048,6140,6178
75225,593,1803,4463,4911,4981
75226,16,134,709,716,722
75227,484,2261,12224,12361,12423
75228,528,2596,14019,14190,14275
75229,666,2445,8659,9051,9124
75230,486,1870,5931,6247,6335
75231,94,551,3302,3332,3352
75232,352,1515,8011,8117,8166
75233,37,448,3077,3111,3111
75234,158,1274,6686,6788,6829
75235,136,484,2380,2415,2439
75236,125,508,2986,3041,3056
75237,135,495,2485,2521,2536
75238,383,1592,6427,6662,6709
75240,144,475,2546,2603,2627
75241,558,1893,8955,9056,9147
75243,294,1510,8007,8105,8170
75244,206,884,3297,3410,3434
75246,23,64,277,283,287
75247,82,309,996,1017,1028
75248,609,2401,8414,8750,8811
75249,61,677,4637,4684,4689
75251,2,28,151,153,153
75252,362,1476,5497,5692,5744
75253,212,839,5078,5161,5187
75254,68,433,2384,2426,2435
75287,439,1596,7347,7528,7566
75459,14,131,707,715,718
75501,567,966,10169,10326,10473
75503,88,602,7113,7260,7356
75569,2,8,1090,1090,1091
75601,113,303,5051,5092,5128
75602,179,437,5988,6099,6155
75603,30,91,1167,1181,1196
75604,162,372,9413,9480,9528
75605,143,673,8139,8341,8409
75640,4,15,338,343,345
75644,28,92,1838,1870,1881
75645,18,36,478,489,493
75647,46,134,1949,1981,2003
75650,32,98,1558,1592,1604
75652,2,4,53,54,55
75662,68,250,5576,5655,5661
75684,0,0,5,5,5
75693,78,249,2315,2386,2417
75701,495,1661,10656,10887,10953
75702,287,786,9149,9214,9242
75703,405,1403,10597,10860,10959
75704,45,131,1838,1864,1870
75705,11,23,200,207,208
75706,26,76,1500,1514,1529
75707,56,316,3416,3451,3475
75708,20,38,1998,2008,2014
75709,25,121,1514,1532,1535
75751,250,594,4593,4664,4711
75752,11,35,313,317,319
75755,0,0,1,1,1
75757,1,5,36,37,37
75758,17,82,905,912,918
75762,62,276,2226,2286,2302
75771,14,139,1961,1997,2013
75789,0,0,6,6,6
75791,85,299,2587,2632,2640
75792,5,11,130,132,133
75901,226,477,6125,6238,6276
75904,73,337,6493,6566,6592
75941,29,74,991,1001,1010
75949,15,33,514,520,522
75961,107,224,2466,2512,2542
75964,107,214,2499,2529,2547
75965,50,169,2170,2231,2256
75969,0,1,50,50,50
76001,282,2376,7613,7785,7824
76002,333,2623,9825,10067,10077
76005,19,67,153,167,168
76006,66,651,3119,3157,3160
76008,1,3,9,9,9
76010,305,1788,7872,7944,8000
76011,84,778,3446,3474,3481
76012,280,1786,6164,6317,6342
76013,328,1641,6160,6248,6305
76014,120,1629,7013,7034,7070
76015,103,748,3254,3317,3321
76016,323,2578,9585,9762,9811
76017,455,2850,10275,10561,10604
76018,132,1764,7684,7777,7777
76021,266,2085,8131,8280,8305
76022,48,641,2959,2974,2977
76034,873,2950,6499,7112,7199
76036,19,141,546,556,558
76039,187,1748,6794,6876,6911
76040,156,1370,5887,5965,5983
76051,541,3138,10178,10570,10591
76052,363,2259,7269,7518,7556
76053,220,1676,6771,6819,6860
76054,153,1056,3933,4010,4026
76060,141,852,2839,2918,2936
76063,863,5142,16529,17168,17254
76071,8,48,156,160,162
76078,0,3,13,13,13
76092,1337,3872,7190,8005,8152
76102,90,388,1252,1298,1307
76103,117,997,4127,4144,4160
76104,304,1533,5948,6046,6082
76105,181,1484,6129,6210,6235
76106,345,2149,9429,9554,9592
76107,678,2972,9565,9884,9964
76108,290,2548,9431,9624,9653
76109,646,2271,6140,6447,6525
76110,489,2733,9737,9906,9976
76111,50,1251,6237,6256,6281
76112,355,2467,9981,10113,10164
76114,292,1755,6824,6935,6956
76115,319,1288,5140,5192,5239
76116,588,2931,11078,11271,11305
76117,244,1788,8619,8689,8715
76118,221,1272,5003,5121,5126
76119,344,2457,11320,11435,11470
76120,105,928,3819,3885,3897
76123,396,2720,9988,10120,10180
76126,294,2030,6424,6618,6665
76127,0,55,294,294,294
76131,311,2923,11322,11471,11506
76132,232,1452,5261,5380,5396
76133,516,3643,15338,15572,15651
76134,219,1780,7697,7759,7790
76135,166,1236,4756,4853,4863
76137,413,3765,15631,15821,15869
76140,139,1984,7679,7734,7749
76148,178,2242,8709,8860,8887
76155,3,71,382,384,384
76164,153,1118,4886,4920,4925
76177,131,891,3283,3343,3350
76179,515,4958,18687,19087,19087
76180,236,2375,8876,9012,9057
76182,531,3079,10183,10597,10618
76205,26,173,689,701,704
76208,207,903,3106,3216,3232
76210,537,3090,11489,11894,11918
76226,513,2244,5580,5960,6026
76240,143,1283,5820,5909,5939
76244,1085,6554,21389,21987,22142
76248,1292,4965,12501,13335,13443
76262,939,3891,10521,11080,11192
76301,287,2973,7203,7292,7336
76302,199,1775,4530,4604,4622
76305,52,897,2225,2241,2243
76306,157,2617,6463,6503,6542
76308,308,2955,7020,7135,7163
76309,168,2185,5518,5574,5596
76310,204,2526,6076,6144,6175
76311,0,268,709,709,709
76354,0,3,8,8,8
76367,13,134,322,325,326
76401,33,198,554,561,566
76501,92,924,4113,4138,4155
76502,276,2757,12331,12493,12506
76504,286,1540,6712,6753,6814
76513,662,2734,10501,10783,10859
76522,135,1507,6348,6406,6412
76539,32,519,2133,2151,2157
76541,326,1393,6255,6351,6395
76542,411,3054,13542,13666,13693
76543,282,1869,9605,9683,9732
76544,56,668,3453,3477,3495
76548,257,1868,8702,8817,8843
76549,379,3072,14386,14503,14546
76559,68,385,1685,1699,1711
76574,0,1,9,9,9
76579,40,246,914,931,935
76630,2,22,122,123,123
76633,10,67,319,326,327
76640,68,177,1019,1035,1043
76643,123,821,5283,5358,5369
76655,76,398,1989,2047,2049
76657,124,591,2731,2796,2813
76691,44,261,1218,1249,1256
76701,111,253,825,863,877
76704,303,735,2605,2651,2705
76705,378,1804,9286,9362,9438
76706,877,2719,10513,10819,10962
76707,299,1098,5349,5403,5441
76708,271,1536,8911,9020,9038
76710,170,1258,7971,8085,8109
76711,52,453,3217,3230,3236
76712,387,1989,9116,9389,9427
76901,307,5517,9460,9546,9575
76903,513,7646,12989,13134,13173
76904,351,6455,10762,10937,10948
76905,110,1887,3212,3248,3251
77002,42,125,774,801,813
77003,183,525,3285,3382,3444
77004,658,1442,7537,7766,7925
77005,643,2369,6773,7517,7718
77006,266,840,4830,5045,5117
77007,719,2367,10152,10805,11037
77008,723,2995,11982,12915,13138
77009,746,1813,12229,12730,12846
77010,2,7,21,23,24
77011,200,491,5160,5223,5271
77012,122,267,4464,4500,4532
77013,83,207,3703,3741,3756
77014,181,587,6320,6410,6449
77015,192,620,14558,14676,14720
77016,352,834,9077,9188,9262
77017,116,419,7648,7734,7749
77018,406,1485,8668,9083,9203
77019,328,1056,4794,5106,5205
77020,305,833,7806,7926,8006
77021,491,1190,7966,8216,8299
77022,317,698,7793,7865,7928
77023,410,755,7129,7239,7327
77024,572,1945,7542,7983,8171
77025,410,1098,6270,6488,6601
77026,424,1015,8664,8752,8805
77027,195,420,2800,2924,2954
77028,324,571,5708,5826,5873
77029,159,374,6215,6304,6336
77030,112,392,2063,2159,2188
77031,95,238,3419,3468,3496
77032,154,346,3412,3454,3493
77033,511,851,8766,8873,8963
77034,243,478,8219,8370,8378
77035,415,974,7739,7899,7987
77036,268,602,7995,8084,8125
77037,64,233,5779,5808,5819
77038,127,393,6254,6318,6330
77039,157,397,7370,7460,7497
77040,252,950,11154,11303,11451
77041,462,1550,11986,12348,12498
77042,269,609,5312,5433,5493
77043,202,598,6274,6456,6495
77044,472,1118,9932,10157,10260
77045,416,860,9445,9619,9686
77046,4,9,65,67,68
77047,265,676,9557,9724,9773
77048,281,630,5420,5572,5628
77049,96,355,9485,9524,9572
77050,28,86,1247,1256,1260
77051,204,448,4852,4917,4987
77053,211,476,9009,9091,9137
77054,116,212,2023,2056,2075
77055,429,1297,8315,8639,8762
77056,169,587,3321,3451,3514
77057,205,610,5361,5511,5550
77058,143,312,3755,3836,3859
77059,310,1096,5260,5661,5730
77060,239,410,6023,6078,6115
77061,107,297,4804,4838,4862
77062,306,818,7935,8208,8258
77063,166,489,5039,5148,5195
77064,196,1067,11928,12124,12247
77065,248,579,8087,8186,8252
77066,189,628,8442,8528,8614
77067,195,491,6116,6242,6286
77068,44,195,2536,2588,2606
77069,90,469,3756,3881,3916
77070,275,733,9977,10100,10181
77071,142,589,6576,6697,6751
77072,316,877,11478,11606,11665
77073,240,513,10735,10812,10888
77074,159,357,6506,6579,6605
77075,238,637,9335,9468,9496
77076,316,594,7558,7658,7689
77077,361,1396,11603,11964,12036
77078,189,417,3654,3738,3779
77079,404,1108,6395,6758,6840
77080,281,764,7817,7962,8042
77081,34,190,3064,3089,3105
77082,481,1059,10388,10602,10677
77083,528,1433,18445,18785,18879
77084,699,1586,26365,26822,26903
77085,92,295,4726,4789,4818
77086,369,660,6891,7040,7104
77087,368,793,9473,9599,9666
77088,647,1139,13795,13893,14048
77089,213,994,13903,14073,14215
77090,140,326,5055,5153,5179
77091,325,693,5938,6079,6128
77092,299,752,7483,7606,7683
77093,561,1262,13640,13906,14018
77094,262,703,2848,3054,3126
77095,453,1733,19165,19638,19756
77096,453,1200,7938,8299,8383
77098,148,441,2965,3120,3148
77099,302,720,8725,8814,8876
77301,207,482,8416,8571,8605
77302,303,754,5889,6055,6173
77303,59,184,3832,3902,3910
77304,186,551,6918,7111,7154
77306,29,72,2833,2870,2873
77316,193,618,3904,4147,4198
77318,81,376,4332,4435,4476
77327,138,349,3736,3801,3836
77328,26,217,4194,4228,4254
77336,240,588,4106,4213,4281
77338,196,534,10716,10846,10879
77339,125,619,8092,8285,8343
77345,349,1396,6608,7028,7121
77346,512,2101,16431,16841,17063
77354,352,1621,11099,11545,11745
77355,114,716,5426,5661,5724
77356,289,1357,7331,7620,7776
77357,79,389,6433,6532,6584
77358,3,11,119,122,123
77362,45,198,1580,1647,1665
77363,1,1,16,17,17
77365,380,991,8763,9143,9244
77372,49,226,4355,4395,4426
77373,147,867,18050,18382,18419
77375,492,1598,14630,15168,15368
77377,257,1444,10121,10560,10678
77378,65,199,2655,2710,2721
77379,724,3083,19762,20383,20672
77380,172,429,4876,5003,5048
77381,349,1772,7768,8381,8508
77382,640,2475,9386,10204,10466
77384,128,591,5067,5269,5322
77385,96,603,7864,7969,8049
77386,671,2334,14865,15760,15968
77388,657,1586,13771,14171,14285
77389,451,1887,9464,9987,10233
77396,337,904,11824,11993,12077
77401,520,1797,5547,6117,6267
77406,375,1418,8413,8805,8912
77407,522,1219,12024,12285,12422
77429,884,3487,22664,23548,23858
77433,1063,3382,19993,20907,21269
77441,139,591,2575,2745,2822
77447,39,172,1351,1386,1410
77449,506,1613,31004,31542,31637
77450,329,2341,19715,20392,20536
77459,754,2994,18799,19533,19810
77469,257,742,9560,9837,9876
77471,210,448,5736,5806,5840
77477,275,541,8715,8831,8857
77478,445,1298,8593,8929,9056
77479,1719,5427,24556,26383,26813
77489,85,532,11967,12052,12088
77493,175,805,8432,8651,8730
77494,1455,5692,29187,30863,31590
77498,436,1743,14485,14891,15026
77502,155,639,9562,9630,9688
77503,168,440,6803,6936,6971
77504,98,277,5374,5423,5434
77505,140,631,6808,6955,6997
77506,149,356,8180,8230,8271
77507,40,85,712,730,739
77510,202,758,6381,6524,6544
77511,371,1840,15851,16013,16158
77515,339,971,8931,9123,9169
77517,98,325,2997,3064,3064
77518,95,220,2156,2187,2203
77520,434,941,12165,12289,12363
77521,496,1074,16104,16418,16534
77523,25,84,558,576,584
77530,280,664,10177,10333,10384
77531,126,477,4554,4662,4676
77532,185,479,6193,6334,6385
77534,25,109,566,591,595
77536,374,805,11013,11308,11342
77539,493,1971,14129,14404,14477
77541,154,719,6556,6663,6710
77545,151,573,7320,7501,7539
77546,862,3068,16306,17099,17220
77547,48,133,2802,2822,2830
77550,714,1711,9445,9660,9787
77551,286,1014,6320,6443,6489
77554,409,1354,7203,7513,7566
77562,115,393,4313,4375,4411
77563,199,681,4511,4604,4645
77564,0,1,11,11,11
77565,136,513,2835,2938,2962
77566,157,1101,9018,9184,9249
77568,247,860,6063,6144,6199
77571,272,1205,13940,14199,14299
77573,1092,4836,24676,25716,25976
77578,245,942,6218,6398,6450
77581,649,2450,15573,16076,16173
77583,147,686,4441,4566,4616
77584,864,3661,24355,25220,25398
77586,164,915,6844,7080,7159
77587,159,290,4586,4633,4661
77590,189,1337,10931,11110,11143
77591,257,617,4555,4649,4677
77598,77,295,3956,4009,4033
77611,97,321,3714,3811,3861
77619,132,363,6485,6564,6597
77625,39,115,1005,1023,1037
77627,120,580,9026,9127,9219
77630,344,767,9536,9782,9831
77632,31,163,1750,1795,1806
77640,381,781,9049,9235,9300
77642,677,1416,11883,12129,12289
77651,96,599,5428,5575,5654
77656,131,292,5808,5915,5951
77657,100,466,6978,7129,7179
77662,169,440,7167,7291,7328
77701,259,524,6004,6090,6164
77702,16,63,1293,1310,1314
77703,277,554,4477,4537,4601
77705,208,530,8505,8644,8670
77706,302,924,8799,9083,9156
77707,236,433,6390,6515,6561
77708,73,169,3956,4013,4037
77713,102,305,3660,3721,3762
77801,275,496,3264,3338,3393
77802,311,705,8029,8160,8209
77803,224,523,9207,9291,9347
77807,211,388,3022,3105,3155
77808,107,296,3026,3111,3140
77840,579,1254,7675,7924,8021
77845,1004,2631,19138,19741,20082
77901,326,1097,14631,14750,14839
77904,258,826,8641,8837,8881
77905,26,56,569,580,585
77968,0,1,11,11,11
78006,2,7,33,35,35
78015,78,283,1206,1261,1277
78023,297,1333,7684,7957,8021
78026,28,215,1538,1565,1571
78040,716,3410,10466,10572,10679
78041,578,3331,11035,11228,11307
78043,322,2725,9339,9396,9453
78045,490,4288,13747,13943,14013
78046,357,3294,11738,11881,11917
78064,139,626,4011,4068,4093
78070,39,133,657,681,688
78073,16,65,549,556,557
78101,0,1,9,9,9
78108,165,1509,12353,12620,12658
78109,280,1192,13808,13976,14032
78112,0,1,20,20,20
78123,59,140,1274,1290,1303
78124,3,12,78,80,81
78130,575,2484,22451,22911,23003
78132,169,522,2533,2649,2670
78133,309,1210,8532,8788,8832
78148,189,735,6384,6488,6508
78152,3,12,71,73,74
78154,488,1557,12881,13053,13185
78155,369,1182,10640,10813,10846
78201,562,1635,12205,12368,12492
78202,253,667,4018,4105,4142
78203,167,379,2085,2137,2163
78204,189,586,3757,3811,3849
78205,15,83,602,615,617
78207,815,1901,12597,12791,12933
78208,107,260,1309,1332,1348
78209,549,2294,11664,12116,12225
78210,497,1587,11595,11749,11832
78211,347,890,8753,8833,8886
78212,560,1502,8975,9218,9330
78213,293,1054,10641,10804,10858
78214,241,809,6983,7047,7076
78215,34,138,695,713,721
78216,312,1342,10183,10339,10380
78217,203,878,9122,9214,9251
78218,386,1295,9572,9759,9858
78219,81,467,5368,5406,5433
78220,331,807,5886,5959,6037
78221,221,904,9918,10049,10059
78222,201,849,7065,7152,7195
78223,863,2272,14798,15025,15131
78224,92,448,5046,5077,5092
78225,91,387,3874,3929,3949
78226,41,226,1948,1960,1966
78227,349,1188,12750,12840,12918
78228,695,2119,17052,17261,17365
78229,165,461,3743,3808,3835
78230,298,1447,10782,10948,11047
78231,98,430,3072,3136,3161
78232,269,1456,10899,11134,11179
78233,337,1610,15100,15253,15315
78234,35,108,1146,1170,1173
78235,11,27,209,212,215
78236,24,98,868,892,894
78237,284,1220,10340,10466,10519
78238,215,817,7083,7126,7162
78239,358,1304,10265,10485,10517
78240,340,1371,12298,12487,12562
78242,294,923,8025,8091,8164
78244,173,762,10022,10123,10164
78245,432,1936,20263,20571,20571
78247,404,1756,17240,17433,17556
78248,224,889,4429,4620,4662
78249,593,2061,14444,14711,14860
78250,502,1741,17659,17856,17928
78251,175,1382,14399,14559,14559
78252,22,210,2691,2713,2721
78253,368,1483,11902,12183,12257
78254,313,1980,16067,16430,16480
78255,196,773,3002,3175,3210
78256,158,403,2009,2078,2112
78257,128,389,2370,2431,2459
78258,735,2415,12481,13006,13137
78259,249,1203,8012,8236,8294
78260,380,1851,9006,9414,9499
78261,269,1185,6138,6330,6407
78263,7,31,180,186,187
78264,0,0,3,3,3
78266,211,567,2463,2605,2634
78336,289,912,4862,4947,4982
78358,4,14,93,94,95
78359,13,81,729,731,734
78362,32,223,1450,1471,1474
78370,45,198,933,946,955
78373,98,722,3409,3482,3492
78374,226,1060,5204,5339,5382
78380,250,1311,5633,5784,5819
78382,405,1809,10137,10355,10397
78387,209,641,2841,2906,2929
78390,124,397,2114,2173,2184
78401,84,350,1390,1406,1417
78402,2,23,146,147,147
78404,241,1244,5565,5691,5720
78405,135,966,5328,5360,5387
78406,0,27,218,218,218
78407,37,269,1346,1368,1373
78408,78,744,4317,4335,4352
78409,32,248,1272,1285,1288
78410,313,1845,8553,8657,8701
78411,389,1982,8806,8969,9041
78412,269,1092,5365,5459,5491
78413,7,61,305,308,310
78415,659,2696,11730,11910,11970
78416,202,1043,4842,4896,4921
78417,22,248,1456,1460,1466
78501,713,3475,17925,18145,18236
78503,243,1179,6050,6175,6225
78504,429,2736,16104,16351,16483
78516,417,1822,8874,8973,9046
78520,543,1417,12935,13108,13227
78521,680,1937,20199,20487,20590
78526,322,726,10160,10347,10378
78539,509,1995,10324,10557,10610
78541,213,959,5315,5402,5440
78542,221,1544,9046,9175,9202
78572,994,2818,15850,16160,16306
78573,399,1596,10281,10439,10502
78574,234,1259,6565,6639,6686
78577,920,2915,15153,15403,15528
78589,252,1546,10435,10519,10540
78596,0,2,11,11,11
78602,63,258,1890,1937,1953
78610,230,792,4925,5063,5104
78613,912,4722,22416,23047,23304
78617,17,104,742,754,756
78623,10,25,155,158,160
78626,1,9,53,54,54
78628,36,167,728,748,757
78634,70,749,4562,4622,4650
78641,634,2928,12119,12550,12664
78652,110,409,1695,1763,1777
78653,4,22,165,167,168
78655,0,1,9,9,9
78660,656,4486,25628,26047,26179
78664,666,2647,15833,16125,16239
78665,609,2513,12261,12579,12680
78666,612,1751,11644,11884,11992
78681,954,3598,16031,16650,16767
78701,95,325,1042,1100,1119
78702,375,1287,5501,5714,5772
78703,341,1462,5024,5338,5414
78704,457,2068,9118,9414,9528
78705,335,688,2129,2195,2256
78717,457,1687,6983,7314,7366
78719,10,95,725,733,736
78721,161,575,2936,3005,3039
78722,97,378,1631,1691,1706
78723,281,1368,6970,7150,7200
78724,37,198,1220,1238,1245
78725,10,62,404,410,412
78726,186,661,2774,2873,2917
78727,261,1357,7232,7404,7449
78728,160,708,4870,4965,4985
78729,139,1398,7130,7276,7327
78730,198,717,2518,2672,2704
78731,510,1760,6944,7314,7373
78732,1,3,9,10,10
78733,288,1104,2941,3190,3242
78735,282,1092,4463,4684,4708
78736,100,425,1919,1989,2001
78737,97,270,890,951,968
78738,11,38,112,122,123
78739,661,1955,5035,5500,5601
78741,296,905,5344,5432,5482
78742,6,32,261,263,264
78744,303,1387,9629,9717,9776
78745,508,2589,15551,15837,15917
78746,964,3041,8436,9140,9279
78747,144,855,5672,5753,5782
78748,599,2717,14182,14533,14621
78749,686,2380,10140,10665,10708
78750,516,1792,7675,7981,8070
78751,127,529,2661,2732,2760
78752,148,493,3055,3118,3143
78753,354,1214,9406,9502,9530
78754,115,739,5383,5449,5481
78756,114,504,2090,2171,2189
78757,324,1380,6605,6867,6895
78758,547,1553,8576,8752,8823
78759,632,2156,9818,10284,10388
79015,394,4555,6216,6356,6368
79101,45,1025,1365,1375,1377
79102,217,2460,3380,3421,3442
79103,208,2882,3796,3835,3854
79104,74,2007,2720,2745,2750
79106,552,7672,10046,10189,10230
79107,479,7921,10743,10831,10885
79108,144,3539,4928,4983,4988
79109,625,11288,15020,15203,15233
79110,186,6019,8020,8101,8101
79111,11,246,336,338,339
79118,350,6213,8599,8730,8739
79119,362,3697,4879,5035,5035
79121,95,1811,2449,2487,2492
79124,241,2214,3005,3083,3092
79363,29,379,499,510,511
79364,0,9,12,12,12
79382,2,30,40,41,41
79401,265,1349,1767,1815,1841
79403,232,3337,4470,4534,4552
79404,279,3355,4470,4553,4571
79407,307,3900,5200,5253,5280
79410,236,3135,3614,3673,3687
79411,150,1885,2494,2527,2543
79412,124,3508,4735,4763,4768
79413,480,5916,7845,7981,8021
79414,225,3945,5183,5225,5235
79415,286,3527,4680,4733,4756
79416,547,7372,9760,9899,9939
79423,756,9827,13201,13485,13498
79424,1087,12330,16643,16932,17017
79504,34,507,947,958,959
79508,6,332,561,564,564
79510,57,1133,2158,2175,2182
79525,1,9,17,17,17
79536,39,770,1254,1268,1272
79562,20,292,476,483,484
79563,9,341,566,569,569
79601,458,4738,7620,7690,7768
79602,444,6103,9885,10067,10077
79603,332,5595,9089,9190,9209
79605,314,6700,11077,11201,11212
79606,276,5170,8227,8335,8352
79607,13,389,625,628,628
79701,789,9745,11512,11712,11759
79703,323,6237,7401,7506,7514
79705,1104,10168,12480,12813,12839
79706,689,8387,9990,10227,10247
79707,1221,9160,10985,11384,11407
79758,13,114,143,147,147
79761,480,9661,11532,11673,11708
79762,752,11412,13669,13892,13920
79763,621,8405,10023,10115,10156
79764,710,6881,8151,8301,8351
79765,373,4324,5126,5221,5242
79766,92,966,1168,1198,1198
79901,381,2113,2184,2220,2227
79902,810,5308,5509,5581,5604
79903,468,5804,5893,5923,5941
79904,607,9099,9277,9323,9333
79905,782,6657,6844,6885,6920
79906,64,1491,1507,1515,1516
79907,883,14221,14337,14424,14468
79908,13,844,849,850,850
79911,17,193,197,200,200
79912,1898,19243,19702,19982,19982
79915,953,10794,11016,11104,11104
79922,417,3141,3250,3306,3306
79924,1006,17687,17812,17956,17956
79925,760,11618,11772,11843,11867
79927,38,648,657,661,661
79928,24,396,401,404,404
79930,529,7390,7496,7564,7564
79932,601,5514,5634,5732,5732
79934,181,2349,2404,2419,2421
79935,318,4998,5080,5095,5106
79936,1854,31302,31653,31909,31941
79938,15,281,285,287,287
84003,22,10666,11180,11180,11180
84004,47,1862,2039,2039,2039
84006,0,35,36,36,36
84009,91,6600,7006,7006,7006
84010,70,11209,11641,11653,11653
84014,4,1780,1850,1850,1850
84015,0,16864,17243,17243,17243
84020,0,11194,12142,12142,12142
84025,50,4797,5002,5002,5002
84037,58,9190,9727,9746,9746
84040,20,6475,6780,6780,6780
84041,90,12550,12872,12872,12872
84042,10,2502,2614,2617,2617
84043,14,13156,13791,13805,13805
84044,61,7482,7573,7581,7581
84045,0,1,1,1,1
84047,106,7372,7546,7561,7561
84054,20,4915,5115,5115,5115
84056,1,1059,1065,1065,1065
84057,85,8295,8422,8448,8448
84058,60,6502,6649,6656,6656
84062,80,6978,7232,7239,7239
84065,84,10056,10541,10541,10541
84067,35,11542,11682,11694,11694
84070,61,7449,7649,7656,7656
84075,20,6502,6780,6780,6780
84081,66,10637,10921,10921,10921
84084,70,9722,9921,9921,9921
84087,65,3836,4030,4034,4034
84088,86,9335,9565,9565,9565
84092,26,7935,8617,8625,8625
84093,15,6952,7381,7381,7381
84094,58,8101,8344,8352,8352
84095,48,9037,9553,9553,9553
84096,170,9604,10005,10005,10005
84097,50,5403,5605,5611,5611
84101,13,1111,1147,1148,1148
84102,32,2805,2907,2916,2916
84103,40,4740,5016,5016,5016
84104,25,6211,6280,6286,6286
84105,115,6398,6742,6742,6742
84106,203,9257,9634,9653,9653
84107,42,8084,8300,8308,8308
84108,96,5227,5651,5657,5657
84109,118,6495,6946,6946,6946
84111,10,1640,1691,1693,1693
84112,6,101,107,108,108
84115,78,6915,7049,7078,7078
84116,92,7511,7649,7656,7656
84117,113,6283,6649,6649,6649
84118,93,18316,18557,18557,18557
84119,103,11288,11391,11437,11437
84120,115,12470,12777,12777,12777
84121,35,11155,11729,11729,11729
84123,93,9047,9223,9242,9242
84124,40,5323,5651,5657,5657
84128,0,7480,7594,7594,7594
84129,4,702,721,721,721
84315,0,775,796,796,796
84318,1,851,892,892,892
84321,124,9300,9510,9510,9510
84326,0,113,120,120,120
84332,2,2259,2338,2338,2338
84335,9,2186,2242,2242,2242
84339,0,4,4,4,4
84340,3,444,459,459,459
84341,37,3965,4076,4092,4092
84401,115,9359,9599,9619,9619
84403,99,9532,9888,9888,9888
84404,63,15571,15856,15872,15872
84405,27,8888,9135,9144,9144
84414,8,7566,7816,7816,7816
84532,82,3333,3401,3404,3404
84535,0,4,4,4,4
84536,5,44,47,47,47
84601,47,6563,6697,6697,6697
84604,65,5255,5413,5418,5418
84606,69,3985,4058,4066,4066
84660,26,6410,6581,6581,6581
84663,87,6086,6229,6229,6229
84664,13,913,978,978,978
84720,0,1,1,1,1
84737,8,404,411,411,411
84738,68,2451,2507,2507,2507
84757,0,8,8,8,8
84758,0,25,25,25,25
84763,0,6,6,6,6
84764,2,125,127,127,127
84765,57,2052,2092,2092,2092
84767,1,69,70,70,70
84770,271,12180,12340,12340,12340
84775,0,17,17,17,17
84776,2,199,201,201,201
84779,0,4,4,4,4
84780,98,3434,3507,3507,3507
84790,402,12709,12981,12981,12981
20120,545,925,1178,1470,1842
20121,57,172,273,342,459
20124,84,160,215,271,333
20147,9,14,19,23,32
20148,145,272,352,430,553
20151,270,518,701,853,1230
20152,198,416,578,724,988
20164,169,273,362,470,743
20166,78,115,161,194,279
20170,385,875,1100,1341,1846
20171,691,1028,1364,1646,2174
20190,79,121,154,186,248
20191,125,255,342,403,554
20194,165,263,348,431,555
22003,117,295,452,580,762
22015,359,595,854,1043,1272
22027,75,118,158,190,229
22030,338,667,949,1254,1833
22031,239,444,540,699,900
22032,244,450,613,776,1032
22033,372,596,737,879,1225
22039,17,28,36,46,55
22042,29,54,77,91,122
22043,118,160,209,237,307
22046,2,4,5,7,9
22066,220,445,617,759,919
22101,1,1,2,2,2
22102,145,266,379,455,583
22124,225,402,538,700,904
22150,2,3,4,5,7
22151,40,90,142,194,256
22152,175,328,423,507,671
22153,93,161,195,231,297
22180,260,533,736,925,1242
22181,239,371,494,580,724
22182,573,993,1368,1591,2062
22201,5,7,9,13,16
22202,3,4,5,6,8
22209,12,25,34,43,55
22314,0,1,1,1,1
22601,254,324,424,486,593
22602,138,217,295,379,463
22603,47,79,117,137,164
22620,0,0,0,1,1
22624,1,3,4,5,6
22630,0,0,0,0,0
22655,53,127,197,254,320
22656,13,21,30,35,41
22663,13,21,31,43,56
22801,249,406,547,697,979
22802,189,232,270,324,512
22812,16,35,49,55,89
22821,8,12,16,18,29
22827,0,0,0,0,0
22831,0,0,0,0,1
22832,0,1,2,2,5
22841,14,16,19,24,36
22846,5,10,13,17,24
22901,293,409,555,641,860
22902,102,229,288,344,416
22903,300,365,459,584,704
22911,96,174,238,322,466
22936,24,39,53,59,78
22939,9,11,17,19,54
22940,0,0,0,0,0
22947,1,2,3,3,4
22952,4,4,6,7,12
22980,152,249,346,408,650
23005,148,206,273,323,491
23030,0,1,1,1,1
23059,624,984,1437,1768,2270
23060,337,501,732,896,1551
23069,5,6,9,9,17
23075,43,65,99,111,235
23103,18,38,56,73,94
23111,132,366,528,650,1270
23112,252,447,609,723,1121
23113,375,579,764,890,1192
23114,146,244,313,389,619
23116,200,407,587,753,1091
23120,47,92,136,158,219
23146,4,8,11,14,20
23150,59,67,83,102,229
23219,49,62,71,82,116
23220,470,705,793,969,1403
23221,119,229,319,437,621
23222,231,308,365,463,778
23223,289,473,604,723,1537
23224,360,383,407,477,696
23225,153,273,360,433,686
23226,202,326,487,619,821
23227,216,313,345,409,695
23228,264,330,355,405,743
23229,256,378,484,634,912
23230,78,117,139,168,277
23231,407,557,600,654,1104
23233,236,385,546,656,978
23234,294,342,370,446,778
23235,123,206,265,305,536
23236,114,214,252,290,485
23237,71,122,186,257,500
23238,145,251,367,410,628
23294,99,132,151,168,299
23314,0,0,0,0,0
23320,630,840,1050,1215,1980
23321,277,445,603,840,1413
23322,851,1222,1516,1903,2909
23323,192,441,623,804,1540
23324,148,259,345,432,802
23325,53,101,168,188,476
23432,0,0,1,1,1
23433,31,50,72,90,118
23434,492,588,711,847,1736
23435,270,401,627,819,1534
23436,18,31,40,49,66
23451,582,817,1032,1226,1962
23452,652,818,929,1082,1983
23453,287,471,646,769,1506
23454,521,672,941,1193,2420
23455,315,616,971,1231,1956
23456,864,1227,1608,1953,3319
23457,2,3,3,4,7
23462,563,762,845,911,1706
23464,237,604,927,1272,2953
23502,140,199,228,275,550
23503,249,318,380,442,725
23504,236,300,374,414,763
23505,189,254,308,367,616
23507,102,146,178,199,279
23508,210,279,325,382,619
23509,143,198,235,264,447
23510,37,46,53,64,105
23511,9,13,16,19,50
23513,151,216,245,296,699
23517,20,32,41,47,119
23518,148,280,365,443,885
23523,142,183,212,235,370
23601,305,387,439,491,826
23602,221,277,415,461,978
23603,1,1,2,2,5
23604,18,25,30,37,83
23605,121,155,170,185,394
23606,158,228,297,346,643
23607,447,468,530,592,1046
23608,122,184,227,324,857
23651,10,15,17,20,37
23661,146,207,242,287,686
23662,154,220,328,394,689
23663,95,147,191,226,568
23664,72,106,132,177,441
23665,7,7,13,15,83
23666,326,382,538,680,1430
23669,480,609,714,749,1662
23692,174,281,328,396,704
23693,230,379,553,659,1156
23696,22,34,48,59,88
23701,227,266,352,376,799
23702,87,117,135,159,327
23703,215,282,349,396,759
23704,327,392,461,510,816
23707,254,313,350,400,684
23801,14,15,22,24,74
23803,670,834,1053,1122,1806
23805,71,146,172,202,412
23831,296,370,481,601,962
23832,303,412,498,544,925
23834,270,384,454,532,934
23836,94,153,212,287,460
23838,124,200,257,307,454
23842,5,6,8,9,26
23860,356,441,551,602,1017
23875,40,78,97,125,283
23885,2,4,5,6,9
24011,8,13,18,22,25
24012,353,444,585,646,847
24013,103,139,162,172,208
24014,147,262,403,513,623
24015,102,155,237,319,406
24016,128,143,179,194,260
24017,172,209,292,352,449
24018,226,494,795,967,1149
24019,134,226,329,452,575
24060,577,788,934,1132,1270
24073,240,317,454,549,660
24077,11,20,28,36,44
24101,1,2,3,4,5
24149,0,0,0,0,0
24153,432,568,693,784,943
24175,9,14,18,20,22
24179,51,116,172,213,334
24251,36,48,57,64,82
24258,1,2,2,2,2
24290,25,33,40,47,64
24366,0,0,0,0,0
24401,150,250,333,392,716
24431,3,3,4,5,11
24437,0,0,1,1,6
24440,1,1,1,1,4
24441,8,11,15,16,27
24467,12,16,24,31,45
24471,0,0,0,0,0
24477,24,39,59,72,144
24482,3,3,6,7,29
24486,10,13,19,24,42
24501,350,431,449,521,782
24502,285,415,498,605,771
24503,96,160,192,248,363
24504,125,158,185,215,294
24527,0,0,0,0,1
24538,3,4,5,5,8
24540,254,296,367,430,677
24541,185,294,383,452,698
24550,4,4,6,8,12
24551,98,151,187,252,362
24572,57,67,73,86,122
24586,3,4,6,8,24
24588,17,21,27,30,48
24605,69,96,127,137,157
24613,0,0,1,1,2
24635,13,16,18,20,24
5401,502,5153,5226,5226,5226
5403,477,4142,4222,4222,4222
5404,123,1535,1551,1551,1551
5408,204,2145,2173,2173,2173
5446,59,877,887,887,887
5452,275,3441,3486,3486,3486
5482,2,19,19,19,19
5495,206,1783,1821,1821,1821
98001,376,615,877,1151,4854
98002,160,240,293,381,3486
98003,274,460,567,704,3999
98004,551,838,1055,1383,2837
98005,371,526,661,800,1879
98006,1140,1782,2227,2663,5180
98007,205,298,388,496,1652
98008,507,790,1008,1332,2823
98010,77,115,151,191,556
98011,275,550,749,901,2651
98012,31,755,1431,1981,2516
98014,66,93,129,163,428
98019,165,261,321,381,1031
98020,147,364,563,710,862
98021,653,1120,1437,1693,3739
98022,520,693,874,1072,3605
98023,602,782,949,1231,5460
98024,116,155,195,225,596
98026,0,418,766,1000,1266
98027,465,685,831,993,2435
98028,373,678,913,1137,2716
98029,502,748,993,1233,2775
98030,193,282,393,519,3033
98031,542,747,890,1075,4472
98032,193,324,470,578,3274
98033,858,1273,1698,2048,4429
98034,596,987,1193,1539,4770
98036,141,394,636,868,1050
98037,102,272,448,570,692
98038,463,763,1056,1307,3654
98039,120,209,282,342,554
98040,720,1079,1349,1595,2998
98042,550,1037,1336,1586,5707
98043,51,157,299,385,445
98045,24,37,46,58,134
98047,49,71,93,115,811
98051,7,11,13,17,111
98052,977,1534,2115,2709,5975
98053,536,904,1169,1405,2805
98055,234,304,369,456,2352
98056,474,628,774,1066,3916
98057,126,162,204,280,1266
98058,528,896,1091,1252,5178
98059,837,1225,1444,1821,4794
98065,406,609,784,964,1919
98070,270,449,565,739,2202
98072,474,780,1052,1231,2710
98074,723,1153,1529,1899,3106
98075,740,1137,1518,1824,2860
98077,256,378,518,656,1325
98087,58,216,367,511,598
98092,762,994,1201,1433,5694
98101,14,25,33,45,57
98102,71,211,282,370,441
98103,85,707,1206,1523,1889
98104,11,24,33,38,49
98105,292,632,889,1264,1528
98106,285,400,529,678,3004
98107,153,391,565,702,881
98108,331,589,876,1105,3226
98109,126,239,349,443,528
98110,415,726,1018,1245,2575
98112,436,720,954,1249,2650
98115,598,1249,1717,2173,2693
98116,127,446,771,934,1132
98117,342,1047,1544,1962,2470
98118,572,972,1440,1806,5270
98119,86,275,426,585,718
98121,11,32,46,60,73
98122,360,540,669,871,2496
98125,133,414,602,743,868
98126,392,574,796,992,2936
98133,238,486,735,884,1122
98134,15,24,28,37,45
98136,154,394,630,820,1009
98144,242,497,760,952,1137
98146,444,569,654,795,3381
98148,68,108,129,141,972
98155,402,657,835,1059,3464
98164,0,0,1,1,1
98166,436,522,661,833,2948
98168,235,366,488,671,3580
98177,159,495,844,1124,1371
98178,448,576,725,837,3259
98188,168,220,272,353,2386
98198,202,351,491,605,3438
98199,160,570,1013,1256,1500
98201,60,189,309,403,575
98203,250,448,542,626,699
98204,122,190,251,325,386
98208,59,370,725,1021,1183
98221,6,9,12,15,49
98223,193,329,493,658,2746
98225,684,871,1020,1220,5190
98226,275,378,447,499,3601
98229,239,348,464,573,2844
98232,3,4,6,7,32
98233,140,170,245,314,1350
98258,155,593,904,1144,1398
98270,197,484,742,893,1075
98271,45,161,270,348,438
98272,267,429,579,767,2496
98273,152,281,332,462,2085
98274,159,194,256,307,1227
98275,115,387,600,797,993
98277,171,272,373,505,3305
98284,60,133,180,232,1248
98290,112,491,899,1247,1574
98294,5,23,51,67,90
98296,706,1167,1601,1900,4108
98310,126,205,289,391,1656
98311,206,313,434,527,2319
98312,303,396,474,544,2354
98314,7,14,20,25,35
98315,8,8,13,21,175
98321,253,411,576,702,2600
98323,2,3,4,5,17
98327,126,158,201,238,1161
98332,165,244,311,380,1139
98333,14,34,55,74,89
98335,98,264,366,459,541
98337,62,84,101,134,633
98338,201,316,374,471,2219
98345,1,3,5,5,27
98354,74,108,132,166,893
98359,73,131,157,185,620
98360,147,220,289,399,1858
98366,362,510,691,884,3296
98367,167,280,400,506,1958
98370,56,87,108,142,469
98371,304,436,559,715,3255
98372,239,395,519,642,3336
98373,233,332,402,522,2824
98374,456,730,935,1083,4515
98375,276,374,499,632,3508
98383,184,310,424,490,1386
98385,1,2,3,3,11
98387,422,647,773,970,5610
98388,78,105,152,204,840
98390,99,151,190,233,1689
98391,699,972,1321,1610,6363
98402,11,28,38,50,63
98403,26,71,113,137,177
98404,105,232,348,484,621
98405,42,134,232,324,380
98406,38,265,470,599,720
98407,119,387,561,664,853
98408,44,102,249,307,387
98409,126,186,252,326,408
98418,33,67,93,108,156
98422,310,472,642,804,3099
98424,84,126,162,191,1228
98433,46,85,108,131,1104
98439,20,25,33,44,375
98443,108,156,202,236,1024
98444,161,229,263,364,3185
98445,214,326,459,581,3822
98446,130,214,320,390,1918
98465,12,52,90,115,137
98466,54,216,285,424,586
98467,106,157,194,267,1349
98498,168,257,337,433,3079
98499,255,340,404,517,2749
98501,450,636,808,1086,3735
98502,223,344,452,561,1695
98503,178,336,409,524,2716
98506,175,262,336,397,1341
98512,136,233,368,491,1835
98513,314,434,582,702,2669
98516,86,155,222,288,915
98604,54,269,421,511,708
98606,36,126,182,246,313
98607,154,568,991,1376,1578
98611,13,24,36,48,59
98626,0,32,116,169,279
98629,0,0,0,0,0
98632,205,314,411,556,628
98642,41,208,330,426,537
98660,50,136,212,251,301
98661,276,402,506,586,735
98662,259,434,527,672,724
98663,34,126,174,228,305
98664,128,202,262,323,417
98665,104,216,272,336,424
98671,86,257,405,525,656
98682,463,596,861,976,1175
98683,76,265,397,520,624
98684,94,234,336,422,562
98685,183,521,791,1013,1225
98686,95,241,342,425,532
98801,358,470,526,1825,8018
98802,334,445,622,2310,7238
98828,0,0,0,4,23
98837,396,498,680,3280,8714
98901,206,273,312,566,2637
98902,308,361,415,1071,7427
98903,111,175,262,565,3198
98908,344,487,570,1080,6779
98922,0,0,0,0,2
98926,228,302,409,617,3281
98937,7,8,11,21,210
98942,161,193,225,405,2584
99004,53,73,92,117,395
99005,7,10,14,18,76
99016,251,396,495,659,2664
99019,188,308,402,483,1502
99021,63,88,124,154,1222
99023,2,3,4,5,15
99025,40,53,76,114,860
99026,12,15,16,22,205
99027,37,67,84,137,1425
99036,0,0,0,0,0
99037,170,231,269,345,2055
99201,144,187,212,350,1323
99202,206,293,380,627,2898
99203,218,322,402,549,2518
99204,18,31,42,70,513
99205,351,427,503,655,6690
99206,280,425,526,683,5059
99207,290,338,377,560,4270
99208,516,751,884,1208,6468
99212,122,168,252,381,3241
99216,167,196,217,254,3129
99217,283,359,428,528,3235
99218,150,182,208,283,1459
99223,434,651,877,1103,4133
99224,184,257,330,459,2729
99301,905,1164,1509,5130,16854
99320,7,9,10,73,166
99323,26,49,64,83,807
99336,555,664,867,5024,11713
99337,511,639,805,1291,6929
99338,368,527,646,850,2858
99352,428,618,917,3786,8599
99353,275,371,484,1781,3753
99354,224,296,347,2624,6259
99403,234,357,442,506,1422
