zip,panels_1_years_1000_incentive,panels_2_years_1000_incentive,panels_3_years_1000_incentive,panels_4_years_1000_incentive,panels_5_years_1000_incentive
99501,0,0,0,0,0
99502,0,0,0,0,0
99503,0,0,0,0,0
99504,0,0,0,0,0
99506,0,0,0,0,3
99507,0,0,0,0,0
99508,0,0,0,0,0
99515,0,0,0,0,0
99516,0,0,0,0,0
99517,0,0,0,0,0
99518,0,0,0,0,0
99701,0,0,0,0,0
99703,0,0,0,0,0
99709,0,0,0,0,0
99712,0,0,0,0,0
35004,0,0,0,0,0
35005,0,0,0,0,0
35007,39,39,39,39,39
35014,0,0,0,0,0
35020,30,30,30,30,30
35022,0,0,0,0,0
35023,11,11,11,11,11
35040,11,11,11,11,11
35043,0,0,0,0,0
35044,0,0,0,0,0
35051,0,0,0,0,0
35055,93,93,93,93,93
35057,1,1,1,1,1
35058,0,0,0,0,0
35061,0,0,0,0,0
35064,0,0,0,0,0
35068,0,0,0,0,0
35071,0,0,0,0,0
35072,0,0,0,0,0
35073,0,0,0,0,0
35077,0,0,0,0,0
35080,0,0,0,0,0
35094,0,0,0,0,0
35096,1,1,1,1,1
35111,4,4,4,4,4
35114,4,4,4,4,4
35115,0,0,0,0,0
35116,0,0,0,0,0
35117,17,17,17,17,17
35118,0,0,0,0,0
35124,27,27,27,27,27
35126,3,3,3,3,3
35127,0,0,0,0,0
35147,6,6,6,6,6
35150,13,13,13,13,13
35151,0,0,0,0,0
35160,0,0,0,0,0
35173,0,0,0,0,0
35176,0,0,0,0,0
35179,2,2,2,2,2
35184,0,0,0,0,0
35188,0,0,0,0,0
35203,11,11,11,11,11
35204,37,37,37,37,37
35205,0,0,0,0,0
35206,0,0,0,0,0
35207,0,0,0,0,0
35208,0,0,0,0,0
35209,0,0,0,0,0
35210,0,0,0,0,0
35211,34,34,34,34,34
35212,63,63,63,63,63
35213,20,20,20,20,20
35214,0,0,0,0,0
35215,103,103,103,103,103
35216,0,0,0,0,0
35217,42,42,42,42,42
35218,50,50,50,50,50
35221,18,18,18,18,18
35222,0,0,0,0,0
35223,0,0,0,0,0
35224,12,12,12,12,12
35226,59,59,59,59,59
35228,21,21,21,21,21
35233,14,14,14,14,14
35234,0,0,0,0,0
35235,0,0,0,0,0
35242,32,32,32,32,32
35243,0,0,0,0,0
35244,18,18,18,18,18
35401,255,255,255,255,255
35404,90,90,90,90,90
35405,122,122,122,122,122
35406,46,46,46,46,46
35444,0,0,0,0,0
35452,0,0,0,0,0
35453,2,2,2,2,2
35456,2,2,2,2,2
35463,0,0,0,0,0
35473,0,0,0,0,0
35474,0,0,0,0,0
35475,0,0,0,0,0
35476,24,24,24,24,24
35490,0,0,0,0,0
35601,32,32,32,32,32
35603,0,0,0,0,0
35611,30,30,30,30,30
35613,0,0,0,0,0
35614,0,0,0,0,0
35616,0,0,0,0,0
35630,0,0,0,0,0
35633,0,0,0,0,0
35634,0,0,0,0,0
35645,0,0,0,0,0
35660,0,0,0,0,0
35661,44,44,44,44,44
35671,0,0,0,0,0
35673,0,0,0,0,0
35674,0,0,0,0,0
35741,0,0,0,0,0
35748,0,0,0,0,0
35749,0,0,0,0,0
35750,0,0,0,0,0
35754,0,0,0,0,0
35756,0,0,0,0,0
35757,30,30,30,30,30
35758,62,62,62,62,62
35759,9,9,9,9,9
35761,0,0,0,0,0
35763,0,0,0,0,0
35773,0,0,0,0,0
35775,1,1,1,1,1
35801,0,0,0,0,0
35802,0,0,0,0,0
35803,20,20,20,20,20
35805,0,0,0,0,0
35806,0,0,0,0,0
35808,0,0,0,0,0
35810,0,0,0,0,0
35811,0,0,0,0,0
35816,36,36,36,36,36
35824,0,0,0,0,0
35901,3,3,3,3,3
35903,22,22,22,22,22
35904,16,16,16,16,16
35905,0,0,0,0,0
35906,0,0,0,0,0
35950,0,0,0,0,0
35951,0,0,0,0,0
35954,3,3,3,3,3
35956,0,0,0,0,0
35957,18,18,18,18,18
35976,3,3,3,3,3
35980,0,0,0,0,0
36020,1,1,1,1,1
36022,9,9,9,9,9
36025,8,8,8,8,8
36043,0,0,0,0,0
36054,28,28,28,28,28
36064,0,0,0,0,0
36066,0,0,0,0,0
36067,61,61,61,61,61
36079,0,0,0,0,0
36081,29,29,29,29,29
36092,0,0,0,0,0
36093,2,2,2,2,2
36104,47,47,47,47,47
36105,0,0,0,0,0
36106,0,0,0,0,0
36107,0,0,0,0,0
36108,42,42,42,42,42
36109,23,23,23,23,23
36110,17,17,17,17,17
36111,25,25,25,25,25
36112,0,0,0,0,0
36113,0,0,0,0,0
36115,0,0,0,0,0
36116,0,0,0,0,0
36117,79,79,79,79,79
36201,21,21,21,21,21
36203,42,42,42,42,42
36205,0,0,0,0,0
36206,7,7,7,7,7
36207,28,28,28,28,28
36250,0,0,0,0,0
36260,0,0,0,0,0
36265,0,0,0,0,0
36268,2,2,2,2,2
36277,1,1,1,1,1
36301,24,24,24,24,24
36303,73,73,73,73,73
36305,11,11,11,11,11
36312,0,0,0,0,0
36321,0,0,0,0,0
36322,6,6,6,6,6
36330,8,8,8,8,8
36345,12,12,12,12,12
36350,0,0,0,0,0
36351,0,0,0,0,0
36360,67,67,67,67,67
36362,7,7,7,7,7
36376,0,0,0,0,0
36509,5,5,5,5,5
36511,0,0,0,0,0
36523,1,1,1,1,1
36526,0,0,0,0,0
36527,14,14,14,14,14
36530,0,0,0,0,0
36532,30,30,30,30,30
36535,33,33,33,33,33
36541,9,9,9,9,9
36542,0,0,0,0,0
36544,11,11,11,11,11
36551,7,7,7,7,7
36555,2,2,2,2,2
36561,0,0,0,0,0
36567,24,24,24,24,24
36571,32,32,32,32,32
36572,5,5,5,5,5
36575,0,0,0,0,0
36576,0,0,0,0,0
36580,10,10,10,10,10
36582,115,115,115,115,115
36587,2,2,2,2,2
36602,0,0,0,0,0
36603,46,46,46,46,46
36604,58,58,58,58,58
36605,0,0,0,0,0
36606,6,6,6,6,6
36607,39,39,39,39,39
36608,0,0,0,0,0
36609,47,47,47,47,47
36610,57,57,57,57,57
36611,46,46,46,46,46
36612,3,3,3,3,3
36613,30,30,30,30,30
36617,0,0,0,0,0
36618,0,0,0,0,0
36619,43,43,43,43,43
36693,42,42,42,42,42
36695,154,154,154,154,154
36752,0,0,0,0,0
36801,33,33,33,33,33
36804,13,13,13,13,13
36830,115,115,115,115,115
36832,40,40,40,40,40
36856,0,0,0,0,0
36867,56,56,56,56,56
36869,99,99,99,99,99
36870,0,0,0,0,0
36875,0,0,0,0,0
36877,11,11,11,11,11
36879,0,0,0,0,0
71601,0,240,405,651,6657
71602,0,0,203,430,5986
71603,0,0,553,1107,12164
71837,0,0,0,0,6
71854,0,263,621,1158,11578
71901,0,0,200,484,5876
71913,0,0,274,579,9912
71956,0,0,0,0,8
71964,0,1,1,2,118
71968,0,0,0,1,43
72002,7,26,119,274,3592
72007,0,9,60,103,1735
72011,0,0,10,25,378
72012,0,24,94,157,3421
72015,0,49,316,613,9719
72019,0,6,207,386,5425
72022,0,0,82,223,5363
72023,0,0,226,583,11688
72065,0,1,6,14,158
72068,0,0,0,0,15
72076,0,12,444,852,11735
72081,0,0,5,17,335
72082,0,2,4,13,261
72086,0,0,38,125,1464
72103,0,6,82,122,3097
72113,0,0,166,526,6704
72114,0,4,291,558,3813
72116,0,47,207,393,5027
72117,0,0,274,521,5434
72118,0,13,169,364,6117
72120,0,0,236,520,9213
72135,0,0,12,29,260
72142,0,7,33,55,737
72143,0,36,143,376,5847
72167,0,0,1,1,11
72176,0,0,54,142,2057
72201,0,10,39,80,583
72202,0,49,178,328,2753
72204,0,75,315,622,7296
72205,0,0,189,437,5067
72206,0,113,496,931,8418
72207,0,20,134,333,2334
72209,0,110,303,542,6312
72210,0,32,89,186,3491
72211,0,0,188,472,5149
72212,0,4,220,492,3287
72223,0,11,289,727,5022
72227,0,29,179,348,2271
72364,0,0,1,2,26
72376,0,0,0,0,2
72401,16,406,812,1607,15778
72404,0,56,204,463,6836
72411,0,0,0,1,36
72416,0,11,17,34,589
72417,0,0,0,1,63
72701,0,349,765,2857,8188
72703,0,67,382,2557,7243
72704,0,38,376,2133,6138
72712,0,85,919,5001,10161
72718,0,0,26,136,361
72719,0,25,145,1011,2656
72730,0,7,41,456,1437
72745,10,12,47,790,2436
72753,0,0,0,0,1
72756,0,13,185,450,6483
72758,0,35,429,3002,8508
72762,0,59,586,4791,11386
72764,0,123,530,3822,12081
72774,0,0,0,0,2
72801,0,6,232,448,5363
72802,0,0,58,158,2448
72834,0,12,34,59,1075
72837,0,0,0,1,16
72847,0,1,7,13,187
72858,0,3,9,23,306
72901,0,86,221,836,7045
72903,0,41,307,979,8106
72904,0,83,333,909,6254
72908,0,0,104,505,4857
72916,0,17,167,443,2313
72921,0,0,14,42,351
72923,0,5,35,163,1634
72941,0,0,3,13,114
72956,0,181,406,1164,10462
85003,0,205,2151,2220,2227
85004,0,194,1559,1625,1627
85006,0,430,6864,7047,7047
85007,0,323,4765,4872,4877
85008,0,359,10429,10555,10555
85009,0,593,13266,13482,13482
85012,0,256,2148,2224,2228
85013,0,394,5498,5616,5627
85014,0,354,6520,6653,6660
85015,0,438,8100,8216,8240
85016,0,923,9835,10139,10149
85017,0,388,7770,7896,7912
85018,0,1358,11473,11890,11926
85019,0,290,6599,6707,6727
85020,0,596,10250,10439,10449
85021,0,481,9094,9223,9242
85022,0,811,14727,15027,15027
85023,0,416,9721,9889,9889
85024,0,455,7555,7686,7709
85027,0,616,11840,12057,12057
85028,0,788,7855,8123,8123
85029,0,560,11965,12172,12184
85031,0,173,6832,6908,6915
85032,0,1083,20427,20802,20823
85033,0,407,12164,12299,12324
85034,0,295,3058,3157,3166
85035,0,221,9545,9603,9622
85037,0,546,12830,13012,13012
85040,0,466,9318,9489,9508
85041,0,715,17521,17879,17897
85042,0,656,12264,12604,12604
85043,0,372,9813,10034,10034
85044,0,755,12222,12562,12574
85045,0,327,2167,2320,2320
85048,0,1156,11136,11587,11599
85050,0,1378,10225,10695,10695
85051,0,372,11078,11259,11270
85053,0,387,8857,9001,9010
85054,1,113,1289,1329,1329
85083,13,801,6109,6363,6363
85085,0,388,4025,4163,4167
85118,12,297,6064,6175,6175
85119,0,432,9865,10026,10046
85120,0,497,14007,14163,14206
85132,0,182,3253,3313,3316
85140,0,512,10434,10647,10658
85142,0,1553,19695,20390,20411
85143,0,451,13046,13272,13272
85201,0,313,10270,10395,10405
85202,0,324,9133,9272,9272
85203,0,482,10027,10253,10263
85204,0,436,16559,16794,16794
85205,0,710,16559,16914,16914
85206,0,515,14554,14687,14716
85207,0,1334,18429,19058,19077
85208,0,380,15606,15796,15812
85209,0,811,15906,16182,16230
85210,0,430,8775,8936,8963
85212,0,522,7198,7451,7451
85213,23,837,11073,11486,11486
85215,0,703,8124,8359,8367
85224,0,604,13444,13718,13732
85225,0,832,19903,20288,20288
85226,0,848,12290,12644,12657
85233,0,706,12483,12816,12829
85234,0,1219,15868,16462,16478
85248,0,1408,15580,15980,16012
85249,0,2043,15107,16120,16120
85250,29,620,7057,7298,7298
85251,0,845,10207,10524,10534
85253,0,1890,7734,8361,8378
85254,0,1863,15971,16653,16653
85255,0,2575,16401,17247,17265
85256,0,156,1755,1782,1794
85257,0,656,9251,9498,9518
85258,0,1467,10067,10552,10563
85259,0,1257,8189,8602,8602
85260,0,1206,12370,12781,12794
85262,0,1182,5830,6249,6255
85266,0,1178,6450,6870,6870
85268,0,933,9999,10382,10393
85281,0,813,10587,10803,10847
85282,0,642,14611,14879,14909
85283,0,687,11731,12021,12045
85284,0,954,6815,7227,7234
85286,0,1000,13049,13494,13494
85295,0,1148,12976,13503,13503
85296,0,1040,14105,14632,14647
85297,0,905,10122,10533,10533
85298,0,1376,11976,12607,12607
85301,0,556,12695,12928,12954
85302,0,485,10501,10727,10759
85303,0,248,8733,8839,8848
85304,0,453,8578,8717,8726
85305,0,120,3213,3255,3255
85306,0,299,7952,8073,8073
85307,0,55,2897,2917,2917
85308,0,1447,22447,22975,22998
85310,0,703,7344,7563,7563
85323,0,358,11404,11566,11566
85326,0,454,15011,15132,15147
85329,0,8,151,154,154
85331,0,1833,13856,14462,14462
85335,0,414,10761,10870,10892
85338,0,580,12163,12361,12361
85339,0,757,13174,13485,13485
85340,0,685,9807,10059,10059
85345,0,750,18938,19207,19226
85350,0,10,218,221,221
85351,0,662,16731,16901,16969
85353,0,364,10599,10717,10717
85355,0,265,3990,4075,4075
85363,0,65,2226,2242,2246
85364,0,1069,19759,20122,20162
85365,0,802,13796,14064,14092
85367,0,407,8540,8644,8661
85373,0,409,8751,8902,8902
85374,0,895,17919,18266,18266
85375,0,581,16851,17056,17056
85377,0,31,225,233,234
85378,0,144,3394,3429,3439
85379,0,651,14210,14456,14456
85381,0,524,8276,8428,8437
85382,0,806,14661,14855,14915
85383,0,1883,17273,17937,17937
85387,0,132,3541,3570,3570
85388,0,537,9081,9266,9266
85392,0,493,11018,11197,11197
85395,0,1145,10950,11335,11335
85396,0,222,3202,3278,3278
85607,0,352,5649,5747,5764
85621,0,166,3139,3236,3240
85626,0,14,107,111,111
85648,0,63,2218,2250,2254
85658,0,259,3371,3454,3454
85701,0,175,1840,1901,1907
85704,0,728,11479,11749,11761
85705,0,881,14848,15168,15183
85706,0,542,12648,12919,12919
85708,0,15,662,664,666
85710,0,667,16862,17067,17084
85711,0,526,13287,13449,13476
85712,0,460,10047,10190,10211
85713,0,650,13658,13824,13852
85714,0,194,4912,4957,4972
85715,0,414,7127,7265,7272
85716,0,615,10602,10763,10785
85718,0,1506,10954,11421,11421
85719,0,925,11693,11969,12005
85730,0,383,12655,12757,12770
85735,0,6,194,196,196
85736,0,1,15,15,15
85737,0,595,7895,8148,8148
85739,0,5,74,75,75
85741,0,318,11306,11352,11363
85742,0,693,9830,10041,10051
85743,0,121,2153,2202,2204
85745,0,949,12351,12617,12642
85746,0,492,12415,12579,12591
85747,0,450,8189,8331,8339
85748,0,476,7495,7671,7671
85749,8,865,8219,8474,8474
85750,0,1207,9874,10232,10232
85755,0,534,7229,7414,7421
85756,0,278,7235,7315,7315
85757,0,123,2225,2266,2268
85901,0,146,3872,3919,3927
85929,0,84,1915,1948,1948
86001,25,750,8196,8424,8432
86004,0,511,6739,6905,6905
86005,0,3,54,55,55
86011,0,2,16,17,17
86040,0,115,2557,2604,2607
86301,0,431,9938,10008,10028
86303,0,352,4475,4567,4581
86305,0,365,5100,5215,5215
86314,0,377,13388,13469,13482
86315,0,70,1731,1749,1750
86323,0,96,3526,3547,3551
86325,0,0,13,13,13
86327,0,99,2109,2147,2147
86329,0,0,109,109,109
86336,21,561,6782,7013,7013
86351,0,144,1823,1872,1872
86403,0,248,8705,8856,8874
86404,0,301,7389,7524,7532
86406,0,597,11274,11435,11470
86434,0,0,1,1,1
90001,0,334,9660,9827,9827
90002,0,404,8245,8397,8422
90003,0,549,11464,11651,11674
90004,0,416,6431,6610,6610
90005,0,101,1699,1730,1737
90006,0,185,4434,4497,4501
90007,0,353,3867,4003,4015
90008,0,415,5910,6068,6093
90010,0,23,296,305,305
90011,0,398,12580,12798,12798
90012,0,101,1559,1594,1599
90013,0,75,530,556,557
90014,0,28,227,237,238
90015,0,173,1646,1706,1709
90016,0,539,9015,9285,9285
90017,0,47,547,561,562
90018,0,497,8092,8282,8290
90019,0,754,10370,10625,10625
90020,0,93,1563,1605,1606
90021,0,193,1551,1621,1623
90022,0,350,10745,10942,10942
90023,0,215,7323,7411,7426
90024,0,443,3437,3633,3633
90025,0,508,4513,4746,4746
90026,0,794,9583,9870,9900
90027,0,536,6347,6611,6618
90028,0,154,2057,2108,2112
90029,0,182,3653,3716,3724
90031,0,313,5690,5800,5800
90032,0,401,7931,8169,8169
90033,0,240,6190,6291,6310
90034,0,481,6765,6960,6967
90035,0,584,5019,5311,5311
90036,0,564,5320,5536,5541
90037,0,359,8240,8349,8365
90038,0,173,3118,3198,3198
90039,0,653,6859,7161,7161
90040,0,158,3225,3308,3308
90041,0,499,5454,5675,5675
90042,0,555,9211,9565,9565
90043,0,896,11525,11907,11943
90044,0,828,15017,15324,15354
90045,0,1079,10001,10572,10583
90046,0,643,6583,6850,6850
90047,0,697,12518,12866,12905
90048,0,562,4390,4611,4611
90049,0,1263,7652,8210,8210
90056,0,301,2458,2610,2615
90057,0,78,1403,1436,1439
90058,0,97,2070,2112,2112
90059,0,350,6839,6958,6979
90061,0,378,5624,5798,5810
90062,0,370,6450,6576,6589
90063,0,274,9017,9145,9145
90064,0,794,6684,7035,7035
90065,0,918,8909,9252,9271
90066,0,1286,11024,11483,11494
90067,0,24,199,212,212
90068,0,487,4486,4683,4683
90069,0,375,3245,3415,3415
90077,0,580,2676,2928,2928
90094,0,51,332,355,355
90201,0,277,13025,13171,13171
90210,0,1198,6332,6876,6876
90211,0,216,1641,1727,1729
90212,0,274,1976,2070,2076
90220,0,482,11229,11482,11505
90221,0,327,10013,10207,10217
90222,0,281,6575,6702,6709
90230,0,698,5873,6209,6209
90232,0,462,3904,4114,4114
90240,0,427,6250,6450,6457
90241,0,279,8859,8994,9003
90242,0,304,8237,8423,8423
90245,0,569,4776,5125,5125
90247,0,418,9126,9284,9293
90248,0,214,4153,4282,4282
90249,0,421,6923,7130,7137
90250,0,674,16072,16450,16450
90254,0,568,4738,5107,5107
90255,0,356,9749,9867,9887
90260,0,217,7601,7740,7740
90262,0,325,10671,10791,10812
90265,0,901,5407,5929,5935
90266,0,1759,10357,11385,11396
90270,0,95,3458,3500,3503
90272,0,1385,6870,7693,7693
90274,0,1388,8228,9123,9123
90275,0,1858,12864,13981,13995
90277,0,689,7951,8405,8405
90278,0,1120,10231,10850,10850
90280,0,475,15080,15310,15325
90290,0,211,1507,1626,1626
90291,0,849,6296,6684,6691
90292,0,204,1583,1675,1675
90293,0,168,1752,1846,1848
90301,0,204,5680,5814,5820
90302,0,200,4695,4785,4785
90303,0,268,5228,5352,5352
90304,0,153,4420,4501,4501
90305,0,204,4331,4433,4438
90401,0,88,673,708,708
90402,0,635,3050,3341,3341
90403,0,441,2895,3103,3106
90404,0,344,3158,3307,3307
90405,0,708,5225,5518,5523
90501,0,695,9434,9806,9806
90502,0,194,4541,4634,4638
90503,0,681,9619,10019,10019
90504,0,641,8700,9016,9025
90505,0,809,9518,9997,9997
90601,0,468,7811,8077,8077
90602,0,175,4745,4857,4857
90603,0,417,5804,6028,6034
90604,0,561,9131,9502,9502
90605,0,580,9383,9653,9663
90606,0,266,7375,7572,7579
90620,0,451,11982,12546,12558
90621,0,203,6322,6538,6552
90623,0,273,4029,4323,4332
90630,0,537,12731,13416,13442
90631,0,655,16063,16768,16785
90638,0,797,13018,13490,13490
90640,0,768,12653,12992,13005
90650,0,911,21773,22217,22217
90660,0,849,13942,14345,14345
90670,0,252,5869,6025,6025
90680,0,259,5780,5985,5997
90701,0,198,4045,4136,4140
90703,0,1215,13994,14609,14623
90706,0,569,15036,15328,15359
90710,0,275,5696,5860,5860
90712,0,586,9548,9935,9935
90713,0,693,8807,9241,9241
90715,0,207,4183,4304,4304
90716,0,58,2372,2396,2398
90717,0,430,5426,5647,5652
90720,0,439,6643,7204,7211
90723,0,239,9460,9575,9584
90731,0,836,11923,12292,12304
90732,0,484,5407,5698,5704
90740,0,282,5929,6261,6267
90744,0,382,9629,9806,9816
90745,0,768,12825,13249,13262
90746,0,636,7888,8219,8243
90755,0,156,2693,2785,2788
90802,0,183,2959,3057,3057
90803,0,583,8132,8453,8461
90804,0,214,5654,5769,5775
90805,0,517,16961,17202,17219
90806,0,225,7375,7495,7502
90807,0,563,7936,8284,8284
90808,0,1131,12875,13583,13597
90810,0,368,7677,7818,7834
90813,0,228,6592,6685,6692
90814,0,224,4036,4144,4152
90815,0,934,11464,11979,11991
91001,0,1039,8881,9448,9448
91006,0,959,9114,9685,9685
91007,0,455,7560,7858,7858
91008,0,66,481,517,517
91010,0,371,6125,6295,6295
91011,0,1029,5449,6048,6048
91016,0,631,10171,10518,10518
91020,0,152,1482,1538,1545
91024,0,282,2829,3000,3000
91030,0,432,4253,4506,4506
91040,0,398,5465,5687,5692
91042,0,359,6129,6293,6306
91101,0,141,1343,1405,1406
91103,0,396,4613,4811,4825
91104,0,502,7085,7366,7381
91105,0,375,2483,2693,2693
91106,0,303,3739,3891,3895
91107,0,940,8921,9481,9490
91108,0,624,3839,4182,4186
91201,0,228,4347,4468,4468
91202,0,311,3972,4087,4099
91203,0,102,1627,1671,1672
91204,0,95,1895,1934,1934
91205,0,258,4057,4157,4161
91206,0,301,4617,4774,4779
91207,0,237,2446,2548,2553
91208,0,398,3767,3940,3940
91214,0,818,7462,7946,7946
91301,0,961,6794,7393,7393
91302,0,1268,7072,7788,7788
91303,0,148,3145,3216,3216
91304,0,537,9425,9777,9777
91306,0,562,8683,8924,8933
91307,0,730,7602,8011,8019
91311,0,829,9959,10384,10384
91316,0,474,4954,5145,5150
91320,0,1282,12819,13920,13920
91321,0,372,6068,6288,6295
91324,0,447,5913,6103,6109
91325,0,578,6379,6652,6652
91326,0,1161,9689,10296,10296
91331,0,706,17610,18045,18063
91335,0,680,12788,13089,13089
91340,0,374,7043,7187,7194
91342,0,795,17213,17690,17690
91343,21,712,10280,10642,10642
91344,0,1177,14047,14709,14709
91345,0,339,4398,4507,4525
91350,0,660,9652,10159,10159
91351,0,431,8198,8418,8435
91352,0,734,10165,10480,10490
91354,0,774,7591,8050,8050
91355,0,559,7800,8108,8108
91356,0,599,5747,6108,6108
91360,0,745,11908,12603,12628
91361,0,636,6622,7137,7137
91362,0,1055,10321,11088,11121
91364,0,735,6813,7202,7202
91367,0,745,8457,8856,8874
91377,0,386,3746,4107,4107
91381,0,540,4444,4779,4779
91384,0,2,30,32,32
91387,0,288,3639,3795,3795
91390,0,279,2675,2849,2849
91401,0,492,6618,6837,6837
91402,0,303,6910,7030,7037
91403,0,460,4244,4443,4443
91405,0,310,5842,5949,5967
91406,0,611,9160,9348,9376
91411,0,225,3196,3302,3302
91423,0,591,5427,5672,5672
91436,0,742,4270,4636,4636
91501,0,173,3365,3454,3454
91502,0,58,1505,1528,1528
91504,0,577,5879,6143,6149
91505,0,700,8397,8738,8756
91506,0,634,5462,5724,5724
91601,0,389,5104,5257,5257
91602,0,229,2910,3009,3012
91604,0,676,5436,5771,5771
91605,0,578,9546,9791,9801
91606,0,387,6876,7031,7038
91607,0,324,4246,4360,4369
91701,0,806,11660,12057,12057
91702,0,399,12232,12494,12494
91706,0,495,15244,15507,15507
91708,0,76,1769,1811,1811
91709,0,1700,19278,19998,20038
91710,0,1060,20624,21154,21154
91711,0,896,9517,10051,10051
91722,0,367,8327,8541,8541
91723,0,202,4205,4300,4304
91724,0,362,7055,7243,7243
91730,0,802,14688,15142,15142
91731,0,112,5278,5342,5342
91732,0,395,10995,11254,11254
91733,0,303,9020,9167,9167
91737,0,607,6792,7060,7060
91739,0,1192,9201,9757,9767
91740,0,349,6635,6840,6840
91741,0,784,8642,9038,9038
91744,0,571,16388,16791,16791
91745,0,1093,13963,14560,14575
91746,0,307,7135,7325,7333
91748,0,571,11297,11634,11658
91750,0,811,10754,11250,11250
91752,0,455,8448,8754,8754
91754,0,564,7942,8265,8265
91755,0,273,5893,6039,6045
91761,0,606,14888,15160,15160
91762,0,469,12812,13007,13033
91763,0,214,8131,8229,8237
91764,0,279,10180,10325,10325
91765,0,1061,12168,12769,12769
91766,0,597,13869,14197,14225
91767,0,476,10089,10358,10358
91768,0,213,6543,6656,6656
91770,0,534,14144,14433,14433
91773,0,749,9703,10128,10128
91775,0,525,6198,6470,6476
91776,0,364,7670,7907,7907
91780,0,781,9978,10405,10415
91784,0,1090,8622,9172,9172
91786,0,498,11919,12126,12150
91789,0,1110,12509,13169,13169
91790,0,635,10815,11149,11149
91791,0,485,7988,8211,8219
91792,0,283,5870,6009,6021
91801,0,528,9374,9585,9594
91803,0,333,6478,6638,6651
91902,17,1501,5640,5720,5720
91910,0,3751,16863,17051,17051
91911,17,3240,16481,16614,16614
91913,0,2683,10013,10134,10134
91914,4,1213,4009,4066,4066
91915,33,1674,6449,6527,6527
91932,0,1005,5310,5347,5347
91935,0,99,328,335,335
91941,0,2513,9813,9942,9942
91942,29,2236,9665,9753,9753
91945,0,1342,7359,7381,7381
91950,32,2154,10716,10792,10792
91977,0,2861,13359,13481,13481
91978,0,549,2756,2776,2776
92003,0,503,2031,2052,2052
92007,0,1032,3150,3207,3207
92008,0,2146,8092,8190,8190
92009,60,4152,11818,12035,12035
92010,0,1248,4670,4727,4727
92011,0,2135,7067,7196,7196
92014,0,2115,5685,5795,5795
92019,11,2304,10741,10839,10839
92020,62,2676,12340,12427,12427
92021,34,2270,11069,11159,11159
92024,0,5138,15988,16380,16380
92025,22,2771,10994,11150,11150
92026,0,3024,13043,13161,13161
92027,27,3051,13359,13480,13480
92028,0,1784,7813,7860,7860
92029,7,2019,7416,7491,7491
92037,0,3511,11595,11844,11844
92040,12,2415,11351,11489,11489
92054,0,1856,9488,9555,9555
92056,15,3373,14827,14977,14977
92057,29,3201,14159,14288,14288
92058,0,1361,7125,7161,7161
92059,0,16,36,36,36
92064,0,4317,14464,14684,14684
92067,0,754,1784,1841,1841
92069,0,2684,11238,11375,11375
92071,0,3642,15135,15303,15303
92075,0,1276,3847,3902,3902
92078,13,3606,12896,13079,13079
92081,0,1910,8176,8234,8234
92082,0,232,926,938,938
92083,0,1555,7884,7932,7932
92084,0,2855,12816,12919,12919
92091,14,469,1374,1415,1415
92101,0,596,2307,2340,2340
92102,51,1519,8399,8441,8441
92103,7,1774,7103,7211,7211
92104,20,2211,9978,10048,10048
92105,0,2225,11727,11822,11822
92106,0,2031,6188,6321,6321
92107,0,1793,7648,7764,7764
92108,0,365,1510,1530,1530
92109,0,2705,10777,10908,10908
92110,26,1609,6436,6521,6521
92111,46,2479,11482,11574,11574
92113,0,1786,9113,9187,9187
92114,83,3393,16402,16551,16551
92115,72,2619,11926,12059,12059
92116,0,1892,8286,8344,8344
92117,62,3934,15227,15443,15443
92118,17,1699,5537,5650,5650
92119,7,1888,6912,7017,7017
92120,64,2570,8987,9115,9115
92121,0,794,2537,2583,2583
92122,88,1719,6128,6272,6272
92123,0,1766,7316,7420,7420
92124,0,1656,6733,6801,6801
92126,0,4210,16824,16994,16994
92127,0,4001,11859,12089,12089
92128,0,3585,13313,13502,13502
92129,0,4176,13386,13618,13618
92130,0,4643,12497,12791,12791
92131,0,3354,9685,9893,9893
92139,0,1501,7319,7386,7386
92154,30,3002,15132,15254,15254
92173,0,3,15,15,15
92201,0,567,17371,17672,17707
92203,0,638,10824,11171,11193
92210,0,295,2533,2732,2732
92211,0,788,14819,15453,15468
92220,0,412,10615,10832,10832
92223,0,576,16526,16933,16950
92231,0,0,1,1,1
92234,0,841,16070,16483,16515
92236,0,192,7898,7994,7994
92240,0,246,6188,6282,6295
92241,0,0,11,11,11
92243,0,483,11272,11502,11514
92249,0,1,9,9,9
92251,17,1919,4222,4260,4260
92253,0,990,17923,18595,18633
92260,0,1036,14660,15239,15269
92262,0,733,10654,11088,11099
92264,0,556,8907,9213,9250
92270,0,929,9600,10223,10223
92274,0,325,797,801,801
92276,0,39,3254,3284,3287
92277,0,193,4729,4821,4826
92283,0,22,400,412,412
92301,0,199,5766,5830,5842
92307,0,462,10980,11273,11273
92308,0,501,12650,12869,12882
92311,0,404,6676,6819,6833
92313,0,87,3562,3609,3609
92314,0,226,4797,4885,4900
92315,0,89,1445,1486,1486
92316,0,235,8267,8342,8351
92320,0,121,3397,3455,3459
92321,0,50,375,398,399
92324,0,512,13209,13438,13452
92325,0,27,739,748,748
92333,1,26,669,674,674
92335,0,683,19267,19521,19540
92336,0,1666,22509,23424,23424
92337,0,416,9979,10162,10162
92342,0,80,2053,2091,2091
92344,0,235,4243,4356,4356
92345,0,917,24404,24726,24776
92346,0,795,14921,15303,15303
92352,0,102,1231,1280,1280
92354,0,368,5524,5683,5683
92358,0,0,13,13,13
92359,0,79,2685,2721,2721
92363,0,3,98,99,99
92373,0,709,9459,9843,9863
92374,0,667,11429,11722,11722
92376,0,434,17162,17318,17336
92377,0,399,5496,5690,5690
92378,0,0,107,107,107
92386,0,10,168,172,172
92391,0,2,99,100,100
92392,0,494,15174,15421,15436
92394,0,446,8348,8546,8571
92395,0,558,13350,13568,13595
92399,0,1025,18115,18637,18637
92401,0,15,437,443,443
92404,0,529,12666,12898,12911
92405,0,258,6180,6294,6306
92407,0,683,14175,14523,14523
92408,0,223,3827,3909,3917
92410,0,191,8979,9097,9097
92411,0,171,5802,5896,5896
92501,0,271,5353,5525,5525
92503,0,958,21574,22309,22309
92504,0,650,14681,15104,15119
92505,0,318,11162,11332,11343
92506,0,1025,14480,15023,15068
92507,0,582,11034,11400,11411
92508,0,850,9798,10347,10347
92509,0,582,19672,20093,20093
92518,0,37,736,756,758
92530,70,5769,13879,13935,13935
92532,0,297,5975,6173,6173
92543,0,525,11096,11381,11393
92544,0,519,14092,14438,14438
92545,0,512,15165,15475,15490
92548,0,39,2599,2634,2634
92551,0,197,7482,7611,7611
92553,0,426,16047,16358,16358
92555,0,493,10612,10930,10930
92557,0,433,13644,13993,13993
92562,53,7717,17617,17741,17741
92563,0,1177,17342,18084,18102
92567,0,185,3818,3940,3940
92570,0,619,16375,16709,16726
92571,0,535,13037,13384,13384
92582,0,245,4953,5091,5096
92583,0,190,9334,9485,9485
92584,0,624,15478,15990,15990
92585,0,354,7281,7514,7522
92586,0,254,9647,9774,9784
92587,0,352,6140,6383,6396
92590,11,404,952,955,955
92591,0,692,11125,11552,11552
92592,0,10293,23490,23655,23655
92595,0,491,10824,11170,11170
92596,0,363,7815,8081,8081
92602,0,411,4883,5257,5273
92603,0,496,4892,5509,5526
92604,0,281,7187,7574,7589
92606,0,392,4272,4650,4664
92610,0,251,3044,3352,3352
92612,0,287,4162,4405,4418
92614,0,485,5464,5902,5920
92617,0,138,1478,1609,1617
92618,0,715,7313,7940,7956
92620,0,1175,11303,12354,12354
92624,0,542,2703,2756,2756
92625,0,377,4836,5379,5384
92626,0,470,11130,11728,11740
92627,0,758,13673,14548,14562
92629,0,1785,8617,8739,8739
92630,0,2789,15199,15524,15524
92637,0,279,3255,3281,3281
92646,0,1048,17209,18349,18368
92647,0,608,13481,14117,14145
92648,0,654,11842,12609,12609
92649,0,534,10040,10681,10681
92651,0,2727,10119,10368,10368
92653,0,1616,7848,7984,7984
92655,0,114,1715,1800,1809
92656,0,2065,10628,10834,10834
92657,0,382,3302,3748,3752
92660,0,928,9187,10301,10311
92661,0,194,1478,1667,1670
92662,0,92,1242,1366,1366
92663,0,597,6141,6684,6704
92672,53,2153,10360,10583,10583
92673,0,2610,8805,9040,9049
92675,0,1962,10237,10392,10392
92676,0,6,79,85,85
92677,36,3869,17652,17976,17976
92679,17,2765,8478,8739,8739
92683,0,844,20578,21551,21616
92688,0,2137,9330,9530,9530
92691,0,2764,13314,13614,13614
92692,0,3295,13802,14113,14113
92694,0,1701,5564,5737,5737
92701,0,152,5721,5844,5856
92703,0,280,10045,10335,10356
92704,0,406,14000,14479,14493
92705,0,952,11839,12843,12869
92706,0,284,6329,6600,6613
92707,0,262,9784,10066,10076
92708,0,690,15215,16066,16066
92780,0,431,10693,11047,11069
92782,0,396,4982,5416,5416
92801,0,267,9622,9879,9899
92802,0,195,6732,6962,6969
92804,0,577,14165,14727,14771
92805,0,340,11437,11718,11730
92806,0,313,7460,7812,7820
92807,0,520,10285,11060,11060
92808,0,352,4985,5419,5419
92821,0,458,10545,11171,11171
92823,0,110,1174,1299,1299
92831,0,456,6950,7325,7362
92832,0,175,5235,5459,5459
92833,0,625,11636,12224,12261
92835,0,434,6726,7239,7239
92840,0,290,10750,11129,11140
92841,0,333,7278,7565,7581
92843,0,215,8064,8263,8280
92844,0,148,3947,4095,4103
92845,0,351,4993,5306,5317
92860,0,740,9755,10269,10269
92861,0,219,2002,2256,2256
92865,0,166,5450,5696,5701
92866,0,203,3955,4146,4154
92867,0,441,11218,11909,11921
92868,0,139,4199,4321,4334
92869,0,742,9790,10606,10606
92870,0,661,13002,13718,13745
92879,0,542,10557,10839,10839
92880,0,1587,17002,18030,18030
92881,0,751,8296,8826,8835
92882,0,773,15223,15743,15759
92883,0,919,9413,9973,9993
92886,0,1180,14478,15721,15753
92887,0,510,5802,6375,6382
93001,0,327,8851,9078,9087
93003,0,646,14091,14634,14649
93004,0,473,8245,8589,8607
93010,0,846,13211,13849,13891
93012,0,586,10766,11273,11284
93013,0,478,5110,5484,5489
93021,0,846,9917,10583,10583
93022,0,79,2321,2402,2402
93023,0,461,7305,7673,7673
93030,0,430,11252,11647,11647
93033,0,344,14079,14351,14366
93035,0,487,8334,8681,8681
93036,0,335,9302,9560,9570
93041,0,154,5055,5148,5148
93060,0,278,7978,8183,8183
93063,0,854,15436,16113,16113
93065,0,1136,19914,21028,21028
93066,0,108,1189,1290,1290
93101,0,338,6499,6742,6756
93103,0,226,5226,5501,5501
93105,0,1201,6907,7218,7225
93108,0,685,4786,5333,5343
93109,0,391,3487,3758,3758
93110,0,413,4823,5073,5093
93111,0,394,5312,5689,5695
93117,0,1260,8782,9120,9129
93202,0,17,698,709,711
93215,0,384,10002,10093,10093
93221,0,69,4223,4340,4340
93223,0,8,2492,2505,2505
93230,0,947,19899,20121,20121
93235,0,10,370,373,374
93245,0,16,326,331,331
93247,0,110,3255,3335,3345
93250,0,100,2677,2704,2704
93257,0,362,17762,18034,18106
93267,0,22,753,772,774
93274,0,963,20671,20985,20985
93277,0,645,16476,16917,16968
93291,0,1083,16572,16876,16893
93292,0,657,11549,11714,11714
93301,0,320,4214,4326,4326
93304,0,576,13225,13372,13386
93305,0,584,9722,9880,9900
93306,0,901,16359,16676,16676
93307,0,699,20365,20550,20550
93308,0,1080,17895,18280,18280
93309,0,763,15628,15914,15914
93311,0,1505,13535,14056,14056
93312,0,1788,18912,19476,19476
93313,0,644,13544,13735,13735
93314,0,918,8633,8891,8891
93401,0,1034,10107,10355,10355
93405,0,821,6527,6736,6736
93420,0,853,10183,10391,10391
93422,0,682,7989,8119,8127
93424,0,35,232,240,240
93433,0,273,4721,4803,4803
93444,0,412,5399,5503,5503
93445,0,125,2419,2446,2446
93446,0,1067,11419,11712,11712
93449,14,531,4446,4583,4583
93454,0,423,9461,9596,9596
93455,0,995,14365,14657,14657
93458,0,291,9927,10027,10027
93465,2,259,2376,2444,2444
93534,0,404,10365,10620,10642
93535,0,845,16203,16550,16550
93536,0,1757,19550,19949,19949
93543,0,19,660,667,668
93550,0,742,17716,18096,18114
93551,0,1188,15640,16275,16275
93552,0,292,9891,10063,10063
93611,0,954,11912,12230,12230
93612,0,356,9506,9621,9621
93616,0,20,573,580,580
93618,0,390,6853,6950,6964
93619,0,841,7513,7785,7793
93625,0,213,1908,1990,1990
93631,0,314,4579,4697,4697
93635,0,443,10117,10292,10292
93636,4,53,603,620,620
93637,0,557,9578,9773,9773
93638,0,441,9259,9371,9381
93646,0,0,1,1,1
93648,0,145,3102,3156,3156
93650,0,37,1002,1015,1015
93654,0,322,6729,6852,6852
93657,0,275,7754,7856,7856
93662,0,310,6663,6744,6751
93673,0,0,15,15,15
93701,0,175,2822,2851,2865
93702,0,479,10490,10639,10650
93703,0,483,8456,8603,8620
93704,0,658,9086,9271,9271
93705,0,488,9229,9370,9380
93706,0,938,10212,10476,10518
93710,0,466,7878,8047,8047
93711,0,1031,12544,12879,12892
93720,0,1089,14338,14706,14721
93721,0,60,1368,1388,1389
93722,0,1327,22839,23304,23304
93723,0,150,2118,2176,2176
93725,0,268,5870,5959,5959
93726,0,570,9843,9973,10003
93727,0,1181,18606,19044,19044
93728,0,387,5012,5151,5151
93730,0,577,4117,4303,4303
93737,0,12,213,218,218
93901,0,530,8102,8292,8292
93905,0,383,9436,9551,9561
93906,0,652,13099,13325,13325
93907,0,207,2814,2868,2874
93908,2,324,2000,2118,2118
93923,0,756,5478,5730,5730
93924,0,19,140,146,146
93933,0,443,6278,6406,6413
93940,0,774,8519,8801,8801
93950,0,397,4591,4714,4718
93953,0,290,1844,1952,1954
93955,18,469,8868,9012,9012
94002,0,1282,6688,7108,7108
94005,0,216,1250,1327,1327
94010,0,2300,11072,11918,11918
94014,0,748,8123,8401,8401
94015,0,1435,11790,12383,12383
94018,0,2,9,10,10
94019,0,852,5376,5672,5677
94022,0,1807,6071,6686,6686
94024,0,2165,6960,7631,7631
94025,0,2193,10070,10910,10910
94027,0,728,2589,2858,2858
94028,0,475,1997,2178,2178
94030,0,791,5643,5952,5952
94037,0,127,654,699,699
94038,0,127,957,1002,1002
94040,0,1181,5795,6152,6158
94041,0,568,2980,3177,3177
94043,0,1284,6129,6507,6513
94044,0,1442,10301,10843,10843
94061,0,1202,8466,8911,8911
94062,0,1778,7687,8346,8346
94063,0,630,5756,6014,6014
94065,0,549,2632,2864,2864
94066,0,977,9645,10058,10058
94070,0,2195,8810,9694,9694
94080,0,2035,14999,15688,15704
94085,0,706,3656,3902,3902
94086,0,1479,7509,8024,8024
94087,0,2915,12936,13880,13880
94089,0,936,5164,5465,5471
94102,0,47,1190,1250,1255
94103,0,141,2139,2351,2356
94104,0,1,54,56,56
94105,0,24,193,233,234
94107,0,175,2925,3305,3308
94108,0,27,631,665,669
94109,0,145,2890,3152,3158
94110,0,693,9839,10973,10995
94111,0,16,213,242,242
94112,0,1517,14219,14985,14985
94114,0,293,5465,6219,6225
94115,0,194,3123,3510,3514
94116,0,646,9843,10949,10960
94117,0,299,4240,4882,4887
94118,0,347,6154,6931,6931
94121,0,459,7544,8320,8345
94122,0,548,10301,11384,11407
94123,0,293,3299,3849,3849
94124,0,539,6701,6981,6995
94127,0,469,5386,6242,6255
94129,0,45,500,595,595
94130,0,8,311,335,335
94131,0,496,5628,6502,6515
94132,0,427,4607,4849,4849
94133,0,247,2225,2370,2373
94134,0,680,7050,7461,7461
94158,0,5,90,103,103
94301,0,866,3919,4201,4201
94303,0,1489,9108,9669,9669
94304,0,119,674,710,710
94305,0,216,1137,1202,1207
94306,0,1476,6292,6795,6795
94401,0,603,5921,6136,6148
94402,0,1263,6750,7219,7226
94403,0,1652,9439,10030,10030
94404,0,1266,6888,7366,7366
94501,0,1595,13317,13844,13844
94502,0,834,3749,4014,4014
94503,0,695,5883,6153,6153
94505,0,834,5281,5600,5600
94506,0,1576,6498,6942,6942
94507,0,1319,4893,5342,5342
94508,0,27,352,361,362
94509,0,1317,18549,19045,19064
94510,0,1108,8967,9331,9331
94513,0,2258,18079,18775,18794
94514,0,0,8,8,8
94515,0,193,1759,1838,1838
94517,0,566,3636,3844,3848
94518,0,808,7222,7499,7499
94519,0,557,6002,6194,6194
94520,0,452,6803,6928,6942
94521,0,1305,11821,12326,12326
94523,0,1211,9374,9837,9837
94525,0,128,1166,1217,1219
94526,0,2152,9574,10305,10305
94530,0,1054,7757,8158,8158
94531,0,1002,11824,12191,12191
94533,0,1087,19019,19388,19407
94534,0,1466,12370,12846,12846
94535,0,16,1157,1164,1164
94536,0,2427,15371,16148,16148
94538,0,1579,12365,12853,12853
94539,0,3076,13421,14524,14524
94541,0,1142,14079,14441,14455
94542,0,510,3334,3513,3517
94544,0,1277,14942,15373,15373
94545,0,762,8394,8645,8654
94546,0,1404,12433,12884,12884
94547,0,817,6102,6377,6383
94549,0,1975,7859,8498,8498
94550,0,2464,14629,15384,15384
94551,0,1344,11036,11495,11495
94552,0,904,3960,4290,4290
94553,0,1629,14165,14679,14694
94555,0,1641,7614,8205,8205
94556,0,868,4170,4489,4494
94558,0,2201,20124,20941,20962
94559,17,507,8379,8594,8594
94560,0,1573,10548,11069,11069
94561,0,1103,11670,11994,11994
94563,0,1327,4734,5133,5133
94564,0,465,5719,5872,5878
94565,0,1590,22843,23381,23381
94566,0,2210,10942,11753,11753
94568,0,2298,10970,11795,11795
94572,0,218,2732,2802,2802
94574,0,421,3321,3478,3478
94576,0,3,41,42,42
94577,0,1243,12444,12842,12842
94578,0,578,7923,8135,8135
94579,0,466,6060,6221,6221
94580,0,712,7649,7894,7894
94582,0,2031,8855,9606,9615
94583,0,1891,9323,10003,10003
94585,0,579,8194,8395,8395
94587,0,2121,15316,16055,16055
94588,0,1470,7560,8061,8061
94589,0,467,8497,8635,8635
94590,0,740,10457,10704,10714
94591,0,1382,16527,17022,17039
94592,1,51,632,650,650
94595,0,337,3674,3792,3792
94596,0,666,4325,4543,4543
94597,0,571,4520,4727,4727
94598,0,1494,7446,7997,7997
94599,0,91,1193,1227,1228
94601,0,625,9011,9186,9186
94602,0,1083,7914,8270,8270
94603,15,288,7493,7584,7584
94605,0,1396,11421,11922,11934
94606,0,365,5758,5864,5870
94607,0,438,3864,4025,4025
94608,0,753,5539,5794,5800
94609,0,526,4711,4918,4918
94610,0,814,5257,5528,5528
94611,0,1613,8119,8704,8712
94612,0,111,995,1031,1031
94618,0,1012,4616,4980,4980
94619,0,867,7053,7347,7347
94621,0,518,6992,7194,7194
94702,0,540,4616,4783,4783
94703,0,584,4350,4560,4560
94704,0,245,1692,1774,1774
94705,0,610,3318,3545,3545
94706,0,628,4375,4615,4615
94707,0,873,4208,4496,4496
94708,0,777,3401,3645,3649
94709,0,190,1619,1681,1681
94710,0,256,2234,2325,2325
94720,0,46,229,242,243
94801,0,454,6838,6971,6992
94803,0,673,7844,8111,8111
94804,0,683,10749,11024,11024
94805,0,308,4637,4741,4741
94806,0,706,12853,13062,13075
94901,0,1149,9788,10260,10260
94903,0,1124,8637,8970,8979
94904,0,512,2957,3153,3156
94920,0,868,3911,4265,4265
94925,0,593,2662,2919,2919
94928,0,600,9921,10195,10195
94930,0,279,1934,2030,2030
94931,0,208,3284,3364,3364
94939,0,315,1637,1764,1766
94941,0,1554,7480,8052,8052
94945,0,816,5605,5912,5918
94947,0,973,6498,6840,6840
94949,0,572,4996,5194,5199
94951,0,263,2299,2414,2414
94952,0,1507,13701,14213,14213
94954,0,1019,12033,12419,12431
94957,0,156,589,652,652
94960,0,747,4179,4474,4474
94965,0,334,2858,2977,2977
95002,0,65,535,554,554
95003,0,1003,7244,7601,7601
95004,0,4,19,20,20
95005,0,65,709,731,731
95006,0,42,416,429,430
95007,0,0,1,1,1
95008,0,1809,11380,11967,11967
95010,0,186,2934,2994,2994
95012,0,28,1380,1388,1388
95014,0,3275,13936,14968,14968
95018,0,103,878,916,916
95019,0,60,1568,1588,1588
95020,0,1326,12585,12988,13001
95023,0,979,11663,11938,11938
95030,0,1085,4042,4402,4402
95032,0,1502,7328,7829,7829
95033,0,8,41,44,44
95035,0,2616,14420,15226,15241
95037,0,12,75,78,78
95039,0,2,39,40,40
95043,0,3,29,30,30
95045,0,0,2,2,2
95050,0,1196,8370,8711,8737
95051,0,2203,11451,12181,12181
95054,0,941,4333,4606,4606
95060,0,1413,10915,11478,11478
95062,0,1331,10978,11471,11471
95064,0,49,362,379,379
95065,0,223,2003,2084,2084
95066,0,517,3720,3912,3912
95070,0,2243,9966,10693,10693
95073,0,322,2880,3012,3012
95076,0,1086,14094,14471,14471
95110,0,475,3273,3423,3423
95111,0,869,10877,11155,11155
95112,0,1056,9772,10043,10063
95113,0,29,175,184,184
95116,0,611,7443,7626,7626
95117,0,514,4552,4722,4722
95118,0,1266,8252,8659,8659
95119,0,426,2752,2897,2897
95120,0,2892,11298,12254,12254
95121,0,979,8419,8742,8742
95122,0,690,8997,9199,9199
95123,0,2120,14624,15460,15475
95124,0,2745,13919,14824,14824
95125,0,2492,14360,15055,15055
95126,0,709,6034,6272,6272
95127,0,1309,13510,13928,13942
95128,0,1004,7599,7915,7915
95129,0,1758,8762,9310,9320
95130,0,697,3425,3667,3671
95131,0,1079,6077,6396,6396
95132,0,1588,9450,9989,9989
95133,0,829,5046,5278,5283
95134,0,385,1833,1954,1954
95135,0,1158,5029,5437,5437
95136,0,1255,9309,9647,9647
95138,0,966,4563,4906,4906
95139,0,360,1804,1907,1907
95140,0,20,168,174,174
95148,0,1838,10792,11348,11348
95202,0,93,1125,1156,1158
95203,0,158,4604,4656,4656
95204,0,395,9953,10095,10095
95205,0,478,10695,10836,10858
95206,0,779,17422,17652,17670
95207,0,607,11466,11676,11676
95209,0,668,11935,12154,12154
95210,0,445,9086,9280,9280
95212,0,453,7501,7677,7677
95215,0,510,6989,7176,7183
95219,0,621,7388,7569,7585
95220,0,66,717,739,739
95231,0,29,1251,1260,1260
95240,0,539,11832,11988,11988
95242,0,509,8022,8202,8202
95258,0,98,1291,1324,1325
95301,0,628,11462,11625,11637
95307,0,215,11733,11948,11948
95316,2,108,2126,2165,2165
95319,0,0,5,5,5
95320,0,267,4377,4457,4457
95322,0,16,481,486,486
95326,0,115,3902,3978,3982
95328,0,30,1080,1094,1096
95330,0,372,3756,3909,3913
95334,0,1,24,24,24
95336,0,721,14443,14752,14752
95337,0,765,9292,9560,9560
95340,0,868,11290,11580,11580
95341,0,371,7905,8034,8050
95348,0,477,8485,8667,8667
95350,0,608,15531,15995,16011
95351,0,376,12297,12561,12561
95354,0,255,8263,8501,8501
95355,0,460,17222,17682,17700
95356,0,756,10720,10950,10961
95357,0,340,5042,5150,5155
95358,0,405,8688,8793,8802
95361,0,714,9942,10187,10187
95366,0,565,5507,5690,5701
95367,0,590,7280,7474,7474
95368,0,237,4238,4315,4315
95380,0,622,12500,12703,12716
95382,0,505,11098,11466,11477
95388,0,111,3676,3713,3716
95389,0,4,58,59,59
95401,0,662,10592,10819,10852
95403,0,853,12786,13101,13114
95404,0,828,11304,11666,11666
95405,0,579,6899,7142,7142
95407,0,362,10795,10948,10948
95409,0,823,9432,9814,9814
95436,0,83,1103,1135,1135
95439,0,51,442,460,460
95441,0,7,74,77,77
95442,0,185,1140,1209,1209
95448,0,617,6121,6357,6357
95452,0,122,617,666,666
95470,0,27,512,522,522
95472,0,1185,11974,12411,12448
95476,0,1398,14170,14869,14869
95482,0,451,7236,7376,7384
95492,0,785,8977,9341,9341
95501,0,332,8664,8960,8978
95503,0,149,6314,6476,6489
95519,0,158,5249,5412,5423
95521,0,211,4512,4672,4676
95537,0,0,114,114,114
95564,0,1,40,41,41
95602,0,271,3959,4044,4044
95603,0,837,9505,9850,9850
95605,0,177,3403,3469,3473
95608,0,599,17578,18195,18213
95610,0,523,11953,12172,12172
95612,0,5,85,87,87
95616,0,1178,9055,9483,9492
95618,0,948,6917,7281,7289
95619,0,49,1120,1135,1136
95620,0,2,40,41,41
95621,0,310,12646,12917,12930
95623,0,31,737,747,747
95624,0,798,19549,20449,20449
95626,0,173,2126,2185,2187
95628,0,786,13133,13767,13795
95630,0,2655,20864,21851,21873
95648,0,1694,18826,19468,19468
95650,0,828,5439,5743,5749
95652,0,22,443,453,456
95655,0,88,1415,1492,1496
95658,0,242,3052,3143,3143
95660,0,139,9162,9283,9283
95661,0,628,6954,7207,7214
95662,0,711,11471,11681,11681
95663,0,202,1396,1470,1473
95664,0,0,25,25,25
95667,0,401,6021,6169,6169
95670,0,427,15352,15794,15810
95672,0,244,1883,1984,1984
95673,0,236,6380,6544,6557
95677,0,652,8334,8565,8574
95678,0,820,11918,12260,12260
95682,0,951,9109,9420,9420
95683,0,6,61,63,63
95687,0,1257,17489,17956,17956
95688,0,1082,10030,10384,10384
95691,0,960,11455,11870,11870
95692,0,1,24,24,24
95695,0,536,9212,9391,9400
95703,0,4,57,59,59
95713,0,80,1479,1505,1506
95722,0,21,201,210,210
95742,0,545,4463,4645,4645
95746,0,1603,7518,8189,8189
95747,0,2010,19747,20485,20506
95757,0,837,12022,12859,12885
95758,0,889,18153,18928,18947
95762,14,2149,13293,14155,14155
95765,0,1190,10275,10736,10736
95776,0,465,5945,6129,6129
95811,0,56,1526,1585,1588
95814,0,69,1009,1040,1040
95815,0,206,6257,6431,6437
95816,0,143,3709,3860,3864
95817,0,96,3716,3823,3831
95818,6,519,5303,5507,5507
95819,0,332,5651,6031,6037
95820,0,334,11230,11460,11494
95821,0,395,9085,9377,9405
95822,0,804,13856,14110,14110
95823,0,518,18029,18399,18417
95824,0,165,7047,7154,7169
95825,0,227,5651,5803,5820
95826,0,430,11216,11600,11600
95827,0,201,6284,6472,6479
95828,0,528,17123,17581,17581
95829,0,502,8687,9098,9116
95830,0,34,432,466,467
95831,0,896,12826,13182,13182
95832,0,118,2822,2862,2865
95833,0,502,9283,9481,9481
95834,0,286,6242,6344,6344
95835,0,413,10405,10884,10884
95837,0,13,141,145,145
95838,0,314,9888,10091,10121
95841,0,97,4999,5132,5132
95842,0,154,8000,8113,8121
95843,0,705,12381,12595,12608
95864,0,478,8152,8674,8682
95901,0,308,8182,8323,8323
95917,0,1,29,29,29
95926,0,521,9093,9307,9307
95928,0,649,9413,9665,9675
95938,0,4,97,98,98
95945,0,282,4530,4623,4623
95949,0,143,2026,2076,2076
95953,0,5,110,112,112
95959,0,52,606,621,621
95961,0,282,5771,5871,5871
95965,0,266,4911,5021,5021
95966,0,449,10259,10446,10446
95968,0,14,559,566,566
95973,0,857,9940,10215,10215
95982,0,20,854,861,861
95991,0,704,11323,11542,11542
95993,0,806,12144,12416,12416
96001,0,638,12017,12274,12274
96002,0,455,11135,11351,11351
96003,0,854,16057,16352,16385
96007,0,411,8193,8369,8378
96008,0,13,159,165,165
96019,0,132,3189,3224,3227
96022,0,1,19,20,20
96062,0,1,25,26,26
96069,0,0,1,1,1
96073,0,115,1223,1277,1277
96087,0,5,87,90,90
96161,0,271,1746,1840,1842
80002,0,0,213,3819,4355
80003,0,0,178,8408,9269
80004,0,0,371,8126,9418
80005,0,0,587,7564,8995
80007,0,0,348,2398,2881
80010,0,0,247,6449,6609
80011,0,0,292,10100,10340
80012,0,0,288,8414,8667
80013,0,78,878,18644,19287
80014,0,7,265,6593,6756
80015,0,0,1077,18020,19020
80016,0,0,1685,13257,14513
80017,0,0,225,7236,7484
80018,0,0,145,3546,3677
80019,0,0,27,684,708
80020,0,0,792,13127,15030
80021,0,9,345,7468,8538
80022,0,0,704,13628,14245
80023,0,0,659,5295,6138
80026,0,0,411,6520,8215
80027,0,0,776,7033,8741
80030,0,0,105,3057,3156
80031,0,28,588,8591,9263
80033,0,0,296,6245,6957
80045,0,0,15,107,115
80108,0,0,51,328,365
80110,0,0,289,6155,6361
80111,0,0,985,6921,7664
80112,0,0,559,7219,7653
80113,0,0,400,5725,6057
80118,0,0,0,3,3
80120,0,0,457,6284,6503
80121,0,0,651,5418,5830
80122,0,9,656,8426,8893
80123,0,0,749,10950,11916
80124,0,0,428,4412,4729
80125,0,0,24,173,188
80126,0,0,1214,9033,9933
80127,0,0,818,11179,13190
80128,0,0,488,8967,10214
80129,0,15,653,6939,7397
80130,0,0,633,5874,6339
80132,0,0,765,5433,5921
80133,0,0,11,296,303
80134,0,0,1328,14041,15003
80137,0,0,2,41,43
80138,0,0,835,8171,8817
80202,0,1,32,368,395
80203,0,1,68,1314,1376
80204,0,0,304,5065,5359
80205,0,0,484,6128,6519
80206,0,0,323,3815,4068
80207,0,23,530,5302,5648
80209,0,0,581,5077,5528
80210,0,0,1004,8189,8999
80211,0,0,697,6662,7112
80212,0,0,422,4099,4443
80214,0,0,196,4110,4707
80215,0,0,212,4445,5001
80216,0,0,215,3598,3715
80218,0,0,139,2077,2177
80219,0,23,502,11083,11584
80220,0,0,466,6577,7058
80221,0,0,360,9349,9601
80222,0,15,319,4739,5012
80223,0,0,284,4668,4937
80224,0,0,184,3721,3890
80226,0,0,179,6690,7718
80227,0,8,300,6760,7597
80228,0,0,404,7331,8492
80229,0,0,293,10877,11216
80230,0,0,166,1474,1609
80231,0,19,201,4553,4730
80232,0,0,336,5315,5975
80233,0,0,304,11753,12105
80234,0,0,249,5934,6189
80235,0,0,50,1391,1496
80236,0,0,193,3237,3395
80237,0,7,217,3483,3634
80238,0,0,692,4575,5114
80239,0,0,183,8488,8698
80241,0,0,414,8593,8935
80246,0,3,69,1578,1625
80247,0,0,94,2045,2098
80249,0,8,248,7313,7448
80260,0,0,107,5239,5352
80301,0,0,371,4446,5476
80302,0,0,227,1976,2441
80303,0,0,456,4101,5087
80304,0,0,366,4438,5577
80305,0,0,429,3306,4147
80401,0,0,716,7096,8154
80403,0,0,412,4025,4784
80465,0,0,290,3401,4010
80503,0,0,25,393,492
80512,0,0,14,230,263
80514,0,0,8,244,256
80516,0,0,556,5672,6447
80521,0,0,377,6508,7285
80524,0,0,546,9491,10758
80525,0,0,802,12592,14326
80526,0,0,616,10578,11882
80528,0,0,390,4828,5592
80534,0,0,94,941,1073
80535,0,0,16,612,683
80537,0,0,380,11552,12981
80538,0,0,769,14179,15830
80543,0,0,1,39,41
80547,0,0,83,646,777
80550,0,0,160,2707,3040
80601,0,0,357,9868,10205
80602,0,0,1008,10339,11154
80603,0,0,189,4038,4235
80620,0,0,198,4903,5159
80621,0,0,4,75,78
80631,0,0,379,10863,11415
80634,0,0,508,17134,17968
80640,0,0,141,3439,3584
80642,0,0,7,85,92
80645,0,0,1,90,94
80817,0,80,1939,7891,7995
80829,0,3,93,340,347
80840,0,9,154,730,735
80902,0,22,255,1218,1227
80903,0,0,164,3308,3386
80904,0,143,1698,6338,6475
80905,0,0,173,4061,4196
80906,0,268,2715,9254,9550
80907,0,0,466,7590,7795
80908,0,3,288,2350,2538
80909,0,9,351,9027,9184
80910,0,154,1561,6059,6133
80911,0,191,2679,10512,10608
80915,0,0,219,6302,6405
80916,0,102,1974,8385,8445
80917,0,0,231,7533,7664
80918,0,0,620,12798,13088
80919,0,174,2667,8909,9139
80920,0,24,736,11537,11935
80921,0,6,696,5278,5757
80922,0,9,307,8503,8713
80923,0,0,307,8488,8734
80924,0,4,151,1797,1885
80925,0,3,185,682,690
80926,0,1,7,23,24
80927,0,0,33,318,338
80951,0,0,0,1,1
81001,0,258,2953,8771,8852
81003,0,166,1572,4651,4712
81004,0,223,2358,7520,7650
81005,0,143,3399,10902,10979
81006,0,58,1372,4399,4435
81007,0,87,2345,7115,7230
81008,0,116,1143,3683,3743
81022,0,0,0,1,1
81334,0,0,0,1,1
81401,0,0,0,8,8
81415,0,0,0,1,1
81501,0,41,373,6637,6803
81503,0,11,136,5569,5649
81504,0,0,363,9760,9981
81505,0,0,224,3797,3977
81506,0,0,215,3916,4009
81507,0,0,330,5229,5427
81520,0,0,146,3347,3448
81521,0,21,250,5001,5152
81526,0,0,17,336,344
6001,0,0,350,1808,3784
6002,0,0,255,2152,5501
6010,0,31,513,5505,15225
6013,0,7,100,579,1237
6016,0,0,94,794,2052
6019,0,0,6,58,142
6023,0,0,13,141,380
6026,0,3,98,678,1649
6029,0,0,268,1561,4133
6032,0,0,286,1827,4358
6033,0,17,538,2497,5468
6035,0,0,89,770,1864
6037,0,67,373,2663,6431
6040,0,0,351,2960,7431
6042,0,27,175,2062,5365
6043,0,3,32,243,629
6051,0,21,161,1859,5145
6052,0,2,96,689,1782
6053,0,0,258,2607,6804
6060,0,0,12,80,188
6062,0,16,166,1978,5058
6066,0,0,285,2241,6621
6067,0,0,242,2137,5201
6070,0,0,259,1324,2824
6071,0,3,135,1107,2883
6073,0,0,111,483,955
6074,0,16,753,3339,7607
6078,0,0,344,1629,3660
6081,0,0,15,117,311
6082,0,12,456,4557,11705
6084,0,0,40,215,527
6085,0,2,121,716,1681
6088,0,0,29,705,1878
6089,0,0,36,243,556
6090,0,0,14,58,122
6092,0,0,38,144,270
6093,0,0,97,569,1271
6095,0,0,404,3099,8061
6096,0,8,149,1544,3933
6103,0,0,9,61,155
6105,0,19,73,594,1525
6106,0,20,240,1861,4776
6107,0,13,388,1961,4128
6108,0,10,196,1756,4799
6109,0,0,456,3426,8135
6110,0,14,162,1373,3440
6111,0,64,519,3359,8848
6112,0,23,201,1259,3273
6114,0,0,237,1631,4143
6117,0,0,334,1559,3172
6118,0,7,302,2605,6704
6119,0,0,185,1102,2587
6120,0,0,105,677,1771
6226,0,0,96,914,2624
6237,0,0,5,47,140
6238,0,0,2,19,56
6241,0,0,2,16,42
6249,0,0,3,27,49
6250,0,1,49,227,592
6254,0,0,9,87,158
6255,0,1,21,287,774
6256,0,0,3,98,287
6260,0,0,72,584,1501
6266,0,0,1,12,33
6268,0,0,57,208,503
6277,0,2,13,156,423
6280,0,0,1,10,29
6320,0,11,132,2823,5432
6330,0,0,8,156,295
6331,0,0,0,4,11
6334,0,0,9,92,167
6335,0,0,22,180,326
6338,0,0,0,1,1
6339,0,1,20,199,357
6340,0,39,273,3421,6355
6351,0,1,33,708,1346
6355,0,3,46,459,820
6359,0,0,0,2,5
6360,0,45,214,3233,6394
6365,0,0,6,118,224
6370,0,0,2,21,40
6374,0,0,0,4,12
6375,0,1,18,290,528
6380,0,4,24,269,496
6382,0,22,97,822,1518
6385,0,0,85,1238,2321
6401,0,28,204,2121,4544
6403,0,0,105,780,1524
6405,0,0,499,3938,7837
6410,0,27,610,3483,6370
6416,0,0,174,1725,4120
6418,0,0,180,1617,3264
6424,0,0,1,7,18
6437,0,0,36,199,391
6441,0,0,0,1,2
6444,0,0,0,8,24
6450,0,0,300,3732,7901
6451,0,22,239,2536,5445
6455,0,0,54,411,968
6456,0,1,8,31,62
6457,0,0,461,4532,11278
6460,0,46,370,2104,11122
6461,0,13,240,907,4065
6468,0,4,321,1984,3591
6470,0,0,4,15,28
6471,0,0,111,910,1842
6472,0,0,109,776,1515
6473,0,0,395,1508,6829
6477,0,8,203,1001,3738
6478,0,0,177,1447,2870
6479,0,20,175,1266,3202
6480,0,0,133,1118,2689
6481,0,0,12,164,420
6483,0,4,204,1983,4065
6484,0,0,663,4865,9437
6489,0,0,514,3699,9061
6492,0,123,662,5993,11949
6510,0,0,24,80,264
6511,0,58,368,1449,6943
6512,0,25,401,3727,8155
6513,0,0,227,954,5836
6514,0,24,237,2880,5937
6515,0,0,85,429,2573
6516,0,0,263,1539,11693
6517,0,0,218,723,3460
6518,0,0,207,1542,3153
6519,0,0,63,306,2269
6524,0,0,121,727,1410
6525,0,0,239,1083,1963
6604,0,0,166,645,3756
6605,0,0,87,567,3515
6606,0,0,374,1407,8672
6607,0,0,49,191,1413
6608,0,0,64,342,1853
6610,0,26,161,573,3677
6611,0,0,936,4628,8400
6612,0,0,92,368,639
6614,0,0,304,1706,8917
6615,0,0,124,885,5004
6702,0,0,41,274,547
6704,0,32,257,2399,5237
6705,0,0,148,2391,5012
6706,0,0,84,1400,3072
6708,0,89,398,3123,6706
6710,0,3,114,719,1440
6712,0,0,134,1267,2660
6716,0,9,188,2220,4604
6762,0,0,125,1019,1986
6770,0,23,354,3610,7535
6779,0,13,85,974,2450
6782,0,0,3,18,39
6786,0,1,40,401,940
6787,0,0,0,2,5
6795,0,0,134,1442,3345
6798,0,0,5,36,86
6807,0,6,274,970,1704
6820,0,0,918,3303,5094
6824,0,58,922,3846,6756
6825,0,0,428,1293,4521
6830,0,11,567,2841,5088
6831,0,0,598,2191,3694
6840,0,0,621,2040,3326
6850,0,0,260,1761,3300
6851,0,0,379,2678,5274
6853,0,0,194,717,1169
6854,0,0,221,2161,4317
6855,0,0,95,912,1831
6870,0,0,251,996,1651
6878,0,3,316,990,1520
6880,0,26,989,3541,5839
6890,0,0,188,694,1156
6897,0,0,17,59,98
6901,0,0,24,172,340
6902,0,0,479,4514,8775
6903,0,0,367,1403,2374
6905,0,8,287,2008,3943
6906,0,11,160,981,1821
6907,0,11,173,896,1683
19701,0,0,397,6928,10922
19702,0,11,255,6897,10981
19703,0,0,26,913,1459
19706,0,0,17,370,591
19707,0,0,248,2871,4422
19709,0,0,1,20,31
19711,0,0,382,6068,9636
19713,0,0,200,4556,7059
19720,0,0,271,10631,16854
19732,0,0,1,11,16
19801,0,0,131,1912,2941
19802,0,0,164,2805,4518
19803,0,0,289,3807,5816
19804,0,0,104,3848,6062
19805,0,0,306,5515,8644
19806,0,0,104,1305,2004
19807,0,0,133,1549,2363
19808,0,0,246,7048,11065
19809,0,0,121,1997,3218
19810,0,0,193,3797,6134
19901,0,0,302,6036,9082
19904,0,0,80,5448,7975
19931,0,0,1,27,37
19933,0,0,0,2,2
19934,0,30,133,2506,3670
19936,0,0,0,17,26
19940,0,0,11,473,645
19943,0,0,9,481,730
19946,0,0,2,227,327
19956,0,0,39,972,1304
19962,0,12,37,2048,3059
19973,0,0,105,2339,3128
19979,0,0,5,217,332
19980,0,0,0,69,89
32003,0,9,82,593,1213
32009,0,0,4,17,30
32011,0,0,0,1,2
32043,0,40,62,138,257
32065,0,0,77,342,573
32068,0,0,195,515,862
32073,0,0,124,311,684
32080,0,25,125,517,784
32081,0,17,50,472,820
32082,0,0,95,928,1836
32084,0,0,22,255,524
32086,0,0,26,204,443
32092,0,0,11,165,401
32095,0,0,1,14,30
32110,0,0,36,70,121
32114,0,0,259,503,819
32117,0,0,87,329,545
32118,0,0,57,200,389
32119,0,0,114,285,413
32124,0,0,0,37,91
32127,0,96,228,516,791
32128,0,0,74,236,413
32129,0,0,53,267,451
32132,0,0,0,77,176
32136,0,0,27,207,384
32137,0,0,123,666,1472
32141,0,0,0,73,248
32159,13,155,206,426,6233
32162,0,182,578,1186,14198
32163,0,0,56,231,486
32164,0,0,165,543,1037
32168,0,52,136,355,532
32169,0,0,0,211,519
32174,0,0,168,802,1437
32176,0,0,0,377,717
32179,0,1,3,7,113
32195,0,1,3,6,136
32202,0,0,11,34,75
32204,0,0,56,132,266
32205,0,0,55,305,735
32206,0,32,298,476,800
32207,0,0,254,586,976
32208,0,0,265,510,912
32209,0,0,385,666,1009
32210,0,0,168,741,1415
32211,0,0,0,205,457
32212,0,0,1,4,10
32216,0,0,105,567,819
32217,0,0,11,235,513
32218,0,0,123,526,1034
32219,0,0,38,152,223
32220,0,0,87,185,272
32221,0,0,75,282,564
32222,0,0,25,53,121
32223,0,0,8,342,787
32224,0,0,39,435,1073
32225,0,0,115,625,1382
32226,0,0,27,268,454
32227,0,0,10,18,28
32233,0,0,45,294,562
32244,0,0,287,523,1097
32246,0,0,70,492,886
32250,0,95,142,777,1308
32254,0,0,113,317,443
32256,0,0,109,378,826
32257,0,0,53,481,1036
32258,0,0,9,313,769
32259,0,0,57,928,2069
32266,0,2,10,119,284
32277,0,0,86,250,444
32301,0,0,9,210,396
32303,0,0,130,398,744
32304,0,0,280,509,779
32305,0,0,17,82,958
32308,0,0,64,192,417
32309,0,0,35,390,639
32310,0,0,76,172,257
32311,0,0,17,198,391
32312,0,0,0,398,842
32317,0,0,7,194,387
32333,0,0,0,0,0
32401,0,0,163,333,768
32403,0,0,0,15,76
32404,0,0,162,399,2958
32405,0,0,128,314,1000
32407,0,0,49,227,578
32408,0,0,52,285,862
32409,0,6,19,53,162
32413,0,0,118,404,1319
32444,0,0,0,156,611
32459,0,5,24,213,447
32466,0,0,12,76,328
32501,0,0,95,306,597
32502,0,2,51,136,236
32503,0,0,64,461,933
32504,0,0,32,279,677
32505,0,0,205,345,680
32506,0,0,201,524,925
32507,0,0,78,468,1044
32508,0,1,6,13,25
32514,0,0,0,370,913
32526,0,0,0,208,859
32531,0,0,0,1,1
32533,0,0,93,419,826
32534,0,0,0,153,405
32536,0,0,37,121,213
32539,0,0,28,71,128
32561,0,0,0,2,4
32570,0,0,0,317,684
32571,0,0,45,324,793
32577,0,0,0,0,1
32583,0,0,54,185,380
32601,0,0,112,296,508
32603,0,0,69,148,221
32605,0,0,0,168,357
32606,0,0,125,321,561
32607,0,4,131,338,496
32608,0,0,175,743,3265
32609,0,0,54,105,225
32615,0,0,16,138,1243
32617,0,0,12,35,255
32618,0,0,17,47,288
32640,0,0,0,0,0
32641,0,6,121,199,1151
32653,0,0,58,288,1748
32667,0,0,0,0,1
32669,0,0,1,52,103
32701,0,5,95,223,2063
32702,0,0,1,3,20
32703,0,0,257,657,6351
32707,0,65,217,467,673
32708,0,0,126,702,1166
32709,0,0,4,10,16
32712,0,0,303,1092,7495
32713,0,0,0,183,457
32714,0,74,171,326,3077
32720,0,37,185,452,3774
32724,0,0,82,319,692
32725,0,0,97,371,694
32726,0,0,75,238,3279
32730,0,6,24,47,519
32732,0,0,0,0,0
32735,3,5,11,31,765
32736,0,0,4,44,99
32738,0,0,0,366,707
32744,0,1,4,22,50
32746,0,0,11,459,973
32750,0,0,105,323,629
32751,0,44,195,490,3140
32754,0,0,42,91,243
32757,0,34,224,482,4297
32759,0,0,17,41,63
32763,0,0,41,225,480
32764,0,0,0,15,29
32765,0,0,51,1054,1956
32766,0,0,73,427,917
32771,0,0,0,556,1112
32773,0,0,41,236,463
32776,0,0,0,81,217
32778,0,16,122,285,3897
32779,0,0,125,598,2958
32780,0,0,26,434,933
32784,0,7,43,91,886
32789,0,0,78,792,1776
32792,0,0,436,1009,5857
32796,0,0,15,174,484
32798,0,0,17,42,734
32801,0,6,48,132,272
32803,0,7,78,484,3481
32804,0,7,77,706,3584
32805,0,0,167,339,3011
32806,0,0,93,674,4349
32807,0,0,82,309,4465
32808,0,0,247,611,5883
32809,0,94,194,382,3486
32810,0,0,255,426,4112
32811,0,20,166,298,3282
32812,0,88,141,468,4310
32814,0,0,11,149,819
32817,0,0,127,520,882
32818,0,90,247,607,5464
32819,0,0,300,827,4762
32820,0,0,20,160,370
32821,0,0,57,144,2292
32822,0,135,331,576,6027
32824,0,0,114,470,5870
32825,0,0,186,625,8255
32826,0,0,136,375,654
32827,0,33,134,488,2094
32828,0,0,266,814,1445
32829,0,16,69,232,2525
32830,0,0,0,1,10
32832,0,0,21,353,2611
32833,0,0,30,128,216
32835,0,0,114,544,4301
32836,0,0,101,789,3559
32837,0,0,150,559,6513
32839,0,20,239,416,3337
32901,0,0,109,294,706
32903,0,0,19,319,648
32904,0,0,34,429,960
32905,0,0,22,202,494
32907,0,0,31,204,863
32908,0,0,9,39,144
32909,0,0,23,307,774
32920,0,0,30,105,215
32922,0,0,106,281,550
32925,0,0,2,20,40
32926,0,0,46,268,720
32927,0,0,83,344,1021
32931,0,0,38,260,567
32934,0,0,116,462,884
32935,0,0,86,373,1061
32937,0,0,0,518,1092
32940,0,0,20,525,1130
32949,0,3,5,69,132
32950,0,0,17,86,196
32951,0,5,57,324,628
32952,0,0,17,504,1158
32953,0,27,99,450,1009
32955,0,0,168,531,1328
32958,0,0,11,25,51
32960,0,0,96,319,638
32962,0,0,39,215,439
32963,0,0,33,966,1867
32966,0,0,138,363,631
32967,0,0,43,295,627
32968,0,0,6,181,413
33004,0,0,76,266,460
33009,0,0,154,432,679
33010,0,0,173,300,647
33012,0,0,70,361,1001
33013,0,0,154,382,756
33014,0,0,63,197,555
33015,0,0,0,392,890
33016,0,72,124,254,574
33018,0,0,34,459,1078
33019,0,0,17,245,430
33020,0,0,32,357,703
33021,0,0,133,522,1055
33023,0,0,239,607,902
33024,0,0,362,953,1487
33025,0,0,233,476,759
33026,0,0,16,444,809
33027,0,0,238,1017,1836
33028,0,0,52,434,778
33029,0,0,0,834,1872
33032,0,5,21,46,88
33033,0,0,0,0,1
33054,0,0,164,289,687
33055,0,0,163,406,929
33056,0,0,55,314,647
33060,0,84,235,428,688
33062,0,0,45,339,574
33063,0,0,106,238,410
33064,0,0,47,654,1338
33065,0,0,9,116,246
33066,0,0,39,96,153
33067,0,0,0,3,6
33069,0,0,46,122,201
33071,0,0,8,125,231
33073,0,0,0,2,3
33109,0,0,0,22,45
33122,0,0,5,11,19
33125,0,0,133,353,823
33126,0,0,0,141,429
33127,0,0,91,228,600
33128,0,4,15,21,51
33129,0,5,23,123,223
33130,0,0,6,111,238
33131,0,0,0,17,35
33132,0,0,3,17,36
33133,0,0,0,619,1245
33134,0,0,148,600,1427
33135,0,0,136,293,555
33136,0,0,69,112,194
33137,0,0,48,198,332
33138,0,0,96,414,796
33139,0,16,62,214,453
33140,0,0,0,316,639
33141,0,0,26,169,308
33142,0,0,199,481,1126
33143,0,0,150,773,1412
33144,0,0,58,225,476
33145,0,14,148,431,763
33146,0,0,19,466,947
33147,0,0,194,558,1164
33149,0,0,12,247,480
33150,0,0,155,366,732
33154,0,0,37,207,395
33155,0,27,147,706,1439
33156,0,83,222,1073,2257
33157,0,0,134,778,1606
33158,0,0,4,283,552
33160,0,0,52,177,335
33161,0,0,100,365,822
33162,0,0,77,298,634
33165,0,0,135,578,1211
33166,0,39,118,320,726
33167,0,0,73,207,455
33168,0,0,0,124,428
33169,0,0,59,244,546
33170,0,0,24,46,83
33172,0,0,33,114,195
33173,0,0,0,423,806
33174,0,0,74,198,419
33176,0,0,103,742,1535
33178,0,0,35,226,486
33179,0,0,67,227,535
33180,0,0,26,182,387
33181,0,7,27,96,206
33183,0,0,0,1,1
33185,0,0,0,1,2
33189,0,0,0,109,389
33190,0,0,27,85,191
33301,0,0,3,188,390
33304,0,0,14,293,604
33305,0,0,23,279,550
33306,0,0,16,102,184
33308,0,0,69,365,786
33309,0,21,91,160,355
33311,0,0,210,566,1196
33312,0,0,74,566,1192
33313,0,0,67,260,570
33314,0,0,67,278,484
33315,0,0,40,220,484
33316,0,0,26,225,415
33317,0,0,63,463,863
33319,0,0,44,107,222
33321,0,0,0,0,0
33322,0,0,47,275,626
33323,0,0,28,295,686
33324,0,0,116,443,963
33325,0,0,0,430,726
33326,0,0,39,370,940
33327,0,0,0,639,1328
33328,0,43,51,592,995
33330,0,0,0,410,956
33331,0,0,37,496,1228
33332,0,0,0,284,610
33334,0,0,45,378,613
33351,0,0,14,90,135
33401,0,0,24,249,493
33403,0,0,0,68,169
33404,0,0,224,560,999
33405,0,7,180,553,837
33406,0,0,93,334,614
33407,0,0,219,446,672
33408,0,0,30,349,662
33409,0,0,73,219,348
33410,0,0,32,640,1408
33411,0,0,20,92,187
33412,0,0,0,20,44
33413,0,0,11,110,204
33415,0,0,65,232,464
33417,0,0,72,205,394
33418,0,93,164,1133,2056
33426,0,0,53,184,381
33431,0,0,19,319,710
33432,0,26,113,419,737
33433,0,0,43,367,857
33434,0,0,41,182,351
33435,0,0,110,403,678
33436,0,0,97,599,1002
33437,0,16,34,101,210
33441,0,0,198,389,707
33442,0,0,62,236,391
33444,0,24,137,327,553
33445,0,0,109,351,726
33446,0,0,1,6,13
33455,0,0,71,526,855
33460,0,0,56,233,502
33461,0,0,162,324,597
33462,0,0,58,384,836
33463,0,0,69,412,881
33467,0,0,1,6,12
33469,0,0,0,0,1
33472,0,3,23,77,149
33480,0,0,21,391,815
33483,0,0,31,283,668
33484,0,0,52,168,292
33486,0,0,111,560,1049
33487,0,9,49,199,404
33496,0,0,23,177,333
33510,0,8,61,205,577
33511,0,0,177,654,1321
33523,0,0,0,0,2
33527,0,39,116,305,640
33534,0,0,58,120,310
33543,0,0,169,546,4584
33544,0,0,15,224,2303
33545,0,0,0,0,2
33547,0,0,69,451,939
33548,0,13,78,289,1319
33549,0,6,63,284,3312
33556,0,0,167,1169,5141
33558,0,0,229,806,4039
33559,0,38,126,248,2191
33563,0,0,116,231,433
33565,0,0,41,155,437
33566,0,0,19,203,585
33567,0,0,12,61,155
33569,0,0,0,433,933
33570,0,0,53,139,292
33572,0,0,54,551,1211
33573,0,0,82,403,870
33578,0,63,240,568,1098
33579,0,28,47,475,949
33584,0,55,173,394,811
33592,0,0,31,102,232
33594,0,0,34,482,1376
33596,0,0,49,458,1286
33598,0,0,0,124,231
33602,0,0,5,190,434
33603,0,0,80,274,622
33604,0,0,145,492,1080
33605,0,0,139,348,823
33606,0,0,69,465,891
33607,0,0,100,437,837
33609,0,0,0,459,972
33610,0,0,225,553,1035
33612,0,20,424,646,1272
33613,0,35,203,405,758
33614,0,11,162,379,909
33615,0,0,109,520,1233
33617,0,0,184,487,901
33618,0,24,79,450,978
33619,0,0,0,386,953
33624,0,48,157,386,1232
33625,0,0,8,246,744
33626,0,60,179,1050,5020
33629,0,0,34,899,1730
33634,0,0,67,208,532
33635,0,0,34,223,528
33637,0,4,58,112,221
33647,0,0,0,928,2085
33701,0,16,139,330,2310
33702,0,57,306,689,7108
33703,0,0,333,886,6336
33704,0,0,202,682,4156
33705,0,0,305,569,5811
33706,0,25,184,738,4427
33707,0,67,310,619,5935
33708,0,12,180,510,4576
33709,0,78,294,450,6210
33710,0,50,200,562,8860
33711,0,61,145,334,4054
33712,0,8,354,520,5355
33713,0,0,158,530,8140
33714,0,44,158,272,4691
33715,0,4,74,176,1307
33716,0,0,47,114,1623
33755,0,0,219,517,5317
33756,0,82,335,607,6450
33759,0,9,126,340,3391
33760,0,0,112,209,2751
33761,0,104,178,380,4396
33762,0,0,52,187,1879
33763,0,0,97,241,3157
33764,0,108,314,664,6503
33765,4,54,121,268,2962
33767,0,0,84,255,1436
33770,0,49,214,470,6041
33771,0,142,284,415,7636
33772,0,0,257,506,6230
33773,0,66,273,524,5319
33774,0,0,126,301,4377
33776,0,0,184,527,3443
33777,0,0,102,402,4364
33778,0,0,215,387,4499
33781,0,149,373,671,6898
33782,0,49,172,401,5983
33785,0,0,83,235,1718
33786,0,4,51,152,627
33801,0,0,137,463,821
33803,0,0,164,514,945
33805,0,0,82,258,571
33809,0,0,71,328,629
33810,0,42,125,444,888
33811,0,16,90,326,669
33812,0,0,5,136,347
33813,0,0,63,829,1419
33815,0,0,139,294,556
33823,0,0,115,541,1071
33825,0,41,150,342,3661
33827,0,0,9,29,264
33830,0,0,154,399,4871
33837,0,0,111,454,5732
33838,0,0,19,39,799
33839,0,0,5,64,134
33843,0,0,7,32,678
33844,0,0,337,574,6312
33848,0,1,4,6,25
33850,0,0,9,73,177
33852,0,0,2,11,131
33853,0,51,189,304,2436
33856,0,0,0,0,103
33859,0,0,25,127,2122
33860,0,0,96,250,530
33868,0,0,17,55,593
33870,0,32,203,491,5492
33872,0,5,26,213,2685
33875,0,0,40,124,1437
33876,0,0,39,86,800
33880,0,173,491,903,6801
33881,0,39,389,778,6760
33884,0,12,182,437,6041
33896,0,23,74,190,2344
33897,0,0,147,343,5102
33898,0,12,81,134,2035
33901,0,0,107,432,1107
33903,0,33,154,396,1165
33904,0,0,162,648,2075
33905,0,38,213,490,1783
33907,0,0,78,261,685
33908,0,90,270,914,2397
33909,0,0,129,336,1158
33912,0,0,103,562,1448
33913,0,0,67,615,1591
33914,0,17,120,821,4276
33916,0,0,87,309,796
33917,0,0,228,769,2407
33919,0,0,95,486,1333
33920,0,0,16,116,399
33921,0,0,45,147,263
33922,0,5,29,110,349
33928,0,45,116,671,1737
33931,0,0,40,352,1022
33935,0,0,0,0,0
33936,0,0,195,452,2172
33946,0,0,0,125,355
33947,0,10,102,240,757
33948,0,0,31,195,811
33950,0,55,222,699,1842
33952,0,29,289,477,1720
33953,0,0,64,184,507
33954,0,0,0,105,503
33955,0,0,23,199,636
33956,0,0,20,154,643
33957,0,0,81,512,1264
33965,0,0,2,4,14
33966,0,6,53,167,455
33967,0,0,78,328,1226
33971,0,0,0,194,802
33972,0,0,55,157,589
33973,0,0,57,124,617
33974,0,0,93,207,1077
33976,0,0,29,62,918
33980,0,0,56,178,729
33981,0,0,51,217,811
33982,0,0,46,129,409
33983,0,23,76,157,600
33990,0,0,180,455,1534
33991,0,34,136,306,1013
33993,0,0,121,494,1501
34102,0,0,53,554,1308
34103,0,0,24,427,1009
34104,0,0,24,194,864
34105,0,0,57,453,1113
34108,0,0,98,702,1679
34109,0,0,60,587,1437
34110,0,24,122,699,1757
34112,0,0,109,362,1150
34113,0,54,129,395,1061
34114,0,0,56,430,1138
34116,0,0,43,279,881
34117,0,0,0,106,296
34119,0,0,71,787,1968
34120,0,0,3,99,423
34134,0,6,58,698,1655
34135,0,0,0,648,2627
34142,0,0,0,0,0
34145,0,0,95,801,2409
34201,0,2,18,151,376
34202,0,11,44,475,1061
34203,0,0,151,616,1479
34205,0,0,124,361,1008
34207,0,0,151,394,1136
34208,0,82,278,566,1213
34209,0,0,135,506,1294
34210,0,0,52,256,579
34211,0,0,56,189,461
34212,0,0,0,256,747
34219,0,0,7,277,865
34221,0,0,94,578,1734
34222,0,0,23,134,572
34223,0,0,146,608,1655
34224,0,45,209,445,1380
34228,0,0,11,310,634
34229,0,14,43,280,751
34231,0,0,130,627,1857
34232,0,23,117,490,1552
34233,0,42,56,244,808
34234,0,0,57,248,976
34235,0,16,118,332,798
34236,0,25,44,312,728
34237,0,14,63,192,577
34238,0,15,131,579,1428
34239,0,0,92,412,1098
34240,0,0,0,277,747
34241,0,5,33,345,881
34242,0,0,21,437,983
34243,0,22,145,478,1312
34250,0,0,0,16,61
34269,0,0,18,41,102
34275,0,57,191,564,1712
34285,0,9,64,409,1245
34286,0,0,16,140,768
34287,0,0,96,312,1358
34288,0,0,24,189,606
34289,0,0,1,8,91
34291,0,0,9,90,333
34292,0,42,99,367,1011
34293,0,91,238,932,2632
34420,0,49,147,256,2368
34428,0,0,38,69,486
34429,0,0,78,185,1329
34432,0,2,5,8,71
34434,0,0,1,1,20
34436,0,0,10,22,211
34442,0,25,73,121,1259
34446,0,0,62,150,1706
34448,0,22,87,149,1416
34450,0,2,50,113,817
34452,0,30,88,139,1470
34453,0,0,40,70,1136
34461,0,0,19,53,953
34465,0,26,130,213,2656
34470,0,0,56,186,2582
34471,0,59,237,625,3827
34472,0,0,248,422,3962
34473,0,1,4,9,14
34474,0,0,69,243,2367
34475,0,0,141,344,1783
34476,0,41,153,378,4416
34479,0,27,116,242,1960
34480,0,0,46,342,2904
34481,0,0,98,293,2905
34482,0,20,59,172,2131
34484,0,5,23,73,511
34488,0,0,15,38,428
34491,0,0,93,305,3831
34601,0,40,118,170,1606
34604,0,8,53,154,1419
34606,0,33,200,367,6215
34607,0,0,24,142,500
34608,0,149,273,510,6885
34609,0,77,340,834,8559
34610,0,0,100,301,3394
34613,0,6,147,262,3488
34614,0,4,7,25,71
34638,0,0,165,506,3471
34639,0,0,119,423,4048
34652,0,101,259,540,7018
34653,0,0,73,318,7330
34654,0,0,169,353,4223
34655,0,0,134,986,9960
34667,0,0,165,577,10028
34668,0,20,498,975,12300
34669,0,0,94,242,3656
34677,0,31,216,594,5534
34679,0,0,0,0,0
34681,0,0,1,4,30
34683,0,0,74,692,8653
34684,0,27,187,589,6606
34685,0,0,141,492,4079
34688,3,16,84,260,1875
34689,0,83,344,813,7686
34690,0,19,83,166,3834
34691,0,52,324,585,6534
34695,0,19,127,522,4509
34698,0,0,231,629,9391
34705,0,0,1,7,217
34711,0,92,314,1054,8897
34714,0,0,21,132,2498
34715,0,12,57,138,1925
34731,0,4,60,134,1718
34734,6,18,34,114,687
34736,0,0,3,9,108
34737,0,0,2,17,245
34741,0,98,229,352,4316
34743,0,21,149,342,5497
34744,0,0,161,461,6142
34746,0,94,504,991,8278
34747,0,0,186,697,6112
34748,0,0,93,267,5483
34756,0,0,3,64,496
34758,0,97,133,241,6045
34759,0,45,237,541,5831
34760,0,3,6,35,183
34761,0,100,175,676,5975
34762,0,0,0,5,55
34769,0,0,59,177,4384
34771,0,5,28,262,2446
34772,0,65,168,355,4906
34785,0,0,88,160,1515
34786,0,24,309,1461,6091
34787,0,0,467,1644,9471
34788,0,77,180,328,2936
34797,0,0,12,47,258
34945,0,0,15,45,81
34946,0,0,151,327,500
34947,0,0,75,180,394
34949,0,5,31,120,245
34950,0,0,169,445,793
34951,0,0,26,171,342
34952,0,0,50,530,1060
34953,0,0,55,255,482
34957,0,10,105,411,860
34981,0,0,0,1,13
34982,0,0,46,152,240
34983,0,0,155,529,886
34984,0,0,0,161,371
34986,0,0,25,312,734
34990,0,0,10,788,1432
34994,0,0,41,255,520
34996,0,26,59,193,461
34997,0,0,168,573,977
30002,0,0,0,0,0
30004,0,0,0,0,0
30005,0,0,0,0,0
30008,0,0,0,0,0
30009,0,0,0,0,0
30011,0,0,0,0,0
30012,0,0,0,0,0
30013,0,0,0,0,0
30014,0,0,0,0,0
30016,0,0,0,0,0
30017,0,0,0,0,0
30019,0,0,0,0,0
30021,0,0,0,0,0
30022,0,0,0,0,0
30024,0,0,0,0,0
30028,0,0,0,0,0
30030,0,0,0,0,0
30032,0,0,0,0,0
30033,0,0,0,0,0
30034,0,0,0,0,0
30035,0,0,0,0,0
30038,0,0,0,0,0
30039,0,0,0,0,0
30040,0,0,0,0,0
30041,0,0,0,0,0
30043,0,0,0,0,0
30044,0,0,0,0,0
30045,0,0,0,0,0
30046,0,0,0,0,0
30047,0,0,0,0,0
30052,0,0,0,0,0
30058,0,0,0,0,0
30060,0,0,0,0,0
30062,0,0,0,0,0
30064,0,0,0,0,0
30066,0,0,0,0,0
30067,0,0,0,0,0
30068,0,0,0,0,0
30071,0,0,0,0,0
30072,0,0,0,0,0
30075,0,0,0,0,0
30076,0,0,0,0,0
30078,0,0,0,0,0
30079,0,0,0,0,0
30080,0,0,0,0,0
30082,0,0,0,0,0
30083,0,0,0,0,0
30084,0,0,0,0,0
30087,0,0,0,0,0
30088,0,0,0,0,0
30092,0,0,0,0,0
30093,0,0,0,0,0
30094,0,0,0,0,0
30096,0,0,0,0,0
30097,0,0,0,0,0
30101,0,0,0,0,0
30102,0,0,0,0,0
30103,0,0,0,0,0
30106,0,0,0,0,0
30107,0,0,0,0,0
30114,0,0,0,0,0
30115,0,0,0,0,0
30116,0,0,0,0,0
30117,0,0,0,0,0
30120,0,0,0,0,0
30121,0,0,0,0,0
30122,0,0,0,0,0
30126,0,0,0,0,0
30127,0,0,0,0,0
30132,0,0,0,0,0
30134,0,0,0,0,0
30135,0,0,0,0,0
30137,0,0,0,0,0
30141,0,0,0,0,0
30144,0,0,0,0,0
30147,0,0,0,0,0
30152,0,0,0,0,0
30157,0,0,0,0,0
30161,0,0,0,0,0
30165,0,0,0,0,0
30168,0,0,0,0,0
30173,0,0,0,0,0
30180,0,0,0,0,0
30187,0,0,0,0,0
30188,0,0,0,0,0
30189,0,0,0,0,0
30205,0,0,0,0,0
30213,0,0,0,0,0
30214,0,0,0,0,0
30215,0,0,0,0,0
30223,0,0,0,0,0
30228,0,0,0,0,0
30234,0,0,0,0,0
30236,0,0,0,0,0
30238,0,0,0,0,0
30248,0,0,0,0,0
30252,0,0,0,0,0
30253,0,0,0,0,0
30260,0,0,0,0,0
30268,0,0,0,0,0
30269,0,0,0,0,0
30273,0,0,0,0,0
30274,0,0,0,0,0
30276,0,0,0,0,0
30277,0,0,0,0,0
30281,0,0,0,0,0
30288,0,0,0,0,0
30290,0,0,0,0,0
30291,0,0,0,0,0
30294,0,0,0,0,0
30296,0,0,0,0,0
30297,0,0,0,0,0
30305,0,0,0,0,0
30306,0,0,0,0,0
30307,0,0,0,0,0
30308,0,0,0,0,0
30309,0,0,0,0,0
30310,0,0,0,0,0
30311,0,0,0,0,0
30312,0,0,0,0,0
30313,0,0,0,0,0
30314,0,0,0,0,0
30315,0,0,0,0,0
30316,0,0,0,0,0
30317,0,0,0,0,0
30318,0,0,0,0,0
30319,0,0,0,0,0
30324,0,0,0,0,0
30326,0,0,0,0,0
30327,0,0,0,0,0
30328,0,0,0,0,0
30329,0,0,0,0,0
30331,0,0,0,0,0
30336,0,0,0,0,0
30337,0,0,0,0,0
30338,0,0,0,0,0
30339,0,0,0,0,0
30340,0,0,0,0,0
30341,0,0,0,0,0
30342,0,0,0,0,0
30344,0,0,0,0,0
30345,0,0,0,3,3
30346,0,0,0,0,0
30349,0,0,0,0,0
30350,0,0,0,0,0
30354,0,0,0,0,0
30360,0,0,0,0,0
30363,0,0,0,0,0
30458,0,0,0,0,0
30461,0,0,0,0,0
30501,0,0,0,0,0
30504,0,0,0,0,0
30506,0,0,0,0,0
30507,0,0,0,0,0
30517,0,0,0,0,0
30518,0,0,0,0,0
30519,0,0,0,0,0
30542,0,0,0,0,0
30548,0,0,0,2,2
30564,0,0,0,0,0
30565,0,0,0,0,0
30566,0,0,0,0,0
30601,0,0,0,0,0
30605,0,0,0,0,0
30606,0,0,0,0,0
30607,0,0,0,0,0
30619,0,0,0,0,0
30620,0,0,0,0,0
30621,0,0,0,0,0
30622,0,0,0,0,0
30646,0,0,0,0,0
30655,0,0,0,0,0
30677,0,0,0,0,0
30680,0,0,0,0,0
30683,0,0,0,0,1
30701,0,0,0,0,0
30705,0,0,0,0,0
30707,0,0,0,0,0
30720,0,0,0,0,0
30721,0,0,0,0,0
30725,0,0,0,0,0
30735,0,0,0,0,0
30736,0,0,0,0,0
30738,0,0,0,0,0
30740,0,0,0,0,0
30741,0,0,0,0,0
30742,0,0,0,0,0
30750,0,0,0,0,0
30755,0,0,0,0,0
30757,0,0,0,0,0
30802,0,0,0,0,0
30805,0,0,0,0,0
30809,0,0,0,0,0
30813,0,0,0,0,0
30815,0,0,0,0,0
30901,0,0,0,0,0
30904,0,0,0,0,0
30905,0,0,0,0,0
30906,0,0,0,0,0
30907,0,0,0,0,0
30909,0,0,0,0,0
31005,0,0,0,0,0
31008,0,0,0,0,0
31020,0,0,0,0,0
31028,0,0,0,0,0
31030,0,0,0,0,0
31032,0,0,0,0,0
31047,0,3,5,6,6
31052,0,0,0,0,0
31088,0,0,0,0,0
31093,0,0,0,0,0
31098,0,0,0,0,0
31201,0,0,0,0,0
31204,0,0,0,0,0
31206,0,0,0,0,0
31210,0,0,0,0,0
31211,0,0,0,0,0
31216,0,0,0,0,0
31217,0,0,0,0,0
31220,0,0,0,0,0
31301,0,0,0,0,0
31302,0,0,0,0,0
31313,0,0,0,0,0
31315,0,0,0,0,0
31322,0,0,0,0,0
31324,0,0,0,0,0
31401,0,0,0,0,0
31404,0,0,0,0,0
31405,0,0,0,0,0
31406,0,0,0,0,0
31407,0,0,0,0,0
31408,9,9,9,14,14
31410,0,0,0,0,0
31411,0,0,0,0,0
31415,0,0,0,0,0
31419,0,0,0,0,0
31520,0,0,0,0,0
31523,0,0,0,0,0
31525,0,0,0,0,0
31601,0,0,0,0,0
31602,0,0,0,0,0
31605,0,0,0,0,0
31606,0,0,0,0,0
31632,0,0,0,0,0
31636,0,0,0,0,0
31701,0,0,0,0,0
31705,0,0,0,0,0
31707,0,0,0,0,0
31721,5,16,21,27,27
31763,0,0,0,0,0
31791,0,0,0,0,0
31808,0,0,0,0,0
31820,0,0,0,0,0
31901,0,0,0,0,0
31903,0,0,0,0,0
31904,0,0,0,0,0
31905,0,0,0,0,0
31906,0,0,0,0,0
31907,0,0,0,0,0
31909,0,0,0,0,0
96701,0,711,7994,8174,8174
96706,0,1122,15616,15838,15838
96707,0,649,9420,9544,9544
96720,0,286,4477,4536,4536
96725,0,8,104,105,105
96732,0,375,5997,6045,6045
96734,0,602,6129,6210,6210
96740,0,748,9818,9978,9978
96744,0,922,9701,9929,9929
96753,0,684,8344,8453,8453
96761,0,460,5294,5352,5352
96779,0,67,902,912,912
96782,0,692,8865,8982,8982
96786,0,356,5859,5930,5930
96789,0,991,13374,13578,13578
96793,0,524,7175,7277,7277
96795,0,2,26,26,26
96797,0,1056,13084,13378,13378
96813,0,291,3357,3412,3412
96814,0,88,1135,1157,1157
96815,0,187,2743,2782,2782
96816,0,1244,13093,13361,13361
96817,0,611,8016,8138,8138
96818,0,441,8215,8306,8306
96819,0,702,8380,8560,8560
96821,0,908,6354,6543,6543
96822,0,587,6502,6601,6601
96825,0,818,7807,7958,7958
96826,0,168,2590,2630,2630
50007,0,0,0,2,29
50009,0,0,115,362,5786
50010,0,237,442,5097,5176
50014,3,149,312,2600,2663
50021,0,0,82,492,7167
50023,0,0,117,604,9370
50035,0,0,30,102,1696
50047,0,0,32,89,2059
50061,0,0,17,102,560
50073,0,0,5,14,98
50105,0,4,17,303,306
50109,0,0,19,72,533
50111,0,0,53,239,4279
50131,0,6,185,678,5945
50134,1,3,5,55,56
50156,0,1,3,52,52
50201,0,0,0,5,5
50211,0,0,35,229,3002
50226,0,103,280,1521,1591
50237,0,0,6,27,493
50248,0,0,0,4,4
50265,0,0,268,648,9758
50266,0,0,133,408,4638
50309,0,0,11,40,835
50310,0,0,64,272,6987
50311,0,0,61,200,2779
50312,0,0,126,388,3098
50313,0,0,101,191,5525
50314,0,0,83,190,2033
50315,0,43,182,346,8444
50316,0,0,62,124,3566
50317,0,0,198,466,11320
50320,0,0,95,285,4587
50321,0,0,38,104,1756
50322,0,0,223,577,9751
50323,0,0,65,281,1276
50324,0,0,30,91,1591
50325,0,0,77,367,3263
50327,0,0,73,258,3669
50613,59,403,865,9421,9647
50626,0,0,0,1,20
50634,0,0,0,0,72
50643,2,13,49,674,686
50647,0,0,0,0,7
50648,0,0,0,0,1
50651,0,1,2,31,32
50667,0,1,5,9,306
50701,0,0,130,512,7934
50702,0,0,121,249,5999
50703,0,0,108,205,5290
50707,0,0,13,78,2504
51054,0,0,39,141,1559
51101,0,0,33,55,395
51103,0,16,60,116,3870
51104,0,0,121,287,4893
51105,0,0,26,89,1931
51106,0,0,133,442,7096
51108,0,1,23,87,1392
51109,0,2,10,22,1031
51111,0,0,0,0,245
51501,0,13,283,594,13251
51503,0,0,165,670,10022
51510,0,0,25,74,1531
51526,0,0,2,8,129
52001,46,265,549,8904,9069
52002,0,38,107,1863,1896
52003,0,51,174,2050,2090
52227,4,32,75,1025,1048
52228,0,20,89,644,672
52233,0,52,147,1862,1907
52240,0,209,460,4539,4662
52241,0,12,118,294,3651
52242,0,0,1,4,48
52245,0,0,64,262,3286
52246,0,0,131,425,3155
52302,47,368,854,11526,11751
52314,0,1,1,23,24
52317,0,2,6,59,61
52324,0,2,11,243,245
52328,0,21,99,996,1027
52333,0,0,0,2,2
52338,0,2,5,35,36
52341,0,8,21,198,208
52401,0,19,44,516,524
52402,52,271,553,10163,10319
52403,0,136,486,5730,5867
52404,0,278,629,11845,11990
52405,0,154,382,7207,7296
52411,0,180,579,2482,2629
52722,0,0,318,1056,10563
52748,0,11,24,289,295
52753,0,0,30,98,1421
52801,0,0,9,17,198
52802,0,0,97,177,3184
52803,0,0,93,335,4917
52804,0,0,119,307,6023
52806,57,252,496,7976,8057
52807,0,0,71,273,3778
83201,0,80,875,9783,9902
83202,0,68,385,5185,5243
83204,0,54,305,3332,3373
83209,0,0,1,11,11
83301,0,162,3028,16000,16178
83328,0,6,142,980,988
83341,0,5,296,1203,1225
83401,0,0,749,10071,10245
83402,0,91,400,7443,7541
83404,0,130,747,6682,6846
83406,0,68,277,4760,4852
83427,0,1,20,539,542
83501,0,12,551,11514,11713
83605,0,97,779,10721,10796
83607,0,77,434,5874,5927
83616,0,222,1886,9703,10066
83634,0,6,71,625,634
83642,0,48,2280,15561,15960
83644,0,0,2,18,18
83646,0,94,2383,18330,18724
83651,0,31,729,10129,10252
83669,0,19,193,1428,1462
83686,0,89,1088,14742,14891
83687,0,0,907,11681,11763
83702,0,98,941,5987,6159
83703,0,111,617,5165,5265
83704,0,60,1097,11919,12052
83705,0,66,756,8213,8279
83706,0,109,1168,8931,9105
83709,0,144,2167,20288,20598
83712,0,47,462,2363,2456
83713,0,174,1054,9455,9639
83714,0,116,1166,7483,7699
83716,0,84,904,5045,5223
83814,0,0,430,6738,6971
83815,0,0,444,11657,11909
83833,0,0,1,48,49
83835,0,23,280,7566,7737
83854,0,29,394,14289,14508
83858,0,0,175,3935,4066
60002,0,0,0,0,0
60004,0,0,0,0,0
60005,0,0,0,0,0
60007,0,0,0,0,0
60012,0,0,0,0,0
60014,0,0,0,0,0
60015,0,0,0,0,0
60016,0,0,0,0,44
60018,0,0,0,0,0
60022,0,0,0,0,0
60025,0,0,0,0,0
60026,0,0,0,0,0
60029,0,0,0,0,1
60030,0,0,0,0,0
60031,0,0,0,0,0
60033,0,0,0,0,0
60034,0,0,0,0,0
60035,0,0,0,0,0
60040,0,0,0,0,0
60041,0,0,0,0,0
60043,0,0,0,0,0
60044,0,0,0,0,0
60045,0,0,0,0,0
60046,0,0,0,0,0
60047,0,0,0,0,0
60048,0,0,0,0,0
60053,0,0,0,0,0
60056,0,0,0,0,0
60060,0,0,0,0,0
60061,0,0,0,0,0
60062,0,0,0,0,0
60064,0,0,0,0,0
60068,0,0,0,0,0
60069,0,0,0,0,0
60070,0,0,0,0,10
60071,0,0,0,0,0
60073,0,0,0,0,0
60076,0,0,0,0,0
60077,0,0,0,0,0
60083,0,0,0,0,0
60084,0,0,0,0,0
60085,0,0,0,0,0
60087,0,0,0,26,26
60088,0,0,0,0,0
60089,0,0,0,0,0
60090,0,0,0,0,0
60091,0,0,0,0,0
60093,0,0,0,0,0
60096,0,0,0,0,6
60097,0,0,0,0,0
60098,0,0,0,0,0
60099,0,0,0,0,0
60101,0,0,0,0,0
60102,0,0,0,0,0
60103,0,0,0,0,0
60104,0,0,0,0,0
60106,0,0,0,0,13
60107,0,0,0,0,0
60108,0,0,0,0,0
60110,0,0,0,0,1
60118,0,0,0,0,0
60119,0,0,0,0,0
60120,0,0,0,0,11
60123,0,0,0,0,4
60124,0,0,0,0,0
60126,0,0,0,0,0
60130,0,0,0,0,35
60131,0,0,0,0,0
60133,0,0,0,0,0
60134,0,0,0,0,25
60136,0,0,0,0,0
60137,0,0,35,53,53
60139,0,0,0,0,0
60140,0,0,0,0,0
60141,0,0,0,0,0
60142,0,0,0,0,20
60143,0,0,0,0,0
60148,0,0,0,0,0
60153,0,0,0,0,0
60154,0,0,0,0,0
60155,0,0,0,0,27
60156,0,0,0,0,0
60157,0,0,0,0,0
60160,0,0,0,0,0
60162,0,0,0,0,0
60163,0,0,0,0,0
60164,0,0,0,0,10
60165,0,0,0,0,0
60169,0,0,0,0,0
60171,0,0,0,0,0
60172,0,0,0,7,26
60173,0,0,0,0,0
60174,0,0,0,0,8
60175,0,0,0,0,0
60176,0,0,3,19,30
60177,0,0,0,0,0
60180,0,0,0,0,0
60181,0,0,0,36,65
60184,0,0,0,0,0
60185,0,0,0,0,0
60187,0,0,0,0,19
60188,0,0,0,0,0
60189,0,0,0,0,7
60190,0,0,0,3,9
60191,0,0,0,0,0
60193,0,0,0,0,58
60194,0,0,0,0,0
60201,0,0,0,0,0
60202,0,0,0,0,0
60203,0,0,0,0,0
60301,0,0,0,0,0
60302,0,0,0,0,0
60304,0,0,0,0,0
60305,0,0,0,0,0
60402,0,0,0,0,0
60403,0,0,0,0,0
60404,0,0,0,0,0
60406,0,0,0,0,0
60409,0,0,0,0,0
60410,0,0,0,0,1
60411,0,0,0,0,0
60415,0,0,0,0,2
60417,0,0,0,0,0
60419,0,0,0,0,0
60421,0,0,0,0,0
60422,0,0,0,0,2
60423,0,0,0,0,0
60425,0,0,0,0,4
60426,0,0,0,0,0
60428,0,0,0,0,6
60429,0,0,0,0,0
60430,0,0,0,0,0
60431,0,0,0,0,0
60432,0,0,0,0,5
60433,0,0,0,0,16
60435,0,0,0,0,0
60436,0,0,0,26,69
60438,0,0,0,0,0
60439,0,0,0,0,30
60440,0,0,0,25,99
60441,0,0,0,0,0
60442,0,0,0,0,0
60443,0,0,0,0,6
60445,0,0,0,0,0
60446,0,0,0,0,0
60447,0,0,0,0,0
60448,0,0,0,29,36
60449,0,0,0,0,0
60451,0,0,0,0,0
60452,0,0,0,0,0
60453,0,0,0,0,0
60455,0,0,0,0,0
60456,0,0,0,0,0
60457,0,0,0,0,0
60458,0,0,0,0,0
60459,0,0,0,0,16
60461,0,0,0,0,0
60462,0,0,0,0,0
60463,0,0,0,0,0
60464,0,0,0,0,0
60465,0,0,0,0,0
60466,0,0,0,4,47
60467,0,0,0,0,0
60469,0,0,0,0,0
60471,0,0,0,0,0
60472,0,0,0,0,0
60473,0,0,0,0,0
60475,0,0,0,0,7
60476,0,0,0,0,0
60477,0,0,0,0,47
60478,0,0,0,0,13
60480,0,0,0,0,0
60482,0,0,0,0,19
60484,0,0,0,0,0
60487,0,0,7,7,7
60490,0,0,0,0,18
60491,0,0,0,0,0
60501,0,0,0,0,6
60502,0,0,0,0,0
60503,0,0,0,4,12
60504,0,0,0,0,0
60505,0,0,0,0,0
60506,0,0,0,0,106
60510,0,0,0,23,31
60512,0,0,0,0,0
60513,0,0,0,0,0
60514,0,0,0,0,0
60515,0,0,0,0,50
60516,0,0,0,0,0
60517,0,0,0,0,7
60519,0,0,0,0,0
60521,0,0,0,0,0
60523,0,0,10,38,48
60525,0,8,24,41,41
60526,0,0,0,0,0
60527,0,0,0,0,7
60532,0,0,0,0,17
60534,0,0,0,0,0
60538,0,0,0,19,25
60540,0,0,0,33,43
60542,0,0,0,5,15
60543,0,0,0,0,0
60544,0,0,0,0,0
60546,0,0,0,0,0
60554,0,0,0,0,0
60555,0,0,0,0,0
60558,0,0,0,0,0
60559,0,0,0,0,0
60560,0,0,0,0,0
60561,0,0,7,13,13
60563,0,0,0,0,0
60564,0,0,0,0,13
60565,0,0,0,0,0
60585,0,0,0,0,0
60586,0,0,0,0,0
60601,0,0,0,0,0
60602,0,0,0,0,0
60603,0,0,0,0,0
60604,0,0,0,0,0
60605,0,0,0,0,3
60606,0,0,0,0,0
60607,0,0,0,0,0
60608,0,0,0,31,82
60609,0,0,0,0,12
60610,0,0,0,0,0
60611,0,0,0,0,0
60612,0,0,0,0,0
60613,0,0,0,0,0
60614,0,0,0,0,7
60615,0,0,0,0,0
60616,0,0,0,0,0
60617,0,0,0,19,77
60618,0,0,43,100,114
60619,0,0,0,0,0
60620,0,0,0,0,0
60621,0,0,0,0,63
60622,0,0,0,0,22
60623,0,0,0,0,0
60624,0,0,0,0,48
60625,0,0,0,0,0
60626,0,0,0,0,0
60628,0,0,0,0,0
60629,0,0,0,0,0
60630,0,0,0,0,26
60631,0,0,0,0,0
60632,0,0,0,0,0
60633,0,0,0,0,0
60634,0,0,0,0,0
60636,0,0,0,0,0
60637,0,0,0,0,0
60638,0,0,0,0,0
60639,0,0,0,0,67
60640,0,0,0,0,0
60641,0,0,0,24,96
60642,0,0,0,0,0
60643,0,0,0,0,0
60644,0,0,0,0,0
60645,0,0,0,0,0
60646,0,0,0,0,15
60647,0,0,0,0,0
60649,0,0,0,0,43
60651,0,0,0,0,0
60652,0,0,0,0,44
60653,0,0,0,0,16
60654,0,0,0,0,0
60655,0,0,0,0,0
60656,0,0,0,0,12
60657,0,0,0,0,23
60659,0,0,0,0,0
60660,0,0,0,0,0
60661,0,0,0,0,0
60706,0,0,0,0,0
60707,0,0,0,0,48
60712,0,0,0,0,0
60714,0,0,0,0,0
60803,0,0,0,0,0
60804,0,0,0,0,27
60805,0,0,0,0,0
60827,0,0,0,0,0
60901,0,0,0,0,12
60910,0,0,0,0,0
60914,0,0,0,0,0
60915,0,0,0,0,2
60922,0,0,0,0,0
60964,0,0,0,0,0
61008,0,0,0,0,0
61011,0,0,0,0,0
61016,0,0,0,0,0
61025,0,0,0,0,0
61065,0,0,0,0,3
61072,0,0,0,0,0
61073,0,0,0,0,0
61101,0,0,0,0,0
61102,0,0,0,0,0
61103,0,0,0,0,0
61104,0,0,0,0,0
61107,0,0,0,0,0
61108,0,0,0,0,0
61109,0,0,0,0,0
61111,0,0,0,0,0
61114,0,0,0,0,0
61115,0,0,0,0,0
61201,0,0,0,0,0
61239,0,0,0,0,0
61240,0,0,0,0,0
61241,0,0,0,0,0
61244,0,0,0,0,0
61256,0,0,0,0,0
61264,0,0,0,0,0
61265,0,0,0,0,0
61273,0,0,0,0,0
61275,0,0,0,0,0
61282,0,0,0,0,0
61284,0,0,0,0,0
61301,0,0,0,0,0
61320,0,0,0,0,0
61341,0,0,0,0,1
61348,0,0,0,0,0
61350,0,0,0,0,0
61354,0,0,0,0,0
61362,0,0,0,0,4
61364,0,0,0,27,48
61373,0,0,0,0,0
61523,0,0,2,6,8
61525,0,0,0,0,0
61526,0,0,0,0,0
61528,0,0,0,0,0
61535,0,0,0,0,0
61536,0,0,0,0,0
61547,0,0,0,0,0
61548,0,0,0,0,0
61550,0,0,0,0,0
61554,0,0,0,0,0
61568,0,0,0,0,0
61571,0,0,0,0,8
61602,0,0,0,0,0
61603,0,0,0,0,0
61604,0,0,0,0,0
61605,0,0,0,0,25
61606,0,0,0,0,0
61607,0,0,0,0,0
61610,0,0,0,7,15
61611,0,0,0,0,0
61614,0,0,0,0,54
61615,0,0,0,0,0
61616,0,0,0,0,8
61701,0,0,0,0,0
61704,0,0,0,0,0
61705,0,0,0,0,0
61725,0,0,0,0,0
61748,0,0,0,0,0
61761,0,0,0,0,0
61772,0,0,0,0,0
61776,0,0,0,0,0
61801,0,0,0,0,0
61802,0,0,0,0,0
61814,0,0,0,0,0
61817,0,0,0,0,0
61820,0,0,0,0,0
61821,0,0,0,0,0
61822,0,0,0,0,29
61832,0,0,0,0,0
61833,0,0,0,0,0
61834,0,0,0,0,0
61841,0,0,0,0,0
61858,0,0,0,0,0
61864,0,0,0,0,0
61874,0,0,0,0,0
61880,0,0,0,0,0
61883,0,0,0,0,0
62025,0,0,0,0,0
62034,0,0,0,0,0
62040,0,0,0,0,0
62059,0,0,0,0,0
62060,0,0,0,0,0
62062,0,0,0,0,0
62090,0,0,0,0,0
62201,0,0,0,0,0
62203,0,0,0,0,0
62204,0,0,0,2,2
62205,0,0,0,0,20
62206,0,0,0,0,0
62207,0,0,0,0,0
62208,0,0,0,0,0
62221,0,0,0,0,0
62223,0,0,0,0,0
62226,0,0,0,0,0
62232,0,0,2,2,5
62234,0,0,0,0,0
62236,0,0,0,0,0
62239,0,0,0,0,6
62240,0,0,0,0,0
62260,0,0,0,0,0
62269,0,0,0,9,12
62521,0,0,0,0,0
62522,0,0,0,0,0
62523,0,0,0,0,0
62526,0,0,0,0,0
62535,0,0,0,0,0
62544,0,0,0,0,0
62549,0,0,0,0,0
62554,0,0,0,0,0
62558,0,0,0,0,0
62561,0,0,0,0,0
62563,0,0,0,0,0
62625,0,0,0,0,0
62629,0,0,0,0,0
62670,0,0,0,0,0
62677,0,0,0,0,0
62684,0,0,0,0,0
62701,0,0,0,0,0
62702,0,0,0,0,56
62703,0,0,0,0,0
62704,0,0,0,0,0
62707,0,0,0,0,0
62711,0,0,0,0,6
62712,0,0,0,0,0
62957,0,0,0,0,0
62960,0,0,0,0,0
46001,0,0,0,0,0
46011,0,0,0,12,23
46012,0,0,0,0,21
46013,0,0,0,0,43
46016,0,0,0,0,21
46017,0,0,0,0,0
46032,0,0,0,0,0
46033,0,0,0,12,12
46037,0,0,0,0,0
46038,0,0,0,0,0
46040,0,0,0,0,0
46051,0,0,0,0,1
46052,0,1,1,5,7
46055,0,0,0,0,0
46056,0,0,0,0,0
46060,0,0,0,0,13
46062,0,0,8,8,8
46064,0,0,0,0,0
46068,0,0,0,0,0
46069,0,0,0,0,0
46074,0,0,0,0,0
46075,0,0,0,0,0
46077,0,0,0,0,0
46106,0,3,3,11,14
46107,0,0,0,0,0
46110,0,0,0,0,0
46111,0,0,1,1,1
46112,0,0,0,13,26
46113,0,0,0,0,0
46118,0,0,0,0,0
46122,0,0,0,0,0
46123,0,24,60,72,107
46124,0,0,0,0,0
46126,0,0,0,0,3
46130,0,0,2,3,4
46131,0,0,0,0,47
46140,0,0,0,2,5
46142,0,0,0,0,0
46143,0,0,0,0,0
46151,0,0,3,6,12
46158,0,0,0,0,0
46162,0,0,0,0,0
46163,0,0,0,0,0
46167,0,0,0,0,1
46168,0,0,0,0,0
46181,0,0,0,0,0
46184,0,0,15,24,39
46201,0,0,0,0,23
46202,0,0,0,0,0
46203,0,0,0,0,0
46204,0,0,0,0,0
46205,0,0,0,0,0
46208,0,0,0,0,0
46214,0,0,0,0,0
46216,0,0,0,0,0
46217,0,0,0,0,0
46218,0,0,0,0,0
46219,0,0,0,0,0
46220,0,0,0,0,0
46221,0,0,0,0,0
46222,0,0,0,0,0
46224,0,0,0,0,8
46225,0,0,0,0,0
46226,0,0,0,0,0
46227,0,0,0,0,0
46228,0,0,0,0,0
46229,0,0,0,0,0
46231,0,0,0,0,0
46234,0,0,0,0,0
46235,0,0,0,0,74
46236,0,0,0,0,20
46237,0,0,0,0,13
46239,0,0,0,0,0
46240,0,0,0,0,22
46241,0,0,0,0,0
46250,0,0,0,0,0
46254,0,0,0,0,0
46256,0,0,0,0,0
46259,0,0,0,0,0
46260,0,0,0,0,7
46268,0,0,0,0,0
46278,0,0,0,0,0
46280,0,0,0,0,2
46304,4,13,34,43,55
46307,0,0,0,0,13
46311,0,0,0,12,35
46312,0,0,95,196,298
46319,0,0,20,30,50
46320,0,26,73,110,135
46321,0,42,71,85,113
46322,0,0,15,46,84
46323,0,0,31,86,147
46324,0,25,69,75,137
46327,0,14,24,41,58
46341,0,0,0,0,0
46342,0,0,0,10,51
46350,0,0,0,0,0
46360,10,29,59,117,185
46368,0,0,0,60,131
46373,0,1,2,2,17
46375,0,0,0,0,7
46383,0,0,45,74,112
46385,0,0,0,0,49
46391,0,0,0,0,0
46393,0,0,0,0,0
46394,0,0,12,48,72
46402,0,2,2,35,67
46403,0,7,41,61,98
46404,0,92,149,200,263
46405,0,13,39,62,75
46406,0,0,14,35,57
46407,0,0,50,123,200
46408,0,0,17,69,104
46409,0,0,0,14,52
46410,0,0,0,71,151
46530,0,0,0,0,16
46544,0,21,42,74,126
46545,0,0,7,15,58
46554,0,0,0,0,0
46561,0,0,0,0,0
46601,0,0,0,4,34
46613,0,0,11,54,79
46614,0,0,9,44,80
46615,0,0,0,0,14
46616,7,13,13,20,25
46617,0,0,0,15,30
46619,0,0,0,0,31
46628,0,0,0,32,56
46635,0,0,0,2,12
46637,0,0,14,45,54
46706,0,0,0,0,0
46723,0,0,0,0,0
46725,0,0,0,0,0
46741,0,0,0,0,0
46745,0,0,0,0,0
46748,0,0,2,2,2
46765,0,0,0,0,0
46774,10,10,15,26,26
46783,0,0,0,0,1
46788,0,0,0,0,0
46798,0,0,0,0,0
46802,0,0,0,0,18
46803,0,7,53,89,110
46804,0,0,0,0,0
46805,0,0,0,7,46
46806,0,0,0,7,58
46807,0,0,0,30,60
46808,0,0,0,0,15
46809,0,14,25,36,50
46814,0,0,0,0,0
46815,0,0,0,8,48
46816,0,0,4,35,48
46818,0,0,0,7,22
46819,0,0,0,0,8
46825,0,19,47,47,66
46835,0,0,0,0,0
46845,0,0,0,0,0
46901,0,0,18,44,70
46902,0,0,0,19,67
46914,0,0,0,0,0
46932,0,0,0,0,0
47106,0,0,0,0,1
47111,10,20,25,40,49
47117,0,0,0,0,0
47119,0,0,0,0,0
47129,0,13,26,39,65
47130,0,0,33,50,66
47141,0,0,0,0,0
47143,0,0,0,0,0
47150,0,0,18,145,182
47172,0,0,0,15,38
47201,0,0,0,0,31
47203,0,0,4,38,61
47226,0,0,0,0,0
47280,0,0,1,2,3
47302,0,0,0,86,146
47303,0,0,0,6,88
47304,0,7,34,82,96
47305,0,0,0,20,37
47320,0,0,0,0,0
47334,0,0,0,2,3
47342,0,0,0,0,1
47356,0,0,0,0,0
47383,0,0,0,0,0
47396,0,0,0,3,3
47401,0,0,0,46,176
47403,60,103,137,146,180
47404,0,0,0,0,54
47408,0,0,15,56,78
47429,0,0,0,0,0
47601,0,0,0,0,1
47610,2,5,5,7,11
47630,0,0,0,35,208
47708,0,4,6,9,13
47710,0,31,74,117,142
47711,0,0,60,120,193
47712,0,0,0,38,65
47713,0,0,33,72,98
47714,0,0,59,129,158
47715,69,111,128,154,240
47720,34,44,64,123,157
47725,0,0,6,22,63
47802,0,0,0,25,50
47803,0,0,0,0,6
47804,0,8,24,53,57
47805,0,4,26,37,52
47807,0,0,0,0,37
47863,0,0,0,0,0
47871,0,0,0,0,0
47874,0,0,0,0,0
47885,0,0,0,6,6
47901,0,0,0,4,12
47904,0,0,0,0,11
47905,0,0,0,0,25
47906,0,0,0,93,232
47909,0,0,0,17,33
47920,0,0,0,0,0
47932,0,0,0,0,0
47982,0,0,0,0,0
47993,0,0,0,0,0
66012,0,0,0,0,0
66013,0,0,0,0,1
66024,0,0,0,0,1
66025,0,0,0,0,0
66030,0,0,0,0,0
66044,0,0,0,0,0
66046,0,0,0,0,0
66047,0,0,0,9,22
66049,0,0,0,0,0
66050,0,0,0,0,0
66052,0,0,0,0,0
66061,0,0,0,0,0
66062,0,0,0,0,0
66083,0,0,0,0,0
66085,0,0,0,0,0
66086,0,0,0,0,0
66090,0,0,0,0,0
66101,0,0,0,0,0
66102,0,0,0,0,0
66103,0,0,0,0,0
66104,0,0,0,0,0
66105,0,0,0,0,0
66106,0,0,0,0,0
66109,0,0,0,0,0
66111,0,0,0,3,6
66112,0,0,0,5,7
66202,0,0,0,0,0
66203,0,0,0,0,0
66204,0,0,0,0,0
66205,0,0,0,0,0
66206,0,0,0,2,2
66207,0,0,0,0,0
66208,0,0,0,0,3
66209,0,0,0,0,0
66210,0,0,0,0,0
66211,0,0,0,0,0
66212,0,0,0,0,0
66213,0,0,0,0,0
66214,0,0,0,0,2
66215,0,0,0,0,6
66216,0,0,0,0,6
66217,0,0,0,0,0
66218,0,0,0,0,0
66219,0,0,0,0,0
66220,0,0,0,0,0
66221,0,0,0,0,6
66223,0,0,0,0,0
66224,0,0,0,8,8
66226,0,0,0,0,0
66227,0,0,1,1,1
66402,0,0,0,0,0
66409,0,0,0,0,0
66429,0,0,0,0,0
66502,0,0,0,17,60
66503,0,0,0,0,0
66542,0,0,0,0,0
66546,0,0,0,0,0
66603,0,0,0,0,0
66604,0,0,0,0,0
66605,0,0,0,0,23
66606,0,0,0,0,14
66607,0,0,0,0,0
66608,0,0,0,0,0
66609,0,0,2,2,8
66610,0,0,0,0,0
66611,0,0,0,0,0
66612,0,0,0,0,15
66614,0,0,0,0,30
66615,0,0,0,0,0
66616,0,0,0,0,0
66617,0,0,0,0,0
66618,0,0,0,2,3
66619,0,0,0,0,0
66739,0,0,0,0,0
67002,0,0,5,10,20
67026,0,0,0,0,0
67030,0,0,0,0,0
67037,0,0,0,0,19
67052,0,0,0,0,1
67055,0,0,0,0,0
67060,5,5,5,5,10
67067,0,0,0,0,0
67101,0,0,6,9,15
67110,0,0,0,0,0
67120,0,0,0,0,0
67147,0,0,0,0,0
67202,0,0,0,2,7
67203,0,0,0,56,75
67204,0,0,0,0,8
67205,0,0,0,0,6
67206,0,0,0,0,6
67207,0,0,0,0,0
67208,0,0,0,0,0
67209,0,0,0,0,0
67210,0,0,0,0,0
67211,0,0,0,20,39
67212,0,0,0,0,0
67213,0,0,0,0,0
67214,0,0,28,44,83
67215,0,0,0,0,0
67216,0,0,13,40,67
67217,0,0,0,0,0
67218,0,0,0,0,0
67219,0,0,0,5,5
67220,0,0,0,0,0
67223,0,0,0,0,0
67226,0,0,0,0,0
67227,0,0,0,0,0
67228,0,0,0,0,0
67230,0,0,0,0,0
67232,0,0,0,3,6
67235,0,0,0,0,0
40014,0,0,0,0,0
40023,0,0,0,0,0
40025,0,0,0,0,0
40026,0,0,0,0,0
40047,0,0,0,0,8
40056,0,0,0,0,0
40059,0,0,0,0,0
40071,0,0,0,0,0
40109,0,0,0,0,0
40118,0,0,0,0,0
40162,0,0,0,0,0
40165,0,0,0,0,9
40177,0,0,0,0,0
40202,0,0,0,0,0
40203,0,0,0,0,0
40204,0,0,0,0,0
40205,0,0,0,0,0
40206,0,0,0,0,0
40207,0,0,0,0,0
40208,0,0,0,0,0
40209,0,0,0,0,0
40210,0,0,0,0,0
40211,0,0,0,0,0
40212,0,0,0,0,0
40213,0,0,0,7,49
40214,0,0,0,0,0
40215,0,0,0,0,0
40216,0,0,0,0,0
40217,0,0,0,0,0
40218,0,0,0,0,0
40219,0,0,0,0,0
40220,0,0,0,0,0
40222,0,0,0,0,0
40223,0,0,0,0,0
40228,0,0,0,0,0
40229,0,0,0,0,0
40241,0,0,0,0,0
40242,0,0,0,0,0
40243,0,0,0,0,0
40245,0,0,0,18,27
40258,0,0,0,0,0
40272,0,0,0,0,0
40291,0,0,0,0,0
40299,0,0,0,0,41
40356,0,0,0,0,0
40403,0,0,0,0,13
40461,0,0,0,0,0
40475,0,0,0,0,0
40502,0,0,0,0,0
40503,0,0,0,0,0
40504,0,0,0,0,0
40505,0,0,0,0,29
40507,0,0,0,0,0
40508,0,0,0,0,0
40509,0,0,0,0,23
40510,0,0,0,0,0
40511,0,0,0,0,0
40513,0,0,0,0,0
40514,0,0,0,0,5
40515,11,34,56,101,123
40516,0,0,0,0,0
40517,0,0,0,0,0
41001,0,0,0,0,0
41005,0,0,1,1,1
41007,0,0,0,0,0
41011,0,0,0,30,83
41014,0,0,0,0,0
41015,0,0,0,0,21
41016,0,0,0,0,0
41017,0,0,0,0,0
41018,0,8,16,33,49
41042,0,0,0,0,0
41048,0,0,0,0,0
41051,0,0,0,0,0
41059,0,0,0,0,0
41063,1,1,1,1,1
41071,0,0,0,0,0
41073,0,0,0,0,0
41074,0,0,0,0,3
41075,0,0,0,0,0
41076,35,40,45,50,50
41085,0,0,0,0,0
41091,0,0,0,0,0
41094,0,0,0,0,0
41101,25,55,74,86,98
41102,0,0,0,2,17
41129,0,0,0,0,0
41139,0,11,14,34,39
41144,0,0,0,0,0
41169,0,0,4,7,9
41175,0,0,0,0,0
41183,2,5,7,11,12
42001,0,0,0,24,47
42003,0,0,0,0,0
42058,0,0,0,0,0
42101,0,0,0,0,0
42103,48,65,65,81,97
42104,0,0,10,50,69
42122,0,0,0,0,0
42223,0,0,0,0,7
42234,0,0,0,0,0
42262,0,0,0,0,2
42286,0,0,0,0,0
42301,0,0,0,24,47
42303,0,0,0,0,0
42366,0,0,0,0,0
42420,0,0,0,0,0
42701,0,17,33,50,75
42724,0,0,0,0,0
70001,0,0,198,912,12185
70002,0,0,151,347,5121
70003,0,222,519,1186,13361
70005,0,27,384,749,8127
70006,0,16,118,348,4944
70031,0,1,2,6,474
70032,0,6,66,127,1668
70037,0,0,97,238,4219
70043,0,0,291,619,6550
70047,0,0,35,177,3232
70049,0,0,1,2,42
70053,0,164,383,583,5506
70056,0,0,68,452,10554
70057,0,4,44,93,726
70058,0,0,403,807,12851
70062,0,0,214,429,5474
70065,0,0,452,1160,13937
70068,0,0,159,468,9000
70070,3,14,45,105,1354
70072,0,200,721,1342,18532
70075,0,12,51,113,1745
70079,0,0,22,108,1013
70084,0,14,42,74,1373
70085,0,18,31,44,497
70087,0,1,18,41,814
70092,0,0,94,191,2404
70094,0,122,353,669,11190
70112,0,48,115,168,811
70113,0,73,199,358,2212
70114,0,93,378,528,6352
70115,0,0,443,1446,10073
70116,0,121,329,571,4635
70117,0,71,545,1126,10379
70118,0,175,623,1444,9734
70119,0,62,754,1384,11768
70121,0,5,130,228,4868
70122,13,326,835,1409,12487
70123,0,0,296,716,8684
70124,0,54,607,1352,7066
70125,0,145,451,835,5200
70126,0,187,572,1094,9444
70127,0,244,548,894,6418
70128,0,0,246,643,5638
70129,0,24,165,301,2320
70130,0,12,239,503,3495
70131,0,0,286,620,7323
70148,0,1,1,2,3
70343,0,0,1,3,31
70360,0,104,354,699,7530
70363,0,0,157,371,5603
70364,0,0,152,304,5111
70395,0,0,1,2,20
70401,0,0,216,369,6208
70403,0,9,331,689,8091
70446,0,0,0,0,10
70454,0,109,334,1219,8143
70455,0,0,19,64,416
70462,0,0,10,35,715
70466,0,11,22,38,787
70501,0,353,640,1975,10745
70503,0,71,497,1156,9014
70506,0,156,653,1093,13058
70507,0,0,80,239,5291
70508,0,0,631,1518,13706
70517,0,5,21,65,505
70518,0,44,265,1008,6097
70520,0,0,122,191,3559
70525,0,1,2,5,37
70529,0,38,83,117,1744
70535,0,118,275,630,4228
70555,0,26,74,123,1005
70560,5,23,40,110,624
70570,0,236,518,1519,8820
70577,0,27,61,188,1137
70578,0,0,0,0,1
70582,1,2,5,18,157
70583,0,64,219,313,3991
70584,0,0,0,0,1
70592,0,73,461,1193,7041
70601,0,0,570,1101,11325
70605,0,0,283,739,8167
70607,0,14,148,248,4305
70611,0,0,52,221,2523
70615,0,0,55,116,1901
70663,0,107,285,463,6451
70665,0,0,81,175,1464
70668,0,0,0,0,3
70669,0,21,64,146,2728
70706,0,0,100,362,5683
70710,0,0,15,38,900
70711,0,0,12,31,1214
70714,0,121,268,476,6219
70719,0,11,40,113,1649
70726,0,112,431,990,14624
70734,0,0,90,309,2291
70737,0,124,635,1084,14074
70739,0,22,146,384,3890
70744,0,0,13,27,176
70764,0,0,0,0,1
70767,0,0,83,255,4552
70769,14,71,527,1510,12766
70770,0,5,26,46,634
70774,0,7,34,73,588
70777,0,1,2,4,64
70778,0,0,9,17,275
70785,4,49,98,185,3495
70791,0,0,226,573,7997
70801,0,0,2,4,89
70802,0,175,516,822,8061
70805,0,116,456,672,7599
70806,0,8,287,626,7703
70807,0,206,401,574,4973
70808,0,226,737,1483,8802
70809,0,0,220,743,7795
70810,0,109,587,1530,12320
70811,0,45,196,299,4157
70812,0,54,122,305,3108
70814,0,42,161,312,4728
70815,0,70,342,684,7764
70816,0,167,476,726,11115
70817,0,12,499,1390,10703
70818,0,0,113,385,3680
70819,0,0,52,147,1534
70820,0,130,335,583,3709
71006,0,0,0,0,2
71009,0,1,2,3,30
71024,0,0,0,0,1
71037,0,24,77,120,1802
71047,0,0,32,64,1129
71051,0,0,1,2,38
71055,0,0,81,177,2527
71073,0,0,4,10,220
71101,0,70,177,248,2207
71103,0,33,109,193,2522
71104,0,72,233,403,3979
71105,0,55,206,482,6370
71106,0,94,526,1220,8653
71107,0,0,400,692,9033
71108,0,149,292,410,4787
71109,0,123,330,550,6086
71110,0,0,9,22,880
71111,79,237,593,975,12335
71112,0,97,248,410,10299
71115,0,15,193,340,4792
71118,0,18,121,194,5807
71119,0,0,105,263,3292
71129,0,0,76,155,3268
71201,0,0,287,778,6350
71202,0,193,473,693,5668
71203,0,151,401,686,7554
71225,0,1,2,3,33
71280,0,0,1,2,26
71291,0,0,263,684,7467
71292,0,22,119,235,3145
71301,0,247,519,1261,7739
71302,0,77,182,458,2770
71303,0,5,220,745,5077
71360,0,47,188,671,5740
71405,0,7,25,104,940
71423,0,0,0,0,3
71485,0,0,0,0,1
1001,0,0,60,311,4442
1002,0,2,90,468,1878
1007,0,0,0,1,3
1013,0,0,159,438,5496
1020,0,34,188,554,8291
1022,0,0,0,2,834
1027,0,0,77,700,4223
1028,0,0,245,1113,4602
1030,0,0,41,362,3603
1033,0,0,67,413,1754
1035,0,0,23,115,477
1036,0,0,2,9,39
1040,0,0,154,677,7498
1056,0,0,183,837,4454
1068,0,0,1,4,13
1073,0,0,0,134,2000
1075,0,0,217,947,4358
1077,0,0,49,201,2250
1085,0,0,238,714,9605
1089,0,0,209,607,6971
1095,0,0,52,269,1061
1103,0,0,8,25,185
1104,0,0,159,435,5140
1105,0,0,56,148,1318
1106,0,7,238,946,3165
1107,0,1,94,179,1318
1108,0,0,194,826,4313
1109,0,0,133,357,4964
1118,0,0,123,751,3431
1119,0,0,45,163,3142
1128,0,0,35,157,793
1129,0,8,80,406,2060
1151,0,6,53,325,2113
1201,0,40,92,725,6470
1237,0,0,5,20,161
1238,0,0,1,4,33
1240,0,0,19,143,890
1266,0,0,2,5,26
1420,0,0,266,3735,8159
1450,0,1,31,130,242
1453,0,18,383,3967,8736
1462,0,3,68,552,1112
1463,0,0,1,8,15
1473,0,0,0,4,8
1501,0,0,101,1212,4698
1504,0,0,128,659,2341
1505,0,3,38,261,733
1507,0,0,58,378,1365
1515,0,0,8,74,288
1516,0,0,30,168,524
1519,0,0,35,154,399
1520,0,16,171,1031,3129
1522,0,0,9,68,260
1524,0,0,58,452,1776
1527,0,0,96,1076,3610
1529,0,0,16,101,368
1534,0,0,4,19,60
1535,0,0,1,10,41
1536,0,4,52,295,916
1537,0,1,11,130,639
1540,0,0,93,816,3021
1541,0,0,7,27,74
1542,0,0,13,131,566
1543,0,0,26,106,295
1545,0,0,334,1906,5790
1560,0,0,9,46,158
1562,0,19,113,796,3060
1564,0,0,143,672,2046
1566,0,0,1,3,11
1568,0,0,14,67,175
1569,0,5,93,557,1759
1570,0,0,134,1006,3864
1571,0,0,63,489,1930
1581,0,0,11,47,133
1583,0,6,58,594,2019
1588,0,2,26,164,589
1590,0,0,145,636,1843
1602,0,41,261,1266,4343
1603,0,0,120,870,3469
1604,0,21,228,1672,6974
1605,0,0,166,1001,3863
1606,0,0,174,1336,5307
1607,0,0,50,370,1531
1608,0,0,13,77,268
1609,0,36,178,904,2866
1610,0,0,153,722,2649
1611,0,0,20,147,538
1612,0,0,86,441,1383
1701,0,5,197,844,2594
1702,0,0,226,1775,4741
1721,0,0,200,1061,3104
1730,0,0,211,723,1975
1731,0,0,7,99,352
1741,0,0,77,254,537
1742,0,0,1,4,7
1745,0,0,12,52,139
1746,0,0,278,1070,3125
1747,0,0,87,483,1453
1748,0,0,308,1280,2918
1756,0,0,124,503,1477
1757,0,7,360,1879,6417
1760,0,32,608,2727,6062
1770,0,0,123,426,852
1772,0,0,213,743,1830
1773,0,1,21,89,178
1778,0,0,1,2,5
1801,0,0,394,3392,8361
1803,0,0,297,1542,5065
1810,0,0,622,2427,6305
1821,0,19,293,1769,6109
1824,0,11,528,1669,4963
1826,0,13,229,1486,6174
1827,0,0,97,327,840
1830,0,4,204,1080,4310
1832,0,0,183,1073,4464
1833,0,0,0,0,1
1834,0,0,87,402,1264
1835,0,12,117,701,2999
1840,0,1,25,114,448
1841,0,0,154,1259,5636
1843,0,0,131,863,3874
1844,0,12,504,3120,11341
1845,0,22,363,1855,5082
1850,0,0,102,594,2615
1851,0,14,150,1129,4561
1852,0,0,144,1127,4565
1854,0,0,123,925,3893
1862,0,11,86,492,1684
1863,0,0,93,472,1694
1864,0,6,233,982,3050
1867,0,0,421,1951,4509
1876,0,0,238,1283,4681
1879,0,0,168,895,2757
1880,0,0,406,1718,5410
1886,0,7,383,1223,3389
1887,0,5,302,1608,4768
1890,0,0,533,1813,3944
1901,0,1,18,62,196
1902,0,51,261,1571,6208
1904,0,0,142,1289,4586
1905,0,0,177,1125,4216
1906,0,0,281,1784,6648
1907,0,14,201,1055,3367
1908,0,3,69,381,1221
1915,0,0,414,2387,7599
1921,0,0,21,66,147
1923,0,0,340,1930,6659
1940,0,0,254,852,2379
1945,0,0,552,1890,4998
1949,0,6,186,724,1798
1960,0,99,657,3197,11919
1970,0,0,293,2145,8382
1982,0,1,78,273,815
1983,0,0,16,52,143
1984,0,0,94,333,785
1985,0,0,3,10,26
2019,0,0,193,1008,4055
2021,0,0,365,1635,4714
2025,0,0,119,430,1110
2026,0,29,461,2433,5431
2030,0,0,220,654,1125
2032,0,0,85,414,956
2035,0,0,221,1018,3634
2038,0,21,441,1744,4982
2043,0,3,313,1182,2974
2048,0,0,215,1643,4493
2052,0,5,344,1273,2440
2053,0,0,227,1028,2935
2054,0,2,108,664,1740
2056,0,2,173,704,1883
2061,0,0,155,701,1710
2062,0,0,394,2429,6303
2066,0,0,314,1460,4010
2067,0,4,404,1231,3354
2071,0,0,27,96,202
2072,0,39,331,1636,6218
2081,0,0,269,1300,3967
2090,0,0,426,1569,3208
2093,0,5,163,604,1570
2108,0,0,52,190,357
2109,0,0,33,135,282
2110,0,0,11,42,80
2111,0,0,28,95,184
2113,0,0,19,173,427
2114,0,3,63,238,496
2115,0,0,93,399,920
2116,0,0,178,682,1347
2118,0,0,184,725,1533
2119,0,0,225,1142,2716
2120,0,10,74,385,927
2121,0,0,151,983,2392
2122,0,0,229,1504,3466
2124,0,37,418,2588,5988
2125,0,33,308,1695,4007
2126,0,4,204,1426,3641
2127,0,4,414,1980,4170
2128,0,0,255,1408,4728
2129,0,4,216,769,1950
2130,0,39,404,1895,4203
2131,0,41,368,2164,4929
2132,0,0,523,2590,5789
2134,0,0,86,601,1550
2135,0,12,219,1635,4022
2136,0,0,233,2058,4836
2138,0,0,330,1379,3381
2139,0,3,265,1272,3046
2140,0,0,170,820,1901
2141,0,0,128,549,1352
2142,0,0,16,63,129
2143,0,0,277,1436,3619
2144,0,0,310,1334,3732
2145,0,4,229,1144,3638
2148,0,0,444,2304,8929
2149,0,0,274,1891,7039
2150,0,4,159,981,3588
2151,0,9,455,2722,9201
2152,0,0,187,1190,3607
2155,0,12,586,3280,11209
2163,0,1,4,17,36
2169,0,19,360,2460,9451
2170,0,0,174,944,3675
2171,0,20,173,900,3269
2176,0,0,445,1623,5046
2180,0,19,289,1398,4437
2184,0,0,608,2490,7944
2186,0,0,507,2157,5665
2188,0,0,88,611,2608
2189,0,0,99,707,2906
2190,0,0,178,928,3511
2191,0,12,68,409,1653
2199,0,0,8,30,60
2210,0,0,26,105,213
2215,0,0,52,263,578
2301,0,0,266,2388,10011
2302,0,0,264,1592,6981
2322,0,5,44,314,1319
2333,0,3,71,376,1222
2339,0,11,259,1014,2596
2341,0,0,54,280,1012
2343,0,0,122,663,2680
2346,0,0,120,1020,4350
2347,0,9,225,1156,3036
2351,0,29,178,971,3530
2356,0,0,148,1028,2577
2368,0,0,336,1680,6359
2370,0,4,199,1126,4158
2375,0,3,70,375,998
2379,0,1,14,63,234
2382,0,0,138,845,3348
2420,0,0,392,1328,2673
2421,0,3,419,1537,3053
2445,0,0,203,997,2212
2446,0,4,191,833,1957
2451,0,8,218,1573,3785
2452,0,0,155,940,2522
2453,0,0,295,1875,4719
2458,0,0,250,1024,2297
2459,0,0,456,1749,3487
2460,0,2,158,651,1468
2461,0,5,168,577,1167
2462,0,0,22,116,239
2464,0,1,39,201,490
2465,0,0,350,1280,2544
2466,0,2,138,534,1084
2467,0,14,287,1057,2142
2468,0,0,199,521,892
2472,0,0,436,2537,6390
2474,0,22,442,1834,5221
2476,0,37,292,1378,3159
2478,0,17,692,2432,5325
2481,0,2,336,1147,2005
2482,0,0,238,764,1489
2492,0,13,572,1999,3865
2493,0,0,118,373,681
2494,0,2,275,1013,2029
2601,0,0,181,2282,5095
2630,0,0,67,506,1080
2632,0,0,35,291,589
2668,0,0,2,14,28
2673,0,2,66,1057,2319
2675,0,6,38,301,620
2702,0,5,65,440,1194
2703,0,0,357,2961,9442
2715,0,0,53,328,1012
2717,0,0,95,501,1478
2718,0,0,66,730,1737
2719,0,0,223,2119,4826
2720,0,32,300,1904,6235
2721,0,0,214,1645,5515
2723,0,0,126,969,2949
2724,0,0,152,1175,3621
2725,0,0,58,390,1031
2726,0,6,254,1762,5384
2739,0,0,8,40,106
2740,0,41,453,4343,10065
2743,0,0,112,1448,3310
2744,0,15,81,1041,2411
2745,0,0,232,3065,6939
2746,0,21,154,1103,2595
2747,0,0,290,1872,5635
2748,0,18,261,1660,3519
2760,0,6,310,1883,5570
2762,0,0,56,315,1245
2763,0,0,37,179,501
2764,0,0,40,340,1024
2766,0,0,242,1423,3866
2767,0,4,88,451,1259
2769,0,0,202,1399,3793
2770,0,2,34,237,617
2771,0,14,272,1596,4600
2777,0,0,215,1888,6014
2779,0,0,145,782,1910
2780,0,0,364,3021,9862
2790,0,11,159,1209,3681
20701,0,0,0,15,15
20705,0,0,432,5718,5907
20706,0,0,177,2907,3000
20707,0,0,551,5946,6182
20708,0,0,200,3494,3572
20712,0,7,37,519,527
20715,0,0,206,1928,2017
20720,0,0,969,5981,6459
20721,0,0,879,5671,6065
20722,0,0,1,15,15
20723,0,0,727,5403,5735
20724,0,18,226,2825,2928
20740,0,44,222,1778,1833
20743,0,41,129,1764,1798
20745,0,1,23,322,326
20746,0,1,13,202,206
20748,0,0,2,27,28
20755,0,0,47,932,955
20759,0,0,92,371,414
20763,0,2,48,494,512
20769,0,0,241,1753,1859
20770,0,0,46,672,687
20772,0,2,201,1813,1923
20774,0,60,1004,9583,10005
20777,0,0,1,2,2
20781,0,0,0,2,2
20782,0,5,27,344,351
20783,0,8,86,1495,1516
20794,0,0,184,2300,2398
20814,0,20,405,1924,2036
20815,0,6,280,993,1064
20816,0,0,133,460,498
20817,0,9,930,2908,3145
20841,0,0,140,1222,1520
20850,0,72,1204,7664,8009
20851,0,9,213,2142,2197
20852,0,69,787,4746,4939
20853,0,11,635,3620,3794
20854,0,0,3239,9707,10609
20855,0,0,501,2843,2977
20866,0,0,218,2022,2120
20868,0,0,11,85,90
20874,0,0,226,7624,8972
20876,0,0,86,1999,2247
20877,0,0,336,3844,3947
20878,0,31,1895,9925,10393
20879,0,0,462,4683,4798
20880,0,0,7,49,51
20882,0,0,47,280,300
20886,0,0,124,3325,3823
20895,0,0,822,3531,3710
20896,0,0,27,85,93
20899,0,0,0,19,19
20901,0,0,876,4681,4937
20902,0,74,855,7194,7386
20903,0,3,107,1572,1603
20904,0,0,693,7847,8141
20905,0,0,400,2806,2991
20906,0,47,758,7617,7812
20910,0,19,269,2045,2115
20912,0,2,50,391,403
21012,0,10,207,1819,1915
21032,0,5,78,467,501
21042,0,0,1083,5942,6439
21043,0,89,1418,9213,9897
21044,0,0,129,1014,1067
21045,0,0,610,6355,6627
21046,0,0,163,1900,1981
21052,0,0,0,177,177
21054,0,0,172,929,998
21056,0,0,31,99,115
21057,0,0,62,359,387
21060,0,8,617,8171,8433
21061,0,34,560,11213,11430
21075,0,0,737,6369,6697
21076,0,0,420,3705,3888
21077,0,0,0,186,186
21087,0,3,69,551,584
21090,0,4,218,3841,3956
21093,0,66,899,7001,7362
21104,0,0,1,5,6
21108,0,25,523,3870,4109
21113,0,17,435,5355,5561
21117,0,0,572,8802,9093
21122,0,0,1131,14638,15265
21128,0,0,483,3682,3884
21133,0,38,429,7474,7627
21136,0,4,124,1130,1186
21144,0,41,957,7636,8098
21146,0,0,797,4271,4683
21156,0,0,3,22,23
21162,0,0,205,1431,1518
21163,0,2,72,657,690
21201,0,12,283,2349,2427
21202,0,0,361,3522,3635
21204,0,20,538,3850,4032
21205,0,41,570,5616,5779
21206,0,0,613,12024,12257
21207,0,0,541,10812,11011
21208,0,0,599,7962,8200
21209,0,69,589,5446,5698
21210,0,23,314,2156,2289
21211,0,68,465,6010,6177
21212,0,0,1041,7714,8105
21213,0,0,836,12799,12982
21214,0,0,260,5922,6043
21215,0,147,1550,15887,16213
21216,0,94,711,10239,10407
21217,0,0,773,11383,11664
21218,0,353,1386,12993,13564
21219,0,0,242,3291,3407
21220,0,58,567,6219,6412
21221,0,0,544,11105,11321
21222,0,0,731,15580,15850
21223,0,0,773,10489,10682
21224,0,0,1461,15796,16404
21225,0,0,605,8920,9150
21226,0,0,144,3299,3356
21227,0,95,1033,10182,10519
21228,0,0,923,12749,13144
21229,0,0,635,12210,12434
21230,0,0,1168,10913,11440
21231,0,13,467,4037,4228
21234,0,233,1125,18983,19371
21236,0,0,681,11062,11335
21237,0,112,490,8384,8581
21239,0,20,410,6633,6811
21244,0,0,328,8057,8213
21286,0,84,544,4213,4407
21502,0,0,253,8338,12538
21529,0,0,7,143,213
21545,0,0,1,28,42
21713,0,0,0,16,21
21722,0,0,0,1,1
21733,0,0,0,2,3
21734,0,1,3,80,81
21740,0,0,307,12974,16024
21742,0,0,183,5132,6457
21767,0,0,15,345,405
21795,0,0,54,1647,2061
21801,0,159,751,7438,7582
21804,0,208,648,7869,7997
21810,0,0,0,12,12
21822,0,5,19,317,321
21826,0,11,94,1312,1325
21830,0,1,101,1116,1134
21837,0,0,0,1,1
21849,0,0,1,11,11
21856,0,0,0,5,5
21875,0,4,44,1193,1196
3901,0,11,33,597,608
3903,0,4,35,494,504
3904,0,24,63,1051,1064
3905,0,1,7,91,93
3906,0,0,0,2,2
3908,0,9,59,635,652
3909,0,0,3,33,34
4005,43,74,357,5989,6094
4038,0,70,314,3206,3307
4046,0,9,28,280,288
4062,0,0,31,355,367
4063,0,2,7,67,69
4064,0,52,179,2826,2858
4072,0,61,389,5385,5524
4074,0,235,761,5818,6078
4092,0,27,160,4381,4430
4093,0,4,24,477,486
4101,0,53,202,2523,2599
4102,8,88,333,3695,3795
4103,0,52,598,7242,7399
4105,2,55,410,1793,1926
4106,0,52,465,7172,7342
4107,0,41,471,2384,2534
4108,0,26,88,496,527
4210,11,97,336,5550,5658
4236,0,0,15,235,241
4240,0,148,406,9068,9170
4250,0,1,5,184,185
4252,0,0,1,75,76
4258,0,0,15,366,372
4274,0,3,22,331,337
4280,0,8,65,1550,1569
4330,0,26,138,3144,3189
4344,0,10,27,421,428
4345,0,10,32,682,693
4346,0,6,12,260,264
4347,0,10,35,393,402
4351,0,0,0,2,2
4401,0,107,515,8193,8717
4411,0,0,0,8,9
4412,0,0,85,2650,2811
4428,0,2,12,280,296
4429,0,0,36,442,473
4444,0,3,74,1360,1459
4473,0,2,17,267,285
4474,0,4,38,569,610
4605,0,1,5,102,109
4609,0,10,51,1022,1103
4612,0,0,6,141,152
4646,0,0,3,57,60
4653,0,0,1,181,189
4660,0,0,13,137,146
4662,0,3,26,247,268
4674,0,0,2,74,78
4679,0,6,36,651,697
48009,0,0,0,0,0
48015,0,0,0,0,0
48017,0,0,0,0,0
48021,0,0,0,0,0
48025,0,0,0,0,0
48026,0,0,0,0,0
48030,0,0,0,0,0
48033,0,0,0,0,0
48034,0,0,0,0,0
48035,0,0,0,0,0
48036,0,0,0,0,0
48038,0,0,0,0,0
48040,0,0,0,0,0
48042,0,0,0,0,0
48043,0,0,0,0,0
48044,0,0,0,0,0
48045,0,0,0,0,0
48047,0,0,0,0,0
48048,0,0,0,0,0
48049,0,0,0,0,0
48051,0,0,0,0,0
48059,0,0,0,0,0
48060,0,0,0,0,0
48066,0,0,0,0,0
48067,0,0,0,13,20
48069,0,0,0,0,0
48070,0,0,0,0,0
48071,0,0,0,0,0
48072,0,0,0,0,0
48073,0,0,0,0,0
48074,0,0,0,0,0
48075,0,0,0,0,0
48076,0,0,0,0,0
48079,0,0,0,0,0
48080,0,0,0,0,0
48081,0,0,0,0,0
48082,0,0,0,0,0
48083,0,0,0,0,0
48084,0,0,0,0,0
48085,0,0,0,0,0
48088,0,0,0,0,0
48089,0,0,0,0,0
48091,0,0,0,0,0
48092,0,0,0,0,0
48093,0,0,0,0,0
48094,0,0,0,0,0
48095,0,0,0,0,0
48096,0,0,0,0,0
48098,0,0,0,0,0
48101,0,0,0,0,0
48103,0,0,0,0,0
48104,0,0,0,0,0
48105,0,0,0,0,0
48108,0,0,0,0,0
48109,0,0,0,0,0
48111,0,0,0,0,0
48114,0,0,0,0,0
48116,0,0,0,0,0
48117,0,0,0,0,0
48120,0,0,0,0,0
48122,0,0,0,0,0
48124,0,0,0,0,0
48125,0,0,0,0,0
48126,0,0,0,0,0
48127,0,0,0,0,0
48128,0,0,0,0,0
48130,0,0,0,0,2
48133,0,0,0,0,0
48134,0,0,0,0,0
48135,0,0,0,0,0
48138,0,0,0,0,0
48139,0,0,0,0,0
48141,0,0,0,0,0
48144,0,0,0,0,0
48146,0,0,0,0,0
48150,0,0,0,0,0
48152,0,0,0,0,0
48154,0,0,0,0,0
48157,0,0,0,0,0
48161,0,0,0,0,0
48162,0,0,0,0,0
48164,0,0,0,0,0
48165,0,0,0,0,0
48166,0,0,0,0,0
48167,0,0,0,0,0
48168,0,0,0,0,0
48169,0,0,0,2,4
48170,0,0,0,0,0
48173,0,0,0,0,0
48174,0,0,0,0,0
48176,0,0,0,0,0
48178,0,0,0,0,0
48179,0,0,0,0,0
48180,0,0,0,0,0
48182,0,0,0,0,0
48183,0,0,0,0,0
48184,0,0,0,0,0
48185,0,0,0,0,0
48186,0,0,0,0,0
48187,0,0,0,0,0
48188,0,0,0,0,0
48189,0,0,0,0,0
48192,0,0,0,0,0
48193,0,0,0,0,0
48195,0,0,0,0,0
48197,0,0,0,0,0
48198,0,0,0,0,0
48201,0,0,0,0,0
48202,0,0,0,0,0
48203,0,0,0,0,0
48204,0,0,0,0,0
48205,0,0,0,0,0
48206,0,0,0,0,0
48207,0,0,0,0,0
48208,0,0,0,0,0
48209,0,0,0,0,0
48210,0,0,0,0,0
48211,0,0,0,0,0
48212,0,0,0,0,0
48213,0,0,0,0,0
48214,0,0,0,0,0
48215,0,0,0,0,0
48216,0,0,0,0,0
48217,0,0,0,0,0
48218,0,0,0,0,0
48219,0,0,0,0,0
48220,0,0,0,0,0
48221,0,0,0,0,0
48223,0,0,0,0,0
48224,0,0,0,0,0
48225,0,0,0,0,0
48226,0,0,0,0,0
48227,0,0,0,0,0
48228,0,0,0,0,0
48229,0,0,0,0,0
48230,0,0,0,0,0
48234,0,0,0,0,0
48235,0,0,0,0,0
48236,0,0,0,0,0
48237,0,0,0,0,0
48238,0,0,0,0,0
48239,0,0,0,0,0
48240,0,0,0,0,0
48301,0,0,0,0,0
48302,0,0,0,0,0
48304,0,0,0,0,0
48306,0,0,0,0,0
48307,0,0,0,0,0
48309,0,0,0,0,0
48310,0,0,0,0,0
48312,0,0,0,0,0
48313,0,0,0,0,0
48314,0,0,0,0,0
48315,0,0,0,0,0
48316,0,0,0,0,0
48317,0,0,0,0,7
48320,0,0,0,0,0
48322,0,0,0,0,0
48323,0,0,0,0,0
48324,0,0,0,0,0
48326,0,0,0,0,0
48327,0,0,0,0,0
48328,0,0,0,0,0
48329,0,0,0,0,0
48331,0,0,0,0,13
48334,0,0,0,0,0
48335,0,0,0,0,0
48336,0,0,0,0,0
48340,0,0,0,0,0
48341,0,0,0,0,0
48342,0,0,0,0,0
48346,0,0,0,0,0
48348,0,0,0,0,0
48350,0,0,0,0,0
48353,0,0,0,0,0
48359,0,0,0,0,0
48360,0,0,0,0,0
48363,0,0,0,0,0
48374,0,0,0,0,0
48375,0,0,0,0,0
48377,0,0,0,0,0
48380,0,0,0,0,0
48381,0,0,0,0,0
48382,0,0,0,0,0
48383,0,0,0,0,0
48386,0,0,0,0,0
48390,0,0,0,0,0
48393,0,0,0,0,0
48415,0,0,0,0,0
48420,0,0,0,0,0
48421,0,0,0,0,0
48423,0,0,0,0,0
48430,0,0,0,0,0
48433,0,0,0,0,0
48436,0,0,0,0,0
48437,0,0,0,0,0
48438,0,0,0,0,0
48439,0,0,0,0,0
48442,0,0,0,0,0
48457,0,0,0,0,0
48458,0,0,0,0,0
48463,0,0,0,0,0
48473,0,0,0,0,0
48502,0,0,0,0,0
48503,0,0,0,0,0
48504,0,0,0,0,0
48505,0,0,0,0,0
48506,0,0,0,0,0
48507,0,0,0,0,0
48509,0,0,0,0,0
48519,0,0,0,0,0
48529,0,0,0,0,0
48532,0,0,0,0,0
48601,0,0,0,0,0
48602,0,0,0,0,0
48603,0,0,0,0,0
48604,0,0,0,0,0
48607,0,0,0,0,0
48609,0,0,0,0,0
48623,0,0,0,0,0
48631,0,0,0,0,0
48638,0,0,0,0,0
48640,0,0,0,0,0
48642,0,0,0,0,0
48706,0,0,0,0,0
48708,0,0,0,0,0
48722,0,0,0,0,0
48724,0,0,0,0,0
48732,0,0,0,0,0
48746,0,0,0,0,0
48808,0,0,0,0,0
48813,0,0,0,0,0
48820,0,0,0,0,0
48821,0,0,0,0,0
48822,0,0,0,0,0
48823,0,0,0,0,0
48827,0,0,0,0,0
48837,0,0,0,0,0
48840,0,0,0,0,0
48842,0,0,0,0,0
48843,0,0,0,0,0
48848,0,0,0,0,0
48854,0,0,0,0,0
48855,0,0,0,0,0
48864,0,0,0,0,0
48876,0,0,0,0,0
48895,0,0,0,0,0
48906,0,0,0,0,0
48910,0,0,0,0,0
48911,0,0,0,0,0
48912,0,0,0,0,0
48915,0,0,0,0,0
48917,0,0,0,0,0
48933,0,0,0,0,0
49001,0,0,0,0,0
49002,0,0,0,0,0
49004,0,0,0,0,0
49006,0,0,0,0,0
49007,0,0,0,0,0
49008,0,0,0,0,0
49009,0,0,0,0,0
49010,0,0,0,0,0
49012,0,0,0,0,0
49014,0,0,0,0,0
49015,0,0,0,0,0
49017,0,0,0,0,0
49024,0,0,0,0,0
49033,0,0,0,0,0
49034,0,0,0,0,0
49037,0,0,0,0,0
49048,0,0,0,0,0
49051,0,0,0,0,0
49053,0,0,0,0,0
49083,0,0,0,0,0
49087,0,0,0,0,0
49088,0,0,0,0,0
49107,0,0,0,0,0
49112,0,0,0,0,0
49117,0,0,0,0,0
49120,0,0,0,0,0
49201,0,0,0,0,0
49202,0,0,0,0,0
49203,0,0,0,0,0
49221,0,0,0,0,0
49228,0,0,0,0,0
49254,0,0,0,0,0
49267,0,0,0,0,0
49270,0,0,0,0,0
49276,0,0,0,0,0
49277,0,0,0,0,0
49286,0,0,0,0,0
49301,0,0,0,0,0
49302,0,0,0,0,0
49306,0,0,0,0,0
49315,0,13,13,19,19
49316,0,0,0,0,0
49321,0,0,0,0,0
49331,0,0,0,0,0
49341,0,0,0,0,0
49345,0,0,0,0,0
49401,0,0,0,0,0
49403,0,0,0,0,0
49404,0,0,0,0,0
49406,0,0,0,0,0
49408,0,0,0,0,0
49415,0,0,0,0,0
49418,0,0,0,0,0
49419,0,0,0,0,0
49423,0,0,0,0,0
49424,0,0,0,0,0
49426,0,0,0,0,0
49428,0,0,0,0,0
49435,0,0,0,0,0
49440,0,0,0,0,0
49441,0,0,0,0,0
49442,0,0,0,0,0
49444,0,0,0,0,0
49445,0,0,0,0,0
49453,0,0,0,0,0
49456,0,0,0,0,0
49457,0,0,0,0,0
49460,0,0,0,0,0
49464,0,0,0,0,0
49503,0,0,0,0,0
49504,0,0,0,0,0
49505,0,0,0,0,0
49506,0,0,0,0,0
49507,0,0,0,0,0
49508,0,0,0,0,0
49509,0,0,0,0,0
49512,8,12,16,16,20
49519,0,0,0,0,0
49525,0,0,0,0,0
49534,0,0,0,0,0
49544,0,0,0,0,0
49546,0,0,0,0,0
49548,0,0,0,0,0
49621,0,0,0,0,0
49637,0,0,0,0,0
49649,0,0,0,0,0
49684,0,0,0,0,0
49685,0,0,0,0,0
49686,0,0,0,0,0
49690,0,0,0,0,0
49696,0,0,0,0,0
55001,0,0,0,0,0
55003,0,0,0,1,1
55009,0,0,0,0,0
55011,0,0,0,0,0
55014,0,0,0,0,0
55016,0,0,0,0,0
55020,0,0,0,0,0
55024,0,0,0,0,0
55025,0,0,0,0,8
55031,0,0,0,0,0
55033,0,0,0,0,71
55038,0,0,0,0,0
55042,0,0,0,0,0
55043,0,0,0,0,0
55044,0,0,0,0,0
55055,0,0,0,2,5
55068,0,0,0,0,0
55071,0,0,0,0,0
55075,0,0,0,0,9
55076,0,0,0,0,25
55077,0,0,0,0,0
55082,0,0,0,0,56
55085,0,0,0,0,0
55089,0,0,0,0,0
55090,0,0,0,0,1
55092,0,0,0,0,0
55101,0,0,0,0,0
55102,0,0,0,0,0
55103,0,0,0,0,22
55104,0,0,0,0,21
55105,0,0,0,0,0
55106,0,0,0,0,0
55107,0,0,0,0,0
55108,0,0,0,0,0
55109,0,0,0,48,76
55110,0,0,0,0,0
55112,0,0,24,39,47
55113,0,0,0,0,61
55114,0,0,0,0,6
55115,0,0,0,2,4
55116,0,0,0,0,0
55117,0,0,0,15,84
55118,0,0,0,0,0
55119,0,0,0,0,0
55120,0,0,0,0,3
55121,0,0,0,0,4
55122,0,0,0,0,55
55123,0,0,0,0,0
55124,0,0,0,0,27
55125,0,0,0,0,0
55126,0,0,6,12,36
55127,0,0,0,0,0
55128,0,0,0,0,0
55129,0,0,0,0,6
55130,0,0,0,0,14
55150,0,0,0,0,0
55301,0,0,0,0,3
55303,0,0,0,0,0
55304,0,0,15,15,46
55305,0,0,0,11,17
55306,0,0,0,3,6
55309,0,0,0,0,0
55311,0,0,0,7,13
55313,0,0,0,0,0
55315,0,0,0,2,3
55316,0,0,0,0,6
55317,0,0,0,0,5
55318,0,0,0,0,0
55322,0,0,0,0,0
55327,0,0,0,2,3
55330,0,0,0,0,39
55331,0,0,0,0,8
55337,0,0,0,0,64
55340,0,0,0,0,5
55341,0,0,0,0,0
55343,0,0,0,0,0
55344,0,0,0,0,0
55345,0,0,0,0,0
55346,0,0,0,8,17
55347,0,0,0,9,26
55352,0,0,0,0,11
55356,0,0,0,20,39
55357,0,0,0,0,0
55359,0,0,0,0,0
55362,0,0,0,0,1
55364,0,0,0,0,3
55369,0,0,0,0,0
55372,0,0,0,0,0
55373,0,0,0,0,0
55374,0,0,0,5,23
55376,0,0,0,0,0
55378,0,26,43,43,43
55379,0,0,0,0,0
55384,0,0,0,0,1
55386,0,0,0,0,0
55387,0,0,0,0,0
55391,0,0,0,0,0
55401,0,0,0,0,0
55402,0,0,0,0,0
55403,0,0,0,4,14
55404,0,0,0,0,23
55405,0,0,0,0,16
55406,0,0,0,0,35
55407,0,0,0,0,53
55408,0,0,0,0,0
55409,0,0,0,0,14
55410,0,0,0,0,22
55411,0,0,0,0,47
55412,0,0,0,0,28
55413,0,0,0,0,13
55414,0,0,0,0,18
55415,0,0,0,0,2
55416,0,0,0,0,13
55417,0,0,0,0,0
55418,0,0,0,27,60
55419,0,0,0,0,0
55420,0,0,0,0,13
55421,0,0,0,0,0
55422,0,0,0,21,53
55423,0,0,0,0,5
55424,0,0,0,0,4
55425,0,0,0,0,10
55426,0,0,0,0,12
55427,0,0,0,0,9
55428,0,0,0,31,41
55429,0,0,0,0,0
55430,0,0,0,21,45
55431,0,4,12,12,12
55432,0,0,12,31,50
55433,0,0,0,0,16
55434,0,0,0,7,46
55435,0,0,0,3,23
55436,0,0,0,0,0
55437,0,0,0,0,0
55438,0,0,0,0,29
55439,0,0,0,0,6
55441,0,0,0,0,0
55442,0,0,0,0,16
55443,0,0,0,0,0
55444,0,0,0,0,19
55445,0,0,0,3,6
55446,0,0,0,0,18
55447,0,0,0,0,4
55448,0,0,0,7,14
55449,0,0,0,16,32
55454,0,0,0,0,1
55802,0,0,0,0,0
55803,0,0,0,0,0
55804,0,0,0,0,0
55805,0,0,0,0,9
55806,0,0,0,0,0
55807,0,0,0,0,0
55808,0,0,0,0,7
55810,0,0,0,0,0
55811,0,0,0,0,0
55812,0,0,0,0,0
55901,0,0,0,0,0
55902,0,0,0,0,0
55904,0,0,0,0,0
55906,0,0,0,0,35
55920,0,0,0,0,0
55925,0,0,0,0,0
55934,0,0,0,0,0
55947,0,0,0,0,4
55960,0,0,0,0,0
56001,0,0,0,0,10
56003,0,0,3,24,38
56011,0,0,0,0,0
56301,0,0,0,0,12
56303,0,0,0,21,41
56304,0,0,0,0,10
56310,0,0,0,0,0
56320,0,0,0,0,0
56374,0,0,0,0,0
56377,0,0,0,8,20
56379,0,0,0,0,0
56387,0,0,0,0,8
56401,0,0,0,0,0
56425,0,0,0,0,0
56465,0,0,0,0,0
56468,0,0,0,0,0
56529,0,0,0,1,4
56547,0,0,0,0,0
56560,0,0,0,53,158
56580,0,0,0,0,0
56721,0,0,0,0,0
63005,0,0,0,604,1362
63010,0,0,0,183,387
63011,0,0,0,825,1548
63017,0,0,27,1092,2356
63021,0,0,0,707,1891
63026,0,0,0,520,1229
63031,0,0,72,342,647
63033,0,0,58,219,427
63034,0,0,0,217,478
63038,0,0,1,91,207
63040,0,0,3,139,323
63042,0,0,55,134,220
63043,0,0,0,166,388
63044,0,0,0,137,343
63049,0,0,11,87,176
63052,0,0,0,30,63
63074,0,0,0,94,221
63088,0,0,0,114,228
63101,0,0,0,11,16
63102,0,0,3,19,30
63103,0,0,6,49,98
63104,0,0,59,219,420
63105,0,0,17,277,638
63106,0,0,0,119,247
63107,0,0,0,141,289
63108,0,0,0,158,411
63109,0,0,66,246,586
63110,0,0,0,170,432
63111,0,0,81,254,526
63112,0,0,0,215,526
63113,0,0,0,152,347
63114,0,0,58,291,539
63115,0,0,90,466,883
63116,0,0,83,415,884
63117,0,0,0,208,445
63118,0,0,74,385,637
63119,0,0,0,527,1170
63120,0,0,71,164,339
63121,0,0,84,275,580
63122,0,0,73,1105,2151
63123,0,0,0,369,839
63124,0,0,23,432,976
63125,0,0,0,173,408
63126,0,0,6,272,602
63127,0,0,0,113,370
63128,0,0,42,429,1025
63129,0,0,0,491,1373
63130,0,0,60,463,1053
63131,0,0,0,725,1929
63132,0,0,26,267,586
63133,0,0,0,86,182
63134,0,0,0,130,282
63135,0,0,27,133,281
63136,0,0,128,348,674
63137,0,0,94,251,423
63138,0,0,0,158,264
63139,0,0,0,141,390
63140,0,0,0,8,14
63141,0,0,14,536,1231
63143,0,0,5,56,135
63144,0,0,0,151,322
63146,0,0,44,293,701
63147,0,0,43,221,376
63301,0,0,0,445,906
63303,0,0,0,619,1356
63304,0,0,28,567,1466
63341,0,0,0,1,2
63366,0,0,0,219,785
63367,0,0,0,171,412
63368,0,0,0,589,1379
63376,0,0,96,771,1494
63385,0,0,0,4,8
63386,0,0,0,1,3
63701,0,0,0,228,523
63703,0,0,6,85,164
63780,0,0,9,59,97
64012,0,0,58,260,4074
64014,0,0,0,250,3492
64015,0,0,27,339,4964
64016,0,0,1,3,50
64029,0,1,13,59,572
64030,0,0,113,285,3207
64034,0,0,7,122,420
64050,0,0,77,201,2770
64052,0,0,76,186,2570
64053,0,0,0,30,573
64054,0,0,16,42,479
64055,0,9,77,154,4498
64056,0,0,56,191,2165
64057,0,0,14,114,348
64058,0,0,14,23,773
64060,0,0,0,0,0
64063,0,0,16,158,621
64064,0,29,140,533,3231
64068,0,6,69,275,3284
64079,0,0,0,0,1
64080,0,0,8,71,333
64081,0,0,7,505,4144
64082,0,0,10,401,2805
64083,0,0,116,431,4366
64086,0,0,32,387,3484
64105,0,0,4,16,185
64106,0,0,16,82,492
64108,0,0,49,177,1234
64109,0,0,113,257,1593
64110,0,0,29,264,2688
64111,0,0,4,184,1967
64112,0,0,23,168,809
64113,0,0,50,641,2166
64114,0,0,0,198,3156
64116,0,0,47,182,2744
64117,0,0,54,143,1302
64118,0,0,85,235,4964
64119,0,0,0,283,3948
64120,0,0,0,0,371
64123,0,0,39,116,1414
64124,0,0,54,121,1380
64125,0,0,14,33,292
64126,0,0,39,107,752
64127,0,0,163,445,2648
64128,0,0,108,253,2220
64129,0,0,37,97,1084
64130,0,0,66,302,4004
64131,0,0,24,178,3189
64132,0,0,81,184,2046
64133,0,0,80,224,4255
64134,0,0,75,143,2119
64136,0,0,8,33,289
64137,0,0,23,53,1140
64138,0,0,85,212,2877
64139,0,0,4,21,311
64145,0,0,8,109,1032
64146,0,0,0,15,264
64147,0,0,8,25,36
64149,0,0,0,9,135
64150,0,0,9,48,345
64151,0,0,100,339,3218
64152,0,0,32,619,3317
64153,0,0,7,49,808
64154,0,0,0,164,1365
64155,0,0,20,246,3544
64156,0,2,20,98,937
64157,6,6,50,572,3316
64158,0,3,14,102,729
64161,0,0,7,20,196
64163,0,0,0,1,10
64164,0,0,0,6,16
64165,0,0,0,0,1
64167,0,0,0,12,30
64421,0,0,0,1,2
64436,0,0,0,0,2
64501,0,0,76,172,469
64503,0,0,24,199,573
64504,0,0,24,135,416
64505,0,0,26,129,515
64506,0,0,42,289,918
64507,0,0,30,146,420
64801,0,200,430,860,14912
64804,0,0,330,818,12777
64834,0,0,107,202,3045
64835,0,1,2,4,1014
64836,0,0,178,338,5728
64840,0,0,0,0,6
64841,0,0,2,4,70
64855,0,2,6,11,373
64870,0,42,138,317,5789
65039,0,0,0,0,1
65043,0,0,1,19,36
65053,0,0,0,0,0
65101,0,0,0,151,312
65109,0,0,22,216,380
65201,0,0,203,670,1189
65202,0,0,58,346,793
65203,0,0,0,646,2142
65255,0,0,0,1,3
65611,0,0,1,1,6
65616,0,39,147,259,4752
65619,0,3,38,142,3062
65631,0,0,2,8,109
65672,0,0,74,146,1988
65679,0,0,0,0,2
65714,0,17,200,416,8370
65721,0,7,150,395,6599
65738,0,0,0,0,1
65739,0,0,2,8,25
65742,0,0,11,43,738
65753,0,0,1,2,39
65757,0,0,0,1,6
65781,0,1,3,6,99
65802,0,36,355,781,17278
65803,0,16,555,931,15871
65804,0,0,0,513,1976
65806,0,0,48,198,501
65807,0,0,0,509,1942
65809,0,0,13,307,786
65810,0,0,0,315,1144
38637,0,0,0,0,0
38641,0,0,0,0,0
38654,0,0,0,0,0
38655,0,0,0,0,0
38671,0,0,0,0,0
38672,0,0,0,0,0
38680,0,0,0,0,0
38801,0,0,0,0,0
38804,0,0,0,0,0
38826,0,0,0,0,0
38862,0,0,0,0,0
38863,0,0,0,0,0
38866,0,0,0,0,0
38868,0,0,0,0,0
39041,0,0,0,0,0
39042,0,0,0,0,0
39046,0,0,0,0,0
39047,0,0,0,0,0
39056,0,0,0,0,0
39071,0,0,0,0,0
39073,0,0,0,0,0
39110,0,0,0,0,0
39154,0,0,0,0,0
39157,0,0,0,0,0
39170,0,0,0,0,0
39201,0,0,0,0,0
39202,0,0,0,0,0
39203,0,0,0,0,0
39204,0,0,0,0,0
39206,0,0,0,0,0
39208,0,0,0,0,0
39209,0,0,0,0,0
39211,0,0,0,0,0
39212,0,0,0,0,0
39213,0,0,0,0,0
39216,0,0,0,0,0
39218,0,0,0,0,0
39232,0,0,0,0,0
39272,0,0,0,0,0
39301,0,0,0,0,0
39305,0,0,0,0,0
39307,0,0,0,0,0
39342,0,0,0,0,0
39401,0,0,0,0,0
39402,0,0,0,0,0
39437,0,0,0,0,0
39440,0,0,0,0,0
39443,0,0,0,0,0
39452,0,0,0,0,0
39465,0,0,0,0,0
39475,0,0,0,0,0
39501,0,0,0,0,0
39503,0,0,0,0,0
39507,0,0,0,0,0
39520,0,0,0,0,0
39525,0,0,0,0,0
39530,0,0,0,0,0
39531,0,0,0,0,0
39532,0,0,0,0,0
39540,0,0,0,0,0
39553,0,0,0,0,0
39556,0,0,0,0,0
39560,0,0,0,0,0
39562,0,0,0,0,0
39563,0,0,0,0,0
39564,0,0,0,0,0
39565,0,0,0,0,0
39567,0,0,0,0,0
39571,0,0,0,0,0
39574,0,0,0,0,0
39576,0,0,0,0,0
39581,0,0,0,0,0
59030,1,5,8,9,11
59101,0,106,306,482,541
59102,123,214,475,659,766
59105,49,58,146,273,321
59106,0,35,236,420,546
59401,8,85,142,181,223
59404,0,0,153,289,392
59405,0,40,170,289,389
59411,0,0,0,1,1
59417,0,1,2,4,5
59714,9,23,31,91,131
59715,0,27,156,387,578
59718,0,31,185,362,485
59741,0,0,0,0,1
59801,0,24,176,319,447
59802,0,35,65,140,218
59803,5,5,53,192,297
59804,0,6,61,119,166
59808,0,19,48,158,230
59901,0,0,70,221,360
59912,0,0,1,3,6
59936,0,0,0,0,0
59937,0,0,2,8,16
27006,0,0,0,0,0
27009,0,0,0,0,0
27012,0,0,0,0,0
27019,0,0,0,0,0
27023,0,0,0,0,0
27040,0,0,0,0,3
27045,0,0,0,0,0
27050,0,0,0,0,0
27051,0,0,0,0,0
27052,0,0,0,0,0
27101,0,0,0,0,11
27103,0,0,0,0,0
27104,0,0,0,0,0
27105,0,0,0,0,77
27106,0,0,0,0,0
27107,0,0,0,0,0
27127,0,0,0,0,0
27201,0,0,0,0,0
27214,0,0,0,0,0
27215,0,0,0,0,0
27217,0,0,0,0,0
27233,0,0,0,0,0
27235,0,0,0,0,0
27244,0,0,0,0,0
27249,0,0,0,0,0
27253,0,0,0,0,0
27258,0,0,0,0,0
27260,0,0,0,0,0
27262,0,0,0,0,0
27263,0,0,0,0,28
27265,0,0,0,0,0
27278,0,0,0,0,0
27282,0,0,0,0,0
27284,0,0,0,0,0
27292,0,0,0,0,0
27295,0,0,0,0,0
27299,0,0,0,0,0
27301,0,0,0,3,4
27302,0,0,0,2,3
27305,0,0,0,0,0
27310,0,0,0,3,3
27311,0,0,0,0,0
27313,0,0,0,0,0
27315,0,0,0,0,0
27317,0,0,0,3,5
27357,0,0,0,0,0
27358,0,0,0,0,0
27360,0,0,0,0,0
27370,0,0,0,0,1
27376,0,0,0,1,3
27377,0,0,0,0,0
27401,0,0,0,0,0
27403,0,0,0,0,0
27405,0,0,0,0,0
27406,0,0,0,0,18
27407,0,0,0,0,0
27408,0,0,0,0,0
27409,0,0,0,0,24
27410,0,0,0,0,0
27455,0,0,0,0,7
27502,0,0,0,20,69
27504,0,0,0,9,22
27510,0,0,0,0,0
27511,0,0,0,25,37
27513,0,0,0,0,10
27514,0,0,0,0,0
27516,0,0,0,0,53
27517,0,4,26,48,48
27518,0,0,0,0,16
27519,0,0,0,0,0
27520,0,0,0,7,44
27521,0,0,0,0,1
27523,0,0,8,13,15
27526,0,0,23,41,58
27527,0,0,0,0,1
27529,0,0,0,0,0
27530,0,0,0,0,47
27534,0,0,0,24,78
27539,0,0,0,39,45
27540,0,0,0,0,20
27545,0,0,34,48,82
27560,0,0,0,0,8
27562,0,0,0,0,0
27587,0,0,14,17,24
27591,0,0,0,0,0
27592,0,0,0,8,11
27596,0,0,0,0,0
27601,0,0,0,0,0
27603,0,0,0,0,0
27604,0,0,0,0,0
27605,0,0,0,0,4
27606,0,0,0,0,51
27607,0,0,0,0,21
27608,0,0,0,0,0
27609,0,0,0,0,10
27610,0,0,0,96,208
27612,0,0,0,7,20
27613,0,0,0,0,9
27614,0,0,0,43,78
27615,0,0,0,0,0
27616,0,0,0,0,40
27617,0,0,0,10,15
27701,0,0,0,0,31
27703,0,0,0,0,41
27704,0,0,0,71,97
27705,0,0,0,0,21
27707,0,0,0,0,0
27712,0,0,0,10,37
27713,0,0,0,0,0
27801,0,0,0,31,112
27803,0,0,0,0,20
27804,0,0,0,0,65
27809,0,0,1,3,3
27812,0,0,0,0,0
27822,0,0,0,0,8
27828,0,0,0,0,0
27834,0,0,0,0,68
27837,0,0,0,0,2
27851,0,0,0,0,0
27856,0,0,0,0,0
27858,0,0,0,11,112
27863,0,0,0,0,0
27878,0,0,0,0,0
27884,0,0,0,0,0
27893,0,0,38,246,387
27896,0,0,0,33,62
28012,0,0,0,0,0
28016,0,0,0,0,0
28023,0,0,0,0,0
28025,0,0,0,0,24
28027,0,0,0,0,0
28031,0,0,0,0,0
28032,0,0,0,0,0
28033,0,0,0,0,0
28034,0,0,0,0,0
28036,0,0,0,0,0
28037,0,0,0,6,10
28052,0,0,0,0,0
28054,0,0,0,0,0
28056,0,0,0,0,0
28072,0,0,0,0,0
28073,0,0,0,0,0
28075,0,0,0,0,0
28078,0,0,0,0,0
28079,0,0,0,0,0
28080,0,0,0,0,0
28086,0,0,0,0,0
28092,0,0,0,0,10
28098,0,0,0,0,0
28101,0,0,0,0,0
28104,0,0,0,0,20
28105,0,0,0,0,0
28107,0,0,0,0,0
28110,0,0,0,0,0
28112,0,0,0,0,24
28115,0,0,0,0,47
28117,0,0,0,0,0
28120,0,0,0,0,6
28125,0,0,0,0,0
28134,0,0,0,0,0
28138,0,0,0,0,0
28144,0,0,0,0,0
28146,0,0,0,0,0
28147,0,0,0,0,0
28150,0,0,0,0,3
28152,0,0,0,0,3
28159,0,0,0,0,2
28164,0,0,0,0,0
28166,0,0,0,0,0
28168,0,0,0,0,0
28173,0,0,0,0,0
28202,0,0,0,0,1
28203,0,0,0,0,0
28204,0,0,0,0,0
28205,0,0,0,0,0
28206,0,0,0,0,0
28207,0,0,0,0,0
28208,0,0,0,0,62
28209,0,0,0,0,0
28210,0,0,0,0,0
28211,0,0,0,0,0
28212,0,0,0,0,17
28213,0,0,0,0,75
28214,0,0,0,0,25
28215,0,0,0,0,50
28216,0,0,0,0,0
28217,0,0,0,0,0
28226,0,0,0,0,0
28227,0,0,0,0,0
28262,0,0,0,0,0
28269,0,0,0,0,0
28270,0,0,0,0,0
28273,0,0,0,0,0
28277,0,0,0,0,18
28278,0,0,0,0,16
28301,0,0,0,0,67
28303,0,0,0,69,173
28304,0,0,0,0,24
28305,0,0,0,18,34
28306,0,0,0,27,136
28307,0,0,0,0,13
28311,0,0,0,63,179
28312,0,0,0,29,80
28314,0,0,0,92,144
28315,0,0,0,18,25
28326,0,0,0,0,0
28327,0,0,0,0,0
28333,0,0,0,0,1
28334,0,0,9,33,61
28339,0,0,0,0,3
28348,0,0,0,0,92
28358,0,0,0,50,115
28360,0,0,0,9,20
28371,0,0,6,31,51
28372,0,0,0,0,0
28373,0,0,0,0,1
28374,0,0,0,0,8
28376,0,0,0,0,15
28387,0,0,0,0,0
28390,0,0,0,0,33
28391,0,0,0,0,1
28394,0,0,0,0,0
28395,0,0,0,0,0
28401,0,0,0,114,236
28403,0,0,8,135,228
28405,0,0,0,20,90
28409,0,0,0,0,44
28411,0,0,0,0,24
28412,0,0,0,0,0
28420,0,0,0,0,0
28422,0,0,0,3,9
28428,0,0,0,21,49
28429,0,0,0,0,7
28449,0,0,0,0,0
28451,0,0,0,1,2
28460,0,0,0,0,0
28461,0,0,0,0,17
28462,0,0,18,85,116
28465,0,0,0,5,37
28467,0,0,0,0,17
28468,0,0,0,17,36
28469,0,0,0,0,0
28470,0,0,0,0,23
28479,0,0,0,0,0
28480,0,0,0,0,0
28513,0,0,0,0,0
28539,0,0,0,0,1
28540,0,0,0,0,64
28543,0,0,0,0,0
28544,0,0,0,0,3
28546,0,0,0,0,0
28547,0,0,0,0,15
28555,0,0,0,0,0
28590,0,0,0,13,38
28601,0,0,0,0,0
28602,0,0,0,0,0
28610,0,0,0,0,0
28612,0,0,0,0,0
28613,0,0,0,0,0
28619,0,0,0,0,0
28625,0,0,0,0,4
28630,0,0,0,0,0
28637,0,0,0,0,8
28638,0,0,0,0,5
28645,0,0,0,0,0
28650,0,0,0,0,0
28655,0,0,0,0,0
28658,0,0,0,0,0
28677,0,0,0,0,28
28681,0,0,0,0,0
28690,0,0,0,0,8
28701,0,0,0,1,4
28715,0,0,0,0,14
28730,0,0,0,0,1
28748,0,0,0,0,0
28778,0,0,0,0,0
28787,0,0,0,0,0
28801,0,0,0,0,29
28803,0,0,0,26,48
28804,0,0,0,6,24
28805,0,0,0,0,5
28806,0,0,0,0,12
58042,0,0,0,0,0
58047,0,0,0,0,0
58078,0,0,0,0,0
58102,0,0,0,0,0
58103,0,0,0,0,0
58104,0,0,0,0,0
58201,0,0,0,0,0
58202,0,0,0,0,0
58203,0,0,0,0,0
58501,0,0,0,0,0
58503,0,0,0,0,0
58504,0,0,0,0,0
58554,0,0,0,0,0
68005,0,0,0,0,0
68007,0,0,0,0,0
68010,0,0,0,0,0
68022,0,0,0,0,0
68028,0,0,0,0,0
68030,0,0,0,0,0
68046,0,0,0,0,0
68059,0,0,0,0,0
68064,0,0,0,0,0
68069,0,0,0,0,0
68102,0,0,0,0,0
68104,0,0,0,0,0
68105,0,0,0,0,0
68106,0,0,0,0,0
68107,0,0,0,0,0
68108,0,0,0,0,0
68110,0,0,0,0,0
68111,0,0,0,0,0
68112,0,0,0,0,0
68113,0,0,0,0,0
68114,0,0,0,0,0
68116,0,0,0,0,0
68117,0,0,0,0,0
68118,0,0,0,0,0
68122,0,0,0,0,0
68123,0,0,0,0,0
68124,0,0,0,0,0
68127,0,0,0,0,0
68128,0,0,0,0,0
68130,0,0,0,0,0
68131,0,0,0,0,0
68132,0,0,0,0,0
68133,0,0,0,0,0
68134,0,0,0,0,0
68135,0,0,0,0,0
68136,0,0,0,0,0
68137,0,0,0,0,0
68138,0,0,0,0,0
68142,0,0,0,0,0
68144,0,0,0,0,0
68147,0,0,0,0,0
68152,0,0,0,0,0
68154,0,0,0,0,0
68157,0,0,0,0,0
68164,0,0,0,0,0
68317,0,0,0,0,0
68336,0,0,0,0,0
68339,0,0,0,0,0
68430,0,0,0,0,0
68462,0,0,0,0,0
68502,0,0,0,0,0
68503,0,0,0,0,0
68504,0,0,0,0,0
68505,0,0,0,0,0
68506,0,0,0,0,0
68507,0,0,0,0,0
68508,0,0,0,0,0
68510,0,0,0,0,0
68512,0,0,0,0,0
68514,0,0,0,0,0
68516,0,0,0,0,0
68517,0,0,0,0,0
68520,0,0,0,0,0
68521,0,0,0,0,0
68522,0,0,0,0,0
68523,0,0,0,0,0
68524,0,0,0,0,0
68526,0,0,0,0,0
68527,0,0,0,0,0
68528,0,0,0,0,0
68531,0,0,0,0,0
68731,0,0,0,0,0
68776,0,0,0,0,0
3032,0,0,162,1244,1301
3034,0,0,9,118,121
3036,0,0,19,139,146
3038,0,0,409,5016,5150
3045,0,17,372,3302,3440
3046,0,0,13,97,101
3049,0,0,26,138,148
3051,0,18,524,4290,4507
3052,0,0,112,848,890
3053,0,4,484,3783,3961
3054,0,0,388,3823,3962
3060,0,51,429,5500,5624
3062,0,10,473,5037,5203
3063,0,0,257,2704,2790
3064,0,18,206,2965,3038
3076,0,12,311,2313,2400
3079,0,37,521,5128,5309
3087,0,0,38,223,239
3101,0,8,70,450,467
3102,0,52,254,5672,5764
3103,0,64,329,7902,7982
3104,0,83,507,7384,7528
3106,0,8,440,3705,3863
3109,0,21,175,2913,2969
3110,0,7,595,3254,3477
3224,0,0,1,6,6
3229,0,0,4,36,37
3234,0,0,1,22,22
3258,0,0,4,55,56
3275,0,21,122,2548,2590
3301,0,46,422,6433,6584
3303,0,0,91,1414,1437
3304,0,5,169,1012,1074
3307,0,0,8,161,164
3801,0,4,467,3860,4025
3820,0,0,428,4312,4463
3823,0,0,10,45,49
3824,0,6,92,595,623
3833,0,1,7,62,65
3840,0,3,70,410,431
3854,0,0,62,274,294
3856,0,0,36,179,193
3857,0,6,56,852,871
3861,0,0,0,3,3
3862,0,1,26,178,186
3865,0,0,0,4,4
3867,0,0,0,4,4
3868,0,0,1,24,24
3869,0,1,26,289,298
3870,0,6,122,520,560
3878,0,8,66,1930,1955
3885,0,6,69,400,424
7001,0,9,128,225,2706
7002,0,22,427,876,10361
7003,0,0,525,938,8751
7004,0,0,31,342,695
7005,0,0,41,259,567
7006,0,0,43,613,1312
7008,0,0,148,433,5241
7009,6,27,284,556,2674
7010,0,9,170,334,2809
7011,0,63,296,423,6773
7012,0,21,110,255,2815
7013,0,0,433,948,6789
7014,0,0,65,149,1201
7016,0,0,10,565,1175
7017,0,28,144,250,3389
7018,0,49,194,294,2677
7020,0,6,106,203,853
7021,0,0,59,125,304
7022,0,28,115,204,2032
7023,0,0,134,327,1289
7024,0,4,235,455,3299
7026,0,0,214,470,5610
7027,0,0,37,97,1074
7028,6,7,220,467,1208
7029,0,17,126,239,2273
7030,0,22,365,698,2746
7031,0,19,138,314,3519
7032,0,35,252,484,6675
7033,0,0,5,152,387
7034,0,0,9,88,217
7035,0,0,4,40,109
7036,0,0,301,582,9714
7039,0,0,13,958,2137
7040,0,0,0,668,1223
7041,0,0,0,231,468
7042,0,25,369,857,3684
7043,0,0,328,699,2030
7044,0,34,334,592,2460
7045,0,0,2,267,620
7046,0,0,3,102,196
7047,0,77,394,727,7283
7050,0,75,204,334,3213
7052,0,0,72,908,1943
7054,0,0,39,536,993
7055,0,38,195,372,6070
7057,0,12,99,193,2369
7058,0,0,10,109,260
7059,0,0,36,606,1137
7060,0,70,215,377,5181
7062,0,21,85,177,2040
7063,0,6,65,137,1873
7064,0,0,47,111,1287
7065,0,6,202,410,5381
7066,0,12,221,499,3842
7067,0,10,272,720,4739
7068,0,0,0,142,342
7069,0,0,3,140,267
7070,8,11,271,562,3396
7071,0,15,240,536,4773
7072,0,0,121,277,1856
7073,0,6,104,230,1805
7074,0,0,44,80,872
7075,0,16,184,366,2037
7076,0,0,0,650,1491
7077,0,2,47,88,763
7078,0,0,8,670,1203
7079,0,8,16,385,765
7080,0,31,344,814,5822
7081,0,0,21,340,815
7082,0,0,0,58,121
7083,0,26,64,926,2057
7086,0,13,136,300,1462
7087,0,58,262,407,5532
7088,0,0,10,33,98
7090,0,0,19,1040,2106
7092,0,0,2,287,529
7093,15,64,241,423,4607
7094,0,20,296,608,3028
7095,0,24,170,320,3835
7102,0,34,80,120,853
7103,0,28,205,357,3757
7104,0,11,255,466,5106
7105,0,44,199,323,6010
7106,0,118,220,330,3748
7107,0,44,192,319,4174
7108,0,66,220,419,2796
7109,0,0,263,584,6744
7110,0,0,438,895,5875
7111,0,38,283,558,7305
7112,0,37,197,292,3516
7114,0,2,94,198,1957
7201,0,4,113,197,3875
7202,0,64,191,289,4750
7203,0,29,126,253,3478
7204,0,0,117,239,2311
7205,0,19,187,411,4452
7206,0,70,136,239,3561
7208,0,22,102,185,3520
7302,0,13,310,628,2265
7304,0,59,296,598,5077
7305,0,38,407,957,8840
7306,0,105,252,536,4896
7307,0,30,298,584,5667
7310,0,1,22,43,130
7401,0,18,150,336,1122
7407,0,32,209,422,4404
7410,0,0,740,1597,7482
7417,0,3,357,739,2146
7423,0,0,117,289,736
7424,0,17,242,619,5302
7430,0,18,356,633,4018
7432,0,9,138,288,1390
7436,0,0,11,287,696
7440,0,0,0,63,136
7442,0,0,3,36,108
7444,0,0,4,53,97
7446,0,0,282,548,2421
7450,19,38,647,1323,4011
7452,8,21,329,721,2252
7458,0,14,408,792,2228
7463,0,10,166,369,1809
7470,0,0,79,1235,2832
7481,0,11,386,860,3076
7501,0,70,214,348,3320
7502,0,0,96,208,2552
7503,0,49,127,208,2786
7504,0,10,98,194,1636
7505,0,7,31,57,435
7506,0,0,233,497,4200
7508,0,34,353,596,4493
7512,0,22,222,477,3322
7513,0,0,32,74,1465
7514,0,24,65,108,2101
7522,0,23,124,185,2431
7524,0,23,105,170,1809
7601,0,0,142,378,5216
7603,0,2,73,150,1619
7604,0,0,166,388,2732
7605,0,9,129,271,1393
7606,0,3,27,59,656
7607,0,12,143,261,2141
7620,2,2,36,66,189
7621,0,16,301,612,4798
7624,0,0,228,516,1845
7626,0,0,151,360,1533
7627,0,0,111,236,886
7628,0,0,188,402,3393
7630,0,0,152,315,1620
7631,0,37,287,620,3771
7632,0,0,240,529,1482
7640,0,0,88,217,854
7641,0,0,73,166,470
7642,2,14,180,442,1761
7643,0,12,98,172,1969
7644,0,37,233,550,4364
7645,0,0,140,370,1371
7646,0,3,186,397,2846
7647,0,0,96,196,1209
7648,0,1,117,247,1072
7649,0,9,246,510,1605
7650,0,13,135,275,2400
7652,0,0,472,1008,6327
7656,0,0,170,337,1460
7657,0,0,107,248,2070
7660,0,0,90,228,2118
7661,0,5,220,499,2136
7662,0,25,105,245,1422
7663,12,32,220,513,3620
7666,0,27,531,1178,6082
7670,12,17,316,644,2072
7675,0,0,568,1230,4827
7676,0,3,135,333,1489
7677,0,5,162,341,969
7701,0,5,42,502,1407
7702,0,1,2,169,329
7704,0,0,6,286,611
7711,0,0,5,89,219
7712,0,30,89,623,1848
7716,0,0,9,172,440
7717,0,0,5,90,249
7718,0,0,4,161,489
7719,0,0,70,665,1559
7720,0,0,16,83,287
7721,0,0,0,30,132
7722,0,0,6,132,284
7723,0,0,20,129,259
7724,0,24,48,346,1134
7726,0,0,95,1115,2811
7727,0,0,16,168,473
7728,0,0,35,840,2990
7730,0,0,73,389,1193
7731,0,0,9,687,2088
7732,0,0,0,111,301
7733,0,0,8,598,1383
7734,0,0,35,171,584
7735,0,0,37,334,1139
7737,0,0,1,58,222
7738,0,6,7,165,384
7739,0,0,3,307,682
7740,0,0,59,403,1375
7746,0,0,15,785,1715
7747,0,0,16,649,1812
7748,0,0,55,680,1661
7750,0,0,16,139,344
7751,0,0,29,778,1609
7753,0,0,132,652,1981
7755,0,0,10,111,363
7756,0,1,12,62,216
7757,0,0,15,176,477
7758,0,0,0,103,307
7760,0,0,19,391,806
7762,0,0,22,348,1025
7764,0,2,34,202,626
7801,0,0,22,183,453
7803,0,0,0,42,129
7821,0,0,0,1,3
7828,0,0,0,113,293
7834,0,0,7,307,673
7836,0,3,11,255,544
7838,0,0,0,0,1
7840,0,0,36,361,722
7843,0,0,4,22,61
7847,0,0,1,13,43
7849,0,0,0,2,4
7850,0,0,14,77,172
7852,0,0,4,50,140
7853,0,0,7,257,510
7856,0,0,1,20,53
7857,0,0,0,39,109
7866,0,0,16,268,588
7869,0,0,9,581,1312
7874,0,0,0,60,122
7876,0,0,0,287,631
7878,0,0,0,0,5
7885,0,2,24,144,280
7901,0,0,22,514,1082
7920,0,0,34,782,1800
7921,0,0,6,121,245
7922,0,0,2,303,629
7924,0,0,4,181,383
7927,0,0,2,91,202
7928,0,0,0,466,1027
7930,0,0,2,160,312
7931,0,0,4,51,114
7932,0,0,5,267,548
7933,0,0,0,93,171
7935,0,0,0,21,49
7936,0,0,20,327,770
7940,0,0,13,463,912
7945,0,0,0,346,654
7946,0,0,1,125,240
7950,0,0,4,424,878
7960,0,0,34,763,1644
7974,0,0,4,292,566
7980,0,0,1,83,160
7981,0,9,23,229,472
8002,0,58,275,425,4625
8003,0,8,1003,3541,7546
8004,0,11,170,1051,2598
8007,0,19,44,79,1160
8009,0,36,163,1255,3176
8010,0,6,100,213,2664
8012,0,83,559,3530,8932
8016,0,27,577,1091,8633
8020,0,1,4,14,29
8021,0,125,383,2975,8151
8022,0,0,14,189,566
8023,0,0,0,25,79
8026,0,19,75,303,718
8027,0,22,67,718,1821
8028,0,61,279,2083,4895
8029,0,1,49,96,1357
8030,17,50,150,230,3244
8031,0,17,97,157,3271
8032,0,0,9,69,154
8033,0,13,385,703,2961
8034,0,24,273,469,3821
8035,0,6,130,251,1794
8036,0,0,117,200,1557
8037,0,44,264,1806,3872
8043,0,205,921,2870,6125
8045,0,11,56,95,754
8046,0,48,358,667,9370
8048,0,0,240,453,3140
8049,5,14,50,97,1478
8051,0,4,126,914,2022
8052,0,0,106,244,3960
8053,0,99,961,4534,11741
8054,56,90,696,1471,10508
8055,0,32,578,1927,4221
8057,0,0,717,1490,5410
8059,0,32,79,167,1735
8060,0,0,219,408,4616
8062,0,15,103,352,666
8063,0,1,27,53,850
8065,2,12,62,104,1509
8066,2,51,125,950,2376
8069,0,27,75,559,1468
8070,5,61,173,1693,4564
8071,9,33,102,860,2118
8075,32,138,406,748,7759
8077,0,0,328,682,5034
8078,7,35,68,150,2281
8079,0,9,27,251,665
8080,0,34,906,4959,10847
8081,0,323,865,4761,12374
8083,0,43,213,1036,2587
8084,9,48,138,662,1700
8085,0,0,2,8,17
8086,0,20,128,854,1943
8088,0,2,8,39,98
8089,4,29,69,360,933
8090,0,18,121,965,2227
8091,0,0,5,58,162
8093,0,31,110,189,2306
8094,0,297,836,4875,10586
8096,0,156,681,3903,9354
8097,0,5,51,351,842
8102,0,8,62,114,950
8103,0,81,169,325,2385
8104,0,96,281,470,3491
8105,0,38,151,316,3627
8106,0,0,113,183,2508
8107,23,57,131,231,2745
8108,0,55,215,454,3699
8109,0,31,218,427,5004
8110,0,42,212,387,4414
8201,6,14,37,338,700
8203,0,113,621,2956,5673
8221,0,79,260,1029,1876
8223,0,15,94,628,1204
8225,0,28,212,1352,2712
8226,0,278,1066,5565,10618
8230,0,16,78,511,994
8232,47,117,234,2272,4590
8234,21,104,687,5061,10090
8244,0,48,157,1421,2945
8270,0,0,1,12,23
8302,0,3,10,99,220
8310,0,14,20,192,404
8312,0,39,151,932,2209
8318,0,12,102,792,2011
8322,0,23,207,1217,2745
8326,1,9,16,237,498
8328,0,5,10,128,346
8330,0,2,5,50,106
8332,45,208,410,2476,5429
8340,0,0,0,14,31
8341,0,8,18,205,417
8343,0,23,132,532,1139
8344,2,8,75,680,1631
8346,0,0,0,58,132
8352,0,0,1,4,10
8360,33,145,413,4754,10970
8361,52,148,297,1741,3864
8401,24,277,459,2930,5701
8402,23,225,577,2361,4383
8403,0,33,151,592,1109
8406,0,59,289,1996,4046
8501,0,2,12,262,691
8502,0,0,0,500,1022
8505,0,36,302,532,4810
8510,0,0,0,71,166
8512,0,0,26,223,565
8514,0,0,6,87,206
8515,0,0,2,303,667
8518,0,1,60,122,1393
8520,0,0,7,494,1293
8525,0,0,4,80,153
8527,0,0,0,472,2125
8533,0,0,0,0,0
8534,0,0,0,532,1018
8535,0,0,3,96,207
8536,0,0,181,396,2947
8540,0,153,1024,2058,8368
8542,0,0,57,117,596
8550,0,0,0,844,1877
8553,0,0,17,34,185
8554,0,0,48,92,862
8555,0,0,0,8,35
8558,0,1,150,307,806
8560,0,0,2,45,134
8562,0,0,1,6,26
8609,0,50,106,176,2052
8610,49,140,321,469,7964
8611,0,90,237,530,4437
8618,0,64,358,665,6014
8619,0,0,184,564,6294
8620,0,0,4,299,676
8628,0,2,94,189,2222
8629,10,29,52,130,2022
8638,0,61,411,660,5664
8648,0,29,434,947,6672
8690,0,11,274,559,5311
8691,0,0,5,476,1121
8701,0,0,0,602,2578
8720,0,0,5,42,81
8721,0,0,8,78,304
8722,0,0,0,135,569
8723,0,0,40,496,2143
8724,0,0,25,665,2661
8730,0,0,1,177,433
8731,0,0,0,0,1
8732,0,0,0,25,107
8733,0,0,18,36,137
8735,0,0,28,324,1144
8736,0,0,0,572,1487
8738,0,0,11,198,423
8740,0,0,1,13,168
8741,0,0,3,54,168
8742,0,0,117,811,2483
8750,0,0,0,262,618
8751,0,0,95,420,972
8752,0,0,10,112,376
8753,0,0,332,1290,4701
8755,0,0,34,437,1652
8757,0,0,70,519,2537
8759,15,81,228,1712,4964
8804,0,0,3,14,31
8805,0,15,126,235,2392
8807,0,0,35,794,1775
8810,0,4,166,340,2011
8812,0,0,284,627,2882
8816,0,0,74,1264,2432
8817,0,0,436,984,8750
8820,0,0,799,1674,7369
8823,3,3,77,153,1572
8824,0,0,448,857,3180
8828,0,0,3,27,76
8830,0,4,229,490,3691
8831,0,0,141,1096,3224
8832,0,8,27,52,337
8835,6,48,174,336,2991
8836,0,0,2,183,367
8837,0,6,153,297,3049
8840,0,0,360,741,3795
8844,0,0,0,1215,2422
8846,0,0,127,293,3453
8848,0,0,1,11,26
8850,0,0,159,383,2587
8852,0,7,234,532,3091
8854,0,0,531,1137,10073
8857,0,0,37,594,1596
8859,0,0,0,248,655
8861,0,0,257,539,7977
8863,3,33,154,399,3076
8865,0,0,0,377,960
8869,0,0,98,205,1881
8872,0,0,14,212,708
8873,13,51,819,1587,11903
8876,0,0,14,219,537
8879,0,0,11,210,674
8880,0,10,23,38,957
8882,0,0,36,206,666
8884,0,0,6,132,310
8886,0,0,0,87,218
8901,0,63,364,677,5936
8902,0,38,346,684,7090
8904,0,22,131,266,2324
87002,0,308,5153,5216,5216
87004,0,0,10,10,10
87008,0,88,617,635,635
87015,0,50,1120,1133,1133
87022,0,5,98,99,99
87031,0,299,7035,7113,7113
87035,0,61,1160,1177,1177
87042,0,78,1161,1181,1181
87047,0,18,219,223,223
87048,0,422,4360,4444,4444
87059,0,49,666,675,675
87068,0,86,1330,1350,1350
87102,0,585,7645,7793,7793
87104,0,333,4911,4976,4976
87105,0,877,20712,20900,20900
87106,0,831,8610,8831,8831
87107,0,1011,13815,14040,14040
87108,0,775,10538,10775,10775
87109,0,791,12427,12578,12578
87110,0,788,15305,15491,15491
87111,0,1766,19043,19431,19431
87112,0,942,15738,15945,15945
87113,0,359,6130,6210,6210
87114,0,1277,21383,21665,21665
87116,0,32,1583,1591,1591
87120,0,1026,21104,21361,21361
87121,0,1097,20880,21154,21154
87122,0,625,3568,3697,3697
87123,0,951,13592,13771,13771
87124,0,833,20166,20329,20329
87144,0,101,2384,2409,2409
87401,0,549,11084,11218,11218
87402,0,116,2661,2694,2694
87501,0,809,8168,8343,8343
87505,0,1015,12815,13049,13049
87506,0,213,1816,1868,1868
87507,0,679,13696,13848,13848
87508,0,277,3249,3301,3301
88001,0,674,11703,12040,12040
88005,0,354,10279,10425,10435
88007,0,177,5586,5688,5688
88008,0,7,324,326,327
88011,0,353,7826,8010,8010
88012,0,188,5594,5691,5691
88047,0,1,21,21,21
88063,0,202,2697,2766,2766
89002,0,652,11042,11075,11075
89005,0,422,5614,5631,5631
89011,0,628,7878,7934,7934
89012,0,863,11003,11069,11069
89014,0,481,9396,9434,9434
89015,0,649,12666,12717,12717
89030,0,464,6974,7037,7037
89032,0,381,7895,7943,7943
89044,0,0,2,2,2
89052,0,1335,12223,12359,12359
89074,0,1245,15456,15549,15549
89101,0,489,7013,7084,7084
89102,0,395,7154,7190,7190
89103,0,452,9546,9623,9623
89104,0,634,10277,10401,10401
89106,0,483,6755,6810,6810
89107,0,502,9424,9481,9481
89108,0,835,16569,16686,16686
89109,0,139,1229,1246,1246
89110,0,1239,16757,16961,16961
89113,0,641,7948,8012,8012
89115,0,176,3507,3532,3532
89117,0,1322,16026,16155,16155
89118,0,412,5586,5637,5637
89119,0,420,8168,8250,8250
89120,0,270,6905,6933,6933
89121,0,956,14581,14728,14728
89122,0,602,13915,13971,13971
89123,0,928,16554,16588,16588
89128,0,485,10024,10095,10095
89129,0,1088,14068,14152,14152
89130,0,54,1112,1117,1117
89134,0,907,11547,11628,11628
89135,0,1481,10987,11121,11121
89138,0,403,2413,2433,2433
89139,0,722,12838,12903,12903
89141,0,973,8654,8768,8768
89142,0,390,8229,8287,8287
89144,0,712,6221,6309,6309
89145,0,594,7339,7435,7435
89146,0,319,4941,4986,4986
89147,0,804,14547,14605,14605
89148,0,675,8921,8984,8984
89156,0,361,6497,6569,6569
89158,0,4,23,23,23
89166,0,1,11,11,11
89169,0,208,2796,2841,2841
89178,0,328,4295,4317,4317
89183,0,391,9048,9084,9084
89403,0,2,55,55,55
89410,0,3,50,51,51
89423,0,236,4265,4299,4299
89431,0,238,9448,9486,9486
89433,0,138,6221,6246,6246
89434,0,166,7217,7238,7238
89436,0,672,13035,13167,13167
89439,0,15,119,120,120
89441,0,436,3944,4033,4033
89501,0,54,608,621,621
89502,0,271,10009,10069,10069
89503,0,369,7597,7689,7689
89506,0,545,11752,11835,11835
89508,0,21,730,734,734
89509,0,616,10013,10094,10094
89510,0,2,48,48,48
89511,0,744,8386,8557,8557
89512,0,268,5294,5358,5358
89519,0,490,3541,3632,3632
89521,0,682,9355,9478,9478
89523,0,585,10526,10654,10654
89701,0,364,8222,8288,8288
89703,0,195,3070,3101,3101
89705,0,74,1945,1959,1959
89706,0,139,6302,6334,6334
10001,0,0,0,0,0
10002,0,0,0,0,0
10003,0,0,0,0,0
10004,0,0,0,0,0
10005,0,0,0,0,0
10006,0,0,0,0,0
10007,0,0,0,0,0
10009,0,0,0,0,13
10010,0,0,0,0,3
10011,0,0,0,0,0
10012,0,0,0,0,3
10013,0,0,0,0,0
10014,0,0,0,0,0
10016,0,0,0,0,0
10017,0,0,0,0,0
10018,0,0,0,0,0
10019,0,0,0,0,0
10021,0,0,0,0,0
10022,0,0,0,0,0
10023,0,0,0,0,1
10024,0,0,0,0,0
10025,0,0,0,0,0
10026,0,0,0,0,0
10027,0,0,0,0,0
10028,0,0,0,0,0
10029,0,0,0,0,6
10030,0,0,0,0,0
10031,0,0,0,0,0
10032,0,0,0,0,2
10033,0,0,0,0,2
10034,0,0,0,0,0
10035,0,0,0,0,0
10036,0,0,0,0,6
10037,0,0,0,0,0
10038,0,0,0,0,0
10039,0,0,0,0,2
10040,0,0,0,0,0
10044,0,0,0,0,0
10065,0,0,0,0,2
10069,0,0,0,0,0
10075,0,0,0,2,4
10128,0,0,0,0,3
10280,0,0,0,0,0
10282,0,0,0,0,0
10301,0,0,0,0,24
10302,0,0,0,0,0
10303,0,0,0,0,0
10304,0,0,0,0,26
10305,0,0,0,0,0
10306,0,0,0,0,0
10307,0,0,0,0,0
10308,0,0,0,0,0
10309,0,0,0,0,13
10310,0,0,0,0,9
10312,0,0,0,0,26
10314,0,0,0,0,68
10451,0,0,0,0,4
10452,0,0,0,0,6
10453,0,0,0,0,19
10454,0,0,0,0,0
10455,0,0,0,0,0
10456,0,0,0,0,20
10457,0,0,0,0,0
10458,0,0,0,0,30
10459,0,0,0,0,7
10460,0,0,0,0,5
10461,0,0,0,0,8
10462,0,0,0,0,7
10463,0,0,0,3,13
10464,0,0,0,0,0
10465,0,0,0,0,3
10466,0,0,0,0,0
10467,0,0,0,0,0
10468,0,0,0,0,10
10469,0,0,0,0,0
10470,0,0,0,0,0
10471,0,0,0,0,0
10472,0,0,0,0,0
10473,0,0,0,0,0
10474,0,0,0,0,16
10475,0,0,0,0,0
10501,0,0,0,0,0
10502,0,0,0,0,2
10504,0,0,0,0,0
10505,0,0,0,0,0
10506,0,0,0,0,4
10507,0,0,0,0,6
10510,0,0,0,5,7
10511,0,0,0,0,3
10514,0,0,0,0,0
10516,0,0,0,0,0
10517,0,0,0,0,0
10520,0,0,0,0,0
10522,0,0,0,0,3
10523,0,0,0,7,15
10524,0,0,0,0,0
10526,0,0,0,0,0
10527,0,0,0,0,0
10528,0,0,0,0,0
10530,0,0,0,0,5
10532,0,0,0,0,0
10533,0,0,0,0,0
10536,0,0,0,0,2
10537,0,0,0,0,0
10538,0,0,0,0,1
10541,0,0,0,0,0
10543,0,0,0,0,0
10546,0,0,0,0,0
10547,0,0,0,0,3
10548,0,0,0,0,0
10549,0,0,0,0,8
10550,0,0,0,0,48
10552,0,0,0,0,0
10553,0,0,0,0,4
10560,0,0,0,0,0
10562,0,0,0,5,21
10566,0,0,0,0,26
10567,0,0,0,0,0
10570,0,0,0,0,0
10573,0,0,0,0,0
10576,0,0,0,0,0
10577,0,0,0,0,0
10578,0,0,0,0,0
10579,0,0,0,0,0
10580,0,0,0,0,2
10583,0,0,0,0,0
10588,0,0,0,0,0
10589,0,0,0,0,0
10591,0,0,0,0,3
10594,0,0,0,0,0
10595,0,0,0,0,9
10596,0,0,0,0,1
10598,0,0,0,0,0
10601,0,0,0,0,0
10603,0,0,0,0,0
10604,0,0,0,0,0
10605,0,0,3,7,24
10606,0,0,0,0,9
10607,0,0,0,0,0
10701,0,0,0,22,88
10703,0,0,0,0,3
10704,0,0,0,0,10
10705,0,0,0,0,0
10706,0,0,0,0,0
10707,0,0,0,0,4
10708,0,0,0,0,5
10709,0,0,0,2,4
10710,0,0,0,0,0
10801,0,0,0,0,9
10803,0,0,0,0,0
10804,0,0,0,0,3
10901,0,0,0,0,0
10913,0,0,0,0,0
10920,0,0,0,0,0
10923,0,0,0,0,2
10927,0,0,0,0,8
10931,0,0,0,0,0
10952,0,0,0,0,0
10954,0,0,0,0,0
10956,0,0,0,0,0
10960,0,0,0,0,0
10962,0,0,0,0,0
10964,0,0,0,0,0
10965,0,0,0,0,0
10968,0,0,0,1,1
10970,0,0,0,0,9
10974,0,0,0,0,0
10976,0,0,0,0,0
10977,0,0,0,0,0
10980,0,0,0,0,0
10983,0,0,0,0,0
10984,0,0,0,0,0
10986,0,0,0,0,0
10989,0,0,0,0,0
10993,0,0,0,0,0
10994,0,0,0,0,4
11001,0,0,0,0,12
11003,0,0,0,0,0
11004,0,0,0,0,13
11005,0,0,0,0,0
11010,0,0,0,0,0
11020,0,0,0,0,0
11021,0,0,0,0,0
11023,0,0,0,0,0
11024,0,0,0,0,0
11030,0,0,0,0,0
11040,0,0,0,0,0
11050,0,0,0,0,0
11096,0,0,0,0,3
11101,0,0,0,0,0
11102,0,0,0,0,0
11103,0,0,0,0,9
11104,0,0,0,0,6
11105,0,0,0,0,0
11106,0,0,0,0,7
11109,0,0,0,0,0
11201,0,0,0,0,10
11203,0,0,0,0,0
11204,0,0,0,0,0
11205,0,0,0,0,0
11206,0,0,0,0,7
11207,0,0,0,0,121
11208,0,0,0,0,27
11209,0,0,0,36,58
11210,0,0,0,0,28
11211,0,0,0,0,8
11212,0,0,0,0,0
11213,0,0,0,0,27
11214,0,0,0,0,18
11215,0,0,0,0,12
11216,0,0,0,0,36
11217,0,0,0,0,3
11218,0,0,0,0,0
11219,0,0,0,0,58
11220,0,0,0,0,0
11221,0,0,0,0,27
11222,0,0,0,0,0
11223,0,0,0,0,120
11224,0,0,0,0,21
11225,0,0,0,0,0
11226,0,0,0,0,14
11228,0,0,0,0,0
11229,0,0,0,31,136
11230,0,0,0,0,0
11231,0,0,0,14,34
11232,0,0,0,0,13
11233,0,0,0,0,56
11234,0,0,0,0,0
11235,0,0,0,0,0
11236,0,0,0,24,155
11237,0,0,0,0,0
11238,0,0,0,0,9
11239,0,0,0,0,1
11249,0,0,0,0,0
11354,0,0,0,0,4
11355,0,0,0,0,26
11356,0,0,0,0,0
11357,0,0,0,0,0
11358,0,0,0,0,0
11360,0,0,0,0,0
11361,0,0,0,0,0
11362,0,0,0,0,0
11363,0,0,0,0,0
11364,0,0,0,0,26
11365,0,0,0,0,11
11366,0,0,0,0,0
11367,0,0,0,0,3
11368,0,0,0,0,0
11369,0,0,0,0,0
11370,0,0,0,0,0
11372,0,0,0,4,10
11373,0,0,0,0,6
11374,0,0,0,0,9
11375,0,0,0,0,0
11377,0,0,0,17,57
11378,0,0,0,0,0
11379,0,0,0,0,0
11385,0,0,0,0,23
11411,0,0,0,0,0
11412,0,0,0,0,0
11413,0,0,0,0,23
11414,0,0,0,0,0
11415,0,0,0,0,0
11416,0,0,0,0,0
11417,0,0,0,0,0
11418,0,0,0,0,18
11419,0,0,0,0,0
11420,0,0,0,0,0
11421,0,0,0,0,0
11422,0,0,0,0,0
11423,0,0,0,0,21
11426,0,0,0,0,0
11427,0,0,0,0,17
11428,0,0,0,0,0
11429,0,0,0,0,9
11432,0,0,0,0,0
11433,0,0,0,0,4
11434,0,0,0,0,8
11435,0,0,0,0,0
11436,0,0,0,0,0
11501,0,0,0,0,0
11507,0,0,0,0,0
11509,0,0,0,0,0
11510,0,0,0,0,0
11514,0,0,0,0,3
11516,0,0,0,0,0
11518,0,0,0,0,0
11520,0,0,0,8,41
11530,0,0,0,0,0
11542,0,0,0,0,0
11545,0,0,0,0,0
11548,0,0,0,0,0
11550,0,0,0,0,0
11552,0,0,0,0,0
11553,0,0,0,0,5
11554,0,0,0,0,0
11557,0,0,0,2,4
11558,0,0,0,0,0
11559,0,0,0,0,8
11560,0,0,0,0,0
11561,0,0,0,0,0
11563,0,0,0,0,0
11565,0,0,0,0,0
11566,0,0,0,0,0
11568,0,0,0,0,2
11569,0,0,0,0,0
11570,0,0,0,0,0
11572,0,0,0,0,0
11575,0,0,0,0,0
11576,0,0,0,0,0
11577,0,0,0,0,0
11579,0,0,0,0,0
11580,0,0,9,35,44
11581,0,0,0,0,0
11590,0,0,0,0,0
11596,0,0,0,0,0
11598,0,0,0,0,0
11691,0,0,0,0,10
11692,0,0,0,0,10
11693,0,0,0,0,0
11694,0,0,0,0,7
11701,0,0,0,0,0
11702,0,0,0,0,0
11703,0,0,0,0,0
11704,0,0,0,0,0
11705,0,0,0,0,0
11706,0,0,0,0,0
11710,0,0,0,0,0
11713,0,0,0,0,0
11714,0,0,0,0,0
11715,0,0,0,2,4
11716,0,0,0,0,0
11717,0,0,0,0,0
11718,0,0,0,0,0
11719,0,0,0,0,0
11720,0,0,0,0,0
11721,0,0,0,0,0
11722,0,0,0,0,0
11724,0,0,0,0,0
11725,0,0,0,0,0
11726,0,0,0,0,12
11727,0,0,0,0,0
11729,0,0,0,0,0
11730,0,0,0,0,0
11731,0,0,0,0,0
11732,0,0,0,0,0
11733,0,0,0,0,0
11735,0,0,0,0,9
11738,0,0,0,0,8
11739,0,0,0,0,0
11740,0,0,0,0,0
11741,0,0,0,0,0
11742,0,0,0,0,0
11743,0,0,0,0,0
11746,0,0,0,0,0
11747,0,0,0,0,0
11749,0,0,0,0,0
11751,0,0,0,0,0
11752,0,0,0,0,0
11753,0,0,0,0,0
11754,0,0,0,0,0
11755,0,0,0,0,0
11756,0,0,0,0,0
11757,0,0,0,0,0
11758,0,0,0,0,0
11762,0,0,0,0,0
11763,0,0,0,0,0
11764,0,0,0,0,0
11765,0,0,0,0,0
11766,0,0,0,0,0
11767,0,0,0,0,0
11768,0,0,0,0,0
11769,0,0,0,0,0
11771,0,0,0,0,0
11772,0,0,0,0,0
11776,0,0,0,0,0
11777,0,0,0,0,0
11779,0,0,0,0,0
11780,0,0,0,0,0
11782,0,0,0,0,25
11783,0,0,0,0,0
11784,0,0,0,0,0
11787,0,0,0,0,0
11788,0,0,0,0,0
11790,0,0,0,0,0
11791,0,0,0,0,0
11793,0,0,0,0,0
11795,0,0,0,0,0
11796,0,0,0,0,0
11797,0,0,0,0,0
11798,0,0,0,0,0
11801,0,0,0,0,0
11803,0,0,0,0,0
11804,0,0,0,0,0
11901,0,0,0,0,0
11930,0,0,0,0,0
11932,0,0,0,0,0
11933,0,0,0,0,0
11934,0,0,0,0,0
11935,0,0,0,0,0
11937,0,0,0,0,0
11939,0,0,0,0,0
11940,0,0,0,0,0
11941,0,0,0,0,0
11942,0,0,0,0,0
11944,0,0,0,0,0
11946,0,0,0,0,0
11948,0,0,0,0,0
11949,0,0,0,0,0
11950,0,0,0,0,0
11951,0,0,0,0,0
11952,0,0,0,0,0
11953,0,0,0,0,0
11954,0,0,0,0,0
11955,0,0,0,0,0
11957,0,0,0,0,0
11958,0,0,0,0,0
11960,0,0,0,0,0
11962,0,0,0,0,0
11963,0,0,0,0,0
11964,0,0,0,0,0
11965,0,0,0,0,0
11967,0,0,0,0,0
11968,0,0,0,0,0
11971,0,0,0,0,0
11976,0,0,0,0,7
11977,0,0,0,0,0
11978,0,0,0,0,0
11980,0,0,0,0,0
12008,0,0,0,0,0
12009,0,0,0,0,0
12018,0,0,0,0,0
12019,0,0,0,0,0
12033,0,0,0,0,0
12047,0,0,0,0,0
12054,0,0,0,0,0
12056,0,0,0,0,0
12061,0,0,0,0,0
12063,0,0,0,0,0
12065,0,0,0,0,0
12067,0,0,0,0,0
12077,0,0,0,0,0
12084,0,0,0,0,0
12085,0,0,0,0,0
12110,0,0,0,0,0
12118,0,0,0,0,0
12121,0,0,0,0,0
12123,0,0,0,0,0
12140,0,0,0,0,0
12144,0,0,0,0,0
12148,0,0,0,0,0
12150,0,0,0,0,0
12154,0,0,0,0,0
12158,0,0,0,0,0
12159,0,0,0,0,0
12180,0,0,0,0,0
12182,0,0,0,0,0
12183,0,0,0,0,1
12186,0,0,0,0,0
12188,0,0,0,0,0
12189,0,0,0,0,0
12196,0,0,0,0,0
12198,0,0,0,0,0
12202,0,0,0,0,0
12203,0,0,0,0,0
12204,0,0,0,0,0
12205,0,0,0,0,0
12206,0,0,0,0,0
12207,0,0,0,0,0
12208,0,0,0,0,0
12209,0,0,0,0,0
12210,0,0,0,0,0
12211,0,0,0,0,0
12222,0,0,0,0,0
12302,0,0,0,0,0
12303,0,0,0,0,0
12304,0,0,0,0,0
12305,0,0,0,0,0
12306,0,0,0,0,0
12307,0,0,0,0,0
12308,0,0,0,0,0
12309,0,0,0,0,0
12401,0,0,0,0,0
12411,0,0,0,0,0
12417,0,0,0,0,0
12419,0,0,0,0,0
12432,0,0,0,0,0
12440,0,0,0,0,0
12443,0,0,0,0,0
12449,0,0,0,0,0
12456,0,0,0,0,0
12466,0,0,0,0,0
12471,0,0,0,0,0
12472,0,0,0,0,0
12475,0,0,0,0,0
12477,0,0,0,0,0
12484,0,0,0,0,0
12486,0,0,0,0,0
12487,0,0,0,0,0
12498,0,0,0,0,0
12508,0,0,0,0,0
12512,0,0,0,0,0
12518,0,0,0,0,0
12520,0,0,0,0,1
12524,0,0,0,0,0
12525,0,0,0,0,0
12528,0,0,0,0,0
12533,0,0,0,0,0
12538,0,0,0,0,0
12542,0,0,0,0,0
12547,0,0,0,0,0
12548,0,0,0,0,0
12549,0,0,0,0,0
12550,0,0,0,0,0
12553,0,0,0,0,0
12561,0,0,0,0,0
12569,0,0,0,0,0
12572,0,0,0,0,0
12575,0,0,0,0,0
12577,0,0,0,0,0
12578,0,0,0,0,0
12580,0,0,0,0,0
12586,0,0,0,0,0
12589,0,0,0,0,0
12590,0,0,0,0,0
12601,0,0,0,0,0
12603,0,0,0,0,0
12801,0,0,0,0,0
12803,0,0,0,0,0
12804,0,0,0,0,0
12827,0,0,0,0,0
12828,0,0,0,0,0
12831,0,0,0,0,0
12839,0,0,0,0,0
12845,0,0,0,0,0
12901,0,0,0,0,0
12903,0,0,0,0,0
12918,0,0,0,0,0
12962,0,0,0,0,0
13021,0,0,0,0,0
13027,0,0,0,0,0
13029,0,0,0,0,0
13030,0,0,0,0,0
13031,0,0,0,0,0
13039,0,0,0,0,0
13041,0,0,0,0,0
13057,0,0,0,0,0
13060,0,0,0,0,0
13066,0,0,0,0,0
13068,0,0,0,0,0
13073,0,0,0,0,0
13078,0,0,0,0,0
13082,0,0,0,0,0
13084,0,0,0,0,0
13088,0,0,0,0,0
13090,0,0,0,0,0
13104,0,0,0,0,0
13108,0,0,0,0,0
13112,0,0,0,0,0
13116,0,0,0,0,0
13120,0,0,0,0,0
13132,0,0,0,0,0
13135,0,0,0,0,0
13152,0,0,0,0,0
13164,0,0,0,0,0
13202,0,0,0,0,0
13203,0,0,0,0,0
13204,0,0,0,0,0
13205,0,0,0,0,0
13206,0,0,0,0,0
13207,0,0,0,0,0
13208,0,0,0,0,0
13209,0,0,0,0,0
13210,0,0,0,0,0
13211,0,0,0,0,0
13212,0,0,0,0,0
13214,0,0,0,0,0
13215,0,0,0,0,0
13219,0,0,0,0,0
13224,0,0,0,0,0
13319,0,0,0,0,0
13323,0,0,0,0,0
13340,0,0,0,0,0
13354,0,0,0,0,0
13403,0,0,0,0,0
13413,0,0,0,0,0
13417,0,0,0,0,0
13424,0,0,0,0,0
13456,0,0,0,0,0
13492,0,0,0,0,0
13495,0,0,0,0,0
13501,0,0,0,0,0
13502,0,0,0,0,0
13601,0,0,0,0,0
13603,0,0,0,0,0
13612,0,0,0,0,0
13616,0,0,0,0,0
13634,0,0,0,0,0
13637,0,0,0,0,0
13748,0,0,0,0,0
13760,0,0,0,0,0
13790,0,0,0,0,0
13795,0,0,0,0,0
13827,0,0,0,0,0
13850,0,0,0,0,0
13901,0,0,0,0,0
13903,0,0,0,0,0
13904,0,0,0,0,0
13905,0,0,0,0,0
14004,0,0,0,0,0
14026,0,0,0,0,0
14031,0,0,0,0,0
14032,0,0,0,0,0
14043,0,0,0,0,0
14051,0,0,0,0,0
14052,0,0,0,0,0
14059,0,0,0,0,0
14068,0,0,0,0,0
14072,0,0,0,0,0
14075,0,0,0,0,0
14086,0,0,0,0,0
14092,0,0,0,0,0
14094,0,0,0,0,0
14120,0,0,0,0,0
14127,0,0,0,0,0
14131,0,0,0,0,0
14132,0,0,0,0,0
14150,0,0,0,0,0
14174,0,0,0,0,0
14201,0,0,0,0,0
14202,0,0,0,0,0
14203,0,0,0,0,0
14204,0,0,0,0,0
14206,0,0,0,0,0
14207,0,0,0,0,0
14208,0,0,0,0,0
14209,0,0,0,0,0
14210,0,0,0,0,0
14211,0,0,0,0,0
14212,0,0,0,0,0
14213,0,0,0,0,0
14214,0,0,0,0,0
14215,0,0,0,0,0
14216,0,0,0,0,0
14217,0,0,0,0,0
14218,0,0,0,0,0
14219,0,0,0,0,0
14220,0,0,0,0,0
14221,0,0,0,0,0
14222,0,0,0,0,0
14223,0,0,0,0,0
14224,0,0,0,0,0
14225,0,0,0,0,0
14226,0,0,0,0,0
14227,0,0,0,0,0
14228,0,0,0,0,0
14301,0,0,0,0,0
14303,0,0,0,0,0
14304,0,0,0,0,0
14305,0,0,0,0,0
14428,0,0,0,0,0
14445,0,0,0,0,0
14450,0,0,0,0,0
14467,0,0,0,0,0
14468,0,0,0,0,0
14472,0,0,0,0,0
14506,0,0,0,0,0
14514,0,0,0,0,0
14526,0,0,0,0,0
14534,0,0,0,0,0
14543,0,0,0,0,0
14546,0,0,0,0,0
14559,0,0,0,0,0
14564,0,0,0,0,0
14580,0,0,0,0,0
14586,0,0,0,0,0
14604,0,0,0,0,0
14605,0,0,0,0,0
14606,0,0,0,0,0
14607,0,0,0,0,0
14608,0,0,0,0,0
14609,0,0,0,0,0
14610,0,0,0,0,0
14611,0,0,0,0,0
14612,0,0,0,0,0
14613,0,0,0,0,0
14614,0,0,0,0,0
14615,0,0,0,0,0
14616,0,0,0,0,0
14617,0,0,0,0,0
14618,0,0,0,0,0
14619,0,0,0,0,0
14620,0,0,0,0,0
14621,0,0,0,0,0
14622,0,0,0,0,0
14623,0,0,0,0,0
14624,0,0,0,0,0
14625,0,0,0,0,0
14626,0,0,0,0,0
14850,0,0,0,0,0
14882,0,0,0,0,0
14883,0,0,0,0,0
43004,0,0,0,0,0
43015,0,0,0,0,0
43016,0,0,0,0,0
43017,0,0,0,0,0
43021,0,0,0,0,0
43026,0,0,0,0,0
43031,0,0,0,0,0
43035,0,0,0,0,0
43054,0,0,0,0,0
43062,0,0,0,0,0
43064,0,0,0,0,0
43065,0,0,0,0,0
43068,0,0,0,0,0
43081,0,0,0,0,0
43082,0,0,0,0,0
43085,0,0,0,0,0
43109,0,0,0,0,0
43110,0,0,0,0,0
43119,0,0,0,0,0
43123,0,0,0,0,0
43125,0,0,0,0,0
43147,0,0,0,0,0
43201,0,0,0,0,0
43202,0,0,0,0,0
43203,0,0,0,0,0
43204,0,0,0,0,0
43205,0,0,0,0,0
43206,0,0,0,0,0
43207,0,0,0,0,0
43209,0,0,0,0,0
43211,0,0,0,0,0
43212,0,0,0,0,0
43213,0,0,0,0,0
43214,0,0,0,0,0
43215,0,0,0,0,0
43219,0,0,0,0,0
43220,0,0,0,0,0
43221,0,0,0,0,0
43222,0,0,0,0,0
43223,0,0,0,0,0
43224,0,0,0,0,0
43227,0,0,0,0,0
43228,0,0,0,0,0
43229,0,0,0,0,0
43230,0,0,0,0,0
43231,0,0,0,0,0
43232,0,0,0,0,0
43235,0,0,0,0,0
43240,0,0,0,0,0
43402,0,0,0,0,0
43412,0,0,0,0,0
43430,0,0,0,0,0
43434,0,0,0,0,0
43443,0,0,0,0,0
43447,0,0,0,0,0
43460,0,0,0,0,0
43463,0,0,0,0,0
43465,0,0,0,0,0
43469,0,0,0,0,0
43504,0,0,0,0,0
43528,0,0,0,0,0
43537,0,0,0,0,0
43542,0,0,0,0,0
43551,0,0,0,0,0
43558,0,0,0,0,0
43560,0,0,0,0,0
43566,0,0,0,0,0
43571,0,0,0,0,0
43604,0,0,0,0,0
43605,0,0,0,0,0
43606,0,0,0,0,0
43607,0,0,0,0,0
43608,0,0,0,0,0
43609,0,0,0,0,0
43610,0,0,0,0,0
43611,0,0,0,0,0
43612,0,0,0,0,0
43613,0,0,0,0,0
43614,0,0,0,0,0
43615,0,0,0,0,0
43616,0,0,0,0,0
43617,0,0,0,0,0
43619,0,0,0,0,0
43620,0,0,0,0,0
43623,0,0,0,0,0
43701,0,0,0,0,0
43830,0,0,0,0,0
43913,0,0,0,0,0
43926,0,0,0,0,0
43938,0,0,0,0,0
43943,0,0,0,0,0
43952,0,0,0,0,0
43953,0,0,0,0,0
43961,0,0,0,0,0
43964,0,0,0,0,0
44001,0,0,0,0,0
44011,0,0,0,0,0
44012,0,0,0,0,0
44017,0,0,0,0,0
44022,0,0,0,0,0
44024,0,0,0,0,0
44026,0,0,0,0,0
44028,0,0,0,0,0
44035,0,0,0,0,0
44039,0,0,0,0,0
44040,0,0,0,0,0
44044,0,0,0,0,0
44045,0,0,0,0,0
44050,0,0,0,0,0
44052,0,0,0,0,0
44053,0,0,0,0,0
44054,0,0,0,0,0
44055,0,0,0,0,0
44056,0,0,0,0,0
44060,0,0,0,0,0
44067,0,0,0,0,0
44070,0,0,0,0,0
44074,0,0,0,0,0
44077,0,0,0,0,0
44087,0,0,0,0,0
44092,0,0,0,0,0
44094,0,0,0,0,0
44095,0,0,0,0,0
44102,0,0,0,0,0
44103,0,0,0,0,0
44104,0,0,0,0,0
44105,0,0,0,0,0
44106,0,0,0,0,0
44107,0,0,0,0,0
44108,0,0,0,0,0
44109,0,0,0,0,0
44110,0,0,0,0,0
44111,0,0,0,0,0
44112,0,0,0,0,0
44113,0,0,0,0,0
44114,0,0,0,0,0
44115,0,0,0,0,0
44116,0,0,0,0,0
44117,0,0,0,0,0
44118,0,0,0,0,0
44119,0,0,0,0,0
44120,0,0,0,0,0
44121,0,0,0,0,0
44122,0,0,0,0,0
44123,0,0,0,0,0
44124,0,0,0,0,0
44125,0,0,0,0,0
44126,0,0,0,0,0
44127,0,0,0,0,0
44128,0,0,0,0,0
44129,0,0,0,0,0
44130,0,0,0,0,0
44131,0,0,0,0,0
44132,0,0,0,0,0
44133,0,0,0,0,0
44134,0,0,0,0,0
44135,0,0,0,0,0
44136,0,0,0,0,0
44137,0,0,0,0,0
44138,0,0,0,0,0
44139,0,0,0,0,0
44140,0,0,0,0,0
44141,0,0,0,0,0
44142,0,0,0,0,0
44143,0,0,0,0,0
44144,0,0,0,0,0
44145,0,0,0,0,0
44146,0,0,0,0,0
44147,0,0,0,0,0
44149,0,0,0,0,0
44201,0,0,0,0,0
44202,0,0,0,0,0
44203,0,0,0,0,0
44216,0,0,0,0,0
44221,0,0,0,0,0
44223,0,0,0,0,0
44224,0,0,0,0,0
44236,0,0,0,0,0
44240,0,0,0,0,0
44241,0,0,0,0,0
44260,0,0,0,0,0
44262,0,0,0,0,0
44264,0,0,0,0,0
44266,0,0,0,0,0
44278,0,0,0,0,0
44286,0,0,0,0,0
44301,0,0,0,0,0
44302,0,0,0,0,0
44303,0,0,0,0,0
44304,0,0,0,0,0
44305,0,0,0,0,0
44306,0,0,0,0,0
44307,0,0,0,0,0
44308,0,0,0,0,0
44310,0,0,0,0,0
44311,0,0,0,0,0
44312,0,0,0,0,0
44313,0,0,0,0,0
44314,0,0,0,0,0
44319,0,0,0,0,0
44320,0,0,0,0,0
44321,0,0,0,0,0
44333,0,0,0,0,0
44401,0,0,0,0,0
44402,0,0,0,0,0
44403,0,0,0,0,0
44405,0,0,0,0,0
44406,0,0,0,0,0
44410,0,0,0,0,0
44412,0,0,0,0,0
44418,0,0,0,0,0
44420,0,0,0,0,0
44425,0,0,0,0,0
44429,0,0,0,0,0
44430,0,0,0,0,0
44436,0,0,0,0,0
44437,0,0,0,0,0
44438,0,0,0,0,0
44440,0,0,0,0,0
44442,0,0,0,0,0
44444,0,0,0,0,0
44446,0,0,0,0,0
44451,0,0,0,0,0
44452,0,0,0,0,0
44470,0,0,0,0,0
44471,0,0,0,0,0
44473,0,0,0,0,0
44481,0,0,0,0,0
44483,0,0,0,0,0
44484,0,0,0,0,0
44485,0,0,0,0,0
44491,0,0,0,0,0
44502,0,0,0,0,0
44503,0,0,0,0,0
44504,0,0,0,0,0
44505,0,0,0,0,0
44506,0,0,0,0,0
44507,0,0,0,0,0
44509,0,0,0,0,0
44510,0,0,0,0,0
44511,0,0,0,0,0
44512,0,0,0,0,0
44514,0,0,0,0,0
44515,0,0,0,0,0
44601,0,0,0,0,0
44613,0,0,0,0,0
44614,0,0,0,0,0
44622,0,0,0,0,0
44626,0,0,0,0,0
44632,0,0,0,0,0
44641,0,0,0,0,0
44644,0,0,0,0,0
44646,0,0,0,0,0
44647,0,0,0,0,0
44662,0,0,0,0,0
44663,0,0,0,0,0
44666,0,0,0,0,0
44685,0,0,0,0,0
44688,0,0,0,0,0
44702,0,0,0,0,0
44703,0,0,0,0,0
44704,0,0,0,0,0
44705,0,0,0,0,0
44706,0,0,0,0,0
44707,0,0,0,0,0
44708,0,0,0,0,0
44709,0,0,0,0,0
44710,0,0,0,0,0
44714,0,0,0,0,0
44718,0,0,0,0,0
44720,0,0,0,0,0
44721,0,0,0,0,0
44730,0,0,0,0,0
44824,0,0,0,0,0
44839,0,0,0,0,0
44843,0,0,0,0,0
44846,0,0,0,0,0
44847,0,0,0,0,0
44870,0,0,0,0,0
44902,0,0,0,0,0
44903,0,0,0,0,0
44904,0,0,0,0,0
44905,0,0,0,0,0
44906,0,0,0,0,0
44907,0,0,0,0,0
45001,0,0,0,0,0
45002,0,0,0,0,0
45005,0,0,0,0,0
45011,0,0,0,0,0
45013,0,0,0,0,0
45014,0,0,0,0,0
45015,0,0,0,0,0
45030,0,0,0,0,0
45034,0,0,0,0,0
45036,0,0,0,0,0
45039,0,0,0,0,0
45040,0,0,0,0,0
45042,0,0,0,0,0
45044,0,0,0,0,0
45050,0,0,0,0,0
45065,0,0,0,0,0
45066,0,0,0,0,0
45067,0,0,0,0,0
45068,0,0,0,0,0
45069,0,0,0,0,0
45102,0,0,0,0,0
45103,0,0,0,0,0
45106,0,0,0,0,0
45111,0,0,0,0,0
45122,0,0,0,0,0
45140,0,0,0,0,0
45150,0,0,0,0,0
45152,0,0,0,0,0
45153,0,0,0,0,0
45157,0,0,0,0,0
45162,0,0,0,0,0
45174,0,0,0,0,0
45202,0,0,0,0,0
45203,0,0,0,0,0
45204,0,0,0,0,0
45205,0,0,0,0,0
45206,0,0,0,0,0
45207,0,0,0,0,0
45208,0,0,0,0,0
45209,0,0,0,0,0
45211,0,0,0,0,0
45212,0,0,0,0,0
45213,0,0,0,0,0
45214,0,0,0,0,0
45215,0,0,0,0,0
45216,0,0,0,0,0
45217,0,0,0,0,0
45218,0,0,0,0,0
45219,0,0,0,0,0
45220,0,0,0,0,0
45223,0,0,0,0,0
45224,0,0,0,0,0
45225,0,0,0,0,0
45226,0,0,0,0,0
45227,0,0,0,0,0
45229,0,0,0,0,0
45230,0,0,0,0,0
45231,0,0,0,0,0
45232,0,0,0,0,0
45233,0,0,0,0,0
45236,0,0,0,0,0
45237,0,0,0,0,0
45238,0,0,0,0,0
45239,0,0,0,0,0
45240,0,0,0,0,0
45241,0,0,0,0,0
45242,0,0,0,0,0
45243,0,0,0,0,0
45244,0,0,0,0,0
45245,0,0,0,0,0
45246,0,0,0,0,0
45247,0,0,0,0,0
45248,0,0,0,0,0
45249,0,0,0,0,0
45251,0,0,0,0,0
45252,0,0,0,0,0
45255,0,0,0,0,0
45301,0,0,0,0,0
45305,0,0,0,0,0
45309,0,0,0,0,0
45312,0,0,0,0,0
45315,0,0,0,0,0
45318,0,0,0,0,0
45319,0,0,0,0,0
45322,0,0,0,0,0
45323,0,0,0,0,0
45324,0,0,0,0,0
45325,0,0,0,0,0
45326,0,0,0,0,0
45327,0,0,0,0,0
45339,0,0,0,0,0
45341,0,0,0,0,0
45342,0,0,0,0,0
45344,0,0,0,0,0
45345,0,0,0,0,0
45359,0,0,0,0,0
45368,0,0,0,0,0
45369,0,0,0,0,0
45370,0,0,0,0,0
45371,0,0,0,0,0
45373,0,0,0,0,0
45377,0,0,0,0,0
45383,0,0,0,0,0
45384,0,0,0,0,0
45385,0,0,0,0,0
45387,0,0,0,0,0
45402,0,0,0,0,0
45403,0,0,0,0,0
45404,0,0,0,0,0
45405,0,0,0,0,0
45406,0,0,0,0,0
45409,0,0,0,0,0
45410,0,0,0,0,0
45414,0,0,0,0,0
45415,0,0,0,0,0
45416,0,0,0,0,0
45417,0,0,0,0,0
45419,0,0,0,0,0
45420,0,0,0,0,0
45424,0,0,0,0,0
45426,0,0,0,0,0
45429,0,0,0,0,0
45430,0,0,0,0,0
45431,0,0,0,0,0
45432,0,0,0,0,0
45433,0,0,0,0,0
45434,0,0,0,0,0
45439,0,0,0,0,0
45440,0,0,0,0,0
45449,0,0,0,0,0
45458,0,0,0,0,0
45459,0,0,0,0,0
45502,0,0,0,0,0
45503,0,0,0,0,0
45504,0,0,0,0,0
45505,0,0,0,0,0
45506,0,0,0,0,0
45619,0,0,0,0,0
45623,0,0,0,0,0
45638,0,0,0,0,0
45659,0,0,0,0,0
45662,0,0,0,0,0
45663,0,0,0,0,0
45669,0,0,0,0,0
45678,0,0,0,0,0
45680,0,0,0,0,0
45694,0,0,0,0,0
45696,0,0,0,0,0
45714,0,0,0,0,0
45750,0,0,0,0,0
45801,0,0,0,0,0
45804,0,0,0,0,0
45805,0,0,0,0,0
45806,0,0,0,0,0
45807,0,0,0,0,0
45895,0,0,0,0,0
73003,0,0,0,0,0
73007,0,0,0,0,0
73008,0,0,8,38,69
73012,0,0,0,0,0
73013,0,0,38,38,247
73020,0,0,0,0,7
73025,0,0,5,8,11
73026,0,0,0,0,0
73034,0,0,0,0,50
73049,0,0,0,2,2
73064,0,34,59,84,84
73065,0,0,0,0,0
73068,0,0,2,5,9
73069,0,0,127,159,233
73071,0,0,0,77,230
73072,0,111,160,246,345
73078,0,0,0,0,0
73084,0,4,18,25,49
73093,0,0,0,0,0
73099,0,0,0,0,0
73102,0,2,6,9,15
73103,0,0,0,5,22
73104,0,1,11,16,19
73105,40,51,59,73,92
73106,0,23,56,89,112
73107,0,0,10,31,51
73108,0,0,47,99,166
73109,0,0,7,125,184
73110,0,0,0,12,148
73111,0,0,59,107,172
73112,0,92,127,184,242
73114,0,0,35,83,139
73115,0,0,0,62,134
73116,23,23,42,56,74
73117,0,23,88,128,173
73118,0,0,25,75,112
73119,0,0,10,81,203
73120,0,39,91,130,221
73121,0,0,0,0,4
73122,0,46,83,106,129
73127,0,0,0,87,119
73128,4,23,48,62,92
73129,0,0,0,0,58
73130,0,9,27,64,82
73131,0,9,28,43,59
73132,0,0,0,57,89
73134,0,0,0,0,3
73135,0,0,0,0,36
73139,0,0,16,93,126
73141,0,0,15,24,36
73142,0,0,0,12,37
73145,0,0,7,19,34
73149,0,0,0,7,10
73150,0,0,9,9,18
73151,0,3,8,11,17
73159,0,0,55,98,186
73160,0,0,21,127,211
73162,10,30,39,49,59
73165,0,0,0,0,2
73169,0,1,4,7,11
73170,101,116,116,159,173
73173,0,0,0,2,2
73179,0,0,7,10,12
73501,0,0,0,55,124
73505,0,0,0,69,104
73507,0,0,0,14,44
73701,0,0,0,26,60
73703,0,0,29,57,124
74008,0,0,0,0,0
74011,0,0,0,20,60
74012,0,0,0,0,0
74014,0,0,0,0,0
74015,0,0,0,5,12
74017,0,0,0,7,34
74019,16,26,37,58,73
74021,0,0,0,0,7
74023,0,0,0,0,2
74033,0,0,0,0,0
74036,0,0,0,0,0
74037,26,26,26,26,26
74041,0,0,0,0,0
74050,0,0,0,0,0
74053,0,0,0,0,0
74055,0,0,0,47,63
74063,0,0,0,0,33
74066,0,0,0,39,68
74070,0,7,19,34,37
74073,0,0,0,0,4
74074,107,193,247,327,380
74075,0,0,0,0,16
74103,0,0,0,0,1
74104,0,0,0,9,54
74105,0,0,0,48,87
74106,0,13,123,194,233
74107,0,0,78,129,190
74108,0,0,9,35,52
74110,0,0,0,36,109
74112,0,0,41,98,138
74114,0,0,0,0,13
74115,0,0,51,93,161
74116,0,0,7,31,60
74119,0,0,0,1,5
74120,0,0,0,0,0
74126,0,0,0,0,18
74127,0,20,81,114,161
74128,13,26,44,78,96
74129,0,0,0,23,70
74130,0,0,0,0,1
74131,0,0,0,2,9
74132,0,0,0,0,26
74133,0,0,51,115,165
74134,0,0,6,17,35
74135,0,0,12,44,69
74136,0,0,0,6,53
74137,0,0,31,38,77
74145,0,0,0,25,64
74146,0,0,4,39,59
74363,0,0,0,0,0
74429,0,0,0,0,1
74730,0,0,0,0,0
74731,0,0,0,0,0
74733,0,0,0,0,2
74901,0,0,4,12,16
74902,0,0,0,0,1
74946,0,0,0,0,1
74948,0,1,2,2,3
74954,0,0,0,0,0
74959,0,0,0,0,0
97002,0,0,0,11,24
97003,0,0,0,146,288
97004,0,0,0,50,100
97005,0,0,38,220,446
97006,0,0,33,515,1107
97007,0,0,165,1158,2628
97008,0,0,27,271,495
97009,0,0,1,21,35
97013,0,0,0,41,111
97015,0,0,51,254,514
97019,0,0,0,0,0
97024,0,0,11,130,208
97027,0,0,17,213,394
97030,0,0,104,311,535
97034,0,0,19,582,1054
97035,0,0,11,426,788
97045,0,0,0,720,1473
97048,0,0,0,14,45
97060,0,0,0,154,278
97062,0,0,30,474,956
97068,0,0,46,812,1688
97070,0,0,74,437,678
97078,0,0,0,1,1
97080,0,0,37,478,907
97086,0,0,62,504,1007
97089,0,0,11,293,575
97113,0,0,21,127,265
97116,0,0,94,340,688
97123,0,0,116,699,1374
97124,0,0,13,638,1263
97140,0,0,37,534,1112
97201,0,0,9,111,213
97202,0,0,80,689,1344
97203,0,0,47,410,764
97205,0,0,12,41,74
97206,0,0,116,698,1229
97209,0,0,16,67,114
97210,0,0,15,199,402
97211,0,0,63,621,1242
97212,0,0,0,758,1462
97213,0,0,110,570,1040
97214,0,0,61,445,762
97215,0,0,28,360,770
97216,0,0,18,122,288
97217,0,0,142,616,1161
97218,0,0,28,145,272
97219,0,0,0,753,1670
97220,0,0,0,315,673
97221,0,0,0,380,709
97222,0,0,0,294,557
97223,0,0,105,928,1517
97224,0,0,0,737,1333
97225,0,0,31,411,913
97227,0,0,9,81,168
97229,0,0,0,1884,3821
97230,0,0,66,274,679
97231,0,0,2,102,195
97232,0,6,35,127,240
97233,0,0,114,317,544
97236,0,0,0,141,424
97239,0,0,44,270,509
97266,0,0,63,360,629
97267,0,0,125,431,690
97301,0,0,139,375,1415
97302,0,25,99,622,1965
97303,0,0,85,375,1439
97304,0,0,0,46,478
97305,0,65,196,370,1296
97306,0,0,0,146,529
97317,0,0,44,224,791
97321,0,0,0,43,330
97322,0,0,0,0,141
97330,0,0,0,249,695
97333,0,0,0,94,419
97338,0,0,0,54,252
97351,0,0,0,14,112
97355,0,0,0,83,242
97361,0,0,0,26,107
97370,0,0,0,8,87
97389,0,0,0,1,14
97392,0,0,0,0,30
97401,0,0,87,407,813
97402,0,0,0,307,666
97403,0,0,7,104,201
97404,0,0,47,198,478
97405,0,0,0,481,1043
97408,0,0,0,185,466
97448,0,0,1,2,6
97455,0,0,0,0,0
97457,0,0,0,0,0
97470,0,0,11,52,177
97471,0,0,0,132,353
97477,0,0,83,248,484
97478,0,0,0,91,352
97495,0,0,0,1,5
97496,0,0,0,22,43
97501,0,0,0,238,509
97502,0,0,34,259,619
97503,0,0,0,97,190
97504,0,0,48,572,1001
97524,0,0,13,110,192
97526,0,0,0,141,360
97527,0,0,24,194,387
97530,0,0,4,50,134
97532,0,0,0,4,13
97535,0,0,27,73,112
97540,0,0,0,1,2
97701,0,0,0,442,948
97702,0,0,0,522,1105
97703,0,0,70,811,3620
97801,0,0,37,186,319
97826,0,0,0,0,0
97838,0,0,7,120,297
97875,0,0,2,7,12
97882,0,0,0,22,42
15001,0,13,125,213,338
15003,0,0,0,29,53
15005,0,0,0,2,27
15009,0,0,13,30,98
15010,0,0,0,48,103
15014,0,0,0,0,0
15017,0,0,16,22,142
15024,0,0,8,31,80
15025,0,0,0,0,1
15027,0,0,0,3,11
15030,0,0,0,0,0
15034,0,0,1,10,17
15035,0,0,0,2,5
15042,0,0,0,0,47
15044,0,0,0,0,0
15045,0,0,6,11,12
15046,0,0,0,12,17
15049,0,0,0,0,1
15051,0,0,0,0,0
15056,0,1,3,4,8
15057,0,0,14,68,185
15061,0,0,11,48,86
15064,0,0,0,0,0
15065,0,0,0,0,0
15066,0,0,0,0,23
15068,0,0,0,0,179
15071,0,0,0,13,103
15074,0,0,0,26,73
15076,0,0,0,3,10
15081,0,0,1,1,2
15082,0,0,0,0,0
15084,0,0,0,0,29
15085,0,0,0,3,38
15101,0,0,0,4,86
15102,0,0,0,0,41
15104,0,0,0,3,66
15106,0,0,22,29,146
15108,0,0,0,28,378
15110,0,23,52,77,98
15112,0,0,3,9,23
15116,0,0,0,21,26
15120,0,0,14,68,129
15122,0,0,63,166,245
15126,0,0,2,12,20
15131,0,0,0,29,66
15132,0,0,0,128,214
15133,0,0,4,19,34
15136,0,0,68,144,296
15137,0,8,20,36,71
15139,0,0,0,6,39
15140,0,0,1,4,11
15142,0,0,3,4,33
15143,0,0,0,0,126
15144,0,0,7,24,34
15145,0,0,17,52,69
15146,0,0,0,20,158
15147,0,37,111,154,204
15148,0,0,10,24,42
15201,0,0,13,58,113
15202,0,0,5,32,97
15203,0,0,0,40,138
15204,0,0,0,12,41
15205,0,0,39,65,91
15206,0,0,14,102,257
15207,0,0,44,80,119
15208,0,0,0,11,72
15209,0,0,5,18,54
15210,0,0,0,104,152
15211,0,0,0,42,118
15212,0,0,48,127,215
15213,0,0,23,145,244
15214,0,0,0,23,136
15215,4,15,19,34,121
15216,0,0,0,61,184
15217,0,0,25,114,381
15218,0,0,28,60,137
15219,0,0,48,115,175
15220,0,0,0,44,66
15221,0,0,82,173,280
15222,0,0,1,5,21
15223,0,0,5,25,43
15224,0,0,3,28,70
15225,0,0,6,11,12
15226,0,0,5,21,52
15227,0,0,40,69,138
15228,0,0,30,43,168
15229,0,0,0,18,82
15232,0,2,20,29,75
15233,0,0,2,13,49
15234,0,0,0,5,47
15235,0,24,168,252,420
15236,0,0,0,0,164
15237,0,0,21,148,402
15238,0,0,0,0,114
15239,0,8,41,58,148
15241,0,0,0,25,191
15243,0,0,0,13,118
15317,0,0,0,0,0
15321,0,0,0,0,0
15361,0,0,0,0,0
15545,0,0,0,0,0
15613,0,0,0,0,9
15615,0,0,0,0,0
15629,0,0,0,0,0
15632,0,0,0,0,0
15636,0,0,0,0,0
15641,0,0,0,0,0
15642,0,0,0,64,156
15644,0,0,0,0,0
15656,0,0,0,0,0
15665,0,0,0,0,0
15668,0,0,5,9,158
15673,0,0,0,0,0
15690,0,0,0,0,0
15692,0,0,0,0,0
15801,0,0,0,0,0
15840,0,0,0,1,7
15851,0,0,0,0,6
15901,0,0,0,0,35
15902,0,0,0,0,14
15904,0,0,0,19,76
15905,0,0,0,22,56
15906,0,0,0,13,44
15909,0,0,0,1,14
15928,0,0,0,0,2
15935,0,0,0,0,0
15942,0,0,0,0,0
15946,0,0,0,0,0
15963,0,0,0,0,15
16001,0,0,0,0,52
16002,0,0,0,0,2
16045,0,0,0,0,0
16053,0,0,0,0,1
16121,0,0,0,0,30
16143,0,0,0,0,0
16146,0,0,0,23,66
16148,0,0,0,0,0
16150,0,0,0,0,8
16159,0,0,0,0,1
16161,0,0,0,0,4
16229,0,0,0,0,0
16415,0,0,0,0,2
16421,0,0,0,0,1
16501,0,0,0,0,7
16502,0,0,0,0,21
16503,0,0,0,0,44
16504,0,0,0,16,60
16505,0,0,0,0,19
16506,0,0,0,0,24
16507,0,0,0,0,14
16508,0,0,0,0,0
16509,0,0,0,7,82
16510,0,0,0,23,143
16511,0,0,0,0,6
16601,0,0,0,0,61
16602,0,0,0,0,63
16635,0,0,0,0,18
16636,0,0,0,0,0
16637,0,0,0,0,5
16648,0,0,0,0,0
16665,0,0,0,0,1
16669,0,0,0,0,0
16673,0,0,0,0,0
16801,0,0,0,10,106
16803,0,0,0,0,0
16823,0,0,0,0,0
16865,0,0,0,0,0
16868,0,0,0,0,0
16870,0,0,0,0,0
17003,0,0,0,0,0
17011,0,0,0,68,155
17019,0,0,0,0,0
17022,0,0,0,0,0
17025,0,0,0,10,61
17028,0,0,0,0,0
17033,0,0,0,0,15
17034,0,0,0,0,0
17036,0,0,0,20,51
17038,0,0,0,0,0
17042,0,0,0,61,72
17043,0,0,13,15,30
17046,0,0,0,0,45
17050,0,0,0,0,0
17053,0,0,0,1,7
17055,0,0,0,0,0
17057,0,0,0,0,0
17067,0,0,0,0,1
17070,0,0,0,0,0
17078,0,0,0,0,9
17093,0,0,0,0,2
17101,0,0,4,7,12
17102,0,0,0,62,113
17103,0,0,4,68,176
17104,0,0,0,58,158
17109,0,0,25,50,88
17110,0,0,0,14,122
17111,0,0,35,79,176
17112,0,0,0,0,0
17113,0,0,0,0,26
17225,0,0,0,0,0
17263,0,0,0,0,0
17268,0,0,0,0,0
17319,0,0,0,9,25
17325,0,0,0,4,27
17339,0,0,0,0,0
17340,0,0,0,0,0
17345,0,0,0,18,31
17347,0,0,0,0,1
17360,0,0,0,0,0
17370,0,0,0,0,1
17401,0,0,0,0,0
17402,0,0,0,0,8
17403,0,0,0,0,0
17404,0,0,0,0,0
17406,0,0,0,0,0
17407,0,0,0,0,1
17408,0,0,0,0,0
17501,0,0,0,8,12
17502,0,0,0,0,0
17505,0,0,0,6,14
17508,0,0,0,0,0
17512,0,0,0,0,2
17516,0,0,0,0,0
17520,0,6,10,10,14
17522,0,0,0,0,20
17529,0,0,0,0,2
17538,0,0,0,0,11
17540,0,0,0,18,66
17543,0,0,0,0,19
17545,0,0,0,0,7
17551,0,0,13,40,58
17552,0,0,0,0,0
17554,0,0,0,5,11
17557,0,0,0,0,2
17560,0,0,0,0,0
17562,0,0,0,1,4
17572,0,0,0,3,10
17579,0,0,0,4,12
17582,0,0,0,0,0
17584,0,0,0,0,9
17601,0,28,42,69,97
17602,0,0,67,100,156
17603,80,128,128,160,208
17701,0,0,0,0,120
17702,0,0,0,6,38
17728,0,0,0,1,1
17744,0,0,0,0,0
17754,0,0,0,3,26
17756,0,0,0,0,0
17801,0,0,0,0,28
17815,0,0,0,42,100
17837,0,0,0,0,22
17847,0,0,0,0,0
17850,0,0,0,0,0
17857,0,0,0,0,0
17859,0,0,0,1,2
17870,0,0,7,10,20
17876,0,0,0,0,0
17889,0,0,0,0,0
17901,0,0,24,85,133
17923,0,0,0,2,5
17951,0,0,0,0,0
17954,0,0,0,11,27
17965,0,0,0,0,1
17970,0,0,0,4,8
18011,0,0,0,0,0
18013,0,0,0,0,13
18014,0,0,0,0,0
18015,0,0,67,112,149
18017,0,0,0,0,23
18018,0,0,0,33,155
18020,0,0,0,0,7
18031,0,0,0,0,0
18032,0,0,0,23,47
18034,0,0,0,3,56
18036,0,0,0,10,51
18037,0,0,0,6,12
18038,0,0,0,0,0
18040,0,0,0,0,12
18042,0,0,0,0,0
18045,0,0,0,0,38
18049,0,0,24,54,96
18051,0,0,0,4,6
18052,0,0,0,0,0
18053,0,0,0,0,2
18055,0,0,0,0,3
18059,0,0,0,0,3
18062,0,0,0,0,14
18064,0,0,0,0,0
18066,0,0,0,0,0
18067,0,0,14,34,41
18069,0,0,0,0,0
18072,0,0,0,0,0
18074,0,0,0,0,0
18077,0,0,0,0,0
18078,0,0,3,3,63
18079,0,0,0,0,0
18080,0,0,8,20,67
18083,0,0,0,0,0
18085,0,0,0,0,1
18086,0,0,0,0,0
18087,0,0,0,0,2
18088,0,0,0,0,0
18091,0,0,0,0,1
18092,0,0,0,0,0
18101,0,0,0,4,6
18102,0,0,36,144,216
18103,0,0,87,111,248
18104,0,0,0,0,40
18106,0,0,0,0,27
18109,0,0,0,5,66
18343,0,0,0,0,2
18353,0,0,0,0,0
18360,0,0,0,0,0
18403,0,0,0,0,6
18411,0,0,0,0,5
18433,0,0,0,0,0
18434,0,0,0,0,0
18436,0,0,0,0,0
18444,0,0,0,0,0
18447,0,0,0,12,23
18452,0,0,0,4,14
18503,0,0,1,5,8
18504,0,0,0,30,53
18505,0,0,0,0,66
18507,0,0,0,15,42
18508,0,0,0,11,73
18509,0,0,0,33,44
18510,0,0,0,33,71
18512,0,0,0,5,26
18517,0,0,0,4,31
18518,0,0,0,22,51
18519,0,0,4,26,44
18603,0,0,0,33,83
18612,0,0,0,0,20
18621,0,0,0,0,0
18631,0,0,0,3,7
18634,0,0,35,79,96
18635,0,0,0,0,2
18640,0,0,0,63,113
18641,3,3,3,8,21
18642,0,0,0,7,16
18643,0,0,0,0,63
18644,0,0,0,0,6
18651,0,0,0,0,28
18660,0,0,0,0,0
18701,0,0,1,11,22
18702,0,0,0,192,300
18704,0,0,0,93,243
18705,0,0,0,6,48
18706,0,0,0,0,77
18707,0,0,0,0,0
18708,0,0,9,12,29
18709,0,0,9,27,45
18901,0,0,0,0,0
18902,0,0,0,0,0
18914,0,0,0,0,144
18915,0,0,0,0,0
18925,0,0,0,0,0
18927,0,0,0,0,0
18929,0,0,0,3,8
18932,0,0,0,0,0
18936,0,0,0,0,0
18938,0,0,0,0,0
18940,0,0,0,0,0
18951,0,0,0,0,0
18954,0,0,0,0,0
18964,0,9,13,20,53
18966,0,0,0,32,64
18969,0,0,0,1,3
18974,0,0,0,0,0
18976,0,0,0,0,0
18977,0,0,0,0,1
19001,0,0,0,20,50
19002,0,0,0,40,60
19003,0,0,0,0,11
19004,0,0,0,0,0
19006,0,0,0,0,38
19007,0,0,0,0,0
19008,0,0,0,0,6
19009,0,0,0,0,0
19010,0,0,0,0,15
19012,0,0,0,0,0
19013,0,0,0,0,46
19014,0,0,0,0,0
19015,0,0,0,0,8
19018,0,0,0,0,32
19020,0,0,0,0,0
19021,0,0,0,3,28
19022,0,0,0,0,2
19023,0,0,0,0,38
19025,0,0,0,0,3
19026,0,0,0,13,50
19027,0,0,0,0,0
19029,0,0,0,0,0
19030,0,0,0,0,0
19031,0,0,0,0,0
19032,0,0,0,0,0
19033,0,0,0,0,2
19034,0,0,0,0,4
19035,0,0,0,0,0
19036,0,0,0,10,18
19038,0,0,0,0,42
19040,0,0,0,0,0
19041,0,0,0,0,2
19043,0,0,0,0,0
19044,0,0,0,0,0
19046,0,0,0,0,28
19047,0,0,0,0,0
19050,0,0,0,22,49
19053,0,0,0,0,0
19054,0,0,0,0,20
19055,0,0,0,0,12
19056,0,0,0,0,0
19057,0,0,0,0,0
19060,0,0,0,0,3
19061,0,0,0,25,60
19063,0,0,0,0,0
19064,0,0,0,0,0
19066,0,0,0,1,5
19067,0,0,0,0,0
19070,0,0,0,0,10
19072,0,0,0,0,0
19073,0,0,0,0,0
19074,0,0,0,5,18
19075,0,0,0,13,13
19076,0,0,0,0,4
19078,0,0,0,0,10
19079,0,0,0,0,10
19081,0,0,0,0,2
19082,0,0,0,0,0
19083,0,0,0,0,29
19085,0,0,0,0,1
19086,0,0,0,0,9
19087,0,0,0,6,12
19090,0,0,0,0,39
19094,0,0,0,0,0
19095,0,0,0,0,21
19096,0,0,0,0,0
19102,0,0,0,0,1
19103,0,0,0,13,26
19104,0,0,0,0,0
19106,0,0,0,0,3
19107,0,0,0,0,2
19108,0,0,0,0,0
19111,0,0,0,0,87
19114,0,0,0,0,0
19115,0,0,0,0,0
19116,0,0,0,0,19
19118,0,0,0,0,10
19119,0,0,0,0,5
19120,0,0,0,0,24
19121,0,0,0,0,42
19122,0,0,0,0,17
19123,0,0,0,0,27
19124,0,0,0,0,84
19125,0,0,0,0,10
19126,0,0,0,0,13
19127,0,0,0,0,5
19128,0,0,0,0,0
19129,0,0,0,0,6
19130,0,0,0,0,0
19131,0,0,0,23,147
19132,0,0,0,0,0
19133,0,0,0,0,43
19134,0,0,0,0,76
19135,0,0,0,24,101
19136,0,0,0,0,0
19137,0,0,0,0,13
19138,0,0,0,0,4
19139,0,0,0,0,97
19140,0,0,0,48,199
19141,0,0,0,0,56
19142,0,0,0,0,38
19143,0,0,0,0,99
19144,0,0,0,0,34
19145,0,0,0,12,68
19146,0,0,0,47,88
19147,0,0,0,0,34
19148,0,0,0,0,0
19149,0,0,0,0,41
19150,0,0,0,0,4
19151,0,0,0,0,0
19152,0,0,0,0,0
19153,0,0,0,0,13
19154,0,0,0,0,26
19301,0,0,0,0,0
19311,0,0,0,0,0
19312,0,0,0,12,25
19317,0,0,0,3,14
19319,0,0,0,0,0
19333,0,0,0,0,7
19335,0,0,0,0,0
19341,0,0,0,0,0
19342,0,0,0,14,19
19348,0,0,0,0,0
19350,0,0,0,0,0
19355,0,0,0,18,24
19373,0,0,0,0,0
19380,0,0,0,0,0
19382,0,0,0,0,0
19401,0,0,0,0,17
19403,0,0,0,0,0
19405,0,0,0,0,1
19406,0,0,0,0,6
19422,0,0,0,0,6
19426,0,0,0,0,0
19428,0,0,0,14,24
19436,0,0,0,0,1
19437,0,0,0,0,0
19438,0,14,20,47,122
19440,0,0,0,23,92
19444,0,0,0,0,0
19446,0,0,42,127,156
19453,0,0,0,0,0
19454,0,0,0,0,7
19460,0,0,0,0,9
19462,0,0,0,13,27
19464,0,0,0,0,0
19468,0,0,0,0,6
19473,0,0,0,0,20
19475,0,0,0,0,0
19492,0,0,0,0,0
19506,0,0,0,0,0
19508,0,0,0,3,6
19510,0,0,0,0,0
19522,0,0,0,8,16
19525,0,0,0,0,0
19533,0,0,0,0,6
19539,0,0,0,0,1
19540,0,0,0,0,7
19541,0,0,0,0,0
19547,0,0,0,0,0
19555,0,0,0,0,0
19560,0,0,0,2,14
19565,0,0,0,0,0
19601,0,0,0,12,121
19602,0,0,0,0,53
19604,0,0,0,0,33
19605,0,0,0,0,0
19606,0,0,0,0,9
19607,0,0,0,0,34
19608,0,0,0,0,9
19609,0,0,0,0,10
19610,0,0,0,9,17
19611,0,0,0,0,15
2802,0,0,0,0,8
2806,0,0,0,275,1446
2809,0,0,20,288,1654
2814,0,0,0,2,14
2816,0,0,0,156,1204
2817,0,0,0,14,56
2818,0,0,0,313,1312
2822,0,0,0,3,14
2828,0,0,0,47,343
2830,0,0,0,1,3
2831,0,0,0,30,222
2835,0,0,0,16,90
2838,0,0,9,47,180
2852,0,0,0,127,748
2857,0,0,1,17,114
2860,0,0,0,279,1664
2861,0,0,37,132,1133
2863,0,0,0,60,437
2864,0,0,0,438,1939
2865,0,0,10,152,1076
2871,0,0,0,160,1042
2878,0,0,0,130,1058
2885,0,0,0,168,852
2886,0,0,0,175,1549
2888,0,0,0,143,1028
2889,0,0,0,188,1536
2893,0,0,0,145,1287
2895,0,0,0,348,1319
2896,0,0,5,68,484
2903,0,0,0,69,430
2904,0,0,0,216,1536
2905,0,0,0,319,1287
2906,0,0,0,198,1308
2907,0,0,0,137,776
2908,0,0,0,194,1524
2909,0,0,0,212,1262
2910,0,0,0,51,939
2911,0,0,12,113,760
2914,0,0,0,177,1037
2915,0,0,0,105,905
2916,0,0,0,54,483
2917,0,0,0,141,717
2919,0,0,0,351,1781
2920,0,0,0,209,1849
2921,0,0,0,162,1053
29016,0,40,167,376,2545
29020,0,0,43,161,1417
29033,0,0,137,497,4477
29036,0,0,5,70,291
29039,0,0,4,11,192
29040,0,0,2,14,176
29044,0,0,1,3,20
29045,0,0,188,477,3485
29053,0,93,399,885,6474
29061,0,10,74,290,2398
29063,0,42,467,1200,8001
29072,0,130,945,2574,17835
29073,0,85,512,1691,16793
29078,0,0,39,159,2092
29115,0,185,479,1195,6195
29118,2,44,63,221,1806
29123,0,8,69,194,2526
29150,0,18,254,509,4176
29152,0,0,1,2,14
29153,0,0,38,106,750
29154,0,0,36,77,1069
29160,0,4,64,196,1833
29161,0,0,2,9,64
29169,0,71,309,777,7742
29170,0,52,191,843,8554
29172,0,0,77,286,3628
29201,0,119,738,1332,4820
29203,0,410,799,1728,10444
29204,0,122,340,773,4694
29205,0,130,390,1067,6209
29206,0,49,324,775,4718
29209,0,81,523,1429,11256
29210,0,46,229,732,7498
29212,0,150,424,1157,8591
29223,0,328,1030,1985,14402
29229,0,82,457,1763,16076
29301,0,0,172,515,2323
29302,0,0,16,340,1306
29303,0,0,286,441,1894
29306,0,0,124,305,1207
29307,0,0,120,317,1457
29316,0,0,27,319,1994
29323,0,0,1,16,176
29329,0,0,0,1,6
29330,0,0,14,49,215
29334,0,0,34,240,1233
29346,0,0,0,0,21
29349,0,0,7,298,1691
29365,0,0,4,86,819
29369,0,0,0,207,1140
29376,0,0,19,65,415
29377,0,0,0,0,4
29385,0,0,0,49,571
29388,0,0,8,20,190
29401,0,47,335,956,2885
29403,0,133,542,1632,5491
29404,0,1,10,93,559
29405,22,117,256,1417,7165
29406,0,73,208,1092,5534
29407,0,125,580,2185,8580
29410,0,5,219,652,4854
29412,0,113,623,2901,10832
29414,0,101,423,2317,9790
29418,0,115,267,935,5935
29420,0,46,252,737,4449
29429,0,1,20,86,350
29439,0,55,161,370,1231
29440,0,0,0,0,5
29445,0,177,500,2079,15763
29451,0,0,494,1049,2806
29455,0,11,69,238,856
29456,0,78,280,1026,7651
29464,0,210,1146,3885,13191
29466,0,66,1034,3046,10338
29472,0,0,0,2,16
29482,0,11,144,375,921
29483,0,282,563,2203,16116
29485,0,61,368,2119,15045
29486,0,0,63,167,3797
29492,0,14,286,938,4543
29501,0,51,253,688,5068
29505,0,0,12,142,1891
29506,0,0,124,239,1298
29526,0,0,158,534,9109
29527,0,0,60,120,3022
29532,0,0,52,159,1668
29540,0,0,0,1,5
29541,0,0,2,8,121
29566,0,0,73,196,3972
29568,0,0,32,114,2245
29572,0,0,124,356,3642
29575,0,90,225,414,8399
29576,0,0,164,683,11859
29577,0,82,268,628,9592
29579,0,0,132,554,11315
29582,0,12,116,545,6520
29585,0,0,102,417,4935
29588,0,0,199,684,13334
29601,0,0,12,171,860
29605,0,0,53,855,2938
29607,0,0,43,477,2893
29609,0,0,43,652,2384
29611,0,0,105,515,2501
29615,0,0,145,473,2517
29617,0,0,94,306,1853
29621,0,0,84,549,2925
29624,0,0,137,317,1420
29625,0,0,80,240,1798
29626,0,0,73,182,883
29627,0,0,1,9,48
29630,0,0,17,51,320
29631,0,0,35,172,684
29640,0,0,54,389,2715
29642,0,0,160,501,2892
29644,0,0,26,85,691
29650,0,0,87,683,3046
29651,0,0,14,425,3524
29657,0,0,5,71,615
29662,0,0,0,92,1098
29665,0,0,2,8,16
29670,0,0,0,32,244
29671,0,0,15,70,561
29672,0,4,16,63,356
29673,0,0,66,346,2028
29678,0,0,41,111,689
29680,0,0,16,218,1950
29681,0,0,120,720,5004
29684,0,0,3,11,175
29687,0,0,68,339,2620
29690,0,0,0,142,991
29691,0,0,0,0,1
29693,0,0,0,0,3
29696,0,0,0,0,2
29697,0,0,0,0,0
29707,0,0,51,587,2935
29708,0,0,18,665,2538
29710,0,0,15,141,609
29715,0,0,17,596,2377
29720,0,0,33,224,1497
29730,0,0,33,407,2059
29732,0,0,116,557,2496
29745,0,0,4,17,110
29801,0,174,617,1391,8313
29803,0,0,540,1929,13030
29805,0,0,1,3,22
29809,0,0,11,49,973
29816,0,1,1,2,14
29821,0,1,2,8,51
29828,0,18,40,70,435
29829,0,46,105,492,3804
29831,0,0,2,6,66
29834,0,2,7,12,140
29841,0,0,438,1514,11519
29842,0,0,42,283,2955
29851,0,26,134,402,3671
29860,0,27,132,428,3785
29902,0,17,124,522,2677
29906,0,29,120,498,3111
29907,0,10,54,176,727
29909,0,0,0,0,1
29910,0,10,35,159,628
29915,0,0,12,36,177
29920,0,0,1,3,15
29926,0,27,295,1286,5146
29927,0,0,0,0,1
29928,0,38,264,767,5666
29935,0,5,13,74,500
57005,0,0,0,0,0
57049,0,0,0,0,0
57055,0,0,0,0,0
57064,0,0,0,0,0
57103,0,0,0,0,0
57104,0,0,0,0,0
57105,0,0,0,0,0
57106,0,0,0,0,0
57107,0,0,0,0,0
57108,0,0,0,0,0
57110,0,0,0,0,0
57701,0,0,0,0,0
57702,0,0,0,0,0
57703,0,0,0,0,0
57719,0,0,0,0,0
57730,0,0,0,0,0
57744,0,0,0,0,0
57745,0,0,0,0,0
57751,0,0,0,0,0
37010,0,0,0,0,0
37013,0,0,0,0,0
37014,0,0,0,0,0
37027,0,0,0,0,0
37040,0,0,0,0,0
37042,0,0,0,0,0
37043,0,0,0,0,0
37064,0,0,0,0,0
37066,0,0,0,0,0
37067,0,0,0,0,0
37069,13,13,13,13,13
37072,0,0,0,0,0
37075,0,0,0,0,0
37076,0,0,0,0,0
37080,0,0,0,0,0
37086,0,0,0,0,0
37115,0,0,0,0,0
37122,0,0,0,0,0
37127,0,0,0,0,0
37128,0,0,0,0,0
37129,0,0,0,0,0
37130,0,0,0,0,0
37135,0,0,0,0,0
37138,0,0,0,0,0
37153,0,0,0,0,0
37167,0,0,0,0,0
37189,0,0,0,0,0
37191,0,0,0,0,0
37201,0,0,0,0,0
37203,0,0,0,0,0
37204,0,0,0,0,0
37205,0,0,0,0,0
37206,0,0,0,0,0
37207,0,0,0,0,0
37208,0,0,0,0,0
37209,0,0,0,0,0
37210,0,0,0,0,0
37211,0,0,0,0,0
37212,0,0,0,0,0
37214,0,0,0,0,0
37215,0,0,0,0,0
37216,0,0,0,0,0
37217,0,0,0,0,0
37218,0,0,0,0,0
37219,0,0,0,0,0
37220,0,0,0,0,0
37221,0,0,0,0,0
37228,0,0,0,0,0
37310,0,0,0,0,0
37311,0,0,0,0,0
37312,0,0,0,0,0
37323,0,0,0,0,0
37336,0,0,0,0,0
37341,0,0,0,0,0
37343,0,0,0,0,0
37350,0,0,0,0,0
37351,0,0,0,0,0
37353,0,0,0,0,0
37354,0,0,0,0,0
37355,0,0,0,0,0
37360,0,0,0,0,0
37363,0,0,0,0,0
37377,0,0,0,0,0
37379,0,0,0,0,0
37385,0,0,0,0,0
37388,0,0,0,0,0
37402,0,0,0,0,0
37403,0,0,0,0,0
37404,0,0,0,0,0
37405,0,0,0,0,0
37406,0,0,0,0,0
37407,0,0,0,0,0
37408,0,0,0,0,0
37409,0,0,0,0,0
37410,0,0,0,0,0
37411,0,0,0,0,0
37412,0,0,0,0,0
37415,0,0,0,0,0
37416,0,0,0,0,0
37419,0,0,0,0,0
37421,0,0,0,0,0
37601,0,0,0,0,0
37604,0,0,0,0,0
37615,0,0,0,0,0
37617,0,0,0,0,0
37618,0,0,0,0,0
37642,0,0,0,0,0
37643,0,0,0,0,0
37645,0,0,0,0,0
37658,0,0,0,0,0
37659,0,0,0,0,0
37660,0,0,0,0,0
37663,0,0,0,0,0
37664,0,0,0,0,0
37665,0,0,0,0,0
37686,0,0,0,0,0
37692,0,0,0,0,0
37694,0,0,0,0,0
37701,0,0,0,0,0
37708,0,0,0,0,0
37710,0,0,0,0,0
37714,0,0,0,0,0
37716,0,0,0,0,0
37721,0,0,0,0,0
37737,0,0,0,0,0
37738,0,0,0,0,0
37742,0,0,0,0,0
37754,0,0,0,0,0
37769,0,0,0,0,0
37771,0,0,0,0,0
37772,0,0,0,0,0
37774,0,0,0,0,0
37777,0,0,0,0,0
37801,0,0,0,0,0
37803,0,0,0,0,0
37804,0,0,0,0,0
37806,0,0,0,0,0
37813,0,0,0,0,0
37814,0,0,0,0,0
37821,0,0,0,0,0
37830,0,0,0,0,0
37840,0,0,0,0,0
37846,0,0,0,0,0
37849,0,0,0,0,0
37853,0,0,0,0,0
37860,0,0,0,0,0
37861,0,0,0,0,0
37862,0,0,0,0,0
37863,0,0,0,0,0
37865,0,0,0,0,0
37871,0,0,0,0,0
37876,0,0,0,0,0
37877,0,0,0,0,0
37885,0,0,0,0,0
37886,0,0,0,0,0
37890,0,0,0,0,0
37902,0,0,0,0,0
37909,0,0,0,0,0
37912,0,0,0,0,0
37914,0,0,0,0,0
37915,0,0,0,0,0
37916,0,0,0,0,0
37917,0,0,0,0,0
37918,0,0,0,0,0
37919,0,0,0,0,0
37920,0,0,0,0,0
37921,0,0,0,0,0
37922,0,0,0,0,0
37923,0,0,0,0,0
37924,0,0,0,0,0
37931,0,0,0,0,0
37932,0,0,0,0,0
37934,0,0,0,0,0
37938,0,0,0,0,0
38002,0,0,0,0,0
38016,0,0,0,0,0
38017,0,0,0,0,0
38018,0,0,0,0,0
38028,0,0,0,0,0
38053,0,0,0,0,0
38103,0,0,0,0,0
38104,0,0,0,0,0
38105,0,0,0,0,0
38106,0,0,0,0,0
38107,0,0,0,0,0
38108,0,0,0,0,0
38109,0,0,0,0,0
38111,0,0,0,0,0
38112,0,0,0,0,0
38114,0,0,0,0,0
38115,0,0,0,0,0
38116,0,0,0,0,0
38117,0,0,0,0,0
38118,0,0,0,0,0
38119,0,0,0,0,0
38120,0,0,0,0,0
38122,0,0,0,0,0
38125,0,0,0,0,0
38126,0,0,0,0,0
38127,0,0,0,0,0
38128,0,0,0,0,0
38133,0,0,0,0,0
38134,0,0,0,0,0
38135,0,0,0,0,0
38138,0,0,0,0,0
38139,0,0,0,0,0
38141,0,0,0,0,0
38301,0,0,0,0,0
38305,0,0,0,0,0
38343,0,0,0,0,0
38355,0,0,0,0,0
38356,0,0,0,0,0
38362,0,0,0,0,0
38401,0,0,0,0,0
38501,0,0,0,0,0
38506,0,0,0,0,0
75001,0,4,90,1307,2162
75002,0,127,1401,13140,20570
75006,0,43,438,6049,10442
75007,0,0,953,8677,13797
75010,0,6,352,3778,5931
75013,0,80,1399,7142,10776
75019,0,73,1101,5997,9919
75020,0,31,234,4400,7721
75021,0,0,31,831,1458
75022,0,0,945,4141,6252
75023,0,159,928,8711,14147
75024,0,18,756,5378,8418
75025,0,0,1338,9020,13995
75028,0,0,1261,8278,12549
75032,0,0,1,8,13
75033,0,0,5,23,36
75034,0,250,2747,17478,26717
75035,0,55,2016,11353,17511
75038,0,10,159,1953,3333
75039,0,0,121,1177,1961
75040,0,0,535,9980,17607
75041,0,0,238,4426,7571
75042,0,18,274,5056,8779
75043,0,33,510,9650,16286
75044,0,12,464,7135,11974
75048,0,40,780,4782,7707
75050,8,32,162,4644,8056
75051,0,0,218,4628,7965
75052,0,0,790,13972,23614
75054,0,0,358,2239,3275
75056,46,137,1204,9497,14695
75057,0,8,83,1591,2487
75060,0,57,320,5418,9263
75061,0,0,181,4678,8139
75062,0,0,170,5050,8856
75063,0,44,516,3987,6994
75065,0,15,222,2247,3534
75067,0,119,451,7401,11707
75068,0,30,544,4628,7307
75069,0,33,223,1686,2690
75070,59,177,1361,11870,19008
75074,0,93,701,7809,12904
75075,0,22,641,6657,10556
75076,0,0,25,426,740
75077,0,11,796,6683,10575
75080,0,172,883,6236,10405
75081,0,130,560,5672,9784
75082,0,0,591,4018,6225
75087,0,0,26,184,323
75088,0,0,399,5198,9115
75089,0,0,490,6129,10194
75090,33,138,335,3792,6429
75092,0,47,201,3725,6627
75093,0,41,1406,8209,12983
75094,7,7,539,4243,6641
75098,0,18,963,10291,16888
75104,0,124,913,8899,15075
75115,0,0,444,7033,12129
75116,0,46,178,3009,5055
75125,0,0,1,8,15
75134,0,0,116,3494,6049
75137,0,0,206,3625,6159
75141,0,0,44,664,1166
75146,0,47,251,3014,5156
75149,0,117,433,9551,16519
75150,0,133,442,8560,14557
75159,0,6,21,380,659
75172,0,6,24,474,868
75180,0,0,55,3445,6045
75181,0,38,160,3722,6301
75182,0,0,236,1336,2173
75201,0,1,35,314,536
75202,0,0,7,68,116
75203,0,30,99,1452,2495
75204,0,31,183,1297,2158
75205,0,28,731,2798,4356
75206,0,53,340,2790,4650
75207,0,14,66,630,1069
75208,0,0,314,3224,5670
75209,0,3,328,1882,3042
75210,0,20,63,739,1259
75211,0,46,467,6509,11228
75212,0,78,371,2950,5089
75214,0,31,934,4585,7294
75215,0,59,245,1860,3175
75216,0,316,889,7085,11881
75217,0,0,732,10306,17718
75218,0,28,546,4118,6709
75219,0,9,130,1105,1797
75220,0,65,267,3067,5344
75223,0,34,159,1368,2389
75224,0,130,272,3528,6079
75225,0,65,782,2979,4578
75226,0,0,25,414,712
75227,0,199,571,7031,12224
75228,0,257,585,8172,14047
75229,0,27,876,5265,8741
75230,0,0,745,3733,5988
75231,0,34,118,1938,3305
75232,0,139,401,4661,8035
75233,0,0,53,1762,3083
75234,0,7,233,3925,6706
75235,0,46,146,1387,2393
75236,0,49,150,1710,3007
75237,0,48,145,1469,2493
75238,0,0,470,3828,6488
75240,0,42,176,1526,2561
75241,0,201,595,5369,8982
75243,0,33,433,4628,8023
75244,0,0,267,1960,3314
75246,0,11,25,169,278
75247,0,43,90,602,1001
75248,0,44,812,5165,8493
75249,0,0,85,2654,4646
75251,0,1,3,87,152
75252,0,17,431,3441,5549
75253,0,62,244,3021,5094
75254,0,12,88,1423,2394
75287,0,144,522,4608,7377
75459,0,0,21,401,709
75501,0,0,630,1607,10211
75503,0,0,235,1050,7165
75569,0,1,2,48,1090
75601,0,0,159,574,5051
75602,0,18,228,850,5988
75603,0,0,43,140,1170
75604,0,0,162,1041,9442
75605,0,0,278,1246,8207
75640,0,0,7,48,339
75644,0,4,40,216,1851
75645,0,4,23,84,480
75647,0,10,70,262,1949
75650,0,11,50,210,1567
75652,0,0,2,8,53
75662,0,0,108,579,5587
75684,0,0,0,1,5
75693,0,0,128,397,2337
75701,0,121,638,4927,10722
75702,0,65,342,3784,9158
75703,0,132,614,4789,10652
75704,0,0,49,731,1842
75705,0,2,14,39,203
75706,0,0,37,196,1503
75707,0,3,83,1458,3423
75708,0,18,24,245,1998
75709,0,6,32,631,1517
75751,0,118,302,2193,4612
75752,0,4,14,138,313
75755,0,0,0,0,1
75757,0,0,2,16,36
75758,0,1,28,384,906
75762,0,0,94,984,2242
75771,0,0,44,300,1967
75789,0,0,0,1,6
75791,0,5,106,1124,2605
75792,0,2,7,18,130
75901,0,13,276,1531,6144
75904,0,0,106,1505,6507
75941,0,4,36,248,993
75949,0,4,15,115,515
75961,0,23,120,329,2471
75964,0,25,122,818,2506
75965,0,0,90,266,2186
75969,0,0,0,10,50
76001,0,0,431,4931,7660
76002,10,40,454,6506,9885
76005,0,0,26,109,156
76006,0,0,82,2089,3125
76008,0,0,1,6,9
76010,0,64,385,5307,7888
76011,0,3,112,2269,3453
76012,0,44,375,4099,6202
76013,0,32,391,4108,6185
76014,0,7,149,4647,7027
76015,0,23,113,2144,3267
76016,0,0,402,6194,9664
76017,0,0,593,6875,10339
76018,0,0,171,5174,7691
76021,0,0,332,5407,8172
76022,12,30,57,1958,2959
76034,0,0,1169,4602,6686
76036,0,2,25,359,548
76039,0,41,270,4471,6828
76040,0,42,191,3931,5911
76051,0,85,742,6817,10284
76052,0,0,438,4904,7352
76053,0,69,254,4587,6778
76054,0,20,218,2615,3949
76060,0,26,191,1887,2863
76063,0,35,1173,10974,16650
76071,0,2,11,102,157
76078,0,0,0,8,13
76092,0,16,1834,5234,7280
76102,0,24,110,853,1258
76103,0,38,146,2771,4127
76104,0,122,347,4081,5966
76105,0,37,237,4065,6141
76106,0,182,403,6369,9467
76107,0,20,848,6443,9645
76108,0,68,444,6168,9479
76109,0,150,796,4261,6244
76110,0,160,619,6524,9767
76111,0,0,75,4168,6237
76112,0,0,416,6651,10032
76114,0,91,327,4533,6859
76115,0,173,361,3454,5166
76116,0,68,656,7401,11112
76117,0,105,270,5723,8637
76118,0,31,262,3345,5023
76119,0,149,356,7635,11355
76120,0,4,156,2547,3827
76123,0,51,457,6598,9998
76126,0,13,401,4321,6464
76127,0,0,0,191,294
76131,0,35,368,7306,11345
76132,0,59,286,3507,5283
76133,0,125,641,10257,15400
76134,0,78,265,5019,7712
76135,0,19,214,3125,4785
76137,0,111,588,10405,15663
76140,0,23,163,4890,7710
76148,0,0,258,5756,8763
76155,0,0,4,254,383
76164,39,103,163,3250,4886
76177,10,27,157,2117,3283
76179,0,38,686,12451,18725
76180,0,27,317,5684,8912
76182,0,21,701,6838,10289
76205,0,1,34,443,692
76208,0,23,243,2006,3115
76210,12,72,656,7373,11632
76226,0,0,748,3752,5682
76240,0,0,208,3605,5850
76244,0,44,1461,14149,21522
76248,13,81,1763,8397,12689
76262,0,112,1219,7022,10611
76301,0,52,309,5953,7226
76302,0,55,226,3785,4553
76305,0,20,54,1756,2227
76306,0,0,216,5266,6490
76308,0,72,351,5625,7063
76309,0,84,246,4599,5524
76310,0,0,235,4921,6089
76311,0,0,0,569,709
76354,0,0,0,6,8
76367,0,4,14,258,323
76401,0,13,40,418,555
76501,0,21,129,2589,4117
76502,0,0,414,7920,12381
76504,0,102,341,4218,6719
76513,0,87,738,6867,10544
76522,0,32,167,4270,6354
76539,0,0,50,1390,2138
76541,0,147,351,3987,6280
76542,0,41,493,8681,13556
76543,0,127,331,6336,9644
76544,0,0,70,2225,3456
76548,0,53,274,5435,8719
76549,0,0,393,9232,14386
76559,0,26,80,1088,1690
76574,0,0,0,5,9
76579,0,11,47,597,915
76630,0,0,2,70,122
76633,0,0,16,183,320
76640,0,19,74,604,1024
76643,0,21,150,3023,5305
76655,0,16,100,1163,1998
76657,6,34,143,1601,2751
76691,0,0,72,720,1231
76701,0,42,132,516,832
76704,0,151,327,1635,2618
76705,0,123,463,5300,9296
76706,0,110,910,6599,10578
76707,0,130,337,3050,5360
76708,0,45,325,5061,8948
76710,0,0,292,4757,8020
76711,0,19,55,1772,3220
76712,0,47,528,5194,9191
76901,0,86,413,8865,9479
76903,0,237,579,11989,13015
76904,0,0,460,9940,10817
76905,0,19,123,2952,3219
77002,0,20,63,281,782
77003,0,0,245,1239,3313
77004,0,151,792,2996,7600
77005,0,0,1061,3483,6944
77006,0,20,389,1844,4861
77007,0,44,1017,4401,10263
77008,0,92,1169,5360,12231
77009,0,103,952,4616,12319
77010,0,0,3,11,21
77011,0,37,269,1541,5170
77012,0,36,136,1262,4482
77013,0,8,98,1010,3711
77014,0,71,258,1890,6326
77015,0,74,280,3968,14588
77016,0,148,417,2603,9095
77017,0,0,147,2257,7679
77018,0,18,682,3449,8769
77019,0,0,489,2033,4841
77020,0,64,345,2420,7854
77021,0,75,666,2855,7999
77022,0,63,381,2355,7809
77023,0,227,476,2264,7158
77024,0,25,842,3317,7648
77025,0,66,536,2394,6316
77026,0,71,529,2806,8673
77027,0,12,237,1014,2806
77028,0,106,377,1889,5750
77029,0,32,209,1846,6241
77030,0,4,156,818,2089
77031,0,14,105,942,3436
77032,0,87,175,1056,3423
77033,0,152,565,2752,8775
77034,0,67,302,2421,8269
77035,0,40,503,2596,7771
77036,0,0,301,2123,8003
77037,0,0,82,1633,5784
77038,0,0,171,1738,6273
77039,0,0,202,2073,7385
77040,0,69,412,3558,11211
77041,0,0,775,4024,12048
77042,0,115,307,1776,5350
77043,0,0,293,1957,6307
77044,0,195,646,3488,9993
77045,0,0,512,2987,9493
77046,0,1,5,26,66
77047,0,108,343,2803,9606
77048,0,45,360,1773,5442
77049,0,0,106,2561,9495
77050,0,11,30,373,1250
77051,0,30,249,1465,4872
77053,0,64,247,2682,9027
77054,0,35,127,671,2027
77055,0,44,657,2883,8376
77056,0,4,271,1321,3335
77057,0,0,289,1759,5400
77058,0,35,162,1160,3766
77059,0,0,511,2191,5375
77060,0,116,263,1702,6035
77061,0,39,136,1408,4804
77062,0,17,389,2786,8035
77063,0,36,260,1518,5060
77064,0,49,417,3972,11965
77065,0,33,322,2539,8112
77066,0,26,301,2650,8450
77067,0,0,233,1925,6135
77068,0,0,94,797,2543
77069,0,0,164,1217,3779
77070,0,0,387,3187,10008
77071,0,0,237,1942,6616
77072,0,0,397,3354,11489
77073,0,22,305,3131,10768
77074,0,46,192,1911,6526
77075,0,48,314,2785,9373
77076,0,46,362,2267,7581
77077,0,0,542,3864,11687
77078,0,30,227,1110,3677
77079,0,0,568,2421,6484
77080,0,0,354,2541,7849
77081,0,0,65,887,3067
77082,0,0,588,3306,10441
77083,0,170,717,5564,18539
77084,0,215,833,8036,26419
77085,0,0,135,1406,4745
77086,0,135,440,2278,6920
77087,0,19,455,2971,9482
77088,0,183,731,4120,13865
77089,0,0,426,4573,13960
77090,0,0,161,1450,5081
77091,0,74,350,2086,5968
77092,0,23,399,2372,7522
77093,0,56,617,4121,13682
77094,0,9,344,1255,2908
77095,0,98,670,6362,19283
77096,0,67,613,2928,8013
77098,0,0,217,1114,3013
77099,0,18,391,2811,8743
77301,0,60,258,1420,8424
77302,0,0,395,1594,5913
77303,0,0,74,649,3847
77304,0,64,286,1368,6960
77306,0,0,37,428,2839
77316,0,0,332,1143,3950
77318,0,0,121,851,4346
77327,0,0,188,844,3755
77328,0,0,64,771,4207
77336,0,21,317,1085,4136
77338,0,0,283,2060,10737
77339,0,0,242,1864,8143
77345,0,0,655,2777,6729
77346,0,68,786,5858,16568
77354,0,23,611,3124,11181
77355,0,11,315,1460,5484
77356,0,0,452,2231,7409
77357,0,13,138,1160,6466
77358,0,0,4,29,120
77362,0,0,85,446,1595
77363,0,0,1,5,17
77365,0,0,528,2103,8865
77372,0,9,84,811,4359
77373,0,0,350,3577,18105
77375,0,0,876,3673,14784
77377,0,21,514,2867,10218
77378,0,8,101,567,2669
77379,0,103,1117,7698,19907
77380,0,20,242,1111,4912
77381,0,0,681,2606,7946
77382,0,42,1175,3660,9543
77384,0,0,229,1251,5120
77385,0,0,209,1793,7880
77386,0,32,959,4539,15169
77388,0,143,800,4828,13842
77389,0,0,892,3271,9587
77396,0,145,434,3688,11848
77401,0,0,889,2805,5622
77406,0,27,624,3292,8520
77407,0,211,758,4203,12073
77429,0,48,1528,8765,22855
77433,0,64,1702,7550,20206
77441,0,11,252,996,2623
77447,0,0,69,370,1356
77449,0,0,696,9618,31194
77450,0,103,719,6633,19838
77459,0,20,1091,7317,18977
77469,0,0,366,3068,9629
77471,0,70,250,1869,5759
77477,0,35,319,2669,8751
77478,0,0,644,3303,8648
77479,0,0,2472,10505,25094
77489,0,12,157,3614,11967
77493,0,0,385,1942,8493
77494,0,0,2688,9993,29535
77498,0,15,661,5034,14605
77502,0,48,223,2732,9591
77503,0,0,217,1970,6831
77504,0,33,136,1500,5380
77505,0,0,203,2159,6829
77506,0,58,215,2225,8205
77507,0,3,47,251,718
77510,0,0,287,3168,6381
77511,0,0,517,7054,15884
77515,0,64,412,4113,8995
77517,0,15,113,1419,3012
77518,0,46,110,1014,2170
77520,0,12,508,2527,12190
77521,0,165,611,3419,16203
77523,0,0,33,173,561
77530,0,41,332,2988,10198
77531,0,19,178,2085,4578
77532,0,45,243,1360,6219
77534,0,0,36,286,569
77536,34,102,488,3663,11070
77539,0,72,623,6767,14201
77541,0,0,215,2949,6610
77545,0,0,241,2488,7358
77546,17,121,1155,7343,16444
77547,0,11,54,824,2807
77550,0,342,851,4761,9484
77551,0,143,364,3023,6326
77554,0,61,620,3692,7256
77562,0,0,181,1364,4327
77563,0,56,264,2225,4529
77564,0,0,0,2,11
77565,0,0,187,1453,2843
77566,0,0,314,4079,9055
77568,0,105,278,2883,6088
77571,0,0,387,4446,13983
77573,0,0,1872,13053,24858
77578,6,13,348,2961,6250
77581,0,0,941,6927,15638
77583,0,18,226,2064,4478
77584,0,0,1347,11161,24584
77586,0,0,329,2532,6880
77587,0,42,196,1345,4591
77590,0,0,245,5003,10987
77591,0,79,299,2168,4574
77598,0,0,129,1208,3960
77611,0,0,166,824,3753
77619,0,20,218,1242,6505
77625,0,7,60,224,1007
77627,0,0,230,1833,9035
77630,0,79,423,1789,9585
77632,0,0,60,383,1761
77640,0,112,446,2037,9077
77642,0,74,837,3103,11932
77651,0,0,215,1361,5456
77656,0,42,167,958,5826
77657,0,0,208,1205,6993
77662,0,0,271,1458,7218
77701,0,68,302,1257,6016
77702,0,0,29,254,1293
77703,0,0,342,1085,4490
77705,0,0,313,1798,8531
77706,0,119,448,2150,8854
77707,0,66,302,1404,6417
77708,0,16,97,766,3981
77713,0,4,154,790,3683
77801,0,98,333,1144,3277
77802,0,90,385,2409,8029
77803,0,75,243,2608,9216
77807,0,69,246,1082,3038
77808,0,9,138,1070,3045
77840,0,64,707,2700,7748
77845,0,20,1406,6888,19259
77901,0,15,489,4966,14646
77904,0,0,355,3011,8677
77905,0,7,30,215,573
77968,0,0,0,4,11
78006,0,0,3,17,33
78015,0,0,106,640,1217
78023,0,0,450,3758,7748
78026,0,0,42,750,1546
78040,0,342,812,7280,10487
78041,0,170,702,7750,11092
78043,0,180,378,6529,9339
78045,0,140,603,9543,13789
78046,0,167,416,8111,11762
78064,0,41,205,2042,4019
78070,0,5,50,327,661
78073,0,1,21,259,551
78101,0,0,0,4,9
78108,0,0,368,5340,12404
78109,0,56,322,6448,13850
78112,0,0,1,9,20
78123,0,27,64,582,1281
78124,0,0,4,36,79
78130,0,92,943,9891,22566
78132,0,0,225,1307,2560
78133,0,79,424,4010,8585
78148,0,46,228,2805,6397
78152,0,0,5,35,72
78154,0,79,568,5781,12908
78155,0,65,423,4599,10662
78201,0,237,599,5516,12243
78202,0,70,294,1947,4034
78203,0,85,193,1010,2102
78204,0,62,231,1780,3768
78205,0,0,19,289,605
78207,0,259,944,5885,12610
78208,0,39,120,669,1313
78209,0,37,891,5698,11750
78210,0,71,521,5413,11619
78211,0,214,356,4069,8753
78212,0,159,690,4544,9022
78213,0,11,348,4880,10662
78214,0,43,312,3172,6991
78215,0,10,53,345,701
78216,0,114,395,4743,10224
78217,0,55,277,4159,9140
78218,0,49,455,4410,9581
78219,0,0,114,2401,5373
78220,0,60,380,2735,5923
78221,0,111,231,4251,9969
78222,0,0,273,3389,7080
78223,0,167,1015,6937,14828
78224,0,25,97,2205,5061
78225,0,0,154,1801,3886
78226,4,29,43,870,1952
78227,0,65,413,5645,12776
78228,0,208,799,8040,17070
78229,0,4,180,1743,3766
78230,0,11,464,4993,10782
78231,0,9,149,1451,3088
78232,0,34,470,5231,10977
78233,0,77,445,6791,15131
78234,0,1,45,523,1147
78235,0,5,13,94,210
78236,0,4,36,408,876
78237,0,0,400,4870,10361
78238,0,86,251,3269,7090
78239,0,53,442,4712,10296
78240,0,38,453,5596,12349
78242,0,49,351,3739,8025
78244,0,30,203,4492,10022
78245,0,82,535,9184,20345
78247,0,0,509,7848,17275
78248,0,9,363,2203,4480
78249,0,148,786,6896,14474
78250,0,0,646,7860,17713
78251,0,0,291,6603,14442
78252,0,0,52,1214,2694
78253,0,0,576,5736,11963
78254,0,0,627,7440,16150
78255,0,6,276,1623,3031
78256,0,30,186,1041,2015
78257,0,15,172,1203,2387
78258,0,39,1011,6418,12547
78259,0,33,365,3956,8053
78260,0,0,645,4584,9120
78261,0,26,448,3043,6183
78263,0,0,10,90,182
78264,0,0,0,1,3
78266,0,24,280,1276,2492
78336,10,144,339,2710,4867
78358,0,1,6,51,93
78359,0,4,15,400,729
78362,0,0,38,784,1459
78370,0,16,52,520,940
78373,0,0,133,2107,3426
78374,0,75,318,3009,5237
78380,0,0,350,3553,5674
78382,0,125,437,5614,10231
78387,0,24,250,1673,2856
78390,4,50,142,1247,2138
78401,0,41,91,859,1390
78402,0,0,3,89,146
78404,0,46,309,3416,5599
78405,0,22,167,3217,5339
78406,0,0,0,128,218
78407,0,19,45,806,1351
78408,0,0,87,2655,4317
78409,0,15,45,766,1274
78410,0,26,418,5047,8562
78411,0,136,471,5457,8860
78412,0,137,318,3330,5376
78413,0,1,10,187,306
78415,0,228,719,7261,11742
78416,0,113,226,2982,4857
78417,0,0,29,866,1456
78501,0,0,933,9914,17962
78503,0,0,299,3486,6081
78504,0,0,643,8868,16219
78516,0,91,480,5067,8919
78520,0,93,649,4978,12988
78521,0,0,866,7853,20302
78526,0,0,384,3746,10170
78539,0,0,615,5857,10419
78541,0,33,240,2976,5347
78542,0,0,285,4937,9064
78572,0,326,1140,9204,15915
78573,0,137,452,5734,10334
78574,0,60,275,3711,6578
78577,0,343,1045,8668,15247
78589,0,137,284,5638,10456
78596,0,0,1,6,11
78602,0,14,102,828,1900
78610,0,0,291,2590,4966
78613,0,23,1402,12505,22556
78617,0,4,24,395,745
78623,0,1,11,76,156
78626,0,0,2,29,53
78628,0,0,51,423,731
78634,0,0,116,2439,4576
78641,0,13,887,6820,12233
78652,0,23,147,931,1708
78653,0,0,5,88,166
78655,0,0,0,4,9
78660,0,52,1180,13430,25785
78664,0,146,812,8477,15947
78665,0,0,762,6867,12338
78666,0,228,755,5720,11704
78681,0,0,1222,8986,16132
78701,0,9,127,612,1059
78702,0,58,439,3019,5576
78703,0,5,563,2999,5111
78704,0,67,581,5069,9185
78705,0,104,382,1292,2141
78717,0,29,663,3992,7064
78719,0,0,13,371,729
78721,0,52,216,1624,2948
78722,0,19,133,937,1643
78723,0,0,367,3758,7006
78724,0,11,57,639,1225
78725,0,2,13,217,405
78726,0,20,254,1533,2795
78727,0,0,373,3967,7247
78728,0,0,224,2572,4910
78729,0,0,256,4004,7159
78730,0,8,298,1489,2550
78731,0,30,636,4015,7033
78732,0,0,1,6,9
78733,0,0,470,1811,3003
78735,0,0,424,2585,4510
78736,0,0,130,1034,1937
78737,0,0,125,529,910
78738,0,0,16,70,114
78739,0,11,896,3148,5142
78741,0,99,335,2881,5350
78742,0,3,7,132,261
78744,0,88,342,5039,9649
78745,0,48,667,8228,15647
78746,0,0,1381,5210,8630
78747,0,0,173,2963,5684
78748,0,0,774,7493,14270
78749,0,0,900,5692,10269
78750,0,8,646,4342,7715
78751,0,8,163,1500,2674
78752,0,69,182,1623,3071
78753,0,67,421,4942,9416
78754,0,0,186,2869,5416
78756,0,0,173,1195,2107
78757,7,41,449,3727,6654
78758,0,265,618,4544,8620
78759,0,114,850,5681,9973
79015,0,0,484,5898,6247
79101,0,10,50,1304,1365
79102,0,100,227,3252,3393
79103,0,139,228,3692,3800
79104,0,22,91,2637,2728
79106,0,194,644,9718,10087
79107,0,240,501,10493,10754
79108,0,25,164,4769,4948
79109,0,152,716,14532,15081
79110,0,73,211,7850,8028
79111,0,5,12,328,336
79118,9,96,393,8416,8652
79119,15,35,438,4683,4914
79121,0,7,127,2342,2459
79124,0,43,294,2857,3030
79363,0,2,34,482,501
79364,0,0,0,11,12
79382,0,0,2,39,40
79401,0,155,287,1672,1784
79403,0,105,287,4306,4479
79404,0,105,334,4283,4484
79407,0,127,370,5021,5211
79410,0,74,247,3540,3628
79411,0,79,160,2400,2499
79412,29,81,138,4658,4744
79413,0,168,528,7621,7917
79414,5,146,235,5063,5194
79415,0,148,324,4528,4680
79416,0,149,627,9312,9790
79423,0,121,877,12661,13269
79424,34,238,1206,15913,16728
79504,0,4,38,857,948
79508,0,0,7,532,561
79510,0,7,72,1966,2164
79525,0,0,1,15,17
79536,0,3,51,1173,1258
79562,0,1,24,443,479
79563,0,1,9,534,567
79601,0,179,520,7108,7628
79602,0,50,555,9250,9956
79603,0,120,378,8536,9098
79605,0,79,359,10404,11111
79606,0,92,334,7742,8235
79607,0,2,14,604,625
79701,0,271,919,11288,11571
79703,0,0,428,7259,7439
79705,0,90,1284,11979,12582
79706,0,21,863,9754,10072
79707,34,274,1551,10631,11065
79758,0,0,16,137,144
79761,0,12,585,11322,11614
79762,0,237,864,13307,13781
79763,20,204,733,9779,10034
79764,42,242,818,7950,8192
79765,0,42,436,4974,5153
79766,4,22,103,1119,1176
79901,31,241,624,2124,2198
79902,34,469,1414,5347,5542
79903,36,285,895,5822,5899
79904,0,327,1364,9118,9295
79905,42,484,1460,6733,6851
79906,5,39,168,1495,1509
79907,0,536,2114,14250,14337
79908,0,7,62,845,849
79911,0,7,34,195,198
79912,300,999,3697,19343,19842
79915,0,587,1862,10849,11016
79922,30,169,701,3164,3266
79924,72,611,2316,17687,17848
79925,59,511,1853,11665,11784
79927,8,26,86,650,658
79928,0,8,59,397,402
79930,98,295,1232,7428,7496
79932,69,366,1185,5531,5680
79934,31,111,368,2363,2409
79935,41,179,727,5008,5085
79936,0,831,4476,31397,31781
79938,3,9,39,282,286
84003,0,425,10811,11180,11180
84004,0,171,1899,2039,2039
84006,0,1,35,36,36
84009,0,266,6698,7006,7006
84010,0,327,11302,11653,11653
84014,0,65,1795,1850,1850
84015,0,276,16933,17243,17243
84020,0,644,11425,12142,12142
84025,0,175,4847,5002,5002
84037,0,487,9366,9736,9746
84040,0,163,6570,6780,6780
84041,0,309,12627,12872,12872
84042,0,86,2533,2617,2617
84043,0,414,13391,13805,13805
84044,0,152,7505,7581,7581
84045,0,0,1,1,1
84047,0,204,7395,7554,7561
84054,0,159,4972,5115,5115
84056,0,3,1059,1065,1065
84057,0,228,8329,8448,8448
84058,0,173,6569,6656,6656
84062,0,246,7058,7239,7239
84065,0,327,10214,10541,10541
84067,0,175,11577,11682,11694
84070,0,184,7495,7656,7656
84075,0,203,6604,6780,6780
84081,0,218,10703,10921,10921
84084,0,218,9782,9921,9921
84087,0,214,3865,4030,4034
84088,0,163,9383,9565,9565
84092,0,648,8064,8617,8625
84093,0,259,7011,7381,7381
84094,0,226,8177,8352,8352
84095,0,353,9152,9553,9553
84096,0,351,9695,10005,10005
84097,0,185,5470,5611,5611
84101,0,29,1120,1148,1148
84102,0,105,2831,2913,2916
84103,0,191,4835,5016,5016
84104,0,75,6242,6280,6286
84105,0,297,6445,6742,6742
84106,0,405,9354,9653,9653
84107,0,216,8134,8308,8308
84108,0,350,5323,5657,5657
84109,0,402,6592,6946,6946
84111,0,44,1655,1691,1693
84112,0,10,103,108,108
84115,0,170,6971,7071,7078
84116,0,161,7526,7649,7656
84117,0,299,6350,6649,6649
84118,0,185,18408,18557,18557
84119,0,217,11334,11414,11437
84120,0,243,12573,12777,12777
84121,0,445,11330,11729,11729
84123,0,185,9112,9232,9242
84124,0,198,5391,5657,5657
84128,0,68,7510,7594,7594
84129,0,15,707,721,721
84315,0,19,780,796,796
84318,0,16,868,892,892
84321,0,248,9348,9510,9510
84326,0,3,116,120,120
84332,0,49,2275,2338,2338
84335,0,40,2199,2242,2242
84339,0,0,4,4,4
84340,0,13,447,459,459
84341,0,106,3998,4088,4092
84401,0,221,9436,9609,9619
84403,0,277,9661,9888,9888
84404,0,333,15602,15856,15872
84405,0,228,8934,9144,9144
84414,0,273,7628,7816,7816
84532,0,136,3353,3404,3404
84535,0,0,4,4,4
84536,0,7,45,47,47
84601,0,141,6590,6697,6697
84604,0,146,5299,5418,5418
84606,0,110,3989,4066,4066
84660,0,118,6469,6581,6581
84663,0,143,6123,6229,6229
84664,0,54,934,978,978
84720,0,0,1,1,1
84737,0,14,405,411,411
84738,0,110,2466,2507,2507
84757,0,0,8,8,8
84758,0,0,25,25,25
84763,0,0,6,6,6
84764,0,3,125,127,127
84765,0,80,2065,2092,2092
84767,0,3,69,70,70
84770,0,419,12217,12340,12340
84775,0,0,17,17,17
84776,0,4,199,201,201
84779,0,0,4,4,4
84780,0,154,3451,3507,3507
84790,0,583,12748,12981,12981
20120,0,0,0,8,16
20121,0,0,0,0,5
20124,0,0,0,0,0
20147,0,0,1,1,1
20148,0,0,0,0,0
20151,0,0,0,5,5
20152,0,0,0,0,3
20164,8,12,32,48,52
20166,0,0,0,0,8
20170,0,0,0,0,0
20171,0,9,9,9,18
20190,0,7,10,13,17
20191,0,0,0,0,0
20194,0,0,0,0,0
22003,0,0,0,0,0
22015,6,12,18,24,29
22027,0,0,0,0,0
22030,0,0,0,0,0
22031,0,0,0,0,0
22032,0,0,0,0,8
22033,0,0,0,0,0
22039,0,0,0,0,0
22042,0,0,0,0,0
22043,0,0,0,0,5
22046,0,0,0,0,0
22066,0,0,0,0,0
22101,0,0,0,0,0
22102,0,0,0,0,5
22124,0,0,0,0,0
22150,0,0,0,0,0
22151,0,0,0,0,0
22152,0,0,0,0,0
22153,0,0,0,3,3
22180,0,0,0,9,13
22181,0,0,0,0,0
22182,0,0,0,0,0
22201,0,0,0,0,0
22202,0,0,0,0,0
22209,0,0,0,0,0
22314,0,0,0,0,0
22601,0,0,23,69,108
22602,0,0,0,0,15
22603,0,0,0,4,17
22620,0,0,0,0,0
22624,0,0,0,0,1
22630,0,0,0,0,0
22655,0,0,0,0,0
22656,0,0,0,1,2
22663,0,0,0,0,0
22801,0,0,0,0,25
22802,0,0,5,22,65
22812,0,0,0,0,0
22821,0,0,0,0,0
22827,0,0,0,0,0
22831,0,0,0,0,0
22832,0,0,0,0,0
22841,0,0,1,2,4
22846,0,0,0,0,0
22901,0,0,6,18,24
22902,0,0,0,0,0
22903,0,0,0,0,45
22911,0,0,0,0,0
22936,0,0,0,0,0
22939,0,0,0,1,2
22940,0,0,0,0,0
22947,0,0,0,0,0
22952,0,0,0,0,0
22980,0,0,0,0,0
23005,0,0,0,8,23
23030,0,0,0,0,0
23059,0,0,0,0,0
23060,0,0,0,0,0
23069,0,0,0,0,0
23075,0,0,0,0,9
23103,0,0,2,4,4
23111,0,0,0,0,0
23112,0,16,33,33,33
23113,0,0,0,0,0
23114,0,0,0,0,0
23116,0,0,0,0,0
23120,0,0,0,0,0
23146,0,0,0,0,0
23150,0,0,0,8,11
23219,0,0,0,0,9
23220,0,0,0,0,73
23221,0,0,0,4,12
23222,0,0,0,0,35
23223,0,0,0,0,0
23224,0,0,8,63,180
23225,0,0,0,13,40
23226,0,0,0,0,0
23227,0,0,0,0,22
23228,0,0,17,74,99
23229,0,0,6,6,6
23230,0,0,0,7,22
23231,0,0,0,32,129
23233,0,0,0,0,0
23234,0,0,0,9,28
23235,0,0,0,5,15
23236,0,0,0,0,0
23237,0,0,0,6,32
23238,0,0,0,0,0
23294,0,0,0,10,33
23314,0,0,0,0,0
23320,0,0,60,150,255
23321,0,0,0,0,20
23322,0,0,0,15,108
23323,0,0,0,0,0
23324,0,0,0,0,19
23325,0,0,0,0,5
23432,0,0,0,0,0
23433,0,0,0,0,0
23434,0,0,0,14,82
23435,0,0,0,0,26
23436,0,0,0,0,1
23451,0,0,0,31,41
23452,0,0,0,83,166
23453,0,0,0,0,10
23454,0,0,0,0,0
23455,0,0,0,0,0
23456,0,17,35,69,104
23457,0,0,0,0,0
23462,0,0,0,0,66
23464,0,0,0,0,0
23502,0,0,0,18,47
23503,0,0,0,0,69
23504,0,0,0,0,15
23505,0,0,0,0,0
23507,0,0,0,15,37
23508,0,0,0,0,46
23509,0,0,0,15,37
23510,0,0,0,0,3
23511,0,0,0,0,0
23513,0,0,7,87,94
23517,0,0,1,2,5
23518,0,0,0,8,39
23523,0,0,0,16,64
23601,0,0,0,0,15
23602,0,0,0,0,0
23603,0,0,0,0,0
23604,0,0,0,0,0
23605,0,0,0,0,30
23606,0,0,0,0,45
23607,0,0,48,145,220
23608,0,0,0,0,0
23651,0,0,0,1,1
23661,0,0,0,0,25
23662,0,0,25,33,33
23663,0,0,0,0,0
23664,0,0,0,0,0
23665,0,0,0,0,0
23666,0,0,0,0,57
23669,0,0,0,0,0
23692,0,0,0,0,0
23693,0,0,0,0,0
23696,0,0,0,0,3
23701,0,0,0,0,39
23702,0,0,0,0,0
23703,0,7,27,60,81
23704,0,0,0,32,113
23707,0,0,0,13,83
23801,0,0,0,1,9
23803,0,0,0,41,96
23805,0,0,0,0,0
23831,0,0,0,9,46
23832,0,0,0,62,86
23834,0,0,0,0,26
23836,0,0,0,0,0
23838,0,0,0,0,0
23842,0,0,0,1,1
23860,0,0,0,0,68
23875,0,0,0,0,0
23885,0,0,0,0,0
24011,0,0,0,0,0
24012,0,0,0,10,91
24013,0,0,0,0,13
24014,0,0,0,0,0
24015,0,0,0,0,0
24016,0,0,0,18,36
24017,0,0,0,0,0
24018,0,0,0,0,21
24019,0,0,0,0,0
24060,0,0,0,0,0
24073,0,0,0,0,9
24077,0,0,0,0,0
24101,0,0,0,0,0
24149,0,0,0,0,0
24153,0,0,0,0,0
24175,0,0,0,0,0
24179,0,0,0,0,0
24251,0,0,0,0,3
24258,0,0,0,0,0
24290,0,0,0,0,4
24366,0,0,0,0,0
24401,0,0,0,0,0
24431,0,0,0,0,0
24437,0,0,0,0,0
24440,0,0,0,0,0
24441,0,0,0,0,0
24467,0,0,0,0,1
24471,0,0,0,0,0
24477,0,0,0,0,0
24482,2,2,2,3,3
24486,0,0,0,0,0
24501,0,0,0,36,135
24502,0,0,0,0,59
24503,0,0,0,0,4
24504,0,0,0,19,54
24527,0,0,0,0,0
24538,0,0,0,0,0
24540,0,0,0,0,35
24541,0,0,0,0,21
24550,0,0,0,0,1
24551,0,0,0,0,0
24572,0,0,0,2,10
24586,0,0,0,0,1
24588,0,0,0,4,6
24605,0,0,0,0,8
24613,0,0,0,0,0
24635,0,0,0,0,2
5401,57,648,5158,5226,5226
5403,30,586,4172,4222,4222
5404,0,175,1540,1551,1551
5408,0,274,2151,2173,2173
5446,4,87,879,887,887
5452,0,386,3452,3486,3486
5482,0,3,19,19,19
5495,0,282,1794,1821,1821
98001,0,0,0,0,0
98002,0,0,0,0,27
98003,0,0,0,0,29
98004,0,0,0,18,35
98005,0,0,0,0,0
98006,0,0,0,41,73
98007,0,0,0,0,7
98008,0,0,0,0,0
98010,0,0,0,0,0
98011,0,0,0,0,29
98012,0,0,0,0,0
98014,0,0,0,0,0
98019,0,0,0,0,0
98020,0,0,0,0,0
98021,0,0,0,9,18
98022,0,0,0,0,25
98023,0,0,0,0,51
98024,0,0,0,8,18
98026,0,0,0,0,0
98027,0,0,0,5,20
98028,0,0,6,17,52
98029,0,0,0,0,0
98030,0,0,0,15,52
98031,0,0,0,0,51
98032,0,0,0,8,46
98033,0,0,0,0,18
98034,0,0,0,0,11
98036,0,0,0,0,10
98037,0,0,0,0,0
98038,0,0,0,0,0
98039,0,0,0,0,0
98040,0,0,0,0,12
98042,0,0,0,0,12
98043,0,0,0,0,0
98045,0,0,0,0,0
98047,0,0,0,2,4
98051,0,0,0,0,0
98052,0,0,0,0,0
98053,0,0,0,0,0
98055,0,0,0,16,33
98056,0,0,0,0,0
98057,0,0,0,0,0
98058,0,0,0,0,11
98059,0,0,0,0,21
98065,0,0,0,0,0
98070,0,0,0,0,0
98072,0,0,0,0,0
98074,0,0,0,0,0
98075,0,0,0,0,0
98077,0,0,0,0,0
98087,0,0,0,0,0
98092,0,0,0,39,77
98101,0,0,0,0,0
98102,0,0,0,0,9
98103,0,0,0,0,0
98104,0,0,0,0,0
98105,0,0,0,0,0
98106,0,0,0,0,0
98107,0,0,0,0,0
98108,0,0,0,0,0
98109,0,0,0,0,13
98110,0,0,0,0,13
98112,0,0,0,11,27
98115,0,0,0,0,0
98116,0,0,0,0,0
98117,0,0,0,0,11
98118,0,0,0,0,0
98119,0,0,0,0,0
98121,0,0,0,0,1
98122,0,0,0,0,39
98125,0,0,0,0,0
98126,0,0,0,0,20
98133,0,0,0,0,0
98134,0,0,0,0,1
98136,0,0,0,0,5
98144,0,0,0,0,7
98146,0,0,0,0,8
98148,0,0,0,0,2
98155,0,0,15,31,46
98164,0,0,0,0,0
98166,0,0,0,0,7
98168,0,0,0,0,44
98177,0,0,0,0,0
98178,0,0,0,0,0
98188,0,0,0,12,35
98198,0,0,0,0,0
98199,0,0,0,0,6
98201,0,0,0,0,0
98203,0,0,0,0,10
98204,0,0,0,0,20
98208,0,0,0,0,0
98221,0,0,0,0,0
98223,0,0,0,0,7
98225,0,0,0,0,0
98226,0,0,0,0,0
98229,0,0,0,0,0
98232,0,0,0,1,1
98233,0,0,0,0,4
98258,0,0,0,0,14
98270,0,0,0,0,0
98271,0,0,0,0,6
98272,0,0,0,0,7
98273,0,0,0,0,0
98274,0,0,0,0,27
98275,0,0,0,0,0
98277,0,0,0,0,0
98284,0,0,0,0,4
98290,0,0,0,0,0
98294,0,0,0,0,1
98296,0,0,0,0,0
98310,0,0,0,0,0
98311,0,0,0,0,0
98312,0,0,0,0,8
98314,0,0,0,0,0
98315,0,0,0,0,0
98321,0,0,0,0,0
98323,0,0,0,0,0
98327,0,0,0,0,6
98332,0,0,0,0,5
98333,0,0,0,0,0
98335,0,0,0,0,0
98337,0,0,0,4,9
98338,0,0,0,0,0
98345,0,0,0,0,0
98354,0,0,0,0,7
98359,0,0,0,0,0
98360,0,0,0,0,0
98366,0,0,0,0,11
98367,0,0,0,0,0
98370,0,0,3,5,12
98371,0,0,0,0,0
98372,0,0,0,0,0
98373,0,0,14,14,21
98374,0,0,0,0,23
98375,0,0,0,53,89
98383,0,0,0,0,13
98385,0,0,0,0,0
98387,0,0,0,0,0
98388,0,0,0,0,0
98390,0,0,0,0,9
98391,0,0,15,30,61
98402,0,0,0,0,0
98403,0,0,0,0,4
98404,0,0,0,0,0
98405,0,0,0,0,0
98406,0,0,0,0,0
98407,0,0,0,0,0
98408,0,0,0,0,0
98409,0,0,0,0,0
98418,0,0,0,0,0
98422,0,0,0,0,0
98424,0,0,0,0,0
98433,0,0,0,0,0
98439,0,0,0,0,6
98443,0,0,0,0,0
98444,0,0,0,0,0
98445,0,0,0,0,10
98446,0,0,0,0,0
98465,0,0,0,0,0
98466,0,0,0,0,0
98467,0,0,0,0,4
98498,0,0,0,0,0
98499,0,0,0,0,35
98501,0,0,0,0,0
98502,0,0,0,0,12
98503,0,0,0,0,10
98506,0,0,0,0,0
98512,0,0,0,0,0
98513,0,0,0,0,18
98516,0,0,0,0,3
98604,0,0,0,0,9
98606,0,0,0,0,0
98607,0,0,0,0,0
98611,0,0,0,0,0
98626,0,0,0,0,0
98629,0,0,0,0,0
98632,0,0,0,36,60
98642,0,0,0,0,0
98660,0,0,0,0,0
98661,0,0,0,0,46
98662,0,0,0,0,21
98663,0,0,0,0,0
98664,0,0,0,0,7
98665,0,0,0,0,0
98671,0,0,0,0,0
98682,0,0,0,0,66
98683,0,0,0,0,0
98684,0,0,0,0,0
98685,0,0,0,0,0
98686,0,0,0,0,0
98801,0,0,0,11,90
98802,0,0,0,0,46
98828,0,0,0,0,0
98837,0,0,0,0,71
98901,0,0,0,0,24
98902,0,0,0,40,67
98903,0,0,0,0,0
98908,0,0,0,0,0
98922,0,0,0,0,0
98926,0,0,0,0,0
98937,0,0,0,0,0
98942,0,0,0,41,51
99004,0,0,0,0,0
99005,0,0,0,1,1
99016,0,0,0,17,58
99019,0,0,0,0,6
99021,0,3,3,5,8
99023,0,0,0,0,0
99025,0,0,0,0,0
99026,0,0,0,0,0
99027,0,0,0,0,0
99036,0,0,0,0,0
99037,0,0,0,14,24
99201,0,0,0,0,0
99202,0,0,0,5,77
99203,0,0,0,0,0
99204,0,0,0,0,0
99205,0,0,0,46,76
99206,0,0,0,0,22
99207,0,0,0,0,0
99208,0,0,0,15,74
99212,0,0,0,0,0
99216,0,0,14,36,80
99217,0,0,0,0,23
99218,0,0,0,0,0
99223,0,0,0,0,0
99224,0,0,0,0,18
99301,0,0,43,129,194
99320,0,0,0,0,1
99323,0,0,0,2,3
99336,0,0,41,95,176
99337,0,0,0,0,0
99338,0,0,0,10,20
99352,0,0,0,0,10
99353,0,0,0,22,31
99354,0,0,0,0,22
99403,0,0,0,0,0
