zip,panels_1_years_1500_incentive,panels_2_years_1500_incentive,panels_3_years_1500_incentive,panels_4_years_1500_incentive,panels_5_years_1500_incentive
99501,0,0,0,0,0
99502,0,0,0,0,0
99503,0,0,0,0,0
99504,0,0,0,0,0
99506,0,0,0,0,4
99507,0,0,0,0,0
99508,0,0,0,0,0
99515,0,0,0,0,5
99516,0,0,0,0,0
99517,0,0,0,0,0
99518,0,0,0,0,0
99701,0,0,0,0,0
99703,0,0,0,0,0
99709,0,0,0,0,0
99712,0,0,0,0,0
35004,0,0,0,0,0
35005,0,0,0,0,0
35007,47,47,47,47,47
35014,0,0,0,0,0
35020,61,61,61,61,61
35022,0,0,0,0,0
35023,21,21,21,21,21
35040,11,11,11,11,11
35043,0,0,0,0,0
35044,0,0,0,0,0
35051,0,0,0,0,0
35055,98,98,98,98,98
35057,1,1,1,1,1
35058,0,0,0,0,0
35061,0,0,0,0,0
35064,4,4,4,4,4
35068,2,2,2,2,2
35071,0,0,0,0,0
35072,0,0,0,0,0
35073,0,0,0,0,0
35077,1,1,1,1,1
35080,0,0,0,0,0
35094,0,0,0,0,0
35096,1,1,1,1,1
35111,6,6,6,6,6
35114,4,4,4,4,4
35115,0,0,0,0,0
35116,0,0,0,0,0
35117,23,23,23,23,23
35118,0,0,0,0,0
35124,27,27,27,27,27
35126,3,3,3,3,3
35127,0,0,0,0,0
35147,6,6,6,6,6
35150,26,26,26,26,26
35151,0,0,0,0,0
35160,3,3,3,3,3
35173,0,0,0,0,0
35176,1,1,1,1,1
35179,2,2,2,2,2
35184,0,0,0,0,0
35188,0,0,0,0,0
35203,12,12,12,12,12
35204,59,59,59,59,59
35205,10,10,10,10,10
35206,0,0,0,0,0
35207,28,28,28,28,28
35208,5,5,5,5,5
35209,0,0,0,0,0
35210,0,0,0,0,0
35211,76,76,76,76,76
35212,98,98,98,98,98
35213,20,20,20,20,20
35214,0,0,0,0,0
35215,115,115,115,115,115
35216,0,0,0,0,0
35217,73,73,73,73,73
35218,60,60,60,60,60
35221,36,36,36,36,36
35222,0,0,0,0,0
35223,4,4,4,4,4
35224,19,19,19,19,19
35226,59,59,59,59,59
35228,37,37,37,37,37
35233,16,16,16,16,16
35234,9,9,9,9,9
35235,0,0,0,0,0
35242,32,32,32,32,32
35243,0,0,0,0,0
35244,18,18,18,18,18
35401,299,299,299,299,299
35404,116,116,116,116,116
35405,142,142,142,142,142
35406,50,50,50,50,50
35444,0,0,0,0,0
35452,0,0,0,0,0
35453,5,5,5,5,5
35456,4,4,4,4,4
35463,0,0,0,0,0
35473,0,0,0,0,0
35474,0,0,0,0,0
35475,0,0,0,0,0
35476,27,27,27,27,27
35490,1,1,1,1,1
35601,42,42,42,42,42
35603,0,0,0,0,0
35611,30,30,30,30,30
35613,0,0,0,0,0
35614,0,0,0,0,0
35616,0,0,0,0,0
35630,0,0,0,0,0
35633,0,0,0,0,0
35634,0,0,0,0,0
35645,0,0,0,0,0
35660,0,0,0,0,0
35661,49,49,49,49,49
35671,0,0,0,0,0
35673,0,0,0,0,0
35674,0,0,0,0,0
35741,0,0,0,0,0
35748,0,0,0,0,0
35749,0,0,0,0,0
35750,0,0,0,0,0
35754,0,0,0,0,0
35756,0,0,0,0,0
35757,36,36,36,36,36
35758,62,62,62,62,62
35759,9,9,9,9,9
35761,0,0,0,0,0
35763,0,0,0,0,0
35773,0,0,0,0,0
35775,1,1,1,1,1
35801,0,0,0,0,0
35802,0,0,0,0,0
35803,20,20,20,20,20
35805,0,0,0,0,0
35806,0,0,0,0,0
35808,0,0,0,0,0
35810,0,0,0,0,0
35811,0,0,0,0,0
35816,48,48,48,48,48
35824,0,0,0,0,0
35901,14,14,14,14,14
35903,22,22,22,22,22
35904,20,20,20,20,20
35905,0,0,0,0,0
35906,0,0,0,0,0
35950,8,8,8,8,8
35951,0,0,0,0,0
35954,6,6,6,6,6
35956,0,0,0,0,0
35957,22,22,22,22,22
35976,6,6,6,6,6
35980,0,0,0,0,0
36020,2,2,2,2,2
36022,9,9,9,9,9
36025,10,10,10,10,10
36043,0,0,0,0,0
36054,28,28,28,28,28
36064,0,0,0,0,0
36066,0,0,0,0,0
36067,61,61,61,61,61
36079,0,0,0,0,0
36081,35,35,35,35,35
36092,4,4,4,4,4
36093,5,5,5,5,5
36104,54,54,54,54,54
36105,0,0,0,0,0
36106,0,0,0,0,0
36107,2,2,2,2,2
36108,77,77,77,77,77
36109,31,31,31,31,31
36110,29,29,29,29,29
36111,32,32,32,32,32
36112,0,0,0,0,0
36113,0,0,0,0,0
36115,0,0,0,0,0
36116,0,0,0,0,0
36117,142,142,142,142,142
36201,30,30,30,30,30
36203,47,47,47,47,47
36205,1,1,1,1,1
36206,7,7,7,7,7
36207,37,37,37,37,37
36250,0,0,0,0,0
36260,0,0,0,0,0
36265,0,0,0,0,0
36268,2,2,2,2,2
36277,1,1,1,1,1
36301,56,56,56,56,56
36303,87,87,87,87,87
36305,20,20,20,20,20
36312,0,0,0,0,0
36321,0,0,0,0,0
36322,9,9,9,9,9
36330,38,38,38,38,38
36345,12,12,12,12,12
36350,0,0,0,0,0
36351,0,0,0,0,0
36360,69,69,69,69,69
36362,9,9,9,9,9
36376,0,0,0,0,0
36509,6,6,6,6,6
36511,0,0,0,0,0
36523,1,1,1,1,1
36526,0,0,0,0,0
36527,18,18,18,18,18
36530,0,0,0,0,0
36532,49,49,49,49,49
36535,40,40,40,40,40
36541,9,9,9,9,9
36542,0,0,0,0,0
36544,12,12,12,12,12
36551,7,7,7,7,7
36555,2,2,2,2,2
36561,0,0,0,0,0
36567,24,24,24,24,24
36571,36,36,36,36,36
36572,5,5,5,5,5
36575,0,0,0,0,0
36576,0,0,0,0,0
36580,15,15,15,15,15
36582,123,123,123,123,123
36587,2,2,2,2,2
36602,0,0,0,0,0
36603,54,54,54,54,54
36604,65,65,65,65,65
36605,9,9,9,9,9
36606,24,24,24,24,24
36607,45,45,45,45,45
36608,0,0,0,0,0
36609,53,53,53,53,53
36610,82,82,82,82,82
36611,52,52,52,52,52
36612,6,6,6,6,6
36613,30,30,30,30,30
36617,0,0,0,0,0
36618,10,10,10,10,10
36619,43,43,43,43,43
36693,48,48,48,48,48
36695,154,154,154,154,154
36752,0,0,0,0,0
36801,43,43,43,43,43
36804,15,15,15,15,15
36830,142,142,142,142,142
36832,48,48,48,48,48
36856,0,0,0,0,0
36867,111,111,111,111,111
36869,135,135,135,135,135
36870,0,0,0,0,0
36875,0,0,0,0,0
36877,14,14,14,14,14
36879,0,0,0,0,0
71601,0,261,425,891,6657
71602,0,0,227,811,5992
71603,0,0,591,1421,12164
71837,0,0,0,1,6
71854,0,322,680,1480,11602
71901,0,12,224,545,5901
71913,0,20,295,721,9943
71956,0,0,0,0,8
71964,0,1,1,2,118
71968,0,0,0,1,43
72002,7,30,137,326,3596
72007,0,9,66,160,1735
72011,0,0,11,34,379
72012,0,24,101,285,3424
72015,0,59,356,821,9719
72019,0,6,212,525,5425
72022,0,5,104,403,5374
72023,0,0,250,928,11735
72065,0,1,7,18,158
72068,0,0,0,1,15
72076,0,48,492,1200,11747
72081,0,0,7,24,336
72082,0,2,4,23,262
72086,0,0,42,175,1467
72103,0,9,82,207,3097
72113,0,0,208,643,6717
72114,0,48,315,670,3829
72116,0,47,228,523,5037
72117,0,28,303,611,5445
72118,0,19,201,483,6123
72120,0,0,255,728,9213
72135,0,0,13,34,261
72142,0,8,36,77,740
72143,0,42,161,489,5847
72167,0,0,1,1,11
72176,0,6,61,212,2059
72201,0,13,43,87,584
72202,0,60,181,388,2768
72204,0,90,337,757,7303
72205,0,11,216,495,5078
72206,0,148,531,1236,8426
72207,0,20,157,400,2344
72209,0,129,316,607,6318
72210,0,36,93,246,3495
72211,0,0,204,638,5182
72212,0,7,244,602,3305
72223,0,16,342,808,5027
72227,0,29,191,399,2281
72364,0,0,1,2,26
72376,0,0,0,0,2
72401,49,438,877,2045,15794
72404,0,63,232,674,6864
72411,0,0,0,2,36
72416,1,11,19,56,590
72417,0,0,0,3,63
72701,9,366,782,4166,8197
72703,0,67,405,3547,7251
72704,0,45,388,2948,6138
72712,0,107,994,6176,10193
72718,0,0,30,185,363
72719,0,27,164,1399,2662
72730,0,9,42,676,1440
72745,10,12,47,1179,2441
72753,0,0,0,0,1
72756,0,20,205,801,6490
72758,0,44,481,4228,8508
72762,0,129,609,6466,11398
72764,0,148,542,5609,12094
72774,0,0,0,0,2
72801,0,28,249,642,5380
72802,0,0,65,258,2450
72834,0,15,38,105,1078
72837,0,0,0,1,16
72847,0,2,7,20,187
72858,0,3,11,34,307
72901,0,93,229,1558,7052
72903,0,41,315,1834,8114
72904,0,109,358,1479,6279
72908,0,0,109,1139,4862
72916,0,22,184,687,2320
72921,0,0,14,79,353
72923,0,5,36,312,1636
72941,0,0,3,24,114
72956,0,181,416,2199,10473
85003,0,218,2162,2220,2227
85004,0,205,1560,1625,1627
85006,0,444,6885,7047,7047
85007,0,337,4775,4872,4877
85008,0,391,10450,10555,10555
85009,13,593,13280,13482,13482
85012,0,274,2152,2224,2228
85013,0,411,5509,5622,5627
85014,0,394,6520,6653,6660
85015,0,454,8141,8224,8240
85016,0,953,9845,10139,10149
85017,0,427,7770,7896,7912
85018,0,1442,11497,11890,11926
85019,0,296,6606,6707,6727
85020,0,679,10261,10439,10449
85021,0,500,9103,9223,9242
85022,0,871,14757,15027,15027
85023,0,436,9721,9889,9889
85024,0,525,7570,7702,7709
85027,0,628,11852,12057,12057
85028,0,820,7912,8123,8123
85029,0,597,11977,12172,12184
85031,0,187,6832,6908,6915
85032,0,1124,20469,20802,20823
85033,0,456,12164,12299,12324
85034,0,305,3065,3157,3166
85035,0,231,9545,9603,9622
85037,26,585,12843,13012,13012
85040,0,504,9318,9499,9508
85041,0,751,17521,17879,17897
85042,0,669,12302,12604,12604
85043,0,402,9823,10034,10034
85044,0,818,12247,12562,12574
85045,0,341,2176,2320,2320
85048,0,1237,11159,11587,11599
85050,0,1528,10257,10695,10695
85051,0,383,11090,11259,11270
85053,0,387,8884,9001,9010
85054,5,117,1294,1329,1329
85083,13,845,6141,6363,6363
85085,0,392,4034,4163,4167
85118,12,309,6076,6175,6175
85119,0,462,9875,10036,10046
85120,0,540,14021,14163,14206
85132,0,189,3253,3313,3316
85140,0,565,10445,10647,10658
85142,0,1614,19716,20390,20411
85143,0,504,13086,13272,13272
85201,0,365,10270,10395,10405
85202,0,352,9133,9272,9272
85203,0,503,10027,10253,10263
85204,0,453,16559,16794,16794
85205,0,710,16576,16914,16914
85206,0,530,14569,14687,14716
85207,0,1429,18467,19058,19077
85208,0,412,15606,15796,15812
85209,0,811,15922,16182,16230
85210,0,439,8802,8936,8963
85212,0,604,7242,7451,7451
85213,34,883,11096,11486,11486
85215,25,720,8124,8367,8367
85224,0,618,13471,13718,13732
85225,0,852,19943,20288,20288
85226,0,911,12315,12644,12657
85233,0,770,12508,12816,12829
85234,0,1351,15885,16462,16478
85248,0,1456,15580,15996,16012
85249,0,2156,15171,16120,16120
85250,36,642,7072,7298,7298
85251,0,877,10249,10534,10534
85253,0,1956,7818,8378,8378
85254,0,1963,16020,16653,16653
85255,0,2731,16487,17247,17265
85256,0,158,1758,1782,1794
85257,0,675,9270,9498,9518
85258,0,1562,10119,10563,10563
85259,0,1326,8232,8602,8602
85260,0,1258,12383,12781,12794
85262,0,1251,5880,6249,6255
85266,0,1261,6491,6870,6870
85268,0,954,10050,10382,10393
85281,0,824,10587,10803,10847
85282,0,731,14655,14879,14909
85283,0,772,11756,12021,12045
85284,0,1012,6837,7227,7234
85286,0,1108,13103,13494,13494
85295,0,1215,12990,13503,13503
85296,0,1113,14134,14632,14647
85297,0,1000,10133,10533,10533
85298,0,1464,12052,12607,12607
85301,0,608,12695,12928,12954
85302,0,506,10512,10727,10759
85303,0,257,8760,8839,8848
85304,0,462,8595,8717,8726
85305,0,127,3226,3255,3255
85306,0,315,7952,8073,8073
85307,0,61,2899,2917,2917
85308,0,1539,22470,22975,22998
85310,0,756,7359,7563,7563
85323,0,416,11428,11566,11566
85326,0,484,15011,15132,15147
85329,0,9,151,154,154
85331,0,1920,13856,14462,14462
85335,0,447,10761,10881,10892
85338,0,604,12188,12361,12361
85339,0,838,13201,13485,13485
85340,0,735,9837,10059,10059
85345,19,769,18957,19226,19226
85350,0,11,218,221,221
85351,0,730,16731,16918,16969
85353,0,375,10599,10717,10717
85355,0,273,3998,4075,4075
85363,0,70,2226,2242,2246
85364,0,1129,19799,20122,20162
85365,0,831,13811,14078,14092
85367,0,433,8540,8644,8661
85373,0,418,8768,8902,8902
85374,0,986,17937,18266,18266
85375,0,615,16885,17056,17056
85377,0,33,225,233,234
85378,0,155,3394,3432,3439
85379,0,665,14239,14456,14456
85381,0,557,8293,8428,8437
85382,0,911,14661,14870,14915
85383,0,2027,17291,17937,17937
85387,0,143,3541,3570,3570
85388,0,547,9081,9266,9266
85392,0,537,11018,11197,11197
85395,0,1202,10972,11335,11335
85396,0,242,3202,3278,3278
85607,0,369,5660,5747,5764
85621,0,175,3152,3236,3240
85626,0,15,107,111,111
85648,0,68,2221,2250,2254
85658,0,269,3378,3454,3454
85701,0,181,1848,1901,1907
85704,12,764,11491,11761,11761
85705,0,927,14879,15168,15183
85706,0,567,12661,12919,12919
85708,0,15,662,664,666
85710,0,718,16879,17067,17084
85711,0,593,13301,13449,13476
85712,0,470,10047,10190,10211
85713,0,650,13672,13824,13852
85714,0,199,4912,4957,4972
85715,0,436,7134,7265,7272
85716,0,647,10602,10763,10785
85718,0,1575,10976,11421,11421
85719,0,937,11717,11969,12005
85730,0,409,12668,12770,12770
85735,0,6,194,196,196
85736,0,1,15,15,15
85737,0,644,7911,8148,8148
85739,0,6,74,75,75
85741,0,318,11306,11352,11363
85742,0,753,9850,10041,10051
85743,0,134,2153,2202,2204
85745,0,962,12364,12617,12642
85746,0,529,12428,12579,12591
85747,8,483,8206,8331,8339
85748,0,499,7510,7671,7671
85749,8,916,8236,8474,8474
85750,0,1279,9884,10232,10232
85755,0,608,7251,7414,7421
85756,0,293,7249,7315,7315
85757,0,132,2225,2266,2268
85901,4,153,3880,3927,3927
85929,0,86,1919,1948,1948
86001,34,784,8196,8432,8432
86004,0,532,6746,6905,6905
86005,0,3,54,55,55
86011,0,2,17,17,17
86040,0,120,2563,2604,2607
86301,0,451,9958,10018,10028
86303,0,375,4480,4567,4581
86305,0,391,5116,5215,5215
86314,0,391,13388,13482,13482
86315,0,72,1731,1750,1750
86323,0,99,3526,3547,3551
86325,0,0,13,13,13
86327,0,99,2111,2147,2147
86329,0,0,109,109,109
86336,35,596,6803,7013,7013
86351,2,150,1827,1872,1872
86403,0,283,8705,8865,8874
86404,0,316,7404,7524,7532
86406,0,597,11309,11435,11470
86434,0,0,1,1,1
90001,0,353,9660,9827,9827
90002,0,421,8262,8397,8422
90003,0,619,11464,11674,11674
90004,0,442,6438,6610,6610
90005,0,108,1702,1732,1737
90006,0,194,4438,4497,4501
90007,0,377,3867,4007,4015
90008,0,440,5934,6093,6093
90010,0,25,296,305,305
90011,0,423,12580,12798,12798
90012,0,107,1559,1594,1599
90013,0,77,532,556,557
90014,0,29,227,237,238
90015,0,183,1653,1706,1709
90016,0,595,9024,9285,9285
90017,0,48,547,562,562
90018,0,513,8092,8290,8290
90019,0,818,10370,10625,10625
90020,0,100,1566,1605,1606
90021,0,203,1555,1623,1623
90022,0,383,10767,10942,10942
90023,0,230,7323,7411,7426
90024,0,457,3458,3633,3633
90025,0,536,4528,4746,4746
90026,0,853,9603,9870,9900
90027,0,602,6400,6618,6618
90028,0,167,2057,2108,2112
90029,0,186,3657,3716,3724
90031,0,336,5696,5800,5800
90032,0,426,7939,8169,8169
90033,0,252,6190,6291,6310
90034,0,509,6786,6960,6967
90035,0,600,5051,5311,5311
90036,0,586,5320,5536,5541
90037,0,376,8248,8349,8365
90038,0,195,3121,3198,3198
90039,0,753,6881,7161,7161
90040,0,175,3225,3308,3308
90041,0,533,5465,5675,5675
90042,0,603,9240,9565,9565
90043,0,979,11561,11931,11943
90044,0,890,15032,15339,15354
90045,0,1164,10012,10572,10583
90046,0,656,6604,6850,6850
90047,0,748,12518,12866,12905
90048,0,608,4399,4611,4611
90049,0,1321,7661,8210,8210
90056,0,322,2463,2610,2615
90057,0,78,1405,1437,1439
90058,0,101,2072,2112,2112
90059,0,385,6839,6958,6979
90061,0,424,5636,5798,5810
90062,0,416,6457,6589,6589
90063,0,274,9026,9145,9145
90064,0,928,6719,7035,7035
90065,0,992,8919,9252,9271
90066,0,1344,11047,11483,11494
90067,0,27,201,212,212
90068,0,524,4500,4683,4683
90069,0,416,3255,3415,3415
90077,0,627,2688,2928,2928
90094,0,57,334,355,355
90201,0,290,13039,13171,13171
90210,0,1322,6374,6876,6876
90211,0,228,1644,1727,1729
90212,0,287,1984,2074,2076
90220,0,505,11241,11482,11505
90221,0,367,10023,10207,10217
90222,0,315,6581,6709,6709
90230,0,791,5885,6209,6209
90232,0,482,3912,4114,4114
90240,0,465,6269,6450,6457
90241,0,324,8859,8994,9003
90242,0,363,8246,8423,8423
90245,0,605,4797,5125,5125
90247,0,418,9126,9284,9293
90248,0,231,4158,4282,4282
90249,0,435,6945,7137,7137
90250,0,724,16088,16450,16450
90254,0,660,4759,5107,5107
90255,0,366,9758,9867,9887
90260,0,232,7616,7740,7740
90262,0,336,10693,10801,10812
90265,0,978,5467,5929,5935
90266,0,1884,10391,11385,11396
90270,0,109,3461,3500,3503
90272,0,1500,6947,7693,7693
90274,0,1479,8319,9123,9123
90275,0,1997,13017,13981,13995
90277,0,748,7993,8405,8405
90278,0,1218,10263,10850,10850
90280,0,475,15095,15310,15325
90290,0,234,1512,1626,1626
90291,0,922,6323,6684,6691
90292,0,224,1593,1675,1675
90293,0,194,1761,1846,1848
90301,0,227,5680,5814,5820
90302,0,210,4704,4785,4785
90303,0,284,5234,5352,5352
90304,0,171,4425,4501,4501
90305,0,231,4331,4433,4438
90401,0,94,675,708,708
90402,0,682,3066,3341,3341
90403,0,466,2910,3103,3106
90404,0,391,3161,3307,3307
90405,0,741,5236,5518,5523
90501,0,734,9453,9806,9806
90502,0,204,4546,4634,4638
90503,0,771,9659,10019,10019
90504,0,723,8727,9016,9025
90505,0,909,9558,9997,9997
90601,0,508,7827,8077,8077
90602,0,190,4750,4857,4857
90603,0,466,5828,6028,6034
90604,0,627,9150,9502,9502
90605,0,638,9412,9663,9663
90606,0,303,7405,7572,7579
90620,0,564,12044,12546,12558
90621,0,229,6349,6538,6552
90623,0,303,4037,4328,4332
90630,0,658,12798,13429,13442
90631,0,756,16096,16768,16785
90638,0,864,13031,13490,13490
90640,0,781,12667,13005,13005
90650,0,933,21817,22217,22217
90660,0,892,13971,14345,14345
90670,0,270,5875,6025,6025
90680,0,277,5786,5991,5997
90701,0,206,4058,4136,4140
90703,0,1361,14023,14609,14623
90706,0,630,15067,15359,15359
90710,0,311,5708,5860,5860
90712,0,626,9587,9935,9935
90713,0,749,8834,9241,9241
90715,0,220,4187,4304,4304
90716,0,60,2372,2396,2398
90717,0,458,5454,5647,5652
90720,0,554,6672,7204,7211
90723,0,239,9469,9575,9584
90731,0,885,11923,12292,12304
90732,0,570,5419,5698,5704
90740,0,345,5941,6261,6267
90744,0,392,9629,9806,9816
90745,0,874,12852,13249,13262
90746,0,686,7954,8219,8243
90755,0,170,2693,2785,2788
90802,0,186,2965,3057,3057
90803,0,617,8149,8453,8461
90804,0,231,5665,5769,5775
90805,0,603,16961,17202,17219
90806,0,263,7382,7495,7502
90807,0,580,7961,8284,8284
90808,0,1281,12943,13583,13597
90810,0,423,7693,7826,7834
90813,0,241,6592,6692,6692
90814,0,253,4040,4144,4152
90815,0,1066,11500,11991,11991
91001,0,1077,8919,9448,9448
91006,0,1007,9152,9685,9685
91007,0,510,7607,7858,7858
91008,0,73,483,517,517
91010,0,371,6131,6295,6295
91011,0,1102,5485,6048,6048
91016,0,726,10202,10518,10518
91020,0,162,1493,1538,1545
91024,0,312,2847,3000,3000
91030,0,455,4280,4506,4506
91040,0,432,5482,5687,5692
91042,0,385,6129,6300,6306
91101,0,148,1344,1406,1406
91103,0,440,4632,4811,4825
91104,0,547,7122,7366,7381
91105,0,421,2510,2693,2693
91106,0,327,3743,3891,3895
91107,0,977,8959,9481,9490
91108,0,687,3859,4182,4186
91201,0,250,4361,4468,4468
91202,0,348,3981,4091,4099
91203,0,117,1632,1671,1672
91204,0,100,1897,1934,1934
91205,0,279,4061,4161,4161
91206,0,340,4631,4779,4779
91207,0,255,2459,2550,2553
91208,0,414,3775,3940,3940
91214,0,849,7486,7946,7946
91301,0,1072,6853,7393,7393
91302,0,1377,7111,7788,7788
91303,0,171,3148,3216,3216
91304,0,585,9435,9777,9777
91306,0,598,8710,8924,8933
91307,0,771,7618,8019,8019
91311,0,881,10000,10384,10384
91316,0,489,4959,5145,5150
91320,0,1352,12875,13920,13920
91321,0,454,6093,6288,6295
91324,0,471,5925,6103,6109
91325,0,618,6379,6652,6652
91326,0,1274,9761,10296,10296
91331,0,778,17665,18045,18063
91335,0,706,12814,13089,13089
91340,0,395,7050,7194,7194
91342,0,848,17213,17690,17690
91343,43,776,10301,10642,10642
91344,0,1280,14077,14709,14709
91345,0,348,4407,4507,4525
91350,0,710,9723,10159,10159
91351,0,464,8232,8418,8435
91352,0,755,10175,10480,10490
91354,0,846,7607,8050,8050
91355,0,600,7849,8108,8108
91356,0,642,5784,6108,6108
91360,0,922,11959,12603,12628
91361,0,714,6665,7137,7137
91362,0,1211,10355,11088,11121
91364,0,778,6835,7202,7202
91367,0,807,8493,8865,8874
91377,0,468,3770,4107,4107
91381,0,593,4478,4779,4779
91384,0,3,31,32,32
91387,0,307,3639,3795,3795
91390,0,305,2695,2849,2849
91401,0,519,6639,6837,6837
91402,0,331,6917,7030,7037
91403,0,487,4244,4443,4443
91405,0,328,5842,5949,5967
91406,0,639,9179,9348,9376
91411,0,245,3200,3302,3302
91423,0,659,5427,5672,5672
91436,0,807,4302,4636,4636
91501,0,200,3372,3454,3454
91502,0,64,1507,1528,1528
91504,0,639,5903,6143,6149
91505,0,778,8397,8738,8756
91506,0,663,5479,5724,5724
91601,0,389,5109,5257,5257
91602,0,244,2922,3009,3012
91604,0,751,5448,5771,5771
91605,0,608,9556,9791,9801
91606,0,401,6890,7031,7038
91607,0,332,4246,4364,4369
91701,0,866,11684,12057,12057
91702,0,449,12257,12494,12494
91706,0,526,15275,15507,15507
91708,0,78,1771,1811,1811
91709,0,1800,19278,19998,20038
91710,0,1145,20645,21154,21154
91711,0,947,9608,10051,10051
91722,0,401,8336,8541,8541
91723,0,215,4209,4300,4304
91724,0,362,7062,7243,7243
91730,0,953,14734,15142,15142
91731,0,123,5278,5342,5342
91732,0,452,10995,11254,11254
91733,0,303,9039,9167,9167
91737,0,671,6813,7060,7060
91739,0,1250,9240,9757,9767
91740,0,383,6642,6840,6840
91741,0,829,8669,9038,9038
91744,0,604,16422,16791,16791
91745,0,1181,14007,14560,14575
91746,0,381,7142,7325,7333
91748,0,641,11320,11634,11658
91750,0,912,10811,11250,11250
91752,0,473,8509,8754,8754
91754,0,622,7967,8265,8265
91755,0,297,5912,6039,6045
91761,0,621,14903,15160,15160
91762,0,534,12812,13007,13033
91763,0,255,8139,8229,8237
91764,0,310,10191,10325,10325
91765,0,1163,12207,12769,12769
91766,0,669,13898,14197,14225
91767,0,508,10109,10358,10358
91768,0,226,6556,6656,6656
91770,0,563,14202,14433,14433
91773,0,809,9723,10128,10128
91775,0,550,6204,6470,6476
91776,8,396,7693,7907,7907
91780,0,854,9998,10405,10415
91784,0,1164,8641,9172,9172
91786,0,535,11931,12126,12150
91789,0,1215,12535,13169,13169
91790,0,702,10826,11149,11149
91791,0,543,8013,8211,8219
91792,0,313,5883,6009,6021
91801,0,547,9402,9585,9594
91803,0,373,6512,6638,6651
91902,17,2084,5646,5720,5720
91910,0,5507,16863,17051,17051
91911,33,5433,16514,16614,16614
91913,0,3584,10043,10134,10134
91914,4,1636,4017,4066,4066
91915,39,2267,6449,6527,6527
91932,11,1743,5315,5347,5347
91935,0,132,330,335,335
91941,0,3585,9833,9942,9942
91942,39,3290,9665,9753,9753
91945,0,2315,7359,7381,7381
91950,43,3511,10727,10792,10792
91977,0,4467,13359,13481,13481
91978,0,943,2759,2776,2776
92003,0,758,2033,2052,2052
92007,0,1314,3156,3207,3207
92008,0,3030,8100,8190,8190
92009,60,5019,11842,12035,12035
92010,0,1725,4680,4727,4727
92011,0,2868,7081,7196,7196
92014,0,2625,5720,5795,5795
92019,32,3645,10752,10839,10839
92020,62,4225,12353,12427,12427
92021,56,3600,11092,11159,11159
92024,0,6595,16086,16380,16380
92025,78,3895,11017,11150,11150
92026,0,4707,13056,13161,13161
92027,54,4449,13359,13480,13480
92028,0,2743,7813,7860,7860
92029,7,2856,7431,7491,7491
92037,12,4752,11655,11844,11844
92040,23,3738,11363,11489,11489
92054,0,3042,9498,9555,9555
92056,15,5142,14857,14977,14977
92057,29,5058,14174,14288,14288
92058,0,2220,7125,7161,7161
92059,0,20,36,36,36
92064,0,5785,14464,14684,14684
92067,0,877,1800,1841,1841
92069,0,4027,11261,11375,11375
92071,0,5310,15135,15303,15303
92075,0,1615,3855,3902,3902
92078,39,4821,12935,13079,13079
92081,0,2800,8176,8234,8234
92082,1,330,926,938,938
92083,0,2697,7884,7932,7932
92084,0,4315,12829,12919,12919
92091,20,601,1381,1415,1415
92101,0,875,2307,2340,2340
92102,59,2608,8416,8441,8441
92103,22,2610,7132,7211,7211
92104,40,3487,9988,10048,10048
92105,0,3751,11751,11822,11822
92106,0,2676,6213,6321,6321
92107,0,2741,7679,7764,7764
92108,0,520,1512,1530,1530
92109,0,3851,10788,10908,10908
92110,39,2443,6442,6521,6521
92111,58,3847,11493,11574,11574
92113,0,2890,9113,9187,9187
92114,99,5611,16402,16551,16551
92115,109,4189,11938,12059,12059
92116,0,2843,8286,8344,8344
92117,62,5523,15243,15443,15443
92118,17,2263,5565,5650,5650
92119,7,2673,6926,7017,7017
92120,73,3482,8987,9115,9115
92121,10,1047,2544,2583,2583
92122,113,2427,6165,6272,6272
92123,0,2701,7324,7420,7420
92124,7,2338,6733,6801,6801
92126,0,6231,16858,16994,16994
92127,0,5041,11896,12089,12089
92128,0,5222,13340,13502,13502
92129,0,5591,13441,13618,13618
92130,0,5641,12535,12791,12791
92131,10,4214,9735,9893,9893
92139,15,2462,7319,7386,7386
92154,46,4816,15132,15254,15254
92173,0,5,15,15,15
92201,0,620,17424,17672,17707
92203,0,694,10846,11171,11193
92210,0,331,2552,2732,2732
92211,0,865,14881,15453,15468
92220,0,455,10615,10832,10832
92223,0,678,16594,16933,16950
92231,0,0,1,1,1
92234,0,891,16070,16483,16515
92236,0,208,7898,7994,7994
92240,0,283,6194,6289,6295
92241,0,0,11,11,11
92243,0,506,11283,11514,11514
92249,0,1,9,9,9
92251,21,2451,4230,4260,4260
92253,0,1195,17961,18633,18633
92260,0,1097,14675,15239,15269
92262,0,767,10721,11099,11099
92264,0,630,8944,9213,9250
92270,0,1032,9641,10223,10223
92274,0,454,797,801,801
92276,0,43,3254,3284,3287
92277,0,212,4739,4821,4826
92283,0,22,400,412,412
92301,0,199,5766,5830,5842
92307,0,507,10992,11273,11273
92308,0,540,12676,12869,12882
92311,0,410,6676,6833,6833
92313,0,101,3565,3609,3609
92314,0,250,4797,4890,4900
92315,0,92,1445,1486,1486
92316,0,276,8267,8351,8351
92320,0,124,3397,3455,3459
92321,0,54,376,398,399
92324,0,552,13209,13452,13452
92325,0,28,739,748,748
92333,2,26,670,674,674
92335,0,702,19267,19540,19540
92336,0,1784,22673,23424,23424
92337,0,447,9990,10162,10162
92342,0,84,2055,2091,2091
92344,0,253,4256,4356,4356
92345,0,917,24404,24751,24776
92346,0,841,14967,15303,15303
92352,0,110,1238,1280,1280
92354,0,414,5536,5683,5683
92358,0,0,13,13,13
92359,0,90,2685,2721,2721
92363,0,4,98,99,99
92373,0,778,9479,9853,9863
92374,0,738,11452,11722,11722
92376,0,434,17197,17318,17336
92377,0,416,5501,5690,5690
92378,0,0,107,107,107
92386,0,10,168,172,172
92391,0,2,99,100,100
92392,0,556,15220,15436,15436
92394,0,463,8383,8546,8571
92395,0,640,13364,13568,13595
92399,0,1100,18134,18637,18637
92401,0,15,437,443,443
92404,0,568,12679,12898,12911
92405,0,258,6187,6294,6306
92407,0,727,14189,14523,14523
92408,0,223,3827,3909,3917
92410,0,237,8979,9097,9097
92411,0,183,5813,5896,5896
92501,0,299,5364,5525,5525
92503,0,1070,21663,22309,22309
92504,0,695,14711,15104,15119
92505,0,318,11162,11332,11343
92506,0,1175,14510,15023,15068
92507,0,616,11069,11400,11411
92508,0,964,9829,10347,10347
92509,0,723,19692,20093,20093
92518,0,41,738,756,758
92530,84,7483,13879,13935,13935
92532,0,315,5981,6173,6173
92543,0,570,11107,11381,11393
92544,0,534,14121,14438,14438
92545,0,543,15180,15475,15490
92548,0,47,2602,2634,2634
92551,0,220,7482,7611,7611
92553,0,491,16047,16358,16358
92555,0,537,10634,10930,10930
92557,0,461,13699,13993,13993
92562,71,9793,17652,17741,17741
92563,0,1267,17378,18084,18102
92567,0,201,3822,3940,3940
92570,0,619,16391,16709,16726
92571,0,535,13063,13384,13384
92582,0,265,4958,5091,5096
92583,0,208,9334,9485,9485
92584,0,704,15542,15990,15990
92585,0,369,7289,7514,7522
92586,0,273,9657,9784,9784
92587,0,391,6146,6389,6396
92590,11,527,953,955,955
92591,0,727,11159,11552,11552
92592,0,13150,23490,23655,23655
92595,0,603,10835,11170,11170
92596,0,412,7855,8081,8081
92602,0,475,4904,5268,5273
92603,0,574,4925,5509,5526
92604,0,372,7202,7574,7589
92606,0,443,4300,4650,4664
92610,0,292,3054,3352,3352
92612,0,323,4184,4405,4418
92614,0,533,5494,5908,5920
92617,0,162,1486,1609,1617
92618,0,778,7329,7940,7956
92620,0,1348,11340,12354,12354
92624,3,798,2703,2756,2756
92625,0,468,4863,5379,5384
92626,0,540,11165,11728,11740
92627,0,860,13732,14548,14562
92629,17,2336,8643,8739,8739
92630,0,3951,15276,15524,15524
92637,0,548,3258,3281,3281
92646,0,1250,17356,18349,18368
92647,0,678,13495,14117,14145
92648,0,768,11917,12609,12609
92649,0,598,10083,10681,10681
92651,0,3297,10161,10368,10368
92653,0,2224,7872,7984,7984
92655,0,134,1720,1802,1809
92656,0,2811,10639,10834,10834
92657,0,435,3332,3748,3752
92660,0,1041,9239,10301,10311
92661,0,212,1488,1667,1670
92662,0,112,1249,1366,1366
92663,0,691,6174,6691,6704
92672,64,2768,10434,10583,10583
92673,0,3107,8859,9049,9049
92675,0,2668,10237,10392,10392
92676,0,7,79,85,85
92677,54,5200,17670,17976,17976
92679,17,3297,8513,8739,8739
92683,0,952,20664,21551,21616
92688,10,2728,9349,9530,9530
92691,14,3744,13396,13614,13614
92692,0,4242,13858,14113,14113
92694,0,2098,5581,5737,5737
92701,0,170,5727,5844,5856
92703,0,311,10045,10335,10356
92704,0,464,14029,14479,14493
92705,0,1042,11891,12856,12869
92706,0,304,6355,6600,6613
92707,0,322,9824,10076,10076
92708,0,754,15248,16066,16066
92780,0,498,10704,11047,11069
92782,0,450,5020,5416,5416
92801,0,326,9662,9879,9899
92802,0,209,6739,6962,6969
92804,0,696,14209,14727,14771
92805,0,399,11448,11718,11730
92806,0,360,7491,7812,7820
92807,0,675,10318,11060,11060
92808,0,423,5034,5419,5419
92821,0,593,10589,11171,11171
92823,0,126,1181,1299,1299
92831,0,501,6979,7325,7362
92832,0,186,5252,5459,5459
92833,0,699,11685,12224,12261
92835,0,463,6769,7239,7239
92840,0,345,10806,11129,11140
92841,0,348,7300,7565,7581
92843,0,232,8064,8263,8280
92844,0,164,3951,4099,4103
92845,0,378,4998,5306,5317
92860,0,812,9786,10269,10269
92861,0,246,2035,2256,2256
92865,0,205,5456,5701,5701
92866,0,236,3964,4146,4154
92867,0,572,11277,11909,11921
92868,0,147,4208,4321,4334
92869,0,784,9843,10606,10606
92870,0,758,13071,13718,13745
92879,11,596,10557,10839,10839
92880,0,1803,17074,18030,18030
92881,0,857,8323,8826,8835
92882,0,852,15286,15743,15759
92883,0,969,9453,9983,9993
92886,0,1259,14525,15721,15753
92887,0,611,5847,6375,6382
93001,0,382,8869,9078,9087
93003,0,763,14150,14634,14649
93004,0,524,8271,8589,8607
93010,0,930,13253,13863,13891
93012,0,654,10822,11273,11284
93013,0,549,5132,5484,5489
93021,0,909,9938,10583,10583
93022,0,89,2330,2402,2402
93023,0,492,7320,7673,7673
93030,0,535,11264,11647,11647
93033,0,401,14079,14351,14366
93035,0,521,8377,8681,8681
93036,0,383,9302,9570,9570
93041,0,160,5055,5148,5148
93060,0,311,7978,8183,8183
93063,0,983,15452,16113,16113
93065,0,1304,20040,21028,21028
93066,0,125,1195,1290,1290
93101,0,365,6520,6742,6756
93103,0,270,5253,5501,5501
93105,0,1302,6928,7225,7225
93108,0,798,4819,5333,5343
93109,0,436,3506,3758,3758
93110,0,474,4838,5078,5093
93111,0,451,5352,5689,5695
93117,0,1287,8819,9120,9129
93202,0,18,699,709,711
93215,0,404,10002,10093,10093
93221,0,87,4232,4340,4340
93223,0,10,2492,2505,2505
93230,0,1007,19899,20121,20121
93235,0,10,370,373,374
93245,0,19,327,331,331
93247,0,114,3258,3335,3345
93250,0,103,2677,2704,2704
93257,0,398,17781,18052,18106
93267,0,25,754,772,774
93274,0,1005,20692,20985,20985
93277,0,713,16510,16917,16968
93291,0,1117,16588,16876,16893
93292,0,681,11549,11714,11714
93301,0,328,4223,4326,4326
93304,0,576,13238,13372,13386
93305,0,613,9722,9890,9900
93306,0,984,16426,16676,16676
93307,0,720,20406,20550,20550
93308,0,1098,17932,18280,18280
93309,0,827,15644,15914,15914
93311,0,1576,13606,14056,14056
93312,0,1827,18971,19476,19476
93313,0,658,13585,13735,13735
93314,0,935,8660,8891,8891
93401,0,1055,10138,10355,10355
93405,0,855,6547,6736,6736
93420,0,894,10224,10391,10391
93422,0,706,7997,8119,8127
93424,0,36,233,240,240
93433,0,292,4721,4803,4803
93444,0,440,5399,5503,5503
93445,0,132,2419,2446,2446
93446,0,1114,11466,11712,11712
93449,14,544,4460,4583,4583
93454,0,442,9490,9596,9596
93455,0,1082,14365,14657,14657
93458,0,331,9947,10027,10027
93465,2,266,2380,2444,2444
93534,0,447,10386,10631,10642
93535,0,878,16203,16550,16550
93536,0,1817,19610,19949,19949
93543,0,20,660,668,668
93550,0,832,17716,18114,18114
93551,0,1253,15657,16275,16275
93552,0,333,9922,10063,10063
93611,0,1003,11924,12230,12230
93612,0,385,9515,9621,9621
93616,0,21,574,580,580
93618,0,404,6860,6957,6964
93619,0,911,7528,7785,7793
93625,0,221,1912,1990,1990
93631,0,324,4579,4697,4697
93635,0,494,10138,10292,10292
93636,4,58,604,620,620
93637,0,586,9578,9773,9773
93638,0,479,9259,9371,9381
93646,0,0,1,1,1
93648,0,158,3102,3156,3156
93650,0,40,1003,1015,1015
93654,0,335,6742,6852,6852
93657,0,322,7770,7856,7856
93662,0,330,6663,6744,6751
93673,0,0,15,15,15
93701,0,178,2822,2851,2865
93702,0,500,10490,10639,10650
93703,0,509,8465,8611,8620
93704,0,714,9104,9271,9271
93705,0,516,9229,9370,9380
93706,0,938,10233,10486,10518
93710,0,474,7894,8047,8047
93711,0,1096,12570,12879,12892
93720,0,1134,14368,14706,14721
93721,0,61,1368,1389,1389
93722,0,1420,22862,23304,23304
93723,0,156,2122,2176,2176
93725,0,280,5870,5959,5959
93726,0,590,9843,9993,10003
93727,0,1314,18663,19044,19044
93728,0,418,5022,5151,5151
93730,0,607,4126,4303,4303
93737,0,12,214,218,218
93901,0,555,8118,8292,8292
93905,0,383,9455,9561,9561
93906,0,706,13099,13325,13325
93907,0,224,2817,2868,2874
93908,2,349,2012,2118,2118
93923,0,813,5501,5730,5730
93924,0,21,141,146,146
93933,0,481,6284,6413,6413
93940,0,827,8546,8801,8801
93950,0,439,4595,4714,4718
93953,0,311,1854,1952,1954
93955,27,505,8868,9012,9012
94002,0,1396,6745,7108,7108
94005,0,227,1255,1327,1327
94010,0,2443,11167,11918,11918
94014,0,807,8148,8401,8401
94015,0,1485,11839,12383,12383
94018,0,2,9,10,10
94019,0,909,5387,5672,5677
94022,0,1948,6131,6686,6686
94024,0,2249,7044,7631,7631
94025,0,2280,10190,10910,10910
94027,0,779,2589,2858,2858
94028,0,512,2016,2178,2178
94030,0,856,5655,5952,5952
94037,0,137,656,699,699
94038,0,133,959,1002,1002
94040,0,1261,5826,6152,6158
94041,0,606,3003,3177,3177
94043,0,1376,6135,6507,6513
94044,0,1529,10377,10843,10843
94061,0,1335,8501,8911,8911
94062,8,1903,7745,8346,8346
94063,0,666,5774,6014,6014
94065,0,589,2678,2864,2864
94066,0,1118,9655,10058,10058
94070,0,2399,8887,9694,9694
94080,0,2114,15031,15688,15704
94085,0,753,3699,3902,3902
94086,0,1568,7542,8024,8024
94087,0,3026,13075,13880,13880
94089,0,964,5197,5465,5471
94102,0,52,1196,1250,1255
94103,0,172,2150,2351,2356
94104,0,1,54,56,56
94105,0,30,196,233,234
94107,0,235,2938,3308,3308
94108,0,32,634,665,669
94109,0,180,2912,3155,3158
94110,0,781,9916,10984,10995
94111,0,19,214,242,242
94112,0,1607,14264,14985,14985
94114,0,424,5521,6225,6225
94115,0,236,3165,3510,3514
94116,0,799,9909,10949,10960
94117,0,368,4284,4882,4887
94118,0,444,6189,6931,6931
94121,0,526,7594,8328,8345
94122,0,764,10369,11384,11407
94123,0,362,3318,3849,3849
94124,0,588,6722,6981,6995
94127,0,563,5429,6242,6255
94129,0,56,505,595,595
94130,0,12,313,335,335
94131,0,587,5655,6502,6515
94132,0,470,4626,4849,4849
94133,0,261,2235,2370,2373
94134,0,762,7102,7461,7461
94158,0,6,91,103,103
94301,0,934,3944,4201,4201
94303,0,1692,9147,9669,9669
94304,0,128,676,710,710
94305,0,227,1143,1203,1207
94306,0,1544,6346,6795,6795
94401,0,646,5921,6136,6148
94402,0,1364,6800,7219,7226
94403,0,1802,9459,10030,10030
94404,0,1332,6962,7366,7366
94501,0,1692,13331,13844,13844
94502,0,890,3781,4014,4014
94503,0,725,5901,6153,6153
94505,0,878,5303,5600,5600
94506,0,1749,6505,6942,6942
94507,0,1421,4904,5342,5342
94508,0,28,353,361,362
94509,0,1355,18568,19045,19064
94510,0,1164,8977,9331,9331
94513,0,2333,18117,18775,18794
94514,0,0,8,8,8
94515,0,205,1764,1838,1838
94517,0,589,3652,3844,3848
94518,0,846,7230,7499,7499
94519,0,613,6014,6194,6194
94520,0,473,6817,6928,6942
94521,0,1428,11858,12326,12326
94523,0,1300,9404,9837,9837
94525,0,136,1170,1219,1219
94526,0,2255,9698,10305,10305
94530,0,1144,7757,8158,8158
94531,0,1075,11849,12191,12191
94533,0,1164,19038,19388,19407
94534,0,1595,12409,12846,12846
94535,0,17,1157,1164,1164
94536,0,2654,15403,16148,16148
94538,0,1644,12403,12853,12853
94539,0,3352,13508,14524,14524
94541,0,1258,14123,14441,14455
94542,0,535,3345,3513,3517
94544,0,1400,14988,15373,15373
94545,0,848,8420,8645,8654
94546,0,1507,12472,12884,12884
94547,0,855,6134,6377,6383
94549,0,2078,7902,8498,8498
94550,0,2679,14706,15384,15384
94551,0,1481,11082,11495,11495
94552,0,969,4003,4290,4290
94553,0,1747,14195,14679,14694
94555,0,1731,7647,8205,8205
94556,0,940,4179,4489,4494
94558,0,2285,20144,20941,20962
94559,26,541,8379,8594,8594
94560,0,1717,10604,11069,11069
94561,0,1127,11694,11994,11994
94563,0,1393,4754,5133,5133
94564,0,500,5737,5872,5878
94565,0,1730,22890,23381,23381
94566,0,2374,11036,11753,11753
94568,0,2439,11064,11795,11795
94572,0,230,2740,2802,2802
94574,0,459,3335,3478,3478
94576,0,3,41,42,42
94577,0,1307,12483,12842,12842
94578,0,603,7939,8135,8135
94579,0,497,6060,6221,6221
94580,0,720,7665,7894,7894
94582,0,2175,8932,9606,9615
94583,0,2031,9393,10003,10003
94585,0,612,8202,8395,8395
94587,0,2202,15428,16055,16055
94588,0,1559,7617,8061,8061
94589,0,484,8523,8635,8635
94590,0,772,10468,10714,10714
94591,0,1484,16595,17039,17039
94592,1,53,633,650,650
94595,0,368,3690,3792,3792
94596,0,698,4339,4543,4543
94597,0,618,4543,4727,4727
94598,0,1598,7486,7997,7997
94599,0,96,1193,1227,1228
94601,0,680,9021,9186,9186
94602,0,1125,7939,8270,8270
94603,23,288,7493,7584,7584
94605,0,1444,11481,11934,11934
94606,0,376,5758,5864,5870
94607,0,462,3876,4025,4025
94608,0,794,5562,5794,5800
94609,0,546,4726,4918,4918
94610,0,853,5279,5528,5528
94611,0,1692,8163,8712,8712
94612,0,119,998,1031,1031
94618,0,1062,4661,4980,4980
94619,0,918,7127,7347,7347
94621,0,526,7007,7194,7194
94702,0,560,4620,4783,4783
94703,0,606,4355,4560,4560
94704,0,260,1694,1774,1774
94705,0,642,3322,3545,3545
94706,0,678,4426,4615,4615
94707,0,927,4231,4496,4496
94708,0,854,3419,3645,3649
94709,0,210,1621,1681,1681
94710,0,274,2234,2325,2325
94720,0,50,230,243,243
94801,0,482,6859,6978,6992
94803,0,729,7860,8111,8111
94804,0,738,10815,11024,11024
94805,0,322,4647,4741,4741
94806,0,732,12866,13075,13075
94901,0,1272,9829,10260,10260
94903,0,1204,8664,8979,8979
94904,0,553,2979,3156,3156
94920,0,927,3941,4265,4265
94925,0,634,2688,2919,2919
94928,0,610,9941,10195,10195
94930,0,295,1942,2030,2030
94931,0,231,3287,3364,3364
94939,0,345,1647,1764,1766
94941,0,1643,7521,8052,8052
94945,0,851,5640,5912,5918
94947,0,987,6539,6840,6840
94949,0,624,5017,5199,5199
94951,0,287,2316,2414,2414
94952,0,1620,13730,14213,14213
94954,0,1131,12083,12419,12431
94957,0,164,594,652,652
94960,0,787,4206,4474,4474
94965,0,361,2873,2977,2977
95002,0,70,536,554,554
95003,0,1041,7274,7601,7601
95004,0,4,19,20,20
95005,0,67,710,731,731
95006,0,45,417,429,430
95007,0,0,1,1,1
95008,0,1965,11428,11967,11967
95010,0,198,2937,2994,2994
95012,0,31,1380,1388,1388
95014,0,3499,14056,14968,14968
95018,0,108,881,916,916
95019,0,65,1568,1588,1588
95020,0,1469,12624,12988,13001
95023,0,1039,11687,11938,11938
95030,0,1173,4085,4402,4402
95032,0,1619,7391,7829,7829
95033,0,8,41,44,44
95035,0,2814,14450,15226,15241
95037,0,12,75,78,78
95039,0,2,39,40,40
95043,0,3,29,30,30
95045,0,0,2,2,2
95050,0,1274,8388,8719,8737
95051,0,2409,11524,12181,12181
95054,0,992,4366,4606,4606
95060,0,1482,10938,11478,11478
95062,0,1388,11024,11471,11471
95064,0,51,363,379,379
95065,2,242,2005,2084,2084
95066,0,552,3748,3912,3912
95070,0,2500,10030,10693,10693
95073,0,349,2898,3012,3012
95076,0,1159,14108,14471,14471
95110,0,506,3279,3423,3423
95111,0,947,10899,11155,11155
95112,0,1116,9782,10053,10063
95113,0,31,175,184,184
95116,0,626,7466,7626,7626
95117,0,547,4575,4722,4722
95118,0,1318,8295,8659,8659
95119,0,449,2775,2897,2897
95120,0,3039,11347,12254,12254
95121,0,1067,8436,8742,8742
95122,0,727,9024,9199,9199
95123,0,2182,14763,15475,15475
95124,0,2923,13993,14824,14824
95125,0,2642,14405,15055,15055
95126,0,803,6034,6272,6272
95127,0,1365,13566,13928,13942
95128,0,1091,7614,7915,7915
95129,0,1860,8827,9310,9320
95130,0,734,3443,3667,3671
95131,0,1149,6109,6396,6396
95132,0,1668,9490,9989,9989
95133,0,860,5062,5278,5283
95134,0,411,1841,1954,1954
95135,0,1229,5067,5437,5437
95136,0,1323,9329,9647,9647
95138,0,1020,4602,4906,4906
95139,0,379,1812,1907,1907
95140,0,22,168,174,174
95148,0,1963,10894,11348,11348
95202,0,100,1127,1157,1158
95203,0,186,4609,4656,4656
95204,0,425,9963,10095,10095
95205,0,499,10706,10836,10858
95206,0,797,17475,17652,17670
95207,0,619,11478,11676,11676
95209,0,681,11947,12154,12154
95210,0,454,9095,9280,9280
95212,0,484,7516,7677,7677
95215,0,532,7003,7183,7183
95219,0,690,7410,7569,7585
95220,0,70,718,739,739
95231,0,33,1252,1260,1260
95240,0,575,11832,11988,11988
95242,0,517,8030,8202,8202
95258,0,102,1294,1324,1325
95301,0,639,11474,11637,11637
95307,0,227,11757,11948,11948
95316,2,119,2126,2165,2165
95319,0,0,5,5,5
95320,0,276,4390,4457,4457
95322,0,17,481,486,486
95326,0,139,3902,3978,3982
95328,0,32,1080,1094,1096
95330,0,380,3780,3909,3913
95334,0,1,24,24,24
95336,0,824,14473,14752,14752
95337,0,822,9331,9560,9560
95340,0,880,11314,11580,11580
95341,0,387,7921,8042,8050
95348,0,512,8502,8667,8667
95350,0,672,15547,16011,16011
95351,0,414,12322,12561,12561
95354,0,272,8280,8501,8501
95355,0,548,17240,17682,17700
95356,0,800,10731,10961,10961
95357,0,371,5042,5150,5155
95358,0,414,8696,8793,8802
95361,0,775,9983,10187,10187
95366,0,616,5519,5690,5701
95367,0,612,7295,7474,7474
95368,0,241,4246,4315,4315
95380,0,673,12512,12716,12716
95382,0,539,11098,11466,11477
95388,0,119,3676,3716,3716
95389,0,4,58,59,59
95401,0,684,10624,10819,10852
95403,0,958,12812,13101,13114
95404,0,957,11328,11666,11666
95405,0,629,6913,7142,7142
95407,0,395,10806,10948,10948
95409,0,940,9520,9814,9814
95436,0,93,1105,1135,1135
95439,0,52,443,460,460
95441,0,8,74,77,77
95442,0,192,1150,1209,1209
95448,0,662,6140,6357,6357
95452,0,129,622,666,666
95470,0,29,513,522,522
95472,0,1297,12011,12411,12448
95476,0,1487,14319,14869,14869
95482,0,473,7251,7376,7384
95492,0,803,8995,9341,9341
95501,0,359,8682,8960,8978
95503,0,162,6333,6476,6489
95519,0,179,5249,5412,5423
95521,0,225,4512,4672,4676
95537,0,0,114,114,114
95564,0,1,40,41,41
95602,0,287,3963,4044,4044
95603,0,867,9525,9850,9850
95605,0,191,3413,3469,3473
95608,0,708,17614,18195,18213
95610,0,548,11953,12172,12172
95612,0,6,85,87,87
95616,0,1273,9074,9492,9492
95618,0,1021,6946,7281,7289
95619,0,51,1121,1135,1136
95620,0,3,40,41,41
95621,0,362,12646,12917,12930
95623,0,34,737,747,747
95624,0,920,19590,20449,20449
95626,0,179,2126,2185,2187
95628,0,868,13175,13767,13795
95630,0,2874,20974,21851,21873
95648,0,1752,18845,19468,19468
95650,0,857,5462,5743,5749
95652,0,23,443,454,456
95655,0,109,1421,1492,1496
95658,0,261,3058,3143,3143
95660,0,167,9181,9283,9283
95661,0,664,6998,7207,7214
95662,0,734,11483,11681,11681
95663,0,214,1399,1470,1473
95664,0,0,25,25,25
95667,0,444,6046,6169,6169
95670,0,490,15399,15794,15810
95672,0,262,1889,1984,1984
95673,0,262,6393,6544,6557
95677,0,703,8351,8565,8574
95678,0,905,11967,12260,12260
95682,0,1027,9128,9420,9420
95683,0,6,61,63,63
95687,0,1311,17543,17956,17956
95688,0,1134,10041,10384,10384
95691,0,1008,11490,11870,11870
95692,0,1,24,24,24
95695,0,545,9240,9391,9400
95703,0,4,58,59,59
95713,0,89,1482,1505,1506
95722,0,22,203,210,210
95742,0,586,4486,4645,4645
95746,0,1710,7584,8189,8189
95747,0,2215,19809,20485,20506
95757,0,953,12087,12859,12885
95758,0,1002,18209,18928,18947
95762,42,2291,13363,14155,14155
95765,0,1255,10317,10736,10736
95776,0,520,5976,6129,6129
95811,0,67,1532,1585,1588
95814,1,72,1013,1040,1040
95815,0,225,6283,6437,6437
95816,0,155,3740,3860,3864
95817,0,111,3731,3823,3831
95818,6,574,5319,5507,5507
95819,0,380,5669,6031,6037
95820,0,403,11241,11471,11494
95821,0,442,9113,9377,9405
95822,0,832,13884,14110,14110
95823,0,592,18047,18399,18417
95824,0,187,7047,7154,7169
95825,0,233,5651,5803,5820
95826,0,489,11239,11600,11600
95827,0,227,6284,6472,6479
95828,0,617,17158,17581,17581
95829,0,584,8724,9098,9116
95830,0,41,433,466,467
95831,0,1002,12879,13182,13182
95832,0,129,2822,2862,2865
95833,0,521,9292,9481,9481
95834,0,305,6248,6344,6344
95835,0,489,10471,10884,10884
95837,0,14,142,145,145
95838,0,324,9898,10091,10121
95841,0,138,4999,5132,5132
95842,0,186,8000,8113,8121
95843,0,756,12381,12595,12608
95864,0,565,8204,8674,8682
95901,0,324,8190,8323,8323
95917,0,1,29,29,29
95926,0,576,9103,9307,9307
95928,0,708,9413,9675,9675
95938,0,5,97,98,98
95945,0,291,4535,4623,4623
95949,0,164,2033,2076,2076
95953,0,6,110,112,112
95959,0,52,607,621,621
95961,0,294,5777,5871,5871
95965,0,276,4926,5021,5021
95966,0,480,10290,10446,10446
95968,0,15,561,566,566
95973,0,878,9960,10215,10215
95982,0,21,854,861,861
95991,0,716,11323,11542,11542
95993,0,868,12144,12416,12416
96001,0,650,12029,12274,12274
96002,0,500,11158,11351,11351
96003,0,887,16073,16352,16385
96007,0,436,8193,8378,8378
96008,0,14,160,165,165
96019,0,139,3189,3224,3227
96022,0,1,19,20,20
96062,0,2,25,26,26
96069,0,0,1,1,1
96073,0,128,1228,1277,1277
96087,0,6,87,90,90
96161,0,278,1759,1842,1842
80002,0,0,213,4124,4368
80003,0,0,262,8895,9278
80004,0,0,390,8763,9428
80005,0,0,688,8142,9004
80007,0,0,387,2548,2893
80010,0,0,267,6496,6609
80011,0,0,302,10183,10340
80012,0,0,323,8457,8676
80013,0,98,936,18761,19326
80014,0,14,279,6607,6763
80015,0,0,1135,18097,19097
80016,0,0,1877,13286,14543
80017,0,0,233,7289,7484
80018,0,0,168,3583,3680
80019,0,0,30,691,709
80020,0,0,883,14086,15060
80021,0,9,379,8020,8538
80022,0,0,747,13786,14245
80023,0,0,697,5561,6176
80026,0,0,462,7300,8240
80027,0,0,877,7645,8805
80030,0,3,108,3092,3162
80031,0,28,625,8740,9281
80033,0,0,318,6576,6964
80045,0,0,16,109,115
80108,0,0,56,330,368
80110,0,0,334,6194,6381
80111,0,0,1056,7022,7711
80112,0,0,598,7320,7677
80113,0,0,443,5774,6063
80118,0,0,0,3,3
80120,0,13,484,6298,6549
80121,0,6,687,5441,5842
80122,0,9,719,8461,8920
80123,0,0,785,11397,11928
80124,0,0,467,4450,4734
80125,0,0,25,174,189
80126,0,0,1335,9053,9963
80127,0,0,898,11943,13230
80128,0,0,572,9570,10246
80129,0,23,705,6947,7412
80130,0,0,678,5932,6345
80132,0,0,825,5463,5957
80133,0,0,13,297,304
80134,0,0,1450,14133,15033
80137,0,0,2,42,43
80138,0,0,889,8243,8853
80202,0,1,35,373,397
80203,0,3,69,1331,1376
80204,0,0,348,5152,5364
80205,0,0,504,6201,6539
80206,0,0,365,3865,4081
80207,0,23,576,5325,5653
80209,0,0,621,5178,5556
80210,0,18,1087,8308,9027
80211,0,0,734,6720,7134
80212,0,5,444,4180,4457
80214,0,0,229,4421,4712
80215,0,0,258,4698,5001
80216,0,0,226,3632,3719
80218,0,0,152,2095,2181
80219,0,35,513,11258,11584
80220,0,7,537,6728,7065
80221,0,0,437,9446,9611
80222,0,20,334,4789,5017
80223,0,0,294,4713,4947
80224,0,0,200,3756,3893
80226,0,0,218,7235,7726
80227,0,8,330,7114,7597
80228,0,0,430,7838,8509
80229,0,0,327,11024,11216
80230,0,0,192,1494,1614
80231,0,29,210,4592,4735
80232,0,18,367,5670,5988
80233,0,0,328,11887,12105
80234,0,0,268,6015,6196
80235,0,0,51,1442,1496
80236,0,0,196,3258,3402
80237,0,7,247,3527,3645
80238,0,0,734,4606,5125
80239,0,0,210,8541,8698
80241,0,0,432,8602,8935
80246,0,7,77,1584,1627
80247,0,0,98,2058,2098
80249,0,15,270,7328,7448
80260,0,0,107,5276,5357
80301,0,0,416,4902,5493
80302,0,0,254,2139,2447
80303,0,0,509,4505,5102
80304,0,0,401,4879,5577
80305,0,0,446,3572,4173
80401,0,0,758,7438,8187
80403,0,0,451,4299,4794
80465,0,0,314,3650,4014
80503,0,0,27,434,493
80512,0,0,15,243,263
80514,0,0,9,250,256
80516,0,0,616,5924,6473
80521,0,0,407,6841,7292
80524,0,0,601,10081,10780
80525,0,0,831,13437,14326
80526,0,0,676,11218,11882
80528,0,0,454,5155,5615
80534,0,0,96,996,1074
80535,0,0,17,652,684
80537,0,0,433,12299,13020
80538,0,0,849,15045,15846
80543,0,0,1,40,41
80547,0,0,93,684,779
80550,0,0,176,2873,3040
80601,0,0,367,9919,10205
80602,0,0,1076,10509,11165
80603,0,0,202,4119,4240
80620,0,0,235,5018,5164
80621,0,0,4,76,79
80631,0,0,414,11139,11415
80634,0,0,544,17551,17968
80640,0,0,152,3483,3584
80642,0,0,7,87,92
80645,0,0,1,93,94
80817,0,88,3044,7899,7995
80829,0,4,134,341,347
80840,0,12,266,730,735
80902,0,26,443,1220,1227
80903,0,0,168,3311,3397
80904,0,162,2657,6351,6475
80905,0,0,199,4074,4196
80906,0,296,3939,9273,9550
80907,0,0,505,7622,7811
80908,0,5,309,2378,2548
80909,0,37,369,9027,9184
80910,0,166,2354,6059,6139
80911,0,223,4145,10523,10608
80915,0,0,238,6309,6405
80916,0,110,3134,8402,8453
80917,0,0,246,7549,7664
80918,0,0,633,12825,13088
80919,0,211,3859,8919,9139
80920,0,36,809,11573,11959
80921,0,6,755,5313,5775
80922,0,18,324,8521,8722
80923,0,0,324,8506,8742
80924,0,4,168,1809,1889
80925,0,6,288,682,691
80926,0,1,10,23,24
80927,0,0,34,318,340
80951,0,0,0,1,1
81001,0,285,4074,8780,8852
81003,0,175,2259,4655,4717
81004,0,223,3510,7543,7650
81005,0,165,5126,10902,10979
81006,0,62,1966,4403,4439
81007,0,101,3348,7115,7230
81008,0,131,1701,3687,3747
81022,0,0,0,1,1
81334,0,0,0,1,1
81401,0,0,0,8,8
81415,0,0,0,1,1
81501,0,83,380,6672,6817
81503,0,17,159,5580,5649
81504,0,0,403,9790,9991
81505,0,0,240,3801,3977
81506,0,4,223,3928,4013
81507,0,0,347,5262,5443
81520,0,0,164,3365,3448
81521,0,26,265,5011,5157
81526,0,0,17,337,345
6001,0,0,407,2190,3805
6002,0,0,290,3003,5518
6010,0,47,575,7683,15303
6013,0,7,116,723,1245
6016,0,0,103,1072,2054
6019,0,1,8,78,142
6023,0,0,14,205,381
6026,0,5,103,890,1652
6029,0,0,298,2127,4137
6032,0,0,323,2363,4367
6033,0,40,607,3191,5485
6035,0,0,104,1013,1866
6037,0,73,406,3382,6457
6040,0,0,427,4036,7431
6042,0,44,186,2784,5371
6043,0,3,35,312,630
6051,0,36,172,2676,5145
6052,0,4,101,971,1788
6053,0,28,293,3611,6818
6060,0,0,14,104,188
6062,0,16,192,2651,5073
6066,0,0,299,3144,6621
6067,0,0,280,2757,5206
6070,0,0,298,1610,2839
6071,0,3,173,1472,2895
6073,0,0,122,570,958
6074,0,16,793,4228,7623
6078,0,0,367,2077,3672
6081,0,0,16,159,311
6082,0,12,540,6080,11717
6084,0,0,48,276,528
6085,0,2,130,909,1682
6088,0,0,32,956,1880
6089,0,0,42,308,559
6090,0,0,15,70,122
6092,0,0,44,166,271
6093,0,0,112,719,1277
6095,0,8,420,4327,8069
6096,0,12,173,2006,3937
6103,0,1,10,81,155
6105,0,19,80,792,1525
6106,0,39,264,2537,4785
6107,0,18,449,2384,4155
6108,0,20,205,2514,4799
6109,0,0,506,4371,8152
6110,0,18,173,1820,3447
6111,0,82,528,4788,8857
6112,0,27,208,1769,3273
6114,0,21,250,2160,4151
6117,0,0,361,1792,3183
6118,0,21,329,3626,6711
6119,0,5,201,1425,2604
6120,0,2,111,957,1777
6226,0,0,104,1340,2624
6237,0,0,5,69,141
6238,0,0,2,26,56
6241,0,0,2,22,42
6249,0,0,3,33,49
6250,0,4,53,296,593
6254,0,0,9,109,158
6255,0,2,26,399,774
6256,0,0,3,144,287
6260,0,8,77,774,1503
6266,0,0,1,17,33
6268,0,3,62,273,505
6277,0,2,14,210,423
6280,0,0,1,14,29
6320,0,16,132,3702,5432
6330,0,0,10,199,295
6331,0,0,0,5,11
6334,0,0,10,110,167
6335,0,0,24,225,328
6338,0,0,0,1,1
6339,0,1,20,237,359
6340,0,39,273,4297,6355
6351,0,4,37,896,1348
6355,0,3,55,547,823
6359,0,0,0,3,5
6360,0,52,234,4252,6400
6365,0,0,6,146,225
6370,0,0,2,27,40
6374,0,0,0,6,12
6375,0,1,21,343,529
6380,0,5,27,345,496
6382,0,25,104,996,1518
6385,0,0,92,1550,2324
6401,0,42,204,2733,4553
6403,0,0,109,944,1529
6405,0,0,532,4857,7869
6410,0,41,732,4073,6397
6416,0,0,212,2242,4133
6418,0,0,196,2046,3264
6424,0,0,1,10,18
6437,0,0,40,250,393
6441,0,0,0,1,2
6444,0,0,0,12,24
6450,0,0,324,4873,7941
6451,0,28,261,3391,5450
6455,0,0,60,526,971
6456,0,1,9,38,62
6457,0,0,530,6147,11290
6460,0,46,497,3364,11133
6461,0,13,261,1318,4082
6468,0,4,366,2316,3598
6470,0,0,4,18,28
6471,0,0,123,1124,1844
6472,0,0,128,961,1516
6473,0,0,445,2161,6851
6477,0,20,262,1291,3758
6478,0,0,189,1754,2885
6479,0,23,188,1689,3206
6480,0,0,152,1433,2692
6481,0,0,13,227,421
6483,0,8,229,2457,4082
6484,0,0,741,5996,9457
6489,0,0,542,4895,9061
6492,0,123,748,7218,11973
6510,0,2,28,101,265
6511,0,79,418,1990,6972
6512,0,33,435,5072,8164
6513,0,0,250,1496,5836
6514,0,36,267,3701,5937
6515,0,0,95,686,2581
6516,0,0,322,2923,11705
6517,0,0,225,1097,3467
6518,0,0,236,1972,3166
6519,0,0,81,501,2269
6524,0,0,141,864,1416
6525,0,0,264,1257,1971
6604,0,0,174,1034,3760
6605,0,0,108,949,3519
6606,0,0,445,2324,8672
6607,0,4,51,347,1416
6608,0,0,72,506,1853
6610,0,30,180,947,3680
6611,0,0,990,5546,8409
6612,0,0,99,421,644
6614,0,0,341,2527,8926
6615,0,0,139,1390,5009
6702,0,2,42,330,547
6704,0,32,273,3197,5253
6705,0,5,163,3075,5023
6706,0,0,97,1868,3072
6708,0,103,412,4105,6713
6710,0,18,119,902,1440
6712,0,5,150,1632,2665
6716,5,9,226,2789,4614
6762,0,0,142,1232,1990
6770,0,23,369,4480,7551
6779,0,15,93,1342,2453
6782,0,0,3,23,39
6786,0,3,45,535,941
6787,0,0,0,3,5
6795,0,0,158,1913,3358
6798,0,0,5,48,86
6807,0,6,299,1129,1711
6820,0,0,1009,3604,5139
6824,0,58,1016,4449,6793
6825,0,5,476,1672,4545
6830,0,16,594,3295,5104
6831,0,0,683,2551,3723
6840,0,0,691,2293,3355
6850,0,0,284,2152,3317
6851,0,0,417,3309,5296
6853,0,0,218,801,1174
6854,0,9,235,2679,4322
6855,0,0,102,1179,1832
6870,0,0,276,1114,1655
6878,0,3,353,1083,1538
6880,0,45,1091,4058,5877
6890,0,0,206,777,1165
6897,0,0,19,67,99
6901,0,2,26,215,342
6902,0,0,552,5599,8793
6903,0,0,408,1594,2392
6905,0,12,341,2513,3963
6906,0,11,173,1201,1827
6907,0,16,193,1103,1685
19701,0,0,430,8285,10922
19702,0,11,277,8291,10981
19703,0,0,37,1119,1459
19706,0,0,18,459,591
19707,0,0,317,3266,4440
19709,0,0,1,23,31
19711,0,0,461,7244,9636
19713,0,0,229,5500,7073
19720,0,0,339,12836,16871
19732,0,0,1,12,17
19801,0,0,149,2249,2944
19802,0,0,183,3467,4518
19803,0,0,343,4408,5828
19804,0,0,122,4600,6062
19805,0,0,332,6704,8644
19806,0,0,115,1527,2008
19807,0,0,165,1751,2373
19808,0,0,336,8313,11076
19809,0,0,134,2465,3218
19810,0,0,262,4507,6153
19901,0,0,329,7399,9091
19904,0,0,105,6494,7975
19931,0,0,1,31,37
19933,0,0,0,2,2
19934,0,37,137,2949,3674
19936,0,0,1,21,26
19940,0,0,12,554,645
19943,0,0,10,583,731
19946,0,0,3,272,328
19956,0,0,42,1137,1304
19962,0,12,49,2478,3062
19973,0,0,117,2687,3137
19979,0,0,5,263,332
19980,0,0,0,78,89
32003,0,27,82,647,1532
32009,0,0,5,19,32
32011,0,0,0,1,2
32043,0,44,62,155,262
32065,0,0,99,375,904
32068,0,0,209,542,876
32073,0,12,124,311,1143
32080,0,33,134,526,1026
32081,0,17,58,509,915
32082,0,21,95,1023,2100
32084,0,0,29,269,619
32086,0,0,34,213,579
32092,0,0,11,183,512
32095,0,0,1,17,36
32110,0,5,40,78,146
32114,0,0,284,527,1046
32117,0,0,95,346,779
32118,0,0,69,206,498
32119,0,0,128,292,548
32124,0,0,0,40,145
32127,0,120,252,552,1103
32128,0,0,74,244,664
32129,0,0,61,283,688
32132,0,0,0,88,310
32136,0,0,46,230,453
32137,0,0,123,771,1770
32141,0,0,0,73,416
32159,26,155,206,426,8298
32162,0,182,669,1307,18728
32163,0,0,56,231,823
32164,0,0,165,576,1317
32168,0,73,136,386,825
32169,0,0,0,240,642
32174,0,0,187,877,1810
32176,0,0,0,423,951
32179,0,1,3,7,153
32195,0,1,3,6,182
32202,0,0,15,34,112
32204,0,6,58,145,364
32205,0,0,70,336,930
32206,0,70,324,476,927
32207,0,0,273,615,1318
32208,0,0,294,529,1186
32209,0,0,437,687,1269
32210,0,0,202,775,1954
32211,0,0,0,236,669
32212,0,1,2,4,19
32216,0,0,126,588,1176
32217,0,0,21,246,663
32218,0,0,158,543,1227
32219,0,0,48,152,252
32220,0,0,87,204,428
32221,0,0,75,301,855
32222,0,0,25,61,267
32223,0,0,32,374,1041
32224,0,0,39,522,1450
32225,0,0,132,708,1893
32226,0,0,44,290,547
32227,0,0,11,21,47
32233,0,0,45,313,811
32244,0,0,287,540,1638
32246,0,0,84,520,1350
32250,0,95,142,853,1649
32254,0,0,136,321,529
32256,0,0,129,428,1214
32257,0,0,75,523,1410
32258,0,0,9,342,1083
32259,0,0,57,1070,2526
32266,0,2,10,126,344
32277,0,0,100,258,637
32301,0,0,19,224,592
32303,0,0,156,415,1038
32304,0,0,316,519,926
32305,0,0,27,87,1294
32308,0,9,64,206,554
32309,0,0,35,414,828
32310,0,0,98,174,339
32311,0,0,21,211,524
32312,0,0,0,464,1160
32317,0,0,10,210,561
32333,0,0,0,0,0
32401,0,0,190,354,1299
32403,0,0,0,16,146
32404,0,0,187,412,4842
32405,0,0,128,324,1765
32407,0,0,53,236,960
32408,0,0,60,315,1379
32409,0,6,19,53,333
32413,0,10,138,453,2126
32444,0,0,0,190,1188
32459,0,5,24,237,658
32466,0,0,18,82,486
32501,0,0,99,314,783
32502,0,8,59,144,319
32503,0,0,75,504,1533
32504,0,0,48,311,1107
32505,0,0,242,354,1146
32506,0,0,212,535,1571
32507,0,0,78,488,1523
32508,0,1,7,14,48
32514,0,0,23,382,1653
32526,0,0,0,247,1548
32531,0,0,0,1,2
32533,0,12,93,442,1455
32534,0,0,0,164,639
32536,0,0,37,124,260
32539,0,0,28,85,153
32561,0,0,0,2,6
32570,0,0,0,347,1011
32571,0,0,45,357,1261
32577,0,0,0,0,1
32583,0,11,54,201,505
32601,0,0,128,312,624
32603,0,0,78,155,242
32605,0,0,0,199,474
32606,0,0,130,366,736
32607,0,16,151,357,616
32608,0,0,242,818,4384
32609,0,0,54,109,275
32615,0,0,26,158,1724
32617,0,0,14,37,337
32618,0,0,18,48,409
32640,0,0,0,0,0
32641,0,9,127,208,1561
32653,0,0,84,328,2302
32667,0,0,0,0,1
32669,0,0,1,57,151
32701,0,14,95,232,2784
32702,0,0,1,3,26
32703,0,0,271,699,8692
32707,0,87,239,489,814
32708,0,0,126,716,1348
32709,0,1,4,11,19
32712,0,0,410,1108,9558
32713,0,0,0,233,723
32714,0,82,193,334,4270
32720,0,44,200,482,4768
32724,0,0,100,328,993
32725,0,0,113,404,1081
32726,0,7,95,252,4258
32730,0,9,25,47,712
32732,0,0,0,0,0
32735,3,6,13,31,957
32736,0,0,5,51,114
32738,0,0,0,467,1035
32744,0,2,4,22,75
32746,0,0,11,547,1181
32750,0,0,113,331,718
32751,0,57,220,515,3825
32754,0,2,47,116,343
32757,0,52,241,499,5520
32759,0,0,21,42,77
32763,0,0,47,261,675
32764,0,0,0,16,43
32765,0,0,68,1088,2075
32766,0,0,79,495,962
32771,0,0,0,584,1307
32773,0,0,49,244,594
32776,0,0,0,95,319
32778,0,33,147,310,5145
32779,0,0,191,631,3780
32780,0,0,66,447,1643
32784,0,9,56,97,1157
32789,0,0,87,871,2325
32792,0,0,498,1009,7639
32796,0,0,15,197,1014
32798,0,0,18,46,950
32801,0,9,50,143,367
32803,0,14,78,527,4449
32804,0,7,154,748,4338
32805,0,0,204,352,3906
32806,0,0,118,733,5378
32807,0,0,100,355,5810
32808,0,0,282,646,7562
32809,0,101,216,389,4639
32810,0,34,281,443,5261
32811,0,40,166,312,4250
32812,9,88,203,477,5475
32814,0,0,20,160,973
32817,0,0,157,539,1167
32818,0,90,270,652,7083
32819,0,0,354,854,5761
32820,0,0,23,173,440
32821,0,0,62,158,2995
32822,0,147,343,625,7558
32824,0,0,127,483,7788
32825,0,0,287,658,10314
32826,0,0,136,388,756
32827,0,42,163,526,2633
32828,0,33,282,881,1778
32829,0,21,105,237,3263
32830,0,0,0,1,13
32832,0,0,79,390,3270
32833,0,0,37,145,318
32835,0,0,149,579,5398
32836,0,0,202,822,4260
32837,0,0,164,572,8529
32839,0,55,246,423,4217
32901,0,0,126,319,1067
32903,0,0,29,333,938
32904,0,0,45,440,1626
32905,0,0,37,210,906
32907,0,0,31,220,1820
32908,0,0,13,44,331
32909,0,0,46,330,1502
32920,0,2,35,107,340
32922,0,0,106,281,730
32925,0,0,3,20,50
32926,0,0,46,286,1089
32927,0,0,83,365,1521
32931,0,0,55,277,781
32934,0,0,129,496,1196
32935,0,0,86,402,1793
32937,0,0,0,546,1730
32940,0,0,20,555,1735
32949,0,3,5,73,185
32950,0,0,19,94,305
32951,0,5,57,335,870
32952,0,0,17,537,1679
32953,0,27,99,504,1459
32955,0,28,168,559,2013
32958,0,0,11,27,100
32960,0,0,96,343,902
32962,0,0,49,224,800
32963,0,0,49,1073,2244
32966,0,0,145,399,834
32967,0,0,62,308,867
32968,0,0,6,198,645
33004,0,0,93,291,561
33009,0,0,179,451,877
33010,0,8,181,308,1143
33012,0,0,105,407,1478
33013,0,0,171,398,1154
33014,0,0,63,218,865
33015,0,0,12,403,1436
33016,0,72,124,261,874
33018,0,0,46,493,1640
33019,0,0,17,249,507
33020,0,0,54,389,909
33021,0,12,146,582,1237
33023,0,0,239,607,1436
33024,0,38,362,1011,1754
33025,0,0,253,486,1002
33026,0,0,32,460,944
33027,0,0,317,1109,2100
33028,0,7,60,509,950
33029,0,0,0,902,2378
33032,0,5,21,49,146
33033,0,0,0,0,1
33054,0,0,203,312,1023
33055,0,0,197,430,1289
33056,0,0,74,333,1035
33060,0,117,235,453,856
33062,0,0,55,364,684
33063,0,0,112,258,542
33064,0,0,62,731,1743
33065,0,0,9,134,349
33066,0,0,43,102,201
33067,0,0,0,3,7
33069,0,0,49,142,280
33071,0,0,8,139,304
33073,0,0,0,2,4
33109,0,0,0,24,48
33122,0,0,5,11,31
33125,0,0,165,361,1153
33126,0,0,12,159,735
33127,0,0,98,254,939
33128,0,4,15,22,83
33129,0,9,35,126,322
33130,0,0,7,129,329
33131,0,0,0,19,41
33132,0,0,3,18,50
33133,0,0,7,669,1598
33134,0,10,157,699,1801
33135,0,10,147,309,780
33136,0,4,73,115,247
33137,0,0,48,208,462
33138,0,0,127,433,1045
33139,0,16,65,226,589
33140,0,0,6,339,774
33141,0,0,40,187,477
33142,0,0,223,516,1666
33143,0,0,158,813,1744
33144,0,0,64,251,791
33145,0,14,162,452,1073
33146,0,0,42,535,1116
33147,0,0,255,558,1794
33149,0,0,12,266,554
33150,0,0,161,391,1030
33154,0,0,47,224,462
33155,0,40,173,799,2105
33156,0,92,240,1221,2636
33157,0,0,146,839,2129
33158,0,0,4,309,662
33160,0,0,54,197,430
33161,0,0,100,393,1141
33162,0,0,115,326,979
33165,0,0,161,605,1856
33166,0,39,118,399,1105
33167,0,0,101,225,666
33168,0,0,0,152,731
33169,0,0,76,252,1017
33170,0,0,24,48,138
33172,0,0,48,123,336
33173,0,0,13,450,1155
33174,0,0,74,207,676
33176,0,10,103,804,1875
33178,0,0,35,243,720
33179,0,0,80,247,902
33180,0,0,28,202,515
33181,0,10,32,96,306
33183,0,0,0,1,1
33185,0,0,0,1,3
33189,0,0,0,134,687
33190,0,0,34,96,292
33301,0,0,3,198,462
33304,0,0,23,329,739
33305,0,0,23,309,615
33306,0,0,22,108,199
33308,0,0,69,402,905
33309,0,35,98,195,544
33311,0,0,210,630,1358
33312,0,0,74,640,1728
33313,0,0,84,310,821
33314,0,0,73,290,617
33315,0,0,40,238,656
33316,0,0,29,245,473
33317,0,0,84,463,1062
33319,0,0,44,123,305
33321,0,0,0,0,0
33322,0,0,57,285,835
33323,0,0,34,346,850
33324,0,0,144,501,1146
33325,0,0,0,448,923
33326,0,0,54,439,1163
33327,0,0,0,702,1461
33328,0,43,60,635,1218
33330,0,0,0,462,1087
33331,0,0,52,584,1479
33332,0,0,0,336,708
33334,0,0,54,387,811
33351,0,0,18,90,244
33401,0,0,34,264,632
33403,0,0,3,71,274
33404,0,0,250,620,1258
33405,0,35,194,581,1017
33406,0,7,100,360,861
33407,0,16,227,485,860
33408,0,0,40,389,809
33409,0,0,85,226,524
33410,0,0,64,736,1824
33411,0,0,27,97,250
33412,0,0,1,21,55
33413,0,0,16,126,282
33415,0,0,72,239,674
33417,0,0,72,222,555
33418,0,93,164,1215,2394
33426,0,0,59,210,677
33431,0,0,24,348,850
33432,0,44,113,449,873
33433,0,0,50,418,1066
33434,0,0,44,202,460
33435,0,0,147,431,880
33436,0,0,111,682,1504
33437,0,16,42,106,293
33441,0,0,204,408,796
33442,0,0,81,255,578
33444,0,36,137,339,749
33445,0,0,117,376,977
33446,0,0,1,6,16
33455,0,0,98,534,1229
33460,0,0,65,251,856
33461,0,0,188,341,879
33462,0,0,77,423,1086
33463,0,0,80,423,1189
33467,0,0,1,7,15
33469,0,0,0,0,1
33472,0,6,23,84,202
33480,0,0,24,418,875
33483,0,0,35,346,869
33484,0,0,60,179,396
33486,0,7,111,593,1251
33487,0,14,55,225,508
33496,0,0,24,198,390
33510,0,23,68,205,1056
33511,0,0,177,654,2071
33523,0,0,0,0,3
33527,0,53,116,329,954
33534,0,0,62,128,620
33543,0,0,200,577,5584
33544,0,0,19,254,2732
33545,0,0,0,0,2
33547,0,0,74,467,1167
33548,0,16,96,302,1575
33549,0,6,97,296,4097
33556,0,0,281,1230,6266
33558,0,0,292,827,4831
33559,0,46,137,255,2762
33563,0,0,123,238,867
33565,0,0,55,168,729
33566,0,0,25,223,954
33567,0,0,12,65,277
33569,0,0,25,450,1625
33570,0,0,53,144,455
33572,0,0,54,582,1724
33573,0,0,119,421,1429
33578,0,63,265,593,1957
33579,0,28,47,503,1519
33584,0,63,181,410,1173
33592,0,2,33,111,403
33594,0,0,46,550,2156
33596,0,0,58,517,1861
33598,0,0,3,142,377
33602,0,0,11,199,570
33603,0,6,80,291,965
33604,0,0,183,521,1755
33605,0,0,158,361,1164
33606,0,9,73,508,1137
33607,0,0,136,451,1209
33609,0,0,5,518,1308
33610,0,0,236,563,1598
33612,0,61,444,676,1797
33613,0,52,208,422,1076
33614,0,11,162,422,1623
33615,0,0,121,544,1825
33617,0,0,211,524,1388
33618,0,32,79,473,1451
33619,0,0,64,407,1628
33624,0,72,157,447,2041
33625,0,0,38,276,1228
33626,0,77,290,1093,5933
33629,0,7,48,1009,2052
33634,0,6,73,232,887
33635,0,0,53,267,771
33637,0,11,58,112,435
33647,0,0,0,1059,3274
33701,0,23,159,343,2649
33702,0,86,335,737,8142
33703,0,0,386,939,7099
33704,0,0,283,711,4693
33705,0,0,330,602,6725
33706,0,32,242,770,5140
33707,0,75,335,628,6931
33708,0,25,218,528,5154
33709,0,104,303,450,7405
33710,0,62,287,574,10445
33711,0,67,156,367,4666
33712,0,30,369,535,6244
33713,0,0,180,598,9403
33714,0,57,171,284,5481
33715,0,7,87,189,1495
33716,0,0,51,121,1875
33755,0,22,248,546,6126
33756,0,100,371,634,7501
33759,0,19,130,344,3931
33760,0,0,119,216,3194
33761,18,104,190,404,5112
33762,0,0,65,192,2139
33763,0,8,114,253,3596
33764,0,126,377,673,7472
33765,17,59,142,285,3439
33767,0,0,106,276,1630
33770,0,58,255,494,6922
33771,0,162,284,435,8740
33772,0,0,266,514,7062
33773,0,89,303,532,6212
33774,0,0,132,325,5034
33776,0,0,243,537,3925
33777,0,6,156,420,4969
33778,0,19,234,399,5215
33781,0,158,401,690,7895
33782,0,49,180,401,6923
33785,0,5,96,245,1980
33786,0,4,63,163,698
33801,0,0,168,516,1232
33803,0,21,164,524,1449
33805,0,0,95,258,849
33809,0,0,71,336,992
33810,0,42,153,458,1484
33811,0,33,90,351,971
33812,0,0,23,150,521
33813,0,0,100,891,2021
33815,0,0,144,294,952
33823,0,0,127,553,1486
33825,0,48,191,369,4685
33827,0,0,11,32,329
33830,0,0,190,417,6013
33837,0,0,166,465,7292
33838,0,0,23,40,1030
33839,0,0,7,67,179
33843,0,0,8,32,859
33844,0,0,349,574,8134
33848,0,2,5,7,29
33850,0,0,17,79,282
33852,0,0,3,12,167
33853,0,51,198,308,3016
33856,0,0,0,0,135
33859,0,0,34,131,2766
33860,0,0,103,258,839
33868,0,0,20,57,763
33870,0,53,213,512,7092
33872,0,5,57,218,3407
33875,0,0,51,133,1850
33876,0,8,47,89,1010
33880,0,186,491,943,8661
33881,0,52,428,804,8447
33884,0,12,194,461,7690
33896,0,23,84,195,3007
33897,0,39,157,363,6446
33898,0,24,85,138,2674
33901,0,0,118,462,1569
33903,0,44,176,407,2253
33904,0,0,162,662,3458
33905,0,75,239,502,3277
33907,0,0,99,277,1103
33908,0,90,375,989,3805
33909,0,0,139,336,2414
33912,0,0,103,609,2152
33913,0,8,76,690,2459
33914,0,17,188,855,6585
33916,0,0,114,320,1289
33917,0,0,228,783,3689
33919,0,0,124,495,2105
33920,0,0,22,124,674
33921,0,0,49,158,340
33922,0,7,32,115,606
33928,0,54,134,707,2543
33931,0,0,45,403,1521
33935,0,0,0,0,1
33936,0,0,230,479,3378
33946,0,0,0,129,524
33947,0,20,107,256,1237
33948,0,0,47,195,1677
33950,0,67,244,721,2973
33952,0,43,304,506,3353
33953,0,4,71,199,957
33954,0,0,4,113,922
33955,0,0,32,209,1146
33956,0,0,25,174,974
33957,0,0,81,560,1580
33965,0,0,3,4,20
33966,0,12,65,173,731
33967,0,0,86,328,2194
33971,0,0,8,211,1678
33972,0,0,60,180,999
33973,0,0,64,131,963
33974,0,5,103,211,1721
33976,0,0,29,62,1599
33980,0,0,61,195,1313
33981,0,0,51,240,1359
33982,0,0,68,132,694
33983,0,23,76,169,1206
33990,0,0,204,479,2996
33991,0,51,145,315,2017
33993,0,0,121,524,2620
34102,0,0,53,606,1740
34103,0,0,24,467,1360
34104,0,0,48,226,1720
34105,0,9,61,509,1542
34108,0,7,98,787,2171
34109,0,0,75,625,2152
34110,0,33,138,724,2472
34112,0,9,145,398,2092
34113,0,54,136,401,1728
34114,0,0,56,486,1888
34116,0,0,43,279,1547
34117,0,0,0,116,549
34119,0,0,81,838,2816
34120,0,0,5,112,672
34134,0,6,84,769,2186
34135,0,0,0,806,4325
34142,0,0,0,0,0
34145,0,0,154,867,3173
34201,0,4,20,165,549
34202,0,11,44,525,1559
34203,0,0,192,616,2862
34205,0,0,152,380,1826
34207,0,0,185,417,2191
34208,0,82,298,576,2087
34209,0,11,191,518,2442
34210,0,0,80,276,975
34211,0,0,56,220,623
34212,0,0,8,273,1083
34219,0,0,13,297,1538
34221,0,0,125,594,3233
34222,0,0,35,158,1144
34223,0,0,146,619,2758
34224,0,64,227,481,2296
34228,0,0,27,329,891
34229,0,18,47,302,1070
34231,0,12,130,639,3028
34232,0,23,128,513,2731
34233,0,42,63,272,1678
34234,0,0,64,262,1557
34235,0,27,150,343,1382
34236,0,25,44,334,971
34237,0,14,77,207,1063
34238,0,23,131,625,2170
34239,0,7,105,445,1778
34240,0,0,7,303,1057
34241,0,9,37,382,1348
34242,0,0,76,471,1374
34243,0,44,145,489,2201
34250,0,0,1,17,89
34269,0,0,19,43,153
34275,0,77,210,603,2669
34285,0,9,64,436,2063
34286,0,0,23,163,1622
34287,0,0,96,337,2656
34288,0,0,29,194,1048
34289,0,0,1,8,183
34291,0,0,18,93,706
34292,0,42,99,389,1753
34293,0,110,238,951,4661
34420,0,65,153,256,3175
34428,0,1,39,69,611
34429,0,0,88,185,1706
34432,0,2,5,8,97
34434,0,0,1,1,25
34436,0,0,11,23,273
34442,0,28,73,128,1618
34446,0,0,72,161,2195
34448,0,25,93,152,1852
34450,0,6,59,117,1000
34452,0,33,94,148,1980
34453,0,0,45,70,1530
34461,0,0,19,60,1240
34465,0,31,130,223,3315
34470,0,0,62,192,3531
34471,0,93,262,642,4993
34472,0,46,266,431,5163
34473,0,1,4,10,28
34474,0,0,95,254,3117
34475,0,8,172,355,2279
34476,0,72,184,388,6011
34479,0,45,134,242,2605
34480,0,0,86,395,3793
34481,0,28,105,300,4117
34482,0,20,83,187,2745
34484,0,8,29,81,627
34488,0,0,18,42,594
34491,0,0,102,324,5302
34601,0,46,127,173,2013
34604,0,10,66,156,1787
34606,0,44,211,389,7849
34607,0,0,24,163,791
34608,0,162,286,534,8637
34609,0,93,386,865,10845
34610,0,0,128,312,4169
34613,0,13,160,268,4593
34614,0,4,7,26,138
34638,0,0,182,523,4119
34639,0,0,152,429,4828
34652,0,157,292,551,8356
34653,0,0,73,355,9312
34654,0,7,184,360,5268
34655,0,0,201,1070,12650
34667,0,0,181,594,12305
34668,0,60,557,975,14947
34669,0,0,124,259,4381
34677,0,54,239,617,6452
34679,0,0,0,0,2
34681,0,0,1,4,34
34683,0,0,87,729,10409
34684,0,36,259,616,7472
34685,0,0,147,503,4695
34688,3,16,103,279,2135
34689,0,83,386,824,8687
34690,0,26,96,185,4895
34691,0,73,324,606,8040
34695,0,25,166,541,5133
34698,0,0,282,629,10905
34705,0,0,2,8,279
34711,0,111,407,1073,11579
34714,0,0,32,153,3301
34715,0,12,65,138,2560
34731,0,4,60,141,2235
34734,6,19,36,117,931
34736,0,0,4,9,142
34737,0,0,3,18,320
34741,0,131,254,385,5495
34743,0,43,160,342,7268
34744,0,0,207,507,7733
34746,0,126,535,1054,10497
34747,0,0,279,767,7773
34748,0,0,116,301,7233
34756,0,0,9,71,640
34758,0,97,169,278,8000
34759,0,45,282,575,7365
34760,0,4,7,37,222
34761,0,113,276,714,7579
34762,0,0,1,6,70
34769,0,8,67,210,5588
34771,0,14,33,271,3077
34772,0,84,178,355,6261
34785,0,0,94,160,2018
34786,0,24,404,1555,7445
34787,0,0,598,1700,11694
34788,0,77,193,334,3957
34797,0,0,13,49,324
34945,0,1,18,47,118
34946,0,0,168,335,560
34947,0,0,75,184,548
34949,0,12,36,127,307
34950,0,0,205,476,931
34951,0,0,39,178,533
34952,0,0,83,596,1590
34953,0,0,55,282,837
34957,0,19,124,468,1214
34981,0,0,0,2,24
34982,0,0,51,152,341
34983,0,0,155,575,1524
34984,0,0,0,179,610
34986,0,0,25,363,1114
34990,0,0,10,839,1749
34994,0,0,66,275,658
34996,0,30,59,219,580
34997,0,0,202,595,1314
30002,0,0,0,0,0
30004,0,0,0,0,0
30005,0,0,0,0,0
30008,0,0,0,0,0
30009,0,0,0,0,0
30011,0,0,0,0,0
30012,0,0,0,0,0
30013,0,0,0,0,0
30014,0,0,0,0,0
30016,0,0,0,0,0
30017,0,0,0,0,0
30019,0,0,0,0,9
30021,0,0,0,0,0
30022,0,0,0,0,0
30024,0,0,0,0,0
30028,0,0,0,0,0
30030,0,0,0,0,0
30032,0,0,0,0,0
30033,0,0,0,0,0
30034,0,0,0,0,0
30035,0,0,0,0,0
30038,0,0,0,0,0
30039,0,0,0,0,0
30040,0,0,0,0,0
30041,0,0,0,0,0
30043,0,0,0,0,0
30044,0,0,0,0,0
30045,0,0,0,0,0
30046,0,0,0,0,0
30047,0,0,0,0,0
30052,0,0,0,0,0
30058,0,0,0,0,0
30060,0,0,0,0,0
30062,0,0,0,0,0
30064,0,0,0,0,0
30066,0,0,0,0,0
30067,0,0,0,0,0
30068,0,0,0,0,0
30071,0,0,0,0,0
30072,0,0,0,0,0
30075,0,0,0,0,0
30076,0,0,0,0,0
30078,0,0,0,0,0
30079,0,0,0,0,0
30080,0,0,0,0,0
30082,0,0,0,0,0
30083,0,0,0,0,0
30084,0,0,0,0,0
30087,0,0,0,0,9
30088,0,0,0,0,0
30092,0,0,0,0,0
30093,0,0,0,0,0
30094,0,0,0,0,0
30096,0,0,0,0,0
30097,0,0,0,0,0
30101,0,0,0,0,0
30102,0,0,0,0,0
30103,0,0,0,0,0
30106,0,0,0,0,0
30107,0,0,0,0,0
30114,0,0,0,0,0
30115,0,0,0,0,0
30116,0,0,0,0,0
30117,0,0,0,0,0
30120,0,0,0,0,0
30121,0,0,0,0,0
30122,0,0,0,0,0
30126,0,0,0,0,0
30127,0,0,0,0,0
30132,0,0,0,0,0
30134,0,0,0,0,0
30135,0,0,0,0,0
30137,0,0,0,0,0
30141,0,0,0,0,0
30144,0,0,0,0,0
30147,0,0,0,0,0
30152,0,0,0,0,0
30157,0,0,0,0,0
30161,0,0,0,0,0
30165,0,0,0,0,0
30168,0,0,0,5,14
30173,0,0,0,0,0
30180,0,0,0,0,0
30187,0,0,0,0,0
30188,0,0,0,0,0
30189,0,0,0,0,0
30205,0,0,0,0,0
30213,0,0,0,0,0
30214,0,0,0,0,0
30215,0,0,0,0,0
30223,0,0,0,0,0
30228,0,0,0,0,0
30234,0,0,0,0,0
30236,0,0,0,0,0
30238,0,0,0,0,0
30248,0,0,0,0,0
30252,0,0,0,0,0
30253,0,0,0,0,0
30260,0,0,0,0,0
30268,0,0,0,0,0
30269,0,0,0,0,0
30273,0,0,0,0,0
30274,0,0,0,0,0
30276,0,0,0,0,0
30277,0,0,0,0,0
30281,0,0,0,0,0
30288,0,0,0,0,0
30290,0,0,0,0,0
30291,0,0,0,0,0
30294,0,0,0,0,0
30296,0,0,0,0,0
30297,0,0,0,0,0
30305,0,0,0,0,0
30306,0,0,0,0,0
30307,0,0,0,0,0
30308,0,0,0,0,0
30309,0,0,0,0,0
30310,0,0,0,0,0
30311,0,0,0,0,0
30312,0,0,0,0,0
30313,0,0,0,0,0
30314,0,0,0,0,0
30315,0,0,0,0,0
30316,0,0,0,0,0
30317,0,0,0,0,0
30318,0,0,0,0,0
30319,0,0,0,0,0
30324,0,0,0,0,0
30326,0,0,0,0,0
30327,0,0,0,0,0
30328,0,0,0,0,0
30329,0,0,0,0,0
30331,0,0,0,0,0
30336,0,0,0,0,0
30337,0,0,0,0,0
30338,0,0,0,0,0
30339,0,0,0,0,0
30340,0,0,0,0,0
30341,0,0,0,0,0
30342,0,0,0,0,0
30344,0,0,0,0,0
30345,0,0,3,3,3
30346,0,0,0,0,0
30349,0,0,0,0,0
30350,0,0,0,0,0
30354,0,0,0,0,0
30360,0,0,0,0,0
30363,0,0,0,0,0
30458,0,0,0,0,0
30461,0,0,0,0,0
30501,0,0,0,0,0
30504,0,0,0,0,0
30506,0,0,0,0,0
30507,0,0,0,0,0
30517,0,0,0,0,0
30518,0,0,0,0,0
30519,0,0,0,0,0
30542,0,0,0,0,0
30548,0,0,2,2,2
30564,0,0,0,0,0
30565,0,0,0,0,0
30566,0,0,0,0,0
30601,0,0,0,0,0
30605,0,0,0,0,0
30606,0,0,0,0,0
30607,0,0,0,0,0
30619,0,0,0,0,0
30620,0,0,0,0,0
30621,0,0,0,0,0
30622,0,0,0,0,0
30646,0,0,0,0,0
30655,0,0,0,0,0
30677,0,0,0,0,0
30680,0,0,0,0,0
30683,0,0,0,1,1
30701,0,0,0,0,0
30705,0,0,0,0,0
30707,0,0,0,0,0
30720,0,0,0,0,0
30721,0,0,0,0,0
30725,0,0,0,0,0
30735,0,0,0,0,0
30736,0,0,0,0,9
30738,0,0,0,0,0
30740,0,0,0,0,0
30741,0,0,0,0,0
30742,0,0,0,0,0
30750,0,0,0,0,0
30755,0,0,0,0,0
30757,0,0,0,0,0
30802,0,0,0,0,0
30805,0,0,0,0,0
30809,0,0,0,0,0
30813,0,0,0,0,0
30815,0,0,0,0,0
30901,0,0,0,0,0
30904,0,0,0,0,0
30905,0,0,0,0,0
30906,0,0,0,0,0
30907,0,0,0,0,0
30909,0,0,0,0,0
31005,0,0,0,0,0
31008,0,0,0,0,0
31020,0,0,0,0,0
31028,0,0,0,0,0
31030,0,0,0,0,0
31032,0,0,0,0,0
31047,3,5,6,6,6
31052,0,0,0,0,0
31088,0,0,0,0,0
31093,0,0,0,0,0
31098,0,0,0,0,0
31201,0,0,0,0,0
31204,0,0,0,0,0
31206,0,0,0,0,0
31210,0,0,0,0,0
31211,0,0,0,0,0
31216,0,0,0,0,0
31217,0,0,0,0,0
31220,0,0,0,0,0
31301,0,0,0,0,0
31302,0,0,0,0,0
31313,0,0,0,0,0
31315,0,0,0,0,0
31322,0,0,0,0,0
31324,0,0,0,0,0
31401,0,0,0,0,0
31404,0,0,0,0,0
31405,0,0,0,0,0
31406,0,0,0,0,0
31407,0,0,0,0,0
31408,9,12,14,14,17
31410,0,0,0,0,0
31411,0,0,0,0,0
31415,0,0,0,0,0
31419,0,0,0,0,0
31520,0,0,0,0,0
31523,0,0,0,0,0
31525,0,0,0,0,0
31601,0,0,0,0,0
31602,0,0,0,0,0
31605,0,0,0,0,0
31606,0,0,0,0,0
31632,0,0,0,0,0
31636,0,0,0,0,0
31701,0,0,0,0,0
31705,0,0,0,0,0
31707,0,0,0,0,0
31721,16,21,27,27,27
31763,0,0,0,0,0
31791,0,0,0,0,0
31808,0,0,0,0,0
31820,0,0,0,0,0
31901,0,0,0,0,0
31903,0,0,0,0,0
31904,0,0,0,0,0
31905,0,0,0,0,0
31906,0,0,0,0,0
31907,0,0,0,0,0
31909,0,0,0,0,0
96701,0,793,8002,8174,8174
96706,0,1280,15711,15838,15838
96707,0,802,9477,9544,9544
96720,0,299,4491,4536,4536
96725,0,8,104,105,105
96732,0,436,6003,6045,6045
96734,0,658,6142,6210,6210
96740,0,818,9848,9978,9978
96744,0,1061,9731,9929,9929
96753,0,735,8361,8453,8453
96761,0,497,5331,5352,5352
96779,0,79,903,912,912
96782,0,746,8910,8982,8982
96786,0,368,5865,5930,5930
96789,0,1113,13415,13578,13578
96793,0,561,7204,7277,7277
96795,0,2,26,26,26
96797,0,1163,13138,13378,13378
96813,0,315,3368,3412,3412
96814,0,97,1136,1157,1157
96815,0,195,2749,2782,2782
96816,0,1351,13147,13361,13361
96817,0,644,8040,8138,8138
96818,0,516,8223,8306,8306
96819,0,796,8406,8560,8560
96821,0,1032,6373,6543,6543
96822,0,607,6515,6601,6601
96825,0,929,7815,7958,7958
96826,0,181,2595,2630,2630
50007,0,0,0,2,29
50009,0,0,127,374,5798
50010,16,258,632,5108,5182
50014,5,171,356,2608,2668
50021,0,0,112,522,7197
50023,0,0,146,633,9389
50035,0,0,32,104,1705
50047,0,0,44,93,2066
50061,0,0,25,107,565
50073,0,0,5,15,99
50105,0,6,22,303,306
50109,0,0,24,73,534
50111,0,0,88,239,4287
50131,0,6,224,697,5989
50134,1,3,7,55,56
50156,0,1,5,52,52
50201,0,0,0,5,5
50211,0,0,47,242,3021
50226,0,120,375,1529,1599
50237,0,0,6,29,494
50248,0,0,0,4,4
50265,0,0,319,731,9850
50266,0,0,157,437,4667
50309,0,0,14,41,842
50310,0,0,64,294,7008
50311,0,0,64,206,2799
50312,0,0,139,398,3111
50313,0,0,113,197,5530
50314,0,0,92,199,2038
50315,0,61,182,372,8462
50316,0,0,66,131,3584
50317,0,35,222,501,11402
50320,0,0,114,309,4601
50321,0,0,38,106,1770
50322,0,30,243,618,9772
50323,0,0,76,294,1284
50324,0,0,40,96,1606
50325,0,0,105,381,3274
50327,0,0,92,270,3692
50613,79,452,914,9461,9657
50626,0,0,0,1,21
50634,0,0,0,0,74
50643,3,15,50,674,687
50647,0,0,0,0,7
50648,0,0,0,0,1
50651,0,1,2,31,32
50667,0,2,5,9,317
50701,0,0,182,547,8220
50702,0,0,134,249,6216
50703,0,17,114,216,5489
50707,0,0,16,81,2579
51054,0,0,54,149,1566
51101,0,3,35,61,402
51103,0,16,64,148,3906
51104,0,5,131,297,4898
51105,0,0,40,97,1943
51106,0,0,147,450,7118
51108,0,3,27,94,1396
51109,0,2,13,23,1033
51111,0,0,0,0,245
51501,0,27,310,675,13251
51503,0,0,216,752,10022
51510,0,0,31,80,1536
51526,0,0,2,8,129
52001,55,274,585,8932,9069
52002,0,48,126,1867,1896
52003,0,64,186,2059,2095
52227,4,39,95,1026,1048
52228,0,28,108,645,674
52233,0,54,177,1870,1907
52240,0,223,531,4549,4672
52241,0,16,149,298,3714
52242,0,0,2,5,48
52245,0,0,88,272,3346
52246,0,0,173,450,3210
52302,47,403,1067,11550,11751
52314,0,1,2,23,24
52317,0,2,6,59,61
52324,0,2,17,243,245
52328,0,28,117,999,1030
52333,0,0,0,2,2
52338,0,2,5,35,36
52341,0,10,24,199,208
52401,1,20,61,516,524
52402,63,303,866,10173,10340
52403,0,219,587,5748,5867
52404,24,302,858,11869,12002
52405,0,154,507,7207,7303
52411,0,197,674,2492,2640
52722,0,0,375,1124,10733
52748,0,11,34,290,295
52753,0,1,37,101,1428
52801,0,0,10,18,201
52802,0,0,100,187,3211
52803,0,0,129,355,4969
52804,0,0,119,332,6079
52806,65,276,732,7984,8057
52807,0,0,91,285,3790
83201,0,99,1412,9803,9902
83202,0,79,653,5190,5248
83204,0,61,482,3332,3379
83209,0,0,2,11,11
83301,0,211,4907,16016,16178
83328,0,8,288,981,988
83341,0,7,447,1206,1225
83401,0,72,1150,10112,10245
83402,0,106,635,7450,7541
83404,0,151,1049,6682,6853
83406,0,78,573,4770,4852
83427,0,2,56,540,542
83501,0,35,610,11526,11713
83605,0,108,1623,10721,10796
83607,0,101,911,5880,5927
83616,0,303,2663,9723,10066
83634,0,8,134,625,634
83642,0,207,3715,15609,15960
83644,0,0,3,18,18
83646,0,225,4409,18387,18724
83651,0,31,1467,10149,10252
83669,0,25,314,1431,1462
83686,0,134,2310,14742,14891
83687,0,12,1778,11681,11763
83702,0,135,1440,5999,6159
83703,0,142,1007,5170,5265
83704,0,60,2133,11931,12052
83705,0,75,1362,8213,8287
83706,0,155,1943,8931,9114
83709,0,248,4025,20309,20598
83712,0,71,668,2372,2456
83713,0,193,1963,9494,9649
83714,0,147,1838,7490,7699
83716,0,110,1359,5061,5223
83814,0,0,459,6760,6985
83815,0,0,444,11693,11921
83833,0,0,2,48,49
83835,0,23,335,7582,7737
83854,0,29,409,14333,14508
83858,0,0,196,3952,4070
60002,0,0,0,0,0
60004,0,0,0,0,0
60005,0,0,0,0,2
60007,0,0,0,0,0
60012,0,0,0,0,0
60014,0,0,0,0,0
60015,0,0,0,0,0
60016,0,0,0,0,44
60018,0,0,0,0,0
60022,0,0,0,0,0
60025,0,0,0,0,0
60026,0,0,0,0,0
60029,0,0,0,1,1
60030,0,0,0,0,0
60031,0,0,0,0,0
60033,0,0,0,0,0
60034,0,0,0,0,0
60035,0,0,0,0,0
60040,0,0,0,0,0
60041,0,0,0,0,0
60043,0,0,0,0,0
60044,0,0,0,0,5
60045,0,0,0,0,0
60046,0,0,0,0,0
60047,0,0,0,0,0
60048,0,0,0,0,17
60053,0,0,0,0,0
60056,0,0,0,0,0
60060,0,0,0,0,0
60061,0,0,0,0,0
60062,0,0,0,0,0
60064,0,0,0,0,15
60068,0,0,0,0,0
60069,0,0,0,0,0
60070,0,0,0,2,17
60071,0,0,0,0,0
60073,0,0,0,0,0
60076,0,0,0,0,0
60077,0,0,0,0,0
60083,0,0,0,0,0
60084,0,0,0,0,0
60085,0,0,0,0,0
60087,0,0,13,26,26
60088,0,0,0,0,0
60089,0,0,0,0,0
60090,0,0,0,0,0
60091,0,0,0,0,0
60093,0,0,0,0,0
60096,0,0,0,0,8
60097,0,0,0,0,1
60098,0,0,0,0,0
60099,0,0,0,0,0
60101,0,0,0,0,0
60102,0,0,0,0,0
60103,0,0,0,0,0
60104,0,0,0,0,0
60106,0,0,0,0,22
60107,0,0,0,0,0
60108,0,0,0,0,0
60110,0,0,0,0,1
60118,0,0,0,0,0
60119,0,0,0,0,0
60120,0,0,0,0,11
60123,0,0,0,0,9
60124,0,0,0,0,0
60126,0,0,0,0,0
60130,0,0,0,6,38
60131,0,0,0,0,5
60133,0,0,0,0,0
60134,0,0,0,0,34
60136,0,0,0,0,0
60137,0,0,44,53,70
60139,0,0,0,0,0
60140,0,0,0,0,0
60141,0,0,0,0,0
60142,0,0,0,0,31
60143,0,0,0,0,3
60148,0,0,0,0,0
60153,0,0,0,0,0
60154,0,0,0,0,0
60155,0,0,0,0,32
60156,0,0,0,0,0
60157,0,0,0,0,0
60160,0,0,0,0,0
60162,0,0,0,0,0
60163,0,0,0,0,0
60164,0,0,0,0,25
60165,0,0,0,0,0
60169,0,0,0,0,0
60171,0,0,0,0,0
60172,0,0,0,20,26
60173,0,0,0,0,0
60174,0,0,0,0,8
60175,0,0,0,0,0
60176,0,0,6,22,33
60177,0,0,0,0,0
60180,0,0,0,0,0
60181,0,0,7,36,65
60184,0,0,0,0,0
60185,0,0,0,0,0
60187,0,0,0,0,32
60188,0,0,0,0,0
60189,0,0,0,0,14
60190,0,0,3,3,9
60191,0,0,0,0,0
60193,0,0,0,0,67
60194,0,0,0,0,0
60201,0,0,0,0,0
60202,0,0,0,0,0
60203,0,0,0,0,0
60301,0,0,0,0,0
60302,0,0,0,0,0
60304,0,0,0,0,0
60305,0,0,0,0,0
60402,0,0,0,0,0
60403,0,0,0,0,0
60404,0,0,0,0,0
60406,0,0,0,0,0
60409,0,0,0,0,0
60410,0,0,0,0,1
60411,0,0,0,0,0
60415,0,0,0,0,7
60417,0,0,0,0,0
60419,0,0,0,0,0
60421,0,0,0,0,0
60422,0,0,0,0,2
60423,0,0,0,0,0
60425,0,0,0,0,7
60426,0,0,0,0,0
60428,0,0,0,0,9
60429,0,0,0,0,0
60430,0,0,0,0,0
60431,0,0,0,0,0
60432,0,0,0,0,23
60433,0,0,0,8,16
60435,0,0,0,0,0
60436,0,0,0,35,87
60438,0,0,0,0,0
60439,0,0,0,7,30
60440,0,0,0,62,99
60441,0,0,0,0,0
60442,0,0,0,0,0
60443,0,0,0,0,18
60445,0,0,0,0,6
60446,0,0,0,0,0
60447,0,0,0,0,0
60448,0,0,0,29,36
60449,0,0,0,0,0
60451,0,0,0,0,0
60452,0,0,0,0,0
60453,0,0,0,0,0
60455,0,0,0,0,0
60456,0,0,0,0,0
60457,0,0,0,0,0
60458,0,0,0,0,0
60459,0,0,0,0,24
60461,0,0,0,0,0
60462,0,0,0,0,21
60463,0,0,0,0,0
60464,0,0,0,0,0
60465,0,0,0,0,0
60466,0,0,0,15,51
60467,0,0,0,0,7
60469,0,0,0,0,0
60471,0,0,0,0,3
60472,0,0,0,0,0
60473,0,0,0,0,0
60475,0,0,0,0,12
60476,0,0,0,0,0
60477,0,0,0,0,47
60478,0,0,0,0,22
60480,0,0,0,0,0
60482,0,0,0,2,24
60484,0,0,0,0,0
60487,0,0,7,7,7
60490,0,0,0,0,18
60491,0,0,0,0,0
60501,0,0,0,0,9
60502,0,0,0,0,0
60503,0,0,0,4,12
60504,0,0,0,0,0
60505,0,0,0,0,0
60506,0,0,0,0,142
60510,0,0,16,23,31
60512,0,0,0,0,0
60513,0,0,0,0,0
60514,0,0,0,0,0
60515,0,0,0,0,50
60516,0,0,0,0,0
60517,0,0,0,0,21
60519,0,0,0,0,0
60521,0,0,0,0,0
60523,0,0,13,38,48
60525,0,8,41,41,49
60526,0,0,0,0,0
60527,0,0,0,0,7
60532,0,0,0,0,23
60534,0,0,0,0,0
60538,0,0,0,25,25
60540,0,0,0,33,43
60542,0,0,0,5,15
60543,0,0,0,0,11
60544,0,0,0,0,8
60546,0,0,0,0,0
60554,0,0,0,0,0
60555,0,0,0,0,0
60558,0,0,0,0,0
60559,0,0,0,0,0
60560,0,0,0,0,0
60561,0,0,7,13,20
60563,0,0,0,0,0
60564,0,0,0,0,13
60565,0,0,0,0,0
60585,0,0,0,0,0
60586,0,0,0,0,0
60601,0,0,0,0,0
60602,0,0,0,0,0
60603,0,0,0,0,0
60604,0,0,0,0,0
60605,0,0,0,0,4
60606,0,0,0,0,0
60607,0,0,0,0,0
60608,0,0,0,31,82
60609,0,0,0,0,35
60610,0,0,0,0,0
60611,0,0,0,0,0
60612,0,0,0,0,0
60613,0,0,0,0,0
60614,0,0,0,0,42
60615,0,0,0,0,0
60616,0,0,0,0,0
60617,0,0,0,19,193
60618,0,14,57,100,114
60619,0,0,0,0,0
60620,0,0,0,0,32
60621,0,0,0,0,86
60622,0,0,0,0,44
60623,0,0,0,0,0
60624,0,0,0,0,63
60625,0,0,0,0,0
60626,0,0,0,0,0
60628,0,0,0,0,0
60629,0,0,0,0,0
60630,0,0,0,0,26
60631,0,0,0,0,0
60632,0,0,0,0,0
60633,0,0,0,0,0
60634,0,0,0,0,0
60636,0,0,0,0,0
60637,0,0,0,0,0
60638,0,0,0,0,0
60639,0,0,0,13,133
60640,0,0,0,0,0
60641,0,0,0,48,107
60642,0,0,0,0,0
60643,0,0,0,0,0
60644,0,0,0,0,0
60645,0,0,0,0,0
60646,0,0,0,0,23
60647,0,0,0,0,0
60649,0,0,0,0,69
60651,0,0,0,0,10
60652,0,0,0,0,66
60653,0,0,0,0,29
60654,0,0,0,0,0
60655,0,0,0,0,7
60656,0,0,0,0,12
60657,0,0,0,6,28
60659,0,0,0,0,0
60660,0,0,0,0,0
60661,0,0,0,0,0
60706,0,0,0,0,0
60707,0,0,0,10,57
60712,0,0,0,0,0
60714,0,0,0,0,0
60803,0,0,0,0,0
60804,0,0,0,0,41
60805,0,0,0,0,6
60827,0,0,0,0,0
60901,0,0,0,0,35
60910,0,0,0,0,0
60914,0,0,0,0,4
60915,0,0,0,0,5
60922,0,0,0,0,0
60964,0,0,0,0,0
61008,0,0,0,0,0
61011,0,0,0,0,0
61016,0,0,0,0,0
61025,0,0,0,0,0
61065,0,0,0,0,6
61072,0,0,0,0,0
61073,0,0,0,0,0
61101,0,0,0,0,0
61102,0,0,0,0,0
61103,0,0,0,0,0
61104,0,0,0,0,0
61107,0,0,0,0,18
61108,0,0,0,0,0
61109,0,0,0,0,26
61111,0,0,0,0,0
61114,0,0,0,0,0
61115,0,0,0,0,0
61201,0,0,0,0,0
61239,0,0,0,0,0
61240,0,0,0,0,0
61241,0,0,0,0,0
61244,0,0,0,0,0
61256,0,0,0,0,0
61264,0,0,0,0,0
61265,0,0,0,0,0
61273,0,0,0,0,0
61275,0,0,0,0,0
61282,0,0,0,0,0
61284,0,0,0,0,0
61301,0,0,0,0,5
61320,0,0,0,0,0
61341,0,0,0,0,1
61348,0,0,0,0,0
61350,0,0,0,0,0
61354,0,0,0,0,0
61362,0,0,0,0,4
61364,0,0,10,27,51
61373,0,0,0,0,0
61523,0,0,3,7,8
61525,0,0,0,0,0
61526,0,0,0,0,0
61528,0,0,0,0,0
61535,0,0,0,0,0
61536,0,0,0,0,0
61547,0,0,0,0,0
61548,0,0,0,0,0
61550,0,0,0,0,2
61554,0,0,0,0,0
61568,0,0,0,0,0
61571,0,0,0,0,8
61602,0,0,0,0,6
61603,0,0,0,0,0
61604,0,0,0,0,0
61605,0,0,0,0,53
61606,0,0,0,0,0
61607,0,0,0,0,0
61610,0,0,2,7,18
61611,0,0,0,0,0
61614,0,0,0,8,54
61615,0,0,0,0,0
61616,0,0,0,0,17
61701,0,0,0,0,0
61704,0,0,0,0,0
61705,0,0,0,0,0
61725,0,0,0,0,0
61748,0,0,0,0,0
61761,0,0,0,0,0
61772,0,0,0,0,0
61776,0,0,0,0,0
61801,0,0,0,0,0
61802,0,0,0,0,0
61814,0,0,0,0,0
61817,0,0,0,0,0
61820,0,0,0,0,0
61821,0,0,0,0,0
61822,0,0,0,0,38
61832,0,0,0,0,0
61833,0,0,0,0,0
61834,0,0,0,0,0
61841,0,0,0,0,0
61858,0,0,0,0,0
61864,0,0,0,0,0
61874,0,0,0,0,0
61880,0,0,0,0,0
61883,0,0,0,0,1
62025,0,0,0,0,0
62034,0,0,0,0,0
62040,0,0,0,0,0
62059,0,0,0,0,0
62060,0,0,0,0,0
62062,0,0,0,0,0
62090,0,0,0,0,0
62201,0,0,0,0,0
62203,0,0,0,0,0
62204,0,0,0,2,2
62205,0,0,0,0,23
62206,0,0,0,0,0
62207,0,0,0,0,0
62208,0,0,0,0,0
62221,0,0,0,0,0
62223,0,0,0,0,0
62226,0,0,0,0,0
62232,0,0,2,5,5
62234,0,0,0,0,0
62236,0,0,0,0,0
62239,0,0,0,0,8
62240,0,0,0,0,0
62260,0,0,0,0,0
62269,0,0,3,11,12
62521,0,0,0,0,0
62522,0,0,0,0,0
62523,0,0,0,0,0
62526,0,0,0,0,0
62535,0,0,0,0,0
62544,0,0,0,0,0
62549,0,0,0,0,0
62554,0,0,0,0,0
62558,0,0,0,0,0
62561,0,0,0,0,0
62563,0,0,0,0,0
62625,0,0,0,0,0
62629,0,0,0,0,0
62670,0,0,0,0,0
62677,0,0,0,0,0
62684,0,0,0,0,0
62701,0,0,0,0,0
62702,0,0,0,0,78
62703,0,0,0,0,0
62704,0,0,0,0,22
62707,0,0,0,0,0
62711,0,0,0,0,11
62712,0,0,0,0,3
62957,0,0,0,0,0
62960,0,0,0,0,0
46001,0,0,0,0,0
46011,0,0,0,15,29
46012,0,0,0,4,29
46013,0,0,0,32,43
46016,0,0,0,7,50
46017,0,0,0,0,0
46032,0,0,0,0,0
46033,0,0,0,12,12
46037,0,0,0,0,0
46038,0,0,0,0,26
46040,0,0,0,0,0
46051,0,0,0,1,1
46052,0,1,4,5,8
46055,0,0,0,0,0
46056,0,0,0,0,0
46060,0,0,0,0,13
46062,0,0,8,8,15
46064,0,0,0,0,0
46068,0,0,0,0,0
46069,0,0,0,0,1
46074,0,0,0,0,0
46075,0,0,0,0,0
46077,0,0,0,0,0
46106,0,3,5,11,14
46107,0,0,0,0,0
46110,0,0,0,0,0
46111,0,0,1,1,1
46112,0,0,0,13,40
46113,0,0,0,0,0
46118,0,0,0,0,0
46122,0,0,0,0,0
46123,0,48,72,84,107
46124,0,0,0,0,0
46126,0,0,0,1,4
46130,0,0,2,3,5
46131,0,0,0,9,84
46140,0,0,0,3,8
46142,0,0,0,0,0
46143,0,0,0,0,71
46151,0,0,3,7,12
46158,0,0,0,0,0
46162,0,0,0,0,1
46163,0,0,0,0,0
46167,0,0,0,0,2
46168,0,0,0,0,0
46181,0,0,0,0,0
46184,0,0,15,29,39
46201,0,0,0,0,79
46202,0,0,0,0,0
46203,0,0,0,0,14
46204,0,0,0,0,0
46205,0,0,0,0,0
46208,0,0,0,0,12
46214,0,0,0,0,0
46216,0,0,0,0,1
46217,0,0,0,0,0
46218,0,0,0,0,0
46219,0,0,0,0,0
46220,0,0,0,0,0
46221,0,0,0,0,0
46222,0,0,0,0,30
46224,0,0,0,0,16
46225,0,0,0,0,0
46226,0,0,0,0,0
46227,0,0,0,0,0
46228,0,0,0,0,0
46229,0,0,0,0,0
46231,0,0,0,0,0
46234,0,0,0,0,0
46235,0,0,0,0,111
46236,0,0,0,10,51
46237,0,0,0,0,39
46239,0,0,0,0,0
46240,0,0,0,0,22
46241,0,0,0,0,0
46250,0,0,0,0,0
46254,0,0,0,0,0
46256,0,0,0,0,0
46259,0,0,0,0,0
46260,0,0,0,0,14
46268,0,0,0,0,0
46278,0,0,0,0,0
46280,0,0,0,0,2
46304,9,13,43,43,60
46307,0,0,0,2,23
46311,0,0,0,12,70
46312,0,44,138,204,313
46319,0,5,20,50,60
46320,0,44,88,120,146
46321,0,57,78,85,184
46322,0,8,30,53,114
46323,0,0,49,117,184
46324,0,37,69,106,150
46327,0,20,27,48,65
46341,0,0,0,0,1
46342,0,0,0,10,72
46350,0,0,0,0,0
46360,20,39,98,137,205
46368,0,0,0,81,131
46373,1,1,2,3,22
46375,0,0,0,0,7
46383,0,0,45,74,134
46385,0,0,0,14,77
46391,0,0,0,0,0
46393,0,0,0,0,0
46394,0,0,16,68,80
46402,0,2,6,47,80
46403,0,14,54,68,108
46404,29,109,166,218,309
46405,3,16,46,68,78
46406,0,5,27,41,60
46407,0,0,82,154,223
46408,0,0,39,95,117
46409,0,0,0,29,61
46410,0,0,0,111,172
46530,0,0,0,16,16
46544,11,21,63,84,137
46545,0,0,7,29,87
46554,0,0,0,0,0
46561,0,0,0,0,0
46601,0,0,0,17,37
46613,0,0,32,61,93
46614,0,0,27,44,98
46615,0,0,0,0,19
46616,12,13,15,23,28
46617,0,0,6,15,39
46619,0,0,0,6,50
46628,0,0,0,32,80
46635,0,0,0,8,14
46637,0,0,32,45,59
46706,0,0,0,0,0
46723,0,0,0,0,0
46725,0,0,0,0,1
46741,0,0,0,0,0
46745,0,0,0,0,0
46748,0,0,2,2,2
46765,0,0,0,0,0
46774,10,10,15,26,26
46783,0,0,0,1,1
46788,0,0,0,0,0
46798,0,0,0,0,0
46802,0,0,0,0,25
46803,0,25,64,96,117
46804,0,0,0,0,0
46805,0,0,0,26,53
46806,0,0,0,22,80
46807,0,0,0,35,60
46808,0,0,0,0,53
46809,0,18,29,36,54
46814,0,0,0,0,0
46815,0,0,0,40,57
46816,0,0,13,43,52
46818,0,0,0,7,30
46819,0,0,0,0,10
46825,0,28,47,47,66
46835,0,0,0,0,0
46845,0,0,0,0,0
46901,0,0,26,53,70
46902,0,0,0,38,67
46914,0,0,0,0,0
46932,0,0,0,0,0
47106,0,0,0,0,1
47111,15,25,35,44,59
47117,0,0,0,0,0
47119,0,0,0,0,3
47129,0,13,33,59,65
47130,0,0,33,66,99
47141,0,0,0,0,0
47143,0,0,0,0,0
47150,0,0,91,164,218
47172,0,0,8,23,38
47201,0,0,0,8,47
47203,0,0,8,50,69
47226,0,0,0,0,0
47280,0,0,1,2,3
47302,0,0,34,129,180
47303,0,0,0,29,105
47304,0,21,48,82,103
47305,0,0,9,30,41
47320,0,0,0,0,0
47334,0,0,1,2,3
47342,0,0,0,0,1
47356,0,0,0,0,1
47383,0,0,0,0,0
47396,0,0,0,3,4
47401,0,0,0,92,240
47403,77,103,146,172,180
47404,0,0,0,24,60
47408,0,0,30,64,93
47429,0,0,0,0,0
47601,0,0,0,1,1
47610,4,5,5,8,11
47630,0,0,0,127,277
47708,1,5,7,10,15
47710,12,49,111,124,142
47711,0,0,84,157,241
47712,0,0,16,44,82
47713,0,3,36,75,107
47714,0,40,69,129,208
47715,69,128,137,188,266
47720,34,59,79,128,172
47725,0,0,6,44,69
47802,0,0,8,25,59
47803,0,0,0,0,29
47804,0,16,37,53,57
47805,0,4,34,49,56
47807,0,0,0,0,55
47863,0,0,0,0,0
47871,0,0,0,0,0
47874,0,0,0,0,0
47885,0,0,4,6,6
47901,0,0,0,5,12
47904,0,0,0,0,22
47905,0,0,0,16,25
47906,0,0,8,147,317
47909,0,0,8,17,33
47920,0,0,0,0,0
47932,0,0,0,0,0
47982,0,0,0,0,0
47993,0,0,0,0,0
66012,0,0,0,0,0
66013,0,0,0,1,1
66024,0,0,0,0,1
66025,0,0,0,0,0
66030,0,0,0,0,0
66044,0,0,0,0,0
66046,0,0,0,0,0
66047,0,0,0,18,27
66049,0,0,0,0,0
66050,0,0,0,0,0
66052,0,0,0,0,0
66061,0,0,0,0,0
66062,0,0,0,0,0
66083,0,0,0,0,0
66085,0,0,0,0,0
66086,0,0,0,0,0
66090,0,0,0,0,0
66101,0,0,0,0,0
66102,0,0,0,0,0
66103,0,0,0,0,0
66104,0,0,0,0,0
66105,0,0,0,0,1
66106,0,0,0,0,0
66109,0,0,0,0,0
66111,0,0,0,6,6
66112,0,0,2,7,10
66202,0,0,0,0,0
66203,0,0,0,0,4
66204,0,0,0,0,0
66205,0,0,0,0,0
66206,0,0,0,2,3
66207,0,0,0,0,0
66208,0,0,0,0,3
66209,0,0,0,0,0
66210,0,0,0,0,0
66211,0,0,0,0,0
66212,0,0,0,0,0
66213,0,0,0,0,0
66214,0,0,0,2,7
66215,0,0,0,0,6
66216,0,0,0,0,19
66217,0,0,0,0,0
66218,0,0,0,0,0
66219,0,0,0,0,5
66220,0,0,0,0,0
66221,0,0,0,6,6
66223,0,0,0,0,0
66224,0,0,8,8,8
66226,0,0,0,0,0
66227,0,0,1,1,1
66402,0,0,0,0,0
66409,0,0,0,0,0
66429,0,0,0,0,0
66502,0,0,0,52,103
66503,0,0,0,0,0
66542,0,0,0,0,0
66546,0,0,0,0,0
66603,0,0,0,0,1
66604,0,0,0,0,0
66605,0,0,0,15,38
66606,0,0,0,0,14
66607,0,0,0,0,0
66608,0,0,0,0,0
66609,0,2,2,8,8
66610,0,0,0,0,3
66611,0,0,0,0,0
66612,0,0,0,6,20
66614,0,0,0,30,30
66615,0,0,0,0,0
66616,0,0,0,0,0
66617,0,0,0,0,0
66618,0,0,2,2,3
66619,0,0,0,0,0
66739,0,0,0,0,0
67002,0,5,10,10,25
67026,0,0,0,0,0
67030,0,0,0,0,0
67037,0,0,0,9,19
67052,0,0,0,0,1
67055,0,0,0,0,0
67060,5,5,5,10,10
67067,0,0,0,0,0
67101,0,4,9,13,20
67110,0,0,0,0,0
67120,0,0,0,0,0
67147,0,0,0,0,0
67202,0,0,0,5,10
67203,0,0,28,75,93
67204,0,0,0,0,16
67205,0,0,0,6,6
67206,0,0,0,6,23
67207,0,0,0,0,0
67208,0,0,0,0,0
67209,0,0,0,0,0
67210,0,0,0,0,0
67211,0,0,7,39,59
67212,0,0,0,0,15
67213,0,0,0,0,0
67214,0,6,39,78,105
67215,0,0,0,0,0
67216,0,7,20,67,93
67217,0,0,0,0,0
67218,0,0,0,0,0
67219,0,0,0,5,9
67220,0,0,0,0,0
67223,0,0,0,0,0
67226,0,0,0,0,0
67227,0,0,0,0,0
67228,0,0,0,0,0
67230,0,0,0,0,0
67232,0,0,2,5,8
67235,0,0,0,0,0
40014,0,0,0,0,0
40023,0,0,0,0,0
40025,0,0,0,0,0
40026,0,0,0,0,0
40047,0,0,0,8,8
40056,0,0,0,0,0
40059,0,0,0,0,0
40071,0,0,0,0,0
40109,0,0,0,0,0
40118,0,0,0,0,0
40162,0,0,0,0,0
40165,0,0,0,0,14
40177,0,0,0,0,0
40202,0,0,0,0,0
40203,0,0,0,0,0
40204,0,0,0,0,0
40205,0,0,0,0,8
40206,0,0,0,0,6
40207,0,0,0,0,0
40208,0,0,0,0,0
40209,0,0,0,0,0
40210,0,0,0,0,0
40211,0,0,0,0,0
40212,0,0,0,0,0
40213,0,0,0,28,63
40214,0,0,0,0,15
40215,0,0,0,0,0
40216,0,0,0,0,0
40217,0,0,0,0,0
40218,0,0,0,0,0
40219,0,0,0,0,0
40220,0,0,0,0,0
40222,0,0,0,0,0
40223,0,0,0,0,0
40228,0,0,0,0,0
40229,0,0,0,0,0
40241,0,0,0,0,0
40242,0,0,0,0,0
40243,0,0,0,0,0
40245,0,0,9,27,27
40258,0,0,0,0,0
40272,0,0,0,0,0
40291,0,0,0,0,0
40299,0,0,0,14,69
40356,0,0,0,0,0
40403,0,0,0,0,22
40461,0,0,0,0,0
40475,0,0,0,0,0
40502,0,0,0,0,0
40503,0,0,0,0,0
40504,0,0,0,0,0
40505,0,0,0,29,29
40507,0,0,0,0,0
40508,0,0,0,0,0
40509,0,0,0,11,46
40510,0,0,0,0,0
40511,0,0,0,0,0
40513,0,0,0,0,0
40514,0,0,0,0,5
40515,34,34,101,112,123
40516,0,0,0,0,0
40517,0,0,0,0,0
41001,0,0,0,0,0
41005,0,0,1,1,2
41007,0,0,0,0,0
41011,0,0,8,60,98
41014,0,0,0,0,0
41015,0,0,0,21,35
41016,0,0,0,0,0
41017,0,0,0,0,0
41018,8,8,33,33,57
41042,0,0,0,0,0
41048,0,0,0,0,0
41051,0,0,0,0,0
41059,0,0,0,0,1
41063,1,1,1,1,1
41071,0,0,0,0,28
41073,0,0,0,0,0
41074,0,0,0,0,7
41075,0,0,0,0,0
41076,35,40,45,50,50
41085,0,0,0,0,1
41091,0,0,0,0,0
41094,0,0,0,0,4
41101,43,62,74,98,105
41102,0,0,0,12,20
41129,0,0,0,0,1
41139,8,14,31,39,42
41144,0,0,0,0,0
41169,0,1,6,7,13
41175,0,0,0,0,1
41183,4,7,10,12,14
42001,0,0,16,39,63
42003,0,0,0,0,0
42058,0,0,0,0,0
42101,0,0,0,0,0
42103,54,65,70,86,108
42104,0,0,50,59,79
42122,0,0,0,0,0
42223,0,0,0,0,11
42234,0,0,0,0,0
42262,0,0,0,0,6
42286,0,0,0,0,1
42301,0,0,24,47,59
42303,0,0,0,0,0
42366,0,0,0,0,0
42420,0,0,0,0,0
42701,8,33,42,58,83
42724,0,0,0,0,0
70001,0,0,304,1031,12608
70002,0,0,168,363,5339
70003,0,237,652,1260,13850
70005,0,37,429,785,8455
70006,0,16,134,364,5120
70031,0,1,2,6,496
70032,0,9,71,129,1763
70037,0,5,102,242,4519
70043,0,0,313,633,6907
70047,0,0,64,184,3356
70049,0,0,1,2,45
70053,0,164,413,602,5658
70056,0,0,79,485,10893
70057,0,7,49,95,756
70058,0,28,459,834,13240
70062,0,0,226,447,5606
70065,0,0,512,1175,14284
70068,0,0,179,488,9458
70070,3,17,48,114,1446
70072,0,220,801,1402,19214
70075,0,14,55,121,1835
70079,0,0,32,112,1055
70084,0,17,47,80,1424
70085,1,20,32,45,522
70087,0,1,22,41,859
70092,0,0,94,196,2546
70094,0,122,389,693,11555
70112,0,54,121,196,814
70113,0,80,201,445,2226
70114,0,107,392,535,6630
70115,0,23,560,1516,10527
70116,0,126,353,658,4649
70117,0,130,604,1161,10865
70118,0,219,755,1509,10073
70119,0,111,828,1854,11829
70121,0,21,130,249,5029
70122,65,352,887,1814,12539
70123,0,0,344,735,8932
70124,0,84,660,1620,7089
70125,0,173,468,1041,5233
70126,0,237,611,1282,9513
70127,0,278,569,1151,6459
70128,0,0,265,675,5866
70129,0,37,173,314,2411
70130,0,21,268,528,3672
70131,0,0,310,645,7625
70148,0,1,1,2,3
70343,0,0,1,3,34
70360,0,138,380,743,8005
70363,0,0,182,384,5936
70364,0,23,164,310,5415
70395,0,0,1,2,21
70401,0,0,237,404,6556
70403,0,28,386,735,8596
70446,0,0,0,0,11
70454,0,109,359,2180,8152
70455,0,0,21,119,418
70462,0,0,11,37,754
70466,0,12,23,42,827
70501,0,419,662,2857,10756
70503,0,71,537,1237,9490
70506,0,185,667,1135,13427
70507,0,0,85,279,5490
70508,0,0,766,1563,14141
70517,0,6,22,106,506
70518,0,44,296,1663,6116
70520,0,4,130,206,3704
70525,0,1,2,10,37
70529,0,38,87,121,1830
70535,0,136,280,1076,4241
70555,3,28,82,128,1042
70560,6,24,41,183,624
70570,0,273,527,2391,8820
70577,0,33,65,302,1139
70578,0,0,0,0,1
70582,2,3,5,32,157
70583,0,69,223,326,4128
70584,0,0,0,0,1
70592,0,73,490,1888,7048
70601,0,0,635,1127,11960
70605,0,0,328,776,8523
70607,0,19,157,248,4552
70611,0,0,72,227,2640
70615,0,0,61,121,1979
70663,0,121,292,477,6778
70665,0,0,93,183,1536
70668,0,0,0,0,3
70669,0,24,67,155,2889
70706,0,0,125,375,5958
70710,0,0,16,38,932
70711,0,0,14,33,1295
70714,0,127,308,503,6434
70719,0,11,47,117,1721
70726,0,160,511,1006,15199
70734,0,0,109,336,2442
70737,0,124,697,1115,14709
70739,0,35,163,392,4066
70744,0,1,14,28,185
70764,0,0,0,0,1
70767,0,0,98,270,4684
70769,14,85,541,1582,13251
70770,0,5,26,48,650
70774,0,8,41,75,624
70777,0,1,2,4,65
70778,0,0,10,18,294
70785,8,49,106,185,3635
70791,0,0,278,590,8258
70801,0,0,2,4,91
70802,0,210,542,874,8288
70805,0,183,489,755,7840
70806,0,17,304,659,7939
70807,0,228,423,596,5124
70808,0,236,815,1503,9048
70809,0,0,312,777,8023
70810,0,109,710,1625,12688
70811,0,54,205,317,4273
70812,0,58,146,312,3213
70814,0,62,177,333,4962
70815,0,79,359,692,8185
70816,12,167,500,726,11484
70817,0,12,558,1437,11047
70818,0,0,151,406,3873
70819,0,0,57,149,1607
70820,0,134,356,604,3852
71006,0,0,0,0,3
71009,0,1,2,3,30
71024,0,0,0,0,1
71037,0,26,82,122,1959
71047,0,2,37,66,1160
71051,0,0,1,2,40
71055,0,0,90,180,2791
71073,0,0,5,11,240
71101,0,95,187,277,2282
71103,0,41,128,212,2585
71104,0,85,246,416,4068
71105,0,62,241,495,6604
71106,0,113,554,1267,8775
71107,0,29,438,731,9198
71108,0,149,292,410,4900
71109,0,168,369,596,6229
71110,0,0,12,22,893
71111,92,250,659,1094,12559
71112,0,119,259,453,10515
71115,0,36,229,361,4884
71118,0,30,127,200,5923
71119,0,4,116,274,3355
71129,0,0,89,165,3336
71201,0,15,385,861,6742
71202,0,220,500,727,6048
71203,0,178,445,730,8186
71225,0,1,2,4,36
71280,0,0,1,2,28
71291,0,0,298,719,8098
71292,0,22,138,242,3369
71301,0,271,535,1899,7755
71302,0,80,188,731,2773
71303,0,10,236,1227,5082
71360,0,77,200,1272,5757
71405,0,7,28,203,942
71423,0,0,0,1,3
71485,0,0,0,0,1
1001,0,0,73,380,4455
1002,0,14,102,699,1889
1007,0,0,0,1,3
1013,0,0,171,483,5496
1020,0,43,230,589,8300
1022,0,0,0,6,834
1027,0,0,90,1150,4232
1028,0,0,278,1694,4612
1030,0,0,78,399,3614
1033,0,0,78,605,1758
1035,0,0,26,161,478
1036,0,0,2,14,39
1040,0,0,200,738,7513
1056,0,0,220,1509,4454
1068,0,0,1,6,14
1073,0,0,21,142,2005
1075,0,0,249,1549,4362
1077,0,0,63,215,2255
1085,0,0,278,763,9625
1089,0,0,238,672,6986
1095,0,1,59,399,1067
1103,0,0,10,29,185
1104,0,0,185,488,5140
1105,0,0,64,181,1320
1106,0,10,268,1322,3178
1107,0,8,98,194,1324
1108,0,13,194,1333,4318
1109,0,5,138,413,4970
1118,0,0,141,1164,3434
1119,0,0,48,227,3145
1128,0,0,40,266,794
1129,0,11,86,650,2064
1151,0,13,53,609,2113
1201,0,53,119,1345,6470
1237,0,1,6,33,162
1238,0,0,1,7,33
1240,0,0,29,212,894
1266,0,0,2,7,26
1420,0,0,282,4889,8176
1450,0,2,34,153,243
1453,0,36,428,5188,8736
1462,0,6,75,700,1113
1463,0,0,1,9,15
1473,0,0,0,5,8
1501,0,0,120,1880,4703
1504,0,2,136,937,2344
1505,0,3,45,344,734
1507,0,0,63,565,1371
1515,0,0,9,113,288
1516,0,0,35,233,527
1519,0,0,41,193,401
1520,0,16,191,1436,3152
1522,0,0,10,103,261
1524,0,0,64,692,1776
1527,0,0,122,1554,3610
1529,0,0,18,155,369
1534,0,0,4,25,60
1535,0,0,1,16,41
1536,0,4,58,404,919
1537,0,1,11,225,640
1540,0,0,99,1187,3030
1541,0,0,8,34,74
1542,0,0,15,211,567
1543,0,0,28,140,297
1545,0,0,394,2610,5796
1560,0,0,9,65,159
1562,0,19,120,1236,3066
1564,0,0,162,918,2057
1566,0,0,1,4,11
1568,0,0,16,83,176
1569,0,7,100,746,1761
1570,0,4,142,1460,3872
1571,0,0,73,742,1932
1581,0,0,13,65,134
1583,0,6,75,829,2027
1588,0,2,29,252,589
1590,0,0,156,820,1848
1602,0,54,270,1802,4356
1603,0,0,124,1351,3472
1604,0,43,256,2704,6981
1605,0,0,182,1528,3871
1606,0,0,212,2037,5318
1607,0,2,58,606,1532
1608,0,0,14,111,268
1609,0,42,196,1225,2866
1610,0,5,158,1136,2651
1611,0,0,22,225,538
1612,0,0,98,570,1387
1701,0,8,222,1134,2602
1702,0,0,245,2314,4756
1721,0,3,219,1395,3114
1730,0,0,232,930,1986
1731,0,0,8,161,353
1741,0,0,88,298,543
1742,0,0,1,4,7
1745,0,0,14,69,140
1746,0,0,305,1361,3152
1747,0,0,106,657,1457
1748,0,0,356,1501,2947
1756,0,0,133,667,1483
1757,0,7,387,2712,6437
1760,0,45,672,3322,6114
1770,0,0,139,505,862
1772,0,0,240,920,1846
1773,0,1,23,105,180
1778,0,0,1,3,5
1801,0,0,491,4294,8387
1803,0,0,355,2103,5097
1810,0,0,759,3009,6346
1821,0,19,325,2558,6129
1824,0,16,554,2218,4984
1826,0,19,235,2210,6193
1827,0,0,127,402,845
1830,0,22,222,1639,4323
1832,0,0,196,1611,4473
1833,0,0,0,0,1
1834,0,0,98,540,1269
1835,0,15,120,1106,3006
1840,0,3,27,176,449
1841,0,0,160,1951,5642
1843,0,0,131,1349,3882
1844,0,23,575,4457,11376
1845,0,27,445,2365,5104
1850,0,0,115,942,2621
1851,0,33,192,1775,4571
1852,0,0,163,1709,4569
1854,0,0,127,1421,3905
1862,0,12,100,666,1688
1863,0,0,106,707,1705
1864,0,6,256,1293,3056
1867,0,0,450,2448,4548
1876,0,0,267,1833,4686
1879,0,0,186,1168,2768
1880,0,0,458,2370,5444
1886,0,11,431,1551,3411
1887,0,25,353,2087,4788
1890,0,0,603,2084,3971
1901,0,3,19,85,196
1902,0,64,299,2360,6208
1904,0,0,161,1884,4595
1905,0,13,185,1664,4220
1906,0,0,343,2703,6655
1907,0,18,229,1496,3381
1908,0,4,82,519,1223
1915,0,0,454,3238,7623
1921,0,0,23,80,149
1923,0,0,417,2798,6673
1940,0,3,277,1089,2391
1945,0,0,617,2415,5036
1949,0,10,200,902,1803
1960,0,124,694,4857,11956
1970,0,0,345,3282,8382
1982,0,3,87,366,818
1983,0,0,16,67,144
1984,0,0,111,413,792
1985,0,0,3,13,27
2019,0,0,210,1557,4068
2021,0,0,450,2105,4724
2025,0,0,128,538,1119
2026,0,35,502,2929,5465
2030,0,0,246,723,1139
2032,0,0,97,522,963
2035,0,0,248,1449,3649
2038,0,21,489,2260,5003
2043,0,7,379,1508,3004
2048,0,0,248,2181,4497
2052,0,8,395,1498,2453
2053,0,0,274,1337,2942
2054,0,2,119,853,1745
2056,0,8,210,932,1901
2061,0,0,185,832,1723
2062,0,0,433,3276,6330
2066,0,0,353,1792,4049
2067,0,4,441,1595,3376
2071,0,0,31,113,203
2072,0,39,396,2389,6231
2081,0,0,328,1704,3988
2090,0,4,489,1854,3233
2093,0,7,188,747,1577
2108,0,0,56,221,358
2109,0,1,36,165,284
2110,0,0,12,50,81
2111,0,1,30,111,186
2113,0,0,21,235,428
2114,0,4,68,295,501
2115,0,4,100,518,923
2116,0,0,201,778,1357
2118,0,0,202,899,1535
2119,0,0,242,1541,2719
2120,0,12,76,505,927
2121,0,0,161,1300,2399
2122,0,7,250,1933,3466
2124,0,62,468,3449,6000
2125,0,50,329,2149,4019
2126,0,19,215,1898,3645
2127,0,4,467,2470,4196
2128,0,0,275,2045,4733
2129,0,6,240,979,1960
2130,0,44,456,2413,4203
2131,0,41,419,2785,4960
2132,0,12,578,3304,5820
2134,0,2,96,839,1550
2135,0,17,228,2189,4035
2136,0,0,263,2599,4836
2138,0,0,358,1780,3396
2139,0,6,300,1601,3049
2140,0,0,190,1024,1903
2141,0,0,138,709,1355
2142,0,1,17,74,130
2143,0,4,304,1884,3631
2144,0,0,361,1715,3740
2145,0,4,255,1476,3653
2148,0,0,463,3424,8929
2149,0,0,318,2678,7060
2150,0,15,173,1516,3596
2151,0,38,484,3927,9230
2152,0,0,210,1620,3622
2155,0,12,750,4685,11233
2163,0,1,5,21,36
2169,0,19,418,3471,9480
2170,0,11,193,1438,3675
2171,0,20,197,1349,3276
2176,0,5,498,2261,5057
2180,0,19,312,1855,4442
2184,0,0,684,3284,7961
2186,0,0,593,2750,5702
2188,0,0,110,951,2614
2189,0,0,117,1118,2915
2190,0,15,193,1368,3518
2191,0,12,77,651,1655
2199,0,0,9,36,61
2210,0,0,28,125,215
2215,0,2,58,332,580
2301,0,0,348,3504,10032
2302,0,0,307,2505,7002
2322,0,5,47,487,1320
2333,0,3,81,499,1231
2339,0,11,295,1245,2610
2341,0,1,60,397,1015
2343,0,0,138,1036,2686
2346,0,0,133,1636,4354
2347,0,13,234,1529,3049
2351,0,29,193,1352,3533
2356,0,0,167,1248,2585
2368,0,0,349,2484,6366
2370,0,9,225,1594,4175
2375,0,3,81,498,1004
2379,0,2,15,93,235
2382,0,0,156,1260,3358
2420,0,0,430,1578,2682
2421,0,13,473,1842,3063
2445,0,0,227,1238,2226
2446,0,6,214,1070,1961
2451,0,8,278,2010,3805
2452,0,0,168,1268,2533
2453,0,0,349,2446,4729
2458,0,2,279,1326,2305
2459,0,0,529,2033,3510
2460,0,6,172,801,1477
2461,0,5,186,697,1179
2462,0,0,27,139,241
2464,0,1,45,260,491
2465,0,0,405,1475,2549
2466,0,4,157,638,1089
2467,0,19,313,1247,2144
2468,0,0,218,573,903
2472,0,0,524,3396,6423
2474,0,28,492,2331,5255
2476,0,37,326,1775,3166
2478,0,23,761,2910,5360
2481,0,2,394,1272,2023
2482,0,0,262,900,1499
2492,0,17,628,2298,3908
2493,0,0,130,430,690
2494,0,2,317,1237,2042
2601,0,0,191,3025,5095
2630,0,0,71,676,1082
2632,0,1,39,360,591
2668,0,0,2,17,28
2673,0,5,73,1408,2323
2675,0,8,44,379,622
2702,0,6,77,577,1197
2703,0,10,453,4331,9452
2715,0,0,61,487,1015
2717,0,0,106,700,1480
2718,0,2,71,971,1744
2719,0,0,238,2777,4826
2720,0,38,319,2881,6235
2721,0,0,220,2535,5532
2723,0,0,141,1393,2952
2724,0,0,170,1738,3621
2725,0,0,71,518,1035
2726,0,6,276,2408,5389
2739,0,0,9,56,106
2740,0,72,473,5753,10075
2743,0,0,152,1905,3310
2744,0,20,86,1370,2416
2745,0,0,239,4000,6946
2746,0,40,165,1524,2601
2747,0,0,319,2661,5652
2748,0,18,302,2157,3519
2760,0,6,339,2567,5581
2762,0,0,66,489,1246
2763,0,0,40,246,503
2764,0,0,45,473,1028
2766,0,0,262,1891,3874
2767,0,5,92,608,1265
2769,0,0,242,1898,3804
2770,0,2,38,306,619
2771,0,19,291,2250,4605
2777,0,0,228,2650,6014
2779,0,0,161,963,1916
2780,0,0,414,4527,9882
2790,0,15,163,1702,3681
20701,0,0,0,15,15
20705,0,0,450,5736,5907
20706,0,3,183,2919,3000
20707,0,0,607,5959,6182
20708,0,0,225,3504,3572
20712,0,8,37,520,527
20715,0,0,226,1936,2017
20720,0,0,995,6039,6459
20721,0,0,916,5701,6071
20722,0,0,1,15,15
20723,0,0,778,5438,5735
20724,0,21,243,2828,2931
20740,0,48,235,1782,1833
20743,0,45,135,1769,1798
20745,0,2,25,322,326
20746,0,2,14,203,206
20748,0,0,2,27,28
20755,0,0,56,935,955
20759,0,0,97,373,414
20763,0,2,50,495,513
20769,0,0,253,1762,1859
20770,0,0,49,672,687
20772,0,4,220,1825,1923
20774,0,70,1044,9593,10015
20777,0,0,1,2,2
20781,0,0,0,2,2
20782,0,5,29,344,351
20783,0,15,89,1498,1516
20794,0,0,194,2312,2398
20814,0,20,428,1930,2036
20815,0,7,290,997,1064
20816,0,0,141,464,498
20817,0,13,971,2934,3145
20841,0,0,161,1283,1525
20850,0,88,1316,7680,8009
20851,0,9,220,2153,2197
20852,0,74,826,4751,4939
20853,0,19,673,3635,3794
20854,0,0,3345,9802,10609
20855,0,0,519,2867,2977
20866,0,0,227,2027,2120
20868,0,0,12,85,90
20874,0,0,298,8194,9008
20876,0,0,98,2093,2249
20877,0,0,363,3848,3947
20878,0,31,1989,9966,10404
20879,0,0,490,4693,4798
20880,0,0,7,49,51
20882,0,0,49,281,300
20886,0,0,154,3526,3843
20895,0,0,860,3539,3710
20896,0,0,29,86,93
20899,0,0,0,19,19
20901,0,0,886,4696,4937
20902,0,81,899,7209,7386
20903,0,3,114,1572,1603
20904,0,0,750,7872,8141
20905,0,0,412,2830,2991
20906,0,47,812,7632,7812
20910,0,21,290,2053,2115
20912,0,3,52,392,403
21012,0,11,228,1827,1915
21032,0,5,83,470,501
21042,0,0,1141,5962,6439
21043,0,99,1478,9272,9897
21044,0,0,136,1016,1067
21045,0,13,623,6382,6627
21046,0,0,181,1908,1981
21052,0,0,0,177,177
21054,0,2,185,931,998
21056,0,0,33,100,115
21057,0,0,65,360,388
21060,0,25,642,8196,8433
21061,0,80,606,11224,11430
21075,0,0,804,6389,6697
21076,0,0,447,3717,3892
21077,0,0,0,186,186
21087,0,4,73,553,584
21090,0,4,241,3865,3956
21093,0,74,965,7030,7362
21104,0,0,1,5,6
21108,0,25,560,3886,4109
21113,0,22,457,5372,5561
21117,0,0,600,8839,9093
21122,0,0,1238,14699,15265
21128,0,0,530,3693,3884
21133,0,38,452,7474,7627
21136,0,7,129,1135,1186
21144,0,41,1005,7660,8098
21146,0,0,886,4304,4683
21156,0,0,3,22,23
21162,0,0,216,1434,1518
21163,0,2,75,658,690
21201,0,29,295,2349,2429
21202,0,4,379,3529,3635
21204,0,32,563,3866,4036
21205,0,76,582,5622,5791
21206,0,0,650,12036,12257
21207,0,55,585,10823,11022
21208,0,0,624,7970,8200
21209,0,74,606,5481,5698
21210,0,25,323,2168,2289
21211,0,81,478,6022,6177
21212,0,0,1122,7723,8113
21213,0,0,849,12799,12995
21214,0,0,279,5928,6049
21215,0,212,1566,15920,16213
21216,0,126,722,10239,10417
21217,0,0,796,11407,11664
21218,0,367,1413,13020,13577
21219,0,0,266,3298,3407
21220,0,64,592,6219,6412
21221,0,0,555,11117,11332
21222,0,16,810,15580,15850
21223,0,11,816,10511,10682
21224,0,0,1478,15845,16404
21225,0,0,623,8930,9150
21226,0,0,151,3302,3356
21227,0,116,1075,10182,10519
21228,0,0,1002,12788,13144
21229,0,25,660,12210,12434
21230,0,34,1248,10913,11440
21231,0,25,509,4067,4241
21234,0,291,1144,19002,19390
21236,0,0,715,11074,11335
21237,0,120,533,8384,8581
21239,0,41,410,6674,6817
21244,0,0,345,8066,8213
21286,0,97,602,4230,4416
21502,0,0,291,9907,12551
21529,0,0,8,172,213
21545,0,0,1,34,42
21713,0,0,0,19,21
21722,0,0,0,1,1
21733,0,0,0,3,3
21734,0,1,3,80,81
21740,0,0,371,14556,16040
21742,0,0,189,5719,6464
21767,0,0,17,384,405
21795,0,0,69,1828,2065
21801,0,174,1039,7446,7582
21804,0,240,833,7869,7997
21810,0,0,0,12,12
21822,0,5,34,317,321
21826,0,16,118,1313,1328
21830,0,2,138,1120,1134
21837,0,0,0,1,1
21849,0,0,1,11,11
21856,0,0,1,5,5
21875,0,5,79,1193,1196
3901,0,12,40,599,609
3903,0,8,36,494,505
3904,0,25,64,1051,1064
3905,0,1,8,91,93
3906,0,0,0,2,2
3908,0,16,61,637,653
3909,0,1,3,33,34
4005,43,105,412,5989,6094
4038,3,97,321,3213,3317
4046,1,13,30,281,289
4062,0,5,33,355,367
4063,0,3,9,67,69
4064,0,63,187,2829,2858
4072,0,100,416,5408,5524
4074,0,278,810,5849,6134
4092,0,31,164,4385,4430
4093,0,5,27,479,487
4101,0,68,229,2528,2604
4102,11,88,379,3699,3802
4103,0,67,613,7265,7399
4105,2,93,424,1805,1926
4106,0,89,502,7202,7372
4107,0,83,499,2405,2539
4108,0,32,93,498,528
4210,17,114,342,5561,5664
4236,0,1,15,236,241
4240,0,166,452,9068,9179
4250,0,1,5,185,185
4252,0,0,2,75,76
4258,0,0,16,367,372
4274,0,4,22,332,337
4280,0,16,66,1553,1569
4330,0,29,154,3144,3189
4344,0,11,28,422,429
4345,2,13,38,685,694
4346,0,7,14,260,265
4347,0,11,36,393,402
4351,0,0,0,2,2
4401,0,124,524,8504,8726
4411,0,0,0,9,9
4412,0,3,90,2740,2814
4428,0,2,13,287,296
4429,0,1,39,455,475
4444,0,3,80,1401,1465
4473,0,2,19,278,285
4474,0,4,39,587,610
4605,0,2,5,107,109
4609,0,11,56,1069,1104
4612,0,0,6,147,153
4646,0,0,3,58,60
4653,0,0,1,188,189
4660,0,0,14,140,146
4662,0,3,29,256,269
4674,0,0,2,77,79
4679,0,8,40,676,697
48009,0,0,0,0,0
48015,0,0,0,0,0
48017,0,0,0,0,0
48021,0,0,0,0,0
48025,0,0,0,0,0
48026,0,0,0,0,0
48030,0,0,0,0,0
48033,0,0,0,0,0
48034,0,0,0,0,0
48035,0,0,0,0,0
48036,0,0,0,0,0
48038,0,0,0,0,0
48040,0,0,0,0,0
48042,0,0,0,0,0
48043,0,0,0,0,0
48044,0,0,0,0,0
48045,0,0,0,0,0
48047,0,0,0,0,0
48048,0,0,0,0,0
48049,0,0,0,0,0
48051,0,0,0,0,0
48059,0,0,0,0,0
48060,0,0,0,0,0
48066,0,0,0,0,0
48067,0,0,7,13,33
48069,0,0,0,0,0
48070,0,0,0,0,0
48071,0,0,0,0,0
48072,0,0,0,0,0
48073,0,0,0,0,0
48074,0,0,0,0,0
48075,0,0,0,0,0
48076,0,0,0,0,0
48079,0,0,0,0,0
48080,0,0,0,0,0
48081,0,0,0,0,0
48082,0,0,0,0,0
48083,0,0,0,0,0
48084,0,0,0,0,0
48085,0,0,0,0,0
48088,0,0,0,0,0
48089,0,0,0,0,0
48091,0,0,0,0,0
48092,0,0,0,0,0
48093,0,0,0,0,0
48094,0,0,0,0,0
48095,0,0,0,0,0
48096,0,0,0,0,0
48098,0,0,0,0,0
48101,0,0,0,0,0
48103,0,0,0,0,0
48104,0,0,0,0,0
48105,0,0,0,0,0
48108,0,0,0,0,0
48109,0,0,0,0,0
48111,0,0,0,0,0
48114,0,0,0,0,0
48116,0,0,0,0,0
48117,0,0,0,0,0
48120,0,0,0,0,0
48122,0,0,0,0,0
48124,0,0,0,0,0
48125,0,0,0,0,0
48126,0,0,0,0,0
48127,0,0,0,0,0
48128,0,0,0,0,0
48130,0,0,0,2,2
48133,0,0,0,0,0
48134,0,0,0,0,0
48135,0,0,0,0,0
48138,0,0,0,0,0
48139,0,0,0,0,0
48141,0,0,0,0,0
48144,0,0,0,0,0
48146,0,0,0,0,0
48150,0,0,0,0,0
48152,0,0,0,0,0
48154,0,0,0,0,0
48157,0,0,0,0,0
48161,0,0,0,0,0
48162,0,0,0,0,0
48164,0,0,0,0,0
48165,0,0,0,0,0
48166,0,0,0,0,0
48167,0,0,0,0,0
48168,0,0,0,0,0
48169,0,0,0,4,6
48170,0,0,0,0,0
48173,0,0,0,0,5
48174,0,0,0,0,0
48176,0,0,0,0,0
48178,0,0,0,0,0
48179,0,0,0,0,0
48180,0,0,0,0,0
48182,0,0,0,0,0
48183,0,0,0,0,0
48184,0,0,0,0,0
48185,0,0,0,0,0
48186,0,0,0,0,0
48187,0,0,0,0,0
48188,0,0,0,0,0
48189,0,0,0,0,0
48192,0,0,0,0,0
48193,0,0,0,0,0
48195,0,0,0,0,0
48197,0,0,0,0,0
48198,0,0,0,0,0
48201,0,0,0,0,0
48202,0,0,0,0,0
48203,0,0,0,0,0
48204,0,0,0,0,0
48205,0,0,0,0,0
48206,0,0,0,0,0
48207,0,0,0,0,0
48208,0,0,0,0,0
48209,0,0,0,0,0
48210,0,0,0,0,0
48211,0,0,0,0,0
48212,0,0,0,0,0
48213,0,0,0,0,0
48214,0,0,0,0,0
48215,0,0,0,0,0
48216,0,0,0,0,0
48217,0,0,0,0,0
48218,0,0,0,0,0
48219,0,0,0,0,0
48220,0,0,0,0,0
48221,0,0,0,0,0
48223,0,0,0,0,0
48224,0,0,0,0,0
48225,0,0,0,0,0
48226,0,0,0,0,0
48227,0,0,0,0,0
48228,0,0,0,0,0
48229,0,0,0,0,0
48230,0,0,0,0,0
48234,0,0,0,0,0
48235,0,0,0,0,0
48236,0,0,0,0,0
48237,0,0,0,0,0
48238,0,0,0,0,0
48239,0,0,0,0,0
48240,0,0,0,0,0
48301,0,0,0,0,0
48302,0,0,0,0,0
48304,0,0,0,0,0
48306,0,0,0,0,0
48307,0,0,0,0,0
48309,0,0,0,0,8
48310,0,0,0,0,0
48312,0,0,0,0,0
48313,0,0,0,0,0
48314,0,0,0,0,0
48315,0,0,0,0,0
48316,0,0,0,0,0
48317,0,0,0,0,14
48320,0,0,0,0,0
48322,0,0,0,0,0
48323,0,0,0,0,0
48324,0,0,0,0,0
48326,0,0,0,0,0
48327,0,0,0,0,0
48328,0,0,0,0,0
48329,0,0,0,0,0
48331,0,0,0,13,19
48334,0,0,0,0,0
48335,0,0,0,0,0
48336,0,0,0,0,0
48340,0,0,0,0,0
48341,0,0,0,0,0
48342,0,0,0,0,0
48346,0,0,0,0,0
48348,0,0,0,0,0
48350,0,0,0,0,0
48353,0,0,0,0,0
48359,0,0,0,0,0
48360,0,0,0,0,0
48363,0,0,0,0,0
48374,0,0,0,0,0
48375,0,0,0,0,0
48377,0,0,0,0,0
48380,0,0,0,0,0
48381,0,0,0,0,0
48382,0,0,0,0,0
48383,0,0,0,0,0
48386,0,0,0,0,0
48390,0,0,0,0,0
48393,0,0,0,0,0
48415,0,0,0,0,0
48420,0,0,0,0,0
48421,0,0,0,0,0
48423,0,0,0,0,0
48430,0,0,0,0,0
48433,0,0,0,0,0
48436,0,0,0,0,0
48437,0,0,0,0,0
48438,0,0,0,0,0
48439,0,0,0,0,0
48442,0,0,0,0,0
48457,0,0,0,0,0
48458,0,0,0,0,0
48463,0,0,0,0,0
48473,0,0,0,0,0
48502,0,0,0,0,0
48503,0,0,0,0,0
48504,0,0,0,0,0
48505,0,0,0,0,0
48506,0,0,0,0,0
48507,0,0,0,0,0
48509,0,0,0,0,0
48519,0,0,0,0,0
48529,0,0,0,0,0
48532,0,0,0,0,0
48601,0,0,0,0,0
48602,0,0,0,0,0
48603,0,0,0,0,0
48604,0,0,0,0,0
48607,0,0,0,0,0
48609,0,0,0,0,0
48623,0,0,0,0,0
48631,0,0,0,0,0
48638,0,0,0,0,0
48640,0,0,0,0,0
48642,0,0,0,0,0
48706,0,0,0,0,0
48708,0,0,0,0,0
48722,0,0,0,0,0
48724,0,0,0,0,0
48732,0,0,0,0,0
48746,0,0,0,0,0
48808,0,0,0,0,0
48813,0,0,0,0,0
48820,0,0,0,0,0
48821,0,0,0,0,2
48822,0,0,0,0,0
48823,0,0,0,0,0
48827,0,0,0,0,0
48837,0,0,0,0,0
48840,0,0,0,0,0
48842,0,0,0,0,0
48843,0,0,0,0,0
48848,0,0,0,0,0
48854,0,0,0,0,0
48855,0,0,0,0,0
48864,0,0,0,0,0
48876,0,0,0,0,0
48895,0,0,0,0,0
48906,0,0,0,0,0
48910,0,0,0,0,0
48911,0,0,0,0,0
48912,0,0,0,0,0
48915,0,0,0,0,0
48917,0,0,0,0,0
48933,0,0,0,0,0
49001,0,0,0,0,0
49002,0,0,0,0,0
49004,0,0,0,0,0
49006,0,0,0,0,0
49007,0,0,0,0,0
49008,0,0,0,0,0
49009,0,0,0,0,0
49010,0,0,0,0,0
49012,0,0,0,0,0
49014,0,0,0,0,0
49015,0,0,0,0,0
49017,0,0,0,0,0
49024,0,0,0,0,0
49033,0,0,0,0,0
49034,0,0,0,0,0
49037,0,0,0,0,0
49048,0,0,0,0,0
49051,0,0,0,0,0
49053,0,0,0,0,0
49083,0,0,0,0,0
49087,0,0,0,0,0
49088,0,0,0,0,0
49107,0,0,0,0,0
49112,0,0,0,0,0
49117,0,0,0,0,0
49120,0,0,0,0,0
49201,0,0,0,0,0
49202,0,0,0,0,0
49203,0,0,0,0,0
49221,0,0,0,0,0
49228,0,0,0,0,0
49254,0,0,0,0,0
49267,0,0,0,0,0
49270,0,0,0,0,0
49276,0,0,0,0,0
49277,0,0,0,0,0
49286,0,0,0,0,0
49301,0,0,0,0,0
49302,0,0,0,0,1
49306,0,0,0,0,0
49315,13,13,19,19,19
49316,0,0,0,0,0
49321,0,0,0,0,0
49331,0,0,0,0,0
49341,0,0,0,0,0
49345,0,0,0,0,0
49401,0,0,0,0,0
49403,0,0,0,0,0
49404,0,0,0,0,0
49406,0,0,0,0,0
49408,0,0,0,0,1
49415,0,0,0,0,0
49418,0,0,0,0,9
49419,0,0,0,0,0
49423,0,0,0,0,0
49424,0,0,0,0,0
49426,0,0,0,0,0
49428,0,0,0,0,0
49435,0,0,0,0,0
49440,0,0,0,0,0
49441,0,0,0,0,0
49442,0,0,0,0,0
49444,0,0,0,0,0
49445,0,0,0,0,0
49453,0,0,0,0,0
49456,0,0,0,0,0
49457,0,0,0,0,0
49460,0,0,0,0,0
49464,0,0,0,0,0
49503,0,0,0,0,0
49504,0,0,0,0,0
49505,0,0,0,0,8
49506,0,0,0,0,0
49507,0,0,0,0,0
49508,0,0,0,0,0
49509,0,0,0,0,0
49512,12,16,16,20,20
49519,0,0,0,0,0
49525,0,0,0,0,0
49534,0,0,0,0,0
49544,0,0,0,0,0
49546,0,0,0,0,0
49548,0,0,0,0,0
49621,0,0,0,0,0
49637,0,0,0,0,0
49649,0,0,0,0,0
49684,0,0,0,0,0
49685,0,0,0,0,0
49686,0,0,0,0,0
49690,0,0,0,0,0
49696,0,0,0,0,0
55001,0,0,0,0,1
55003,0,0,0,1,1
55009,0,0,0,0,0
55011,0,0,0,0,0
55014,0,0,0,0,0
55016,0,0,0,0,0
55020,0,0,0,0,0
55024,0,0,0,0,0
55025,0,0,0,0,8
55031,0,0,0,0,0
55033,0,0,0,0,71
55038,0,0,0,0,0
55042,0,0,0,0,0
55043,0,0,0,0,3
55044,0,0,0,0,0
55055,0,0,0,2,6
55068,0,0,0,0,9
55071,0,0,0,0,6
55075,0,0,0,0,28
55076,0,0,0,0,25
55077,0,0,0,0,0
55082,0,0,0,8,56
55085,0,0,0,0,0
55089,0,0,0,0,0
55090,0,0,0,0,1
55092,0,0,0,0,0
55101,0,0,0,0,0
55102,0,0,0,0,0
55103,0,0,0,4,28
55104,0,0,0,0,49
55105,0,0,0,0,0
55106,0,0,0,0,0
55107,0,0,0,0,0
55108,0,0,0,0,0
55109,0,0,14,48,103
55110,0,0,0,0,26
55112,0,0,24,47,47
55113,0,0,0,23,61
55114,0,0,0,1,7
55115,0,0,0,2,4
55116,0,0,0,0,0
55117,0,0,0,31,99
55118,0,0,0,0,0
55119,0,0,0,0,0
55120,0,0,0,3,3
55121,0,0,0,0,4
55122,0,0,0,0,71
55123,0,0,0,0,0
55124,0,0,0,0,66
55125,0,0,0,0,0
55126,0,6,6,18,43
55127,0,0,0,0,0
55128,0,0,0,0,7
55129,0,0,0,6,6
55130,0,0,0,0,23
55150,0,0,0,0,0
55301,0,0,0,0,3
55303,0,0,0,0,0
55304,0,0,15,15,46
55305,0,0,0,14,17
55306,0,0,0,3,6
55309,0,0,0,0,0
55311,0,0,0,7,13
55313,0,0,0,0,0
55315,0,0,2,3,5
55316,0,0,0,0,6
55317,0,0,0,5,5
55318,0,0,0,0,0
55322,0,0,0,0,0
55327,0,0,0,2,3
55330,0,0,0,0,39
55331,0,0,0,4,8
55337,0,0,0,0,82
55340,0,0,0,0,12
55341,0,0,0,0,0
55343,0,0,0,0,0
55344,0,0,0,0,0
55345,0,0,0,0,0
55346,0,0,4,8,21
55347,0,0,0,18,26
55352,0,0,0,0,11
55356,0,0,3,21,41
55357,0,0,0,0,1
55359,0,0,0,0,0
55362,0,0,0,0,2
55364,0,0,0,0,3
55369,0,0,0,0,0
55372,0,0,0,0,0
55373,0,0,0,0,0
55374,0,0,0,5,28
55376,0,0,0,0,0
55378,0,43,43,43,43
55379,0,0,0,0,0
55384,0,0,0,0,1
55386,0,0,0,0,2
55387,0,0,0,0,0
55391,0,0,0,0,0
55401,0,0,0,0,0
55402,0,0,0,0,1
55403,0,0,0,5,15
55404,0,0,0,0,29
55405,0,0,0,0,25
55406,0,0,0,0,42
55407,0,0,0,0,60
55408,0,0,0,0,0
55409,0,0,0,10,14
55410,0,0,0,0,22
55411,0,0,0,0,62
55412,0,0,0,0,33
55413,0,0,0,0,18
55414,0,0,0,0,28
55415,0,0,0,0,2
55416,0,0,0,0,25
55417,0,0,0,0,0
55418,0,0,0,33,66
55419,0,0,0,0,0
55420,0,0,0,0,22
55421,0,0,0,0,0
55422,0,0,0,32,64
55423,0,0,0,0,5
55424,0,0,0,0,6
55425,0,0,0,0,13
55426,0,0,0,0,20
55427,0,0,0,0,9
55428,0,0,0,36,51
55429,0,0,0,0,0
55430,0,0,0,21,54
55431,0,8,12,12,12
55432,0,0,19,43,56
55433,0,0,0,0,24
55434,0,0,0,13,46
55435,0,0,0,7,28
55436,0,0,0,0,0
55437,0,0,0,0,0
55438,0,0,0,0,33
55439,0,0,0,0,10
55441,0,0,0,0,0
55442,0,0,0,3,20
55443,0,0,0,0,0
55444,0,0,0,0,19
55445,0,0,0,6,10
55446,0,0,0,6,30
55447,0,0,0,0,13
55448,0,0,0,7,28
55449,0,0,0,24,32
55454,0,0,0,0,1
55802,0,0,0,0,3
55803,0,0,0,0,0
55804,0,0,0,0,0
55805,0,0,0,0,11
55806,0,0,0,0,0
55807,0,0,0,0,0
55808,0,0,0,0,9
55810,0,0,0,0,0
55811,0,0,0,0,0
55812,0,0,0,0,0
55901,0,0,0,0,0
55902,0,0,0,0,0
55904,0,0,0,0,0
55906,0,0,0,0,35
55920,0,0,0,0,0
55925,0,0,0,0,0
55934,0,0,0,0,0
55947,0,0,0,0,4
55960,0,0,0,0,0
56001,0,0,0,0,20
56003,0,0,7,24,38
56011,0,0,0,0,0
56301,0,0,0,0,12
56303,0,0,0,28,48
56304,0,0,0,0,12
56310,0,0,0,0,0
56320,0,0,0,0,0
56374,0,0,0,0,0
56377,0,0,0,8,24
56379,0,0,0,0,0
56387,0,0,0,2,9
56401,0,0,0,0,0
56425,0,0,0,0,0
56465,0,0,0,0,0
56468,0,0,0,0,0
56529,0,0,0,1,4
56547,0,0,0,0,0
56560,0,0,0,53,189
56580,0,0,0,0,0
56721,0,0,0,0,0
63005,0,0,0,676,1480
63010,0,0,0,204,601
63011,0,0,0,914,1955
63017,0,0,27,1158,2569
63021,0,0,0,795,2315
63026,0,0,0,564,1547
63031,0,0,90,360,845
63033,0,0,58,243,520
63034,0,0,0,249,618
63038,0,0,1,104,241
63040,0,0,3,146,383
63042,0,0,55,146,287
63043,0,0,0,206,530
63044,0,0,0,154,463
63049,0,0,13,97,250
63052,0,0,2,34,89
63074,0,0,0,110,304
63088,0,0,8,120,258
63101,0,0,1,12,22
63102,0,0,4,21,33
63103,0,0,11,52,117
63104,0,0,78,246,479
63105,0,0,26,297,713
63106,0,0,0,126,291
63107,0,0,3,145,372
63108,0,0,0,186,448
63109,0,0,85,293,746
63110,0,0,0,191,531
63111,0,0,98,277,595
63112,0,0,4,232,627
63113,0,0,0,160,429
63114,0,0,87,291,830
63115,0,0,125,507,1042
63116,0,0,124,428,1202
63117,0,0,9,232,484
63118,0,0,96,429,718
63119,0,0,21,632,1433
63120,0,0,77,184,390
63121,0,0,84,298,794
63122,0,0,87,1148,2398
63123,0,0,17,420,1208
63124,0,0,27,486,1044
63125,0,0,20,184,643
63126,0,0,6,304,792
63127,0,0,0,133,411
63128,0,0,52,481,1161
63129,0,0,0,621,1848
63130,0,0,90,508,1239
63131,0,0,0,798,2036
63132,0,0,47,309,728
63133,0,0,0,96,248
63134,0,0,0,135,352
63135,0,0,37,138,350
63136,0,0,128,372,987
63137,0,0,115,266,548
63138,0,0,4,171,356
63139,0,0,0,191,515
63140,0,0,0,8,18
63141,0,0,21,584,1389
63143,0,0,7,61,179
63144,0,0,3,170,369
63146,0,0,53,355,887
63147,0,0,62,225,438
63301,0,0,33,478,1318
63303,0,0,0,707,1768
63304,0,0,28,677,1949
63341,0,0,0,1,3
63366,0,0,0,257,1286
63367,0,0,0,196,507
63368,0,0,0,670,1754
63376,0,0,145,844,2290
63385,0,0,1,5,11
63386,0,0,0,2,4
63701,0,0,0,270,658
63703,0,0,14,85,243
63780,0,0,11,63,122
64012,0,0,65,281,5127
64014,0,0,13,264,4453
64015,0,0,55,348,6255
64016,0,0,1,3,61
64029,0,2,17,61,705
64030,0,0,113,290,4090
64034,0,0,10,137,681
64050,0,0,88,227,3501
64052,0,0,86,190,3284
64053,0,0,3,30,729
64054,0,0,17,43,620
64055,0,26,77,171,5740
64056,0,0,80,199,2662
64057,0,0,21,117,681
64058,0,0,14,23,1008
64060,0,0,0,0,0
64063,0,0,22,180,1182
64064,0,47,170,562,3951
64068,0,13,69,288,4110
64079,0,0,0,0,1
64080,0,0,8,81,623
64081,0,0,7,550,5028
64082,0,0,64,431,3355
64083,0,0,154,454,5337
64086,0,0,65,406,4381
64105,0,0,5,17,235
64106,0,0,24,83,604
64108,0,0,63,190,1514
64109,0,0,121,268,1928
64110,0,0,59,269,3261
64111,0,0,14,205,2395
64112,0,0,50,172,991
64113,0,0,114,679,2525
64114,0,0,6,216,4112
64116,0,0,47,197,3425
64117,0,0,67,158,1698
64118,0,0,103,254,6205
64119,0,0,7,290,4900
64120,0,0,0,0,495
64123,0,0,54,116,1800
64124,0,0,64,123,1742
64125,0,0,17,35,368
64126,0,0,49,114,972
64127,0,0,201,460,3289
64128,0,0,128,253,2741
64129,0,0,41,104,1399
64130,0,0,96,331,4902
64131,0,0,48,184,4009
64132,0,0,96,184,2564
64133,0,0,88,248,5359
64134,0,0,79,150,2685
64136,0,0,9,33,361
64137,0,0,26,55,1445
64138,0,0,101,218,3642
64139,0,0,5,23,389
64145,0,0,10,123,1270
64146,0,0,0,16,349
64147,0,0,9,26,42
64149,0,0,0,10,176
64150,0,0,10,51,442
64151,0,0,126,339,4129
64152,0,0,57,670,3942
64153,0,0,10,51,1067
64154,0,0,0,175,1751
64155,0,0,20,300,4304
64156,0,2,30,102,1141
64157,6,6,81,610,3975
64158,0,3,23,109,889
64161,0,0,9,21,256
64163,0,0,0,1,24
64164,0,0,0,6,22
64165,0,0,0,0,8
64167,0,0,0,15,36
64421,0,0,0,1,3
64436,0,0,0,0,5
64501,0,0,84,183,782
64503,0,0,29,214,966
64504,0,0,29,139,714
64505,0,0,26,144,978
64506,0,0,42,318,1532
64507,0,0,34,167,831
64801,0,215,430,1014,14988
64804,0,0,409,937,12816
64834,0,3,120,230,3070
64835,0,1,2,11,1015
64836,0,36,195,367,5763
64840,0,0,0,0,6
64841,0,0,3,5,70
64855,0,2,6,13,374
64870,0,42,150,341,5819
65039,0,0,0,0,1
65043,0,0,1,21,67
65053,0,0,0,0,1
65101,0,0,0,165,491
65109,0,0,30,223,573
65201,0,0,244,711,1443
65202,0,0,58,404,1067
65203,0,0,0,794,2659
65255,0,0,0,1,6
65611,0,0,1,1,12
65616,0,49,162,299,4777
65619,0,3,41,158,3077
65631,0,0,2,9,111
65672,0,6,78,148,1988
65679,0,0,0,0,2
65714,0,26,243,451,8396
65721,0,27,170,415,6633
65738,0,0,0,0,1
65739,0,0,3,8,43
65742,0,0,13,46,740
65753,0,0,1,2,39
65757,0,0,0,1,14
65781,0,1,3,6,99
65802,0,53,408,959,17420
65803,0,131,571,1094,15936
65804,0,0,30,573,3152
65806,0,0,54,204,759
65807,0,0,19,547,3695
65809,0,0,17,320,1192
65810,0,0,0,356,1948
38637,0,0,0,0,0
38641,0,0,0,0,0
38654,0,0,0,0,0
38655,0,0,0,0,0
38671,0,0,0,0,0
38672,0,0,0,0,0
38680,0,0,0,0,0
38801,0,0,0,0,0
38804,0,0,0,0,0
38826,0,0,0,0,0
38862,0,0,0,0,0
38863,0,0,0,0,0
38866,0,0,0,0,0
38868,0,0,0,0,0
39041,0,0,0,0,0
39042,0,0,0,0,0
39046,0,0,0,0,0
39047,0,0,0,0,0
39056,0,0,0,0,0
39071,0,0,0,0,0
39073,0,0,0,0,0
39110,0,0,0,0,0
39154,0,0,0,0,0
39157,0,0,0,0,0
39170,0,0,0,0,0
39201,0,0,0,0,0
39202,0,0,0,0,0
39203,0,0,0,0,0
39204,0,0,0,0,0
39206,0,0,0,0,0
39208,0,0,0,0,0
39209,0,0,0,0,0
39211,0,0,0,0,0
39212,0,0,0,0,0
39213,0,0,0,0,0
39216,0,0,0,0,0
39218,0,0,0,0,0
39232,0,0,0,0,0
39272,0,0,0,0,0
39301,0,0,0,0,0
39305,0,0,0,0,0
39307,0,0,0,0,0
39342,0,0,0,0,0
39401,0,0,0,0,0
39402,0,0,0,0,0
39437,0,0,0,0,0
39440,0,0,0,0,0
39443,0,0,0,0,0
39452,0,0,0,0,0
39465,0,0,0,0,0
39475,0,0,0,0,0
39501,0,0,0,0,0
39503,0,0,0,0,0
39507,0,0,0,0,0
39520,0,0,0,0,0
39525,0,0,0,0,0
39530,0,0,0,0,0
39531,0,0,0,0,0
39532,0,0,0,0,0
39540,0,0,0,0,0
39553,0,0,0,0,0
39556,0,0,0,0,0
39560,0,0,0,0,0
39562,0,0,0,0,0
39563,0,0,0,0,0
39564,0,0,0,0,0
39565,0,0,0,0,0
39567,0,0,0,0,0
39571,0,0,0,0,0
39574,0,0,0,0,0
39576,0,0,0,0,0
39581,0,0,0,0,0
59030,2,6,8,10,12
59101,0,118,341,482,599
59102,123,306,536,720,781
59105,49,58,175,282,351
59106,9,61,275,441,559
59401,15,96,146,192,242
59404,0,0,179,289,409
59405,0,60,190,289,419
59411,0,0,0,1,1
59417,0,1,2,4,5
59714,11,23,40,105,142
59715,0,41,197,421,605
59718,0,31,216,385,532
59741,0,0,0,0,1
59801,0,48,191,351,463
59802,4,39,83,153,227
59803,5,5,96,201,306
59804,0,8,75,130,174
59808,0,29,67,168,240
59901,0,35,93,267,395
59912,0,0,1,4,7
59936,0,0,0,0,0
59937,0,1,2,10,18
27006,0,0,0,0,0
27009,0,0,0,0,0
27012,0,0,0,0,0
27019,0,0,0,0,0
27023,0,0,0,0,0
27040,0,0,0,0,6
27045,0,0,0,0,0
27050,0,0,0,0,0
27051,0,0,0,0,0
27052,0,0,0,0,0
27101,0,0,0,0,23
27103,0,0,0,0,11
27104,0,0,0,0,0
27105,0,0,0,0,180
27106,0,0,0,0,43
27107,0,0,0,0,0
27127,0,0,0,0,0
27201,0,0,0,0,0
27214,0,0,0,0,0
27215,0,0,0,0,0
27217,0,0,0,0,0
27233,0,0,0,0,0
27235,0,0,0,0,0
27244,0,0,0,0,0
27249,0,0,0,0,0
27253,0,0,0,0,0
27258,0,0,0,0,0
27260,0,0,0,0,62
27262,0,0,0,0,0
27263,0,0,0,0,35
27265,0,0,0,0,0
27278,0,0,0,0,0
27282,0,0,0,0,0
27284,0,0,0,0,0
27292,0,0,0,0,0
27295,0,0,0,0,3
27299,0,0,0,0,0
27301,0,0,1,3,4
27302,0,0,0,3,3
27305,0,0,0,0,0
27310,0,0,0,3,3
27311,0,0,0,0,0
27313,0,0,0,0,0
27315,0,0,0,0,0
27317,0,0,0,3,6
27357,0,0,0,0,0
27358,0,0,0,0,0
27360,0,0,0,0,0
27370,0,0,0,0,2
27376,0,0,0,2,4
27377,0,0,0,0,0
27401,0,0,0,0,0
27403,0,0,0,0,5
27405,0,0,0,0,0
27406,0,0,0,0,89
27407,0,0,0,0,0
27408,0,0,0,0,0
27409,0,0,0,0,29
27410,0,0,0,0,0
27455,0,0,0,0,20
27502,0,0,0,20,78
27504,0,0,1,10,26
27510,0,0,0,0,0
27511,0,0,0,31,37
27513,0,0,0,0,10
27514,0,0,0,0,12
27516,0,0,0,0,58
27517,0,4,30,48,48
27518,0,0,0,0,21
27519,0,0,0,0,11
27520,0,0,0,15,44
27521,0,0,0,0,1
27523,0,0,8,13,17
27526,0,0,29,41,64
27527,0,0,0,0,1
27529,0,0,0,0,0
27530,0,0,0,0,60
27534,0,0,0,36,90
27539,0,0,0,45,58
27540,0,0,0,0,40
27545,0,0,34,61,82
27560,0,0,0,0,8
27562,0,0,0,0,0
27587,0,0,14,17,24
27591,0,0,0,0,0
27592,0,0,0,8,13
27596,0,0,0,0,0
27601,0,0,0,0,0
27603,0,0,0,0,0
27604,0,0,0,0,42
27605,0,0,0,0,7
27606,0,0,0,0,66
27607,0,0,0,0,29
27608,0,0,0,0,0
27609,0,0,0,0,10
27610,0,0,0,112,208
27612,0,0,0,13,20
27613,0,0,0,0,9
27614,0,0,9,43,96
27615,0,0,0,0,0
27616,0,0,0,0,40
27617,0,0,0,10,15
27701,0,0,0,0,31
27703,0,0,0,14,41
27704,0,0,26,79,97
27705,0,0,0,0,43
27707,0,0,0,0,40
27712,0,0,0,17,37
27713,0,0,0,0,12
27801,0,0,0,31,123
27803,0,0,0,0,39
27804,0,0,0,0,83
27809,0,0,2,3,3
27812,0,0,0,0,0
27822,0,0,0,0,10
27828,0,0,0,0,0
27834,0,0,0,0,102
27837,0,0,0,0,2
27851,0,0,0,0,0
27856,0,0,0,0,0
27858,0,0,0,34,168
27863,0,0,0,0,1
27878,0,0,0,0,0
27884,0,0,0,0,0
27893,0,0,66,274,406
27896,0,0,0,33,62
28012,0,0,0,0,0
28016,0,0,0,0,0
28023,0,0,0,0,0
28025,0,0,0,0,37
28027,0,0,0,0,0
28031,0,0,0,0,0
28032,0,0,0,0,1
28033,0,0,0,0,0
28034,0,0,0,0,16
28036,0,0,0,0,0
28037,0,0,0,8,10
28052,0,0,0,0,0
28054,0,0,0,0,0
28056,0,0,0,0,0
28072,0,0,0,0,0
28073,0,0,0,0,1
28075,0,0,0,0,0
28078,0,0,0,0,0
28079,0,0,0,0,0
28080,0,0,0,0,0
28086,0,0,0,0,0
28092,0,0,0,0,21
28098,0,0,0,0,0
28101,0,0,0,0,0
28104,0,0,0,0,20
28105,0,0,0,0,0
28107,0,0,0,0,0
28110,0,0,0,0,14
28112,0,0,0,0,34
28115,0,0,0,0,66
28117,0,0,0,0,0
28120,0,0,0,0,26
28125,0,0,0,0,0
28134,0,0,0,0,0
28138,0,0,0,0,0
28144,0,0,0,0,0
28146,0,0,0,0,0
28147,0,0,0,0,0
28150,0,0,0,0,7
28152,0,0,0,0,17
28159,0,0,0,0,5
28164,0,0,0,0,2
28166,0,0,0,0,0
28168,0,0,0,0,0
28173,0,0,0,0,0
28202,0,0,0,0,3
28203,0,0,0,0,0
28204,0,0,0,0,0
28205,0,0,0,0,0
28206,0,0,0,0,0
28207,0,0,0,0,2
28208,0,0,0,0,78
28209,0,0,0,0,0
28210,0,0,0,0,0
28211,0,0,0,0,0
28212,0,0,0,0,23
28213,0,0,0,0,75
28214,0,0,0,0,25
28215,0,0,0,0,62
28216,0,0,0,0,0
28217,0,0,0,0,6
28226,0,0,0,0,0
28227,0,0,0,0,0
28262,0,0,0,0,0
28269,0,0,0,0,103
28270,0,0,0,0,0
28273,0,0,0,0,0
28277,0,0,0,0,37
28278,0,0,0,0,24
28301,0,0,0,0,111
28303,0,0,17,78,190
28304,0,0,0,0,36
28305,0,0,0,22,38
28306,0,0,0,27,177
28307,0,0,0,3,20
28311,0,0,0,81,197
28312,0,0,0,46,103
28314,0,0,39,105,144
28315,0,0,5,18,31
28326,0,0,0,0,0
28327,0,0,0,0,0
28333,0,0,0,0,2
28334,0,0,14,42,70
28339,0,0,0,0,11
28348,0,0,0,0,103
28358,0,0,0,50,136
28360,0,0,2,13,20
28371,0,0,9,34,53
28372,0,0,0,0,0
28373,0,0,0,0,1
28374,0,0,0,0,8
28376,0,0,0,3,18
28387,0,0,0,0,0
28390,0,0,0,6,36
28391,0,0,0,0,1
28394,0,0,0,0,0
28395,0,0,0,0,1
28401,0,0,0,137,244
28403,0,0,25,178,237
28405,0,0,0,40,110
28409,0,0,0,11,55
28411,0,0,0,0,24
28412,0,0,0,0,0
28420,0,0,0,0,0
28422,0,0,0,4,12
28428,0,0,0,35,52
28429,0,0,0,1,8
28449,0,0,0,0,0
28451,0,0,0,1,2
28460,0,0,0,0,0
28461,0,0,0,2,20
28462,0,0,27,98,121
28465,0,0,0,23,46
28467,0,0,0,0,24
28468,0,0,0,17,43
28469,0,0,0,0,0
28470,0,0,0,4,33
28479,0,0,0,0,0
28480,0,0,0,0,0
28513,0,0,0,0,0
28539,0,0,0,0,1
28540,0,0,0,13,102
28543,0,0,0,0,0
28544,0,0,0,0,6
28546,0,0,0,0,90
28547,0,0,0,0,15
28555,0,0,0,0,0
28590,0,0,0,13,38
28601,0,0,0,0,18
28602,0,0,0,0,0
28610,0,0,0,0,0
28612,0,0,0,0,0
28613,0,0,0,0,0
28619,0,0,0,0,0
28625,0,0,0,0,4
28630,0,0,0,0,6
28637,0,0,0,0,8
28638,0,0,0,0,6
28645,0,0,0,0,0
28650,0,0,0,0,0
28655,0,0,0,0,0
28658,0,0,0,0,0
28677,0,0,0,0,34
28681,0,0,0,0,0
28690,0,0,0,0,10
28701,0,0,0,2,4
28715,0,0,0,0,19
28730,0,0,0,0,1
28748,0,0,0,0,1
28778,0,0,0,0,0
28787,0,0,0,0,4
28801,0,0,0,0,58
28803,0,0,9,31,48
28804,0,0,0,12,30
28805,0,0,0,0,9
28806,0,0,0,0,12
58042,0,0,0,0,0
58047,0,0,0,0,0
58078,0,0,0,0,0
58102,0,0,0,0,0
58103,0,0,0,0,0
58104,0,0,0,0,0
58201,0,0,0,0,0
58202,0,0,0,0,0
58203,0,0,0,0,0
58501,0,0,0,0,0
58503,0,0,0,0,0
58504,0,0,0,0,0
58554,0,0,0,0,0
68005,0,0,0,0,0
68007,0,0,0,0,0
68010,0,0,0,0,0
68022,0,0,0,0,0
68028,0,0,0,0,0
68030,0,0,0,0,0
68046,0,0,0,0,0
68059,0,0,0,0,0
68064,0,0,0,0,0
68069,0,0,0,0,0
68102,0,0,0,0,0
68104,0,0,0,0,0
68105,0,0,0,0,0
68106,0,0,0,0,0
68107,0,0,0,0,0
68108,0,0,0,0,0
68110,0,0,0,0,0
68111,0,0,0,0,0
68112,0,0,0,0,0
68113,0,0,0,0,0
68114,0,0,0,0,0
68116,0,0,0,0,0
68117,0,0,0,0,0
68118,0,0,0,0,0
68122,0,0,0,0,0
68123,0,0,0,0,0
68124,0,0,0,0,0
68127,0,0,0,0,0
68128,0,0,0,0,0
68130,0,0,0,0,0
68131,0,0,0,0,0
68132,0,0,0,0,0
68133,0,0,0,0,0
68134,0,0,0,0,0
68135,0,0,0,0,0
68136,0,0,0,0,0
68137,0,0,0,0,0
68138,0,0,0,0,0
68142,0,0,0,0,0
68144,0,0,0,0,0
68147,0,0,0,0,0
68152,0,0,0,0,0
68154,0,0,0,0,0
68157,0,0,0,0,0
68164,0,0,0,0,0
68317,0,0,0,0,0
68336,0,0,0,0,0
68339,0,0,0,0,0
68430,0,0,0,0,0
68462,0,0,0,0,0
68502,0,0,0,0,0
68503,0,0,0,0,0
68504,0,0,0,0,0
68505,0,0,0,0,0
68506,0,0,0,0,0
68507,0,0,0,0,0
68508,0,0,0,0,0
68510,0,0,0,0,0
68512,0,0,0,0,0
68514,0,0,0,0,0
68516,0,0,0,0,0
68517,0,0,0,0,0
68520,0,0,0,0,0
68521,0,0,0,0,0
68522,0,0,0,0,0
68523,0,0,0,0,0
68524,0,0,0,0,0
68526,0,0,0,0,0
68527,0,0,0,0,0
68528,0,0,0,0,0
68531,0,0,0,0,0
68731,0,0,0,0,0
68776,0,0,0,0,0
3032,0,0,167,1247,1301
3034,0,0,9,119,121
3036,0,0,20,140,146
3038,0,5,455,5031,5150
3045,0,21,393,3316,3440
3046,0,1,13,97,101
3049,0,0,27,139,148
3051,0,18,551,4295,4507
3052,0,0,122,849,890
3053,0,4,511,3791,3961
3054,0,0,396,3835,3962
3060,0,51,435,5511,5636
3062,0,10,504,5048,5203
3063,0,6,271,2709,2790
3064,0,27,219,2968,3038
3076,0,14,323,2318,2414
3079,0,37,537,5150,5309
3087,0,0,40,225,239
3101,0,8,75,451,468
3102,0,58,277,5683,5770
3103,0,64,361,7918,7982
3104,0,91,523,7384,7528
3106,0,8,456,3708,3863
3109,0,21,187,2913,2969
3110,0,10,622,3279,3477
3224,0,0,1,6,6
3229,0,0,4,36,37
3234,0,0,1,22,22
3258,0,0,4,55,56
3275,0,26,130,2551,2590
3301,0,59,428,6453,6584
3303,0,0,94,1416,1437
3304,0,6,177,1016,1075
3307,0,0,9,161,164
3801,0,4,491,3860,4025
3820,0,0,446,4321,4463
3823,0,0,11,45,49
3824,0,10,100,597,623
3833,0,1,8,63,65
3840,0,4,73,411,431
3854,0,0,67,275,294
3856,0,0,38,180,193
3857,0,6,58,853,871
3861,0,0,0,3,3
3862,0,1,27,178,186
3865,0,0,0,4,4
3867,0,0,0,4,4
3868,0,0,1,24,24
3869,0,1,28,290,298
3870,0,6,125,522,560
3878,0,8,74,1932,1955
3885,0,7,74,401,425
7001,0,9,137,256,2717
7002,0,44,471,1029,10503
7003,0,28,563,966,8910
7004,0,0,46,385,921
7005,0,0,57,283,774
7006,0,0,43,682,1674
7008,0,0,203,504,5279
7009,12,30,326,613,2704
7010,0,15,191,358,2876
7011,0,63,296,466,6836
7012,0,21,119,315,2835
7013,0,7,522,1065,6818
7014,0,1,77,169,1211
7016,0,0,71,636,1699
7017,0,39,162,292,3414
7018,0,66,214,337,2694
7020,0,7,113,221,866
7021,0,0,67,131,310
7022,0,35,121,232,2051
7023,0,0,153,344,1308
7024,0,7,257,495,3317
7026,0,12,244,554,5711
7027,0,0,43,114,1083
7028,6,9,244,493,1233
7029,0,27,138,249,2302
7030,0,22,391,762,2781
7031,0,19,161,344,3568
7032,0,35,309,533,6760
7033,0,0,9,169,650
7034,0,0,9,96,358
7035,0,0,7,45,209
7036,0,0,361,773,9734
7039,0,0,33,1068,2560
7040,0,0,13,735,1559
7041,0,0,9,259,559
7042,0,30,454,908,3747
7043,0,0,375,733,2084
7044,0,40,385,648,2517
7045,0,0,2,299,772
7046,0,0,3,115,219
7047,0,101,441,765,7375
7050,0,89,215,382,3254
7052,0,0,99,989,2752
7054,0,0,50,575,1411
7055,0,57,214,434,6114
7057,0,17,114,210,2391
7058,0,0,13,123,366
7059,0,0,111,649,1392
7060,0,81,253,442,5203
7062,4,26,92,207,2053
7063,0,6,79,157,1883
7064,0,0,57,123,1297
7065,0,22,236,522,5415
7066,0,16,254,548,3851
7067,0,10,334,817,4785
7068,0,0,0,157,451
7069,0,0,4,149,351
7070,11,11,294,599,3452
7071,0,20,265,623,4819
7072,0,4,141,311,1874
7073,0,14,122,268,1808
7074,0,0,46,91,880
7075,0,16,206,390,2064
7076,0,0,10,736,1960
7077,0,4,51,94,769
7078,0,0,8,725,1332
7079,0,13,27,436,948
7080,0,44,376,908,5859
7081,0,0,59,378,1158
7082,0,0,2,66,143
7083,0,26,141,1016,3459
7086,0,15,161,317,1488
7087,0,64,291,460,5584
7088,0,0,11,36,172
7090,0,0,165,1110,2544
7092,0,0,36,320,632
7093,20,64,271,507,4710
7094,0,31,347,635,3068
7095,4,28,190,385,3868
7102,3,38,82,139,869
7103,0,64,221,417,3810
7104,0,16,282,509,5177
7105,0,56,205,342,6047
7106,0,137,224,357,3795
7107,0,70,210,380,4227
7108,0,87,244,473,2826
7109,0,0,278,648,6801
7110,0,0,477,1005,5985
7111,0,61,298,703,7374
7112,0,47,212,336,3541
7114,0,4,109,240,1995
7201,0,12,121,242,3923
7202,0,64,205,347,4775
7203,0,29,144,282,3500
7204,0,0,134,254,2326
7205,0,23,215,509,4480
7206,4,77,143,283,3587
7208,0,25,102,225,3552
7302,0,16,334,649,2313
7304,0,70,323,743,5120
7305,0,47,436,1042,8973
7306,0,110,263,557,4959
7307,0,43,329,621,5770
7310,0,2,25,46,133
7401,1,19,168,354,1136
7407,0,37,241,464,4455
7410,0,0,858,1749,7516
7417,0,8,400,760,2177
7423,0,0,140,313,748
7424,0,23,287,715,5335
7430,4,22,396,725,4049
7432,0,9,163,302,1408
7436,0,0,19,330,931
7440,0,0,0,67,184
7442,0,0,4,43,191
7444,0,0,4,56,141
7446,0,0,337,606,2443
7450,24,38,728,1394,4107
7452,8,21,366,779,2268
7458,0,14,457,824,2280
7463,0,10,198,414,1829
7470,0,0,147,1314,3863
7481,0,11,428,974,3119
7501,0,81,225,425,3358
7502,0,11,101,243,2571
7503,0,58,130,272,2803
7504,0,19,106,230,1652
7505,0,9,32,71,444
7506,0,0,250,573,4236
7508,0,34,387,707,4513
7512,0,22,258,492,3344
7513,0,0,38,98,1476
7514,0,28,76,158,2114
7522,0,30,127,228,2449
7524,0,29,111,195,1826
7601,0,0,175,421,5260
7603,0,2,83,155,1628
7604,0,0,181,441,2770
7605,0,14,151,280,1412
7606,0,4,32,65,657
7607,0,16,152,280,2171
7620,2,3,39,73,192
7621,0,21,332,643,4897
7624,0,2,271,571,1875
7626,0,0,175,384,1552
7627,0,0,129,249,901
7628,0,0,218,443,3445
7630,0,4,176,335,1642
7631,0,50,325,678,3837
7632,0,0,281,558,1518
7640,0,0,103,227,864
7641,0,0,88,176,480
7642,2,16,217,486,1793
7643,0,15,114,185,1990
7644,0,47,270,615,4401
7645,0,0,172,406,1388
7646,0,9,214,429,2909
7647,0,0,101,231,1213
7648,0,2,131,268,1085
7649,0,11,274,542,1629
7650,0,13,145,306,2442
7652,0,0,528,1057,6461
7656,0,0,185,361,1490
7657,0,0,136,279,2099
7660,0,0,101,248,2136
7661,0,5,268,543,2155
7662,0,28,112,256,1458
7663,16,36,276,561,3688
7666,0,27,579,1219,6157
7670,12,17,363,676,2130
7675,0,0,662,1302,4877
7676,0,5,160,346,1519
7677,0,5,187,368,982
7701,0,10,42,581,1915
7702,0,2,10,179,443
7704,0,0,21,313,745
7711,0,0,5,99,284
7712,0,45,126,683,2709
7716,0,0,24,188,645
7717,0,0,10,95,361
7718,0,0,25,177,707
7719,0,0,127,678,2345
7720,0,0,16,86,489
7721,0,0,5,32,214
7722,0,0,17,141,356
7723,0,0,31,136,346
7724,0,29,53,365,1768
7726,0,0,200,1239,3621
7727,0,0,42,193,659
7728,0,0,127,943,4037
7730,0,0,122,409,1665
7731,0,0,54,777,3190
7732,0,0,0,116,450
7733,0,0,12,656,1756
7734,0,0,38,180,994
7735,0,0,69,355,1743
7737,0,0,1,68,329
7738,0,6,10,180,492
7739,0,0,3,342,832
7740,0,0,73,436,2175
7746,0,5,25,845,2135
7747,0,0,16,720,2579
7748,0,0,116,766,2359
7750,0,0,27,149,431
7751,0,0,64,846,2074
7753,0,0,167,660,3020
7755,0,0,10,130,590
7756,0,1,22,70,370
7757,0,0,43,188,653
7758,0,0,0,110,438
7760,0,0,68,426,1033
7762,0,0,30,393,1429
7764,0,2,70,212,844
7801,0,0,26,209,807
7803,0,0,0,45,217
7821,0,0,0,2,5
7828,0,0,0,125,483
7834,0,0,7,324,945
7836,0,6,11,275,746
7838,0,0,0,0,1
7840,0,0,36,379,1137
7843,0,0,4,25,92
7847,0,0,1,15,93
7849,0,0,0,2,6
7850,0,0,20,81,245
7852,0,0,5,59,208
7853,0,0,7,280,605
7856,0,0,1,24,96
7857,0,0,0,47,169
7866,0,0,26,317,802
7869,0,0,14,666,1640
7874,0,0,9,67,199
7876,0,0,0,315,822
7878,0,0,0,0,16
7885,0,7,31,151,471
7901,0,0,22,589,1351
7920,0,0,45,895,2200
7921,0,0,18,129,355
7922,0,0,2,332,775
7924,0,0,5,198,453
7927,0,0,20,98,268
7928,0,0,0,539,1210
7930,0,0,3,177,373
7931,0,0,5,59,142
7932,0,0,7,293,705
7933,0,0,3,100,216
7935,0,0,0,22,65
7936,0,0,20,385,1069
7940,0,0,20,486,1137
7945,0,0,10,384,747
7946,0,0,5,135,294
7950,0,0,8,483,1140
7960,0,0,34,832,2070
7974,0,0,42,319,785
7980,0,0,8,92,189
7981,0,12,26,243,598
8002,0,82,285,633,4635
8003,0,106,1093,4495,7571
8004,0,19,197,1430,2603
8007,1,19,54,127,1163
8009,0,52,185,1713,3192
8010,0,8,105,296,2680
8012,0,128,587,4906,8950
8016,0,55,632,1448,8679
8020,0,1,4,18,29
8021,0,158,383,4259,8159
8022,0,0,29,211,778
8023,0,0,0,41,79
8026,2,26,77,408,719
8027,0,30,73,1047,1823
8028,0,101,314,2853,4910
8029,0,6,54,155,1364
8030,17,67,157,363,3258
8031,0,27,110,290,3274
8032,0,0,9,91,154
8033,0,17,422,830,2998
8034,0,24,314,620,3841
8035,0,8,141,350,1805
8036,0,0,125,253,1560
8037,0,44,276,2374,3884
8043,0,245,961,3633,6158
8045,0,13,60,140,761
8046,0,58,367,1083,9390
8048,0,10,267,579,3157
8049,5,14,52,167,1480
8051,0,13,141,1204,2035
8052,0,0,126,394,3985
8053,0,136,1072,6320,11766
8054,67,90,786,1819,10564
8055,0,110,642,2455,4248
8057,0,0,835,1707,5472
8059,0,34,92,243,1742
8060,0,0,258,564,4640
8062,0,29,116,426,668
8063,0,1,31,109,852
8065,5,17,67,154,1511
8066,5,61,135,1396,2378
8069,0,38,81,801,1470
8070,5,70,178,2408,4564
8071,9,41,102,1251,2118
8075,57,146,463,983,7792
8077,0,0,365,940,5060
8078,12,35,73,230,2291
8079,0,10,29,354,667
8080,0,102,996,6477,10915
8081,0,387,955,6839,12426
8083,0,59,221,1446,2587
8084,11,56,145,907,1706
8085,0,0,2,10,17
8086,0,34,140,1145,1947
8088,0,2,8,53,98
8089,4,34,72,512,937
8090,0,37,126,1250,2229
8091,0,0,5,85,162
8093,0,46,117,285,2323
8094,22,396,869,6470,10630
8096,0,195,711,5490,9374
8097,0,5,57,484,848
8102,0,16,65,167,969
8103,0,91,181,418,2425
8104,0,122,292,573,3524
8105,0,41,177,448,3661
8106,0,0,120,296,2516
8107,29,57,134,326,2759
8108,0,55,243,623,3722
8109,0,42,244,681,5015
8110,0,69,226,535,4432
8201,9,17,37,456,701
8203,0,167,675,3816,5703
8221,0,103,270,1283,1886
8223,0,22,94,798,1206
8225,0,59,226,1764,2718
8226,0,411,1188,7020,10629
8230,0,24,80,663,998
8232,66,126,239,2993,4590
8234,21,208,718,6425,10111
8244,3,54,157,1905,2951
8270,0,0,1,15,24
8302,0,4,11,134,220
8310,0,15,21,273,405
8312,0,53,165,1290,2220
8318,0,27,110,1092,2013
8322,0,57,221,1610,2751
8326,2,10,18,312,498
8328,0,5,10,195,346
8330,0,2,5,68,106
8332,51,213,432,3318,5440
8340,0,0,1,19,31
8341,0,9,20,268,419
8343,0,39,140,704,1144
8344,2,13,84,942,1633
8346,0,0,0,82,132
8352,0,0,1,6,10
8360,67,201,446,6540,10970
8361,56,164,317,2383,3868
8401,59,282,477,3742,5718
8402,33,277,605,2985,4411
8403,0,46,163,736,1121
8406,0,101,319,2575,4050
8501,0,5,12,281,941
8502,0,0,0,544,1188
8505,0,36,327,659,4821
8510,0,0,4,80,210
8512,0,0,47,247,835
8514,0,0,14,91,291
8515,0,0,15,336,839
8518,0,3,68,160,1405
8520,0,0,14,542,1983
8525,0,0,9,89,201
8527,0,0,0,498,3332
8533,0,0,0,0,1
8534,0,0,39,571,1289
8535,0,0,15,105,265
8536,0,0,209,447,2972
8540,0,172,1139,2279,8454
8542,0,0,65,131,603
8550,0,0,0,953,2294
8553,0,0,20,37,185
8554,0,0,57,118,866
8555,0,0,0,9,54
8558,0,1,172,326,817
8560,0,0,2,52,202
8562,0,0,1,7,46
8609,0,56,111,208,2085
8610,66,148,338,651,8022
8611,0,90,279,663,4498
8618,0,121,422,805,6110
8619,0,0,229,701,6320
8620,0,0,34,325,1139
8628,0,5,104,208,2250
8629,10,31,54,184,2030
8638,0,97,424,762,5700
8648,0,43,477,1157,6716
8690,0,11,313,576,5351
8691,0,0,14,528,1574
8701,0,0,0,641,4357
8720,0,0,7,46,96
8721,0,0,9,87,490
8722,0,0,6,135,979
8723,0,0,50,536,3592
8724,0,0,50,715,4229
8730,0,0,25,194,585
8731,0,0,0,0,3
8732,0,0,2,27,167
8733,0,0,21,37,212
8735,0,0,72,368,1919
8736,0,0,60,642,1954
8738,0,0,33,210,521
8740,0,0,1,18,284
8741,0,0,9,57,248
8742,0,0,205,890,3842
8750,0,0,16,281,820
8751,0,0,123,466,1303
8752,0,2,10,124,604
8753,0,0,516,1383,7042
8755,0,0,34,470,2465
8757,0,0,84,561,4864
8759,20,96,238,2583,4979
8804,0,0,3,16,44
8805,0,15,137,271,2420
8807,0,0,35,877,2431
8810,0,7,195,371,2034
8812,0,6,320,675,2911
8816,0,0,96,1370,3313
8817,0,0,464,1104,8815
8820,0,0,883,1798,7443
8823,3,3,90,171,1589
8824,0,0,500,952,3213
8828,0,0,3,30,135
8830,0,12,249,565,3703
8831,0,16,157,1236,4805
8832,0,8,30,63,340
8835,19,54,187,390,3020
8836,0,0,30,207,438
8837,0,6,172,332,3058
8840,0,0,385,829,3820
8844,0,0,9,1304,3114
8846,0,4,137,376,3475
8848,0,0,1,12,40
8850,0,0,182,420,2612
8852,0,7,268,596,3114
8854,0,0,650,1354,10127
8857,0,0,46,622,2608
8859,0,0,0,266,1196
8861,0,8,299,655,8035
8863,3,36,177,461,3089
8865,0,0,45,413,1670
8869,0,0,108,227,1895
8872,0,0,14,235,1141
8873,13,64,922,1664,12005
8876,0,0,17,239,865
8879,0,0,11,221,1281
8880,1,10,24,41,965
8882,0,4,40,241,1100
8884,0,0,22,148,537
8886,0,0,0,103,294
8901,0,75,389,746,5980
8902,15,53,368,827,7120
8904,0,22,148,306,2344
87002,0,313,5153,5216,5216
87004,0,0,10,10,10
87008,0,93,618,635,635
87015,0,51,1122,1133,1133
87022,0,5,98,99,99
87031,0,328,7042,7113,7113
87035,0,61,1162,1177,1177
87042,0,79,1165,1181,1181
87047,0,20,220,223,223
87048,0,453,4369,4444,4444
87059,0,52,668,675,675
87068,0,93,1333,1350,1350
87102,0,616,7653,7793,7793
87104,0,358,4936,4976,4976
87105,0,940,20733,20900,20900
87106,0,857,8628,8831,8831
87107,0,1053,13829,14040,14040
87108,0,840,10559,10775,10775
87109,0,803,12465,12578,12578
87110,0,850,15321,15491,15491
87111,0,1864,19063,19431,19431
87112,0,942,15738,15945,15945
87113,0,397,6142,6210,6210
87114,0,1299,21405,21665,21665
87116,0,35,1585,1591,1591
87120,0,1090,21147,21361,21361
87121,0,1118,20880,21154,21154
87122,0,688,3579,3697,3697
87123,0,993,13620,13771,13771
87124,0,874,20166,20329,20329
87144,0,125,2384,2409,2409
87401,0,560,11106,11218,11218
87402,0,132,2664,2694,2694
87501,0,851,8184,8343,8343
87505,0,1041,12815,13049,13049
87506,0,231,1821,1868,1868
87507,0,720,13710,13848,13848
87508,0,297,3258,3301,3301
88001,0,722,11763,12040,12040
88005,0,396,10300,10425,10435
88007,0,211,5603,5688,5688
88008,0,7,324,327,327
88011,0,385,7842,8010,8010
88012,0,205,5606,5691,5691
88047,0,1,21,21,21
88063,0,210,2700,2766,2766
89002,0,663,11042,11075,11075
89005,0,439,5614,5631,5631
89011,0,652,7886,7934,7934
89012,0,885,11014,11069,11069
89014,0,538,9415,9434,9434
89015,0,712,12666,12717,12717
89030,0,464,6974,7037,7037
89032,0,405,7895,7943,7943
89044,0,0,2,2,2
89052,0,1409,12235,12359,12359
89074,0,1261,15472,15549,15549
89101,0,503,7020,7084,7084
89102,0,431,7154,7190,7190
89103,0,452,9546,9623,9623
89104,0,686,10277,10401,10401
89106,0,510,6762,6810,6810
89107,0,531,9443,9481,9481
89108,0,869,16569,16686,16686
89109,0,144,1233,1246,1246
89110,0,1307,16791,16961,16961
89113,0,673,7956,8012,8012
89115,0,180,3507,3532,3532
89117,0,1419,16059,16155,16155
89118,0,434,5592,5637,5637
89119,0,461,8176,8250,8250
89120,0,298,6905,6933,6933
89121,0,971,14581,14728,14728
89122,0,630,13915,13971,13971
89123,0,961,16554,16588,16588
89128,0,505,10034,10095,10095
89129,0,1116,14082,14152,14152
89130,0,59,1114,1117,1117
89134,0,919,11547,11628,11628
89135,0,1536,11021,11121,11121
89138,0,427,2418,2433,2433
89139,0,735,12851,12903,12903
89141,0,1017,8680,8768,8768
89142,0,406,8229,8287,8287
89144,0,750,6240,6309,6309
89145,0,602,7346,7435,7435
89146,0,334,4951,4986,4986
89147,0,804,14547,14605,14605
89148,0,720,8930,8984,8984
89156,0,361,6516,6569,6569
89158,0,4,23,23,23
89166,0,1,11,11,11
89169,0,213,2804,2841,2841
89178,0,350,4304,4317,4317
89183,0,436,9048,9084,9084
89403,0,2,55,55,55
89410,0,3,50,51,51
89423,0,254,4269,4299,4299
89431,0,257,9448,9486,9486
89433,0,144,6221,6246,6246
89434,0,173,7217,7238,7238
89436,0,790,13048,13167,13167
89439,0,16,120,120,120
89441,0,468,3981,4033,4033
89501,0,57,609,621,621
89502,0,312,10009,10069,10069
89503,0,384,7612,7689,7689
89506,0,569,11752,11835,11835
89508,0,21,730,734,734
89509,0,687,10033,10094,10094
89510,0,2,48,48,48
89511,0,812,8403,8557,8557
89512,0,284,5299,5358,5358
89519,0,508,3555,3632,3632
89521,0,739,9365,9478,9478
89523,0,617,10568,10654,10654
89701,0,397,8222,8288,8288
89703,0,214,3073,3101,3101
89705,0,78,1949,1959,1959
89706,0,146,6302,6334,6334
10001,0,0,0,0,0
10002,0,0,0,0,0
10003,0,0,0,0,0
10004,0,0,0,0,0
10005,0,0,0,0,0
10006,0,0,0,0,0
10007,0,0,0,0,0
10009,0,0,0,0,15
10010,0,0,0,1,3
10011,0,0,0,0,0
10012,0,0,0,0,4
10013,0,0,0,0,2
10014,0,0,0,0,0
10016,0,0,0,0,1
10017,0,0,0,0,0
10018,0,0,0,0,0
10019,0,0,0,0,0
10021,0,0,0,0,0
10022,0,0,0,0,0
10023,0,0,0,0,2
10024,0,0,0,0,0
10025,0,0,0,0,0
10026,0,0,0,0,2
10027,0,0,0,0,1
10028,0,0,0,0,1
10029,0,0,0,0,10
10030,0,0,0,0,0
10031,0,0,0,0,0
10032,0,0,0,0,5
10033,0,0,0,0,5
10034,0,0,0,0,0
10035,0,0,0,0,0
10036,0,0,0,0,6
10037,0,0,0,0,0
10038,0,0,0,0,0
10039,0,0,0,0,2
10040,0,0,0,0,0
10044,0,0,0,0,0
10065,0,0,0,0,2
10069,0,0,0,0,0
10075,0,0,0,3,4
10128,0,0,0,0,5
10280,0,0,0,0,0
10282,0,0,0,0,0
10301,0,0,0,0,34
10302,0,0,0,0,0
10303,0,0,0,0,0
10304,0,0,0,0,32
10305,0,0,0,0,0
10306,0,0,0,0,0
10307,0,0,0,0,0
10308,0,0,0,0,17
10309,0,0,0,0,13
10310,0,0,0,0,23
10312,0,0,0,0,40
10314,0,0,0,0,102
10451,0,0,0,0,7
10452,0,0,0,0,7
10453,0,0,0,0,21
10454,0,0,0,0,0
10455,0,0,0,0,0
10456,0,0,0,0,31
10457,0,0,0,0,2
10458,0,0,0,0,35
10459,0,0,0,0,11
10460,0,0,0,0,16
10461,0,0,0,0,20
10462,0,0,0,0,11
10463,0,0,0,11,16
10464,0,0,0,0,0
10465,0,0,0,0,4
10466,0,0,0,0,0
10467,0,0,0,0,15
10468,0,0,0,0,17
10469,0,0,0,0,42
10470,0,0,0,0,3
10471,0,0,0,0,0
10472,0,0,0,0,22
10473,0,0,0,0,12
10474,0,0,0,0,20
10475,0,0,0,0,0
10501,0,0,0,0,0
10502,0,0,0,0,2
10504,0,0,0,0,0
10505,0,0,0,0,0
10506,0,0,0,0,5
10507,0,0,0,0,7
10510,0,0,0,5,9
10511,0,0,0,0,4
10514,0,0,0,0,0
10516,0,0,0,0,0
10517,0,0,0,0,0
10520,0,0,0,0,0
10522,0,0,0,0,3
10523,0,0,0,9,15
10524,0,0,0,0,0
10526,0,0,0,0,0
10527,0,0,0,0,0
10528,0,0,0,0,0
10530,0,0,0,0,7
10532,0,0,0,0,0
10533,0,0,0,0,0
10536,0,0,0,0,2
10537,0,0,0,0,0
10538,0,0,0,1,1
10541,0,0,0,0,0
10543,0,0,0,0,1
10546,0,0,0,0,0
10547,0,0,0,0,3
10548,0,0,0,0,0
10549,0,0,0,0,18
10550,0,0,0,0,61
10552,0,0,0,0,0
10553,0,0,0,0,4
10560,0,0,0,0,0
10562,0,0,0,16,26
10566,0,0,0,0,37
10567,0,0,0,0,0
10570,0,0,0,0,0
10573,0,0,0,0,0
10576,0,0,0,0,0
10577,0,0,0,0,0
10578,0,0,0,0,0
10579,0,0,0,0,0
10580,0,0,0,0,2
10583,0,0,0,0,0
10588,0,0,0,0,0
10589,0,0,0,0,0
10591,0,0,0,0,3
10594,0,0,0,0,0
10595,0,0,0,0,16
10596,0,0,0,0,1
10598,0,0,0,0,0
10601,0,0,0,0,0
10603,0,0,0,0,3
10604,0,0,0,0,0
10605,0,0,3,7,24
10606,0,0,0,0,11
10607,0,0,0,0,0
10701,0,0,0,33,104
10703,0,0,0,0,11
10704,0,0,0,0,15
10705,0,0,0,0,0
10706,0,0,0,0,0
10707,0,0,0,0,7
10708,0,0,0,0,7
10709,0,0,0,2,4
10710,0,0,0,0,0
10801,0,0,0,0,15
10803,0,0,0,0,2
10804,0,0,0,0,3
10901,0,0,0,0,0
10913,0,0,0,0,0
10920,0,0,0,0,0
10923,0,0,0,0,4
10927,0,0,0,0,11
10931,0,0,0,0,0
10952,0,0,0,0,0
10954,0,0,0,0,0
10956,0,0,0,0,0
10960,0,0,0,0,0
10962,0,0,0,0,0
10964,0,0,0,0,0
10965,0,0,0,0,0
10968,0,0,0,1,1
10970,0,0,0,0,11
10974,0,0,0,0,0
10976,0,0,0,0,0
10977,0,0,0,0,0
10980,0,0,0,0,0
10983,0,0,0,0,0
10984,0,0,0,0,0
10986,0,0,0,0,0
10989,0,0,0,0,0
10993,0,0,0,0,0
10994,0,0,0,0,4
11001,0,0,0,0,18
11003,0,0,0,0,18
11004,0,0,0,0,13
11005,0,0,0,0,0
11010,0,0,0,0,0
11020,0,0,0,0,0
11021,0,0,0,0,0
11023,0,0,0,0,0
11024,0,0,0,0,0
11030,0,0,0,0,0
11040,0,0,0,0,0
11050,0,0,0,0,3
11096,0,0,0,0,7
11101,0,0,0,0,0
11102,0,0,0,0,0
11103,0,0,0,0,12
11104,0,0,0,0,6
11105,0,0,0,0,0
11106,0,0,0,0,7
11109,0,0,0,0,0
11201,0,0,0,0,15
11203,0,0,0,0,0
11204,0,0,0,0,0
11205,0,0,0,0,5
11206,0,0,0,0,18
11207,0,0,0,0,153
11208,0,0,0,0,62
11209,0,0,0,43,58
11210,0,0,0,0,35
11211,0,0,0,0,24
11212,0,0,0,0,21
11213,0,0,0,0,46
11214,0,0,0,0,44
11215,0,0,0,0,12
11216,0,0,0,0,40
11217,0,0,0,0,3
11218,0,0,0,0,0
11219,0,0,0,0,75
11220,0,0,0,0,0
11221,0,0,0,0,33
11222,0,0,0,0,0
11223,0,0,0,0,157
11224,0,0,0,0,23
11225,0,0,0,0,0
11226,0,0,0,0,23
11228,0,0,0,0,49
11229,0,0,0,52,157
11230,0,0,0,0,0
11231,0,0,0,21,41
11232,0,0,0,3,15
11233,0,0,0,0,81
11234,0,0,0,0,34
11235,0,0,0,0,0
11236,0,0,0,24,167
11237,0,0,0,0,14
11238,0,0,0,0,12
11239,0,0,0,0,1
11249,0,0,0,0,3
11354,0,0,0,0,16
11355,0,0,0,0,36
11356,0,0,0,0,0
11357,0,0,0,0,0
11358,0,0,0,0,0
11360,0,0,0,0,7
11361,0,0,0,0,0
11362,0,0,0,0,3
11363,0,0,0,0,4
11364,0,0,0,0,36
11365,0,0,0,0,16
11366,0,0,0,0,3
11367,0,0,0,0,14
11368,0,0,0,0,0
11369,0,0,0,0,0
11370,0,0,0,0,0
11372,0,0,0,6,16
11373,0,0,0,0,6
11374,0,0,0,0,18
11375,0,0,0,0,0
11377,0,0,0,23,57
11378,0,0,0,0,0
11379,0,0,0,0,0
11385,0,0,0,0,23
11411,0,0,0,0,17
11412,0,0,0,0,0
11413,0,0,0,0,23
11414,0,0,0,0,10
11415,0,0,0,0,0
11416,0,0,0,0,0
11417,0,0,0,0,0
11418,0,0,0,0,22
11419,0,0,0,0,0
11420,0,0,0,0,0
11421,0,0,0,0,0
11422,0,0,0,0,0
11423,0,0,0,0,29
11426,0,0,0,0,0
11427,0,0,0,0,23
11428,0,0,0,0,4
11429,0,0,0,0,13
11432,0,0,0,0,5
11433,0,0,0,0,33
11434,0,0,0,0,24
11435,0,0,0,0,0
11436,0,0,0,0,0
11501,0,0,0,0,0
11507,0,0,0,0,0
11509,0,0,0,0,0
11510,0,0,0,0,0
11514,0,0,0,0,3
11516,0,0,0,0,2
11518,0,0,0,0,0
11520,0,0,0,8,41
11530,0,0,0,0,0
11542,0,0,0,0,0
11545,0,0,0,0,0
11548,0,0,0,0,0
11550,0,0,0,0,0
11552,0,0,0,0,0
11553,0,0,0,0,5
11554,0,0,0,0,0
11557,0,0,0,4,4
11558,0,0,0,0,0
11559,0,0,0,0,10
11560,0,0,0,0,0
11561,0,0,0,0,0
11563,0,0,0,0,0
11565,0,0,0,0,0
11566,0,0,0,0,0
11568,0,0,0,0,2
11569,0,0,0,0,0
11570,0,0,0,0,0
11572,0,0,0,0,0
11575,0,0,0,0,0
11576,0,0,0,0,0
11577,0,0,0,0,0
11579,0,0,0,0,0
11580,0,0,18,44,53
11581,0,0,0,0,0
11590,0,0,0,0,0
11596,0,0,0,0,0
11598,0,0,0,0,0
11691,0,0,0,0,15
11692,0,0,0,0,12
11693,0,0,0,0,1
11694,0,0,0,0,14
11701,0,0,0,0,0
11702,0,0,0,0,0
11703,0,0,0,0,0
11704,0,0,0,0,0
11705,0,0,0,0,0
11706,0,0,0,0,0
11710,0,0,0,0,0
11713,0,0,0,0,0
11714,0,0,0,0,0
11715,0,0,0,2,4
11716,0,0,0,0,0
11717,0,0,0,0,0
11718,0,0,0,0,0
11719,0,0,0,0,0
11720,0,0,0,0,0
11721,0,0,0,0,0
11722,0,0,0,0,0
11724,0,0,0,0,0
11725,0,0,0,0,0
11726,0,0,0,0,12
11727,0,0,0,0,0
11729,0,0,0,0,0
11730,0,0,0,0,0
11731,0,0,0,0,0
11732,0,0,0,0,0
11733,0,0,0,0,0
11735,0,0,0,0,19
11738,0,0,0,4,8
11739,0,0,0,0,0
11740,0,0,0,0,0
11741,0,0,0,0,0
11742,0,0,0,0,0
11743,0,0,0,0,0
11746,0,0,0,0,0
11747,0,0,0,0,0
11749,0,0,0,0,0
11751,0,0,0,0,0
11752,0,0,0,0,0
11753,0,0,0,0,0
11754,0,0,0,0,0
11755,0,0,0,0,0
11756,0,0,0,0,0
11757,0,0,0,0,0
11758,0,0,0,0,0
11762,0,0,0,0,0
11763,0,0,0,0,0
11764,0,0,0,0,0
11765,0,0,0,0,0
11766,0,0,0,0,0
11767,0,0,0,0,0
11768,0,0,0,0,0
11769,0,0,0,0,0
11771,0,0,0,0,0
11772,0,0,0,0,0
11776,0,0,0,0,0
11777,0,0,0,0,0
11779,0,0,0,0,0
11780,0,0,0,0,0
11782,0,0,0,5,30
11783,0,0,0,0,0
11784,0,0,0,0,0
11787,0,0,0,0,0
11788,0,0,0,0,4
11790,0,0,0,0,0
11791,0,0,0,0,0
11793,0,0,0,0,0
11795,0,0,0,0,0
11796,0,0,0,0,0
11797,0,0,0,0,0
11798,0,0,0,0,0
11801,0,0,0,0,0
11803,0,0,0,0,0
11804,0,0,0,0,0
11901,0,0,0,0,0
11930,0,0,0,0,0
11932,0,0,0,0,0
11933,0,0,0,0,0
11934,0,0,0,0,0
11935,0,0,0,0,0
11937,0,0,0,0,0
11939,0,0,0,0,0
11940,0,0,0,0,0
11941,0,0,0,0,0
11942,0,0,0,0,0
11944,0,0,0,0,0
11946,0,0,0,0,0
11948,0,0,0,0,0
11949,0,0,0,0,0
11950,0,0,0,0,0
11951,0,0,0,0,0
11952,0,0,0,0,0
11953,0,0,0,0,0
11954,0,0,0,0,0
11955,0,0,0,0,0
11957,0,0,0,0,0
11958,0,0,0,0,0
11960,0,0,0,0,0
11962,0,0,0,0,0
11963,0,0,0,0,0
11964,0,0,0,0,0
11965,0,0,0,0,0
11967,0,0,0,0,0
11968,0,0,0,0,0
11971,0,0,0,0,0
11976,0,0,0,0,9
11977,0,0,0,0,0
11978,0,0,0,0,0
11980,0,0,0,0,0
12008,0,0,0,0,0
12009,0,0,0,0,0
12018,0,0,0,0,0
12019,0,0,0,0,0
12033,0,0,0,0,0
12047,0,0,0,0,0
12054,0,0,0,0,0
12056,0,0,0,0,0
12061,0,0,0,0,0
12063,0,0,0,0,0
12065,0,0,0,0,0
12067,0,0,0,0,0
12077,0,0,0,0,0
12084,0,0,0,0,0
12085,0,0,0,0,0
12110,0,0,0,0,0
12118,0,0,0,0,0
12121,0,0,0,0,0
12123,0,0,0,0,0
12140,0,0,0,0,0
12144,0,0,0,0,0
12148,0,0,0,0,0
12150,0,0,0,0,0
12154,0,0,0,0,0
12158,0,0,0,0,0
12159,0,0,0,0,0
12180,0,0,0,0,0
12182,0,0,0,0,0
12183,0,0,0,0,1
12186,0,0,0,0,0
12188,0,0,0,0,0
12189,0,0,0,0,0
12196,0,0,0,0,0
12198,0,0,0,0,0
12202,0,0,0,0,0
12203,0,0,0,0,0
12204,0,0,0,0,0
12205,0,0,0,0,0
12206,0,0,0,0,0
12207,0,0,0,0,0
12208,0,0,0,0,0
12209,0,0,0,0,0
12210,0,0,0,0,0
12211,0,0,0,0,0
12222,0,0,0,0,0
12302,0,0,0,0,0
12303,0,0,0,0,0
12304,0,0,0,0,0
12305,0,0,0,0,0
12306,0,0,0,0,0
12307,0,0,0,0,0
12308,0,0,0,0,0
12309,0,0,0,0,0
12401,0,0,0,0,0
12411,0,0,0,0,0
12417,0,0,0,0,0
12419,0,0,0,0,0
12432,0,0,0,0,0
12440,0,0,0,0,0
12443,0,0,0,0,0
12449,0,0,0,0,0
12456,0,0,0,0,0
12466,0,0,0,0,0
12471,0,0,0,0,0
12472,0,0,0,0,0
12475,0,0,0,0,0
12477,0,0,0,0,0
12484,0,0,0,0,0
12486,0,0,0,0,0
12487,0,0,0,0,0
12498,0,0,0,0,0
12508,0,0,0,0,12
12512,0,0,0,0,0
12518,0,0,0,0,1
12520,0,0,0,0,2
12524,0,0,0,0,0
12525,0,0,0,0,0
12528,0,0,0,0,0
12533,0,0,0,0,0
12538,0,0,0,0,0
12542,0,0,0,0,0
12547,0,0,0,0,0
12548,0,0,0,0,0
12549,0,0,0,0,0
12550,0,0,0,0,0
12553,0,0,0,0,0
12561,0,0,0,0,0
12569,0,0,0,0,0
12572,0,0,0,0,0
12575,0,0,0,0,0
12577,0,0,0,0,0
12578,0,0,0,0,0
12580,0,0,0,0,0
12586,0,0,0,0,0
12589,0,0,0,0,0
12590,0,0,0,0,0
12601,0,0,0,0,0
12603,0,0,0,0,0
12801,0,0,0,0,0
12803,0,0,0,0,0
12804,0,0,0,0,0
12827,0,0,0,0,0
12828,0,0,0,0,0
12831,0,0,0,0,0
12839,0,0,0,0,0
12845,0,0,0,0,0
12901,0,0,0,0,0
12903,0,0,0,0,0
12918,0,0,0,0,0
12962,0,0,0,0,0
13021,0,0,0,0,0
13027,0,0,0,0,0
13029,0,0,0,0,0
13030,0,0,0,0,0
13031,0,0,0,0,0
13039,0,0,0,0,0
13041,0,0,0,0,0
13057,0,0,0,0,0
13060,0,0,0,0,0
13066,0,0,0,0,0
13068,0,0,0,0,0
13073,0,0,0,0,0
13078,0,0,0,0,0
13082,0,0,0,0,0
13084,0,0,0,0,0
13088,0,0,0,0,0
13090,0,0,0,0,0
13104,0,0,0,0,0
13108,0,0,0,0,0
13112,0,0,0,0,0
13116,0,0,0,0,0
13120,0,0,0,0,0
13132,0,0,0,0,0
13135,0,0,0,0,0
13152,0,0,0,0,0
13164,0,0,0,0,0
13202,0,0,0,0,0
13203,0,0,0,0,0
13204,0,0,0,0,0
13205,0,0,0,0,0
13206,0,0,0,0,0
13207,0,0,0,0,0
13208,0,0,0,0,0
13209,0,0,0,0,0
13210,0,0,0,0,0
13211,0,0,0,0,0
13212,0,0,0,0,0
13214,0,0,0,0,0
13215,0,0,0,0,0
13219,0,0,0,0,0
13224,0,0,0,0,0
13319,0,0,0,0,0
13323,0,0,0,0,0
13340,0,0,0,0,0
13354,0,0,0,0,0
13403,0,0,0,0,0
13413,0,0,0,0,0
13417,0,0,0,0,0
13424,0,0,0,0,0
13456,0,0,0,0,0
13492,0,0,0,0,0
13495,0,0,0,0,0
13501,0,0,0,0,0
13502,0,0,0,0,0
13601,0,0,0,0,0
13603,0,0,0,0,0
13612,0,0,0,0,0
13616,0,0,0,0,0
13634,0,0,0,0,0
13637,0,0,0,0,0
13748,0,0,0,0,0
13760,0,0,0,0,0
13790,0,0,0,0,0
13795,0,0,0,0,0
13827,0,0,0,0,0
13850,0,0,0,0,0
13901,0,0,0,0,0
13903,0,0,0,0,0
13904,0,0,0,0,0
13905,0,0,0,0,0
14004,0,0,0,0,0
14026,0,0,0,0,0
14031,0,0,0,0,0
14032,0,0,0,0,0
14043,0,0,0,0,0
14051,0,0,0,0,0
14052,0,0,0,0,0
14059,0,0,0,0,0
14068,0,0,0,0,0
14072,0,0,0,0,0
14075,0,0,0,0,0
14086,0,0,0,0,0
14092,0,0,0,0,0
14094,0,0,0,0,0
14120,0,0,0,0,0
14127,0,0,0,0,0
14131,0,0,0,0,0
14132,0,0,0,0,0
14150,0,0,0,0,0
14174,0,0,0,0,0
14201,0,0,0,0,0
14202,0,0,0,0,0
14203,0,0,0,0,0
14204,0,0,0,0,0
14206,0,0,0,0,0
14207,0,0,0,0,0
14208,0,0,0,0,0
14209,0,0,0,0,0
14210,0,0,0,0,0
14211,0,0,0,0,0
14212,0,0,0,0,0
14213,0,0,0,0,0
14214,0,0,0,0,0
14215,0,0,0,0,0
14216,0,0,0,0,0
14217,0,0,0,0,0
14218,0,0,0,0,0
14219,0,0,0,0,0
14220,0,0,0,0,0
14221,0,0,0,0,0
14222,0,0,0,0,0
14223,0,0,0,0,0
14224,0,0,0,0,0
14225,0,0,0,0,0
14226,0,0,0,0,0
14227,0,0,0,0,0
14228,0,0,0,0,0
14301,0,0,0,0,0
14303,0,0,0,0,0
14304,0,0,0,0,0
14305,0,0,0,0,0
14428,0,0,0,0,0
14445,0,0,0,0,0
14450,0,0,0,0,0
14467,0,0,0,0,0
14468,0,0,0,0,0
14472,0,0,0,0,0
14506,0,0,0,0,0
14514,0,0,0,0,0
14526,0,0,0,0,0
14534,0,0,0,0,0
14543,0,0,0,0,0
14546,0,0,0,0,0
14559,0,0,0,0,0
14564,0,0,0,0,0
14580,0,0,0,0,0
14586,0,0,0,0,0
14604,0,0,0,0,0
14605,0,0,0,0,0
14606,0,0,0,0,0
14607,0,0,0,0,0
14608,0,0,0,0,0
14609,0,0,0,0,0
14610,0,0,0,0,0
14611,0,0,0,0,0
14612,0,0,0,0,0
14613,0,0,0,0,0
14614,0,0,0,0,0
14615,0,0,0,0,0
14616,0,0,0,0,0
14617,0,0,0,0,0
14618,0,0,0,0,0
14619,0,0,0,0,0
14620,0,0,0,0,0
14621,0,0,0,0,0
14622,0,0,0,0,0
14623,0,0,0,0,0
14624,0,0,0,0,0
14625,0,0,0,0,0
14626,0,0,0,0,0
14850,0,0,0,0,0
14882,0,0,0,0,0
14883,0,0,0,0,0
43004,0,0,0,0,0
43015,0,0,0,0,0
43016,0,0,0,0,0
43017,0,0,0,0,0
43021,0,0,0,0,0
43026,0,0,0,0,0
43031,0,0,0,0,0
43035,0,0,0,0,0
43054,0,0,0,0,0
43062,0,0,0,0,0
43064,0,0,0,0,0
43065,0,0,0,0,0
43068,0,0,0,0,0
43081,0,0,0,0,0
43082,0,0,0,0,0
43085,0,0,0,0,0
43109,0,0,0,0,0
43110,0,0,0,0,0
43119,0,0,0,0,0
43123,0,0,0,0,0
43125,0,0,0,0,0
43147,0,0,0,0,0
43201,0,0,0,0,0
43202,0,0,0,0,0
43203,0,0,0,0,0
43204,0,0,0,0,0
43205,0,0,0,0,0
43206,0,0,0,0,0
43207,0,0,0,0,0
43209,0,0,0,0,0
43211,0,0,0,0,0
43212,0,0,0,0,0
43213,0,0,0,0,0
43214,0,0,0,0,0
43215,0,0,0,0,0
43219,0,0,0,0,0
43220,0,0,0,0,0
43221,0,0,0,0,0
43222,0,0,0,0,0
43223,0,0,0,0,0
43224,0,0,0,0,0
43227,0,0,0,0,0
43228,0,0,0,0,0
43229,0,0,0,0,0
43230,0,0,0,0,0
43231,0,0,0,0,0
43232,0,0,0,0,0
43235,0,0,0,0,0
43240,0,0,0,0,0
43402,0,0,0,0,0
43412,0,0,0,0,0
43430,0,0,0,0,0
43434,0,0,0,0,0
43443,0,0,0,0,0
43447,0,0,0,0,0
43460,0,0,0,0,0
43463,0,0,0,0,0
43465,0,0,0,0,0
43469,0,0,0,0,0
43504,0,0,0,0,0
43528,0,0,0,0,0
43537,0,0,0,0,0
43542,0,0,0,0,0
43551,0,0,0,0,0
43558,0,0,0,0,0
43560,0,0,0,0,0
43566,0,0,0,0,0
43571,0,0,0,0,0
43604,0,0,0,0,0
43605,0,0,0,0,0
43606,0,0,0,0,0
43607,0,0,0,0,0
43608,0,0,0,0,0
43609,0,0,0,0,0
43610,0,0,0,0,0
43611,0,0,0,0,0
43612,0,0,0,0,0
43613,0,0,0,0,0
43614,0,0,0,0,0
43615,0,0,0,0,0
43616,0,0,0,0,0
43617,0,0,0,0,0
43619,0,0,0,0,0
43620,0,0,0,0,0
43623,0,0,0,0,0
43701,0,0,0,0,0
43830,0,0,0,0,0
43913,0,0,0,0,0
43926,0,0,0,0,0
43938,0,0,0,0,0
43943,0,0,0,0,0
43952,0,0,0,0,0
43953,0,0,0,0,0
43961,0,0,0,0,0
43964,0,0,0,0,0
44001,0,0,0,0,0
44011,0,0,0,0,0
44012,0,0,0,0,0
44017,0,0,0,0,0
44022,0,0,0,0,0
44024,0,0,0,0,0
44026,0,0,0,0,0
44028,0,0,0,0,0
44035,0,0,0,0,0
44039,0,0,0,0,0
44040,0,0,0,0,0
44044,0,0,0,0,0
44045,0,0,0,0,0
44050,0,0,0,0,0
44052,0,0,0,0,0
44053,0,0,0,0,0
44054,0,0,0,0,0
44055,0,0,0,0,0
44056,0,0,0,0,0
44060,0,0,0,0,0
44067,0,0,0,0,0
44070,0,0,0,0,0
44074,0,0,0,0,0
44077,0,0,0,0,0
44087,0,0,0,0,0
44092,0,0,0,0,0
44094,0,0,0,0,0
44095,0,0,0,0,0
44102,0,0,0,0,0
44103,0,0,0,0,0
44104,0,0,0,0,0
44105,0,0,0,0,0
44106,0,0,0,0,0
44107,0,0,0,0,0
44108,0,0,0,0,0
44109,0,0,0,0,0
44110,0,0,0,0,0
44111,0,0,0,0,0
44112,0,0,0,0,0
44113,0,0,0,0,0
44114,0,0,0,0,0
44115,0,0,0,0,0
44116,0,0,0,0,0
44117,0,0,0,0,0
44118,0,0,0,0,0
44119,0,0,0,0,0
44120,0,0,0,0,0
44121,0,0,0,0,0
44122,0,0,0,0,0
44123,0,0,0,0,0
44124,0,0,0,0,0
44125,0,0,0,0,0
44126,0,0,0,0,0
44127,0,0,0,0,0
44128,0,0,0,0,0
44129,0,0,0,0,0
44130,0,0,0,0,0
44131,0,0,0,0,0
44132,0,0,0,0,0
44133,0,0,0,0,0
44134,0,0,0,0,0
44135,0,0,0,0,0
44136,0,0,0,0,0
44137,0,0,0,0,0
44138,0,0,0,0,0
44139,0,0,0,0,0
44140,0,0,0,0,0
44141,0,0,0,0,0
44142,0,0,0,0,0
44143,0,0,0,0,0
44144,0,0,0,0,0
44145,0,0,0,0,0
44146,0,0,0,0,0
44147,0,0,0,0,0
44149,0,0,0,0,0
44201,0,0,0,0,0
44202,0,0,0,0,0
44203,0,0,0,0,0
44216,0,0,0,0,0
44221,0,0,0,0,0
44223,0,0,0,0,0
44224,0,0,0,0,0
44236,0,0,0,0,0
44240,0,0,0,0,0
44241,0,0,0,0,0
44260,0,0,0,0,0
44262,0,0,0,0,0
44264,0,0,0,0,0
44266,0,0,0,0,0
44278,0,0,0,0,0
44286,0,0,0,0,0
44301,0,0,0,0,0
44302,0,0,0,0,0
44303,0,0,0,0,0
44304,0,0,0,0,0
44305,0,0,0,0,0
44306,0,0,0,0,0
44307,0,0,0,0,0
44308,0,0,0,0,0
44310,0,0,0,0,0
44311,0,0,0,0,0
44312,0,0,0,0,0
44313,0,0,0,0,0
44314,0,0,0,0,0
44319,0,0,0,0,0
44320,0,0,0,0,0
44321,0,0,0,0,0
44333,0,0,0,0,0
44401,0,0,0,0,0
44402,0,0,0,0,0
44403,0,0,0,0,0
44405,0,0,0,0,0
44406,0,0,0,0,0
44410,0,0,0,0,0
44412,0,0,0,0,0
44418,0,0,0,0,0
44420,0,0,0,0,0
44425,0,0,0,0,0
44429,0,0,0,0,0
44430,0,0,0,0,0
44436,0,0,0,0,0
44437,0,0,0,0,0
44438,0,0,0,0,0
44440,0,0,0,0,0
44442,0,0,0,0,0
44444,0,0,0,0,0
44446,0,0,0,0,0
44451,0,0,0,0,0
44452,0,0,0,0,0
44470,0,0,0,0,0
44471,0,0,0,0,0
44473,0,0,0,0,0
44481,0,0,0,0,0
44483,0,0,0,0,0
44484,0,0,0,0,0
44485,0,0,0,0,0
44491,0,0,0,0,0
44502,0,0,0,0,0
44503,0,0,0,0,0
44504,0,0,0,0,0
44505,0,0,0,0,0
44506,0,0,0,0,0
44507,0,0,0,0,0
44509,0,0,0,0,0
44510,0,0,0,0,0
44511,0,0,0,0,0
44512,0,0,0,0,0
44514,0,0,0,0,0
44515,0,0,0,0,0
44601,0,0,0,0,0
44613,0,0,0,0,0
44614,0,0,0,0,0
44622,0,0,0,0,0
44626,0,0,0,0,0
44632,0,0,0,0,0
44641,0,0,0,0,0
44644,0,0,0,0,0
44646,0,0,0,0,0
44647,0,0,0,0,0
44662,0,0,0,0,0
44663,0,0,0,0,0
44666,0,0,0,0,0
44685,0,0,0,0,0
44688,0,0,0,0,0
44702,0,0,0,0,0
44703,0,0,0,0,0
44704,0,0,0,0,0
44705,0,0,0,0,0
44706,0,0,0,0,0
44707,0,0,0,0,0
44708,0,0,0,0,0
44709,0,0,0,0,0
44710,0,0,0,0,0
44714,0,0,0,0,0
44718,0,0,0,0,0
44720,0,0,0,0,0
44721,0,0,0,0,0
44730,0,0,0,0,3
44824,0,0,0,0,0
44839,0,0,0,0,0
44843,0,0,0,0,0
44846,0,0,0,0,0
44847,0,0,0,0,0
44870,0,0,0,0,0
44902,0,0,0,0,0
44903,0,0,0,0,0
44904,0,0,0,0,0
44905,0,0,0,0,0
44906,0,0,0,0,0
44907,0,0,0,0,0
45001,0,0,0,0,0
45002,0,0,0,0,0
45005,0,0,0,0,0
45011,0,0,0,0,0
45013,0,0,0,0,0
45014,0,0,0,0,0
45015,0,0,0,0,0
45030,0,0,0,0,0
45034,0,0,0,0,0
45036,0,0,0,0,0
45039,0,0,0,0,0
45040,0,0,0,0,0
45042,0,0,0,0,0
45044,0,0,0,0,0
45050,0,0,0,0,0
45065,0,0,0,0,0
45066,0,0,0,0,0
45067,0,0,0,0,0
45068,0,0,0,0,0
45069,0,0,0,0,0
45102,0,0,0,0,0
45103,0,0,0,0,0
45106,0,0,0,0,0
45111,0,0,0,0,0
45122,0,0,0,0,0
45140,0,0,0,0,0
45150,0,0,0,0,0
45152,0,0,0,0,0
45153,0,0,0,0,0
45157,0,0,0,0,0
45162,0,0,0,0,0
45174,0,0,0,0,0
45202,0,0,0,0,0
45203,0,0,0,0,0
45204,0,0,0,0,0
45205,0,0,0,0,0
45206,0,0,0,0,0
45207,0,0,0,0,0
45208,0,0,0,0,0
45209,0,0,0,0,0
45211,0,0,0,0,0
45212,0,0,0,0,0
45213,0,0,0,0,0
45214,0,0,0,0,0
45215,0,0,0,0,0
45216,0,0,0,0,0
45217,0,0,0,0,0
45218,0,0,0,0,0
45219,0,0,0,0,0
45220,0,0,0,0,0
45223,0,0,0,0,0
45224,0,0,0,0,0
45225,0,0,0,0,0
45226,0,0,0,0,0
45227,0,0,0,0,0
45229,0,0,0,0,0
45230,0,0,0,0,0
45231,0,0,0,0,0
45232,0,0,0,0,0
45233,0,0,0,0,0
45236,0,0,0,0,0
45237,0,0,0,0,0
45238,0,0,0,0,0
45239,0,0,0,0,0
45240,0,0,0,0,0
45241,0,0,0,0,0
45242,0,0,0,0,0
45243,0,0,0,0,0
45244,0,0,0,0,0
45245,0,0,0,0,0
45246,0,0,0,0,0
45247,0,0,0,0,0
45248,0,0,0,0,0
45249,0,0,0,0,0
45251,0,0,0,0,0
45252,0,0,0,0,0
45255,0,0,0,0,0
45301,0,0,0,0,0
45305,0,0,0,0,0
45309,0,0,0,0,0
45312,0,0,0,0,0
45315,0,0,0,0,0
45318,0,0,0,0,0
45319,0,0,0,0,0
45322,0,0,0,0,0
45323,0,0,0,0,0
45324,0,0,0,0,0
45325,0,0,0,0,0
45326,0,0,0,0,0
45327,0,0,0,0,0
45339,0,0,0,0,0
45341,0,0,0,0,0
45342,0,0,0,0,0
45344,0,0,0,0,0
45345,0,0,0,0,0
45359,0,0,0,0,0
45368,0,0,0,0,0
45369,0,0,0,0,0
45370,0,0,0,0,0
45371,0,0,0,0,0
45373,0,0,0,0,0
45377,0,0,0,0,0
45383,0,0,0,0,0
45384,0,0,0,0,0
45385,0,0,0,0,0
45387,0,0,0,0,0
45402,0,0,0,0,0
45403,0,0,0,0,0
45404,0,0,0,0,0
45405,0,0,0,0,0
45406,0,0,0,0,0
45409,0,0,0,0,0
45410,0,0,0,0,0
45414,0,0,0,0,0
45415,0,0,0,0,0
45416,0,0,0,0,0
45417,0,0,0,0,0
45419,0,0,0,0,0
45420,0,0,0,0,0
45424,0,0,0,0,0
45426,0,0,0,0,0
45429,0,0,0,0,0
45430,0,0,0,0,0
45431,0,0,0,0,0
45432,0,0,0,0,0
45433,0,0,0,0,0
45434,0,0,0,0,0
45439,0,0,0,0,0
45440,0,0,0,0,0
45449,0,0,0,0,0
45458,0,0,0,0,0
45459,0,0,0,0,0
45502,0,0,0,0,0
45503,0,0,0,0,0
45504,0,0,0,0,0
45505,0,0,0,0,0
45506,0,0,0,0,0
45619,0,0,0,0,0
45623,0,0,0,0,0
45638,0,0,0,0,0
45659,0,0,0,0,0
45662,0,0,0,0,0
45663,0,0,0,0,0
45669,0,0,0,0,0
45678,0,0,0,0,0
45680,0,0,0,0,0
45694,0,0,0,0,0
45696,0,0,0,0,0
45714,0,0,0,0,0
45750,0,0,0,0,0
45801,0,0,0,0,0
45804,0,0,0,0,0
45805,0,0,0,0,0
45806,0,0,0,0,0
45807,0,0,0,0,0
45895,0,0,0,0,0
73003,0,0,0,0,8
73007,0,0,0,0,0
73008,0,0,15,54,85
73012,0,0,0,0,49
73013,0,0,38,38,418
73020,0,0,0,2,10
73025,0,0,5,8,11
73026,0,0,0,0,0
73034,0,0,0,0,139
73049,0,0,0,2,3
73064,0,51,68,84,160
73065,0,0,0,0,0
73068,0,0,3,9,9
73069,0,0,127,191,244
73071,0,0,0,115,268
73072,25,136,173,283,357
73078,0,0,0,0,0
73084,0,11,21,25,56
73093,0,0,0,0,0
73099,0,0,0,0,0
73102,0,3,6,10,16
73103,0,0,0,9,33
73104,0,3,14,17,23
73105,43,51,62,78,92
73106,14,33,56,93,131
73107,0,0,21,31,62
73108,0,0,78,130,182
73109,0,0,74,140,221
73110,0,0,0,62,210
73111,0,12,71,131,196
73112,0,127,161,219,299
73114,0,0,49,104,139
73115,0,0,0,62,143
73116,23,28,42,56,83
73117,0,48,102,139,190
73118,0,0,37,87,124
73119,0,0,41,152,233
73120,13,39,104,182,247
73121,0,0,0,2,6
73122,0,60,88,111,138
73127,0,0,32,95,143
73128,10,33,56,79,102
73129,0,0,0,8,82
73130,0,9,46,73,82
73131,0,17,29,47,62
73132,0,0,32,81,105
73134,0,0,0,0,7
73135,0,0,0,0,36
73139,0,0,44,115,131
73141,0,7,20,26,42
73142,0,0,4,33,37
73145,0,0,11,23,37
73149,0,0,0,7,10
73150,0,2,9,11,20
73151,0,5,10,12,17
73159,0,0,66,131,197
73160,0,0,85,190,232
73162,10,30,49,49,69
73165,0,0,0,0,6
73169,0,2,4,8,12
73170,101,116,130,173,173
73173,0,0,1,2,3
73179,0,0,7,10,26
73501,0,0,21,90,159
73505,0,0,0,81,127
73507,0,0,0,24,48
73701,0,0,0,34,68
73703,0,10,48,86,143
74008,0,0,0,0,0
74011,0,0,0,20,70
74012,0,0,0,0,0
74014,0,0,0,0,0
74015,0,0,0,7,15
74017,0,0,0,7,34
74019,21,26,37,58,73
74021,0,0,0,0,7
74023,0,0,0,0,3
74033,0,0,0,0,0
74036,0,0,0,0,0
74037,26,26,26,26,26
74041,0,0,0,0,0
74050,0,0,0,0,0
74053,0,0,0,0,0
74055,0,0,0,63,63
74063,0,0,0,26,52
74066,0,0,10,39,88
74070,0,7,26,37,41
74073,0,0,0,0,9
74074,147,207,287,353,427
74075,0,0,0,0,21
74103,0,0,0,1,2
74104,0,0,0,13,76
74105,0,0,8,56,95
74106,0,52,136,213,246
74107,0,26,78,147,190
74108,0,0,14,38,61
74110,0,0,0,67,124
74112,0,16,57,98,171
74114,0,0,0,0,33
74115,0,0,59,110,187
74116,0,0,20,47,62
74119,0,0,0,3,6
74120,0,0,0,0,0
74126,0,0,0,8,28
74127,0,20,94,134,175
74128,13,30,65,83,100
74129,0,0,6,35,93
74130,0,0,0,0,2
74131,0,0,0,3,9
74132,0,0,0,15,29
74133,0,0,64,127,178
74134,0,0,6,23,35
74135,0,0,37,56,75
74136,0,0,0,35,89
74137,0,0,31,46,84
74145,0,0,13,38,64
74146,0,0,24,43,75
74363,0,0,0,0,0
74429,0,0,0,0,1
74730,0,0,0,0,0
74731,0,0,0,0,1
74733,0,0,0,0,3
74901,0,0,6,12,16
74902,0,0,0,0,2
74946,0,0,0,0,2
74948,0,1,2,2,3
74954,0,0,0,0,0
74959,0,0,0,0,0
97002,0,0,0,13,33
97003,0,0,5,170,519
97004,0,0,0,58,138
97005,0,0,54,226,688
97006,0,0,55,559,1908
97007,0,0,184,1342,3878
97008,0,0,47,305,813
97009,0,0,1,23,42
97013,0,0,0,52,157
97015,0,0,63,298,755
97019,0,0,0,0,0
97024,0,0,27,138,246
97027,0,0,31,237,516
97030,0,0,104,328,769
97034,0,0,91,640,1150
97035,0,0,16,448,1009
97045,0,0,50,803,2276
97048,0,0,3,14,49
97060,0,0,0,173,432
97062,0,0,45,520,1318
97068,0,0,64,958,2062
97070,0,0,74,450,826
97078,0,0,0,1,2
97080,0,0,74,515,1017
97086,0,8,70,542,1279
97089,0,0,11,326,796
97113,0,0,21,137,502
97116,0,0,101,355,1159
97123,0,0,221,734,1921
97124,0,0,115,715,2016
97140,0,7,37,571,1522
97201,0,0,20,119,242
97202,0,0,80,712,1608
97203,0,0,65,456,978
97205,0,0,12,45,83
97206,0,0,216,764,1744
97209,0,0,16,74,133
97210,0,0,18,226,478
97211,0,0,63,695,1421
97212,0,0,0,851,1632
97213,0,0,160,650,1260
97214,0,0,81,486,924
97215,0,0,28,410,842
97216,0,0,36,135,388
97217,0,0,142,699,1505
97218,0,0,42,169,356
97219,0,0,0,841,1910
97220,0,0,0,376,901
97221,0,0,0,425,775
97222,0,0,0,314,932
97223,0,0,222,981,2105
97224,0,0,33,780,2059
97225,0,0,31,460,1250
97227,0,0,12,89,209
97229,0,0,123,2095,4771
97230,0,0,66,329,789
97231,0,0,4,116,229
97232,0,6,41,136,287
97233,0,0,138,317,739
97236,0,0,0,150,539
97239,0,0,47,283,532
97266,0,0,81,369,746
97267,0,0,163,469,1083
97301,0,0,194,444,3052
97302,0,37,99,671,3494
97303,0,0,97,375,2914
97304,0,0,0,110,524
97305,0,65,240,392,2843
97306,0,0,0,201,575
97317,0,0,75,230,1469
97321,0,0,0,43,365
97322,0,0,0,0,181
97330,0,0,0,322,737
97333,0,0,0,124,437
97338,0,0,0,75,263
97351,0,0,0,30,114
97355,0,0,0,104,249
97361,0,0,0,44,117
97370,0,0,0,10,95
97389,0,0,0,4,16
97392,0,0,0,0,34
97401,0,0,126,474,871
97402,0,0,0,393,700
97403,0,0,13,126,212
97404,0,0,70,256,513
97405,0,0,0,528,1114
97408,0,0,0,231,484
97448,0,0,1,2,7
97455,0,0,0,0,0
97457,0,0,0,0,0
97470,0,0,17,69,189
97471,0,0,0,158,365
97477,0,0,94,318,531
97478,0,0,30,121,372
97495,0,0,0,2,6
97496,0,0,0,24,45
97501,0,0,0,270,525
97502,0,0,56,315,675
97503,0,0,3,106,213
97504,0,0,79,588,1081
97524,0,0,25,129,205
97526,0,0,0,202,386
97527,0,0,36,212,399
97530,0,0,4,61,140
97532,0,0,0,6,14
97535,0,0,36,78,116
97540,0,0,0,1,2
97701,0,0,0,517,1002
97702,0,0,24,607,1324
97703,0,0,156,882,4509
97801,0,0,48,197,324
97826,0,0,0,0,0
97838,0,0,7,120,332
97875,0,0,2,7,12
97882,0,0,3,27,45
15001,0,38,163,213,388
15003,0,0,5,39,73
15005,0,0,0,5,44
15009,0,0,17,43,115
15010,0,0,7,55,151
15014,0,0,0,0,0
15017,0,0,16,27,164
15024,0,0,13,41,88
15025,0,0,0,0,2
15027,0,0,0,3,15
15030,0,0,0,0,0
15034,0,0,3,12,18
15035,0,0,0,2,7
15042,0,0,0,0,57
15044,0,0,0,0,0
15045,0,0,8,12,12
15046,0,0,2,14,17
15049,0,0,0,0,2
15051,0,0,0,0,0
15056,0,1,4,4,9
15057,0,0,18,99,212
15061,0,0,16,70,86
15064,0,0,0,0,0
15065,0,0,0,0,0
15066,0,0,0,9,32
15068,0,0,0,0,238
15071,0,0,0,30,116
15074,0,0,0,33,91
15076,0,0,0,6,11
15081,0,0,1,1,2
15082,0,0,0,0,0
15084,0,0,0,4,37
15085,0,0,0,3,50
15101,0,0,0,11,109
15102,0,0,0,4,78
15104,0,0,0,12,84
15106,0,0,22,29,161
15108,0,0,0,70,462
15110,2,29,54,83,102
15112,0,0,5,13,24
15116,0,0,0,21,31
15120,0,0,27,82,150
15122,0,8,71,166,276
15126,0,0,5,15,20
15131,0,0,0,40,69
15132,0,0,14,142,235
15133,0,0,6,21,43
15136,0,25,93,152,338
15137,0,16,20,44,79
15139,0,0,0,6,53
15140,0,0,1,4,14
15142,0,0,3,4,37
15143,0,0,0,0,159
15144,0,0,7,26,34
15145,0,0,30,60,71
15146,0,0,0,49,178
15147,0,49,130,154,222
15148,0,0,12,27,44
15201,0,0,17,63,154
15202,0,0,5,42,116
15203,0,0,0,46,163
15204,0,0,0,19,44
15205,0,13,39,71,104
15206,0,0,14,129,284
15207,0,4,56,80,131
15208,0,0,0,19,80
15209,0,0,5,27,59
15210,0,0,16,112,184
15211,0,0,15,46,141
15212,0,0,48,143,255
15213,0,0,54,156,253
15214,0,0,0,36,145
15215,8,19,23,34,152
15216,0,0,0,68,205
15217,0,0,38,165,419
15218,0,0,28,65,165
15219,0,0,70,125,185
15220,0,0,0,44,88
15221,0,0,107,181,346
15222,0,0,1,5,25
15223,0,0,8,28,53
15224,0,0,8,34,76
15225,0,0,8,11,13
15226,0,0,10,21,67
15227,0,10,59,89,158
15228,0,0,39,43,233
15229,0,0,0,23,96
15232,0,5,20,36,83
15233,0,0,4,19,54
15234,0,0,0,5,68
15235,0,24,180,264,432
15236,0,0,0,19,212
15237,0,0,21,201,423
15238,0,0,0,0,151
15239,0,16,49,66,190
15241,0,0,0,25,237
15243,0,0,0,17,147
15317,0,0,0,0,0
15321,0,0,0,0,0
15361,0,0,0,0,0
15545,0,0,0,0,0
15613,0,0,0,0,9
15615,0,0,0,0,0
15629,0,0,0,0,0
15632,0,0,0,0,0
15636,0,0,0,0,0
15641,0,0,0,0,1
15642,0,0,0,64,184
15644,0,0,0,0,0
15656,0,0,0,0,0
15665,0,0,0,0,0
15668,0,0,5,14,205
15673,0,0,0,0,0
15690,0,0,0,0,0
15692,0,0,0,0,0
15801,0,0,0,0,0
15840,0,0,0,1,9
15851,0,0,0,0,7
15901,0,0,0,5,42
15902,0,0,0,0,22
15904,0,0,0,29,100
15905,0,0,0,26,61
15906,0,0,0,21,46
15909,0,0,0,7,14
15928,0,0,0,0,4
15935,0,0,0,0,0
15942,0,0,0,0,0
15946,0,0,0,0,0
15963,0,0,0,5,17
16001,0,0,0,0,52
16002,0,0,0,0,2
16045,0,0,0,0,0
16053,0,0,0,0,1
16121,0,0,0,0,39
16143,0,0,0,0,0
16146,0,0,0,33,75
16148,0,0,0,0,0
16150,0,0,0,2,10
16159,0,0,0,0,2
16161,0,0,0,0,5
16229,0,0,0,0,0
16415,0,0,0,1,2
16421,0,0,0,0,2
16501,0,0,0,0,9
16502,0,0,0,0,25
16503,0,0,0,0,56
16504,0,0,0,22,66
16505,0,0,0,0,31
16506,0,0,0,0,32
16507,0,0,0,0,21
16508,0,0,0,0,0
16509,0,0,0,7,105
16510,0,0,0,38,150
16511,0,0,0,0,12
16601,0,0,0,0,92
16602,0,0,0,0,94
16635,0,0,0,0,23
16636,0,0,0,0,0
16637,0,0,0,0,6
16648,0,0,0,0,15
16665,0,0,0,1,1
16669,0,0,0,0,0
16673,0,0,0,0,0
16801,0,0,0,39,130
16803,0,0,0,0,0
16823,0,0,0,0,0
16865,0,0,0,0,0
16868,0,0,0,0,0
16870,0,0,0,0,0
17003,0,0,0,0,3
17011,0,0,0,78,184
17019,0,0,0,0,0
17022,0,0,0,0,0
17025,0,0,0,15,96
17028,0,0,0,0,0
17033,0,0,0,0,15
17034,0,0,0,0,0
17036,0,0,0,26,56
17038,0,0,0,0,0
17042,0,0,0,61,92
17043,0,4,13,15,38
17046,0,0,0,23,45
17050,0,0,0,0,83
17053,0,0,0,1,10
17055,0,0,0,0,10
17057,0,0,0,0,6
17067,0,0,0,0,2
17070,0,0,0,0,0
17078,0,0,0,0,13
17093,0,0,0,0,2
17101,0,0,6,7,12
17102,0,0,13,73,124
17103,0,0,22,93,183
17104,0,0,0,95,190
17109,0,0,31,57,94
17110,0,0,0,36,173
17111,0,9,44,79,220
17112,0,0,0,0,10
17113,0,0,0,0,41
17225,0,0,0,0,1
17263,0,0,0,0,0
17268,0,0,0,0,0
17319,0,0,0,11,27
17325,0,0,0,9,27
17339,0,0,0,0,1
17340,0,0,0,0,0
17345,0,0,7,25,31
17347,0,0,0,0,1
17360,0,0,0,0,0
17370,0,0,0,0,1
17401,0,0,0,0,0
17402,0,0,0,0,10
17403,0,0,0,0,20
17404,0,0,0,0,0
17406,0,0,0,0,0
17407,0,0,0,0,1
17408,0,0,0,0,0
17501,0,0,0,11,17
17502,0,0,0,0,0
17505,0,0,0,9,18
17508,0,0,0,0,0
17512,0,0,0,0,2
17516,0,0,0,0,0
17520,0,7,10,10,23
17522,0,0,0,7,31
17529,0,0,0,0,4
17538,0,0,0,0,13
17540,0,0,6,18,69
17543,0,0,0,0,19
17545,0,0,0,0,7
17551,0,0,27,42,62
17552,0,0,0,0,0
17554,0,0,0,5,16
17557,0,0,0,0,3
17560,0,0,0,0,0
17562,0,0,1,1,6
17572,0,0,0,5,13
17579,0,0,0,5,14
17582,0,0,0,0,0
17584,0,0,0,0,11
17601,0,28,56,97,236
17602,0,0,89,100,190
17603,80,128,128,176,255
17701,0,0,0,36,132
17702,0,0,0,9,38
17728,0,0,0,1,1
17744,0,0,0,0,0
17754,0,0,0,6,26
17756,0,0,0,0,0
17801,0,0,0,0,39
17815,0,0,0,53,100
17837,0,0,0,10,35
17847,0,0,0,0,0
17850,0,0,0,0,0
17857,0,0,0,0,0
17859,0,0,0,1,2
17870,0,3,10,10,33
17876,0,0,0,0,0
17889,0,0,0,0,0
17901,0,0,30,91,139
17923,0,0,0,2,6
17951,0,0,0,0,0
17954,0,0,3,12,32
17965,0,0,0,0,3
17970,0,0,1,7,9
18011,0,0,0,0,0
18013,0,0,0,0,31
18014,0,0,0,0,0
18015,0,0,75,134,164
18017,0,0,0,0,34
18018,0,0,0,41,172
18020,0,0,0,0,14
18031,0,0,0,0,0
18032,0,0,6,26,56
18034,0,0,0,8,75
18036,0,0,6,10,86
18037,0,0,0,6,14
18038,0,0,0,0,0
18040,0,0,0,0,12
18042,0,0,0,0,10
18045,0,0,0,0,47
18049,0,0,24,78,102
18051,0,0,0,6,7
18052,0,0,0,0,0
18053,0,0,0,0,3
18055,0,0,0,0,10
18059,0,0,0,0,5
18062,0,0,0,0,14
18064,0,0,0,0,0
18066,0,0,0,0,0
18067,0,0,27,34,41
18069,0,0,0,0,0
18072,0,0,0,0,0
18074,0,0,0,0,1
18077,0,0,0,0,0
18078,0,0,3,3,69
18079,0,0,0,0,0
18080,0,0,12,28,87
18083,0,0,0,0,0
18085,0,0,0,0,1
18086,0,0,0,0,0
18087,0,0,0,0,2
18088,0,0,0,0,0
18091,0,0,0,0,2
18092,0,0,0,0,0
18101,0,0,0,4,7
18102,0,0,81,162,233
18103,0,0,87,136,260
18104,0,0,0,0,159
18106,0,0,0,0,38
18109,0,0,0,20,77
18343,0,0,0,0,2
18353,0,0,0,0,0
18360,0,0,0,0,0
18403,0,0,0,0,11
18411,0,0,0,3,8
18433,0,0,0,0,0
18434,0,0,0,0,0
18436,0,0,0,0,0
18444,0,0,0,0,0
18447,0,0,0,12,39
18452,0,0,0,6,16
18503,0,0,1,5,9
18504,0,0,0,30,83
18505,0,0,0,0,79
18507,0,0,0,20,53
18508,0,0,0,27,80
18509,0,0,0,33,52
18510,0,0,3,36,83
18512,0,0,0,5,31
18517,0,0,0,9,40
18518,0,0,0,29,54
18519,0,0,11,31,48
18603,0,0,0,44,83
18612,0,0,0,0,35
18621,0,0,0,0,0
18631,0,0,1,4,7
18634,0,0,48,79,105
18635,0,0,0,0,2
18640,0,0,0,63,120
18641,3,3,3,13,27
18642,0,0,2,7,20
18643,0,0,0,0,71
18644,0,0,0,0,16
18651,0,0,0,7,28
18660,0,0,0,0,0
18701,0,0,3,15,24
18702,0,0,0,216,371
18704,0,0,0,116,266
18705,0,0,0,12,54
18706,0,0,0,18,89
18707,0,0,0,0,0
18708,0,0,9,12,41
18709,0,0,14,28,49
18901,0,0,0,0,0
18902,0,0,0,0,0
18914,0,0,0,0,232
18915,0,0,0,0,2
18925,0,0,0,0,0
18927,0,0,0,0,0
18929,0,0,0,3,11
18932,0,0,0,0,1
18936,0,0,0,0,0
18938,0,0,0,0,0
18940,0,0,0,0,0
18951,0,0,0,0,0
18954,0,0,0,0,0
18964,0,9,16,20,64
18966,0,0,0,43,74
18969,0,0,0,1,6
18974,0,0,0,0,0
18976,0,0,0,0,0
18977,0,0,0,0,1
19001,0,0,0,30,50
19002,0,0,0,40,70
19003,0,0,0,0,11
19004,0,0,0,0,0
19006,0,0,0,0,51
19007,0,0,0,0,5
19008,0,0,0,0,12
19009,0,0,0,0,0
19010,0,0,0,0,23
19012,0,0,0,0,0
19013,0,0,0,0,58
19014,0,0,0,0,0
19015,0,0,0,0,8
19018,0,0,0,0,32
19020,0,0,0,0,12
19021,0,0,0,8,28
19022,0,0,0,0,3
19023,0,0,0,0,55
19025,0,0,0,1,3
19026,0,0,0,19,50
19027,0,0,0,0,4
19029,0,0,0,0,0
19030,0,0,0,0,0
19031,0,0,0,0,3
19032,0,0,0,0,1
19033,0,0,0,0,6
19034,0,0,0,0,7
19035,0,0,0,0,0
19036,0,0,3,10,18
19038,0,0,0,25,50
19040,0,0,0,0,0
19041,0,0,0,0,3
19043,0,0,0,0,0
19044,0,0,0,0,0
19046,0,0,0,0,32
19047,0,0,0,0,0
19050,0,0,0,27,60
19053,0,0,0,0,0
19054,0,0,0,0,20
19055,0,0,0,0,16
19056,0,0,0,0,11
19057,0,0,0,0,0
19060,0,0,0,0,6
19061,0,0,0,25,66
19063,0,0,0,0,0
19064,0,0,0,0,0
19066,0,0,0,1,5
19067,0,0,0,0,0
19070,0,0,0,0,11
19072,0,0,0,0,0
19073,0,0,0,0,4
19074,0,0,0,5,20
19075,0,0,4,13,15
19076,0,0,0,0,10
19078,0,0,0,0,13
19079,0,0,0,0,16
19081,0,0,0,0,2
19082,0,0,0,0,5
19083,0,0,0,0,29
19085,0,0,0,0,1
19086,0,0,0,0,9
19087,0,0,0,12,12
19090,0,0,0,0,39
19094,0,0,0,0,0
19095,0,0,0,2,23
19096,0,0,0,0,5
19102,0,0,0,0,1
19103,0,0,3,18,28
19104,0,0,0,0,0
19106,0,0,0,0,3
19107,0,0,0,0,6
19108,0,0,0,0,0
19111,0,0,0,0,98
19114,0,0,0,0,0
19115,0,0,0,0,8
19116,0,0,0,0,32
19118,0,0,0,0,14
19119,0,0,0,0,5
19120,0,0,0,0,37
19121,0,0,0,0,54
19122,0,0,0,0,26
19123,0,0,0,0,27
19124,0,0,0,0,107
19125,0,0,0,0,15
19126,0,0,0,0,22
19127,0,0,0,0,13
19128,0,0,0,0,0
19129,0,0,0,0,11
19130,0,0,0,0,4
19131,0,0,0,50,165
19132,0,0,0,0,36
19133,0,0,0,4,64
19134,0,0,0,0,113
19135,0,0,0,29,111
19136,0,0,0,0,0
19137,0,0,0,0,28
19138,0,0,0,0,17
19139,0,0,0,10,146
19140,0,0,0,117,234
19141,0,0,0,18,64
19142,0,0,0,0,51
19143,0,0,0,0,113
19144,0,0,0,0,41
19145,0,0,0,18,74
19146,0,0,0,47,88
19147,0,0,0,0,34
19148,0,0,0,0,0
19149,0,0,0,5,51
19150,0,0,0,0,12
19151,0,0,0,0,0
19152,0,0,0,0,0
19153,0,0,0,0,29
19154,0,0,0,0,51
19301,0,0,0,0,0
19311,0,0,0,0,0
19312,0,0,3,12,25
19317,0,0,0,5,14
19319,0,0,0,0,0
19333,0,0,0,1,7
19335,0,0,0,0,0
19341,0,0,0,0,0
19342,0,0,5,14,24
19348,0,0,0,0,0
19350,0,0,0,0,0
19355,0,0,0,18,24
19373,0,0,0,0,0
19380,0,0,0,0,0
19382,0,0,0,0,0
19401,0,0,0,0,35
19403,0,0,0,0,0
19405,0,0,0,0,1
19406,0,0,0,0,12
19422,0,0,0,0,6
19426,0,0,0,0,0
19428,0,0,0,19,24
19436,0,0,0,1,1
19437,0,0,0,0,0
19438,0,14,27,47,244
19440,0,0,5,23,115
19444,0,0,0,0,0
19446,0,0,71,127,325
19453,0,0,0,0,0
19454,0,0,0,0,36
19460,0,0,0,0,26
19462,0,0,0,13,27
19464,0,0,0,0,0
19468,0,0,0,6,13
19473,0,0,0,0,20
19475,0,0,0,0,3
19492,0,0,0,0,0
19506,0,0,0,0,0
19508,0,0,0,3,8
19510,0,0,0,0,0
19522,0,0,0,8,16
19525,0,0,0,0,0
19533,0,0,0,0,6
19539,0,0,0,1,1
19540,0,0,0,1,7
19541,0,0,0,0,0
19547,0,0,0,0,0
19555,0,0,0,0,0
19560,0,0,0,5,19
19565,0,0,0,0,0
19601,0,0,0,36,151
19602,0,0,0,15,68
19604,0,0,0,9,38
19605,0,0,0,0,0
19606,0,0,0,0,26
19607,0,0,0,0,34
19608,0,0,0,0,9
19609,0,0,0,0,10
19610,0,0,0,9,17
19611,0,0,0,4,19
2802,0,0,0,0,27
2806,0,0,0,331,1913
2809,0,0,27,315,2424
2814,0,0,0,3,24
2816,0,0,0,192,1928
2817,0,0,0,14,80
2818,0,0,0,359,1765
2822,0,0,0,3,21
2828,0,0,0,54,547
2830,0,0,0,1,4
2831,0,0,0,38,331
2835,0,0,0,20,116
2838,0,0,13,53,265
2852,0,0,0,152,1071
2857,0,0,1,23,168
2860,0,0,0,305,2640
2861,0,0,37,169,2171
2863,0,0,0,65,804
2864,0,0,0,466,2964
2865,0,0,10,176,1566
2871,0,0,0,198,1392
2878,0,0,0,156,1660
2885,0,0,0,192,1283
2886,0,0,8,235,2400
2888,0,0,0,154,1747
2889,0,0,0,212,2623
2893,0,0,0,182,2160
2895,0,0,16,356,2339
2896,0,0,9,76,739
2903,0,0,0,78,570
2904,0,0,0,267,2329
2905,0,0,0,346,1840
2906,0,0,0,234,1822
2907,0,0,0,145,1199
2908,0,0,0,218,2379
2909,0,0,0,240,2073
2910,0,0,0,89,1725
2911,0,0,16,117,1262
2914,0,0,0,196,1877
2915,0,0,0,123,1441
2916,0,0,0,78,747
2917,0,0,0,179,1055
2919,0,0,0,387,2923
2920,0,0,0,248,3171
2921,0,0,0,236,1418
29016,0,48,183,705,2553
29020,0,0,50,192,2018
29033,0,18,155,1035,4491
29036,0,0,9,83,449
29039,0,0,5,12,201
29040,0,0,3,16,244
29044,0,0,1,3,28
29045,0,0,210,535,4686
29053,0,106,426,1677,6481
29061,0,17,84,622,2403
29063,0,67,508,2300,8026
29072,56,130,1111,4741,17927
29073,0,102,564,4015,16810
29078,0,0,58,174,3131
29115,0,224,524,1892,6208
29118,9,46,66,457,1806
29123,0,15,74,547,2526
29150,0,70,298,544,5729
29152,0,0,1,2,20
29153,0,0,42,113,1013
29154,0,0,46,80,1475
29160,0,4,67,426,1835
29161,0,0,3,10,91
29169,0,87,365,1761,7750
29170,9,52,217,2025,8571
29172,0,0,88,737,3631
29201,0,181,784,1868,4846
29203,0,454,842,2927,10476
29204,0,122,345,1367,4694
29205,0,130,436,1790,6228
29206,0,64,343,1407,4727
29209,0,93,569,2869,11279
29210,0,61,274,1509,7529
29212,0,150,441,2190,8599
29223,0,418,1104,3895,14402
29229,0,98,522,3966,16076
29301,0,0,212,586,4223
29302,0,0,65,361,2255
29303,0,0,294,441,3332
29306,0,0,155,318,2008
29307,0,0,158,361,2699
29316,0,0,35,328,3714
29323,0,0,2,18,332
29329,0,0,0,1,11
29330,0,0,14,52,387
29334,0,0,34,254,2091
29346,0,0,0,0,37
29349,0,0,34,331,2982
29365,0,0,4,99,1736
29369,0,0,9,231,2054
29376,0,0,19,78,755
29377,0,0,0,0,11
29385,0,0,0,58,1206
29388,0,0,9,22,365
29401,0,56,376,1419,2897
29403,0,138,588,2428,5508
29404,0,1,10,199,560
29405,29,117,270,2651,7180
29406,0,79,231,2246,5546
29407,0,161,678,3532,8607
29410,0,15,239,1424,4864
29412,0,125,691,4668,10900
29414,0,101,504,3898,9820
29418,18,115,291,1960,5942
29420,0,46,275,1346,4463
29429,0,1,21,150,350
29439,0,59,174,582,1238
29440,0,0,0,0,5
29445,0,193,612,4642,15828
29451,0,3,542,1477,2822
29455,0,13,73,377,858
29456,0,78,303,2177,7666
29464,0,210,1300,6218,13289
29466,0,66,1155,4652,10393
29472,0,0,0,4,16
29482,0,13,168,492,927
29483,0,298,629,4472,16182
29485,0,77,461,4452,15076
29486,0,0,79,188,4023
29492,0,19,319,1633,4557
29501,0,61,273,718,6940
29505,0,0,15,161,2552
29506,0,5,140,259,1742
29526,0,0,208,603,9564
29527,0,0,63,123,3094
29532,0,0,55,170,2393
29540,0,0,0,1,7
29541,0,0,2,9,170
29566,0,15,95,211,5521
29568,0,0,32,122,3061
29572,0,20,176,376,3786
29575,0,90,243,423,8758
29576,0,0,253,708,12251
29577,0,93,319,679,9932
29579,0,0,217,566,11628
29582,0,12,128,580,8736
29585,0,0,155,444,5079
29588,0,0,256,698,13719
29601,0,0,18,192,1393
29605,0,0,107,897,5192
29607,0,0,87,553,4984
29609,0,0,77,720,3875
29611,0,0,124,535,4228
29615,0,0,164,530,4369
29617,0,0,94,314,3430
29621,0,0,84,623,4889
29624,0,0,161,342,2260
29625,0,0,95,255,3341
29626,0,0,83,185,1528
29627,0,0,3,10,85
29630,0,0,18,63,552
29631,0,0,56,195,1073
29640,0,0,65,411,4976
29642,0,0,160,534,4951
29644,0,0,32,88,1285
29650,0,0,98,726,5008
29651,0,0,42,481,6382
29657,0,0,13,82,1210
29662,0,0,0,97,2030
29665,0,0,3,8,30
29670,0,0,2,37,422
29671,0,0,19,81,1001
29672,0,6,17,72,588
29673,0,0,74,371,3718
29678,0,0,53,123,1272
29680,0,0,31,265,3471
29681,0,17,120,874,7780
29684,0,0,4,13,341
29687,0,0,79,373,4823
29690,0,0,4,154,1815
29691,0,0,0,0,2
29693,0,0,0,0,5
29696,0,0,0,0,4
29697,0,0,0,0,0
29707,0,10,51,638,4676
29708,0,0,18,710,3922
29710,0,0,27,160,1011
29715,0,0,42,680,3771
29720,0,0,40,244,2914
29730,0,0,66,440,4173
29732,0,0,209,569,4724
29745,0,0,5,21,212
29801,0,235,670,2574,8339
29803,0,0,661,3831,13084
29805,0,0,1,6,22
29809,0,0,14,52,1041
29816,0,1,1,3,14
29821,0,1,2,15,51
29828,0,20,42,110,436
29829,0,50,105,972,3804
29831,0,0,2,14,66
29834,0,3,7,29,140
29841,0,0,509,3169,11530
29842,0,0,45,638,2955
29851,0,34,141,990,3671
29860,0,27,148,914,3793
29902,0,30,135,1047,2688
29906,0,32,143,1119,3117
29907,0,11,57,299,730
29909,0,0,0,0,1
29910,0,10,40,265,631
29915,0,0,13,71,178
29920,0,0,1,6,15
29926,0,27,338,2096,5172
29927,0,0,0,0,1
29928,0,44,302,818,5824
29935,0,6,13,175,500
57005,0,0,0,0,0
57049,0,0,0,0,0
57055,0,0,0,0,0
57064,0,0,0,0,0
57103,0,0,0,0,0
57104,0,0,0,0,0
57105,0,0,0,0,0
57106,0,0,0,0,0
57107,0,0,0,0,0
57108,0,0,0,0,0
57110,0,0,0,0,0
57701,0,0,0,0,34
57702,0,0,0,0,0
57703,0,0,0,0,0
57719,0,0,0,0,0
57730,0,0,0,0,0
57744,0,0,0,0,0
57745,0,0,0,0,0
57751,0,0,0,0,0
37010,0,0,0,0,0
37013,0,0,0,0,0
37014,0,0,0,0,0
37027,0,0,0,0,0
37040,0,0,0,0,0
37042,0,0,0,0,0
37043,0,0,0,0,0
37064,0,0,0,0,0
37066,0,0,0,0,0
37067,0,0,0,0,0
37069,13,13,13,13,13
37072,0,0,0,0,0
37075,0,0,0,0,0
37076,0,0,0,0,0
37080,0,0,0,0,0
37086,0,0,0,0,0
37115,0,0,0,0,0
37122,0,0,0,0,0
37127,0,0,0,0,0
37128,0,0,0,0,0
37129,0,0,0,0,0
37130,0,0,0,0,0
37135,0,0,0,0,0
37138,0,0,0,0,0
37153,0,0,0,0,0
37167,0,0,0,0,0
37189,0,0,0,0,0
37191,0,0,0,0,0
37201,0,0,0,0,0
37203,0,0,0,0,0
37204,0,0,0,0,0
37205,0,0,0,0,0
37206,0,0,0,0,0
37207,0,0,0,0,0
37208,0,0,0,0,0
37209,0,0,0,0,0
37210,0,0,0,0,0
37211,0,0,0,0,0
37212,0,0,0,0,0
37214,0,0,0,0,0
37215,0,0,0,0,0
37216,0,0,0,0,0
37217,0,0,0,0,0
37218,0,0,0,0,0
37219,0,0,0,0,0
37220,0,0,0,0,0
37221,0,0,0,0,0
37228,0,0,0,0,0
37310,0,0,0,0,0
37311,0,0,0,0,0
37312,0,0,0,0,0
37323,0,0,0,0,0
37336,0,0,0,0,0
37341,0,0,0,0,0
37343,0,0,0,0,0
37350,0,0,0,0,0
37351,0,0,0,0,0
37353,0,0,0,0,0
37354,0,0,0,0,0
37355,0,0,0,0,0
37360,0,0,0,0,0
37363,0,0,0,0,0
37377,0,0,0,0,0
37379,0,0,0,0,0
37385,0,0,0,0,0
37388,0,0,0,0,0
37402,0,0,0,0,0
37403,0,0,0,0,0
37404,0,0,0,0,0
37405,0,0,0,0,0
37406,0,0,0,0,0
37407,0,0,0,0,0
37408,0,0,0,0,0
37409,0,0,0,0,0
37410,0,0,0,0,0
37411,0,0,0,0,0
37412,0,0,0,0,0
37415,0,0,0,0,0
37416,0,0,0,0,0
37419,0,0,0,0,0
37421,0,0,0,0,0
37601,0,0,0,0,0
37604,0,0,0,0,0
37615,0,0,0,0,0
37617,0,0,0,0,0
37618,0,0,0,0,0
37642,0,0,0,0,0
37643,0,0,0,0,0
37645,0,0,0,0,0
37658,0,0,0,0,0
37659,0,0,0,0,0
37660,0,0,0,0,0
37663,0,0,0,0,0
37664,0,0,0,0,0
37665,0,0,0,0,0
37686,0,0,0,0,0
37692,0,0,0,0,0
37694,0,0,0,0,0
37701,0,0,0,0,0
37708,0,0,0,0,0
37710,0,0,0,0,0
37714,0,0,0,0,0
37716,0,0,0,0,0
37721,0,0,0,0,0
37737,0,0,0,0,0
37738,0,0,0,0,0
37742,0,0,0,0,0
37754,0,0,0,0,0
37769,0,0,0,0,0
37771,0,0,0,0,0
37772,0,0,0,0,0
37774,0,0,0,0,0
37777,0,0,0,0,0
37801,0,0,0,0,0
37803,0,0,0,0,0
37804,0,0,0,0,0
37806,0,0,0,0,0
37813,0,0,0,0,0
37814,0,0,0,0,0
37821,0,0,0,0,0
37830,0,0,0,0,0
37840,0,0,0,0,0
37846,0,0,0,0,0
37849,0,0,0,0,0
37853,0,0,0,0,0
37860,0,0,0,0,0
37861,0,0,0,0,0
37862,0,0,0,0,0
37863,0,0,0,0,0
37865,0,0,0,0,0
37871,0,0,0,0,0
37876,0,0,0,0,0
37877,0,0,0,0,0
37885,0,0,0,0,0
37886,0,0,0,0,0
37890,0,0,0,0,0
37902,0,0,0,0,0
37909,0,0,0,0,0
37912,0,0,0,0,0
37914,0,0,0,0,0
37915,0,0,0,0,0
37916,0,0,0,0,0
37917,0,0,0,0,0
37918,0,0,0,0,0
37919,0,0,0,0,0
37920,0,0,0,0,0
37921,0,0,0,0,0
37922,0,0,0,0,0
37923,0,0,0,0,0
37924,0,0,0,0,0
37931,0,0,0,0,0
37932,0,0,0,0,0
37934,0,0,0,0,0
37938,0,0,0,0,0
38002,0,0,0,0,0
38016,0,0,0,0,0
38017,0,0,0,0,0
38018,0,0,0,0,0
38028,0,0,0,0,0
38053,0,0,0,0,0
38103,0,0,0,0,0
38104,0,0,0,0,0
38105,0,0,0,0,0
38106,0,0,0,0,0
38107,0,0,0,0,0
38108,0,0,0,0,0
38109,0,0,0,0,0
38111,0,0,0,0,0
38112,0,0,0,0,0
38114,0,0,0,0,0
38115,0,0,0,0,0
38116,0,0,0,0,0
38117,0,0,0,0,0
38118,0,0,0,0,0
38119,0,0,0,0,0
38120,0,0,0,0,0
38122,0,0,0,0,0
38125,0,0,0,0,0
38126,0,0,0,0,0
38127,0,0,0,0,0
38128,0,0,0,0,0
38133,0,0,0,0,0
38134,0,0,0,0,0
38135,0,0,0,0,0
38138,0,0,0,0,0
38139,0,0,0,0,0
38141,0,0,0,0,0
38301,0,0,0,0,0
38305,0,0,0,0,0
38343,0,0,0,0,0
38355,0,0,0,0,0
38356,0,0,0,0,0
38362,0,0,0,0,0
38401,0,0,0,0,0
38501,0,0,0,0,0
38506,0,0,0,0,0
75001,0,7,97,1573,2164
75002,0,149,1550,15475,20655
75006,0,43,470,7439,10453
75007,0,14,981,10497,13826
75010,0,18,388,4463,5943
75013,0,80,1502,8059,10799
75019,0,84,1195,7119,9950
75020,0,31,250,5572,7721
75021,0,1,37,1044,1458
75022,0,0,1005,4734,6285
75023,0,159,971,10639,14176
75024,0,35,852,6221,8462
75025,0,0,1484,10576,14010
75028,0,0,1327,9671,12628
75032,0,0,2,9,13
75033,0,0,5,27,36
75034,0,277,2913,20141,26772
75035,0,55,2237,13129,17566
75038,0,10,166,2442,3340
75039,0,0,139,1386,1963
75040,0,0,535,12582,17607
75041,0,0,245,5523,7571
75042,0,26,291,6238,8779
75043,0,49,543,11626,16286
75044,0,12,489,8724,11974
75048,0,56,820,5827,7716
75050,8,49,170,5973,8064
75051,0,0,218,5885,7973
75052,0,0,861,16963,23662
75054,0,0,402,2563,3289
75056,46,152,1326,11220,14756
75057,0,10,86,1941,2487
75060,0,66,320,6794,9282
75061,0,16,181,5886,8139
75062,0,0,188,6402,8856
75063,0,44,588,4953,7023
75065,0,15,237,2702,3549
75067,0,119,474,9014,11707
75068,0,30,589,5556,7323
75069,0,39,225,2070,2690
75070,79,197,1479,14276,19048
75074,0,93,781,9595,12931
75075,0,33,706,7874,10588
75076,0,0,26,538,742
75077,0,11,850,7937,10597
75080,0,215,937,7486,10437
75081,0,130,630,6983,9794
75082,0,0,623,4628,6231
75087,0,0,29,221,324
75088,0,0,446,6488,9115
75089,0,0,542,7317,10225
75090,33,144,354,4664,6435
75092,0,47,214,4754,6627
75093,0,54,1474,9616,13037
75094,7,7,581,4990,6662
75098,0,35,1085,12618,16993
75104,0,170,960,10880,15106
75115,0,0,481,8674,12154
75116,0,51,178,3660,5060
75125,0,0,1,11,15
75134,0,0,116,4366,6049
75137,0,0,218,4449,6165
75141,0,0,45,835,1167
75146,0,52,282,3735,5161
75149,0,117,450,12018,16536
75150,0,147,501,10608,14572
75159,0,7,21,484,659
75172,0,6,24,614,869
75180,0,0,61,4398,6045
75181,0,45,198,4545,6307
75182,0,0,275,1565,2180
75201,0,1,40,387,540
75202,0,0,7,82,116
75203,0,30,107,1850,2502
75204,0,36,192,1542,2160
75205,0,42,807,3233,4384
75206,0,62,360,3361,4665
75207,0,16,73,760,1072
75208,0,0,360,4020,5670
75209,0,3,360,2281,3055
75210,0,26,65,917,1260
75211,0,114,490,8196,11228
75212,0,94,397,3666,5104
75214,0,31,1019,5295,7333
75215,0,75,258,2281,3185
75216,0,365,937,8582,11881
75217,0,71,786,12574,17718
75218,0,35,623,4951,6737
75219,0,13,142,1307,1802
75220,0,65,267,3901,5350
75223,0,37,166,1733,2394
75224,0,142,291,4389,6079
75225,0,65,882,3352,4602
75226,0,1,26,513,712
75227,0,211,584,8957,12224
75228,0,285,613,10325,14061
75229,0,27,976,6369,8796
75230,0,0,790,4453,6013
75231,0,34,131,2395,3305
75232,0,156,426,5807,8035
75233,0,0,59,2275,3086
75234,0,14,240,4781,6713
75235,0,54,158,1752,2393
75236,0,52,165,2190,3013
75237,0,56,152,1827,2498
75238,0,0,517,4668,6508
75240,0,42,181,1873,2569
75241,0,238,613,6641,8992
75243,0,41,465,5811,8031
75244,0,7,288,2347,3314
75246,0,13,26,206,278
75247,0,45,96,703,1004
75248,0,53,874,6083,8502
75249,0,0,85,3289,4651
75251,0,1,3,106,152
75252,0,23,465,4164,5577
75253,0,62,254,3757,5104
75254,0,15,90,1771,2397
75287,0,174,522,5803,7392
75459,0,0,24,503,709
75501,0,0,662,2269,10211
75503,0,0,257,1615,7165
75569,0,1,2,121,1090
75601,0,5,174,985,5056
75602,0,25,246,1362,5988
75603,0,0,52,244,1170
75604,0,19,172,2024,9452
75605,0,0,311,2071,8223
75640,0,0,7,79,340
75644,0,8,43,403,1855
75645,0,5,23,135,480
75647,0,16,82,402,1951
75650,0,13,55,385,1569
75652,0,0,2,12,54
75662,0,0,130,1129,5587
75684,0,0,0,1,5
75693,0,0,148,639,2344
75701,0,154,638,6356,10733
75702,0,102,352,5134,9177
75703,0,132,668,6247,10685
75704,0,0,50,1014,1844
75705,0,3,15,59,204
75706,0,0,43,362,1506
75707,0,7,90,1941,3423
75708,0,18,24,447,2000
75709,0,6,32,824,1518
75751,0,132,302,2801,4612
75752,0,5,14,181,314
75755,0,0,0,0,1
75757,0,0,2,21,36
75758,0,1,34,540,907
75762,0,0,106,1279,2253
75771,0,0,50,525,1971
75789,0,0,0,1,6
75791,0,13,114,1481,2611
75792,0,2,7,35,130
75901,0,31,282,2416,6157
75904,0,0,106,2336,6513
75941,0,8,38,379,994
75949,0,5,16,186,515
75961,0,33,128,523,2474
75964,0,31,130,1230,2509
75965,0,0,90,461,2188
75969,0,0,0,17,50
76001,0,0,463,5904,7660
76002,20,50,464,7878,9895
76005,0,0,29,122,157
76006,0,3,82,2525,3128
76008,0,0,1,7,9
76010,0,88,409,6485,7896
76011,0,14,112,2835,3453
76012,0,64,388,4868,6209
76013,0,57,404,4910,6191
76014,0,14,184,5582,7027
76015,0,27,113,2619,3274
76016,0,10,431,7537,9674
76017,0,0,614,8125,10392
76018,0,16,179,6052,7699
76021,0,0,349,6320,8189
76022,12,30,60,2339,2965
76034,0,0,1262,5114,6744
76036,0,2,25,434,549
76039,0,41,297,5321,6828
76040,0,42,203,4810,5917
76051,0,106,785,8047,10305
76052,0,0,521,5675,7390
76053,0,69,254,5439,6785
76054,0,20,234,3071,3966
76060,0,29,203,2231,2874
76063,0,35,1277,12940,16702
76071,0,2,11,123,158
76078,0,0,0,10,13
76092,0,16,2005,5804,7361
76102,0,29,118,1011,1266
76103,0,46,163,3343,4127
76104,0,140,365,4756,5991
76105,0,50,249,4957,6154
76106,0,221,403,7645,9486
76107,0,60,868,7650,9665
76108,0,77,473,7491,9518
76109,0,150,881,4776,6264
76110,0,190,648,7801,9806
76111,0,0,101,5168,6243
76112,0,30,447,8133,10032
76114,0,104,348,5466,6879
76115,0,194,366,4161,5166
76116,0,68,702,8781,11124
76117,0,113,288,7066,8645
76118,0,31,277,4053,5023
76119,0,184,379,9288,11355
76120,0,8,172,3023,3835
76123,0,71,508,7775,10008
76126,0,20,421,5042,6504
76127,0,0,0,236,294
76131,0,35,414,8710,11391
76132,0,70,291,4268,5283
76133,0,125,657,12211,15416
76134,0,86,265,6284,7720
76135,0,19,229,3743,4800
76137,0,127,635,12359,15663
76140,0,31,170,6044,7726
76148,0,0,329,6868,8771
76155,0,0,4,305,383
76164,39,103,163,3970,4886
76177,17,27,164,2556,3286
76179,0,38,744,14663,18744
76180,0,36,381,7071,8921
76182,0,21,775,8038,10321
76205,0,4,39,535,692
76208,0,26,256,2378,3122
76210,12,72,692,8971,11656
76226,0,0,820,4295,5742
76240,0,0,226,4395,5856
76244,0,66,1528,16496,21611
76248,13,81,1965,9594,12756
76262,0,112,1364,8129,10667
76301,0,59,324,6571,7233
76302,0,69,231,4155,4553
76305,0,22,56,1983,2230
76306,0,0,249,5868,6490
76308,0,72,372,6204,7070
76309,0,90,252,5109,5524
76310,0,0,247,5502,6101
76311,0,0,0,646,709
76354,0,0,0,7,8
76367,0,4,14,293,323
76401,0,15,44,475,555
76501,0,25,137,3185,4117
76502,0,0,426,9686,12393
76504,0,136,348,5260,6725
76513,0,108,803,8320,10598
76522,0,32,167,5155,6354
76539,0,0,56,1685,2140
76541,0,153,364,4939,6280
76542,0,68,534,10722,13570
76543,0,127,380,7591,9644
76544,0,0,87,2812,3463
76548,0,53,310,6701,8719
76549,0,0,422,11110,14386
76559,0,26,84,1347,1690
76574,0,0,0,6,9
76579,0,12,50,707,918
76630,0,1,3,87,122
76633,0,0,18,223,320
76640,0,22,77,784,1026
76643,0,21,166,3839,5321
76655,0,16,119,1438,2004
76657,6,39,146,1958,2754
76691,0,0,75,892,1233
76701,0,46,136,613,838
76704,0,178,327,1937,2621
76705,0,132,472,6773,9305
76706,0,164,1009,7882,10600
76707,0,136,364,3800,5371
76708,0,45,343,6272,8957
76710,0,0,333,5796,8020
76711,0,19,55,2331,3220
76712,0,47,594,6410,9210
76901,0,86,413,9191,9479
76903,0,250,605,12541,13015
76904,0,0,493,10455,10838
76905,0,29,130,3105,3222
77002,0,21,68,383,784
77003,0,0,266,1663,3323
77004,0,182,848,3859,7616
77005,0,0,1239,4134,7013
77006,0,26,440,2469,4876
77007,0,44,1183,5563,10318
77008,0,131,1366,6687,12284
77009,0,116,1067,5954,12357
77010,0,0,4,13,22
77011,0,58,290,2364,5181
77012,0,41,149,1931,4482
77013,0,8,101,1604,3718
77014,0,90,277,2908,6333
77015,0,74,280,6224,14602
77016,0,167,435,4251,9114
77017,0,0,171,3421,7679
77018,0,37,765,4500,8815
77019,0,0,541,2569,4872
77020,0,96,377,3646,7854
77021,0,125,699,4012,8016
77022,0,79,388,3679,7817
77023,0,249,498,3319,7158
77024,0,33,931,4118,7681
77025,0,73,589,3195,6323
77026,0,97,547,3944,8699
77027,0,12,245,1428,2815
77028,0,112,383,2642,5761
77029,0,44,216,2905,6247
77030,0,9,171,1089,2102
77031,0,18,116,1566,3436
77032,0,101,182,1556,3430
77033,0,188,565,4141,8775
77034,0,101,310,3678,8277
77035,0,48,511,3666,7795
77036,0,49,309,3530,8003
77037,0,0,93,2490,5784
77038,0,0,178,2734,6273
77039,0,0,202,3255,7400
77040,0,69,469,5102,11223
77041,0,0,862,5862,12073
77042,0,126,356,2527,5350
77043,0,0,338,2926,6326
77044,0,195,698,4740,10004
77045,0,10,532,4389,9503
77046,0,1,5,33,66
77047,0,108,372,4323,9606
77048,0,68,377,2623,5465
77049,0,0,115,4201,9505
77050,0,11,32,584,1250
77051,0,55,254,2237,4882
77053,0,82,265,4111,9036
77054,0,52,135,955,2027
77055,0,53,745,3995,8403
77056,0,21,299,1789,3342
77057,0,0,300,2525,5400
77058,0,35,173,1781,3778
77059,0,0,551,2828,5409
77060,0,135,269,2608,6035
77061,0,44,151,2192,4804
77062,0,17,446,3844,8059
77063,0,42,286,2340,5060
77064,0,74,539,5676,11977
77065,0,41,364,3779,8112
77066,0,52,344,3958,8450
77067,0,0,252,2907,6160
77068,0,0,99,1194,2549
77069,0,0,180,1725,3795
77070,0,0,407,4622,10028
77071,0,0,257,2909,6623
77072,0,0,456,5423,11489
77073,0,33,316,4659,10768
77074,0,53,205,2982,6533
77075,0,76,323,4230,9382
77076,0,77,378,3386,7589
77077,0,0,578,5561,11699
77078,0,53,239,1651,3681
77079,0,0,622,3256,6519
77080,0,0,394,3675,7857
77081,0,0,75,1344,3067
77082,0,0,631,4942,10452
77083,0,189,792,8148,18558
77084,0,242,914,12175,26473
77085,0,0,145,2145,4760
77086,0,149,468,3357,6948
77087,0,48,464,4383,9482
77088,0,211,731,6328,13865
77089,0,0,469,6206,13974
77090,0,0,171,2217,5096
77091,0,80,362,2975,5968
77092,0,54,414,3438,7537
77093,0,56,673,6168,13696
77094,0,9,375,1583,2920
77095,0,118,729,8883,19323
77096,0,84,654,3910,8039
77098,0,0,236,1483,3025
77099,0,62,436,4047,8761
77301,0,77,267,2487,8450
77302,0,0,451,2286,5938
77303,0,0,86,1216,3855
77304,0,72,322,2227,6982
77306,0,0,37,865,2844
77316,0,0,374,1551,3967
77318,0,0,148,1411,4364
77327,0,12,199,1239,3763
77328,0,0,85,1273,4207
77336,0,39,347,1609,4144
77338,0,11,327,3336,10737
77339,0,0,276,2817,8159
77345,0,0,705,3582,6758
77346,0,85,888,7976,16602
77354,0,35,658,4263,11228
77355,0,17,349,2078,5495
77356,0,0,515,3065,7417
77357,0,13,165,1997,6466
77358,0,0,5,41,120
77362,0,0,93,634,1605
77363,0,0,1,7,17
77365,0,0,593,3112,8883
77372,0,18,93,1435,4368
77373,0,0,369,5826,18160
77375,0,0,984,5517,14815
77377,0,21,578,4001,10228
77378,0,14,112,886,2674
77379,0,103,1200,9974,19948
77380,0,40,262,1636,4927
77381,0,0,784,3458,7963
77382,0,52,1300,4509,9575
77384,0,0,250,1809,5136
77385,0,0,273,2645,7880
77386,0,32,1087,6234,15249
77388,0,157,857,6671,13856
77389,0,0,984,4276,9608
77396,0,145,470,5472,11872
77401,0,0,952,3337,5666
77406,0,27,714,4345,8546
77407,0,211,796,5869,12098
77429,0,72,1672,11272,22951
77433,0,85,1872,10315,20291
77441,0,11,283,1225,2632
77447,0,0,77,514,1358
77449,0,0,696,13984,31257
77450,0,103,821,9364,19858
77459,0,40,1368,9538,18997
77469,0,0,376,4522,9649
77471,0,87,256,2655,5765
77477,0,53,364,3990,8751
77478,0,9,699,4401,8684
77479,0,0,2740,13407,25362
77489,0,12,169,5428,11967
77493,0,0,411,3114,8511
77494,0,0,3036,13218,29756
77498,0,30,721,7017,14650
77502,0,78,242,4166,9591
77503,0,0,224,3164,6859
77504,0,33,141,2440,5385
77505,0,0,245,3197,6836
77506,0,66,232,3648,8205
77507,0,4,50,350,719
77510,0,0,320,4036,6400
77511,0,48,549,9185,15884
77515,0,82,421,5423,9013
77517,0,18,119,1860,3015
77518,0,53,115,1352,2174
77520,0,87,545,4076,12190
77521,0,182,628,5715,16236
77523,0,0,39,238,561
77530,0,41,363,4710,10208
77531,0,23,201,2689,4587
77532,0,45,268,2216,6225
77534,0,0,42,349,569
77536,45,102,510,5149,11070
77539,0,72,667,8724,14201
77541,0,0,235,3929,6623
77545,0,0,271,3340,7381
77546,17,121,1327,9411,16479
77547,0,14,59,1234,2807
77550,0,372,870,6042,9503
77551,0,169,377,3914,6326
77554,0,76,658,4517,7278
77562,0,0,190,1991,4331
77563,0,65,301,2796,4534
77564,0,0,0,3,11
77565,0,0,208,1785,2855
77566,0,0,361,5290,9092
77568,0,118,309,3731,6088
77571,0,0,502,6526,14012
77573,0,0,2054,16069,24858
77578,6,13,419,3735,6256
77581,0,0,1071,9133,15638
77583,0,23,272,2658,4483
77584,0,0,1525,14008,24660
77586,0,0,350,3419,6895
77587,0,42,201,2087,4600
77590,0,0,290,6864,10998
77591,0,89,304,2794,4583
77598,0,8,141,1810,3964
77611,0,12,186,1281,3761
77619,0,26,231,2074,6512
77625,0,9,63,343,1010
77627,0,9,276,2883,9044
77630,0,108,442,3126,9595
77632,0,0,69,604,1768
77640,0,130,512,3134,9086
77642,0,148,874,4359,11945
77651,0,0,260,2073,5467
77656,0,42,173,1637,5832
77657,0,0,215,2044,7000
77662,0,0,286,2338,7218
77701,0,68,314,1917,6022
77702,0,0,33,443,1294
77703,0,0,360,1634,4500
77705,0,0,356,2910,8531
77706,9,128,494,3119,8863
77707,0,66,315,2126,6423
77708,0,16,97,1299,3985
77713,0,8,169,1279,3683
77801,0,119,357,1566,3287
77802,0,107,410,3621,8037
77803,0,93,252,3851,9225
77807,0,79,268,1436,3041
77808,0,16,160,1463,3055
77840,0,129,731,3842,7756
77845,0,40,1486,9097,19279
77901,0,74,519,7427,14661
77904,0,0,382,4387,8694
77905,0,9,32,295,573
77968,0,0,0,6,11
78006,0,0,3,21,34
78015,0,0,119,780,1224
78023,0,0,498,4825,7756
78026,0,0,47,966,1548
78040,0,396,855,8755,10508
78041,0,215,725,9121,11103
78043,0,199,397,7749,9348
78045,0,154,673,11266,13803
78046,0,178,440,9705,11774
78064,0,41,213,2476,4023
78070,0,5,55,411,664
78073,0,1,22,329,552
78101,0,0,1,5,9
78108,0,0,419,7255,12455
78109,0,56,378,8243,13864
78112,0,0,1,12,20
78123,0,33,68,739,1282
78124,0,0,5,47,79
78130,0,92,989,13158,22589
78132,0,0,236,1564,2566
78133,0,88,459,5220,8620
78148,0,65,254,3833,6417
78152,0,0,5,46,72
78154,0,79,607,7576,12921
78155,0,98,434,6139,10672
78201,0,287,686,7188,12268
78202,0,87,315,2489,4038
78203,0,93,206,1292,2104
78204,0,62,250,2316,3768
78205,0,0,20,368,605
78207,0,323,983,7760,12623
78208,0,41,130,830,1317
78209,0,49,976,7235,11750
78210,0,71,580,6964,11643
78211,0,214,374,5307,8753
78212,0,168,718,5645,9041
78213,0,33,380,6424,10684
78214,0,85,312,4237,7005
78215,0,12,55,433,702
78216,0,156,458,6095,10235
78217,0,74,296,5434,9140
78218,0,79,514,5824,9641
78219,0,0,125,3271,5379
78220,0,72,386,3669,5935
78221,0,131,231,5969,9969
78222,0,0,295,4295,7080
78223,0,227,1075,9148,14828
78224,0,31,112,2969,5061
78225,0,0,166,2369,3886
78226,8,31,45,1169,1954
78227,0,103,413,7777,12789
78228,0,278,816,10367,17105
78229,0,12,188,2250,3770
78230,0,44,530,6694,10804
78231,0,9,161,1887,3091
78232,0,56,515,6642,10999
78233,0,77,445,9106,15131
78234,0,4,47,694,1151
78235,0,6,14,125,210
78236,0,4,38,532,879
78237,0,0,410,6396,10372
78238,0,100,258,4129,7090
78239,0,95,484,6173,10328
78240,0,88,503,7356,12361
78242,0,57,376,4849,8033
78244,0,30,203,5865,10032
78245,0,103,577,12005,20345
78247,0,18,597,10288,17275
78248,0,9,405,2766,4494
78249,0,178,786,9002,14519
78250,0,0,664,10696,17731
78251,0,0,320,8377,14442
78252,0,0,52,1633,2697
78253,0,0,637,7428,12000
78254,0,0,676,9485,16183
78255,0,6,308,1937,3059
78256,0,32,196,1286,2025
78257,0,22,189,1523,2395
78258,0,39,1076,7783,12599
78259,0,33,440,4860,8087
78260,0,0,721,5732,9148
78261,0,26,487,3819,6189
78263,0,0,11,110,182
78264,0,0,0,2,3
78266,0,26,298,1543,2505
78336,15,164,354,3507,4882
78358,0,1,6,66,93
78359,0,6,15,523,729
78362,0,0,38,1017,1459
78370,0,18,54,645,941
78373,0,0,140,2582,3430
78374,0,75,339,3692,5253
78380,0,6,361,4206,5691
78382,0,135,478,6914,10241
78387,0,44,268,2056,2856
78390,9,52,149,1520,2140
78401,0,41,95,1032,1393
78402,0,1,3,111,146
78404,0,57,321,4241,5616
78405,0,38,173,4011,5339
78406,0,0,0,169,218
78407,0,21,52,1022,1352
78408,0,0,91,3260,4317
78409,0,15,48,944,1277
78410,0,35,426,6447,8562
78411,0,136,525,6616,8869
78412,0,143,351,4087,5387
78413,0,2,11,229,306
78415,0,264,743,8783,11742
78416,0,123,236,3602,4857
78417,0,1,31,1091,1456
78501,0,55,1024,12401,17980
78503,0,0,337,4316,6087
78504,0,0,709,11456,16219
78516,0,136,499,6182,8937
78520,0,119,688,6686,12988
78521,0,62,886,10326,20302
78526,0,0,384,5314,10170
78539,0,32,637,7130,10440
78541,0,71,267,3761,5353
78542,0,0,313,6224,9083
78572,0,375,1222,11273,15964
78573,0,158,462,7278,10344
78574,0,60,281,4555,6592
78577,0,343,1045,10445,15247
78589,0,147,284,7090,10466
78596,0,0,1,7,11
78602,0,14,108,1104,1902
78610,0,0,322,3091,4971
78613,0,70,1613,15193,22579
78617,0,5,26,510,746
78623,0,2,12,95,157
78626,0,0,2,36,53
78628,0,0,55,509,733
78634,0,0,144,3124,4576
78641,0,25,976,8418,12246
78652,0,28,156,1162,1713
78653,0,0,6,109,166
78655,0,0,0,5,9
78660,0,79,1312,17024,25838
78664,0,146,828,11156,15963
78665,0,0,863,8390,12363
78666,0,264,791,7363,11704
78681,0,17,1322,11128,16165
78701,0,12,139,732,1061
78702,0,63,485,3706,5587
78703,0,11,628,3557,5138
78704,0,76,686,6231,9204
78705,0,118,405,1541,2145
78717,0,29,737,4839,7093
78719,0,0,15,487,730
78721,0,52,228,2023,2954
78722,0,19,145,1126,1649
78723,0,0,418,4601,7049
78724,0,11,60,820,1226
78725,0,2,13,270,407
78726,0,23,274,1868,2795
78727,0,0,418,4846,7255
78728,0,0,234,3355,4910
78729,0,0,307,4890,7159
78730,0,8,311,1765,2558
78731,0,37,710,4888,7062
78732,0,0,1,6,9
78733,0,0,499,2063,3028
78735,0,0,452,3055,4534
78736,0,0,136,1260,1945
78737,0,0,136,620,912
78738,0,0,17,80,115
78739,0,17,986,3568,5192
78741,0,121,362,3638,5355
78742,0,3,8,174,261
78744,0,98,371,6436,9659
78745,0,64,683,10484,15694
78746,0,0,1437,5886,8686
78747,0,0,173,3668,5689
78748,0,0,847,9377,14270
78749,0,21,965,6871,10322
78750,0,16,726,5205,7739
78751,0,11,187,1820,2677
78752,0,75,185,2044,3074
78753,0,76,421,6347,9444
78754,0,0,208,3581,5416
78756,0,2,195,1441,2114
78757,7,41,469,4410,6660
78758,0,274,618,5761,8638
78759,0,135,902,6770,10004
79015,0,0,509,6025,6267
79101,0,17,50,1337,1368
79102,0,117,245,3335,3397
79103,0,150,235,3750,3808
79104,0,25,94,2684,2728
79106,0,225,644,9862,10097
79107,0,262,501,10547,10754
79108,0,45,179,4844,4958
79109,0,152,746,14791,15081
79110,0,73,219,7955,8036
79111,0,5,13,334,336
79118,17,96,402,8538,8660
79119,20,65,438,4758,4929
79121,0,10,140,2407,2462
79124,0,46,315,2894,3036
79363,0,3,37,486,502
79364,0,0,0,12,12
79382,0,0,3,39,40
79401,0,164,298,1688,1784
79403,0,118,314,4384,4479
79404,0,119,347,4402,4489
79407,0,132,381,5100,5211
79410,0,77,254,3573,3628
79411,0,86,168,2428,2504
79412,29,86,138,4701,4744
79413,0,168,544,7685,7941
79414,10,152,235,5131,5194
79415,0,157,334,4604,4690
79416,0,199,667,9422,9790
79423,0,135,931,12931,13282
79424,51,238,1308,16219,16779
79504,0,5,40,908,948
79508,0,0,8,554,562
79510,0,13,72,2088,2164
79525,0,0,1,16,17
79536,0,3,51,1219,1258
79562,0,1,25,462,479
79563,0,2,9,558,568
79601,0,202,552,7442,7636
79602,0,61,585,9522,9976
79603,0,138,378,8840,9098
79605,0,101,359,10808,11111
79606,0,92,351,8026,8260
79607,0,3,15,613,626
79701,0,330,954,11371,11583
79703,0,0,436,7289,7446
79705,0,116,1425,12081,12621
79706,0,51,904,9785,10093
79707,46,285,1586,10688,11076
79758,0,0,17,137,144
79761,0,47,585,11322,11661
79762,0,293,892,13349,13823
79763,51,234,763,9830,10034
79764,58,251,852,7950,8192
79765,0,52,441,4990,5158
79766,5,34,109,1125,1179
79901,49,254,789,2126,2200
79902,67,497,1872,5364,5548
79903,65,314,1565,5828,5899
79904,0,346,2401,9127,9295
79905,76,498,2034,6740,6851
79906,6,41,348,1495,1512
79907,14,579,3620,14250,14352
79908,0,7,166,846,849
79911,0,9,56,196,198
79912,320,1079,5695,19363,19862
79915,55,621,2948,10849,11016
79922,30,215,1078,3174,3276
79924,108,611,4543,17705,17848
79925,83,558,3005,11665,11796
79927,11,26,167,651,659
79928,0,10,105,398,402
79930,121,325,2010,7443,7511
79932,80,389,1706,5537,5692
79934,34,126,651,2368,2409
79935,51,179,1306,5013,5085
79936,0,927,7674,31461,31813
79938,3,9,66,283,286
84003,0,559,10822,11180,11180
84004,0,197,1913,2039,2039
84006,0,1,35,36,36
84009,0,301,6712,7006,7006
84010,0,468,11326,11653,11653
84014,0,70,1804,1850,1850
84015,0,310,16950,17243,17243
84020,0,741,11498,12142,12142
84025,0,190,4872,5002,5002
84037,0,546,9376,9736,9746
84040,0,224,6570,6780,6780
84041,0,335,12640,12872,12872
84042,0,120,2544,2617,2617
84043,0,538,13432,13805,13805
84044,0,152,7505,7581,7581
84045,0,0,1,1,1
84047,0,235,7395,7554,7561
84054,0,184,4987,5115,5115
84056,0,3,1061,1065,1065
84057,0,228,8329,8448,8448
84058,0,187,6569,6656,6656
84062,0,253,7058,7239,7239
84065,0,359,10257,10541,10541
84067,0,175,11589,11682,11694
84070,0,222,7518,7656,7656
84075,0,237,6638,6780,6780
84081,0,251,10703,10921,10921
84084,0,228,9782,9921,9921
84087,0,230,3877,4034,4034
84088,0,191,9393,9565,9565
84092,0,708,8099,8625,8625
84093,0,318,7048,7381,7381
84094,0,251,8185,8352,8352
84095,0,411,9161,9553,9553
84096,0,371,9755,10005,10005
84097,0,202,5476,5611,5611
84101,0,32,1123,1148,1148
84102,0,117,2834,2913,2916
84103,0,216,4845,5016,5016
84104,0,75,6242,6280,6286
84105,0,344,6486,6742,6742
84106,0,454,9373,9653,9653
84107,0,224,8142,8308,8308
84108,0,424,5335,5657,5657
84109,0,444,6620,6946,6946
84111,0,49,1661,1691,1693
84112,0,11,103,108,108
84115,0,191,6986,7071,7078
84116,0,192,7534,7649,7656
84117,0,359,6376,6649,6649
84118,0,204,18408,18557,18557
84119,0,240,11334,11425,11437
84120,0,281,12611,12777,12777
84121,0,539,11330,11729,11729
84123,0,204,9121,9232,9242
84124,0,260,5419,5657,5657
84128,0,76,7510,7594,7594
84129,0,17,709,721,721
84315,0,22,781,796,796
84318,0,21,873,892,892
84321,0,257,9348,9510,9510
84326,0,4,116,120,120
84332,0,66,2277,2338,2338
84335,0,45,2202,2242,2242
84339,0,0,4,4,4
84340,0,15,448,459,459
84341,0,127,4006,4088,4092
84401,0,240,9446,9609,9619
84403,0,336,9670,9888,9888
84404,0,412,15650,15872,15872
84405,0,283,8943,9144,9144
84414,0,296,7667,7816,7816
84532,0,150,3353,3404,3404
84535,0,0,4,4,4
84536,0,7,45,47,47
84601,0,174,6597,6697,6697
84604,0,173,5299,5418,5418
84606,0,126,3993,4066,4066
84660,0,144,6476,6581,6581
84663,0,156,6123,6229,6229
84664,0,68,939,978,978
84720,0,0,1,1,1
84737,0,14,406,411,411
84738,0,125,2471,2507,2507
84757,0,1,8,8,8
84758,0,0,25,25,25
84763,0,0,6,6,6
84764,0,4,126,127,127
84765,0,82,2067,2092,2092
84767,0,3,69,70,70
84770,0,431,12217,12340,12340
84775,0,0,17,17,17
84776,0,4,199,201,201
84779,0,0,4,4,4
84780,0,162,3465,3507,3507
84790,0,622,12787,12981,12981
20120,0,0,0,16,24
20121,0,0,0,0,8
20124,0,0,0,0,0
20147,0,0,1,1,1
20148,0,0,0,0,0
20151,0,0,0,5,5
20152,0,0,0,0,3
20164,8,12,36,48,52
20166,0,0,0,4,10
20170,0,0,0,0,0
20171,0,9,9,9,18
20190,1,8,12,16,17
20191,0,0,0,0,0
20194,0,0,0,0,0
22003,0,0,0,0,0
22015,12,12,18,24,35
22027,0,0,0,0,0
22030,0,0,0,0,0
22031,0,0,0,0,0
22032,0,0,0,0,8
22033,0,0,0,0,0
22039,0,0,0,0,0
22042,0,0,0,0,0
22043,0,0,0,0,5
22046,0,0,0,0,0
22066,0,0,0,0,0
22101,0,0,0,0,0
22102,0,0,0,0,7
22124,0,0,0,0,0
22150,0,0,0,0,0
22151,0,0,0,0,0
22152,0,0,0,0,0
22153,0,0,1,3,3
22180,0,0,0,9,13
22181,0,0,0,0,0
22182,0,0,0,0,0
22201,0,0,0,0,1
22202,0,0,0,0,0
22209,0,0,0,0,0
22314,0,0,0,0,0
22601,0,8,46,85,108
22602,0,0,0,10,25
22603,0,0,0,9,17
22620,0,0,0,0,0
22624,0,0,0,0,1
22630,0,0,0,0,0
22655,0,0,0,0,0
22656,0,0,0,1,2
22663,0,0,0,0,0
22801,0,0,0,0,41
22802,0,0,5,32,76
22812,0,0,0,0,0
22821,0,0,0,0,0
22827,0,0,0,0,0
22831,0,0,0,0,0
22832,0,0,0,0,0
22841,0,0,1,3,4
22846,0,0,0,0,0
22901,0,0,18,24,24
22902,0,0,0,0,0
22903,0,0,0,0,55
22911,0,0,0,0,0
22936,0,0,0,0,0
22939,0,0,0,2,2
22940,0,0,0,0,0
22947,0,0,0,0,0
22952,0,0,0,0,1
22980,0,0,0,0,0
23005,0,0,0,12,23
23030,0,0,0,0,0
23059,0,0,0,0,0
23060,0,0,0,0,0
23069,0,0,0,0,0
23075,0,0,0,0,12
23103,0,0,2,4,4
23111,0,0,0,0,0
23112,0,33,33,33,33
23113,0,0,0,0,0
23114,0,0,0,0,0
23116,0,0,0,0,0
23120,0,0,0,0,0
23146,0,0,0,0,0
23150,0,0,0,8,11
23219,0,0,0,0,12
23220,0,0,0,0,103
23221,0,0,0,8,12
23222,0,0,0,0,42
23223,0,0,0,0,0
23224,0,0,16,125,203
23225,0,0,0,13,40
23226,0,0,0,0,4
23227,0,0,0,5,22
23228,0,0,41,74,99
23229,0,0,6,6,17
23230,0,0,2,15,32
23231,0,0,0,75,139
23233,0,0,0,0,0
23234,0,0,0,19,38
23235,0,0,0,5,15
23236,0,0,0,0,0
23237,0,0,6,13,32
23238,0,0,0,0,0
23294,0,0,7,13,33
23314,0,0,0,0,0
23320,0,0,105,195,270
23321,0,0,0,0,20
23322,0,0,0,46,139
23323,0,0,0,0,0
23324,0,0,0,0,31
23325,0,0,0,0,19
23432,0,0,0,0,0
23433,0,0,0,0,0
23434,0,0,0,27,82
23435,0,0,0,0,26
23436,0,0,0,0,1
23451,0,0,0,31,61
23452,0,0,0,111,180
23453,0,0,0,0,41
23454,0,0,0,0,0
23455,0,0,0,0,14
23456,0,35,35,69,104
23457,0,0,0,0,0
23462,0,0,0,33,99
23464,0,0,0,0,0
23502,0,0,0,18,47
23503,0,0,0,7,90
23504,0,0,0,0,39
23505,0,0,0,0,0
23507,0,0,3,24,41
23508,0,0,0,19,53
23509,0,0,4,22,37
23510,0,0,0,0,6
23511,0,0,0,0,0
23513,0,0,29,87,94
23517,0,0,1,4,5
23518,0,0,0,16,39
23523,0,0,0,21,76
23601,0,0,0,0,30
23602,0,0,0,0,9
23603,0,0,0,0,0
23604,0,0,0,0,1
23605,0,0,0,0,34
23606,0,0,0,0,49
23607,0,0,62,151,248
23608,0,0,0,0,0
23651,0,0,0,1,1
23661,0,0,0,0,50
23662,0,12,29,33,33
23663,0,0,0,0,9
23664,0,0,0,0,0
23665,0,0,0,0,0
23666,0,0,0,14,85
23669,0,0,0,0,59
23692,0,0,0,0,0
23693,0,0,0,0,0
23696,0,0,0,1,3
23701,0,0,0,0,63
23702,0,0,0,0,0
23703,0,13,34,60,81
23704,0,0,0,38,134
23707,0,0,0,29,88
23801,0,0,1,4,9
23803,0,0,0,68,123
23805,0,0,0,0,0
23831,0,0,0,28,65
23832,0,0,0,62,86
23834,0,0,0,0,44
23836,0,0,0,0,0
23838,0,0,0,0,0
23842,0,0,0,1,1
23860,0,0,0,0,102
23875,0,0,0,0,0
23885,0,0,0,0,0
24011,0,0,0,0,1
24012,0,0,0,20,121
24013,0,0,0,0,21
24014,0,0,0,0,0
24015,0,0,0,0,0
24016,0,0,0,23,36
24017,0,0,0,0,7
24018,0,0,0,0,21
24019,0,0,0,0,0
24060,0,0,0,0,0
24073,0,0,0,0,9
24077,0,0,0,0,0
24101,0,0,0,0,0
24149,0,0,0,0,0
24153,0,0,0,0,0
24175,0,0,0,0,0
24179,0,0,0,0,0
24251,0,0,0,0,6
24258,0,0,0,0,0
24290,0,0,0,0,7
24366,0,0,0,0,0
24401,0,0,0,0,0
24431,0,0,0,0,0
24437,0,0,0,0,0
24440,0,0,0,0,0
24441,0,0,0,0,0
24467,0,0,0,0,2
24471,0,0,0,0,0
24477,0,0,0,0,0
24482,2,2,2,3,3
24486,0,0,0,0,0
24501,0,0,0,81,162
24502,0,0,0,0,95
24503,0,0,0,0,12
24504,0,0,0,22,68
24527,0,0,0,0,0
24538,0,0,0,0,1
24540,0,0,0,0,56
24541,0,0,0,0,34
24550,0,0,0,1,1
24551,0,0,0,0,0
24572,0,0,0,8,15
24586,0,0,0,0,1
24588,0,0,0,4,8
24605,0,0,0,0,13
24613,0,0,0,0,0
24635,0,0,0,0,2
5401,78,1019,5163,5226,5226
5403,34,860,4184,4222,4222
5404,0,287,1542,1551,1551
5408,0,400,2153,2173,2173
5446,5,134,880,887,887
5452,0,584,3462,3486,3486
5482,0,4,19,19,19
5495,0,353,1799,1821,1821
98001,0,0,0,0,0
98002,0,0,0,0,35
98003,0,0,0,0,78
98004,0,0,0,23,35
98005,0,0,0,0,0
98006,0,0,0,52,73
98007,0,0,0,0,11
98008,0,0,0,0,0
98010,0,0,0,0,0
98011,0,0,0,0,29
98012,0,0,0,0,0
98014,0,0,0,0,0
98019,0,0,0,0,4
98020,0,0,0,0,0
98021,0,0,0,18,18
98022,0,0,0,8,25
98023,0,0,0,0,77
98024,0,0,0,13,21
98026,0,0,0,0,0
98027,0,0,0,10,24
98028,0,0,11,34,57
98029,0,0,0,0,0
98030,0,0,0,30,52
98031,0,0,0,10,51
98032,0,0,0,23,46
98033,0,0,0,0,18
98034,0,0,0,0,11
98036,0,0,0,0,10
98037,0,0,0,0,14
98038,0,0,0,0,0
98039,0,0,0,0,0
98040,0,0,0,0,18
98042,0,0,0,0,12
98043,0,0,0,0,0
98045,0,0,0,0,0
98047,0,0,0,2,4
98051,0,0,0,0,0
98052,0,0,0,0,12
98053,0,0,0,0,6
98055,0,0,0,22,33
98056,0,0,0,0,0
98057,0,0,0,0,0
98058,0,0,0,0,57
98059,0,0,0,10,21
98065,0,0,0,0,0
98070,0,0,0,0,5
98072,0,0,0,0,0
98074,0,0,0,0,6
98075,0,0,0,0,0
98077,0,0,0,0,0
98087,0,0,0,0,7
98092,0,0,26,65,77
98101,0,0,0,0,0
98102,0,0,0,3,14
98103,0,0,0,0,0
98104,0,0,0,0,0
98105,0,0,0,0,0
98106,0,0,0,0,0
98107,0,0,0,0,5
98108,0,0,0,0,0
98109,0,0,0,3,13
98110,0,0,0,0,19
98112,0,0,0,16,27
98115,0,0,0,0,0
98116,0,0,0,0,0
98117,0,0,0,0,11
98118,0,0,0,0,11
98119,0,0,0,0,0
98121,0,0,0,0,2
98122,0,0,0,0,45
98125,0,0,0,0,0
98126,0,0,0,0,20
98133,0,0,0,0,40
98134,0,0,0,0,1
98136,0,0,0,0,10
98144,0,0,0,0,14
98146,0,0,0,0,23
98148,0,0,0,0,5
98155,0,8,15,31,46
98164,0,0,0,0,0
98166,0,0,0,0,13
98168,0,0,0,17,44
98177,0,0,0,0,0
98178,0,0,0,0,15
98188,0,0,0,23,41
98198,0,0,0,0,0
98199,0,0,0,0,6
98201,0,0,0,0,0
98203,0,0,0,0,10
98204,0,0,0,0,27
98208,0,0,0,0,0
98221,0,0,0,0,0
98223,0,0,0,0,21
98225,0,0,0,0,0
98226,0,0,0,0,9
98229,0,0,0,0,0
98232,0,0,1,1,1
98233,0,0,0,0,9
98258,0,0,0,0,14
98270,0,0,0,0,0
98271,0,0,0,0,6
98272,0,0,0,0,7
98273,0,0,0,0,0
98274,0,0,0,0,27
98275,0,0,0,0,0
98277,0,0,0,0,16
98284,0,0,0,0,9
98290,0,0,0,0,0
98294,0,0,0,0,1
98296,0,0,0,0,0
98310,0,0,0,0,18
98311,0,0,0,0,0
98312,0,0,0,0,8
98314,0,0,0,0,0
98315,0,0,0,0,0
98321,0,0,0,0,0
98323,0,0,0,0,0
98327,0,0,0,0,9
98332,0,0,0,0,5
98333,0,0,0,0,0
98335,0,0,0,0,0
98337,0,0,0,9,15
98338,0,0,0,0,0
98345,0,0,0,0,0
98354,0,0,0,0,7
98359,0,0,0,0,0
98360,0,0,0,0,0
98366,0,0,0,0,23
98367,0,0,0,0,7
98370,0,0,3,8,12
98371,0,0,0,0,0
98372,0,0,0,0,0
98373,0,0,14,14,21
98374,0,0,0,0,23
98375,0,0,18,53,89
98383,0,0,0,4,17
98385,0,0,0,0,0
98387,0,0,0,0,0
98388,0,0,0,0,0
98390,0,0,0,0,13
98391,0,0,15,30,61
98402,0,0,0,0,0
98403,0,0,0,0,6
98404,0,0,0,0,0
98405,0,0,0,0,0
98406,0,0,0,0,8
98407,0,0,0,0,0
98408,0,0,0,0,0
98409,0,0,0,0,15
98418,0,0,0,0,0
98422,0,0,0,0,0
98424,0,0,0,0,0
98433,0,0,0,0,0
98439,0,0,0,0,7
98443,0,0,0,0,3
98444,0,0,0,0,17
98445,0,0,0,0,31
98446,0,0,0,0,0
98465,0,0,0,0,0
98466,0,0,0,0,0
98467,0,0,0,0,11
98498,0,0,0,0,0
98499,0,0,0,0,35
98501,0,0,0,0,26
98502,0,0,0,0,18
98503,0,0,0,0,10
98506,0,0,0,0,0
98512,0,0,0,0,0
98513,0,0,0,0,28
98516,0,0,0,0,13
98604,0,0,0,0,9
98606,0,0,0,0,0
98607,0,0,0,0,0
98611,0,0,0,0,0
98626,0,0,0,0,0
98629,0,0,0,0,0
98632,0,0,0,36,72
98642,0,0,0,0,0
98660,0,0,0,0,4
98661,0,0,0,0,46
98662,0,0,0,0,21
98663,0,0,0,0,5
98664,0,0,0,0,13
98665,0,0,0,0,0
98671,0,0,0,0,0
98682,0,0,0,0,66
98683,0,0,0,0,0
98684,0,0,0,0,0
98685,0,0,0,0,0
98686,0,0,0,0,0
98801,0,0,0,11,112
98802,0,0,0,9,56
98828,0,0,0,0,0
98837,0,0,0,0,112
98901,0,0,0,5,48
98902,0,0,0,54,134
98903,0,0,0,0,0
98908,0,0,0,0,24
98922,0,0,0,0,0
98926,0,0,0,0,27
98937,0,0,0,0,0
98942,0,0,0,41,60
99004,0,0,0,0,6
99005,0,0,0,1,1
99016,0,0,0,41,58
99019,0,0,0,0,6
99021,3,3,3,8,8
99023,0,0,0,0,0
99025,0,0,0,0,0
99026,0,0,0,0,1
99027,0,0,0,0,0
99036,0,0,0,0,0
99037,0,0,0,19,24
99201,0,0,0,0,23
99202,0,0,0,21,92
99203,0,0,0,0,14
99204,0,0,0,0,0
99205,0,0,15,46,107
99206,0,0,0,0,45
99207,0,0,0,0,19
99208,0,0,0,29,74
99212,0,0,0,0,0
99216,0,0,29,43,80
99217,0,0,0,0,31
99218,0,0,0,0,0
99223,0,0,0,0,9
99224,0,0,0,0,24
99301,0,0,65,129,323
99320,0,0,0,0,1
99323,0,0,2,2,3
99336,0,0,41,122,230
99337,0,0,0,0,0
99338,0,0,0,15,25
99352,0,0,0,0,10
99353,0,0,0,22,31
99354,0,0,0,0,36
99403,0,0,0,0,13
