zip,panels_1_years_2500_incentive,panels_2_years_2500_incentive,panels_3_years_2500_incentive,panels_4_years_2500_incentive,panels_5_years_2500_incentive
99501,0,0,0,0,0
99502,0,0,0,0,0
99503,0,0,0,0,0
99504,0,0,0,0,15
99506,0,0,0,3,7
99507,0,0,0,0,0
99508,0,0,0,0,0
99515,0,0,0,0,11
99516,0,0,0,0,0
99517,0,0,0,0,0
99518,0,0,0,0,0
99701,0,0,0,0,0
99703,0,0,0,0,0
99709,0,0,0,0,4
99712,0,0,0,0,0
35004,0,0,0,0,0
35005,8,8,8,8,8
35007,47,47,47,47,47
35014,0,0,0,0,0
35020,101,101,101,101,101
35022,0,0,0,0,0
35023,26,26,26,26,26
35040,15,15,15,15,15
35043,0,0,0,0,0
35044,0,0,0,0,0
35051,0,0,0,0,0
35055,118,118,118,118,118
35057,1,1,1,1,1
35058,0,0,0,0,0
35061,0,0,0,0,0
35064,18,18,18,18,18
35068,2,2,2,2,2
35071,0,0,0,0,0
35072,0,0,0,0,0
35073,0,0,0,0,0
35077,3,3,3,3,3
35080,0,0,0,0,0
35094,0,0,0,0,0
35096,1,1,1,1,1
35111,8,8,8,8,8
35114,4,4,4,4,4
35115,0,0,0,0,0
35116,0,0,0,0,0
35117,27,27,27,27,27
35118,0,0,0,0,0
35124,45,45,45,45,45
35126,8,8,8,8,8
35127,0,0,0,0,0
35147,7,7,7,7,7
35150,63,63,63,63,63
35151,0,0,0,0,0
35160,9,9,9,9,9
35173,0,0,0,0,0
35176,1,1,1,1,1
35179,2,2,2,2,2
35184,0,0,0,0,0
35188,0,0,0,0,0
35203,15,15,15,15,15
35204,97,97,97,97,97
35205,23,23,23,23,23
35206,40,40,40,40,40
35207,74,74,74,74,74
35208,39,39,39,39,39
35209,10,10,10,10,10
35210,5,5,5,5,5
35211,143,143,143,143,143
35212,129,129,129,129,129
35213,24,24,24,24,24
35214,0,0,0,0,0
35215,229,229,229,229,229
35216,13,13,13,13,13
35217,104,104,104,104,104
35218,68,68,68,68,68
35221,50,50,50,50,50
35222,3,3,3,3,3
35223,11,11,11,11,11
35224,29,29,29,29,29
35226,69,69,69,69,69
35228,73,73,73,73,73
35233,30,30,30,30,30
35234,22,22,22,22,22
35235,0,0,0,0,0
35242,47,47,47,47,47
35243,0,0,0,0,0
35244,18,18,18,18,18
35401,404,404,404,404,404
35404,169,169,169,169,169
35405,162,162,162,162,162
35406,63,63,63,63,63
35444,0,0,0,0,0
35452,0,0,0,0,0
35453,9,9,9,9,9
35456,4,4,4,4,4
35463,0,0,0,0,0
35473,0,0,0,0,0
35474,0,0,0,0,0
35475,0,0,0,0,0
35476,56,56,56,56,56
35490,1,1,1,1,1
35601,53,53,53,53,53
35603,0,0,0,0,0
35611,45,45,45,45,45
35613,0,0,0,0,0
35614,0,0,0,0,0
35616,0,0,0,0,0
35630,21,21,21,21,21
35633,0,0,0,0,0
35634,0,0,0,0,0
35645,0,0,0,0,0
35660,10,10,10,10,10
35661,60,60,60,60,60
35671,0,0,0,0,0
35673,0,0,0,0,0
35674,0,0,0,0,0
35741,0,0,0,0,0
35748,0,0,0,0,0
35749,0,0,0,0,0
35750,0,0,0,0,0
35754,0,0,0,0,0
35756,6,6,6,6,6
35757,42,42,42,42,42
35758,92,92,92,92,92
35759,9,9,9,9,9
35761,4,4,4,4,4
35763,0,0,0,0,0
35773,1,1,1,1,1
35775,1,1,1,1,1
35801,10,10,10,10,10
35802,0,0,0,0,0
35803,20,20,20,20,20
35805,7,7,7,7,7
35806,0,0,0,0,0
35808,0,0,0,0,0
35810,0,0,0,0,0
35811,0,0,0,0,0
35816,104,104,104,104,104
35824,0,0,0,0,0
35901,22,22,22,22,22
35903,25,25,25,25,25
35904,27,27,27,27,27
35905,0,0,0,0,0
35906,0,0,0,0,0
35950,21,21,21,21,21
35951,7,7,7,7,7
35954,17,17,17,17,17
35956,1,1,1,1,1
35957,26,26,26,26,26
35976,11,11,11,11,11
35980,0,0,0,0,0
36020,5,5,5,5,5
36022,9,9,9,9,9
36025,13,13,13,13,13
36043,0,0,0,0,0
36054,28,28,28,28,28
36064,0,0,0,0,0
36066,6,6,6,6,6
36067,83,83,83,83,83
36079,0,0,0,0,0
36081,48,48,48,48,48
36092,9,9,9,9,9
36093,7,7,7,7,7
36104,77,77,77,77,77
36105,11,11,11,11,11
36106,0,0,0,0,0
36107,26,26,26,26,26
36108,141,141,141,141,141
36109,69,69,69,69,69
36110,50,50,50,50,50
36111,50,50,50,50,50
36112,0,0,0,0,0
36113,0,0,0,0,0
36115,0,0,0,0,0
36116,55,55,55,55,55
36117,173,173,173,173,173
36201,51,51,51,51,51
36203,51,51,51,51,51
36205,3,3,3,3,3
36206,14,14,14,14,14
36207,43,43,43,43,43
36250,0,0,0,0,0
36260,0,0,0,0,0
36265,17,17,17,17,17
36268,2,2,2,2,2
36277,1,1,1,1,1
36301,96,96,96,96,96
36303,95,95,95,95,95
36305,32,32,32,32,32
36312,0,0,0,0,0
36321,0,0,0,0,0
36322,10,10,10,10,10
36330,84,84,84,84,84
36345,18,18,18,18,18
36350,2,2,2,2,2
36351,0,0,0,0,0
36360,77,77,77,77,77
36362,10,10,10,10,10
36376,0,0,0,0,0
36509,11,11,11,11,11
36511,0,0,0,0,0
36523,2,2,2,2,2
36526,0,0,0,0,0
36527,32,32,32,32,32
36530,1,1,1,1,1
36532,79,79,79,79,79
36535,67,67,67,67,67
36541,9,9,9,9,9
36542,0,0,0,0,0
36544,25,25,25,25,25
36551,7,7,7,7,7
36555,3,3,3,3,3
36561,7,7,7,7,7
36567,24,24,24,24,24
36571,54,54,54,54,54
36572,5,5,5,5,5
36575,0,0,0,0,0
36576,4,4,4,4,4
36580,18,18,18,18,18
36582,131,131,131,131,131
36587,4,4,4,4,4
36602,2,2,2,2,2
36603,71,71,71,71,71
36604,73,73,73,73,73
36605,55,55,55,55,55
36606,30,30,30,30,30
36607,56,56,56,56,56
36608,50,50,50,50,50
36609,94,94,94,94,94
36610,123,123,123,123,123
36611,67,67,67,67,67
36612,19,19,19,19,19
36613,47,47,47,47,47
36617,0,0,0,0,0
36618,36,36,36,36,36
36619,48,48,48,48,48
36693,60,60,60,60,60
36695,196,196,196,196,196
36752,0,0,0,0,0
36801,43,43,43,43,43
36804,24,24,24,24,24
36830,164,164,164,164,164
36832,67,67,67,67,67
36856,0,0,0,0,0
36867,153,153,153,153,153
36869,149,149,149,149,149
36870,31,31,31,31,31
36875,0,0,0,0,0
36877,14,14,14,14,14
36879,0,0,0,0,0
71601,21,302,439,2475,6678
71602,0,43,252,2182,6023
71603,0,126,704,4503,12227
71837,0,0,0,2,6
71854,0,406,764,4285,11685
71901,0,48,278,1483,5925
71913,0,61,386,2387,9963
71956,0,0,0,2,8
71964,0,1,2,22,118
71968,0,0,1,8,43
72002,11,37,167,1127,3611
72007,0,12,78,590,1742
72011,0,0,15,117,380
72012,0,28,111,1110,3428
72015,0,89,366,2956,9739
72019,0,17,251,1743,5442
72022,0,16,120,1477,5385
72023,0,0,321,3761,11771
72065,0,2,9,49,158
72068,0,0,0,4,15
72076,0,132,540,3432,11771
72081,0,1,9,100,337
72082,0,3,5,78,262
72086,0,0,53,491,1476
72103,0,16,85,799,3097
72113,0,0,263,1965,6731
72114,0,96,343,1288,3837
72116,0,57,264,1548,5042
72117,0,73,331,1619,5490
72118,0,25,245,1656,6142
72120,0,19,312,2753,9241
72135,0,0,16,85,262
72142,0,12,40,251,740
72143,0,66,197,1784,5853
72167,0,0,1,4,11
72176,0,17,82,685,2066
72201,0,15,53,193,586
72202,0,83,204,929,2773
72204,0,120,412,2099,7311
72205,0,37,284,1437,5109
72206,0,218,627,2707,8461
72207,2,25,199,803,2362
72209,0,200,342,1775,6351
72210,0,43,111,914,3502
72211,0,0,247,1652,5208
72212,0,14,305,1218,3340
72223,0,21,492,1802,5049
72227,0,51,218,818,2298
72364,0,0,1,7,26
72376,0,0,0,1,2
72401,179,487,1006,5357,15875
72404,0,63,246,2155,6885
72411,0,0,0,10,36
72416,2,12,23,194,591
72417,0,0,0,19,63
72701,68,434,884,6624,8239
72703,0,90,457,5886,7296
72704,0,115,427,4833,6176
72712,11,107,1218,8804,10322
72718,0,2,34,283,365
72719,0,33,186,2134,2670
72730,0,15,45,1129,1440
72745,12,20,62,1976,2449
72753,0,0,0,1,1
72756,0,40,232,2649,6516
72758,0,44,621,6766,8517
72762,0,246,668,9910,11468
72764,0,173,604,9751,12131
72774,0,0,0,1,2
72801,0,83,299,1893,5413
72802,0,8,80,844,2458
72834,0,16,41,374,1081
72837,0,0,0,5,16
72847,0,5,8,68,188
72858,0,3,13,109,308
72901,29,143,264,3915,7074
72903,0,58,357,4655,8131
72904,0,160,384,3533,6286
72908,0,10,129,2594,4892
72916,0,27,220,1343,2332
72921,0,0,16,192,353
72923,0,8,48,899,1639
72941,0,0,4,64,114
72956,43,235,438,5754,10495
85003,0,249,2174,2220,2227
85004,0,218,1565,1625,1627
85006,0,500,6892,7047,7047
85007,0,362,4794,4872,4877
85008,0,433,10481,10555,10555
85009,81,620,13307,13482,13482
85012,0,299,2168,2224,2228
85013,0,451,5526,5622,5627
85014,0,447,6533,6660,6660
85015,0,512,8158,8224,8240
85016,0,1014,9886,10149,10149
85017,0,443,7777,7904,7912
85018,0,1680,11521,11926,11926
85019,0,330,6626,6714,6727
85020,0,794,10313,10439,10449
85021,9,546,9121,9242,9242
85022,0,901,14817,15027,15027
85023,0,505,9760,9889,9889
85024,0,602,7578,7702,7709
85027,0,664,11888,12057,12057
85028,0,918,7944,8123,8123
85029,0,646,11989,12172,12184
85031,0,207,6846,6908,6915
85032,0,1187,20615,20823,20823
85033,0,481,12201,12312,12324
85034,0,343,3078,3160,3166
85035,0,241,9555,9612,9622
85037,52,611,12869,13012,13012
85040,0,581,9337,9499,9508
85041,0,858,17629,17879,17897
85042,0,719,12352,12604,12604
85043,0,473,9873,10034,10034
85044,0,957,12285,12562,12574
85045,0,378,2199,2320,2320
85048,0,1376,11217,11587,11599
85050,0,1667,10310,10695,10695
85051,0,406,11135,11270,11270
85053,0,486,8902,9010,9010
85054,9,137,1301,1329,1329
85083,19,928,6154,6363,6363
85085,0,417,4059,4163,4167
85118,12,340,6101,6175,6175
85119,0,472,9895,10046,10046
85120,0,540,14064,14178,14206
85132,0,205,3263,3313,3316
85140,0,639,10466,10647,10658
85142,0,1839,19879,20411,20411
85143,13,531,13113,13272,13272
85201,0,407,10301,10395,10405
85202,0,379,9151,9272,9272
85203,0,564,10058,10263,10263
85204,0,587,16592,16794,16794
85205,0,846,16643,16914,16914
85206,0,603,14598,14687,14716
85207,0,1658,18562,19077,19077
85208,0,459,15606,15796,15812
85209,0,924,15938,16198,16230
85210,0,475,8811,8945,8963
85212,0,671,7257,7451,7451
85213,46,974,11165,11486,11486
85215,33,761,8141,8367,8367
85224,0,659,13471,13732,13732
85225,0,933,20004,20288,20288
85226,0,1139,12341,12644,12657
85233,0,962,12547,12829,12829
85234,0,1582,16033,16462,16478
85248,0,1616,15660,16012,16012
85249,0,2574,15316,16120,16120
85250,51,730,7116,7298,7298
85251,0,1025,10302,10534,10534
85253,0,2174,7901,8378,8378
85254,0,2146,16137,16653,16653
85255,35,3128,16660,17247,17265
85256,0,173,1762,1789,1794
85257,0,770,9337,9518,9518
85258,0,1720,10151,10563,10563
85259,0,1498,8275,8602,8602
85260,13,1399,12460,12794,12794
85262,13,1407,5911,6255,6255
85266,0,1392,6519,6870,6870
85268,0,1079,10133,10382,10393
85281,0,899,10608,10847,10847
85282,0,806,14685,14879,14909
85283,12,808,11792,12045,12045
85284,0,1142,6909,7234,7234
85286,0,1351,13143,13494,13494
85295,14,1323,13098,13503,13503
85296,0,1274,14237,14632,14647
85297,0,1221,10185,10533,10533
85298,0,1590,12178,12607,12607
85301,0,712,12695,12928,12954
85302,0,603,10587,10748,10759
85303,0,274,8768,8839,8848
85304,0,506,8630,8717,8726
85305,0,146,3229,3255,3255
85306,0,347,7968,8073,8073
85307,0,70,2905,2917,2917
85308,46,1815,22516,22998,22998
85310,0,824,7366,7563,7563
85323,0,508,11485,11566,11566
85326,0,514,15056,15147,15147
85329,0,9,152,154,154
85331,14,2179,13928,14462,14462
85335,0,490,10761,10892,10892
85338,0,703,12188,12361,12361
85339,0,892,13201,13485,13485
85340,0,795,9878,10059,10059
85345,135,827,18976,19226,19226
85350,0,11,218,221,221
85351,0,798,16765,16952,16969
85353,0,439,10621,10717,10717
85355,0,318,4014,4075,4075
85363,0,74,2226,2244,2246
85364,0,1250,19839,20142,20162
85365,0,887,13811,14092,14092
85367,0,450,8540,8661,8661
85373,0,481,8777,8902,8902
85374,18,1169,18010,18266,18266
85375,0,701,16885,17056,17056
85377,0,38,226,233,234
85378,0,172,3398,3432,3439
85379,0,723,14268,14456,14456
85381,0,600,8318,8437,8437
85382,0,1015,14721,14900,14915
85383,0,2278,17453,17937,17937
85387,0,153,3545,3570,3570
85388,9,584,9118,9266,9266
85392,0,593,11040,11197,11197
85395,0,1338,11040,11335,11335
85396,0,262,3212,3278,3278
85607,0,490,5678,5758,5764
85621,0,195,3155,3240,3240
85626,0,17,108,111,111
85648,0,77,2227,2250,2254
85658,0,325,3395,3454,3454
85701,0,195,1850,1905,1907
85704,47,893,11538,11761,11761
85705,15,1079,14894,15168,15183
85706,0,632,12712,12919,12919
85708,0,16,662,664,666
85710,0,770,16879,17067,17084
85711,0,728,13301,13463,13476
85712,0,501,10078,10201,10211
85713,0,761,13672,13852,13852
85714,0,239,4912,4967,4972
85715,0,501,7149,7272,7272
85716,0,658,10612,10785,10785
85718,23,1803,11011,11421,11421
85719,0,1009,11741,11969,12005
85730,0,460,12681,12770,12770
85735,0,7,195,196,196
85736,0,1,15,15,15
85737,24,693,7944,8148,8148
85739,0,6,74,75,75
85741,0,352,11306,11352,11363
85742,0,843,9880,10041,10051
85743,0,145,2167,2202,2204
85745,0,1076,12364,12630,12642
85746,0,555,12453,12579,12591
85747,8,533,8231,8339,8339
85748,0,537,7525,7671,7671
85749,8,1026,8295,8474,8474
85750,10,1484,9935,10232,10232
85755,0,719,7295,7414,7421
85756,0,322,7256,7315,7315
85757,0,139,2228,2266,2268
85901,16,177,3880,3927,3927
85929,8,113,1921,1948,1948
86001,101,826,8230,8432,8432
86004,14,559,6767,6905,6905
86005,0,3,54,55,55
86011,0,2,17,17,17
86040,0,141,2565,2607,2607
86301,0,531,9968,10028,10028
86303,0,439,4498,4567,4581
86305,16,464,5137,5215,5215
86314,0,512,13388,13482,13482
86315,5,81,1735,1750,1750
86323,0,103,3526,3547,3551
86325,0,0,13,13,13
86327,0,120,2117,2147,2147
86329,0,0,109,109,109
86336,35,659,6838,7013,7013
86351,13,159,1833,1872,1872
86403,0,328,8723,8865,8874
86404,0,362,7434,7532,7532
86406,0,620,11355,11447,11470
86434,0,0,1,1,1
90001,0,393,9670,9827,9827
90002,0,455,8287,8422,8422
90003,0,678,11499,11674,11674
90004,0,495,6464,6610,6610
90005,0,118,1706,1733,1737
90006,0,216,4447,4501,4501
90007,0,409,3883,4015,4015
90008,0,513,5965,6093,6093
90010,0,29,298,305,305
90011,0,462,12606,12798,12798
90012,0,118,1565,1596,1599
90013,0,83,535,557,557
90014,0,33,228,238,238
90015,0,202,1654,1706,1709
90016,0,688,9062,9285,9285
90017,0,53,549,562,562
90018,0,571,8133,8290,8290
90019,21,892,10370,10625,10625
90020,0,111,1574,1606,1606
90021,0,222,1561,1623,1623
90022,11,459,10789,10942,10942
90023,0,252,7323,7411,7426
90024,0,501,3469,3633,3633
90025,5,584,4561,4746,4746
90026,0,942,9652,9890,9900
90027,0,682,6433,6618,6618
90028,0,177,2061,2112,2112
90029,0,227,3675,3716,3724
90031,0,365,5696,5800,5800
90032,0,499,7956,8169,8169
90033,0,309,6215,6297,6310
90034,0,551,6814,6967,6967
90035,5,648,5125,5311,5311
90036,0,658,5370,5541,5541
90037,0,426,8265,8349,8365
90038,0,211,3131,3198,3198
90039,0,897,6902,7161,7161
90040,0,188,3232,3308,3308
90041,0,613,5505,5675,5675
90042,0,679,9326,9565,9565
90043,0,1075,11585,11931,11943
90044,0,982,15063,15354,15354
90045,0,1376,10096,10572,10583
90046,0,738,6638,6850,6850
90047,0,839,12634,12866,12905
90048,0,672,4431,4611,4611
90049,0,1501,7767,8210,8210
90056,0,371,2482,2612,2615
90057,0,86,1411,1439,1439
90058,0,103,2078,2112,2112
90059,0,455,6860,6958,6979
90061,0,476,5653,5810,5810
90062,0,456,6463,6589,6589
90063,0,302,9035,9145,9145
90064,0,1089,6747,7035,7035
90065,0,1103,8965,9262,9271
90066,0,1458,11070,11494,11494
90067,0,31,203,212,212
90068,0,613,4519,4683,4683
90069,0,454,3286,3415,3415
90077,0,701,2726,2928,2928
90094,0,65,338,355,355
90201,0,356,13039,13171,13171
90210,0,1494,6442,6876,6876
90211,0,265,1656,1727,1729
90212,0,332,2005,2076,2076
90220,0,597,11287,11482,11505
90221,0,480,10064,10207,10217
90222,0,362,6588,6709,6709
90230,0,847,5923,6209,6209
90232,0,577,3945,4114,4114
90240,0,524,6288,6457,6457
90241,0,405,8895,8994,9003
90242,0,438,8271,8423,8423
90245,0,697,4853,5125,5125
90247,0,502,9126,9293,9293
90248,0,286,4179,4282,4282
90249,0,513,6973,7137,7137
90250,0,872,16203,16450,16450
90254,0,773,4825,5107,5107
90255,0,395,9788,9877,9887
90260,0,286,7632,7740,7740
90262,0,390,10704,10812,10812
90265,0,1156,5520,5929,5935
90266,0,2158,10540,11396,11396
90270,0,119,3465,3503,3503
90272,0,1723,7047,7693,7693
90274,0,1836,8566,9123,9123
90275,0,2305,13157,13995,13995
90277,0,908,8060,8405,8405
90278,0,1457,10350,10850,10850
90280,0,567,15156,15310,15325
90290,0,263,1530,1626,1626
90291,0,1029,6383,6691,6691
90292,0,258,1608,1675,1675
90293,0,231,1769,1846,1848
90301,0,250,5715,5820,5820
90302,0,239,4714,4785,4785
90303,0,311,5239,5352,5352
90304,0,203,4434,4501,4501
90305,0,240,4349,4438,4438
90401,0,105,678,708,708
90402,0,772,3090,3341,3341
90403,0,534,2948,3106,3106
90404,0,424,3184,3307,3307
90405,0,851,5269,5523,5523
90501,10,842,9502,9806,9806
90502,0,231,4550,4638,4638
90503,0,941,9689,10019,10019
90504,0,813,8763,9016,9025
90505,0,1039,9617,9997,9997
90601,0,589,7867,8077,8077
90602,0,214,4775,4857,4857
90603,0,514,5859,6034,6034
90604,0,779,9198,9502,9502
90605,0,715,9431,9663,9663
90606,0,410,7443,7572,7579
90620,0,752,12094,12546,12558
90621,0,301,6388,6545,6552
90623,0,377,4089,4328,4332
90630,0,833,12852,13429,13442
90631,0,907,16180,16768,16785
90638,0,1067,13099,13490,13490
90640,0,820,12693,13005,13005
90650,0,1111,21817,22217,22217
90660,0,993,14028,14345,14345
90670,0,318,5899,6025,6025
90680,0,337,5804,5991,5997
90701,0,223,4066,4136,4140
90703,0,1596,14082,14609,14623
90706,0,769,15113,15359,15359
90710,0,381,5731,5860,5860
90712,0,785,9617,9935,9935
90713,0,859,8936,9241,9241
90715,0,246,4205,4304,4304
90716,0,69,2377,2398,2398
90717,0,526,5477,5652,5652
90720,0,784,6744,7211,7211
90723,0,268,9479,9584,9584
90731,0,983,11960,12292,12304
90732,0,678,5453,5698,5704
90740,0,389,5991,6261,6267
90744,0,441,9649,9806,9816
90745,0,1060,12931,13262,13262
90746,0,776,7987,8227,8243
90755,0,206,2713,2785,2788
90802,0,202,2972,3057,3057
90803,0,702,8216,8453,8461
90804,0,260,5677,5775,5775
90805,0,723,16995,17219,17219
90806,0,353,7405,7495,7502
90807,0,779,8027,8284,8284
90808,0,1526,13065,13583,13597
90810,0,446,7701,7826,7834
90813,0,288,6598,6692,6692
90814,0,282,4048,4148,4152
90815,0,1186,11632,11991,11991
91001,0,1238,9013,9448,9448
91006,0,1162,9220,9685,9685
91007,0,620,7622,7858,7858
91008,0,82,489,517,517
91010,0,427,6156,6295,6295
91011,0,1259,5606,6048,6048
91016,0,862,10223,10518,10518
91020,0,179,1501,1544,1545
91024,0,369,2886,3000,3000
91030,0,522,4325,4506,4506
91040,0,494,5505,5687,5692
91042,0,448,6155,6306,6306
91101,0,162,1351,1406,1406
91103,0,517,4661,4820,4825
91104,0,672,7137,7366,7381
91105,0,483,2545,2693,2693
91106,0,389,3763,3891,3895
91107,0,1110,9053,9490,9490
91108,0,804,3931,4182,4186
91201,0,286,4405,4468,4468
91202,0,397,3997,4091,4099
91203,0,132,1637,1672,1672
91204,0,110,1901,1934,1934
91205,0,300,4090,4161,4161
91206,0,402,4645,4779,4779
91207,0,304,2487,2553,2553
91208,0,469,3790,3940,3940
91214,0,1008,7613,7946,7946
91301,0,1264,6949,7393,7393
91302,0,1572,7181,7788,7788
91303,0,184,3151,3216,3216
91304,0,732,9503,9777,9777
91306,0,669,8737,8933,8933
91307,0,875,7690,8019,8019
91311,0,1067,10042,10384,10384
91316,0,541,4985,5150,5150
91320,0,1784,13070,13920,13920
91321,0,548,6118,6288,6295
91324,0,533,5956,6103,6109
91325,0,698,6459,6652,6652
91326,0,1449,9843,10296,10296
91331,0,887,17755,18063,18063
91335,26,771,12841,13089,13089
91340,0,446,7079,7194,7194
91342,0,990,17319,17690,17690
91343,53,850,10333,10642,10642
91344,0,1412,14179,14709,14709
91345,0,380,4416,4516,4525
91350,0,913,9794,10159,10159
91351,0,523,8257,8426,8435
91352,0,829,10238,10490,10490
91354,0,1015,7687,8050,8050
91355,16,762,7881,8108,8108
91356,0,776,5833,6108,6108
91360,0,1174,12072,12603,12628
91361,0,886,6723,7137,7137
91362,0,1522,10477,11099,11121
91364,0,922,6864,7202,7202
91367,0,913,8555,8874,8874
91377,0,571,3811,4107,4107
91381,0,736,4530,4779,4779
91384,0,3,31,32,32
91387,0,409,3658,3795,3795
91390,0,356,2715,2849,2849
91401,27,553,6666,6837,6837
91402,0,366,6938,7030,7037
91403,0,558,4283,4443,4443
91405,0,388,5860,5967,5967
91406,0,676,9198,9376,9376
91411,0,285,3216,3302,3302
91423,0,693,5467,5672,5672
91436,0,923,4381,4636,4636
91501,0,238,3389,3454,3454
91502,0,67,1511,1528,1528
91504,0,682,5959,6149,6149
91505,0,918,8485,8756,8756
91506,0,720,5507,5724,5724
91601,0,437,5115,5257,5257
91602,0,262,2934,3012,3012
91604,0,867,5517,5771,5771
91605,0,657,9615,9801,9801
91606,0,429,6897,7031,7038
91607,0,363,4251,4364,4369
91701,0,975,11744,12057,12057
91702,0,574,12282,12494,12494
91706,15,619,15352,15507,15507
91708,0,98,1780,1811,1811
91709,0,2040,19358,19998,20038
91710,0,1251,20708,21154,21154
91711,0,1068,9668,10051,10051
91722,0,461,8345,8541,8541
91723,0,241,4227,4304,4304
91724,0,406,7091,7243,7243
91730,0,1059,14779,15142,15142
91731,0,166,5278,5342,5342
91732,0,531,11040,11254,11254
91733,0,348,9057,9167,9167
91737,0,762,6834,7060,7060
91739,0,1377,9347,9757,9767
91740,0,438,6690,6840,6840
91741,0,937,8714,9038,9038
91744,0,823,16506,16791,16791
91745,0,1428,14094,14575,14575
91746,0,454,7179,7333,7333
91748,0,734,11413,11634,11658
91750,0,991,10889,11250,11250
91752,0,560,8544,8754,8754
91754,0,688,8050,8265,8265
91755,0,357,5924,6039,6045
91761,0,712,14933,15160,15160
91762,0,599,12864,13020,13033
91763,0,304,8147,8237,8237
91764,0,362,10232,10325,10325
91765,0,1304,12271,12769,12769
91766,0,754,13969,14197,14225
91767,0,580,10161,10358,10358
91768,0,240,6563,6656,6656
91770,0,649,14245,14433,14433
91773,0,870,9754,10128,10128
91775,0,628,6249,6476,6476
91776,16,475,7741,7907,7907
91780,0,979,10050,10405,10415
91784,0,1338,8687,9172,9172
91786,0,656,12016,12126,12150
91789,0,1427,12628,13169,13169
91790,0,824,10860,11149,11149
91791,0,633,8021,8211,8219
91792,0,331,5913,6015,6021
91801,0,653,9422,9585,9594
91803,0,433,6531,6645,6651
91902,17,3568,5675,5720,5720
91910,85,10520,16932,17051,17051
91911,50,9952,16564,16614,16614
91913,0,6135,10084,10134,10134
91914,4,2532,4050,4066,4066
91915,46,3974,6462,6527,6527
91932,21,3299,5336,5347,5347
91935,1,209,332,335,335
91941,0,6148,9882,9942,9942
91942,68,5926,9685,9753,9753
91945,0,4491,7374,7381,7381
91950,108,6505,10727,10792,10792
91977,27,8393,13467,13481,13481
91978,0,1708,2765,2776,2776
92003,0,1286,2038,2052,2052
92007,0,1951,3178,3207,3207
92008,0,5102,8149,8190,8190
92009,96,7341,11927,12035,12035
92010,14,2874,4684,4727,4727
92011,0,4500,7117,7196,7196
92014,0,3604,5754,5795,5795
92019,43,6717,10774,10839,10839
92020,99,7347,12365,12427,12427
92021,67,6865,11114,11159,11159
92024,49,10080,16249,16380,16380
92025,122,6977,11061,11150,11150
92026,0,7994,13095,13161,13161
92027,134,8494,13359,13480,13480
92028,0,4802,7836,7860,7860
92029,7,4598,7469,7491,7491
92037,83,7458,11737,11844,11844
92040,35,7257,11420,11489,11489
92054,29,5710,9508,9555,9555
92056,60,9100,14947,14977,14977
92057,86,8959,14245,14288,14288
92058,0,4325,7140,7161,7161
92059,0,29,36,36,36
92064,0,9104,14522,14684,14684
92067,0,1173,1810,1841,1841
92069,34,7030,11295,11375,11375
92071,46,9534,15181,15303,15303
92075,0,2419,3867,3902,3902
92078,65,7905,12988,13079,13079
92081,0,5031,8185,8234,8234
92082,2,589,933,938,938
92083,0,4958,7900,7932,7932
92084,26,7687,12880,12919,12919
92091,30,882,1387,1415,1415
92101,0,1461,2317,2340,2340
92102,59,5174,8424,8441,8441
92103,50,4492,7161,7211,7211
92104,40,6129,10008,10048,10048
92105,36,7231,11751,11822,11822
92106,0,3878,6251,6321,6321
92107,0,4829,7725,7764,7764
92108,6,931,1521,1530,1530
92109,0,6588,10864,10908,10908
92110,72,4000,6468,6521,6521
92111,81,7067,11505,11574,11574
92113,0,5569,9122,9187,9187
92114,132,10096,16468,16551,16551
92115,121,7484,11950,12059,12059
92116,17,4943,8311,8344,8344
92117,123,9565,15289,15443,15443
92118,28,3494,5593,5650,5650
92119,7,4301,6968,7017,7017
92120,82,5606,9033,9115,9115
92121,15,1611,2557,2583,2583
92122,138,3845,6216,6272,6272
92123,37,4548,7353,7420,7420
92124,20,4259,6760,6801,6801
92126,0,10356,16943,16994,16994
92127,0,7362,11980,12089,12089
92128,0,8172,13421,13502,13502
92129,14,8271,13536,13618,13618
92130,38,7879,12625,12791,12791
92131,20,6005,9853,9893,9893
92139,37,4539,7349,7386,7386
92154,61,9585,15163,15254,15254
92173,0,9,15,15,15
92201,0,691,17459,17689,17707
92203,0,862,10902,11193,11193
92210,0,366,2582,2732,2732
92211,0,1097,15005,15468,15468
92220,0,487,10659,10832,10832
92223,0,814,16628,16933,16950
92231,0,0,1,1,1
92234,0,1006,16120,16483,16515
92236,0,208,7914,7994,7994
92240,0,302,6194,6289,6295
92241,0,0,11,11,11
92243,0,621,11318,11514,11514
92249,0,1,9,9,9
92251,43,3592,4239,4260,4260
92253,0,1587,18166,18633,18633
92260,0,1234,14782,15239,15269
92262,0,833,10766,11099,11099
92264,0,731,8972,9231,9250
92270,0,1205,9723,10223,10223
92274,5,669,797,801,801
92276,0,53,3271,3287,3287
92277,0,227,4758,4821,4826
92283,0,26,401,412,412
92301,0,222,5766,5830,5842
92307,0,563,11048,11273,11273
92308,0,630,12740,12869,12882
92311,0,451,6690,6833,6833
92313,0,108,3576,3609,3609
92314,0,270,4802,4900,4900
92315,0,98,1449,1486,1486
92316,0,293,8275,8351,8351
92320,0,131,3404,3459,3459
92321,0,59,380,399,399
92324,0,592,13250,13452,13452
92325,0,31,740,748,748
92333,3,89,671,674,674
92335,0,761,19286,19540,19540
92336,0,2042,22908,23424,23424
92337,0,497,10030,10162,10162
92342,0,94,2062,2091,2091
92344,0,266,4282,4356,4356
92345,0,1065,24503,24751,24776
92346,0,887,14982,15303,15303
92352,0,127,1247,1280,1280
92354,0,465,5553,5683,5683
92358,0,0,13,13,13
92359,0,106,2688,2721,2721
92363,0,4,98,99,99
92373,0,955,9518,9863,9863
92374,0,820,11488,11722,11722
92376,0,590,17214,17336,17336
92377,0,473,5519,5690,5690
92378,0,0,107,107,107
92386,0,11,168,172,172
92391,0,2,99,100,100
92392,0,679,15235,15436,15436
92394,0,506,8443,8571,8571
92395,0,735,13391,13568,13595
92399,0,1305,18171,18637,18637
92401,0,17,437,443,443
92404,0,607,12717,12911,12911
92405,0,290,6187,6300,6306
92407,0,785,14247,14523,14523
92408,0,247,3827,3917,3917
92410,0,282,8979,9097,9097
92411,0,195,5819,5896,5896
92501,0,354,5387,5525,5525
92503,0,1382,21774,22309,22309
92504,0,847,14756,15104,15119
92505,0,363,11173,11332,11343
92506,0,1386,14601,15038,15068
92507,0,696,11103,11400,11411
92508,10,1109,9933,10347,10347
92509,0,903,19732,20093,20093
92518,0,46,738,757,758
92530,98,11622,13879,13935,13935
92532,0,402,6006,6173,6173
92543,0,650,11142,11381,11393
92544,0,678,14150,14438,14438
92545,0,605,15258,15475,15490
92548,0,63,2610,2634,2634
92551,15,220,7497,7611,7611
92553,0,606,16112,16358,16358
92555,0,669,10667,10930,10930
92557,0,587,13783,13993,13993
92562,89,13980,17706,17741,17741
92563,0,1484,17450,18084,18102
92567,0,244,3838,3940,3940
92570,0,736,16442,16709,16726
92571,0,669,13117,13384,13384
92582,0,332,4989,5091,5096
92583,0,237,9353,9485,9485
92584,0,896,15638,15990,15990
92585,0,444,7311,7522,7522
92586,0,361,9657,9784,9784
92587,0,493,6210,6389,6396
92590,15,758,953,955,955
92591,0,831,11182,11552,11552
92592,0,18461,23537,23655,23655
92595,0,704,10857,11170,11170
92596,0,444,7895,8081,8081
92602,0,554,4946,5273,5273
92603,0,706,5046,5509,5526
92604,0,463,7263,7574,7589
92606,0,518,4356,4659,4664
92610,0,392,3077,3352,3352
92612,0,380,4210,4414,4418
92614,0,622,5529,5908,5920
92617,0,194,1501,1609,1617
92618,0,961,7384,7948,7956
92620,0,1608,11439,12354,12354
92624,8,1385,2723,2756,2756
92625,0,667,4954,5384,5384
92626,0,728,11270,11728,11740
92627,0,1152,13848,14548,14562
92629,44,4418,8669,8739,8739
92630,31,7638,15323,15524,15524
92637,16,1480,3265,3281,3281
92646,0,1508,17430,18349,18368
92647,0,933,13580,14131,14145
92648,0,982,12018,12609,12609
92649,0,769,10136,10681,10681
92651,0,5319,10202,10368,10368
92653,0,3968,7904,7984,7984
92655,0,161,1727,1805,1809
92656,0,5428,10671,10834,10834
92657,0,555,3396,3748,3752
92660,0,1433,9393,10311,10311
92661,0,276,1510,1667,1670
92662,0,148,1262,1366,1366
92663,0,878,6228,6704,6704
92672,85,5302,10487,10583,10583
92673,0,4741,8923,9049,9049
92675,42,5035,10278,10392,10392
92676,0,9,79,85,85
92677,108,9051,17724,17976,17976
92679,17,4684,8565,8739,8739
92683,0,1385,20816,21595,21616
92688,19,4675,9435,9530,9530
92691,41,6671,13451,13614,13614
92692,57,7169,13915,14113,14113
92694,0,3046,5662,5737,5737
92701,0,193,5739,5850,5856
92703,0,362,10056,10335,10356
92704,0,551,14073,14479,14493
92705,0,1428,11968,12856,12869
92706,0,364,6395,6600,6613
92707,0,383,9834,10076,10076
92708,0,1059,15312,16066,16066
92780,0,586,10704,11047,11069
92782,0,520,5058,5416,5416
92801,0,386,9681,9879,9899
92802,0,293,6753,6962,6969
92804,0,858,14357,14742,14771
92805,0,446,11460,11718,11730
92806,0,431,7531,7812,7820
92807,0,1019,10374,11060,11060
92808,0,542,5094,5419,5419
92821,0,760,10690,11171,11171
92823,0,175,1195,1299,1299
92831,0,589,7031,7333,7362
92832,0,240,5290,5459,5459
92833,0,895,11746,12249,12261
92835,0,600,6820,7239,7239
92840,0,479,10884,11129,11140
92841,0,432,7331,7565,7581
92843,0,290,8081,8271,8280
92844,0,201,3968,4099,4103
92845,0,447,5067,5312,5317
92860,0,925,9847,10269,10269
92861,0,318,2067,2256,2256
92865,0,291,5502,5701,5701
92866,0,290,3980,4146,4154
92867,0,834,11349,11921,11921
92868,0,191,4230,4321,4334
92869,0,1038,9917,10606,10606
92870,0,950,13112,13732,13745
92879,33,694,10601,10839,10839
92880,0,2128,17201,18030,18030
92881,0,981,8358,8826,8835
92882,0,1041,15381,15743,15759
92883,0,1059,9523,9983,9993
92886,0,1605,14698,15721,15753
92887,0,764,5904,6375,6382
93001,0,418,8896,9078,9087
93003,0,925,14179,14634,14649
93004,0,628,8314,8598,8607
93010,0,1110,13322,13891,13891
93012,0,845,10845,11273,11284
93013,0,653,5209,5484,5489
93021,11,1152,10022,10583,10583
93022,0,108,2338,2402,2402
93023,0,645,7358,7673,7673
93030,0,639,11333,11647,11647
93033,0,444,14165,14366,14366
93035,0,582,8395,8681,8681
93036,0,431,9359,9570,9570
93041,0,185,5060,5148,5148
93060,0,352,8011,8183,8183
93063,0,1273,15517,16113,16113
93065,0,1577,20271,21028,21028
93066,0,159,1208,1290,1290
93101,0,453,6547,6749,6756
93103,0,380,5319,5501,5501
93105,0,1446,6993,7225,7225
93108,0,964,4894,5333,5343
93109,0,489,3555,3758,3758
93110,0,560,4874,5088,5093
93111,0,576,5421,5695,5695
93117,0,1461,8837,9129,9129
93202,0,18,700,710,711
93215,0,414,10032,10093,10093
93221,0,148,4245,4340,4340
93223,0,10,2492,2505,2505
93230,0,1088,19940,20121,20121
93235,0,11,370,373,374
93245,0,22,327,331,331
93247,0,140,3258,3342,3345
93250,0,114,2677,2704,2704
93257,0,470,17817,18070,18106
93267,0,30,758,772,774
93274,0,1131,20755,20985,20985
93277,0,764,16578,16934,16968
93291,0,1253,16656,16876,16893
93292,0,763,11549,11714,11714
93301,0,354,4244,4326,4326
93304,0,616,13252,13372,13386
93305,0,653,9752,9890,9900
93306,0,1067,16459,16676,16676
93307,0,802,20427,20550,20550
93308,0,1153,17969,18280,18280
93309,0,858,15675,15914,15914
93311,0,1745,13704,14056,14056
93312,0,1924,19068,19476,19476
93313,0,768,13598,13735,13735
93314,0,1078,8722,8891,8891
93401,0,1221,10221,10355,10355
93405,0,1009,6581,6736,6736
93420,0,1009,10255,10391,10391
93422,0,755,8030,8119,8127
93424,0,41,235,240,240
93433,10,359,4740,4803,4803
93444,0,528,5416,5503,5503
93445,0,147,2419,2446,2446
93446,0,1208,11525,11712,11712
93449,27,604,4473,4583,4583
93454,19,548,9509,9596,9596
93455,29,1302,14438,14657,14657
93458,0,381,9967,10027,10027
93465,2,280,2395,2444,2444
93534,0,553,10429,10631,10642
93535,0,961,16219,16550,16550
93536,0,3035,19669,19949,19949
93543,0,21,661,668,668
93550,0,959,17752,18114,18114
93551,0,1383,15770,16275,16275
93552,0,413,9942,10063,10063
93611,0,1125,11961,12230,12230
93612,0,414,9525,9621,9621
93616,0,23,575,580,580
93618,0,452,6874,6964,6964
93619,0,1020,7575,7793,7793
93625,0,247,1924,1990,1990
93631,0,366,4598,4697,4697
93635,0,545,10148,10292,10292
93636,5,63,609,620,620
93637,0,625,9665,9773,9773
93638,0,535,9268,9381,9381
93646,0,0,1,1,1
93648,0,164,3115,3156,3156
93650,0,43,1004,1015,1015
93654,0,356,6763,6852,6852
93657,0,353,7801,7856,7856
93662,0,351,6683,6751,6751
93673,0,0,15,15,15
93701,0,192,2822,2856,2865
93702,0,532,10490,10650,10650
93703,0,526,8473,8611,8620
93704,0,797,9132,9271,9271
93705,0,535,9267,9380,9380
93706,0,991,10276,10507,10518
93710,0,490,7902,8047,8047
93711,0,1186,12673,12892,12892
93720,0,1266,14412,14721,14721
93721,0,71,1370,1389,1389
93722,0,1606,22909,23304,23304
93723,0,202,2133,2176,2176
93725,0,304,5888,5959,5959
93726,0,680,9853,10003,10003
93727,0,1466,18739,19044,19044
93728,0,454,5053,5151,5151
93730,0,672,4169,4303,4303
93737,0,12,215,218,218
93901,0,621,8151,8292,8292
93905,0,450,9475,9561,9561
93906,0,892,13126,13325,13325
93907,0,244,2822,2868,2874
93908,2,400,2031,2118,2118
93923,0,887,5541,5730,5730
93924,0,24,142,146,146
93933,0,507,6329,6413,6413
93940,0,907,8599,8801,8801
93950,0,491,4629,4714,4718
93953,0,372,1872,1952,1954
93955,27,523,8877,9012,9012
94002,0,1581,6780,7108,7108
94005,0,253,1275,1327,1327
94010,0,2729,11370,11918,11918
94014,0,891,8190,8401,8401
94015,0,1658,12000,12383,12383
94018,0,2,9,10,10
94019,0,995,5427,5677,5677
94022,0,2155,6224,6686,6686
94024,0,2470,7135,7631,7631
94025,0,2673,10310,10910,10910
94027,0,876,2658,2858,2858
94028,0,582,2058,2178,2178
94030,24,1029,5726,5952,5952
94037,0,149,664,699,699
94038,0,150,966,1002,1002
94040,0,1415,5881,6158,6158
94041,0,698,3028,3177,3177
94043,0,1532,6233,6507,6513
94044,0,1692,10442,10843,10843
94061,0,1513,8573,8911,8911
94062,17,2212,7820,8346,8346
94063,0,702,5822,6014,6014
94065,0,684,2709,2864,2864
94066,0,1279,9766,10058,10058
94070,0,2691,9033,9694,9694
94080,0,2442,15140,15688,15704
94085,0,812,3726,3902,3902
94086,8,1713,7630,8024,8024
94087,0,3456,13255,13880,13880
94089,0,1068,5224,5471,5471
94102,0,69,1201,1252,1255
94103,0,205,2186,2353,2356
94104,0,2,54,56,56
94105,0,41,201,233,234
94107,0,350,2978,3308,3308
94108,0,42,638,666,669
94109,0,249,2944,3155,3158
94110,0,1002,9982,10984,10995
94111,0,26,218,242,242
94112,0,1667,14429,14985,14985
94114,0,623,5620,6225,6225
94115,0,342,3229,3514,3514
94116,0,996,10073,10949,10960
94117,0,539,4382,4887,4887
94118,0,576,6314,6931,6931
94121,0,751,7761,8337,8345
94122,0,1038,10540,11384,11407
94123,0,485,3383,3849,3849
94124,0,679,6764,6995,6995
94127,0,776,5548,6249,6255
94129,0,84,522,595,595
94130,0,19,316,335,335
94131,0,757,5746,6509,6515
94132,0,553,4645,4849,4849
94133,0,314,2266,2370,2373
94134,0,859,7162,7461,7461
94158,0,10,93,103,103
94301,0,1034,4024,4201,4201
94303,19,1934,9244,9669,9669
94304,0,146,682,710,710
94305,0,240,1155,1207,1207
94306,0,1687,6448,6795,6795
94401,0,768,5945,6136,6148
94402,0,1530,6894,7226,7226
94403,0,2002,9560,10030,10030
94404,0,1479,7050,7366,7366
94501,0,1998,13428,13844,13844
94502,0,998,3822,4014,4014
94503,6,824,5956,6153,6153
94505,0,1001,5376,5600,5600
94506,0,1923,6560,6942,6942
94507,0,1619,4995,5342,5342
94508,0,32,355,361,362
94509,0,1450,18720,19045,19064
94510,0,1304,9023,9331,9331
94513,0,2634,18267,18794,18794
94514,0,0,8,8,8
94515,0,229,1766,1838,1838
94517,0,650,3698,3848,3848
94518,0,958,7267,7499,7499
94519,0,694,6064,6194,6194
94520,0,494,6831,6935,6942
94521,0,1589,12006,12326,12326
94523,0,1408,9502,9837,9837
94525,0,147,1181,1219,1219
94526,0,2522,9760,10305,10305
94530,0,1259,7823,8158,8158
94531,0,1222,11885,12191,12191
94533,0,1436,19155,19407,19407
94534,13,1775,12512,12846,12846
94535,0,20,1161,1164,1164
94536,0,2912,15549,16148,16148
94538,13,1875,12493,12853,12853
94539,0,3801,13682,14524,14524
94541,0,1388,14180,14455,14455
94542,0,612,3376,3517,3517
94544,0,1539,15080,15373,15373
94545,0,900,8464,8654,8654
94546,0,1649,12510,12884,12884
94547,0,919,6185,6383,6383
94549,0,2291,8004,8498,8498
94550,0,3018,14798,15384,15384
94551,0,1642,11151,11495,11495
94552,0,1114,4059,4290,4290
94553,0,1982,14268,14679,14694
94555,0,1986,7762,8205,8205
94556,0,1062,4251,4489,4494
94558,0,2494,20249,20962,20962
94559,26,610,8422,8594,8594
94560,0,1961,10681,11069,11069
94561,0,1259,11778,11994,11994
94563,0,1532,4795,5133,5133
94564,0,594,5760,5878,5878
94565,0,1894,22937,23381,23381
94566,0,2574,11118,11753,11753
94568,0,2734,11206,11795,11795
94572,0,258,2749,2802,2802
94574,0,522,3367,3478,3478
94576,0,4,41,42,42
94577,0,1512,12508,12842,12842
94578,0,643,7956,8135,8135
94579,0,559,6072,6221,6221
94580,0,775,7681,7894,7894
94582,0,2531,9124,9615,9615
94583,0,2221,9553,10003,10003
94585,0,663,8236,8395,8395
94587,0,2379,15541,16055,16055
94588,0,1728,7689,8061,8061
94589,0,545,8549,8635,8635
94590,0,847,10478,10714,10714
94591,0,1586,16715,17039,17039
94592,1,58,635,650,650
94595,0,432,3705,3792,3792
94596,0,753,4366,4543,4543
94597,0,731,4586,4727,4727
94598,0,1798,7598,7997,7997
94599,0,112,1199,1227,1228
94601,0,762,9039,9186,9186
94602,0,1249,7997,8270,8270
94603,30,296,7493,7584,7584
94605,0,1575,11576,11934,11934
94606,0,424,5770,5864,5870
94607,0,518,3901,4025,4025
94608,0,886,5603,5794,5800
94609,0,615,4770,4918,4918
94610,0,953,5334,5528,5528
94611,0,1858,8294,8712,8712
94612,0,134,1000,1031,1031
94618,0,1201,4706,4980,4980
94619,0,977,7149,7347,7347
94621,0,562,7050,7194,7194
94702,0,612,4644,4783,4783
94703,0,670,4400,4560,4560
94704,0,278,1706,1774,1774
94705,0,763,3382,3545,3545
94706,0,752,4453,4615,4615
94707,0,1049,4298,4496,4496
94708,0,985,3463,3645,3649
94709,0,233,1631,1681,1681
94710,0,307,2244,2325,2325
94720,0,56,233,243,243
94801,0,531,6873,6992,6992
94803,0,835,7909,8111,8111
94804,0,815,10870,11024,11024
94805,0,374,4670,4741,4741
94806,0,811,12879,13075,13075
94901,0,1406,9891,10260,10260
94903,0,1357,8745,8979,8979
94904,0,638,3001,3156,3156
94920,0,1077,3983,4265,4265
94925,0,739,2747,2919,2919
94928,0,712,9982,10195,10195
94930,0,321,1959,2030,2030
94931,0,258,3304,3364,3364
94939,0,391,1677,1764,1766
94941,0,1932,7609,8052,8052
94945,0,928,5687,5918,5918
94947,0,1062,6614,6840,6840
94949,0,691,5017,5199,5199
94951,0,316,2344,2414,2414
94952,0,1748,13772,14213,14213
94954,0,1256,12108,12419,12431
94957,0,189,607,652,652
94960,0,895,4259,4474,4474
94965,0,409,2905,2977,2977
95002,0,75,540,554,554
95003,0,1140,7320,7601,7601
95004,0,4,19,20,20
95005,0,74,712,731,731
95006,0,51,419,429,430
95007,0,0,1,1,1
95008,0,2192,11512,11967,11967
95010,0,225,2946,2994,2994
95012,0,33,1381,1388,1388
95014,0,3933,14160,14968,14968
95018,0,117,886,916,916
95019,0,70,1569,1588,1588
95020,0,1638,12741,13001,13001
95023,0,1122,11759,11938,11938
95030,0,1292,4125,4402,4402
95032,0,1799,7485,7829,7829
95033,0,9,42,44,44
95035,0,3179,14572,15226,15241
95037,0,14,75,78,78
95039,0,3,39,40,40
95043,0,3,30,30,30
95045,0,0,2,2,2
95050,0,1440,8431,8719,8737
95051,0,2750,11682,12181,12181
95054,0,1098,4417,4606,4606
95060,0,1689,11064,11478,11478
95062,0,1491,11047,11471,11471
95064,0,55,364,379,379
95065,4,288,2030,2084,2084
95066,0,611,3783,3912,3912
95070,0,2873,10169,10693,10693
95073,0,406,2913,3012,3012
95076,0,1202,14181,14471,14471
95110,0,564,3303,3423,3423
95111,0,1025,10955,11155,11155
95112,0,1226,9832,10063,10063
95113,0,35,177,184,184
95116,0,748,7519,7626,7626
95117,5,608,4599,4722,4722
95118,0,1534,8347,8659,8659
95119,0,495,2813,2897,2897
95120,0,3431,11592,12254,12254
95121,0,1268,8506,8742,8742
95122,0,819,9043,9199,9199
95123,0,2383,14933,15475,15475
95124,0,3294,14142,14824,14824
95125,0,2824,14526,15055,15055
95126,0,909,6078,6272,6272
95127,0,1574,13649,13942,13942
95128,0,1241,7662,7915,7915
95129,0,2037,8966,9320,9320
95130,0,822,3487,3671,3671
95131,0,1245,6153,6396,6396
95132,0,1918,9609,9989,9989
95133,0,945,5109,5278,5283
95134,0,456,1870,1954,1954
95135,33,1376,5133,5437,5437
95136,0,1497,9387,9647,9647
95138,5,1148,4671,4906,4906
95139,0,408,1823,1907,1907
95140,0,24,169,174,174
95148,0,2156,10951,11348,11348
95202,0,110,1131,1158,1158
95203,0,219,4609,4656,4656
95204,30,496,9963,10095,10095
95205,0,554,10749,10847,10858
95206,0,921,17510,17670,17670
95207,0,654,11489,11676,11676
95209,24,741,11996,12154,12154
95210,0,519,9160,9280,9280
95212,8,507,7562,7677,7677
95215,0,582,7025,7183,7183
95219,0,765,7418,7577,7585
95220,0,78,723,739,739
95231,0,38,1252,1260,1260
95240,0,647,11844,11988,11988
95242,0,640,8071,8202,8202
95258,0,117,1298,1324,1325
95301,0,686,11474,11637,11637
95307,0,323,11757,11948,11948
95316,4,136,2130,2165,2165
95319,0,0,5,5,5
95320,0,330,4390,4457,4457
95322,0,19,481,486,486
95326,0,151,3910,3978,3982
95328,0,35,1082,1095,1096
95330,0,423,3815,3913,3913
95334,0,1,24,24,24
95336,0,913,14517,14752,14752
95337,0,937,9369,9560,9560
95340,0,926,11360,11580,11580
95341,0,419,7985,8042,8050
95348,0,564,8529,8667,8667
95350,0,720,15659,16011,16011
95351,0,477,12360,12561,12561
95354,0,340,8297,8501,8501
95355,0,707,17275,17700,17700
95356,0,910,10764,10961,10961
95357,0,412,5057,5150,5155
95358,0,449,8714,8793,8802
95361,0,918,10024,10187,10187
95366,0,662,5553,5696,5701
95367,0,687,7318,7474,7474
95368,0,250,4259,4315,4315
95380,0,762,12538,12716,12716
95382,0,654,11133,11466,11477
95388,0,152,3683,3716,3716
95389,0,4,58,59,59
95401,0,825,10646,10852,10852
95403,0,1037,12878,13101,13114
95404,0,1085,11421,11666,11666
95405,0,693,6963,7142,7142
95407,0,438,10827,10948,10948
95409,0,1048,9569,9814,9814
95436,0,100,1111,1135,1135
95439,0,58,445,460,460
95441,0,9,75,77,77
95442,0,221,1159,1209,1209
95448,0,764,6153,6357,6357
95452,0,144,633,666,666
95470,0,35,515,522,522
95472,0,1459,12099,12423,12448
95476,0,1769,14408,14869,14869
95482,0,517,7273,7376,7384
95492,0,953,9089,9341,9341
95501,0,458,8727,8960,8978
95503,0,253,6359,6476,6489
95519,0,234,5260,5412,5423
95521,0,257,4522,4672,4676
95537,0,0,114,114,114
95564,0,1,41,41,41
95602,0,328,3971,4044,4044
95603,0,906,9574,9850,9850
95605,0,205,3420,3469,3473
95608,0,981,17687,18195,18213
95610,0,621,12002,12172,12172
95612,0,7,85,87,87
95616,0,1359,9131,9492,9492
95618,0,1131,7011,7289,7289
95619,0,59,1126,1135,1136
95620,0,3,40,41,41
95621,0,426,12646,12930,12930
95623,0,36,739,747,747
95624,0,1268,19672,20449,20449
95626,0,195,2136,2185,2187
95628,0,1034,13216,13767,13795
95630,0,3313,21127,21873,21873
95648,0,1869,19001,19468,19468
95650,0,1035,5502,5749,5749
95652,0,26,444,456,456
95655,0,130,1430,1494,1496
95658,0,315,3074,3143,3143
95660,0,222,9199,9283,9283
95661,0,736,7019,7214,7214
95662,0,874,11506,11681,11681
95663,0,242,1408,1471,1473
95664,0,1,25,25,25
95667,0,487,6058,6169,6169
95670,0,601,15399,15794,15810
95672,0,297,1917,1984,1984
95673,0,282,6406,6550,6557
95677,0,823,8385,8574,8574
95678,0,979,12040,12260,12260
95682,0,1121,9213,9420,9420
95683,0,7,61,63,63
95687,0,1508,17597,17956,17956
95688,0,1238,10093,10384,10384
95691,0,1233,11597,11870,11870
95692,0,1,24,24,24
95695,0,583,9250,9400,9400
95703,0,5,58,59,59
95713,0,101,1485,1505,1506
95722,0,24,205,210,210
95742,0,689,4524,4645,4645
95746,0,1890,7707,8189,8189
95747,0,2584,19870,20506,20506
95757,0,1158,12203,12885,12885
95758,0,1248,18266,18947,18947
95762,71,2560,13590,14155,14155
95765,0,1362,10382,10736,10736
95776,0,588,5988,6129,6129
95811,0,89,1537,1585,1588
95814,10,76,1015,1040,1040
95815,0,264,6302,6437,6437
95816,0,189,3760,3860,3864
95817,0,153,3743,3831,3831
95818,6,657,5347,5507,5507
95819,0,471,5729,6031,6037
95820,0,506,11264,11471,11494
95821,0,527,9132,9386,9405
95822,0,889,13912,14110,14110
95823,0,610,18103,18399,18417
95824,0,215,7061,7154,7169
95825,0,297,5674,5808,5820
95826,0,582,11263,11600,11600
95827,0,344,6323,6472,6479
95828,0,687,17176,17581,17581
95829,0,721,8751,9116,9116
95830,0,47,438,466,467
95831,0,1265,12905,13182,13182
95832,0,143,2831,2862,2865
95833,0,578,9339,9481,9481
95834,0,375,6255,6344,6344
95835,0,576,10503,10884,10884
95837,0,16,142,145,145
95838,0,395,9929,10101,10121
95841,0,169,5035,5132,5132
95842,0,203,8032,8113,8121
95843,0,793,12419,12595,12608
95864,0,713,8265,8674,8682
95901,0,374,8199,8323,8323
95917,0,1,29,29,29
95926,0,688,9131,9307,9307
95928,0,766,9481,9675,9675
95938,0,5,97,98,98
95945,0,305,4567,4623,4623
95949,0,185,2035,2076,2076
95953,0,6,110,112,112
95959,0,58,610,621,621
95961,0,311,5795,5871,5871
95965,0,281,4936,5021,5021
95966,0,532,10311,10446,10446
95968,0,16,562,566,566
95973,0,908,10011,10215,10215
95982,0,22,856,861,861
95991,0,750,11334,11542,11542
95993,0,918,12218,12416,12416
96001,0,760,12115,12274,12274
96002,0,569,11192,11351,11351
96003,0,1034,16073,16369,16385
96007,0,470,8243,8378,8378
96008,0,15,160,165,165
96019,0,148,3192,3224,3227
96022,0,1,20,20,20
96062,0,2,26,26,26
96069,0,0,1,1,1
96073,0,140,1236,1277,1277
96087,0,7,88,90,90
96161,0,321,1783,1842,1842
80002,0,0,239,4244,4372
80003,0,0,290,9110,9297
80004,0,0,466,9086,9437
80005,0,0,789,8610,9041
80007,0,0,471,2668,2917
80010,0,0,281,6509,6636
80011,0,0,354,10235,10360
80012,0,0,367,8501,8702
80013,0,117,1053,18858,19443
80014,0,27,313,6634,6763
80015,0,0,1404,18347,19174
80016,0,0,2084,13434,14631
80017,0,23,248,7356,7499
80018,0,0,227,3617,3691
80019,0,0,42,695,713
80020,0,0,1157,14436,15152
80021,0,9,440,8279,8564
80022,0,0,833,13872,14274
80023,0,0,836,5713,6233
80026,0,0,604,7829,8282
80027,0,0,1114,8193,8942
80030,0,22,128,3114,3172
80031,0,37,709,8834,9281
80033,0,35,353,6795,7007
80045,0,1,17,110,115
80108,0,0,65,335,370
80110,0,0,379,6233,6406
80111,0,0,1181,7132,7742
80112,0,0,660,7389,7692
80113,0,0,572,5848,6100
80118,0,0,0,3,3
80120,0,40,517,6331,6563
80121,0,18,830,5495,5865
80122,0,18,836,8515,8965
80123,0,0,942,11481,11964
80124,0,5,577,4503,4768
80125,0,0,27,177,190
80126,0,0,1598,9195,10024
80127,0,0,1180,12439,13297
80128,0,0,717,9851,10287
80129,0,38,833,7037,7434
80130,0,0,788,5990,6390
80132,0,12,970,5523,5987
80133,0,1,15,298,304
80134,0,0,1694,14270,15109
80137,0,0,2,42,43
80138,0,0,1077,8341,8898
80202,0,3,42,376,399
80203,0,6,76,1345,1379
80204,0,0,418,5201,5392
80205,0,7,617,6254,6552
80206,0,0,444,3906,4097
80207,0,40,668,5377,5682
80209,0,0,683,5240,5585
80210,0,64,1271,8465,9064
80211,0,0,828,6793,7192
80212,0,18,521,4217,4507
80214,0,0,272,4597,4726
80215,0,5,314,4834,5017
80216,0,0,260,3640,3727
80218,0,0,176,2115,2183
80219,0,58,572,11363,11596
80220,0,14,609,6785,7115
80221,0,0,496,9494,9640
80222,0,25,385,4820,5043
80223,0,0,374,4763,4967
80224,0,4,219,3784,3905
80226,0,0,273,7515,7733
80227,0,23,392,7329,7628
80228,0,0,568,8157,8535
80229,0,34,349,11069,11216
80230,0,0,224,1512,1627
80231,0,33,234,4620,4745
80232,0,31,385,5884,6024
80233,0,0,450,11923,12130
80234,0,0,330,6052,6196
80235,0,0,71,1451,1498
80236,0,0,224,3271,3406
80237,0,11,276,3549,3649
80238,0,0,828,4690,5172
80239,0,17,245,8593,8724
80241,0,0,477,8692,8944
80246,0,13,92,1594,1629
80247,0,13,106,2071,2102
80249,0,30,300,7343,7456
80260,0,0,134,5292,5368
80301,0,0,512,5240,5527
80302,0,0,300,2288,2457
80303,0,0,582,4772,5123
80304,0,0,555,5228,5617
80305,0,0,498,3902,4207
80401,0,0,833,7721,8221
80403,0,0,544,4446,4824
80465,0,0,384,3769,4038
80503,0,0,33,463,496
80512,0,0,17,252,264
80514,0,0,11,251,257
80516,0,0,702,6103,6540
80521,0,7,459,7063,7300
80524,0,0,754,10398,10802
80525,0,15,991,13889,14355
80526,0,60,785,11628,11894
80528,0,0,551,5333,5649
80534,0,0,109,1019,1076
80535,0,0,21,673,685
80537,0,0,538,12640,13060
80538,0,0,929,15413,15862
80543,0,0,1,40,41
80547,0,0,108,707,788
80550,0,0,216,2929,3049
80601,0,0,429,9980,10215
80602,0,23,1257,10577,11211
80603,0,21,249,4145,4252
80620,0,10,266,5044,5174
80621,0,0,4,77,79
80631,0,0,471,11231,11426
80634,0,0,707,17714,18040
80640,0,0,166,3504,3598
80642,0,0,8,87,92
80645,0,0,2,93,94
80817,0,168,5263,7915,7995
80829,0,9,235,342,347
80840,0,14,501,730,735
80902,0,31,848,1220,1227
80903,0,0,205,3314,3403
80904,0,246,4381,6377,6475
80905,0,0,232,4120,4205
80906,0,392,6491,9350,9550
80907,0,16,553,7669,7827
80908,0,10,332,2394,2568
80909,0,92,425,9064,9193
80910,0,203,4105,6096,6139
80911,0,319,7143,10533,10629
80915,0,0,271,6328,6412
80916,0,161,5844,8402,8453
80917,0,23,262,7564,7680
80918,0,0,699,12877,13128
80919,0,321,6095,8955,9139
80920,0,48,929,11646,12008
80921,0,12,796,5389,5804
80922,0,18,377,8547,8722
80923,0,9,350,8550,8751
80924,0,6,200,1818,1902
80925,0,12,455,684,691
80926,0,1,16,23,24
80927,0,1,39,323,340
80951,0,0,0,1,1
81001,0,320,6628,8780,8860
81003,0,204,3552,4665,4731
81004,0,261,5646,7566,7658
81005,0,231,8262,10935,10990
81006,0,84,3254,4412,4439
81007,0,188,5361,7137,7230
81008,0,157,2859,3706,3747
81022,0,0,1,1,1
81334,0,0,0,1,1
81401,0,0,0,8,8
81415,0,0,0,1,1
81501,0,111,408,6707,6824
81503,0,17,170,5592,5654
81504,0,0,423,9820,10022
81505,0,0,260,3829,3993
81506,0,8,244,3944,4034
81507,0,0,413,5300,5476
81520,0,0,199,3375,3448
81521,0,42,307,5027,5168
81526,0,0,19,338,346
6001,0,0,519,2979,3841
6002,0,0,329,4485,5552
6010,0,78,638,12084,15303
6013,0,7,147,997,1256
6016,0,4,132,1612,2058
6019,0,1,11,112,143
6023,0,0,16,312,383
6026,0,7,123,1322,1664
6029,0,0,372,3130,4154
6032,0,0,409,3453,4394
6033,0,69,705,4300,5508
6035,0,0,123,1520,1876
6037,27,73,513,5146,6477
6040,0,53,519,5890,7461
6042,0,55,230,4282,5387
6043,0,3,46,475,633
6051,0,36,198,4087,5150
6052,0,11,114,1430,1795
6053,0,49,362,5493,6832
6060,0,0,16,148,189
6062,0,41,243,4038,5079
6066,0,0,374,4964,6655
6067,0,0,350,4200,5228
6070,0,0,354,2280,2851
6071,0,3,209,2142,2904
6073,0,0,150,750,972
6074,0,40,897,5949,7663
6078,0,15,436,2950,3710
6081,0,1,18,253,313
6082,0,36,600,9247,11765
6084,0,0,63,399,535
6085,0,2,158,1345,1696
6088,0,0,40,1469,1886
6089,0,0,51,444,564
6090,0,0,19,96,123
6092,0,0,51,214,275
6093,0,0,132,994,1283
6095,0,16,470,6305,8077
6096,0,28,217,3169,3957
6103,0,2,11,122,156
6105,0,23,83,1226,1528
6106,0,78,304,3923,4790
6107,0,26,560,3260,4217
6108,0,64,225,3889,4804
6109,0,0,591,6380,8203
6110,0,32,208,2729,3468
6111,0,109,619,7064,8885
6112,0,57,225,2743,3283
6114,0,64,258,3291,4156
6117,0,0,452,2457,3210
6118,0,69,377,5443,6732
6119,0,11,236,2085,2628
6120,0,11,127,1445,1784
6226,0,11,107,2142,2629
6237,0,0,7,105,141
6238,0,0,3,41,56
6241,0,0,2,33,42
6249,0,0,4,44,49
6250,0,6,60,457,594
6254,0,1,11,144,158
6255,0,2,33,598,774
6256,0,0,5,228,288
6260,0,12,89,1200,1506
6266,0,0,1,25,33
6268,0,12,72,389,512
6277,0,2,19,334,425
6280,0,0,1,23,29
6320,0,33,159,4970,5432
6330,0,0,11,265,296
6331,0,0,0,8,11
6334,0,0,11,148,168
6335,0,1,27,291,330
6338,0,0,0,1,1
6339,0,2,23,320,361
6340,0,39,331,5738,6394
6351,0,5,44,1228,1349
6355,1,3,65,728,831
6359,0,0,0,4,5
6360,0,84,279,5783,6407
6365,0,0,8,200,225
6370,0,0,2,36,40
6374,0,0,0,9,12
6375,0,1,24,467,531
6380,0,5,31,463,498
6382,0,28,118,1372,1524
6385,0,0,113,2059,2326
6401,0,69,222,3914,4567
6403,0,3,131,1284,1532
6405,0,16,596,6564,7877
6410,0,47,854,5374,6499
6416,0,0,267,3370,4142
6418,0,0,223,2808,3277
6424,0,0,1,15,19
6437,0,0,49,334,396
6441,0,0,0,2,2
6444,0,0,0,19,24
6450,0,16,356,6946,7982
6451,0,39,289,4779,5478
6455,0,0,66,763,978
6456,0,2,10,48,62
6457,0,46,600,8995,11336
6460,0,58,647,6405,11237
6461,0,13,329,2358,4116
6468,0,8,456,3029,3629
6470,0,0,4,24,29
6471,0,0,145,1575,1846
6472,0,2,148,1286,1529
6473,0,0,546,3985,6887
6477,0,32,365,2173,3781
6478,0,0,221,2383,2900
6479,0,26,224,2520,3216
6480,0,0,182,2071,2709
6481,0,0,18,348,422
6483,0,25,242,3411,4094
6484,0,10,897,8043,9505
6489,0,9,673,7118,9135
6492,0,159,895,10245,11998
6510,0,6,33,160,268
6511,0,115,490,3951,7015
6512,0,42,518,7069,8197
6513,0,18,286,3237,5860
6514,0,61,304,5105,5968
6515,0,0,119,1439,2586
6516,0,0,418,6288,11741
6517,0,4,269,1981,3489
6518,0,0,279,2684,3179
6519,0,0,90,1273,2286
6524,0,1,160,1193,1428
6525,0,0,331,1598,1988
6604,0,27,189,2131,3775
6605,0,0,134,2075,3533
6606,0,80,499,4817,8717
6607,0,14,59,804,1424
6608,0,0,89,1040,1857
6610,0,41,202,2108,3680
6611,0,0,1159,7116,8534
6612,0,1,118,533,651
6614,0,0,489,5025,8972
6615,0,0,185,2831,5040
6702,0,13,45,440,548
6704,0,54,305,4680,5264
6705,0,20,184,4288,5028
6706,0,0,100,2682,3082
6708,0,130,494,5821,6720
6710,0,39,132,1236,1443
6712,0,5,166,2275,2668
6716,5,14,282,3880,4632
6762,0,2,193,1662,1996
6770,0,23,454,6465,7551
6779,0,20,108,2047,2463
6782,0,0,4,33,40
6786,0,8,53,782,944
6787,0,0,0,4,5
6795,0,0,206,2775,3365
6798,0,0,6,70,87
6807,0,7,342,1434,1739
6820,0,0,1275,4289,5224
6824,0,58,1212,5704,6901
6825,0,34,554,2771,4594
6830,0,16,772,4299,5158
6831,0,0,792,3133,3787
6840,0,0,783,2756,3410
6850,0,0,371,2749,3369
6851,0,0,466,4528,5323
6853,0,0,266,965,1188
6854,0,27,292,3782,4348
6855,0,4,134,1594,1842
6870,0,2,344,1365,1678
6878,0,7,432,1265,1567
6880,0,45,1276,4907,5947
6890,0,0,254,972,1179
6897,0,0,23,81,101
6901,0,2,29,297,344
6902,0,36,651,7562,8829
6903,0,0,480,1948,2418
6905,0,16,402,3425,3988
6906,0,17,182,1587,1842
6907,0,21,232,1434,1696
19701,0,0,485,10094,10955
19702,0,11,310,10395,11015
19703,0,0,46,1385,1462
19706,0,0,19,552,591
19707,0,0,450,3931,4463
19709,0,0,2,29,32
19711,0,0,598,8823,9666
19713,0,0,293,6666,7080
19720,0,0,407,15854,16871
19732,0,0,1,15,17
19801,0,0,161,2744,2953
19802,0,0,206,4271,4522
19803,0,0,463,5334,5894
19804,0,0,153,5781,6062
19805,0,0,393,8189,8661
19806,0,10,148,1830,2016
19807,0,0,243,2070,2393
19808,0,0,414,10382,11098
19809,0,0,170,3028,3225
19810,0,6,387,5542,6172
19901,0,0,348,8744,9091
19904,0,0,129,7701,7991
19931,0,0,1,36,37
19933,0,0,0,2,2
19934,0,44,163,3474,3678
19936,0,0,1,24,26
19940,0,0,13,630,645
19943,0,0,15,704,731
19946,0,0,6,313,328
19956,0,0,51,1256,1306
19962,0,18,64,2936,3068
19973,0,0,143,3045,3150
19979,0,0,6,321,333
19980,0,0,0,89,89
32003,0,27,82,830,3264
32009,0,0,7,22,50
32011,0,0,0,1,7
32043,4,53,67,164,648
32065,0,0,99,452,3242
32068,0,42,223,584,2281
32073,0,50,124,423,3679
32080,0,58,167,592,2245
32081,0,29,62,555,1503
32082,0,42,106,1150,3883
32084,0,0,36,328,2163
32086,0,0,43,247,2247
32092,0,0,14,229,1092
32095,0,0,1,20,74
32110,0,16,47,81,375
32114,0,16,341,584,2506
32117,0,0,121,389,2406
32118,0,0,97,235,1586
32119,0,21,142,306,2077
32124,0,0,0,50,515
32127,0,156,276,588,3441
32128,0,15,118,288,2287
32129,0,23,76,298,2193
32132,0,0,4,106,1067
32136,0,0,88,261,1094
32137,0,0,175,964,4871
32141,0,0,0,124,1927
32159,103,155,271,439,11369
32162,0,274,730,1368,26907
32163,0,28,56,287,2031
32164,0,0,198,692,4347
32168,0,84,219,397,2944
32169,0,0,0,313,1611
32174,0,75,261,1008,5374
32176,0,0,8,490,2429
32179,0,1,3,9,230
32195,0,1,3,7,269
32202,0,0,19,40,261
32204,0,15,67,167,738
32205,0,0,94,406,2556
32206,0,114,368,495,2318
32207,0,0,283,674,3310
32208,0,0,353,578,3088
32209,0,104,468,739,3620
32210,0,0,303,842,5240
32211,0,0,16,307,2440
32212,0,1,2,4,100
32216,0,0,241,619,3548
32217,0,0,53,310,1731
32218,0,0,263,718,3417
32219,0,0,100,166,780
32220,0,29,92,204,1614
32221,0,0,94,385,2959
32222,0,0,32,82,1061
32223,0,0,143,453,2687
32224,0,0,77,638,3326
32225,0,0,165,823,5250
32226,0,0,66,344,1159
32227,0,0,12,22,183
32233,0,0,51,364,2158
32244,0,68,321,608,5453
32246,0,0,211,605,4345
32250,0,104,208,929,3440
32254,0,0,195,335,1516
32256,0,30,149,527,3423
32257,0,0,117,630,3386
32258,0,0,19,389,3124
32259,0,0,86,1327,4881
32266,2,7,10,171,836
32277,0,0,114,293,2354
32301,0,0,56,252,1542
32303,0,9,216,476,2812
32304,0,0,361,585,1832
32305,0,0,37,105,2021
32308,0,27,73,252,1497
32309,0,0,101,450,2100
32310,0,13,107,189,755
32311,0,0,26,241,1413
32312,0,0,80,617,2559
32317,0,0,33,254,1218
32333,0,0,0,0,1
32401,0,20,218,408,3080
32403,0,0,2,20,425
32404,0,75,262,449,8685
32405,0,0,128,363,4404
32407,0,0,71,249,2062
32408,0,0,127,352,3395
32409,0,6,30,57,850
32413,0,49,167,571,4804
32444,0,0,54,244,3102
32459,0,11,68,260,1281
32466,0,4,31,96,850
32501,0,0,143,338,1682
32502,0,14,75,151,826
32503,0,0,107,590,4180
32504,0,0,88,359,3163
32505,0,19,252,364,3635
32506,0,0,223,669,4357
32507,0,0,78,605,3728
32508,0,2,8,15,155
32514,0,0,104,439,4439
32526,0,0,26,286,4892
32531,0,0,0,1,4
32533,0,23,140,535,4830
32534,0,0,18,176,2223
32536,0,0,43,130,680
32539,0,11,32,89,677
32561,0,0,0,3,12
32570,0,0,20,396,3269
32571,0,0,67,424,3773
32577,0,0,0,1,3
32583,0,27,65,228,1804
32601,0,0,193,349,1145
32603,0,0,94,170,335
32605,0,0,25,240,1524
32606,0,20,165,391,1628
32607,0,40,179,381,1279
32608,0,17,434,910,6605
32609,0,12,70,128,659
32615,0,0,53,185,2650
32617,0,1,19,41,488
32618,0,4,23,50,610
32640,0,0,0,0,0
32641,0,24,139,220,2413
32653,0,0,142,355,3438
32667,0,0,0,0,2
32669,0,0,2,60,372
32701,0,43,104,266,4012
32702,0,0,2,4,36
32703,0,0,357,799,12517
32707,0,109,271,543,2312
32708,0,0,253,829,3371
32709,0,1,5,12,59
32712,0,46,607,1153,12957
32713,0,0,0,291,2368
32714,15,89,237,356,6324
32720,0,74,245,512,6555
32724,0,0,109,355,2742
32725,0,0,113,468,4180
32726,0,20,122,265,6081
32730,0,11,30,50,1065
32732,0,0,0,0,1
32735,3,11,14,38,1410
32736,0,0,6,66,307
32738,0,0,50,530,3697
32744,0,3,5,30,287
32746,0,0,66,656,2680
32750,0,0,137,395,1847
32751,0,57,283,584,5357
32754,0,13,51,125,868
32757,0,86,293,542,7535
32759,0,0,26,48,174
32763,0,0,59,332,1747
32764,0,0,1,19,133
32765,0,0,119,1259,4575
32766,0,6,79,619,1709
32771,0,0,42,709,3268
32773,0,0,89,309,1699
32776,0,0,0,123,943
32778,0,49,179,383,7175
32779,0,20,256,730,5233
32780,0,0,118,513,4877
32784,0,11,59,102,1603
32789,0,0,113,1036,4067
32792,0,75,673,1097,10630
32796,0,0,38,242,2907
32798,0,0,24,47,1352
32801,0,16,64,165,728
32803,0,36,164,598,6136
32804,0,14,279,852,5833
32805,0,0,253,376,5468
32806,0,0,287,843,7232
32807,0,0,145,391,8147
32808,0,12,364,752,10463
32809,0,115,281,425,6324
32810,0,85,289,477,7432
32811,0,73,192,351,5954
32812,35,97,265,583,7771
32814,0,0,50,192,1287
32817,0,0,167,618,2804
32818,0,146,337,708,10152
32819,0,36,482,927,7697
32820,0,0,30,210,1040
32821,0,5,81,172,4229
32822,0,208,380,649,10889
32824,0,0,203,483,11180
32825,0,0,405,709,14686
32826,0,0,184,415,1989
32827,0,54,229,588,3459
32828,0,83,332,1030,4502
32829,0,21,137,253,4617
32830,0,0,0,1,17
32832,0,0,148,433,4426
32833,0,3,47,156,964
32835,0,0,211,632,7496
32836,0,0,357,964,5669
32837,0,0,232,668,11908
32839,0,123,293,444,5991
32901,0,8,160,370,3259
32903,0,0,48,372,2011
32904,0,0,68,576,4606
32905,0,0,90,247,2764
32907,0,0,63,345,5979
32908,0,0,17,61,1643
32909,0,0,68,387,4428
32920,0,5,58,121,893
32922,0,32,122,291,2091
32925,0,0,6,22,132
32926,0,0,111,323,3580
32927,0,0,94,469,4136
32931,0,4,84,332,1701
32934,0,0,143,571,2787
32935,0,14,115,445,5479
32937,0,0,0,638,3942
32940,0,0,30,605,4282
32949,0,3,13,83,444
32950,0,4,23,111,848
32951,0,15,129,360,2059
32952,0,0,34,638,3467
32953,0,63,126,568,3657
32955,0,70,168,629,5495
32958,0,1,12,32,309
32960,0,0,152,375,2570
32962,0,0,78,273,3211
32963,0,0,123,1277,3521
32966,0,15,196,450,2517
32967,0,0,117,394,2177
32968,0,0,6,215,1991
33004,0,0,131,329,1236
33009,0,0,241,506,1828
33010,0,55,181,363,2989
33012,0,0,128,547,4550
33013,0,32,228,398,2917
33014,0,0,91,260,2644
33015,0,0,95,475,4425
33016,33,78,124,268,2506
33018,0,0,138,608,4313
33019,0,0,34,286,1062
33020,0,0,87,465,2683
33021,0,24,170,728,3469
33023,0,0,295,663,4823
33024,0,95,400,1087,5053
33025,0,51,304,526,2672
33026,0,0,103,539,2355
33027,0,0,449,1374,4226
33028,0,15,60,606,2304
33029,0,0,0,1052,4783
33032,0,7,27,58,485
33033,0,0,0,0,3
33054,0,16,211,336,2961
33055,0,0,209,499,4353
33056,0,0,176,388,3474
33060,0,134,294,495,2365
33062,0,0,105,399,1482
33063,0,33,125,291,1684
33064,0,0,109,840,4342
33065,0,0,31,157,1226
33066,0,0,53,114,483
33067,0,0,0,4,14
33069,0,0,63,161,826
33071,0,0,19,160,796
33073,0,0,1,2,12
33109,0,0,1,29,55
33122,0,0,6,12,117
33125,0,0,220,392,2972
33126,0,0,24,188,2046
33127,0,0,137,300,2627
33128,0,7,17,24,208
33129,0,12,52,135,684
33130,0,0,17,146,747
33131,0,0,4,23,73
33132,0,0,7,21,119
33133,0,0,72,770,3023
33134,0,69,167,807,3977
33135,0,42,178,325,2068
33136,0,23,86,120,576
33137,0,0,53,231,1030
33138,0,0,217,503,2535
33139,0,22,96,254,1290
33140,0,0,32,410,1384
33141,0,0,84,213,1399
33142,0,0,293,563,4364
33143,0,0,205,939,3362
33144,0,0,103,296,2398
33145,0,49,212,508,2874
33146,0,0,54,616,1836
33147,0,0,376,655,4741
33149,0,0,19,312,832
33150,0,12,205,422,2395
33154,0,0,52,272,878
33155,0,53,373,866,5209
33156,0,139,259,1498,4384
33157,0,0,182,1010,4890
33158,0,0,22,355,1028
33160,0,5,68,217,931
33161,0,0,146,438,3405
33162,0,0,134,384,3552
33165,0,0,242,659,5206
33166,0,65,137,438,2654
33167,0,28,110,253,1750
33168,0,0,14,172,2524
33169,0,0,118,294,3035
33170,0,2,25,51,377
33172,0,0,60,138,1067
33173,0,0,87,504,2667
33174,0,18,83,225,1794
33176,0,41,124,876,4132
33178,0,0,56,269,1748
33179,0,0,94,294,2480
33180,0,0,38,248,1078
33181,0,12,42,113,910
33183,0,0,0,1,3
33185,0,0,0,1,8
33189,0,0,0,158,2171
33190,0,3,40,109,992
33301,0,0,7,248,1067
33304,0,0,50,379,1488
33305,0,0,46,370,1230
33306,0,0,25,121,370
33308,0,0,88,509,1949
33309,0,42,105,244,1819
33311,0,48,259,727,4203
33312,0,0,134,745,4185
33313,0,0,126,394,2137
33314,0,0,127,326,1638
33315,0,0,48,277,1435
33316,0,6,39,299,982
33317,0,0,147,568,2924
33319,0,4,48,139,987
33321,0,0,0,0,2
33322,0,0,95,380,2638
33323,0,0,62,425,1796
33324,0,10,154,588,2803
33325,0,0,116,529,2553
33326,0,0,62,570,2434
33327,0,0,0,847,2491
33328,0,43,129,703,2659
33330,0,0,47,609,1938
33331,0,0,52,762,2700
33332,0,0,0,399,1216
33334,0,0,126,450,2342
33351,0,0,27,95,1124
33401,0,0,86,316,1610
33403,0,0,20,85,1043
33404,0,0,302,672,2955
33405,0,55,284,602,2517
33406,0,20,127,407,2168
33407,0,78,266,508,2665
33408,0,0,61,450,1819
33409,0,0,116,232,1799
33410,0,0,85,874,3924
33411,0,2,40,111,630
33412,0,0,2,26,123
33413,0,0,38,134,875
33415,0,29,109,268,2348
33417,0,0,100,272,1686
33418,0,105,210,1390,4438
33426,0,7,72,230,2167
33431,0,0,58,449,1778
33432,0,52,122,528,1675
33433,0,0,108,476,2457
33434,0,0,47,231,1101
33435,0,18,183,486,2987
33436,0,0,181,738,4358
33437,0,21,52,127,883
33441,0,57,229,478,1911
33442,0,0,99,292,1646
33444,0,65,143,398,2081
33445,0,0,142,417,2830
33446,0,0,1,8,36
33455,0,0,214,632,2851
33460,0,0,102,316,2903
33461,0,9,213,358,2697
33462,0,0,96,480,3170
33463,0,0,126,560,3728
33467,0,0,2,7,38
33469,0,0,0,0,2
33472,0,10,26,95,485
33480,0,0,36,511,1371
33483,0,0,47,401,1525
33484,0,4,67,209,1208
33486,0,46,150,690,2417
33487,0,26,63,286,1102
33496,0,0,31,232,668
33510,0,30,91,228,3206
33511,0,27,232,736,5980
33523,0,0,0,0,4
33527,0,68,126,363,2093
33534,0,13,89,142,1837
33543,0,15,262,685,7023
33544,0,0,67,284,3387
33545,0,0,0,0,3
33547,0,0,80,605,2403
33548,0,20,134,343,1951
33549,0,6,137,336,5189
33556,0,0,527,1336,7558
33558,0,21,431,911,6103
33559,0,69,164,274,3505
33563,0,7,144,246,2918
33565,0,0,59,200,1908
33566,0,0,57,280,2747
33567,0,0,26,69,813
33569,0,0,75,533,3799
33570,0,0,57,163,1570
33572,0,8,109,730,3285
33573,0,9,128,458,3782
33578,0,101,341,694,5492
33579,0,28,123,569,4129
33584,0,87,228,496,3260
33592,0,9,36,130,1006
33594,0,0,103,654,4943
33596,0,10,58,633,4288
33598,0,0,31,159,1195
33602,0,0,23,242,1059
33603,0,17,108,343,2472
33604,0,0,241,579,4128
33605,0,0,177,411,2797
33606,0,34,116,542,2148
33607,0,0,193,515,3113
33609,0,0,32,582,2387
33610,0,0,297,656,4384
33612,0,131,495,727,4351
33613,0,98,249,480,2448
33614,0,32,216,465,4555
33615,0,0,145,604,5258
33617,0,0,285,552,3852
33618,0,55,79,536,3415
33619,0,0,129,482,4455
33624,0,97,181,555,5108
33625,0,0,115,330,3238
33626,0,94,538,1255,7461
33629,0,14,130,1153,3363
33634,0,24,80,300,2533
33635,0,0,97,305,2002
33637,0,25,58,116,1494
33647,0,0,33,1287,7183
33701,0,39,201,372,3009
33702,0,144,392,832,9022
33703,0,0,544,1062,8152
33704,0,0,393,821,5202
33705,0,66,363,651,7830
33706,0,45,369,833,5833
33707,0,117,393,695,7978
33708,0,44,311,560,5863
33709,0,139,355,476,8375
33710,0,75,374,636,11917
33711,0,95,217,423,5261
33712,0,68,429,580,7140
33713,0,0,237,710,10823
33714,0,63,190,291,6132
33715,0,9,113,210,1731
33716,0,4,65,134,2156
33755,0,73,306,590,6956
33756,0,118,471,643,8606
33759,0,42,200,395,4433
33760,0,34,157,231,3537
33761,43,110,251,441,5853
33762,0,0,101,205,2474
33763,0,25,131,274,4052
33764,0,152,466,727,8432
33765,25,63,168,318,3996
33767,0,0,137,308,1847
33770,0,91,313,536,7928
33771,0,182,324,466,9833
33772,0,17,326,574,8150
33773,0,126,325,569,7040
33774,0,24,163,379,5804
33776,0,5,298,581,4590
33777,0,24,210,486,5706
33778,0,51,260,456,6007
33781,0,196,485,783,8808
33782,0,49,262,433,7904
33785,0,15,132,257,2284
33786,0,6,85,178,793
33801,0,0,232,516,3684
33803,0,72,185,565,3751
33805,0,0,149,306,2405
33809,0,0,142,381,3134
33810,0,42,222,513,4952
33811,0,41,122,392,3092
33812,0,0,28,159,1726
33813,0,0,201,1017,4959
33815,0,11,182,326,2401
33823,0,0,219,610,4238
33825,0,89,219,403,6127
33827,0,0,18,39,455
33830,0,45,272,454,8118
33837,0,0,210,520,9838
33838,0,0,27,42,1459
33839,0,0,19,78,460
33843,0,0,11,34,1192
33844,0,62,387,611,11252
33848,0,2,5,7,38
33850,0,0,17,84,1032
33852,0,0,4,12,232
33853,0,74,230,327,4033
33856,0,0,0,0,203
33859,0,0,51,136,3791
33860,0,29,110,280,2561
33868,0,1,29,62,1056
33870,0,85,256,565,9715
33872,0,5,99,239,4685
33875,0,8,71,153,2555
33876,0,12,57,95,1370
33880,0,239,598,1010,11822
33881,0,169,545,843,11561
33884,0,49,218,485,10844
33896,0,32,97,204,4182
33897,0,69,177,412,8988
33898,0,24,98,155,3704
33901,0,0,225,556,3144
33903,0,66,209,451,5858
33904,0,0,280,751,7696
33905,0,113,276,665,6453
33907,0,0,141,293,2792
33908,0,120,464,1049,8195
33909,0,40,178,376,5175
33912,0,24,198,704,4232
33913,0,17,126,817,4639
33914,0,86,308,1009,11664
33916,0,0,157,352,2935
33917,0,0,328,911,7406
33919,0,38,190,581,5076
33920,0,0,46,143,1487
33921,0,9,69,175,533
33922,0,7,34,132,1336
33928,0,72,242,770,4870
33931,0,0,114,460,3053
33935,0,0,0,0,1
33936,0,0,248,541,6028
33946,0,0,0,156,1017
33947,0,31,143,286,2689
33948,0,0,86,218,4289
33950,0,100,355,810,6025
33952,0,58,304,593,7805
33953,0,7,96,220,1993
33954,0,0,17,138,2323
33955,0,0,51,246,2500
33956,0,0,65,192,1647
33957,0,5,101,680,2620
33965,0,0,3,4,38
33966,0,15,90,198,1679
33967,0,0,86,371,4465
33971,0,0,49,227,4255
33972,0,9,69,189,2449
33973,0,0,79,138,1637
33974,0,34,108,226,3329
33976,0,0,38,71,3279
33980,0,0,67,217,2992
33981,0,0,80,274,3106
33982,0,0,80,160,1653
33983,0,23,82,198,3104
33990,0,36,228,575,6518
33991,0,77,179,332,4468
33993,0,0,151,625,5421
34102,0,0,95,717,2911
34103,0,0,88,531,2166
34104,0,0,65,266,4214
34105,0,28,142,604,2689
34108,0,33,184,925,3667
34109,0,0,218,685,4057
34110,0,65,171,870,4391
34112,0,18,154,462,4890
34113,0,75,177,476,3674
34114,0,0,97,527,3553
34116,0,0,50,294,3745
34117,0,0,23,130,1208
34119,0,0,151,969,5279
34120,0,0,18,132,1319
34134,0,13,188,899,3582
34135,0,0,53,946,9492
34142,0,0,0,0,1
34145,0,0,323,1028,4914
34201,0,10,22,203,1028
34202,0,22,127,597,2863
34203,0,0,260,671,6820
34205,0,10,171,438,4803
34207,0,0,243,452,5726
34208,0,123,319,596,5244
34209,0,45,259,585,5526
34210,0,0,128,300,2014
34211,0,2,74,239,1111
34212,0,0,8,323,2211
34219,0,0,20,350,3380
34221,0,0,141,672,7778
34222,0,0,47,187,2882
34223,0,34,180,721,6136
34224,0,91,300,508,4775
34228,0,0,85,361,1446
34229,0,25,79,345,1936
34231,0,24,201,722,6211
34232,0,47,210,583,6278
34233,0,56,70,292,3711
34234,0,0,92,325,3764
34235,0,37,203,359,2844
34236,0,28,54,381,1790
34237,0,24,96,217,2550
34238,0,54,131,718,4339
34239,0,39,157,490,3583
34240,0,0,7,381,1982
34241,0,23,121,424,2575
34242,0,0,143,538,2349
34243,0,67,167,589,5826
34250,0,0,4,21,158
34269,0,0,21,46,548
34275,0,86,287,727,5098
34285,0,9,100,464,4772
34286,0,8,31,217,4168
34287,0,0,120,385,6322
34288,0,0,49,233,2508
34289,0,0,1,12,372
34291,0,0,36,108,1571
34292,0,57,134,445,3760
34293,0,128,457,1060,9944
34420,0,87,169,267,4725
34428,0,11,47,74,825
34429,0,13,107,205,2323
34432,0,3,6,8,142
34434,0,0,1,2,35
34436,0,1,13,25,361
34442,5,33,83,141,2209
34446,0,0,82,195,3081
34448,0,39,110,155,2546
34450,0,8,69,123,1337
34452,0,45,100,151,2750
34453,0,0,49,77,2140
34461,0,4,26,76,1688
34465,0,36,150,244,4576
34470,0,0,81,223,5412
34471,0,127,389,710,7182
34472,0,92,321,468,7850
34473,0,2,5,10,108
34474,0,0,116,264,4522
34475,0,38,225,382,3222
34476,0,82,245,419,8546
34479,0,63,157,246,3840
34480,0,0,132,421,5512
34481,0,42,125,320,6061
34482,0,20,98,206,4139
34484,0,10,36,90,858
34488,0,2,23,47,870
34491,0,0,120,389,7819
34601,0,49,139,185,2651
34604,0,20,76,161,2263
34606,0,67,233,456,10351
34607,0,0,49,187,1738
34608,25,174,298,559,11558
34609,0,154,541,927,14167
34610,0,0,167,329,5138
34613,0,45,172,275,5947
34614,0,4,9,28,306
34638,0,0,256,597,5107
34639,0,0,225,502,6049
34652,0,169,382,562,10515
34653,0,0,86,379,11503
34654,0,42,219,381,6702
34655,0,33,468,1103,15508
34667,0,0,297,643,15554
34668,0,159,677,975,18649
34669,0,0,159,295,5525
34677,0,92,331,694,7269
34679,0,0,0,0,11
34681,0,0,2,4,37
34683,0,0,210,816,11855
34684,0,89,295,732,8561
34685,0,0,237,542,5221
34688,5,16,144,312,2498
34689,0,115,417,939,9814
34690,0,38,121,204,6090
34691,0,125,387,617,9828
34695,0,51,248,643,5916
34698,0,0,359,718,12200
34705,0,0,3,8,394
34711,37,129,536,1184,16203
34714,0,0,63,169,4616
34715,4,12,89,150,3572
34731,0,18,88,155,3105
34734,9,20,58,133,1284
34736,0,0,5,10,203
34737,0,1,5,20,458
34741,0,139,278,409,7468
34743,0,107,203,374,9766
34744,0,0,254,553,10383
34746,0,189,645,1102,13960
34747,0,12,430,918,10329
34748,0,0,128,336,10328
34756,0,0,19,78,850
34758,0,97,181,302,11233
34759,0,79,327,620,10162
34760,0,4,15,40,294
34761,0,125,338,777,10949
34762,0,0,2,7,94
34769,0,25,67,244,7708
34771,0,19,80,309,4139
34772,0,93,224,383,8345
34785,0,0,107,173,2813
34786,0,36,629,1722,9903
34787,0,0,878,1775,15543
34788,6,96,231,340,5724
34797,0,0,24,54,435
34945,0,7,23,52,351
34946,0,11,202,381,1069
34947,0,26,94,199,1301
34949,0,14,38,151,886
34950,0,0,240,522,1928
34951,0,0,92,224,2025
34952,0,0,99,646,5432
34953,0,9,82,300,3066
34957,0,29,162,573,3087
34981,0,0,0,3,84
34982,0,0,55,171,1484
34983,0,0,249,622,5146
34984,0,0,6,203,2068
34986,0,0,51,456,2811
34990,0,0,113,982,3815
34994,0,0,76,341,1697
34996,0,33,63,275,1271
34997,0,11,213,663,3707
30002,0,0,0,0,0
30004,0,0,0,0,0
30005,0,0,0,0,0
30008,0,0,0,0,0
30009,0,0,0,0,0
30011,0,0,0,0,0
30012,0,0,0,0,0
30013,0,0,0,14,42
30014,0,0,0,0,0
30016,0,0,0,0,0
30017,0,0,0,0,0
30019,0,0,9,18,27
30021,0,0,0,0,0
30022,0,0,0,0,0
30024,0,0,0,0,0
30028,0,0,0,0,0
30030,0,0,0,0,0
30032,0,0,0,0,0
30033,0,0,0,0,0
30034,0,0,0,0,0
30035,0,0,0,0,0
30038,0,0,0,0,0
30039,0,0,0,0,0
30040,0,0,0,0,0
30041,0,0,0,0,0
30043,0,0,0,0,0
30044,0,0,0,0,0
30045,0,0,0,0,0
30046,0,0,0,0,0
30047,0,0,0,0,0
30052,0,0,0,0,0
30058,0,0,0,0,0
30060,0,0,0,0,0
30062,0,0,0,0,0
30064,0,0,0,0,0
30066,0,0,0,0,0
30067,0,0,0,0,0
30068,0,0,0,0,0
30071,0,0,0,0,0
30072,0,0,0,0,0
30075,0,0,0,0,0
30076,0,0,0,0,0
30078,0,0,0,0,0
30079,0,0,0,0,0
30080,0,0,0,0,0
30082,0,0,0,0,0
30083,0,0,0,0,0
30084,0,0,0,0,0
30087,0,0,9,9,9
30088,0,0,0,0,0
30092,0,0,0,0,0
30093,0,0,0,0,0
30094,0,0,0,0,0
30096,0,0,0,0,0
30097,0,0,0,0,0
30101,0,0,0,0,0
30102,0,0,0,0,0
30103,0,0,0,0,0
30106,0,0,0,0,0
30107,0,0,0,0,0
30114,0,0,0,0,0
30115,0,0,0,0,0
30116,0,0,0,0,0
30117,0,0,0,0,0
30120,0,0,0,0,0
30121,0,0,0,0,0
30122,0,0,0,0,0
30126,0,0,0,0,0
30127,0,0,0,0,0
30132,0,0,0,0,0
30134,0,0,0,0,0
30135,0,0,0,0,0
30137,0,0,0,0,0
30141,0,0,0,0,0
30144,0,0,0,0,0
30147,0,0,0,0,0
30152,0,0,0,0,0
30157,0,0,0,0,0
30161,0,0,0,0,0
30165,0,0,0,0,0
30168,0,5,14,14,14
30173,0,0,0,0,0
30180,0,0,0,0,0
30187,0,0,0,0,0
30188,0,0,0,0,0
30189,0,0,0,0,0
30205,0,0,0,0,0
30213,0,0,0,0,0
30214,0,0,0,0,0
30215,0,0,0,0,0
30223,0,0,0,0,0
30228,0,0,0,27,54
30234,0,0,0,0,0
30236,0,0,0,0,0
30238,0,0,0,0,0
30248,0,0,0,0,0
30252,0,0,0,0,0
30253,0,0,0,0,0
30260,0,0,0,0,0
30268,0,0,0,0,0
30269,0,0,0,0,0
30273,0,0,0,0,0
30274,0,0,0,0,0
30276,0,0,0,0,0
30277,0,0,0,0,0
30281,0,0,0,0,0
30288,0,0,0,0,0
30290,0,0,0,0,0
30291,0,0,0,0,0
30294,0,0,0,0,0
30296,0,0,0,0,0
30297,0,0,0,0,0
30305,0,0,0,0,0
30306,0,0,0,0,0
30307,0,0,0,0,0
30308,0,0,0,0,0
30309,0,0,0,0,0
30310,0,0,0,0,0
30311,0,0,0,0,0
30312,0,0,0,0,0
30313,0,0,0,0,0
30314,0,0,0,0,0
30315,0,0,0,0,0
30316,0,0,0,0,0
30317,0,0,0,0,0
30318,0,0,0,0,0
30319,0,0,0,0,0
30324,0,0,0,0,0
30326,0,0,0,0,0
30327,0,0,0,0,0
30328,0,0,0,0,0
30329,0,0,0,0,0
30331,0,0,0,0,0
30336,0,0,0,0,0
30337,0,0,0,0,0
30338,0,0,0,0,0
30339,0,0,0,0,0
30340,0,0,0,0,0
30341,0,0,0,0,0
30342,0,0,0,0,0
30344,0,0,0,0,0
30345,3,3,3,3,3
30346,0,0,0,0,0
30349,0,0,0,0,0
30350,0,0,0,0,0
30354,0,0,0,0,0
30360,0,0,0,0,0
30363,0,0,0,0,0
30458,0,0,0,0,0
30461,0,0,0,0,0
30501,0,0,0,0,0
30504,0,0,0,0,0
30506,0,0,0,0,0
30507,0,0,1,2,4
30517,0,0,0,0,0
30518,0,0,0,0,0
30519,0,0,0,0,0
30542,0,0,0,0,0
30548,2,2,2,2,2
30564,0,0,0,0,0
30565,0,0,0,0,0
30566,0,0,0,0,0
30601,0,0,0,0,0
30605,0,0,0,0,0
30606,0,0,0,0,0
30607,0,0,0,0,5
30619,0,0,0,0,0
30620,0,0,0,0,0
30621,0,0,0,0,0
30622,0,0,0,0,0
30646,0,0,0,0,0
30655,0,0,0,0,0
30677,0,0,0,0,0
30680,0,0,0,0,0
30683,0,1,1,2,3
30701,0,0,0,0,0
30705,0,0,0,0,0
30707,0,0,0,0,0
30720,0,0,0,0,0
30721,0,0,0,0,0
30725,0,0,0,0,0
30735,0,0,0,0,0
30736,0,0,9,9,19
30738,0,0,0,0,0
30740,0,0,0,0,0
30741,0,0,0,0,0
30742,0,0,0,0,0
30750,0,0,0,0,0
30755,0,0,0,0,0
30757,0,0,0,0,0
30802,0,0,0,0,0
30805,0,0,0,0,0
30809,0,0,0,0,0
30813,0,0,0,0,0
30815,0,0,0,0,0
30901,0,0,0,0,0
30904,0,0,0,0,0
30905,0,0,0,0,0
30906,0,0,0,0,0
30907,0,0,0,0,0
30909,0,0,0,0,0
31005,0,0,0,0,0
31008,0,0,0,0,0
31020,0,0,0,0,0
31028,0,0,0,0,0
31030,0,0,0,0,0
31032,0,0,0,0,0
31047,6,6,6,7,9
31052,0,0,0,0,0
31088,0,0,0,0,0
31093,0,0,0,0,0
31098,0,0,0,0,0
31201,0,0,0,0,0
31204,0,0,0,0,0
31206,0,0,0,0,0
31210,0,0,0,0,0
31211,0,0,0,0,0
31216,0,0,0,0,0
31217,0,0,0,0,0
31220,0,0,0,0,0
31301,0,0,0,0,0
31302,0,0,0,0,0
31313,0,0,0,0,0
31315,0,0,0,0,0
31322,0,0,0,0,0
31324,0,0,0,0,0
31401,0,0,0,0,0
31404,0,0,0,0,0
31405,0,0,0,0,0
31406,0,0,0,0,0
31407,0,0,0,0,0
31408,14,14,17,17,17
31410,0,0,0,0,0
31411,0,0,0,0,0
31415,0,0,0,0,0
31419,0,0,0,0,0
31520,0,0,0,0,0
31523,0,0,0,0,0
31525,0,0,0,0,0
31601,0,0,0,0,0
31602,0,0,0,0,0
31605,0,0,0,0,0
31606,0,0,0,0,0
31632,0,0,0,0,0
31636,0,0,0,0,0
31701,0,0,0,0,0
31705,0,0,0,0,0
31707,0,0,0,0,0
31721,27,27,27,32,32
31763,0,0,0,0,0
31791,0,0,0,0,0
31808,0,0,0,0,0
31820,0,0,0,0,0
31901,0,0,0,0,0
31903,0,0,0,0,0
31904,0,0,0,0,0
31905,0,0,0,0,0
31906,0,0,0,0,0
31907,0,0,0,0,0
31909,0,0,0,0,0
96701,0,1022,8068,8174,8174
96706,0,1549,15743,15838,15838
96707,0,954,9506,9544,9544
96720,0,367,4518,4536,4536
96725,0,9,104,105,105
96732,0,539,6033,6045,6045
96734,0,758,6154,6210,6210
96740,0,948,9898,9978,9978
96744,0,1250,9840,9929,9929
96753,0,819,8411,8453,8453
96761,0,540,5347,5352,5352
96779,0,89,906,912,912
96782,0,835,8964,8982,8982
96786,0,427,5883,5930,5930
96789,0,1303,13469,13578,13578
96793,0,670,7233,7277,7277
96795,0,3,26,26,26
96797,0,1283,13285,13378,13378
96813,0,366,3381,3412,3412
96814,0,111,1143,1157,1157
96815,0,217,2763,2782,2782
96816,0,1712,13187,13361,13361
96817,0,717,8081,8138,8138
96818,0,583,8240,8306,8306
96819,0,916,8483,8560,8560
96821,0,1234,6465,6543,6543
96822,0,680,6555,6601,6601
96825,0,1072,7878,7958,7958
96826,0,205,2603,2630,2630
50007,0,0,1,2,29
50009,0,0,187,423,5817
50010,79,263,1501,5113,5198
50014,24,187,842,2619,2682
50021,0,0,186,679,7212
50023,0,0,253,701,9438
50035,0,0,46,123,1708
50047,0,0,51,120,2072
50061,0,0,40,127,577
50073,0,0,8,18,100
50105,0,8,82,304,307
50109,0,0,34,80,539
50111,0,0,115,270,4310
50131,0,6,358,844,6053
50134,1,3,18,55,56
50156,0,2,18,52,53
50201,0,0,1,5,5
50211,0,0,75,314,3036
50226,0,146,652,1545,1609
50237,0,0,12,38,494
50248,0,0,1,4,4
50265,0,10,371,834,9912
50266,0,0,206,496,4697
50309,0,0,19,58,845
50310,0,0,100,358,7037
50311,0,0,90,279,2820
50312,0,0,189,454,3145
50313,0,11,118,248,5547
50314,0,6,103,256,2061
50315,0,69,199,649,8488
50316,0,0,73,179,3595
50317,0,47,291,641,11436
50320,0,0,147,338,4625
50321,0,0,53,129,1779
50322,0,51,334,759,9832
50323,0,0,112,331,1306
50324,0,0,49,125,1609
50325,0,0,143,447,3312
50327,0,8,135,312,3704
50613,88,550,1729,9529,9657
50626,0,0,1,1,21
50634,0,0,0,0,75
50643,3,24,118,677,688
50647,0,0,0,0,7
50648,0,0,0,0,1
50651,0,1,5,31,32
50667,0,3,6,10,318
50701,0,0,260,599,8394
50702,0,13,166,274,6248
50703,0,40,131,267,5602
50707,0,0,22,100,2639
51054,0,0,74,218,1575
51101,0,10,41,92,404
51103,0,20,80,295,3910
51104,0,20,171,488,4903
51105,0,0,54,151,1949
51106,0,0,214,707,7148
51108,0,4,36,124,1406
51109,0,2,13,57,1033
51111,0,0,0,0,245
51501,0,40,364,1538,13278
51503,0,0,278,1596,10063
51510,0,2,34,149,1541
51526,0,0,4,18,129
52001,101,329,1508,8950,9078
52002,2,61,375,1875,1896
52003,2,89,432,2063,2101
52227,4,41,249,1030,1050
52228,0,42,217,650,676
52233,0,85,497,1878,1909
52240,0,256,1115,4577,4686
52241,0,31,176,326,3753
52242,0,0,2,5,48
52245,0,7,131,315,3378
52246,0,0,211,515,3245
52302,47,522,3095,11573,11763
52314,0,1,6,24,24
52317,0,3,14,60,61
52324,0,4,65,244,245
52328,0,33,324,1006,1031
52333,0,0,1,2,2
52338,0,2,11,35,36
52341,0,11,53,201,209
52401,5,27,129,518,527
52402,73,355,2525,10204,10382
52403,0,249,1608,5790,5885
52404,60,375,2998,11894,12027
52405,7,206,1631,7222,7303
52411,0,287,996,2528,2662
52722,0,23,500,1238,10767
52748,0,13,90,290,296
52753,0,6,55,112,1437
52801,0,1,11,24,203
52802,0,0,113,223,3241
52803,0,0,160,412,5000
52804,0,0,150,394,6123
52806,89,293,2179,7992,8073
52807,0,0,134,308,3822
83201,0,159,4096,9823,9902
83202,0,126,2113,5206,5248
83204,0,75,1428,3339,3386
83209,0,0,5,11,11
83301,0,275,10235,16048,16178
83328,0,12,627,982,988
83341,0,22,780,1213,1225
83401,0,154,3562,10122,10245
83402,0,144,2312,7465,7548
83404,0,219,2549,6695,6853
83406,0,121,1773,4804,4857
83427,0,3,195,540,542
83501,0,70,879,11549,11713
83605,0,130,4468,10753,10796
83607,0,143,2523,5903,5927
83616,0,494,5134,9783,10076
83634,0,11,305,626,634
83642,0,367,7701,15625,15960
83644,0,0,8,18,18
83646,0,525,9175,18499,18724
83651,0,133,4279,10170,10252
83669,0,39,699,1437,1462
83686,0,268,6618,14757,14891
83687,0,71,5028,11681,11763
83702,0,234,3144,6024,6165
83703,0,179,2540,5175,5265
83704,0,108,5592,11980,12052
83705,0,125,3762,8221,8287
83706,0,228,4507,8959,9114
83709,0,351,9783,20391,20618
83712,0,108,1186,2390,2456
83713,0,251,4612,9542,9649
83714,0,255,3884,7529,7707
83716,0,225,2572,5108,5223
83814,0,21,515,6795,7007
83815,0,0,480,11717,11945
83833,0,0,2,48,49
83835,0,39,366,7613,7737
83854,0,73,482,14333,14508
83858,0,0,228,3964,4078
60002,0,0,0,0,0
60004,0,0,0,0,15
60005,0,0,0,0,12
60007,0,0,0,0,0
60012,0,0,0,0,0
60014,0,0,0,0,0
60015,0,0,0,0,0
60016,0,0,0,11,55
60018,0,0,0,0,0
60022,0,0,0,0,0
60025,0,0,0,0,38
60026,0,0,0,0,6
60029,0,0,0,1,1
60030,0,0,0,0,0
60031,0,0,0,0,0
60033,0,0,0,0,0
60034,0,0,0,0,0
60035,0,0,0,0,23
60040,0,0,0,0,0
60041,0,0,0,0,0
60043,0,0,0,0,0
60044,0,0,0,0,10
60045,0,0,0,0,6
60046,0,0,0,0,0
60047,0,0,0,0,0
60048,0,0,0,0,25
60053,0,0,0,0,0
60056,0,0,0,0,0
60060,0,0,0,0,0
60061,0,0,0,0,0
60062,0,0,0,0,0
60064,0,0,0,0,34
60068,0,0,0,0,0
60069,0,0,0,0,0
60070,0,0,0,10,24
60071,0,0,0,0,0
60073,0,0,0,0,0
60076,0,0,0,0,42
60077,0,0,0,0,26
60083,0,0,0,0,0
60084,0,0,0,0,1
60085,0,0,0,0,25
60087,0,0,26,26,26
60088,0,0,0,0,0
60089,0,0,0,0,0
60090,0,0,0,0,0
60091,0,0,0,0,0
60093,0,0,0,0,0
60096,0,0,0,4,8
60097,0,0,0,0,2
60098,0,0,0,0,0
60099,0,0,0,0,16
60101,0,0,0,0,0
60102,0,0,0,0,2
60103,0,0,0,0,0
60104,0,0,0,0,0
60106,0,0,0,9,45
60107,0,0,0,0,0
60108,0,0,0,0,0
60110,0,0,0,0,3
60118,0,0,0,0,0
60119,0,0,0,0,1
60120,0,0,0,8,17
60123,0,0,0,0,13
60124,0,0,0,0,0
60126,0,0,0,0,0
60130,0,0,0,35,52
60131,0,0,0,0,21
60133,0,0,0,0,24
60134,0,0,0,25,42
60136,0,0,0,0,0
60137,0,26,53,53,79
60139,0,0,0,0,20
60140,0,0,0,0,0
60141,0,0,0,0,0
60142,0,0,0,0,113
60143,0,0,0,0,3
60148,0,0,0,0,0
60153,0,0,0,0,22
60154,0,0,0,0,0
60155,0,0,0,18,47
60156,0,0,0,0,5
60157,0,0,0,0,1
60160,0,0,0,0,0
60162,0,0,0,0,0
60163,0,0,0,0,2
60164,0,0,0,5,40
60165,0,0,0,0,0
60169,0,0,0,0,0
60171,0,0,0,0,0
60172,0,0,0,20,33
60173,0,0,0,0,0
60174,0,0,0,0,34
60175,0,0,0,0,0
60176,0,0,19,28,39
60177,0,0,0,0,0
60180,0,0,0,0,0
60181,0,0,29,58,65
60184,0,0,0,0,0
60185,0,0,0,0,0
60187,0,0,0,19,38
60188,0,0,0,0,10
60189,0,0,0,0,21
60190,0,0,3,9,12
60191,0,0,0,0,0
60193,0,0,0,38,77
60194,0,0,0,0,0
60201,0,0,0,0,0
60202,0,0,0,0,0
60203,0,0,0,0,0
60301,0,0,0,0,0
60302,0,0,0,0,0
60304,0,0,0,0,0
60305,0,0,0,0,0
60402,0,0,0,0,15
60403,0,0,0,0,27
60404,0,0,0,0,0
60406,0,0,0,0,0
60409,0,0,0,0,17
60410,0,0,0,1,2
60411,0,0,0,0,29
60415,0,0,0,2,17
60417,0,0,0,0,4
60419,0,0,0,0,5
60421,0,0,0,0,0
60422,0,0,0,2,5
60423,0,0,0,0,0
60425,0,0,0,2,18
60426,0,0,0,0,0
60428,0,0,0,3,15
60429,0,0,0,0,0
60430,0,0,0,0,13
60431,0,0,0,0,0
60432,0,0,0,0,37
60433,0,0,0,12,20
60435,0,0,0,0,0
60436,0,0,13,61,91
60438,0,0,0,0,28
60439,0,0,0,22,37
60440,0,0,25,99,99
60441,0,0,0,0,0
60442,0,0,0,0,0
60443,0,0,0,0,42
60445,0,0,0,0,52
60446,0,0,0,0,0
60447,0,0,0,0,0
60448,0,0,29,36,43
60449,0,0,0,0,0
60451,0,0,0,0,0
60452,0,0,0,0,0
60453,0,0,0,0,0
60455,0,0,0,0,21
60456,0,0,0,0,0
60457,0,0,0,0,0
60458,0,0,0,0,0
60459,0,0,0,8,32
60461,0,0,0,0,17
60462,0,0,0,0,21
60463,0,0,0,0,8
60464,0,0,0,0,10
60465,0,0,0,0,0
60466,0,0,0,36,66
60467,0,0,0,0,15
60469,0,0,0,0,1
60471,0,0,0,0,37
60472,0,0,0,0,3
60473,0,0,0,0,0
60475,0,0,0,5,14
60476,0,0,0,0,0
60477,0,0,0,28,75
60478,0,0,0,13,31
60480,0,0,0,0,0
60482,0,0,0,15,32
60484,0,0,0,0,0
60487,0,0,7,7,7
60490,0,0,0,18,18
60491,0,0,0,0,0
60501,0,0,0,0,23
60502,0,0,0,0,0
60503,0,0,4,12,12
60504,0,0,0,0,0
60505,0,0,0,0,0
60506,0,0,0,71,154
60510,0,0,23,31,31
60512,0,0,0,0,0
60513,0,0,0,0,0
60514,0,0,0,0,0
60515,0,0,0,50,50
60516,0,0,0,0,8
60517,0,0,0,7,35
60519,0,0,0,0,0
60521,0,0,0,0,0
60523,0,3,38,48,51
60525,8,24,41,41,57
60526,0,0,0,0,0
60527,0,0,0,7,28
60532,0,0,0,17,29
60534,0,0,0,0,3
60538,0,0,12,25,37
60540,0,0,22,43,54
60542,0,0,0,10,25
60543,0,0,0,0,21
60544,0,0,0,0,8
60546,0,0,0,0,9
60554,0,0,0,0,0
60555,0,0,0,0,10
60558,0,0,0,0,0
60559,0,0,0,0,0
60560,0,0,0,0,0
60561,0,7,13,13,26
60563,0,0,0,0,0
60564,0,0,0,0,25
60565,0,0,0,0,0
60585,0,0,0,0,0
60586,0,0,0,0,0
60601,0,0,0,0,0
60602,0,0,0,0,0
60603,0,0,0,0,0
60604,0,0,0,0,0
60605,0,0,0,3,6
60606,0,0,0,0,0
60607,0,0,0,0,6
60608,0,0,0,51,134
60609,0,0,0,0,95
60610,0,0,0,0,0
60611,0,0,0,0,1
60612,0,0,0,0,0
60613,0,0,0,0,4
60614,0,0,0,0,49
60615,0,0,0,0,0
60616,0,0,0,0,15
60617,0,0,0,39,212
60618,0,28,85,114,114
60619,0,0,0,0,59
60620,0,0,0,0,112
60621,0,0,0,46,161
60622,0,0,0,22,66
60623,0,0,0,0,106
60624,0,0,0,39,92
60625,0,0,0,0,0
60626,0,0,0,0,0
60628,0,0,0,0,0
60629,0,0,0,0,0
60630,0,0,0,13,64
60631,0,0,0,0,0
60632,0,0,0,0,0
60633,0,0,0,0,0
60634,0,0,0,0,0
60636,0,0,0,0,0
60637,0,0,0,0,0
60638,0,0,0,0,0
60639,0,0,0,40,173
60640,0,0,0,0,0
60641,0,0,0,96,107
60642,0,0,0,0,0
60643,0,0,0,0,23
60644,0,0,0,0,41
60645,0,0,0,0,0
60646,0,0,0,8,45
60647,0,0,0,0,0
60649,0,0,0,37,101
60651,0,0,0,0,79
60652,0,0,0,22,132
60653,0,0,0,3,61
60654,0,0,0,0,0
60655,0,0,0,0,34
60656,0,0,0,6,25
60657,0,0,0,11,40
60659,0,0,0,0,0
60660,0,0,0,0,0
60661,0,0,0,0,1
60706,0,0,0,0,0
60707,0,0,0,48,77
60712,0,0,0,0,0
60714,0,0,0,0,16
60803,0,0,0,0,0
60804,0,0,0,14,81
60805,0,0,0,0,29
60827,0,0,0,0,29
60901,0,0,0,0,76
60910,0,0,0,0,0
60914,0,0,0,0,17
60915,0,0,0,2,7
60922,0,0,0,0,0
60964,0,0,0,0,0
61008,0,0,0,0,0
61011,0,0,0,0,0
61016,0,0,0,0,0
61025,0,0,0,0,0
61065,0,0,0,0,6
61072,0,0,0,0,0
61073,0,0,0,0,0
61101,0,0,0,0,31
61102,0,0,0,0,0
61103,0,0,0,0,0
61104,0,0,0,0,20
61107,0,0,0,0,64
61108,0,0,0,0,0
61109,0,0,0,0,78
61111,0,0,0,0,23
61114,0,0,0,0,0
61115,0,0,0,0,0
61201,0,0,0,0,0
61239,0,0,0,0,0
61240,0,0,0,0,0
61241,0,0,0,0,0
61244,0,0,0,0,0
61256,0,0,0,0,0
61264,0,0,0,0,0
61265,0,0,0,0,0
61273,0,0,0,0,0
61275,0,0,0,0,0
61282,0,0,0,0,0
61284,0,0,0,0,0
61301,0,0,0,0,11
61320,0,0,0,0,0
61341,0,0,0,1,6
61348,0,0,0,0,0
61350,0,0,0,0,0
61354,0,0,0,0,0
61362,0,0,0,3,4
61364,0,0,24,37,68
61373,0,0,0,0,0
61523,0,2,5,7,9
61525,0,0,0,0,0
61526,0,0,0,0,0
61528,0,0,0,0,0
61535,0,0,0,0,0
61536,0,0,0,0,0
61547,0,0,0,0,0
61548,0,0,0,0,2
61550,0,0,0,0,8
61554,0,0,0,0,0
61568,0,0,0,0,0
61571,0,0,0,3,8
61602,0,0,0,0,20
61603,0,0,0,0,9
61604,0,0,0,0,0
61605,0,0,0,14,71
61606,0,0,0,0,0
61607,0,0,0,0,0
61610,0,0,7,13,24
61611,0,0,0,0,0
61614,0,0,0,46,77
61615,0,0,0,0,0
61616,0,0,0,4,21
61701,0,0,0,0,45
61704,0,0,0,0,0
61705,0,0,0,0,6
61725,0,0,0,0,0
61748,0,0,0,0,0
61761,0,0,0,0,0
61772,0,0,0,0,0
61776,0,0,0,0,0
61801,0,0,0,0,0
61802,0,0,0,0,0
61814,0,0,0,0,0
61817,0,0,0,0,0
61820,0,0,0,0,0
61821,0,0,0,0,21
61822,0,0,0,25,38
61832,0,0,0,0,0
61833,0,0,0,0,0
61834,0,0,0,0,0
61841,0,0,0,0,0
61858,0,0,0,0,0
61864,0,0,0,0,0
61874,0,0,0,0,0
61880,0,0,0,0,0
61883,0,0,0,0,3
62025,0,0,0,0,0
62034,0,0,0,0,4
62040,0,0,0,0,31
62059,0,0,0,0,1
62060,0,0,0,0,10
62062,0,0,0,0,0
62090,0,0,0,0,0
62201,0,0,0,0,0
62203,0,0,0,0,0
62204,0,0,0,2,4
62205,0,0,0,16,33
62206,0,0,0,0,0
62207,0,0,0,0,15
62208,0,0,0,0,0
62221,0,0,0,0,0
62223,0,0,0,0,17
62226,0,0,0,0,0
62232,0,2,2,5,5
62234,0,0,0,0,48
62236,0,0,0,0,0
62239,0,0,0,4,9
62240,0,0,0,0,0
62260,0,0,0,0,0
62269,0,0,8,12,12
62521,0,0,0,0,12
62522,0,0,0,0,0
62523,0,0,0,0,0
62526,0,0,0,0,0
62535,0,0,0,0,0
62544,0,0,0,0,0
62549,0,0,0,0,3
62554,0,0,0,0,0
62558,0,0,0,0,1
62561,0,0,0,0,0
62563,0,0,0,0,6
62625,0,0,0,0,0
62629,0,0,0,0,18
62670,0,0,0,0,0
62677,0,0,0,0,0
62684,0,0,0,0,0
62701,0,0,0,0,0
62702,0,0,0,33,112
62703,0,0,0,0,18
62704,0,0,0,0,77
62707,0,0,0,0,0
62711,0,0,0,6,11
62712,0,0,0,0,10
62957,0,0,0,0,0
62960,0,0,0,0,0
46001,0,0,0,0,0
46011,0,0,12,23,41
46012,0,0,4,21,42
46013,0,0,5,43,80
46016,0,0,7,29,136
46017,0,0,0,0,5
46032,0,0,0,0,28
46033,0,0,12,12,23
46037,0,0,0,0,0
46038,0,0,0,0,39
46040,0,0,0,0,0
46051,0,0,0,1,5
46052,1,2,5,7,8
46055,0,0,0,0,0
46056,0,0,0,0,1
46060,0,0,0,13,40
46062,0,8,8,8,15
46064,0,0,0,0,0
46068,0,0,0,0,1
46069,0,0,0,0,2
46074,0,0,0,0,0
46075,0,0,0,0,0
46077,0,0,0,0,0
46106,3,3,11,14,41
46107,0,0,0,0,0
46110,0,0,0,0,0
46111,0,1,1,1,2
46112,0,0,13,26,66
46113,0,0,0,0,5
46118,0,0,0,0,0
46122,0,0,0,0,0
46123,24,60,84,107,119
46124,0,0,0,0,0
46126,0,0,1,4,4
46130,0,2,3,4,5
46131,0,0,0,47,149
46140,0,0,2,7,8
46142,0,0,0,0,0
46143,0,0,0,54,71
46151,0,3,7,12,25
46158,0,0,0,0,40
46162,0,0,0,0,2
46163,0,0,0,0,9
46167,0,0,0,1,4
46168,0,0,0,0,0
46181,0,0,0,0,0
46184,0,15,24,39,49
46201,0,0,0,23,193
46202,0,0,0,0,0
46203,0,0,0,0,99
46204,0,0,0,0,0
46205,0,0,0,0,0
46208,0,0,0,0,49
46214,0,0,0,0,13
46216,0,0,0,0,1
46217,0,0,0,0,11
46218,0,0,0,0,112
46219,0,0,0,0,12
46220,0,0,0,0,0
46221,0,0,0,0,0
46222,0,0,0,0,60
46224,0,0,0,8,47
46225,0,0,0,0,0
46226,0,0,0,0,0
46227,0,0,0,0,14
46228,0,0,0,0,8
46229,0,0,0,0,0
46231,0,0,0,0,0
46234,0,0,0,0,0
46235,0,0,0,102,204
46236,0,0,0,20,61
46237,0,0,0,39,64
46239,0,0,0,0,0
46240,0,0,0,22,30
46241,0,0,0,0,31
46250,0,0,0,0,5
46254,0,0,0,0,0
46256,0,0,0,0,8
46259,0,0,0,0,0
46260,0,0,0,7,27
46268,0,0,0,0,0
46278,0,0,0,0,0
46280,0,0,0,2,6
46304,13,34,43,60,98
46307,0,0,0,13,36
46311,0,0,12,41,111
46312,22,102,204,298,386
46319,0,20,35,55,109
46320,29,77,113,135,168
46321,42,71,85,134,261
46322,0,23,53,91,152
46323,0,31,98,153,209
46324,37,69,87,137,174
46327,14,27,41,58,82
46341,0,0,0,0,1
46342,0,0,10,61,133
46350,0,0,0,0,1
46360,39,68,137,185,234
46368,0,0,60,131,232
46373,1,2,2,18,44
46375,0,0,0,7,80
46383,0,45,74,126,179
46385,0,0,0,56,183
46391,0,0,0,0,0
46393,0,0,0,0,0
46394,0,12,52,80,92
46402,2,2,39,71,102
46403,10,44,64,102,129
46404,92,155,206,281,326
46405,16,42,62,75,91
46406,0,14,38,57,68
46407,0,68,127,213,268
46408,0,22,78,108,160
46409,0,0,17,52,86
46410,0,0,91,151,202
46530,0,0,16,16,24
46544,21,53,74,137,147
46545,0,7,15,65,123
46554,0,0,0,0,0
46561,0,0,0,0,1
46601,0,0,8,37,54
46613,0,14,57,79,111
46614,0,9,44,80,186
46615,0,0,0,14,33
46616,13,15,20,25,33
46617,0,0,15,36,67
46619,0,0,0,43,81
46628,0,0,32,64,88
46635,0,0,4,12,18
46637,0,27,45,54,68
46706,0,0,0,0,0
46723,0,0,0,0,1
46725,0,0,0,0,1
46741,0,0,0,0,1
46745,0,0,0,0,0
46748,0,2,2,2,4
46765,0,0,0,0,8
46774,10,15,26,26,41
46783,0,0,0,1,3
46788,0,0,0,0,0
46798,0,0,0,0,0
46802,0,0,0,18,37
46803,18,60,92,113,131
46804,0,0,0,0,9
46805,0,0,20,46,79
46806,0,0,7,58,94
46807,0,0,30,60,70
46808,0,0,0,30,98
46809,14,25,36,50,61
46814,0,0,0,0,65
46815,0,0,16,48,81
46816,0,4,39,52,69
46818,0,0,7,30,37
46819,0,0,0,8,18
46825,19,47,47,66,66
46835,0,0,0,0,44
46845,0,0,0,0,0
46901,0,18,44,70,140
46902,0,0,29,67,86
46914,0,0,0,0,0
46932,0,0,0,0,0
47106,0,0,0,1,2
47111,20,35,44,49,74
47117,0,0,0,0,1
47119,0,0,0,0,24
47129,13,33,39,65,111
47130,0,33,50,66,133
47141,0,0,0,0,0
47143,0,0,0,0,4
47150,0,55,164,218,309
47172,0,0,23,38,53
47201,0,0,0,47,86
47203,0,8,42,61,88
47226,0,0,0,0,0
47280,0,1,2,3,3
47302,0,0,103,163,215
47303,0,0,12,99,123
47304,7,34,82,96,124
47305,0,0,21,39,61
47320,0,0,0,0,0
47334,0,1,2,3,4
47342,0,0,0,1,1
47356,0,0,0,0,1
47383,0,0,0,0,0
47396,0,0,3,3,6
47401,0,0,55,185,407
47403,103,146,155,180,198
47404,0,0,12,54,96
47408,0,26,56,86,138
47429,0,0,0,0,5
47601,0,0,0,1,2
47610,5,5,7,11,13
47630,0,0,81,231,381
47708,4,6,9,13,18
47710,37,99,117,142,185
47711,0,60,120,205,301
47712,0,0,38,71,87
47713,0,33,72,101,127
47714,10,59,129,168,237
47715,111,137,171,248,291
47720,44,69,123,162,197
47725,0,6,28,63,110
47802,0,8,25,50,92
47803,0,0,0,12,99
47804,8,29,53,57,61
47805,4,26,45,56,64
47807,0,0,0,44,85
47863,0,0,0,0,0
47871,0,0,0,0,0
47874,0,0,0,0,0
47885,0,0,6,6,13
47901,0,0,4,12,12
47904,0,0,0,11,50
47905,0,0,0,25,57
47906,0,0,100,255,464
47909,0,8,17,33,50
47920,0,0,0,0,0
47932,0,0,0,0,0
47982,0,0,0,0,0
47993,0,0,0,0,0
66012,0,0,0,0,0
66013,0,0,1,1,1
66024,0,0,1,1,1
66025,0,0,0,0,0
66030,0,0,0,0,1
66044,0,0,0,0,0
66046,0,0,0,0,0
66047,0,9,22,27,40
66049,0,0,0,8,53
66050,0,0,0,0,0
66052,0,0,0,0,0
66061,0,0,0,0,0
66062,0,0,0,0,20
66083,0,0,0,0,0
66085,0,0,0,0,0
66086,0,0,0,0,0
66090,0,0,0,0,0
66101,0,0,0,0,15
66102,0,0,0,0,0
66103,0,0,0,0,0
66104,0,0,0,0,0
66105,0,0,0,2,4
66106,0,0,0,0,0
66109,0,0,0,0,0
66111,0,3,6,6,14
66112,0,5,7,12,14
66202,0,0,0,0,3
66203,0,0,0,4,12
66204,0,0,0,0,0
66205,0,0,0,0,0
66206,0,2,2,3,7
66207,0,0,0,0,0
66208,0,0,3,3,3
66209,0,0,0,0,0
66210,0,0,0,0,9
66211,0,0,0,0,5
66212,0,0,0,0,0
66213,0,0,0,0,0
66214,0,0,2,9,9
66215,0,0,6,6,17
66216,0,0,6,19,19
66217,0,0,0,0,0
66218,0,0,0,0,0
66219,0,0,0,8,11
66220,0,0,0,0,0
66221,0,0,6,6,11
66223,0,0,0,0,0
66224,0,8,8,12,16
66226,0,0,0,0,0
66227,1,1,1,1,1
66402,0,0,0,0,1
66409,0,0,0,0,0
66429,0,0,0,0,0
66502,0,9,60,120,181
66503,0,0,0,0,4
66542,0,0,0,0,0
66546,0,0,0,0,0
66603,0,0,0,2,9
66604,0,0,0,0,0
66605,0,0,23,38,76
66606,0,0,14,18,23
66607,0,0,0,0,0
66608,0,0,0,0,0
66609,2,2,8,8,8
66610,0,0,0,3,7
66611,0,0,0,0,0
66612,0,0,15,22,26
66614,0,0,30,30,70
66615,0,0,0,0,0
66616,0,0,0,0,0
66617,0,0,0,0,0
66618,0,2,3,4,9
66619,0,0,0,0,0
66739,0,0,0,0,0
67002,5,10,15,25,35
67026,0,0,0,0,0
67030,0,0,0,0,0
67037,0,0,19,28,47
67052,0,0,1,1,2
67055,0,0,0,0,0
67060,5,5,10,10,10
67067,0,0,0,0,0
67101,6,9,15,24,28
67110,0,0,0,0,0
67120,0,0,0,0,0
67147,0,0,0,0,5
67202,0,2,7,10,12
67203,0,37,75,93,102
67204,0,0,8,16,16
67205,0,0,6,6,13
67206,0,0,6,29,47
67207,0,0,0,0,0
67208,0,0,0,0,0
67209,0,0,0,0,0
67210,0,0,0,0,0
67211,0,20,39,66,112
67212,0,0,0,15,44
67213,0,0,0,0,0
67214,28,44,83,127,144
67215,0,0,0,0,0
67216,13,33,67,93,100
67217,0,0,0,0,10
67218,0,0,0,0,0
67219,0,5,5,9,14
67220,0,0,0,0,9
67223,0,0,0,0,0
67226,0,0,0,0,12
67227,0,0,0,0,0
67228,0,0,0,0,0
67230,0,0,0,0,4
67232,0,3,6,9,10
67235,0,0,0,0,0
40014,0,0,0,0,0
40023,0,0,0,0,0
40025,0,0,0,0,0
40026,0,0,0,0,0
40047,0,0,8,8,15
40056,0,0,0,0,1
40059,0,0,0,0,0
40071,0,0,0,0,0
40109,0,0,0,0,0
40118,0,0,0,0,0
40162,0,0,0,0,0
40165,0,0,0,14,32
40177,0,0,0,0,1
40202,0,0,0,0,2
40203,0,0,0,0,14
40204,0,0,0,0,24
40205,0,0,0,24,32
40206,0,0,0,6,6
40207,0,0,0,0,0
40208,0,0,0,0,38
40209,0,0,0,0,5
40210,0,0,0,0,22
40211,0,0,0,0,58
40212,0,0,0,0,19
40213,0,0,35,70,84
40214,0,0,0,15,60
40215,0,0,0,0,36
40216,0,0,0,0,0
40217,0,0,0,0,0
40218,0,0,0,0,0
40219,0,0,0,0,41
40220,0,0,0,0,32
40222,0,0,0,0,0
40223,0,0,0,0,0
40228,0,0,0,0,41
40229,0,0,0,0,0
40241,0,0,0,0,0
40242,0,0,0,0,7
40243,0,0,0,0,7
40245,0,9,27,27,27
40258,0,0,0,0,0
40272,0,0,0,0,14
40291,0,0,0,0,0
40299,0,0,14,69,83
40356,0,0,0,0,8
40403,0,0,0,22,32
40461,0,0,0,0,0
40475,0,0,0,0,0
40502,0,0,0,0,0
40503,0,0,0,0,0
40504,0,0,0,0,0
40505,0,0,29,29,58
40507,0,0,0,0,5
40508,0,0,0,0,5
40509,0,0,11,46,57
40510,0,0,0,0,0
40511,0,0,0,0,0
40513,0,0,0,0,4
40514,0,0,5,5,11
40515,45,101,112,123,123
40516,0,0,0,0,0
40517,0,0,0,0,0
41001,0,0,0,0,0
41005,0,1,1,2,2
41007,0,0,0,0,0
41011,0,23,60,98,121
41014,0,0,0,0,0
41015,0,0,21,42,49
41016,0,0,0,0,0
41017,0,0,0,0,0
41018,8,33,41,57,74
41042,0,0,0,0,0
41048,0,0,0,0,0
41051,0,0,0,0,0
41059,0,0,0,1,8
41063,1,1,1,1,1
41071,0,0,0,34,74
41073,0,0,0,0,4
41074,0,0,0,10,14
41075,0,0,0,0,0
41076,40,45,50,50,65
41085,0,0,0,1,1
41091,0,0,0,0,0
41094,0,0,0,4,8
41101,62,74,98,117,135
41102,0,0,12,20,25
41129,0,0,0,1,2
41139,14,31,39,42,61
41144,0,0,0,0,0
41169,1,6,7,13,21
41175,0,0,0,1,1
41183,7,10,12,14,14
42001,0,16,47,71,118
42003,0,0,0,0,6
42058,0,0,0,0,0
42101,0,0,0,0,0
42103,65,81,86,108,124
42104,0,50,59,79,99
42122,0,0,0,0,0
42223,0,0,4,11,19
42234,0,0,0,0,0
42262,0,0,0,6,15
42286,0,0,0,1,1
42301,0,24,47,59,118
42303,0,0,0,0,0
42366,0,0,0,0,0
42420,0,0,0,0,0
42701,33,42,67,83,108
42724,0,0,0,0,1
70001,0,0,449,1335,12740
70002,0,11,224,475,5406
70003,44,267,786,1394,14280
70005,0,64,511,1041,8638
70006,0,32,198,477,5169
70031,0,1,2,8,508
70032,0,17,82,167,1808
70037,0,5,136,305,4674
70043,0,0,364,750,6987
70047,0,0,89,213,3462
70049,0,0,1,3,46
70053,0,201,456,808,5858
70056,0,0,181,689,11085
70057,0,10,57,108,787
70058,0,125,584,1043,13477
70062,0,24,286,542,5713
70065,0,60,693,1356,14555
70068,0,0,259,607,9697
70070,6,19,65,133,1483
70072,0,341,922,1703,19534
70075,0,20,70,160,1888
70079,0,0,45,139,1078
70084,0,18,51,104,1475
70085,6,22,35,59,536
70087,0,3,28,49,887
70092,0,21,121,212,2605
70094,0,158,450,961,11737
70112,0,72,125,329,817
70113,0,105,220,822,2238
70114,0,171,421,677,6830
70115,0,70,804,1714,10877
70116,0,160,402,1509,4664
70117,0,237,687,1469,11196
70118,0,317,897,1826,10292
70119,0,198,927,3857,11867
70121,0,36,156,348,5086
70122,157,457,979,4071,12630
70123,0,10,439,859,9152
70124,0,84,806,2834,7173
70125,0,200,534,2010,5283
70126,0,355,700,2987,9572
70127,0,338,636,2234,6499
70128,0,0,385,851,5985
70129,0,58,207,351,2487
70130,0,33,342,640,3821
70131,0,49,392,751,7805
70148,0,1,1,2,3
70343,0,0,1,3,35
70360,0,173,432,846,8272
70363,0,31,239,478,6099
70364,0,29,199,386,5643
70395,0,0,1,2,22
70401,0,21,251,523,6807
70403,0,83,413,928,8936
70446,0,0,0,0,11
70454,0,150,384,4560,8185
70455,0,0,26,240,420
70462,0,2,17,43,779
70466,0,13,24,52,855
70501,0,474,717,5858,10800
70503,0,81,710,1561,9571
70506,0,255,738,1547,13654
70507,0,0,102,415,5558
70508,0,0,947,1863,14292
70517,0,10,24,256,508
70518,0,76,378,3420,6116
70520,0,27,141,294,3739
70525,0,1,2,20,37
70529,0,40,100,169,1852
70535,0,171,306,2361,4254
70555,9,34,90,142,1054
70560,9,28,48,366,626
70570,0,318,582,4819,8857
70577,0,42,70,621,1144
70578,0,0,0,1,1
70582,2,3,6,79,157
70583,0,103,240,451,4205
70584,0,0,0,0,1
70592,0,132,556,4018,7077
70601,0,65,752,1399,12427
70605,0,0,447,812,8787
70607,0,43,167,296,4657
70611,0,3,123,253,2744
70615,0,0,70,144,2045
70663,21,157,342,548,6935
70665,0,8,119,198,1605
70668,0,0,0,1,3
70669,0,24,82,179,2959
70706,0,25,169,481,6070
70710,0,0,21,56,940
70711,0,0,18,42,1340
70714,0,154,322,643,6501
70719,2,13,61,165,1758
70726,0,176,607,1277,15438
70734,0,0,164,358,2529
70737,0,124,821,1378,14941
70739,0,44,203,437,4220
70744,0,2,18,32,191
70764,0,0,0,0,1
70767,0,0,128,387,4782
70769,14,85,698,1781,13564
70770,0,9,33,55,660
70774,0,11,50,80,648
70777,0,1,3,5,66
70778,0,0,11,20,307
70785,15,57,132,253,3726
70791,0,17,339,712,8379
70801,0,0,3,5,92
70802,0,280,595,1242,8498
70805,0,241,556,1087,8047
70806,0,59,372,922,8075
70807,16,271,460,780,5233
70808,20,275,982,1758,9126
70809,0,51,414,971,8073
70810,0,123,956,1939,12866
70811,0,67,219,406,4344
70812,0,64,186,389,3261
70814,0,83,208,374,5051
70815,0,114,421,815,8448
70816,36,214,524,976,11567
70817,0,48,772,1794,11202
70818,0,0,197,447,3981
70819,0,9,67,161,1649
70820,0,155,423,746,3927
71006,0,0,0,0,3
71009,0,1,2,4,31
71024,0,0,0,0,1
71037,0,26,95,131,2064
71047,0,5,45,111,1166
71051,0,0,1,2,42
71055,0,0,109,227,2987
71073,0,1,5,13,251
71101,0,126,197,449,2350
71103,0,52,136,360,2661
71104,0,106,284,513,4098
71105,0,83,303,736,6680
71106,0,169,751,1633,8906
71107,0,88,487,1199,9383
71108,10,174,313,600,4987
71109,0,175,440,835,6287
71110,0,1,16,38,893
71111,105,290,712,1595,12743
71112,0,151,313,853,10634
71115,0,66,244,498,4924
71118,0,55,152,346,5989
71119,0,14,144,365,3397
71129,0,10,103,261,3360
71201,0,53,445,1027,7127
71202,0,307,560,867,6321
71203,0,214,499,873,8525
71225,0,1,2,4,37
71280,0,0,1,3,29
71291,0,0,412,790,8414
71292,0,25,152,304,3507
71301,48,327,566,4109,7771
71302,6,114,213,1485,2773
71303,0,47,273,2628,5093
71360,0,100,253,2967,5769
71405,0,7,34,491,945
71423,0,0,0,1,3
71485,0,0,0,1,1
1001,0,0,124,870,4487
1002,0,25,145,1200,1899
1007,0,0,0,2,3
1013,0,11,244,1148,5548
1020,0,51,264,1595,8317
1022,0,0,0,93,834
1027,0,0,120,2588,4253
1028,0,0,341,2942,4650
1030,0,0,127,862,3637
1033,0,0,113,1098,1767
1035,0,0,32,303,481
1036,0,0,2,24,39
1040,0,0,269,1615,7529
1056,0,0,256,2652,4459
1068,0,0,1,9,14
1073,0,0,43,393,2017
1075,0,0,290,2736,4385
1077,0,0,77,470,2274
1085,0,0,317,1834,9674
1089,0,0,282,1459,7029
1095,0,2,79,673,1076
1103,0,0,12,54,187
1104,0,26,238,1044,5172
1105,0,0,74,340,1325
1106,0,10,332,2040,3202
1107,0,26,107,355,1335
1108,0,26,221,2631,4331
1109,0,10,148,963,4980
1118,0,0,180,2130,3463
1119,0,0,77,568,3148
1128,0,0,49,503,797
1129,0,21,101,1290,2066
1151,0,19,56,1312,2115
1201,0,59,165,3258,6483
1237,0,1,7,83,163
1238,0,0,1,16,34
1240,0,0,39,477,898
1266,0,0,2,14,26
1420,0,0,324,7213,8184
1450,0,2,42,201,245
1453,0,36,499,7666,8762
1462,0,8,88,933,1124
1463,0,0,2,13,15
1473,0,0,1,6,8
1501,0,0,192,3198,4703
1504,0,5,162,1600,2358
1505,0,4,60,509,742
1507,0,0,75,909,1377
1515,0,0,13,194,289
1516,0,0,41,376,532
1519,0,0,49,289,405
1520,0,20,257,2210,3172
1522,0,0,12,179,261
1524,0,0,76,1206,1781
1527,0,0,152,2460,3625
1529,0,0,23,257,372
1534,0,0,4,41,60
1535,0,0,1,28,41
1536,0,6,75,625,923
1537,0,3,11,430,640
1540,0,0,124,2053,3046
1541,0,0,9,52,75
1542,0,0,22,395,567
1543,0,0,32,209,300
1545,0,6,528,4012,5881
1560,0,0,11,111,160
1562,0,25,142,2126,3082
1564,0,0,194,1409,2079
1566,0,0,1,7,11
1568,0,0,21,121,178
1569,0,7,128,1168,1770
1570,0,16,182,2629,3880
1571,0,0,85,1310,1939
1581,0,0,16,95,135
1583,2,6,104,1394,2035
1588,0,4,38,412,590
1590,0,0,194,1285,1870
1602,0,77,324,3009,4374
1603,0,0,156,2366,3483
1604,0,64,285,4732,6995
1605,0,4,214,2703,3875
1606,0,11,255,3656,5323
1607,0,5,64,1061,1537
1608,0,0,20,187,269
1609,0,51,220,1965,2881
1610,0,27,180,1820,2662
1611,0,0,27,360,542
1612,0,0,115,896,1393
1701,0,11,249,1791,2621
1702,0,0,299,3653,4785
1721,0,10,298,2050,3140
1730,0,0,288,1365,2014
1731,0,0,9,281,354
1741,0,2,119,392,552
1742,0,0,1,6,8
1745,0,0,17,97,141
1746,0,3,386,2119,3185
1747,0,0,138,1022,1470
1748,0,0,459,2113,2995
1756,0,0,160,1009,1496
1757,0,33,433,4412,6444
1760,0,52,769,4589,6146
1770,0,0,166,651,871
1772,0,0,300,1248,1878
1773,0,2,30,138,184
1778,0,0,1,4,5
1801,0,0,710,6442,8466
1803,0,0,472,3370,5123
1810,0,14,964,4499,6435
1821,0,19,414,3946,6160
1824,0,16,634,3343,5038
1826,0,25,305,3989,6212
1827,0,1,147,573,860
1830,0,36,267,2901,4350
1832,0,0,224,2926,4486
1833,0,0,0,1,1
1834,0,0,116,844,1280
1835,0,19,154,2011,3024
1840,0,8,30,304,449
1841,0,6,189,3834,5642
1843,0,0,146,2505,3886
1844,0,35,715,7400,11458
1845,0,27,548,3412,5153
1850,0,0,126,1703,2629
1851,0,33,248,3011,4594
1852,0,0,182,2958,4588
1854,0,12,159,2476,3905
1862,0,14,140,1110,1695
1863,0,0,120,1118,1715
1864,0,13,327,2081,3089
1867,0,0,526,3419,4596
1876,0,5,326,3024,4691
1879,0,0,244,1816,2792
1880,0,0,527,3687,5485
1886,0,11,527,2372,3445
1887,0,25,534,3125,4808
1890,0,0,734,2761,4005
1901,0,6,21,131,197
1902,0,89,350,4154,6234
1904,0,0,260,2999,4619
1905,0,30,211,2819,4242
1906,0,0,398,4480,6676
1907,0,28,321,2304,3405
1908,0,5,107,847,1230
1915,0,48,637,5252,7655
1921,0,0,28,107,152
1923,0,7,479,4597,6701
1940,0,15,336,1674,2407
1945,0,0,753,3460,5117
1949,0,14,256,1275,1829
1960,0,136,843,7967,11994
1970,0,9,431,5574,8400
1982,0,4,98,548,824
1983,0,0,20,104,145
1984,0,0,131,566,805
1985,0,0,4,19,27
2019,0,0,273,2683,4076
2021,0,5,540,3184,4769
2025,0,0,155,750,1132
2026,0,58,611,4134,5477
2030,0,0,305,894,1165
2032,0,0,122,737,976
2035,0,11,282,2452,3660
2038,0,27,585,3398,5030
2043,0,10,513,2122,3050
2048,0,0,365,3379,4530
2052,0,11,474,1879,2483
2053,0,0,349,2004,2973
2054,0,4,158,1319,1745
2056,0,12,261,1316,1914
2061,0,0,244,1169,1744
2062,0,13,519,4806,6376
2066,0,0,465,2709,4113
2067,0,7,503,2294,3416
2071,0,0,42,145,206
2072,0,39,500,4063,6257
2081,0,0,433,2714,4026
2090,0,11,605,2505,3282
2093,0,8,209,1089,1592
2108,0,0,67,287,363
2109,0,2,43,220,287
2110,0,1,15,64,82
2111,0,3,33,147,188
2113,0,1,26,336,429
2114,0,6,79,385,504
2115,0,17,109,740,927
2116,0,10,236,1051,1374
2118,0,15,226,1218,1556
2119,0,34,273,2224,2728
2120,0,17,88,760,928
2121,0,0,178,1934,2414
2122,0,29,275,2730,3477
2124,0,119,524,4809,6025
2125,0,83,379,3224,4032
2126,0,30,268,2966,3660
2127,0,22,583,3289,4228
2128,0,20,338,3350,4777
2129,0,8,288,1401,1981
2130,0,61,509,3255,4225
2131,0,57,528,3903,4991
2132,0,12,671,4589,5863
2134,0,10,102,1262,1554
2135,0,29,273,3182,4047
2136,0,0,317,3750,4846
2138,0,0,444,2572,3424
2139,0,13,364,2333,3062
2140,0,0,241,1486,1931
2141,0,4,161,1027,1363
2142,0,2,20,100,132
2143,0,19,384,2795,3646
2144,0,12,441,2513,3768
2145,0,8,297,2368,3672
2148,0,19,564,5894,8966
2149,0,0,390,4591,7089
2150,0,26,192,2556,3607
2151,0,76,531,6432,9258
2152,0,4,262,2541,3637
2155,0,35,937,7485,11315
2163,0,1,6,30,36
2169,0,39,554,6116,9509
2170,0,19,247,2363,3694
2171,0,41,234,2154,3296
2176,0,37,589,3445,5073
2180,0,19,387,2918,4489
2184,0,0,844,5251,8054
2186,0,0,739,3935,5744
2188,0,13,139,1674,2622
2189,0,9,138,1938,2933
2190,0,18,244,2328,3547
2191,0,15,95,1068,1665
2199,0,1,10,47,61
2210,0,0,33,168,216
2215,0,12,70,463,582
2301,0,0,512,6425,10093
2302,0,0,343,4561,7017
2322,0,5,51,841,1324
2333,0,3,103,806,1236
2339,0,17,362,1810,2647
2341,0,2,75,664,1023
2343,0,0,160,1766,2691
2346,0,0,173,2842,4363
2347,0,16,275,2273,3068
2351,0,33,233,2268,3548
2356,0,3,223,1886,2604
2368,0,0,448,4158,6425
2370,0,17,286,2841,4192
2375,0,4,100,754,1012
2379,0,2,18,155,237
2382,0,14,180,2181,3372
2420,0,0,521,2081,2720
2421,0,20,570,2335,3130
2445,0,0,281,1699,2247
2446,0,15,255,1498,1981
2451,0,8,365,2896,3829
2452,0,0,194,1896,2551
2453,0,0,413,3597,4749
2458,0,2,344,1758,2349
2459,0,0,641,2689,3583
2460,0,8,207,1114,1498
2461,0,6,229,909,1194
2462,0,1,35,181,245
2464,0,3,58,386,495
2465,0,17,469,1983,2596
2466,0,8,193,826,1107
2467,0,30,376,1639,2160
2468,0,0,253,686,918
2472,0,7,638,4786,6470
2474,0,45,604,3544,5299
2476,0,41,397,2440,3206
2478,0,35,876,4155,5423
2481,0,7,473,1537,2054
2482,0,0,308,1150,1515
2492,0,26,803,2956,3989
2493,0,0,148,536,704
2494,0,2,406,1587,2065
2601,0,15,217,4377,5100
2630,0,0,83,925,1087
2632,0,2,48,491,593
2668,0,0,2,23,28
2673,0,14,87,1968,2323
2675,0,9,51,525,627
2702,0,7,86,859,1203
2703,0,29,530,6944,9481
2715,0,0,72,767,1020
2717,0,0,126,1084,1487
2718,0,2,83,1455,1753
2719,0,0,282,4014,4856
2720,0,77,371,4657,6254
2721,0,6,248,4090,5537
2723,0,12,159,2136,2955
2724,0,0,193,2705,3636
2725,0,0,93,761,1041
2726,0,17,298,3965,5395
2739,0,1,11,82,107
2740,0,93,504,8521,10126
2743,0,0,176,2771,3310
2744,0,34,91,2040,2426
2745,0,0,316,5708,6953
2746,0,66,189,2188,2608
2747,0,0,359,4162,5664
2748,0,29,372,2882,3556
2760,0,17,390,4048,5598
2762,0,0,86,833,1257
2763,0,0,49,381,505
2764,0,0,60,754,1031
2766,0,4,286,2862,3890
2767,0,9,120,928,1273
2769,0,0,317,2806,3816
2770,0,2,45,461,624
2771,0,24,349,3487,4638
2777,0,0,301,4286,6051
2779,0,0,191,1385,1924
2780,0,0,505,7376,9912
2790,0,19,227,2756,3689
20701,0,0,0,15,15
20705,0,0,503,5777,5907
20706,0,6,222,2943,3003
20707,0,0,650,6014,6182
20708,0,0,261,3515,3572
20712,0,11,60,521,527
20715,0,0,246,1948,2017
20720,0,19,1130,6123,6459
20721,0,6,1037,5756,6071
20722,0,0,2,15,15
20723,0,0,853,5472,5735
20724,0,32,258,2840,2931
20740,0,59,330,1787,1833
20743,0,47,198,1775,1798
20745,0,4,37,323,326
20746,0,2,24,204,206
20748,0,0,3,28,28
20755,0,0,60,937,955
20759,0,0,114,377,414
20763,0,5,58,497,513
20769,0,0,286,1772,1859
20770,0,3,55,675,689
20772,0,6,243,1842,1923
20774,0,90,1174,9654,10015
20777,0,0,1,2,2
20781,0,0,0,2,2
20782,0,5,47,346,351
20783,0,15,177,1499,1516
20794,0,0,223,2319,2398
20814,0,24,566,1953,2036
20815,0,10,338,1007,1064
20816,0,1,174,473,498
20817,0,16,1131,2984,3148
20841,0,0,212,1335,1540
20850,0,104,1798,7728,8009
20851,0,11,348,2159,2199
20852,0,79,1104,4781,4939
20853,0,23,893,3665,3794
20854,0,0,3929,9951,10609
20855,0,0,707,2882,2977
20866,0,4,250,2044,2120
20868,0,0,13,86,90
20874,0,0,407,8510,9017
20876,0,0,120,2154,2254
20877,0,0,581,3872,3947
20878,0,31,2583,10039,10404
20879,0,24,813,4717,4798
20880,0,0,10,50,51
20882,0,0,58,284,300
20886,0,0,209,3646,3850
20895,0,4,1083,3580,3714
20896,0,0,34,87,93
20899,0,0,2,19,19
20901,0,5,1152,4735,4937
20902,0,81,1312,7231,7386
20903,0,6,205,1574,1603
20904,0,16,831,7921,8141
20905,0,0,448,2854,2994
20906,0,78,1359,7664,7812
20910,0,25,436,2058,2117
20912,0,3,71,395,403
21012,0,11,259,1835,1915
21032,0,6,93,474,501
21042,0,0,1308,6058,6439
21043,0,109,1607,9401,9897
21044,0,1,156,1023,1067
21045,0,20,709,6415,6627
21046,0,0,206,1916,1981
21052,0,0,0,177,177
21054,0,12,205,940,1000
21056,0,0,36,103,115
21057,0,0,72,365,388
21060,0,68,684,8239,8433
21061,0,91,640,11259,11430
21075,0,0,945,6409,6697
21076,0,4,502,3736,3892
21077,0,0,0,186,186
21087,0,5,81,556,584
21090,0,4,285,3881,3956
21093,0,81,1024,7067,7369
21104,0,0,1,6,6
21108,0,29,609,3911,4109
21113,0,22,513,5383,5561
21117,0,9,681,8857,9093
21122,0,0,1436,14791,15265
21128,0,0,588,3709,3888
21133,0,69,482,7497,7643
21136,0,10,140,1142,1186
21144,0,49,1159,7741,8098
21146,0,0,989,4360,4683
21156,0,0,4,22,23
21162,0,0,230,1446,1518
21163,0,2,82,664,690
21201,0,61,315,2356,2437
21202,0,29,401,3537,3635
21204,0,61,615,3882,4044
21205,0,111,658,5645,5803
21206,0,37,699,12073,12281
21207,0,77,641,10834,11044
21208,0,8,706,8003,8200
21209,0,91,663,5509,5709
21210,0,27,346,2193,2289
21211,0,99,521,6041,6190
21212,0,0,1236,7779,8121
21213,0,52,966,12799,13021
21214,0,0,315,5952,6055
21215,0,359,1729,15952,16262
21216,0,178,764,10239,10428
21217,0,0,855,11453,11664
21218,0,476,1509,13115,13591
21219,0,0,296,3318,3407
21220,0,84,670,6251,6412
21221,0,11,635,11128,11343
21222,0,111,842,15628,15866
21223,0,161,891,10521,10704
21224,0,33,1593,15895,16404
21225,0,28,688,8957,9159
21226,0,10,164,3316,3356
21227,0,116,1128,10203,10540
21228,0,0,1173,12802,13144
21229,0,62,698,12247,12434
21230,0,57,1408,10970,11440
21231,0,55,564,4093,4245
21234,0,291,1299,19099,19409
21236,0,0,783,11108,11335
21237,0,120,627,8435,8581
21239,0,75,444,6694,6817
21244,0,0,402,8090,8213
21286,0,115,628,4257,4416
21502,0,0,354,11969,12576
21529,0,0,9,198,213
21545,0,0,2,40,42
21713,0,0,1,20,21
21722,0,0,0,1,1
21733,0,0,0,3,3
21734,0,1,3,80,81
21740,0,0,452,15637,16072
21742,0,0,215,6248,6490
21767,0,0,19,394,405
21795,0,0,100,1970,2068
21801,0,190,2449,7461,7582
21804,0,264,2650,7885,7997
21810,0,0,3,12,12
21822,0,5,106,317,321
21826,0,23,387,1314,1328
21830,0,3,402,1124,1134
21837,0,0,0,1,1
21849,0,0,4,11,11
21856,0,0,2,5,5
21875,0,6,386,1194,1196
3901,0,15,97,601,609
3903,0,13,96,496,506
3904,4,35,146,1052,1069
3905,0,3,15,91,93
3906,0,0,0,2,2
3908,0,25,124,641,655
3909,0,1,6,33,34
4005,55,184,775,6008,6131
4038,7,144,631,3233,3320
4046,2,16,48,283,291
4062,0,9,62,357,369
4063,0,4,14,67,69
4064,0,89,456,2835,2864
4072,0,133,794,5430,5535
4074,0,396,1354,5880,6164
4092,0,53,542,4390,4439
4093,0,7,60,479,488
4101,0,84,460,2547,2615
4102,11,142,655,3714,3814
4103,0,187,1084,7302,7414
4105,8,142,562,1823,1937
4106,0,162,1129,7254,7379
4107,5,153,685,2439,2560
4108,0,41,130,502,530
4210,34,131,541,5573,5675
4236,0,4,25,238,242
4240,0,194,876,9087,9179
4250,0,2,12,185,186
4252,0,1,4,75,76
4258,0,3,31,367,373
4274,0,6,30,332,338
4280,0,25,129,1557,1572
4330,0,58,269,3153,3202
4344,0,14,49,422,429
4345,4,18,55,685,695
4346,1,8,24,261,265
4347,0,13,53,395,404
4351,0,0,0,2,2
4401,0,186,568,8611,8744
4411,0,0,0,9,9
4412,0,23,102,2774,2814
4428,0,3,15,291,297
4429,0,3,43,463,479
4444,0,13,90,1425,1468
4473,0,4,21,281,287
4474,0,6,41,597,613
4605,0,2,5,108,110
4609,0,17,69,1085,1108
4612,0,0,7,150,153
4646,0,0,4,59,60
4653,0,0,1,188,189
4660,0,0,15,142,147
4662,0,4,34,260,270
4674,0,0,2,78,79
4679,0,11,45,686,702
48009,0,0,0,0,0
48015,0,0,0,0,0
48017,0,0,0,0,0
48021,0,0,0,0,0
48025,0,0,0,0,0
48026,0,0,0,0,0
48030,0,0,0,0,0
48033,0,0,0,0,0
48034,0,0,0,0,0
48035,0,0,0,0,0
48036,0,0,0,0,0
48038,0,0,0,0,0
48040,0,0,0,0,0
48042,0,0,0,0,0
48043,0,0,0,0,0
48044,0,0,0,0,0
48045,0,0,0,0,0
48047,0,0,0,0,0
48048,0,0,0,0,0
48049,0,0,0,0,0
48051,0,0,0,5,15
48059,0,0,0,0,0
48060,0,0,0,0,0
48066,0,0,0,0,0
48067,0,13,20,33,33
48069,0,0,0,0,0
48070,0,0,0,0,0
48071,0,0,0,0,0
48072,0,0,0,0,0
48073,0,0,0,0,0
48074,0,0,0,0,0
48075,0,0,0,0,0
48076,0,0,0,0,0
48079,0,0,0,0,0
48080,0,0,0,0,0
48081,0,0,0,0,0
48082,0,0,0,0,0
48083,0,0,0,0,0
48084,0,0,0,0,0
48085,0,0,0,0,0
48088,0,0,0,0,0
48089,0,0,0,0,11
48091,0,0,0,0,0
48092,0,0,0,0,0
48093,0,0,0,0,0
48094,0,0,0,0,0
48095,0,0,0,0,0
48096,0,0,0,0,0
48098,0,0,0,0,0
48101,0,0,0,0,0
48103,0,0,0,0,27
48104,0,0,0,0,0
48105,0,0,0,0,0
48108,0,0,0,0,0
48109,0,0,0,0,0
48111,0,0,0,0,0
48114,0,0,0,0,0
48116,0,0,0,0,0
48117,0,0,0,0,0
48120,0,0,0,0,0
48122,0,0,0,0,0
48124,0,0,0,0,0
48125,0,0,0,0,0
48126,0,0,0,0,0
48127,0,0,0,0,0
48128,0,0,0,0,0
48130,0,0,2,2,4
48133,0,0,0,0,0
48134,0,0,0,0,0
48135,0,0,0,0,0
48138,0,0,0,0,0
48139,0,0,0,0,0
48141,0,0,0,0,0
48144,0,0,0,0,0
48146,0,0,0,0,0
48150,0,0,0,0,0
48152,0,0,0,0,0
48154,0,0,0,0,0
48157,0,0,0,0,0
48161,0,0,0,0,0
48162,0,0,0,0,0
48164,0,0,0,0,0
48165,0,0,0,0,0
48166,0,0,0,0,0
48167,0,0,0,0,0
48168,0,0,0,0,0
48169,0,2,4,8,10
48170,0,0,0,0,0
48173,0,0,0,5,5
48174,0,0,0,0,0
48176,0,0,0,0,0
48178,0,0,0,0,0
48179,0,0,0,0,0
48180,0,0,0,0,0
48182,0,0,0,0,0
48183,0,0,0,0,0
48184,0,0,0,0,0
48185,0,0,0,0,0
48186,0,0,0,0,0
48187,0,0,0,0,0
48188,0,0,0,0,0
48189,0,0,0,0,0
48192,0,0,0,0,0
48193,0,0,0,0,0
48195,0,0,0,0,0
48197,0,0,0,0,0
48198,0,0,0,0,0
48201,0,0,0,0,0
48202,0,0,0,0,0
48203,0,0,0,0,0
48204,0,0,0,0,0
48205,0,0,0,0,68
48206,0,0,0,0,0
48207,0,0,0,0,0
48208,0,0,0,0,0
48209,0,0,0,0,0
48210,0,0,0,0,0
48211,0,0,0,0,0
48212,0,0,0,0,0
48213,0,0,0,0,0
48214,0,0,0,0,0
48215,0,0,0,0,0
48216,0,0,0,0,0
48217,0,0,0,0,0
48218,0,0,0,0,0
48219,0,0,0,0,0
48220,0,0,0,0,0
48221,0,0,0,0,0
48223,0,0,0,0,0
48224,0,0,0,0,0
48225,0,0,0,0,0
48226,0,0,0,0,0
48227,0,0,0,0,0
48228,0,0,0,0,0
48229,0,0,0,0,0
48230,0,0,0,0,0
48234,0,0,0,0,0
48235,0,0,0,0,0
48236,0,0,0,0,10
48237,0,0,0,0,0
48238,0,0,0,0,0
48239,0,0,0,0,0
48240,0,0,0,0,0
48301,0,0,0,0,0
48302,0,0,0,0,0
48304,0,0,0,0,0
48306,0,0,0,0,0
48307,0,0,0,0,0
48309,0,0,0,8,8
48310,0,0,0,0,39
48312,0,0,0,0,0
48313,0,0,0,0,0
48314,0,0,0,0,0
48315,0,0,0,0,0
48316,0,0,0,0,0
48317,0,0,7,14,29
48320,0,0,0,0,0
48322,0,0,0,0,0
48323,0,0,0,0,0
48324,0,0,0,0,0
48326,0,0,0,0,0
48327,0,0,0,0,0
48328,0,0,0,0,0
48329,0,0,0,0,0
48331,0,0,13,26,26
48334,0,0,0,0,0
48335,0,0,0,0,0
48336,0,0,0,0,0
48340,0,0,0,0,0
48341,0,0,0,0,0
48342,0,0,0,0,0
48346,0,0,0,0,0
48348,0,0,0,0,0
48350,0,0,0,0,0
48353,0,0,0,0,0
48359,0,0,0,0,0
48360,0,0,0,0,0
48363,0,0,0,0,0
48374,0,0,0,0,0
48375,0,0,0,0,0
48377,0,0,0,0,0
48380,0,0,0,0,0
48381,0,0,0,0,0
48382,0,0,0,0,0
48383,0,0,0,0,0
48386,0,0,0,0,0
48390,0,0,0,0,0
48393,0,0,0,0,0
48415,0,0,0,0,0
48420,0,0,0,0,0
48421,0,0,0,0,0
48423,0,0,0,0,0
48430,0,0,0,0,0
48433,0,0,0,0,0
48436,0,0,0,0,0
48437,0,0,0,0,0
48438,0,0,0,0,0
48439,0,0,0,0,0
48442,0,0,0,0,0
48457,0,0,0,0,0
48458,0,0,0,0,0
48463,0,0,0,0,0
48473,0,0,0,0,0
48502,0,0,0,0,0
48503,0,0,0,0,0
48504,0,0,0,0,0
48505,0,0,0,0,0
48506,0,0,0,0,0
48507,0,0,0,0,0
48509,0,0,0,0,0
48519,0,0,0,0,0
48529,0,0,0,0,0
48532,0,0,0,0,0
48601,0,0,0,0,0
48602,0,0,0,0,0
48603,0,0,0,0,0
48604,0,0,0,0,0
48607,0,0,0,0,0
48609,0,0,0,0,0
48623,0,0,0,0,0
48631,0,0,0,0,0
48638,0,0,0,0,0
48640,0,0,0,0,0
48642,0,0,0,0,0
48706,0,0,0,0,0
48708,0,0,0,0,0
48722,0,0,0,0,0
48724,0,0,0,0,0
48732,0,0,0,0,0
48746,0,0,0,0,0
48808,0,0,0,0,0
48813,0,0,0,0,0
48820,0,0,0,0,0
48821,0,0,0,2,5
48822,0,0,0,0,0
48823,0,0,0,0,0
48827,0,0,0,0,0
48837,0,0,0,0,0
48840,0,0,0,0,0
48842,0,0,0,0,0
48843,0,0,0,0,0
48848,0,0,0,0,0
48854,0,0,0,0,0
48855,0,0,0,0,0
48864,0,0,0,0,0
48876,0,0,0,0,0
48895,0,0,0,0,0
48906,0,0,0,0,0
48910,0,0,0,0,0
48911,0,0,0,0,0
48912,0,0,0,0,0
48915,0,0,0,0,0
48917,0,0,0,0,0
48933,0,0,0,0,0
49001,0,0,0,0,0
49002,0,0,0,0,0
49004,0,0,0,0,0
49006,0,0,0,0,0
49007,0,0,0,0,0
49008,0,0,0,0,0
49009,0,0,0,0,0
49010,0,0,0,0,0
49012,0,0,0,0,0
49014,0,0,0,0,0
49015,0,0,0,0,0
49017,0,0,0,0,0
49024,0,0,0,0,0
49033,0,0,0,0,0
49034,0,0,0,0,0
49037,0,0,0,0,0
49048,0,0,0,0,0
49051,0,0,0,0,0
49053,0,0,0,0,0
49083,0,0,0,0,0
49087,0,0,0,0,0
49088,0,0,0,0,0
49107,0,0,0,0,0
49112,0,0,0,0,0
49117,0,0,0,0,0
49120,0,0,0,0,0
49201,0,0,0,0,0
49202,0,0,0,0,0
49203,0,0,0,0,0
49221,0,0,0,0,0
49228,0,0,0,0,0
49254,0,0,0,0,0
49267,0,0,0,0,0
49270,0,0,0,0,0
49276,0,0,0,0,0
49277,0,0,0,0,0
49286,0,0,0,0,0
49301,0,0,0,0,0
49302,0,0,0,1,1
49306,0,0,0,0,0
49315,13,19,19,19,25
49316,0,0,0,0,0
49321,0,0,0,0,0
49331,0,0,0,0,0
49341,0,0,0,0,0
49345,0,0,0,0,0
49401,0,0,0,0,0
49403,0,0,0,0,0
49404,0,0,0,0,0
49406,0,0,0,0,0
49408,0,0,0,1,1
49415,0,0,0,0,0
49418,0,0,0,17,26
49419,0,0,0,0,0
49423,0,0,0,0,0
49424,0,0,0,0,0
49426,0,0,0,0,0
49428,0,0,0,0,0
49435,0,0,0,0,0
49440,0,0,0,0,0
49441,0,0,0,0,10
49442,0,0,0,0,0
49444,0,0,0,0,0
49445,0,0,0,0,0
49453,0,0,0,0,0
49456,0,0,0,0,0
49457,0,0,0,0,0
49460,0,0,0,0,0
49464,0,0,0,0,0
49503,0,0,0,0,0
49504,0,0,0,0,0
49505,0,0,0,8,34
49506,0,0,0,0,0
49507,0,0,0,0,0
49508,0,0,0,0,0
49509,0,0,0,0,0
49512,16,16,20,20,24
49519,0,0,0,0,0
49525,0,0,0,0,0
49534,0,0,0,0,0
49544,0,0,0,0,0
49546,0,0,0,0,0
49548,0,0,0,0,0
49621,0,0,0,0,0
49637,0,0,0,0,0
49649,0,0,0,0,0
49684,0,0,0,0,0
49685,0,0,0,0,4
49686,0,0,0,0,0
49690,0,0,0,0,0
49696,0,0,0,0,0
55001,0,0,0,0,4
55003,0,0,0,1,1
55009,0,0,0,0,0
55011,0,0,0,0,0
55014,0,0,0,0,0
55016,0,0,0,0,0
55020,0,0,0,0,0
55024,0,0,0,0,0
55025,0,0,0,8,20
55031,0,0,0,0,1
55033,0,0,0,18,71
55038,0,0,0,0,0
55042,0,0,0,0,13
55043,0,0,0,0,4
55044,0,0,0,0,0
55055,0,0,0,3,7
55068,0,0,0,0,101
55071,0,0,0,0,10
55075,0,0,0,0,42
55076,0,0,0,10,35
55077,0,0,0,0,9
55082,0,0,0,32,64
55085,0,0,0,0,0
55089,0,0,0,0,0
55090,0,0,0,0,1
55092,0,0,0,0,2
55101,0,0,0,0,0
55102,0,0,0,0,0
55103,0,0,0,12,37
55104,0,0,0,0,77
55105,0,0,0,0,5
55106,0,0,0,0,0
55107,0,0,0,0,10
55108,0,0,0,0,0
55109,0,0,28,55,110
55110,0,0,0,0,86
55112,0,0,31,47,63
55113,0,0,0,38,92
55114,0,0,0,4,11
55115,0,0,0,4,4
55116,0,0,0,0,0
55117,0,0,0,61,115
55118,0,0,0,0,18
55119,0,0,0,0,8
55120,0,0,0,3,3
55121,0,0,0,0,11
55122,0,0,0,47,79
55123,0,0,0,0,0
55124,0,0,0,27,106
55125,0,0,0,0,0
55126,0,6,12,30,49
55127,0,0,0,0,4
55128,0,0,0,0,13
55129,0,0,0,6,12
55130,0,0,0,0,44
55150,0,0,0,0,0
55301,0,0,0,0,3
55303,0,0,0,0,0
55304,0,0,15,15,46
55305,0,0,9,17,20
55306,0,0,0,6,6
55309,0,0,0,0,0
55311,0,0,0,13,26
55313,0,0,0,0,0
55315,0,0,2,3,6
55316,0,0,0,0,24
55317,0,0,0,5,5
55318,0,0,0,0,0
55322,0,0,0,0,0
55327,0,0,2,3,5
55330,0,0,0,10,39
55331,0,0,0,8,13
55337,0,0,0,27,100
55340,0,0,0,2,17
55341,0,0,0,0,0
55343,0,0,0,0,4
55344,0,0,0,0,4
55345,0,0,0,0,0
55346,0,0,8,8,25
55347,0,0,9,18,26
55352,0,0,0,4,25
55356,0,0,8,31,46
55357,0,0,0,0,4
55359,0,0,0,0,0
55362,0,0,0,0,3
55364,0,0,0,0,10
55369,0,0,0,0,0
55372,0,0,0,0,0
55373,0,0,0,0,0
55374,0,0,0,9,37
55376,0,0,0,0,9
55378,9,43,43,43,43
55379,0,0,0,0,0
55384,0,0,0,0,3
55386,0,0,0,0,2
55387,0,0,0,0,0
55391,0,0,0,0,7
55401,0,0,0,0,0
55402,0,0,0,0,1
55403,0,0,0,9,16
55404,0,0,0,2,41
55405,0,0,0,11,27
55406,0,0,0,0,56
55407,0,0,0,7,100
55408,0,0,0,0,26
55409,0,0,0,12,17
55410,0,0,0,4,22
55411,0,0,0,21,78
55412,0,0,0,23,70
55413,0,0,0,5,26
55414,0,0,0,9,35
55415,0,0,0,1,2
55416,0,0,0,13,46
55417,0,0,0,0,10
55418,0,0,0,53,80
55419,0,0,0,0,16
55420,0,0,0,9,44
55421,0,0,0,0,5
55422,0,0,5,42,69
55423,0,0,0,0,5
55424,0,0,0,4,10
55425,0,0,0,5,22
55426,0,0,0,0,24
55427,0,0,0,0,22
55428,0,0,20,41,51
55429,0,0,0,0,34
55430,0,0,12,37,54
55431,0,12,12,12,20
55432,0,0,31,50,56
55433,0,0,0,16,32
55434,0,0,0,26,59
55435,0,0,0,13,52
55436,0,0,0,0,0
55437,0,0,0,0,0
55438,0,0,0,17,46
55439,0,0,0,2,10
55441,0,0,0,0,3
55442,0,0,0,13,26
55443,0,0,0,0,0
55444,0,0,0,11,23
55445,0,0,0,6,13
55446,0,0,0,12,35
55447,0,0,0,0,13
55448,0,0,0,7,28
55449,0,0,16,32,32
55454,0,0,0,0,4
55802,0,0,0,0,13
55803,0,0,0,0,7
55804,0,0,0,0,0
55805,0,0,0,0,18
55806,0,0,0,0,10
55807,0,0,0,0,0
55808,0,0,0,4,15
55810,0,0,0,0,0
55811,0,0,0,0,0
55812,0,0,0,0,8
55901,0,0,0,0,0
55902,0,0,0,0,0
55904,0,0,0,0,0
55906,0,0,0,15,45
55920,0,0,0,0,0
55925,0,0,0,0,0
55934,0,0,0,0,0
55947,0,0,0,0,6
55960,0,0,0,0,0
56001,0,0,0,0,49
56003,0,3,17,31,42
56011,0,0,0,0,0
56301,0,0,0,0,43
56303,0,0,0,34,89
56304,0,0,0,0,18
56310,0,0,0,0,0
56320,0,0,0,0,0
56374,0,0,0,0,5
56377,0,0,4,16,40
56379,0,0,0,0,8
56387,0,0,0,4,11
56401,0,0,0,0,0
56425,0,0,0,0,0
56465,0,0,0,0,0
56468,0,0,0,0,0
56529,0,0,0,1,6
56547,0,0,0,0,0
56560,0,0,11,84,210
56580,0,0,0,0,0
56721,0,0,0,0,0
63005,0,0,0,814,2043
63010,0,0,32,226,2825
63011,0,0,0,1066,4036
63017,0,0,27,1464,4606
63021,0,0,0,1042,5283
63026,0,0,0,680,4251
63031,0,0,90,449,4153
63033,0,0,69,277,2818
63034,0,0,0,287,1842
63038,0,0,2,131,382
63040,0,0,5,199,834
63042,0,0,67,153,1318
63043,0,0,40,261,2034
63044,0,0,9,197,1103
63049,0,0,16,103,757
63052,0,0,4,43,290
63074,0,0,0,116,1221
63088,0,0,19,141,704
63101,0,0,3,13,45
63102,0,0,6,23,84
63103,0,0,22,57,235
63104,0,0,82,288,1182
63105,0,0,49,372,1117
63106,0,0,32,154,529
63107,0,0,48,162,868
63108,0,0,17,208,865
63109,0,0,104,340,2285
63110,0,0,22,257,1346
63111,0,0,116,318,1445
63112,0,0,48,272,1303
63113,0,0,43,191,1077
63114,0,0,117,364,3060
63115,0,0,195,563,2009
63116,0,0,180,511,3137
63117,0,0,21,276,991
63118,0,0,170,466,1799
63119,0,0,32,822,3320
63120,0,0,97,216,783
63121,0,0,122,336,1946
63122,0,0,116,1410,4564
63123,0,0,101,453,4028
63124,0,4,38,574,1603
63125,0,0,51,224,2336
63126,0,0,13,361,1786
63127,0,0,0,188,723
63128,0,0,73,617,2949
63129,0,0,33,801,4480
63130,0,0,112,672,2441
63131,0,0,13,1018,2907
63132,0,0,47,351,1539
63133,0,0,11,107,619
63134,0,0,43,141,1219
63135,0,0,64,159,1209
63136,0,0,174,383,3054
63137,0,0,136,277,1440
63138,0,0,31,193,1073
63139,0,0,0,258,1761
63140,0,0,2,10,43
63141,0,0,48,756,2427
63143,0,0,10,69,587
63144,0,0,6,211,946
63146,0,0,53,417,2386
63147,0,0,93,260,961
63301,0,0,99,609,4859
63303,0,0,0,855,4804
63304,0,0,28,843,4493
63341,0,0,0,2,5
63366,0,0,0,386,3653
63367,0,0,3,241,1043
63368,0,0,0,857,4218
63376,0,0,145,1061,7159
63385,0,0,1,6,28
63386,0,0,0,2,14
63701,0,0,0,346,2277
63703,0,0,28,93,695
63780,0,0,15,65,322
64012,0,14,65,296,6627
64014,0,0,72,290,6035
64015,0,0,128,412,8242
64016,0,0,1,3,84
64029,0,3,26,64,967
64030,0,0,160,320,5383
64034,0,0,10,174,1334
64050,0,0,108,237,4618
64052,0,0,119,190,4374
64053,0,0,9,34,987
64054,0,4,23,49,838
64055,0,34,94,197,7873
64056,0,0,95,211,3581
64057,0,0,53,138,1877
64058,0,3,14,23,1423
64060,0,0,0,0,0
64063,0,0,38,202,2859
64064,0,64,234,632,5086
64068,0,38,94,313,5593
64079,0,0,0,0,2
64080,0,0,8,86,1401
64081,0,0,30,616,6543
64082,0,0,124,506,4351
64083,0,0,193,501,7062
64086,0,0,129,465,5742
64105,0,0,8,20,314
64106,0,0,40,91,810
64108,0,7,78,208,1968
64109,0,0,153,297,2517
64110,0,0,103,343,4383
64111,0,0,47,238,3209
64112,0,0,82,191,1252
64113,0,0,236,763,3139
64114,0,0,78,259,5423
64116,0,0,62,249,4651
64117,0,0,91,174,2323
64118,0,0,122,263,8517
64119,0,0,67,305,6729
64120,0,0,0,0,666
64123,0,0,70,124,2354
64124,0,0,80,136,2367
64125,0,0,20,40,489
64126,0,0,58,128,1268
64127,0,0,259,493,4194
64128,0,0,156,297,3555
64129,0,0,57,112,1868
64130,0,0,140,361,6639
64131,0,0,77,214,5399
64132,0,0,127,192,3478
64133,0,0,136,256,7183
64134,0,12,91,162,3631
64136,0,0,15,37,465
64137,0,0,30,60,1987
64138,0,16,133,239,4879
64139,0,0,12,25,530
64145,0,6,23,130,1704
64146,0,0,2,18,467
64147,0,0,12,28,65
64149,0,0,0,12,227
64150,0,0,17,59,606
64151,0,20,166,372,5791
64152,0,0,166,778,5281
64153,0,0,17,54,1502
64154,0,0,0,191,2439
64155,0,0,33,326,5889
64156,0,4,43,111,1547
64157,6,12,187,672,5369
64158,0,7,39,117,1182
64161,0,2,11,23,345
64163,0,0,0,2,80
64164,0,0,0,7,35
64165,0,0,0,0,20
64167,0,0,0,19,51
64421,0,0,0,1,7
64436,0,0,0,1,13
64501,0,0,115,191,1847
64503,0,0,49,228,2296
64504,0,0,45,171,1921
64505,0,0,36,165,2548
64506,0,0,64,367,3402
64507,0,0,47,201,2137
64801,31,292,522,2319,15065
64804,0,13,515,2178,12869
64834,0,13,132,555,3089
64835,1,1,2,109,1016
64836,0,65,219,930,5775
64840,0,0,0,1,6
64841,0,0,3,11,70
64855,0,2,7,60,374
64870,0,54,186,778,5837
65039,0,0,0,0,1
65043,0,0,1,26,295
65053,0,0,0,0,7
65101,0,0,19,189,1370
65109,0,0,52,253,1907
65201,0,0,315,772,3261
65202,0,0,130,505,4007
65203,0,0,55,1053,5669
65255,0,0,0,2,23
65611,0,0,1,1,29
65616,0,69,162,759,4791
65619,0,3,70,386,3093
65631,0,0,3,19,111
65672,0,20,96,277,1997
65679,0,0,0,0,2
65714,0,35,312,1171,8457
65721,0,34,197,906,6647
65738,0,0,0,0,1
65739,0,0,4,8,96
65742,0,1,19,101,742
65753,0,0,1,5,39
65757,0,0,0,1,37
65781,0,1,4,14,99
65802,0,124,515,2166,17437
65803,0,229,653,2025,15985
65804,0,0,136,649,7858
65806,0,0,90,225,1584
65807,0,0,151,622,9652
65809,0,0,95,389,2254
65810,0,0,0,439,4194
38637,0,0,0,0,0
38641,0,0,0,0,0
38654,0,0,0,0,0
38655,0,0,0,0,0
38671,0,0,0,0,0
38672,0,0,0,0,0
38680,0,0,0,0,0
38801,0,0,0,0,0
38804,0,0,0,0,0
38826,0,0,0,0,0
38862,0,0,0,0,0
38863,0,0,0,0,0
38866,0,0,0,0,0
38868,0,0,0,0,0
39041,0,0,0,0,0
39042,0,0,0,0,0
39046,0,0,0,0,0
39047,0,0,0,0,0
39056,0,0,0,0,0
39071,0,0,0,0,0
39073,0,0,0,0,0
39110,0,0,0,0,0
39154,0,0,0,0,0
39157,0,0,0,0,0
39170,0,0,0,0,0
39201,0,0,0,0,0
39202,0,0,0,0,0
39203,0,0,0,0,0
39204,0,0,0,0,0
39206,0,0,0,0,0
39208,0,0,0,0,0
39209,0,0,0,0,0
39211,0,0,0,0,0
39212,0,0,0,0,0
39213,0,0,0,0,0
39216,0,0,0,0,0
39218,0,0,0,0,0
39232,0,0,0,0,0
39272,0,0,0,0,0
39301,0,0,0,0,0
39305,0,0,0,0,0
39307,0,0,0,0,0
39342,0,0,0,0,0
39401,0,0,0,0,0
39402,0,0,0,0,0
39437,0,0,0,0,0
39440,0,0,0,0,0
39443,0,0,0,0,0
39452,0,0,0,0,0
39465,0,0,0,0,0
39475,0,0,0,0,0
39501,0,0,0,0,0
39503,0,0,0,0,0
39507,0,0,0,0,0
39520,0,0,0,0,0
39525,0,0,0,0,0
39530,0,0,0,0,0
39531,0,0,0,0,0
39532,0,0,0,0,0
39540,0,0,0,0,0
39553,0,0,0,0,0
39556,0,0,0,0,0
39560,0,0,0,0,0
39562,0,0,0,0,0
39563,0,0,0,0,0
39564,0,0,0,0,0
39565,0,0,0,0,0
39567,0,0,0,0,0
39571,0,0,0,0,0
39574,0,0,0,0,0
39576,0,0,0,0,0
39581,0,0,0,0,0
59030,4,8,9,11,13
59101,35,235,435,505,623
59102,153,383,643,720,888
59105,58,97,214,312,428
59106,13,144,371,507,625
59401,54,115,154,219,250
59404,0,60,230,358,451
59405,0,60,230,349,439
59411,0,0,1,1,1
59417,0,2,3,4,5
59714,17,31,68,131,151
59715,7,68,306,489,666
59718,0,139,300,462,616
59741,0,0,0,1,1
59801,8,112,279,415,495
59802,26,48,131,196,249
59803,5,5,134,273,340
59804,0,28,111,149,180
59808,10,34,106,192,298
59901,0,58,128,314,453
59912,0,1,2,6,10
59936,0,0,0,0,0
59937,0,1,6,14,19
27006,0,0,0,0,0
27009,0,0,0,0,0
27012,0,0,0,0,0
27019,0,0,0,0,0
27023,0,0,0,0,0
27040,0,0,0,0,14
27045,0,0,0,0,0
27050,0,0,0,0,0
27051,0,0,0,0,0
27052,0,0,0,0,0
27101,0,0,0,0,79
27103,0,0,0,0,42
27104,0,0,0,0,0
27105,0,0,0,0,321
27106,0,0,0,0,140
27107,0,0,0,0,56
27127,0,0,0,0,36
27201,0,0,0,0,0
27214,0,0,0,0,0
27215,0,0,0,0,0
27217,0,0,0,0,34
27233,0,0,0,0,0
27235,0,0,0,0,0
27244,0,0,0,0,0
27249,0,0,0,0,8
27253,0,0,0,0,0
27258,0,0,0,0,9
27260,0,0,0,0,131
27262,0,0,0,0,0
27263,0,0,0,14,64
27265,0,0,0,0,16
27278,0,0,0,0,0
27282,0,0,0,0,20
27284,0,0,0,0,92
27292,0,0,0,0,11
27295,0,0,0,0,10
27299,0,0,0,0,0
27301,0,0,2,4,4
27302,0,0,1,3,4
27305,0,0,0,0,0
27310,0,0,0,3,8
27311,0,0,0,0,0
27313,0,0,0,0,0
27315,0,0,0,0,0
27317,0,0,1,5,9
27357,0,0,0,0,0
27358,0,0,0,0,0
27360,0,0,0,0,0
27370,0,0,0,1,2
27376,0,0,0,3,4
27377,0,0,0,0,1
27401,0,0,0,0,0
27403,0,0,0,0,23
27405,0,0,0,0,0
27406,0,0,0,0,195
27407,0,0,0,0,37
27408,0,0,0,0,9
27409,0,0,0,0,43
27410,0,0,0,0,0
27455,0,0,0,0,20
27502,0,0,10,39,147
27504,0,0,6,18,28
27510,0,0,0,0,11
27511,0,0,12,31,50
27513,0,0,0,0,19
27514,0,0,0,0,36
27516,0,0,0,21,95
27517,0,17,39,48,52
27518,0,0,0,0,26
27519,0,0,0,0,116
27520,0,0,0,29,66
27521,0,0,0,1,1
27523,0,2,11,15,19
27526,0,12,41,47,64
27527,0,0,0,0,2
27529,0,0,0,0,11
27530,0,0,0,7,94
27534,0,0,6,54,108
27539,0,0,19,45,64
27540,0,0,0,0,40
27545,0,14,48,68,102
27560,0,0,0,8,31
27562,0,0,0,0,1
27587,0,7,17,20,24
27591,0,0,0,0,1
27592,0,0,6,10,17
27596,0,0,0,0,0
27601,0,0,0,0,0
27603,0,0,0,0,38
27604,0,0,0,0,73
27605,0,0,0,0,13
27606,0,0,0,22,103
27607,0,0,0,0,38
27608,0,0,0,0,0
27609,0,0,0,0,15
27610,0,0,80,160,273
27612,0,0,0,13,39
27613,0,0,0,0,18
27614,0,0,26,70,191
27615,0,0,0,0,0
27616,0,0,0,0,71
27617,0,0,0,15,20
27701,0,0,0,4,47
27703,0,0,0,27,54
27704,0,0,62,79,115
27705,0,0,0,0,79
27707,0,0,0,0,73
27712,0,0,10,31,41
27713,0,0,0,0,47
27801,0,0,0,77,133
27803,0,0,0,0,53
27804,0,0,0,28,139
27809,0,1,3,3,3
27812,0,0,0,0,0
27822,0,0,0,4,17
27828,0,0,0,0,0
27834,0,0,0,0,170
27837,0,0,0,1,3
27851,0,0,0,0,1
27856,0,0,0,0,0
27858,0,0,0,78,246
27863,0,0,0,0,2
27878,0,0,0,0,1
27884,0,0,0,0,0
27893,0,0,161,331,444
27896,0,0,9,47,76
28012,0,0,0,0,0
28016,0,0,0,0,0
28023,0,0,0,0,1
28025,0,0,0,0,85
28027,0,0,0,0,17
28031,0,0,0,0,0
28032,0,0,0,0,7
28033,0,0,0,0,0
28034,0,0,0,0,22
28036,0,0,0,0,0
28037,0,0,0,10,13
28052,0,0,0,0,36
28054,0,0,0,0,31
28056,0,0,0,0,8
28072,0,0,0,0,0
28073,0,0,0,0,2
28075,0,0,0,0,0
28078,0,0,0,0,0
28079,0,0,0,0,0
28080,0,0,0,0,0
28086,0,0,0,0,0
28092,0,0,0,0,26
28098,0,0,0,0,0
28101,0,0,0,0,0
28104,0,0,0,10,20
28105,0,0,0,0,0
28107,0,0,0,0,0
28110,0,0,0,0,56
28112,0,0,0,0,48
28115,0,0,0,0,94
28117,0,0,0,0,0
28120,0,0,0,0,58
28125,0,0,0,0,0
28134,0,0,0,0,11
28138,0,0,0,0,0
28144,0,0,0,0,0
28146,0,0,0,0,0
28147,0,0,0,0,0
28150,0,0,0,0,24
28152,0,0,0,0,40
28159,0,0,0,0,9
28164,0,0,0,0,2
28166,0,0,0,0,0
28168,0,0,0,0,0
28173,0,0,0,0,0
28202,0,0,0,0,6
28203,0,0,0,0,0
28204,0,0,0,0,0
28205,0,0,0,0,15
28206,0,0,0,0,6
28207,0,0,0,0,3
28208,0,0,0,39,109
28209,0,0,0,0,0
28210,0,0,0,0,0
28211,0,0,0,0,0
28212,0,0,0,0,56
28213,0,0,0,28,121
28214,0,0,0,0,37
28215,0,0,0,0,87
28216,0,0,0,0,0
28217,0,0,0,0,34
28226,0,0,0,0,0
28227,0,0,0,0,0
28262,0,0,0,0,68
28269,0,0,0,0,124
28270,0,0,0,0,0
28273,0,0,0,0,0
28277,0,0,0,18,92
28278,0,0,0,8,24
28301,0,0,0,0,200
28303,0,0,43,130,225
28304,0,0,0,0,108
28305,0,0,5,31,51
28306,0,0,0,122,231
28307,0,0,0,3,27
28311,0,0,54,135,224
28312,0,0,17,57,114
28314,0,0,79,118,171
28315,0,0,11,24,33
28326,0,0,0,0,0
28327,0,0,0,0,3
28333,0,0,0,0,3
28334,0,0,28,47,89
28339,0,0,0,0,29
28348,0,0,0,57,126
28358,0,0,14,79,179
28360,0,0,7,13,25
28371,0,0,22,44,57
28372,0,0,0,0,0
28373,0,0,0,0,1
28374,0,0,0,8,8
28376,0,0,0,10,23
28387,0,0,0,0,4
28390,0,0,0,24,48
28391,0,0,0,0,1
28394,0,0,0,0,0
28395,0,0,0,0,1
28401,0,0,61,206,267
28403,0,0,93,194,296
28405,0,0,0,80,170
28409,0,0,0,33,55
28411,0,0,0,12,49
28412,0,0,0,0,56
28420,0,0,0,0,0
28422,0,0,1,6,15
28428,0,0,14,42,66
28429,0,0,0,5,12
28449,0,0,0,0,0
28451,0,0,1,2,2
28460,0,0,0,0,0
28461,0,0,0,9,39
28462,0,4,49,112,121
28465,0,0,0,32,106
28467,0,0,0,14,41
28468,0,0,7,31,55
28469,0,0,0,0,8
28470,0,0,0,15,42
28479,0,0,0,0,0
28480,0,0,0,0,0
28513,0,0,0,0,0
28539,0,0,0,1,2
28540,0,0,0,51,128
28543,0,0,0,0,3
28544,0,0,0,3,6
28546,0,0,0,0,154
28547,0,0,0,6,17
28555,0,0,0,0,0
28590,0,0,0,25,51
28601,0,0,0,0,35
28602,0,0,0,0,36
28610,0,0,0,0,4
28612,0,0,0,0,0
28613,0,0,0,0,0
28619,0,0,0,0,0
28625,0,0,0,0,12
28630,0,0,0,0,14
28637,0,0,0,5,11
28638,0,0,0,0,8
28645,0,0,0,0,0
28650,0,0,0,0,0
28655,0,0,0,0,0
28658,0,0,0,0,0
28677,0,0,0,14,48
28681,0,0,0,0,0
28690,0,0,0,5,11
28701,0,0,0,4,8
28715,0,0,0,7,21
28730,0,0,0,0,2
28748,0,0,0,0,1
28778,0,0,0,0,2
28787,0,0,0,0,13
28801,0,0,0,0,98
28803,0,0,18,39,66
28804,0,0,0,24,36
28805,0,0,0,0,23
28806,0,0,0,0,23
58042,0,0,0,0,0
58047,0,0,0,0,0
58078,0,0,0,0,0
58102,0,0,0,0,0
58103,0,0,0,0,0
58104,0,0,0,0,0
58201,0,0,0,0,0
58202,0,0,0,0,0
58203,0,0,0,0,0
58501,0,0,0,0,0
58503,0,0,0,0,0
58504,0,0,0,0,0
58554,0,0,0,0,0
68005,0,0,0,0,0
68007,0,0,0,0,0
68010,0,0,0,0,0
68022,0,0,0,0,0
68028,0,0,0,0,0
68030,0,0,0,0,0
68046,0,0,0,8,16
68059,0,0,0,0,0
68064,0,0,0,0,0
68069,0,0,0,0,0
68102,0,0,0,0,0
68104,0,0,0,0,0
68105,0,0,0,0,0
68106,0,0,0,0,0
68107,0,0,0,0,0
68108,0,0,0,0,0
68110,0,0,0,0,0
68111,0,0,0,0,0
68112,0,0,0,0,0
68113,0,0,0,0,0
68114,0,0,0,0,0
68116,0,0,0,0,0
68117,0,0,0,0,0
68118,0,0,0,0,0
68122,0,0,0,0,0
68123,0,0,0,0,0
68124,0,0,0,0,0
68127,0,0,0,0,0
68128,0,0,0,0,0
68130,0,0,0,0,0
68131,0,0,0,0,0
68132,0,0,0,0,0
68133,0,0,0,0,0
68134,0,0,0,0,0
68135,0,0,0,0,0
68136,0,0,0,0,0
68137,0,0,0,0,0
68138,0,0,0,0,0
68142,0,0,0,0,0
68144,0,0,0,0,0
68147,0,0,0,0,0
68152,0,0,0,0,0
68154,0,0,0,0,0
68157,0,0,0,0,0
68164,0,0,0,0,0
68317,0,0,0,0,0
68336,0,0,0,0,0
68339,0,0,0,0,0
68430,0,0,0,0,0
68462,0,0,0,0,0
68502,0,0,0,0,0
68503,0,0,0,0,0
68504,0,0,0,0,0
68505,0,0,0,0,0
68506,0,0,0,0,0
68507,0,0,0,0,0
68508,0,0,0,0,0
68510,0,0,0,0,0
68512,0,0,0,0,0
68514,0,0,0,0,0
68516,0,0,0,0,0
68517,0,0,0,0,0
68520,0,0,0,0,0
68521,0,0,0,0,0
68522,0,0,0,0,0
68523,0,0,0,0,0
68524,0,0,0,0,0
68526,0,0,0,0,0
68527,0,0,0,0,0
68528,0,0,0,0,0
68531,0,0,0,0,0
68731,0,0,0,0,0
68776,0,0,0,0,0
3032,0,0,222,1256,1301
3034,0,0,16,119,121
3036,0,1,29,141,146
3038,0,47,745,5062,5150
3045,0,38,493,3330,3440
3046,0,2,19,97,101
3049,0,0,32,140,148
3051,0,45,741,4340,4507
3052,0,1,156,853,890
3053,0,48,757,3826,3961
3054,0,0,523,3851,3962
3060,0,96,655,5534,5641
3062,0,26,774,5079,5209
3063,0,11,385,2718,2790
3064,0,42,328,2971,3041
3076,0,14,420,2330,2414
3079,0,80,841,5176,5309
3087,0,4,50,228,239
3101,0,16,98,453,468
3102,0,63,450,5707,5770
3103,0,88,625,7918,7998
3104,0,189,833,7391,7535
3106,0,23,603,3728,3863
3109,0,42,291,2919,2969
3110,0,10,779,3307,3477
3224,0,0,1,6,6
3229,0,0,6,36,37
3234,0,0,2,22,22
3258,0,0,6,55,56
3275,0,42,231,2556,2590
3301,0,125,685,6466,6584
3303,0,7,146,1417,1439
3304,0,14,241,1026,1075
3307,0,0,16,162,164
3801,0,12,741,3900,4025
3820,0,22,713,4352,4463
3823,0,1,14,46,49
3824,0,18,144,601,624
3833,0,1,11,63,65
3840,0,4,94,416,432
3854,0,0,85,278,294
3856,0,6,50,182,193
3857,0,17,106,856,871
3861,0,0,0,3,3
3862,0,2,37,179,186
3865,0,0,1,4,4
3867,0,0,1,4,4
3868,0,0,3,24,24
3869,0,3,47,292,299
3870,0,18,160,527,560
3878,0,12,238,1935,1955
3885,0,13,94,406,425
7001,0,23,159,735,2734
7002,0,77,580,2628,10591
7003,0,141,657,2551,8966
7004,0,0,123,442,1607
7005,0,3,90,330,1476
7006,0,0,144,773,3002
7008,0,0,219,1579,5301
7009,15,39,377,1083,2728
7010,0,36,231,813,2897
7011,0,141,339,1855,6900
7012,6,30,160,879,2850
7013,0,59,617,2447,6914
7014,0,3,96,383,1222
7016,0,5,219,727,2864
7017,0,60,173,888,3428
7018,0,91,229,740,2711
7020,0,10,136,349,884
7021,0,0,81,169,319
7022,6,43,141,548,2082
7023,0,0,200,555,1337
7024,0,47,303,1059,3371
7026,0,42,310,1513,5735
7027,0,3,60,329,1091
7028,7,9,308,660,1269
7029,0,29,164,602,2317
7030,0,41,476,1168,2842
7031,0,22,209,965,3594
7032,0,49,344,1522,6788
7033,0,0,21,190,1327
7034,0,0,29,115,868
7035,0,0,14,57,489
7036,0,60,401,2559,9794
7039,0,0,274,1257,3785
7040,0,0,179,856,2491
7041,0,0,73,310,828
7042,0,68,611,1434,3811
7043,0,35,494,1010,2128
7044,11,68,444,1070,2542
7045,0,0,34,361,1224
7046,0,0,18,132,293
7047,0,162,533,1971,7429
7050,0,129,242,831,3274
7052,0,0,288,1196,5001
7054,0,0,145,653,2940
7055,0,69,264,1700,6177
7057,0,25,126,624,2403
7058,0,0,42,158,647
7059,0,0,262,753,2074
7060,27,81,291,1363,5235
7062,9,30,120,575,2068
7063,0,18,94,471,1900
7064,0,0,72,370,1309
7065,0,56,270,1539,5437
7066,4,49,311,1207,3875
7067,0,21,457,1696,4816
7068,0,0,31,192,790
7069,0,0,34,169,593
7070,11,15,358,1176,3501
7071,0,61,322,1480,4865
7072,0,18,179,609,1884
7073,0,17,156,537,1818
7074,0,13,55,239,881
7075,0,20,258,722,2082
7076,0,0,131,887,2988
7077,0,8,62,247,777
7078,0,0,167,845,1655
7079,0,13,124,501,1532
7080,0,50,501,1972,5897
7081,0,0,104,447,1949
7082,0,0,16,80,248
7083,0,51,386,1183,7084
7086,3,16,208,517,1511
7087,0,128,320,1367,5642
7088,0,4,17,42,385
7090,0,0,368,1332,3622
7092,0,0,124,366,1012
7093,30,74,300,1250,4755
7094,0,44,408,1098,3130
7095,12,40,223,1247,3896
7102,14,45,91,282,880
7103,0,100,245,1095,3874
7104,0,49,325,1359,5220
7105,0,99,230,1255,6072
7106,8,149,251,1013,3811
7107,0,96,254,1075,4262
7108,0,114,310,850,2868
7109,0,0,320,1794,6843
7110,0,90,593,1965,6049
7111,0,130,351,1872,7427
7112,0,58,245,829,3552
7114,0,25,132,562,2020
7201,0,20,149,930,3939
7202,0,83,235,1228,4784
7203,7,36,173,939,3518
7204,0,17,154,688,2338
7205,0,33,276,1257,4504
7206,26,92,173,969,3594
7208,0,44,127,847,3567
7302,0,24,415,964,2342
7304,0,113,398,1572,5163
7305,0,85,521,2369,9077
7306,5,121,320,1319,5001
7307,0,67,377,1497,5825
7310,0,3,29,64,136
7401,4,22,222,515,1154
7407,0,88,288,1197,4474
7410,0,59,1135,2783,7634
7417,0,15,519,1014,2231
7423,0,0,184,407,766
7424,17,39,366,1660,5347
7430,9,141,462,1486,4106
7432,3,25,200,513,1436
7436,0,3,82,418,1477
7440,0,0,13,87,358
7442,0,1,10,49,360
7444,0,0,16,66,264
7446,0,38,403,1026,2498
7450,29,38,877,1931,4212
7452,13,21,476,1100,2307
7458,0,73,561,1129,2343
7463,0,14,248,715,1864
7470,0,0,397,1597,6559
7481,0,21,545,1377,3179
7501,0,109,256,1036,3380
7502,0,21,139,707,2592
7503,20,58,153,801,2815
7504,0,31,133,532,1671
7505,0,19,37,145,452
7506,0,31,295,1382,4263
7508,0,58,436,1593,4566
7512,4,25,334,1066,3373
7513,0,0,45,385,1483
7514,0,41,82,517,2123
7522,0,48,142,646,2461
7524,0,50,124,492,1837
7601,0,0,263,1286,5314
7603,0,5,99,469,1634
7604,0,3,237,821,2809
7605,0,18,186,496,1425
7606,0,8,37,169,660
7607,2,18,189,644,2188
7620,2,9,47,100,194
7621,0,47,384,1525,4948
7624,0,6,335,902,1927
7626,0,3,228,612,1571
7627,0,0,157,380,922
7628,0,48,251,1015,3496
7630,0,33,208,587,1667
7631,0,83,433,1311,3883
7632,0,4,347,746,1545
7640,0,0,144,368,878
7641,0,0,111,243,492
7642,4,20,269,756,1832
7643,0,23,129,504,2002
7644,0,56,340,1277,4443
7645,0,2,224,617,1413
7646,0,9,271,927,2947
7647,0,3,127,439,1224
7648,0,6,156,474,1099
7649,0,19,344,754,1663
7650,0,18,166,700,2475
7652,0,21,662,2184,6553
7656,0,25,234,599,1505
7657,0,7,181,635,2114
7660,0,0,128,590,2156
7661,0,12,321,866,2186
7662,6,30,156,540,1481
7663,24,48,344,1281,3724
7666,14,109,770,2105,6232
7670,12,55,460,992,2177
7675,0,6,817,2041,4993
7676,0,7,222,575,1541
7677,0,20,240,487,1013
7701,0,10,188,685,3296
7702,0,2,56,210,726
7704,0,3,85,370,1020
7711,0,0,29,118,441
7712,0,59,297,801,4742
7716,0,0,59,209,1173
7717,0,0,30,111,622
7718,0,0,53,211,1119
7719,0,0,266,811,4005
7720,0,0,30,97,934
7721,0,0,11,42,408
7722,0,0,56,157,528
7723,0,0,55,158,632
7724,0,34,135,461,3080
7726,0,0,486,1524,6060
7727,0,0,86,221,1150
7728,0,0,322,1208,7315
7730,0,0,209,477,3091
7731,0,0,262,904,5784
7732,0,0,22,135,806
7733,0,4,195,789,2595
7734,0,3,80,221,1897
7735,0,0,138,429,3354
7737,0,0,12,83,576
7738,0,7,53,221,736
7739,0,0,45,401,1115
7740,0,0,126,489,4238
7746,0,10,225,1005,3219
7747,0,0,166,854,4787
7748,0,0,300,858,3842
7750,0,0,55,177,637
7751,0,15,269,974,3150
7753,0,0,335,775,5680
7755,0,3,26,175,1117
7756,0,3,33,75,711
7757,0,0,81,203,1035
7758,0,0,18,145,774
7760,0,0,159,492,1471
7762,0,7,108,479,2349
7764,0,7,101,243,1429
7801,0,0,70,227,2167
7803,0,0,7,63,513
7821,0,0,0,2,10
7828,0,0,38,153,1202
7834,0,0,62,393,1835
7836,0,6,81,323,1434
7838,0,0,0,0,2
7840,0,12,65,426,2913
7843,0,0,4,32,267
7847,0,0,2,18,270
7849,0,0,1,3,12
7850,0,0,37,92,614
7852,0,1,13,74,432
7853,0,5,54,321,939
7856,0,0,7,29,288
7857,0,0,9,55,411
7866,0,0,81,381,1691
7869,0,0,98,787,2583
7874,0,0,20,79,584
7876,0,0,70,369,1535
7878,0,0,0,1,40
7885,0,13,56,173,1108
7901,0,0,133,694,2085
7920,0,0,231,1063,3331
7921,0,0,49,152,607
7922,0,0,71,395,1161
7924,0,1,30,234,620
7927,0,0,45,128,485
7928,0,0,66,693,1752
7930,0,0,47,223,571
7931,0,0,17,68,221
7932,0,0,63,346,1266
7933,0,0,30,124,379
7935,0,0,4,27,121
7936,0,0,68,477,1870
7940,0,0,117,577,1821
7945,0,0,101,451,1078
7946,0,0,38,161,434
7950,0,0,79,558,2185
7960,0,0,206,1011,3569
7974,0,0,101,361,1171
7980,0,0,35,111,341
7981,0,19,89,297,1222
8002,5,150,319,1870,4674
8003,0,383,1297,6298,7669
8004,0,54,214,2200,2625
8007,4,25,60,455,1168
8009,0,81,192,2617,3202
8010,0,11,133,958,2691
8012,9,266,605,7739,8977
8016,0,156,742,3501,8734
8020,0,2,5,25,29
8021,42,208,458,6951,8176
8022,0,4,66,252,1319
8023,0,0,0,69,79
8026,6,41,87,604,722
8027,4,36,86,1603,1831
8028,0,147,339,4246,4935
8029,0,11,62,549,1374
8030,20,97,173,1219,3264
8031,0,47,123,1147,3287
8032,0,3,11,134,154
8033,3,104,468,1509,3048
8034,4,78,347,1576,3882
8035,0,41,166,794,1827
8036,0,30,148,652,1569
8037,16,76,344,3499,3908
8043,40,497,1074,5111,6231
8045,2,24,68,316,770
8046,0,145,435,3365,9438
8048,0,74,308,1313,3171
8049,9,21,62,547,1484
8051,0,50,179,1732,2043
8052,0,0,138,1418,3997
8053,25,333,1269,9548,11815
8054,79,135,988,4232,10631
8055,5,239,785,3469,4308
8057,0,130,977,2776,5565
8059,4,34,110,705,1746
8060,0,39,277,1749,4699
8062,0,47,130,566,680
8063,0,5,36,364,856
8065,8,31,75,566,1515
8066,10,81,135,2123,2393
8069,0,45,89,1226,1473
8070,9,112,210,3914,4601
8071,11,61,109,1848,2124
8075,57,154,528,3031,7816
8077,0,32,441,2154,5109
8078,16,38,92,868,2300
8079,1,17,33,561,669
8080,0,306,1144,9319,10961
8081,13,490,1006,10490,12464
8083,0,100,258,2191,2592
8084,18,83,157,1455,1709
8085,0,1,2,15,17
8086,0,58,154,1681,1955
8088,1,4,9,80,100
8089,6,46,82,793,943
8090,0,59,142,1870,2240
8091,0,1,6,137,163
8093,0,72,125,1014,2332
8094,66,528,957,9122,10685
8096,19,350,769,8177,9442
8097,1,16,60,725,851
8102,0,28,71,410,972
8103,0,108,209,1015,2432
8104,0,152,340,1494,3543
8105,0,68,200,1371,3672
8106,0,18,134,974,2532
8107,31,69,160,1100,2779
8108,16,63,306,1587,3757
8109,0,78,286,1914,5041
8110,0,125,244,1706,4460
8201,12,22,46,650,704
8203,6,311,758,5166,5745
8221,0,157,317,1708,1906
8223,0,44,111,1088,1216
8225,0,104,251,2486,2726
8226,0,589,1344,9619,10707
8230,0,35,92,906,1002
8232,80,145,258,4262,4609
8234,52,333,812,9268,10142
8244,15,79,181,2697,2957
8270,0,0,1,21,24
8302,1,5,13,195,221
8310,3,16,23,385,407
8312,9,85,181,1945,2229
8318,0,44,126,1714,2019
8322,0,96,243,2355,2759
8326,3,12,22,466,499
8328,0,6,11,309,347
8330,0,3,5,96,106
8332,101,264,472,4839,5479
8340,0,0,1,29,31
8341,0,10,24,380,419
8343,0,66,158,984,1153
8344,3,30,95,1454,1641
8346,0,0,0,126,132
8352,0,0,1,8,10
8360,89,234,491,9754,11004
8361,68,217,341,3426,3912
8401,106,318,524,5224,5736
8402,42,352,709,3989,4463
8403,5,82,188,1003,1134
8406,0,180,356,3702,4105
8501,0,5,86,343,1522
8502,0,0,139,625,1629
8505,10,82,378,1856,4887
8510,0,0,21,101,292
8512,0,0,100,299,1478
8514,0,0,43,110,496
8515,0,0,99,389,1215
8518,0,13,85,504,1409
8520,0,0,142,643,3831
8525,0,2,27,100,335
8527,0,0,114,638,5894
8533,0,0,0,0,1
8534,0,0,183,659,2113
8535,0,0,43,124,386
8536,0,3,270,1028,3004
8540,48,182,1446,3629,8645
8542,0,0,82,238,612
8550,0,0,183,1141,3349
8553,0,0,25,70,187
8554,0,10,66,334,872
8555,0,0,3,11,101
8558,0,16,209,437,843
8560,0,0,11,61,345
8562,0,0,3,9,92
8609,2,82,121,583,2108
8610,74,189,354,2281,8038
8611,0,123,341,1496,4550
8618,0,173,467,1892,6186
8619,0,0,302,1816,6353
8620,0,0,120,362,2170
8628,0,19,130,642,2269
8629,13,33,75,584,2043
8638,0,218,478,1815,5755
8648,0,101,651,2205,6795
8690,0,22,369,1593,5384
8691,0,0,149,603,2733
8701,0,0,79,746,9133
8720,0,0,18,54,163
8721,0,0,22,101,891
8722,0,0,60,155,1941
8723,0,0,129,575,6588
8724,0,0,226,853,8396
8730,0,0,74,224,938
8731,0,0,0,0,5
8732,0,0,9,33,300
8733,0,4,27,43,412
8735,0,0,138,429,3724
8736,0,0,179,761,3227
8738,0,0,86,247,750
8740,0,0,4,20,615
8741,0,1,18,66,454
8742,0,0,362,1075,6551
8750,0,0,89,327,1283
8751,0,0,184,518,2087
8752,0,5,28,152,1130
8753,0,0,719,1622,12111
8755,0,0,168,584,4614
8757,0,0,224,631,9504
8759,30,132,253,4214,4999
8804,0,0,5,20,93
8805,13,15,154,685,2435
8807,0,0,207,1036,4053
8810,2,9,238,753,2060
8812,0,32,404,1170,2953
8816,0,21,340,1540,6286
8817,0,37,603,2784,8861
8820,0,58,1107,3214,7602
8823,3,5,108,499,1592
8824,0,0,625,1467,3305
8828,0,1,9,34,295
8830,0,16,343,1315,3743
8831,0,47,313,1565,9156
8832,0,12,37,126,348
8835,22,73,228,955,3055
8836,0,0,71,243,616
8837,0,6,204,931,3081
8840,0,13,511,1475,3866
8844,0,0,319,1473,5181
8846,0,7,195,1052,3500
8848,0,0,2,14,83
8850,0,0,249,881,2635
8852,0,10,359,1074,3172
8854,0,76,747,3271,10268
8857,0,0,204,761,5410
8859,0,0,54,307,2632
8861,0,83,381,2255,8093
8863,13,39,249,998,3115
8865,0,0,63,458,4111
8869,0,14,142,618,1905
8872,0,0,32,280,2504
8873,13,166,1114,3878,12121
8876,0,0,67,267,1587
8879,0,0,45,261,3185
8880,6,11,29,244,969
8882,0,13,80,282,2552
8884,0,0,57,160,1158
8886,0,0,11,130,571
8901,0,144,451,1843,6017
8902,23,53,451,2196,7173
8904,0,27,180,772,2349
87002,0,391,5174,5216,5216
87004,0,1,10,10,10
87008,0,109,624,635,635
87015,2,68,1124,1133,1133
87022,0,6,98,99,99
87031,0,470,7063,7113,7113
87035,0,68,1165,1177,1177
87042,0,105,1167,1181,1181
87047,0,23,221,223,223
87048,0,551,4391,4444,4444
87059,0,61,670,675,675
87068,0,109,1345,1350,1350
87102,0,733,7668,7793,7793
87104,0,502,4951,4976,4976
87105,0,1441,20775,20900,20900
87106,0,1034,8672,8831,8831
87107,0,1278,13872,14040,14040
87108,0,1130,10581,10775,10775
87109,0,1004,12503,12578,12578
87110,0,1175,15367,15491,15491
87111,0,2174,19218,19431,19431
87112,0,1101,15785,15945,15945
87113,0,502,6179,6210,6210
87114,0,1667,21427,21665,21665
87116,0,40,1588,1591,1591
87120,0,1411,21211,21361,21361
87121,0,1350,20880,21154,21154
87122,0,799,3612,3697,3697
87123,0,1103,13647,13771,13771
87124,0,1138,20187,20329,20329
87144,0,145,2389,2409,2409
87401,0,605,11140,11218,11218
87402,0,159,2672,2694,2694
87501,0,951,8201,8343,8343
87505,13,1223,12893,13049,13049
87506,0,271,1827,1868,1868
87507,0,817,13765,13848,13848
87508,0,340,3285,3301,3301
88001,0,891,11811,12040,12040
88005,0,459,10310,10435,10435
88007,0,273,5620,5688,5688
88008,0,8,326,327,327
88011,0,473,7874,8010,8010
88012,0,256,5617,5691,5691
88047,0,1,21,21,21
88063,0,235,2705,2766,2766
89002,0,718,11042,11075,11075
89005,0,501,5614,5631,5631
89011,0,731,7910,7934,7934
89012,0,951,11047,11069,11069
89014,0,557,9415,9434,9434
89015,0,788,12666,12717,12717
89030,0,513,6981,7037,7037
89032,0,444,7919,7943,7943
89044,0,0,2,2,2
89052,0,1545,12272,12359,12359
89074,0,1494,15503,15549,15549
89101,0,531,7027,7084,7084
89102,0,496,7154,7190,7190
89103,0,529,9546,9623,9623
89104,0,821,10308,10401,10401
89106,0,564,6776,6810,6810
89107,0,635,9453,9481,9481
89108,0,1002,16586,16686,16686
89109,0,164,1235,1246,1246
89110,0,1392,16825,16961,16961
89113,0,721,7972,8012,8012
89115,0,212,3510,3532,3532
89117,0,1564,16091,16155,16155
89118,0,468,5603,5637,5637
89119,0,502,8185,8250,8250
89120,0,374,6905,6933,6933
89121,0,1059,14595,14728,14728
89122,0,784,13929,13971,13971
89123,0,1061,16554,16588,16588
89128,0,606,10045,10095,10095
89129,0,1229,14110,14152,14152
89130,0,66,1114,1117,1117
89134,0,1070,11593,11628,11628
89135,0,1636,11065,11121,11121
89138,0,481,2430,2433,2433
89139,0,864,12864,12903,12903
89141,0,1140,8724,8768,8768
89142,0,448,8237,8287,8287
89144,0,845,6284,6309,6309
89145,0,669,7376,7435,7435
89146,0,389,4956,4986,4986
89147,0,936,14562,14605,14605
89148,0,765,8966,8984,8984
89156,0,401,6523,6569,6569
89158,0,4,23,23,23
89166,0,1,11,11,11
89169,0,250,2807,2841,2841
89178,0,371,4317,4317,4317
89183,0,463,9057,9084,9084
89403,0,3,55,55,55
89410,0,3,51,51,51
89423,0,292,4286,4299,4299
89431,0,266,9448,9486,9486
89433,0,175,6227,6246,6246
89434,0,231,7217,7238,7238
89436,0,922,13048,13167,13167
89439,0,23,120,120,120
89441,0,496,4005,4033,4033
89501,0,64,612,621,621
89502,0,372,10009,10069,10069
89503,0,430,7627,7689,7689
89506,0,592,11776,11835,11835
89508,0,24,732,734,734
89509,0,738,10053,10094,10094
89510,0,2,48,48,48
89511,0,1000,8428,8557,8557
89512,0,316,5305,5358,5358
89519,0,588,3574,3632,3632
89521,0,824,9393,9478,9478
89523,0,777,10590,10654,10654
89701,0,439,8222,8288,8288
89703,0,245,3082,3101,3101
89705,0,94,1949,1959,1959
89706,0,165,6308,6334,6334
10001,0,0,0,0,0
10002,0,0,0,0,6
10003,0,0,0,0,0
10004,0,0,0,0,0
10005,0,0,0,0,0
10006,0,0,0,0,0
10007,0,0,0,0,0
10009,0,0,0,7,21
10010,0,0,0,2,3
10011,0,0,0,0,4
10012,0,0,0,0,8
10013,0,0,0,0,5
10014,0,0,0,0,0
10016,0,0,0,0,4
10017,0,0,0,0,1
10018,0,0,0,0,0
10019,0,0,0,0,1
10021,0,0,0,0,0
10022,0,0,0,0,0
10023,0,0,0,0,3
10024,0,0,0,0,1
10025,0,0,0,0,2
10026,0,0,0,0,6
10027,0,0,0,0,10
10028,0,0,0,0,4
10029,0,0,0,0,24
10030,0,0,0,0,1
10031,0,0,0,0,0
10032,0,0,0,0,8
10033,0,0,0,0,11
10034,0,0,0,0,3
10035,0,0,0,0,10
10036,0,0,0,4,8
10037,0,0,0,0,2
10038,0,0,0,0,2
10039,0,0,0,0,4
10040,0,0,0,0,3
10044,0,0,0,0,0
10065,0,0,0,1,4
10069,0,0,0,0,0
10075,0,0,2,4,4
10128,0,0,0,0,7
10280,0,0,0,0,0
10282,0,0,0,0,0
10301,0,0,0,0,44
10302,0,0,0,0,10
10303,0,0,0,0,0
10304,0,0,0,0,77
10305,0,0,0,0,8
10306,0,0,0,0,0
10307,0,0,0,0,6
10308,0,0,0,0,34
10309,0,0,0,0,26
10310,0,0,0,0,27
10312,0,0,0,0,66
10314,0,0,0,51,136
10451,0,0,0,0,15
10452,0,0,0,0,15
10453,0,0,0,0,33
10454,0,0,0,0,10
10455,0,0,0,0,13
10456,0,0,0,0,35
10457,0,0,0,0,29
10458,0,0,0,17,43
10459,0,0,0,0,20
10460,0,0,0,0,40
10461,0,0,0,0,20
10462,0,0,0,0,18
10463,0,0,0,13,20
10464,0,0,0,0,0
10465,0,0,0,0,10
10466,0,0,0,0,67
10467,0,0,0,0,30
10468,0,0,0,5,27
10469,0,0,0,0,118
10470,0,0,0,0,10
10471,0,0,0,0,0
10472,0,0,0,0,66
10473,0,0,0,0,20
10474,0,0,0,3,24
10475,0,0,0,0,3
10501,0,0,0,0,0
10502,0,0,0,1,7
10504,0,0,0,0,0
10505,0,0,0,0,0
10506,0,0,0,2,6
10507,0,0,0,1,9
10510,0,0,0,5,11
10511,0,0,0,2,5
10514,0,0,0,0,0
10516,0,0,0,0,0
10517,0,0,0,0,0
10520,0,0,0,0,0
10522,0,0,0,2,5
10523,0,0,2,12,15
10524,0,0,0,0,0
10526,0,0,0,0,0
10527,0,0,0,0,0
10528,0,0,0,0,3
10530,0,0,0,0,7
10532,0,0,0,0,0
10533,0,0,0,0,0
10536,0,0,0,2,4
10537,0,0,0,0,0
10538,0,0,0,1,2
10541,0,0,0,0,0
10543,0,0,0,0,1
10546,0,0,0,0,0
10547,0,0,0,0,8
10548,0,0,0,0,0
10549,0,0,0,0,23
10550,0,0,0,26,82
10552,0,0,0,0,13
10553,0,0,0,3,7
10560,0,0,0,0,0
10562,0,0,0,21,26
10566,0,0,0,15,62
10567,0,0,0,0,0
10570,0,0,0,0,0
10573,0,0,0,0,0
10576,0,0,0,0,0
10577,0,0,0,0,0
10578,0,0,0,0,0
10579,0,0,0,0,0
10580,0,0,0,1,2
10583,0,0,0,0,0
10588,0,0,0,0,0
10589,0,0,0,0,0
10591,0,0,0,0,9
10594,0,0,0,0,1
10595,0,0,0,0,34
10596,0,0,0,0,3
10598,0,0,0,0,0
10601,0,0,0,0,0
10603,0,0,0,0,10
10604,0,0,0,0,0
10605,0,0,3,17,35
10606,0,0,0,4,17
10607,0,0,0,0,0
10701,0,0,0,66,115
10703,0,0,0,0,17
10704,0,0,0,0,46
10705,0,0,0,0,0
10706,0,0,0,0,0
10707,0,0,0,2,11
10708,0,0,0,0,7
10709,0,0,0,4,6
10710,0,0,0,0,9
10801,0,0,0,0,20
10803,0,0,0,0,2
10804,0,0,0,3,3
10901,0,0,0,0,0
10913,0,0,0,0,0
10920,0,0,0,0,0
10923,0,0,0,0,5
10927,0,0,0,0,20
10931,0,0,0,0,0
10952,0,0,0,0,0
10954,0,0,0,0,0
10956,0,0,0,0,0
10960,0,0,0,0,0
10962,0,0,0,0,0
10964,0,0,0,0,0
10965,0,0,0,0,0
10968,0,0,0,1,1
10970,0,0,0,0,18
10974,0,0,0,0,0
10976,0,0,0,0,0
10977,0,0,0,0,0
10980,0,0,0,0,0
10983,0,0,0,0,0
10984,0,0,0,0,0
10986,0,0,0,0,0
10989,0,0,0,0,0
10993,0,0,0,0,0
10994,0,0,0,0,9
11001,0,0,0,6,24
11003,0,0,0,0,63
11004,0,0,0,3,13
11005,0,0,0,0,0
11010,0,0,0,0,0
11020,0,0,0,0,0
11021,0,0,0,0,0
11023,0,0,0,0,0
11024,0,0,0,0,0
11030,0,0,0,0,0
11040,0,0,0,0,0
11050,0,0,0,0,5
11096,0,0,0,0,13
11101,0,0,0,0,16
11102,0,0,0,0,0
11103,0,0,0,0,33
11104,0,0,0,3,10
11105,0,0,0,0,4
11106,0,0,0,0,15
11109,0,0,0,0,0
11201,0,0,0,0,22
11203,0,0,0,0,56
11204,0,0,0,0,0
11205,0,0,0,0,14
11206,0,0,0,0,32
11207,0,0,0,56,209
11208,0,0,0,0,116
11209,0,0,0,51,72
11210,0,0,0,0,70
11211,0,0,0,0,44
11212,0,0,0,0,95
11213,0,0,0,0,66
11214,0,0,0,0,80
11215,0,0,0,6,24
11216,0,0,0,20,56
11217,0,0,0,0,11
11218,0,0,0,0,0
11219,0,0,0,41,91
11220,0,0,0,0,0
11221,0,0,0,0,74
11222,0,0,0,0,0
11223,0,0,0,83,175
11224,0,0,0,10,33
11225,0,0,0,0,2
11226,0,0,0,0,37
11228,0,0,0,0,69
11229,0,0,21,94,178
11230,0,0,0,0,0
11231,0,0,3,24,48
11232,0,0,0,10,18
11233,0,0,0,25,96
11234,0,0,0,0,68
11235,0,0,0,0,36
11236,0,0,0,95,202
11237,0,0,0,0,24
11238,0,0,0,0,22
11239,0,0,0,0,2
11249,0,0,0,0,4
11354,0,0,0,0,45
11355,0,0,0,0,62
11356,0,0,0,0,19
11357,0,0,0,0,0
11358,0,0,0,0,0
11360,0,0,0,0,11
11361,0,0,0,0,5
11362,0,0,0,0,9
11363,0,0,0,0,6
11364,0,0,0,0,51
11365,0,0,0,0,47
11366,0,0,0,0,13
11367,0,0,0,0,27
11368,0,0,0,0,6
11369,0,0,0,0,12
11370,0,0,0,0,9
11372,0,0,0,8,16
11373,0,0,0,6,17
11374,0,0,0,4,22
11375,0,0,0,0,15
11377,0,0,0,34,63
11378,0,0,0,0,0
11379,0,0,0,0,12
11385,0,0,0,12,58
11411,0,0,0,0,25
11412,0,0,0,0,0
11413,0,0,0,8,46
11414,0,0,0,0,26
11415,0,0,0,0,1
11416,0,0,0,0,3
11417,0,0,0,0,0
11418,0,0,0,7,36
11419,0,0,0,0,34
11420,0,0,0,0,7
11421,0,0,0,0,0
11422,0,0,0,0,0
11423,0,0,0,0,41
11426,0,0,0,0,0
11427,0,0,0,0,37
11428,0,0,0,0,15
11429,0,0,0,0,22
11432,0,0,0,0,14
11433,0,0,0,0,63
11434,0,0,0,0,65
11435,0,0,0,0,0
11436,0,0,0,0,12
11501,0,0,0,0,0
11507,0,0,0,0,0
11509,0,0,0,0,0
11510,0,0,0,0,0
11514,0,0,0,3,3
11516,0,0,0,0,2
11518,0,0,0,0,0
11520,0,0,0,24,41
11530,0,0,0,0,0
11542,0,0,0,0,0
11545,0,0,0,0,0
11548,0,0,0,0,0
11550,0,0,0,0,0
11552,0,0,0,0,0
11553,0,0,0,0,33
11554,0,0,0,0,0
11557,0,0,0,4,4
11558,0,0,0,0,5
11559,0,0,0,2,14
11560,0,0,0,0,0
11561,0,0,0,0,0
11563,0,0,0,0,0
11565,0,0,0,0,0
11566,0,0,0,0,9
11568,0,0,0,1,3
11569,0,0,0,0,0
11570,0,0,0,0,0
11572,0,0,0,0,0
11575,0,0,0,0,0
11576,0,0,0,0,0
11577,0,0,0,0,0
11579,0,0,0,0,3
11580,0,0,18,44,71
11581,0,0,0,0,22
11590,0,0,0,0,0
11596,0,0,0,0,0
11598,0,0,0,0,0
11691,0,0,0,0,41
11692,0,0,0,0,35
11693,0,0,0,0,7
11694,0,0,0,0,21
11701,0,0,0,0,0
11702,0,0,0,0,0
11703,0,0,0,0,5
11704,0,0,0,0,0
11705,0,0,0,0,0
11706,0,0,0,0,0
11710,0,0,0,0,0
11713,0,0,0,0,0
11714,0,0,0,0,0
11715,0,0,2,4,4
11716,0,0,0,0,0
11717,0,0,0,0,0
11718,0,0,0,0,0
11719,0,0,0,0,0
11720,0,0,0,0,24
11721,0,0,0,0,0
11722,0,0,0,0,0
11724,0,0,0,0,0
11725,0,0,0,0,0
11726,0,0,0,0,16
11727,0,0,0,0,0
11729,0,0,0,0,0
11730,0,0,0,0,0
11731,0,0,0,0,0
11732,0,0,0,0,0
11733,0,0,0,0,0
11735,0,0,0,0,28
11738,0,0,0,8,8
11739,0,0,0,0,0
11740,0,0,0,0,0
11741,0,0,0,0,0
11742,0,0,0,0,0
11743,0,0,0,0,0
11746,0,0,0,0,0
11747,0,0,0,0,0
11749,0,0,0,0,0
11751,0,0,0,0,0
11752,0,0,0,0,6
11753,0,0,0,0,0
11754,0,0,0,0,0
11755,0,0,0,0,0
11756,0,0,0,0,0
11757,0,0,0,0,0
11758,0,0,0,0,0
11762,0,0,0,0,0
11763,0,0,0,0,6
11764,0,0,0,0,0
11765,0,0,0,0,0
11766,0,0,0,0,0
11767,0,0,0,0,10
11768,0,0,0,0,0
11769,0,0,0,0,0
11771,0,0,0,0,0
11772,0,0,0,0,24
11776,0,0,0,0,6
11777,0,0,0,0,0
11779,0,0,0,0,0
11780,0,0,0,0,0
11782,0,0,0,15,35
11783,0,0,0,0,0
11784,0,0,0,0,0
11787,0,0,0,0,27
11788,0,0,0,0,4
11790,0,0,0,0,0
11791,0,0,0,0,0
11793,0,0,0,0,0
11795,0,0,0,0,0
11796,0,0,0,0,0
11797,0,0,0,0,0
11798,0,0,0,0,0
11801,0,0,0,0,0
11803,0,0,0,0,9
11804,0,0,0,0,0
11901,0,0,0,0,0
11930,0,0,0,0,0
11932,0,0,0,0,0
11933,0,0,0,0,0
11934,0,0,0,0,0
11935,0,0,0,0,0
11937,0,0,0,0,0
11939,0,0,0,0,0
11940,0,0,0,0,0
11941,0,0,0,0,0
11942,0,0,0,0,0
11944,0,0,0,0,0
11946,0,0,0,0,5
11948,0,0,0,0,0
11949,0,0,0,0,0
11950,0,0,0,0,0
11951,0,0,0,0,0
11952,0,0,0,0,0
11953,0,0,0,0,0
11954,0,0,0,0,0
11955,0,0,0,0,0
11957,0,0,0,0,0
11958,0,0,0,0,0
11960,0,0,0,0,0
11962,0,0,0,0,0
11963,0,0,0,0,0
11964,0,0,0,0,0
11965,0,0,0,0,0
11967,0,0,0,0,0
11968,0,0,0,0,0
11971,0,0,0,0,0
11976,0,0,0,2,14
11977,0,0,0,0,0
11978,0,0,0,0,0
11980,0,0,0,0,0
12008,0,0,0,0,0
12009,0,0,0,0,0
12018,0,0,0,0,0
12019,0,0,0,0,0
12033,0,0,0,0,0
12047,0,0,0,0,0
12054,0,0,0,0,0
12056,0,0,0,0,0
12061,0,0,0,0,0
12063,0,0,0,0,0
12065,0,0,0,0,0
12067,0,0,0,0,0
12077,0,0,0,0,0
12084,0,0,0,0,0
12085,0,0,0,0,0
12110,0,0,0,0,0
12118,0,0,0,0,0
12121,0,0,0,0,0
12123,0,0,0,0,0
12140,0,0,0,0,0
12144,0,0,0,0,0
12148,0,0,0,0,0
12150,0,0,0,0,0
12154,0,0,0,0,0
12158,0,0,0,0,0
12159,0,0,0,0,0
12180,0,0,0,0,0
12182,0,0,0,0,0
12183,0,0,0,1,1
12186,0,0,0,0,3
12188,0,0,0,0,0
12189,0,0,0,0,0
12196,0,0,0,0,0
12198,0,0,0,0,0
12202,0,0,0,0,0
12203,0,0,0,0,0
12204,0,0,0,0,0
12205,0,0,0,0,0
12206,0,0,0,0,0
12207,0,0,0,0,0
12208,0,0,0,0,0
12209,0,0,0,0,0
12210,0,0,0,0,0
12211,0,0,0,0,0
12222,0,0,0,0,0
12302,0,0,0,0,0
12303,0,0,0,0,0
12304,0,0,0,0,0
12305,0,0,0,0,0
12306,0,0,0,0,0
12307,0,0,0,0,0
12308,0,0,0,0,0
12309,0,0,0,0,16
12401,0,0,0,0,0
12411,0,0,0,0,0
12417,0,0,0,0,0
12419,0,0,0,0,0
12432,0,0,0,0,0
12440,0,0,0,0,0
12443,0,0,0,0,0
12449,0,0,0,0,0
12456,0,0,0,0,0
12466,0,0,0,0,0
12471,0,0,0,0,0
12472,0,0,0,0,0
12475,0,0,0,0,0
12477,0,0,0,0,0
12484,0,0,0,0,0
12486,0,0,0,0,0
12487,0,0,0,0,0
12498,0,0,0,0,0
12508,0,0,0,0,27
12512,0,0,0,0,0
12518,0,0,0,0,2
12520,0,0,0,0,2
12524,0,0,0,0,0
12525,0,0,0,0,0
12528,0,0,0,0,0
12533,0,0,0,0,0
12538,0,0,0,0,0
12542,0,0,0,0,0
12547,0,0,0,0,1
12548,0,0,0,0,0
12549,0,0,0,0,0
12550,0,0,0,0,0
12553,0,0,0,0,0
12561,0,0,0,0,0
12569,0,0,0,0,0
12572,0,0,0,0,0
12575,0,0,0,0,0
12577,0,0,0,0,0
12578,0,0,0,0,0
12580,0,0,0,0,0
12586,0,0,0,0,0
12589,0,0,0,0,0
12590,0,0,0,0,0
12601,0,0,0,0,23
12603,0,0,0,0,0
12801,0,0,0,0,0
12803,0,0,0,0,0
12804,0,0,0,0,0
12827,0,0,0,0,0
12828,0,0,0,0,0
12831,0,0,0,0,0
12839,0,0,0,0,0
12845,0,0,0,0,0
12901,0,0,0,0,0
12903,0,0,0,0,0
12918,0,0,0,0,0
12962,0,0,0,0,0
13021,0,0,0,0,0
13027,0,0,0,0,0
13029,0,0,0,0,0
13030,0,0,0,0,0
13031,0,0,0,0,0
13039,0,0,0,0,0
13041,0,0,0,0,0
13057,0,0,0,0,0
13060,0,0,0,0,0
13066,0,0,0,0,0
13068,0,0,0,0,0
13073,0,0,0,0,0
13078,0,0,0,0,0
13082,0,0,0,0,0
13084,0,0,0,0,0
13088,0,0,0,0,0
13090,0,0,0,0,0
13104,0,0,0,0,0
13108,0,0,0,0,0
13112,0,0,0,0,0
13116,0,0,0,0,0
13120,0,0,0,0,0
13132,0,0,0,0,0
13135,0,0,0,0,0
13152,0,0,0,0,0
13164,0,0,0,0,0
13202,0,0,0,0,0
13203,0,0,0,0,0
13204,0,0,0,0,0
13205,0,0,0,0,0
13206,0,0,0,0,0
13207,0,0,0,0,0
13208,0,0,0,0,0
13209,0,0,0,0,0
13210,0,0,0,0,0
13211,0,0,0,0,0
13212,0,0,0,0,0
13214,0,0,0,0,0
13215,0,0,0,0,0
13219,0,0,0,0,0
13224,0,0,0,0,0
13319,0,0,0,0,0
13323,0,0,0,0,0
13340,0,0,0,0,0
13354,0,0,0,0,0
13403,0,0,0,0,0
13413,0,0,0,0,0
13417,0,0,0,0,0
13424,0,0,0,0,0
13456,0,0,0,0,0
13492,0,0,0,0,0
13495,0,0,0,0,0
13501,0,0,0,0,0
13502,0,0,0,0,0
13601,0,0,0,0,0
13603,0,0,0,0,0
13612,0,0,0,0,0
13616,0,0,0,0,0
13634,0,0,0,0,0
13637,0,0,0,0,0
13748,0,0,0,0,0
13760,0,0,0,0,0
13790,0,0,0,0,0
13795,0,0,0,0,0
13827,0,0,0,0,0
13850,0,0,0,0,0
13901,0,0,0,0,0
13903,0,0,0,0,0
13904,0,0,0,0,0
13905,0,0,0,0,0
14004,0,0,0,0,0
14026,0,0,0,0,0
14031,0,0,0,0,0
14032,0,0,0,0,0
14043,0,0,0,0,0
14051,0,0,0,0,0
14052,0,0,0,0,0
14059,0,0,0,0,0
14068,0,0,0,0,0
14072,0,0,0,0,0
14075,0,0,0,0,0
14086,0,0,0,0,0
14092,0,0,0,0,0
14094,0,0,0,0,0
14120,0,0,0,0,0
14127,0,0,0,0,0
14131,0,0,0,0,0
14132,0,0,0,0,0
14150,0,0,0,0,0
14174,0,0,0,0,0
14201,0,0,0,0,0
14202,0,0,0,0,0
14203,0,0,0,0,0
14204,0,0,0,0,0
14206,0,0,0,0,0
14207,0,0,0,0,0
14208,0,0,0,0,0
14209,0,0,0,0,0
14210,0,0,0,0,0
14211,0,0,0,0,0
14212,0,0,0,0,0
14213,0,0,0,0,0
14214,0,0,0,0,0
14215,0,0,0,0,0
14216,0,0,0,0,0
14217,0,0,0,0,0
14218,0,0,0,0,0
14219,0,0,0,0,0
14220,0,0,0,0,0
14221,0,0,0,0,0
14222,0,0,0,0,0
14223,0,0,0,0,0
14224,0,0,0,0,0
14225,0,0,0,0,0
14226,0,0,0,0,0
14227,0,0,0,0,0
14228,0,0,0,0,0
14301,0,0,0,0,0
14303,0,0,0,0,0
14304,0,0,0,0,0
14305,0,0,0,0,0
14428,0,0,0,0,0
14445,0,0,0,0,0
14450,0,0,0,0,0
14467,0,0,0,0,0
14468,0,0,0,0,0
14472,0,0,0,0,0
14506,0,0,0,0,0
14514,0,0,0,0,0
14526,0,0,0,0,0
14534,0,0,0,0,0
14543,0,0,0,0,0
14546,0,0,0,0,0
14559,0,0,0,0,0
14564,0,0,0,0,0
14580,0,0,0,0,0
14586,0,0,0,0,0
14604,0,0,0,0,0
14605,0,0,0,0,0
14606,0,0,0,0,0
14607,0,0,0,0,0
14608,0,0,0,0,0
14609,0,0,0,0,0
14610,0,0,0,0,0
14611,0,0,0,0,0
14612,0,0,0,0,0
14613,0,0,0,0,0
14614,0,0,0,0,0
14615,0,0,0,0,0
14616,0,0,0,0,0
14617,0,0,0,0,0
14618,0,0,0,0,0
14619,0,0,0,0,0
14620,0,0,0,0,0
14621,0,0,0,0,0
14622,0,0,0,0,0
14623,0,0,0,0,0
14624,0,0,0,0,0
14625,0,0,0,0,0
14626,0,0,0,0,0
14850,0,0,0,0,0
14882,0,0,0,0,0
14883,0,0,0,0,0
43004,0,0,0,0,0
43015,0,0,0,0,0
43016,0,0,0,0,0
43017,0,0,0,0,0
43021,0,0,0,0,0
43026,0,0,0,0,0
43031,0,0,0,0,0
43035,0,0,0,0,0
43054,0,0,0,0,0
43062,0,0,0,0,0
43064,0,0,0,0,0
43065,0,0,0,0,0
43068,0,0,0,0,0
43081,0,0,0,0,0
43082,0,0,0,0,0
43085,0,0,0,0,0
43109,0,0,0,0,0
43110,0,0,0,0,0
43119,0,0,0,0,0
43123,0,0,0,0,0
43125,0,0,0,0,0
43147,0,0,0,0,0
43201,0,0,0,0,0
43202,0,0,0,0,0
43203,0,0,0,0,0
43204,0,0,0,0,0
43205,0,0,0,0,0
43206,0,0,0,0,0
43207,0,0,0,0,0
43209,0,0,0,0,0
43211,0,0,0,0,0
43212,0,0,0,0,0
43213,0,0,0,0,0
43214,0,0,0,0,0
43215,0,0,0,0,0
43219,0,0,0,0,0
43220,0,0,0,0,0
43221,0,0,0,0,0
43222,0,0,0,0,0
43223,0,0,0,0,0
43224,0,0,0,0,0
43227,0,0,0,0,0
43228,0,0,0,0,0
43229,0,0,0,0,0
43230,0,0,0,0,0
43231,0,0,0,0,0
43232,0,0,0,0,0
43235,0,0,0,0,0
43240,0,0,0,0,0
43402,0,0,0,0,0
43412,0,0,0,0,0
43430,0,0,0,0,0
43434,0,0,0,0,0
43443,0,0,0,0,0
43447,0,0,0,0,0
43460,0,0,0,0,0
43463,0,0,0,0,0
43465,0,0,0,0,0
43469,0,0,0,0,0
43504,0,0,0,0,0
43528,0,0,0,0,0
43537,0,0,0,0,0
43542,0,0,0,0,0
43551,0,0,0,0,0
43558,0,0,0,0,0
43560,0,0,0,0,0
43566,0,0,0,0,0
43571,0,0,0,0,0
43604,0,0,0,0,0
43605,0,0,0,0,0
43606,0,0,0,0,0
43607,0,0,0,0,0
43608,0,0,0,0,0
43609,0,0,0,0,0
43610,0,0,0,0,0
43611,0,0,0,0,0
43612,0,0,0,0,0
43613,0,0,0,0,0
43614,0,0,0,0,0
43615,0,0,0,0,0
43616,0,0,0,0,0
43617,0,0,0,0,0
43619,0,0,0,0,0
43620,0,0,0,0,0
43623,0,0,0,0,0
43701,0,0,0,0,0
43830,0,0,0,1,1
43913,0,0,0,0,0
43926,0,0,0,0,0
43938,0,0,0,0,0
43943,0,0,0,0,0
43952,0,0,0,0,0
43953,0,0,0,0,0
43961,0,0,0,0,0
43964,0,0,0,0,0
44001,0,0,0,0,0
44011,0,0,0,0,0
44012,0,0,0,0,0
44017,0,0,0,0,0
44022,0,0,0,0,0
44024,0,0,0,0,0
44026,0,0,0,0,0
44028,0,0,0,0,0
44035,0,0,0,0,0
44039,0,0,0,0,0
44040,0,0,0,0,0
44044,0,0,0,0,0
44045,0,0,0,0,0
44050,0,0,0,0,0
44052,0,0,0,0,0
44053,0,0,0,0,0
44054,0,0,0,0,0
44055,0,0,0,0,0
44056,0,0,0,0,0
44060,0,0,0,0,0
44067,0,0,0,0,0
44070,0,0,0,0,0
44074,0,0,0,0,0
44077,0,0,0,0,0
44087,0,0,0,0,0
44092,0,0,0,0,0
44094,0,0,0,0,0
44095,0,0,0,0,0
44102,0,0,0,0,0
44103,0,0,0,0,0
44104,0,0,0,0,0
44105,0,0,0,0,0
44106,0,0,0,0,0
44107,0,0,0,0,0
44108,0,0,0,0,0
44109,0,0,0,0,0
44110,0,0,0,0,0
44111,0,0,0,0,0
44112,0,0,0,0,0
44113,0,0,0,0,0
44114,0,0,0,0,0
44115,0,0,0,0,0
44116,0,0,0,0,0
44117,0,0,0,0,0
44118,0,0,0,0,0
44119,0,0,0,0,0
44120,0,0,0,0,0
44121,0,0,0,0,0
44122,0,0,0,0,0
44123,0,0,0,0,0
44124,0,0,0,0,0
44125,0,0,0,0,0
44126,0,0,0,0,0
44127,0,0,0,0,0
44128,0,0,0,0,0
44129,0,0,0,0,0
44130,0,0,0,0,0
44131,0,0,0,0,0
44132,0,0,0,0,0
44133,0,0,0,0,0
44134,0,0,0,0,0
44135,0,0,0,0,0
44136,0,0,0,0,0
44137,0,0,0,0,0
44138,0,0,0,0,0
44139,0,0,0,0,0
44140,0,0,0,0,0
44141,0,0,0,0,0
44142,0,0,0,0,0
44143,0,0,0,0,0
44144,0,0,0,0,0
44145,0,0,0,0,0
44146,0,0,0,0,0
44147,0,0,0,0,0
44149,0,0,0,0,0
44201,0,0,0,0,0
44202,0,0,0,0,0
44203,0,0,0,0,0
44216,0,0,0,0,0
44221,0,0,0,0,0
44223,0,0,0,0,0
44224,0,0,0,0,0
44236,0,0,0,0,0
44240,0,0,0,0,0
44241,0,0,0,0,0
44260,0,0,0,0,0
44262,0,0,0,0,0
44264,0,0,0,0,0
44266,0,0,0,0,0
44278,0,0,0,0,0
44286,0,0,0,0,0
44301,0,0,0,0,0
44302,0,0,0,0,0
44303,0,0,0,0,0
44304,0,0,0,0,0
44305,0,0,0,0,0
44306,0,0,0,0,0
44307,0,0,0,0,0
44308,0,0,0,0,0
44310,0,0,0,0,0
44311,0,0,0,0,0
44312,0,0,0,0,0
44313,0,0,0,0,0
44314,0,0,0,0,0
44319,0,0,0,0,0
44320,0,0,0,0,0
44321,0,0,0,0,0
44333,0,0,0,0,0
44401,0,0,0,0,0
44402,0,0,0,0,0
44403,0,0,0,0,0
44405,0,0,0,0,0
44406,0,0,0,0,0
44410,0,0,0,0,0
44412,0,0,0,0,0
44418,0,0,0,0,0
44420,0,0,0,0,0
44425,0,0,0,0,0
44429,0,0,0,0,0
44430,0,0,0,0,0
44436,0,0,0,0,0
44437,0,0,0,0,0
44438,0,0,0,0,0
44440,0,0,0,0,0
44442,0,0,0,0,0
44444,0,0,0,0,0
44446,0,0,0,0,0
44451,0,0,0,0,0
44452,0,0,0,0,0
44470,0,0,0,0,0
44471,0,0,0,0,0
44473,0,0,0,0,0
44481,0,0,0,0,0
44483,0,0,0,0,0
44484,0,0,0,0,0
44485,0,0,0,0,0
44491,0,0,0,0,0
44502,0,0,0,0,0
44503,0,0,0,0,0
44504,0,0,0,0,0
44505,0,0,0,0,0
44506,0,0,0,0,0
44507,0,0,0,0,0
44509,0,0,0,0,0
44510,0,0,0,0,0
44511,0,0,0,0,0
44512,0,0,0,0,0
44514,0,0,0,0,0
44515,0,0,0,0,0
44601,0,0,0,0,0
44613,0,0,0,0,0
44614,0,0,0,0,0
44622,0,0,0,0,0
44626,0,0,0,0,0
44632,0,0,0,0,0
44641,0,0,0,0,0
44644,0,0,0,0,0
44646,0,0,0,0,0
44647,0,0,0,0,0
44662,0,0,0,0,0
44663,0,0,0,0,0
44666,0,0,0,0,0
44685,0,0,0,0,0
44688,0,0,0,0,0
44702,0,0,0,0,0
44703,0,0,0,0,0
44704,0,0,0,0,0
44705,0,0,0,0,0
44706,0,0,0,0,0
44707,0,0,0,0,0
44708,0,0,0,0,0
44709,0,0,0,0,0
44710,0,0,0,0,0
44714,0,0,0,0,0
44718,0,0,0,0,0
44720,0,0,0,0,0
44721,0,0,0,0,0
44730,0,0,3,6,6
44824,0,0,0,0,0
44839,0,0,0,0,0
44843,0,0,0,0,0
44846,0,0,0,0,0
44847,0,0,0,0,0
44870,0,0,0,0,0
44902,0,0,0,0,0
44903,0,0,0,0,0
44904,0,0,0,0,0
44905,0,0,0,0,0
44906,0,0,0,0,0
44907,0,0,0,0,0
45001,0,0,0,0,0
45002,0,0,0,0,0
45005,0,0,0,0,0
45011,0,0,0,0,0
45013,0,0,0,0,0
45014,0,0,0,0,0
45015,0,0,0,0,0
45030,0,0,0,0,0
45034,0,0,0,0,0
45036,0,0,0,0,0
45039,0,0,0,0,0
45040,0,0,0,0,0
45042,0,0,0,0,0
45044,0,0,0,0,0
45050,0,0,0,0,0
45065,0,0,0,0,0
45066,0,0,0,0,0
45067,0,0,0,0,0
45068,0,0,0,0,0
45069,0,0,0,0,0
45102,0,0,0,0,0
45103,0,0,0,0,0
45106,0,0,0,0,0
45111,0,0,0,0,0
45122,0,0,0,0,0
45140,0,0,0,0,0
45150,0,0,0,0,0
45152,0,0,0,0,0
45153,0,0,0,0,0
45157,0,0,0,0,0
45162,0,0,0,0,0
45174,0,0,0,0,0
45202,0,0,0,0,0
45203,0,0,0,0,0
45204,0,0,0,0,0
45205,0,0,0,0,0
45206,0,0,0,0,0
45207,0,0,0,0,0
45208,0,0,0,0,0
45209,0,0,0,0,0
45211,0,0,0,0,0
45212,0,0,0,0,0
45213,0,0,0,0,0
45214,0,0,0,0,0
45215,0,0,0,0,0
45216,0,0,0,0,0
45217,0,0,0,0,0
45218,0,0,0,0,0
45219,0,0,0,0,0
45220,0,0,0,0,0
45223,0,0,0,0,0
45224,0,0,0,0,0
45225,0,0,0,0,0
45226,0,0,0,0,0
45227,0,0,0,0,0
45229,0,0,0,0,0
45230,0,0,0,0,0
45231,0,0,0,0,0
45232,0,0,0,0,0
45233,0,0,0,0,0
45236,0,0,0,0,0
45237,0,0,0,0,0
45238,0,0,0,0,0
45239,0,0,0,0,0
45240,0,0,0,0,0
45241,0,0,0,0,0
45242,0,0,0,0,0
45243,0,0,0,0,0
45244,0,0,0,0,0
45245,0,0,0,0,0
45246,0,0,0,0,0
45247,0,0,0,0,0
45248,0,0,0,0,0
45249,0,0,0,0,0
45251,0,0,0,0,0
45252,0,0,0,0,0
45255,0,0,0,0,0
45301,0,0,0,0,0
45305,0,0,0,0,0
45309,0,0,0,0,0
45312,0,0,0,0,0
45315,0,0,0,0,0
45318,0,0,0,0,0
45319,0,0,0,0,0
45322,0,0,0,0,0
45323,0,0,0,0,0
45324,0,0,0,0,0
45325,0,0,0,0,0
45326,0,0,0,0,0
45327,0,0,0,0,0
45339,0,0,0,0,0
45341,0,0,0,0,0
45342,0,0,0,0,0
45344,0,0,0,0,0
45345,0,0,0,0,0
45359,0,0,0,0,0
45368,0,0,0,0,0
45369,0,0,0,0,0
45370,0,0,0,0,0
45371,0,0,0,0,0
45373,0,0,0,0,0
45377,0,0,0,0,0
45383,0,0,0,0,0
45384,0,0,0,0,0
45385,0,0,0,0,0
45387,0,0,0,0,0
45402,0,0,0,0,0
45403,0,0,0,0,0
45404,0,0,0,0,0
45405,0,0,0,0,0
45406,0,0,0,0,0
45409,0,0,0,0,0
45410,0,0,0,0,0
45414,0,0,0,0,0
45415,0,0,0,0,0
45416,0,0,0,0,0
45417,0,0,0,0,0
45419,0,0,0,0,0
45420,0,0,0,0,0
45424,0,0,0,0,0
45426,0,0,0,0,0
45429,0,0,0,0,0
45430,0,0,0,0,0
45431,0,0,0,0,0
45432,0,0,0,0,0
45433,0,0,0,0,0
45434,0,0,0,0,0
45439,0,0,0,0,0
45440,0,0,0,0,0
45449,0,0,0,0,0
45458,0,0,0,0,0
45459,0,0,0,0,0
45502,0,0,0,0,0
45503,0,0,0,0,0
45504,0,0,0,0,0
45505,0,0,0,0,0
45506,0,0,0,0,0
45619,0,0,0,0,0
45623,0,0,0,0,0
45638,0,0,0,0,0
45659,0,0,0,0,0
45662,0,0,0,0,0
45663,0,0,0,0,1
45669,0,0,0,0,0
45678,0,0,0,0,0
45680,0,0,0,0,0
45694,0,0,0,0,0
45696,0,0,0,0,0
45714,0,0,0,0,0
45750,0,0,0,0,0
45801,0,0,0,0,0
45804,0,0,0,0,0
45805,0,0,0,0,0
45806,0,0,0,0,0
45807,0,0,0,0,0
45895,0,0,0,0,0
73003,0,0,0,0,41
73007,0,0,0,0,0
73008,0,8,38,69,115
73012,0,0,0,0,320
73013,0,38,38,247,684
73020,0,0,0,7,25
73025,0,5,8,11,77
73026,0,0,0,0,1
73034,0,0,0,50,303
73049,0,0,2,2,6
73064,34,59,84,84,253
73065,0,0,0,0,0
73068,0,2,5,9,12
73069,0,127,159,233,286
73071,0,0,77,230,358
73072,111,160,246,345,431
73078,0,0,0,0,1
73084,4,18,25,49,70
73093,0,0,0,0,0
73099,0,0,0,0,75
73102,2,6,9,15,20
73103,0,0,5,22,54
73104,1,11,16,19,34
73105,51,59,73,92,103
73106,23,56,89,112,173
73107,0,10,31,51,134
73108,0,47,99,166,239
73109,0,7,125,184,258
73110,0,0,12,148,259
73111,0,59,107,172,226
73112,92,127,184,242,322
73114,0,35,83,139,159
73115,0,0,62,134,178
73116,23,42,56,74,97
73117,23,88,128,173,207
73118,0,25,75,112,186
73119,0,10,81,203,294
73120,39,91,130,221,364
73121,0,0,0,4,10
73122,46,83,106,129,184
73127,0,0,87,119,198
73128,23,48,62,92,133
73129,0,0,0,58,148
73130,9,27,64,82,119
73131,9,28,43,59,82
73132,0,0,57,89,121
73134,0,0,0,3,11
73135,0,0,0,36,66
73139,0,16,93,126,148
73141,0,15,24,36,49
73142,0,0,12,37,102
73145,0,7,19,34,45
73149,0,0,7,10,15
73150,0,9,9,18,33
73151,3,8,11,17,44
73159,0,55,98,186,262
73160,0,21,127,211,317
73162,30,39,49,59,108
73165,0,0,0,2,28
73169,1,4,7,11,19
73170,116,116,159,173,173
73173,0,0,2,2,7
73179,0,7,10,12,63
73501,0,0,55,124,200
73505,0,0,69,104,139
73507,0,0,14,44,55
73701,0,0,26,60,94
73703,0,29,57,124,181
74008,0,0,0,0,30
74011,0,0,20,60,80
74012,0,0,0,0,44
74014,0,0,0,0,0
74015,0,0,5,12,25
74017,0,0,7,34,61
74019,26,37,58,73,73
74021,0,0,0,7,22
74023,0,0,0,2,12
74033,0,0,0,0,0
74036,0,0,0,0,0
74037,26,26,26,26,33
74041,0,0,0,0,0
74050,0,0,0,0,0
74053,0,0,0,0,0
74055,0,0,47,63,109
74063,0,0,0,33,65
74066,0,0,39,68,136
74070,7,19,34,37,60
74073,0,0,0,4,22
74074,193,247,327,380,460
74075,0,0,0,16,94
74103,0,0,0,1,2
74104,0,0,9,54,112
74105,0,0,48,87,159
74106,13,123,194,233,252
74107,0,78,129,190,207
74108,0,9,35,52,66
74110,0,0,36,109,160
74112,0,41,98,138,187
74114,0,0,0,13,60
74115,0,51,93,161,229
74116,0,7,31,60,78
74119,0,0,1,5,14
74120,0,0,0,0,0
74126,0,0,0,18,51
74127,20,81,114,161,208
74128,26,44,78,96,117
74129,0,0,23,70,105
74130,0,0,0,1,6
74131,0,0,2,9,17
74132,0,0,0,26,37
74133,0,51,115,165,204
74134,0,6,17,35,52
74135,0,12,44,69,100
74136,0,0,6,53,112
74137,0,31,38,77,115
74145,0,0,25,64,76
74146,0,4,39,59,91
74363,0,0,0,0,0
74429,0,0,0,1,6
74730,0,0,0,0,0
74731,0,0,0,0,1
74733,0,0,0,2,5
74901,0,4,12,16,20
74902,0,0,0,1,3
74946,0,0,0,1,3
74948,1,2,2,3,4
74954,0,0,0,0,0
74959,0,0,0,0,0
97002,0,0,2,16,147
97003,0,0,28,194,1979
97004,0,0,14,73,282
97005,0,0,102,247,2231
97006,0,0,132,647,4693
97007,0,37,184,1562,8235
97008,0,0,88,332,2798
97009,0,0,3,26,93
97013,0,0,17,59,421
97015,0,0,95,330,2322
97019,0,0,0,0,0
97024,0,0,49,151,742
97027,0,0,66,279,1300
97030,0,9,121,371,2349
97034,0,0,289,751,2026
97035,0,0,124,593,2147
97045,0,0,218,887,6058
97048,0,0,7,27,53
97060,0,0,6,216,1691
97062,0,0,158,655,3313
97068,0,0,237,1104,3769
97070,0,18,185,493,2199
97078,0,0,0,1,6
97080,0,0,172,613,3737
97086,0,31,108,666,3045
97089,0,0,100,426,2161
97113,0,7,62,162,1423
97116,0,7,167,413,3158
97123,0,23,268,885,4879
97124,0,0,204,855,5296
97140,0,15,95,724,3161
97201,0,0,32,148,503
97202,0,23,115,896,3653
97203,0,0,158,512,2515
97205,0,0,17,51,168
97206,0,0,332,864,4701
97209,0,0,24,83,309
97210,0,0,76,296,985
97211,0,0,189,863,3557
97212,0,0,178,1021,3070
97213,0,20,260,760,3199
97214,0,0,148,560,2017
97215,0,0,50,499,1800
97216,0,0,59,158,1230
97217,0,59,154,841,3732
97218,0,0,80,206,1340
97219,0,0,0,1168,3766
97220,0,0,17,455,2518
97221,0,0,66,501,1259
97222,0,0,122,405,3302
97223,0,0,405,1125,5675
97224,0,0,303,867,4822
97225,0,12,86,545,2770
97227,0,0,16,108,422
97229,0,0,634,2588,8346
97230,0,0,99,362,3123
97231,0,0,30,139,438
97232,0,18,71,163,872
97233,0,0,179,325,2209
97236,0,0,0,239,2510
97239,0,0,74,350,1139
97266,0,0,153,414,2482
97267,0,0,268,536,3238
97301,0,0,222,583,8006
97302,0,50,211,734,7100
97303,0,12,181,411,6856
97304,0,0,0,166,644
97305,0,109,283,468,6219
97306,0,0,9,319,602
97317,0,0,125,230,3443
97321,0,0,0,113,434
97322,0,0,0,20,201
97330,0,0,10,446,841
97333,0,0,0,201,525
97338,0,0,0,118,306
97351,0,0,0,44,128
97355,0,0,0,159,269
97361,0,0,0,55,138
97370,0,0,0,17,122
97389,0,0,0,7,17
97392,0,0,0,4,48
97401,0,0,213,523,1074
97402,0,0,85,461,1008
97403,0,0,20,155,263
97404,0,0,82,338,746
97405,0,0,59,668,1407
97408,0,0,9,295,549
97448,0,0,1,3,8
97455,0,0,0,0,0
97457,0,0,0,0,0
97470,0,0,29,109,229
97471,0,0,19,227,384
97477,0,0,142,377,873
97478,0,0,40,201,442
97495,0,0,0,4,6
97496,0,0,0,28,50
97501,0,0,0,334,1240
97502,0,0,124,405,1238
97503,0,0,29,135,339
97504,0,0,238,683,1955
97524,0,0,38,148,356
97526,0,0,18,264,615
97527,0,0,60,266,520
97530,0,0,9,81,199
97532,0,0,0,9,25
97535,0,0,46,89,192
97540,0,0,0,1,4
97701,0,0,75,625,2845
97702,0,0,170,741,3243
97703,0,8,335,1116,6366
97801,0,0,80,245,431
97826,0,0,0,0,0
97838,0,0,14,198,439
97875,0,0,3,8,25
97882,0,0,6,33,60
15001,0,88,175,288,463
15003,0,0,24,39,92
15005,0,0,0,10,73
15009,0,4,21,68,141
15010,0,0,41,75,192
15014,0,0,0,0,0
15017,0,5,16,77,197
15024,0,0,21,54,106
15025,0,0,0,1,3
15027,0,0,0,8,17
15030,0,0,0,0,0
15034,0,0,8,14,19
15035,0,0,0,2,11
15042,0,0,0,17,74
15044,0,0,0,0,0
15045,0,4,9,12,15
15046,0,0,6,17,19
15049,0,0,0,0,2
15051,0,0,0,0,0
15056,0,2,4,6,10
15057,0,14,18,153,239
15061,0,0,43,80,145
15064,0,0,0,0,0
15065,0,0,0,0,0
15066,0,0,0,18,55
15068,0,0,0,89,342
15071,0,0,9,77,155
15074,0,0,18,62,113
15076,0,0,2,7,13
15081,0,1,1,2,2
15082,0,0,0,0,0
15084,0,0,0,15,48
15085,0,0,3,19,82
15101,0,0,0,60,183
15102,0,0,0,16,132
15104,0,0,0,36,114
15106,0,7,22,102,226
15108,0,0,0,196,587
15110,8,48,75,96,112
15112,0,0,7,17,27
15116,0,0,5,21,77
15120,0,0,48,95,184
15122,0,47,142,190,316
15126,0,0,10,17,41
15131,0,0,20,49,89
15132,0,0,86,171,285
15133,0,2,13,26,45
15136,0,42,135,186,414
15137,0,20,32,59,83
15139,0,0,0,18,92
15140,0,1,1,8,17
15142,0,1,3,20,60
15143,0,0,0,52,267
15144,0,3,15,33,38
15145,0,0,43,63,80
15146,0,0,10,89,227
15147,25,86,148,160,284
15148,0,6,19,35,46
15201,0,0,29,79,179
15202,0,0,28,69,162
15203,0,0,12,89,215
15204,0,0,2,31,63
15205,0,19,58,84,168
15206,0,0,74,183,345
15207,0,20,76,100,147
15208,0,0,0,41,147
15209,0,0,18,45,82
15210,0,0,72,144,224
15211,0,0,27,92,160
15212,0,40,88,175,286
15213,0,0,114,202,281
15214,0,0,9,77,154
15215,11,19,23,68,216
15216,0,0,41,130,280
15217,0,0,89,261,534
15218,0,8,44,109,210
15219,0,28,90,155,213
15220,0,0,22,55,111
15221,0,49,165,247,437
15222,0,0,4,12,35
15223,0,0,18,33,70
15224,0,0,20,56,93
15225,0,1,10,11,15
15226,0,0,10,42,88
15227,0,10,59,99,207
15228,0,22,39,95,284
15229,0,0,0,59,123
15232,0,16,25,59,106
15233,0,0,11,35,67
15234,0,0,0,31,88
15235,0,96,204,348,492
15236,0,0,0,87,289
15237,0,0,32,296,529
15238,0,0,0,53,282
15239,0,33,49,107,231
15241,0,0,25,100,362
15243,0,0,4,46,210
15317,0,0,0,0,0
15321,0,0,0,0,0
15361,0,0,0,0,0
15545,0,0,0,0,0
15613,0,0,0,3,24
15615,0,0,0,0,0
15629,0,0,0,0,0
15632,0,0,0,0,0
15636,0,0,0,0,0
15641,0,0,0,0,1
15642,0,0,46,92,276
15644,0,0,0,0,0
15656,0,0,0,0,0
15665,0,0,0,0,0
15668,0,0,9,19,293
15673,0,0,0,0,0
15690,0,0,0,0,0
15692,0,0,0,0,0
15801,0,0,0,0,4
15840,0,0,1,4,10
15851,0,0,0,1,9
15901,0,0,0,22,58
15902,0,0,0,0,43
15904,0,0,5,52,124
15905,0,0,17,39,69
15906,0,0,0,38,56
15909,0,0,0,10,18
15928,0,0,0,0,6
15935,0,0,0,0,0
15942,0,0,0,0,1
15946,0,0,0,0,0
15963,0,0,0,12,30
16001,0,0,0,21,82
16002,0,0,0,2,3
16045,0,0,0,0,0
16053,0,0,0,1,2
16121,0,0,0,13,52
16143,0,0,0,0,0
16146,0,0,0,56,89
16148,0,0,0,0,0
16150,0,0,0,5,11
16159,0,0,0,0,4
16161,0,0,0,2,7
16229,0,0,0,0,0
16415,0,0,0,1,4
16421,0,0,0,0,7
16501,0,0,0,2,14
16502,0,0,0,0,38
16503,0,0,0,4,108
16504,0,0,5,49,77
16505,0,0,0,12,43
16506,0,0,0,8,97
16507,0,0,0,5,31
16508,0,0,0,0,6
16509,0,0,0,30,172
16510,0,0,0,113,210
16511,0,0,0,3,19
16601,0,0,0,0,132
16602,0,0,0,31,147
16635,0,0,0,5,23
16636,0,0,0,0,1
16637,0,0,0,1,10
16648,0,0,0,0,35
16665,0,0,0,1,1
16669,0,0,0,0,0
16673,0,0,0,0,9
16801,0,0,0,72,198
16803,0,0,0,0,0
16823,0,0,0,0,0
16865,0,0,0,0,1
16868,0,0,0,0,1
16870,0,0,0,0,0
17003,0,0,0,0,8
17011,0,0,49,107,223
17019,0,0,0,0,0
17022,0,0,0,0,2
17025,0,0,0,20,152
17028,0,0,0,0,1
17033,0,0,0,12,23
17034,0,0,0,0,2
17036,0,0,0,36,72
17038,0,0,0,0,0
17042,0,0,51,61,123
17043,0,9,15,21,47
17046,0,0,0,45,60
17050,0,0,0,0,219
17053,0,0,0,2,16
17055,0,0,0,0,20
17057,0,0,0,0,63
17067,0,0,0,0,2
17070,0,0,0,0,5
17078,0,0,0,0,18
17093,0,0,0,1,3
17101,0,0,6,10,13
17102,0,0,49,99,152
17103,0,0,36,147,219
17104,0,0,0,142,263
17109,0,13,50,63,113
17110,0,0,0,65,252
17111,0,18,62,115,317
17112,0,0,0,0,38
17113,0,0,0,0,45
17225,0,0,0,0,1
17263,0,0,0,0,0
17268,0,0,0,0,0
17319,0,0,7,23,39
17325,0,0,0,27,58
17339,0,0,0,0,3
17340,0,0,0,0,0
17345,0,0,16,31,35
17347,0,0,0,0,7
17360,0,0,0,0,0
17370,0,0,0,0,1
17401,0,0,0,0,4
17402,0,0,0,0,25
17403,0,0,0,0,61
17404,0,0,0,0,13
17406,0,0,0,0,0
17407,0,0,0,0,2
17408,0,0,0,0,0
17501,0,0,3,12,23
17502,0,0,0,0,0
17505,0,0,3,13,29
17508,0,0,0,0,1
17512,0,0,0,1,4
17516,0,0,0,0,2
17520,3,9,10,13,30
17522,0,0,0,7,37
17529,0,0,0,1,7
17538,0,0,0,0,33
17540,0,0,9,45,87
17543,0,0,0,9,28
17545,0,0,0,0,23
17551,0,2,35,49,71
17552,0,0,0,0,0
17554,0,0,5,11,34
17557,0,0,0,1,5
17560,0,0,0,0,0
17562,0,0,1,3,7
17572,0,0,0,8,19
17579,0,0,2,11,14
17582,0,0,0,0,0
17584,0,0,0,2,24
17601,0,42,69,97,431
17602,0,0,89,123,246
17603,112,128,160,208,319
17701,0,0,0,108,179
17702,0,0,3,29,55
17728,0,0,0,1,2
17744,0,0,0,0,0
17754,0,0,3,14,29
17756,0,0,0,0,1
17801,0,0,0,25,50
17815,0,0,0,89,147
17837,0,0,0,19,38
17847,0,0,0,0,0
17850,0,0,0,0,0
17857,0,0,0,0,0
17859,0,0,0,1,2
17870,0,7,10,16,72
17876,0,0,0,0,4
17889,0,0,0,0,0
17901,0,6,55,115,158
17923,0,0,0,5,8
17951,0,0,0,0,0
17954,0,0,8,18,35
17965,0,0,0,1,5
17970,0,0,3,8,12
18011,0,0,0,0,3
18013,0,0,0,0,50
18014,0,0,0,0,12
18015,0,30,89,142,194
18017,0,0,0,11,183
18018,0,0,16,114,229
18020,0,0,0,0,63
18031,0,0,0,0,0
18032,0,0,15,32,67
18034,0,0,0,29,134
18036,0,0,10,19,131
18037,0,0,3,9,55
18038,0,0,0,0,1
18040,0,0,0,0,18
18042,0,0,0,0,58
18045,0,0,0,19,47
18049,0,18,42,96,161
18051,0,0,2,6,8
18052,0,0,0,0,26
18053,0,0,0,1,3
18055,0,0,0,0,10
18059,0,0,0,1,5
18062,0,0,0,7,22
18064,0,0,0,0,0
18066,0,0,0,0,0
18067,0,0,27,41,54
18069,0,0,0,0,0
18072,0,0,0,0,5
18074,0,0,0,0,1
18077,0,0,0,0,1
18078,0,3,3,22,105
18079,0,0,0,0,0
18080,0,4,16,43,111
18083,0,0,0,0,0
18085,0,0,0,1,1
18086,0,0,0,0,0
18087,0,0,0,2,3
18088,0,0,0,0,0
18091,0,0,0,0,2
18092,0,0,0,0,4
18101,0,0,0,5,11
18102,0,36,108,198,269
18103,0,37,99,161,359
18104,0,0,0,0,330
18106,0,0,0,5,59
18109,0,0,0,51,118
18343,0,0,0,1,2
18353,0,0,0,0,0
18360,0,0,0,0,0
18403,0,0,0,6,23
18411,0,0,0,4,16
18433,0,0,0,0,5
18434,0,0,0,0,3
18436,0,0,0,0,0
18444,0,0,0,0,0
18447,0,0,0,19,46
18452,0,0,2,10,18
18503,0,0,3,6,10
18504,0,0,15,38,121
18505,0,0,0,13,132
18507,0,0,0,31,73
18508,0,0,4,50,111
18509,0,0,11,37,63
18510,0,0,15,53,89
18512,0,0,0,21,62
18517,0,0,0,22,55
18518,0,0,11,40,73
18519,0,0,18,42,59
18603,0,0,22,61,116
18612,0,0,0,14,84
18621,0,0,0,0,0
18631,0,0,1,5,10
18634,0,22,57,96,118
18635,0,0,0,0,4
18640,0,0,25,94,138
18641,3,3,5,16,27
18642,0,0,5,15,20
18643,0,0,0,38,105
18644,0,0,0,0,35
18651,0,0,0,17,38
18660,0,0,0,0,0
18701,0,0,8,20,27
18702,0,0,96,264,443
18704,0,0,35,174,336
18705,0,0,0,42,66
18706,0,0,0,35,118
18707,0,0,0,0,0
18708,0,9,12,17,61
18709,0,5,21,38,56
18901,0,0,0,0,0
18902,0,0,0,0,0
18914,0,0,0,50,370
18915,0,0,0,0,12
18925,0,0,0,0,0
18927,0,0,0,0,0
18929,0,0,0,8,11
18932,0,0,0,0,3
18936,0,0,0,0,4
18938,0,0,0,0,3
18940,0,0,0,0,18
18951,0,0,0,0,0
18954,0,0,0,0,6
18964,7,13,20,44,93
18966,0,0,0,53,85
18969,0,0,1,1,8
18974,0,0,0,0,48
18976,0,0,0,0,6
18977,0,0,0,0,1
19001,0,0,0,40,65
19002,0,0,30,50,70
19003,0,0,0,8,22
19004,0,0,0,0,14
19006,0,0,0,13,57
19007,0,0,0,0,37
19008,0,0,0,0,12
19009,0,0,0,0,0
19010,0,0,0,11,38
19012,0,0,0,0,2
19013,0,0,0,6,105
19014,0,0,0,0,0
19015,0,0,0,0,12
19018,0,0,0,14,54
19020,0,0,0,0,96
19021,0,0,0,20,42
19022,0,0,0,0,4
19023,0,0,0,10,72
19025,0,0,0,1,3
19026,0,0,0,25,50
19027,0,0,0,0,34
19029,0,0,0,0,4
19030,0,0,0,0,4
19031,0,0,0,0,9
19032,0,0,0,0,6
19033,0,0,0,0,17
19034,0,0,0,2,14
19035,0,0,0,0,0
19036,0,0,5,15,20
19038,0,0,0,42,58
19040,0,0,0,0,26
19041,0,0,0,0,6
19043,0,0,0,0,2
19044,0,0,0,0,4
19046,0,0,0,19,51
19047,0,0,0,0,28
19050,0,0,11,33,60
19053,0,0,0,0,45
19054,0,0,0,15,25
19055,0,0,0,8,16
19056,0,0,0,0,19
19057,0,0,0,0,5
19060,0,0,0,0,6
19061,0,0,5,40,71
19063,0,0,0,0,29
19064,0,0,0,0,7
19066,0,0,0,4,5
19067,0,0,0,0,65
19070,0,0,0,0,29
19072,0,0,0,0,0
19073,0,0,0,0,4
19074,0,0,0,11,27
19075,0,0,6,13,15
19076,0,0,0,0,22
19078,0,0,0,0,29
19079,0,0,0,0,21
19081,0,0,0,2,28
19082,0,0,0,0,37
19083,0,0,0,10,29
19085,0,0,0,0,1
19086,0,0,0,0,15
19087,0,0,6,12,18
19090,0,0,0,11,79
19094,0,0,0,0,2
19095,0,0,0,14,38
19096,0,0,0,0,13
19102,0,0,0,0,2
19103,0,0,7,18,30
19104,0,0,0,0,111
19106,0,0,0,1,4
19107,0,0,0,0,8
19108,0,0,0,0,0
19111,0,0,0,33,131
19114,0,0,0,0,6
19115,0,0,0,0,86
19116,0,0,0,6,58
19118,0,0,0,6,20
19119,0,0,0,0,34
19120,0,0,0,0,55
19121,0,0,0,0,113
19122,0,0,0,0,61
19123,0,0,0,12,34
19124,0,0,0,61,153
19125,0,0,0,0,44
19126,0,0,0,0,39
19127,0,0,0,0,15
19128,0,0,0,0,18
19129,0,0,0,0,15
19130,0,0,0,0,15
19131,0,0,0,92,174
19132,0,0,0,0,72
19133,0,0,0,28,89
19134,0,0,0,15,189
19135,0,0,5,58,121
19136,0,0,0,0,17
19137,0,0,0,0,33
19138,0,0,0,0,51
19139,0,0,0,73,190
19140,0,0,0,165,289
19141,0,0,0,35,109
19142,0,0,0,11,73
19143,0,0,0,7,170
19144,0,0,0,0,110
19145,0,0,0,43,92
19146,0,0,0,81,121
19147,0,0,0,20,41
19148,0,0,0,0,32
19149,0,0,0,28,64
19150,0,0,0,0,39
19151,0,0,0,0,21
19152,0,0,0,0,0
19153,0,0,0,0,67
19154,0,0,0,0,64
19301,0,0,0,0,2
19311,0,0,0,0,0
19312,0,0,9,21,28
19317,0,0,0,11,14
19319,0,0,0,0,0
19333,0,0,0,4,14
19335,0,0,0,0,1
19341,0,0,0,0,3
19342,0,0,14,19,24
19348,0,0,0,0,1
19350,0,0,0,0,0
19355,0,0,12,18,30
19373,0,0,0,0,0
19380,0,0,0,0,23
19382,0,0,0,0,34
19401,0,0,0,0,69
19403,0,0,0,0,0
19405,0,0,0,0,5
19406,0,0,0,6,36
19422,0,0,0,6,6
19426,0,0,0,0,0
19428,0,0,5,19,33
19436,0,0,0,1,2
19437,0,0,0,0,0
19438,0,14,41,47,386
19440,0,0,14,42,212
19444,0,0,0,0,0
19446,0,28,113,141,622
19453,0,0,0,0,0
19454,0,0,0,0,43
19460,0,0,0,0,35
19462,0,0,4,18,27
19464,0,0,0,0,0
19468,0,0,0,6,25
19473,0,0,0,10,26
19475,0,0,0,0,7
19492,0,0,0,0,1
19506,0,0,0,0,0
19508,0,0,0,5,13
19510,0,0,0,0,0
19522,0,0,0,11,22
19525,0,0,0,0,0
19533,0,0,0,0,10
19539,0,0,0,1,1
19540,0,0,0,6,12
19541,0,0,0,0,0
19547,0,0,0,0,0
19555,0,0,0,0,0
19560,0,0,0,9,23
19565,0,0,0,0,0
19601,0,0,0,97,182
19602,0,0,0,32,82
19604,0,0,0,14,61
19605,0,0,0,0,26
19606,0,0,0,0,154
19607,0,0,0,6,40
19608,0,0,0,4,9
19609,0,0,0,0,27
19610,0,0,4,13,26
19611,0,0,0,6,34
2802,0,0,0,0,67
2806,0,0,0,453,2902
2809,0,0,47,388,3963
2814,0,0,0,3,48
2816,0,0,0,216,3534
2817,0,0,1,17,146
2818,0,0,0,439,2796
2822,0,0,0,3,37
2828,0,0,0,69,1082
2830,0,0,0,1,8
2831,0,0,0,48,568
2835,0,0,0,24,183
2838,0,0,21,58,417
2852,0,0,3,181,1873
2857,0,0,1,32,338
2860,0,0,17,357,5289
2861,0,0,59,199,4408
2863,0,0,0,71,1681
2864,0,0,0,522,5341
2865,0,0,10,252,2842
2871,0,0,0,259,2350
2878,0,0,0,187,3257
2885,0,0,0,246,2142
2886,0,0,23,304,4527
2888,0,0,0,190,3565
2889,0,0,25,262,4936
2893,0,0,0,247,4444
2895,0,0,40,372,4783
2896,0,0,12,94,1381
2903,0,0,0,93,922
2904,0,0,0,310,4349
2905,0,0,16,420,3281
2906,0,0,0,316,3048
2907,0,0,21,166,2585
2908,0,0,0,295,4641
2909,0,0,0,261,4161
2910,0,0,0,128,3891
2911,0,0,24,129,2371
2914,0,0,13,234,3856
2915,0,0,9,168,2691
2916,0,0,0,104,1438
2917,0,0,0,197,1860
2919,0,0,0,477,5306
2920,0,0,0,298,6024
2921,0,0,15,295,2234
29016,0,77,215,1781,2582
29020,0,0,84,232,2843
29033,0,68,201,3004,4495
29036,0,0,16,102,821
29039,0,1,7,17,207
29040,0,0,6,17,346
29044,0,0,2,3,37
29045,0,51,268,571,6732
29053,0,173,479,4365,6508
29061,0,42,98,1604,2413
29063,0,75,625,5534,8084
29072,56,130,1315,11890,18113
29073,0,171,683,11172,16810
29078,0,0,97,193,4590
29115,0,294,550,4424,6233
29118,22,50,77,1242,1814
29123,0,26,89,1652,2534
29150,0,167,333,658,8247
29152,0,0,1,3,27
29153,0,0,58,124,1458
29154,0,0,55,91,2176
29160,0,21,80,1179,1845
29161,0,0,4,11,123
29169,0,127,405,5140,7773
29170,35,52,304,5642,8580
29172,0,26,99,2399,3639
29201,0,346,877,3401,4882
29203,0,529,972,7268,10508
29204,0,185,418,3210,4723
29205,65,156,540,4295,6313
29206,0,83,387,3222,4762
29209,0,163,674,7876,11337
29210,0,91,320,5060,7551
29212,53,168,539,5774,8635
29223,0,522,1209,10014,14417
29229,0,196,685,10902,16125
29301,0,0,253,667,8395
29302,0,0,183,415,4392
29303,0,39,340,456,6524
29306,0,0,190,367,3538
29307,0,0,209,386,5315
29316,0,0,133,408,7170
29323,0,0,7,19,700
29329,0,0,1,2,20
29330,0,0,22,60,739
29334,0,5,58,293,3866
29346,0,0,0,0,70
29349,0,0,115,413,5437
29365,0,0,13,103,3583
29369,0,0,85,273,3807
29376,0,4,20,91,1578
29377,0,0,0,0,28
29385,0,0,3,73,2616
29388,0,0,10,23,689
29401,9,81,463,2341,2934
29403,0,248,675,4453,5555
29404,0,1,12,452,560
29405,51,131,307,5799,7194
29406,0,113,265,4414,5551
29407,0,223,803,7028,8643
29410,0,70,259,3430,4868
29412,0,136,940,8510,10991
29414,0,181,624,7947,9840
29418,55,134,328,4734,5948
29420,0,92,307,3295,4490
29429,0,5,24,277,352
29439,8,83,190,989,1249
29440,0,0,0,1,5
29445,0,193,774,11186,15892
29451,0,66,636,2270,2913
29455,0,13,90,686,866
29456,31,101,342,5660,7689
29464,14,475,1663,10620,13387
29466,22,121,1386,8161,10525
29472,0,0,0,11,16
29482,3,17,197,742,942
29483,99,348,778,11362,16281
29485,0,154,599,10485,15137
29486,0,0,108,230,4069
29492,0,29,400,3252,4586
29501,0,111,324,840,9469
29505,0,0,50,173,3625
29506,0,38,173,279,2365
29526,0,59,297,920,9663
29527,0,22,79,215,3126
29532,0,7,104,181,3498
29540,0,0,0,1,10
29541,0,0,4,10,238
29566,0,22,116,255,7012
29568,0,0,53,142,3918
29572,0,32,220,480,3826
29575,9,144,333,683,8839
29576,0,13,405,1011,12314
29577,0,124,443,998,10045
29579,0,24,313,819,11700
29582,0,70,174,650,11009
29585,0,5,230,632,5138
29588,0,0,370,1011,13876
29601,0,0,37,238,2466
29605,0,0,288,1058,8728
29607,0,0,206,683,8809
29609,0,0,266,832,7082
29611,0,0,220,573,7999
29615,0,10,193,637,8073
29617,0,0,133,377,6563
29621,0,0,190,686,8818
29624,0,0,220,386,4085
29625,0,0,124,298,6180
29626,0,0,99,208,2812
29627,0,0,5,12,156
29630,0,0,26,70,993
29631,0,0,78,228,1940
29640,0,0,108,541,9184
29642,0,0,245,587,8845
29644,0,0,47,102,2410
29650,0,0,163,856,8715
29651,0,0,57,608,11476
29657,0,0,24,95,2290
29662,0,0,5,120,3880
29665,0,0,5,9,59
29670,0,0,16,47,724
29671,0,0,30,98,1767
29672,0,10,30,94,1006
29673,0,0,74,445,6810
29678,0,0,62,129,2428
29680,0,0,39,328,6303
29681,0,34,189,1131,13658
29684,0,0,7,15,677
29687,0,0,102,407,9510
29690,0,0,25,179,3526
29691,0,0,0,0,3
29693,0,0,0,0,10
29696,0,0,0,0,9
29697,0,0,0,0,1
29707,0,20,223,769,7905
29708,0,0,169,834,6797
29710,0,0,44,185,1951
29715,0,0,50,848,6568
29720,0,0,92,290,5446
29730,0,0,154,506,8995
29732,0,12,313,604,9344
29745,0,0,8,25,384
29801,0,374,791,5913,8426
29803,0,13,809,9213,13152
29805,0,1,1,15,22
29809,0,3,26,56,1065
29816,0,1,1,10,14
29821,0,1,3,34,51
29828,0,26,47,318,438
29829,0,66,139,2592,3828
29831,0,1,3,46,66
29834,0,4,7,100,140
29841,0,0,591,8006,11589
29842,0,9,51,2004,2961
29851,0,60,156,2513,3675
29860,0,39,179,2665,3808
29902,0,33,152,2108,2702
29906,0,44,165,2477,3136
29907,0,11,68,575,736
29909,0,0,0,1,1
29910,1,12,56,495,635
29915,0,1,17,142,181
29920,0,0,1,11,15
29926,0,38,450,4052,5205
29927,0,0,0,0,1
29928,0,69,459,1025,5887
29935,0,7,14,393,501
57005,0,0,0,0,0
57049,0,0,0,0,0
57055,0,0,0,0,0
57064,0,0,0,0,0
57103,0,0,0,0,0
57104,0,0,0,0,0
57105,0,0,0,0,0
57106,0,0,0,0,0
57107,0,0,0,0,0
57108,0,0,0,0,0
57110,0,0,0,0,0
57701,11,34,34,34,34
57702,0,0,0,0,0
57703,0,0,0,0,0
57719,0,0,0,0,0
57730,0,0,1,1,2
57744,0,0,0,0,0
57745,0,0,0,0,0
57751,0,0,0,0,0
37010,0,0,0,0,0
37013,0,0,0,0,0
37014,0,0,0,0,0
37027,0,0,0,0,0
37040,0,0,0,0,0
37042,0,0,0,0,0
37043,0,0,0,0,0
37064,0,0,0,0,0
37066,0,0,0,0,0
37067,0,0,0,0,0
37069,20,20,20,20,20
37072,0,0,0,0,0
37075,0,0,0,0,0
37076,0,0,0,0,0
37080,0,0,0,0,0
37086,0,0,0,0,0
37115,0,0,0,0,0
37122,0,0,0,0,0
37127,0,0,0,0,0
37128,0,0,0,0,0
37129,0,0,0,0,0
37130,0,0,0,0,0
37135,0,0,0,0,0
37138,0,0,0,0,0
37153,0,0,0,0,0
37167,0,0,0,0,0
37189,0,0,0,0,0
37191,0,0,0,0,0
37201,0,0,0,0,0
37203,0,0,0,0,0
37204,0,0,0,0,0
37205,0,0,0,0,0
37206,0,0,0,0,0
37207,0,0,0,0,0
37208,0,0,0,0,0
37209,0,0,0,0,0
37210,0,0,0,0,0
37211,0,0,0,0,0
37212,0,0,0,0,0
37214,0,0,0,0,0
37215,0,0,0,0,0
37216,0,0,0,0,0
37217,0,0,0,0,0
37218,0,0,0,0,0
37219,0,0,0,0,0
37220,0,0,0,0,0
37221,0,0,0,0,0
37228,0,0,0,0,0
37310,0,0,0,0,0
37311,0,0,0,0,0
37312,0,0,0,0,0
37323,0,0,0,0,0
37336,0,0,0,0,0
37341,0,0,0,0,0
37343,0,0,0,0,0
37350,0,0,0,0,0
37351,0,0,0,0,0
37353,0,0,0,0,0
37354,0,0,0,0,0
37355,0,0,0,0,0
37360,0,0,0,0,0
37363,0,0,0,0,0
37377,0,0,0,0,0
37379,0,0,0,0,0
37385,0,0,0,0,0
37388,0,0,0,0,0
37402,0,0,0,0,0
37403,0,0,0,0,0
37404,0,0,0,0,0
37405,0,0,0,0,0
37406,0,0,0,0,0
37407,0,0,0,0,0
37408,0,0,0,0,0
37409,0,0,0,0,0
37410,0,0,0,0,0
37411,0,0,0,0,0
37412,0,0,0,0,0
37415,0,0,0,0,0
37416,0,0,0,0,0
37419,0,0,0,0,0
37421,0,0,0,0,0
37601,0,0,0,0,0
37604,0,0,0,0,0
37615,0,0,0,0,0
37617,0,0,0,0,0
37618,0,0,0,0,0
37642,0,0,0,0,0
37643,0,0,0,0,0
37645,0,0,0,0,0
37658,0,0,0,0,0
37659,0,0,0,0,0
37660,0,0,0,0,0
37663,0,0,0,0,0
37664,0,0,0,0,0
37665,0,0,0,0,0
37686,0,0,0,0,0
37692,0,0,0,0,0
37694,0,0,0,0,0
37701,0,0,0,0,0
37708,0,0,0,0,0
37710,0,0,0,0,0
37714,0,0,0,0,0
37716,0,0,0,0,0
37721,0,0,0,0,0
37737,0,0,0,0,0
37738,0,0,0,0,0
37742,0,0,0,0,0
37754,0,0,0,0,0
37769,0,0,0,0,0
37771,0,0,0,0,0
37772,0,0,0,0,0
37774,0,0,0,0,0
37777,0,0,0,0,0
37801,0,0,0,0,0
37803,0,0,0,0,0
37804,0,0,0,0,0
37806,0,0,0,0,0
37813,0,0,0,0,0
37814,0,0,0,0,0
37821,0,0,0,0,0
37830,0,0,0,0,0
37840,0,0,0,0,0
37846,0,0,0,0,0
37849,0,0,0,0,0
37853,0,0,0,0,0
37860,0,0,0,0,0
37861,0,0,0,0,0
37862,0,0,0,0,0
37863,0,0,0,0,0
37865,0,0,0,0,0
37871,0,0,0,0,0
37876,0,0,0,0,0
37877,0,0,0,0,0
37885,0,0,0,0,0
37886,0,0,0,0,0
37890,0,0,0,0,0
37902,0,0,0,0,0
37909,0,0,0,0,0
37912,0,0,0,0,0
37914,0,0,0,0,0
37915,0,0,0,0,0
37916,0,0,0,0,0
37917,0,0,0,0,0
37918,0,0,0,0,0
37919,0,0,0,0,0
37920,0,0,0,0,0
37921,0,0,0,0,0
37922,0,0,0,0,0
37923,0,0,0,0,0
37924,0,0,0,0,0
37931,0,0,0,0,0
37932,0,0,0,0,0
37934,0,0,0,0,0
37938,0,0,0,0,0
38002,0,0,0,0,0
38016,0,0,0,0,0
38017,0,0,0,0,0
38018,0,0,0,0,0
38028,0,0,0,0,0
38053,0,0,0,0,0
38103,0,0,0,0,0
38104,0,0,0,0,0
38105,0,0,0,0,0
38106,0,0,0,0,0
38107,0,0,0,0,0
38108,0,0,0,0,0
38109,0,0,0,0,0
38111,0,0,0,0,0
38112,0,0,0,0,0
38114,0,0,0,0,0
38115,0,0,0,0,0
38116,0,0,0,0,0
38117,0,0,0,0,0
38118,0,0,0,0,0
38119,0,0,0,0,0
38120,0,0,0,0,0
38122,0,0,0,0,0
38125,0,0,0,0,0
38126,0,0,0,0,0
38127,0,0,0,0,0
38128,0,0,0,0,0
38133,0,0,0,0,0
38134,0,0,0,0,0
38135,0,0,0,0,0
38138,0,0,0,0,0
38139,0,0,0,0,0
38141,0,0,0,0,0
38301,0,0,0,0,0
38305,0,0,0,0,0
38343,0,0,0,0,0
38355,0,0,0,0,0
38356,0,0,0,0,0
38362,0,0,0,0,0
38401,0,0,0,0,0
38501,0,0,0,0,0
38506,0,0,0,0,0
75001,0,13,114,2048,2171
75002,21,170,1932,18829,20782
75006,0,75,513,9769,10528
75007,0,71,1209,12901,13868
75010,0,30,418,5500,5979
75013,23,80,1834,9676,10902
75019,0,84,1520,8954,10013
75020,0,55,297,7252,7729
75021,0,1,37,1361,1461
75022,0,0,1132,5559,6325
75023,0,159,1116,13161,14234
75024,0,62,993,7750,8515
75025,0,0,1818,12919,14068
75028,0,0,1524,11511,12706
75032,0,0,2,12,13
75033,0,0,6,33,36
75034,0,361,3107,24386,26883
75035,0,74,2552,16032,17696
75038,0,17,180,3116,3344
75039,0,6,159,1789,1973
75040,0,71,606,16449,17625
75041,0,8,261,7157,7602
75042,0,26,309,8161,8788
75043,0,66,609,15298,16302
75044,12,24,562,11265,12010
75048,0,56,1005,7016,7764
75050,8,73,178,7659,8073
75051,0,24,274,7498,7989
75052,0,72,933,22370,23734
75054,0,0,447,3013,3306
75056,46,168,1555,13552,14909
75057,0,15,103,2363,2489
75060,0,94,405,8669,9319
75061,0,25,222,7621,8155
75062,0,0,224,8318,8864
75063,0,51,697,6377,7045
75065,4,18,270,3373,3567
75067,0,130,510,11161,11742
75068,0,38,679,6862,7353
75069,0,56,253,2515,2704
75070,79,237,1656,18042,19205
75074,0,106,887,11991,12997
75075,0,65,814,9850,10643
75076,0,0,31,697,743
75077,0,11,1036,9834,10640
75080,0,226,1099,9586,10480
75081,0,160,700,8994,9834
75082,0,26,701,5686,6283
75087,0,0,33,289,326
75088,0,0,492,8307,9133
75089,0,0,615,9297,10235
75090,46,164,374,6042,6462
75092,0,53,254,6232,6627
75093,0,81,1650,11495,13132
75094,7,7,698,6013,6738
75098,0,35,1278,15856,17063
75104,0,201,1083,14146,15183
75115,0,25,605,11340,12179
75116,0,61,199,4750,5066
75125,0,0,1,14,15
75134,0,0,140,5702,6055
75137,0,25,281,5760,6171
75141,0,0,53,1080,1167
75146,0,84,298,4822,5161
75149,0,133,467,15452,16586
75150,15,177,530,13879,14616
75159,0,9,25,619,660
75172,0,9,27,821,869
75180,0,0,73,5759,6051
75181,0,51,236,5944,6307
75182,0,0,321,1941,2203
75201,0,2,46,489,541
75202,0,0,9,105,116
75203,0,56,117,2322,2508
75204,0,45,214,1966,2180
75205,0,61,967,3846,4441
75206,0,77,441,4271,4693
75207,0,21,83,987,1075
75208,0,0,395,5187,5693
75209,0,3,430,2810,3077
75210,0,33,73,1193,1261
75211,0,160,559,10601,11262
75212,0,131,439,4733,5131
75214,0,62,1127,6669,7403
75215,0,98,290,2940,3194
75216,0,414,998,11090,11905
75217,0,196,839,16450,17772
75218,0,35,756,6114,6772
75219,0,19,166,1663,1808
75220,0,76,332,4952,5361
75223,0,42,184,2220,2409
75224,0,173,291,5658,6091
75225,0,70,1011,4060,4697
75226,0,2,28,671,713
75227,0,273,621,11541,12274
75228,0,357,713,13177,14118
75229,0,46,1058,7901,8832
75230,0,19,910,5413,6076
75231,0,37,151,3104,3309
75232,0,180,451,7650,8052
75233,0,0,62,2881,3086
75234,0,21,295,6247,6734
75235,0,78,166,2244,2405
75236,0,61,168,2857,3028
75237,0,74,175,2363,2503
75238,0,20,598,5977,6541
75240,0,55,189,2383,2574
75241,0,329,668,8397,8992
75243,0,82,514,7558,8040
75244,0,10,329,3023,3341
75246,0,15,28,257,279
75247,0,54,101,900,1007
75248,0,97,998,7681,8564
75249,0,9,94,4402,4665
75251,0,1,4,140,152
75252,0,46,528,5129,5612
75253,0,83,254,4840,5120
75254,0,17,105,2238,2406
75287,0,204,605,7067,7407
75459,0,1,26,656,711
75501,0,126,693,5074,10263
75503,0,0,301,3604,7179
75569,0,1,2,496,1090
75601,0,21,195,2610,5077
75602,0,55,259,3198,6019
75603,0,4,60,618,1173
75604,0,38,229,4688,9471
75605,0,0,404,4267,8232
75640,0,0,9,184,340
75644,0,11,51,1018,1855
75645,0,6,26,271,482
75647,0,22,88,1029,1957
75650,0,16,66,819,1582
75652,0,0,3,28,54
75662,0,0,159,2774,5604
75684,0,0,0,3,5
75693,0,27,174,1264,2357
75701,0,187,781,8985,10788
75702,0,167,389,7900,9177
75703,0,164,756,9063,10740
75704,0,2,60,1593,1848
75705,0,4,17,111,204
75706,0,0,47,795,1508
75707,0,10,118,2930,3434
75708,0,18,26,1058,2000
75709,0,8,40,1282,1521
75751,0,151,330,3881,4626
75752,0,6,17,270,314
75755,0,0,0,1,1
75757,0,0,2,31,36
75758,0,1,36,771,910
75762,0,0,129,1871,2263
75771,0,0,66,1073,1979
75789,0,0,0,3,6
75791,0,16,138,2153,2613
75792,0,3,8,74,131
75901,0,56,314,4293,6169
75904,0,7,132,4336,6533
75941,0,14,43,694,995
75949,0,6,19,350,517
75961,0,41,156,1214,2484
75964,0,48,132,1974,2514
75965,0,0,106,1045,2199
75969,0,0,1,33,50
76001,0,0,533,7213,7691
76002,20,50,525,9482,9946
76005,0,0,32,139,159
76006,0,3,95,3008,3132
76008,0,0,1,8,9
76010,0,120,449,7671,7904
76011,0,21,115,3330,3456
76012,0,76,432,5942,6222
76013,0,101,454,5964,6204
76014,0,43,205,6829,7027
76015,0,33,133,3141,3274
76016,0,39,539,9174,9693
76017,0,53,720,9841,10466
76018,0,47,179,7435,7715
76021,0,0,415,7765,8189
76022,18,30,63,2873,2965
76034,0,0,1493,5936,6823
76036,0,2,30,524,551
76039,0,41,339,6559,6842
76040,0,66,239,5726,5935
76051,11,106,954,9680,10348
76052,0,0,627,6831,7428
76053,0,117,275,6489,6798
76054,0,28,262,3760,3970
76060,0,35,235,2683,2892
76063,0,69,1553,15718,16805
76071,0,3,13,152,159
76078,0,0,1,12,13
76092,0,16,2274,6497,7516
76102,0,30,131,1189,1270
76103,0,67,188,3977,4131
76104,0,182,377,5662,6009
76105,0,94,268,5898,6191
76106,0,230,412,9160,9496
76107,0,140,948,9106,9735
76108,0,77,512,9103,9547
76109,0,170,959,5755,6290
76110,0,219,758,9338,9836
76111,0,6,126,6092,6249
76112,0,91,477,9616,10042
76114,0,139,404,6545,6893
76115,0,220,393,5004,5171
76116,0,113,803,10569,11180
76117,9,113,297,8384,8645
76118,0,36,298,4808,5028
76119,0,253,413,10873,11366
76120,0,16,191,3694,3846
76123,0,71,528,9521,10048
76126,0,20,474,6104,6564
76127,0,0,0,294,294
76131,0,46,495,10908,11414
76132,0,81,335,5002,5288
76133,0,188,704,14759,15447
76134,0,94,297,7455,7720
76135,0,34,263,4508,4814
76137,0,127,715,15027,15726
76140,0,31,209,7377,7726
76148,0,0,374,8416,8798
76155,0,0,4,374,383
76164,44,113,167,4723,4891
76177,17,27,184,3136,3290
76179,0,114,896,17829,18858
76180,0,54,408,8531,8957
76182,0,21,913,9747,10395
76205,0,7,44,644,694
76208,0,32,294,2912,3141
76210,24,95,859,10832,11715
76226,0,0,989,5067,5803
76240,0,0,273,5559,5868
76244,0,89,1816,20238,21721
76248,27,81,2288,11465,12931
76262,0,112,1543,9739,10801
76301,0,118,375,7042,7240
76302,0,97,273,4474,4567
76305,0,22,63,2180,2236
76306,0,26,294,6306,6503
76308,0,86,408,6848,7099
76309,0,101,286,5468,5529
76310,0,0,327,5977,6107
76311,0,0,0,708,709
76354,0,0,0,8,8
76367,0,5,15,318,323
76401,0,16,46,538,556
76501,0,37,162,3922,4126
76502,0,13,489,11779,12393
76504,0,170,402,6398,6739
76513,0,119,890,9850,10631
76522,0,45,186,6117,6354
76539,0,0,71,2054,2142
76541,0,192,403,6063,6293
76542,0,96,589,13008,13583
76543,0,156,399,9275,9654
76544,0,0,122,3334,3463
76548,0,71,336,8339,8746
76549,0,73,524,13833,14415
76559,0,29,86,1605,1690
76574,0,0,0,8,9
76579,0,15,53,863,923
76630,0,1,3,113,122
76633,0,0,21,289,323
76640,0,29,85,976,1029
76643,0,21,177,5025,5326
76655,0,21,142,1829,2012
76657,8,42,158,2529,2760
76691,0,3,88,1150,1233
76701,0,51,144,759,845
76704,0,205,349,2397,2626
76705,0,161,501,8729,9315
76706,0,362,1217,9723,10633
76707,0,174,381,4925,5371
76708,0,81,371,8188,8957
76710,0,0,381,7533,8020
76711,0,19,55,3065,3227
76712,0,75,669,8381,9248
76901,0,125,441,9325,9488
76903,0,329,658,12897,13068
76904,0,55,581,10663,10882
76905,0,68,136,3180,3229
77002,0,23,76,585,788
77003,0,0,314,2485,3341
77004,0,254,959,5817,7656
77005,0,0,1509,5349,7129
77006,0,46,517,3647,4922
77007,0,44,1427,7808,10440
77008,0,145,1747,9354,12455
77009,0,180,1222,9336,12460
77010,0,0,4,17,22
77011,0,84,327,4063,5181
77012,0,50,167,3460,4482
77013,0,23,109,2798,3722
77014,0,116,329,4824,6352
77015,0,74,310,11269,14617
77016,0,204,482,6993,9142
77017,0,16,186,5725,7695
77018,0,46,941,6538,8861
77019,0,5,619,3697,4919
77020,0,120,481,5890,7878
77021,0,233,791,6160,8058
77022,0,111,412,5994,7833
77023,0,278,528,5481,7173
77024,0,74,1144,5769,7746
77025,0,86,701,4808,6369
77026,0,150,582,6723,8717
77027,0,21,296,2120,2836
77028,0,153,400,4378,5803
77029,0,70,260,4737,6253
77030,0,18,226,1616,2122
77031,0,39,140,2641,3447
77032,0,115,213,2605,3433
77033,0,251,592,6749,8784
77034,0,117,343,6242,8294
77035,0,104,575,5878,7827
77036,0,89,333,6092,8035
77037,0,12,117,4414,5784
77038,0,6,197,4770,6273
77039,0,15,232,5746,7407
77040,0,92,572,8569,11234
77041,0,0,962,9199,12111
77042,0,143,400,4144,5356
77043,0,13,384,4805,6378
77044,0,226,739,7428,10034
77045,0,58,561,7144,9512
77046,0,1,6,48,66
77047,10,108,402,7234,9626
77048,0,113,433,4187,5487
77049,0,0,163,7097,9514
77050,0,14,33,912,1252
77051,0,85,274,3746,4902
77053,0,110,330,6912,9045
77054,0,60,156,1518,2033
77055,0,88,824,6528,8455
77056,0,28,358,2527,3356
77057,0,0,339,4052,5417
77058,0,50,181,2853,3797
77059,0,0,677,3906,5484
77060,0,153,275,4652,6048
77061,0,68,190,3673,4818
77062,0,25,504,5877,8076
77063,0,78,317,3895,5086
77064,0,74,662,9010,12026
77065,0,66,438,6012,8120
77066,0,69,422,6333,8467
77067,0,25,283,4656,6179
77068,0,0,122,1889,2567
77069,0,0,239,2883,3818
77070,0,0,448,7666,10049
77071,0,0,318,5081,6636
77072,0,0,526,8813,11513
77073,0,98,338,8084,10790
77074,0,66,231,5038,6546
77075,10,95,361,7072,9411
77076,0,131,409,5823,7619
77077,0,12,794,8858,11759
77078,0,91,280,2836,3696
77079,0,0,718,4904,6566
77080,0,64,426,5967,7857
77081,0,0,106,2315,3074
77082,0,21,695,8013,10516
77083,0,245,924,13862,18596
77084,0,269,1021,19942,26607
77085,0,0,174,3614,4764
77086,0,185,518,5301,6983
77087,0,126,532,7209,9531
77088,0,309,759,10743,13879
77089,0,0,568,10395,13988
77090,0,36,202,3874,5101
77091,0,141,411,4539,5993
77092,0,100,476,5695,7537
77093,0,140,743,10429,13752
77094,0,9,465,2155,2957
77095,0,138,906,14103,19402
77096,0,117,730,6042,8106
77098,0,0,286,2241,3047
77099,0,116,462,6635,8778
77301,0,103,318,5206,8467
77302,0,49,538,3850,5975
77303,0,8,117,2393,3859
77304,0,72,380,4340,6996
77306,0,0,49,1770,2853
77316,0,0,429,2542,4013
77318,0,0,202,2813,4381
77327,0,42,219,2355,3778
77328,0,0,115,2606,4207
77336,0,73,399,2784,4166
77338,0,22,382,6628,10748
77339,0,0,351,5049,8184
77345,0,14,840,4978,6793
77346,0,120,1161,12212,16619
77354,0,70,916,7305,11322
77355,0,23,412,3509,5541
77356,0,23,718,4906,7487
77357,0,33,211,3994,6479
77358,0,0,7,75,120
77362,0,0,117,1007,1615
77363,0,0,1,11,17
77365,0,28,658,5678,8957
77372,0,22,128,2645,4368
77373,0,0,516,11320,18253
77375,0,0,1091,9451,14938
77377,0,21,802,6698,10335
77378,0,22,131,1652,2688
77379,0,145,1697,14899,19989
77380,0,50,298,3130,4947
77381,0,0,996,5187,8074
77382,0,73,1521,6418,9753
77384,0,5,298,3284,5157
77385,0,0,338,4881,7896
77386,0,48,1407,9862,15425
77388,0,186,929,10299,13899
77389,0,0,1179,6419,9711
77396,0,157,542,8943,11896
77401,0,0,1177,4427,5754
77406,0,71,883,6486,8644
77407,50,224,933,9214,12111
77429,0,119,2102,17100,23094
77433,0,85,2063,15314,20503
77441,0,20,354,1757,2657
77447,0,0,106,879,1363
77449,0,0,791,23032,31289
77450,0,103,1109,14950,20023
77459,0,59,1666,14059,19156
77469,0,20,445,7313,9688
77471,0,105,291,4350,5776
77477,0,124,390,6809,8768
77478,0,18,835,6751,8738
77479,0,27,3278,19183,25577
77489,0,12,181,8921,12003
77493,0,0,516,5406,8537
77494,0,0,3795,19574,30009
77498,0,75,947,11074,14680
77502,0,107,329,7266,9591
77503,0,7,272,5169,6880
77504,0,33,141,4059,5385
77505,0,0,287,5076,6864
77506,0,66,265,6261,8205
77507,0,12,56,534,721
77510,0,0,359,5591,6446
77511,0,81,646,13608,15884
77515,0,110,467,7713,9050
77517,0,21,126,2614,3024
77518,0,64,123,1943,2176
77520,0,99,632,7755,12227
77521,0,215,710,10406,16302
77523,0,2,46,384,564
77530,0,73,405,7594,10208
77531,0,33,238,3942,4611
77532,0,64,300,3952,6257
77534,0,0,48,481,573
77536,45,102,601,8166,11149
77539,0,101,768,12506,14230
77541,0,20,289,5696,6630
77545,0,0,362,5503,7426
77546,34,121,1672,13307,16599
77547,0,23,71,2100,2807
77550,0,450,909,8291,9562
77551,0,189,455,5566,6352
77554,0,106,741,6204,7347
77562,0,9,234,3245,4340
77563,0,83,325,3950,4553
77564,0,0,0,7,11
77565,0,0,243,2497,2879
77566,0,0,509,7667,9101
77568,0,136,346,5296,6094
77571,0,0,574,10455,14055
77573,0,26,2366,21608,25170
77578,6,19,490,5212,6282
77581,0,16,1249,13026,15800
77583,0,32,336,3686,4510
77584,0,0,1856,20898,24762
77586,0,0,493,5157,6952
77587,0,70,224,3517,4609
77590,0,0,368,9416,11043
77591,0,117,322,4051,4607
77598,0,24,166,3027,3972
77611,0,27,240,2356,3776
77619,0,53,264,4161,6525
77625,0,14,71,600,1011
77627,0,55,341,5775,9053
77630,0,128,501,6351,9615
77632,0,7,87,1112,1777
77640,0,214,577,5701,9105
77642,0,271,1022,7721,11969
77651,0,0,339,3586,5496
77656,0,60,214,3398,5862
77657,0,7,280,4059,7014
77662,0,0,308,4419,7233
77701,0,117,370,4019,6028
77702,0,0,38,790,1296
77703,0,78,397,3023,4509
77705,0,0,400,5351,8539
77706,27,165,567,5699,8909
77707,0,98,348,4166,6436
77708,0,20,121,2500,3997
77713,0,11,188,2385,3691
77801,0,170,367,2489,3298
77802,0,131,426,5866,8046
77803,0,131,290,6786,9254
77807,0,98,287,2262,3057
77808,0,19,179,2237,3070
77840,0,217,788,5947,7788
77845,0,80,1707,14580,19339
77901,0,133,548,11607,14676
77904,0,36,426,6874,8721
77905,0,11,38,447,574
77968,0,0,0,9,11
78006,0,1,4,29,34
78015,0,0,136,1009,1235
78023,0,8,578,6576,7788
78026,0,0,56,1323,1555
78040,11,470,887,10049,10530
78041,0,261,816,10752,11160
78043,0,227,445,9036,9358
78045,0,168,785,13270,13831
78046,24,178,488,11382,11786
78064,0,70,233,3495,4032
78070,0,6,71,557,667
78073,0,4,23,475,552
78101,0,0,1,7,9
78108,0,0,507,10324,12467
78109,0,56,463,12210,13878
78112,0,0,1,18,20
78123,0,35,76,1080,1283
78124,0,1,5,66,79
78130,0,161,1104,19484,22612
78132,0,8,281,2113,2584
78133,0,115,530,7419,8664
78148,0,78,293,5597,6430
78152,0,1,6,63,72
78154,0,106,713,10915,12947
78155,0,130,510,9100,10705
78201,0,324,724,10608,12280
78202,0,95,356,3529,4051
78203,0,117,219,1855,2115
78204,0,81,266,3271,3776
78205,0,0,25,505,608
78207,0,401,1061,11161,12661
78208,0,57,137,1124,1318
78209,0,61,1086,9993,11811
78210,0,142,734,10044,11666
78211,36,232,436,7666,8770
78212,9,205,812,7837,9087
78213,0,54,402,9206,10717
78214,0,149,355,6196,7019
78215,0,14,68,599,705
78216,0,177,551,8820,10276
78217,0,92,342,8087,9168
78218,0,148,564,8494,9680
78219,0,0,152,4814,5384
78220,0,139,404,5206,5941
78221,0,141,241,8582,9979
78222,0,14,331,6087,7116
78223,0,333,1121,13086,14919
78224,0,41,122,4456,5067
78225,0,0,197,3396,3894
78226,8,33,51,1662,1954
78227,0,155,439,11316,12815
78228,0,365,938,14864,17139
78229,0,46,223,3309,3770
78230,0,44,652,9379,10837
78231,0,13,174,2652,3095
78232,0,78,627,9364,11022
78233,0,123,506,12939,15161
78234,0,6,53,1010,1152
78235,0,8,15,185,211
78236,0,7,46,791,881
78237,0,42,484,9120,10393
78238,0,129,287,6244,7097
78239,0,105,547,9055,10380
78240,0,126,591,10739,12374
78242,0,139,408,7307,8050
78244,0,51,234,8822,10073
78245,0,144,597,17421,20448
78247,0,53,720,14782,17293
78248,0,19,447,3809,4513
78249,0,193,949,12472,14593
78250,0,90,790,15272,17784
78251,0,0,407,12232,14457
78252,0,5,60,2326,2702
78253,0,0,686,10345,12012
78254,0,0,775,13758,16249
78255,0,6,391,2508,3079
78256,0,38,226,1789,2030
78257,0,34,214,2077,2404
78258,0,52,1247,10775,12730
78259,0,33,514,6834,8128
78260,0,0,883,7839,9167
78261,0,32,564,5324,6196
78263,0,1,13,156,183
78264,0,0,0,3,3
78266,0,37,340,2091,2518
78336,35,179,374,4573,4897
78358,0,1,6,87,93
78359,0,7,18,693,730
78362,0,0,49,1349,1459
78370,0,21,64,865,943
78373,0,0,181,3231,3440
78374,16,81,393,4817,5269
78380,0,41,396,5213,5714
78382,0,146,530,9264,10272
78387,0,82,297,2609,2865
78390,17,55,166,1968,2149
78401,0,45,102,1265,1397
78402,0,1,3,140,147
78404,0,63,361,5278,5622
78405,0,54,200,5031,5349
78406,0,0,0,210,218
78407,0,25,59,1278,1357
78408,0,30,104,4069,4322
78409,0,21,50,1212,1278
78410,0,44,487,8075,8588
78411,0,154,570,8353,8887
78412,11,159,379,5146,5393
78413,0,2,14,290,307
78415,0,300,791,11095,11778
78416,0,148,261,4577,4857
78417,0,3,31,1399,1457
78501,0,165,1116,16535,18017
78503,0,0,424,5644,6125
78504,0,0,775,15148,16285
78516,0,172,589,8139,8946
78520,0,199,741,10566,13028
78521,0,247,989,16056,20322
78526,0,21,415,8240,10222
78539,0,74,721,9454,10472
78541,0,104,316,4922,5358
78542,0,37,377,8402,9101
78572,0,456,1336,14824,16062
78573,0,200,494,9536,10376
78574,0,107,308,6089,6599
78577,0,468,1122,14015,15278
78589,0,158,305,9699,10477
78596,0,0,1,10,11
78602,0,23,123,1587,1912
78610,0,10,347,4302,4986
78613,0,93,1823,20639,22673
78617,0,7,31,674,748
78623,0,3,14,131,157
78626,0,0,3,49,53
78628,0,0,67,650,737
78634,0,0,200,4231,4594
78641,0,38,1242,10966,12297
78652,0,39,174,1534,1725
78653,0,0,7,149,166
78655,0,0,0,8,9
78660,0,157,1443,22716,25864
78664,0,162,893,14664,15963
78665,0,0,927,11043,12388
78666,0,312,839,10469,11752
78681,0,50,1540,14324,16265
78701,0,15,157,919,1071
78702,0,92,560,4895,5616
78703,0,11,785,4439,5197
78704,0,76,905,8194,9242
78705,0,170,439,1908,2157
78717,0,37,796,6187,7130
78719,0,0,19,665,731
78721,0,55,256,2598,2966
78722,0,24,177,1458,1655
78723,0,22,540,6235,7063
78724,0,16,67,1112,1230
78725,0,2,14,363,407
78726,0,23,303,2471,2815
78727,0,0,485,6591,7292
78728,0,30,279,4486,4910
78729,0,29,395,6515,7203
78730,0,16,363,2247,2591
78731,0,59,873,6167,7114
78732,0,0,2,8,9
78733,0,0,573,2552,3071
78735,0,5,532,3988,4562
78736,0,8,160,1687,1953
78737,0,0,156,798,916
78738,0,1,21,99,116
78739,0,22,1143,4302,5299
78741,0,148,401,4867,5372
78742,0,3,8,243,262
78744,0,117,400,8809,9668
78745,0,127,747,14106,15694
78746,0,28,1687,7416,8816
78747,0,0,225,5083,5724
78748,0,0,1081,12766,14328
78749,0,54,1104,9133,10408
78750,0,32,831,6795,7804
78751,0,28,207,2429,2699
78752,0,85,198,2754,3083
78753,0,105,478,8546,9473
78754,0,11,235,4846,5427
78756,0,11,232,1906,2125
78757,7,48,559,5963,6695
78758,0,300,679,7720,8673
78759,21,166,1047,8926,10108
79015,0,64,579,6095,6298
79101,0,23,50,1355,1370
79102,0,141,276,3355,3397
79103,19,181,247,3762,3816
79104,0,41,99,2701,2731
79106,0,286,685,9954,10097
79107,0,305,523,10678,10776
79108,0,70,189,4893,4963
79109,0,228,838,14913,15096
79110,16,73,219,7979,8052
79111,0,7,14,334,337
79118,44,184,428,8547,8669
79119,20,131,518,4794,4965
79121,0,27,152,2414,2469
79124,0,62,359,2910,3052
79363,0,11,39,491,505
79364,0,0,0,12,12
79382,0,0,3,40,41
79401,0,188,307,1727,1789
79403,0,141,346,4434,4493
79404,0,165,379,4443,4498
79407,0,153,428,5126,5227
79410,0,103,283,3592,3640
79411,0,89,190,2459,2512
79412,43,91,162,4716,4749
79413,0,184,592,7749,7941
79414,16,157,251,5168,5194
79415,19,186,348,4642,4699
79416,0,269,726,9561,9800
79423,27,283,1012,12985,13350
79424,85,272,1444,16304,16847
79504,0,10,45,934,951
79508,0,1,9,558,562
79510,0,17,83,2138,2164
79525,0,0,1,17,17
79536,0,6,61,1241,1258
79562,0,2,28,472,480
79563,0,3,10,563,568
79601,0,233,614,7550,7651
79602,0,141,625,9764,9976
79603,0,157,415,9024,9098
79605,0,157,393,10942,11122
79606,0,125,409,8152,8285
79607,0,4,18,620,626
79701,47,377,1037,11394,11606
79703,0,53,488,7326,7446
79705,0,218,1618,12248,12698
79706,0,93,1018,9826,10134
79707,114,548,1757,10791,11133
79758,0,2,19,139,144
79761,0,82,678,11439,11673
79762,56,376,1017,13446,13836
79763,61,305,834,9891,10054
79764,67,342,952,8000,8217
79765,0,73,504,5048,5174
79766,7,50,121,1140,1181
79901,76,272,1288,2142,2204
79902,112,564,3185,5380,5553
79903,113,344,3368,5852,5899
79904,28,383,5316,9146,9305
79905,159,526,3875,6761,6865
79906,14,49,839,1500,1512
79907,130,695,8124,14250,14395
79908,0,8,469,847,849
79911,1,10,114,196,199
79912,340,1339,11450,19423,19922
79915,166,698,6139,10894,11049
79922,30,264,1825,3190,3289
79924,269,646,9984,17723,17848
79925,154,558,6569,11689,11808
79927,14,30,377,651,659
79928,2,14,229,399,402
79930,144,363,4216,7450,7533
79932,132,401,3247,5548,5709
79934,46,140,1345,2375,2414
79935,61,195,2806,5024,5085
79936,0,1087,17489,31493,31877
79938,4,11,159,284,286
84003,0,704,10867,11180,11180
84004,0,252,1925,2039,2039
84006,0,1,35,36,36
84009,0,406,6796,7006,7006
84010,0,573,11361,11653,11653
84014,0,87,1809,1850,1850
84015,0,466,16967,17243,17243
84020,0,1033,11644,12142,12142
84025,0,245,4887,5002,5002
84037,0,770,9434,9746,9746
84040,0,346,6597,6780,6780
84041,0,399,12666,12872,12872
84042,0,160,2552,2617,2617
84043,0,759,13543,13805,13805
84044,0,167,7505,7581,7581
84045,0,0,1,1,1
84047,0,288,7440,7561,7561
84054,0,246,5002,5115,5115
84056,0,6,1062,1065,1065
84057,0,279,8355,8448,8448
84058,0,227,6582,6656,6656
84062,0,319,7080,7239,7239
84065,0,506,10299,10541,10541
84067,0,246,11612,11682,11694
84070,0,261,7526,7656,7656
84075,0,319,6644,6780,6780
84081,0,349,10735,10921,10921
84084,0,258,9812,9921,9921
84087,0,278,3893,4034,4034
84088,0,220,9402,9565,9565
84092,0,924,8176,8625,8625
84093,0,502,7107,7381,7381
84094,0,301,8210,8352,8352
84095,0,630,9238,9553,9553
84096,0,471,9785,10005,10005
84097,0,297,5493,5611,5611
84101,0,45,1127,1148,1148
84102,0,149,2843,2913,2916
84103,0,291,4861,5016,5016
84104,0,88,6249,6286,6286
84105,0,405,6526,6742,6742
84106,0,560,9392,9653,9653
84107,0,274,8183,8308,8308
84108,0,571,5357,5657,5657
84109,0,548,6668,6946,6946
84111,0,64,1662,1693,1693
84112,0,12,103,108,108
84115,0,234,6986,7071,7078
84116,0,245,7549,7656,7656
84117,0,432,6423,6649,6649
84118,0,260,18464,18557,18557
84119,0,297,11346,11437,11437
84120,0,281,12675,12777,12777
84121,0,691,11377,11729,11729
84123,0,231,9149,9242,9242
84124,0,379,5453,5657,5657
84128,0,99,7526,7594,7594
84129,0,23,710,721,721
84315,0,27,786,796,796
84318,0,34,877,892,892
84321,0,276,9357,9510,9510
84326,0,6,117,120,120
84332,0,75,2301,2338,2338
84335,0,61,2208,2242,2242
84339,0,0,4,4,4
84340,0,22,449,459,459
84341,0,147,4010,4092,4092
84401,0,317,9474,9619,9619
84403,0,475,9690,9888,9888
84404,0,492,15682,15872,15872
84405,0,320,8989,9144,9144
84414,0,359,7683,7816,7816
84532,0,184,3357,3404,3404
84535,0,0,4,4,4
84536,0,8,45,47,47
84601,0,208,6603,6697,6697
84604,0,238,5315,5418,5418
84606,0,167,4001,4066,4066
84660,0,190,6476,6581,6581
84663,0,187,6136,6229,6229
84664,0,81,943,978,978
84720,0,0,1,1,1
84737,0,18,407,411,411
84738,0,143,2484,2507,2507
84757,0,1,8,8,8
84758,0,0,25,25,25
84763,0,0,6,6,6
84764,0,4,126,127,127
84765,0,88,2069,2092,2092
84767,0,3,69,70,70
84770,0,481,12229,12340,12340
84775,0,0,17,17,17
84776,0,4,200,201,201
84779,0,0,4,4,4
84780,0,183,3476,3507,3507
84790,0,713,12812,12981,12981
20120,0,0,8,16,32
20121,0,0,0,3,11
20124,0,0,0,0,0
20147,0,0,1,1,1
20148,0,0,0,0,0
20151,0,0,0,5,11
20152,0,0,0,3,3
20164,8,32,44,52,52
20166,0,0,0,7,11
20170,0,0,0,0,8
20171,9,9,9,18,27
20190,7,9,13,17,17
20191,0,0,0,0,3
20194,0,0,0,0,2
22003,0,0,0,0,11
22015,12,12,24,29,35
22027,0,0,0,0,0
22030,0,0,0,0,0
22031,0,0,0,0,0
22032,0,0,0,8,12
22033,0,0,0,0,6
22039,0,0,0,0,0
22042,0,0,0,0,0
22043,0,0,0,3,8
22046,0,0,0,0,0
22066,0,0,0,0,0
22101,0,0,0,0,0
22102,0,0,0,2,7
22124,0,0,0,0,0
22150,0,0,0,0,0
22151,0,0,0,0,0
22152,0,0,0,0,0
22153,0,0,1,3,4
22180,0,0,9,13,18
22181,0,0,0,0,2
22182,0,0,0,0,32
22201,0,0,0,0,1
22202,0,0,0,0,1
22209,0,0,0,0,0
22314,0,0,0,0,0
22601,0,23,69,108,139
22602,0,0,0,15,25
22603,0,0,2,15,23
22620,0,0,0,0,0
22624,0,0,0,1,1
22630,0,0,0,0,0
22655,0,0,0,0,0
22656,0,0,0,2,4
22663,0,0,0,0,1
22801,0,0,0,8,66
22802,0,0,22,59,86
22812,0,0,0,0,0
22821,0,0,0,0,1
22827,0,0,0,0,0
22831,0,0,0,0,0
22832,0,0,0,0,0
22841,0,0,2,4,5
22846,0,0,0,0,0
22901,0,0,18,24,31
22902,0,0,0,0,0
22903,0,0,0,35,105
22911,0,0,0,0,0
22936,0,0,0,0,2
22939,0,0,1,2,2
22940,0,0,0,0,0
22947,0,0,0,0,0
22952,0,0,0,0,2
22980,0,0,0,0,0
23005,0,0,4,23,31
23030,0,0,0,0,0
23059,0,0,0,0,0
23060,0,0,0,0,29
23069,0,0,0,0,1
23075,0,0,0,6,25
23103,0,1,4,4,4
23111,0,0,0,0,0
23112,16,33,33,33,33
23113,0,0,0,0,0
23114,0,0,0,0,0
23116,0,0,0,0,0
23120,0,0,0,0,0
23146,0,0,0,0,0
23150,0,0,8,11,13
23219,0,0,0,4,18
23220,0,0,0,66,198
23221,0,0,4,8,12
23222,0,0,0,28,98
23223,0,0,0,0,79
23224,0,0,63,164,250
23225,0,0,13,33,60
23226,0,0,0,0,8
23227,0,0,0,22,38
23228,0,0,58,99,132
23229,0,0,6,6,17
23230,0,0,5,19,37
23231,0,0,32,129,161
23233,0,0,0,0,0
23234,0,0,0,19,95
23235,0,0,0,5,15
23236,0,0,0,0,14
23237,0,0,6,32,32
23238,0,0,0,0,0
23294,0,0,10,26,36
23314,0,0,0,0,0
23320,0,15,120,225,285
23321,0,0,0,20,40
23322,0,0,0,108,155
23323,0,0,0,0,0
23324,0,0,0,6,43
23325,0,0,0,5,24
23432,0,0,0,0,0
23433,0,0,0,0,0
23434,0,0,14,68,109
23435,0,0,0,17,70
23436,0,0,0,0,1
23451,0,0,20,41,92
23452,0,0,83,153,194
23453,0,0,0,0,82
23454,0,0,0,0,0
23455,0,0,0,0,27
23456,17,35,69,104,121
23457,0,0,0,0,0
23462,0,0,0,33,166
23464,0,0,0,0,0
23502,0,0,18,41,58
23503,0,0,0,55,131
23504,0,0,0,0,74
23505,0,0,0,0,0
23507,0,0,11,34,46
23508,0,0,0,38,69
23509,0,0,11,33,40
23510,0,0,0,1,13
23511,0,0,0,0,0
23513,0,7,79,94,108
23517,0,1,2,5,5
23518,0,0,8,39,70
23523,0,0,8,60,93
23601,0,0,0,7,45
23602,0,0,0,0,9
23603,0,0,0,0,0
23604,0,0,0,0,5
23605,0,0,0,30,57
23606,0,0,0,30,74
23607,0,41,131,193,282
23608,0,0,0,0,17
23651,0,0,1,1,1
23661,0,0,0,15,66
23662,0,21,29,33,42
23663,0,0,0,0,35
23664,0,0,0,0,0
23665,0,0,0,0,1
23666,0,0,0,57,113
23669,0,0,0,0,94
23692,0,0,0,0,8
23693,0,0,0,0,0
23696,0,0,0,2,4
23701,0,0,0,39,117
23702,0,0,0,0,36
23703,0,13,54,81,107
23704,0,0,32,102,193
23707,0,0,0,75,100
23801,0,0,1,9,9
23803,0,0,41,96,246
23805,0,0,0,0,0
23831,0,0,0,46,74
23832,0,0,54,86,109
23834,0,0,0,26,70
23836,0,0,0,0,0
23838,0,0,0,0,0
23842,0,0,0,1,1
23860,0,0,0,51,161
23875,0,0,0,0,3
23885,0,0,0,0,0
24011,0,0,0,0,2
24012,0,0,0,81,161
24013,0,0,0,13,39
24014,0,0,0,0,10
24015,0,0,0,0,0
24016,0,0,8,28,51
24017,0,0,0,0,37
24018,0,0,0,11,43
24019,0,0,0,0,0
24060,0,0,0,0,80
24073,0,0,0,9,26
24077,0,0,0,0,0
24101,0,0,0,0,0
24149,0,0,0,0,0
24153,0,0,0,0,34
24175,0,0,0,0,1
24179,0,0,0,0,0
24251,0,0,0,3,14
24258,0,0,0,0,1
24290,0,0,0,2,11
24366,0,0,0,0,0
24401,0,0,0,0,0
24431,0,0,0,0,1
24437,0,0,0,0,0
24440,0,0,0,0,0
24441,0,0,0,0,0
24467,0,0,0,1,3
24471,0,0,0,0,0
24477,0,0,0,0,2
24482,2,2,2,3,3
24486,0,0,0,0,0
24501,0,0,27,126,189
24502,0,0,0,47,130
24503,0,0,0,0,16
24504,0,0,14,49,79
24527,0,0,0,0,0
24538,0,0,0,0,1
24540,0,0,0,35,99
24541,0,0,0,21,55
24550,0,0,0,1,1
24551,0,0,0,0,8
24572,0,0,2,10,21
24586,0,0,0,1,2
24588,0,0,4,6,10
24605,0,0,0,8,16
24613,0,0,0,0,0
24635,0,0,0,1,5
5401,94,2232,5179,5226,5226
5403,38,1877,4214,4222,4222
5404,0,655,1545,1551,1551
5408,4,945,2156,2173,2173
5446,6,379,882,887,887
5452,0,1460,3469,3486,3486
5482,0,9,19,19,19
5495,2,790,1806,1821,1821
98001,0,0,0,0,23
98002,0,0,0,18,80
98003,0,0,0,20,88
98004,0,0,6,23,53
98005,0,0,0,0,0
98006,0,0,21,73,73
98007,0,0,0,4,11
98008,0,0,0,0,18
98010,0,0,0,0,0
98011,0,0,0,23,29
98012,0,0,0,0,0
98014,0,0,0,0,0
98019,0,0,0,0,9
98020,0,0,0,0,0
98021,0,0,0,18,26
98022,0,0,0,16,41
98023,0,0,0,38,103
98024,0,0,5,17,26
98026,0,0,0,0,0
98027,0,0,5,15,39
98028,0,0,17,46,63
98029,0,0,0,0,6
98030,0,0,7,37,52
98031,0,0,0,41,102
98032,0,0,0,39,69
98033,0,0,0,18,37
98034,0,0,0,0,54
98036,0,0,0,0,20
98037,0,0,0,0,34
98038,0,0,0,0,0
98039,0,0,0,0,0
98040,0,0,0,6,72
98042,0,0,0,12,12
98043,0,0,0,0,15
98045,0,0,0,0,1
98047,0,0,2,4,10
98051,0,0,0,0,2
98052,0,0,0,0,49
98053,0,0,0,0,12
98055,0,0,11,33,81
98056,0,0,0,0,64
98057,0,0,0,0,18
98058,0,0,0,0,115
98059,0,0,0,21,31
98065,0,0,0,0,0
98070,0,0,0,0,24
98072,0,0,0,0,0
98074,0,0,0,0,12
98075,0,0,0,0,5
98077,0,0,0,0,3
98087,0,0,0,0,36
98092,0,0,39,65,77
98101,0,0,0,0,0
98102,0,0,0,6,23
98103,0,0,0,0,0
98104,0,0,0,0,1
98105,0,0,0,0,49
98106,0,0,0,0,68
98107,0,0,0,0,21
98108,0,0,0,0,0
98109,0,0,0,13,19
98110,0,0,0,13,32
98112,0,0,5,22,33
98115,0,0,0,0,39
98116,0,0,0,0,0
98117,0,0,0,0,33
98118,0,0,0,0,69
98119,0,0,0,0,0
98121,0,0,0,1,2
98122,0,0,0,11,62
98125,0,0,0,0,0
98126,0,0,0,13,39
98133,0,0,0,0,60
98134,0,0,0,1,4
98136,0,0,0,0,15
98144,0,0,0,0,43
98146,0,0,0,0,39
98148,0,0,0,2,14
98155,0,15,31,39,62
98164,0,0,0,0,0
98166,0,0,0,7,93
98168,0,0,0,35,70
98177,0,0,0,0,0
98178,0,0,0,0,112
98188,0,0,12,23,46
98198,0,0,0,0,35
98199,0,0,0,6,26
98201,0,0,0,0,0
98203,0,0,0,10,31
98204,0,0,0,7,74
98208,0,0,0,0,0
98221,0,0,0,0,1
98223,0,0,0,0,36
98225,0,0,0,0,62
98226,0,0,0,0,69
98229,0,0,0,0,7
98232,0,0,1,1,1
98233,0,0,0,4,26
98258,0,0,0,0,56
98270,0,0,0,0,0
98271,0,0,0,6,19
98272,0,0,0,7,20
98273,0,0,0,0,7
98274,0,0,0,16,27
98275,0,0,0,0,0
98277,0,0,0,0,39
98284,0,0,0,0,9
98290,0,0,0,0,0
98294,0,0,0,0,3
98296,0,0,0,0,36
98310,0,0,0,0,48
98311,0,0,0,0,0
98312,0,0,0,8,70
98314,0,0,0,0,0
98315,0,0,0,0,0
98321,0,0,0,0,0
98323,0,0,0,0,0
98327,0,0,0,0,32
98332,0,0,0,0,8
98333,0,0,0,0,0
98335,0,0,0,0,8
98337,0,0,0,9,20
98338,0,0,0,0,0
98345,0,0,0,0,0
98354,0,0,0,4,11
98359,0,0,0,0,2
98360,0,0,0,0,0
98366,0,0,0,0,68
98367,0,0,0,0,40
98370,0,2,3,11,14
98371,0,0,0,0,8
98372,0,0,0,0,0
98373,0,7,14,14,42
98374,0,0,0,11,23
98375,0,0,36,80,107
98383,0,0,0,13,22
98385,0,0,0,0,0
98387,0,0,0,0,14
98388,0,0,0,0,0
98390,0,0,0,4,13
98391,0,0,15,46,76
98402,0,0,0,0,0
98403,0,0,0,0,11
98404,0,0,0,0,11
98405,0,0,0,0,0
98406,0,0,0,0,15
98407,0,0,0,0,0
98408,0,0,0,0,0
98409,0,0,0,0,30
98418,0,0,0,0,11
98422,0,0,0,0,15
98424,0,0,0,0,0
98433,0,0,0,0,0
98439,0,0,0,2,9
98443,0,0,0,0,13
98444,0,0,0,0,68
98445,0,0,0,0,31
98446,0,0,0,0,0
98465,0,0,0,0,0
98466,0,0,0,0,0
98467,0,0,0,0,22
98498,0,0,0,0,0
98499,0,0,0,7,50
98501,0,0,0,0,40
98502,0,0,0,0,72
98503,0,0,0,10,94
98506,0,0,0,0,17
98512,0,0,0,0,0
98513,0,0,0,9,37
98516,0,0,0,0,19
98604,0,0,0,9,27
98606,0,0,0,0,0
98607,0,0,0,0,29
98611,0,0,0,0,1
98626,0,0,0,0,0
98629,0,0,0,0,0
98632,0,0,24,36,97
98642,0,0,0,0,0
98660,0,0,0,0,25
98661,0,0,0,23,69
98662,0,0,0,0,52
98663,0,0,0,0,10
98664,0,0,0,7,13
98665,0,0,0,0,16
98671,0,0,0,0,6
98682,0,0,0,17,99
98683,0,0,0,0,0
98684,0,0,0,0,8
98685,0,0,0,0,0
98686,0,0,0,0,0
98801,0,0,0,56,168
98802,0,0,0,19,102
98828,0,0,0,0,0
98837,0,0,0,41,183
98901,0,0,0,10,72
98902,0,0,27,67,214
98903,0,0,0,0,0
98908,0,0,0,0,36
98922,0,0,0,0,0
98926,0,0,0,0,81
98937,0,0,0,0,1
98942,0,0,18,46,78
99004,0,0,0,0,17
99005,0,0,0,1,1
99016,0,0,12,47,64
99019,0,0,0,3,6
99021,3,3,5,8,8
99023,0,0,0,0,0
99025,0,0,0,0,0
99026,0,0,0,0,5
99027,0,0,0,0,0
99036,0,0,0,0,0
99037,0,0,5,24,33
99201,0,0,0,0,57
99202,0,0,0,62,123
99203,0,0,0,0,24
99204,0,0,0,0,0
99205,0,0,30,46,183
99206,0,0,0,11,101
99207,0,0,0,0,106
99208,0,0,0,44,147
99212,0,0,0,0,31
99216,0,14,36,72,87
99217,0,0,0,15,99
99218,0,0,0,0,6
99223,0,0,0,0,26
99224,0,0,0,18,31
99301,0,22,86,194,517
99320,0,0,0,0,2
99323,0,0,2,2,7
99336,0,27,68,162,311
99337,0,0,0,0,102
99338,0,0,10,20,99
99352,0,0,0,0,60
99353,0,0,4,26,100
99354,0,0,0,22,87
99403,0,0,0,0,58
