zip,panels_1_years_3000_incentive,panels_2_years_3000_incentive,panels_3_years_3000_incentive,panels_4_years_3000_incentive,panels_5_years_3000_incentive
99501,0,0,0,0,0
99502,0,0,0,0,0
99503,0,0,0,0,0
99504,0,0,0,8,15
99506,0,0,0,4,7
99507,0,0,0,0,0
99508,0,0,0,0,0
99515,0,0,0,11,16
99516,0,0,0,0,0
99517,0,0,0,0,0
99518,0,0,0,0,0
99701,0,0,0,0,0
99703,0,0,0,0,0
99709,0,0,0,0,20
99712,0,0,0,0,0
35004,0,0,0,0,0
35005,15,15,15,15,15
35007,55,55,55,55,55
35014,0,0,0,0,0
35020,132,132,132,132,132
35022,27,27,27,27,27
35023,42,42,42,42,42
35040,18,18,18,18,18
35043,0,0,0,0,0
35044,0,0,0,0,0
35051,0,0,0,0,0
35055,127,127,127,127,127
35057,1,1,1,1,1
35058,0,0,0,0,0
35061,1,1,1,1,1
35064,25,25,25,25,25
35068,2,2,2,2,2
35071,0,0,0,0,0
35072,0,0,0,0,0
35073,0,0,0,0,0
35077,4,4,4,4,4
35080,0,0,0,0,0
35094,0,0,0,0,0
35096,1,1,1,1,1
35111,11,11,11,11,11
35114,6,6,6,6,6
35115,3,3,3,3,3
35116,0,0,0,0,0
35117,33,33,33,33,33
35118,0,0,0,0,0
35124,54,54,54,54,54
35126,14,14,14,14,14
35127,0,0,0,0,0
35147,7,7,7,7,7
35150,66,66,66,66,66
35151,0,0,0,0,0
35160,15,15,15,15,15
35173,0,0,0,0,0
35176,1,1,1,1,1
35179,2,2,2,2,2
35184,0,0,0,0,0
35188,0,0,0,0,0
35203,15,15,15,15,15
35204,111,111,111,111,111
35205,40,40,40,40,40
35206,66,66,66,66,66
35207,90,90,90,90,90
35208,49,49,49,49,49
35209,14,14,14,14,14
35210,16,16,16,16,16
35211,177,177,177,177,177
35212,149,149,149,149,149
35213,32,32,32,32,32
35214,31,31,31,31,31
35215,287,287,287,287,287
35216,34,34,34,34,34
35217,125,125,125,125,125
35218,75,75,75,75,75
35221,50,50,50,50,50
35222,5,5,5,5,5
35223,15,15,15,15,15
35224,31,31,31,31,31
35226,69,69,69,69,69
35228,79,79,79,79,79
35233,32,32,32,32,32
35234,33,33,33,33,33
35235,0,0,0,0,0
35242,63,63,63,63,63
35243,0,0,0,0,0
35244,27,27,27,27,27
35401,422,422,422,422,422
35404,169,169,169,169,169
35405,183,183,183,183,183
35406,63,63,63,63,63
35444,0,0,0,0,0
35452,0,0,0,0,0
35453,12,12,12,12,12
35456,7,7,7,7,7
35463,0,0,0,0,0
35473,0,0,0,0,0
35474,0,0,0,0,0
35475,2,2,2,2,2
35476,67,67,67,67,67
35490,1,1,1,1,1
35601,53,53,53,53,53
35603,0,0,0,0,0
35611,52,52,52,52,52
35613,0,0,0,0,0
35614,0,0,0,0,0
35616,0,0,0,0,0
35630,62,62,62,62,62
35633,0,0,0,0,0
35634,0,0,0,0,0
35645,0,0,0,0,0
35660,20,20,20,20,20
35661,66,66,66,66,66
35671,0,0,0,0,0
35673,0,0,0,0,0
35674,0,0,0,0,0
35741,0,0,0,0,0
35748,0,0,0,0,0
35749,9,9,9,9,9
35750,0,0,0,0,0
35754,0,0,0,0,0
35756,6,6,6,6,6
35757,53,53,53,53,53
35758,139,139,139,139,139
35759,9,9,9,9,9
35761,8,8,8,8,8
35763,0,0,0,0,0
35773,1,1,1,1,1
35775,1,1,1,1,1
35801,19,19,19,19,19
35802,0,0,0,0,0
35803,20,20,20,20,20
35805,27,27,27,27,27
35806,0,0,0,0,0
35808,0,0,0,0,0
35810,0,0,0,0,0
35811,0,0,0,0,0
35816,112,112,112,112,112
35824,0,0,0,0,0
35901,36,36,36,36,36
35903,25,25,25,25,25
35904,29,29,29,29,29
35905,0,0,0,0,0
35906,0,0,0,0,0
35950,21,21,21,21,21
35951,9,9,9,9,9
35954,25,25,25,25,25
35956,1,1,1,1,1
35957,33,33,33,33,33
35976,11,11,11,11,11
35980,0,0,0,0,0
36020,7,7,7,7,7
36022,10,10,10,10,10
36025,13,13,13,13,13
36043,1,1,1,1,1
36054,37,37,37,37,37
36064,0,0,0,0,0
36066,12,12,12,12,12
36067,94,94,94,94,94
36079,0,0,0,0,0
36081,56,56,56,56,56
36092,9,9,9,9,9
36093,7,7,7,7,7
36104,94,94,94,94,94
36105,16,16,16,16,16
36106,0,0,0,0,0
36107,33,33,33,33,33
36108,190,190,190,190,190
36109,99,99,99,99,99
36110,59,59,59,59,59
36111,61,61,61,61,61
36112,0,0,0,0,0
36113,0,0,0,0,0
36115,0,0,0,0,0
36116,89,89,89,89,89
36117,189,189,189,189,189
36201,71,71,71,71,71
36203,54,54,54,54,54
36205,3,3,3,3,3
36206,19,19,19,19,19
36207,46,46,46,46,46
36250,0,0,0,0,0
36260,0,0,0,0,0
36265,23,23,23,23,23
36268,2,2,2,2,2
36277,2,2,2,2,2
36301,128,128,128,128,128
36303,109,109,109,109,109
36305,37,37,37,37,37
36312,0,0,0,0,0
36321,0,0,0,0,0
36322,11,11,11,11,11
36330,92,92,92,92,92
36345,18,18,18,18,18
36350,4,4,4,4,4
36351,0,0,0,0,0
36360,83,83,83,83,83
36362,11,11,11,11,11
36376,0,0,0,0,0
36509,13,13,13,13,13
36511,0,0,0,0,0
36523,2,2,2,2,2
36526,0,0,0,0,0
36527,36,36,36,36,36
36530,1,1,1,1,1
36532,108,108,108,108,108
36535,100,100,100,100,100
36541,9,9,9,9,9
36542,0,0,0,0,0
36544,28,28,28,28,28
36551,10,10,10,10,10
36555,3,3,3,3,3
36561,10,10,10,10,10
36567,24,24,24,24,24
36571,59,59,59,59,59
36572,6,6,6,6,6
36575,6,6,6,6,6
36576,4,4,4,4,4
36580,20,20,20,20,20
36582,131,131,131,131,131
36587,4,4,4,4,4
36602,4,4,4,4,4
36603,84,84,84,84,84
36604,73,73,73,73,73
36605,92,92,92,92,92
36606,37,37,37,37,37
36607,64,64,64,64,64
36608,120,120,120,120,120
36609,123,123,123,123,123
36610,144,144,144,144,144
36611,70,70,70,70,70
36612,27,27,27,27,27
36613,47,47,47,47,47
36617,14,14,14,14,14
36618,57,57,57,57,57
36619,53,53,53,53,53
36693,60,60,60,60,60
36695,237,237,237,237,237
36752,0,0,0,0,0
36801,47,47,47,47,47
36804,29,29,29,29,29
36830,191,191,191,191,191
36832,74,74,74,74,74
36856,0,0,0,0,0
36867,174,174,174,174,174
36869,170,170,170,170,170
36870,47,47,47,47,47
36875,0,0,0,0,0
36877,17,17,17,17,17
36879,0,0,0,0,0
71601,62,309,446,3593,6678
71602,0,49,283,3251,6035
71603,0,151,780,6717,12265
71837,0,0,0,3,6
71854,0,466,788,6314,11697
71901,0,67,284,2554,5931
71913,0,91,437,4133,9973
71956,0,0,0,3,8
71964,0,1,2,44,118
71968,0,0,1,16,43
72002,19,37,178,1716,3629
72007,0,21,85,896,1742
72011,0,0,17,181,381
72012,0,31,118,1681,3431
72015,0,109,405,4647,9768
72019,0,28,279,2715,5464
72022,0,16,136,2502,5385
72023,0,0,345,5772,11771
72065,0,3,9,79,158
72068,0,0,0,7,15
72076,0,132,552,5508,11783
72081,0,2,9,164,337
72082,0,3,5,126,262
72086,0,5,60,771,1479
72103,0,19,91,1395,3104
72113,0,14,277,3162,6759
72114,0,148,355,1851,3837
72116,0,72,285,2412,5053
72117,0,112,347,2695,5496
72118,0,50,251,2817,6142
72120,0,57,341,4351,9251
72135,0,0,17,129,263
72142,0,13,43,372,742
72143,0,84,209,2882,5865
72167,0,0,1,5,11
72176,0,21,86,1048,2068
72201,0,17,57,292,589
72202,0,89,210,1355,2779
72204,0,127,427,3517,7311
72205,0,42,305,2347,5125
72206,0,261,662,4039,8505
72207,5,30,219,1139,2367
72209,0,219,355,2995,6357
72210,0,46,118,1589,3509
72211,0,0,268,2484,5225
72212,0,14,354,1750,3351
72223,0,27,529,2546,5075
72227,0,63,218,1154,2308
72364,0,0,1,12,26
72376,0,0,0,1,2
72401,195,519,1071,8002,15875
72404,0,63,281,3446,6899
72411,0,0,0,17,36
72416,3,12,25,292,592
72417,0,0,0,29,63
72701,102,510,927,7415,8248
72703,0,97,502,6636,7318
72704,6,153,446,5673,6176
72712,32,192,1293,9659,10343
72718,0,5,37,323,366
72719,0,36,202,2405,2681
72730,0,17,45,1285,1440
72745,12,25,67,2251,2449
72753,0,0,0,1,1
72756,0,40,245,3821,6523
72758,0,96,656,7720,8534
72762,0,293,726,10835,11480
72764,0,234,604,11416,12143
72774,0,0,0,1,2
72801,0,111,315,2878,5424
72802,0,10,95,1302,2460
72834,1,18,42,579,1082
72837,0,0,0,8,16
72847,0,5,9,100,188
72858,0,3,15,166,309
72901,36,150,272,5173,7074
72903,0,91,390,6115,8139
72904,0,179,390,4558,6286
72908,0,10,144,3471,4892
72916,0,46,235,1691,2337
72921,0,1,16,249,354
72923,0,10,50,1203,1639
72941,0,0,5,83,114
72956,64,246,459,7463,10505
85003,0,269,2178,2223,2227
85004,0,229,1575,1625,1627
85006,0,536,6899,7047,7047
85007,0,411,4799,4872,4877
85008,0,454,10481,10555,10555
85009,121,634,13307,13482,13482
85012,0,314,2175,2224,2228
85013,0,496,5532,5622,5627
85014,13,480,6553,6660,6660
85015,0,578,8158,8224,8240
85016,20,1034,9916,10149,10149
85017,0,483,7785,7912,7912
85018,0,1739,11580,11926,11926
85019,0,350,6640,6721,6727
85020,0,846,10334,10439,10449
85021,9,611,9121,9242,9242
85022,0,946,14832,15027,15027
85023,0,574,9770,9889,9889
85024,0,625,7594,7702,7709
85027,0,724,11900,12057,12057
85028,0,991,7969,8123,8123
85029,12,707,11989,12184,12184
85031,0,214,6853,6908,6915
85032,0,1333,20615,20823,20823
85033,0,518,12213,12312,12324
85034,0,356,3087,3163,3166
85035,0,289,9555,9612,9622
85037,65,637,12882,13012,13012
85040,0,600,9337,9499,9508
85041,0,965,17629,17897,17897
85042,0,782,12377,12604,12604
85043,10,483,9883,10034,10034
85044,0,1020,12310,12574,12574
85045,5,390,2206,2320,2320
85048,0,1411,11240,11587,11599
85050,0,1763,10353,10695,10695
85051,0,417,11146,11270,11270
85053,0,513,8911,9010,9010
85054,13,142,1301,1329,1329
85083,19,992,6166,6363,6363
85085,0,446,4079,4163,4167
85118,19,358,6107,6175,6175
85119,0,472,9905,10046,10046
85120,0,582,14064,14192,14206
85132,0,212,3273,3316,3316
85140,0,693,10487,10647,10658
85142,0,2002,19920,20411,20411
85143,40,571,13113,13272,13272
85201,0,427,10311,10395,10405
85202,0,398,9160,9272,9272
85203,0,575,10068,10263,10263
85204,0,671,16592,16794,16794
85205,0,863,16677,16914,16914
85206,0,618,14613,14701,14716
85207,0,1772,18601,19077,19077
85208,0,491,15606,15812,15812
85209,16,957,15955,16214,16230
85210,0,484,8820,8945,8963
85212,0,708,7272,7451,7451
85213,57,997,11188,11486,11486
85215,42,761,8158,8367,8367
85224,0,700,13526,13732,13732
85225,0,994,20045,20288,20288
85226,0,1228,12353,12644,12657
85233,26,1013,12560,12829,12829
85234,0,1648,16115,16462,16478
85248,32,1792,15660,16012,16012
85249,0,2751,15396,16120,16120
85250,73,788,7123,7298,7298
85251,0,1057,10344,10534,10534
85253,0,2232,7951,8378,8378
85254,0,2279,16154,16653,16653
85255,69,3405,16746,17265,17265
85256,0,194,1764,1793,1794
85257,0,799,9337,9518,9518
85258,0,1783,10183,10563,10563
85259,0,1584,8310,8602,8602
85260,26,1463,12498,12794,12794
85262,19,1532,5955,6255,6255
85266,0,1495,6546,6870,6870
85268,0,1110,10133,10393,10393
85281,54,975,10619,10847,10847
85282,0,851,14685,14879,14909
85283,12,856,11792,12045,12045
85284,0,1178,6916,7234,7234
85286,0,1378,13170,13494,13494
85295,27,1391,13125,13503,13503
85296,0,1318,14266,14647,14647
85297,0,1305,10196,10533,10533
85298,0,1691,12191,12607,12607
85301,0,738,12721,12941,12954
85302,0,635,10598,10759,10759
85303,0,292,8768,8839,8848
85304,0,532,8647,8717,8726
85305,0,159,3236,3255,3255
85306,0,379,7976,8073,8073
85307,0,93,2908,2917,2917
85308,69,1907,22607,22998,22998
85310,0,915,7397,7563,7563
85323,0,554,11497,11566,11566
85326,0,514,15071,15147,15147
85329,1,10,152,154,154
85331,29,2309,13971,14462,14462
85335,0,512,10783,10892,10892
85338,0,715,12200,12361,12361
85339,14,959,13242,13485,13485
85340,0,846,9908,10059,10059
85345,135,865,18976,19226,19226
85350,0,13,218,221,221
85351,34,848,16782,16969,16969
85353,0,525,10631,10717,10717
85355,0,334,4014,4075,4075
85363,0,83,2226,2244,2246
85364,0,1351,19880,20142,20162
85365,0,929,13839,14092,14092
85367,26,537,8557,8661,8661
85373,0,499,8813,8902,8902
85374,55,1260,18047,18266,18266
85375,0,786,16902,17056,17056
85377,0,40,226,233,234
85378,0,182,3405,3436,3439
85379,0,853,14297,14456,14456
85381,0,642,8318,8437,8437
85382,15,1135,14721,14900,14915
85383,0,2386,17524,17937,17937
85387,0,160,3548,3570,3570
85388,19,612,9127,9266,9266
85392,0,638,11051,11197,11197
85395,11,1372,11074,11335,11335
85396,0,275,3215,3278,3278
85607,0,664,5683,5764,5764
85621,0,198,3162,3240,3240
85626,0,20,108,111,111
85648,0,79,2230,2252,2254
85658,0,345,3399,3454,3454
85701,0,217,1859,1905,1907
85704,70,928,11573,11761,11761
85705,46,1201,14909,15183,15183
85706,0,670,12764,12919,12919
85708,0,18,662,665,666
85710,0,889,16879,17067,17084
85711,0,862,13341,13463,13476
85712,31,552,10088,10211,10211
85713,0,858,13672,13852,13852
85714,0,259,4922,4967,4972
85715,0,530,7149,7272,7272
85716,22,766,10623,10785,10785
85718,46,1917,11056,11421,11421
85719,0,1057,11777,11969,12005
85730,13,537,12681,12770,12770
85735,0,7,195,196,196
85736,0,1,15,15,15
85737,24,791,7968,8148,8148
85739,0,7,74,75,75
85741,0,420,11306,11352,11363
85742,10,884,9910,10041,10051
85743,0,150,2175,2204,2204
85745,0,1253,12389,12630,12642
85746,0,605,12465,12579,12591
85747,8,575,8239,8339,8339
85748,0,545,7548,7671,7671
85749,17,1103,8312,8474,8474
85750,20,1525,9976,10232,10232
85755,0,771,7318,7414,7421
85756,0,329,7256,7315,7315
85757,2,143,2232,2266,2268
85901,24,189,3880,3927,3927
85929,8,127,1925,1948,1948
86001,118,936,8263,8432,8432
86004,28,601,6774,6905,6905
86005,0,4,54,55,55
86011,0,3,17,17,17
86040,0,146,2571,2607,2607
86301,0,572,9978,10028,10028
86303,0,471,4503,4571,4581
86305,16,475,5152,5215,5215
86314,0,660,13402,13482,13482
86315,7,86,1735,1750,1750
86323,0,117,3526,3547,3551
86325,0,1,13,13,13
86327,0,146,2126,2147,2147
86329,0,0,109,109,109
86336,63,743,6866,7013,7013
86351,17,172,1833,1872,1872
86403,0,363,8741,8865,8874
86404,0,377,7449,7532,7532
86406,0,654,11366,11447,11470
86434,0,0,1,1,1
90001,0,432,9680,9827,9827
90002,0,480,8287,8422,8422
90003,0,713,11511,11674,11674
90004,0,522,6484,6610,6610
90005,0,125,1709,1735,1737
90006,0,230,4452,4501,4501
90007,0,429,3907,4015,4015
90008,0,562,5977,6093,6093
90010,0,32,299,305,305
90011,0,513,12619,12798,12798
90012,0,122,1572,1596,1599
90013,0,86,535,557,557
90014,0,35,229,238,238
90015,0,212,1663,1706,1709
90016,0,706,9080,9285,9285
90017,0,56,551,562,562
90018,0,605,8133,8290,8290
90019,74,956,10370,10625,10625
90020,0,119,1576,1606,1606
90021,0,235,1564,1623,1623
90022,44,481,10822,10942,10942
90023,0,274,7337,7411,7426
90024,0,533,3480,3633,3633
90025,5,622,4594,4746,4746
90026,0,992,9692,9900,9900
90027,0,735,6439,6618,6618
90028,0,179,2064,2112,2112
90029,0,231,3679,3724,3724
90031,0,377,5707,5800,5800
90032,0,532,7980,8169,8169
90033,0,316,6222,6297,6310
90034,0,593,6821,6967,6967
90035,16,664,5130,5311,5311
90036,0,664,5386,5541,5541
90037,0,443,8273,8349,8365
90038,0,224,3137,3198,3198
90039,0,947,6902,7161,7161
90040,0,201,3245,3308,3308
90041,0,664,5522,5675,5675
90042,0,727,9374,9565,9565
90043,0,1170,11585,11931,11943
90044,0,1104,15063,15354,15354
90045,0,1450,10128,10572,10583
90046,0,772,6651,6850,6850
90047,0,929,12647,12879,12905
90048,0,714,4445,4611,4611
90049,0,1550,7833,8210,8210
90056,0,392,2497,2615,2615
90057,0,92,1411,1439,1439
90058,0,110,2083,2112,2112
90059,0,483,6867,6965,6979
90061,0,505,5682,5810,5810
90062,0,475,6477,6589,6589
90063,0,302,9054,9145,9145
90064,0,1124,6747,7035,7035
90065,0,1113,8993,9271,9271
90066,0,1585,11127,11494,11494
90067,0,33,205,212,212
90068,0,669,4542,4683,4683
90069,0,485,3299,3415,3415
90077,0,750,2740,2928,2928
90094,0,69,340,355,355
90201,0,383,13039,13171,13171
90210,0,1590,6491,6876,6876
90211,0,289,1660,1729,1729
90212,0,353,2012,2076,2076
90220,0,643,11310,11482,11505
90221,0,510,10085,10217,10217
90222,0,382,6595,6709,6709
90230,0,891,5954,6209,6209
90232,0,614,3965,4114,4114
90240,0,549,6295,6457,6457
90241,0,423,8904,8994,9003
90242,0,455,8279,8423,8423
90245,5,738,4864,5125,5125
90247,0,520,9135,9293,9293
90248,0,325,4196,4282,4282
90249,0,528,6973,7137,7137
90250,0,938,16203,16450,16450
90254,0,890,4846,5107,5107
90255,0,425,9788,9887,9887
90260,0,325,7632,7740,7740
90262,0,411,10715,10812,10812
90265,0,1233,5573,5935,5935
90266,0,2307,10631,11396,11396
90270,0,126,3465,3503,3503
90272,0,1900,7085,7693,7693
90274,0,2009,8602,9123,9123
90275,0,2514,13255,13995,13995
90277,0,992,8086,8405,8405
90278,0,1576,10383,10850,10850
90280,0,628,15156,15310,15325
90290,0,279,1540,1626,1626
90291,0,1116,6430,6691,6691
90292,0,276,1611,1675,1675
90293,0,251,1776,1846,1848
90301,0,274,5721,5820,5820
90302,0,253,4714,4785,4785
90303,0,327,5245,5352,5352
90304,0,207,4447,4501,4501
90305,0,249,4358,4438,4438
90401,0,110,682,708,708
90402,3,843,3127,3341,3341
90403,0,559,2966,3106,3106
90404,0,430,3201,3307,3307
90405,0,929,5308,5523,5523
90501,29,891,9532,9806,9806
90502,0,241,4555,4638,4638
90503,0,1021,9719,10019,10019
90504,0,894,8799,9016,9025
90505,0,1099,9627,9997,9997
90601,0,605,7883,8077,8077
90602,0,234,4779,4857,4857
90603,0,562,5865,6034,6034
90604,0,836,9207,9502,9502
90605,0,744,9431,9663,9663
90606,0,455,7473,7572,7579
90620,0,865,12132,12546,12558
90621,0,334,6401,6545,6552
90623,0,420,4107,4328,4332
90630,0,953,12905,13429,13442
90631,0,1059,16264,16768,16785
90638,0,1175,13126,13490,13490
90640,0,924,12706,13005,13005
90650,0,1266,21884,22217,22217
90660,0,1050,14043,14345,14345
90670,0,324,5929,6025,6025
90680,0,373,5817,5991,5997
90701,0,256,4074,4140,4140
90703,0,1669,14126,14623,14623
90706,0,830,15113,15359,15359
90710,0,410,5737,5860,5860
90712,0,835,9667,9935,9935
90713,0,915,8973,9241,9241
90715,0,258,4209,4304,4304
90716,0,77,2377,2398,2398
90717,0,560,5488,5652,5652
90720,0,871,6780,7211,7211
90723,0,287,9498,9584,9584
90731,0,996,11972,12292,12304
90732,0,735,5481,5698,5704
90740,0,420,6010,6261,6267
90744,0,461,9669,9816,9816
90745,0,1126,12944,13262,13262
90746,0,834,8012,8227,8243
90755,0,228,2718,2788,2788
90802,0,223,2981,3057,3057
90803,0,744,8225,8453,8461
90804,0,271,5688,5775,5775
90805,0,775,16995,17219,17219
90806,0,360,7405,7502,7502
90807,0,828,8052,8284,8284
90808,0,1662,13120,13583,13597
90810,0,470,7701,7834,7834
90813,0,308,6598,6692,6692
90814,0,316,4052,4152,4152
90815,0,1270,11656,11991,11991
91001,0,1313,9032,9448,9448
91006,0,1249,9249,9685,9685
91007,0,706,7630,7858,7858
91008,0,86,493,517,517
91010,0,452,6163,6295,6295
91011,0,1374,5642,6048,6048
91016,0,915,10245,10518,10518
91020,0,192,1504,1544,1545
91024,0,396,2895,3000,3000
91030,0,563,4334,4506,4506
91040,0,528,5528,5692,5692
91042,0,492,6167,6306,6306
91101,0,169,1357,1406,1406
91103,0,541,4680,4820,4825
91104,0,709,7144,7373,7381
91105,0,499,2556,2693,2693
91106,0,401,3770,3891,3895
91107,0,1224,9129,9490,9490
91108,0,871,3952,4182,4186
91201,0,317,4414,4468,4468
91202,0,417,4009,4091,4099
91203,0,139,1637,1672,1672
91204,0,120,1903,1934,1934
91205,0,308,4090,4161,4161
91206,0,445,4650,4779,4779
91207,0,309,2494,2553,2553
91208,0,500,3810,3940,3940
91214,0,1080,7628,7946,7946
91301,0,1353,6994,7393,7393
91302,0,1626,7235,7788,7788
91303,3,193,3161,3216,3216
91304,0,781,9513,9777,9777
91306,0,723,8772,8933,8933
91307,0,971,7730,8019,8019
91311,0,1140,10062,10384,10384
91316,0,577,5001,5150,5150
91320,0,1895,13112,13920,13920
91321,0,586,6125,6288,6295
91324,0,575,5968,6103,6109
91325,0,744,6499,6652,6652
91326,0,1531,9864,10296,10296
91331,0,941,17773,18063,18063
91335,26,824,12893,13089,13089
91340,0,474,7079,7194,7194
91342,0,1060,17319,17690,17690
91343,64,904,10365,10642,10642
91344,0,1530,14179,14709,14709
91345,0,394,4421,4525,4525
91350,0,1076,9855,10159,10159
91351,0,583,8274,8426,8435
91352,0,850,10259,10490,10490
91354,8,1104,7720,8050,8050
91355,16,827,7913,8108,8108
91356,6,838,5876,6108,6108
91360,0,1313,12123,12615,12628
91361,0,950,6787,7137,7137
91362,0,1633,10499,11099,11121
91364,0,994,6878,7202,7202
91367,0,1028,8581,8874,8874
91377,0,616,3844,4107,4107
91381,0,765,4545,4779,4779
91384,0,3,31,32,32
91387,0,440,3677,3795,3795
91390,0,387,2732,2849,2849
91401,41,574,6680,6837,6837
91402,0,394,6946,7030,7037
91403,0,597,4297,4443,4443
91405,0,388,5872,5967,5967
91406,0,695,9216,9376,9376
91411,0,298,3226,3302,3302
91423,6,744,5490,5672,5672
91436,0,964,4400,4636,4636
91501,0,262,3396,3454,3454
91502,0,67,1513,1528,1528
91504,0,725,5965,6149,6149
91505,0,1015,8511,8756,8756
91506,0,743,5530,5724,5724
91601,0,468,5125,5257,5257
91602,0,280,2943,3012,3012
91604,0,936,5540,5771,5771
91605,0,666,9625,9801,9801
91606,0,450,6918,7038,7038
91607,0,385,4255,4369,4369
91701,0,1023,11780,12057,12057
91702,0,612,12307,12494,12494
91706,46,619,15368,15507,15507
91708,0,103,1780,1811,1811
91709,0,2240,19398,19998,20038
91710,0,1399,20751,21154,21154
91711,0,1168,9698,10051,10051
91722,0,521,8353,8541,8541
91723,0,258,4231,4304,4304
91724,0,442,7120,7243,7243
91730,0,1104,14840,15142,15142
91731,0,171,5289,5342,5342
91732,0,564,11062,11254,11254
91733,0,348,9057,9167,9167
91737,0,798,6869,7060,7060
91739,0,1475,9406,9757,9767
91740,0,438,6710,6840,6840
91741,0,1009,8768,9038,9038
91744,0,924,16556,16791,16791
91745,0,1560,14094,14575,14575
91746,0,483,7186,7333,7333
91748,0,815,11448,11634,11658
91750,0,1059,10901,11250,11250
91752,0,613,8561,8754,8754
91754,0,713,8074,8265,8265
91755,0,406,5942,6039,6045
91761,0,742,14948,15160,15160
91762,0,677,12877,13020,13033
91763,0,312,8147,8237,8237
91764,0,362,10232,10325,10325
91765,0,1393,12335,12769,12769
91766,0,839,13997,14211,14225
91767,0,632,10172,10358,10358
91768,0,273,6576,6656,6656
91770,0,678,14245,14433,14433
91773,0,971,9794,10128,10128
91775,0,686,6275,6476,6476
91776,32,475,7757,7907,7907
91780,0,1062,10061,10405,10415
91784,0,1393,8732,9172,9172
91786,0,729,12028,12138,12150
91789,0,1506,12694,13169,13169
91790,0,869,10860,11149,11149
91791,0,683,8030,8211,8219
91792,0,361,5913,6015,6021
91801,0,672,9431,9594,9594
91803,0,479,6538,6645,6651
91902,17,4185,5692,5720,5720
91910,102,12720,16949,17051,17051
91911,66,12510,16564,16614,16614
91913,0,7441,10114,10134,10134
91914,4,2898,4050,4066,4066
91915,46,4742,6481,6527,6527
91932,21,4042,5336,5347,5347
91935,1,246,333,335,335
91941,0,7310,9902,9942,9942
91942,68,7283,9704,9753,9753
91945,7,5472,7374,7381,7381
91950,108,8207,10738,10792,10792
91977,67,10188,13467,13481,13481
91978,0,2074,2765,2776,2776
92003,2,1508,2042,2052,2052
92007,0,2297,3182,3207,3207
92008,16,6093,8157,8190,8190
92009,96,8509,11999,12035,12035
92010,24,3455,4703,4727,4727
92011,0,5277,7146,7196,7196
92014,0,4074,5766,5795,5795
92019,54,8091,10785,10839,10839
92020,124,9181,12365,12427,12427
92021,89,8520,11114,11159,11159
92024,65,11569,16266,16380,16380
92025,134,8391,11083,11150,11150
92026,0,9848,13095,13161,13161
92027,161,10120,13359,13480,13480
92028,0,5871,7844,7860,7860
92029,15,5472,7476,7491,7491
92037,83,8652,11773,11844,11844
92040,46,8775,11455,11489,11489
92054,29,7279,9536,9555,9555
92056,75,11184,14947,14977,14977
92057,114,10587,14259,14288,14288
92058,7,5478,7140,7161,7161
92059,0,32,36,36,36
92064,0,10734,14611,14684,14684
92067,0,1296,1819,1841,1841
92069,80,8497,11341,11375,11375
92071,92,11416,15226,15303,15303
92075,0,2802,3879,3902,3902
92078,78,9394,13014,13079,13079
92081,16,6085,8218,8234,8234
92082,3,694,935,938,938
92083,0,5925,7900,7932,7932
92084,39,9754,12893,12919,12919
92091,37,1010,1397,1415,1415
92101,2,1710,2326,2340,2340
92102,68,6516,8424,8441,8441
92103,72,5336,7182,7211,7211
92104,60,7506,10008,10048,10048
92105,95,9053,11751,11822,11822
92106,0,4530,6270,6321,6321
92107,16,5815,7748,7764,7764
92108,8,1139,1522,1530,1530
92109,0,8028,10886,10908,10908
92110,91,4768,6481,6521,6521
92111,93,8574,11516,11574,11574
92113,28,7069,9141,9187,9187
92114,149,12347,16485,16551,16551
92115,145,9089,11950,12059,12059
92116,25,6310,8319,8344,8344
92117,123,11463,15351,15443,15443
92118,28,4114,5610,5650,5650
92119,7,5150,6982,7017,7017
92120,100,6654,9079,9115,9115
92121,18,1892,2560,2583,2583
92122,182,4528,6222,6272,6272
92123,59,5491,7390,7420,7420
92124,34,5077,6767,6801,6801
92126,17,12427,16960,16994,16994
92127,0,8474,12016,12089,12089
92128,0,9876,13434,13502,13502
92129,41,9795,13577,13618,13618
92130,51,9018,12638,12791,12791
92131,20,7064,9863,9893,9893
92139,37,5582,7363,7386,7386
92154,76,11612,15193,15254,15254
92173,0,11,15,15,15
92201,0,744,17477,17689,17707
92203,0,918,10947,11193,11193
92210,0,394,2596,2732,2732
92211,0,1236,15020,15468,15468
92220,0,498,10659,10832,10832
92223,0,898,16662,16933,16950
92231,0,0,1,1,1
92234,0,1023,16120,16499,16515
92236,0,224,7922,7994,7994
92240,0,308,6194,6295,6295
92241,0,0,11,11,11
92243,0,644,11375,11514,11514
92249,0,1,9,9,9
92251,64,3894,4239,4260,4260
92253,0,1680,18185,18633,18633
92260,0,1280,14828,15254,15269
92262,0,867,10788,11099,11099
92264,0,768,8981,9240,9250
92270,0,1338,9764,10223,10223
92274,6,735,797,801,801
92276,0,53,3271,3287,3287
92277,0,241,4758,4826,4826
92283,0,28,402,412,412
92301,0,234,5778,5830,5842
92307,0,631,11082,11273,11273
92308,0,630,12740,12869,12882
92311,0,465,6690,6833,6833
92313,0,116,3583,3609,3609
92314,0,270,4812,4900,4900
92315,0,102,1451,1486,1486
92316,0,310,8275,8351,8351
92320,0,135,3407,3459,3459
92321,0,60,383,399,399
92324,0,633,13250,13452,13452
92325,0,32,741,748,748
92333,5,186,672,674,674
92335,0,800,19286,19540,19540
92336,0,2136,22908,23424,23424
92337,0,508,10040,10162,10162
92342,0,98,2062,2091,2091
92344,0,279,4286,4356,4356
92345,0,1115,24503,24776,24776
92346,0,994,15013,15303,15303
92352,0,133,1247,1280,1280
92354,0,493,5553,5683,5683
92358,0,0,13,13,13
92359,0,117,2691,2721,2721
92363,0,4,98,99,99
92373,0,1053,9548,9863,9863
92374,0,820,11488,11722,11722
92376,0,607,17214,17336,17336
92377,0,530,5547,5690,5690
92378,0,0,107,107,107
92386,0,12,169,172,172
92391,0,2,99,100,100
92392,0,772,15251,15436,15436
92394,0,523,8451,8571,8571
92395,0,748,13391,13568,13595
92399,0,1342,18208,18637,18637
92401,0,18,438,443,443
92404,0,646,12730,12911,12911
92405,0,309,6199,6306,6306
92407,0,887,14305,14523,14523
92408,0,262,3839,3917,3917
92410,0,309,8997,9097,9097
92411,0,195,5837,5896,5896
92501,0,382,5387,5525,5525
92503,0,1471,21774,22309,22309
92504,0,892,14771,15104,15119
92505,0,408,11196,11332,11343
92506,0,1431,14646,15038,15068
92507,0,719,11137,11400,11411
92508,10,1213,9943,10347,10347
92509,0,903,19732,20093,20093
92518,0,49,741,757,758
92530,125,12737,13893,13935,13935
92532,0,414,6037,6173,6173
92543,0,696,11142,11381,11393
92544,0,707,14150,14438,14438
92545,0,620,15258,15475,15490
92548,0,63,2610,2634,2634
92551,23,235,7535,7611,7611
92553,0,606,16128,16358,16358
92555,0,702,10700,10930,10930
92557,0,671,13811,13993,13993
92562,248,15860,17706,17741,17741
92563,0,1539,17450,18102,18102
92567,0,276,3845,3940,3940
92570,0,803,16458,16709,16726
92571,0,735,13130,13384,13384
92582,0,352,4994,5096,5096
92583,0,256,9362,9485,9485
92584,0,1008,15654,15990,15990
92585,0,489,7341,7522,7522
92586,0,371,9676,9784,9784
92587,0,551,6229,6396,6396
92590,16,831,953,955,955
92591,0,889,11194,11552,11552
92592,24,20657,23608,23655,23655
92595,0,771,10868,11170,11170
92596,0,517,7903,8081,8081
92602,0,606,4957,5273,5273
92603,0,811,5079,5515,5526
92604,0,546,7301,7574,7589
92606,0,560,4375,4659,4664
92610,0,429,3101,3352,3352
92612,0,437,4224,4414,4418
92614,0,693,5565,5914,5920
92617,0,223,1509,1611,1617
92618,0,1032,7432,7948,7956
92620,0,1731,11488,12354,12354
92624,8,1715,2725,2756,2756
92625,0,742,4997,5384,5384
92626,0,787,11341,11728,11740
92627,0,1283,13906,14548,14562
92629,79,5310,8678,8739,8739
92630,46,9482,15338,15524,15524
92637,26,1985,3265,3281,3281
92646,0,1655,17485,18349,18368
92647,0,989,13608,14131,14145
92648,0,1095,12106,12609,12609
92649,0,876,10168,10681,10681
92651,0,6439,10264,10368,10368
92653,8,4856,7944,7984,7984
92655,0,168,1731,1807,1809
92656,0,6801,10726,10834,10834
92657,0,607,3414,3748,3752
92660,0,1557,9527,10311,10311
92661,0,301,1520,1667,1670
92662,0,165,1269,1366,1366
92663,0,979,6248,6704,6704
92672,95,6500,10540,10583,10583
92673,0,5635,8995,9049,9049
92675,42,6333,10289,10392,10392
92676,0,10,80,85,85
92677,108,11246,17814,17976,17976
92679,17,5399,8635,8739,8739
92683,0,1558,20859,21595,21616
92688,38,5781,9454,9530,9530
92691,82,8468,13519,13614,13614
92692,57,8612,13971,14113,14113
92694,0,3604,5668,5737,5737
92701,0,211,5745,5850,5856
92703,0,394,10087,10335,10356
92704,0,624,14131,14479,14493
92705,0,1557,11981,12869,12869
92706,0,384,6415,6613,6613
92707,0,423,9834,10076,10076
92708,0,1156,15360,16066,16066
92780,0,641,10715,11058,11069
92782,0,580,5074,5416,5416
92801,0,415,9711,9889,9899
92802,0,335,6767,6962,6969
92804,0,947,14372,14757,14771
92805,0,481,11472,11718,11730
92806,0,470,7585,7812,7820
92807,0,1162,10418,11060,11060
92808,0,618,5116,5419,5419
92821,0,805,10712,11171,11171
92823,0,182,1205,1299,1299
92831,0,633,7038,7333,7362
92832,0,289,5306,5459,5459
92833,0,944,11758,12249,12261
92835,0,673,6849,7239,7239
92840,0,579,10895,11140,11140
92841,0,477,7369,7565,7581
92843,0,323,8081,8280,8280
92844,0,205,3976,4099,4103
92845,0,479,5072,5317,5317
92860,0,1028,9888,10269,10269
92861,0,347,2083,2256,2256
92865,0,325,5507,5701,5701
92866,0,323,3997,4146,4154
92867,0,942,11385,11921,11921
92868,0,213,4238,4321,4334
92869,0,1144,9959,10606,10606
92870,0,1102,13139,13745,13745
92879,33,694,10601,10839,10839
92880,0,2272,17219,18030,18030
92881,0,1096,8420,8826,8835
92882,0,1120,15444,15743,15759
92883,0,1119,9553,9993,9993
92886,0,1825,14809,15737,15753
92887,0,841,5949,6382,6382
93001,0,500,8933,9078,9087
93003,0,1086,14238,14634,14649
93004,0,696,8357,8607,8607
93010,0,1249,13377,13891,13891
93012,0,969,10867,11273,11284
93013,0,692,5226,5484,5489
93021,21,1247,10086,10583,10583
93022,0,122,2345,2402,2402
93023,0,730,7389,7673,7673
93030,0,674,11357,11647,11647
93033,0,473,14208,14366,14366
93035,0,678,8412,8681,8681
93036,0,450,9359,9570,9570
93041,0,190,5060,5148,5148
93060,0,377,8019,8183,8183
93063,0,1353,15565,16113,16113
93065,0,1682,20334,21028,21028
93066,0,173,1214,1290,1290
93101,0,493,6587,6749,6756
93103,0,424,5330,5501,5501
93105,0,1533,7058,7225,7225
93108,0,1033,4920,5333,5343
93109,0,504,3578,3758,3758
93110,0,596,4889,5088,5093
93111,0,656,5461,5695,5695
93117,0,1725,8855,9129,9129
93202,0,20,701,710,711
93215,0,444,10032,10093,10093
93221,0,161,4262,4340,4340
93223,0,10,2494,2505,2505
93230,0,1128,19940,20121,20121
93235,0,11,370,373,374
93245,0,25,328,331,331
93247,0,157,3268,3342,3345
93250,0,125,2677,2704,2704
93257,0,615,17835,18088,18106
93267,0,33,758,772,774
93274,0,1173,20775,20985,20985
93277,0,781,16629,16951,16968
93291,0,1354,16656,16876,16893
93292,0,775,11573,11714,11714
93301,0,385,4244,4326,4326
93304,0,697,13292,13372,13386
93305,0,712,9771,9890,9900
93306,0,1167,16476,16676,16676
93307,0,905,20427,20550,20550
93308,0,1299,17987,18280,18280
93309,0,906,15691,15914,15914
93311,0,1815,13803,14056,14056
93312,0,2021,19145,19476,19476
93313,0,795,13598,13735,13735
93314,0,1123,8740,8891,8891
93401,0,1448,10262,10355,10355
93405,0,1171,6581,6736,6736
93420,0,1227,10287,10391,10391
93422,0,942,8038,8127,8127
93424,0,47,235,240,240
93433,14,436,4745,4803,4803
93444,0,704,5432,5503,5503
93445,7,215,2422,2446,2446
93446,0,1466,11548,11712,11712
93449,32,714,4487,4583,4583
93454,38,769,9519,9596,9596
93455,29,1507,14452,14657,14657
93458,0,562,9967,10027,10027
93465,2,329,2402,2444,2444
93534,0,595,10440,10631,10642
93535,0,977,16236,16550,16550
93536,0,5392,19689,19949,19949
93543,0,21,661,668,668
93550,0,1013,17806,18114,18114
93551,0,1514,15819,16275,16275
93552,0,444,9942,10063,10063
93611,0,1174,12010,12230,12230
93612,0,433,9535,9621,9621
93616,0,24,576,580,580
93618,0,501,6880,6964,6964
93619,0,1082,7598,7793,7793
93625,4,255,1928,1990,1990
93631,0,385,4608,4697,4697
93635,0,597,10158,10292,10292
93636,5,66,609,620,620
93637,0,635,9665,9773,9773
93638,0,535,9268,9381,9381
93646,0,0,1,1,1
93648,0,174,3115,3156,3156
93650,2,47,1005,1015,1015
93654,14,390,6783,6852,6852
93657,0,377,7809,7856,7856
93662,0,364,6683,6751,6751
93673,0,0,15,15,15
93701,0,198,2825,2862,2865
93702,0,564,10501,10650,10650
93703,0,578,8473,8620,8620
93704,0,825,9132,9271,9271
93705,0,582,9276,9380,9380
93706,0,1086,10286,10518,10518
93710,0,531,7934,8047,8047
93711,0,1263,12712,12892,12892
93720,0,1340,14456,14721,14721
93721,0,82,1375,1389,1389
93722,0,1793,22932,23304,23304
93723,0,217,2135,2176,2176
93725,0,316,5888,5959,5959
93726,0,700,9873,10003,10003
93727,0,1562,18815,19044,19044
93728,0,469,5058,5151,5151
93730,0,711,4182,4303,4303
93737,0,13,215,218,218
93901,0,638,8185,8292,8292
93905,0,479,9475,9561,9561
93906,0,945,13152,13325,13325
93907,0,267,2828,2868,2874
93908,2,425,2044,2118,2118
93923,0,967,5564,5730,5730
93924,0,25,142,146,146
93933,0,533,6336,6413,6413
93940,0,977,8607,8801,8801
93950,0,520,4633,4718,4718
93953,0,396,1878,1952,1954
93955,45,550,8913,9012,9012
94002,0,1652,6823,7108,7108
94005,0,268,1283,1327,1327
94010,0,2908,11429,11918,11918
94014,8,917,8241,8401,8401
94015,0,1707,12037,12383,12383
94018,0,3,9,10,10
94019,0,1074,5467,5677,5677
94022,0,2262,6298,6686,6686
94024,0,2561,7196,7631,7631
94025,0,2848,10419,10910,10910
94027,0,959,2687,2858,2858
94028,0,604,2067,2178,2178
94030,24,1076,5732,5952,5952
94037,0,156,668,699,699
94038,0,157,971,1002,1002
94040,0,1464,5912,6158,6158
94041,0,730,3034,3177,3177
94043,0,1597,6298,6507,6513
94044,0,1778,10485,10843,10843
94061,0,1558,8599,8911,8911
94062,17,2312,7895,8346,8346
94063,0,744,5852,6014,6014
94065,3,735,2724,2864,2864
94066,0,1420,9796,10058,10058
94070,0,2817,9111,9694,9694
94080,0,2552,15172,15688,15704
94085,0,851,3754,3902,3902
94086,8,1793,7662,8024,8024
94087,14,3581,13339,13880,13880
94089,0,1095,5251,5471,5471
94102,0,87,1203,1253,1255
94103,0,229,2191,2353,2356
94104,0,2,54,56,56
94105,0,47,203,233,234
94107,0,416,2994,3308,3308
94108,0,47,639,666,669
94109,0,284,2947,3155,3158
94110,0,1112,10104,10984,10995
94111,0,30,221,242,242
94112,0,1832,14474,14985,14985
94114,0,710,5658,6225,6225
94115,0,398,3260,3514,3514
94116,0,1172,10139,10960,10960
94117,0,642,4427,4887,4887
94118,0,673,6341,6931,6931
94121,0,834,7811,8337,8345
94122,0,1186,10563,11384,11407
94123,0,562,3422,3849,3849
94124,0,734,6778,6995,6995
94127,0,919,5598,6249,6255
94129,0,94,525,595,595
94130,0,22,317,335,335
94131,0,867,5792,6509,6515
94132,0,592,4670,4849,4849
94133,0,340,2273,2373,2373
94134,0,926,7207,7461,7461
94158,0,12,94,103,103
94301,4,1106,4041,4201,4201
94303,19,2030,9263,9669,9669
94304,0,153,684,710,710
94305,0,252,1161,1207,1207
94306,0,1789,6496,6795,6795
94401,0,836,5988,6136,6148
94402,0,1574,6901,7226,7226
94403,0,2142,9640,10030,10030
94404,0,1619,7094,7366,7366
94501,0,2136,13470,13844,13844
94502,0,1047,3842,4014,4014
94503,6,879,5981,6153,6153
94505,0,1052,5409,5600,5600
94506,0,1972,6588,6942,6942
94507,0,1704,5043,5342,5342
94508,0,33,356,362,362
94509,0,1469,18740,19064,19064
94510,0,1397,9042,9331,9331
94513,0,2841,18286,18794,18794
94514,0,0,8,8,8
94515,0,242,1772,1838,1838
94517,0,670,3717,3848,3848
94518,0,1048,7289,7499,7499
94519,0,719,6095,6194,6194
94520,0,529,6831,6935,6942
94521,0,1638,12031,12326,12326
94523,0,1487,9552,9837,9837
94525,0,159,1186,1219,1219
94526,0,2687,9842,10305,10305
94530,0,1332,7863,8158,8158
94531,0,1307,11922,12191,12191
94533,0,1456,19174,19407,19407
94534,39,1890,12563,12846,12846
94535,0,22,1161,1164,1164
94536,0,3123,15614,16148,16148
94538,26,1965,12519,12853,12853
94539,0,4019,13784,14524,14524
94541,0,1474,14180,14455,14455
94542,0,658,3397,3517,3517
94544,0,1677,15126,15373,15373
94545,0,952,8490,8654,8654
94546,26,1714,12523,12884,12884
94547,0,983,6204,6383,6383
94549,0,2418,8055,8498,8498
94550,0,3295,14845,15384,15384
94551,0,1723,11197,11495,11495
94552,0,1149,4097,4290,4290
94553,0,2055,14297,14679,14694
94555,0,2100,7811,8205,8205
94556,0,1129,4269,4489,4494
94558,0,2599,20312,20962,20962
94559,34,696,8439,8594,8594
94560,0,2161,10714,11069,11069
94561,0,1319,11802,11994,11994
94563,0,1583,4826,5133,5133
94564,0,647,5772,5878,5878
94565,0,1987,23007,23381,23381
94566,0,2785,11189,11753,11753
94568,0,2934,11335,11795,11795
94572,0,280,2760,2802,2802
94574,0,556,3384,3478,3478
94576,0,4,41,42,42
94577,0,1551,12521,12842,12842
94578,0,692,7972,8135,8135
94579,0,603,6084,6221,6221
94580,0,862,7704,7894,7894
94582,0,2676,9173,9615,9615
94583,0,2311,9603,10003,10003
94585,0,713,8253,8395,8395
94587,0,2507,15573,16055,16055
94588,0,1817,7730,8061,8061
94589,0,579,8558,8635,8635
94590,0,847,10500,10714,10714
94591,0,1654,16783,17039,17039
94592,1,60,636,650,650
94595,15,444,3712,3792,3792
94596,0,780,4393,4543,4543
94597,0,778,4600,4727,4727
94598,0,1885,7661,7997,7997
94599,0,117,1200,1227,1228
94601,0,790,9039,9186,9186
94602,0,1315,8030,8270,8270
94603,46,319,7493,7584,7584
94605,0,1695,11636,11934,11934
94606,0,465,5782,5870,5870
94607,0,566,3917,4025,4025
94608,0,944,5626,5794,5800
94609,0,664,4795,4918,4918
94610,0,964,5395,5528,5528
94611,0,1962,8329,8712,8712
94612,0,142,1003,1031,1031
94618,0,1256,4731,4980,4980
94619,0,1043,7178,7347,7347
94621,0,569,7057,7194,7194
94702,0,631,4673,4783,4783
94703,0,707,4414,4560,4560
94704,0,291,1712,1774,1774
94705,0,806,3407,3545,3545
94706,0,794,4472,4615,4615
94707,0,1107,4343,4496,4496
94708,0,1036,3492,3649,3649
94709,0,245,1634,1681,1681
94710,0,332,2258,2325,2325
94720,0,59,234,243,243
94801,0,545,6873,6992,6992
94803,0,851,7933,8111,8111
94804,0,859,10892,11024,11024
94805,0,393,4675,4741,4741
94806,0,837,12892,13075,13075
94901,0,1508,9942,10260,10260
94903,0,1474,8763,8979,8979
94904,0,663,3017,3156,3156
94920,0,1133,4030,4265,4265
94925,0,777,2770,2919,2919
94928,0,753,10012,10195,10195
94930,0,350,1967,2030,2030
94931,0,288,3310,3364,3364
94939,0,414,1693,1764,1766
94941,0,2061,7625,8052,8052
94945,0,987,5705,5918,5918
94947,0,1103,6635,6840,6840
94949,0,759,5038,5199,5199
94951,0,326,2349,2414,2414
94952,0,1862,13801,14213,14213
94954,0,1343,12145,12419,12431
94957,0,197,613,652,652
94960,0,935,4282,4474,4474
94965,0,453,2908,2977,2977
95002,0,79,542,554,554
95003,0,1209,7335,7601,7601
95004,0,4,19,20,20
95005,0,81,713,731,731
95006,0,53,420,429,430
95007,0,0,1,1,1
95008,0,2276,11560,11967,11967
95010,0,231,2949,2994,2994
95012,0,33,1381,1388,1388
95014,0,4247,14265,14968,14968
95018,0,124,889,916,916
95019,0,73,1573,1588,1588
95020,0,1781,12754,13001,13001
95023,0,1230,11771,11938,11938
95030,0,1344,4165,4402,4402
95032,0,1893,7547,7829,7829
95033,0,10,42,44,44
95035,0,3346,14603,15241,15241
95037,0,15,75,78,78
95039,0,3,39,40,40
95043,0,3,30,30,30
95045,0,0,2,2,2
95050,0,1527,8457,8728,8737
95051,0,2908,11719,12181,12181
95054,0,1186,4440,4606,4606
95060,0,1746,11121,11478,11478
95062,11,1572,11081,11471,11471
95064,0,59,365,379,379
95065,4,302,2030,2084,2084
95066,0,638,3795,3912,3912
95070,0,3119,10191,10693,10693
95073,0,436,2922,3012,3012
95076,0,1217,14239,14471,14471
95110,0,605,3331,3423,3423
95111,0,1103,10977,11155,11155
95112,0,1287,9842,10063,10063
95113,1,36,178,184,184
95116,0,771,7535,7626,7626
95117,14,632,4613,4722,4722
95118,0,1595,8382,8659,8659
95119,0,519,2822,2897,2897
95120,0,3627,11617,12254,12254
95121,0,1355,8532,8742,8742
95122,0,883,9052,9199,9199
95123,0,2491,15011,15475,15475
95124,0,3487,14231,14824,14824
95125,0,3035,14602,15055,15055
95126,0,960,6115,6272,6272
95127,0,1727,13649,13942,13942
95128,0,1320,7678,7915,7915
95129,0,2149,8985,9320,9320
95130,0,859,3502,3671,3671
95131,0,1302,6172,6396,6396
95132,20,2008,9689,9989,9989
95133,0,1003,5114,5283,5283
95134,0,479,1878,1954,1954
95135,33,1446,5165,5437,5437
95136,0,1564,9416,9647,9647
95138,5,1207,4695,4906,4906
95139,0,432,1835,1907,1907
95140,0,25,169,174,174
95148,0,2247,10962,11348,11348
95202,0,118,1131,1158,1158
95203,0,228,4614,4656,4656
95204,40,506,9983,10095,10095
95205,0,565,10749,10847,10858
95206,0,956,17510,17670,17670
95207,0,701,11501,11676,11676
95209,36,790,12008,12154,12154
95210,0,528,9188,9280,9280
95212,8,530,7585,7677,7677
95215,0,633,7039,7183,7183
95219,0,796,7441,7577,7585
95220,0,81,726,739,739
95231,0,39,1252,1260,1260
95240,0,659,11844,11988,11988
95242,0,673,8071,8202,8202
95258,0,123,1299,1325,1325
95301,0,709,11497,11637,11637
95307,0,371,11768,11948,11948
95316,4,147,2133,2165,2165
95319,0,0,5,5,5
95320,0,357,4399,4457,4457
95322,0,20,481,486,486
95326,0,163,3910,3982,3982
95328,0,35,1083,1095,1096
95330,0,450,3831,3913,3913
95334,0,1,24,24,24
95336,0,942,14532,14752,14752
95337,0,1023,9388,9560,9560
95340,0,984,11372,11580,11580
95341,0,435,7994,8050,8050
95348,17,599,8546,8667,8667
95350,0,736,15659,16011,16011
95351,0,477,12360,12561,12561
95354,0,391,8323,8501,8501
95355,0,778,17346,17700,17700
95356,0,965,10764,10961,10961
95357,0,438,5078,5155,5155
95358,0,467,8723,8793,8802
95361,0,959,10024,10187,10187
95366,0,696,5570,5701,5701
95367,0,732,7318,7474,7474
95368,0,276,4268,4315,4315
95380,0,775,12563,12716,12716
95382,0,666,11156,11466,11477
95388,0,152,3687,3716,3716
95389,0,5,58,59,59
95401,0,857,10668,10852,10852
95403,0,1116,12904,13101,13114
95404,0,1155,11444,11666,11666
95405,0,722,6977,7142,7142
95407,0,449,10827,10948,10948
95409,0,1087,9598,9814,9814
95436,0,105,1116,1135,1135
95439,0,60,445,460,460
95441,0,9,75,77,77
95442,0,242,1161,1209,1209
95448,0,795,6185,6357,6357
95452,0,150,635,666,666
95470,0,36,515,522,522
95472,0,1522,12149,12423,12448
95476,0,1844,14482,14869,14869
95482,0,532,7280,7376,7384
95492,0,1009,9107,9341,9341
95501,0,476,8727,8960,8978
95503,0,279,6359,6483,6489
95519,0,266,5266,5412,5423
95521,0,271,4531,4672,4676
95537,0,0,114,114,114
95564,0,1,41,41,41
95602,4,352,3979,4044,4044
95603,30,936,9623,9850,9850
95605,0,216,3424,3473,3473
95608,0,1108,17705,18195,18213
95610,0,645,12014,12172,12172
95612,0,7,85,87,87
95616,0,1444,9141,9492,9492
95618,0,1226,7048,7289,7289
95619,0,65,1126,1135,1136
95620,0,3,40,41,41
95621,0,439,12672,12930,12930
95623,0,40,741,747,747
95624,0,1329,19754,20449,20449
95626,0,217,2143,2185,2187
95628,0,1116,13257,13767,13795
95630,0,3488,21281,21873,21873
95648,39,1947,19040,19468,19468
95650,0,1092,5525,5749,5749
95652,0,28,444,456,456
95655,0,146,1432,1494,1496
95658,0,333,3083,3143,3143
95660,0,232,9208,9283,9283
95661,0,786,7034,7214,7214
95662,0,909,11518,11681,11681
95663,0,256,1415,1471,1473
95664,0,1,25,25,25
95667,0,500,6064,6169,6169
95670,0,696,15462,15810,15810
95672,0,315,1925,1984,1984
95673,0,289,6406,6550,6557
95677,0,892,8385,8574,8574
95678,0,1040,12077,12260,12260
95682,0,1168,9241,9420,9420
95683,0,8,61,63,63
95687,0,1562,17651,17956,17956
95688,21,1280,10093,10384,10384
95691,0,1281,11645,11870,11870
95692,0,1,24,24,24
95695,0,611,9259,9400,9400
95703,0,5,58,59,59
95713,0,107,1488,1505,1506
95722,0,26,205,210,210
95742,0,707,4538,4645,4645
95746,0,1980,7772,8189,8189
95747,0,2789,19932,20506,20506
95757,0,1210,12254,12885,12885
95758,0,1324,18380,18947,18947
95762,71,2757,13632,14155,14155
95765,0,1459,10382,10736,10736
95776,0,612,6007,6129,6129
95811,0,94,1542,1585,1588
95814,15,78,1016,1040,1040
95815,0,277,6302,6437,6437
95816,0,209,3771,3860,3864
95817,0,169,3747,3831,3831
95818,22,723,5375,5507,5507
95819,0,525,5771,6031,6037
95820,0,552,11310,11471,11494
95821,0,564,9142,9396,9405
95822,28,959,13927,14110,14110
95823,0,647,18177,18399,18417
95824,0,230,7061,7154,7169
95825,0,314,5692,5814,5820
95826,0,675,11274,11600,11600
95827,0,350,6342,6472,6479
95828,0,722,17193,17581,17581
95829,0,766,8769,9116,9116
95830,0,55,441,467,467
95831,0,1384,12932,13182,13182
95832,0,149,2834,2862,2865
95833,0,625,9339,9481,9481
95834,13,400,6286,6344,6344
95835,0,642,10547,10884,10884
95837,0,17,142,145,145
95838,0,435,9939,10101,10121
95841,0,179,5050,5132,5132
95842,0,219,8032,8113,8121
95843,0,819,12431,12595,12608
95864,0,817,8274,8674,8682
95901,8,391,8215,8323,8323
95917,0,1,29,29,29
95926,0,716,9131,9307,9307
95928,0,834,9520,9675,9675
95938,0,5,97,98,98
95945,0,319,4572,4623,4623
95949,2,201,2043,2076,2076
95953,0,7,110,112,112
95959,0,63,610,621,621
95961,0,335,5806,5871,5871
95965,15,291,4936,5021,5021
95966,0,543,10342,10446,10446
95968,0,17,562,566,566
95973,0,949,10042,10215,10215
95982,0,26,857,861,861
95991,0,762,11369,11542,11542
95993,0,930,12243,12416,12416
96001,0,809,12139,12274,12274
96002,0,580,11215,11351,11351
96003,0,1149,16090,16385,16385
96007,0,486,8243,8378,8378
96008,0,16,161,165,165
96019,0,151,3192,3227,3227
96022,0,1,20,20,20
96062,0,2,26,26,26
96069,0,0,1,1,1
96073,0,146,1239,1277,1277
96087,0,7,88,90,90
96161,0,337,1789,1842,1842
80002,0,18,248,4257,4377
80003,0,0,337,9119,9297
80004,0,0,532,9114,9475
80005,0,0,871,8646,9068
80007,0,0,507,2677,2935
80010,0,0,314,6516,6650
80011,0,0,375,10246,10371
80012,0,0,410,8510,8711
80013,0,117,1092,18897,19463
80014,0,27,319,6647,6770
80015,0,19,1615,18405,19174
80016,0,0,2202,13538,14676
80017,0,23,263,7379,7499
80018,0,0,235,3621,3695
80019,0,0,46,696,713
80020,0,15,1233,14497,15167
80021,0,17,500,8296,8572
80022,0,29,919,13886,14274
80023,0,0,931,5751,6245
80026,0,0,638,7888,8299
80027,0,9,1242,8266,9006
80030,0,26,144,3118,3175
80031,0,56,728,8852,9319
80033,0,42,395,6823,7007
80045,0,2,18,110,115
80108,0,0,70,338,371
80110,0,0,412,6245,6419
80111,0,16,1259,7187,7773
80112,0,0,722,7397,7708
80113,0,0,627,5866,6118
80118,0,0,0,3,3
80120,0,40,550,6337,6576
80121,0,36,878,5519,5889
80122,0,27,890,8542,8983
80123,0,0,1002,11518,12001
80124,0,10,597,4518,4792
80125,0,0,29,178,191
80126,0,0,1669,9245,10044
80127,0,0,1340,12546,13310
80128,0,0,769,9903,10308
80129,0,45,855,7052,7434
80130,0,0,826,6023,6429
80132,0,30,1000,5577,5993
80133,0,1,16,298,304
80134,0,31,1801,14362,15125
80137,0,0,3,42,43
80138,0,0,1131,8422,8916
80202,0,3,45,378,401
80203,0,6,76,1346,1382
80204,0,0,440,5212,5392
80205,0,20,670,6281,6566
80206,0,12,473,3919,4101
80207,0,40,708,5394,5717
80209,0,11,762,5252,5585
80210,0,92,1345,8493,9082
80211,0,0,908,6815,7200
80212,0,23,535,4230,4507
80214,0,0,301,4602,4731
80215,0,15,319,4845,5027
80216,0,0,268,3644,3742
80218,0,0,181,2117,2185
80219,0,70,630,11374,11596
80220,0,21,659,6792,7144
80221,0,0,515,9504,9650
80222,0,35,416,4840,5048
80223,0,0,384,4783,4972
80224,0,4,227,3788,3905
80226,0,8,312,7539,7741
80227,0,38,415,7359,7644
80228,0,0,628,8208,8535
80229,0,34,361,11092,11216
80230,0,0,239,1531,1627
80231,0,33,277,4630,4754
80232,0,43,391,5884,6024
80233,0,12,523,11923,12130
80234,0,19,355,6065,6202
80235,0,0,77,1456,1498
80236,0,0,248,3282,3409
80237,0,11,298,3560,3653
80238,0,0,865,4721,5203
80239,0,17,271,8611,8742
80241,0,0,540,8710,8971
80246,0,13,94,1597,1630
80247,0,17,117,2075,2107
80249,0,30,300,7351,7463
80260,0,0,150,5298,5368
80301,0,0,585,5262,5532
80302,0,0,317,2311,2467
80303,0,0,635,4798,5134
80304,0,0,607,5279,5634
80305,0,9,532,3937,4229
80401,0,0,875,7771,8229
80403,0,5,593,4476,4828
80465,0,0,429,3793,4050
80503,0,0,36,466,496
80512,0,0,20,253,265
80514,0,0,11,251,257
80516,0,0,781,6136,6573
80521,0,30,496,7093,7322
80524,0,0,819,10409,10813
80525,0,29,1137,13918,14385
80526,0,85,797,11640,11954
80528,0,0,609,5351,5661
80534,0,1,115,1025,1080
80535,0,0,21,676,686
80537,0,0,577,12653,13060
80538,0,0,961,15429,15894
80543,0,0,1,40,41
80547,0,2,123,712,789
80550,0,0,225,2935,3049
80601,0,0,459,9980,10215
80602,0,34,1370,10645,11256
80603,0,26,266,4162,4257
80620,0,26,276,5054,5179
80621,0,0,5,77,79
80631,0,0,494,11254,11426
80634,0,0,816,17732,18058
80640,0,0,188,3508,3602
80642,0,0,9,88,92
80645,0,0,2,93,94
80817,0,192,6505,7939,8003
80829,0,13,280,343,347
80840,0,15,607,731,735
80902,0,32,1025,1220,1227
80903,0,10,209,3318,3403
80904,0,285,5139,6397,6475
80905,0,0,237,4129,4218
80906,0,459,7744,9369,9560
80907,0,63,561,7685,7843
80908,0,10,352,2401,2568
80909,0,102,452,9064,9202
80910,0,221,5106,6102,6139
80911,0,351,8567,10533,10640
80915,0,0,277,6334,6418
80916,0,186,6928,8402,8462
80917,0,23,277,7564,7680
80918,0,13,712,12877,13141
80919,0,385,7168,8964,9139
80920,0,48,1014,11682,12056
80921,0,12,884,5430,5810
80922,0,26,438,8556,8740
80923,0,9,368,8576,8760
80924,0,6,218,1826,1904
80925,0,15,536,685,691
80926,0,1,19,23,24
80927,0,1,41,324,341
80951,0,0,0,1,1
81001,0,365,7606,8789,8878
81003,0,213,4078,4670,4736
81004,0,300,6583,7566,7666
81005,0,264,9417,10946,10990
81006,0,84,3853,4412,4439
81007,0,224,6199,7151,7230
81008,0,161,3264,3710,3747
81022,0,0,1,1,1
81334,0,0,0,1,1
81401,0,0,0,8,8
81415,0,0,0,1,1
81501,0,118,408,6713,6838
81503,0,34,176,5598,5654
81504,0,0,453,9820,10032
81505,0,0,288,3837,3993
81506,0,16,256,3952,4042
81507,0,0,429,5306,5482
81520,0,0,216,3379,3448
81521,0,47,312,5043,5173
81526,0,2,20,339,347
6001,0,8,548,3334,3869
6002,0,0,352,4973,5563
6010,0,93,700,13810,15319
6013,0,7,166,1098,1256
6016,0,4,138,1872,2063
6019,0,1,12,125,143
6023,0,0,19,344,384
6026,0,9,130,1498,1667
6029,0,0,385,3523,4189
6032,0,0,436,3890,4408
6033,0,87,734,4855,5543
6035,0,0,137,1658,1884
6037,27,73,573,5718,6504
6040,0,84,526,6546,7484
6042,0,66,246,4829,5387
6043,0,3,53,542,635
6051,0,36,219,4608,5155
6052,0,17,120,1646,1799
6053,0,56,390,6169,6832
6060,0,0,18,163,190
6062,0,52,264,4587,5084
6066,0,20,394,5732,6669
6067,0,0,409,4749,5255
6070,0,0,399,2470,2860
6071,0,6,224,2450,2916
6073,0,0,164,830,975
6074,0,48,945,6630,7687
6078,0,27,471,3278,3726
6081,0,1,20,282,313
6082,0,84,672,10458,11801
6084,0,1,68,451,538
6085,0,2,167,1526,1698
6088,0,2,44,1701,1888
6089,0,0,57,505,565
6090,0,0,21,105,124
6092,0,0,54,234,276
6093,0,0,145,1140,1285
6095,0,16,486,7253,8102
6096,0,40,229,3591,3957
6103,0,2,12,139,156
6105,0,27,91,1353,1529
6106,0,98,304,4330,4800
6107,0,31,604,3595,4225
6108,0,73,240,4359,4809
6109,0,0,684,7350,8220
6110,0,32,229,3060,3475
6111,0,118,646,7883,8912
6112,0,70,235,3001,3283
6114,0,68,267,3723,4156
6117,0,0,506,2751,3216
6118,0,82,398,6074,6732
6119,0,19,272,2354,2639
6120,0,16,129,1621,1784
6226,0,16,115,2414,2629
6237,0,0,7,123,142
6238,0,0,4,48,56
6241,0,0,2,38,42
6249,0,0,4,47,49
6250,0,7,62,516,596
6254,0,1,11,152,159
6255,0,2,35,685,775
6256,0,1,5,264,288
6260,0,17,91,1343,1507
6266,0,0,1,29,33
6268,0,16,76,437,516
6277,0,2,20,387,425
6280,0,0,1,27,29
6320,0,44,187,5267,5432
6330,0,0,13,282,296
6331,0,0,0,10,11
6334,0,1,11,157,168
6335,0,2,31,310,331
6338,0,0,0,1,1
6339,0,3,27,341,361
6340,0,39,357,6128,6394
6351,0,10,45,1301,1350
6355,1,3,71,779,832
6359,0,0,0,5,5
6360,0,91,299,6153,6413
6365,0,0,9,213,226
6370,0,0,2,39,40
6374,0,0,0,11,12
6375,0,1,28,506,533
6380,0,5,32,486,498
6382,0,30,126,1448,1527
6385,0,0,132,2220,2333
6401,0,74,227,4303,4567
6403,0,6,143,1387,1537
6405,0,16,628,7232,7885
6410,0,54,915,5842,6526
6416,0,0,280,3726,4150
6418,0,10,230,3061,3277
6424,0,0,2,17,19
6437,0,0,52,358,397
6441,0,0,0,2,2
6444,0,0,0,22,24
6450,0,24,372,7561,8006
6451,0,56,305,5200,5478
6455,0,0,76,867,979
6456,0,2,11,53,63
6457,0,69,657,10240,11359
6460,0,58,694,7885,11284
6461,0,13,368,2923,4134
6468,0,8,479,3229,3655
6470,0,0,5,26,29
6471,0,0,153,1706,1847
6472,0,3,156,1395,1534
6473,0,0,610,4804,6908
6477,0,36,413,2665,3797
6478,0,0,242,2652,2903
6479,0,30,254,2823,3222
6480,0,8,204,2374,2720
6481,0,0,20,389,423
6483,0,25,258,3782,4115
6484,0,39,965,8725,9525
6489,0,9,701,7987,9173
6492,0,159,968,11177,12022
6510,0,8,37,194,268
6511,0,123,555,5025,7015
6512,0,50,526,7612,8197
6513,0,48,292,4042,5860
6514,0,61,328,5658,5968
6515,0,0,135,1818,2592
6516,0,0,430,8030,11777
6517,0,11,283,2457,3510
6518,0,0,295,2920,3186
6519,0,0,93,1590,2286
6524,0,1,167,1296,1436
6525,0,0,358,1728,1994
6604,0,46,205,2717,3779
6605,0,0,137,2523,3544
6606,0,98,543,6224,8735
6607,0,17,65,1035,1426
6608,0,0,91,1294,1861
6610,0,56,221,2669,3680
6611,0,0,1231,7624,8623
6612,0,1,127,568,653
6614,0,0,498,6316,9000
6615,0,0,232,3583,5050
6702,0,16,46,489,549
6704,0,64,311,5028,5280
6705,0,25,189,4706,5038
6706,0,9,106,2957,3082
6708,0,144,508,6370,6727
6710,0,45,135,1331,1447
6712,0,8,185,2491,2673
6716,5,14,301,4280,4647
6762,0,2,207,1828,2003
6770,0,23,477,7035,7582
6779,0,20,115,2278,2465
6782,0,0,4,36,40
6786,0,10,57,863,945
6787,0,0,0,4,5
6795,0,0,213,3060,3379
6798,0,0,6,79,87
6807,0,7,381,1521,1750
6820,0,0,1383,4482,5269
6824,0,58,1335,6089,6930
6825,0,44,637,3340,4599
6830,0,27,832,4656,5163
6831,0,0,873,3323,3824
6840,0,7,875,2969,3440
6850,0,0,392,3005,3379
6851,0,0,494,4950,5329
6853,0,0,294,1030,1201
6854,0,31,323,4047,4362
6855,0,6,151,1742,1848
6870,0,2,385,1460,1691
6878,0,9,460,1328,1587
6880,0,51,1404,5175,5973
6890,0,0,273,1036,1187
6897,0,0,24,86,102
6901,0,4,30,320,345
6902,0,36,706,8223,8847
6903,0,0,522,2074,2441
6905,0,25,419,3725,4004
6906,0,21,200,1684,1852
6907,0,23,246,1549,1699
19701,0,0,585,10447,10988
19702,0,11,354,10705,11015
19703,0,0,52,1413,1463
19706,0,1,20,575,591
19707,0,0,518,4073,4495
19709,0,0,2,30,32
19711,0,0,618,9225,9695
19713,0,14,329,6923,7088
19720,0,0,458,16464,16888
19732,0,0,2,15,17
19801,0,0,176,2822,2959
19802,0,0,215,4385,4527
19803,0,0,535,5461,5924
19804,0,0,177,5915,6068
19805,0,0,446,8382,8661
19806,0,20,160,1916,2018
19807,0,0,285,2142,2412
19808,0,0,481,10662,11098
19809,0,0,193,3117,3228
19810,0,19,449,5785,6184
19901,0,9,348,8926,9100
19904,0,0,169,7838,7991
19931,0,0,1,36,37
19933,0,0,0,2,2
19934,0,48,163,3544,3689
19936,0,0,1,25,26
19940,0,0,14,634,647
19943,0,0,18,715,731
19946,0,0,6,317,329
19956,0,0,55,1276,1307
19962,0,18,64,3000,3068
19973,0,0,149,3074,3159
19979,0,0,7,327,333
19980,0,0,0,89,89
32003,0,36,100,884,4340
32009,0,0,8,23,81
32011,0,0,0,1,14
32043,4,58,67,182,1278
32065,0,0,121,474,4985
32068,0,83,223,626,4158
32073,0,50,137,460,5593
32080,0,67,259,634,3696
32081,0,33,104,609,1967
32082,0,74,169,1266,5075
32084,0,0,36,386,3240
32086,0,0,43,272,3455
32092,0,0,14,254,1632
32095,0,0,3,22,106
32110,0,21,48,82,572
32114,0,57,365,624,3795
32117,0,0,147,407,3903
32118,0,0,114,252,2553
32119,0,21,157,320,3244
32124,0,0,0,54,755
32127,0,192,300,611,5479
32128,0,22,133,295,3247
32129,0,23,107,313,3408
32132,0,0,14,116,1553
32136,0,0,108,284,1663
32137,0,0,228,1016,7622
32141,0,0,15,146,3240
32159,116,155,323,490,12440
32162,0,365,821,1368,29035
32163,0,32,106,287,2697
32164,0,0,198,725,7097
32168,0,94,271,428,4708
32169,0,0,10,338,2312
32174,0,112,392,1045,8304
32176,0,0,83,506,3539
32179,0,2,3,9,246
32195,0,1,4,7,300
32202,0,0,21,41,370
32204,0,24,78,188,1074
32205,0,0,117,430,3705
32206,0,133,400,502,3214
32207,0,39,312,693,4736
32208,0,0,363,588,4676
32209,0,125,499,759,5243
32210,0,0,354,927,8121
32211,0,0,47,323,3676
32212,0,1,2,4,193
32216,0,0,283,672,5091
32217,0,0,80,326,2602
32218,0,0,333,789,5906
32219,0,0,100,181,1526
32220,0,34,102,214,2348
32221,0,0,103,413,4471
32222,0,7,36,89,1658
32223,0,0,167,469,3888
32224,0,0,87,677,4951
32225,0,0,181,889,7932
32226,0,0,71,361,1837
32227,0,1,13,22,279
32233,0,0,83,389,3103
32244,0,135,338,625,7951
32246,0,0,267,605,6511
32250,19,104,265,1004,4757
32254,0,5,204,353,2258
32256,0,30,159,597,4767
32257,0,0,160,662,5041
32258,0,0,28,418,4606
32259,0,0,186,1499,6622
32266,2,7,10,178,1199
32277,0,0,114,322,3449
32301,0,0,93,266,2288
32303,0,26,234,484,4230
32304,0,0,377,611,2570
32305,0,0,42,114,2265
32308,0,32,82,279,2220
32309,0,6,166,473,2987
32310,0,26,124,196,1112
32311,0,0,39,258,2053
32312,0,0,133,643,3288
32317,0,0,50,267,1675
32333,0,0,0,0,2
32401,0,54,238,428,4209
32403,0,0,4,22,562
32404,0,100,287,487,10507
32405,0,0,147,383,5963
32407,0,0,102,276,2738
32408,0,0,157,382,4549
32409,2,6,32,63,1156
32413,0,59,167,640,6084
32444,0,0,75,258,4194
32459,0,13,89,266,1691
32466,0,7,37,100,1010
32501,0,0,155,366,2243
32502,0,20,87,157,1090
32503,0,0,118,611,5960
32504,0,0,112,398,4605
32505,0,28,261,382,5173
32506,0,22,279,680,6140
32507,0,0,127,654,5514
32508,0,2,8,16,229
32514,0,0,150,486,6220
32526,0,0,52,312,7064
32531,0,0,0,1,7
32533,0,35,151,559,6460
32534,0,0,35,176,3197
32536,0,0,43,139,1138
32539,0,21,35,92,1245
32561,0,0,1,3,14
32570,0,0,30,446,4904
32571,0,0,67,491,5559
32577,0,0,0,1,4
32583,0,27,76,250,2690
32601,0,0,212,368,1556
32603,0,5,102,176,406
32605,0,0,31,270,2375
32606,0,40,180,426,2419
32607,0,44,203,397,1871
32608,0,67,484,935,7440
32609,0,12,78,140,1155
32615,0,0,63,191,2966
32617,0,1,22,43,536
32618,0,4,26,53,685
32640,0,0,0,0,0
32641,0,33,139,232,2736
32653,0,0,177,368,3877
32667,0,0,0,0,2
32669,0,0,6,63,537
32701,0,43,123,280,4405
32702,0,0,2,4,38
32703,0,43,385,856,13445
32707,0,109,293,543,3941
32708,0,42,323,899,5281
32709,0,1,5,13,84
32712,0,61,683,1183,14064
32713,0,0,17,316,3813
32714,30,104,237,371,6917
32720,0,82,267,519,6911
32724,0,27,137,392,4200
32725,0,0,113,500,7085
32726,0,20,156,279,6482
32730,0,15,30,53,1159
32732,0,0,0,0,1
32735,5,11,14,39,1514
32736,0,0,6,72,463
32738,0,0,151,568,5565
32744,0,3,6,31,456
32746,0,0,186,678,4113
32750,0,0,145,452,3032
32751,0,63,301,628,5740
32754,0,27,51,127,1204
32757,0,95,336,560,8025
32759,0,0,29,50,259
32763,0,0,77,338,2748
32764,0,0,5,21,214
32765,0,0,272,1361,6956
32766,0,11,112,675,2452
32771,0,0,83,751,5145
32773,0,8,106,325,2870
32776,0,0,7,137,1522
32778,0,57,196,399,7705
32779,0,26,316,756,5864
32780,0,0,145,526,7033
32784,0,13,69,106,1747
32789,0,0,209,1080,5016
32792,0,112,685,1109,11540
32796,0,0,38,250,4141
32798,0,0,27,50,1458
32801,0,23,73,179,921
32803,0,43,206,662,6549
32804,0,14,370,887,6273
32805,0,19,284,383,5776
32806,0,34,362,877,7772
32807,0,0,164,391,8629
32808,0,35,399,787,11085
32809,0,137,303,439,6807
32810,0,111,315,485,8045
32811,0,93,199,371,6325
32812,35,115,274,592,8310
32814,0,2,68,212,1386
32817,0,10,196,657,4333
32818,0,169,349,742,10670
32819,0,55,545,981,8251
32820,0,0,33,240,1503
32821,0,10,100,187,4593
32822,24,220,392,674,11698
32824,0,0,254,483,12184
32825,0,0,523,793,15868
32826,0,0,191,477,2990
32827,0,58,254,622,3701
32828,0,100,332,1063,7260
32829,0,21,137,269,4976
32830,0,0,0,1,19
32832,0,0,179,475,4784
32833,0,3,51,166,1464
32835,0,0,255,676,8206
32836,0,0,391,1038,6053
32837,0,0,272,668,12889
32839,0,143,307,444,6456
32901,0,8,168,386,4653
32903,0,0,92,396,2706
32904,0,0,68,587,6232
32905,0,0,112,262,4105
32907,0,0,94,377,8506
32908,0,4,22,74,2401
32909,0,0,125,410,6203
32920,0,12,63,128,1276
32922,0,53,143,307,2916
32925,0,0,9,24,181
32926,0,9,138,332,5167
32927,0,0,104,531,5772
32931,0,8,105,365,2327
32934,0,14,190,625,3861
32935,0,14,129,473,7802
32937,0,0,65,722,5154
32940,0,0,89,644,5491
32949,0,3,17,88,602
32950,0,8,23,125,1132
32951,0,26,165,386,2764
32952,0,0,92,697,4575
32953,0,72,171,604,5053
32955,0,112,224,671,7704
32958,0,2,13,37,468
32960,0,0,176,415,4046
32962,0,0,107,293,4723
32963,0,0,221,1359,4389
32966,0,22,232,457,3612
32967,0,0,129,406,3093
32968,0,0,6,232,2868
33004,0,0,164,350,1898
33009,0,0,265,519,2772
33010,0,79,197,371,4203
33012,0,0,140,559,6423
33013,0,57,252,406,4371
33014,0,21,91,288,3712
33015,0,0,131,498,6110
33016,33,78,130,313,3439
33018,0,0,229,642,6023
33019,0,0,67,299,1509
33020,0,0,87,476,4392
33021,0,61,182,789,5301
33023,0,0,331,663,7750
33024,0,153,515,1144,8295
33025,0,91,324,567,4252
33026,0,0,174,571,3671
33027,0,0,489,1426,5983
33028,0,15,97,613,3321
33029,0,0,68,1216,6382
33032,0,9,30,62,682
33033,0,0,0,0,5
33054,0,16,219,359,4211
33055,0,23,232,511,6234
33056,0,0,194,416,4971
33060,0,168,319,520,3515
33062,0,0,120,434,2201
33063,0,40,145,310,2761
33064,0,0,140,934,6863
33065,0,0,58,166,1862
33066,0,2,66,123,788
33067,0,0,0,4,19
33069,0,0,76,174,1379
33071,0,0,38,163,1130
33073,0,0,1,2,17
33109,0,0,5,32,59
33122,0,0,7,12,171
33125,0,24,251,423,4227
33126,0,0,47,206,2992
33127,0,0,137,313,3507
33128,0,7,18,24,303
33129,0,12,66,145,928
33130,0,0,31,152,994
33131,0,0,6,24,93
33132,0,0,8,23,154
33133,0,0,151,835,4074
33134,0,79,187,856,5394
33135,0,52,209,346,2843
33136,0,33,86,128,783
33137,0,10,81,244,1393
33138,0,0,236,529,3440
33139,0,31,121,282,1721
33140,0,0,71,442,1772
33141,0,0,103,220,1972
33142,0,0,305,563,6300
33143,0,0,355,1002,4348
33144,0,0,122,302,3375
33145,0,71,240,516,3821
33146,0,0,81,654,2221
33147,0,12,412,715,6608
33149,0,0,48,328,996
33150,0,43,230,434,3338
33154,0,11,82,296,1228
33155,0,67,413,933,7181
33156,0,139,278,1591,5310
33157,0,0,328,1119,6763
33158,0,0,59,366,1238
33160,0,9,82,224,1241
33161,0,0,173,466,4912
33162,0,0,163,403,5041
33165,0,0,282,713,7062
33166,0,72,137,497,3616
33167,0,41,124,266,2503
33168,0,0,21,179,3573
33169,0,0,160,336,4464
33170,0,8,29,53,520
33172,0,0,69,144,1549
33173,0,0,134,524,3628
33174,0,18,101,239,2433
33176,0,52,175,948,5729
33178,0,0,87,286,2343
33179,0,0,100,328,3623
33180,0,0,49,271,1403
33181,0,17,42,123,1304
33183,0,0,0,1,4
33185,0,0,0,1,10
33189,0,0,0,164,3248
33190,0,5,45,119,1430
33301,0,0,10,271,1512
33304,0,0,72,410,2061
33305,0,0,95,397,1741
33306,0,0,30,126,540
33308,0,0,94,541,2874
33309,0,63,105,258,2879
33311,0,81,291,776,6628
33312,0,0,149,834,6524
33313,0,0,142,402,3511
33314,0,0,157,357,2594
33315,0,0,66,295,2074
33316,0,6,45,309,1465
33317,0,0,200,621,4534
33319,0,12,71,147,1720
33321,0,0,0,0,3
33322,0,0,104,389,4165
33323,0,0,62,465,2595
33324,0,19,164,636,4151
33325,0,0,161,573,3718
33326,0,0,69,609,3505
33327,0,0,51,936,3079
33328,9,43,197,772,3800
33330,0,0,84,646,2437
33331,0,0,52,828,3410
33332,0,0,0,431,1611
33334,0,0,180,468,3739
33351,0,0,36,99,1852
33401,0,0,101,345,2324
33403,0,0,27,91,1616
33404,0,17,327,689,4256
33405,0,55,339,615,3229
33406,0,33,167,420,3129
33407,0,109,274,516,3924
33408,0,0,91,480,2598
33409,0,0,116,238,2884
33410,0,0,107,938,5364
33411,0,7,47,124,891
33412,0,0,5,29,171
33413,0,0,54,142,1315
33415,0,43,130,304,3507
33417,0,0,111,283,2612
33418,0,105,385,1518,6061
33426,0,7,79,230,3067
33431,0,0,116,493,2334
33432,0,65,140,554,2304
33433,0,0,137,512,3530
33434,0,9,67,240,1485
33435,0,46,220,513,4591
33436,0,0,237,821,6655
33437,0,23,65,151,1251
33441,0,96,242,516,2880
33442,0,0,112,304,2627
33444,0,71,155,428,2901
33445,0,8,167,501,4141
33446,0,0,2,9,51
33455,0,0,249,659,4374
33460,0,19,121,335,4549
33461,0,26,222,393,4088
33462,0,0,96,519,4631
33463,0,0,137,606,5649
33467,0,0,3,7,54
33469,0,0,0,0,2
33472,0,13,32,102,712
33480,0,0,39,565,1681
33483,0,0,55,444,2059
33484,0,7,82,213,1825
33486,0,59,176,749,3335
33487,0,40,78,311,1471
33496,0,0,37,258,834
33510,0,38,106,258,4323
33511,0,54,354,777,8024
33523,0,0,0,0,4
33527,0,82,145,388,2800
33534,0,22,93,146,2567
33543,0,46,308,708,7307
33544,0,0,105,288,3532
33545,0,0,0,0,3
33547,0,11,111,637,3119
33548,4,20,157,363,2016
33549,0,17,171,376,5423
33556,0,0,650,1389,7883
33558,0,28,487,966,6416
33559,0,69,175,282,3646
33563,0,43,159,253,4175
33565,0,14,73,219,2555
33566,0,0,64,324,3695
33567,0,0,30,75,1120
33569,0,0,142,575,5007
33570,0,5,67,172,2399
33572,0,16,132,792,4481
33573,0,18,147,476,5266
33578,0,126,391,720,7475
33579,0,28,152,588,5609
33584,0,102,244,512,4630
33592,0,12,36,149,1354
33594,0,0,149,700,6583
33596,0,19,58,643,5584
33598,0,0,41,166,1755
33602,0,0,36,263,1385
33603,0,17,120,348,3380
33604,0,0,241,588,5633
33605,0,0,215,418,3790
33606,0,39,146,581,2609
33607,0,0,222,544,4222
33609,0,0,80,619,3087
33610,0,10,348,686,6054
33612,0,182,505,747,5905
33613,0,110,272,498,3333
33614,0,54,260,465,6340
33615,0,0,218,629,7059
33617,0,0,340,570,5360
33618,0,55,142,584,4550
33619,0,0,150,493,6244
33624,0,97,229,568,6980
33625,0,0,123,330,4388
33626,0,94,606,1306,7786
33629,0,14,240,1181,4146
33634,0,43,80,312,3634
33635,0,0,102,310,2816
33637,0,29,62,116,2088
33647,0,0,179,1352,9381
33701,0,39,207,391,3057
33702,0,172,450,928,9175
33703,0,18,562,1150,8275
33704,0,0,405,850,5283
33705,0,82,371,725,7945
33706,0,45,407,910,5903
33707,0,126,427,737,8070
33708,0,68,336,584,5937
33709,0,165,372,520,8427
33710,0,75,399,674,12055
33711,0,100,250,473,5350
33712,0,83,437,625,7238
33713,0,11,271,767,10913
33714,0,70,202,335,6202
33715,0,11,115,223,1749
33716,0,9,74,143,2181
33755,0,102,335,634,6985
33756,0,145,498,725,8733
33759,0,51,214,423,4480
33760,0,41,160,257,3582
33761,61,116,282,478,5883
33762,0,0,114,221,2513
33763,0,38,156,291,4094
33764,0,197,493,798,8575
33765,29,67,193,339,4030
33767,0,0,153,327,1865
33770,0,91,330,585,7977
33771,20,203,354,516,9935
33772,0,43,351,634,8279
33773,0,163,355,606,7143
33774,0,24,169,397,5852
33776,0,10,348,606,4655
33777,0,24,222,533,5766
33778,0,70,292,494,6115
33781,0,224,503,839,8985
33782,0,57,294,474,7970
33785,0,17,152,270,2311
33786,0,8,91,183,811
33801,0,0,263,537,5516
33803,0,92,236,565,5159
33805,0,0,190,326,3587
33809,0,0,159,390,4559
33810,0,55,236,555,7102
33811,0,41,131,408,4365
33812,0,0,42,188,2449
33813,0,0,264,1055,6641
33815,0,32,193,332,3294
33823,0,0,242,656,5988
33825,0,102,239,417,6427
33827,0,1,20,40,478
33830,0,45,299,463,8626
33837,0,0,243,553,10468
33838,0,2,29,42,1548
33839,0,0,26,83,628
33843,0,0,15,38,1264
33844,0,100,399,624,11764
33848,0,3,5,7,40
33850,0,0,23,93,1533
33852,0,0,6,13,246
33853,0,101,244,350,4342
33856,0,0,0,0,209
33859,0,0,64,136,4062
33860,0,37,125,280,3775
33868,0,1,34,72,1103
33870,0,96,288,587,10291
33872,0,5,119,249,4976
33875,0,11,76,164,2690
33876,0,14,60,102,1433
33880,0,239,638,1023,12420
33881,0,195,597,856,12339
33884,0,49,279,509,11499
33896,0,37,125,223,4409
33897,0,88,196,432,9567
33898,0,37,106,163,3919
33901,0,6,260,574,4073
33903,0,77,253,451,7385
33904,0,0,353,795,9919
33905,0,126,339,690,8537
33907,0,0,162,293,3644
33908,0,120,539,1124,10038
33909,0,49,188,386,6639
33912,0,32,269,751,5316
33913,0,25,202,867,5801
33914,0,86,428,1060,13682
33916,0,0,173,368,3732
33917,0,28,356,940,9571
33919,0,38,238,609,6638
33920,0,0,54,156,1867
33921,0,14,83,182,628
33922,0,12,44,132,1651
33928,0,72,340,859,5990
33931,0,0,148,494,3916
33935,0,0,0,0,2
33936,0,18,284,558,7278
33946,0,0,23,169,1304
33947,0,41,153,291,3487
33948,0,0,101,234,5466
33950,0,100,399,865,7556
33952,0,116,304,593,10146
33953,0,11,106,230,2443
33954,0,0,17,151,2893
33955,0,0,56,260,3182
33956,0,0,77,202,1990
33957,0,24,187,742,3247
33965,0,0,3,5,49
33966,0,22,105,220,2112
33967,0,0,121,406,5744
33971,0,0,65,251,5608
33972,0,18,87,212,3131
33973,0,10,88,153,1937
33974,0,44,123,236,4116
33976,0,14,38,76,3988
33980,0,11,72,250,3827
33981,0,0,97,291,3985
33982,0,6,92,163,2135
33983,0,29,82,198,4182
33990,0,60,240,647,7968
33991,0,77,187,340,5924
33993,0,0,212,645,6792
34102,0,26,153,765,3565
34103,0,0,148,546,2669
34104,0,0,81,299,5498
34105,0,33,179,627,3189
34108,0,39,256,984,4435
34109,0,0,286,753,4952
34110,0,65,276,960,5513
34112,0,27,181,498,6040
34113,0,102,225,497,4681
34114,0,0,187,555,4594
34116,0,0,93,337,4912
34117,0,0,46,141,1570
34119,0,0,242,1019,6692
34120,0,0,23,153,1703
34134,0,19,265,989,4280
34135,0,0,175,998,12048
34142,0,0,0,0,1
34145,0,0,404,1095,5767
34201,0,10,36,211,1301
34202,0,28,199,619,3526
34203,0,0,301,726,9052
34205,0,29,200,447,6334
34207,0,0,267,475,7789
34208,0,144,380,627,6900
34209,0,56,281,619,7405
34210,0,0,148,316,2621
34211,0,6,88,257,1368
34212,0,0,34,352,2774
34219,0,0,46,363,4331
34221,0,0,187,703,10184
34222,0,6,53,193,3839
34223,0,56,304,766,7959
34224,0,100,327,526,6309
34228,0,0,114,374,1740
34229,0,25,93,363,2399
34231,0,35,272,769,8068
34232,0,58,233,665,8075
34233,0,56,97,306,4797
34234,0,0,106,340,4890
34235,0,37,214,386,3641
34236,0,32,98,403,2187
34237,0,24,125,226,3330
34238,0,69,208,733,5327
34239,0,46,216,523,4479
34240,0,0,26,396,2544
34241,0,23,154,466,3181
34242,0,4,189,559,2849
34243,0,78,178,623,7438
34250,0,0,6,21,188
34269,0,0,28,49,802
34275,0,115,316,765,6514
34285,0,18,164,491,6181
34286,0,16,31,225,5232
34287,0,12,120,385,8233
34288,0,0,73,238,3381
34289,0,0,1,13,488
34291,0,0,51,114,2057
34292,0,64,163,452,4735
34293,18,128,475,1097,12576
34420,0,93,186,284,5052
34428,0,15,50,76,872
34429,0,16,120,208,2448
34432,0,3,6,8,154
34434,0,0,1,2,38
34436,0,2,14,25,382
34442,8,43,85,146,2322
34446,0,0,89,209,3238
34448,0,51,118,166,2700
34450,0,12,72,128,1416
34452,0,51,106,151,2904
34453,0,0,59,82,2253
34461,0,6,32,85,1799
34465,0,52,161,259,4991
34470,0,0,87,223,5840
34471,0,135,465,752,7773
34472,0,119,321,486,8731
34473,0,2,5,10,165
34474,0,0,143,296,4855
34475,0,42,244,397,3471
34476,0,82,245,429,9610
34479,0,72,175,246,4230
34480,0,0,178,428,6124
34481,0,49,153,334,6605
34482,0,20,98,231,4576
34484,0,11,41,93,918
34488,0,4,24,50,946
34491,0,0,139,398,8615
34601,9,52,144,196,2744
34604,0,23,86,171,2397
34606,0,100,267,489,10751
34607,0,0,59,191,2269
34608,37,186,311,559,11968
34609,0,201,556,1004,14816
34610,0,6,184,329,5339
34613,0,51,192,275,6177
34614,2,5,10,32,399
34638,0,0,290,614,5346
34639,0,0,244,535,6280
34652,0,169,416,607,10886
34653,0,0,122,441,11919
34654,0,71,226,403,6864
34655,0,33,501,1203,16026
34667,0,16,313,709,15900
34668,0,239,736,1095,19326
34669,0,0,165,301,5713
34677,0,100,355,725,7338
34679,0,0,0,0,16
34681,0,0,2,4,38
34683,0,12,272,902,11942
34684,0,107,357,795,8615
34685,0,0,271,582,5300
34688,8,16,157,336,2522
34689,0,125,459,991,9939
34690,0,45,141,224,6243
34691,0,157,397,669,10110
34695,0,51,306,681,5999
34698,0,0,398,821,12341
34705,0,0,4,8,431
34711,55,129,592,1276,17535
34714,0,0,79,174,5049
34715,8,16,93,154,3855
34731,0,21,106,162,3340
34734,10,22,63,139,1348
34736,0,0,6,11,217
34737,0,1,7,23,486
34741,0,156,295,434,7820
34743,0,117,213,374,10321
34744,0,0,254,565,10994
34746,0,252,677,1133,14872
34747,0,23,476,941,10852
34748,0,0,185,359,11081
34756,0,0,23,81,911
34758,12,97,193,314,11825
34759,0,102,372,643,10715
34760,0,4,19,42,321
34761,0,150,413,802,11688
34762,0,0,2,7,102
34769,0,34,67,261,8137
34771,0,23,112,341,4420
34772,0,93,252,383,8906
34785,0,19,116,185,2976
34786,0,59,736,1817,10544
34787,0,19,1027,1849,16794
34788,26,103,238,340,6090
34797,0,1,30,57,470
34945,0,9,29,55,539
34946,0,34,219,392,1473
34947,0,34,112,206,1834
34949,0,17,50,173,1215
34950,0,0,266,537,2670
34951,0,0,112,230,3249
34952,0,0,132,729,8330
34953,0,9,109,309,4331
34957,0,38,182,612,4607
34981,0,0,0,3,126
34982,0,0,74,175,2277
34983,0,16,280,669,7711
34984,0,0,24,215,2982
34986,0,0,59,506,4186
34990,0,0,235,1064,5012
34994,0,0,97,362,2518
34996,0,33,67,301,1862
34997,0,45,247,719,5572
30002,0,0,0,0,0
30004,0,0,0,0,0
30005,0,0,0,0,0
30008,0,0,0,0,0
30009,0,0,0,0,0
30011,0,0,0,0,0
30012,0,0,0,0,0
30013,0,0,14,55,55
30014,0,0,0,0,0
30016,0,0,0,0,0
30017,0,0,0,0,0
30019,9,9,18,27,36
30021,0,0,0,0,0
30022,0,0,0,0,0
30024,0,0,0,0,0
30028,0,0,0,0,0
30030,0,0,0,0,0
30032,0,0,0,0,0
30033,0,0,0,0,0
30034,0,0,0,0,0
30035,0,0,0,0,0
30038,0,0,0,0,0
30039,0,0,0,0,0
30040,0,0,0,0,0
30041,0,0,0,0,0
30043,0,0,0,0,0
30044,0,0,0,0,0
30045,0,0,0,0,0
30046,0,0,0,0,0
30047,0,0,0,0,0
30052,0,0,0,0,0
30058,0,0,0,0,0
30060,0,0,0,0,0
30062,0,0,0,0,0
30064,0,0,0,0,0
30066,0,0,0,0,0
30067,0,0,0,0,0
30068,0,0,0,0,0
30071,0,0,0,0,0
30072,0,0,0,0,0
30075,0,0,0,0,0
30076,0,0,0,0,0
30078,0,0,0,0,0
30079,0,0,0,0,0
30080,0,0,0,0,0
30082,0,0,0,0,0
30083,0,0,0,0,0
30084,0,0,0,0,0
30087,9,9,9,17,26
30088,0,0,0,0,0
30092,0,0,0,0,0
30093,0,0,0,0,0
30094,0,0,0,0,0
30096,0,0,0,0,0
30097,0,0,0,0,0
30101,0,0,0,0,0
30102,0,0,0,0,0
30103,0,0,0,0,0
30106,0,0,0,0,0
30107,0,0,0,0,0
30114,0,0,0,0,0
30115,0,0,0,0,0
30116,0,0,0,0,0
30117,0,0,0,0,0
30120,0,0,0,0,0
30121,0,0,0,0,0
30122,0,0,0,0,0
30126,0,0,0,0,0
30127,0,0,0,0,0
30132,0,0,0,0,0
30134,0,0,0,0,0
30135,0,0,0,0,0
30137,0,0,0,0,0
30141,0,0,0,0,0
30144,0,0,0,0,0
30147,0,0,0,0,0
30152,0,0,0,0,0
30157,0,0,0,0,0
30161,0,0,0,0,0
30165,0,0,0,0,0
30168,10,14,14,14,14
30173,0,0,0,0,0
30180,0,0,0,0,0
30187,0,0,0,0,0
30188,0,0,0,0,0
30189,0,0,0,0,0
30205,0,0,0,0,0
30213,0,0,0,0,0
30214,0,0,0,0,0
30215,0,0,0,0,0
30223,0,0,0,0,0
30228,0,0,27,54,68
30234,0,0,0,0,0
30236,0,0,0,0,0
30238,0,0,0,0,0
30248,0,0,0,0,0
30252,0,0,0,0,0
30253,0,0,0,0,0
30260,0,0,0,0,0
30268,0,0,0,0,2
30269,0,0,0,0,0
30273,0,0,0,0,0
30274,0,0,0,0,0
30276,0,0,0,0,0
30277,0,0,0,0,0
30281,0,0,0,0,0
30288,0,0,0,0,0
30290,0,0,0,0,0
30291,0,0,0,0,0
30294,0,0,0,0,0
30296,0,0,0,0,0
30297,0,0,0,0,0
30305,0,0,0,0,0
30306,0,0,0,0,0
30307,0,0,0,0,0
30308,0,0,0,0,0
30309,0,0,0,0,0
30310,0,0,0,0,0
30311,0,0,0,0,0
30312,0,0,0,0,0
30313,0,0,0,0,0
30314,0,0,0,0,0
30315,0,0,0,0,0
30316,0,0,0,0,0
30317,0,0,0,0,0
30318,0,0,0,0,0
30319,0,0,0,0,0
30324,0,0,0,0,0
30326,0,0,0,0,0
30327,0,0,0,0,0
30328,0,0,0,0,0
30329,0,0,0,0,0
30331,0,0,0,0,0
30336,0,0,0,0,0
30337,0,0,0,0,0
30338,0,0,0,0,0
30339,0,0,0,0,0
30340,0,0,0,0,0
30341,0,0,0,0,0
30342,0,0,0,0,0
30344,0,0,0,0,0
30345,3,3,3,3,3
30346,0,0,0,0,0
30349,0,0,0,0,0
30350,0,0,0,0,0
30354,0,0,0,0,0
30360,0,0,0,0,0
30363,0,0,0,0,0
30458,0,0,0,0,0
30461,0,0,0,0,0
30501,0,0,0,0,0
30504,0,0,0,0,0
30506,0,0,0,0,0
30507,0,1,2,4,6
30517,0,0,0,0,0
30518,0,0,0,0,0
30519,0,0,0,0,0
30542,0,0,0,0,0
30548,2,2,2,2,3
30564,0,0,0,0,0
30565,0,0,0,0,0
30566,0,0,0,0,0
30601,0,0,0,0,0
30605,0,0,0,0,0
30606,0,0,0,0,0
30607,0,0,0,5,5
30619,0,0,0,0,0
30620,0,0,0,0,0
30621,0,0,0,0,0
30622,0,0,0,0,0
30646,0,0,0,0,0
30655,0,0,0,0,0
30677,0,0,0,0,0
30680,0,0,0,0,0
30683,1,1,2,3,4
30701,0,0,0,0,0
30705,0,0,0,0,0
30707,0,0,0,0,0
30720,0,0,0,0,0
30721,0,0,0,0,0
30725,0,0,0,0,0
30735,0,0,0,0,0
30736,9,9,9,19,56
30738,0,0,0,0,0
30740,0,0,0,0,0
30741,0,0,0,0,0
30742,0,0,0,0,0
30750,0,0,0,0,0
30755,0,0,0,0,0
30757,0,0,0,0,0
30802,0,0,0,0,0
30805,0,0,0,0,0
30809,0,0,0,0,0
30813,0,0,0,0,0
30815,0,0,0,0,0
30901,0,0,0,0,0
30904,0,0,0,0,0
30905,0,0,0,0,0
30906,0,0,0,0,0
30907,0,0,0,0,0
30909,0,0,0,0,0
31005,0,0,0,0,0
31008,0,0,0,0,0
31020,0,0,0,0,0
31028,0,0,0,0,0
31030,0,0,0,0,0
31032,0,0,0,0,0
31047,6,6,7,10,11
31052,0,0,0,0,0
31088,0,0,0,0,0
31093,0,0,0,0,0
31098,0,0,0,0,0
31201,0,0,0,0,0
31204,0,0,0,0,0
31206,0,0,0,0,0
31210,0,0,0,0,0
31211,0,0,0,0,0
31216,0,0,0,0,0
31217,0,0,0,0,0
31220,0,0,0,0,0
31301,0,0,0,0,0
31302,0,0,0,0,0
31313,0,0,0,0,0
31315,0,0,0,0,0
31322,0,0,0,0,0
31324,0,0,0,0,0
31401,0,0,0,0,0
31404,0,0,0,0,0
31405,0,0,0,0,0
31406,0,0,0,0,0
31407,0,0,0,0,0
31408,17,17,17,17,17
31410,0,0,0,0,0
31411,0,0,0,0,0
31415,0,0,0,0,4
31419,0,0,0,0,0
31520,0,0,0,0,0
31523,0,0,0,0,0
31525,0,0,0,0,0
31601,0,0,0,0,0
31602,0,0,0,0,0
31605,0,0,0,0,0
31606,0,0,0,0,0
31632,0,0,0,0,0
31636,0,0,0,0,0
31701,0,0,0,0,0
31705,0,0,0,0,0
31707,0,0,0,0,0
31721,27,27,32,32,32
31763,0,0,0,0,0
31791,0,0,0,0,0
31808,0,0,0,0,1
31820,0,0,0,0,0
31901,0,0,0,0,0
31903,0,0,0,0,0
31904,0,0,0,0,0
31905,0,0,0,0,0
31906,0,0,0,0,0
31907,0,0,0,0,0
31909,0,0,0,0,0
96701,0,1144,8117,8174,8174
96706,0,1644,15790,15838,15838
96707,0,1031,9506,9544,9544
96720,0,408,4518,4536,4536
96725,0,10,105,105,105
96732,0,690,6033,6045,6045
96734,0,907,6191,6210,6210
96740,0,1088,9948,9978,9978
96744,0,1349,9889,9929,9929
96753,0,963,8420,8453,8453
96761,0,658,5347,5352,5352
96779,0,108,910,912,912
96782,0,889,8973,8982,8982
96786,0,451,5889,5930,5930
96789,0,1412,13483,13578,13578
96793,0,816,7248,7277,7277
96795,0,3,26,26,26
96797,0,1377,13338,13378,13378
96813,0,386,3388,3412,3412
96814,0,123,1145,1157,1157
96815,0,231,2768,2782,2782
96816,0,1926,13240,13361,13361
96817,0,847,8097,8138,8138
96818,0,641,8256,8306,8306
96819,0,1010,8526,8560,8560
96821,0,1378,6484,6543,6543
96822,0,726,6575,6601,6601
96825,0,1191,7934,7958,7958
96826,0,223,2609,2630,2630
50007,0,0,1,5,29
50009,0,0,223,767,5829
50010,95,290,2349,5119,5203
50014,41,206,1250,2630,2687
50021,0,0,224,1096,7219
50023,0,0,282,1227,9448
50035,0,0,53,234,1710
50047,0,0,63,226,2074
50061,0,0,45,157,581
50073,0,0,9,23,100
50105,1,10,133,304,307
50109,0,1,38,110,540
50111,0,0,141,460,4310
50131,0,6,435,1119,6066
50134,1,3,26,56,56
50156,0,2,25,52,53
50201,0,0,2,5,5
50211,0,0,107,515,3046
50226,0,165,858,1552,1614
50237,0,0,13,73,495
50248,0,0,2,4,4
50265,0,21,391,1451,9964
50266,0,5,231,747,4707
50309,0,0,24,87,845
50310,0,0,143,674,7044
50311,0,3,105,415,2823
50312,0,7,216,607,3154
50313,0,17,135,636,5553
50314,0,19,124,337,2061
50315,0,87,225,960,8488
50316,0,0,84,310,3595
50317,0,70,315,1166,11448
50320,0,0,157,623,4630
50321,0,0,55,228,1779
50322,0,71,385,1134,9863
50323,0,0,124,419,1318
50324,0,0,54,183,1612
50325,0,0,164,622,3330
50327,0,12,162,535,3715
50613,98,560,2918,9539,9686
50626,0,0,1,2,21
50634,0,0,0,1,75
50643,3,27,211,679,688
50647,0,0,0,0,7
50648,0,0,0,0,1
50651,0,1,9,31,32
50667,0,3,6,10,319
50701,0,0,269,703,8411
50702,0,32,185,293,6260
50703,0,57,136,352,5608
50707,0,0,30,119,2652
51054,0,0,80,335,1584
51101,0,14,43,118,405
51103,0,24,80,563,3910
51104,0,30,191,846,4908
51105,0,0,66,262,1955
51106,0,0,236,1267,7163
51108,0,6,48,249,1409
51109,0,2,14,141,1034
51111,0,0,0,5,245
51501,0,67,378,2996,13278
51503,0,21,309,2647,10073
51510,0,5,39,363,1541
51526,0,0,5,35,130
52001,110,347,2733,8959,9078
52002,4,69,634,1875,1904
52003,4,102,722,2067,2101
52227,4,45,427,1031,1052
52228,0,49,300,653,677
52233,0,93,808,1880,1916
52240,19,285,1764,4582,4696
52241,0,39,184,373,3761
52242,0,0,2,5,48
52245,0,18,145,340,3385
52246,0,0,242,560,3251
52302,47,557,4743,11597,11775
52314,0,1,10,24,24
52317,0,3,22,60,62
52324,0,4,98,244,245
52328,0,44,466,1010,1031
52333,0,0,1,2,2
52338,0,3,16,35,36
52341,0,13,85,202,209
52401,7,29,220,518,527
52402,94,386,4007,10204,10392
52403,0,261,2432,5801,5890
52404,73,411,5016,11894,12027
52405,22,228,2902,7237,7310
52411,0,344,1305,2542,2675
52722,0,34,613,1613,10779
52748,0,15,136,291,296
52753,0,9,60,173,1440
52801,0,2,12,33,204
52802,0,0,133,317,3244
52803,0,0,185,561,5005
52804,0,0,157,557,6136
52806,106,309,3553,8008,8073
52807,0,0,142,439,3833
83201,0,179,5448,9833,9902
83202,0,148,2903,5216,5248
83204,0,78,1931,3339,3386
83209,0,0,6,11,11
83301,0,291,12583,16048,16178
83328,0,13,804,982,988
83341,0,26,938,1214,1225
83401,0,216,5123,10122,10245
83402,0,166,3634,7480,7548
83404,0,247,3598,6695,6853
83406,0,126,2487,4813,4857
83427,0,3,272,541,542
83501,0,129,1313,11561,11713
83605,0,141,6437,10775,10796
83607,0,167,3458,5909,5927
83616,0,625,6405,9814,10076
83634,0,16,393,626,634
83642,0,478,10045,15641,15960
83644,0,0,11,18,18
83646,0,619,11801,18556,18724
83651,0,185,6024,10190,10252
83669,0,45,915,1443,1462
83686,0,268,8944,14757,14891
83687,0,82,6841,11681,11763
83702,0,271,3907,6061,6165
83703,0,200,3294,5180,5265
83704,0,133,7508,12004,12052
83705,0,141,5207,8229,8287
83706,0,310,5848,8968,9114
83709,0,372,13250,20453,20618
83712,0,133,1530,2402,2456
83713,0,271,6101,9542,9649
83714,0,309,4927,7537,7722
83716,0,277,3315,5113,5223
83814,0,28,529,6823,7021
83815,0,0,504,11729,11945
83833,0,0,2,48,49
83835,0,47,381,7628,7737
83854,0,73,525,14362,14508
83858,0,0,245,3976,4078
60002,0,0,0,0,0
60004,0,0,0,0,30
60005,0,0,0,2,19
60007,0,0,0,0,0
60012,0,0,0,0,0
60014,0,0,0,0,0
60015,0,0,0,0,6
60016,0,0,0,44,77
60018,0,0,0,0,29
60022,0,0,0,0,5
60025,0,0,0,0,48
60026,0,0,0,0,13
60029,0,0,1,1,2
60030,0,0,0,0,0
60031,0,0,0,0,0
60033,0,0,0,0,0
60034,0,0,0,0,0
60035,0,0,0,0,46
60040,0,0,0,0,0
60041,0,0,0,0,0
60043,0,0,0,0,1
60044,0,0,0,2,10
60045,0,0,0,0,18
60046,0,0,0,0,0
60047,0,0,0,0,0
60048,0,0,0,8,25
60053,0,0,0,0,0
60056,0,0,0,0,24
60060,0,0,0,0,12
60061,0,0,0,0,0
60062,0,0,0,0,0
60064,0,0,0,6,50
60068,0,0,0,0,0
60069,0,0,0,0,0
60070,0,0,2,15,27
60071,0,0,0,0,0
60073,0,0,0,0,0
60076,0,0,0,0,42
60077,0,0,0,0,31
60083,0,0,0,0,3
60084,0,0,0,0,1
60085,0,0,0,0,50
60087,0,6,26,26,26
60088,0,0,0,0,1
60089,0,0,0,0,0
60090,0,0,0,0,23
60091,0,0,0,0,0
60093,0,0,0,0,0
60096,0,0,0,6,8
60097,0,0,0,1,2
60098,0,0,0,0,0
60099,0,0,0,0,47
60101,0,0,0,0,0
60102,0,0,0,0,2
60103,0,0,0,0,0
60104,0,0,0,0,0
60106,0,0,0,22,45
60107,0,0,0,0,8
60108,0,0,0,0,0
60110,0,0,0,1,3
60118,0,0,0,0,0
60119,0,0,0,0,1
60120,0,0,0,11,17
60123,0,0,0,9,13
60124,0,0,0,0,0
60126,0,0,0,0,0
60130,0,0,3,38,55
60131,0,0,0,0,31
60133,0,0,0,0,40
60134,0,0,0,34,42
60136,0,0,0,0,0
60137,0,44,53,53,79
60139,0,0,0,0,20
60140,0,0,0,0,0
60141,0,0,0,0,0
60142,0,0,0,31,133
60143,0,0,0,3,3
60148,0,0,0,0,0
60153,0,0,0,0,33
60154,0,0,0,0,0
60155,0,0,0,29,50
60156,0,0,0,0,5
60157,0,0,0,0,1
60160,0,0,0,0,0
60162,0,0,0,0,0
60163,0,0,0,0,2
60164,0,0,0,15,40
60165,0,0,0,0,0
60169,0,0,0,0,0
60171,0,0,0,0,5
60172,0,0,13,26,33
60173,0,0,0,0,0
60174,0,0,0,8,34
60175,0,0,0,0,0
60176,0,6,22,33,44
60177,0,0,0,0,0
60180,0,0,0,0,0
60181,0,0,36,65,65
60184,0,0,0,0,0
60185,0,0,0,0,16
60187,0,0,0,32,45
60188,0,0,0,0,19
60189,0,0,0,14,21
60190,0,0,3,9,12
60191,0,0,0,0,0
60193,0,0,0,58,96
60194,0,0,0,0,0
60201,0,0,0,0,0
60202,0,0,0,0,9
60203,0,0,0,0,3
60301,0,0,0,0,1
60302,0,0,0,0,0
60304,0,0,0,0,0
60305,0,0,0,0,0
60402,0,0,0,0,30
60403,0,0,0,0,32
60404,0,0,0,0,0
60406,0,0,0,0,13
60409,0,0,0,0,51
60410,0,0,0,1,2
60411,0,0,0,0,29
60415,0,0,0,2,27
60417,0,0,0,0,4
60419,0,0,0,0,33
60421,0,0,0,0,0
60422,0,0,0,2,5
60423,0,0,0,0,0
60425,0,0,0,7,24
60426,0,0,0,0,24
60428,0,0,0,9,18
60429,0,0,0,0,0
60430,0,0,0,0,26
60431,0,0,0,0,0
60432,0,0,0,19,56
60433,0,0,4,16,27
60435,0,0,0,0,25
60436,0,0,26,69,100
60438,0,0,0,0,28
60439,0,0,7,30,37
60440,0,0,37,99,111
60441,0,0,0,0,20
60442,0,0,0,0,0
60443,0,0,0,12,54
60445,0,0,0,0,74
60446,0,0,0,0,11
60447,0,0,0,0,0
60448,0,0,29,36,43
60449,0,0,0,0,0
60451,0,0,0,0,0
60452,0,0,0,0,0
60453,0,0,0,0,0
60455,0,0,0,0,34
60456,0,0,0,0,0
60457,0,0,0,0,0
60458,0,0,0,0,8
60459,0,0,0,16,32
60461,0,0,0,0,26
60462,0,0,0,11,32
60463,0,0,0,0,15
60464,0,0,0,0,13
60465,0,0,0,0,4
60466,0,0,11,47,80
60467,0,0,0,0,30
60469,0,0,0,0,4
60471,0,0,0,3,45
60472,0,0,0,0,9
60473,0,0,0,0,7
60475,0,0,0,12,14
60476,0,0,0,0,0
60477,0,0,0,47,94
60478,0,0,0,18,48
60480,0,0,0,0,0
60482,0,0,0,22,36
60484,0,0,0,0,0
60487,0,7,7,7,7
60490,0,0,0,18,30
60491,0,0,0,0,0
60501,0,0,0,6,23
60502,0,0,0,0,0
60503,0,0,4,12,12
60504,0,0,0,0,0
60505,0,0,0,0,0
60506,0,0,0,130,177
60510,0,16,23,31,39
60512,0,0,0,0,0
60513,0,0,0,0,0
60514,0,0,0,0,0
60515,0,0,0,50,64
60516,0,0,0,0,16
60517,0,0,0,21,35
60519,0,0,0,0,0
60521,0,0,0,0,0
60523,0,13,38,48,51
60525,8,41,41,49,65
60526,0,0,0,0,0
60527,0,0,0,7,35
60532,0,0,0,23,29
60534,0,0,0,0,8
60538,0,0,19,25,37
60540,0,0,33,43,65
60542,0,0,5,15,25
60543,0,0,0,11,21
60544,0,0,0,0,24
60546,0,0,0,0,18
60554,0,0,0,0,0
60555,0,0,0,0,13
60558,0,0,0,0,0
60559,0,0,0,0,29
60560,0,0,0,0,0
60561,0,7,13,20,26
60563,0,0,0,0,0
60564,0,0,0,13,25
60565,0,0,0,0,0
60585,0,0,0,0,0
60586,0,0,0,0,0
60601,0,0,0,0,0
60602,0,0,0,0,0
60603,0,0,0,0,0
60604,0,0,0,0,0
60605,0,0,0,3,8
60606,0,0,0,0,0
60607,0,0,0,0,10
60608,0,0,31,82,164
60609,0,0,0,24,166
60610,0,0,0,0,0
60611,0,0,0,0,3
60612,0,0,0,0,0
60613,0,0,0,0,16
60614,0,0,0,21,69
60615,0,0,0,0,13
60616,0,0,0,0,20
60617,0,0,19,155,232
60618,0,57,100,114,114
60619,0,0,0,0,206
60620,0,0,0,32,175
60621,0,0,0,75,179
60622,0,0,0,29,81
60623,0,0,0,0,141
60624,0,0,0,53,111
60625,0,0,0,0,0
60626,0,0,0,0,0
60628,0,0,0,0,45
60629,0,0,0,0,0
60630,0,0,0,26,77
60631,0,0,0,0,0
60632,0,0,0,0,64
60633,0,0,0,0,7
60634,0,0,0,0,0
60636,0,0,0,0,61
60637,0,0,0,0,26
60638,0,0,0,0,0
60639,0,0,0,107,173
60640,0,0,0,0,0
60641,0,0,48,96,119
60642,0,0,0,0,0
60643,0,0,0,0,35
60644,0,0,0,0,71
60645,0,0,0,0,0
60646,0,0,0,15,53
60647,0,0,0,0,0
60649,0,0,0,53,123
60651,0,0,0,0,109
60652,0,0,0,44,132
60653,0,0,0,27,77
60654,0,0,0,0,1
60655,0,0,0,7,41
60656,0,0,0,12,31
60657,0,0,0,23,40
60659,0,0,0,0,6
60660,0,0,0,0,0
60661,0,0,0,0,1
60706,0,0,0,0,7
60707,0,0,0,48,86
60712,0,0,0,0,0
60714,0,0,0,0,32
60803,0,0,0,0,0
60804,0,0,0,27,136
60805,0,0,0,0,46
60827,0,0,0,0,67
60901,0,0,0,29,100
60910,0,0,0,0,1
60914,0,0,0,4,25
60915,0,0,0,2,10
60922,0,0,0,0,0
60964,0,0,0,0,0
61008,0,0,0,0,0
61011,0,0,0,0,0
61016,0,0,0,0,0
61025,0,0,0,0,0
61065,0,0,0,3,6
61072,0,0,0,0,0
61073,0,0,0,0,0
61101,0,0,0,0,76
61102,0,0,0,0,5
61103,0,0,0,0,0
61104,0,0,0,0,46
61107,0,0,0,9,73
61108,0,0,0,0,0
61109,0,0,0,26,96
61111,0,0,0,0,30
61114,0,0,0,0,5
61115,0,0,0,0,0
61201,0,0,0,0,0
61239,0,0,0,0,0
61240,0,0,0,0,2
61241,0,0,0,0,0
61244,0,0,0,0,0
61256,0,0,0,0,0
61264,0,0,0,0,0
61265,0,0,0,0,0
61273,0,0,0,0,0
61275,0,0,0,0,0
61282,0,0,0,0,0
61284,0,0,0,0,0
61301,0,0,0,3,13
61320,0,0,0,0,0
61341,0,0,0,1,9
61348,0,0,0,0,0
61350,0,0,0,0,0
61354,0,0,0,0,0
61362,0,0,0,4,4
61364,0,7,27,48,75
61373,0,0,0,0,0
61523,0,2,7,8,10
61525,0,0,0,0,0
61526,0,0,0,0,0
61528,0,0,0,0,0
61535,0,0,0,0,0
61536,0,0,0,0,0
61547,0,0,0,0,0
61548,0,0,0,0,2
61550,0,0,0,0,10
61554,0,0,0,0,0
61568,0,0,0,0,0
61571,0,0,0,8,8
61602,0,0,0,2,23
61603,0,0,0,0,44
61604,0,0,0,0,0
61605,0,0,0,46,85
61606,0,0,0,0,1
61607,0,0,0,0,0
61610,0,2,7,18,24
61611,0,0,0,0,0
61614,0,0,8,54,77
61615,0,0,0,0,0
61616,0,0,0,11,23
61701,0,0,0,0,54
61704,0,0,0,0,0
61705,0,0,0,0,6
61725,0,0,0,0,0
61748,0,0,0,0,0
61761,0,0,0,0,11
61772,0,0,0,0,0
61776,0,0,0,0,0
61801,0,0,0,0,38
61802,0,0,0,0,0
61814,0,0,0,0,0
61817,0,0,0,0,0
61820,0,0,0,0,13
61821,0,0,0,0,21
61822,0,0,0,33,42
61832,0,0,0,0,7
61833,0,0,0,0,0
61834,0,0,0,0,0
61841,0,0,0,0,0
61858,0,0,0,0,0
61864,0,0,0,0,0
61874,0,0,0,0,0
61880,0,0,0,0,0
61883,0,0,0,0,4
62025,0,0,0,0,0
62034,0,0,0,0,9
62040,0,0,0,0,78
62059,0,0,0,0,2
62060,0,0,0,0,12
62062,0,0,0,0,0
62090,0,0,0,0,1
62201,0,0,0,0,0
62203,0,0,0,0,0
62204,0,0,2,2,15
62205,0,0,0,20,46
62206,0,0,0,0,10
62207,0,0,0,0,38
62208,0,0,0,0,17
62221,0,0,0,0,0
62223,0,0,0,0,27
62226,0,0,0,0,4
62232,0,2,2,5,5
62234,0,0,0,0,58
62236,0,0,0,0,0
62239,0,0,0,8,11
62240,0,0,0,0,0
62260,0,0,0,0,0
62269,0,2,11,12,12
62521,0,0,0,0,36
62522,0,0,0,0,0
62523,0,0,0,0,0
62526,0,0,0,0,0
62535,0,0,0,0,0
62544,0,0,0,0,0
62549,0,0,0,0,3
62554,0,0,0,0,0
62558,0,0,0,0,1
62561,0,0,0,0,2
62563,0,0,0,0,8
62625,0,0,0,0,0
62629,0,0,0,0,23
62670,0,0,0,0,0
62677,0,0,0,0,0
62684,0,0,0,0,0
62701,0,0,0,0,0
62702,0,0,0,67,145
62703,0,0,0,0,37
62704,0,0,0,0,88
62707,0,0,0,0,0
62711,0,0,0,6,28
62712,0,0,0,0,14
62957,0,0,0,0,1
62960,0,0,0,0,0
46001,0,0,0,0,0
46011,0,0,15,29,49
46012,0,0,4,29,50
46013,0,0,38,43,96
46016,0,0,7,72,179
46017,0,0,0,1,7
46032,0,0,0,0,41
46033,0,0,12,23,35
46037,0,0,0,0,0
46038,0,0,0,26,65
46040,0,0,0,0,0
46051,0,0,1,4,7
46052,1,4,6,8,8
46055,0,0,0,0,0
46056,0,0,0,0,2
46060,0,0,0,13,40
46062,0,8,8,15,54
46064,0,0,0,0,0
46068,0,0,0,0,1
46069,0,0,0,1,2
46074,0,0,0,0,11
46075,0,0,0,0,0
46077,0,0,0,0,0
46106,3,8,11,14,57
46107,0,0,0,0,0
46110,0,0,0,0,0
46111,0,1,1,1,2
46112,0,0,26,53,66
46113,0,0,0,0,11
46118,0,0,0,0,0
46122,0,0,0,0,0
46123,48,72,95,107,119
46124,0,0,0,0,0
46126,0,0,1,4,5
46130,1,2,3,5,6
46131,0,0,9,84,177
46140,0,0,5,8,12
46142,0,0,0,0,0
46143,0,0,0,71,89
46151,0,3,9,12,30
46158,0,0,0,0,72
46162,0,0,0,1,2
46163,0,0,0,3,12
46167,0,0,0,2,8
46168,0,0,0,0,10
46181,0,0,0,0,0
46184,0,19,29,44,68
46201,0,0,0,102,227
46202,0,0,0,0,27
46203,0,0,0,56,169
46204,0,0,0,0,2
46205,0,0,0,0,0
46208,0,0,0,19,62
46214,0,0,0,0,32
46216,0,0,0,1,2
46217,0,0,0,0,11
46218,0,0,0,10,174
46219,0,0,0,0,62
46220,0,0,0,0,0
46221,0,0,0,0,0
46222,0,0,0,40,110
46224,0,0,0,24,55
46225,0,0,0,0,0
46226,0,0,0,0,35
46227,0,0,0,0,43
46228,0,0,0,0,13
46229,0,0,0,0,0
46231,0,0,0,0,4
46234,0,0,0,0,17
46235,0,0,9,120,241
46236,0,0,20,61,72
46237,0,0,0,51,64
46239,0,0,0,0,11
46240,0,0,4,22,30
46241,0,0,0,0,83
46250,0,0,0,0,5
46254,0,0,0,0,39
46256,0,0,0,0,8
46259,0,0,0,0,0
46260,0,0,0,14,41
46268,0,0,0,0,14
46278,0,0,0,0,0
46280,0,0,2,2,8
46304,13,43,43,60,107
46307,0,0,2,24,42
46311,0,0,18,82,135
46312,58,153,226,327,393
46319,10,20,50,65,119
46320,44,102,128,150,172
46321,57,78,85,205,290
46322,8,30,53,137,167
46323,12,68,123,184,221
46324,50,75,112,150,199
46327,20,38,51,65,89
46341,0,0,0,1,1
46342,0,0,10,92,184
46350,0,0,0,0,1
46360,59,107,146,205,254
46368,0,0,91,131,272
46373,1,2,3,28,49
46375,0,0,0,22,139
46383,15,60,74,141,208
46385,0,0,14,91,197
46391,0,0,0,0,0
46393,0,0,0,0,0
46394,0,32,72,80,104
46402,2,10,53,84,108
46403,20,61,74,118,139
46404,126,172,229,315,344
46405,23,46,68,81,111
46406,8,30,41,60,68
46407,23,95,164,232,282
46408,0,39,95,129,177
46409,0,0,40,69,101
46410,0,0,111,182,222
46530,0,0,16,16,79
46544,32,63,95,147,158
46545,7,7,36,87,138
46554,0,0,0,0,0
46561,0,0,0,0,5
46601,0,0,21,40,59
46613,0,43,68,97,122
46614,0,27,53,115,231
46615,0,0,0,23,37
46616,13,15,23,30,36
46617,0,6,21,42,82
46619,0,0,6,50,99
46628,0,16,40,80,104
46635,0,0,8,16,31
46637,5,32,45,59,72
46706,0,0,0,0,0
46723,0,0,0,0,2
46725,0,0,0,1,1
46741,0,0,0,0,2
46745,0,0,0,0,0
46748,0,2,2,2,26
46765,0,0,0,2,20
46774,10,15,26,31,41
46783,0,0,1,1,3
46788,0,0,0,0,1
46798,0,0,0,0,0
46802,0,0,3,25,49
46803,32,71,99,117,138
46804,0,0,0,0,54
46805,0,0,26,59,86
46806,0,0,43,80,123
46807,0,5,40,60,70
46808,0,0,0,61,114
46809,18,32,39,54,68
46814,0,0,0,0,83
46815,0,0,40,57,97
46816,0,17,48,52,87
46818,0,7,7,30,52
46819,0,0,3,10,18
46825,38,47,47,66,66
46835,0,0,0,0,65
46845,0,0,0,0,0
46901,0,26,53,70,158
46902,0,0,48,67,86
46914,0,0,0,0,0
46932,0,0,0,0,0
47106,0,0,1,1,2
47111,25,40,49,64,79
47117,0,0,0,0,1
47119,0,0,0,6,37
47129,26,39,59,78,111
47130,0,33,66,116,182
47141,0,0,0,0,0
47143,0,0,0,0,5
47150,0,127,164,218,345
47172,0,15,30,38,76
47201,0,0,8,71,110
47203,0,15,50,69,103
47226,0,0,0,0,0
47280,0,2,2,3,3
47302,0,43,138,189,241
47303,0,0,35,105,135
47304,21,55,82,110,158
47305,0,13,31,44,64
47320,0,0,0,0,0
47334,0,1,2,3,4
47342,0,0,0,1,1
47356,0,0,0,1,2
47383,0,0,0,0,0
47396,0,0,3,4,10
47401,0,0,102,268,490
47403,120,146,172,180,198
47404,0,0,36,66,114
47408,0,34,67,105,150
47429,0,0,0,0,7
47601,0,0,1,1,3
47610,5,6,8,11,14
47630,0,0,138,277,450
47708,5,7,11,15,21
47710,62,111,130,142,198
47711,12,108,169,241,325
47712,0,16,44,82,109
47713,10,49,78,107,137
47714,40,69,129,227,257
47715,128,146,206,266,308
47720,59,79,133,177,197
47725,0,6,44,82,126
47802,0,8,25,59,109
47803,0,0,0,35,145
47804,16,41,53,61,77
47805,4,37,49,56,86
47807,0,0,0,59,111
47863,0,0,0,0,0
47871,0,0,0,0,0
47874,0,0,0,0,0
47885,0,6,6,6,21
47901,0,0,7,12,14
47904,0,0,0,28,56
47905,0,0,25,33,65
47906,0,23,170,363,518
47909,0,17,17,33,50
47920,0,0,0,0,1
47932,0,0,0,0,0
47982,0,0,0,0,0
47993,0,0,0,0,0
66012,0,0,0,0,0
66013,0,1,1,1,2
66024,0,0,1,1,1
66025,0,0,0,0,2
66030,0,0,0,0,1
66044,0,0,0,0,23
66046,0,0,0,0,0
66047,0,18,27,31,44
66049,0,0,0,46,84
66050,0,0,0,0,0
66052,0,0,0,0,0
66061,0,0,0,0,31
66062,0,0,0,20,20
66083,0,0,0,0,0
66085,0,0,0,0,0
66086,0,0,0,0,0
66090,0,0,0,0,0
66101,0,0,0,9,21
66102,0,0,0,0,0
66103,0,0,0,0,0
66104,0,0,0,0,12
66105,0,0,1,4,9
66106,0,0,0,0,0
66109,0,0,0,0,0
66111,0,6,6,9,17
66112,2,7,12,14,14
66202,0,0,0,0,5
66203,0,0,4,12,17
66204,0,0,0,0,3
66205,0,0,0,0,0
66206,0,2,3,5,7
66207,0,0,0,0,5
66208,0,0,3,3,3
66209,0,0,0,0,0
66210,0,0,0,5,9
66211,0,0,0,3,11
66212,0,0,0,0,0
66213,0,0,0,0,0
66214,0,2,7,9,12
66215,0,0,6,11,23
66216,0,0,19,19,25
66217,0,0,0,0,0
66218,0,0,0,0,0
66219,0,0,5,8,13
66220,0,0,0,0,0
66221,0,6,6,11,17
66223,0,0,0,0,0
66224,8,8,8,16,20
66226,0,0,0,0,0
66227,1,1,1,1,1
66402,0,0,0,1,1
66409,0,0,0,0,0
66429,0,0,0,0,0
66502,0,52,103,163,198
66503,0,0,0,0,7
66542,0,0,0,0,0
66546,0,0,0,0,1
66603,0,0,1,5,16
66604,0,0,0,0,9
66605,0,15,38,61,115
66606,0,0,14,18,36
66607,0,0,0,0,11
66608,0,0,0,0,3
66609,2,8,8,8,12
66610,0,0,3,7,7
66611,0,0,0,0,0
66612,0,6,20,26,31
66614,0,30,30,60,70
66615,0,0,0,0,0
66616,0,0,0,0,3
66617,0,0,0,0,0
66618,2,2,3,7,9
66619,0,0,0,0,0
66739,0,0,0,0,3
67002,10,10,25,35,40
67026,0,0,0,0,0
67030,0,0,0,0,0
67037,0,9,19,47,56
67052,0,0,1,2,2
67055,0,0,0,0,0
67060,5,10,10,10,10
67067,0,0,0,0,0
67101,9,13,20,28,30
67110,0,0,0,0,0
67120,0,0,0,0,0
67147,0,0,0,5,16
67202,0,5,10,12,15
67203,28,75,93,93,149
67204,0,0,16,16,16
67205,0,6,6,13,13
67206,0,6,23,47,53
67207,0,0,0,0,0
67208,0,0,0,0,0
67209,0,0,0,0,16
67210,0,0,0,0,3
67211,7,39,59,98,118
67212,0,0,15,44,59
67213,0,0,0,0,15
67214,39,78,105,138,166
67215,0,0,0,0,0
67216,20,67,93,100,140
67217,0,0,0,0,21
67218,0,0,0,0,22
67219,0,5,9,14,14
67220,0,0,0,0,27
67223,0,0,0,0,0
67226,0,0,0,6,12
67227,0,0,0,0,0
67228,0,0,0,0,0
67230,0,0,0,0,12
67232,2,5,8,10,12
67235,0,0,0,0,0
40014,0,0,0,0,0
40023,0,0,0,0,0
40025,0,0,0,0,0
40026,0,0,0,0,0
40047,0,0,8,15,23
40056,0,0,0,0,1
40059,0,0,0,0,0
40071,0,0,0,0,0
40109,0,0,0,0,1
40118,0,0,0,0,0
40162,0,0,0,0,0
40165,0,0,14,32,37
40177,0,0,0,0,1
40202,0,0,0,0,7
40203,0,0,0,0,32
40204,0,0,0,14,38
40205,0,0,8,24,40
40206,0,0,0,6,22
40207,0,0,0,0,9
40208,0,0,0,15,65
40209,0,0,0,1,8
40210,0,0,0,11,49
40211,0,0,0,17,108
40212,0,0,0,0,32
40213,0,28,56,84,98
40214,0,0,0,30,90
40215,0,0,0,14,65
40216,0,0,0,0,0
40217,0,0,0,0,16
40218,0,0,0,0,0
40219,0,0,0,14,95
40220,0,0,0,11,32
40222,0,0,0,0,0
40223,0,0,0,0,0
40228,0,0,0,27,47
40229,0,0,0,0,0
40241,0,0,0,0,17
40242,0,0,0,7,13
40243,0,0,0,0,7
40245,9,27,27,27,27
40258,0,0,0,0,0
40272,0,0,0,0,14
40291,0,0,0,0,0
40299,0,0,41,69,83
40356,0,0,0,3,11
40403,0,0,19,25,35
40461,0,0,0,0,0
40475,0,0,0,0,0
40502,0,0,0,0,17
40503,0,0,0,0,0
40504,0,0,0,0,0
40505,0,0,29,29,77
40507,0,0,0,2,8
40508,0,0,0,0,54
40509,0,11,23,57,68
40510,0,0,0,0,0
40511,0,0,0,0,0
40513,0,0,0,0,4
40514,0,0,5,5,16
40515,79,101,123,123,157
40516,0,0,0,0,0
40517,0,0,0,0,38
41001,0,0,0,0,0
41005,1,1,1,2,2
41007,0,0,0,0,0
41011,0,53,83,113,151
41014,0,0,0,0,0
41015,0,7,28,42,56
41016,0,0,0,0,10
41017,0,0,0,0,0
41018,16,33,49,57,74
41042,0,0,0,0,0
41048,0,0,0,0,0
41051,0,0,0,0,0
41059,0,0,0,5,12
41063,1,1,1,1,1
41071,0,0,6,51,119
41073,0,0,0,0,8
41074,0,0,7,14,17
41075,0,0,0,0,0
41076,45,50,50,65,65
41085,0,0,0,1,2
41091,0,0,0,0,0
41094,0,0,0,6,8
41101,74,86,105,123,142
41102,0,2,20,25,32
41129,0,0,1,2,4
41139,14,34,39,50,64
41144,0,0,0,0,0
41169,4,7,9,15,28
41175,0,0,0,1,1
41183,7,12,12,14,16
42001,0,39,47,103,126
42003,0,0,0,6,25
42058,0,0,0,0,0
42101,0,0,0,0,11
42103,65,81,102,124,140
42104,30,59,79,89,109
42122,0,0,0,0,0
42223,0,0,7,15,22
42234,0,0,0,0,1
42262,0,0,5,12,19
42286,0,0,0,1,1
42301,24,35,59,95,142
42303,0,0,0,0,0
42366,0,0,0,0,0
42420,0,0,0,0,0
42701,33,58,75,92,125
42724,0,0,0,1,1
70001,0,0,463,1903,12780
70002,0,17,229,772,5429
70003,44,267,845,2358,14310
70005,0,64,530,1516,8656
70006,0,48,225,696,5169
70031,0,1,4,21,509
70032,0,22,88,238,1818
70037,0,10,145,553,4684
70043,0,0,408,997,7016
70047,0,0,92,308,3462
70049,0,0,1,5,46
70053,0,225,468,1027,5870
70056,0,0,260,1287,11096
70057,0,12,63,143,792
70058,0,139,626,1766,13491
70062,0,42,304,852,5749
70065,0,166,753,2155,14585
70068,0,0,299,846,9757
70070,8,19,74,187,1493
70072,0,421,1002,2665,19554
70075,0,25,74,237,1889
70079,0,0,56,172,1088
70084,0,21,51,154,1478
70085,8,23,36,80,538
70087,0,6,32,85,892
70092,0,24,129,317,2608
70094,0,170,499,1508,11774
70112,0,85,128,432,817
70113,0,108,237,1118,2252
70114,0,214,435,1005,6922
70115,0,82,839,2122,10935
70116,0,174,421,2351,4669
70117,0,261,758,1884,11339
70118,0,372,1072,2253,10346
70119,0,247,964,5822,11891
70121,0,42,171,571,5097
70122,209,522,1070,6054,12630
70123,0,38,487,1298,9199
70124,0,92,876,3809,7212
70125,6,228,590,2644,5305
70126,0,404,749,4653,9582
70127,7,359,670,3128,6520
70128,0,6,435,1066,6004
70129,0,76,220,469,2495
70130,0,37,367,821,3858
70131,0,65,441,1135,7829
70148,0,1,1,2,3
70343,0,0,2,4,35
70360,9,199,492,1148,8324
70363,0,57,264,616,6125
70364,0,47,211,591,5684
70395,0,0,2,3,22
70401,0,49,251,780,6821
70403,0,101,468,1203,8936
70446,0,0,0,0,11
70454,8,167,393,5830,8202
70455,0,3,26,303,420
70462,0,2,18,57,786
70466,1,15,25,83,857
70501,0,485,805,7469,10800
70503,0,101,760,1987,9591
70506,0,284,809,2228,13682
70507,0,11,119,666,5581
70508,0,30,1052,2540,14337
70517,0,10,25,338,509
70518,0,94,416,4252,6123
70520,0,53,149,454,3739
70525,0,1,3,26,37
70529,6,57,102,278,1854
70535,13,188,315,3043,4267
70555,13,35,92,173,1056
70560,12,31,48,460,626
70570,18,336,618,6174,8875
70577,2,45,72,777,1144
70578,0,0,0,1,1
70582,2,4,6,106,157
70583,0,112,257,635,4222
70584,0,0,0,0,1
70592,0,146,578,4918,7092
70601,0,155,816,1633,12479
70605,0,0,465,1068,8815
70607,0,52,191,429,4667
70611,0,6,135,313,2758
70615,0,0,80,191,2058
70663,43,157,370,726,6956
70665,0,14,131,258,1605
70668,0,0,0,2,3
70669,0,33,91,237,2974
70706,0,25,194,806,6076
70710,0,0,24,114,941
70711,0,0,22,68,1344
70714,0,174,349,965,6508
70719,5,18,68,297,1758
70726,0,208,702,1900,15454
70734,0,0,183,431,2545
70737,0,139,867,2028,14988
70739,0,44,247,538,4238
70744,0,2,18,42,192
70764,0,0,0,0,1
70767,0,5,142,711,4782
70769,28,100,841,2522,13607
70770,0,10,34,100,661
70774,0,11,54,94,650
70777,0,1,3,8,66
70778,0,0,12,27,308
70785,15,57,136,450,3726
70791,0,43,391,1250,8405
70801,0,0,3,11,92
70802,35,315,638,1626,8507
70805,0,282,581,1568,8080
70806,0,59,423,1344,8159
70807,54,293,466,1024,5233
70808,69,305,1071,2191,9156
70809,0,59,448,1377,8116
70810,0,123,1065,2718,12907
70811,0,85,228,679,4349
70812,0,64,196,549,3271
70814,0,88,229,488,5066
70815,0,140,464,1069,8465
70816,48,262,559,1547,11579
70817,0,48,843,2209,11238
70818,0,0,226,544,3998
70819,0,9,79,206,1655
70820,0,159,436,897,3944
71006,0,0,0,0,3
71009,0,1,2,5,31
71024,0,0,0,0,1
71037,0,30,101,180,2077
71047,0,6,45,189,1168
71051,0,0,2,3,42
71055,0,6,121,258,3006
71073,0,2,6,17,254
71101,0,136,202,607,2350
71103,0,52,142,583,2670
71104,0,110,297,725,4102
71105,0,96,330,1224,6686
71106,0,197,779,2168,8953
71107,0,127,526,1939,9413
71108,36,205,318,959,4992
71109,0,188,460,1386,6294
71110,0,1,17,99,893
71111,132,303,725,2609,12769
71112,0,173,356,1511,10634
71115,0,76,254,889,4940
71118,0,55,158,873,5989
71119,0,25,169,615,3401
71129,0,21,110,526,3360
71201,0,91,521,1238,7180
71202,0,327,573,1007,6401
71203,0,232,543,1087,8578
71225,0,1,3,5,37
71280,0,0,1,3,29
71291,0,0,456,930,8467
71292,0,33,163,376,3514
71301,72,327,614,5329,7779
71302,20,122,228,1891,2779
71303,0,58,299,3462,5098
71360,0,118,271,3891,5787
71405,0,8,41,635,946
71423,0,0,0,2,3
71485,0,0,0,1,1
1001,0,0,142,1456,4497
1002,0,29,170,1445,1901
1007,0,0,0,2,3
1013,0,34,261,1921,5553
1020,0,51,290,2823,8325
1022,0,0,0,214,834
1027,0,0,133,3249,4258
1028,0,0,374,3561,4655
1030,0,0,157,1339,3637
1033,0,0,124,1367,1771
1035,0,0,34,366,482
1036,0,0,2,29,39
1040,0,0,315,2607,7536
1056,0,0,288,3343,4463
1068,0,0,1,11,14
1073,0,0,49,666,2019
1075,0,0,322,3316,4394
1077,0,0,84,800,2283
1085,0,0,377,3321,9704
1089,0,7,303,2406,7043
1095,0,2,90,799,1079
1103,0,0,13,75,187
1104,0,58,265,1749,5172
1105,0,0,84,503,1328
1106,0,10,349,2396,3225
1107,0,32,114,523,1337
1108,0,35,221,3289,4331
1109,0,20,168,1667,5000
1118,0,4,194,2556,3473
1119,0,0,83,1044,3151
1128,0,4,53,608,799
1129,0,27,114,1616,2066
1151,0,21,58,1606,2115
1201,0,73,211,4300,6509
1237,0,1,8,107,163
1238,0,0,1,22,34
1240,0,0,48,602,900
1266,0,0,3,18,26
1420,0,33,349,7752,8184
1450,0,2,44,214,247
1453,0,36,526,8263,8780
1462,0,9,92,1034,1128
1463,0,0,2,14,15
1473,0,0,1,7,8
1501,0,0,226,3842,4732
1504,0,10,174,1898,2365
1505,0,4,69,588,748
1507,0,1,80,1107,1384
1515,0,0,14,232,289
1516,0,0,47,432,533
1519,0,0,54,328,409
1520,0,20,306,2576,3179
1522,0,0,13,210,262
1524,0,0,87,1435,1783
1527,0,4,185,2893,3636
1529,0,0,25,312,374
1534,0,0,5,48,60
1535,0,0,1,33,42
1536,0,7,85,749,924
1537,0,4,11,529,640
1540,0,0,130,2461,3049
1541,0,0,10,60,76
1542,0,0,23,469,567
1543,0,0,35,239,301
1545,0,6,595,4673,5899
1560,0,0,12,128,160
1562,0,28,154,2579,3082
1564,0,0,205,1660,2088
1566,0,0,1,9,11
1568,0,0,22,141,178
1569,0,9,144,1378,1779
1570,0,20,193,3193,3880
1571,0,0,97,1572,1943
1581,0,0,17,108,135
1583,4,6,116,1616,2038
1588,0,5,41,489,594
1590,0,0,217,1506,1878
1602,0,86,342,3568,4388
1603,0,0,173,2878,3483
1604,0,71,299,5800,7009
1605,0,12,230,3226,3879
1606,0,11,277,4394,5340
1607,0,8,67,1254,1539
1608,0,0,22,227,270
1609,0,54,244,2292,2890
1610,0,44,199,2180,2670
1611,0,0,28,439,543
1612,0,0,123,1094,1394
1701,0,11,279,2060,2629
1702,0,5,319,4187,4805
1721,0,13,334,2413,3143
1730,0,0,326,1578,2024
1731,0,0,11,325,355
1741,0,2,131,435,558
1742,0,0,1,6,8
1745,0,0,18,111,141
1746,0,7,416,2468,3195
1747,0,0,153,1177,1477
1748,0,3,520,2322,3011
1756,0,0,174,1209,1505
1757,0,47,473,5145,6471
1760,0,52,827,5209,6185
1770,0,0,184,730,881
1772,0,0,320,1429,1886
1773,0,2,34,154,186
1778,0,0,1,4,5
1801,0,0,762,7353,8492
1803,0,0,525,3936,5139
1810,0,14,1046,4999,6462
1821,0,19,477,4779,6173
1824,0,27,666,3940,5070
1826,0,25,343,4834,6225
1827,0,1,155,663,868
1830,0,40,275,3506,4363
1832,0,0,228,3601,4486
1833,0,0,0,1,1
1834,0,0,122,1013,1284
1835,0,22,164,2416,3033
1840,0,9,33,366,450
1841,0,29,200,4658,5653
1843,0,20,158,3106,3886
1844,0,35,762,9031,11482
1845,0,38,602,4025,5191
1850,0,11,134,2083,2631
1851,0,33,281,3629,4594
1852,0,0,210,3535,4593
1854,0,12,175,3036,3912
1862,0,16,153,1308,1698
1863,0,4,127,1326,1717
1864,0,13,360,2444,3102
1867,0,5,583,3811,4600
1876,0,5,384,3728,4701
1879,0,0,288,2161,2795
1880,0,0,561,4288,5507
1886,0,11,586,2671,3467
1887,0,25,559,3725,4843
1890,0,0,826,3162,4019
1901,0,7,22,156,198
1902,0,95,382,5032,6240
1904,0,5,288,3665,4624
1905,0,39,237,3345,4242
1906,0,0,453,5304,6703
1907,0,32,378,2647,3416
1908,0,6,112,984,1233
1915,0,48,668,6127,7679
1921,0,0,30,119,154
1923,0,21,556,5326,6722
1940,0,18,369,1908,2419
1945,0,0,807,3958,5139
1949,0,16,280,1436,1843
1960,0,161,892,9565,12018
1970,0,9,457,6634,8460
1982,0,5,106,644,829
1983,0,0,21,121,146
1984,0,0,141,647,809
1985,0,0,5,21,28
2019,0,8,294,3224,4085
2021,0,15,610,3644,4794
2025,0,0,187,876,1137
2026,0,58,663,4687,5517
2030,0,0,333,954,1175
2032,0,0,134,828,983
2035,0,15,313,2844,3680
2038,0,27,627,3951,5046
2043,0,16,549,2416,3072
2048,0,0,402,3856,4549
2052,0,14,536,2085,2508
2053,0,0,390,2303,2991
2054,0,7,175,1482,1747
2056,0,12,277,1497,1926
2061,0,0,272,1302,1749
2062,0,13,571,5443,6408
2066,0,0,508,3196,4122
2067,0,7,535,2659,3434
2071,0,0,46,159,208
2072,0,45,545,4927,6277
2081,0,0,467,3130,4051
2090,0,14,651,2786,3317
2093,0,8,222,1218,1600
2108,0,2,72,311,364
2109,0,2,45,246,288
2110,0,1,16,71,82
2111,0,4,36,164,188
2113,0,1,29,381,431
2114,0,7,81,435,506
2115,0,22,110,819,928
2116,0,13,252,1167,1383
2118,0,18,238,1346,1561
2119,0,51,295,2441,2730
2120,0,22,92,842,931
2121,0,0,188,2204,2419
2122,0,32,289,3062,3477
2124,0,119,568,5401,6044
2125,0,96,396,3557,4040
2126,0,30,287,3350,3686
2127,0,31,632,3600,4236
2128,0,34,373,3870,4797
2129,0,13,317,1599,1998
2130,0,75,522,3606,4242
2131,0,62,590,4390,5017
2132,0,12,707,5131,5887
2134,0,13,108,1413,1555
2135,0,29,302,3596,4051
2136,0,0,332,4191,4851
2138,0,0,480,2948,3435
2139,0,13,393,2665,3071
2140,0,4,265,1648,1943
2141,0,7,172,1153,1365
2142,0,3,22,110,133
2143,0,19,406,3122,3661
2144,0,12,492,2934,3787
2145,0,11,316,2871,3676
2148,0,28,666,7143,9003
2149,0,0,404,5515,7096
2150,0,30,214,3002,3618
2151,0,104,588,7655,9296
2152,0,4,284,2960,3648
2155,0,59,1042,8902,11338
2163,0,2,6,32,36
2169,0,39,622,7526,9519
2170,0,19,262,2871,3702
2171,0,48,241,2603,3303
2176,0,37,616,4050,5100
2180,0,37,415,3454,4493
2184,0,0,903,6222,8096
2186,0,0,825,4504,5787
2188,0,13,145,2035,2624
2189,0,12,144,2286,2936
2190,0,22,266,2728,3551
2191,0,15,101,1298,1667
2199,0,1,11,52,62
2210,0,0,37,182,218
2215,0,15,76,512,584
2301,0,0,553,7962,10104
2302,0,29,371,5575,7017
2322,0,7,52,1020,1324
2333,0,3,120,966,1237
2339,0,20,405,2043,2670
2341,0,2,79,795,1029
2343,0,3,188,2105,2697
2346,0,0,204,3450,4372
2347,0,16,291,2631,3077
2351,0,33,244,2664,3548
2356,0,8,239,2136,2612
2368,0,0,474,4910,6425
2370,0,22,308,3352,4205
2375,0,4,109,854,1014
2379,0,2,20,181,238
2382,0,21,197,2659,3386
2420,0,0,577,2273,2753
2421,0,27,641,2593,3157
2445,0,0,317,1876,2261
2446,0,15,276,1678,1988
2451,0,12,409,3261,3853
2452,0,0,199,2187,2564
2453,0,0,453,4099,4768
2458,0,2,376,1978,2354
2459,0,0,706,2938,3617
2460,0,9,226,1256,1507
2461,0,8,244,996,1196
2462,0,1,40,205,247
2464,0,3,65,429,497
2465,0,25,508,2177,2619
2466,0,9,206,905,1109
2467,0,30,420,1854,2170
2468,0,0,269,735,931
2472,0,34,685,5511,6497
2474,0,50,738,4114,5316
2476,3,41,448,2762,3223
2478,0,52,980,4582,5435
2481,0,9,515,1653,2074
2482,0,0,336,1256,1520
2492,0,30,905,3284,4010
2493,0,1,166,579,708
2494,0,2,451,1757,2071
2601,0,15,243,4775,5105
2630,0,0,86,998,1092
2632,0,2,52,541,596
2668,0,0,2,26,28
2673,0,16,99,2187,2330
2675,0,10,55,572,629
2702,0,9,92,999,1205
2703,0,58,608,7947,9491
2715,0,0,79,878,1021
2717,0,0,132,1252,1493
2718,0,2,85,1623,1753
2719,0,10,297,4455,4861
2720,0,83,377,5455,6260
2721,0,28,265,4732,5537
2723,0,15,169,2570,2955
2724,0,15,211,3113,3647
2725,0,0,99,859,1044
2726,0,22,315,4638,5395
2739,0,1,11,92,108
2740,0,113,556,9447,10137
2743,0,0,196,3059,3313
2744,0,44,96,2244,2426
2745,0,0,323,6362,6960
2746,0,69,194,2404,2611
2747,0,6,371,4794,5675
2748,0,37,398,3184,3563
2760,0,29,402,4697,5610
2762,0,0,93,994,1258
2763,0,0,52,443,505
2764,0,0,63,878,1032
2766,0,20,318,3269,3902
2767,0,11,125,1070,1275
2769,0,0,365,3250,3848
2770,0,2,49,527,624
2771,0,24,377,4037,4648
2777,0,0,314,5110,6063
2779,0,0,209,1590,1932
2780,0,0,515,8508,9912
2790,0,23,243,3158,3696
20701,0,0,0,15,15
20705,0,6,527,5789,5907
20706,0,9,234,2946,3003
20707,0,0,669,6021,6182
20708,0,0,272,3515,3572
20712,0,13,104,521,527
20715,0,0,258,1952,2017
20720,0,19,1208,6175,6459
20721,0,6,1128,5792,6071
20722,0,0,4,15,15
20723,0,6,904,5512,5741
20724,0,35,267,2849,2931
20740,0,66,500,1791,1833
20743,0,47,381,1776,1798
20745,0,5,74,323,327
20746,0,3,44,204,206
20748,0,0,6,28,28
20755,0,0,61,939,955
20759,0,0,120,381,414
20763,0,5,60,498,513
20769,0,0,288,1781,1859
20770,0,5,57,676,689
20772,0,8,255,1856,1923
20774,0,90,1204,9684,10025
20777,0,0,1,2,2
20781,0,0,0,2,2
20782,0,5,82,347,351
20783,0,21,314,1499,1516
20794,0,0,237,2322,2398
20814,0,24,735,1957,2036
20815,0,10,417,1016,1064
20816,0,1,206,475,498
20817,0,16,1345,2993,3148
20841,0,0,244,1348,1546
20850,0,120,2568,7760,8009
20851,0,13,590,2161,2199
20852,0,79,1569,4786,4939
20853,0,27,1186,3688,3794
20854,0,0,4471,10100,10609
20855,0,0,1017,2896,2977
20866,0,6,261,2050,2120
20868,0,0,14,86,90
20874,0,0,470,8574,9026
20876,0,0,134,2156,2258
20877,0,24,1004,3876,3947
20878,0,31,3562,10060,10404
20879,0,38,1341,4721,4798
20880,0,0,16,50,51
20882,0,0,58,285,300
20886,0,0,236,3653,3850
20895,0,7,1388,3583,3714
20896,0,0,40,88,93
20899,0,0,4,19,19
20901,0,10,1595,4760,4937
20902,0,88,2115,7238,7386
20903,0,6,371,1577,1603
20904,0,24,856,7929,8141
20905,0,0,484,2865,2994
20906,0,94,2140,7671,7812
20910,0,28,658,2064,2117
20912,0,3,109,397,403
21012,2,11,272,1850,1915
21032,1,6,98,476,501
21042,0,0,1373,6097,6439
21043,0,109,1716,9461,9897
21044,0,1,162,1027,1067
21045,0,20,729,6435,6627
21046,0,0,230,1916,1981
21052,0,0,0,177,177
21054,0,12,216,950,1001
21056,0,0,39,104,115
21057,0,0,73,366,388
21060,0,68,727,8256,8433
21061,0,91,686,11259,11430
21075,0,7,972,6416,6697
21076,0,8,517,3740,3892
21077,0,0,0,186,186
21087,0,5,87,561,584
21090,0,12,301,3885,3956
21093,0,88,1046,7096,7369
21104,0,0,1,6,6
21108,0,29,650,3924,4109
21113,0,28,535,5405,5561
21117,0,18,736,8884,9093
21122,0,0,1589,14837,15265
21128,0,0,623,3725,3888
21133,0,77,505,7497,7643
21136,0,13,147,1144,1187
21144,0,57,1248,7766,8098
21146,0,0,1055,4407,4683
21156,0,0,4,22,23
21162,0,2,240,1451,1518
21163,0,2,84,667,690
21201,0,68,329,2361,2439
21202,0,44,416,3551,3639
21204,0,61,631,3886,4048
21205,0,134,687,5657,5803
21206,0,61,761,12097,12281
21207,0,121,696,10856,11044
21208,0,25,747,8011,8200
21209,0,97,714,5526,5709
21210,0,30,362,2202,2289
21211,0,105,540,6053,6190
21212,0,0,1276,7796,8121
21213,0,104,993,12812,13021
21214,0,0,357,5964,6055
21215,0,391,1778,15985,16262
21216,0,209,784,10250,10438
21217,0,0,902,11477,11664
21218,0,503,1617,13142,13591
21219,0,0,310,3329,3407
21220,0,109,689,6251,6412
21221,0,34,680,11162,11343
21222,0,159,889,15644,15866
21223,0,193,966,10532,10704
21224,0,82,1658,15944,16404
21225,0,64,706,8975,9159
21226,0,27,177,3322,3356
21227,0,116,1170,10255,10540
21228,0,0,1266,12841,13144
21229,0,112,710,12260,12434
21230,0,115,1431,11027,11451
21231,0,81,594,4105,4249
21234,0,291,1396,19099,19409
21236,0,0,851,11142,11335
21237,0,129,636,8435,8581
21239,0,75,492,6701,6817
21244,0,0,418,8107,8213
21286,0,119,650,4275,4421
21502,0,0,367,12234,12589
21529,0,0,10,206,213
21545,0,0,2,40,42
21713,0,0,1,20,21
21722,0,0,0,1,1
21733,0,0,0,3,3
21734,0,1,3,80,81
21740,0,0,500,15701,16089
21742,0,0,235,6274,6490
21767,0,0,19,396,405
21795,0,0,110,1982,2068
21801,0,227,3746,7468,7582
21804,0,280,3858,7893,7997
21810,0,0,5,12,12
21822,0,6,152,318,321
21826,0,27,649,1316,1328
21830,0,9,547,1126,1135
21837,0,0,0,1,1
21849,0,0,5,11,11
21856,0,0,2,5,5
21875,0,7,558,1195,1196
3901,0,18,161,602,609
3903,0,15,159,497,507
3904,5,39,277,1052,1069
3905,0,3,28,92,93
3906,0,0,1,2,2
3908,0,28,205,643,656
3909,0,2,10,33,34
4005,55,209,1605,6032,6137
4038,7,154,1049,3243,3327
4046,2,17,84,284,291
4062,0,12,103,359,369
4063,0,4,23,68,69
4064,0,104,805,2835,2867
4072,0,155,1621,5441,5535
4074,0,439,2028,5899,6171
4092,0,58,1124,4390,4439
4093,0,9,130,482,488
4101,0,105,802,2552,2617
4102,15,169,1131,3726,3814
4103,0,232,2108,7310,7437
4105,12,176,791,1835,1945
4106,0,192,2081,7261,7379
4107,5,176,923,2446,2565
4108,0,47,193,506,532
4210,40,148,1088,5584,5681
4236,0,5,51,238,242
4240,0,212,1688,9087,9179
4250,0,3,30,185,186
4252,0,1,11,75,76
4258,0,4,64,368,373
4274,0,8,62,333,338
4280,0,30,294,1559,1573
4330,0,74,549,3153,3205
4344,1,16,86,423,430
4345,4,20,135,685,695
4346,2,8,48,261,265
4347,0,17,86,395,404
4351,0,0,0,2,2
4401,0,231,648,8628,8744
4411,0,0,0,9,9
4412,0,23,110,2786,2820
4428,0,3,15,292,297
4429,0,8,47,463,480
4444,0,24,98,1431,1470
4473,0,6,22,281,287
4474,0,7,44,600,614
4605,0,3,6,108,110
4609,0,21,76,1090,1111
4612,0,0,7,150,154
4646,0,0,4,59,60
4653,0,0,1,189,189
4660,0,2,16,142,148
4662,0,6,35,260,271
4674,0,1,2,78,79
4679,0,16,46,688,702
48009,0,0,0,0,0
48015,0,0,0,0,0
48017,0,0,0,0,0
48021,0,0,0,0,0
48025,0,0,0,0,0
48026,0,0,0,0,0
48030,0,0,0,0,0
48033,0,0,0,0,0
48034,0,0,0,0,0
48035,0,0,0,0,0
48036,0,0,0,0,0
48038,0,0,0,0,0
48040,0,0,0,0,0
48042,0,0,0,0,10
48043,0,0,0,0,0
48044,0,0,0,0,0
48045,0,0,0,0,0
48047,0,0,0,0,0
48048,0,0,0,0,0
48049,0,0,0,0,0
48051,0,0,0,15,15
48059,0,0,0,0,0
48060,0,0,0,0,0
48066,0,0,0,0,0
48067,7,13,33,33,40
48069,0,0,0,0,0
48070,0,0,0,0,0
48071,0,0,0,0,0
48072,0,0,0,0,0
48073,0,0,0,0,0
48074,0,0,0,0,0
48075,0,0,0,0,0
48076,0,0,0,0,0
48079,0,0,0,0,0
48080,0,0,0,0,0
48081,0,0,0,0,0
48082,0,0,0,0,0
48083,0,0,0,0,0
48084,0,0,0,0,0
48085,0,0,0,0,0
48088,0,0,0,0,0
48089,0,0,0,0,45
48091,0,0,0,0,0
48092,0,0,0,0,0
48093,0,0,0,0,8
48094,0,0,0,0,11
48095,0,0,0,0,0
48096,0,0,0,0,0
48098,0,0,0,0,0
48101,0,0,0,0,0
48103,0,0,0,14,55
48104,0,0,0,0,0
48105,0,0,0,0,0
48108,0,0,0,0,0
48109,0,0,0,0,0
48111,0,0,0,0,0
48114,0,0,0,0,0
48116,0,0,0,0,0
48117,0,0,0,0,0
48120,0,0,0,0,0
48122,0,0,0,0,0
48124,0,0,0,0,0
48125,0,0,0,0,0
48126,0,0,0,0,0
48127,0,0,0,0,0
48128,0,0,0,0,0
48130,0,2,2,4,4
48133,0,0,0,0,0
48134,0,0,0,0,0
48135,0,0,0,0,0
48138,0,0,0,0,0
48139,0,0,0,0,0
48141,0,0,0,0,0
48144,0,0,0,0,0
48146,0,0,0,0,0
48150,0,0,0,0,0
48152,0,0,0,0,0
48154,0,0,0,0,0
48157,0,0,0,0,0
48161,0,0,0,0,0
48162,0,0,0,0,0
48164,0,0,0,0,0
48165,0,0,0,0,4
48166,0,0,0,0,0
48167,0,0,0,0,0
48168,0,0,0,0,0
48169,0,4,6,10,10
48170,0,0,0,0,0
48173,0,0,5,5,5
48174,0,0,0,0,0
48176,0,0,0,0,0
48178,0,0,0,0,0
48179,0,0,0,0,0
48180,0,0,0,0,0
48182,0,0,0,0,0
48183,0,0,0,0,0
48184,0,0,0,0,0
48185,0,0,0,0,0
48186,0,0,0,0,0
48187,0,0,0,0,0
48188,0,0,0,0,0
48189,0,0,0,0,0
48192,0,0,0,0,0
48193,0,0,0,0,0
48195,0,0,0,0,0
48197,0,0,0,0,0
48198,0,0,0,0,0
48201,0,0,0,0,0
48202,0,0,0,0,0
48203,0,0,0,0,0
48204,0,0,0,0,0
48205,0,0,0,55,82
48206,0,0,0,0,0
48207,0,0,0,0,0
48208,0,0,0,0,0
48209,0,0,0,0,0
48210,0,0,0,0,0
48211,0,0,0,0,0
48212,0,0,0,0,0
48213,0,0,0,0,0
48214,0,0,0,0,0
48215,0,0,0,0,0
48216,0,0,0,0,0
48217,0,0,0,0,0
48218,0,0,0,0,0
48219,0,0,0,0,0
48220,0,0,0,0,0
48221,0,0,0,0,0
48223,0,0,0,0,0
48224,0,0,0,0,0
48225,0,0,0,0,0
48226,0,0,0,0,0
48227,0,0,0,0,0
48228,0,0,0,0,0
48229,0,0,0,0,0
48230,0,0,0,0,0
48234,0,0,0,0,0
48235,0,0,0,0,52
48236,0,0,0,0,10
48237,0,0,0,0,0
48238,0,0,0,0,0
48239,0,0,0,0,0
48240,0,0,0,0,0
48301,0,0,0,0,0
48302,0,0,0,0,0
48304,0,0,0,0,0
48306,0,0,0,0,0
48307,0,0,0,0,0
48309,0,0,8,8,17
48310,0,0,0,39,77
48312,0,0,0,0,0
48313,0,0,0,0,0
48314,0,0,0,0,0
48315,0,0,0,0,0
48316,0,0,0,0,7
48317,0,0,14,21,36
48320,0,0,0,0,0
48322,0,0,0,0,0
48323,0,0,0,0,0
48324,0,0,0,0,0
48326,0,0,0,0,0
48327,0,0,0,0,0
48328,0,0,0,0,0
48329,0,0,0,0,0
48331,0,13,19,26,26
48334,0,0,0,0,0
48335,0,0,0,0,0
48336,0,0,0,0,0
48340,0,0,0,0,0
48341,0,0,0,0,0
48342,0,0,0,0,0
48346,0,0,0,0,0
48348,0,0,0,0,0
48350,0,0,0,0,0
48353,0,0,0,0,0
48359,0,0,0,0,0
48360,0,0,0,0,0
48363,0,0,0,0,0
48374,0,0,0,0,0
48375,0,0,0,0,0
48377,0,0,0,0,0
48380,0,0,0,0,0
48381,0,0,0,0,0
48382,0,0,0,0,0
48383,0,0,0,0,0
48386,0,0,0,0,0
48390,0,0,0,0,0
48393,0,0,0,0,0
48415,0,0,0,0,0
48420,0,0,0,0,0
48421,0,0,0,0,0
48423,0,0,0,0,0
48430,0,0,0,0,0
48433,0,0,0,0,0
48436,0,0,0,0,0
48437,0,0,0,0,0
48438,0,0,0,0,0
48439,0,0,0,0,0
48442,0,0,0,0,0
48457,0,0,0,0,0
48458,0,0,0,0,0
48463,0,0,0,0,0
48473,0,0,0,0,0
48502,0,0,0,0,0
48503,0,0,0,0,0
48504,0,0,0,0,0
48505,0,0,0,0,0
48506,0,0,0,0,0
48507,0,0,0,0,0
48509,0,0,0,0,0
48519,0,0,0,0,0
48529,0,0,0,0,0
48532,0,0,0,0,0
48601,0,0,0,0,0
48602,0,0,0,0,0
48603,0,0,0,0,0
48604,0,0,0,0,0
48607,0,0,0,0,0
48609,0,0,0,0,0
48623,0,0,0,0,0
48631,0,0,0,0,0
48638,0,0,0,0,0
48640,0,0,0,0,0
48642,0,0,0,0,8
48706,0,0,0,0,0
48708,0,0,0,0,0
48722,0,0,0,0,0
48724,0,0,0,0,0
48732,0,0,0,0,0
48746,0,0,0,0,0
48808,0,0,0,0,0
48813,0,0,0,0,0
48820,0,0,0,0,0
48821,0,0,2,5,5
48822,0,0,0,0,0
48823,0,0,0,0,0
48827,0,0,0,0,0
48837,0,0,0,0,0
48840,0,0,0,0,0
48842,0,0,0,0,0
48843,0,0,0,0,0
48848,0,0,0,0,0
48854,0,0,0,0,0
48855,0,0,0,0,0
48864,0,0,0,0,0
48876,0,0,0,0,0
48895,0,0,0,0,0
48906,0,0,0,0,0
48910,0,0,0,0,0
48911,0,0,0,0,0
48912,0,0,0,0,0
48915,0,0,0,0,0
48917,0,0,0,0,0
48933,0,0,0,0,0
49001,0,0,0,0,0
49002,0,0,0,0,0
49004,0,0,0,0,0
49006,0,0,0,0,0
49007,0,0,0,0,0
49008,0,0,0,0,9
49009,0,0,0,0,0
49010,0,0,0,0,0
49012,0,0,0,0,0
49014,0,0,0,0,0
49015,0,0,0,0,0
49017,0,0,0,0,0
49024,0,0,0,0,0
49033,0,0,0,0,0
49034,0,0,0,0,0
49037,0,0,0,0,0
49048,0,0,0,0,0
49051,0,0,0,0,0
49053,0,0,0,0,0
49083,0,0,0,0,0
49087,0,0,0,0,0
49088,0,0,0,0,0
49107,0,0,0,0,0
49112,0,0,0,0,0
49117,0,0,0,0,0
49120,0,0,0,0,0
49201,0,0,0,0,0
49202,0,0,0,0,0
49203,0,0,0,0,0
49221,0,0,0,0,0
49228,0,0,0,0,0
49254,0,0,0,0,1
49267,0,0,0,0,5
49270,0,0,0,0,0
49276,0,0,0,0,0
49277,0,0,0,0,0
49286,0,0,0,0,0
49301,0,0,0,0,0
49302,0,0,1,1,1
49306,0,0,0,0,0
49315,19,19,19,25,25
49316,0,0,0,0,0
49321,0,0,0,0,0
49331,0,0,0,0,0
49341,0,0,0,0,0
49345,0,0,0,0,0
49401,0,0,0,0,0
49403,0,0,0,0,0
49404,0,0,0,0,0
49406,0,0,0,0,0
49408,0,0,1,1,1
49415,0,0,0,0,0
49418,0,0,9,26,35
49419,0,0,0,0,0
49423,0,0,0,0,0
49424,0,0,0,0,0
49426,0,0,0,0,0
49428,0,0,0,0,0
49435,0,0,0,0,0
49440,0,0,0,0,0
49441,0,0,0,0,10
49442,0,0,0,0,0
49444,0,0,0,0,0
49445,0,0,0,0,0
49453,0,0,0,0,0
49456,0,0,0,0,0
49457,0,0,0,0,0
49460,0,0,0,0,0
49464,0,0,0,0,0
49503,0,0,0,0,0
49504,0,0,0,0,0
49505,0,0,8,34,51
49506,0,0,0,0,0
49507,0,0,0,0,0
49508,0,0,0,0,0
49509,0,0,0,0,0
49512,16,20,20,24,24
49519,0,0,0,0,0
49525,0,0,0,0,0
49534,0,0,0,0,0
49544,0,0,0,0,0
49546,0,0,0,0,0
49548,0,0,0,0,0
49621,0,0,0,0,0
49637,0,0,0,0,0
49649,0,0,0,0,0
49684,0,0,0,0,0
49685,0,0,0,2,4
49686,0,0,0,0,0
49690,0,0,0,0,0
49696,0,0,0,0,0
55001,0,0,0,0,6
55003,0,0,0,1,1
55009,0,0,0,0,0
55011,0,0,0,0,0
55014,0,0,0,0,0
55016,0,0,0,0,20
55020,0,0,0,0,0
55024,0,0,0,0,0
55025,0,0,0,8,32
55031,0,0,0,0,1
55033,0,0,0,36,89
55038,0,0,0,0,0
55042,0,0,0,0,16
55043,0,0,0,0,4
55044,0,0,0,0,0
55055,0,0,1,5,8
55068,0,0,0,0,155
55071,0,0,0,0,12
55075,0,0,0,0,61
55076,0,0,0,15,45
55077,0,0,0,0,9
55082,0,0,0,40,72
55085,0,0,0,0,0
55089,0,0,0,0,0
55090,0,0,0,0,1
55092,0,0,0,0,2
55101,0,0,0,0,1
55102,0,0,0,0,0
55103,0,0,0,18,45
55104,0,0,0,0,104
55105,0,0,0,0,32
55106,0,0,0,0,36
55107,0,0,0,0,29
55108,0,0,0,0,2
55109,0,0,41,62,110
55110,0,0,0,0,137
55112,0,24,31,47,79
55113,0,0,0,61,131
55114,0,0,0,5,12
55115,0,0,2,4,4
55116,0,0,0,0,0
55117,0,0,0,76,122
55118,0,0,0,0,24
55119,0,0,0,0,8
55120,0,0,0,3,3
55121,0,0,0,4,14
55122,0,0,0,55,103
55123,0,0,0,0,67
55124,0,0,0,27,106
55125,0,0,0,0,55
55126,0,6,12,30,55
55127,0,0,0,0,4
55128,0,0,0,0,34
55129,0,0,0,6,12
55130,0,0,0,9,58
55150,0,0,0,0,0
55301,0,0,0,3,9
55303,0,0,0,0,0
55304,0,0,15,15,46
55305,0,0,11,17,23
55306,0,0,0,6,6
55309,0,0,0,0,0
55311,0,0,0,13,33
55313,0,0,0,0,0
55315,0,0,2,3,6
55316,0,0,0,6,24
55317,0,0,0,5,5
55318,0,0,0,0,0
55322,0,0,0,0,0
55327,0,0,2,3,5
55330,0,0,0,19,39
55331,0,0,0,8,13
55337,0,0,0,36,127
55340,0,0,0,5,44
55341,0,0,0,0,3
55343,0,0,0,0,4
55344,0,0,0,0,20
55345,0,0,0,0,0
55346,0,0,8,12,62
55347,0,0,9,26,123
55352,0,0,0,7,28
55356,0,0,11,36,49
55357,0,0,0,0,6
55359,0,0,0,0,0
55362,0,0,0,1,4
55364,0,0,0,0,14
55369,0,0,0,0,0
55372,0,0,0,0,0
55373,0,0,0,0,0
55374,0,0,5,19,42
55376,0,0,0,0,31
55378,17,43,43,43,52
55379,0,0,0,0,0
55384,0,0,0,0,3
55386,0,0,0,0,4
55387,0,0,0,0,0
55391,0,0,0,0,14
55401,0,0,0,0,1
55402,0,0,0,0,1
55403,0,0,3,13,19
55404,0,0,0,13,47
55405,0,0,0,11,38
55406,0,0,0,28,70
55407,0,0,0,27,113
55408,0,0,0,0,30
55409,0,0,0,12,19
55410,0,0,0,13,31
55411,0,0,0,47,83
55412,0,0,0,28,89
55413,0,0,0,10,26
55414,0,0,0,16,44
55415,0,0,0,1,3
55416,0,0,0,13,71
55417,0,0,0,0,15
55418,0,0,13,53,86
55419,0,0,0,0,96
55420,0,0,0,13,62
55421,0,0,0,0,20
55422,0,0,16,48,74
55423,0,0,0,5,22
55424,0,0,0,4,42
55425,0,0,0,5,23
55426,0,0,0,4,36
55427,0,0,0,0,22
55428,0,0,26,41,51
55429,0,0,0,0,43
55430,0,0,21,41,58
55431,0,12,12,12,41
55432,0,12,31,50,56
55433,0,0,0,16,32
55434,0,0,0,39,59
55435,0,0,0,16,64
55436,0,0,0,0,0
55437,0,0,0,0,10
55438,0,0,0,21,70
55439,0,0,0,4,12
55441,0,0,0,0,7
55442,0,0,0,16,29
55443,0,0,0,0,0
55444,0,0,0,11,23
55445,0,0,0,6,16
55446,0,0,0,12,41
55447,0,0,0,4,18
55448,0,0,0,14,28
55449,0,0,16,32,32
55454,0,0,0,0,5
55802,0,0,0,0,19
55803,0,0,0,0,18
55804,0,0,0,0,0
55805,0,0,0,7,18
55806,0,0,0,0,15
55807,0,0,0,0,8
55808,0,0,0,6,17
55810,0,0,0,0,0
55811,0,0,0,0,0
55812,0,0,0,0,13
55901,0,0,0,0,0
55902,0,0,0,0,0
55904,0,0,0,0,0
55906,0,0,0,25,50
55920,0,0,0,0,0
55925,0,0,0,0,0
55934,0,0,0,0,0
55947,0,0,0,0,9
55960,0,0,0,0,0
56001,0,0,0,0,59
56003,0,3,21,31,52
56011,0,0,0,0,0
56301,0,0,0,0,55
56303,0,0,14,34,96
56304,0,0,0,0,29
56310,0,0,0,0,0
56320,0,0,0,0,0
56374,0,0,0,0,8
56377,0,0,4,16,68
56379,0,0,0,0,12
56387,0,0,0,4,15
56401,0,0,0,0,0
56425,0,0,0,0,0
56465,0,0,0,0,0
56468,0,0,0,0,0
56529,0,0,0,1,6
56547,0,0,0,0,0
56560,0,0,32,137,231
56580,0,0,0,0,0
56721,0,0,0,0,27
63005,0,0,0,896,2580
63010,0,0,43,236,4543
63011,0,0,114,1117,5597
63017,0,0,146,1624,6137
63021,0,0,18,1095,7739
63026,0,0,130,766,6362
63031,0,0,108,467,7496
63033,0,0,104,277,4712
63034,0,0,0,312,2773
63038,0,0,5,139,483
63040,0,0,5,224,1137
63042,0,0,85,153,2466
63043,0,0,40,301,3300
63044,0,0,13,227,1691
63049,0,0,16,110,1104
63052,0,0,4,46,476
63074,0,0,6,122,2237
63088,0,0,27,155,1118
63101,0,0,4,13,68
63102,0,0,9,24,155
63103,0,0,23,59,356
63104,0,0,87,297,1835
63105,0,0,55,418,1380
63106,0,0,41,158,777
63107,0,0,62,169,1382
63108,0,0,28,231,1245
63109,0,0,104,349,3768
63110,0,0,33,290,2188
63111,0,0,127,347,2329
63112,0,0,70,281,1921
63113,0,0,74,218,1631
63114,0,0,131,364,5639
63115,0,0,243,598,3121
63116,0,0,207,525,5155
63117,0,0,27,297,1377
63118,0,0,200,474,2917
63119,0,0,42,885,4532
63120,0,0,106,226,1286
63121,0,0,153,359,3167
63122,0,0,131,1468,6642
63123,0,0,117,571,6814
63124,0,4,42,639,1970
63125,0,0,51,255,4009
63126,0,0,19,393,2578
63127,0,0,0,242,1025
63128,0,0,94,680,4402
63129,0,0,49,899,6884
63130,0,0,119,739,3367
63131,0,0,20,1198,3466
63132,0,0,52,377,2235
63133,0,0,34,125,978
63134,0,0,43,146,2140
63135,0,0,74,191,2185
63136,0,0,244,383,4889
63137,0,0,162,292,2213
63138,0,0,48,193,1855
63139,0,0,8,266,3107
63140,0,0,4,10,66
63141,0,0,62,832,3204
63143,0,0,12,81,980
63144,0,0,9,221,1363
63146,0,0,62,444,3699
63147,0,0,128,275,1535
63301,0,0,132,659,7297
63303,0,0,29,958,6985
63304,0,0,28,968,6222
63341,0,0,0,2,6
63366,0,0,0,412,5711
63367,0,0,3,250,1531
63368,0,0,0,911,6240
63376,0,24,241,1133,10582
63385,0,0,1,6,41
63386,0,0,0,2,24
63701,0,0,0,379,3609
63703,0,0,42,102,1189
63780,0,0,19,67,494
64012,0,29,72,317,6937
64014,0,0,92,303,6285
64015,0,0,156,421,8792
64016,0,0,1,4,90
64029,0,4,33,69,1013
64030,0,12,190,332,5643
64034,0,0,20,184,1675
64050,0,0,124,242,4875
64052,0,5,128,195,4621
64053,0,0,11,37,1033
64054,0,7,26,49,866
64055,0,34,103,206,8301
64056,0,0,115,231,3756
64057,0,0,64,146,2452
64058,0,3,15,23,1491
64060,0,0,0,0,0
64063,0,0,54,207,3692
64064,0,76,258,691,5315
64068,0,50,106,319,5906
64079,0,0,0,0,3
64080,0,0,20,94,1820
64081,0,0,104,661,6937
64082,0,0,164,545,4644
64083,0,0,231,516,7354
64086,0,0,200,503,6033
64105,0,0,9,21,329
64106,0,0,44,98,844
64108,0,11,101,215,2093
64109,0,17,176,315,2644
64110,0,0,118,372,4598
64111,0,0,61,256,3379
64112,0,0,95,210,1317
64113,0,0,309,812,3257
64114,0,0,102,271,5753
64116,0,0,78,265,4932
64117,0,0,93,182,2450
64118,0,0,141,273,9119
64119,0,0,97,312,7152
64120,0,0,0,0,703
64123,0,0,72,134,2451
64124,0,0,93,144,2454
64125,0,0,24,41,506
64126,0,0,63,134,1329
64127,0,0,311,512,4410
64128,0,0,160,313,3768
64129,0,0,63,118,1957
64130,0,0,155,368,6963
64131,0,0,95,243,5731
64132,0,4,142,196,3616
64133,0,0,160,272,7695
64134,0,24,99,170,3774
64136,0,0,19,40,491
64137,0,0,30,62,2072
64138,0,21,138,239,5059
64139,0,0,13,28,554
64145,0,8,36,136,1798
64146,0,0,4,18,484
64147,0,0,14,29,76
64149,0,0,1,13,237
64150,0,0,20,61,636
64151,0,27,186,399,6204
64152,0,0,268,816,5734
64153,0,0,25,54,1613
64154,0,0,11,200,2600
64155,0,0,67,333,6316
64156,0,4,54,123,1658
64157,6,12,243,697,5730
64158,0,9,47,128,1267
64161,0,3,12,23,369
64163,0,0,0,2,112
64164,0,0,1,8,42
64165,0,0,0,0,27
64167,0,0,0,20,64
64421,0,0,0,1,8
64436,0,0,0,1,17
64501,0,0,118,198,2435
64503,0,0,63,243,3043
64504,0,0,57,179,2619
64505,0,0,36,185,3336
64506,0,0,64,374,4432
64507,0,0,51,227,2745
64801,77,307,584,4469,15081
64804,0,66,607,3960,12895
64834,0,13,142,936,3095
64835,1,1,3,242,1016
64836,0,83,225,1611,5799
64840,0,0,0,2,6
64841,0,1,3,20,70
64855,0,3,7,110,374
64870,0,60,222,1646,5843
65039,0,0,0,0,2
65043,0,0,1,27,447
65053,0,0,0,0,12
65101,0,0,33,208,2064
65109,0,0,67,276,3277
65201,0,0,345,813,4907
65202,0,0,159,548,6674
65203,0,0,74,1182,8660
65255,0,0,0,2,37
65611,0,0,1,1,38
65616,0,78,186,1370,4796
65619,0,3,79,757,3100
65631,0,0,4,32,112
65672,0,20,100,529,1997
65679,0,0,0,0,2
65714,0,61,338,2195,8466
65721,0,34,225,1709,6660
65738,0,0,0,0,1
65739,0,0,4,9,121
65742,0,1,22,183,743
65753,0,0,1,11,39
65757,0,0,0,1,49
65781,0,1,4,25,100
65802,0,142,515,3978,17437
65803,0,278,702,3739,16001
65804,0,0,151,709,10166
65806,0,0,114,231,2001
65807,0,0,189,622,12442
65809,0,0,142,397,2841
65810,0,0,41,456,5438
38637,0,0,0,0,0
38641,0,0,0,0,0
38654,0,0,0,0,0
38655,0,0,0,0,0
38671,0,0,0,0,0
38672,0,0,0,0,0
38680,0,0,0,0,0
38801,0,0,0,0,0
38804,0,0,0,0,0
38826,0,0,0,0,0
38862,0,0,0,0,0
38863,0,0,0,0,0
38866,0,0,0,0,0
38868,0,0,0,0,0
39041,0,0,0,0,0
39042,0,0,0,0,0
39046,0,0,0,0,0
39047,0,0,0,0,0
39056,0,0,0,0,0
39071,0,0,0,0,0
39073,0,0,0,0,0
39110,0,0,0,0,0
39154,0,0,0,0,0
39157,0,0,0,0,0
39170,0,0,0,0,0
39201,0,0,0,0,0
39202,0,0,0,0,0
39203,0,0,0,0,0
39204,0,0,0,0,0
39206,0,0,0,0,0
39208,0,0,0,0,0
39209,0,0,0,0,0
39211,0,0,0,0,0
39212,0,0,0,0,0
39213,0,0,0,0,0
39216,0,0,0,0,0
39218,0,0,0,0,0
39232,0,0,0,0,0
39272,0,0,0,0,0
39301,0,0,0,0,0
39305,0,0,0,0,0
39307,0,0,0,0,0
39342,0,0,0,0,0
39401,0,0,0,0,0
39402,0,0,0,0,0
39437,0,0,0,0,0
39440,0,0,0,0,0
39443,0,0,0,0,0
39452,0,0,0,0,0
39465,0,0,0,0,0
39475,0,0,0,0,0
39501,0,0,0,0,0
39503,0,0,0,0,0
39507,0,0,0,0,0
39520,0,0,0,0,0
39525,0,0,0,0,0
39530,0,0,0,0,0
39531,0,0,0,0,0
39532,0,0,0,0,0
39540,0,0,0,0,0
39553,0,0,0,0,0
39556,0,0,0,0,0
39560,0,0,0,0,0
39562,0,0,0,0,0
39563,0,0,0,0,0
39564,0,0,0,0,0
39565,0,0,0,0,0
39567,0,0,0,0,0
39571,0,0,0,0,0
39574,0,0,0,0,0
39576,0,0,0,0,0
39581,0,0,0,0,0
59030,5,8,9,11,13
59101,71,282,482,517,752
59102,184,429,659,766,1011
59105,58,117,263,321,497
59106,17,205,415,542,708
59401,73,127,181,223,273
59404,0,119,281,375,451
59405,40,130,239,389,479
59411,0,0,1,1,1
59417,0,2,3,4,5
59714,20,31,83,131,162
59715,27,116,374,550,707
59718,8,162,354,478,662
59741,0,0,0,1,1
59801,24,128,311,439,511
59802,35,52,140,214,262
59803,5,38,177,292,388
59804,3,53,119,163,191
59808,19,43,144,216,312
59901,0,70,198,337,500
59912,0,1,3,6,11
59936,0,0,0,0,0
59937,0,2,7,15,20
27006,0,0,0,0,0
27009,0,0,0,0,1
27012,0,0,0,0,0
27019,0,0,0,0,0
27023,0,0,0,0,1
27040,0,0,0,0,14
27045,0,0,0,0,2
27050,0,0,0,0,0
27051,0,0,0,0,0
27052,0,0,0,0,0
27101,0,0,0,6,102
27103,0,0,0,0,53
27104,0,0,0,0,21
27105,0,0,0,26,334
27106,0,0,0,0,162
27107,0,0,0,0,56
27127,0,0,0,0,59
27201,0,0,0,0,0
27214,0,0,0,0,0
27215,0,0,0,0,0
27217,0,0,0,0,68
27233,0,0,0,0,0
27235,0,0,0,0,3
27244,0,0,0,0,2
27249,0,0,0,0,17
27253,0,0,0,0,0
27258,0,0,0,0,14
27260,0,0,0,0,146
27262,0,0,0,0,0
27263,0,0,0,21,64
27265,0,0,0,0,16
27278,0,0,0,0,0
27282,0,0,0,0,20
27284,0,0,0,0,92
27292,0,0,0,0,22
27295,0,0,0,0,10
27299,0,0,0,0,0
27301,0,0,3,4,4
27302,0,0,2,3,5
27305,0,0,0,0,0
27310,0,0,3,3,8
27311,0,0,0,0,0
27313,0,0,0,0,0
27315,0,0,0,0,0
27317,0,0,2,5,11
27357,0,0,0,0,0
27358,0,0,0,0,0
27360,0,0,0,0,0
27370,0,0,0,1,3
27376,0,0,1,3,4
27377,0,0,0,0,1
27401,0,0,0,0,5
27403,0,0,0,0,27
27405,0,0,0,0,29
27406,0,0,0,0,230
27407,0,0,0,0,75
27408,0,0,0,0,33
27409,0,0,0,19,57
27410,0,0,0,0,0
27455,0,0,0,0,27
27502,0,0,20,69,255
27504,0,0,8,22,29
27510,0,0,0,0,12
27511,0,0,25,37,50
27513,0,0,0,0,67
27514,0,0,0,0,45
27516,0,0,0,42,179
27517,4,26,44,48,61
27518,0,0,0,5,37
27519,0,0,0,0,200
27520,0,0,7,37,74
27521,0,0,0,1,1
27523,0,6,11,15,32
27526,0,23,41,58,64
27527,0,0,0,0,13
27529,0,0,0,0,11
27530,0,0,0,27,107
27534,0,0,24,72,114
27539,0,0,26,45,71
27540,0,0,0,10,70
27545,0,27,48,75,122
27560,0,0,0,8,47
27562,0,0,0,0,2
27587,0,7,17,20,27
27591,0,0,0,0,2
27592,0,0,8,10,17
27596,0,0,0,0,0
27601,0,0,0,0,0
27603,0,0,0,0,128
27604,0,0,0,0,94
27605,0,0,0,3,16
27606,0,0,0,51,118
27607,0,0,0,17,59
27608,0,0,0,0,0
27609,0,0,0,5,36
27610,0,0,96,176,353
27612,0,0,0,13,53
27613,0,0,0,0,26
27614,0,0,35,70,304
27615,0,0,0,0,0
27616,0,0,0,10,91
27617,0,0,5,15,40
27701,0,0,0,16,47
27703,0,0,0,41,68
27704,0,0,71,88,124
27705,0,0,0,14,86
27707,0,0,0,0,97
27712,0,0,10,37,41
27713,0,0,0,0,47
27801,0,0,20,102,143
27803,0,0,0,13,66
27804,0,0,0,56,176
27809,0,1,3,3,4
27812,0,0,0,0,0
27822,0,0,0,5,21
27828,0,0,0,0,0
27834,0,0,0,42,204
27837,0,0,0,1,3
27851,0,0,0,0,1
27856,0,0,0,0,0
27858,0,0,0,101,269
27863,0,0,0,0,2
27878,0,0,0,0,1
27884,0,0,0,0,0
27893,0,9,208,387,472
27896,0,0,19,57,81
28012,0,0,0,0,0
28016,0,0,0,0,0
28023,0,0,0,0,1
28025,0,0,0,12,110
28027,0,0,0,0,35
28031,0,0,0,0,19
28032,0,0,0,0,11
28033,0,0,0,0,0
28034,0,0,0,0,31
28036,0,0,0,0,0
28037,0,0,2,10,15
28052,0,0,0,0,45
28054,0,0,0,0,63
28056,0,0,0,0,16
28072,0,0,0,0,0
28073,0,0,0,0,3
28075,0,0,0,0,0
28078,0,0,0,0,0
28079,0,0,0,0,0
28080,0,0,0,0,0
28086,0,0,0,0,0
28092,0,0,0,0,36
28098,0,0,0,0,0
28101,0,0,0,0,0
28104,0,0,0,20,20
28105,0,0,0,0,22
28107,0,0,0,0,0
28110,0,0,0,0,56
28112,0,0,0,19,58
28115,0,0,0,47,94
28117,0,0,0,0,11
28120,0,0,0,0,58
28125,0,0,0,0,0
28134,0,0,0,0,11
28138,0,0,0,0,0
28144,0,0,0,0,0
28146,0,0,0,0,0
28147,0,0,0,0,0
28150,0,0,0,3,31
28152,0,0,0,0,49
28159,0,0,0,0,10
28164,0,0,0,0,2
28166,0,0,0,0,1
28168,0,0,0,0,0
28173,0,0,0,0,0
28202,0,0,0,0,7
28203,0,0,0,0,0
28204,0,0,0,0,0
28205,0,0,0,0,31
28206,0,0,0,0,9
28207,0,0,0,0,3
28208,0,0,0,55,117
28209,0,0,0,0,0
28210,0,0,0,0,10
28211,0,0,0,0,12
28212,0,0,0,17,62
28213,0,0,0,56,121
28214,0,0,0,12,37
28215,0,0,0,37,111
28216,0,0,0,0,0
28217,0,0,0,0,45
28226,0,0,0,0,10
28227,0,0,0,0,13
28262,0,0,0,0,91
28269,0,0,0,0,144
28270,0,0,0,0,8
28273,0,0,0,0,0
28277,0,0,0,18,92
28278,0,0,0,16,24
28301,0,0,0,44,244
28303,0,0,52,147,251
28304,0,0,0,12,108
28305,0,0,13,34,52
28306,0,0,0,136,258
28307,0,0,0,7,27
28311,0,0,54,179,251
28312,0,0,23,63,120
28314,0,0,92,144,184
28315,0,0,15,24,34
28326,0,0,0,0,0
28327,0,0,0,0,5
28333,0,0,0,0,3
28334,0,0,33,51,98
28339,0,0,0,0,34
28348,0,0,0,80,161
28358,0,0,43,86,208
28360,0,0,9,18,27
28371,0,2,28,50,65
28372,0,0,0,0,0
28373,0,0,0,1,1
28374,0,0,0,8,18
28376,0,0,0,15,30
28387,0,0,0,0,4
28390,0,0,0,30,55
28391,0,0,0,1,1
28394,0,0,0,0,0
28395,0,0,0,0,1
28401,0,0,99,229,274
28403,0,0,127,220,304
28405,0,0,0,80,180
28409,0,0,0,33,55
28411,0,0,0,24,61
28412,0,0,0,0,112
28420,0,0,0,0,0
28422,0,0,2,9,16
28428,0,0,21,45,70
28429,0,0,0,6,13
28449,0,0,0,0,13
28451,0,0,1,2,2
28460,0,0,0,0,0
28461,0,0,0,13,48
28462,0,4,71,116,125
28465,0,0,0,32,133
28467,0,0,0,17,52
28468,0,0,12,36,59
28469,0,0,0,0,28
28470,0,0,0,19,44
28479,0,0,0,0,0
28480,0,0,0,0,2
28513,0,0,0,0,1
28539,0,0,0,1,2
28540,0,0,0,64,166
28543,0,0,0,0,3
28544,0,0,0,3,6
28546,0,0,0,0,180
28547,0,0,0,10,21
28555,0,0,0,0,0
28590,0,0,13,32,63
28601,0,0,0,0,70
28602,0,0,0,0,46
28610,0,0,0,0,6
28612,0,0,0,0,0
28613,0,0,0,0,4
28619,0,0,0,0,0
28625,0,0,0,0,12
28630,0,0,0,0,14
28637,0,0,0,7,11
28638,0,0,0,3,16
28645,0,0,0,0,0
28650,0,0,0,0,0
28655,0,0,0,0,0
28658,0,0,0,0,0
28677,0,0,0,28,55
28681,0,0,0,0,0
28690,0,0,0,6,13
28701,0,0,1,4,10
28715,0,0,0,9,26
28730,0,0,0,0,2
28748,0,0,0,0,1
28778,0,0,0,0,3
28787,0,0,0,0,24
28801,0,0,0,22,109
28803,0,0,22,44,79
28804,0,0,6,24,49
28805,0,0,0,0,23
28806,0,0,0,12,23
58042,0,0,0,0,0
58047,0,0,0,0,0
58078,0,0,0,0,0
58102,0,0,0,0,0
58103,0,0,0,0,0
58104,0,0,0,0,0
58201,0,0,0,0,0
58202,0,0,0,0,0
58203,0,0,0,0,0
58501,0,0,0,0,0
58503,0,0,0,0,0
58504,0,0,0,0,0
58554,0,0,0,0,0
68005,0,0,0,0,0
68007,0,0,0,0,0
68010,0,0,0,0,0
68022,0,0,0,0,0
68028,0,0,0,0,0
68030,0,0,0,0,0
68046,0,0,0,16,16
68059,0,0,0,0,0
68064,0,0,0,0,0
68069,0,0,0,0,0
68102,0,0,0,0,0
68104,0,0,0,0,0
68105,0,0,0,0,0
68106,0,0,0,0,0
68107,0,0,0,0,0
68108,0,0,0,0,0
68110,0,0,0,0,0
68111,0,0,0,0,0
68112,0,0,0,0,0
68113,0,0,0,0,0
68114,0,0,0,0,0
68116,0,0,0,0,0
68117,0,0,0,0,0
68118,0,0,0,0,0
68122,0,0,0,0,0
68123,0,0,0,0,0
68124,0,0,0,0,0
68127,0,0,0,0,0
68128,0,0,0,0,0
68130,0,0,0,0,0
68131,0,0,0,0,0
68132,0,0,0,0,0
68133,0,0,0,0,0
68134,0,0,0,0,0
68135,0,0,0,0,0
68136,0,0,0,0,0
68137,0,0,0,0,0
68138,0,0,0,0,0
68142,0,0,0,0,0
68144,0,0,0,0,0
68147,0,0,0,0,0
68152,0,0,0,0,0
68154,0,0,0,0,0
68157,0,0,0,0,0
68164,0,0,0,0,0
68317,0,0,0,0,0
68336,0,0,0,0,0
68339,0,0,0,0,0
68430,0,0,0,0,0
68462,0,0,0,0,0
68502,0,0,0,0,0
68503,0,0,0,0,0
68504,0,0,0,0,0
68505,0,0,0,0,0
68506,0,0,0,0,0
68507,0,0,0,0,0
68508,0,0,0,0,0
68510,0,0,0,0,0
68512,0,0,0,0,0
68514,0,0,0,0,0
68516,0,0,0,0,0
68517,0,0,0,0,0
68520,0,0,0,0,0
68521,0,0,0,0,0
68522,0,0,0,0,0
68523,0,0,0,0,0
68524,0,0,0,0,0
68526,0,0,0,0,0
68527,0,0,0,0,0
68528,0,0,0,0,0
68531,0,0,0,0,0
68731,0,0,0,0,0
68776,0,0,0,0,0
3032,0,9,364,1257,1301
3034,0,0,28,119,121
3036,0,2,44,141,146
3038,0,98,1189,5078,5150
3045,0,79,734,3344,3440
3046,0,3,29,97,101
3049,0,1,41,141,148
3051,0,95,1039,4358,4507
3052,0,8,221,854,890
3053,0,83,1102,3838,3961
3054,0,36,832,3859,3962
3060,0,147,1141,5545,5641
3062,0,62,1085,5084,5209
3063,0,47,578,2720,2790
3064,0,58,546,2977,3041
3076,0,14,572,2335,2417
3079,0,112,1314,5187,5309
3087,0,7,72,229,239
3101,0,20,131,454,468
3102,0,81,906,5718,5770
3103,0,88,1314,7918,7998
3104,0,220,1401,7406,7550
3106,0,81,908,3743,3863
3109,0,62,579,2921,2969
3110,0,10,1036,3317,3477
3224,0,0,2,6,6
3229,0,0,9,36,37
3234,0,0,4,22,22
3258,0,0,12,55,56
3275,0,49,524,2564,2592
3301,0,152,1338,6472,6584
3303,0,10,277,1417,1439
3304,0,32,332,1028,1075
3307,0,1,30,162,164
3801,0,56,1155,3904,4025
3820,0,49,1173,4365,4463
3823,0,2,19,46,49
3824,0,24,197,602,624
3833,0,1,17,63,65
3840,0,9,130,416,432
3854,0,4,105,280,294
3856,0,8,68,182,193
3857,0,18,196,857,871
3861,0,0,1,3,3
3862,0,4,55,180,186
3865,0,0,1,4,4
3867,0,0,1,4,4
3868,0,0,5,24,24
3869,0,5,82,292,299
3870,0,25,205,530,560
3878,0,14,441,1941,1955
3885,0,18,138,407,426
7001,0,57,171,1242,2745
7002,0,88,635,4359,10591
7003,0,206,685,3920,9004
7004,0,0,157,485,1969
7005,0,11,131,351,1814
7006,0,5,235,826,3684
7008,0,0,258,2401,5329
7009,18,96,422,1391,2755
7010,0,61,243,1268,2910
7011,7,169,346,3196,6921
7012,6,48,187,1348,2871
7013,0,154,720,3512,6936
7014,0,4,109,582,1228
7016,0,10,275,763,3464
7017,0,81,183,1462,3445
7018,0,103,234,1231,2717
7020,0,24,146,463,891
7021,0,11,91,200,324
7022,13,56,158,864,2086
7023,0,13,225,733,1342
7024,0,72,332,1528,3389
7026,0,48,351,2531,5735
7027,0,10,69,508,1095
7028,7,40,353,802,1299
7029,0,46,176,1000,2324
7030,0,108,508,1492,2867
7031,0,45,224,1582,3598
7032,0,84,351,2658,6795
7033,0,0,45,202,1674
7034,0,3,40,122,1130
7035,0,1,18,62,629
7036,0,120,432,4355,9814
7039,0,0,430,1388,4398
7040,0,0,287,896,2997
7041,0,0,109,338,980
7042,4,149,662,2033,3858
7043,0,69,528,1264,2160
7044,11,116,478,1401,2556
7045,0,0,74,404,1486
7046,0,2,41,144,330
7047,0,216,564,3077,7437
7050,10,140,262,1431,3284
7052,0,0,432,1304,6215
7054,0,0,212,686,3632
7055,0,94,271,2777,6190
7057,0,27,146,1005,2406
7058,0,4,54,169,812
7059,0,0,341,811,2425
7060,27,113,312,2354,5241
7062,11,43,128,948,2072
7063,0,31,100,801,1902
7064,0,3,84,598,1312
7065,0,73,292,2365,5460
7066,4,86,356,1907,3887
7067,0,51,519,2452,4832
7068,0,0,54,205,976
7069,0,0,58,180,715
7070,11,87,400,1711,3528
7071,0,97,378,2210,4885
7072,0,22,195,868,1899
7073,0,23,166,838,1822
7074,0,19,64,378,883
7075,2,43,276,1036,2099
7076,0,0,247,967,3436
7077,0,14,68,365,778
7078,0,0,268,905,1824
7079,0,13,175,538,1804
7080,13,50,588,2880,5928
7081,0,0,149,479,2421
7082,0,0,22,88,300
7083,0,51,514,1234,8936
7086,8,41,228,724,1520
7087,0,163,337,2234,5660
7088,0,4,21,43,498
7090,0,0,488,1446,4352
7092,0,0,167,381,1198
7093,39,89,310,1969,4774
7094,0,71,438,1468,3130
7095,16,61,231,1835,3912
7102,19,51,97,408,883
7103,0,112,257,1740,3878
7104,0,60,336,2253,5247
7105,0,99,249,2343,6091
7106,24,153,275,1645,3815
7107,0,105,254,1853,4275
7108,0,154,331,1320,2877
7109,0,43,356,2977,6879
7110,0,142,638,2918,6055
7111,0,176,367,3033,7442
7112,0,88,256,1519,3556
7114,0,44,142,900,2024
7201,0,40,149,1631,3943
7202,15,103,245,2157,4799
7203,11,40,195,1578,3529
7204,0,44,166,1075,2343
7205,0,65,304,2004,4527
7206,33,95,180,1593,3601
7208,0,51,135,1531,3574
7302,3,89,457,1240,2368
7304,0,124,458,2256,5163
7305,0,142,587,3799,9124
7306,11,137,368,2148,5022
7307,0,103,390,2398,5831
7310,0,7,33,78,137
7401,8,26,247,656,1162
7407,0,107,302,1977,4474
7410,0,143,1236,3792,7676
7417,0,98,567,1255,2254
7423,0,14,208,484,781
7424,17,62,433,2499,5375
7430,18,180,492,2114,4128
7432,5,44,217,708,1446
7436,0,3,109,451,1854
7440,0,0,22,96,438
7442,0,1,14,54,447
7444,0,0,23,68,329
7446,0,99,430,1371,2523
7450,29,125,963,2425,4236
7452,16,60,520,1338,2328
7458,0,155,615,1360,2370
7463,0,28,271,981,1880
7470,0,0,510,1756,8044
7481,0,46,598,1703,3200
7501,0,133,274,1619,3397
7502,0,35,149,1176,2598
7503,26,66,156,1246,2818
7504,0,40,145,835,1676
7505,0,21,41,217,453
7506,0,49,331,2053,4281
7508,0,111,455,2281,4585
7512,4,61,377,1618,3401
7513,0,3,50,649,1488
7514,0,45,82,947,2123
7522,0,58,147,1115,2472
7524,4,55,132,849,1839
7601,0,16,279,2233,5336
7603,0,19,110,720,1638
7604,0,9,264,1259,2815
7605,0,43,211,707,1438
7606,0,11,41,275,661
7607,5,35,199,970,2199
7620,2,14,50,118,196
7621,0,99,410,2308,4959
7624,0,69,372,1138,1935
7626,0,12,245,811,1574
7627,0,11,174,490,931
7628,0,85,277,1532,3515
7630,0,56,225,824,1680
7631,0,121,462,1923,3904
7632,0,61,377,914,1570
7640,0,7,159,487,888
7641,0,13,123,297,496
7642,4,22,314,989,1852
7643,0,29,135,836,2004
7644,0,93,373,2047,4457
7645,0,28,253,792,1428
7646,0,32,293,1377,2963
7647,0,20,147,618,1236
7648,0,15,180,607,1107
7649,0,51,378,966,1684
7650,0,36,187,1122,2483
7652,0,120,705,3143,6574
7656,0,45,259,804,1519
7657,0,25,192,990,2130
7660,0,20,151,951,2156
7661,2,68,340,1149,2196
7662,14,35,167,746,1488
7663,24,116,380,1806,3756
7666,20,204,851,3038,6300
7670,12,109,499,1285,2204
7675,0,77,894,2626,5026
7676,0,12,241,807,1554
7677,2,46,259,588,1024
7701,0,16,235,738,3934
7702,0,2,79,218,850
7704,0,5,118,397,1165
7711,0,0,41,132,507
7712,0,59,356,839,5818
7716,0,0,81,223,1404
7717,0,0,38,125,751
7718,0,0,76,227,1321
7719,0,13,317,855,4816
7720,0,6,37,101,1158
7721,0,0,16,44,518
7722,0,0,71,171,621
7723,0,0,69,169,762
7724,0,38,183,500,3705
7726,0,10,619,1582,7222
7727,0,0,106,241,1402
7728,0,12,426,1346,8902
7730,0,0,243,492,3690
7731,0,0,316,967,7004
7732,0,0,42,141,977
7733,0,8,282,839,3048
7734,0,12,97,230,2295
7735,0,0,164,461,4122
7737,0,0,18,90,699
7738,0,7,78,237,856
7739,0,0,97,451,1257
7740,0,0,172,535,5243
7746,0,15,335,1080,3729
7747,0,0,222,910,5855
7748,0,0,374,907,4559
7750,0,5,72,187,743
7751,0,15,396,1037,3625
7753,0,44,379,828,6851
7755,0,5,54,187,1354
7756,0,3,41,78,895
7757,0,0,103,214,1211
7758,0,0,29,158,942
7760,0,0,204,541,1696
7762,0,11,168,509,2869
7764,0,9,119,263,1719
7801,0,0,92,249,2947
7803,0,0,15,67,645
7821,0,0,1,2,14
7828,0,0,55,163,1658
7834,0,3,104,421,2256
7836,0,8,123,354,1813
7838,0,0,0,0,3
7840,0,24,130,456,3712
7843,0,1,4,40,356
7847,0,0,4,20,368
7849,0,0,1,3,15
7850,0,0,41,96,791
7852,0,2,20,83,550
7853,0,5,91,351,1083
7856,0,1,11,31,364
7857,0,0,17,59,549
7866,0,0,113,401,2179
7869,0,5,173,876,3117
7874,0,0,29,80,826
7876,0,0,130,406,1904
7878,0,0,0,1,54
7885,0,16,73,187,1470
7901,0,0,208,758,2498
7920,0,6,338,1170,3899
7921,0,0,57,161,733
7922,0,0,126,441,1405
7924,0,2,59,252,710
7927,0,0,54,138,611
7928,0,0,151,753,2048
7930,0,0,74,233,683
7931,0,0,23,74,255
7932,0,0,108,377,1538
7933,0,0,43,135,452
7935,0,0,7,29,149
7936,0,3,95,507,2217
7940,0,0,205,634,2204
7945,0,0,137,481,1236
7946,0,0,52,172,502
7950,0,0,150,612,2725
7960,0,7,282,1066,4449
7974,0,0,130,386,1425
7980,0,0,47,120,419
7981,0,19,117,308,1535
8002,19,174,338,2658,4678
8003,0,481,1354,6910,7717
8004,0,78,227,2430,2633
8007,8,27,61,666,1170
8009,0,98,205,2932,3202
8010,0,22,136,1495,2697
8012,18,303,642,8464,9005
8016,0,220,788,4784,8789
8020,0,3,5,28,29
8021,42,217,500,7726,8192
8022,0,4,90,273,1592
8023,0,0,0,76,79
8026,9,45,88,683,725
8027,7,43,92,1762,1838
8028,0,167,339,4636,4945
8029,0,23,68,773,1376
8030,30,110,183,1782,3268
8031,7,53,130,1794,3287
8032,0,4,12,146,154
8033,3,164,515,1887,3082
8034,12,122,351,2245,3894
8035,0,58,188,1081,1832
8036,0,53,150,892,1579
8037,16,124,360,3728,3920
8043,53,583,1127,5721,6264
8045,5,36,69,442,771
8046,10,184,474,5125,9467
8048,0,105,345,1821,3184
8049,9,27,65,805,1486
8051,0,61,191,1928,2047
8052,0,28,146,2068,4001
8053,37,480,1318,10792,11876
8054,79,225,1066,6006,10676
8055,9,289,835,3927,4331
8057,0,278,1051,3419,5639
8059,14,40,120,1010,1748
8060,0,53,296,2570,4713
8062,0,62,136,618,683
8063,0,10,39,519,856
8065,8,37,83,822,1522
8066,15,86,140,2285,2398
8069,8,50,90,1372,1476
8070,19,126,224,4344,4611
8071,11,65,117,2033,2126
8075,65,187,585,4396,7832
8077,0,102,516,2810,5130
8078,21,38,99,1293,2305
8079,1,18,34,626,669
8080,0,476,1257,10213,11006
8081,39,568,1019,11832,12529
8083,0,121,269,2444,2598
8084,23,93,166,1619,1713
8085,0,1,2,16,17
8086,0,68,170,1827,1963
8088,1,5,10,90,100
8089,7,50,87,880,947
8090,2,73,153,2119,2245
8091,0,2,6,153,163
8093,0,74,129,1438,2339
8094,88,572,1067,10025,10696
8096,29,409,818,8955,9461
8097,3,21,65,801,855
8102,0,30,72,557,974
8103,8,116,219,1450,2440
8104,0,178,362,2089,3550
8105,0,79,207,2011,3672
8106,0,26,144,1435,2545
8107,34,74,171,1574,2782
8108,16,98,333,2210,3769
8109,0,109,297,2773,5046
8110,0,143,267,2463,4478
8201,12,27,49,687,704
8203,42,358,812,5488,5757
8221,2,173,335,1807,1914
8223,0,56,120,1175,1222
8225,0,130,268,2610,2732
8226,0,678,1444,10263,10763
8230,0,45,94,957,1010
8232,80,159,267,4487,4614
8234,52,396,875,9861,10163
8244,21,94,191,2879,2960
8270,0,1,1,23,24
8302,1,6,14,213,222
8310,4,17,27,402,409
8312,14,92,195,2128,2231
8318,0,54,141,1920,2025
8322,0,119,266,2606,2762
8326,3,13,23,496,499
8328,0,7,13,336,347
8330,0,3,6,103,106
8332,129,303,500,5238,5485
8340,0,0,1,30,31
8341,0,12,25,406,420
8343,0,71,166,1079,1156
8344,5,40,102,1574,1646
8346,0,0,0,132,132
8352,0,0,1,9,10
8360,89,279,536,10557,11004
8361,76,237,373,3703,3920
8401,129,341,577,5518,5742
8402,47,385,732,4210,4496
8403,7,95,197,1056,1135
8406,0,210,373,3908,4122
8501,0,5,127,384,1778
8502,0,0,250,672,1822
8505,20,128,383,2694,4923
8510,0,0,32,110,333
8512,0,0,113,334,1875
8514,0,0,51,113,597
8515,0,0,143,423,1377
8518,0,29,95,752,1409
8520,0,0,217,738,4840
8525,0,2,38,105,403
8527,0,0,210,682,6961
8533,0,0,0,0,2
8534,0,0,278,715,2427
8535,0,0,55,133,438
8536,0,41,292,1481,3020
8540,77,364,1589,4672,8731
8542,0,7,86,323,614
8550,0,0,297,1193,3966
8553,0,1,26,100,189
8554,0,16,69,485,876
8555,0,0,4,13,123
8558,0,43,227,508,849
8560,0,0,17,67,420
8562,0,0,4,10,115
8609,9,87,126,943,2113
8610,91,198,387,3747,8055
8611,0,137,374,2202,4555
8618,0,217,492,2927,6186
8619,0,0,387,2976,6359
8620,0,0,157,381,2667
8628,0,35,139,1047,2284
8629,17,33,92,917,2051
8638,0,242,502,2656,5791
8648,0,130,752,3427,6831
8690,0,62,391,2510,5395
8691,0,0,206,645,3237
8701,0,0,183,811,10965
8720,0,0,23,58,190
8721,0,0,32,109,1075
8722,0,0,78,169,2332
8723,0,0,218,605,8057
8724,0,0,364,879,10492
8730,0,0,93,239,1103
8731,0,0,0,0,6
8732,0,0,11,34,367
8733,0,5,27,44,496
8735,0,0,170,473,4510
8736,0,0,269,801,3824
8738,0,0,105,259,855
8740,0,0,6,24,794
8741,0,1,23,70,551
8742,0,29,479,1154,7724
8750,0,0,128,364,1497
8751,0,15,227,543,2427
8752,0,5,43,159,1362
8753,0,18,793,1696,14913
8755,0,0,215,638,5621
8757,0,0,280,659,11914
8759,35,157,258,4731,4999
8804,0,0,7,21,118
8805,13,18,172,1105,2443
8807,0,0,359,1126,4730
8810,4,36,255,1032,2080
8812,0,107,452,1573,2976
8816,0,21,435,1625,7518
8817,0,139,677,4333,8899
8820,0,191,1157,4138,7693
8823,3,25,120,774,1601
8824,0,40,662,1867,3338
8828,0,2,13,35,375
8830,0,51,367,1911,3758
8831,0,78,485,1690,11347
8832,2,16,38,172,349
8835,25,105,244,1465,3061
8836,0,0,93,258,711
8837,0,13,223,1483,3081
8840,0,84,578,2069,3887
8844,0,0,479,1570,6264
8846,0,14,213,1609,3508
8848,0,0,4,15,112
8850,0,20,282,1306,2652
8852,0,64,383,1583,3189
8854,0,152,823,4971,10311
8857,0,0,269,817,6589
8859,0,0,86,339,3237
8861,0,108,398,3731,8118
8863,16,49,294,1492,3131
8865,0,0,162,503,5691
8869,0,26,158,912,1913
8872,0,0,72,302,3261
8873,13,320,1216,5952,12172
8876,0,0,96,281,1938
8879,0,0,85,272,4165
8880,7,12,31,436,970
8882,0,18,107,304,3192
8884,0,0,69,172,1470
8886,0,0,22,142,722
8901,0,188,489,2871,6030
8902,23,135,541,3323,7196
8904,0,37,200,1099,2352
87002,0,741,5174,5216,5216
87004,0,1,10,10,10
87008,0,143,626,635,635
87015,3,126,1124,1133,1133
87022,0,13,98,99,99
87031,7,890,7070,7113,7113
87035,0,112,1167,1177,1177
87042,0,198,1169,1181,1181
87047,0,42,221,223,223
87048,0,866,4418,4444,4444
87059,0,114,671,675,675
87068,0,177,1346,1350,1350
87102,0,1272,7684,7793,7793
87104,0,850,4956,4976,4976
87105,0,3027,20795,20900,20900
87106,0,1441,8690,8831,8831
87107,0,2190,13900,14040,14040
87108,0,1851,10624,10775,10775
87109,0,1908,12528,12578,12578
87110,0,2180,15429,15491,15491
87111,0,3572,19237,19431,19431
87112,64,2219,15801,15945,15945
87113,0,948,6192,6210,6210
87114,0,2879,21470,21665,21665
87116,0,134,1588,1591,1591
87120,0,2780,21232,21361,21361
87121,0,2784,20880,21154,21154
87122,0,1031,3656,3697,3697
87123,0,2288,13675,13771,13771
87124,0,2683,20227,20329,20329
87144,0,309,2397,2409,2409
87401,0,728,11151,11218,11218
87402,0,186,2675,2694,2694
87501,0,1285,8226,8343,8343
87505,78,1886,12919,13049,13049
87506,0,343,1831,1868,1868
87507,0,1620,13793,13848,13848
87508,0,521,3285,3301,3301
88001,0,951,11811,12040,12040
88005,0,490,10331,10435,10435
88007,0,302,5637,5688,5688
88008,0,9,326,327,327
88011,0,537,7890,8010,8010
88012,0,267,5623,5691,5691
88047,0,1,21,21,21
88063,0,255,2708,2766,2766
89002,0,796,11053,11075,11075
89005,0,546,5614,5631,5631
89011,0,779,7910,7934,7934
89012,0,1106,11047,11069,11069
89014,0,613,9415,9434,9434
89015,0,865,12679,12717,12717
89030,0,583,6988,7037,7037
89032,0,460,7919,7943,7943
89044,0,0,2,2,2
89052,0,1668,12285,12359,12359
89074,0,1572,15503,15549,15549
89101,0,652,7027,7084,7084
89102,0,560,7161,7190,7190
89103,0,597,9546,9623,9623
89104,0,998,10308,10401,10401
89106,0,707,6776,6810,6810
89107,0,683,9462,9481,9481
89108,0,1269,16586,16686,16686
89109,0,176,1235,1246,1246
89110,0,1511,16825,16961,16961
89113,0,841,7972,8012,8012
89115,0,233,3514,3532,3532
89117,0,1806,16091,16155,16155
89118,0,513,5614,5637,5637
89119,0,560,8201,8250,8250
89120,0,416,6912,6933,6933
89121,0,1148,14610,14728,14728
89122,0,938,13943,13971,13971
89123,0,1259,16554,16588,16588
89128,0,686,10065,10095,10095
89129,0,1243,14110,14152,14152
89130,0,77,1114,1117,1117
89134,0,1233,11593,11628,11628
89135,0,1815,11076,11121,11121
89138,0,503,2433,2433,2433
89139,0,902,12864,12903,12903
89141,0,1236,8733,8768,8768
89142,0,556,8254,8287,8287
89144,0,908,6290,6309,6309
89145,0,728,7376,7435,7435
89146,0,449,4961,4986,4986
89147,0,1038,14576,14605,14605
89148,0,855,8966,8984,8984
89156,0,453,6536,6569,6569
89158,0,5,23,23,23
89166,0,1,11,11,11
89169,0,290,2816,2841,2841
89178,0,393,4317,4317,4317
89183,0,554,9057,9084,9084
89403,0,3,55,55,55
89410,0,4,51,51,51
89423,0,314,4290,4299,4299
89431,0,266,9448,9486,9486
89433,0,188,6233,6246,6246
89434,0,267,7217,7238,7238
89436,0,948,13075,13167,13167
89439,0,33,120,120,120
89441,0,508,4009,4033,4033
89501,0,66,614,621,621
89502,0,382,10019,10069,10069
89503,0,438,7643,7689,7689
89506,0,604,11788,11835,11835
89508,0,26,732,734,734
89509,0,748,10064,10094,10094
89510,0,2,48,48,48
89511,0,1077,8480,8557,8557
89512,0,332,5305,5358,5358
89519,0,610,3581,3632,3632
89521,0,890,9412,9478,9478
89523,0,809,10611,10654,10654
89701,0,489,8222,8288,8288
89703,0,264,3095,3101,3101
89705,0,100,1955,1959,1959
89706,0,178,6308,6334,6334
10001,0,0,0,0,0
10002,0,0,0,0,7
10003,0,0,0,0,0
10004,0,0,0,0,0
10005,0,0,0,0,0
10006,0,0,0,0,0
10007,0,0,0,0,0
10009,0,0,0,10,25
10010,0,0,0,3,4
10011,0,0,0,0,4
10012,0,0,0,2,9
10013,0,0,0,0,6
10014,0,0,0,0,0
10016,0,0,0,0,4
10017,0,0,0,0,1
10018,0,0,0,0,0
10019,0,0,0,0,3
10021,0,0,0,0,0
10022,0,0,0,0,0
10023,0,0,0,0,3
10024,0,0,0,0,4
10025,0,0,0,0,9
10026,0,0,0,0,8
10027,0,0,0,0,12
10028,0,0,0,0,4
10029,0,0,0,2,28
10030,0,0,0,0,6
10031,0,0,0,0,0
10032,0,0,0,2,9
10033,0,0,0,0,13
10034,0,0,0,0,3
10035,0,0,0,0,16
10036,0,0,0,4,9
10037,0,0,0,0,3
10038,0,0,0,0,2
10039,0,0,0,0,6
10040,0,0,0,0,5
10044,0,0,0,0,0
10065,0,0,0,1,6
10069,0,0,0,0,0
10075,0,0,2,4,5
10128,0,0,0,2,8
10280,0,0,0,0,0
10282,0,0,0,0,0
10301,0,0,0,10,54
10302,0,0,0,0,27
10303,0,0,0,0,0
10304,0,0,0,6,90
10305,0,0,0,0,8
10306,0,0,0,0,0
10307,0,0,0,0,12
10308,0,0,0,0,34
10309,0,0,0,13,33
10310,0,0,0,0,50
10312,0,0,0,26,66
10314,0,0,0,68,153
10451,0,0,0,2,22
10452,0,0,0,0,18
10453,0,0,0,10,43
10454,0,0,0,0,21
10455,0,0,0,0,22
10456,0,0,0,9,53
10457,0,0,0,0,50
10458,0,0,0,24,52
10459,0,0,0,0,26
10460,0,0,0,0,59
10461,0,0,0,4,44
10462,0,0,0,4,29
10463,0,0,0,13,24
10464,0,0,0,0,0
10465,0,0,0,1,13
10466,0,0,0,0,67
10467,0,0,0,0,41
10468,0,0,0,5,29
10469,0,0,0,0,118
10470,0,0,0,0,12
10471,0,0,0,0,0
10472,0,0,0,0,70
10473,0,0,0,0,24
10474,0,0,0,10,29
10475,0,0,0,0,5
10501,0,0,0,0,0
10502,0,0,0,2,8
10504,0,0,0,0,0
10505,0,0,0,0,0
10506,0,0,0,3,6
10507,0,0,0,4,9
10510,0,0,2,5,11
10511,0,0,0,3,5
10514,0,0,0,0,0
10516,0,0,0,0,0
10517,0,0,0,0,0
10520,0,0,0,0,0
10522,0,0,0,2,7
10523,0,0,5,14,17
10524,0,0,0,0,0
10526,0,0,0,0,0
10527,0,0,0,0,0
10528,0,0,0,0,4
10530,0,0,0,0,9
10532,0,0,0,0,4
10533,0,0,0,0,0
10536,0,0,0,2,4
10537,0,0,0,0,0
10538,0,0,0,1,3
10541,0,0,0,0,0
10543,0,0,0,0,1
10546,0,0,0,0,0
10547,0,0,0,2,9
10548,0,0,0,0,0
10549,0,0,0,5,31
10550,0,0,0,30,86
10552,0,0,0,0,18
10553,0,0,0,3,12
10560,0,0,0,0,0
10562,0,0,5,21,26
10566,0,0,0,22,66
10567,0,0,0,0,0
10570,0,0,0,0,2
10573,0,0,0,0,25
10576,0,0,0,0,0
10577,0,0,0,0,0
10578,0,0,0,0,0
10579,0,0,0,0,0
10580,0,0,0,1,2
10583,0,0,0,0,0
10588,0,0,0,0,0
10589,0,0,0,0,0
10591,0,0,0,3,16
10594,0,0,0,0,1
10595,0,0,0,1,37
10596,0,0,0,0,3
10598,0,0,0,0,0
10601,0,0,0,0,2
10603,0,0,0,0,10
10604,0,0,0,0,0
10605,0,3,3,24,38
10606,0,0,0,6,20
10607,0,0,0,0,0
10701,0,0,5,66,132
10703,0,0,0,0,34
10704,0,0,0,0,57
10705,0,0,0,0,0
10706,0,0,0,0,0
10707,0,0,0,4,12
10708,0,0,0,2,12
10709,0,0,0,4,6
10710,0,0,0,0,18
10801,0,0,0,3,26
10803,0,0,0,0,4
10804,0,0,0,3,6
10901,0,0,0,0,0
10913,0,0,0,0,0
10920,0,0,0,0,0
10923,0,0,0,2,7
10927,0,0,0,5,23
10931,0,0,0,0,0
10952,0,0,0,0,0
10954,0,0,0,0,9
10956,0,0,0,0,0
10960,0,0,0,0,0
10962,0,0,0,0,0
10964,0,0,0,0,1
10965,0,0,0,0,0
10968,0,0,0,1,1
10970,0,0,0,4,18
10974,0,0,0,0,0
10976,0,0,0,0,0
10977,0,0,0,0,7
10980,0,0,0,0,0
10983,0,0,0,0,0
10984,0,0,0,0,0
10986,0,0,0,0,0
10989,0,0,0,0,4
10993,0,0,0,0,0
10994,0,0,0,4,9
11001,0,0,0,12,24
11003,0,0,0,0,72
11004,0,0,0,5,13
11005,0,0,0,0,0
11010,0,0,0,0,0
11020,0,0,0,0,0
11021,0,0,0,0,0
11023,0,0,0,0,0
11024,0,0,0,0,0
11030,0,0,0,0,4
11040,0,0,0,0,22
11050,0,0,0,0,5
11096,0,0,0,0,13
11101,0,0,0,0,26
11102,0,0,0,0,4
11103,0,0,0,3,48
11104,0,0,0,4,12
11105,0,0,0,0,11
11106,0,0,0,5,17
11109,0,0,0,0,0
11201,0,0,0,7,22
11203,0,0,0,0,65
11204,0,0,0,0,0
11205,0,0,0,0,20
11206,0,0,0,0,39
11207,0,0,0,97,250
11208,0,0,0,9,142
11209,0,0,7,58,72
11210,0,0,0,21,77
11211,0,0,0,0,56
11212,0,0,0,0,126
11213,0,0,0,8,77
11214,0,0,0,18,80
11215,0,0,0,6,42
11216,0,0,0,32,68
11217,0,0,0,0,23
11218,0,0,0,0,0
11219,0,0,0,41,91
11220,0,0,0,0,24
11221,0,0,0,7,80
11222,0,0,0,0,0
11223,0,0,0,101,194
11224,0,0,0,18,46
11225,0,0,0,0,20
11226,0,0,0,14,46
11228,0,0,0,0,83
11229,0,0,31,125,188
11230,0,0,0,0,34
11231,0,0,10,31,55
11232,0,0,0,10,20
11233,0,0,0,30,106
11234,0,0,0,0,85
11235,0,0,0,0,64
11236,0,0,0,107,202
11237,0,0,0,0,27
11238,0,0,0,0,28
11239,0,0,0,1,2
11249,0,0,0,0,7
11354,0,0,0,0,57
11355,0,0,0,21,82
11356,0,0,0,0,23
11357,0,0,0,0,0
11358,0,0,0,0,0
11360,0,0,0,0,14
11361,0,0,0,0,10
11362,0,0,0,0,9
11363,0,0,0,0,8
11364,0,0,0,5,51
11365,0,0,0,0,58
11366,0,0,0,0,31
11367,0,0,0,0,62
11368,0,0,0,0,12
11369,0,0,0,0,23
11370,0,0,0,0,15
11372,0,0,0,10,16
11373,0,0,0,6,22
11374,0,0,0,4,29
11375,0,0,0,0,27
11377,0,0,0,40,63
11378,0,0,0,0,12
11379,0,0,0,0,31
11385,0,0,0,23,69
11411,0,0,0,0,38
11412,0,0,0,0,0
11413,0,0,0,23,46
11414,0,0,0,0,52
11415,0,0,0,0,1
11416,0,0,0,0,14
11417,0,0,0,0,0
11418,0,0,0,14,36
11419,0,0,0,0,34
11420,0,0,0,0,14
11421,0,0,0,0,4
11422,0,0,0,0,0
11423,0,0,0,12,45
11426,0,0,0,0,0
11427,0,0,0,0,50
11428,0,0,0,0,15
11429,0,0,0,4,31
11432,0,0,0,0,19
11433,0,0,0,0,63
11434,0,0,0,0,113
11435,0,0,0,0,18
11436,0,0,0,0,18
11501,0,0,0,0,0
11507,0,0,0,0,0
11509,0,0,0,0,0
11510,0,0,0,0,0
11514,0,0,0,3,3
11516,0,0,0,0,2
11518,0,0,0,0,0
11520,0,0,8,41,49
11530,0,0,0,0,0
11542,0,0,0,0,0
11545,0,0,0,0,0
11548,0,0,0,0,2
11550,0,0,0,0,0
11552,0,0,0,0,0
11553,0,0,0,0,37
11554,0,0,0,0,0
11557,0,0,0,4,4
11558,0,0,0,0,5
11559,0,0,0,8,17
11560,0,0,0,0,0
11561,0,0,0,0,0
11563,0,0,0,0,0
11565,0,0,0,0,0
11566,0,0,0,0,9
11568,0,0,0,1,5
11569,0,0,0,0,0
11570,0,0,0,0,0
11572,0,0,0,0,0
11575,0,0,0,0,0
11576,0,0,0,0,0
11577,0,0,0,0,0
11579,0,0,0,0,3
11580,0,9,35,44,71
11581,0,0,0,0,22
11590,0,0,0,0,0
11596,0,0,0,0,0
11598,0,0,0,0,0
11691,0,0,0,0,61
11692,0,0,0,4,37
11693,0,0,0,0,10
11694,0,0,0,7,29
11701,0,0,0,0,0
11702,0,0,0,0,4
11703,0,0,0,0,5
11704,0,0,0,0,0
11705,0,0,0,0,0
11706,0,0,0,0,0
11710,0,0,0,0,0
11713,0,0,0,0,0
11714,0,0,0,0,0
11715,0,0,2,4,4
11716,0,0,0,0,0
11717,0,0,0,0,11
11718,0,0,0,0,0
11719,0,0,0,0,0
11720,0,0,0,0,24
11721,0,0,0,0,0
11722,0,0,0,0,0
11724,0,0,0,0,0
11725,0,0,0,0,0
11726,0,0,0,4,24
11727,0,0,0,0,0
11729,0,0,0,0,0
11730,0,0,0,0,4
11731,0,0,0,0,0
11732,0,0,0,0,0
11733,0,0,0,0,0
11735,0,0,0,0,28
11738,0,0,0,8,8
11739,0,0,0,0,0
11740,0,0,0,0,0
11741,0,0,0,0,0
11742,0,0,0,0,0
11743,0,0,0,0,0
11746,0,0,0,0,17
11747,0,0,0,0,10
11749,0,0,0,0,0
11751,0,0,0,0,0
11752,0,0,0,0,9
11753,0,0,0,0,0
11754,0,0,0,0,0
11755,0,0,0,0,0
11756,0,0,0,0,0
11757,0,0,0,0,0
11758,0,0,0,0,0
11762,0,0,0,0,0
11763,0,0,0,0,6
11764,0,0,0,0,0
11765,0,0,0,0,0
11766,0,0,0,0,0
11767,0,0,0,0,10
11768,0,0,0,0,0
11769,0,0,0,0,0
11771,0,0,0,0,0
11772,0,0,0,0,36
11776,0,0,0,0,12
11777,0,0,0,0,0
11779,0,0,0,0,16
11780,0,0,0,0,0
11782,0,0,0,20,35
11783,0,0,0,0,0
11784,0,0,0,0,0
11787,0,0,0,0,37
11788,0,0,0,0,4
11790,0,0,0,0,0
11791,0,0,0,0,0
11793,0,0,0,0,0
11795,0,0,0,0,0
11796,0,0,0,0,0
11797,0,0,0,0,0
11798,0,0,0,0,0
11801,0,0,0,0,0
11803,0,0,0,0,9
11804,0,0,0,0,0
11901,0,0,0,0,0
11930,0,0,0,0,0
11932,0,0,0,0,0
11933,0,0,0,0,0
11934,0,0,0,0,0
11935,0,0,0,0,0
11937,0,0,0,0,0
11939,0,0,0,0,0
11940,0,0,0,0,0
11941,0,0,0,0,0
11942,0,0,0,0,0
11944,0,0,0,0,0
11946,0,0,0,0,15
11948,0,0,0,0,0
11949,0,0,0,0,0
11950,0,0,0,0,0
11951,0,0,0,0,0
11952,0,0,0,0,0
11953,0,0,0,0,0
11954,0,0,0,0,0
11955,0,0,0,0,0
11957,0,0,0,0,0
11958,0,0,0,0,0
11960,0,0,0,0,0
11962,0,0,0,0,0
11963,0,0,0,0,0
11964,0,0,0,0,0
11965,0,0,0,0,0
11967,0,0,0,0,0
11968,0,0,0,0,0
11971,0,0,0,0,0
11976,0,0,0,7,14
11977,0,0,0,0,0
11978,0,0,0,0,0
11980,0,0,0,0,0
12008,0,0,0,0,0
12009,0,0,0,0,0
12018,0,0,0,0,0
12019,0,0,0,0,0
12033,0,0,0,0,0
12047,0,0,0,0,0
12054,0,0,0,0,0
12056,0,0,0,0,0
12061,0,0,0,0,0
12063,0,0,0,0,0
12065,0,0,0,0,0
12067,0,0,0,0,0
12077,0,0,0,0,0
12084,0,0,0,0,0
12085,0,0,0,0,0
12110,0,0,0,0,0
12118,0,0,0,0,0
12121,0,0,0,0,0
12123,0,0,0,0,0
12140,0,0,0,0,0
12144,0,0,0,0,0
12148,0,0,0,0,0
12150,0,0,0,0,0
12154,0,0,0,0,0
12158,0,0,0,0,0
12159,0,0,0,0,0
12180,0,0,0,0,0
12182,0,0,0,0,0
12183,0,0,0,1,1
12186,0,0,0,0,3
12188,0,0,0,0,0
12189,0,0,0,0,0
12196,0,0,0,0,0
12198,0,0,0,0,0
12202,0,0,0,0,0
12203,0,0,0,0,0
12204,0,0,0,0,0
12205,0,0,0,0,0
12206,0,0,0,0,0
12207,0,0,0,0,0
12208,0,0,0,0,0
12209,0,0,0,0,0
12210,0,0,0,0,0
12211,0,0,0,0,0
12222,0,0,0,0,0
12302,0,0,0,0,0
12303,0,0,0,0,0
12304,0,0,0,0,0
12305,0,0,0,0,0
12306,0,0,0,0,0
12307,0,0,0,0,0
12308,0,0,0,0,0
12309,0,0,0,0,24
12401,0,0,0,0,0
12411,0,0,0,0,0
12417,0,0,0,0,0
12419,0,0,0,0,0
12432,0,0,0,0,0
12440,0,0,0,0,0
12443,0,0,0,0,0
12449,0,0,0,0,0
12456,0,0,0,0,0
12466,0,0,0,0,0
12471,0,0,0,0,0
12472,0,0,0,0,0
12475,0,0,0,0,0
12477,0,0,0,0,0
12484,0,0,0,0,0
12486,0,0,0,0,0
12487,0,0,0,0,0
12498,0,0,0,0,0
12508,0,0,0,0,27
12512,0,0,0,0,0
12518,0,0,0,0,2
12520,0,0,0,1,2
12524,0,0,0,0,0
12525,0,0,0,0,0
12528,0,0,0,0,0
12533,0,0,0,0,0
12538,0,0,0,0,0
12542,0,0,0,0,0
12547,0,0,0,0,1
12548,0,0,0,0,0
12549,0,0,0,0,0
12550,0,0,0,0,0
12553,0,0,0,0,0
12561,0,0,0,0,0
12569,0,0,0,0,0
12572,0,0,0,0,0
12575,0,0,0,0,0
12577,0,0,0,0,0
12578,0,0,0,0,0
12580,0,0,0,0,0
12586,0,0,0,0,0
12589,0,0,0,0,0
12590,0,0,0,0,0
12601,0,0,0,0,23
12603,0,0,0,0,0
12801,0,0,0,0,0
12803,0,0,0,0,0
12804,0,0,0,0,0
12827,0,0,0,0,0
12828,0,0,0,0,0
12831,0,0,0,0,0
12839,0,0,0,0,0
12845,0,0,0,0,0
12901,0,0,0,0,0
12903,0,0,0,0,0
12918,0,0,0,0,0
12962,0,0,0,0,0
13021,0,0,0,0,0
13027,0,0,0,0,0
13029,0,0,0,0,0
13030,0,0,0,0,0
13031,0,0,0,0,0
13039,0,0,0,0,0
13041,0,0,0,0,0
13057,0,0,0,0,0
13060,0,0,0,0,0
13066,0,0,0,0,0
13068,0,0,0,0,0
13073,0,0,0,0,0
13078,0,0,0,0,0
13082,0,0,0,0,0
13084,0,0,0,0,0
13088,0,0,0,0,0
13090,0,0,0,0,0
13104,0,0,0,0,0
13108,0,0,0,0,0
13112,0,0,0,0,0
13116,0,0,0,0,0
13120,0,0,0,0,0
13132,0,0,0,0,0
13135,0,0,0,0,0
13152,0,0,0,0,0
13164,0,0,0,0,0
13202,0,0,0,0,0
13203,0,0,0,0,0
13204,0,0,0,0,0
13205,0,0,0,0,0
13206,0,0,0,0,0
13207,0,0,0,0,0
13208,0,0,0,0,0
13209,0,0,0,0,0
13210,0,0,0,0,0
13211,0,0,0,0,0
13212,0,0,0,0,0
13214,0,0,0,0,0
13215,0,0,0,0,0
13219,0,0,0,0,0
13224,0,0,0,0,0
13319,0,0,0,0,0
13323,0,0,0,0,0
13340,0,0,0,0,0
13354,0,0,0,0,0
13403,0,0,0,0,0
13413,0,0,0,0,0
13417,0,0,0,0,0
13424,0,0,0,0,0
13456,0,0,0,0,0
13492,0,0,0,0,0
13495,0,0,0,0,0
13501,0,0,0,0,0
13502,0,0,0,0,0
13601,0,0,0,0,0
13603,0,0,0,0,0
13612,0,0,0,0,0
13616,0,0,0,0,0
13634,0,0,0,0,0
13637,0,0,0,0,0
13748,0,0,0,0,0
13760,0,0,0,0,0
13790,0,0,0,0,0
13795,0,0,0,0,0
13827,0,0,0,0,0
13850,0,0,0,0,0
13901,0,0,0,0,0
13903,0,0,0,0,0
13904,0,0,0,0,0
13905,0,0,0,0,0
14004,0,0,0,0,0
14026,0,0,0,0,0
14031,0,0,0,0,0
14032,0,0,0,0,0
14043,0,0,0,0,0
14051,0,0,0,0,0
14052,0,0,0,0,0
14059,0,0,0,0,0
14068,0,0,0,0,0
14072,0,0,0,0,0
14075,0,0,0,0,0
14086,0,0,0,0,0
14092,0,0,0,0,0
14094,0,0,0,0,0
14120,0,0,0,0,0
14127,0,0,0,0,0
14131,0,0,0,0,0
14132,0,0,0,0,0
14150,0,0,0,0,0
14174,0,0,0,0,0
14201,0,0,0,0,0
14202,0,0,0,0,0
14203,0,0,0,0,0
14204,0,0,0,0,0
14206,0,0,0,0,0
14207,0,0,0,0,0
14208,0,0,0,0,0
14209,0,0,0,0,0
14210,0,0,0,0,0
14211,0,0,0,0,0
14212,0,0,0,0,0
14213,0,0,0,0,0
14214,0,0,0,0,0
14215,0,0,0,0,0
14216,0,0,0,0,0
14217,0,0,0,0,0
14218,0,0,0,0,0
14219,0,0,0,0,0
14220,0,0,0,0,0
14221,0,0,0,0,0
14222,0,0,0,0,0
14223,0,0,0,0,0
14224,0,0,0,0,0
14225,0,0,0,0,0
14226,0,0,0,0,0
14227,0,0,0,0,0
14228,0,0,0,0,0
14301,0,0,0,0,0
14303,0,0,0,0,0
14304,0,0,0,0,0
14305,0,0,0,0,0
14428,0,0,0,0,0
14445,0,0,0,0,0
14450,0,0,0,0,0
14467,0,0,0,0,0
14468,0,0,0,0,0
14472,0,0,0,0,0
14506,0,0,0,0,0
14514,0,0,0,0,0
14526,0,0,0,0,0
14534,0,0,0,0,0
14543,0,0,0,0,0
14546,0,0,0,0,0
14559,0,0,0,0,0
14564,0,0,0,0,0
14580,0,0,0,0,0
14586,0,0,0,0,0
14604,0,0,0,0,0
14605,0,0,0,0,0
14606,0,0,0,0,0
14607,0,0,0,0,0
14608,0,0,0,0,0
14609,0,0,0,0,0
14610,0,0,0,0,0
14611,0,0,0,0,0
14612,0,0,0,0,0
14613,0,0,0,0,0
14614,0,0,0,0,0
14615,0,0,0,0,0
14616,0,0,0,0,0
14617,0,0,0,0,0
14618,0,0,0,0,0
14619,0,0,0,0,0
14620,0,0,0,0,0
14621,0,0,0,0,0
14622,0,0,0,0,0
14623,0,0,0,0,0
14624,0,0,0,0,0
14625,0,0,0,0,0
14626,0,0,0,0,0
14850,0,0,0,0,0
14882,0,0,0,0,0
14883,0,0,0,0,0
43004,0,0,0,0,0
43015,0,0,0,0,0
43016,0,0,0,0,0
43017,0,0,0,0,0
43021,0,0,0,0,0
43026,0,0,0,0,0
43031,0,0,0,0,0
43035,0,0,0,0,0
43054,0,0,0,0,0
43062,0,0,0,0,0
43064,0,0,0,0,0
43065,0,0,0,0,0
43068,0,0,0,0,0
43081,0,0,0,0,0
43082,0,0,0,0,8
43085,0,0,0,0,0
43109,0,0,0,0,0
43110,0,0,0,0,0
43119,0,0,0,0,0
43123,0,0,0,0,0
43125,0,0,0,0,0
43147,0,0,0,0,0
43201,0,0,0,0,0
43202,0,0,0,0,0
43203,0,0,0,0,0
43204,0,0,0,0,0
43205,0,0,0,0,0
43206,0,0,0,0,0
43207,0,0,0,0,0
43209,0,0,0,0,0
43211,0,0,0,0,0
43212,0,0,0,0,0
43213,0,0,0,0,0
43214,0,0,0,0,0
43215,0,0,0,0,0
43219,0,0,0,0,0
43220,0,0,0,0,0
43221,0,0,0,0,0
43222,0,0,0,0,0
43223,0,0,0,0,0
43224,0,0,0,0,0
43227,0,0,0,0,0
43228,0,0,0,0,0
43229,0,0,0,0,0
43230,0,0,0,0,0
43231,0,0,0,0,0
43232,0,0,0,0,0
43235,0,0,0,0,0
43240,0,0,0,0,0
43402,0,0,0,0,0
43412,0,0,0,0,0
43430,0,0,0,0,0
43434,0,0,0,0,0
43443,0,0,0,0,0
43447,0,0,0,0,0
43460,0,0,0,0,0
43463,0,0,0,0,0
43465,0,0,0,0,0
43469,0,0,0,0,0
43504,0,0,0,0,0
43528,0,0,0,0,0
43537,0,0,0,0,0
43542,0,0,0,0,0
43551,0,0,0,0,0
43558,0,0,0,0,0
43560,0,0,0,0,0
43566,0,0,0,0,0
43571,0,0,0,0,0
43604,0,0,0,0,0
43605,0,0,0,0,0
43606,0,0,0,0,0
43607,0,0,0,0,0
43608,0,0,0,0,0
43609,0,0,0,0,0
43610,0,0,0,0,0
43611,0,0,0,0,0
43612,0,0,0,0,0
43613,0,0,0,0,0
43614,0,0,0,0,0
43615,0,0,0,0,0
43616,0,0,0,0,0
43617,0,0,0,0,0
43619,0,0,0,0,0
43620,0,0,0,0,0
43623,0,0,0,0,0
43701,0,0,0,0,0
43830,0,0,1,1,1
43913,0,0,0,0,0
43926,0,0,0,0,0
43938,0,0,0,0,0
43943,0,0,0,0,0
43952,0,0,0,0,0
43953,0,0,0,0,0
43961,0,0,0,0,0
43964,0,0,0,0,0
44001,0,0,0,0,0
44011,0,0,0,0,0
44012,0,0,0,0,0
44017,0,0,0,0,0
44022,0,0,0,0,0
44024,0,0,0,0,0
44026,0,0,0,0,0
44028,0,0,0,0,0
44035,0,0,0,0,0
44039,0,0,0,0,0
44040,0,0,0,0,0
44044,0,0,0,0,0
44045,0,0,0,0,0
44050,0,0,0,0,0
44052,0,0,0,0,0
44053,0,0,0,0,0
44054,0,0,0,0,0
44055,0,0,0,0,0
44056,0,0,0,0,0
44060,0,0,0,0,0
44067,0,0,0,0,0
44070,0,0,0,0,0
44074,0,0,0,0,0
44077,0,0,0,0,0
44087,0,0,0,0,0
44092,0,0,0,0,0
44094,0,0,0,0,0
44095,0,0,0,0,0
44102,0,0,0,0,0
44103,0,0,0,0,0
44104,0,0,0,0,0
44105,0,0,0,0,0
44106,0,0,0,0,0
44107,0,0,0,0,0
44108,0,0,0,0,0
44109,0,0,0,0,0
44110,0,0,0,0,0
44111,0,0,0,0,0
44112,0,0,0,0,0
44113,0,0,0,0,0
44114,0,0,0,0,0
44115,0,0,0,0,0
44116,0,0,0,0,0
44117,0,0,0,0,0
44118,0,0,0,0,0
44119,0,0,0,0,0
44120,0,0,0,0,0
44121,0,0,0,0,0
44122,0,0,0,0,0
44123,0,0,0,0,0
44124,0,0,0,0,0
44125,0,0,0,0,0
44126,0,0,0,0,0
44127,0,0,0,0,0
44128,0,0,0,0,0
44129,0,0,0,0,0
44130,0,0,0,0,0
44131,0,0,0,0,0
44132,0,0,0,0,0
44133,0,0,0,0,0
44134,0,0,0,0,0
44135,0,0,0,0,0
44136,0,0,0,0,0
44137,0,0,0,0,0
44138,0,0,0,0,0
44139,0,0,0,0,0
44140,0,0,0,0,0
44141,0,0,0,0,0
44142,0,0,0,0,0
44143,0,0,0,0,0
44144,0,0,0,0,0
44145,0,0,0,0,0
44146,0,0,0,0,0
44147,0,0,0,0,0
44149,0,0,0,0,0
44201,0,0,0,0,0
44202,0,0,0,0,0
44203,0,0,0,0,0
44216,0,0,0,0,0
44221,0,0,0,0,0
44223,0,0,0,0,0
44224,0,0,0,0,0
44236,0,0,0,0,0
44240,0,0,0,0,0
44241,0,0,0,0,0
44260,0,0,0,0,0
44262,0,0,0,0,0
44264,0,0,0,0,0
44266,0,0,0,0,0
44278,0,0,0,0,0
44286,0,0,0,0,0
44301,0,0,0,0,0
44302,0,0,0,0,0
44303,0,0,0,0,0
44304,0,0,0,0,0
44305,0,0,0,0,0
44306,0,0,0,0,0
44307,0,0,0,0,0
44308,0,0,0,0,0
44310,0,0,0,0,0
44311,0,0,0,0,0
44312,0,0,0,0,0
44313,0,0,0,0,0
44314,0,0,0,0,0
44319,0,0,0,0,0
44320,0,0,0,0,0
44321,0,0,0,0,0
44333,0,0,0,0,0
44401,0,0,0,0,0
44402,0,0,0,0,0
44403,0,0,0,0,0
44405,0,0,0,0,0
44406,0,0,0,0,0
44410,0,0,0,0,0
44412,0,0,0,0,0
44418,0,0,0,0,0
44420,0,0,0,0,0
44425,0,0,0,0,0
44429,0,0,0,0,0
44430,0,0,0,0,0
44436,0,0,0,0,0
44437,0,0,0,0,0
44438,0,0,0,0,0
44440,0,0,0,0,0
44442,0,0,0,0,0
44444,0,0,0,0,0
44446,0,0,0,0,0
44451,0,0,0,0,0
44452,0,0,0,0,0
44470,0,0,0,0,0
44471,0,0,0,0,0
44473,0,0,0,0,0
44481,0,0,0,0,0
44483,0,0,0,0,0
44484,0,0,0,0,0
44485,0,0,0,0,0
44491,0,0,0,0,0
44502,0,0,0,0,0
44503,0,0,0,0,0
44504,0,0,0,0,0
44505,0,0,0,0,0
44506,0,0,0,0,0
44507,0,0,0,0,0
44509,0,0,0,0,0
44510,0,0,0,0,0
44511,0,0,0,0,0
44512,0,0,0,0,0
44514,0,0,0,0,0
44515,0,0,0,0,0
44601,0,0,0,0,0
44613,0,0,0,0,0
44614,0,0,0,0,0
44622,0,0,0,0,0
44626,0,0,0,0,0
44632,0,0,0,0,0
44641,0,0,0,0,0
44644,0,0,0,0,0
44646,0,0,0,0,0
44647,0,0,0,0,0
44662,0,0,0,0,0
44663,0,0,0,0,0
44666,0,0,0,0,0
44685,0,0,0,0,0
44688,0,0,0,0,0
44702,0,0,0,0,0
44703,0,0,0,0,0
44704,0,0,0,0,0
44705,0,0,0,0,0
44706,0,0,0,0,0
44707,0,0,0,0,0
44708,0,0,0,0,0
44709,0,0,0,0,0
44710,0,0,0,0,0
44714,0,0,0,0,0
44718,0,0,0,0,0
44720,0,0,0,0,0
44721,0,0,0,0,0
44730,0,3,6,6,9
44824,0,0,0,0,0
44839,0,0,0,0,0
44843,0,0,0,0,0
44846,0,0,0,0,0
44847,0,0,0,0,0
44870,0,0,0,0,0
44902,0,0,0,0,0
44903,0,0,0,0,0
44904,0,0,0,0,0
44905,0,0,0,0,0
44906,0,0,0,0,0
44907,0,0,0,0,0
45001,0,0,0,0,0
45002,0,0,0,0,0
45005,0,0,0,0,0
45011,0,0,0,0,0
45013,0,0,0,0,0
45014,0,0,0,0,0
45015,0,0,0,0,0
45030,0,0,0,0,0
45034,0,0,0,0,0
45036,0,0,0,0,0
45039,0,0,0,0,0
45040,0,0,0,0,0
45042,0,0,0,0,0
45044,0,0,0,0,0
45050,0,0,0,0,0
45065,0,0,0,0,0
45066,0,0,0,0,0
45067,0,0,0,0,0
45068,0,0,0,0,0
45069,0,0,0,0,0
45102,0,0,0,0,0
45103,0,0,0,0,0
45106,0,0,0,0,0
45111,0,0,0,0,0
45122,0,0,0,0,0
45140,0,0,0,0,0
45150,0,0,0,0,0
45152,0,0,0,0,0
45153,0,0,0,0,0
45157,0,0,0,0,0
45162,0,0,0,0,0
45174,0,0,0,0,0
45202,0,0,0,0,0
45203,0,0,0,0,0
45204,0,0,0,0,0
45205,0,0,0,0,0
45206,0,0,0,0,0
45207,0,0,0,0,0
45208,0,0,0,0,0
45209,0,0,0,0,0
45211,0,0,0,0,0
45212,0,0,0,0,0
45213,0,0,0,0,0
45214,0,0,0,0,0
45215,0,0,0,0,0
45216,0,0,0,0,0
45217,0,0,0,0,0
45218,0,0,0,0,0
45219,0,0,0,0,0
45220,0,0,0,0,0
45223,0,0,0,0,0
45224,0,0,0,0,0
45225,0,0,0,0,0
45226,0,0,0,0,0
45227,0,0,0,0,0
45229,0,0,0,0,0
45230,0,0,0,0,0
45231,0,0,0,0,0
45232,0,0,0,0,0
45233,0,0,0,0,0
45236,0,0,0,0,0
45237,0,0,0,0,0
45238,0,0,0,0,0
45239,0,0,0,0,0
45240,0,0,0,0,0
45241,0,0,0,0,0
45242,0,0,0,0,0
45243,0,0,0,0,0
45244,0,0,0,0,0
45245,0,0,0,0,0
45246,0,0,0,0,0
45247,0,0,0,0,0
45248,0,0,0,0,0
45249,0,0,0,0,0
45251,0,0,0,0,0
45252,0,0,0,0,0
45255,0,0,0,0,0
45301,0,0,0,0,0
45305,0,0,0,0,0
45309,0,0,0,0,0
45312,0,0,0,0,0
45315,0,0,0,0,0
45318,0,0,0,0,0
45319,0,0,0,0,0
45322,0,0,0,0,0
45323,0,0,0,0,0
45324,0,0,0,0,0
45325,0,0,0,0,0
45326,0,0,0,0,0
45327,0,0,0,0,0
45339,0,0,0,0,0
45341,0,0,0,0,0
45342,0,0,0,0,0
45344,0,0,0,0,0
45345,0,0,0,0,0
45359,0,0,0,0,0
45368,0,0,0,0,0
45369,0,0,0,0,0
45370,0,0,0,0,0
45371,0,0,0,0,0
45373,0,0,0,0,0
45377,0,0,0,0,0
45383,0,0,0,0,0
45384,0,0,0,0,0
45385,0,0,0,0,0
45387,0,0,0,0,0
45402,0,0,0,0,0
45403,0,0,0,0,0
45404,0,0,0,0,0
45405,0,0,0,0,0
45406,0,0,0,0,0
45409,0,0,0,0,0
45410,0,0,0,0,0
45414,0,0,0,0,0
45415,0,0,0,0,0
45416,0,0,0,0,0
45417,0,0,0,0,0
45419,0,0,0,0,0
45420,0,0,0,0,0
45424,0,0,0,0,0
45426,0,0,0,0,0
45429,0,0,0,0,0
45430,0,0,0,0,0
45431,0,0,0,0,0
45432,0,0,0,0,0
45433,0,0,0,0,0
45434,0,0,0,0,0
45439,0,0,0,0,0
45440,0,0,0,0,0
45449,0,0,0,0,0
45458,0,0,0,0,0
45459,0,0,0,0,0
45502,0,0,0,0,0
45503,0,0,0,0,0
45504,0,0,0,0,0
45505,0,0,0,0,0
45506,0,0,0,0,0
45619,0,0,0,0,0
45623,0,0,0,0,0
45638,0,0,0,0,0
45659,0,0,0,0,0
45662,0,0,0,0,0
45663,0,0,0,1,3
45669,0,0,0,0,0
45678,0,0,0,0,0
45680,0,0,0,0,0
45694,0,0,0,0,0
45696,0,0,0,0,0
45714,0,0,0,0,0
45750,0,0,0,0,0
45801,0,0,0,0,0
45804,0,0,0,0,0
45805,0,0,0,0,0
45806,0,0,0,0,0
45807,0,0,0,0,0
45895,0,0,0,0,0
73003,0,0,0,17,91
73007,0,0,0,0,0
73008,0,15,54,92,123
73012,0,0,0,62,406
73013,0,38,38,418,836
73020,0,0,2,10,42
73025,0,5,8,11,119
73026,0,0,0,0,1
73034,0,0,0,151,442
73049,0,0,2,3,8
73064,51,68,84,160,312
73065,0,0,0,0,0
73068,0,3,9,9,13
73069,0,127,191,244,329
73071,0,0,115,281,447
73072,136,185,283,357,555
73078,0,0,0,0,1
73084,11,21,28,56,74
73093,0,0,0,0,0
73099,0,0,0,0,100
73102,3,6,11,16,23
73103,0,0,11,33,64
73104,4,14,17,23,39
73105,51,62,78,92,105
73106,33,61,93,135,187
73107,0,21,31,62,164
73108,0,78,135,192,270
73109,0,74,140,229,280
73110,0,0,62,210,297
73111,12,71,131,196,244
73112,127,161,219,299,357
73114,0,49,104,139,166
73115,0,0,62,143,187
73116,28,46,56,83,153
73117,51,105,139,190,218
73118,0,43,93,124,236
73119,0,51,152,233,294
73120,52,104,182,247,377
73121,0,0,2,6,13
73122,64,88,115,138,207
73127,0,32,95,143,230
73128,33,56,81,104,142
73129,0,0,8,82,173
73130,9,46,73,82,128
73131,17,29,47,62,95
73132,0,32,81,105,178
73134,0,0,0,7,18
73135,0,0,0,36,73
73139,0,49,115,137,164
73141,7,20,27,42,53
73142,0,4,33,37,138
73145,0,11,23,38,51
73149,0,0,7,10,15
73150,2,9,11,20,44
73151,5,10,12,17,54
73159,0,66,131,197,273
73160,0,106,190,232,402
73162,30,49,49,69,138
73165,0,0,0,6,43
73169,2,4,8,13,22
73170,116,130,173,173,361
73173,0,1,2,3,11
73179,0,7,10,26,84
73501,0,21,90,166,221
73505,0,0,81,127,150
73507,0,0,24,48,86
73701,0,0,43,68,128
73703,10,48,86,143,210
74008,0,0,0,0,61
74011,0,0,30,70,80
74012,0,0,0,0,44
74014,0,0,0,0,0
74015,0,0,7,15,34
74017,0,0,7,34,61
74019,26,37,58,73,79
74021,0,0,0,7,30
74023,0,0,0,3,17
74033,0,0,0,0,9
74036,0,0,0,0,1
74037,26,26,26,26,59
74041,0,0,0,0,0
74050,0,0,0,0,0
74053,0,0,0,0,0
74055,0,0,63,78,125
74063,0,0,26,52,65
74066,0,19,39,88,146
74070,11,26,37,41,67
74073,0,0,0,9,31
74074,207,293,353,427,473
74075,0,0,0,26,120
74103,0,0,1,2,3
74104,0,0,13,76,135
74105,0,8,56,95,214
74106,58,142,213,246,317
74107,26,78,147,190,224
74108,0,17,38,61,72
74110,0,0,72,129,181
74112,16,57,106,171,187
74114,0,0,0,33,112
74115,0,59,110,187,255
74116,0,20,47,62,84
74119,0,0,3,6,16
74120,0,0,0,0,8
74126,0,0,8,28,61
74127,20,94,141,175,215
74128,30,65,83,100,139
74129,0,6,35,93,122
74130,0,0,0,2,6
74131,0,0,3,9,19
74132,0,0,15,29,37
74133,0,64,127,178,229
74134,0,6,23,35,87
74135,0,37,62,81,106
74136,0,0,35,89,130
74137,8,31,46,84,122
74145,0,13,45,64,89
74146,0,24,43,79,99
74363,0,0,0,0,0
74429,0,0,0,1,9
74730,0,0,0,0,0
74731,0,0,0,1,1
74733,0,0,0,3,5
74901,0,6,12,16,23
74902,0,0,0,2,3
74946,0,0,0,2,3
74948,1,2,2,3,5
74954,0,0,0,0,0
74959,0,0,0,0,0
97002,0,0,5,18,221
97003,0,0,57,198,2762
97004,0,0,22,79,396
97005,0,5,129,258,3053
97006,0,0,219,713,6436
97007,0,37,423,1746,11029
97008,0,14,122,366,4038
97009,0,0,8,27,129
97013,0,0,21,70,636
97015,0,0,140,343,3432
97019,0,0,0,0,0
97024,0,0,65,159,1203
97027,0,0,101,286,1840
97030,0,35,130,406,3878
97034,0,0,361,799,2690
97035,0,0,200,626,2849
97045,0,0,335,1004,8669
97048,0,0,9,34,54
97060,0,0,25,222,2778
97062,0,0,226,693,4450
97068,0,0,338,1250,4983
97070,0,31,234,536,3321
97078,0,0,0,1,8
97080,0,0,221,674,5747
97086,0,46,186,713,4115
97089,0,0,149,459,2908
97113,0,14,79,165,2007
97116,0,22,188,420,4201
97123,0,47,373,955,6929
97124,0,0,242,893,7427
97140,0,22,183,805,4368
97201,0,0,43,156,728
97202,0,57,195,988,5434
97203,0,0,224,550,4108
97205,0,0,24,54,252
97206,0,17,449,930,7176
97209,0,2,30,90,426
97210,0,0,103,308,1422
97211,0,0,316,926,4968
97212,0,0,317,1129,3952
97213,0,40,350,800,4529
97214,0,0,189,607,3151
97215,0,0,66,576,2637
97216,0,5,77,194,1952
97217,0,95,178,900,5521
97218,0,0,89,216,2183
97219,0,0,98,1277,5371
97220,0,0,79,516,4048
97221,0,0,135,539,1729
97222,0,0,182,436,5227
97223,0,26,562,1164,7715
97224,0,0,433,953,6425
97225,0,12,165,613,3641
97227,0,0,29,119,642
97229,0,0,845,2835,10230
97230,0,0,99,416,5041
97231,0,0,47,158,595
97232,0,21,74,180,1337
97233,0,0,252,357,3477
97236,0,0,0,292,3995
97239,0,0,118,377,1655
97266,0,0,198,441,4235
97267,0,0,287,575,5077
97301,0,0,264,610,10573
97302,0,50,261,808,9140
97303,0,12,218,447,9093
97304,0,0,0,258,681
97305,0,120,294,490,8005
97306,0,0,36,374,629
97317,0,0,143,230,4651
97321,0,0,0,130,478
97322,0,0,0,50,221
97330,0,0,52,519,913
97333,0,0,0,248,543
97338,0,0,0,145,322
97351,0,0,0,65,134
97355,0,0,14,180,290
97361,0,0,0,68,154
97370,0,0,0,19,137
97389,0,0,0,9,19
97392,0,0,0,10,51
97401,0,0,223,610,1568
97402,0,0,137,529,2049
97403,0,0,40,159,400
97404,0,0,82,350,1492
97405,0,0,70,739,2286
97408,0,0,14,341,812
97448,0,0,2,3,9
97455,0,0,0,0,1
97457,0,0,0,0,0
97470,0,0,29,120,229
97471,0,0,32,271,384
97477,0,0,189,389,1486
97478,0,0,40,231,473
97495,0,0,0,4,7
97496,0,0,0,34,52
97501,0,0,48,382,2750
97502,0,0,135,428,2374
97503,0,0,42,139,680
97504,0,0,334,795,3623
97524,0,0,47,154,690
97526,0,0,18,272,1265
97527,0,0,85,290,1022
97530,0,0,18,91,315
97532,0,0,0,10,46
97535,0,5,50,91,365
97540,0,0,0,2,8
97701,0,0,151,679,4687
97702,0,0,255,814,5210
97703,0,23,452,1162,7005
97801,0,0,96,255,729
97826,0,0,0,0,0
97838,0,0,21,205,835
97875,0,0,4,10,64
97882,0,0,10,37,116
15001,13,100,188,300,488
15003,0,0,24,44,92
15005,0,0,2,24,75
15009,0,9,30,94,162
15010,0,0,41,96,233
15014,0,0,0,0,0
15017,0,16,16,120,208
15024,0,0,26,70,124
15025,0,0,0,1,3
15027,0,0,0,10,20
15030,0,0,0,0,0
15034,0,0,10,16,21
15035,0,0,2,5,11
15042,0,0,0,40,77
15044,0,0,0,0,0
15045,0,6,9,12,16
15046,0,0,9,17,21
15049,0,0,0,1,2
15051,0,0,0,0,1
15056,1,3,4,8,10
15057,0,14,45,171,261
15061,0,0,48,80,156
15064,0,0,0,0,0
15065,0,0,0,0,0
15066,0,0,0,23,55
15068,0,0,0,149,372
15071,0,0,9,95,189
15074,0,0,26,69,117
15076,0,0,3,9,15
15081,0,1,1,2,2
15082,0,0,0,0,0
15084,0,0,0,22,58
15085,0,0,3,28,91
15101,0,0,0,67,210
15102,0,0,0,37,173
15104,0,0,3,63,117
15106,0,15,29,131,241
15108,0,0,0,322,657
15110,21,48,77,98,119
15112,0,1,8,21,29
15116,0,0,15,26,113
15120,0,7,68,123,198
15122,0,55,158,221,332
15126,0,2,12,20,46
15131,0,0,29,58,104
15132,0,0,114,200,342
15133,0,4,17,32,45
15136,0,59,135,262,456
15137,8,20,36,67,95
15139,0,0,6,29,103
15140,0,1,3,9,18
15142,0,2,3,28,68
15143,0,0,0,89,328
15144,0,5,24,34,39
15145,0,11,47,65,91
15146,0,0,20,128,266
15147,31,99,154,179,284
15148,0,9,20,39,49
15201,0,8,42,96,188
15202,0,0,32,93,171
15203,0,0,31,117,252
15204,0,0,10,36,75
15205,0,39,65,91,175
15206,0,14,95,223,379
15207,0,44,80,116,159
15208,0,0,8,64,169
15209,0,0,18,54,95
15210,0,0,80,144,256
15211,0,0,34,111,176
15212,0,48,88,199,310
15213,0,11,133,230,304
15214,0,0,14,117,167
15215,15,19,27,102,250
15216,0,0,41,171,307
15217,0,19,108,350,572
15218,0,20,52,125,222
15219,0,38,108,165,230
15220,0,0,39,61,149
15221,0,82,173,272,462
15222,0,0,4,18,39
15223,0,0,25,35,78
15224,0,0,22,70,98
15225,0,2,10,11,16
15226,0,0,21,47,114
15227,0,10,59,138,237
15228,0,30,43,138,340
15229,0,0,9,78,151
15232,0,18,29,67,119
15233,0,1,12,43,75
15234,0,0,0,36,114
15235,12,132,228,384,516
15236,0,0,0,116,347
15237,0,11,116,359,603
15238,0,0,0,90,327
15239,0,33,58,132,255
15241,0,0,25,158,416
15243,0,0,13,84,235
15317,0,0,0,0,0
15321,0,0,0,0,0
15361,0,0,0,0,0
15545,0,0,0,0,0
15613,0,0,0,6,45
15615,0,0,0,0,0
15629,0,0,0,0,0
15632,0,0,0,0,0
15636,0,0,0,0,0
15641,0,0,0,0,2
15642,0,0,55,156,331
15644,0,0,0,0,0
15656,0,0,0,0,0
15665,0,0,0,0,0
15668,0,5,9,126,335
15673,0,0,0,0,0
15690,0,0,0,0,0
15692,0,0,0,0,0
15801,0,0,0,0,21
15840,0,0,1,6,11
15851,0,0,0,4,9
15901,0,0,0,29,67
15902,0,0,0,0,61
15904,0,0,10,76,157
15905,0,0,22,52,86
15906,0,0,8,38,62
15909,0,0,0,11,18
15928,0,0,0,0,9
15935,0,0,0,0,0
15942,0,0,0,0,1
15946,0,0,0,0,0
15963,0,0,0,12,32
16001,0,0,0,31,134
16002,0,0,0,2,3
16045,0,0,0,0,0
16053,0,0,0,1,2
16121,0,0,0,21,58
16143,0,0,0,0,0
16146,0,0,19,66,112
16148,0,0,0,0,0
16150,0,0,0,8,13
16159,0,0,0,1,6
16161,0,0,0,3,7
16229,0,0,0,0,0
16415,0,0,0,2,9
16421,0,0,0,0,9
16501,0,0,0,7,17
16502,0,0,0,21,59
16503,0,0,0,36,136
16504,0,0,16,60,82
16505,0,0,0,19,62
16506,0,0,0,16,105
16507,0,0,0,12,33
16508,0,0,0,0,11
16509,0,0,0,60,180
16510,0,0,15,128,218
16511,0,0,0,6,22
16601,0,0,0,41,183
16602,0,0,0,63,189
16635,0,0,0,9,37
16636,0,0,0,0,1
16637,0,0,0,4,13
16648,0,0,0,0,56
16665,0,0,0,1,2
16669,0,0,0,0,0
16673,0,0,0,0,12
16801,0,0,5,92,237
16803,0,0,0,0,9
16823,0,0,0,0,0
16865,0,0,0,0,1
16868,0,0,0,0,1
16870,0,0,0,0,0
17003,0,0,0,0,13
17011,0,0,58,116,262
17019,0,0,0,0,0
17022,0,0,0,0,4
17025,0,0,0,46,182
17028,0,0,0,0,1
17033,0,0,0,15,27
17034,0,0,0,0,4
17036,0,0,20,46,102
17038,0,0,0,0,0
17042,0,0,61,61,153
17043,0,13,15,26,53
17046,0,0,0,45,83
17050,0,0,0,0,292
17053,0,0,1,5,19
17055,0,0,0,0,29
17057,0,0,0,0,63
17067,0,0,0,0,3
17070,0,0,0,0,10
17078,0,0,0,0,40
17093,0,0,0,2,3
17101,0,2,7,12,14
17102,0,0,57,106,168
17103,0,0,54,162,234
17104,0,0,32,158,295
17109,0,25,50,88,113
17110,0,0,14,101,288
17111,0,35,79,150,344
17112,0,0,0,0,105
17113,0,0,0,11,56
17225,0,0,0,0,1
17263,0,0,0,0,0
17268,0,0,0,0,0
17319,0,0,7,25,52
17325,0,0,0,27,76
17339,0,0,0,0,5
17340,0,0,0,0,0
17345,0,0,18,31,38
17347,0,0,0,0,7
17360,0,0,0,0,0
17370,0,0,0,0,2
17401,0,0,0,0,13
17402,0,0,0,5,28
17403,0,0,0,0,91
17404,0,0,0,0,32
17406,0,0,0,0,8
17407,0,0,0,0,5
17408,0,0,0,0,0
17501,0,0,7,12,23
17502,0,0,0,0,0
17505,0,0,5,14,32
17508,0,0,0,0,1
17512,0,0,0,2,5
17516,0,0,0,0,3
17520,6,9,10,13,33
17522,0,0,0,14,37
17529,0,0,0,1,9
17538,0,0,0,9,36
17540,0,0,15,63,99
17543,0,0,0,19,75
17545,0,0,0,7,30
17551,0,13,40,58,80
17552,0,0,0,0,0
17554,0,0,5,11,46
17557,0,0,0,2,6
17560,0,0,0,0,0
17562,0,0,1,4,8
17572,0,0,2,10,20
17579,0,0,2,12,17
17582,0,0,0,0,0
17584,0,0,0,4,40
17601,14,42,69,97,500
17602,0,45,89,134,313
17603,112,128,160,208,399
17701,0,0,0,108,275
17702,0,0,3,35,67
17728,0,0,1,1,2
17744,0,0,0,0,0
17754,0,0,3,20,34
17756,0,0,0,0,2
17801,0,0,0,25,57
17815,0,0,21,95,163
17837,0,0,0,22,38
17847,0,0,0,0,0
17850,0,0,0,0,0
17857,0,0,0,0,0
17859,0,0,0,2,3
17870,0,7,10,16,85
17876,0,0,0,0,6
17889,0,0,0,0,0
17901,0,24,73,133,164
17923,0,0,1,5,8
17951,0,0,0,0,0
17954,0,0,11,24,36
17965,0,0,0,1,5
17970,0,0,3,8,13
18011,0,0,0,0,5
18013,0,0,0,6,76
18014,0,0,0,0,24
18015,0,45,112,149,216
18017,0,0,0,23,229
18018,0,0,16,139,253
18020,0,0,0,0,105
18031,0,0,0,0,0
18032,0,0,20,44,73
18034,0,0,3,40,144
18036,0,0,10,32,147
18037,0,0,6,12,63
18038,0,0,0,0,1
18040,0,0,0,12,18
18042,0,0,0,0,67
18045,0,0,0,38,122
18049,0,24,54,96,191
18051,0,0,4,6,8
18052,0,0,0,0,43
18053,0,0,0,1,3
18055,0,0,0,3,10
18059,0,0,0,2,7
18062,0,0,0,14,36
18064,0,0,0,0,35
18066,0,0,0,0,0
18067,0,14,34,41,54
18069,0,0,0,0,29
18072,0,0,0,0,17
18074,0,0,0,0,9
18077,0,0,0,0,1
18078,0,3,3,41,129
18079,0,0,0,0,0
18080,0,8,16,63,115
18083,0,0,0,0,0
18085,0,0,0,1,1
18086,0,0,0,0,0
18087,0,0,0,2,3
18088,0,0,0,0,0
18091,0,0,0,0,2
18092,0,0,0,0,7
18101,0,0,1,5,13
18102,0,36,135,216,269
18103,0,62,111,210,371
18104,0,0,0,13,396
18106,0,0,0,22,78
18109,0,0,0,66,138
18343,0,0,0,1,2
18353,0,0,0,0,0
18360,0,0,0,0,1
18403,0,0,0,6,34
18411,0,0,0,5,22
18433,0,0,0,0,24
18434,0,0,0,0,9
18436,0,0,0,0,0
18444,0,0,0,0,0
18447,0,0,12,23,58
18452,0,0,4,14,20
18503,0,1,4,7,10
18504,0,0,23,45,151
18505,0,0,0,26,145
18507,0,0,9,42,90
18508,0,0,11,69,134
18509,0,0,29,44,66
18510,0,0,33,62,98
18512,0,0,0,26,83
18517,0,0,0,31,58
18518,0,0,22,47,94
18519,0,4,24,44,68
18603,0,0,33,83,127
18612,0,0,0,20,110
18621,0,0,0,0,0
18631,0,0,3,5,11
18634,0,35,74,96,140
18635,0,0,0,2,4
18640,0,0,57,107,145
18641,3,3,8,19,29
18642,0,0,7,16,20
18643,0,0,0,50,121
18644,0,0,0,0,39
18651,0,0,0,17,45
18660,0,0,0,0,0
18701,0,0,9,22,29
18702,0,0,168,288,467
18704,0,0,70,220,406
18705,0,0,0,48,78
18706,0,0,0,65,124
18707,0,0,0,0,0
18708,0,9,12,20,67
18709,0,8,24,41,61
18901,0,0,0,0,8
18902,0,0,0,0,0
18914,0,0,0,100,457
18915,0,0,0,0,18
18925,0,0,0,0,54
18927,0,0,0,0,1
18929,0,0,3,8,51
18932,0,0,0,0,4
18936,0,0,0,0,10
18938,0,0,0,0,22
18940,0,0,0,0,99
18951,0,0,0,0,1
18954,0,0,0,0,6
18964,7,13,20,47,104
18966,0,0,32,64,149
18969,0,0,1,3,9
18974,0,0,0,0,108
18976,0,0,0,0,12
18977,0,0,0,1,10
19001,0,0,5,50,75
19002,0,0,40,60,70
19003,0,0,0,8,39
19004,0,0,0,0,50
19006,0,0,0,32,89
19007,0,0,0,0,42
19008,0,0,0,6,18
19009,0,0,0,0,0
19010,0,0,0,15,75
19012,0,0,0,0,3
19013,0,0,0,29,128
19014,0,0,0,0,6
19015,0,0,0,8,23
19018,0,0,0,23,59
19020,0,0,0,0,120
19021,0,0,3,25,45
19022,0,0,0,0,8
19023,0,0,0,27,89
19025,0,0,0,3,32
19026,0,0,13,50,76
19027,0,0,0,0,41
19029,0,0,0,0,14
19030,0,0,0,0,23
19031,0,0,0,0,19
19032,0,0,0,0,18
19033,0,0,0,0,21
19034,0,0,0,2,14
19035,0,0,0,0,0
19036,0,0,10,18,20
19038,0,0,0,42,67
19040,0,0,0,0,64
19041,0,0,0,2,31
19043,0,0,0,0,5
19044,0,0,0,0,4
19046,0,0,0,28,97
19047,0,0,0,0,56
19050,0,0,16,49,71
19053,0,0,0,0,91
19054,0,0,0,20,25
19055,0,0,0,12,20
19056,0,0,0,0,23
19057,0,0,0,0,5
19060,0,0,0,0,12
19061,0,0,10,60,76
19063,0,0,0,0,87
19064,0,0,0,0,65
19066,0,0,0,4,24
19067,0,0,0,0,155
19070,0,0,0,4,40
19072,0,0,0,0,0
19073,0,0,0,0,58
19074,0,0,2,15,27
19075,0,0,8,13,17
19076,0,0,0,1,32
19078,0,0,0,3,36
19079,0,0,0,2,27
19081,0,0,0,2,42
19082,0,0,0,0,43
19083,0,0,0,19,29
19085,0,0,0,1,3
19086,0,0,0,2,15
19087,0,0,6,12,18
19090,0,0,0,34,129
19094,0,0,0,0,2
19095,0,0,0,16,49
19096,0,0,0,0,13
19102,0,0,0,0,3
19103,0,0,10,25,53
19104,0,0,0,0,157
19106,0,0,0,3,6
19107,0,0,0,1,19
19108,0,0,0,0,0
19111,0,0,0,77,164
19114,0,0,0,0,6
19115,0,0,0,0,117
19116,0,0,0,6,65
19118,0,0,0,10,24
19119,0,0,0,0,34
19120,0,0,0,6,73
19121,0,0,0,18,143
19122,0,0,0,6,72
19123,0,0,0,22,63
19124,0,0,0,76,191
19125,0,0,0,5,59
19126,0,0,0,9,39
19127,0,0,0,5,18
19128,0,0,0,0,26
19129,0,0,0,3,28
19130,0,0,0,0,19
19131,0,0,14,133,202
19132,0,0,0,0,88
19133,0,0,0,32,103
19134,0,0,0,60,219
19135,0,0,14,87,169
19136,0,0,0,0,29
19137,0,0,0,9,41
19138,0,0,0,0,77
19139,0,0,0,83,200
19140,0,0,21,179,309
19141,0,0,0,49,113
19142,0,0,0,32,76
19143,0,0,0,64,192
19144,0,0,0,14,144
19145,0,0,6,61,104
19146,0,0,20,88,155
19147,0,0,0,27,95
19148,0,0,0,0,39
19149,0,0,0,37,64
19150,0,0,0,4,50
19151,0,0,0,0,53
19152,0,0,0,0,7
19153,0,0,0,3,83
19154,0,0,0,26,77
19301,0,0,0,0,6
19311,0,0,0,0,1
19312,0,0,12,25,55
19317,0,0,0,11,27
19319,0,0,0,0,1
19333,0,0,0,5,48
19335,0,0,0,0,3
19341,0,0,0,0,47
19342,0,0,14,19,24
19348,0,0,0,0,1
19350,0,0,0,0,0
19355,0,0,18,24,30
19373,0,0,0,0,15
19380,0,0,0,0,105
19382,0,0,0,0,90
19401,0,0,0,9,69
19403,0,0,0,0,61
19405,0,0,0,0,6
19406,0,0,0,6,48
19422,0,0,0,6,22
19426,0,0,0,0,0
19428,0,0,5,19,38
19436,0,0,0,1,3
19437,0,0,0,0,0
19438,0,14,47,88,454
19440,0,0,18,78,249
19444,0,0,0,0,34
19446,0,42,127,141,665
19453,0,0,0,0,2
19454,0,0,0,0,50
19460,0,0,0,0,53
19462,0,0,13,22,58
19464,0,0,0,0,0
19468,0,0,0,6,25
19473,0,0,0,15,56
19475,0,0,0,0,9
19492,0,0,0,0,1
19506,0,0,0,0,0
19508,0,0,0,5,16
19510,0,0,0,0,7
19522,0,0,5,14,25
19525,0,0,0,0,0
19533,0,0,0,2,15
19539,0,0,0,1,3
19540,0,0,0,6,15
19541,0,0,0,0,1
19547,0,0,0,0,0
19555,0,0,0,0,0
19560,0,0,0,9,23
19565,0,0,0,0,0
19601,0,0,0,115,194
19602,0,0,0,44,91
19604,0,0,0,19,66
19605,0,0,0,0,45
19606,0,0,0,9,189
19607,0,0,0,6,46
19608,0,0,0,9,31
19609,0,0,0,7,27
19610,0,0,9,17,30
19611,0,0,0,15,49
2802,0,0,0,0,84
2806,0,0,0,513,3383
2809,0,0,60,449,4807
2814,0,0,0,3,59
2816,0,0,0,246,4426
2817,0,0,1,19,178
2818,0,0,0,481,3272
2822,0,0,0,4,45
2828,0,0,0,74,1338
2830,0,0,0,1,10
2831,0,0,0,55,675
2835,0,0,0,28,215
2838,0,0,23,59,514
2852,0,0,6,216,2301
2857,0,0,1,33,423
2860,0,0,35,383,6360
2861,0,0,59,199,5585
2863,0,0,3,80,2133
2864,0,0,0,597,6776
2865,0,0,10,300,3552
2871,0,0,0,293,2845
2878,0,0,0,213,3962
2885,0,0,0,253,2609
2886,0,0,38,327,5453
2888,0,0,0,202,4420
2889,0,0,25,262,6072
2893,0,0,0,269,5549
2895,0,0,49,397,6134
2896,0,0,12,106,1709
2903,0,0,0,107,1121
2904,0,0,0,346,5330
2905,0,0,64,447,3887
2906,0,0,10,356,3710
2907,0,0,26,179,3263
2908,0,0,0,311,5753
2909,0,0,0,261,5226
2910,0,0,6,134,4773
2911,0,0,28,161,2982
2914,0,0,13,240,4785
2915,0,0,9,182,3355
2916,0,0,0,130,1739
2917,0,0,0,210,2246
2919,0,0,0,513,6556
2920,0,0,0,338,7425
2921,0,0,15,340,2655
29016,0,101,228,2235,2587
29020,0,0,112,245,2976
29033,0,87,223,3861,4500
29036,0,0,30,108,964
29039,0,1,7,27,208
29040,0,0,8,19,356
29044,0,0,2,3,39
29045,0,65,289,600,6935
29053,0,220,499,5576,6514
29061,0,52,111,2076,2413
29063,0,108,658,6884,8117
29072,56,148,1408,15390,18187
29073,0,239,735,14367,16810
29078,0,0,106,193,4721
29115,13,377,582,5428,6265
29118,28,52,88,1611,1823
29123,0,36,94,2196,2534
29150,0,193,360,667,8431
29152,0,0,1,3,28
29153,0,8,69,130,1510
29154,0,5,59,103,2227
29160,0,24,84,1562,1847
29161,0,0,5,12,127
29169,0,159,444,6798,7797
29170,35,52,322,7320,8580
29172,0,29,110,3173,3642
29201,0,459,913,4206,4908
29203,0,626,1015,9266,10562
29204,0,219,443,4139,4747
29205,78,156,586,5441,6352
29206,5,137,432,4159,4772
29209,0,256,732,9839,11384
29210,0,114,335,6500,7559
29212,71,203,565,7213,8644
29223,0,627,1239,12670,14446
29229,0,228,734,14020,16141
29301,0,10,343,697,9506
29302,0,0,259,426,4882
29303,0,77,386,495,7258
29306,0,22,217,376,4060
29307,0,38,228,405,5968
29316,0,0,168,417,8287
29323,0,0,8,20,805
29329,0,0,1,2,23
29330,0,0,27,63,838
29334,0,10,82,307,4451
29346,0,0,0,0,81
29349,0,0,176,440,6222
29365,0,0,21,120,4089
29369,0,0,99,292,4410
29376,0,11,24,95,1753
29377,0,0,0,0,31
29385,0,0,18,79,2970
29388,0,0,10,27,806
29401,9,137,503,2695,2944
29403,0,323,721,5053,5566
29404,0,3,12,535,561
29405,58,139,321,6749,7209
29406,6,141,287,5292,5562
29407,9,303,910,8081,8669
29410,0,100,274,4331,4873
29412,23,159,1020,9994,11025
29414,0,232,745,9115,9860
29418,85,164,340,5559,5972
29420,0,110,330,4014,4504
29429,0,9,26,319,352
29439,22,100,203,1152,1255
29440,0,0,0,1,5
29445,0,290,806,14039,15941
29451,0,135,709,2588,2954
29455,1,28,99,795,871
29456,31,132,358,7021,7697
29464,56,559,1775,12451,13443
29466,22,374,1496,9557,10558
29472,0,0,0,14,16
29482,5,41,208,841,955
29483,116,348,845,14178,16315
29485,0,154,660,13326,15183
29486,0,13,138,580,4081
29492,5,81,452,4067,4610
29501,0,142,445,890,9701
29505,0,0,65,188,3740
29506,0,58,183,292,2441
29526,0,69,386,1731,9682
29527,0,32,89,459,3132
29532,0,15,111,185,3624
29540,0,0,0,1,11
29541,0,0,6,10,244
29566,0,29,138,284,7129
29568,0,0,69,175,3999
29572,0,40,260,864,3842
29575,18,189,342,1682,8848
29576,0,38,480,2250,12352
29577,0,165,494,1739,10055
29579,0,24,373,1962,11736
29582,0,70,267,719,11207
29585,0,21,284,1252,5159
29588,0,0,456,2222,13904
29601,0,0,46,262,2737
29605,0,0,363,1090,9775
29607,0,0,282,748,10001
29609,0,0,377,857,7931
29611,0,0,258,640,8867
29615,0,39,203,723,9066
29617,0,0,165,377,7269
29621,0,21,253,729,9863
29624,0,5,244,390,4573
29625,0,7,175,306,6930
29626,0,17,109,225,3103
29627,0,0,6,12,173
29630,0,0,33,79,1124
29631,0,0,101,235,2154
29640,0,0,141,573,10255
29642,0,0,267,651,10040
29644,0,0,59,102,2782
29650,0,0,293,910,9896
29651,0,0,71,651,13076
29657,0,0,32,100,2527
29662,0,0,23,129,4346
29665,0,0,5,9,63
29670,0,0,17,49,823
29671,0,0,38,102,2017
29672,0,12,33,112,1146
29673,0,16,140,486,7758
29678,0,0,70,138,2753
29680,0,0,39,398,7302
29681,0,51,326,1182,15800
29684,0,0,7,15,755
29687,0,0,136,452,10763
29690,0,0,37,200,3934
29691,0,0,0,0,4
29693,0,0,0,0,11
29696,0,0,0,0,11
29697,0,0,0,0,1
29707,0,30,304,911,9211
29708,0,0,248,887,7888
29710,0,5,67,195,2230
29715,0,0,143,924,7609
29720,0,0,119,323,6191
29730,0,0,220,562,10393
29732,0,23,337,615,10830
29745,0,0,11,27,451
29801,0,435,835,7374,8435
29803,0,94,877,11479,13165
29805,0,1,1,19,22
29809,0,5,36,126,1065
29816,0,1,2,13,14
29821,0,1,3,43,51
29828,0,30,48,400,439
29829,0,81,163,3367,3831
29831,0,1,3,61,66
29834,1,5,7,128,141
29841,0,59,662,10017,11625
29842,0,15,57,2660,2961
29851,0,67,168,3217,3675
29860,0,58,202,3314,3828
29902,0,50,163,2512,2705
29906,0,57,181,2955,3136
29907,4,23,73,667,737
29909,0,0,0,1,1
29910,2,14,62,591,637
29915,0,3,19,171,182
29920,0,0,1,13,15
29926,0,75,504,4749,5215
29927,0,0,0,1,1
29928,0,94,522,1654,5924
29935,0,8,14,473,501
57005,0,0,0,0,0
57049,0,0,0,0,0
57055,0,0,0,0,0
57064,0,0,0,0,0
57103,0,0,0,0,0
57104,0,0,0,0,0
57105,0,0,0,0,0
57106,0,0,0,0,0
57107,0,0,0,0,0
57108,0,0,0,0,0
57110,0,0,0,0,0
57701,34,34,34,34,34
57702,0,0,0,0,0
57703,0,0,0,0,0
57719,0,0,0,0,0
57730,1,1,2,3,5
57744,0,0,0,0,0
57745,0,0,0,0,0
57751,0,0,0,0,0
37010,0,0,0,0,0
37013,0,0,0,0,0
37014,0,0,0,0,0
37027,0,0,0,0,0
37040,0,0,0,0,0
37042,0,0,0,0,0
37043,0,0,0,0,0
37064,0,0,0,0,0
37066,0,0,0,0,0
37067,0,0,0,0,0
37069,20,20,20,20,20
37072,0,0,0,0,0
37075,0,0,0,0,0
37076,0,0,0,0,0
37080,0,0,0,0,0
37086,0,0,0,0,0
37115,0,0,0,0,0
37122,0,0,0,0,0
37127,0,0,0,0,0
37128,0,0,0,0,0
37129,0,0,0,0,0
37130,0,0,0,0,0
37135,0,0,0,0,0
37138,0,0,0,0,0
37153,0,0,0,0,0
37167,0,0,0,0,0
37189,0,0,0,0,0
37191,0,0,0,0,0
37201,0,0,0,0,0
37203,0,0,0,0,0
37204,0,0,0,0,0
37205,0,0,0,0,0
37206,0,0,0,0,0
37207,0,0,0,0,0
37208,0,0,0,0,0
37209,0,0,0,0,0
37210,0,0,0,0,0
37211,0,0,0,0,0
37212,0,0,0,0,0
37214,0,0,0,0,0
37215,0,0,0,0,0
37216,0,0,0,0,0
37217,0,0,0,0,0
37218,0,0,0,0,0
37219,0,0,0,0,0
37220,0,0,0,0,0
37221,0,0,0,0,0
37228,0,0,0,0,0
37310,0,0,0,0,0
37311,0,0,0,0,0
37312,0,0,0,0,0
37323,0,0,0,0,0
37336,0,0,0,0,0
37341,0,0,0,0,0
37343,0,0,0,0,0
37350,0,0,0,0,0
37351,0,0,0,0,0
37353,0,0,0,0,0
37354,0,0,0,0,0
37355,0,0,0,0,0
37360,0,0,0,0,0
37363,0,0,0,0,0
37377,0,0,0,0,0
37379,0,0,0,0,0
37385,0,0,0,0,0
37388,0,0,0,0,0
37402,0,0,0,0,0
37403,0,0,0,0,0
37404,0,0,0,0,0
37405,0,0,0,0,0
37406,0,0,0,0,0
37407,0,0,0,0,0
37408,0,0,0,0,0
37409,0,0,0,0,0
37410,0,0,0,0,0
37411,0,0,0,0,0
37412,0,0,0,0,0
37415,0,0,0,0,0
37416,0,0,0,0,0
37419,0,0,0,0,0
37421,0,0,0,0,0
37601,0,0,0,0,0
37604,0,0,0,0,0
37615,0,0,0,0,0
37617,0,0,0,0,0
37618,0,0,0,0,0
37642,0,0,0,0,0
37643,0,0,0,0,0
37645,0,0,0,0,0
37658,0,0,0,0,0
37659,0,0,0,0,0
37660,0,0,0,0,0
37663,0,0,0,0,0
37664,0,0,0,0,0
37665,0,0,0,0,0
37686,0,0,0,0,0
37692,0,0,0,0,0
37694,0,0,0,0,0
37701,0,0,0,0,0
37708,0,0,0,0,0
37710,0,0,0,0,0
37714,0,0,0,0,0
37716,0,0,0,0,0
37721,0,0,0,0,0
37737,0,0,0,0,0
37738,0,0,0,0,0
37742,0,0,0,0,0
37754,0,0,0,0,0
37769,0,0,0,0,0
37771,0,0,0,0,0
37772,0,0,0,0,0
37774,0,0,0,0,0
37777,0,0,0,0,0
37801,0,0,0,0,0
37803,0,0,0,0,0
37804,0,0,0,0,0
37806,0,0,0,0,0
37813,0,0,0,0,0
37814,0,0,0,0,0
37821,0,0,0,0,0
37830,0,0,0,0,0
37840,0,0,0,0,0
37846,0,0,0,0,0
37849,0,0,0,0,0
37853,0,0,0,0,0
37860,0,0,0,0,0
37861,0,0,0,0,0
37862,0,0,0,0,0
37863,0,0,0,0,0
37865,0,0,0,0,0
37871,0,0,0,0,0
37876,0,0,0,0,0
37877,0,0,0,0,0
37885,0,0,0,0,0
37886,0,0,0,0,0
37890,0,0,0,0,0
37902,0,0,0,0,0
37909,0,0,0,0,0
37912,0,0,0,0,0
37914,0,0,0,0,0
37915,0,0,0,0,0
37916,0,0,0,0,0
37917,0,0,0,0,0
37918,0,0,0,0,0
37919,0,0,0,0,0
37920,0,0,0,0,0
37921,0,0,0,0,0
37922,0,0,0,0,0
37923,0,0,0,0,0
37924,0,0,0,0,0
37931,0,0,0,0,0
37932,0,0,0,0,0
37934,0,0,0,0,0
37938,0,0,0,0,0
38002,0,0,0,0,0
38016,0,0,0,0,0
38017,0,0,0,0,0
38018,0,0,0,0,0
38028,0,0,0,0,0
38053,0,0,0,0,0
38103,0,0,0,0,0
38104,0,0,0,0,0
38105,0,0,0,0,0
38106,0,0,0,0,0
38107,0,0,0,0,0
38108,0,0,0,0,0
38109,0,0,0,0,0
38111,0,0,0,0,0
38112,0,0,0,0,0
38114,0,0,0,0,0
38115,0,0,0,0,0
38116,0,0,0,0,0
38117,0,0,0,0,0
38118,0,0,0,0,0
38119,0,0,0,0,0
38120,0,0,0,0,0
38122,0,0,0,0,0
38125,0,0,0,0,0
38126,0,0,0,0,0
38127,0,0,0,0,0
38128,0,0,0,0,0
38133,0,0,0,0,0
38134,0,0,0,0,0
38135,0,0,0,0,0
38138,0,0,0,0,0
38139,0,0,0,0,0
38141,0,0,0,0,0
38301,0,0,0,0,0
38305,0,0,0,0,0
38343,0,0,0,0,0
38355,0,0,0,0,0
38356,0,0,0,0,0
38362,0,0,0,0,0
38401,0,0,0,0,0
38501,0,0,0,0,0
38506,0,0,0,0,0
75001,0,20,130,2096,2171
75002,42,170,2144,19678,20825
75006,0,75,534,10196,10528
75007,0,71,1337,13371,13897
75010,0,42,437,5737,5991
75013,23,80,1926,10249,10925
75019,0,94,1646,9457,10066
75020,0,63,305,7557,7745
75021,0,3,38,1417,1463
75022,0,0,1245,5799,6358
75023,14,174,1160,13799,14263
75024,0,62,1037,8075,8541
75025,0,0,1993,13428,14082
75028,0,0,1656,12010,12759
75032,0,0,2,12,13
75033,0,0,6,34,37
75034,0,583,3246,25496,26911
75035,0,92,2737,16697,17807
75038,0,24,190,3228,3347
75039,0,10,167,1884,1975
75040,0,71,659,17251,17625
75041,0,23,291,7426,7602
75042,0,35,335,8532,8788
75043,0,99,626,15940,16319
75044,12,24,648,11632,12023
75048,0,56,1061,7306,7804
75050,8,89,186,7894,8081
75051,0,24,290,7731,7989
75052,0,96,1124,23135,23734
75054,0,0,478,3124,3323
75056,61,168,1616,14146,14954
75057,0,18,108,2452,2489
75060,0,113,405,9056,9329
75061,0,25,230,7892,8155
75062,0,27,233,8694,8873
75063,0,58,741,6675,7089
75065,4,36,303,3454,3578
75067,24,130,522,11470,11742
75068,0,45,725,7089,7360
75069,0,72,259,2615,2707
75070,79,296,1735,18634,19284
75074,0,132,913,12534,12997
75075,0,87,858,10187,10675
75076,0,0,32,725,746
75077,0,65,1101,10084,10695
75080,0,259,1174,9963,10523
75081,0,160,720,9384,9834
75082,0,32,753,5900,6296
75087,0,0,36,302,327
75088,0,0,520,8827,9152
75089,0,0,667,9860,10267
75090,59,223,387,6271,6468
75092,0,60,281,6460,6634
75093,0,162,1799,12104,13159
75094,7,35,774,6275,6766
75098,0,53,1383,16556,17151
75104,0,217,1145,14610,15198
75115,0,74,642,11907,12191
75116,0,71,204,4943,5066
75125,0,0,1,15,15
75134,0,0,140,5958,6061
75137,0,31,318,6034,6171
75141,0,2,59,1134,1167
75146,0,99,308,4989,5167
75149,0,133,483,16169,16586
75150,44,206,530,14307,14616
75159,0,9,26,644,661
75172,0,10,27,849,870
75180,0,0,85,5941,6057
75181,0,51,249,6135,6320
75182,0,0,342,2006,2207
75201,0,2,50,511,542
75202,0,0,9,111,117
75203,0,61,117,2421,2510
75204,0,51,225,2080,2184
75205,0,66,1033,4011,4455
75206,0,81,479,4458,4703
75207,0,22,92,1036,1076
75208,0,0,430,5379,5699
75209,0,10,456,2900,3084
75210,0,38,79,1227,1262
75211,0,217,581,10920,11262
75212,0,141,445,4901,5146
75214,0,77,1196,6870,7426
75215,0,117,307,3051,3201
75216,0,450,1023,11577,11917
75217,0,196,875,17164,17772
75218,0,35,784,6394,6821
75219,0,21,181,1730,1817
75220,0,76,349,5137,5366
75223,0,44,198,2308,2409
75224,0,192,310,5874,6097
75225,0,70,1091,4244,4727
75226,0,6,30,697,713
75227,0,286,646,11988,12286
75228,0,371,799,13705,14118
75229,0,55,1122,8230,8859
75230,0,32,992,5640,6082
75231,0,37,168,3235,3312
75232,0,188,467,7872,8068
75233,0,6,75,3040,3086
75234,0,27,329,6542,6747
75235,0,83,173,2324,2410
75236,0,73,174,2931,3031
75237,0,76,188,2437,2503
75238,0,34,658,6232,6568
75240,0,60,189,2475,2580
75241,0,357,686,8699,9001
75243,0,90,531,7844,8048
75244,0,14,360,3153,3352
75246,0,17,29,267,280
75247,0,63,102,953,1010
75248,0,106,1015,8079,8591
75249,0,28,99,4585,4665
75251,0,1,4,148,152
75252,0,98,557,5313,5612
75253,0,98,259,5021,5120
75254,0,17,122,2336,2409
75287,0,242,636,7233,7422
75459,0,2,28,689,711
75501,0,200,767,6650,10263
75503,0,0,360,4676,7187
75569,0,1,2,711,1090
75601,0,36,210,3420,5082
75602,0,86,271,3974,6025
75603,0,5,63,812,1175
75604,0,48,248,6043,9471
75605,0,8,446,5404,8249
75640,0,0,10,238,341
75644,0,13,56,1304,1857
75645,0,7,27,329,483
75647,0,26,96,1365,1961
75650,0,18,72,1044,1582
75652,0,1,3,36,54
75662,0,0,182,3715,5604
75684,0,0,0,3,5
75693,0,27,191,1579,2361
75701,0,231,836,9974,10810
75702,0,185,398,8566,9177
75703,0,175,844,10006,10762
75704,0,7,62,1748,1851
75705,0,5,17,145,204
75706,0,0,52,1057,1508
75707,0,10,139,3201,3437
75708,0,18,26,1356,2004
75709,0,9,40,1421,1521
75751,0,160,335,4296,4636
75752,0,7,18,299,315
75755,0,0,0,1,1
75757,0,0,3,33,36
75758,0,3,37,852,910
75762,0,0,145,2085,2265
75771,0,0,83,1397,1983
75789,0,0,0,4,6
75791,0,21,145,2436,2613
75792,0,4,9,95,131
75901,0,56,320,5102,6176
75904,0,20,172,5319,6533
75941,0,15,50,839,996
75949,0,6,22,429,517
75961,0,54,166,1543,2486
75964,3,56,132,2262,2514
75965,0,5,115,1407,2202
75969,0,0,1,42,50
76001,0,16,564,7417,7699
76002,20,71,555,9714,9956
76005,0,3,34,143,161
76006,0,9,101,3087,3138
76008,0,0,1,8,9
76010,0,136,449,7800,7912
76011,0,28,115,3418,3456
76012,0,89,477,6050,6247
76013,0,139,473,6059,6204
76014,0,43,227,6956,7027
76015,0,40,150,3218,3277
76016,0,39,588,9389,9713
76017,0,169,794,10042,10498
76018,0,62,210,7606,7730
76021,0,0,448,8006,8205
76022,21,30,63,2914,2965
76034,0,0,1587,6109,6860
76036,0,3,30,534,552
76039,0,41,366,6724,6842
76040,0,72,257,5804,5941
76051,21,106,1018,9945,10369
76052,0,8,665,7080,7428
76053,0,124,330,6668,6798
76054,0,28,278,3837,3974
76060,3,35,247,2771,2901
76063,0,86,1691,16202,16805
76071,0,3,14,154,159
76078,0,0,1,13,13
76092,0,16,2421,6701,7622
76102,0,33,139,1222,1277
76103,0,75,192,4056,4140
76104,0,189,389,5851,6027
76105,0,100,287,6017,6191
76106,0,259,432,9314,9496
76107,0,170,1017,9296,9735
76108,0,77,570,9296,9556
76109,0,228,1011,5879,6303
76110,0,229,768,9487,9846
76111,0,6,126,6199,6249
76112,0,112,508,9829,10042
76114,0,153,439,6726,6900
76115,21,230,403,5077,5171
76116,0,113,826,10841,11192
76117,26,122,314,8515,8663
76118,0,41,298,4941,5039
76119,0,264,482,11160,11378
76120,0,16,195,3768,3846
76123,0,71,548,9846,10048
76126,0,33,501,6304,6578
76127,0,0,0,294,294
76131,0,46,518,11149,11414
76132,0,108,351,5169,5304
76133,0,219,719,15103,15479
76134,0,94,304,7595,7720
76135,0,44,277,4654,4819
76137,0,143,747,15408,15726
76140,0,31,217,7610,7726
76148,0,0,418,8602,8816
76155,0,1,4,381,383
76164,44,118,167,4826,4891
76177,17,34,188,3239,3306
76179,0,191,953,18305,18896
76180,0,63,426,8785,8966
76182,0,21,987,9928,10427
76205,0,7,47,674,697
76208,0,36,330,3018,3154
76210,24,167,919,11202,11727
76226,0,0,1050,5296,5839
76240,0,6,291,5713,5868
76244,0,89,1926,20880,21743
76248,27,94,2395,11828,12985
76262,0,112,1610,10219,10846
76301,0,140,397,7093,7240
76302,0,97,291,4493,4571
76305,0,25,72,2196,2236
76306,0,46,307,6333,6503
76308,0,114,479,6884,7106
76309,0,118,291,5484,5529
76310,0,12,352,5990,6119
76311,0,0,0,708,709
76354,0,0,0,8,8
76367,0,6,16,318,323
76401,0,19,48,544,558
76501,0,58,171,4013,4130
76502,0,13,514,12180,12456
76504,0,170,422,6569,6739
76513,0,119,976,10175,10653
76522,0,51,186,6290,6354
76539,0,0,73,2101,2142
76541,0,217,403,6185,6306
76542,0,137,602,13378,13597
76543,0,165,438,9450,9674
76544,0,0,122,3418,3467
76548,9,106,336,8595,8772
76549,0,131,597,14313,14430
76559,0,36,91,1661,1692
76574,0,0,0,9,9
76579,0,18,54,897,925
76630,0,1,3,118,122
76633,0,0,22,308,323
76640,0,33,88,997,1029
76643,16,21,188,5203,5331
76655,2,21,146,1946,2018
76657,8,42,163,2658,2768
76691,0,3,102,1185,1236
76701,0,56,149,783,847
76704,0,227,362,2486,2632
76705,0,161,501,9041,9315
76706,0,438,1283,10206,10633
76707,0,185,397,5170,5376
76708,0,99,371,8613,8957
76710,0,0,422,7825,8028
76711,0,19,58,3175,3227
76712,0,75,707,8833,9276
76901,0,125,461,9373,9508
76903,0,368,671,12923,13068
76904,0,66,636,10696,10904
76905,0,81,146,3180,3229
77002,1,23,81,685,790
77003,0,14,328,2861,3347
77004,0,317,1006,6665,7679
77005,0,0,1626,5930,7168
77006,0,56,543,4210,4938
77007,0,44,1515,8703,10506
77008,0,145,1866,10432,12534
77009,0,180,1299,10853,12499
77010,0,0,5,18,22
77011,0,111,343,4675,5186
77012,0,72,172,3994,4496
77013,0,34,109,3347,3722
77014,0,135,342,5533,6359
77015,0,74,339,13113,14617
77016,0,213,491,8104,9142
77017,0,23,209,6803,7710
77018,0,55,987,7506,8907
77019,0,10,686,4259,4966
77020,0,160,505,6804,7878
77021,0,283,841,7025,8074
77022,0,151,444,6985,7841
77023,22,308,557,6404,7188
77024,0,90,1291,6512,7771
77025,0,99,747,5496,6402
77026,0,176,609,7738,8726
77027,0,33,308,2407,2856
77028,0,188,418,4938,5808
77029,0,76,260,5575,6253
77030,0,24,252,1815,2135
77031,0,42,151,3086,3447
77032,0,126,227,3052,3433
77033,0,278,609,7780,8802
77034,0,134,352,7297,8303
77035,0,144,599,6805,7843
77036,0,114,350,7181,8035
77037,0,17,134,5067,5790
77038,0,19,222,5607,6273
77039,0,30,262,6539,7430
77040,0,126,595,9907,11268
77041,0,0,1050,10361,12136
77042,0,159,428,4797,5372
77043,0,20,397,5507,6391
77044,0,226,780,8526,10055
77045,0,87,561,8381,9512
77046,0,1,7,57,66
77047,20,108,431,8410,9626
77048,0,146,461,4823,5499
77049,0,0,182,8325,9514
77050,0,18,34,1069,1252
77051,0,100,289,4339,4907
77053,0,137,366,7956,9054
77054,0,66,160,1809,2038
77055,0,105,850,7395,8499
77056,0,32,380,2889,3373
77057,0,0,377,4684,5433
77058,0,50,204,3335,3801
77059,0,0,740,4549,5512
77060,0,165,288,5429,6054
77061,0,73,200,4229,4823
77062,0,33,546,6919,8092
77063,0,83,333,4519,5101
77064,0,74,699,10604,12026
77065,0,66,463,7227,8128
77066,0,77,439,7392,8493
77067,0,38,296,5411,6179
77068,0,3,133,2228,2577
77069,0,4,250,3325,3830
77070,0,0,448,8776,10059
77071,0,0,338,5886,6643
77072,0,58,584,10098,11524
77073,0,109,371,9481,10790
77074,0,99,245,5726,6552
77075,10,114,390,8251,9420
77076,0,162,424,6686,7627
77077,0,12,879,10315,11759
77078,0,98,303,3238,3704
77079,0,0,780,5622,6594
77080,0,72,450,6972,7881
77081,0,0,115,2759,3074
77082,0,64,770,9264,10527
77083,0,264,962,16408,18615
77084,0,269,1075,23167,26661
77085,0,5,198,4238,4764
77086,0,220,525,6103,6998
77087,0,164,552,8312,9550
77088,14,337,759,12346,13879
77089,0,0,653,12213,14002
77090,0,41,212,4532,5101
77091,0,147,460,5183,6005
77092,0,123,499,6547,7552
77093,0,210,785,12112,13780
77094,0,12,503,2411,2970
77095,0,138,1064,16683,19441
77096,0,126,789,6906,8122
77098,0,0,305,2575,3066
77099,0,151,462,7702,8787
77301,0,103,336,6660,8502
77302,0,68,581,4659,5994
77303,0,20,125,2909,3859
77304,0,72,437,5457,7018
77306,0,0,52,2201,2856
77316,0,0,454,3105,4026
77318,0,0,215,3405,4386
77327,0,58,230,2873,3778
77328,0,0,128,3304,4211
77336,0,86,416,3269,4174
77338,0,44,382,8448,10770
77339,0,17,401,6278,8201
77345,0,21,933,5497,6836
77346,0,137,1332,14108,16653
77354,0,70,1069,8715,11369
77355,0,29,446,4247,5552
77356,0,39,834,5826,7495
77357,0,33,257,5154,6486
77358,0,0,7,93,121
77362,0,0,127,1200,1618
77363,0,0,1,13,17
77365,0,65,741,6910,8967
77372,0,22,151,3371,4377
77373,0,0,572,13920,18253
77375,0,0,1122,11465,15030
77377,0,21,920,7971,10357
77378,0,22,142,2072,2688
77379,0,186,1862,16927,20052
77380,0,56,323,3801,4947
77381,0,9,1133,6217,8117
77382,0,94,1625,7425,9805
77384,0,11,325,4007,5157
77385,0,0,402,6240,7904
77386,0,96,1518,11508,15457
77388,0,186,1029,12014,13942
77389,0,0,1282,7619,9762
77396,0,157,579,10450,11908
77401,0,0,1284,4833,5829
77406,0,80,972,7556,8689
77407,62,236,945,10569,12136
77429,0,119,2221,19679,23166
77433,0,106,2340,17334,20588
77441,0,20,402,1995,2672
77447,0,0,108,1061,1365
77449,0,63,949,27018,31384
77450,0,103,1355,17230,20105
77459,0,59,1963,16380,19215
77469,0,30,475,8501,9708
77471,0,122,303,5083,5776
77477,0,151,417,7811,8777
77478,0,18,916,7604,8756
77479,0,27,3573,21520,25658
77489,0,12,193,10565,12015
77493,0,0,534,6560,8546
77494,0,126,3984,23274,30294
77498,0,120,1022,12847,14756
77502,0,116,339,8409,9601
77503,0,14,272,5958,6880
77504,0,33,152,4793,5385
77505,0,7,323,6015,6878
77506,0,83,273,7278,8205
77507,0,16,62,616,723
77510,0,26,372,6054,6466
77511,0,97,743,15157,15900
77515,0,128,485,8317,9068
77517,6,25,129,2807,3027
77518,0,73,130,2064,2181
77520,0,136,669,9712,12252
77521,0,215,776,12834,16302
77523,0,3,50,450,565
77530,0,93,425,9046,10229
77531,9,33,248,4316,4629
77532,0,64,345,4840,6270
77534,0,0,53,528,575
77536,57,102,612,9675,11172
77539,0,101,768,13288,14245
77541,0,20,322,6166,6643
77545,0,0,384,6363,7426
77546,34,121,1724,14962,16685
77547,0,28,74,2493,2807
77550,0,489,958,9024,9581
77551,0,195,455,6014,6365
77554,0,106,764,6756,7362
77562,0,13,256,3792,4344
77563,0,88,334,4288,4557
77564,0,0,0,9,11
77565,0,0,261,2683,2885
77566,0,9,546,8463,9110
77568,0,142,384,5766,6107
77571,0,0,674,12105,14098
77573,0,26,2496,23350,25248
77578,6,19,522,5792,6302
77581,0,65,1330,14421,15816
77583,0,32,364,4068,4515
77584,0,0,2136,22881,24813
77586,0,0,536,5943,7009
77587,0,75,224,4138,4614
77590,0,0,412,10207,11054
77591,0,131,322,4364,4607
77598,0,28,178,3568,3976
77611,0,35,244,2882,3792
77619,0,53,271,5145,6538
77625,0,16,74,732,1013
77627,0,64,396,7276,9063
77630,0,157,541,7698,9634
77632,0,9,103,1370,1783
77640,0,232,604,7366,9114
77642,0,308,1084,9433,11982
77651,0,0,390,4332,5507
77656,0,65,226,4291,5880
77657,0,14,316,5135,7036
77662,0,29,315,5489,7233
77701,0,129,394,4968,6047
77702,0,0,41,992,1300
77703,0,106,411,3692,4509
77705,0,9,400,6776,8539
77706,37,192,622,6997,8937
77707,0,112,354,5052,6449
77708,0,24,121,3150,3997
77713,0,11,192,2885,3691
77801,0,187,391,2883,3301
77802,0,139,434,6948,8070
77803,0,131,299,8057,9263
77807,0,110,293,2619,3067
77808,0,22,182,2636,3083
77840,0,249,860,6751,7796
77845,0,181,1787,16909,19359
77901,0,133,637,13312,14676
77904,0,36,453,7735,8721
77905,1,12,40,512,574
77968,0,0,1,10,11
78006,0,1,4,31,34
78015,0,3,150,1107,1240
78023,0,16,650,7242,7828
78026,0,0,61,1452,1557
78040,86,492,919,10294,10530
78041,0,272,827,10922,11160
78043,0,246,501,9207,9358
78045,0,182,855,13579,13901
78046,48,178,500,11643,11786
78064,0,78,246,3811,4032
78070,0,6,76,611,668
78073,0,5,27,517,553
78101,0,0,1,8,9
78108,0,0,571,11554,12518
78109,0,70,463,13247,13892
78112,0,0,1,19,20
78123,0,37,76,1227,1284
78124,0,1,6,74,79
78130,0,161,1196,21646,22704
78132,0,8,311,2333,2592
78133,0,124,583,8072,8673
78148,0,78,312,6085,6436
78152,0,1,6,68,72
78154,0,106,726,12155,12987
78155,0,152,521,9978,10705
78201,0,349,761,11631,12305
78202,0,104,364,3790,4055
78203,0,124,228,1996,2119
78204,0,96,274,3572,3784
78205,0,0,28,552,609
78207,0,440,1112,11872,12687
78208,0,62,137,1215,1320
78209,0,98,1220,10798,11847
78210,0,154,758,10991,11678
78211,53,249,445,8432,8788
78212,28,224,849,8481,9125
78213,0,76,413,10304,10739
78214,0,149,362,6664,7026
78215,0,15,69,647,706
78216,0,187,614,9725,10287
78217,0,111,342,8863,9168
78218,0,188,583,9097,9680
78219,0,0,168,5102,5384
78220,0,187,446,5633,5947
78221,0,151,241,9446,9999
78222,0,29,367,6677,7123
78223,0,424,1136,14131,14949
78224,0,41,127,4893,5072
78225,0,8,205,3752,3906
78226,8,33,53,1819,1954
78227,0,207,452,12169,12828
78228,0,417,990,16306,17139
78229,0,65,242,3578,3774
78230,0,66,685,10152,10848
78231,0,13,190,2921,3095
78232,0,101,638,10249,11022
78233,0,138,506,14472,15192
78234,0,11,56,1111,1157
78235,0,9,15,201,211
78236,0,8,52,841,881
78237,0,84,494,9898,10414
78238,0,129,301,6782,7097
78239,0,126,578,9770,10412
78240,0,138,604,11732,12374
78242,0,147,416,7756,8058
78244,0,51,274,9696,10083
78245,0,165,659,19439,20468
78247,0,53,790,16345,17293
78248,0,19,480,4131,4541
78249,0,208,994,13747,14593
78250,0,126,826,16762,17802
78251,0,0,451,13570,14471
78252,0,5,60,2563,2705
78253,0,12,735,11142,12061
78254,0,16,792,15077,16282
78255,0,6,407,2729,3085
78256,0,38,239,1918,2038
78257,0,42,221,2252,2412
78258,0,79,1339,11575,12730
78259,0,41,581,7423,8153
78260,0,0,930,8484,9196
78261,0,45,596,5670,6240
78263,0,1,14,167,183
78264,0,0,0,3,3
78266,0,37,353,2276,2539
78336,75,189,389,4748,4902
78358,0,2,7,91,94
78359,0,7,19,720,730
78362,0,6,53,1412,1464
78370,0,24,68,905,943
78373,0,0,192,3363,3440
78374,22,81,425,5091,5269
78380,0,76,414,5435,5726
78382,0,156,593,9794,10283
78387,0,100,306,2723,2879
78390,20,59,175,2073,2151
78401,0,50,105,1331,1397
78402,0,1,4,144,147
78404,0,80,378,5410,5645
78405,0,70,205,5160,5349
78406,0,0,0,218,218
78407,0,25,65,1326,1359
78408,0,44,113,4226,4322
78409,0,23,53,1257,1278
78410,0,52,513,8344,8588
78411,0,181,588,8598,8923
78412,22,176,384,5267,5398
78413,0,3,16,300,307
78415,0,335,815,11359,11778
78416,0,148,266,4704,4862
78417,0,3,34,1441,1457
78501,0,274,1171,17267,18035
78503,0,0,468,5863,6125
78504,0,33,874,15857,16302
78516,0,218,616,8584,8946
78520,0,238,821,11863,13028
78521,0,350,1010,18344,20322
78526,0,62,425,9278,10233
78539,0,95,753,9942,10472
78541,0,131,343,5146,5369
78542,0,92,377,8816,9110
78572,0,586,1368,15313,16078
78573,0,242,494,10019,10397
78574,0,127,355,6351,6605
78577,0,514,1122,14670,15309
78589,0,168,305,10193,10477
78596,0,0,1,10,11
78602,0,27,129,1777,1918
78610,0,20,373,4670,5002
78613,0,117,2010,21434,22720
78617,0,7,32,720,748
78623,0,3,14,146,157
78626,0,0,3,51,53
78628,0,0,70,688,738
78634,0,0,214,4427,4599
78641,0,38,1306,11612,12309
78652,0,41,188,1635,1733
78653,0,0,7,160,166
78655,0,0,0,9,9
78660,0,157,1653,24185,25890
78664,0,244,893,15346,15963
78665,0,13,1003,11716,12477
78666,0,360,899,11201,11752
78681,0,50,1657,15312,16316
78701,0,16,173,975,1081
78702,0,104,577,5183,5633
78703,0,11,834,4710,5203
78704,0,95,962,8670,9261
78705,0,190,450,2007,2163
78717,0,37,818,6556,7160
78719,0,0,21,699,731
78721,0,58,262,2790,2969
78722,0,29,184,1557,1659
78723,0,36,583,6581,7063
78724,0,17,68,1174,1230
78725,0,2,16,389,407
78726,0,26,326,2658,2832
78727,0,7,507,6942,7299
78728,0,30,294,4711,4910
78729,0,37,468,6881,7210
78730,0,16,403,2350,2610
78731,0,81,932,6574,7151
78732,0,0,2,9,10
78733,0,0,612,2743,3084
78735,0,9,560,4232,4581
78736,0,8,168,1835,1955
78737,0,0,167,838,923
78738,0,1,22,105,116
78739,0,22,1187,4632,5332
78741,0,154,406,5158,5372
78742,0,4,9,255,262
78744,0,117,430,9405,9668
78745,0,143,826,14980,15694
78746,0,46,1826,7824,8834
78747,0,6,248,5528,5730
78748,0,44,1110,13569,14387
78749,0,54,1190,9690,10462
78750,0,32,855,7271,7836
78751,0,36,218,2578,2707
78752,0,88,207,2914,3087
78753,0,143,497,9024,9483
78754,0,22,246,5164,5427
78756,0,15,246,1991,2134
78757,14,48,607,6350,6743
78758,0,300,697,8214,8682
78759,21,166,1140,9527,10139
79015,0,134,643,6114,6317
79101,0,23,54,1357,1372
79102,0,152,300,3359,3397
79103,27,185,262,3765,3823
79104,0,50,110,2701,2736
79106,0,338,747,9964,10107
79107,0,349,588,10700,10776
79108,0,85,189,4893,4963
79109,0,274,868,14928,15096
79110,24,81,219,7988,8060
79111,0,7,15,335,337
79118,44,210,454,8547,8678
79119,20,151,548,4809,4975
79121,0,27,180,2419,2474
79124,0,90,377,2934,3058
79363,0,15,40,493,506
79364,0,0,0,12,12
79382,0,0,3,40,41
79401,0,195,318,1738,1791
79403,14,155,410,4434,4497
79404,0,178,439,4448,4507
79407,0,159,444,5142,5227
79410,0,121,305,3595,3651
79411,0,97,218,2464,2515
79412,53,91,191,4720,4749
79413,0,256,632,7773,7949
79414,31,172,277,5168,5194
79415,43,195,405,4652,4718
79416,0,308,756,9591,9820
79423,40,337,1093,13039,13390
79424,136,374,1647,16304,16864
79504,0,15,48,937,951
79508,0,1,9,560,562
79510,0,24,85,2147,2164
79525,0,0,1,17,17
79536,0,17,61,1241,1262
79562,0,4,29,472,480
79563,0,3,10,563,569
79601,0,249,668,7566,7667
79602,0,161,676,9794,9976
79603,0,166,442,9043,9107
79605,0,180,415,10965,11144
79606,0,159,434,8185,8294
79607,0,4,19,621,626
79701,47,436,1178,11394,11618
79703,0,90,549,7334,7454
79705,0,385,1669,12261,12723
79706,0,216,1038,9846,10134
79707,114,593,1848,10814,11145
79758,0,3,20,139,144
79761,0,140,725,11439,11673
79762,98,404,1087,13488,13850
79763,102,356,885,9901,10074
79764,100,384,977,8025,8226
79765,0,100,546,5058,5179
79766,7,59,134,1144,1184
79901,82,283,1556,2147,2207
79902,134,609,3894,5403,5559
79903,130,356,4257,5852,5899
79904,56,411,6577,9155,9305
79905,215,581,4899,6782,6872
79906,17,53,1079,1501,1512
79907,188,695,10340,14265,14395
79908,0,8,614,847,850
79911,1,12,142,196,200
79912,360,1399,14047,19462,19942
79915,188,731,7890,10916,11049
79922,30,291,2258,3204,3299
79924,359,700,12892,17741,17866
79925,190,606,8327,11701,11820
79927,15,30,479,651,659
79928,2,15,286,399,403
79930,174,363,5342,7458,7533
79932,137,441,4060,5554,5709
79934,51,145,1722,2380,2414
79935,67,210,3615,5039,5085
79936,0,1247,22765,31493,31877
79938,4,11,205,284,286
84003,0,816,10934,11180,11180
84004,0,271,1943,2039,2039
84006,0,1,35,36,36
84009,0,441,6824,7006,7006
84010,0,643,11419,11653,11653
84014,0,93,1815,1850,1850
84015,0,535,16967,17243,17243
84020,0,1191,11704,12142,12142
84025,0,270,4897,5002,5002
84037,0,828,9483,9746,9746
84040,0,380,6617,6780,6780
84041,0,451,12666,12872,12872
84042,0,170,2557,2617,2617
84043,0,801,13543,13805,13805
84044,0,174,7505,7581,7581
84045,0,0,1,1,1
84047,0,318,7455,7561,7561
84054,0,282,5007,5115,5115
84056,0,6,1062,1065,1065
84057,0,330,8371,8448,8448
84058,0,253,6589,6656,6656
84062,0,362,7116,7239,7239
84065,0,570,10330,10541,10541
84067,0,269,11612,11682,11694
84070,0,322,7541,7656,7656
84075,0,359,6658,6780,6780
84081,0,404,10735,10921,10921
84084,0,268,9812,9921,9921
84087,0,303,3905,4034,4034
84088,0,287,9412,9565,9565
84092,0,1019,8220,8625,8625
84093,0,547,7129,7381,7381
84094,0,342,8227,8352,8352
84095,0,650,9276,9553,9553
84096,0,501,9805,10005,10005
84097,0,314,5510,5611,5611
84101,0,53,1130,1148,1148
84102,0,175,2855,2913,2916
84103,0,336,4891,5016,5016
84104,0,100,6249,6286,6286
84105,0,452,6553,6742,6742
84106,0,598,9412,9653,9653
84107,0,307,8192,8308,8308
84108,0,622,5380,5657,5657
84109,0,604,6717,6946,6946
84111,0,73,1664,1693,1693
84112,0,13,104,108,108
84115,0,269,6993,7078,7078
84116,0,268,7557,7656,7656
84117,0,452,6436,6649,6649
84118,0,260,18482,18557,18557
84119,0,308,11346,11437,11437
84120,0,307,12675,12777,12777
84121,0,773,11401,11729,11729
84123,0,250,9158,9242,9242
84124,0,436,5470,5657,5657
84128,0,152,7526,7594,7594
84129,0,26,710,721,721
84315,0,31,787,796,796
84318,0,39,878,892,892
84321,0,295,9377,9510,9510
84326,0,6,117,120,120
84332,0,87,2303,2338,2338
84335,0,67,2215,2242,2242
84339,0,0,4,4,4
84340,0,26,450,459,459
84341,0,164,4019,4092,4092
84401,0,336,9494,9619,9619
84403,0,514,9700,9888,9888
84404,0,523,15697,15872,15872
84405,0,375,9025,9144,9144
84414,0,398,7691,7816,7816
84532,0,197,3360,3404,3404
84535,0,0,4,4,4
84536,0,8,45,47,47
84601,0,208,6610,6697,6697
84604,0,303,5331,5418,5418
84606,0,171,4005,4066,4066
84660,0,236,6489,6581,6581
84663,0,206,6142,6229,6229
84664,0,92,945,978,978
84720,0,0,1,1,1
84737,0,18,407,411,411
84738,0,150,2486,2507,2507
84757,0,1,8,8,8
84758,0,0,25,25,25
84763,0,0,6,6,6
84764,0,5,126,127,127
84765,0,94,2073,2092,2092
84767,0,3,69,70,70
84770,0,518,12229,12340,12340
84775,0,0,17,17,17
84776,0,4,200,201,201
84779,0,0,4,4,4
84780,0,190,3479,3507,3507
84790,0,725,12812,12981,12981
20120,0,0,8,16,47
20121,0,0,0,5,11
20124,0,0,0,0,0
20147,0,1,1,1,1
20148,0,0,0,0,2
20151,0,0,5,5,16
20152,0,0,0,3,7
20164,12,32,48,52,60
20166,0,0,4,8,11
20170,0,0,0,0,8
20171,9,9,9,18,27
20190,8,10,14,17,18
20191,0,0,0,0,3
20194,0,0,0,0,2
22003,0,0,0,0,18
22015,12,18,24,29,35
22027,0,0,0,0,0
22030,0,0,0,0,0
22031,0,0,0,0,0
22032,0,0,0,8,19
22033,0,0,0,0,13
22039,0,0,0,0,0
22042,0,0,0,0,0
22043,0,0,0,5,9
22046,0,0,0,0,0
22066,0,0,0,0,0
22101,0,0,0,0,0
22102,0,0,0,7,12
22124,0,0,0,0,0
22150,0,0,0,0,0
22151,0,0,0,0,0
22152,0,0,0,0,0
22153,0,0,3,3,4
22180,0,0,9,13,18
22181,0,0,0,0,2
22182,0,0,0,0,32
22201,0,0,0,0,1
22202,0,0,0,0,1
22209,0,0,0,0,0
22314,0,0,0,0,0
22601,0,23,77,108,139
22602,0,0,0,20,25
22603,0,0,4,17,26
22620,0,0,0,0,0
22624,0,0,0,1,1
22630,0,0,0,0,0
22655,0,0,0,0,4
22656,0,0,1,2,5
22663,0,0,0,0,1
22801,0,0,0,33,75
22802,0,5,27,76,102
22812,0,0,0,0,0
22821,0,0,0,0,1
22827,0,0,0,0,0
22831,0,0,0,0,0
22832,0,0,0,0,0
22841,0,1,3,4,5
22846,0,0,0,0,0
22901,0,6,18,24,37
22902,0,0,0,0,13
22903,0,0,0,55,125
22911,0,0,0,0,0
22936,0,0,0,0,2
22939,0,0,2,2,3
22940,0,0,0,0,0
22947,0,0,0,0,0
22952,0,0,0,1,2
22980,0,0,0,0,0
23005,0,0,12,23,31
23030,0,0,0,0,0
23059,0,0,0,0,9
23060,0,0,0,0,29
23069,0,0,0,0,2
23075,0,0,0,12,28
23103,0,2,4,4,5
23111,0,0,0,0,0
23112,24,33,33,33,49
23113,0,0,0,0,15
23114,0,0,0,0,4
23116,0,0,0,0,0
23120,0,0,0,0,0
23146,0,0,0,0,0
23150,0,0,8,11,16
23219,0,0,0,11,23
23220,0,0,0,88,228
23221,0,0,8,12,12
23222,0,0,0,35,112
23223,0,0,0,0,92
23224,0,16,94,195,258
23225,0,0,13,40,67
23226,0,0,0,0,8
23227,0,0,0,22,54
23228,0,33,74,99,132
23229,0,6,6,11,22
23230,0,2,12,22,37
23231,0,0,54,129,182
23233,0,0,0,0,6
23234,0,0,9,38,104
23235,0,0,5,15,25
23236,0,0,0,0,24
23237,0,0,13,32,38
23238,0,0,0,0,0
23294,0,3,13,33,36
23314,0,0,0,0,0
23320,0,90,180,255,285
23321,0,0,0,20,40
23322,0,0,46,139,170
23323,0,0,0,0,0
23324,0,0,0,19,49
23325,0,0,0,5,24
23432,0,0,0,0,0
23433,0,0,0,0,0
23434,0,0,14,82,150
23435,0,0,0,26,70
23436,0,0,0,1,1
23451,0,0,31,41,112
23452,0,0,111,180,208
23453,0,0,0,31,82
23454,0,0,0,0,34
23455,0,0,0,0,55
23456,35,35,69,104,121
23457,0,0,0,0,0
23462,0,0,33,83,215
23464,0,0,0,0,0
23502,0,0,18,47,70
23503,0,0,7,90,152
23504,0,0,0,30,94
23505,0,0,0,0,0
23507,0,1,22,39,50
23508,0,0,11,50,76
23509,0,0,22,37,40
23510,0,0,0,4,15
23511,0,0,0,0,3
23513,0,22,87,94,108
23517,0,1,4,5,6
23518,0,0,8,39,70
23523,0,0,21,70,101
23601,0,0,0,22,52
23602,0,0,0,0,46
23603,0,0,0,0,0
23604,0,0,0,1,6
23605,0,0,0,34,61
23606,0,0,0,45,84
23607,0,62,145,234,303
23608,0,0,0,0,26
23651,0,0,1,1,2
23661,0,0,0,30,81
23662,12,29,33,33,42
23663,0,0,0,9,35
23664,0,0,0,0,0
23665,0,0,0,0,1
23666,0,0,0,71,127
23669,0,0,0,12,176
23692,0,0,0,0,16
23693,0,0,0,0,6
23696,0,0,0,3,4
23701,0,0,0,55,149
23702,0,0,0,0,42
23703,13,34,60,81,107
23704,0,0,32,123,220
23707,0,0,25,88,117
23801,0,0,3,9,9
23803,0,0,68,96,246
23805,0,0,0,0,0
23831,0,0,28,46,74
23832,0,0,62,86,117
23834,0,0,0,35,79
23836,0,0,0,0,4
23838,0,0,0,0,0
23842,0,0,1,1,1
23860,0,0,0,76,203
23875,0,0,0,0,6
23885,0,0,0,0,0
24011,0,0,0,0,2
24012,0,0,20,111,202
24013,0,0,0,18,49
24014,0,0,0,0,21
24015,0,0,0,0,5
24016,0,0,23,36,61
24017,0,0,0,0,52
24018,0,0,0,21,43
24019,0,0,0,0,0
24060,0,0,0,0,146
24073,0,0,0,9,43
24077,0,0,0,0,0
24101,0,0,0,0,0
24149,0,0,0,0,0
24153,0,0,0,0,79
24175,0,0,0,0,1
24179,0,0,0,0,15
24251,0,0,0,5,17
24258,0,0,0,0,1
24290,0,0,0,6,16
24366,0,0,0,0,0
24401,0,0,0,0,0
24431,0,0,0,0,1
24437,0,0,0,0,0
24440,0,0,0,0,0
24441,0,0,0,0,3
24467,0,0,0,1,4
24471,0,0,0,0,0
24477,0,0,0,0,2
24482,2,2,3,3,3
24486,0,0,0,0,0
24501,0,0,72,153,216
24502,0,0,0,83,154
24503,0,0,0,12,24
24504,0,0,22,60,87
24527,0,0,0,0,0
24538,0,0,0,0,1
24540,0,0,0,42,106
24541,0,0,0,27,82
24550,0,0,0,1,1
24551,0,0,0,0,12
24572,0,0,4,13,25
24586,0,0,0,1,2
24588,0,0,4,7,11
24605,0,0,0,10,18
24613,0,0,0,0,0
24635,0,0,0,2,6
5401,99,2994,5184,5226,5226
5403,42,2434,4218,4222,4222
5404,2,887,1545,1551,1551
5408,7,1249,2162,2173,2173
5446,6,504,884,887,887
5452,0,1926,3469,3486,3486
5482,0,11,19,19,19
5495,7,1047,1808,1821,1821
98001,0,0,0,0,23
98002,0,0,0,27,89
98003,0,0,0,39,117
98004,0,0,23,35,82
98005,0,0,0,0,35
98006,0,0,41,73,259
98007,0,0,0,7,30
98008,0,0,0,0,24
98010,0,0,0,0,0
98011,0,0,0,29,35
98012,0,0,0,0,0
98014,0,0,0,0,7
98019,0,0,0,0,38
98020,0,0,0,0,0
98021,0,0,18,18,106
98022,0,0,0,25,124
98023,0,0,0,64,115
98024,0,0,10,18,39
98026,0,0,0,0,0
98027,0,0,5,20,64
98028,0,6,17,52,63
98029,0,0,0,0,58
98030,0,0,22,52,52
98031,0,0,10,51,164
98032,0,0,8,46,77
98033,0,0,0,18,111
98034,0,0,0,11,65
98036,0,0,0,10,40
98037,0,0,0,7,54
98038,0,0,0,0,0
98039,0,0,0,0,0
98040,0,0,0,12,210
98042,0,0,0,12,75
98043,0,0,0,0,15
98045,0,0,0,0,4
98047,0,0,2,4,12
98051,0,0,0,0,2
98052,0,0,0,0,210
98053,0,0,0,6,12
98055,0,0,22,33,98
98056,0,0,0,0,146
98057,0,0,0,0,60
98058,0,0,0,11,138
98059,0,0,0,21,31
98065,0,0,0,0,62
98070,0,0,0,0,29
98072,0,0,0,0,6
98074,0,0,0,0,12
98075,0,0,0,0,80
98077,0,0,0,0,5
98087,0,0,0,7,43
98092,0,0,52,77,142
98101,0,0,0,0,3
98102,0,0,0,9,28
98103,0,0,0,0,0
98104,0,0,0,0,3
98105,0,0,0,0,90
98106,0,0,0,0,122
98107,0,0,0,0,26
98108,0,0,0,0,29
98109,0,0,0,13,25
98110,0,0,0,19,32
98112,0,0,11,27,33
98115,0,0,0,0,78
98116,0,0,0,0,0
98117,0,0,0,11,33
98118,0,0,0,0,80
98119,0,0,0,0,0
98121,0,0,0,1,2
98122,0,0,0,39,90
98125,0,0,0,0,8
98126,0,0,0,20,78
98133,0,0,0,0,69
98134,0,0,0,1,6
98136,0,0,0,10,15
98144,0,0,0,14,43
98146,0,0,0,16,70
98148,0,0,0,2,24
98155,0,15,31,46,62
98164,0,0,0,0,0
98166,0,0,0,7,172
98168,0,0,17,44,78
98177,0,0,0,0,0
98178,0,0,0,0,179
98188,0,0,17,35,64
98198,0,0,0,0,61
98199,0,0,0,6,26
98201,0,0,0,0,9
98203,0,0,0,10,52
98204,0,0,0,20,74
98208,0,0,0,0,0
98221,0,0,0,0,1
98223,0,0,0,7,64
98225,0,0,0,0,174
98226,0,0,0,0,129
98229,0,0,0,0,7
98232,0,0,1,1,1
98233,0,0,0,4,48
98258,0,0,0,14,56
98270,0,0,0,0,0
98271,0,0,0,6,19
98272,0,0,0,7,46
98273,0,0,0,0,43
98274,0,0,0,27,54
98275,0,0,0,0,0
98277,0,0,0,0,54
98284,0,0,0,4,17
98290,0,0,0,0,20
98294,0,0,0,1,3
98296,0,0,0,0,45
98310,0,0,0,0,66
98311,0,0,0,0,50
98312,0,0,0,8,155
98314,0,0,0,0,0
98315,0,0,0,0,1
98321,0,0,0,0,0
98323,0,0,0,0,0
98327,0,0,0,6,43
98332,0,0,0,5,32
98333,0,0,0,0,0
98335,0,0,0,0,12
98337,0,0,7,11,20
98338,0,0,0,0,11
98345,0,0,0,0,0
98354,0,0,0,7,13
98359,0,0,0,0,17
98360,0,0,0,0,0
98366,0,0,0,11,91
98367,0,0,0,0,40
98370,0,3,6,12,14
98371,0,0,0,0,41
98372,0,0,0,0,8
98373,0,14,14,21,78
98374,0,0,0,23,57
98375,0,0,53,89,107
98383,0,0,0,13,26
98385,0,0,0,0,0
98387,0,0,0,0,42
98388,0,0,0,0,8
98390,0,0,0,13,22
98391,0,15,30,61,106
98402,0,0,0,0,0
98403,0,0,0,4,11
98404,0,0,0,0,42
98405,0,0,0,0,0
98406,0,0,0,0,15
98407,0,0,0,0,0
98408,0,0,0,0,0
98409,0,0,0,0,45
98418,0,0,0,0,11
98422,0,0,0,0,15
98424,0,0,0,0,6
98433,0,0,0,0,10
98439,0,0,0,7,9
98443,0,0,0,0,20
98444,0,0,0,8,68
98445,0,0,0,10,51
98446,0,0,0,0,0
98465,0,0,0,0,2
98466,0,0,0,0,23
98467,0,0,0,7,26
98498,0,0,0,0,32
98499,0,0,0,35,99
98501,0,0,0,13,66
98502,0,0,0,18,84
98503,0,0,0,10,115
98506,0,0,0,0,35
98512,0,0,0,0,0
98513,0,0,0,18,46
98516,0,0,0,3,19
98604,0,0,0,9,36
98606,0,0,0,0,0
98607,0,0,0,0,29
98611,0,0,0,0,4
98626,0,0,0,0,0
98629,0,0,0,0,0
98632,0,0,36,72,109
98642,0,0,0,0,0
98660,0,0,0,0,25
98661,0,0,0,46,80
98662,0,0,0,21,93
98663,0,0,0,0,10
98664,0,0,0,7,13
98665,0,0,0,0,24
98671,0,0,0,0,6
98682,0,0,0,66,149
98683,0,0,0,0,0
98684,0,0,0,0,23
98685,0,0,0,0,0
98686,0,0,0,0,0
98801,0,0,11,101,190
98802,0,0,0,46,148
98828,0,0,0,0,0
98837,0,0,0,71,234
98901,0,0,5,29,91
98902,0,0,40,67,241
98903,0,0,0,0,0
98908,0,0,0,12,47
98922,0,0,0,0,0
98926,0,0,0,7,114
98937,0,0,0,0,3
98942,0,0,41,55,92
99004,0,0,0,3,26
99005,0,0,1,1,3
99016,0,0,17,58,76
99019,0,0,0,6,55
99021,3,3,5,8,16
99023,0,0,0,0,0
99025,0,0,0,0,0
99026,0,0,0,0,7
99027,0,0,0,0,7
99036,0,0,0,0,0
99037,0,0,14,24,38
99201,0,0,0,3,75
99202,0,0,5,77,134
99203,0,0,0,0,57
99204,0,0,0,0,6
99205,0,0,46,91,229
99206,0,0,0,22,134
99207,0,0,0,0,155
99208,0,0,15,74,295
99212,0,0,0,0,38
99216,0,14,36,80,94
99217,0,0,0,23,122
99218,0,0,0,0,23
99223,0,0,0,0,69
99224,0,0,0,18,43
99301,0,65,129,194,582
99320,0,0,0,1,3
99323,0,0,2,3,7
99336,0,41,108,176,339
99337,0,0,0,0,230
99338,0,0,10,20,159
99352,0,0,0,10,130
99353,0,0,22,31,135
99354,0,0,0,22,116
99403,0,0,0,0,71
