zip,panels_1_years_4000_incentive,panels_2_years_4000_incentive,panels_3_years_4000_incentive,panels_4_years_4000_incentive,panels_5_years_4000_incentive
99501,0,0,0,0,0
99502,0,0,0,0,0
99503,0,0,0,0,8
99504,0,0,0,15,23
99506,0,0,4,7,9
99507,0,0,0,0,0
99508,0,0,0,0,9
99515,0,0,0,16,27
99516,0,0,0,0,0
99517,0,0,0,0,0
99518,0,0,0,0,0
99701,0,0,0,0,0
99703,0,0,0,0,0
99709,0,0,0,16,32
99712,0,0,0,0,0
35004,0,0,0,0,0
35005,25,25,25,25,25
35007,110,110,110,110,110
35014,1,1,1,1,1
35020,213,213,213,213,213
35022,61,61,61,61,61
35023,48,48,48,48,48
35040,20,20,20,20,20
35043,0,0,0,0,0
35044,0,0,0,0,0
35051,0,0,0,0,0
35055,142,142,142,142,142
35057,4,4,4,4,4
35058,0,0,0,0,0
35061,3,3,3,3,3
35064,36,36,36,36,36
35068,2,2,2,2,2
35071,0,0,0,0,0
35072,0,0,0,0,0
35073,0,0,0,0,0
35077,4,4,4,4,4
35080,0,0,0,0,0
35094,15,15,15,15,15
35096,2,2,2,2,2
35111,13,13,13,13,13
35114,8,8,8,8,8
35115,3,3,3,3,3
35116,0,0,0,0,0
35117,38,38,38,38,38
35118,0,0,0,0,0
35124,54,54,54,54,54
35126,14,14,14,14,14
35127,17,17,17,17,17
35147,8,8,8,8,8
35150,83,83,83,83,83
35151,0,0,0,0,0
35160,38,38,38,38,38
35173,13,13,13,13,13
35176,1,1,1,1,1
35179,2,2,2,2,2
35184,0,0,0,0,0
35188,0,0,0,0,0
35203,17,17,17,17,17
35204,145,145,145,145,145
35205,46,46,46,46,46
35206,99,99,99,99,99
35207,121,121,121,121,121
35208,92,92,92,92,92
35209,24,24,24,24,24
35210,49,49,49,49,49
35211,253,253,253,253,253
35212,192,192,192,192,192
35213,44,44,44,44,44
35214,55,55,55,55,55
35215,298,298,298,298,298
35216,60,60,60,60,60
35217,166,166,166,166,166
35218,103,103,103,103,103
35221,64,64,64,64,64
35222,16,16,16,16,16
35223,26,26,26,26,26
35224,44,44,44,44,44
35226,69,69,69,69,69
35228,98,98,98,98,98
35233,40,40,40,40,40
35234,62,62,62,62,62
35235,37,37,37,37,37
35242,158,158,158,158,158
35243,11,11,11,11,11
35244,27,27,27,27,27
35401,484,484,484,484,484
35404,211,211,211,211,211
35405,213,213,213,213,213
35406,71,71,71,71,71
35444,0,0,0,0,0
35452,0,0,0,0,0
35453,14,14,14,14,14
35456,9,9,9,9,9
35463,0,0,0,0,0
35473,44,44,44,44,44
35474,2,2,2,2,2
35475,7,7,7,7,7
35476,83,83,83,83,83
35490,1,1,1,1,1
35601,63,63,63,63,63
35603,0,0,0,0,0
35611,60,60,60,60,60
35613,0,0,0,0,0
35614,1,1,1,1,1
35616,0,0,0,0,0
35630,144,144,144,144,144
35633,3,3,3,3,3
35634,0,0,0,0,0
35645,0,0,0,0,0
35660,34,34,34,34,34
35661,77,77,77,77,77
35671,0,0,0,0,0
35673,5,5,5,5,5
35674,0,0,0,0,0
35741,0,0,0,0,0
35748,0,0,0,0,0
35749,18,18,18,18,18
35750,0,0,0,0,0
35754,1,1,1,1,1
35756,12,12,12,12,12
35757,53,53,53,53,53
35758,200,200,200,200,200
35759,9,9,9,9,9
35761,11,11,11,11,11
35763,0,0,0,0,0
35773,2,2,2,2,2
35775,1,1,1,1,1
35801,49,49,49,49,49
35802,0,0,0,0,0
35803,50,50,50,50,50
35805,115,115,115,115,115
35806,35,35,35,35,35
35808,2,2,2,2,2
35810,23,23,23,23,23
35811,25,25,25,25,25
35816,144,144,144,144,144
35824,13,13,13,13,13
35901,64,64,64,64,64
35903,39,39,39,39,39
35904,36,36,36,36,36
35905,0,0,0,0,0
35906,0,0,0,0,0
35950,29,29,29,29,29
35951,12,12,12,12,12
35954,32,32,32,32,32
35956,2,2,2,2,2
35957,40,40,40,40,40
35976,17,17,17,17,17
35980,0,0,0,0,0
36020,10,10,10,10,10
36022,13,13,13,13,13
36025,14,14,14,14,14
36043,2,2,2,2,2
36054,42,42,42,42,42
36064,1,1,1,1,1
36066,72,72,72,72,72
36067,105,105,105,105,105
36079,0,0,0,0,0
36081,65,65,65,65,65
36092,15,15,15,15,15
36093,17,17,17,17,17
36104,131,131,131,131,131
36105,41,41,41,41,41
36106,23,23,23,23,23
36107,52,52,52,52,52
36108,295,295,295,295,295
36109,160,160,160,160,160
36110,67,67,67,67,67
36111,65,65,65,65,65
36112,0,0,0,0,0
36113,0,0,0,0,0
36115,0,0,0,0,0
36116,188,188,188,188,188
36117,189,189,189,189,189
36201,101,101,101,101,101
36203,63,63,63,63,63
36205,7,7,7,7,7
36206,30,30,30,30,30
36207,74,74,74,74,74
36250,0,0,0,0,0
36260,0,0,0,0,0
36265,38,38,38,38,38
36268,2,2,2,2,2
36277,3,3,3,3,3
36301,200,200,200,200,200
36303,131,131,131,131,131
36305,46,46,46,46,46
36312,0,0,0,0,0
36321,0,0,0,0,0
36322,15,15,15,15,15
36330,100,100,100,100,100
36345,22,22,22,22,22
36350,5,5,5,5,5
36351,0,0,0,0,0
36360,101,101,101,101,101
36362,16,16,16,16,16
36376,0,0,0,0,0
36509,16,16,16,16,16
36511,0,0,0,0,0
36523,3,3,3,3,3
36526,0,0,0,0,0
36527,39,39,39,39,39
36530,1,1,1,1,1
36532,187,187,187,187,187
36535,147,147,147,147,147
36541,9,9,9,9,9
36542,9,9,9,9,9
36544,41,41,41,41,41
36551,21,21,21,21,21
36555,4,4,4,4,4
36561,17,17,17,17,17
36567,27,27,27,27,27
36571,63,63,63,63,63
36572,7,7,7,7,7
36575,19,19,19,19,19
36576,12,12,12,12,12
36580,24,24,24,24,24
36582,154,154,154,154,154
36587,6,6,6,6,6
36602,11,11,11,11,11
36603,117,117,117,117,117
36604,105,105,105,105,105
36605,148,148,148,148,148
36606,61,61,61,61,61
36607,92,92,92,92,92
36608,160,160,160,160,160
36609,146,146,146,146,146
36610,185,185,185,185,185
36611,80,80,80,80,80
36612,45,45,45,45,45
36613,63,63,63,63,63
36617,43,43,43,43,43
36618,57,57,57,57,57
36619,59,59,59,59,59
36693,72,72,72,72,72
36695,321,321,321,321,321
36752,0,0,0,0,0
36801,52,52,52,52,52
36804,34,34,34,34,34
36830,229,229,229,229,229
36832,94,94,94,94,94
36856,0,0,0,0,0
36867,244,244,244,244,244
36869,191,191,191,191,191
36870,63,63,63,63,63
36875,0,0,0,0,0
36877,17,17,17,17,17
36879,0,0,0,0,0
71601,130,357,480,5752,6726
71602,0,61,326,5212,6048
71603,0,327,855,10742,12315
71837,0,0,0,5,6
71854,24,513,955,10062,11733
71901,0,91,333,4563,5949
71913,0,132,467,7688,9983
71956,0,0,0,6,8
71964,0,1,2,92,118
71968,0,0,1,33,43
72002,26,44,200,2929,3655
72007,0,46,89,1460,1742
72011,0,1,20,312,382
72012,0,52,129,2909,3435
72015,0,218,484,8127,9778
72019,0,84,307,4347,5470
72022,0,38,174,4453,5390
72023,0,36,452,9962,11795
72065,0,4,11,132,159
72068,0,0,0,13,15
72076,0,252,600,9479,11819
72081,0,2,11,290,338
72082,0,3,6,220,262
72086,0,11,76,1250,1485
72103,0,34,97,2542,3107
72113,0,35,353,5645,6766
72114,0,203,407,3147,3869
72116,0,119,337,4090,5068
72117,0,168,398,4426,5507
72118,0,100,270,4982,6155
72120,0,85,397,7397,9298
72135,0,2,21,212,263
72142,0,20,46,610,748
72143,0,107,257,5071,5888
72167,0,0,1,8,11
72176,0,27,101,1760,2072
72201,0,19,64,483,591
72202,0,106,239,2258,2794
72204,0,165,472,5983,7363
72205,0,89,358,4210,5130
72206,0,322,723,6938,8522
72207,12,32,259,1919,2399
72209,0,245,413,5370,6370
72210,0,57,129,2852,3513
72211,0,27,338,4189,5235
72212,0,53,400,2649,3379
72223,0,91,594,4113,5113
72227,0,99,254,1880,2315
72364,0,0,1,22,26
72376,0,0,0,2,2
72401,260,584,1169,13489,15972
72404,28,84,323,5818,6934
72411,0,0,0,31,36
72416,7,13,27,493,594
72417,0,0,0,53,63
72701,196,587,986,8035,8316
72703,0,165,667,7146,7378
72704,19,204,509,6093,6227
72712,43,470,1475,9980,10407
72718,0,11,44,351,368
72719,8,66,230,2637,2692
72730,0,26,51,1421,1441
72745,12,35,79,2419,2456
72753,0,0,0,1,1
72756,0,66,285,5827,6549
72758,9,219,797,8298,8595
72762,0,363,832,11245,11562
72764,37,321,678,12032,12180
72774,0,0,0,2,2
72801,0,183,338,4727,5441
72802,0,23,113,2143,2463
72834,5,23,48,940,1084
72837,0,0,1,14,16
72847,0,6,10,163,188
72858,0,4,17,272,310
72901,50,164,314,6738,7088
72903,25,174,431,7824,8173
72904,32,218,403,6017,6286
72908,0,54,178,4689,4897
72916,0,92,249,2211,2344
72921,0,6,20,335,355
72923,0,13,55,1574,1646
72941,0,1,5,111,115
72956,128,267,544,10132,10516
85003,0,432,2194,2223,2227
85004,0,399,1590,1627,1627
85006,49,1036,6934,7047,7047
85007,0,792,4819,4877,4877
85008,32,1257,10481,10555,10555
85009,148,1712,13320,13482,13482
85012,7,475,2190,2228,2228
85013,17,828,5543,5627,5627
85014,20,994,6580,6660,6660
85015,0,1189,8191,8232,8240
85016,61,1876,9967,10149,10149
85017,32,1163,7785,7912,7912
85018,0,2538,11652,11926,11926
85019,0,384,6653,6727,6727
85020,0,1808,10334,10449,10449
85021,28,1277,9149,9242,9242
85022,0,2042,14862,15027,15027
85023,30,1227,9770,9889,9889
85024,0,1320,7624,7709,7709
85027,0,1678,11936,12057,12057
85028,0,1649,7993,8123,8123
85029,61,1779,12038,12184,12184
85031,7,263,6874,6915,6915
85032,0,2874,20636,20823,20823
85033,0,616,12225,12312,12324
85034,41,648,3103,3166,3166
85035,0,346,9574,9612,9622
85037,91,1690,12908,13012,13012
85040,0,695,9337,9508,9508
85041,0,1198,17718,17897,17897
85042,0,984,12440,12604,12604
85043,40,523,9923,10034,10034
85044,13,1095,12373,12574,12574
85045,7,418,2236,2320,2320
85048,0,1550,11310,11599,11599
85050,11,2671,10374,10695,10695
85051,0,530,11202,11270,11270
85053,54,1196,8938,9010,9010
85054,16,244,1305,1329,1329
85083,19,1646,6204,6363,6363
85085,0,758,4088,4167,4167
85118,19,896,6113,6175,6175
85119,0,553,9935,10046,10046
85120,0,810,14064,14192,14206
85132,17,457,3280,3316,3316
85140,0,810,10509,10647,10658
85142,41,2207,20002,20411,20411
85143,53,571,13139,13272,13272
85201,0,490,10322,10395,10405
85202,19,481,9197,9272,9272
85203,31,626,10119,10263,10263
85204,0,889,16676,16794,16794
85205,0,998,16728,16914,16914
85206,0,662,14613,14716,14716
85207,0,1963,18715,19077,19077
85208,63,602,15654,15812,15812
85209,65,989,16019,16230,16230
85210,0,583,8855,8954,8963
85212,0,760,7309,7451,7451
85213,57,1078,11280,11486,11486
85215,50,1422,8233,8367,8367
85224,41,783,13567,13732,13732
85225,0,1217,20045,20288,20288
85226,13,1342,12366,12657,12657
85233,51,1206,12598,12829,12829
85234,0,1829,16132,16478,16478
85248,32,3055,15724,16012,16012
85249,0,2944,15541,16120,16120
85250,88,1372,7137,7298,7298
85251,21,1965,10408,10534,10534
85253,0,2809,8027,8378,8378
85254,17,3344,16253,16653,16653
85255,104,4718,16867,17265,17265
85256,2,322,1767,1793,1794
85257,10,1569,9422,9518,9518
85258,53,2606,10299,10563,10563
85259,0,2256,8361,8602,8602
85260,90,2656,12588,12794,12794
85262,38,2008,6017,6255,6255
85266,0,2060,6629,6870,6870
85268,62,1245,10216,10393,10393
85281,184,1734,10630,10847,10847
85282,0,940,14730,14894,14909
85283,121,965,11840,12045,12045
85284,0,1265,6945,7234,7234
85286,0,1540,13278,13494,13494
85295,54,1458,13246,13503,13503
85296,0,1450,14354,14647,14647
85297,0,1431,10322,10533,10533
85298,0,1931,12241,12607,12607
85301,0,893,12773,12941,12954
85302,75,743,10619,10759,10759
85303,0,354,8768,8839,8848
85304,0,1316,8682,8726,8726
85305,0,462,3242,3255,3255
85306,0,1138,7984,8073,8073
85307,0,388,2908,2917,2917
85308,161,4021,22630,22998,22998
85310,0,1679,7442,7563,7563
85323,0,1489,11520,11566,11566
85326,0,1786,15071,15147,15147
85329,2,23,152,154,154
85331,43,3219,14072,14462,14462
85335,22,1460,10805,10892,10892
85338,0,1826,12250,12361,12361
85339,41,2094,13282,13485,13485
85340,20,1782,9938,10059,10059
85345,269,2384,19015,19226,19226
85350,0,33,219,221,221
85351,119,1782,16816,16969,16969
85353,0,1404,10642,10717,10717
85355,8,749,4018,4075,4075
85363,2,291,2229,2246,2246
85364,161,2601,19920,20162,20162
85365,84,2041,13895,14092,14092
85367,69,1299,8574,8661,8661
85373,0,1184,8849,8902,8902
85374,73,2703,18047,18266,18266
85375,0,2119,16919,17056,17056
85377,2,58,228,234,234
85378,7,506,3405,3439,3439
85379,0,2226,14326,14456,14456
85381,8,1351,8352,8437,8437
85382,60,2568,14781,14915,14915
85383,0,3892,17668,17937,17937
85387,0,474,3548,3570,3570
85388,46,1427,9164,9266,9266
85392,0,1422,11063,11197,11197
85395,34,2210,11131,11335,11335
85396,3,579,3225,3278,3278
85607,35,1696,5701,5764,5764
85621,0,204,3168,3240,3240
85626,0,39,109,111,111
85648,0,86,2232,2254,2254
85658,0,829,3413,3454,3454
85701,10,381,1873,1907,1907
85704,70,1786,11596,11761,11761
85705,274,2219,14924,15183,15183
85706,103,1728,12790,12919,12919
85708,0,53,662,666,666
85710,0,2172,16896,17084,17084
85711,0,2008,13355,13476,13476
85712,61,1308,10119,10211,10211
85713,69,2062,13672,13852,13852
85714,0,752,4942,4972,4972
85715,0,1206,7178,7272,7272
85716,75,1618,10656,10785,10785
85718,57,2898,11148,11421,11421
85719,0,2127,11849,11993,12005
85730,51,1764,12681,12770,12770
85735,0,23,195,196,196
85736,0,1,15,15,15
85737,41,1493,8009,8148,8148
85739,0,15,74,75,75
85741,0,1432,11318,11352,11363
85742,30,2018,9921,10051,10051
85743,9,322,2182,2204,2204
85745,0,2215,12453,12642,12642
85746,38,1727,12478,12591,12591
85747,42,1375,8273,8339,8339
85748,0,1197,7556,7671,7671
85749,34,2036,8346,8474,8474
85750,31,2486,9997,10232,10232
85755,0,1535,7355,7421,7421
85756,7,951,7256,7315,7315
85757,7,327,2239,2268,2268
85901,31,716,3892,3927,3927
85929,12,328,1927,1948,1948
86001,135,1872,8280,8432,8432
86004,76,1402,6788,6905,6905
86005,0,11,55,55,55
86011,0,5,17,17,17
86040,0,227,2578,2607,2607
86301,20,2146,9978,10028,10028
86303,0,1117,4521,4571,4581
86305,26,1262,5173,5215,5215
86314,0,2775,13402,13482,13482
86315,9,337,1736,1750,1750
86323,0,621,3536,3551,3551
86325,0,3,13,13,13
86327,0,513,2132,2147,2147
86329,0,17,109,109,109
86336,84,1683,6908,7013,7013
86351,19,436,1844,1872,1872
86403,0,390,8759,8865,8874
86404,0,670,7449,7532,7532
86406,0,1148,11378,11447,11470
86434,0,0,1,1,1
90001,0,442,9709,9827,9827
90002,0,514,8313,8422,8422
90003,0,771,11534,11674,11674
90004,0,594,6504,6610,6610
90005,0,149,1711,1737,1737
90006,0,261,4452,4501,4501
90007,0,461,3915,4015,4015
90008,0,635,5983,6093,6093
90010,0,38,300,305,305
90011,0,564,12657,12798,12798
90012,0,157,1583,1596,1599
90013,0,100,538,557,557
90014,0,40,231,238,238
90015,0,239,1668,1707,1709
90016,46,781,9164,9285,9285
90017,0,65,552,562,562
90018,0,679,8158,8290,8290
90019,96,1094,10381,10625,10625
90020,0,133,1577,1606,1606
90021,0,256,1574,1623,1623
90022,55,568,10822,10942,10942
90023,0,318,7352,7426,7426
90024,0,588,3502,3633,3633
90025,14,712,4642,4746,4746
90026,0,1071,9732,9900,9900
90027,0,854,6492,6618,6618
90028,0,207,2076,2112,2112
90029,0,272,3687,3724,3724
90031,0,423,5707,5800,5800
90032,0,598,8029,8169,8169
90033,0,360,6228,6310,6310
90034,0,670,6897,6967,6967
90035,32,813,5146,5311,5311
90036,0,735,5430,5541,5541
90037,0,510,8290,8357,8365
90038,0,269,3150,3198,3198
90039,0,1091,6945,7161,7161
90040,0,218,3248,3308,3308
90041,0,760,5544,5675,5675
90042,0,813,9412,9565,9565
90043,0,1314,11644,11943,11943
90044,0,1166,15063,15354,15354
90045,0,1640,10181,10572,10583
90046,0,868,6699,6850,6850
90047,0,1019,12673,12905,12905
90048,0,788,4459,4611,4611
90049,0,1788,7915,8210,8210
90056,0,431,2523,2615,2615
90057,0,107,1413,1439,1439
90058,0,114,2083,2112,2112
90059,0,497,6881,6979,6979
90061,0,546,5705,5810,5810
90062,20,515,6496,6589,6589
90063,0,338,9063,9145,9145
90064,0,1258,6824,7035,7035
90065,0,1224,9048,9271,9271
90066,0,1757,11184,11494,11494
90067,0,38,207,212,212
90068,9,739,4575,4683,4683
90069,0,539,3310,3415,3415
90077,0,821,2787,2928,2928
90094,0,81,342,355,355
90201,0,515,13065,13171,13171
90210,28,1714,6573,6876,6876
90211,0,315,1667,1729,1729
90212,0,378,2024,2076,2076
90220,0,735,11367,11493,11505
90221,0,551,10105,10217,10217
90222,27,395,6615,6709,6709
90230,6,965,6041,6209,6209
90232,0,709,4002,4114,4114
90240,0,653,6327,6457,6457
90241,0,504,8940,8994,9003
90242,0,497,8305,8423,8423
90245,5,835,4905,5125,5125
90247,0,558,9144,9293,9293
90248,0,372,4213,4282,4282
90249,0,627,6995,7137,7137
90250,0,1168,16302,16450,16450
90254,0,1039,4912,5107,5107
90255,0,455,9798,9887,9887
90260,8,364,7639,7740,7740
90262,0,465,10726,10812,10812
90265,0,1376,5674,5935,5935
90266,0,2706,10825,11396,11396
90270,0,137,3475,3503,3503
90272,0,2139,7239,7693,7693
90274,0,2265,8721,9123,9123
90275,0,2933,13464,13995,13995
90277,0,1185,8170,8405,8405
90278,0,1761,10491,10850,10850
90280,0,674,15187,15310,15325
90290,0,312,1564,1626,1626
90291,0,1216,6450,6691,6691
90292,3,310,1624,1675,1675
90293,0,281,1787,1846,1848
90301,0,308,5744,5820,5820
90302,0,301,4723,4785,4785
90303,11,348,5255,5352,5352
90304,0,216,4452,4501,4501
90305,0,280,4371,4438,4438
90401,1,129,685,708,708
90402,23,926,3180,3341,3341
90403,0,624,2994,3106,3106
90404,0,477,3231,3307,3307
90405,0,1017,5341,5523,5523
90501,39,979,9551,9806,9806
90502,0,273,4564,4638,4638
90503,0,1161,9759,10019,10019
90504,0,985,8826,9025,9025
90505,0,1218,9727,9997,9997
90601,0,654,7924,8077,8077
90602,0,268,4799,4857,4857
90603,0,623,5889,6034,6034
90604,0,903,9293,9502,9502
90605,0,841,9460,9663,9663
90606,0,493,7504,7572,7579
90620,0,1053,12182,12558,12558
90621,0,399,6421,6552,6552
90623,0,485,4150,4332,4332
90630,0,1182,13013,13429,13442
90631,0,1260,16382,16785,16785
90638,0,1391,13207,13490,13490
90640,13,989,12797,13005,13005
90650,0,1400,21950,22217,22217
90660,0,1165,14071,14345,14345
90670,0,366,5953,6025,6025
90680,0,415,5847,5991,5997
90701,0,289,4078,4140,4140
90703,0,1947,14199,14623,14623
90706,0,999,15143,15359,15359
90710,12,445,5760,5860,5860
90712,0,964,9706,9935,9935
90713,0,1044,9084,9241,9241
90715,4,284,4230,4304,4304
90716,0,86,2377,2398,2398
90717,0,588,5534,5652,5652
90720,0,1036,6830,7211,7211
90723,0,325,9508,9584,9584
90731,0,1069,12034,12304,12304
90732,0,826,5567,5698,5704
90740,0,539,6035,6261,6267
90744,0,500,9698,9816,9816
90745,0,1232,12971,13262,13262
90746,0,966,8087,8235,8243
90755,0,253,2735,2788,2788
90802,0,250,2996,3057,3057
90803,0,888,8267,8461,8461
90804,0,306,5700,5775,5775
90805,0,895,17012,17219,17219
90806,0,443,7420,7502,7502
90807,33,911,8085,8284,8284
90808,0,1866,13243,13583,13597
90810,0,509,7724,7834,7834
90813,27,341,6618,6692,6692
90814,0,357,4073,4152,4152
90815,0,1437,11739,11991,11991
91001,0,1502,9098,9448,9448
91006,10,1385,9385,9685,9685
91007,0,761,7677,7858,7858
91008,0,100,497,517,517
91010,19,490,6207,6295,6295
91011,0,1568,5751,6048,6048
91016,0,1031,10318,10518,10518
91020,0,207,1508,1545,1545
91024,0,447,2925,3000,3000
91030,0,626,4384,4506,4506
91040,0,614,5550,5692,5692
91042,0,555,6192,6306,6306
91101,0,191,1365,1406,1406
91103,0,604,4695,4825,4825
91104,0,835,7203,7381,7381
91105,0,574,2575,2693,2693
91106,0,459,3790,3895,3895
91107,0,1424,9243,9490,9490
91108,0,992,3981,4186,4186
91201,0,393,4432,4468,4468
91202,0,487,4021,4099,4099
91203,0,169,1644,1672,1672
91204,4,139,1913,1934,1934
91205,21,337,4099,4161,4161
91206,0,536,4664,4779,4779
91207,0,360,2504,2553,2553
91208,0,556,3842,3940,3940
91214,0,1222,7676,7946,7946
91301,0,1530,7112,7393,7393
91302,8,1789,7368,7788,7788
91303,19,203,3177,3216,3216
91304,0,907,9591,9777,9777
91306,0,803,8799,8933,8933
91307,0,1108,7770,8019,8019
91311,0,1244,10125,10384,10384
91316,0,644,5021,5150,5150
91320,0,2160,13293,13920,13920
91321,0,649,6150,6295,6295
91324,0,661,6005,6109,6109
91325,0,837,6525,6652,6652
91326,0,1665,9946,10296,10296
91331,0,1050,17773,18063,18063
91335,52,968,12919,13089,13089
91340,0,546,7094,7194,7194
91342,0,1237,17372,17690,17690
91343,106,1021,10397,10642,10642
91344,0,1765,14253,14709,14709
91345,0,430,4444,4525,4525
91350,0,1248,9946,10159,10159
91351,0,675,8291,8435,8435
91352,0,965,10291,10490,10490
91354,32,1225,7808,8050,8050
91355,24,932,7970,8108,8108
91356,24,935,5937,6108,6108
91360,0,1515,12173,12615,12628
91361,0,1093,6873,7137,7137
91362,0,1911,10610,11110,11121
91364,0,1167,6957,7202,7202
91367,0,1135,8643,8874,8874
91377,0,715,3873,4107,4107
91381,0,898,4588,4779,4779
91384,0,4,31,32,32
91387,0,500,3689,3795,3795
91390,0,447,2755,2849,2849
91401,75,615,6707,6837,6837
91402,0,436,6960,7030,7037
91403,0,664,4350,4443,4443
91405,0,448,5889,5967,5967
91406,0,752,9226,9376,9376
91411,0,324,3243,3302,3302
91423,11,835,5524,5672,5672
91436,0,1048,4460,4636,4636
91501,0,342,3416,3454,3454
91502,2,99,1514,1528,1528
91504,0,786,6008,6149,6149
91505,0,1093,8581,8756,8756
91506,0,863,5576,5724,5724
91601,26,489,5157,5257,5257
91602,0,316,2961,3012,3012
91604,0,1046,5609,5771,5771
91605,0,706,9654,9801,9801
91606,0,521,6925,7038,7038
91607,0,446,4277,4369,4369
91701,0,1119,11853,12057,12057
91702,0,674,12345,12494,12494
91706,46,681,15383,15507,15507
91708,0,114,1786,1811,1811
91709,0,2620,19578,20018,20038
91710,0,1526,20836,21154,21154
91711,0,1400,9749,10051,10051
91722,0,598,8387,8541,8541
91723,0,301,4248,4304,4304
91724,0,500,7142,7243,7243
91730,0,1240,14885,15142,15142
91731,0,182,5299,5342,5342
91732,0,632,11107,11254,11254
91733,0,413,9075,9167,9167
91737,0,890,6884,7060,7060
91739,0,1582,9454,9757,9767
91740,0,513,6744,6840,6840
91741,9,1144,8840,9038,9038
91744,0,1091,16606,16791,16791
91745,0,1749,14167,14575,14575
91746,0,563,7252,7333,7333
91748,0,943,11471,11634,11658
91750,0,1205,10957,11250,11250
91752,0,665,8605,8754,8754
91754,0,754,8091,8265,8265
91755,0,442,5966,6045,6045
91761,0,863,14994,15160,15160
91762,0,807,12916,13033,13033
91763,0,329,8172,8237,8237
91764,0,466,10263,10325,10325
91765,0,1521,12411,12769,12769
91766,0,982,14054,14211,14225
91767,0,663,10213,10358,10358
91768,0,333,6589,6656,6656
91770,0,823,14245,14433,14433
91773,0,1103,9875,10128,10128
91775,0,797,6308,6476,6476
91776,63,538,7765,7907,7907
91780,0,1187,10113,10415,10415
91784,0,1576,8861,9172,9172
91786,0,851,12041,12138,12150
91789,0,1757,12800,13169,13169
91790,0,1014,10915,11149,11149
91791,0,773,8054,8211,8219
91792,0,421,5931,6021,6021
91801,0,682,9441,9594,9594
91803,0,519,6558,6651,6651
91902,23,5178,5709,5720,5720
91910,153,15789,17000,17051,17051
91911,150,15650,16581,16614,16614
91913,111,9203,10114,10134,10134
91914,16,3529,4058,4066,4066
91915,46,5941,6507,6527,6527
91932,70,5037,5336,5347,5347
91935,8,292,334,335,335
91941,60,9038,9922,9942,9942
91942,117,9138,9724,9753,9753
91945,59,7005,7374,7381,7381
91950,162,10156,10748,10792,10792
91977,202,12617,13467,13481,13481
91978,19,2559,2773,2776,2776
92003,14,1877,2044,2052,2052
92007,0,2807,3204,3207,3207
92008,25,7338,8174,8190,8190
92009,445,10218,12011,12035,12035
92010,104,4273,4713,4727,4727
92011,0,6312,7189,7196,7196
92014,0,4787,5795,5795,5795
92019,76,9919,10806,10839,10839
92020,149,11597,12390,12427,12427
92021,190,10342,11136,11159,11159
92024,360,14335,16331,16380,16380
92025,167,10171,11106,11150,11150
92026,118,12280,13109,13161,13161
92027,242,12419,13373,13480,13480
92028,31,7160,7844,7860,7860
92029,30,6661,7491,7491,7491
92037,106,10413,11808,11844,11844
92040,184,10673,11455,11489,11489
92054,86,8972,9536,9555,9555
92056,105,13913,14977,14977,14977
92057,143,13088,14259,14288,14288
92058,86,6853,7140,7161,7161
92059,1,34,36,36,36
92064,29,12937,14640,14684,14684
92067,0,1504,1839,1841,1841
92069,239,10442,11364,11375,11375
92071,168,14171,15257,15303,15303
92075,16,3375,3890,3902,3902
92078,131,11655,13066,13079,13079
92081,58,7551,8226,8234,8234
92082,4,854,938,938,938
92083,56,7480,7900,7932,7932
92084,194,11847,12893,12919,12919
92091,71,1200,1404,1415,1415
92101,38,2125,2333,2340,2340
92102,143,7943,8433,8441,8441
92103,115,6555,7197,7211,7211
92104,211,9345,10008,10048,10048
92105,130,11219,11775,11822,11822
92106,108,5498,6308,6321,6321
92107,70,7081,7748,7764,7764
92108,20,1413,1525,1530,1530
92109,131,10003,10886,10908,10908
92110,104,5941,6488,6521,6521
92111,151,10752,11540,11574,11574
92113,101,8726,9141,9187,9187
92114,199,15624,16501,16551,16551
92115,217,11190,11999,12059,12059
92116,42,7819,8328,8344,8344
92117,170,14024,15382,15443,15443
92118,107,5023,5650,5650,5650
92119,35,6435,7010,7017,7017
92120,109,8158,9097,9115,9115
92121,49,2282,2570,2583,2583
92122,301,5538,6222,6272,6272
92123,126,6782,7398,7420,7420
92124,55,6297,6788,6801,6801
92126,187,15381,16994,16994,16994
92127,48,10409,12077,12089,12089
92128,27,12108,13488,13502,13502
92129,272,11822,13590,13618,13618
92130,269,10680,12753,12791,12791
92131,99,8360,9873,9893,9893
92139,44,6912,7371,7386,7386
92154,122,14157,15239,15254,15254
92173,0,14,15,15,15
92201,0,850,17512,17707,17707
92203,0,1052,10969,11193,11193
92210,0,459,2623,2732,2732
92211,0,1360,15113,15468,15468
92220,0,509,10680,10832,10832
92223,0,1017,16713,16933,16950
92231,0,0,1,1,1
92234,0,1155,16202,16515,16515
92236,0,264,7938,7994,7994
92240,0,321,6213,6295,6295
92241,0,1,11,11,11
92243,0,656,11398,11514,11514
92249,0,1,9,9,9
92251,123,4107,4239,4260,4260
92253,0,1942,18241,18633,18633
92260,0,1432,14858,15269,15269
92262,0,1044,10832,11099,11099
92264,0,898,9028,9240,9250
92270,0,1532,9856,10223,10223
92274,10,783,797,801,801
92276,0,62,3277,3287,3287
92277,0,261,4773,4826,4826
92283,0,32,403,412,412
92301,0,246,5778,5842,5842
92307,0,710,11116,11273,11273
92308,0,694,12753,12882,12882
92311,0,561,6724,6833,6833
92313,0,148,3602,3609,3609
92314,0,334,4827,4900,4900
92315,0,117,1458,1486,1486
92316,0,343,8275,8351,8351
92320,0,142,3414,3459,3459
92321,0,66,385,399,399
92324,0,700,13263,13452,13452
92325,1,35,742,748,748
92333,5,404,673,674,674
92335,0,878,19345,19540,19540
92336,0,2324,22955,23424,23424
92337,0,589,10061,10162,10162
92342,2,115,2066,2091,2091
92344,0,331,4304,4356,4356
92345,0,1189,24528,24776,24776
92346,0,1070,15089,15303,15303
92352,0,154,1257,1280,1280
92354,0,538,5570,5683,5683
92358,0,0,13,13,13
92359,0,130,2694,2721,2721
92363,0,5,98,99,99
92373,0,1230,9626,9863,9863
92374,0,937,11523,11722,11722
92376,0,642,17214,17336,17336
92377,0,582,5558,5690,5690
92378,0,0,107,107,107
92386,0,13,169,172,172
92391,0,3,99,100,100
92392,0,911,15297,15436,15436
92394,0,566,8477,8571,8571
92395,0,776,13446,13595,13595
92399,0,1491,18246,18637,18637
92401,0,21,439,443,443
92404,0,697,12782,12911,12911
92405,0,346,6199,6306,6306
92407,0,989,14305,14523,14523
92408,0,270,3846,3917,3917
92410,0,355,9024,9097,9097
92411,0,230,5855,5896,5896
92501,0,415,5414,5525,5525
92503,0,1738,21864,22309,22309
92504,0,998,14862,15119,15119
92505,0,510,11207,11332,11343
92506,0,1642,14691,15038,15068
92507,0,799,11228,11411,11411
92508,21,1369,10015,10347,10347
92509,0,1044,19792,20093,20093
92518,0,55,747,758,758
92530,209,13433,13893,13935,13935
92532,0,482,6068,6173,6173
92543,0,753,11176,11393,11393
92544,0,779,14222,14438,14438
92545,0,713,15304,15490,15490
92548,0,74,2618,2634,2634
92551,23,289,7543,7611,7611
92553,0,720,16145,16358,16358
92555,0,888,10711,10930,10930
92557,0,727,13839,13993,13993
92562,444,16659,17706,17741,17741
92563,0,1774,17577,18102,18102
92567,0,327,3861,3940,3940
92570,0,886,16475,16726,16726
92571,0,789,13184,13384,13384
92582,0,393,5019,5096,5096
92583,0,294,9381,9485,9485
92584,0,1168,15718,15990,15990
92585,0,549,7372,7522,7522
92586,0,430,9686,9784,9784
92587,0,608,6268,6396,6396
92590,17,898,954,955,955
92591,12,946,11275,11552,11552
92592,472,22003,23608,23655,23655
92595,0,871,10924,11170,11170
92596,0,646,7928,8081,8081
92602,0,691,5004,5273,5273
92603,0,982,5168,5521,5526
92604,0,713,7346,7581,7589
92606,0,681,4417,4664,4664
92610,0,506,3148,3352,3352
92612,0,512,4259,4418,4418
92614,0,829,5606,5920,5920
92617,0,274,1527,1614,1617
92618,0,1191,7479,7948,7956
92620,37,2028,11562,12354,12354
92624,8,2310,2742,2756,2756
92625,0,898,5062,5384,5384
92626,0,986,11411,11740,11740
92627,0,1399,13994,14548,14562
92629,87,7208,8687,8739,8739
92630,62,13169,15447,15524,15524
92637,39,2923,3274,3281,3281
92646,0,1894,17669,18368,18368
92647,0,1187,13693,14145,14145
92648,0,1284,12206,12609,12609
92649,0,1025,10254,10681,10681
92651,21,8450,10327,10368,10368
92653,56,6600,7976,7984,7984
92655,0,179,1744,1807,1809
92656,11,9277,10780,10834,10834
92657,0,753,3474,3748,3752
92660,0,1835,9692,10311,10311
92661,0,336,1552,1667,1670
92662,0,197,1284,1366,1366
92663,0,1093,6329,6704,6704
92672,127,8886,10551,10583,10583
92673,0,7225,9040,9049,9049
92675,62,8773,10361,10392,10392
92676,0,12,80,85,85
92677,126,15007,17886,17976,17976
92679,26,6716,8731,8739,8739
92683,0,1818,20967,21616,21616
92688,48,7813,9502,9530,9530
92691,109,11354,13560,13614,13614
92692,71,11624,14056,14113,14113
92694,0,4656,5708,5737,5737
92701,0,234,5768,5856,5856
92703,0,539,10190,10346,10356
92704,0,812,14218,14479,14493
92705,0,1815,12123,12869,12869
92706,0,456,6448,6613,6613
92707,0,484,9874,10076,10076
92708,16,1380,15536,16066,16066
92780,0,741,10770,11058,11069
92782,0,672,5155,5416,5416
92801,0,485,9760,9889,9899
92802,0,404,6802,6962,6969
92804,0,1066,14431,14771,14771
92805,0,575,11484,11718,11730
92806,0,571,7617,7812,7820
92807,0,1395,10573,11060,11060
92808,0,764,5175,5419,5419
92821,0,1006,10824,11171,11171
92823,0,218,1225,1299,1299
92831,0,721,7090,7340,7362
92832,0,349,5328,5459,5459
92833,0,1177,11832,12249,12261
92835,0,897,6914,7239,7239
92840,0,635,10906,11140,11140
92841,0,500,7406,7573,7581
92843,0,398,8114,8280,8280
92844,0,263,3996,4103,4103
92845,0,564,5115,5317,5317
92860,0,1151,9981,10269,10269
92861,0,408,2098,2256,2256
92865,0,428,5530,5701,5701
92866,0,386,4030,4150,4154
92867,0,1132,11468,11921,11921
92868,0,243,4264,4321,4334
92869,0,1293,10086,10606,10606
92870,0,1350,13305,13745,13745
92879,65,748,10611,10839,10839
92880,0,2524,17381,18030,18030
92881,0,1272,8517,8835,8835
92882,0,1372,15491,15743,15759
92883,0,1289,9663,9993,9993
92886,0,2093,14982,15737,15753
92887,0,955,5987,6382,6382
93001,0,554,8942,9087,9087
93003,0,1204,14326,14634,14649
93004,0,782,8366,8607,8607
93010,0,1415,13419,13891,13891
93012,0,1195,10912,11284,11284
93013,0,736,5269,5489,5489
93021,32,1385,10181,10583,10583
93022,0,161,2362,2402,2402
93023,0,830,7428,7673,7673
93030,0,767,11403,11647,11647
93033,0,545,14208,14366,14366
93035,0,756,8438,8681,8681
93036,0,545,9379,9570,9570
93041,0,211,5071,5148,5148
93060,0,418,8044,8183,8183
93063,0,1611,15630,16113,16113
93065,0,1998,20502,21028,21028
93066,0,201,1224,1290,1290
93101,0,581,6614,6749,6756
93103,0,506,5363,5501,5501
93105,0,2676,7109,7225,7225
93108,0,1242,4990,5338,5343
93109,0,572,3581,3758,3758
93110,0,672,4925,5093,5093
93111,0,776,5489,5695,5695
93117,0,2885,8965,9129,9129
93202,0,23,703,711,711
93215,0,959,10032,10093,10093
93221,0,182,4266,4340,4340
93223,0,18,2494,2505,2505
93230,0,1994,19960,20121,20121
93235,0,13,371,374,374
93245,0,39,329,331,331
93247,0,184,3275,3342,3345
93250,3,222,2677,2704,2704
93257,0,651,17889,18088,18106
93267,0,36,760,772,774
93274,0,1990,20817,20985,20985
93277,0,848,16680,16951,16968
93291,0,1879,16673,16893,16893
93292,0,1127,11596,11714,11714
93301,26,601,4253,4326,4326
93304,0,1474,13319,13386,13386
93305,0,1157,9811,9900,9900
93306,50,1951,16493,16676,16676
93307,0,1605,20448,20550,20550
93308,0,1976,18042,18280,18280
93309,79,1431,15739,15914,15914
93311,14,2293,13915,14056,14056
93312,0,2760,19243,19476,19476
93313,0,1522,13626,13735,13735
93314,0,1630,8784,8891,8891
93401,0,3228,10283,10355,10355
93405,13,2288,6608,6736,6736
93420,0,3214,10328,10391,10391
93422,0,2468,8070,8127,8127
93424,1,85,237,240,240
93433,19,1332,4769,4803,4803
93444,0,1721,5454,5503,5503
93445,20,734,2426,2446,2446
93446,47,3611,11583,11712,11712
93449,50,1473,4510,4583,4583
93454,48,2385,9519,9596,9596
93455,44,4286,14511,14657,14657
93458,0,2389,9977,10027,10027
93465,2,815,2419,2444,2444
93534,0,702,10482,10642,10642
93535,66,1093,16269,16550,16550
93536,0,11123,19809,19949,19949
93543,0,22,662,668,668
93550,0,1194,17806,18114,18114
93551,49,1693,15917,16275,16275
93552,20,444,9962,10063,10063
93611,0,1468,12034,12230,12230
93612,0,636,9554,9621,9621
93616,0,49,577,580,580
93618,0,689,6887,6964,6964
93619,0,1347,7660,7793,7793
93625,20,332,1944,1990,1990
93631,0,497,4640,4697,4697
93635,0,792,10189,10292,10292
93636,6,97,611,620,620
93637,0,1046,9685,9773,9773
93638,0,685,9305,9381,9381
93646,0,0,1,1,1
93648,0,252,3118,3156,3156
93650,6,83,1006,1015,1015
93654,27,507,6804,6852,6852
93657,0,596,7817,7856,7856
93662,0,593,6697,6751,6751
93673,0,1,15,15,15
93701,0,301,2828,2865,2865
93702,0,915,10554,10650,10650
93703,0,836,8499,8620,8620
93704,0,1085,9141,9271,9271
93705,0,986,9286,9380,9380
93706,0,1465,10328,10518,10518
93710,0,796,7943,8047,8047
93711,0,1586,12737,12892,12892
93720,0,1811,14559,14721,14721
93721,0,164,1375,1389,1389
93722,0,2421,23048,23304,23304
93723,0,287,2142,2176,2176
93725,0,470,5899,5959,5959
93726,0,940,9883,10003,10003
93727,0,2095,18835,19044,19044
93728,10,644,5079,5151,5151
93730,4,883,4217,4303,4303
93737,0,21,216,218,218
93901,0,837,8218,8292,8292
93905,0,575,9494,9561,9561
93906,0,1145,13232,13325,13325
93907,0,290,2834,2871,2874
93908,2,480,2074,2118,2118
93923,0,1208,5592,5730,5730
93924,0,30,144,146,146
93933,19,648,6336,6413,6413
93940,0,1135,8643,8801,8801
93950,0,605,4652,4718,4718
93953,0,456,1901,1954,1954
93955,54,749,8922,9012,9012
94002,0,1859,6894,7108,7108
94005,0,295,1291,1327,1327
94010,12,3325,11513,11918,11918
94014,25,1118,8291,8401,8401
94015,0,1942,12148,12383,12383
94018,0,3,10,10,10
94019,0,1205,5507,5677,5677
94022,0,2537,6425,6686,6686
94024,0,2920,7310,7631,7631
94025,0,3142,10561,10910,10910
94027,0,1096,2741,2858,2858
94028,0,663,2082,2178,2178
94030,30,1272,5797,5952,5952
94037,0,184,679,699,699
94038,0,180,976,1002,1002
94040,0,1790,5967,6158,6158
94041,0,901,3085,3177,3177
94043,0,1917,6350,6507,6513
94044,0,2038,10594,10843,10843
94061,9,1763,8653,8911,8911
94062,33,2696,8012,8346,8346
94063,6,858,5888,6014,6014
94065,9,853,2764,2864,2864
94066,0,1742,9877,10058,10058
94070,29,3098,9276,9694,9694
94080,0,2944,15406,15704,15704
94085,0,1054,3773,3902,3902
94086,24,2235,7775,8024,8024
94087,42,4303,13491,13880,13880
94089,0,1325,5328,5471,5471
94102,0,99,1208,1253,1255
94103,0,283,2217,2353,2356
94104,0,3,55,56,56
94105,0,56,207,234,234
94107,0,529,3037,3308,3308
94108,0,56,643,667,669
94109,0,363,2972,3155,3158
94110,0,1541,10236,10995,10995
94111,0,36,223,242,242
94112,0,2042,14520,14985,14985
94114,0,947,5739,6225,6225
94115,0,475,3289,3514,3514
94116,0,1445,10281,10960,10960
94117,0,838,4480,4887,4887
94118,0,923,6438,6931,6931
94121,0,926,7936,8337,8345
94122,0,1483,10757,11396,11407
94123,0,704,3487,3849,3849
94124,0,818,6834,6995,6995
94127,0,1126,5748,6255,6255
94129,0,123,534,595,595
94130,0,29,320,335,335
94131,0,1122,5928,6509,6515
94132,0,664,4699,4849,4849
94133,0,378,2301,2373,2373
94134,0,1031,7289,7461,7461
94158,0,16,96,103,103
94301,4,1329,4108,4201,4201
94303,48,2330,9360,9669,9669
94304,1,198,692,710,710
94305,0,296,1172,1207,1207
94306,7,2217,6578,6795,6795
94401,0,971,6031,6148,6148
94402,0,1841,7002,7226,7226
94403,0,2302,9740,10030,10030
94404,0,1854,7160,7366,7366
94501,0,2469,13511,13844,13844
94502,0,1195,3906,4014,4014
94503,18,947,6024,6153,6153
94505,0,1219,5477,5600,5600
94506,0,2270,6643,6942,6942
94507,0,1993,5112,5342,5342
94508,0,35,357,362,362
94509,0,2156,18854,19064,19064
94510,0,1574,9089,9331,9331
94513,0,3349,18437,18794,18794
94514,0,1,8,8,8
94515,0,260,1784,1838,1838
94517,0,827,3752,3848,3848
94518,7,1310,7334,7499,7499
94519,12,929,6120,6194,6194
94520,0,716,6866,6942,6942
94521,25,1970,12092,12326,12326
94523,0,1841,9581,9837,9837
94525,1,188,1190,1219,1219
94526,0,3047,9966,10305,10305
94530,0,1610,7953,8158,8158
94531,0,1600,12020,12191,12191
94533,0,1999,19194,19407,19407
94534,77,2250,12615,12846,12846
94535,0,34,1161,1164,1164
94536,0,3576,15759,16148,16148
94538,39,2337,12596,12853,12853
94539,29,4614,13987,14524,14524
94541,0,1807,14253,14455,14455
94542,0,739,3440,3517,3517
94544,15,1862,15188,15373,15373
94545,0,1160,8524,8654,8654
94546,39,1945,12588,12884,12884
94547,0,1245,6255,6383,6383
94549,0,2716,8174,8498,8498
94550,0,3788,14922,15384,15384
94551,0,1918,11254,11495,11495
94552,13,1350,4145,4290,4290
94553,0,2481,14400,14679,14694
94555,0,2470,7901,8205,8205
94556,0,1336,4318,4494,4494
94558,0,2977,20480,20962,20962
94559,34,842,8474,8594,8594
94560,33,2471,10792,11069,11069
94561,0,1571,11826,11994,11994
94563,5,1793,4903,5133,5133
94564,0,741,5784,5878,5878
94565,0,2946,23077,23381,23381
94566,0,3326,11400,11753,11753
94568,0,3394,11465,11795,11795
94572,0,353,2771,2802,2802
94574,0,661,3398,3478,3478
94576,0,5,41,42,42
94577,13,1871,12637,12842,12842
94578,0,896,8045,8135,8135
94579,12,796,6109,6221,6221
94580,0,1052,7752,7894,7894
94582,0,3061,9278,9615,9615
94583,0,2671,9723,10003,10003
94585,0,847,8295,8395,8395
94587,0,3021,15685,16055,16055
94588,0,2157,7810,8061,8061
94589,0,752,8566,8635,8635
94590,0,1040,10543,10714,10714
94591,0,2234,16817,17039,17039
94592,2,71,638,650,650
94595,27,523,3716,3792,3792
94596,0,939,4416,4543,4543
94597,5,915,4652,4727,4727
94598,0,2221,7797,7997,7997
94599,0,140,1210,1228,1228
94601,0,1084,9039,9186,9186
94602,0,1588,8080,8270,8270
94603,46,471,7516,7584,7584
94605,0,2053,11671,11934,11934
94606,0,618,5800,5870,5870
94607,0,707,3949,4025,4025
94608,0,1124,5667,5800,5800
94609,0,767,4844,4918,4918
94610,6,1086,5428,5528,5528
94611,0,2311,8451,8712,8712
94612,0,176,1008,1031,1031
94618,0,1515,4796,4980,4980
94619,0,1286,7222,7347,7347
94621,43,749,7086,7194,7194
94702,0,827,4687,4783,4783
94703,5,825,4455,4560,4560
94704,2,335,1721,1774,1774
94705,0,919,3432,3545,3545
94706,0,886,4518,4615,4615
94707,0,1260,4357,4496,4496
94708,0,1168,3518,3649,3649
94709,0,287,1643,1681,1681
94710,0,437,2272,2325,2325
94720,0,67,236,243,243
94801,0,782,6880,6992,6992
94803,0,1215,7981,8111,8111
94804,22,1134,10925,11024,11024
94805,0,506,4685,4741,4741
94806,0,1164,12944,13075,13075
94901,0,1734,9993,10260,10260
94903,0,1645,8799,8979,8979
94904,0,764,3039,3156,3156
94920,0,1257,4094,4265,4265
94925,0,856,2814,2919,2919
94928,20,916,10073,10195,10195
94930,0,376,1987,2030,2030
94931,0,335,3327,3364,3364
94939,0,463,1713,1766,1766
94941,0,2327,7722,8052,8052
94945,0,1088,5764,5918,5918
94947,0,1234,6655,6840,6840
94949,0,884,5053,5199,5199
94951,0,343,2373,2414,2414
94952,0,2104,13843,14213,14213
94954,0,1479,12207,12431,12431
94957,0,216,624,652,652
94960,0,1051,4340,4474,4474
94965,3,537,2923,2977,2977
95002,0,96,545,554,554
95003,0,1323,7388,7601,7601
95004,0,5,19,20,20
95005,0,96,719,731,731
95006,0,59,423,430,430
95007,0,0,1,1,1
95008,12,2899,11620,11967,11967
95010,0,282,2955,2994,2994
95012,0,51,1383,1388,1388
95014,0,4905,14430,14968,14968
95018,0,143,896,916,916
95019,0,100,1576,1588,1588
95020,0,2405,12806,13001,13001
95023,24,2185,11831,11938,11938
95030,0,1564,4252,4402,4402
95032,0,2378,7633,7829,7829
95033,0,11,43,44,44
95035,0,4046,14800,15241,15241
95037,0,18,76,78,78
95039,0,3,39,40,40
95043,0,6,30,30,30
95045,0,0,2,2,2
95050,0,1929,8536,8737,8737
95051,24,3432,11804,12181,12181
95054,0,1375,4490,4606,4606
95060,57,2022,11190,11478,11478
95062,23,1744,11173,11471,11471
95064,3,70,366,379,379
95065,4,336,2053,2084,2084
95066,0,705,3818,3912,3912
95070,0,3664,10383,10693,10693
95073,3,499,2943,3012,3012
95076,0,1506,14282,14471,14471
95110,0,755,3355,3423,3423
95111,0,1504,11044,11155,11155
95112,0,1689,9872,10063,10063
95113,1,46,179,184,184
95116,0,1092,7558,7626,7626
95117,24,854,4632,4722,4722
95118,0,2054,8469,8659,8659
95119,0,678,2845,2897,2897
95120,0,4399,11825,12254,12254
95121,0,1827,8558,8742,8742
95122,0,1251,9089,9199,9199
95123,0,3141,15135,15475,15475
95124,30,4155,14379,14824,14824
95125,45,3654,14692,15055,15055
95126,13,1305,6172,6272,6272
95127,0,2340,13719,13942,13942
95128,0,1676,7749,7915,7915
95129,0,2623,9078,9320,9320
95130,0,1021,3554,3671,3671
95131,0,1602,6211,6396,6396
95132,40,2467,9739,9989,9989
95133,0,1246,5141,5283,5283
95134,0,567,1889,1954,1954
95135,43,1745,5220,5437,5437
95136,10,2028,9502,9647,9647
95138,5,1452,4744,4906,4906
95139,0,524,1854,1907,1907
95140,0,36,171,174,174
95148,0,2871,11076,11348,11348
95202,0,176,1132,1158,1158
95203,0,307,4618,4656,4656
95204,81,850,9993,10095,10095
95205,0,825,10760,10858,10858
95206,0,1363,17546,17670,17670
95207,23,1074,11513,11676,11676
95209,36,948,12020,12154,12154
95210,0,714,9243,9280,9280
95212,15,692,7593,7677,7677
95215,22,690,7075,7183,7183
95219,0,924,7478,7577,7585
95220,0,96,729,739,739
95231,0,53,1255,1260,1260
95240,12,838,11880,11988,11988
95242,25,951,8112,8202,8202
95258,0,148,1305,1325,1325
95301,12,953,11497,11637,11637
95307,0,419,11792,11948,11948
95316,9,188,2150,2165,2165
95319,0,0,5,5,5
95320,27,410,4417,4457,4457
95322,0,30,483,486,486
95326,0,203,3914,3982,3982
95328,0,42,1085,1096,1096
95330,0,540,3846,3913,3913
95334,0,1,24,24,24
95336,0,1222,14620,14752,14752
95337,0,1233,9455,9560,9560
95340,0,1285,11418,11580,11580
95341,0,645,8002,8050,8050
95348,52,763,8581,8667,8667
95350,0,752,15707,16011,16011
95351,0,502,12410,12561,12561
95354,0,434,8348,8501,8501
95355,0,1008,17364,17700,17700
95356,0,1282,10786,10961,10961
95357,0,572,5093,5155,5155
95358,0,696,8741,8802,8802
95361,0,1224,10075,10187,10187
95366,0,839,5604,5701,5701
95367,7,874,7362,7474,7474
95368,0,388,4272,4315,4315
95380,0,1042,12589,12716,12716
95382,0,769,11202,11477,11477
95388,0,230,3687,3716,3716
95389,0,5,58,59,59
95401,0,955,10722,10852,10852
95403,0,1247,12917,13101,13114
95404,0,1318,11503,11666,11666
95405,0,786,7013,7142,7142
95407,0,581,10860,10948,10948
95409,0,1234,9647,9814,9814
95436,0,115,1119,1135,1135
95439,0,65,448,460,460
95441,0,11,75,77,77
95442,6,276,1169,1209,1209
95448,19,891,6210,6357,6357
95452,2,173,642,666,666
95470,0,39,516,522,522
95472,0,1759,12174,12448,12448
95476,0,2201,14572,14869,14869
95482,0,584,7302,7384,7384
95492,0,1168,9182,9341,9341
95501,0,557,8754,8960,8978
95503,0,318,6398,6483,6489
95519,0,342,5282,5423,5423
95521,0,309,4555,4672,4676
95537,0,0,114,114,114
95564,0,1,41,41,41
95602,12,453,3983,4044,4044
95603,79,1044,9702,9850,9850
95605,0,295,3438,3473,3473
95608,0,1307,17796,18213,18213
95610,0,767,12038,12172,12172
95612,0,9,86,87,87
95616,0,1682,9179,9492,9492
95618,0,1401,7092,7289,7289
95619,0,76,1128,1136,1136
95620,0,4,40,41,41
95621,0,504,12710,12930,12930
95623,0,44,742,747,747
95624,0,1738,19876,20449,20449
95626,0,256,2158,2185,2187
95628,0,1295,13354,13795,13795
95630,0,3839,21456,21873,21873
95648,78,2317,19137,19468,19468
95650,0,1236,5582,5749,5749
95652,0,29,445,456,456
95655,0,173,1441,1494,1496
95658,0,374,3099,3143,3143
95660,0,250,9208,9283,9283
95661,0,902,7091,7214,7214
95662,0,1038,11565,11681,11681
95663,0,289,1430,1473,1473
95664,0,1,25,25,25
95667,12,555,6076,6169,6169
95670,0,885,15494,15810,15810
95672,0,343,1946,1984,1984
95673,0,334,6439,6557,6557
95677,0,1012,8445,8574,8574
95678,0,1126,12150,12260,12260
95682,0,1300,9298,9420,9420
95683,0,8,62,63,63
95687,0,1921,17705,17956,17956
95688,31,1550,10207,10384,10384
95691,0,1482,11728,11870,11870
95692,0,1,24,24,24
95695,0,743,9297,9400,9400
95703,0,6,58,59,59
95713,0,133,1491,1505,1506
95722,0,29,206,210,210
95742,0,800,4552,4645,4645
95746,0,2168,7862,8189,8189
95747,0,3117,20014,20506,20506
95757,0,1480,12447,12885,12885
95758,0,1494,18398,18947,18947
95762,85,3139,13787,14155,14155
95765,0,1662,10446,10736,10736
95776,0,655,6043,6129,6129
95811,0,106,1551,1588,1588
95814,20,111,1020,1040,1040
95815,0,309,6334,6437,6437
95816,0,247,3783,3864,3864
95817,0,211,3754,3831,3831
95818,28,828,5397,5507,5507
95819,0,646,5820,6031,6037
95820,0,587,11333,11483,11494
95821,0,630,9160,9396,9405
95822,85,1115,13941,14110,14110
95823,0,758,18195,18399,18417
95824,0,244,7083,7169,7169
95825,0,378,5698,5820,5820
95826,0,780,11344,11600,11600
95827,0,396,6375,6472,6479
95828,0,775,17264,17581,17581
95829,0,858,8833,9116,9116
95830,0,67,445,467,467
95831,0,1674,12984,13182,13182
95832,0,189,2839,2862,2865
95833,0,748,9377,9481,9481
95834,19,464,6293,6344,6344
95835,0,772,10645,10884,10884
95837,0,19,142,145,145
95838,0,466,9949,10111,10121
95841,0,200,5060,5132,5132
95842,0,243,8032,8121,8121
95843,0,945,12469,12595,12608
95864,0,947,8326,8674,8682
95901,25,532,8257,8323,8323
95917,0,1,29,29,29
95926,9,883,9159,9307,9307
95928,0,1008,9549,9675,9675
95938,0,7,97,98,98
95945,0,586,4590,4623,4623
95949,6,319,2051,2076,2076
95953,0,8,111,112,112
95959,2,90,612,621,621
95961,0,405,5830,5871,5871
95965,50,351,4966,5021,5021
95966,0,762,10373,10446,10446
95968,0,21,563,566,566
95973,10,1031,10052,10215,10215
95982,0,31,857,861,861
95991,23,843,11392,11542,11542
95993,0,1005,12255,12416,12416
96001,25,944,12176,12274,12274
96002,11,671,11260,11351,11351
96003,0,1264,16155,16385,16385
96007,0,528,8260,8378,8378
96008,0,17,161,165,165
96019,0,184,3198,3227,3227
96022,0,2,20,20,20
96062,0,2,26,26,26
96069,0,0,1,1,1
96073,0,166,1249,1277,1277
96087,0,8,89,90,90
96161,0,431,1801,1842,1842
80002,0,31,284,4284,4395
80003,0,9,393,9166,9325
80004,0,0,627,9171,9485
80005,0,0,1018,8692,9105
80007,0,0,573,2716,2965
80010,0,33,361,6536,6663
80011,0,21,417,10277,10402
80012,0,26,454,8519,8719
80013,0,176,1190,18975,19502
80014,0,41,360,6661,6790
80015,0,38,1808,18501,19232
80016,0,0,2557,13744,14764
80017,0,53,278,7394,7499
80018,0,0,272,3628,3706
80019,0,0,54,699,714
80020,0,15,1431,14634,15213
80021,0,34,535,8322,8581
80022,0,43,1020,13972,14274
80023,0,6,1096,5897,6296
80026,0,0,764,7988,8349
80027,0,9,1516,8403,9070
80030,0,41,160,3127,3181
80031,0,75,812,8974,9337
80033,0,64,437,6851,7021
80045,0,4,19,111,116
80108,0,0,76,343,374
80110,0,6,444,6265,6419
80111,0,23,1361,7265,7797
80112,0,8,799,7452,7739
80113,0,0,726,5897,6149
80118,0,0,1,3,3
80120,0,126,597,6377,6589
80121,0,42,926,5591,5955
80122,0,45,1025,8614,9010
80123,0,0,1147,11542,12025
80124,0,24,669,4570,4801
80125,0,0,31,180,192
80126,0,10,1892,9397,10105
80127,0,0,1528,12694,13324
80128,0,0,842,9996,10339
80129,0,68,968,7104,7472
80130,0,6,917,6100,6455
80132,0,54,1096,5644,6011
80133,0,2,19,300,304
80134,0,31,1984,14438,15186
80137,0,0,3,42,43
80138,0,18,1284,8530,8961
80202,0,4,51,381,401
80203,0,13,83,1354,1383
80204,0,38,495,5245,5413
80205,0,60,736,6334,6599
80206,0,37,560,3940,4118
80207,0,52,794,5446,5745
80209,0,34,869,5286,5624
80210,0,120,1529,8603,9165
80211,0,0,1024,6858,7229
80212,0,32,589,4271,4529
80214,0,19,325,4607,4741
80215,0,20,364,4865,5037
80216,0,0,302,3663,3749
80218,0,2,216,2121,2192
80219,0,128,700,11409,11631
80220,0,29,774,6886,7165
80221,0,19,573,9533,9650
80222,0,41,487,4891,5058
80223,0,35,449,4802,4977
80224,0,12,259,3807,3909
80226,0,39,389,7586,7765
80227,0,61,522,7421,7659
80228,0,0,731,8286,8561
80229,0,79,428,11092,11216
80230,0,5,260,1546,1637
80231,0,57,316,4654,4769
80232,0,73,428,5896,6067
80233,0,24,523,11947,12154
80234,0,25,411,6090,6214
80235,0,8,89,1459,1499
80236,0,3,272,3320,3423
80237,0,29,317,3572,3667
80238,0,0,1011,4821,5224
80239,0,17,297,8637,8742
80241,0,0,621,8782,9007
80246,0,18,105,1602,1632
80247,0,36,128,2081,2111
80249,0,38,338,7351,7486
80260,0,0,161,5298,5368
80301,0,11,681,5318,5544
80302,0,0,362,2331,2479
80303,0,10,729,4866,5171
80304,0,6,704,5348,5680
80305,0,34,605,3967,4259
80401,0,0,966,7821,8287
80403,0,20,740,4549,4853
80465,0,8,478,3846,4071
80503,0,0,44,471,498
80512,0,0,23,256,265
80514,0,0,12,252,257
80516,0,0,900,6222,6606
80521,0,96,555,7130,7337
80524,0,0,983,10452,10846
80525,0,73,1268,14006,14428
80526,0,121,954,11677,11978
80528,0,0,695,5414,5707
80534,0,8,128,1032,1087
80535,0,1,26,678,687
80537,0,0,642,12758,13086
80538,0,0,1106,15525,15926
80543,0,0,2,40,41
80547,0,2,139,729,795
80550,0,9,253,2960,3065
80601,0,71,520,10021,10215
80602,0,45,1597,10724,11301
80603,0,39,313,4192,4270
80620,0,42,308,5080,5185
80621,0,0,5,77,79
80631,0,115,575,11277,11449
80634,0,0,1052,17768,18131
80640,0,7,227,3522,3609
80642,0,0,11,88,93
80645,0,0,2,93,94
80817,0,240,7739,7955,8003
80829,0,15,327,344,347
80840,1,18,717,732,736
80902,0,37,1202,1223,1230
80903,0,38,240,3335,3414
80904,26,350,6105,6410,6487
80905,0,4,262,4141,4218
80906,0,612,8891,9417,9560
80907,0,111,640,7685,7851
80908,0,36,391,2430,2568
80909,0,138,526,9073,9212
80910,0,277,5948,6102,6139
80911,32,393,10289,10555,10650
80915,0,0,329,6341,6418
80916,0,271,8123,8411,8462
80917,0,23,277,7587,7687
80918,0,53,818,12904,13154
80919,0,577,8479,9038,9148
80920,0,48,1098,11730,12068
80921,0,23,954,5517,5828
80922,0,26,517,8599,8757
80923,0,35,394,8611,8760
80924,0,8,248,1835,1906
80925,0,22,661,685,691
80926,0,1,23,24,24
80927,0,1,45,329,341
80951,0,0,0,1,1
81001,0,436,8522,8789,8878
81003,5,232,4532,4689,4736
81004,0,346,7320,7589,7666
81005,0,341,10671,10946,11001
81006,0,120,4306,4421,4439
81007,0,281,6935,7209,7230
81008,0,187,3608,3721,3747
81022,0,0,1,1,1
81334,0,0,0,1,1
81401,0,0,0,8,8
81415,0,0,0,1,1
81501,0,145,429,6720,6859
81503,0,40,199,5603,5660
81504,0,0,504,9871,10042
81505,0,0,320,3865,3993
81506,0,24,309,3965,4054
81507,0,0,484,5328,5498
81520,0,10,247,3396,3448
81521,0,52,354,5069,5188
81526,0,2,23,341,348
6001,0,8,672,3571,3901
6002,0,17,375,5427,5586
6010,0,124,793,15054,15396
6013,0,8,204,1182,1266
6016,0,17,155,1998,2069
6019,0,1,14,137,145
6023,0,0,25,375,385
6026,0,9,158,1616,1671
6029,0,13,445,3999,4228
6032,0,23,527,4208,4430
6033,0,104,821,5294,5583
6035,0,0,171,1814,1899
6037,47,73,632,6244,6537
6040,0,99,610,7232,7522
6042,0,71,301,5294,5403
6043,1,3,60,613,639
6051,0,73,240,5066,5171
6052,0,37,140,1753,1817
6053,0,77,439,6713,6873
6060,0,0,22,181,191
6062,0,72,300,5027,5099
6066,0,61,421,6458,6676
6067,0,0,522,5104,5287
6070,0,0,455,2681,2875
6071,0,6,254,2794,2937
6073,0,0,194,899,984
6074,0,104,1089,7246,7743
6078,0,39,548,3552,3761
6081,0,2,24,307,314
6082,0,120,816,11405,11813
6084,0,6,79,505,545
6085,0,2,197,1630,1714
6088,0,6,61,1871,1892
6089,0,1,67,548,566
6090,0,0,23,115,125
6092,0,1,65,254,280
6093,0,4,166,1231,1292
6095,0,41,560,7863,8127
6096,0,48,253,3876,3973
6103,0,3,15,150,156
6105,0,28,105,1478,1532
6106,0,132,328,4687,4810
6107,0,40,727,3939,4256
6108,0,93,259,4706,4824
6109,0,42,760,8000,8279
6110,0,49,250,3356,3479
6111,0,173,692,8584,8957
6112,0,87,272,3209,3297
6114,0,110,275,4067,4164
6117,0,0,594,3010,3237
6118,0,82,432,6574,6752
6119,0,27,318,2520,2653
6120,0,34,140,1732,1790
6226,0,40,131,2587,2635
6237,0,0,9,138,142
6238,0,0,4,54,56
6241,0,0,2,41,42
6249,0,0,5,48,49
6250,0,10,70,572,598
6254,0,2,14,154,160
6255,0,3,40,765,780
6256,0,1,7,284,288
6260,0,25,106,1478,1510
6266,0,0,1,32,33
6268,0,23,83,484,527
6277,0,2,21,414,428
6280,0,0,1,28,29
6320,0,55,203,5404,5432
6330,0,0,15,291,296
6331,0,0,0,11,11
6334,0,3,13,162,169
6335,0,3,36,319,332
6338,0,0,0,1,1
6339,0,6,31,349,362
6340,0,84,402,6257,6426
6351,0,16,57,1329,1354
6355,2,3,83,805,838
6359,0,0,0,5,5
6360,0,110,331,6309,6446
6365,0,0,10,221,227
6370,0,1,2,40,41
6374,0,0,0,12,12
6375,0,1,35,522,535
6380,0,9,35,491,499
6382,0,34,140,1485,1532
6385,0,7,144,2274,2340
6401,0,79,269,4475,4572
6403,0,9,156,1474,1551
6405,0,32,725,7635,7909
6410,0,61,1078,6160,6580
6416,0,4,318,4023,4163
6418,0,27,260,3217,3284
6424,0,0,2,18,19
6437,0,0,57,377,403
6441,0,0,0,2,2
6444,0,0,0,24,24
6450,0,40,397,7771,8006
6451,0,67,333,5395,5489
6455,0,1,85,953,985
6456,0,3,12,59,64
6457,0,104,750,11036,11382
6460,0,69,936,10324,11307
6461,0,21,449,3718,4159
6468,0,8,547,3410,3681
6470,0,0,5,27,29
6471,0,0,164,1787,1855
6472,0,5,180,1461,1542
6473,0,0,732,6319,6958
6477,0,48,493,3440,3821
6478,0,3,283,2773,2912
6479,7,30,290,3097,3225
6480,0,11,218,2598,2731
6481,0,0,24,414,425
6483,0,25,283,3965,4123
6484,0,49,1092,9106,9574
6489,0,28,822,8762,9220
6492,0,172,1054,11691,12059
6510,0,11,43,239,270
6511,0,166,634,6568,7051
6512,0,92,593,7955,8239
6513,0,95,310,5430,5860
6514,0,91,377,5901,5980
6515,0,0,159,2401,2608
6516,0,0,537,10977,11801
6517,0,18,342,3234,3540
6518,0,23,325,3074,3206
6519,0,7,107,2149,2295
6524,0,6,197,1351,1446
6525,0,0,417,1839,2013
6604,0,89,232,3520,3783
6605,0,0,180,3291,3562
6606,0,125,588,8192,8770
6607,0,22,69,1336,1429
6608,0,19,100,1687,1862
6610,0,79,262,3467,3695
6611,0,0,1382,8061,8703
6612,0,2,147,601,663
6614,0,0,618,8428,9037
6615,0,0,283,4628,5071
6702,0,22,49,528,550
6704,0,102,316,5162,5285
6705,0,61,209,4966,5048
6706,0,22,128,3054,3088
6708,0,192,529,6610,6747
6710,0,61,155,1409,1450
6712,0,8,223,2602,2687
6716,5,14,357,4473,4670
6762,0,4,249,1918,2017
6770,0,46,531,7320,7628
6779,0,23,143,2413,2470
6782,0,1,5,38,40
6786,0,13,68,926,952
6787,0,0,0,5,5
6795,0,0,247,3290,3386
6798,0,0,7,84,87
6807,0,13,431,1587,1769
6820,0,0,1632,4657,5326
6824,15,73,1538,6350,6988
6825,0,63,715,4176,4657
6830,0,32,940,4828,5223
6831,0,8,998,3432,3868
6840,0,7,992,3102,3513
6850,0,10,458,3178,3393
6851,0,11,543,5175,5384
6853,0,0,339,1088,1219
6854,0,58,368,4198,4370
6855,0,8,180,1798,1853
6870,0,7,446,1537,1714
6878,0,12,534,1381,1625
6880,0,77,1653,5462,6036
6890,0,4,306,1075,1200
6897,0,0,28,91,103
6901,0,8,35,334,345
6902,0,63,841,8558,8847
6903,0,3,612,2214,2477
6905,0,45,481,3856,4037
6906,0,25,240,1764,1859
6907,0,39,280,1623,1710
19701,0,22,717,10580,11010
19702,0,44,421,10760,11048
19703,0,3,65,1428,1466
19706,0,2,23,583,592
19707,0,0,656,4133,4550
19709,0,0,3,30,32
19711,0,0,735,9323,9744
19713,0,29,372,6959,7102
19720,0,0,560,16600,16905
19732,0,0,2,15,17
19801,0,0,200,2882,2962
19802,0,0,247,4440,4541
19803,0,0,643,5527,5960
19804,0,0,232,5964,6068
19805,0,0,472,8522,8679
19806,0,33,189,1945,2031
19807,0,0,361,2189,2439
19808,0,0,559,10752,11132
19809,0,10,232,3140,3245
19810,0,31,549,5854,6209
19901,0,73,375,8972,9119
19904,0,0,193,7910,7999
19931,0,0,1,36,37
19933,0,0,0,2,2
19934,0,48,174,3585,3703
19936,0,0,1,25,26
19940,0,0,16,638,647
19943,0,0,20,718,732
19946,0,0,9,322,329
19956,0,7,64,1285,1310
19962,0,18,74,3028,3074
19973,0,13,184,3083,3159
19979,0,0,9,328,334
19980,0,0,0,89,89
32003,0,64,201,994,6838
32009,0,0,10,25,133
32011,0,0,0,2,31
32043,18,58,89,200,2924
32065,0,11,210,507,8414
32068,0,125,334,709,8665
32073,0,62,211,547,9508
32080,0,108,350,659,6233
32081,8,33,244,692,2948
32082,0,84,422,1488,7607
32084,0,0,109,430,5345
32086,0,0,136,332,6443
32092,0,0,61,311,2610
32095,0,1,8,25,169
32110,0,29,56,91,997
32114,0,122,414,665,6228
32117,0,9,199,459,6827
32118,0,0,137,280,4448
32119,0,57,206,349,5528
32124,0,0,8,66,1262
32127,0,204,384,659,9292
32128,0,44,162,347,5689
32129,0,31,153,329,5968
32132,0,0,46,123,2744
32136,0,0,146,300,2922
32137,0,53,403,1174,13194
32141,0,0,29,168,5802
32159,129,168,361,581,12686
32162,122,365,1003,1581,29795
32163,0,37,162,333,3886
32164,0,33,247,823,12729
32168,10,115,324,438,7892
32169,0,0,98,421,3693
32174,0,149,597,1101,14369
32176,0,0,158,551,5651
32179,0,2,4,9,256
32195,0,1,4,8,309
32202,0,1,27,46,588
32204,0,30,95,208,1695
32205,0,0,164,500,6324
32206,0,191,419,540,5024
32207,0,68,400,752,7860
32208,0,78,421,637,7822
32209,0,229,541,791,8259
32210,0,0,472,1011,13530
32211,0,0,87,346,6361
32212,0,1,3,4,386
32216,0,0,430,714,8251
32217,0,0,123,379,4205
32218,0,0,386,929,11513
32219,0,0,105,185,3123
32220,0,44,141,219,3821
32221,0,0,188,460,7599
32222,0,14,46,107,2812
32223,0,0,270,580,6153
32224,0,10,203,783,7659
32225,0,16,280,1020,13050
32226,0,0,153,394,3554
32227,0,3,15,24,435
32233,0,6,172,428,5018
32244,0,219,422,793,13472
32246,0,0,295,661,11264
32250,28,114,502,1118,7458
32254,0,54,244,385,3692
32256,0,90,179,647,7971
32257,0,11,320,780,8501
32258,0,0,85,541,7274
32259,0,0,457,1713,10133
32266,2,7,57,215,1949
32277,0,29,165,358,5718
32301,0,0,149,317,3746
32303,0,43,277,545,6895
32304,0,112,427,626,4046
32305,0,0,55,139,2419
32308,0,41,114,307,3707
32309,0,18,219,538,4555
32310,0,57,150,209,1713
32311,0,0,86,309,3398
32312,0,0,265,703,5045
32317,0,3,110,330,2523
32333,0,0,0,0,4
32401,0,88,272,490,6066
32403,0,0,8,27,838
32404,0,125,324,574,12155
32405,0,20,167,471,8817
32407,0,13,129,316,3884
32408,0,30,210,450,6678
32409,2,17,40,65,1701
32413,0,98,236,738,8732
32444,0,0,109,292,6027
32459,0,16,129,305,2301
32466,0,10,50,107,1135
32501,0,48,203,402,3321
32502,0,35,112,165,1639
32503,0,0,172,675,9154
32504,0,0,199,462,6676
32505,0,84,308,410,8063
32506,0,89,390,724,9495
32507,0,39,273,732,8072
32508,0,3,10,17,365
32514,0,0,197,532,9700
32526,0,0,91,390,11111
32531,0,0,0,1,13
32533,0,70,256,617,9788
32534,0,0,82,199,5010
32536,0,15,53,161,2147
32539,0,21,50,103,2540
32561,0,0,1,3,20
32570,0,0,119,525,8015
32571,0,11,156,536,8852
32577,0,0,0,1,7
32583,0,43,103,283,4381
32601,0,19,246,393,2442
32603,0,32,120,194,529
32605,0,0,92,296,3950
32606,0,80,225,456,3822
32607,0,68,250,421,3126
32608,0,125,618,1060,7807
32609,0,27,89,167,2457
32615,0,0,79,211,3227
32617,0,5,24,47,553
32618,0,10,30,57,741
32640,0,0,0,0,1
32641,0,60,163,256,2895
32653,0,0,226,417,4219
32667,0,0,0,0,2
32669,0,0,21,77,885
32701,0,52,161,303,4604
32702,0,0,3,4,38
32703,0,100,514,956,13845
32707,0,174,315,565,7664
32708,0,70,449,983,9691
32709,0,3,7,13,141
32712,0,76,789,1396,14535
32713,0,0,33,349,6522
32714,30,111,267,423,7206
32720,0,111,311,697,7155
32724,0,55,237,483,7097
32725,0,65,178,581,12702
32726,0,34,190,361,6666
32730,0,19,32,69,1216
32732,0,0,0,0,1
32735,5,11,22,52,1556
32736,0,0,6,79,775
32738,0,0,177,606,9905
32744,0,3,12,34,784
32746,0,0,306,777,7449
32750,0,16,153,573,5774
32751,13,82,389,722,5972
32754,0,31,60,151,1885
32757,0,112,379,646,8370
32759,0,1,34,54,435
32763,0,0,124,373,4684
32764,0,0,8,24,369
32765,0,0,629,1667,11718
32766,0,39,236,782,3767
32771,0,0,236,932,9679
32773,0,16,122,390,5773
32776,0,0,42,165,2585
32778,0,98,220,497,7974
32779,0,33,460,841,6127
32780,0,0,276,592,11344
32784,0,17,72,124,1798
32789,0,17,418,1306,7141
32792,0,237,872,1209,11976
32796,0,0,53,265,6487
32798,0,0,30,59,1488
32801,0,39,106,193,1272
32803,0,50,299,747,6791
32804,0,21,503,964,6490
32805,0,62,296,518,5967
32806,0,42,489,1011,8058
32807,0,0,227,464,8902
32808,0,117,481,951,11426
32809,14,151,339,540,7001
32810,0,162,358,562,8266
32811,0,119,219,411,6511
32812,44,115,353,742,8548
32814,0,3,102,248,1442
32817,0,39,343,765,7195
32818,0,202,427,787,10973
32819,0,91,600,1109,8624
32820,0,0,77,287,2466
32821,0,24,120,220,4688
32822,86,245,441,833,11980
32824,0,0,330,559,12413
32825,0,0,540,895,16375
32826,0,41,259,538,5176
32827,13,58,330,684,3842
32828,0,166,482,1180,12460
32829,5,26,174,353,5102
32830,0,0,0,1,19
32832,0,0,248,528,5006
32833,0,14,85,179,2428
32835,0,0,377,711,8426
32836,0,0,566,1099,6208
32837,0,27,341,872,13325
32839,0,177,348,539,6653
32901,0,59,210,395,7089
32903,0,0,184,464,3973
32904,0,23,226,644,9472
32905,0,0,142,285,6457
32907,0,0,94,471,13276
32908,0,9,22,87,3796
32909,0,0,182,467,9709
32920,0,14,70,145,1978
32922,0,74,191,349,4488
32925,0,0,12,27,264
32926,0,28,185,369,7944
32927,0,52,177,604,8752
32931,0,25,168,416,3541
32934,0,82,285,666,5628
32935,0,43,186,559,12305
32937,0,0,278,814,7689
32940,0,0,258,773,8108
32949,1,4,41,95,900
32950,0,8,44,140,1764
32951,0,41,227,427,4257
32952,0,0,285,797,6925
32953,0,81,279,730,7531
32955,0,154,405,741,11745
32958,0,7,18,41,777
32960,0,0,215,439,6512
32962,0,0,166,332,8041
32963,0,0,500,1523,6101
32966,0,65,312,493,5905
32967,0,0,191,437,4877
32968,0,0,91,305,4622
33004,0,8,194,388,3133
33009,0,19,321,562,4630
33010,0,87,244,402,6624
33012,0,0,256,640,9600
33013,0,73,268,455,6736
33014,0,42,120,316,5927
33015,0,0,166,593,9989
33016,39,98,157,326,5520
33018,0,23,287,757,9556
33019,0,0,124,346,2449
33020,0,0,173,541,8210
33021,0,97,230,873,9207
33023,0,37,442,718,13567
33024,0,210,706,1278,14339
33025,0,132,405,658,7683
33026,0,0,254,618,5860
33027,0,0,634,1611,9786
33028,0,30,239,681,5288
33029,0,0,246,1353,9825
33032,0,14,35,66,1029
33033,0,0,0,0,8
33054,0,70,258,406,6617
33055,0,46,279,592,9786
33056,0,18,268,434,7687
33060,8,185,361,570,6241
33062,0,10,165,479,3653
33063,0,66,192,330,4974
33064,0,0,405,1074,11423
33065,0,0,85,188,3405
33066,0,16,70,134,1334
33067,0,0,1,5,30
33069,0,13,92,191,2481
33071,0,0,68,185,1967
33073,0,0,1,2,29
33109,0,0,12,36,66
33122,0,1,8,13,289
33125,0,78,306,463,6485
33126,0,0,82,217,4990
33127,0,0,169,345,5351
33128,0,10,18,25,458
33129,0,12,93,154,1416
33130,0,0,55,174,1495
33131,0,0,11,28,126
33132,0,0,11,27,231
33133,0,0,324,943,5737
33134,0,98,305,1043,7865
33135,0,52,225,351,4439
33136,0,49,96,135,1195
33137,0,28,127,261,2096
33138,0,38,293,592,5198
33139,0,37,161,316,2506
33140,0,0,200,520,2559
33141,0,0,132,228,3062
33142,0,59,375,704,9843
33143,0,0,568,1128,6265
33144,0,13,161,334,5432
33145,0,92,325,579,5756
33146,0,0,212,774,2956
33147,0,61,461,825,10161
33149,0,0,141,370,1302
33150,0,93,279,478,5150
33154,0,22,125,313,1759
33155,0,107,520,1012,10937
33156,9,185,629,1813,7243
33157,0,36,462,1253,9829
33158,0,2,153,423,1689
33160,0,20,115,256,1913
33161,0,0,265,539,7678
33162,0,10,211,442,8151
33165,0,40,404,780,11152
33166,0,105,190,543,5407
33167,0,51,152,285,3816
33168,0,0,76,221,5876
33169,0,0,177,353,7180
33170,0,16,33,59,795
33172,0,12,87,144,2574
33173,0,0,235,571,5482
33174,0,37,138,262,3836
33176,0,72,443,1061,8460
33178,0,4,156,351,3540
33179,0,0,127,368,5601
33180,0,8,110,302,2056
33181,0,20,54,140,2057
33183,0,0,0,1,7
33185,0,0,1,2,15
33189,0,0,43,195,5091
33190,0,13,58,133,2226
33301,0,0,73,310,2348
33304,0,0,162,487,3237
33305,0,0,168,443,2780
33306,0,2,53,149,882
33308,0,31,176,641,4622
33309,0,70,112,307,5179
33311,0,113,356,889,12189
33312,0,30,313,1013,11127
33313,0,0,159,453,6444
33314,0,30,200,393,4595
33315,0,0,114,370,3170
33316,0,26,109,348,2392
33317,0,21,295,726,7963
33319,0,28,83,166,2956
33321,0,0,0,0,5
33322,0,0,171,446,6898
33323,0,6,85,538,4148
33324,0,67,260,703,7080
33325,0,0,269,672,6728
33326,0,0,77,763,5608
33327,0,0,266,1075,4445
33328,26,43,300,832,6244
33330,0,0,252,756,3677
33331,0,30,163,1013,5230
33332,0,0,91,483,2519
33334,0,9,261,523,6676
33351,0,0,59,113,3373
33401,0,0,158,398,3766
33403,0,0,51,119,2737
33404,0,78,439,750,6789
33405,0,83,422,664,5470
33406,0,60,227,440,5338
33407,0,164,344,547,6323
33408,0,0,197,531,3967
33409,0,30,159,250,4914
33410,0,0,256,1098,8105
33411,0,11,65,138,1363
33412,0,0,10,33,262
33413,0,5,72,148,2109
33415,0,51,159,341,5819
33417,0,17,144,305,4476
33418,23,152,654,1705,8969
33426,0,7,112,276,5248
33431,0,0,213,536,3779
33432,0,83,231,637,3381
33433,0,0,238,576,5598
33434,0,23,108,272,2223
33435,0,92,302,559,7211
33436,0,14,362,849,10999
33437,0,26,80,169,2059
33441,0,121,287,561,4823
33442,0,6,155,323,4640
33444,0,119,196,493,4661
33445,0,50,250,601,6562
33446,0,0,4,11,79
33455,0,36,347,713,7064
33460,0,28,149,372,7396
33461,0,77,290,435,6905
33462,0,0,183,624,7551
33463,0,23,263,675,9137
33467,0,0,5,9,87
33469,0,0,0,0,4
33472,0,17,45,118,1142
33480,0,0,174,637,2189
33483,0,0,130,511,3014
33484,0,19,112,232,2991
33486,0,78,319,866,5120
33487,0,40,124,337,2241
33496,0,0,94,288,1222
33510,0,53,137,311,6541
33511,0,150,531,845,11825
33523,0,0,0,0,4
33527,5,102,199,441,4138
33534,0,22,102,159,3806
33543,0,54,385,1108,7369
33544,0,7,146,422,3592
33545,0,0,0,0,3
33547,0,37,244,700,4308
33548,9,25,211,437,2047
33549,0,34,199,609,5514
33556,0,18,844,1802,8032
33558,0,56,605,1216,6492
33559,0,88,190,411,3688
33563,0,72,181,260,6408
33565,0,27,118,228,3953
33566,0,0,76,369,5456
33567,0,4,37,81,1730
33569,0,0,292,658,6990
33570,0,29,96,192,4017
33572,0,31,342,909,6601
33573,0,37,238,531,7848
33578,0,189,467,783,10972
33579,0,28,285,617,8105
33584,8,134,276,559,7001
33592,0,17,57,164,2083
33594,0,0,275,791,9897
33596,0,29,234,741,8089
33598,0,0,66,176,2868
33602,0,0,84,290,1867
33603,0,46,166,400,4915
33604,0,19,328,656,8391
33605,0,57,278,462,5360
33606,0,52,263,654,3478
33607,0,0,279,587,6190
33609,0,0,240,689,4395
33610,0,133,399,707,8891
33612,0,293,565,808,8832
33613,0,145,347,527,5000
33614,0,97,325,519,9337
33615,0,0,302,701,10396
33617,0,83,368,588,8035
33618,0,71,315,655,6821
33619,0,0,214,557,9243
33624,0,109,278,688,10361
33625,0,0,161,376,6537
33626,0,94,751,1562,7931
33629,0,27,494,1325,5306
33634,0,61,86,367,5353
33635,0,19,145,344,4183
33637,0,40,87,120,3208
33647,0,0,407,1531,13583
33701,0,58,252,689,3076
33702,10,210,545,1693,9299
33703,0,18,649,1887,8327
33704,0,0,486,1370,5346
33705,0,132,453,1525,8003
33706,6,57,522,1482,5992
33707,0,159,511,1440,8120
33708,0,93,385,1138,5981
33709,0,217,407,1386,8462
33710,0,100,512,1597,12142
33711,0,111,289,1007,5400
33712,0,136,467,1363,7283
33713,0,45,395,1725,10992
33714,19,89,228,841,6227
33715,0,19,130,381,1764
33716,0,25,87,324,2183
33755,0,138,401,1216,7058
33756,18,190,525,1631,8769
33759,0,79,247,777,4498
33760,0,60,168,622,3630
33761,98,129,324,1077,5932
33762,0,8,153,460,2521
33763,0,63,186,566,4111
33764,27,242,565,1570,8674
33765,38,71,218,750,4063
33767,0,0,200,509,1902
33770,0,124,379,1327,8027
33771,81,243,365,1235,9955
33772,0,111,420,1431,8330
33773,0,177,428,1307,7188
33774,0,66,217,981,5883
33776,0,35,432,1113,4680
33777,0,36,282,1103,5814
33778,0,120,311,1172,6166
33781,0,280,578,1603,9032
33782,0,74,351,1153,7978
33785,0,22,176,537,2321
33786,0,8,118,274,824
33801,0,32,305,589,8926
33803,0,113,360,606,8529
33805,0,14,224,340,5693
33809,0,0,195,434,7375
33810,0,69,319,638,11500
33811,0,65,171,473,6707
33812,0,0,70,225,3894
33813,0,0,490,1155,10194
33815,0,75,219,358,4701
33823,0,0,345,714,9604
33825,0,109,253,567,6659
33827,0,4,24,49,485
33830,0,63,336,617,8834
33837,0,0,321,719,10745
33838,0,10,32,79,1587
33839,0,0,41,95,978
33843,0,0,25,70,1301
33844,0,200,449,761,12113
33848,0,3,6,8,41
33850,0,0,41,113,2422
33852,0,0,8,14,250
33853,0,124,267,465,4484
33856,0,0,0,0,209
33859,0,0,102,254,4181
33860,0,44,147,294,6195
33868,0,2,44,94,1132
33870,0,128,331,928,10387
33872,0,16,166,390,5054
33875,0,25,91,215,2738
33876,0,18,68,139,1463
33880,0,332,757,1195,12805
33881,0,311,662,1103,12612
33884,0,73,352,740,11778
33896,0,51,149,241,4525
33897,0,98,216,589,9694
33898,0,49,118,204,4001
33901,0,59,314,622,5381
33903,0,110,297,473,10254
33904,0,44,427,912,13598
33905,0,151,389,716,11474
33907,0,10,199,308,4893
33908,0,165,704,1229,13589
33909,0,99,247,396,9063
33912,0,71,380,831,7087
33913,0,42,396,994,7519
33914,0,103,530,1163,16333
33916,0,0,217,401,4966
33917,0,142,570,1011,12917
33919,0,48,295,676,8752
33920,0,0,81,189,2434
33921,0,26,113,191,806
33922,0,17,73,154,2262
33928,0,81,394,913,8031
33931,0,0,267,550,5108
33935,0,0,0,0,4
33936,0,44,346,621,8457
33946,0,0,57,182,1735
33947,0,61,199,312,4755
33948,0,0,179,265,7252
33950,0,122,533,932,10174
33952,0,188,361,621,13297
33953,0,43,124,255,3241
33954,0,0,42,184,3925
33955,0,0,107,302,4291
33956,0,0,102,227,2304
33957,0,38,297,833,4109
33965,0,1,4,5,64
33966,0,34,124,245,2815
33967,0,26,147,466,7886
33971,0,0,105,276,7561
33972,0,37,120,226,4249
33973,0,26,98,160,2257
33974,0,59,148,266,4769
33976,0,24,43,81,4669
33980,0,33,95,278,5223
33981,0,17,137,297,5309
33982,0,12,111,184,2848
33983,0,35,105,221,5370
33990,0,96,276,683,11143
33991,0,85,230,374,8000
33993,0,10,292,746,9170
34102,0,37,248,891,4572
34103,0,8,247,622,3439
34104,0,0,129,339,7419
34105,0,42,278,736,4071
34108,0,72,407,1141,5681
34109,0,15,414,873,6661
34110,0,89,447,1073,7124
34112,0,45,254,534,8304
34113,27,116,293,565,6232
34114,0,7,264,604,6281
34116,0,14,136,344,6660
34117,0,0,63,153,2130
34119,0,0,464,1120,8862
34120,0,0,53,181,2284
34134,0,32,414,1093,5561
34135,0,0,385,1138,16181
34142,0,0,0,0,1
34145,0,51,544,1227,6611
34201,0,16,80,237,1720
34202,0,39,315,685,4808
34203,0,55,370,794,12544
34205,0,67,228,495,8826
34207,0,0,301,533,10559
34208,0,154,442,699,9440
34209,0,79,349,653,10252
34210,0,12,192,340,3632
34211,0,21,128,294,1777
34212,0,0,117,411,3713
34219,0,7,132,436,5935
34221,0,31,328,797,14401
34222,0,12,88,204,5392
34223,0,90,428,856,10357
34224,0,127,381,554,8451
34228,0,5,199,438,2234
34229,0,25,158,406,3132
34231,0,59,390,840,10789
34232,0,93,315,712,10805
34233,0,56,160,362,6349
34234,0,0,149,396,6574
34235,0,48,284,418,4900
34236,13,35,173,447,2776
34237,0,43,140,231,4499
34238,0,100,371,888,6841
34239,0,59,327,608,5812
34240,0,0,126,466,3279
34241,0,33,224,527,4146
34242,0,4,273,643,3572
34243,0,111,245,689,10229
34250,0,0,11,24,230
34269,0,0,35,57,1264
34275,0,153,373,880,8656
34285,0,55,218,554,8344
34286,0,16,54,248,7397
34287,0,60,156,421,11250
34288,0,0,102,277,4477
34289,0,1,5,15,686
34291,0,0,63,123,2793
34292,0,64,240,488,6544
34293,55,128,713,1225,16835
34420,0,109,191,366,5336
34428,0,25,55,96,894
34429,0,26,146,260,2505
34432,1,3,7,10,162
34434,0,0,1,2,39
34436,0,6,16,29,392
34442,15,45,88,224,2435
34446,0,7,109,270,3334
34448,0,67,132,228,2745
34450,0,21,93,152,1462
34452,3,60,112,196,2965
34453,0,14,63,120,2295
34461,0,11,45,108,1852
34465,5,88,171,353,5095
34470,0,0,149,298,6076
34471,0,177,515,912,8060
34472,0,147,367,550,8960
34473,0,3,6,11,276
34474,0,0,174,354,5093
34475,0,73,263,473,3627
34476,0,92,307,450,10029
34479,0,76,206,251,4360
34480,0,7,217,487,6387
34481,0,77,188,418,6835
34482,5,34,113,275,4807
34484,0,17,51,112,945
34488,0,8,28,64,979
34491,0,0,176,472,8985
34601,20,69,159,257,2822
34604,0,28,103,260,2442
34606,11,156,300,812,10929
34607,0,0,101,229,3102
34608,62,224,423,820,12204
34609,0,232,618,1375,15078
34610,0,22,223,613,5428
34613,0,77,224,447,6260
34614,2,6,16,36,554
34638,0,0,364,920,5414
34639,0,20,310,786,6373
34652,0,191,450,967,11032
34653,0,0,171,918,12053
34654,0,85,268,643,6900
34655,0,50,668,1821,16193
34667,0,66,445,1534,16214
34668,0,279,816,2010,19664
34669,0,29,183,537,5796
34677,0,116,439,1380,7361
34679,0,0,0,0,23
34681,0,0,2,6,38
34683,0,12,420,2287,12028
34684,0,143,411,1553,8677
34685,0,0,373,1051,5339
34688,11,16,182,593,2557
34689,10,177,626,1888,10043
34690,0,64,147,435,6307
34691,0,178,470,1077,10225
34695,0,57,401,1312,6094
34698,0,0,500,1758,12418
34705,0,0,4,12,439
34711,55,203,740,1424,17924
34714,0,0,95,253,5170
34715,8,24,113,186,3964
34731,0,35,120,218,3418
34734,12,22,89,153,1386
34736,0,0,7,14,222
34737,0,2,12,28,504
34741,33,197,311,631,8017
34743,0,139,256,619,10534
34744,0,46,323,807,11201
34746,0,330,803,1369,15140
34747,0,46,569,1174,11131
34748,0,0,220,464,11371
34756,0,0,42,103,948
34758,36,109,217,483,11933
34759,0,135,462,880,11020
34760,0,5,27,60,335
34761,13,163,451,965,12064
34762,0,0,4,9,105
34769,0,34,109,404,8289
34771,0,23,178,449,4537
34772,28,112,271,607,9121
34785,0,31,132,223,3068
34786,0,83,1092,2042,10865
34787,0,56,1308,2167,17616
34788,64,116,276,411,6276
34797,0,2,34,60,478
34945,0,11,36,61,893
34946,0,88,276,426,2360
34947,0,52,135,248,3011
34949,0,17,70,187,1883
34950,0,46,343,568,4035
34951,0,0,138,250,5327
34952,0,0,265,762,13496
34953,0,18,173,337,7261
34957,0,57,296,669,7723
34981,0,0,1,5,218
34982,0,5,124,175,3789
34983,0,78,326,762,12562
34984,0,0,78,269,4739
34986,0,0,127,540,6794
34990,0,0,430,1217,7825
34994,0,0,127,423,3991
34996,0,48,82,353,2928
34997,0,101,326,798,9054
30002,0,0,0,0,0
30004,0,0,0,0,0
30005,0,0,0,0,0
30008,0,0,0,0,0
30009,0,0,0,0,0
30011,0,0,0,0,0
30012,0,0,0,15,15
30013,21,55,55,62,62
30014,0,0,0,0,0
30016,0,0,0,0,0
30017,0,0,0,0,0
30019,18,36,36,36,36
30021,0,0,0,0,0
30022,0,0,0,0,0
30024,0,0,0,0,0
30028,0,0,0,0,0
30030,0,0,0,0,4
30032,0,0,0,0,0
30033,0,0,0,4,18
30034,0,0,0,0,0
30035,0,0,0,0,0
30038,0,0,0,0,0
30039,0,0,0,0,0
30040,0,0,0,0,0
30041,0,0,0,0,0
30043,0,0,0,0,0
30044,0,0,0,0,0
30045,0,0,0,0,0
30046,0,0,0,0,0
30047,0,0,0,0,0
30052,0,0,0,0,0
30058,0,0,0,0,0
30060,0,0,0,0,0
30062,0,0,0,0,0
30064,0,0,0,0,0
30066,0,0,0,0,0
30067,0,0,0,0,0
30068,0,0,0,0,0
30071,0,0,0,0,0
30072,0,0,0,0,0
30075,0,0,0,0,0
30076,0,0,0,0,0
30078,0,0,0,0,0
30079,0,0,0,0,0
30080,0,0,0,0,0
30082,0,0,0,0,0
30083,0,0,0,0,0
30084,0,0,0,0,0
30087,9,26,26,35,52
30088,0,0,0,0,0
30092,0,0,0,0,0
30093,0,0,0,0,0
30094,0,0,0,0,0
30096,0,0,0,0,0
30097,0,0,0,0,0
30101,0,0,0,0,0
30102,0,0,0,0,0
30103,0,0,0,0,0
30106,0,0,0,0,0
30107,0,0,0,0,0
30114,0,0,0,0,0
30115,0,0,14,14,21
30116,0,0,0,0,0
30117,0,0,0,0,0
30120,0,0,0,0,0
30121,0,0,0,0,0
30122,0,0,0,0,0
30126,0,0,0,0,0
30127,0,0,0,0,0
30132,0,0,0,0,0
30134,0,0,0,0,0
30135,0,0,0,0,0
30137,0,0,0,0,0
30141,0,0,0,0,0
30144,0,0,0,0,0
30147,0,0,0,0,0
30152,0,0,0,0,0
30157,0,0,0,0,0
30161,0,0,0,0,0
30165,0,0,0,0,0
30168,14,14,14,14,14
30173,0,0,0,0,0
30180,0,0,0,0,0
30187,0,0,0,0,0
30188,0,0,0,0,0
30189,0,0,0,0,0
30205,0,0,0,1,1
30213,0,0,0,0,0
30214,0,0,0,0,0
30215,0,0,0,0,0
30223,0,0,0,0,0
30228,27,68,68,81,95
30234,0,0,0,0,0
30236,0,0,0,0,0
30238,0,0,0,0,0
30248,0,0,0,0,0
30252,0,0,0,0,0
30253,0,0,0,0,0
30260,0,0,0,0,0
30268,0,0,2,6,13
30269,0,0,0,0,0
30273,0,0,0,0,0
30274,0,0,0,0,0
30276,0,0,0,0,0
30277,0,0,0,0,0
30281,0,0,0,18,18
30288,0,0,0,0,0
30290,0,0,0,0,0
30291,0,0,0,0,0
30294,0,0,0,0,0
30296,0,0,0,0,0
30297,0,0,0,0,0
30305,0,0,0,0,0
30306,0,0,0,0,0
30307,0,0,0,0,0
30308,0,0,0,0,0
30309,0,0,0,0,2
30310,0,0,0,0,0
30311,0,0,0,0,0
30312,0,0,0,0,0
30313,0,0,0,0,0
30314,0,0,0,0,0
30315,0,0,0,0,0
30316,0,0,6,25,56
30317,0,0,0,0,0
30318,0,0,0,0,0
30319,0,0,0,0,6
30324,0,0,0,0,0
30326,0,0,0,0,0
30327,0,0,0,0,0
30328,0,0,0,0,0
30329,0,0,0,0,0
30331,0,0,0,0,0
30336,0,0,0,0,0
30337,0,0,0,0,0
30338,0,0,0,0,0
30339,0,0,0,0,0
30340,0,0,0,0,0
30341,0,0,0,0,0
30342,0,0,0,0,0
30344,0,0,0,0,0
30345,3,3,6,9,9
30346,0,0,0,0,0
30349,0,0,0,0,0
30350,0,0,0,0,0
30354,0,0,0,0,0
30360,0,0,0,0,0
30363,0,0,0,0,0
30458,0,0,0,0,0
30461,0,0,0,0,0
30501,0,0,0,0,0
30504,0,0,0,0,0
30506,0,0,0,0,0
30507,3,6,6,7,8
30517,0,0,0,0,0
30518,0,0,0,0,0
30519,0,0,0,0,0
30542,0,0,0,0,0
30548,2,2,3,7,7
30564,0,0,0,0,0
30565,0,0,0,0,0
30566,0,0,0,0,0
30601,0,0,0,0,0
30605,0,0,0,0,9
30606,0,0,0,0,0
30607,5,5,8,8,8
30619,0,0,0,0,0
30620,0,0,0,0,0
30621,0,0,0,0,0
30622,0,0,0,0,0
30646,0,0,0,0,0
30655,0,0,0,0,0
30677,0,0,0,0,0
30680,0,0,0,0,0
30683,2,3,5,6,7
30701,0,0,0,0,0
30705,0,0,0,5,12
30707,0,0,0,0,0
30720,0,0,0,0,0
30721,0,0,0,0,0
30725,0,0,0,0,0
30735,0,0,0,0,0
30736,19,28,56,56,84
30738,0,0,0,0,0
30740,0,0,0,0,0
30741,0,0,0,0,0
30742,0,0,0,0,0
30750,0,0,0,0,0
30755,0,0,0,0,0
30757,0,0,0,0,0
30802,0,0,0,0,0
30805,0,0,0,0,0
30809,0,0,0,0,0
30813,0,0,0,0,0
30815,0,0,0,0,0
30901,0,0,0,0,0
30904,0,0,0,0,0
30905,0,0,0,0,0
30906,0,0,0,0,0
30907,0,0,0,0,0
30909,0,0,0,0,0
31005,0,0,0,0,0
31008,0,0,0,0,0
31020,0,0,0,0,0
31028,0,0,0,0,0
31030,0,0,0,0,0
31032,0,0,0,0,0
31047,7,10,11,11,12
31052,0,0,0,0,0
31088,0,0,0,0,0
31093,0,0,0,0,0
31098,0,0,0,0,0
31201,0,0,0,0,0
31204,0,0,0,0,0
31206,0,0,0,0,0
31210,0,0,0,0,0
31211,0,0,0,0,0
31216,0,0,0,1,1
31217,0,0,0,0,0
31220,0,0,0,0,0
31301,0,0,0,0,0
31302,0,0,0,0,0
31313,0,0,0,0,0
31315,0,0,0,0,0
31322,0,0,0,0,0
31324,0,0,0,0,0
31401,0,0,0,0,27
31404,0,0,0,0,0
31405,0,0,0,0,0
31406,0,0,0,0,0
31407,0,0,0,2,2
31408,17,17,17,17,20
31410,0,0,0,0,0
31411,0,0,0,0,0
31415,0,0,8,35,50
31419,0,0,0,0,0
31520,0,0,0,0,0
31523,0,0,0,0,1
31525,0,0,0,0,0
31601,0,0,0,0,0
31602,0,0,0,0,0
31605,0,0,0,0,0
31606,0,0,0,0,0
31632,0,0,0,0,0
31636,0,0,0,0,0
31701,0,0,0,0,0
31705,0,0,0,0,0
31707,0,0,0,0,0
31721,32,32,37,42,48
31763,0,0,0,0,0
31791,0,0,0,0,0
31808,0,1,1,1,1
31820,0,0,0,0,0
31901,0,0,0,0,0
31903,0,0,0,0,0
31904,0,0,0,0,0
31905,0,0,0,0,0
31906,0,0,0,0,0
31907,0,0,0,0,0
31909,0,0,0,0,0
96701,0,2755,8149,8174,8174
96706,0,4931,15822,15838,15838
96707,0,3111,9534,9544,9544
96720,0,1833,4518,4536,4536
96725,0,43,105,105,105
96732,0,2826,6039,6045,6045
96734,0,2043,6198,6210,6210
96740,0,4091,9958,9978,9978
96744,0,3412,9909,9929,9929
96753,0,3978,8437,8453,8453
96761,0,2572,5352,5352,5352
96779,0,437,910,912,912
96782,0,2650,8973,8982,8982
96786,0,1644,5912,5930,5930
96789,0,4209,13537,13578,13578
96793,0,3525,7262,7277,7277
96795,0,8,26,26,26
96797,0,4223,13365,13378,13378
96813,0,998,3395,3412,3412
96814,0,351,1147,1157,1157
96815,0,785,2771,2782,2782
96816,0,4387,13334,13361,13361
96817,0,2379,8113,8138,8138
96818,0,2222,8290,8306,8306
96819,0,2722,8543,8560,8560
96821,0,2579,6537,6543,6543
96822,0,2000,6575,6601,6601
96825,0,2716,7942,7958,7958
96826,0,707,2614,2630,2630
50007,0,0,1,12,29
50009,0,0,266,2410,5865
50010,126,321,3955,5140,5224
50014,68,228,2046,2649,2693
50021,0,0,321,3080,7234
50023,0,0,380,3838,9477
50035,0,4,65,748,1717
50047,0,4,70,878,2083
50061,0,0,61,300,587
50073,0,0,10,45,100
50105,1,12,236,305,309
50109,0,3,46,258,547
50111,0,0,168,1746,4327
50131,0,19,518,2659,6104
50134,1,4,42,56,57
50156,0,2,42,52,53
50201,0,0,4,5,5
50211,0,6,135,1375,3062
50226,3,198,1249,1567,1626
50237,0,0,16,201,496
50248,0,0,3,4,4
50265,0,41,453,4076,10025
50266,0,15,275,2009,4741
50309,0,0,31,325,847
50310,0,14,165,2737,7051
50311,0,20,128,1194,2831
50312,0,17,252,1406,3168
50313,0,56,141,2177,5558
50314,0,41,137,886,2063
50315,0,130,260,3392,8514
50316,0,26,102,1380,3595
50317,0,105,361,4395,11460
50320,0,5,209,1837,4644
50321,0,2,69,760,1785
50322,0,101,446,4101,9913
50323,0,0,168,684,1333
50324,0,0,69,644,1612
50325,0,0,224,1401,3361
50327,0,12,192,1552,3738
50613,128,668,5934,9578,9736
50626,0,0,1,5,21
50634,0,0,0,10,75
50643,6,32,413,681,689
50647,0,0,0,1,7
50648,0,0,0,0,1
50651,0,1,19,31,32
50667,0,3,7,46,319
50701,0,26,347,1701,8446
50702,0,57,210,975,6267
50703,0,74,165,1108,5608
50707,0,0,38,488,2663
51054,0,5,95,779,1595
51101,0,19,47,212,407
51103,0,28,88,1768,3934
51104,0,45,227,2356,4918
51105,0,0,71,907,1961
51106,0,29,280,3559,7200
51108,0,7,64,675,1415
51109,0,2,16,466,1035
51111,0,0,0,98,245
51501,0,94,432,8002,13305
51503,0,62,453,5964,10104
51510,0,8,52,927,1545
51526,0,0,5,75,130
52001,119,375,5961,8996,9087
52002,15,71,1212,1884,1905
52003,11,123,1356,2067,2112
52227,12,52,793,1037,1058
52228,0,66,484,662,680
52233,12,112,1380,1886,1920
52240,81,318,3088,4639,4700
52241,0,55,220,1000,3785
52242,0,0,3,9,48
52245,0,50,198,948,3420
52246,0,28,318,962,3269
52302,59,640,8538,11656,11822
52314,0,1,17,24,24
52317,0,4,41,61,62
52324,0,5,176,244,245
52328,0,62,728,1017,1035
52333,0,0,1,2,2
52338,0,3,26,36,37
52341,0,15,153,203,210
52401,9,32,382,520,528
52402,157,417,7429,10225,10424
52403,24,326,4324,5819,5902
52404,97,447,8836,11942,12039
52405,44,257,5356,7259,7318
52411,0,418,1878,2561,2711
52722,0,45,761,4134,10881
52748,1,17,223,293,298
52753,0,15,68,549,1452
52801,0,5,13,75,205
52802,0,27,150,1120,3261
52803,0,26,247,1782,5020
52804,0,0,194,2029,6142
52806,130,358,6195,8008,8081
52807,0,4,194,1399,3845
83201,0,249,8510,9843,9922
83202,0,179,4600,5227,5253
83204,0,95,2976,3345,3390
83209,0,0,9,11,11
83301,0,405,15741,16113,16178
83328,0,15,965,982,988
83341,0,31,1160,1218,1225
83401,0,308,8541,10153,10245
83402,0,174,6060,7496,7548
83404,0,302,5503,6723,6853
83406,0,165,3886,4828,4857
83427,0,5,430,541,542
83501,0,199,4456,11619,11713
83605,0,206,9563,10775,10818
83607,0,190,5112,5909,5927
83616,0,756,8523,9864,10076
83634,0,21,563,626,634
83642,0,717,13919,15721,15960
83644,0,1,16,18,18
83646,0,694,16360,18593,18724
83651,0,205,9184,10190,10252
83669,0,61,1281,1449,1463
83686,0,328,12879,14772,14891
83687,0,188,10456,11704,11763
83702,0,345,5353,6085,6165
83703,0,258,4674,5196,5265
83704,0,217,10931,12028,12064
83705,0,183,7623,8238,8296
83706,0,420,8083,9004,9114
83709,0,578,18534,20474,20618
83712,0,184,2100,2409,2456
83713,0,329,8537,9562,9649
83714,0,432,6718,7552,7722
83716,0,335,4507,5139,5223
83814,0,120,628,6873,7021
83815,0,0,624,11777,11957
83833,0,0,2,48,49
83835,0,62,467,7659,7761
83854,0,102,701,14377,14538
83858,0,29,273,3996,4078
60002,0,0,0,0,0
60004,0,0,0,7,37
60005,0,0,0,9,28
60007,0,0,0,0,0
60012,0,0,0,0,0
60014,0,0,0,0,0
60015,0,0,0,0,19
60016,0,0,0,55,110
60018,0,0,0,0,44
60022,0,0,0,0,5
60025,0,0,0,38,76
60026,0,0,0,6,29
60029,0,0,1,1,2
60030,0,0,0,0,11
60031,0,0,0,0,10
60033,0,0,0,0,0
60034,0,0,0,0,0
60035,0,0,0,23,46
60040,0,0,0,0,0
60041,0,0,0,0,0
60043,0,0,0,0,2
60044,0,0,0,10,12
60045,0,0,0,6,18
60046,0,0,0,0,0
60047,0,0,0,0,1
60048,0,0,0,25,42
60053,0,0,0,0,0
60056,0,0,0,0,59
60060,0,0,0,0,53
60061,0,0,0,0,0
60062,0,0,0,0,34
60064,0,0,0,34,74
60068,0,0,0,0,30
60069,0,0,0,0,2
60070,0,0,10,24,29
60071,0,0,0,0,0
60073,0,0,0,0,0
60076,0,0,0,42,76
60077,0,0,0,5,62
60083,0,0,0,0,7
60084,0,0,0,1,1
60085,0,0,0,25,74
60087,0,19,26,26,26
60088,0,0,0,0,5
60089,0,0,0,0,9
60090,0,0,0,0,47
60091,0,0,0,0,0
60093,0,0,0,0,29
60096,0,0,2,8,15
60097,0,0,0,2,5
60098,0,0,0,0,36
60099,0,0,0,8,102
60101,0,0,0,0,0
60102,0,0,0,2,2
60103,0,0,0,0,0
60104,0,0,0,0,0
60106,0,0,9,40,54
60107,0,0,0,0,38
60108,0,0,0,0,0
60110,0,0,0,3,8
60118,0,0,0,0,1
60119,0,0,0,0,1
60120,0,0,6,14,22
60123,0,0,0,13,22
60124,0,0,0,0,0
60126,0,0,0,0,0
60130,0,0,26,46,58
60131,0,0,0,15,46
60133,0,0,0,16,64
60134,0,0,25,42,84
60136,0,0,0,0,2
60137,26,53,53,79,88
60139,0,0,0,7,20
60140,0,0,0,0,0
60141,0,0,0,0,0
60142,0,0,0,102,164
60143,0,0,0,3,6
60148,0,0,0,0,37
60153,0,0,0,11,61
60154,0,0,0,0,0
60155,0,0,16,43,63
60156,0,0,0,5,16
60157,0,0,0,1,2
60160,0,0,0,0,0
60162,0,0,0,0,9
60163,0,0,0,2,2
60164,0,0,0,35,45
60165,0,0,0,0,0
60169,0,0,0,0,0
60171,0,0,0,0,10
60172,0,0,20,33,46
60173,0,0,0,0,0
60174,0,0,0,34,42
60175,0,0,0,0,0
60176,0,19,28,39,55
60177,0,0,0,0,0
60180,0,0,0,0,0
60181,0,29,58,65,65
60184,0,0,0,0,0
60185,0,0,0,0,32
60187,0,0,6,38,51
60188,0,0,0,0,58
60189,0,0,0,21,41
60190,0,3,3,12,15
60191,0,0,0,0,0
60193,0,0,29,77,96
60194,0,0,0,0,1
60201,0,0,0,0,32
60202,0,0,0,0,21
60203,0,0,0,0,4
60301,0,0,0,0,1
60302,0,0,0,0,6
60304,0,0,0,0,0
60305,0,0,0,0,0
60402,0,0,0,15,60
60403,0,0,0,27,41
60404,0,0,0,0,0
60406,0,0,0,0,44
60409,0,0,0,17,94
60410,0,0,1,2,4
60411,0,0,0,0,129
60415,0,0,2,17,34
60417,0,0,0,3,6
60419,0,0,0,0,93
60421,0,0,0,0,0
60422,0,0,2,5,7
60423,0,0,0,0,0
60425,0,0,0,13,38
60426,0,0,0,0,92
60428,0,0,3,15,32
60429,0,0,0,0,30
60430,0,0,0,13,39
60431,0,0,0,0,0
60432,0,0,0,37,88
60433,0,0,12,20,51
60435,0,0,0,0,87
60436,0,9,56,91,113
60438,0,0,0,28,56
60439,0,0,22,37,37
60440,0,25,99,99,148
60441,0,0,0,0,30
60442,0,0,0,0,0
60443,0,0,0,42,102
60445,0,0,0,40,80
60446,0,0,0,0,11
60447,0,0,0,0,0
60448,0,29,36,36,43
60449,0,0,0,0,0
60451,0,0,0,0,21
60452,0,0,0,0,0
60453,0,0,0,0,29
60455,0,0,0,21,63
60456,0,0,0,0,2
60457,0,0,0,0,18
60458,0,0,0,0,21
60459,0,0,0,32,40
60461,0,0,0,16,28
60462,0,0,0,21,32
60463,0,0,0,4,23
60464,0,0,0,8,21
60465,0,0,0,0,4
60466,0,0,36,66,84
60467,0,0,0,15,37
60469,0,0,0,0,8
60471,0,0,0,31,59
60472,0,0,0,3,17
60473,0,0,0,0,59
60475,0,0,5,12,23
60476,0,0,0,0,1
60477,0,0,28,66,122
60478,0,0,9,31,53
60480,0,0,0,0,1
60482,0,0,15,32,46
60484,0,0,0,0,0
60487,0,7,7,7,7
60490,0,0,18,18,36
60491,0,0,0,0,8
60501,0,0,0,23,29
60502,0,0,0,0,0
60503,0,0,12,12,12
60504,0,0,0,0,17
60505,0,0,0,0,0
60506,0,0,71,154,189
60510,0,16,31,31,47
60512,0,0,0,0,0
60513,0,0,0,0,0
60514,0,0,0,0,10
60515,0,0,50,50,78
60516,0,0,0,8,24
60517,0,0,7,21,49
60519,0,0,0,0,0
60521,0,0,0,0,0
60523,0,38,44,51,70
60525,24,41,41,49,65
60526,0,0,0,0,11
60527,0,0,7,28,57
60532,0,0,17,29,41
60534,0,0,0,0,8
60538,0,6,25,37,56
60540,0,22,43,54,76
60542,0,0,10,25,25
60543,0,0,0,21,21
60544,0,0,0,8,40
60546,0,0,0,9,27
60554,0,0,0,0,1
60555,0,0,0,7,24
60558,0,0,0,0,0
60559,0,0,0,0,47
60560,0,0,0,0,0
60561,7,13,13,26,33
60563,0,0,0,0,7
60564,0,0,0,13,25
60565,0,0,0,0,0
60585,0,0,0,0,7
60586,0,0,0,0,14
60601,0,0,0,0,0
60602,0,0,0,0,0
60603,0,0,0,0,0
60604,0,0,0,0,1
60605,0,0,2,6,11
60606,0,0,0,0,0
60607,0,0,0,4,16
60608,0,0,51,123,195
60609,0,0,0,83,237
60610,0,0,0,0,9
60611,0,0,0,1,4
60612,0,0,0,0,34
60613,0,0,0,4,16
60614,0,0,0,49,83
60615,0,0,0,0,46
60616,0,0,0,15,60
60617,0,0,39,212,290
60618,28,85,114,114,157
60619,0,0,0,59,310
60620,0,0,0,96,462
60621,0,0,29,150,265
60622,0,0,15,66,88
60623,0,0,0,94,224
60624,0,0,39,87,174
60625,0,0,0,0,0
60626,0,0,0,0,8
60628,0,0,0,0,166
60629,0,0,0,0,130
60630,0,0,13,64,115
60631,0,0,0,0,0
60632,0,0,0,0,96
60633,0,0,0,0,40
60634,0,0,0,0,88
60636,0,0,0,0,148
60637,0,0,0,0,110
60638,0,0,0,0,0
60639,0,0,40,173,253
60640,0,0,0,0,17
60641,0,0,96,107,143
60642,0,0,0,0,0
60643,0,0,0,12,58
60644,0,0,0,29,106
60645,0,0,0,0,0
60646,0,0,8,45,68
60647,0,0,0,0,44
60649,0,0,32,101,160
60651,0,0,0,69,188
60652,0,0,11,121,165
60653,0,0,0,58,104
60654,0,0,0,0,1
60655,0,0,0,21,55
60656,0,0,6,25,37
60657,0,0,11,34,45
60659,0,0,0,0,28
60660,0,0,0,0,5
60661,0,0,0,1,1
60706,0,0,0,0,13
60707,0,0,48,77,134
60712,0,0,0,0,21
60714,0,0,0,16,72
60803,0,0,0,0,37
60804,0,0,14,68,163
60805,0,0,0,29,46
60827,0,0,0,24,143
60901,0,0,0,71,123
60910,0,0,0,0,1
60914,0,0,0,17,34
60915,0,0,0,7,12
60922,0,0,0,0,0
60964,0,0,0,0,0
61008,0,0,0,0,0
61011,0,0,0,0,0
61016,0,0,0,0,2
61025,0,0,0,0,0
61065,0,0,0,6,16
61072,0,0,0,0,0
61073,0,0,0,0,0
61101,0,0,0,31,113
61102,0,0,0,0,32
61103,0,0,0,0,7
61104,0,0,0,10,92
61107,0,0,0,64,91
61108,0,0,0,0,18
61109,0,0,0,61,122
61111,0,0,0,0,45
61114,0,0,0,0,19
61115,0,0,0,0,16
61201,0,0,0,0,0
61239,0,0,0,0,0
61240,0,0,0,0,2
61241,0,0,0,0,0
61244,0,0,0,0,0
61256,0,0,0,0,0
61264,0,0,0,0,0
61265,0,0,0,0,0
61273,0,0,0,0,0
61275,0,0,0,0,0
61282,0,0,0,0,0
61284,0,0,0,0,0
61301,0,0,0,11,21
61320,0,0,0,0,0
61341,0,0,0,4,9
61348,0,0,0,0,0
61350,0,0,0,0,0
61354,0,0,0,0,0
61362,0,0,3,4,6
61364,0,24,37,65,92
61373,0,0,0,0,0
61523,1,5,7,9,11
61525,0,0,0,0,0
61526,0,0,0,0,0
61528,0,0,0,0,1
61535,0,0,0,0,0
61536,0,0,0,0,0
61547,0,0,0,0,0
61548,0,0,0,1,5
61550,0,0,0,8,12
61554,0,0,0,0,65
61568,0,0,0,0,0
61571,0,0,0,8,10
61602,0,0,0,18,32
61603,0,0,0,4,93
61604,0,0,0,0,17
61605,0,0,11,67,103
61606,0,0,0,0,11
61607,0,0,0,0,0
61610,0,7,13,23,24
61611,0,0,0,0,18
61614,0,0,46,69,100
61615,0,0,0,0,7
61616,0,0,2,21,29
61701,0,0,0,45,126
61704,0,0,0,0,0
61705,0,0,0,6,31
61725,0,0,0,0,0
61748,0,0,0,0,0
61761,0,0,0,0,134
61772,0,0,0,0,0
61776,0,0,0,0,0
61801,0,0,0,0,87
61802,0,0,0,0,18
61814,0,0,0,0,0
61817,0,0,0,0,0
61820,0,0,0,0,91
61821,0,0,0,21,50
61822,0,0,25,38,75
61832,0,0,0,0,42
61833,0,0,0,0,0
61834,0,0,0,0,2
61841,0,0,0,0,0
61858,0,0,0,0,0
61864,0,0,0,0,0
61874,0,0,0,0,0
61880,0,0,0,0,0
61883,0,0,0,2,4
62025,0,0,0,0,0
62034,0,0,0,2,11
62040,0,0,0,31,157
62059,0,0,0,1,4
62060,0,0,0,6,26
62062,0,0,0,0,0
62090,0,0,0,0,5
62201,0,0,0,0,30
62203,0,0,0,0,17
62204,0,0,2,2,47
62205,0,0,16,33,72
62206,0,0,0,0,25
62207,0,0,0,13,63
62208,0,0,0,0,62
62221,0,0,0,0,2
62223,0,0,0,14,58
62226,0,0,0,0,12
62232,2,2,5,5,7
62234,0,0,0,48,77
62236,0,0,0,0,0
62239,0,0,4,9,13
62240,0,0,0,0,2
62260,0,0,0,0,1
62269,0,8,12,12,12
62521,0,0,0,0,61
62522,0,0,0,0,11
62523,0,0,0,0,7
62526,0,0,0,0,20
62535,0,0,0,0,0
62544,0,0,0,0,0
62549,0,0,0,3,3
62554,0,0,0,0,0
62558,0,0,0,1,2
62561,0,0,0,0,2
62563,0,0,0,6,9
62625,0,0,0,0,0
62629,0,0,0,18,36
62670,0,0,0,0,0
62677,0,0,0,0,0
62684,0,0,0,0,0
62701,0,0,0,0,2
62702,0,0,22,100,246
62703,0,0,0,9,111
62704,0,0,0,77,110
62707,0,0,0,0,0
62711,0,0,0,11,28
62712,0,0,0,10,17
62957,0,0,0,0,2
62960,0,0,0,0,1
46001,0,0,0,0,0
46011,0,15,26,44,78
46012,0,4,29,46,67
46013,0,32,43,91,123
46016,0,7,50,157,250
46017,0,0,0,6,13
46032,0,0,0,41,97
46033,0,12,12,35,47
46037,0,0,0,0,0
46038,0,0,26,39,142
46040,0,0,0,0,0
46051,0,1,1,6,9
46052,4,5,8,8,11
46055,0,0,0,0,4
46056,0,0,0,1,2
46060,0,0,13,40,66
46062,8,8,15,39,201
46064,0,0,0,0,2
46068,0,0,0,1,1
46069,0,0,1,2,3
46074,0,0,0,0,11
46075,0,0,0,0,0
46077,0,0,0,0,19
46106,5,11,14,52,131
46107,0,0,0,0,9
46110,0,0,0,0,2
46111,1,1,1,2,2
46112,0,13,40,66,66
46113,0,0,0,11,33
46118,0,0,0,0,0
46122,0,0,0,0,1
46123,60,84,107,119,286
46124,0,0,0,0,0
46126,0,1,4,5,16
46130,2,3,5,5,7
46131,0,9,84,158,214
46140,0,3,7,10,17
46142,0,0,0,0,0
46143,0,0,71,71,161
46151,3,7,12,30,40
46158,0,0,0,40,144
46162,0,0,1,2,2
46163,0,0,0,12,12
46167,0,0,2,7,12
46168,0,0,0,10,81
46181,0,0,0,0,0
46184,15,29,39,58,93
46201,0,0,79,227,351
46202,0,0,0,22,58
46203,0,0,14,155,183
46204,0,0,0,0,10
46205,0,0,0,0,30
46208,0,0,6,56,111
46214,0,0,0,32,57
46216,0,0,1,2,4
46217,0,0,0,11,88
46218,0,0,0,143,286
46219,0,0,0,12,160
46220,0,0,0,0,44
46221,0,0,0,0,29
46222,0,0,30,70,129
46224,0,0,16,55,94
46225,0,0,0,0,25
46226,0,0,0,12,115
46227,0,0,0,43,100
46228,0,0,0,13,25
46229,0,0,0,0,0
46231,0,0,0,0,4
46234,0,0,0,8,33
46235,0,0,111,222,333
46236,0,10,51,72,123
46237,0,0,39,64,90
46239,0,0,0,11,11
46240,0,0,22,30,43
46241,0,0,0,52,165
46250,0,0,0,5,18
46254,0,0,0,29,58
46256,0,0,0,8,47
46259,0,0,0,0,0
46260,0,0,14,34,55
46268,0,0,0,0,55
46278,0,0,0,0,0
46280,0,0,2,6,10
46304,43,43,60,98,162
46307,0,2,21,39,55
46311,0,12,64,117,181
46312,138,204,313,393,466
46319,20,50,60,114,149
46320,84,120,146,168,194
46321,78,85,177,269,396
46322,30,53,114,167,213
46323,43,117,184,221,288
46324,69,106,150,193,231
46327,27,48,65,85,102
46341,0,0,1,1,2
46342,0,10,72,174,225
46350,0,0,0,1,2
46360,98,137,195,254,302
46368,0,81,131,272,312
46373,2,3,22,46,59
46375,0,0,7,124,197
46383,45,74,134,193,290
46385,0,7,77,197,274
46391,0,0,0,0,0
46393,0,0,0,0,0
46394,16,60,80,100,129
46402,6,45,80,104,122
46403,54,68,108,135,179
46404,166,218,309,344,401
46405,46,68,75,101,121
46406,24,41,60,68,87
46407,82,154,223,273,332
46408,39,95,117,177,194
46409,0,26,61,95,110
46410,0,101,172,222,343
46530,0,16,16,48,230
46544,63,84,137,147,189
46545,7,29,80,131,152
46554,0,0,0,0,0
46561,0,0,0,3,9
46601,0,17,37,57,81
46613,32,61,90,118,133
46614,27,44,98,195,257
46615,0,0,19,37,70
46616,15,23,28,33,38
46617,6,15,39,73,109
46619,0,6,50,93,161
46628,0,32,80,104,160
46635,0,8,14,23,39
46637,32,45,59,72,90
46706,0,0,0,0,0
46723,0,0,0,2,5
46725,0,0,1,1,1
46741,0,0,0,1,5
46745,0,0,0,0,0
46748,2,2,2,12,70
46765,0,0,0,12,37
46774,15,26,26,41,46
46783,0,1,1,3,3
46788,0,0,0,0,2
46798,0,0,0,0,1
46802,0,0,22,43,68
46803,64,96,117,131,156
46804,0,0,0,36,145
46805,0,26,53,86,118
46806,0,22,80,109,174
46807,0,35,60,70,80
46808,0,0,45,114,189
46809,29,36,50,64,79
46814,0,0,0,65,231
46815,0,40,57,89,113
46816,13,43,52,82,104
46818,0,7,30,45,97
46819,0,0,8,18,36
46825,47,47,66,66,85
46835,0,0,0,44,164
46845,0,0,0,0,168
46901,26,53,70,158,219
46902,0,38,67,86,105
46914,0,0,0,0,0
46932,0,0,0,0,1
47106,0,0,1,2,3
47111,35,44,59,74,99
47117,0,0,0,1,1
47119,0,0,3,32,60
47129,33,52,65,111,124
47130,33,66,99,182,265
47141,0,0,0,0,0
47143,0,0,0,4,6
47150,91,164,218,345,473
47172,8,23,38,61,159
47201,0,8,47,86,212
47203,8,50,65,99,145
47226,0,0,0,0,0
47280,1,2,3,3,4
47302,34,129,180,215,284
47303,0,23,105,129,193
47304,48,82,103,137,206
47305,7,30,40,64,78
47320,0,0,0,0,1
47334,1,2,3,4,7
47342,0,0,1,1,1
47356,0,0,1,1,2
47383,0,0,0,0,0
47396,0,3,4,7,15
47401,0,92,231,425,592
47403,146,172,180,198,215
47404,0,24,54,102,155
47408,30,56,93,142,194
47429,0,0,0,6,14
47601,0,0,1,2,3
47610,5,8,11,14,17
47630,0,92,277,450,577
47708,7,10,14,19,24
47710,105,124,142,192,241
47711,84,157,241,325,386
47712,11,44,82,103,158
47713,36,75,107,133,146
47714,69,129,208,247,316
47715,137,188,257,291,368
47720,74,128,172,197,221
47725,6,44,69,120,164
47802,8,25,59,92,160
47803,0,0,23,122,215
47804,37,53,57,77,81
47805,34,45,56,79,112
47807,0,0,55,92,170
47863,0,0,0,0,1
47871,0,0,0,0,0
47874,0,0,0,0,0
47885,2,6,6,15,25
47901,0,5,12,12,22
47904,0,0,22,56,95
47905,0,16,25,57,90
47906,0,139,317,479,572
47909,8,17,33,50,58
47920,0,0,0,0,1
47932,0,0,0,0,0
47982,0,0,0,0,0
47993,0,0,0,0,0
66012,0,0,0,0,0
66013,1,1,1,2,2
66024,1,1,1,1,1
66025,0,0,0,2,5
66030,0,0,1,1,2
66044,0,0,0,37,82
66046,0,0,0,0,0
66047,22,31,40,57,62
66049,0,23,61,92,107
66050,0,0,0,0,0
66052,0,0,0,0,0
66061,0,0,15,31,61
66062,0,0,20,20,40
66083,0,0,0,0,0
66085,0,0,0,0,0
66086,0,0,0,0,0
66090,0,0,0,3,5
66101,0,6,15,36,40
66102,0,0,0,0,12
66103,0,0,0,0,0
66104,0,0,0,18,41
66105,0,2,4,12,14
66106,0,0,0,0,6
66109,0,0,0,0,0
66111,6,6,17,20,23
66112,10,12,14,14,17
66202,0,0,3,10,24
66203,0,8,12,21,21
66204,0,0,0,6,6
66205,0,0,0,0,0
66206,2,3,7,7,7
66207,0,0,0,8,13
66208,3,3,3,3,7
66209,0,0,0,0,0
66210,0,0,9,14,19
66211,0,0,5,14,20
66212,0,0,0,0,0
66213,0,0,0,8,23
66214,2,9,12,14,14
66215,6,6,17,23,23
66216,13,19,19,25,45
66217,0,0,0,1,7
66218,0,0,0,0,0
66219,0,8,11,16,19
66220,0,0,0,0,0
66221,6,6,11,22,28
66223,0,0,0,0,0
66224,8,16,20,24,24
66226,0,0,0,0,2
66227,1,1,1,1,1
66402,0,1,1,2,3
66409,0,0,0,0,0
66429,0,0,0,0,0
66502,69,129,181,267,292
66503,0,0,4,18,50
66542,0,0,0,0,0
66546,0,0,0,1,1
66603,0,4,11,20,22
66604,0,0,9,9,18
66605,31,46,76,115,138
66606,14,18,27,41,68
66607,0,0,0,14,49
66608,0,0,3,3,8
66609,8,8,8,12,15
66610,0,3,7,10,10
66611,0,0,0,4,23
66612,16,23,26,33,40
66614,30,50,70,80,130
66615,0,0,0,0,1
66616,0,0,0,3,3
66617,0,0,0,0,0
66618,3,6,9,10,10
66619,0,0,0,0,0
66739,0,0,1,4,7
67002,20,30,35,50,55
67026,0,0,0,0,1
67030,0,0,0,0,0
67037,19,28,47,56,66
67052,1,1,2,2,7
67055,0,0,0,0,0
67060,10,10,10,20,30
67067,0,0,0,0,1
67101,15,26,28,31,33
67110,0,0,0,0,0
67120,0,0,0,0,0
67147,0,0,8,18,23
67202,8,10,13,16,22
67203,84,93,130,168,186
67204,8,16,16,16,40
67205,6,6,13,13,13
67206,12,29,47,65,82
67207,0,0,0,17,33
67208,0,0,0,0,26
67209,0,0,5,21,37
67210,0,0,0,6,8
67211,39,79,112,118,157
67212,0,44,44,89,104
67213,0,0,0,39,54
67214,89,127,144,188,227
67215,0,0,0,2,17
67216,67,93,113,140,146
67217,0,0,10,42,83
67218,0,0,0,37,89
67219,5,14,14,23,47
67220,0,0,13,31,49
67223,0,0,0,0,0
67226,0,0,12,18,41
67227,0,0,0,0,0
67228,0,0,0,0,12
67230,0,0,4,20,56
67232,6,9,11,14,16
67235,0,0,0,0,32
40014,0,0,0,0,0
40023,0,0,0,0,0
40025,0,0,0,0,0
40026,0,0,0,0,0
40047,8,8,15,23,30
40056,0,0,1,1,1
40059,0,0,0,0,0
40071,0,0,0,0,0
40109,0,0,0,1,1
40118,0,0,0,0,9
40162,0,0,0,0,0
40165,0,14,32,37,51
40177,0,0,1,1,1
40202,0,0,0,10,15
40203,0,0,0,45,108
40204,0,0,19,38,57
40205,0,8,24,40,49
40206,0,6,6,28,45
40207,0,0,0,9,27
40208,0,0,19,72,110
40209,0,0,3,9,12
40210,0,0,16,66,93
40211,0,0,33,125,225
40212,0,0,6,32,70
40213,28,63,84,112,147
40214,0,15,45,90,181
40215,0,0,14,65,93
40216,0,0,0,0,0
40217,0,0,0,16,37
40218,0,0,0,0,9
40219,0,0,41,95,136
40220,0,0,32,42,53
40222,0,0,0,0,0
40223,0,0,0,0,14
40228,0,0,34,54,54
40229,0,0,0,0,0
40241,0,0,0,17,17
40242,0,0,7,20,23
40243,0,0,7,14,17
40245,27,27,27,27,27
40258,0,0,0,0,0
40272,0,0,0,28,70
40291,0,0,0,0,0
40299,14,55,83,97,97
40356,0,0,3,11,19
40403,0,22,29,38,48
40461,0,0,0,0,0
40475,0,0,0,0,0
40502,0,0,0,17,59
40503,0,0,0,0,39
40504,0,0,0,0,0
40505,19,29,38,77,125
40507,0,0,3,9,13
40508,0,0,0,54,74
40509,11,34,57,68,80
40510,0,0,0,0,1
40511,0,0,0,0,0
40513,0,0,0,4,15
40514,0,5,11,16,22
40515,112,123,123,157,202
40516,0,0,0,0,0
40517,0,0,0,57,85
41001,0,0,0,0,0
41005,1,2,2,2,2
41007,0,0,0,0,0
41011,60,91,121,151,189
41014,0,0,0,0,0
41015,14,35,49,70,105
41016,0,0,0,16,32
41017,0,0,0,0,49
41018,33,57,65,82,106
41042,0,0,0,0,11
41048,0,0,0,0,0
41051,0,0,0,10,10
41059,0,0,7,12,18
41063,1,1,1,1,1
41071,0,23,62,125,153
41073,0,0,2,10,18
41074,0,7,14,19,24
41075,0,0,0,0,0
41076,50,50,65,65,70
41085,0,0,1,2,4
41091,0,0,0,0,0
41094,0,4,6,11,15
41101,92,105,129,142,178
41102,7,20,25,40,52
41129,0,1,2,5,13
41139,36,42,61,67,81
41144,0,0,0,0,0
41169,7,13,19,31,37
41175,0,1,1,1,1
41183,12,13,14,16,20
42001,39,55,110,134,150
42003,0,0,6,32,51
42058,0,0,0,0,1
42101,0,0,0,32,130
42103,81,108,124,145,151
42104,59,79,89,119,149
42122,0,0,0,0,0
42223,0,11,15,22,30
42234,0,0,0,1,1
42262,0,6,14,22,29
42286,0,0,1,2,2
42301,47,59,95,154,201
42303,0,0,0,0,71
42366,0,0,0,1,2
42420,0,0,0,0,0
42701,58,83,108,125,134
42724,0,0,1,2,3
70001,0,26,661,5498,12859
70002,0,56,291,2220,5446
70003,133,326,994,6362,14399
70005,0,183,575,3671,8729
70006,0,70,279,2185,5174
70031,0,1,4,161,509
70032,0,41,101,721,1829
70037,0,24,165,1717,4723
70043,0,109,444,2817,7031
70047,0,0,128,1177,3477
70049,0,1,1,16,46
70053,61,261,510,2619,5889
70056,0,0,316,4481,11130
70057,0,19,71,301,796
70058,0,223,695,5452,13560
70062,0,101,351,2496,5784
70065,0,271,919,5997,14645
70068,0,30,378,3256,9807
70070,14,20,80,538,1503
70072,0,521,1142,8254,19654
70075,0,29,88,700,1903
70079,0,0,73,402,1093
70084,3,30,57,516,1482
70085,13,25,39,199,538
70087,0,7,35,332,893
70092,0,59,156,983,2622
70094,0,219,547,4792,11859
70112,16,99,141,671,823
70113,9,134,251,1750,2268
70114,0,278,463,2752,6944
70115,0,117,1073,4908,11005
70116,29,213,450,3812,4698
70117,0,355,853,4704,11421
70118,11,427,1247,4528,10434
70119,0,371,1063,9444,11953
70121,0,52,192,1998,5112
70122,222,652,1148,10125,12670
70123,0,76,553,3836,9276
70124,0,315,1029,5821,7319
70125,45,317,657,4198,5339
70126,39,444,848,7689,9612
70127,74,413,731,5179,6567
70128,0,114,555,2479,6036
70129,0,110,254,1068,2516
70130,0,103,433,1737,3891
70131,0,90,522,3045,7903
70148,0,1,2,3,4
70343,0,0,2,13,36
70360,52,233,570,2996,8376
70363,0,107,302,1987,6131
70364,0,82,240,1860,5725
70395,0,0,2,8,22
70401,0,77,286,2431,6849
70403,0,174,579,3508,8973
70446,0,0,0,3,11
70454,33,200,418,7684,8243
70455,0,6,30,395,423
70462,0,5,22,211,787
70466,4,16,34,297,859
70501,143,552,860,10105,10855
70503,0,142,913,4441,9662
70506,28,525,908,5947,13824
70507,0,57,154,2327,5604
70508,0,150,1247,6402,14367
70517,0,15,31,476,511
70518,6,183,447,5682,6154
70520,0,84,172,1591,3743
70525,1,2,3,35,38
70529,19,64,108,801,1862
70535,48,227,350,3965,4293
70555,18,48,103,441,1064
70560,16,34,50,588,628
70570,100,409,673,8284,8920
70577,8,54,78,1064,1148
70578,0,0,0,1,1
70582,2,4,6,146,158
70583,0,146,279,1776,4222
70584,0,0,0,0,1
70592,15,256,666,6646,7114
70601,0,311,933,4509,12504
70605,0,36,593,3121,8842
70607,0,95,205,1587,4667
70611,0,9,175,1004,2778
70615,0,13,85,656,2066
70663,85,171,377,2364,6970
70665,0,25,149,603,1622
70668,0,0,0,3,3
70669,0,39,112,950,2989
70706,0,25,262,2386,6101
70710,0,7,26,402,943
70711,0,1,26,359,1351
70714,20,208,369,2822,6528
70719,5,23,79,777,1764
70726,0,224,798,5875,15518
70734,0,0,224,959,2573
70737,46,263,929,6302,15049
70739,13,49,282,1535,4251
70744,0,4,22,88,194
70764,0,0,0,0,1
70767,0,20,162,2065,4807
70769,28,114,1054,5941,13678
70770,0,14,39,284,662
70774,1,14,59,229,655
70777,1,1,4,29,66
70778,0,1,14,94,310
70785,26,64,155,1381,3734
70791,0,113,443,3794,8466
70801,0,0,3,40,92
70802,87,376,717,3803,8533
70805,0,390,606,3559,8097
70806,0,85,507,3551,8176
70807,98,325,520,2443,5244
70808,118,344,1267,4480,9215
70809,0,84,540,3564,8166
70810,0,191,1216,6010,13016
70811,0,143,259,1857,4358
70812,3,74,227,1517,3291
70814,0,114,255,1632,5082
70815,0,193,596,2927,8483
70816,95,345,631,5069,11614
70817,0,95,950,5120,11344
70818,0,4,272,1485,4031
70819,0,16,98,607,1666
70820,46,218,478,1903,3981
71006,0,0,0,1,3
71009,0,2,2,15,31
71024,0,0,0,0,1
71037,6,45,112,574,2088
71047,0,12,50,565,1170
71051,0,1,2,12,42
71055,0,16,140,723,3018
71073,0,3,8,53,256
71101,15,148,221,1236,2355
71103,0,65,153,1316,2672
71104,21,161,327,2036,4136
71105,0,110,378,3261,6714
71106,19,235,985,4627,8991
71107,0,205,604,4677,9452
71108,82,231,359,2519,5003
71109,26,220,486,3134,6313
71110,0,3,18,413,896
71111,158,382,804,6194,12809
71112,0,216,389,5063,10645
71115,0,86,300,2460,4965
71118,0,73,164,2704,5995
71119,0,53,204,1648,3408
71129,0,34,120,1543,3367
71201,0,143,627,2567,7256
71202,73,367,627,2227,6455
71203,0,249,588,2957,8614
71225,0,1,3,12,38
71280,0,1,2,8,29
71291,0,53,509,2580,8555
71292,0,47,185,1017,3521
71301,120,391,622,7324,7802
71302,37,148,230,2588,2784
71303,0,136,330,4710,5114
71360,18,141,277,5398,5816
71405,2,14,48,868,947
71423,0,0,0,3,3
71485,0,0,0,1,1
1001,0,0,201,2995,4515
1002,0,35,190,1784,1909
1007,0,0,0,3,3
1013,0,45,296,3643,5570
1020,0,68,375,5408,8368
1022,0,0,0,541,834
1027,0,0,150,4077,4258
1028,0,10,442,4353,4679
1030,0,0,205,2428,3644
1033,0,2,147,1673,1778
1035,0,0,40,451,487
1036,0,0,3,37,39
1040,0,31,377,4998,7559
1056,0,0,302,4175,4495
1068,0,0,1,13,14
1073,0,0,76,1347,2027
1075,0,18,385,4172,4417
1077,0,0,117,1497,2295
1085,0,0,466,6522,9753
1089,0,14,368,4659,7080
1095,0,4,102,991,1086
1103,0,1,15,125,188
1104,0,79,302,3540,5177
1105,0,0,105,902,1331
1106,0,17,403,2967,3249
1107,0,46,125,891,1344
1108,0,62,234,4141,4340
1109,0,36,189,3339,5021
1118,0,21,222,3297,3491
1119,0,3,102,2069,3164
1128,0,7,61,763,805
1129,0,38,122,1961,2066
1151,0,32,66,2033,2121
1201,0,73,237,5968,6516
1237,0,2,10,149,164
1238,0,0,2,30,34
1240,0,3,60,815,904
1266,0,0,3,24,26
1420,0,75,432,8068,8192
1450,0,2,53,228,249
1453,0,53,597,8566,8816
1462,0,15,104,1086,1131
1463,0,0,2,15,16
1473,0,0,1,8,8
1501,0,0,264,4559,4751
1504,0,17,208,2254,2370
1505,1,4,85,694,753
1507,0,1,89,1316,1392
1515,0,1,16,282,290
1516,0,0,59,503,540
1519,0,1,66,384,415
1520,3,20,385,2958,3198
1522,0,0,15,252,264
1524,0,0,100,1705,1792
1527,0,15,255,3429,3658
1529,0,0,28,358,376
1534,0,0,6,57,61
1535,0,0,2,40,42
1536,0,8,102,886,927
1537,0,6,12,632,641
1540,0,6,155,2934,3058
1541,0,0,12,69,76
1542,0,1,28,551,568
1543,0,1,41,281,305
1545,0,6,704,5444,5960
1560,0,0,14,152,161
1562,0,28,173,3010,3095
1564,0,0,257,1928,2105
1566,0,0,1,10,11
1568,0,0,28,168,180
1569,0,13,153,1686,1785
1570,0,28,213,3761,3896
1571,0,0,110,1864,1943
1581,0,0,22,127,137
1583,4,6,143,1942,2048
1588,0,5,54,565,596
1590,0,6,272,1739,1891
1602,0,90,387,4172,4415
1603,0,0,194,3349,3490
1604,0,78,327,6846,7031
1605,0,47,269,3721,3899
1606,0,11,304,5166,5361
1607,0,16,81,1475,1542
1608,0,4,25,259,270
1609,0,62,279,2780,2902
1610,0,60,210,2523,2676
1611,0,0,32,521,545
1612,0,0,141,1321,1407
1701,0,11,351,2413,2660
1702,0,25,392,4619,4829
1721,0,20,422,2940,3169
1730,0,6,365,1837,2039
1731,0,0,12,348,355
1741,0,2,156,496,566
1742,0,0,2,7,8
1745,0,0,21,131,143
1746,0,10,493,2961,3226
1747,0,0,187,1374,1493
1748,0,6,654,2697,3053
1756,0,3,189,1405,1521
1757,0,67,586,6257,6517
1760,0,58,976,5823,6269
1770,0,0,212,791,888
1772,0,0,382,1671,1915
1773,0,3,40,168,188
1778,0,0,1,4,5
1801,0,18,903,8186,8562
1803,0,0,646,4710,5171
1810,0,27,1224,5867,6537
1821,0,25,605,5804,6218
1824,0,32,762,4713,5144
1826,0,44,381,6009,6244
1827,0,1,177,777,881
1830,0,58,315,4145,4381
1832,0,14,242,4331,4509
1833,0,0,0,1,1
1834,0,1,147,1213,1292
1835,0,25,195,2891,3052
1840,0,11,36,427,451
1841,0,63,223,5453,5659
1843,0,32,194,3763,3890
1844,0,82,868,10895,11517
1845,0,43,700,4849,5256
1850,0,21,153,2527,2645
1851,0,47,318,4360,4603
1852,0,0,279,4374,4607
1854,0,24,210,3734,3916
1862,0,21,176,1621,1717
1863,0,11,157,1625,1724
1864,0,16,421,2884,3137
1867,0,10,689,4299,4629
1876,0,15,433,4540,4735
1879,0,0,346,2641,2809
1880,0,0,681,5101,5542
1886,0,11,700,3165,3511
1887,0,30,665,4435,4879
1890,0,4,992,3625,4084
1901,0,10,24,183,198
1902,0,121,445,5967,6253
1904,0,28,350,4421,4643
1905,0,56,259,4048,4246
1906,0,0,515,6415,6731
1907,0,46,431,3127,3444
1908,0,8,134,1176,1239
1915,0,72,740,7305,7774
1921,0,0,35,134,156
1923,0,35,625,6340,6784
1940,0,25,417,2239,2442
1945,0,0,937,4630,5193
1949,0,20,334,1706,1864
1960,0,211,991,11560,12130
1970,0,52,526,8021,8486
1982,0,8,114,765,836
1983,0,0,25,136,148
1984,0,4,167,739,824
1985,0,0,5,25,28
2019,0,8,357,3883,4110
2021,0,20,715,4449,4799
2025,0,0,222,1012,1155
2026,0,63,836,5223,5563
2030,0,0,382,1035,1207
2032,0,0,164,911,992
2035,0,31,385,3428,3706
2038,0,37,707,4785,5094
2043,0,23,650,2808,3105
2048,0,0,496,4352,4582
2052,0,22,677,2283,2548
2053,0,0,455,2711,3007
2054,0,11,200,1669,1756
2056,0,14,353,1775,1936
2061,0,0,331,1553,1771
2062,0,46,637,6126,6422
2066,0,0,599,3777,4148
2067,0,7,641,3070,3496
2071,0,0,54,182,212
2072,0,58,636,5933,6296
2081,0,0,551,3685,4081
2090,0,18,739,3036,3363
2093,0,8,275,1473,1622
2108,0,2,82,336,370
2109,0,4,49,268,290
2110,0,1,19,76,83
2111,0,6,40,176,190
2113,0,4,35,416,434
2114,0,11,93,475,510
2115,0,33,127,888,937
2116,0,22,290,1257,1392
2118,0,28,261,1468,1572
2119,0,79,309,2624,2742
2120,0,33,109,904,935
2121,0,17,210,2335,2431
2122,0,50,357,3351,3502
2124,0,150,636,5888,6081
2125,0,108,458,3903,4057
2126,0,45,317,3554,3709
2127,0,49,770,3947,4294
2128,0,39,466,4567,4797
2129,0,17,370,1834,2011
2130,0,83,605,3948,4260
2131,16,67,647,4804,5042
2132,0,111,781,5568,5974
2134,0,27,123,1517,1563
2135,0,50,327,3931,4068
2136,0,0,382,4672,4891
2138,0,0,566,3224,3453
2139,0,13,435,2931,3094
2140,0,4,306,1814,1955
2141,0,18,195,1298,1376
2142,0,3,25,121,134
2143,0,30,452,3509,3684
2144,0,28,568,3470,3823
2145,0,15,377,3504,3691
2148,0,46,787,8698,9059
2149,0,43,491,6663,7118
2150,0,44,254,3485,3640
2151,0,161,702,8879,9315
2152,0,15,352,3435,3660
2155,0,94,1370,10589,11420
2163,0,2,7,35,36
2169,0,88,729,8974,9567
2170,0,30,303,3497,3717
2171,0,51,299,3089,3323
2176,0,54,696,4778,5143
2180,0,42,489,4190,4526
2184,0,17,996,7547,8206
2186,0,31,1057,5286,5854
2188,0,21,174,2531,2632
2189,0,15,186,2774,2951
2190,0,40,309,3311,3562
2191,0,19,109,1595,1673
2199,0,2,13,57,62
2210,0,1,46,199,220
2215,0,22,84,560,586
2301,0,0,615,9581,10124
2302,0,50,407,6710,7024
2322,0,8,58,1259,1329
2333,0,5,139,1168,1247
2339,0,20,469,2414,2689
2341,0,3,92,958,1035
2343,0,17,210,2547,2705
2346,0,0,231,4195,4394
2347,0,25,342,2922,3100
2351,0,33,269,3330,3573
2356,0,11,285,2472,2623
2368,0,20,540,6102,6465
2370,0,35,351,3998,4227
2375,0,6,127,956,1026
2379,0,3,24,221,240
2382,0,35,228,3195,3407
2420,0,3,665,2499,2797
2421,0,40,748,2801,3197
2445,0,5,376,2120,2283
2446,0,27,303,1869,2002
2451,0,16,520,3654,3877
2452,0,0,238,2430,2569
2453,0,10,546,4552,4818
2458,0,5,448,2201,2369
2459,0,0,832,3195,3686
2460,0,11,254,1406,1528
2461,0,12,286,1091,1210
2462,0,1,49,226,249
2464,0,4,78,475,501
2465,0,31,558,2394,2641
2466,0,12,242,1010,1127
2467,0,37,480,2019,2197
2468,0,0,315,804,952
2472,0,54,792,6135,6537
2474,0,50,844,4880,5366
2476,7,54,533,3037,3257
2478,0,69,1083,5037,5498
2481,0,9,605,1826,2110
2482,0,5,403,1364,1542
2492,0,30,1034,3596,4062
2493,0,5,192,626,723
2494,0,2,513,1917,2109
2601,0,36,284,5012,5126
2630,0,6,90,1044,1097
2632,0,2,56,569,597
2668,0,0,3,27,28
2673,0,21,111,2286,2335
2675,0,12,64,598,633
2702,0,12,101,1168,1209
2703,0,96,733,9143,9500
2715,0,0,93,986,1027
2717,0,0,161,1418,1504
2718,0,9,96,1705,1758
2719,0,30,332,4757,4881
2720,0,115,409,6075,6273
2721,0,62,315,5396,5554
2723,0,45,208,2889,2967
2724,0,33,245,3550,3647
2725,0,0,116,995,1052
2726,0,61,348,5285,5428
2739,0,1,13,103,108
2740,0,206,597,9972,10157
2743,0,0,244,3242,3337
2744,0,52,106,2394,2430
2745,0,7,380,6819,6967
2746,0,90,213,2550,2619
2747,0,23,423,5501,5698
2748,0,48,464,3390,3582
2760,0,46,477,5357,5650
2762,0,0,115,1196,1268
2763,0,1,61,488,508
2764,0,0,74,1004,1036
2766,0,24,407,3753,3938
2767,0,13,154,1209,1282
2769,0,4,440,3650,3868
2770,0,2,55,594,629
2771,0,29,416,4500,4662
2777,0,0,344,5866,6081
2779,0,14,239,1831,1962
2780,0,101,596,9649,9963
2790,0,23,273,3564,3730
20701,0,0,1,15,15
20705,0,24,663,5795,5907
20706,0,15,294,2955,3003
20707,0,6,867,6045,6182
20708,0,0,368,3533,3572
20712,0,16,277,523,527
20715,0,0,329,1969,2017
20720,0,19,1473,6252,6465
20721,0,18,1365,5853,6071
20722,0,0,8,15,15
20723,0,17,1105,5558,5741
20724,0,35,358,2872,2931
20740,0,70,999,1800,1833
20743,0,49,935,1780,1798
20745,0,7,169,323,327
20746,0,4,111,204,206
20748,0,1,15,28,28
20755,0,2,84,944,955
20759,0,0,140,386,414
20763,0,7,84,502,513
20769,0,0,319,1792,1859
20770,0,10,84,678,690
20772,0,13,332,1869,1923
20774,0,120,1505,9754,10025
20777,0,0,1,2,2
20781,0,0,1,2,2
20782,0,7,178,348,351
20783,0,32,785,1501,1516
20794,0,0,355,2350,2398
20814,0,33,1195,1983,2036
20815,0,41,614,1030,1064
20816,0,13,289,480,498
20817,0,88,1865,3031,3148
20841,0,0,288,1371,1546
20850,0,249,4510,7832,8009
20851,0,29,1233,2170,2199
20852,0,79,2776,4845,4939
20853,0,65,2194,3707,3794
20854,0,234,6276,10216,10609
20855,0,3,1691,2908,2977
20866,0,8,386,2065,2120
20868,0,0,16,87,90
20874,0,0,660,8655,9026
20876,0,0,175,2172,2261
20877,0,55,2213,3892,3947
20878,0,94,6009,10143,10404
20879,0,53,2712,4755,4798
20880,0,1,29,50,51
20882,0,1,80,287,300
20886,0,0,290,3696,3858
20895,0,97,2147,3594,3714
20896,0,3,56,89,93
20899,0,0,10,19,19
20901,0,30,2978,4838,4937
20902,0,88,4356,7275,7386
20903,0,18,874,1585,1603
20904,0,41,1141,7962,8141
20905,0,6,595,2907,2994
20906,0,148,4297,7726,7812
20910,0,38,1200,2073,2117
20912,0,7,229,397,403
21012,2,13,335,1865,1915
21032,2,6,114,482,501
21042,0,0,1624,6149,6439
21043,0,119,1983,9560,9897
21044,0,3,200,1033,1068
21045,0,27,968,6468,6627
21046,0,0,330,1931,1981
21052,0,0,2,177,177
21054,0,20,246,959,1001
21056,0,0,45,106,115
21057,0,2,89,371,388
21060,0,101,1014,8281,8442
21061,0,91,1006,11293,11430
21075,0,34,1274,6436,6697
21076,0,23,677,3752,3892
21077,0,0,15,186,186
21087,0,6,117,565,584
21090,0,16,435,3901,3956
21093,0,96,1238,7141,7369
21104,0,0,2,6,6
21108,0,37,766,3965,4109
21113,0,33,803,5427,5561
21117,0,27,990,8939,9093
21122,0,15,2216,14929,15265
21128,0,12,768,3752,3888
21133,0,100,728,7528,7643
21136,0,15,184,1154,1187
21144,0,65,1564,7806,8098
21146,0,0,1167,4458,4683
21156,0,0,5,22,23
21162,0,6,294,1469,1518
21163,0,3,100,673,690
21201,0,100,446,2376,2441
21202,0,66,572,3569,3639
21204,0,101,773,3927,4052
21205,0,180,844,5686,5808
21206,0,98,1092,12110,12281
21207,0,155,1126,10911,11044
21208,0,66,977,8052,8200
21209,0,131,914,5572,5709
21210,0,34,485,2211,2289
21211,0,130,769,6090,6190
21212,0,0,1512,7869,8121
21213,0,209,1410,12851,13034
21214,0,0,503,5988,6055
21215,0,457,2528,16017,16311
21216,0,272,1266,10292,10459
21217,0,0,1534,11512,11664
21218,0,571,2175,13238,13591
21219,0,0,419,3342,3407
21220,0,135,856,6283,6425
21221,0,91,975,11173,11343
21222,0,254,1255,15660,15866
21223,0,279,1471,10564,10715
21224,0,131,2184,16010,16404
21225,0,138,1018,8975,9159
21226,0,30,261,3329,3356
21227,0,190,1581,10276,10540
21228,0,0,1503,12868,13144
21229,0,224,1184,12297,12447
21230,0,172,1889,11119,11462
21231,0,110,772,4122,4249
21234,0,330,1900,19119,19409
21236,0,0,1248,11187,11335
21237,0,155,902,8461,8581
21239,0,89,697,6722,6817
21244,0,0,607,8131,8213
21286,0,137,774,4288,4425
21502,0,0,443,12310,12614
21529,0,0,12,208,213
21545,0,0,2,41,42
21713,0,0,1,20,21
21722,0,0,0,1,1
21733,0,0,0,3,3
21734,0,1,11,80,81
21740,0,0,597,15734,16105
21742,0,0,300,6274,6490
21767,0,0,25,398,406
21795,0,0,125,1993,2070
21801,0,311,5990,7506,7582
21804,8,296,6340,7941,7997
21810,0,0,10,12,12
21822,0,7,255,320,321
21826,0,33,1092,1317,1329
21830,0,26,851,1129,1135
21837,0,0,1,1,1
21849,0,0,9,11,11
21856,0,0,4,5,5
21875,0,8,942,1195,1196
3901,0,24,379,605,609
3903,0,20,314,499,509
3904,9,45,670,1057,1071
3905,0,4,58,92,94
3906,0,0,1,2,2
3908,2,36,408,644,658
3909,0,2,22,33,34
4005,55,258,3849,6044,6143
4038,10,194,2084,3253,3337
4046,4,20,185,284,292
4062,0,18,238,361,370
4063,0,5,43,68,70
4064,12,130,1768,2841,2870
4072,0,250,3414,5447,5552
4074,0,532,3908,5960,6177
4092,0,80,2799,4390,4443
4093,0,12,305,483,488
4101,0,129,1629,2565,2623
4102,34,215,2468,3745,3822
4103,7,329,4828,7339,7459
4105,14,255,1279,1861,1971
4106,0,236,4641,7290,7379
4107,8,240,1689,2470,2586
4108,3,59,340,513,533
4210,46,199,3037,5595,5681
4236,0,8,128,239,243
4240,65,295,4806,9105,9179
4250,0,3,96,185,186
4252,0,1,40,75,76
4258,0,7,195,368,373
4274,0,11,180,333,340
4280,0,35,813,1562,1576
4330,0,90,1671,3176,3211
4344,2,18,230,424,430
4345,5,22,366,688,695
4346,2,9,139,263,265
4347,1,22,218,396,404
4351,0,0,1,2,2
4401,0,320,834,8664,8788
4411,0,0,0,9,9
4412,0,31,215,2797,2822
4428,0,5,21,293,297
4429,0,14,60,466,481
4444,0,42,125,1436,1474
4473,0,9,29,282,288
4474,0,13,64,601,616
4605,0,3,9,109,110
4609,0,29,121,1091,1117
4612,0,0,13,151,154
4646,0,1,5,59,61
4653,0,0,6,189,189
4660,0,5,20,144,148
4662,0,12,42,262,272
4674,0,1,4,78,79
4679,0,23,72,688,707
48009,0,0,0,0,0
48015,0,0,0,0,0
48017,0,0,0,0,0
48021,0,0,0,0,0
48025,0,0,0,0,0
48026,0,0,0,0,0
48030,0,0,0,0,0
48033,0,0,0,0,0
48034,0,0,0,0,0
48035,0,0,0,0,0
48036,0,0,0,18,24
48038,0,0,0,0,0
48040,0,0,0,0,0
48042,0,0,0,10,10
48043,0,0,0,0,0
48044,0,0,0,33,49
48045,0,0,0,0,0
48047,0,0,0,0,0
48048,0,0,0,0,3
48049,0,0,0,0,0
48051,0,5,15,20,20
48059,0,0,0,0,0
48060,0,0,0,0,0
48066,0,0,0,0,0
48067,20,33,33,40,59
48069,0,0,0,0,0
48070,0,0,0,0,0
48071,0,0,0,10,29
48072,0,0,0,0,0
48073,0,0,0,0,10
48074,0,0,0,0,0
48075,0,0,0,0,0
48076,0,0,0,0,0
48079,0,0,0,0,0
48080,0,0,0,0,0
48081,0,0,0,0,0
48082,0,0,0,0,0
48083,0,0,0,0,0
48084,0,0,0,0,0
48085,0,0,0,0,0
48088,0,0,0,0,0
48089,0,0,34,45,112
48091,0,0,0,0,0
48092,0,0,0,0,0
48093,0,0,0,23,23
48094,0,0,0,11,21
48095,0,0,0,0,0
48096,0,0,0,0,5
48098,0,0,0,0,0
48101,0,0,0,0,0
48103,0,14,27,55,68
48104,0,0,0,0,32
48105,0,0,0,0,0
48108,0,0,0,0,10
48109,0,0,0,0,1
48111,0,0,0,0,0
48114,0,0,0,0,0
48116,0,0,0,0,21
48117,0,0,0,0,0
48120,0,0,0,0,0
48122,0,0,0,0,14
48124,0,0,0,0,0
48125,0,0,0,0,0
48126,0,0,0,0,0
48127,0,0,0,0,0
48128,0,0,0,0,0
48130,2,2,4,4,6
48133,0,0,0,0,0
48134,0,0,0,0,0
48135,0,0,0,0,0
48138,0,0,0,0,0
48139,0,0,0,0,0
48141,0,0,0,0,35
48144,0,0,0,0,0
48146,0,0,0,0,0
48150,0,0,0,0,31
48152,0,0,0,0,10
48154,0,0,0,0,0
48157,0,0,0,0,0
48161,0,0,0,0,0
48162,0,0,0,0,0
48164,0,0,0,0,0
48165,0,0,2,6,6
48166,0,0,0,0,0
48167,0,0,0,0,0
48168,0,0,0,0,0
48169,4,8,10,10,12
48170,0,0,0,0,0
48173,0,5,5,5,10
48174,0,0,0,0,0
48176,0,0,0,0,0
48178,0,0,0,0,0
48179,0,0,0,2,3
48180,0,0,0,0,59
48182,0,0,0,0,0
48183,0,0,0,0,0
48184,0,0,0,0,0
48185,0,0,0,0,0
48186,0,0,0,0,0
48187,0,0,0,14,29
48188,0,0,0,0,0
48189,0,0,0,0,0
48192,0,0,0,0,0
48193,0,0,0,0,0
48195,0,0,0,0,0
48197,0,0,0,0,0
48198,0,0,0,22,22
48201,0,0,0,0,0
48202,0,0,0,0,0
48203,0,0,0,0,0
48204,0,0,0,0,31
48205,0,27,82,96,109
48206,0,0,0,0,0
48207,0,0,0,0,0
48208,0,0,0,0,0
48209,0,0,0,0,0
48210,0,0,0,0,45
48211,0,0,0,0,0
48212,0,0,0,0,83
48213,0,0,0,0,0
48214,0,0,0,0,0
48215,0,0,0,0,0
48216,0,0,0,0,0
48217,0,0,0,0,0
48218,0,0,0,0,0
48219,0,0,0,0,0
48220,0,0,0,0,0
48221,0,0,0,0,0
48223,0,0,0,0,0
48224,0,0,0,0,0
48225,0,0,0,0,0
48226,0,0,0,0,0
48227,0,0,0,0,0
48228,0,0,0,0,0
48229,0,0,0,0,3
48230,0,0,0,0,0
48234,0,0,0,0,0
48235,0,0,0,116,155
48236,0,0,10,20,30
48237,0,0,0,0,0
48238,0,0,0,0,0
48239,0,0,0,0,0
48240,0,0,0,0,0
48301,0,0,0,0,0
48302,0,0,0,0,0
48304,0,0,0,0,0
48306,0,0,0,0,0
48307,0,0,0,0,0
48309,0,8,8,17,25
48310,0,26,39,103,116
48312,0,0,0,0,0
48313,0,0,0,0,41
48314,0,0,0,0,0
48315,0,0,0,0,0
48316,0,0,0,7,22
48317,7,14,29,36,57
48320,0,0,0,0,0
48322,0,0,0,0,0
48323,0,0,0,5,27
48324,0,0,0,0,0
48326,0,0,0,0,0
48327,0,0,0,0,0
48328,0,0,0,0,0
48329,0,0,0,0,0
48331,19,26,26,26,26
48334,0,0,0,0,0
48335,0,0,0,0,0
48336,0,0,0,0,0
48340,0,0,0,0,0
48341,0,0,0,0,0
48342,0,0,0,0,10
48346,0,0,0,0,0
48348,0,0,0,0,6
48350,0,0,0,0,0
48353,0,0,0,0,0
48359,0,0,0,0,0
48360,0,0,0,3,9
48363,0,0,0,0,0
48374,0,0,0,0,0
48375,0,0,0,0,0
48377,0,0,0,0,0
48380,0,0,0,0,0
48381,0,0,0,0,0
48382,0,0,0,0,0
48383,0,0,0,1,1
48386,0,0,0,0,0
48390,0,0,0,0,0
48393,0,0,0,0,0
48415,0,0,0,0,0
48420,0,0,0,0,0
48421,0,0,0,0,0
48423,0,0,0,0,0
48430,0,0,0,0,0
48433,0,0,0,0,0
48436,0,0,0,0,0
48437,0,0,0,0,0
48438,0,0,0,0,0
48439,0,0,0,0,0
48442,0,0,0,0,0
48457,0,0,0,0,0
48458,0,0,0,0,0
48463,0,0,0,0,1
48473,0,0,0,0,0
48502,0,0,0,0,0
48503,0,0,0,0,0
48504,0,0,0,0,0
48505,0,0,0,0,0
48506,0,0,0,0,0
48507,0,0,0,0,0
48509,0,0,0,0,0
48519,0,0,0,0,0
48529,0,0,0,0,0
48532,0,0,0,0,17
48601,0,0,0,0,0
48602,0,0,0,0,0
48603,0,0,0,0,0
48604,0,0,0,0,0
48607,0,0,0,0,0
48609,0,0,0,0,0
48623,0,0,0,0,0
48631,0,0,0,0,0
48638,0,0,0,4,24
48640,0,0,0,0,0
48642,0,0,0,8,11
48706,0,0,0,0,0
48708,0,0,0,0,0
48722,0,0,0,0,0
48724,0,0,0,0,0
48732,0,0,0,0,0
48746,0,0,0,0,0
48808,0,0,0,0,0
48813,0,0,0,0,0
48820,0,0,0,0,0
48821,2,2,5,5,5
48822,0,0,0,0,0
48823,0,0,0,0,0
48827,0,0,0,0,0
48837,0,0,0,0,0
48840,0,0,0,0,0
48842,0,0,0,0,0
48843,0,0,0,0,0
48848,0,0,0,0,0
48854,0,0,0,0,0
48855,0,0,0,0,0
48864,0,0,0,0,0
48876,0,0,0,0,1
48895,0,0,0,0,0
48906,0,0,0,0,0
48910,0,0,0,0,0
48911,0,0,0,11,42
48912,0,0,0,0,0
48915,0,0,0,0,0
48917,0,0,0,0,10
48933,0,0,0,0,0
49001,0,0,0,0,0
49002,0,0,0,0,0
49004,0,0,0,0,0
49006,0,0,0,0,0
49007,0,0,0,0,0
49008,0,0,0,15,25
49009,0,0,0,0,21
49010,0,0,0,0,0
49012,0,0,0,0,0
49014,0,0,0,0,0
49015,0,0,0,0,0
49017,0,0,0,0,0
49024,0,0,0,0,0
49033,0,0,0,0,0
49034,0,0,0,0,0
49037,0,0,0,0,0
49048,0,0,0,0,0
49051,0,0,0,0,0
49053,0,0,0,0,0
49083,0,0,0,0,0
49087,0,0,0,0,0
49088,0,0,0,0,0
49107,0,0,0,0,0
49112,0,0,0,0,0
49117,0,0,0,0,0
49120,0,0,0,0,0
49201,0,0,0,0,0
49202,0,0,0,0,0
49203,0,0,0,0,0
49221,0,0,0,0,0
49228,0,0,0,0,0
49254,0,0,0,1,2
49267,0,0,0,7,12
49270,0,0,0,0,0
49276,0,0,0,0,0
49277,0,0,0,0,0
49286,0,0,0,0,0
49301,0,0,0,0,5
49302,0,1,1,2,2
49306,0,0,0,0,0
49315,19,19,25,25,25
49316,0,0,0,0,0
49321,0,0,0,0,0
49331,0,0,0,0,0
49341,0,0,0,0,0
49345,0,0,0,0,0
49401,0,0,0,0,0
49403,0,0,0,0,0
49404,0,0,0,0,0
49406,0,0,0,0,0
49408,1,1,1,1,1
49415,0,0,0,0,0
49418,9,17,35,35,43
49419,0,0,0,0,0
49423,0,0,0,0,0
49424,0,0,0,0,0
49426,0,0,0,0,0
49428,0,0,0,0,0
49435,0,0,0,0,0
49440,0,0,0,0,0
49441,0,0,10,31,41
49442,0,0,0,0,0
49444,0,0,0,0,0
49445,0,0,0,0,0
49453,0,0,0,0,0
49456,0,0,0,0,0
49457,0,0,0,0,0
49460,0,0,0,0,0
49464,0,0,0,0,0
49503,0,0,0,0,53
49504,0,0,0,0,0
49505,0,17,34,51,59
49506,0,0,0,0,0
49507,0,0,0,0,0
49508,0,0,0,0,0
49509,0,0,0,0,0
49512,20,20,24,28,28
49519,0,0,0,0,0
49525,0,0,0,0,0
49534,0,0,0,0,0
49544,0,0,0,0,0
49546,0,0,0,0,0
49548,0,0,0,0,16
49621,0,0,0,0,0
49637,0,0,0,0,0
49649,0,0,0,0,0
49684,0,0,0,0,0
49685,0,0,4,4,6
49686,0,0,0,0,0
49690,0,0,0,0,0
49696,0,0,0,0,0
55001,0,0,0,4,26
55003,0,0,1,1,2
55009,0,0,0,0,0
55011,0,0,0,0,0
55014,0,0,0,0,77
55016,0,0,0,0,139
55020,0,0,0,0,1
55024,0,0,0,0,0
55025,0,0,0,8,77
55031,0,0,0,0,6
55033,0,0,0,71,152
55038,0,0,0,0,92
55042,0,0,0,0,72
55043,0,0,0,3,5
55044,0,0,0,0,325
55055,0,0,2,6,12
55068,0,0,0,9,283
55071,0,0,0,6,21
55075,0,0,0,28,85
55076,0,0,0,30,85
55077,0,0,0,0,48
55082,0,0,8,56,185
55085,0,0,0,0,2
55089,0,0,0,0,0
55090,0,0,0,1,1
55092,0,0,0,0,20
55101,0,0,0,0,5
55102,0,0,0,0,12
55103,0,0,6,30,59
55104,0,0,0,56,181
55105,0,0,0,0,180
55106,0,0,0,0,108
55107,0,0,0,0,63
55108,0,0,0,0,9
55109,0,21,48,103,110
55110,0,0,0,43,206
55112,0,24,47,47,102
55113,0,0,23,69,177
55114,0,0,2,8,17
55115,0,0,2,4,50
55116,0,0,0,0,69
55117,0,0,31,107,160
55118,0,0,0,6,42
55119,0,0,0,0,89
55120,0,0,3,3,36
55121,0,0,0,4,25
55122,0,0,8,79,205
55123,0,0,0,0,232
55124,0,0,13,80,292
55125,0,0,0,0,176
55126,6,12,18,43,115
55127,0,0,0,0,78
55128,0,0,0,7,67
55129,0,0,6,12,110
55130,0,0,0,28,74
55150,0,0,0,0,1
55301,0,0,0,3,51
55303,0,0,0,0,0
55304,0,15,15,46,46
55305,0,3,14,20,57
55306,0,0,3,6,16
55309,0,0,0,0,1
55311,0,0,7,13,139
55313,0,0,0,0,0
55315,0,2,3,5,8
55316,0,0,0,6,43
55317,0,0,5,5,149
55318,0,0,0,0,61
55322,0,0,0,0,0
55327,0,0,2,3,44
55330,0,0,0,39,48
55331,0,0,4,8,146
55337,0,0,0,91,145
55340,0,0,2,15,110
55341,0,0,0,0,23
55343,0,0,0,0,14
55344,0,0,0,0,39
55345,0,0,0,0,45
55346,0,8,8,21,153
55347,0,0,18,26,387
55352,0,0,0,14,70
55356,0,5,24,41,106
55357,0,0,0,1,46
55359,0,0,0,0,22
55362,0,0,0,2,5
55364,0,0,0,3,45
55369,0,0,0,0,19
55372,0,0,0,0,104
55373,0,0,0,0,1
55374,0,0,5,28,65
55376,0,0,0,4,70
55378,43,43,43,43,224
55379,0,0,0,0,59
55384,0,0,0,1,3
55386,0,0,0,2,30
55387,0,0,0,0,2
55391,0,0,0,0,99
55401,0,0,0,0,7
55402,0,0,0,1,1
55403,0,0,6,16,26
55404,0,0,0,34,61
55405,0,0,5,25,52
55406,0,0,0,49,161
55407,0,0,0,80,153
55408,0,0,0,8,53
55409,0,0,10,14,38
55410,0,0,0,22,153
55411,0,0,0,67,130
55412,0,0,9,38,141
55413,0,0,0,18,31
55414,0,0,0,28,69
55415,0,0,1,2,5
55416,0,0,0,25,142
55417,0,0,0,0,151
55418,0,0,33,66,206
55419,0,0,0,0,214
55420,0,0,0,22,71
55421,0,0,0,0,64
55422,0,0,32,64,85
55423,0,0,0,5,44
55424,0,0,0,6,113
55425,0,0,0,13,33
55426,0,0,0,24,92
55427,0,0,0,9,35
55428,0,0,36,51,67
55429,0,0,0,0,63
55430,0,8,25,54,91
55431,8,12,12,12,74
55432,0,19,43,56,68
55433,0,0,0,24,56
55434,0,0,20,52,98
55435,0,0,8,34,86
55436,0,0,0,0,79
55437,0,0,0,0,40
55438,0,0,0,37,157
55439,0,0,0,10,46
55441,0,0,0,0,31
55442,0,0,3,26,39
55443,0,0,0,0,58
55444,0,0,4,23,65
55445,0,0,6,10,67
55446,0,0,6,30,213
55447,0,0,0,13,112
55448,0,0,7,28,84
55449,0,0,24,32,183
55454,0,0,0,2,6
55802,0,0,0,4,28
55803,0,0,0,4,29
55804,0,0,0,0,0
55805,0,0,0,11,25
55806,0,0,0,5,27
55807,0,0,0,0,28
55808,0,0,0,9,28
55810,0,0,0,0,5
55811,0,0,0,0,15
55812,0,0,0,0,25
55901,0,0,0,0,151
55902,0,0,0,0,0
55904,0,0,0,0,19
55906,0,0,0,40,55
55920,0,0,0,0,2
55925,0,0,0,0,0
55934,0,0,0,0,0
55947,0,0,0,6,11
55960,0,0,0,0,1
56001,0,0,0,30,89
56003,0,7,28,38,101
56011,0,0,0,0,0
56301,0,0,0,12,104
56303,0,0,28,48,131
56304,0,0,0,12,41
56310,0,0,0,0,0
56320,0,0,0,0,0
56374,0,0,0,0,54
56377,0,0,8,24,92
56379,0,0,0,0,12
56387,0,0,4,9,21
56401,0,0,0,0,0
56425,0,0,0,0,4
56465,0,0,0,0,0
56468,0,0,0,0,0
56529,0,0,1,4,22
56547,0,0,0,0,0
56560,0,0,63,189,316
56580,0,0,0,0,0
56721,0,0,0,0,43
63005,0,0,220,1060,3512
63010,0,0,54,290,8216
63011,0,0,381,1282,8948
63017,0,0,426,1850,9465
63021,0,0,124,1361,12722
63026,0,0,260,911,10641
63031,0,0,180,521,13429
63033,0,0,115,335,8546
63034,0,0,45,363,4654
63038,0,0,44,161,699
63040,0,0,38,250,1737
63042,0,12,110,159,4609
63043,0,0,71,340,5903
63044,0,0,34,262,3167
63049,0,5,24,134,1948
63052,0,0,16,49,846
63074,0,0,44,127,4231
63088,0,0,49,177,2004
63101,0,0,6,14,119
63102,0,0,11,25,276
63103,0,0,33,63,590
63104,0,0,114,333,3231
63105,0,0,136,502,2078
63106,0,0,66,176,1257
63107,0,0,86,176,2457
63108,0,0,61,292,1979
63109,0,0,123,434,6667
63110,0,0,49,339,3884
63111,0,0,162,381,4214
63112,0,0,132,320,3026
63113,0,0,105,250,2754
63114,0,0,175,393,11029
63115,0,0,320,674,4872
63116,0,0,221,608,10185
63117,0,0,86,335,2146
63118,0,0,259,503,5412
63119,0,0,84,1022,7588
63120,0,0,123,248,2360
63121,0,0,176,397,5716
63122,0,15,494,1671,10276
63123,0,0,201,571,12268
63124,0,8,142,742,2678
63125,0,0,61,296,7732
63126,0,0,82,462,4579
63127,0,0,2,289,1524
63128,0,0,178,774,7602
63129,0,0,114,1079,11838
63130,0,0,149,873,5405
63131,0,0,246,1484,4597
63132,0,0,115,419,3774
63133,0,0,52,139,1665
63134,0,0,65,173,4057
63135,0,0,85,207,4026
63136,0,0,302,453,8524
63137,0,0,177,339,3841
63138,0,0,75,215,3218
63139,0,0,25,307,5998
63140,0,0,5,11,119
63141,0,0,69,969,4943
63143,0,0,27,88,1822
63144,0,0,41,255,2227
63146,0,0,80,523,6494
63147,0,0,163,302,2822
63301,0,0,214,741,12732
63303,0,0,177,1105,11037
63304,0,0,69,1134,10508
63341,0,0,0,2,10
63366,0,0,39,553,9801
63367,0,0,70,304,2421
63368,0,0,40,1031,10190
63376,0,48,386,1302,18271
63385,0,0,2,7,69
63386,0,0,0,2,45
63701,0,0,59,413,6332
63703,0,0,65,105,2107
63780,0,0,34,76,864
64012,0,36,137,361,7024
64014,0,0,138,376,6410
64015,0,0,238,504,8920
64016,0,1,2,4,91
64029,0,9,42,79,1031
64030,0,30,237,397,5756
64034,0,2,55,206,2244
64050,0,41,154,319,5019
64052,0,33,143,214,4678
64053,0,0,16,56,1059
64054,0,11,32,55,876
64055,0,43,111,326,8473
64056,0,8,135,294,3856
64057,0,0,71,170,3304
64058,0,6,17,27,1510
64060,0,0,0,0,1
64063,0,0,98,229,5043
64064,0,82,334,773,5449
64068,0,56,175,382,6068
64079,0,0,0,0,4
64080,0,0,36,109,2359
64081,0,0,275,765,7108
64082,0,0,238,634,4669
64083,0,23,323,678,7431
64086,0,6,252,574,6168
64105,0,1,10,27,336
64106,0,0,56,110,854
64108,0,22,134,246,2145
64109,0,43,202,395,2733
64110,0,0,176,451,4726
64111,0,0,112,335,3469
64112,0,0,124,243,1350
64113,0,4,427,877,3364
64114,0,0,120,337,5880
64116,0,0,125,312,5062
64117,0,21,119,215,2510
64118,0,19,188,320,9213
64119,0,0,119,394,7294
64120,0,0,0,7,720
64123,0,18,90,160,2500
64124,0,10,98,193,2506
64125,0,3,28,52,521
64126,0,3,82,155,1347
64127,0,0,364,646,4544
64128,0,28,196,409,3868
64129,0,0,81,122,1973
64130,0,0,191,523,7191
64131,0,0,131,315,5838
64132,0,38,165,246,3739
64133,0,0,192,344,7791
64134,0,40,119,210,3869
64136,0,2,23,48,500
64137,0,9,41,77,2100
64138,0,21,165,287,5192
64139,0,0,17,30,565
64145,0,8,57,159,1848
64146,0,0,7,25,490
64147,0,0,19,32,93
64149,0,0,4,14,243
64150,0,0,29,66,659
64151,0,33,273,426,6423
64152,0,0,364,906,5938
64153,0,0,32,64,1661
64154,0,0,56,228,2672
64155,0,13,120,400,6482
64156,0,4,66,140,1716
64157,6,12,330,790,5879
64158,0,9,60,144,1288
64161,0,4,13,30,377
64163,0,0,1,2,160
64164,0,0,2,9,56
64165,0,0,0,0,40
64167,0,0,3,23,88
64421,0,0,1,1,11
64436,0,0,0,1,25
64501,0,23,134,218,3306
64503,0,0,116,282,4349
64504,0,0,94,192,3626
64505,0,10,57,206,4592
64506,0,7,113,395,6253
64507,0,0,94,261,3820
64801,138,338,645,9567,15081
64804,0,158,673,8474,12948
64834,0,54,158,1967,3098
64835,1,2,3,642,1016
64836,0,118,261,3684,5816
64840,0,0,0,4,6
64841,0,1,4,45,70
64855,0,4,8,235,375
64870,0,66,245,3742,5861
65039,0,0,0,0,3
65043,0,0,6,28,812
65053,0,0,0,0,20
65101,0,0,76,236,3580
65109,0,0,127,320,5772
65201,0,0,457,874,7954
65202,0,0,231,605,11273
65203,0,0,129,1496,14366
65255,0,0,0,2,63
65611,0,0,1,1,53
65616,0,103,206,2917,4801
65619,3,6,104,1820,3115
65631,0,0,5,64,112
65672,0,31,111,1236,2003
65679,0,0,0,1,2
65714,0,130,364,4970,8492
65721,0,61,313,3943,6687
65738,0,0,0,1,1
65739,0,1,6,9,159
65742,0,2,30,431,747
65753,0,0,2,23,39
65757,0,0,0,2,66
65781,0,2,5,57,100
65802,0,178,604,10033,17491
65803,0,359,767,9503,16050
65804,0,0,241,830,13891
65806,0,0,135,246,2661
65807,0,0,302,679,17305
65809,0,0,212,440,3761
65810,0,0,133,547,7336
38637,0,0,0,0,0
38641,0,0,0,0,0
38654,0,0,0,0,0
38655,0,0,0,0,0
38671,0,0,0,0,0
38672,0,0,0,0,0
38680,0,0,0,0,0
38801,0,0,0,0,0
38804,0,0,0,0,0
38826,0,0,0,0,0
38862,0,0,0,0,0
38863,0,0,0,0,0
38866,0,0,0,0,0
38868,0,0,0,0,0
39041,0,0,0,0,0
39042,0,0,0,0,0
39046,0,0,0,0,0
39047,0,0,0,0,0
39056,0,0,0,0,0
39071,0,0,0,0,0
39073,0,0,0,0,0
39110,0,0,0,0,0
39154,0,0,0,0,0
39157,0,0,0,0,0
39170,0,0,0,0,0
39201,0,0,0,0,0
39202,0,0,0,0,0
39203,0,0,0,0,0
39204,0,0,0,0,0
39206,0,0,0,0,0
39208,0,0,0,0,0
39209,0,0,0,0,0
39211,0,0,0,0,0
39212,0,0,0,0,0
39213,0,0,0,0,0
39216,0,0,0,0,0
39218,0,0,0,0,0
39232,0,0,0,0,0
39272,0,0,0,0,0
39301,0,0,0,0,0
39305,0,0,0,0,0
39307,0,0,0,0,0
39342,0,0,0,0,0
39401,0,0,0,0,0
39402,0,0,0,0,0
39437,0,0,0,0,0
39440,0,0,0,0,0
39443,0,0,0,0,0
39452,0,0,0,0,0
39465,0,0,0,0,0
39475,0,0,0,0,0
39501,0,0,0,0,0
39503,0,0,0,0,0
39507,0,0,0,0,0
39520,0,0,0,0,0
39525,0,0,0,0,0
39530,0,0,0,0,0
39531,0,0,0,0,0
39532,0,0,0,0,0
39540,0,0,0,0,0
39553,0,0,0,0,0
39556,0,0,0,0,0
39560,0,0,0,0,0
39562,0,0,0,0,0
39563,0,0,0,0,0
39564,0,0,0,0,0
39565,0,0,0,0,0
39567,0,0,0,0,0
39571,0,0,0,0,0
39574,0,0,0,0,0
39576,0,0,0,0,0
39581,0,0,0,0,0
59030,7,8,11,12,37
59101,153,388,482,599,2797
59102,352,582,720,781,3707
59105,58,175,312,370,2162
59106,96,306,472,572,1385
59401,96,146,200,242,484
59404,9,196,307,409,868
59405,60,190,309,429,968
59411,0,0,1,1,1
59417,1,3,4,5,6
59714,26,46,117,145,293
59715,41,224,428,618,1040
59718,69,254,408,547,955
59741,0,0,0,1,1
59801,56,215,383,471,774
59802,39,105,166,235,453
59803,5,115,220,316,546
59804,11,97,141,180,268
59808,34,86,178,259,461
59901,35,105,302,419,558
59912,0,1,4,7,13
59936,0,0,0,0,0
59937,1,3,11,18,23
27006,0,0,0,0,0
27009,0,0,0,0,1
27012,0,0,0,0,0
27019,0,0,0,0,0
27023,0,0,0,0,4
27040,0,0,0,9,17
27045,0,0,0,0,2
27050,0,0,0,0,0
27051,0,0,0,0,2
27052,0,0,0,0,0
27101,0,0,0,51,130
27103,0,0,0,21,74
27104,0,0,0,0,42
27105,0,0,0,231,436
27106,0,0,0,65,205
27107,0,0,0,28,140
27127,0,0,0,0,130
27201,0,0,0,0,0
27214,0,0,0,0,2
27215,0,0,0,0,0
27217,0,0,0,0,102
27233,0,0,0,0,1
27235,0,0,0,0,9
27244,0,0,0,0,11
27249,0,0,0,6,23
27253,0,0,0,0,23
27258,0,0,0,0,23
27260,0,0,0,77,223
27262,0,0,0,0,22
27263,0,0,0,42,71
27265,0,0,0,0,79
27278,0,0,0,0,0
27282,0,0,0,20,30
27284,0,0,0,55,110
27292,0,0,0,6,77
27295,0,0,0,3,18
27299,0,0,0,0,1
27301,0,1,4,4,6
27302,0,0,3,3,8
27305,0,0,0,0,0
27310,0,0,3,5,10
27311,0,0,0,0,0
27313,0,0,0,0,2
27315,0,0,0,0,0
27317,0,0,4,7,17
27357,0,0,0,0,0
27358,0,0,0,0,0
27360,0,0,0,0,8
27370,0,0,0,2,3
27376,0,0,3,4,6
27377,0,0,0,0,2
27401,0,0,0,0,32
27403,0,0,0,5,36
27405,0,0,0,0,171
27406,0,0,0,124,337
27407,0,0,0,0,125
27408,0,0,0,0,42
27409,0,0,0,34,57
27410,0,0,0,0,0
27455,0,0,0,20,75
27502,0,0,29,78,431
27504,0,5,12,26,37
27510,0,0,0,5,21
27511,0,0,31,50,124
27513,0,0,0,19,286
27514,0,0,0,15,54
27516,0,0,0,58,273
27517,9,35,48,48,192
27518,0,0,0,21,173
27519,0,0,0,11,443
27520,0,0,22,52,140
27521,0,0,0,1,1
27523,0,8,13,17,83
27526,0,35,41,64,87
27527,0,0,0,1,22
27529,0,0,0,0,132
27530,0,0,0,74,121
27534,0,0,48,102,138
27539,0,6,45,58,128
27540,0,0,0,40,278
27545,14,41,68,82,170
27560,0,0,0,16,55
27562,0,0,0,1,7
27587,0,14,20,24,102
27591,0,0,0,0,5
27592,0,0,10,16,24
27596,0,0,0,0,1
27601,0,0,0,0,28
27603,0,0,0,0,332
27604,0,0,0,52,271
27605,0,0,0,8,27
27606,0,0,0,73,162
27607,0,0,0,29,130
27608,0,0,0,0,91
27609,0,0,0,10,102
27610,0,48,112,208,433
27612,0,0,13,20,197
27613,0,0,0,18,211
27614,0,17,43,96,574
27615,0,0,0,0,180
27616,0,0,0,61,141
27617,0,0,10,15,125
27701,0,0,4,39,71
27703,0,0,27,54,68
27704,0,35,79,97,132
27705,0,0,0,57,136
27707,0,0,0,48,105
27712,0,3,20,41,85
27713,0,0,0,12,82
27801,0,0,51,123,168
27803,0,0,0,46,112
27804,0,0,0,102,241
27809,0,2,3,3,8
27812,0,0,0,0,0
27822,0,0,0,13,27
27828,0,0,0,0,0
27834,0,0,0,136,246
27837,0,0,0,2,4
27851,0,0,0,0,1
27856,0,0,0,0,0
27858,0,0,56,224,325
27863,0,0,0,1,2
27878,0,0,0,0,1
27884,0,0,0,0,0
27893,0,104,312,416,520
27896,0,0,38,66,123
28012,0,0,0,0,28
28016,0,0,0,0,5
28023,0,0,0,0,2
28025,0,0,0,37,171
28027,0,0,0,0,105
28031,0,0,0,0,47
28032,0,0,0,2,17
28033,0,0,0,0,1
28034,0,0,0,19,37
28036,0,0,0,0,0
28037,0,0,8,11,17
28052,0,0,0,9,108
28054,0,0,0,31,115
28056,0,0,0,0,40
28072,0,0,0,0,0
28073,0,0,0,1,4
28075,0,0,0,0,0
28078,0,0,0,0,37
28079,0,0,0,0,0
28080,0,0,0,0,0
28086,0,0,0,0,36
28092,0,0,0,21,47
28098,0,0,0,0,0
28101,0,0,0,0,0
28104,0,0,0,20,40
28105,0,0,0,0,33
28107,0,0,0,0,0
28110,0,0,0,28,84
28112,0,0,0,38,67
28115,0,0,0,75,122
28117,0,0,0,0,34
28120,0,0,0,45,84
28125,0,0,0,0,0
28134,0,0,0,0,18
28138,0,0,0,0,1
28144,0,0,0,0,16
28146,0,0,0,0,15
28147,0,0,0,0,0
28150,0,0,0,14,51
28152,0,0,0,35,66
28159,0,0,0,5,20
28164,0,0,0,2,4
28166,0,0,0,0,1
28168,0,0,0,0,0
28173,0,0,0,0,13
28202,0,0,0,4,11
28203,0,0,0,0,0
28204,0,0,0,0,4
28205,0,0,0,0,46
28206,0,0,0,0,21
28207,0,0,0,2,5
28208,0,0,0,109,133
28209,0,0,0,0,0
28210,0,0,0,0,20
28211,0,0,0,0,36
28212,0,0,0,45,84
28213,0,0,19,75,140
28214,0,0,0,25,50
28215,0,0,0,62,149
28216,0,0,0,0,0
28217,0,0,0,11,56
28226,0,0,0,0,50
28227,0,0,0,0,39
28262,0,0,0,15,122
28269,0,0,0,103,206
28270,0,0,0,0,16
28273,0,0,0,0,48
28277,0,0,0,55,129
28278,0,0,0,24,41
28301,0,0,0,122,299
28303,0,26,95,199,294
28304,0,0,0,48,167
28305,0,0,24,40,61
28306,0,0,54,204,326
28307,0,0,3,23,33
28311,0,0,81,215,278
28312,0,0,52,114,155
28314,0,53,118,144,236
28315,0,7,20,33,42
28326,0,0,0,0,0
28327,0,0,0,1,10
28333,0,0,0,2,4
28334,0,19,42,70,117
28339,0,0,0,18,45
28348,0,0,23,115,207
28358,0,0,57,150,236
28360,0,5,13,20,29
28371,0,14,34,56,73
28372,0,0,0,0,0
28373,0,0,0,1,1
28374,0,0,0,8,55
28376,0,0,4,18,37
28387,0,0,0,0,9
28390,0,0,15,39,61
28391,0,0,0,1,2
28394,0,0,0,0,0
28395,0,0,0,1,2
28401,0,38,145,244,312
28403,0,34,178,262,380
28405,0,0,40,120,280
28409,0,0,11,55,288
28411,0,0,0,36,146
28412,0,0,0,11,236
28420,0,0,0,0,0
28422,0,0,4,13,19
28428,0,0,35,59,122
28429,0,0,2,10,17
28449,0,0,0,0,45
28451,0,1,1,2,3
28460,0,0,0,0,0
28461,0,0,6,22,61
28462,0,36,107,121,147
28465,0,0,23,69,198
28467,0,0,3,27,69
28468,0,2,24,47,90
28469,0,0,0,0,75
28470,0,0,10,37,62
28479,0,0,0,0,0
28480,0,0,0,0,50
28513,0,0,0,0,1
28539,0,0,1,1,2
28540,0,0,13,115,204
28543,0,0,0,0,3
28544,0,0,1,6,13
28546,0,0,0,116,231
28547,0,0,0,15,31
28555,0,0,0,0,0
28590,0,0,19,38,108
28601,0,0,0,18,79
28602,0,0,0,10,51
28610,0,0,0,2,8
28612,0,0,0,0,4
28613,0,0,0,0,26
28619,0,0,0,0,0
28625,0,0,0,8,20
28630,0,0,0,8,23
28637,0,0,0,9,12
28638,0,0,0,6,22
28645,0,0,0,0,27
28650,0,0,0,0,5
28655,0,0,0,0,26
28658,0,0,0,0,8
28677,0,0,0,48,90
28681,0,0,0,0,0
28690,0,0,0,11,18
28701,0,0,2,5,16
28715,0,0,2,21,42
28730,0,0,0,1,3
28748,0,0,0,1,3
28778,0,0,0,1,4
28787,0,0,0,7,35
28801,0,0,0,69,167
28803,0,13,35,53,109
28804,0,0,12,30,128
28805,0,0,0,18,73
28806,0,0,0,12,117
58042,0,0,0,0,0
58047,0,0,0,0,0
58078,0,0,0,0,0
58102,0,0,0,0,0
58103,0,0,0,0,0
58104,0,0,0,0,0
58201,0,0,0,0,0
58202,0,0,0,0,0
58203,0,0,0,0,0
58501,0,0,0,0,0
58503,0,0,0,0,0
58504,0,0,0,0,0
58554,0,0,0,0,0
68005,0,0,0,0,8
68007,0,0,0,0,3
68010,0,0,0,0,0
68022,0,0,0,0,0
68028,0,0,0,0,0
68030,0,0,0,0,0
68046,0,0,16,16,24
68059,0,0,0,0,0
68064,0,0,0,0,0
68069,0,0,0,0,0
68102,0,0,0,0,0
68104,0,0,0,0,0
68105,0,0,0,0,0
68106,0,0,0,0,11
68107,0,0,0,0,0
68108,0,0,0,0,0
68110,0,0,0,0,0
68111,0,0,0,0,0
68112,0,0,0,0,0
68113,0,0,0,0,0
68114,0,0,0,0,0
68116,0,0,0,0,0
68117,0,0,0,0,0
68118,0,0,0,0,0
68122,0,0,0,0,0
68123,0,0,0,0,0
68124,0,0,0,0,0
68127,0,0,0,0,16
68128,0,0,0,0,0
68130,0,0,0,0,0
68131,0,0,0,0,0
68132,0,0,0,0,0
68133,0,0,0,0,0
68134,0,0,0,0,0
68135,0,0,0,0,0
68136,0,0,0,0,0
68137,0,0,0,0,0
68138,0,0,0,0,0
68142,0,0,0,0,0
68144,0,0,0,0,0
68147,0,0,0,0,0
68152,0,0,0,0,0
68154,0,0,0,0,0
68157,0,0,0,0,0
68164,0,0,0,0,0
68317,0,0,0,0,0
68336,0,0,0,0,0
68339,0,0,0,0,0
68430,0,0,0,0,0
68462,0,0,0,0,0
68502,0,0,0,0,0
68503,0,0,0,0,0
68504,0,0,0,0,0
68505,0,0,0,0,0
68506,0,0,0,0,0
68507,0,0,0,0,0
68508,0,0,0,0,12
68510,0,0,0,0,0
68512,0,0,0,8,16
68514,0,0,0,0,0
68516,0,0,0,0,0
68517,0,0,0,0,0
68520,0,0,0,0,0
68521,0,0,0,0,0
68522,0,0,0,0,0
68523,0,0,0,0,0
68524,0,0,0,0,0
68526,0,0,0,0,0
68527,0,0,0,0,0
68528,0,0,0,0,0
68531,0,0,0,0,0
68731,0,0,0,0,0
68776,0,0,0,0,0
3032,0,44,711,1271,1301
3034,0,1,67,119,121
3036,0,6,78,142,146
3038,0,140,2813,5088,5155
3045,0,128,1658,3371,3444
3046,0,4,53,98,101
3049,0,6,77,143,148
3051,0,167,2240,4403,4511
3052,0,23,447,863,890
3053,0,163,2169,3854,3961
3054,0,83,1949,3879,3962
3060,0,198,2688,5557,5641
3062,0,125,2519,5105,5209
3063,0,92,1369,2732,2790
3064,0,100,1478,2980,3041
3076,0,68,1218,2352,2417
3079,0,192,2857,5219,5309
3087,0,12,135,231,239
3101,0,28,241,456,469
3102,0,115,2764,5730,5770
3103,0,104,3919,7934,7998
3104,0,257,3544,7437,7565
3106,0,131,2009,3763,3863
3109,0,80,1440,2930,2972
3110,0,122,1766,3359,3477
3224,0,0,3,6,6
3229,0,1,20,36,37
3234,0,0,11,22,22
3258,0,1,29,55,56
3275,0,57,1323,2569,2598
3301,0,185,3368,6499,6584
3303,0,29,734,1421,1439
3304,0,59,563,1037,1075
3307,0,2,82,162,164
3801,0,145,2178,3916,4025
3820,0,111,2546,4383,4463
3823,0,4,29,47,49
3824,0,37,359,607,624
3833,0,2,34,64,65
3840,0,18,230,419,432
3854,0,17,171,283,294
3856,0,14,105,185,193
3857,0,24,460,865,871
3861,0,0,2,3,3
3862,0,8,102,182,186
3865,0,0,2,4,4
3867,0,0,2,4,4
3868,0,1,13,24,24
3869,0,10,162,294,299
3870,0,39,312,532,560
3878,0,31,1021,1943,1955
3885,1,27,233,410,426
7001,0,94,191,2253,2771
7002,0,252,734,8225,10667
7003,0,413,788,7053,9069
7004,0,3,265,530,2485
7005,0,19,185,417,2348
7006,0,21,395,981,4650
7008,0,49,334,4292,5345
7009,27,176,488,2157,2788
7010,0,118,279,2309,2931
7011,35,226,381,5510,6942
7012,18,86,211,2256,2880
7013,0,279,845,5584,7009
7014,0,28,126,1000,1236
7016,0,10,387,860,4461
7017,0,123,204,2741,3463
7018,3,149,257,2174,2740
7020,0,58,173,718,897
7021,0,36,107,266,329
7022,17,82,180,1683,2092
7023,0,76,274,1086,1365
7024,0,155,383,2641,3440
7026,0,143,417,4508,5770
7027,0,21,81,840,1099
7028,7,129,407,1023,1322
7029,12,87,205,1817,2331
7030,19,232,584,2238,2927
7031,4,97,284,2816,3624
7032,0,161,407,5322,6809
7033,0,0,102,218,2179
7034,0,9,62,148,1558
7035,0,2,26,72,874
7036,0,201,482,7888,9824
7039,0,7,665,1635,5460
7040,0,0,524,995,3732
7041,0,0,171,391,1184
7042,21,250,772,3039,3921
7043,0,180,607,1741,2225
7044,17,238,538,2047,2605
7045,0,0,173,489,1879
7046,0,3,71,169,393
7047,8,325,642,5814,7460
7050,37,170,279,2637,3305
7052,0,36,630,1439,7933
7054,0,11,351,748,4910
7055,25,132,309,5038,6228
7057,10,67,168,1886,2416
7058,0,7,79,202,1069
7059,0,0,463,922,2992
7060,48,156,329,4228,5246
7062,15,73,147,1649,2076
7063,0,47,110,1559,1918
7064,0,26,92,1081,1318
7065,0,157,337,4392,5499
7066,8,143,426,3085,3945
7067,0,170,617,3896,4904
7068,0,0,102,238,1248
7069,0,0,102,199,899
7070,11,192,471,2733,3573
7071,0,179,459,3854,4911
7072,0,66,237,1501,1921
7073,0,69,195,1424,1841
7074,0,32,75,701,889
7075,7,112,327,1660,2120
7076,0,0,458,1164,4247
7077,0,29,77,615,782
7078,0,0,454,1053,2109
7079,3,13,285,592,2256
7080,19,188,689,4808,5991
7081,0,0,246,541,3048
7082,0,0,40,105,383
7083,0,51,694,1389,11713
7086,10,80,258,1209,1536
7087,12,204,361,4339,5701
7088,0,8,26,46,669
7090,0,0,799,1668,5253
7092,0,0,238,437,1423
7093,54,158,354,3721,4799
7094,10,190,544,2474,3191
7095,16,109,267,3086,3945
7102,29,63,101,712,888
7103,0,160,289,2987,3906
7104,0,152,368,4126,5247
7105,0,137,280,4879,6103
7106,63,188,294,3026,3835
7107,4,140,284,3401,4297
7108,0,181,368,2305,2892
7109,0,135,491,5391,6964
7110,0,296,754,4728,6133
7111,0,229,420,5968,7473
7112,0,168,274,2899,3571
7114,2,71,148,1560,2033
7201,0,73,165,3190,3964
7202,39,132,269,3782,4799
7203,18,83,220,2828,3533
7204,0,68,212,1858,2343
7205,0,135,374,3677,4546
7206,55,95,209,2878,3601
7208,0,87,156,2902,3585
7302,5,205,557,1871,2415
7304,32,194,522,3995,5185
7305,19,246,701,7087,9200
7306,47,189,431,3845,5090
7307,6,177,475,4517,5892
7310,1,13,39,107,141
7401,13,79,282,943,1177
7407,14,167,357,3523,4502
7410,0,362,1412,6154,7793
7417,0,218,660,1869,2308
7423,0,73,250,620,805
7424,17,186,546,4412,5414
7430,18,264,558,3350,4181
7432,6,91,250,1139,1466
7436,0,5,197,508,2354
7440,0,0,41,112,570
7442,0,2,23,60,581
7444,0,2,38,76,442
7446,0,192,499,2015,2547
7450,29,431,1184,3450,4346
7452,16,196,622,1863,2367
7458,8,264,713,1877,2430
7463,6,101,319,1456,1898
7470,0,45,838,1971,9902
7481,4,219,726,2570,3264
7501,39,172,302,2793,3404
7502,0,61,173,2134,2603
7503,40,87,173,2295,2829
7504,0,75,166,1359,1685
7505,2,26,47,377,455
7506,0,130,403,3449,4299
7508,15,199,508,3680,4624
7512,14,136,423,2835,3434
7513,0,15,54,1200,1492
7514,4,54,89,1732,2125
7522,5,89,157,2069,2477
7524,15,82,149,1538,1847
7601,0,71,334,4154,5364
7603,0,46,141,1262,1650
7604,0,77,317,2207,2839
7605,0,82,243,1143,1447
7606,2,17,50,526,665
7607,7,85,240,1739,2220
7620,2,25,58,163,199
7621,0,213,498,3906,4985
7624,0,155,425,1555,1980
7626,0,86,300,1271,1597
7627,0,75,215,736,950
7628,0,144,336,2747,3559
7630,0,107,265,1323,1700
7631,12,191,545,3117,3933
7632,0,141,458,1286,1600
7640,0,41,190,701,900
7641,0,40,146,402,508
7642,10,103,371,1471,1876
7643,4,64,151,1629,2013
7644,14,159,462,3534,4476
7645,0,88,318,1177,1451
7646,0,113,353,2323,3004
7647,0,63,173,1019,1245
7648,0,63,223,924,1113
7649,4,140,440,1346,1720
7650,0,93,226,1947,2499
7652,0,289,874,5059,6680
7656,0,102,300,1223,1534
7657,0,51,212,1667,2148
7660,0,61,182,1715,2176
7661,5,142,432,1733,2218
7662,20,63,211,1134,1500
7663,32,148,444,2939,3816
7666,27,347,981,4931,6389
7670,15,206,559,1777,2254
7675,0,314,1087,4033,5114
7676,0,74,283,1251,1578
7677,2,102,296,832,1043
7701,0,37,361,816,4734
7702,0,2,122,246,992
7704,0,6,198,458,1325
7711,0,3,67,149,594
7712,0,82,460,965,6857
7716,0,0,137,247,1701
7717,0,0,67,146,895
7718,0,0,113,254,1615
7719,0,25,494,938,5792
7720,0,10,62,117,1422
7721,0,0,24,53,619
7722,0,0,99,197,727
7723,0,6,99,197,870
7724,0,48,259,586,4430
7726,0,67,838,1782,8470
7727,0,4,137,279,1677
7728,0,35,633,1691,10523
7730,0,0,331,560,4547
7731,0,0,515,1121,8387
7732,0,0,82,166,1180
7733,0,8,415,963,3583
7734,0,21,136,263,2794
7735,0,0,249,503,5001
7737,0,0,41,106,849
7738,5,7,127,274,990
7739,0,0,194,505,1481
7740,0,0,271,654,6161
7746,0,15,585,1260,4294
7747,0,16,396,1005,7184
7748,0,0,496,1030,5534
7750,0,6,110,222,884
7751,0,15,572,1159,4251
7753,0,88,476,960,8181
7755,0,7,80,213,1601
7756,0,3,53,85,1095
7757,0,3,146,247,1482
7758,0,0,64,177,1103
7760,0,0,293,621,1974
7762,0,15,243,580,3430
7764,0,9,169,319,2027
7801,0,4,126,296,3972
7803,0,0,30,78,910
7821,0,0,1,2,19
7828,0,0,83,188,2286
7834,0,3,190,483,2995
7836,0,11,188,415,2441
7838,0,0,0,1,4
7840,0,30,260,509,5405
7843,0,2,15,45,553
7847,0,1,8,24,528
7849,0,0,1,3,20
7850,0,0,59,109,1066
7852,0,3,34,98,756
7853,0,5,172,414,1370
7856,0,1,15,37,523
7857,0,0,24,67,749
7866,0,0,181,443,2877
7869,0,9,337,1031,3928
7874,0,0,47,94,1261
7876,0,0,222,470,2450
7878,0,0,0,1,79
7885,0,20,107,195,2003
7901,0,7,345,877,3030
7920,0,28,574,1328,4760
7921,0,3,87,181,940
7922,0,0,226,498,1711
7924,0,4,113,291,882
7927,0,0,72,155,803
7928,0,0,306,835,2568
7930,0,0,121,259,827
7931,0,1,36,84,311
7932,0,0,176,442,2034
7933,0,0,68,146,587
7935,0,0,15,35,198
7936,0,17,204,620,2939
7940,0,0,329,731,2848
7945,0,0,242,546,1525
7946,0,1,93,194,613
7950,0,0,279,707,3633
7960,0,21,530,1238,5818
7974,0,0,199,424,1787
7980,0,0,64,135,551
7981,0,23,154,357,2042
8002,29,232,362,4094,4693
8003,8,832,1746,7432,7848
8004,0,127,311,2584,2644
8007,16,33,73,1037,1170
8009,16,137,319,3144,3209
8010,0,55,166,2343,2722
8012,28,431,807,8840,9032
8016,0,367,898,7671,8808
8020,0,3,6,28,30
8021,58,308,767,8126,8217
8022,0,12,121,312,1882
8023,0,0,1,79,79
8026,14,64,106,713,731
8027,15,62,157,1814,1848
8028,30,213,583,4854,4981
8029,0,34,79,1202,1383
8030,40,123,197,2978,3268
8031,17,80,137,2927,3294
8032,0,6,20,153,155
8033,7,268,619,2680,3149
8034,20,229,392,3445,3911
8035,6,102,220,1593,1854
8036,0,85,178,1375,1599
8037,32,212,521,3848,3932
8043,99,756,1392,6066,6291
8045,8,46,81,671,776
8046,19,280,561,8190,9506
8048,0,169,406,2748,3225
8049,11,35,74,1310,1489
8051,0,95,271,2010,2060
8052,0,49,175,3538,4005
8053,49,752,1515,11544,11950
8054,79,438,1257,9464,10811
8055,23,463,1028,4170,4382
8057,0,458,1237,4761,5750
8059,23,58,138,1557,1758
8060,0,136,355,4062,4747
8062,0,80,174,652,692
8063,1,20,42,781,858
8065,11,53,89,1308,1526
8066,22,103,218,2366,2417
8069,15,62,153,1459,1482
8070,33,168,379,4554,4620
8071,17,89,193,2109,2133
8075,122,292,666,6858,7898
8077,0,220,596,4373,5173
8078,23,49,117,2079,2309
8079,3,24,70,657,674
8080,23,679,1732,10723,11040
8081,181,748,1342,12297,12619
8083,19,194,331,2563,2619
8084,30,115,213,1688,1725
8085,0,1,3,17,17
8086,6,102,244,1925,1969
8088,1,6,12,97,101
8089,18,63,110,928,955
8090,7,89,249,2201,2245
8091,0,4,9,162,164
8093,10,91,132,2131,2354
8094,143,715,1497,10509,10762
8096,39,555,1178,9277,9520
8097,4,39,108,835,859
8102,0,51,82,847,982
8103,40,141,234,2158,2455
8104,30,237,381,3158,3569
8105,11,98,230,3344,3687
8106,0,76,162,2220,2558
8107,49,94,194,2499,2793
8108,31,145,380,3303,3793
8109,10,156,349,4510,5082
8110,0,161,314,3920,4478
8201,13,29,87,696,706
8203,78,490,1176,5608,5787
8221,6,220,476,1858,1934
8223,1,74,208,1195,1228
8225,0,178,457,2703,2754
8226,11,866,2299,10496,10840
8230,2,58,182,988,1018
8232,89,201,497,4576,4623
8234,83,500,1572,10038,10226
8244,33,130,372,2927,2967
8270,0,1,4,23,24
8302,3,8,25,220,222
8310,9,19,40,404,409
8312,21,115,261,2192,2238
8318,0,77,195,2003,2042
8322,6,144,393,2722,2776
8326,3,14,54,497,501
8328,1,8,22,344,347
8330,0,4,12,105,107
8332,185,342,814,5395,5502
8340,0,0,3,31,31
8341,2,16,61,416,422
8343,0,104,234,1128,1166
8344,8,55,150,1619,1651
8346,0,0,4,132,132
8352,0,1,1,9,10
8360,112,335,1038,10903,11037
8361,92,269,481,3831,3944
8401,206,412,971,5683,5765
8402,103,493,995,4332,4529
8403,8,118,293,1096,1144
8406,8,264,683,4004,4134
8501,0,10,185,434,2134
8502,0,0,373,775,2200
8505,20,230,440,4274,4959
8510,0,0,54,126,383
8512,0,0,176,386,2361
8514,0,4,71,125,712
8515,0,0,204,477,1638
8518,0,47,108,1263,1422
8520,0,0,325,792,6126
8525,0,2,63,114,504
8527,0,0,350,840,8255
8533,0,0,0,0,2
8534,0,0,398,799,2990
8535,0,0,75,145,516
8536,0,98,343,2408,3042
8540,105,775,1819,7094,8904
8542,0,34,102,496,622
8550,0,0,519,1426,4742
8553,0,9,31,153,191
8554,0,35,77,765,883
8555,0,0,5,16,151
8558,0,96,271,680,862
8560,0,2,34,80,545
8562,0,1,5,11,139
8609,26,98,139,1701,2121
8610,107,272,445,6441,8080
8611,52,161,436,3698,4569
8618,0,275,543,5017,6212
8619,0,85,465,5087,6372
8620,0,0,247,426,3406
8628,0,57,160,1840,2295
8629,21,33,105,1626,2060
8638,18,321,551,4629,5839
8648,0,296,846,5545,6868
8690,0,134,481,4383,5418
8691,0,0,304,743,4120
8701,0,0,393,955,12588
8720,0,2,35,67,206
8721,0,3,58,125,1244
8722,0,0,112,204,2749
8723,0,10,347,734,9406
8724,0,13,489,966,12073
8730,0,0,125,277,1314
8731,0,0,0,0,7
8732,0,0,16,40,430
8733,0,9,30,48,581
8735,0,11,242,550,5181
8736,0,0,418,950,4391
8738,0,0,148,286,964
8740,0,0,8,44,898
8741,0,2,39,79,640
8742,0,39,665,1222,9044
8750,0,0,179,401,1770
8751,0,61,300,601,2765
8752,0,8,80,182,1576
8753,0,111,1051,1880,17310
8755,0,20,302,766,6380
8757,0,0,378,771,13625
8759,51,192,380,4949,5014
8804,0,2,12,23,161
8805,13,71,202,2005,2463
8807,0,21,559,1284,5952
8810,4,104,289,1672,2100
8812,0,194,533,2349,3024
8816,0,53,786,1869,9386
8817,0,297,854,7191,8982
8820,0,458,1399,6153,7752
8823,3,52,135,1266,1614
8824,0,210,765,2654,3400
8828,0,2,19,39,484
8830,0,134,411,2977,3790
8831,0,110,783,1956,14149
8832,5,21,43,281,350
8835,35,140,266,2420,3067
8836,0,1,135,289,866
8837,0,86,268,2452,3097
8840,0,193,637,3121,3938
8844,0,0,869,1783,7692
8846,0,65,257,2824,3536
8848,0,0,7,18,150
8850,0,87,344,2184,2666
8852,0,156,471,2569,3230
8854,0,368,996,8080,10463
8857,0,19,436,1002,8473
8859,0,0,190,406,4194
8861,0,182,439,6600,8134
8863,26,131,340,2510,3157
8865,0,0,296,548,8195
8869,0,64,182,1510,1931
8872,0,0,171,365,4204
8873,26,602,1369,9906,12261
8876,0,3,166,334,2537
8879,0,6,142,317,5355
8880,9,17,34,771,972
8882,0,27,143,358,4184
8884,0,2,93,197,1860
8886,0,0,63,165,999
8901,38,276,558,4889,6074
8902,30,211,609,5932,7263
8904,10,86,237,1873,2386
87002,0,2869,5174,5216,5216
87004,0,6,10,10,10
87008,0,378,630,635,635
87015,6,602,1128,1133,1133
87022,0,55,98,99,99
87031,43,3987,7077,7113,7113
87035,0,594,1168,1177,1177
87042,1,667,1173,1181,1181
87047,1,127,223,223,223
87048,0,2580,4444,4444,4444
87059,0,386,674,675,675
87068,0,765,1349,1350,1350
87102,0,4439,7723,7793,7793
87104,30,2833,4961,4976,4976
87105,0,12110,20837,20900,20900
87106,88,5189,8743,8831,8831
87107,42,8213,13928,14040,14040
87108,32,6232,10678,10775,10775
87109,0,7143,12553,12578,12578
87110,15,8642,15429,15491,15491
87111,78,11414,19257,19431,19431
87112,96,9178,15865,15945,15945
87113,0,3551,6204,6210,6210
87114,195,12553,21491,21665,21665
87116,0,905,1590,1591,1591
87120,43,12508,21275,21361,21361
87121,105,12022,20986,21154,21154
87122,7,2200,3690,3697,3697
87123,0,7940,13689,13771,13771
87124,20,11201,20288,20329,20329
87144,0,1345,2406,2409,2409
87401,11,3057,11162,11218,11218
87402,0,810,2678,2694,2694
87501,0,4639,8293,8343,8343
87505,104,7025,12971,13049,13049
87506,2,1051,1851,1868,1868
87507,0,7423,13834,13848,13848
87508,0,1791,3288,3301,3301
88001,0,1216,11847,12040,12040
88005,0,751,10352,10435,10435
88007,0,404,5654,5688,5688
88008,0,11,326,327,327
88011,0,633,7938,8010,8010
88012,0,353,5668,5691,5691
88047,0,1,21,21,21
88063,0,352,2711,2766,2766
89002,0,2841,11053,11075,11075
89005,0,1447,5614,5631,5631
89011,0,2154,7918,7934,7934
89012,0,2764,11058,11069,11069
89014,0,2094,9415,9434,9434
89015,0,2798,12679,12717,12717
89030,0,1559,7002,7037,7037
89032,0,1714,7919,7943,7943
89044,0,1,2,2,2
89052,0,3287,12310,12359,12359
89074,0,3954,15503,15549,15549
89101,0,1665,7049,7084,7084
89102,0,1516,7161,7190,7190
89103,0,1876,9565,9623,9623
89104,0,2525,10308,10401,10401
89106,0,1787,6776,6810,6810
89107,0,2048,9472,9481,9481
89108,0,3608,16586,16686,16686
89109,0,342,1236,1246,1246
89110,0,4007,16842,16961,16961
89113,0,2099,7972,8012,8012
89115,0,716,3517,3532,3532
89117,0,4321,16091,16155,16155
89118,0,1302,5620,5637,5637
89119,0,1713,8209,8250,8250
89120,0,1518,6912,6933,6933
89121,0,3399,14610,14728,14728
89122,0,2996,13957,13971,13971
89123,0,3911,16554,16588,16588
89128,0,2140,10085,10095,10095
89129,0,3531,14124,14152,14152
89130,0,258,1114,1117,1117
89134,0,2814,11605,11628,11628
89135,0,3328,11087,11121,11121
89138,0,874,2433,2433,2433
89139,0,3016,12877,12903,12903
89141,0,2683,8742,8768,8768
89142,0,1667,8254,8287,8287
89144,0,1809,6297,6309,6309
89145,0,1887,7398,7435,7435
89146,0,1168,4961,4986,4986
89147,0,3099,14591,14605,14605
89148,0,2250,8966,8984,8984
89156,0,1399,6536,6569,6569
89158,0,8,23,23,23
89166,0,3,11,11,11
89169,0,691,2821,2841,2841
89178,0,1118,4317,4317,4317
89183,0,2044,9066,9084,9084
89403,0,3,55,55,55
89410,0,4,51,51,51
89423,0,378,4290,4299,4299
89431,0,314,9448,9486,9486
89433,0,225,6233,6246,6246
89434,0,296,7231,7238,7238
89436,0,1040,13114,13167,13167
89439,0,64,120,120,120
89441,0,557,4025,4033,4033
89501,0,75,614,621,621
89502,0,442,10049,10069,10069
89503,0,492,7643,7689,7689
89506,0,616,11800,11835,11835
89508,0,27,732,734,734
89509,0,869,10064,10094,10094
89510,0,2,48,48,48
89511,0,1257,8514,8557,8557
89512,0,407,5305,5358,5358
89519,0,689,3621,3632,3632
89521,0,994,9431,9478,9478
89523,0,905,10632,10654,10654
89701,0,596,8239,8288,8288
89703,0,304,3095,3101,3101
89705,0,119,1959,1959,1959
89706,0,241,6308,6334,6334
10001,0,0,0,0,1
10002,0,0,0,0,17
10003,0,0,0,0,6
10004,0,0,0,0,0
10005,0,0,0,0,0
10006,0,0,0,0,0
10007,0,0,0,0,1
10009,0,0,0,16,33
10010,0,0,1,3,5
10011,0,0,0,1,12
10012,0,0,0,4,13
10013,0,0,0,3,8
10014,0,0,0,0,1
10016,0,0,0,1,7
10017,0,0,0,0,1
10018,0,0,0,0,1
10019,0,0,0,0,7
10021,0,0,0,0,0
10022,0,0,0,0,0
10023,0,0,0,3,4
10024,0,0,0,0,6
10025,0,0,0,0,14
10026,0,0,0,2,11
10027,0,0,0,7,32
10028,0,0,0,1,6
10029,0,0,0,13,42
10030,0,0,0,0,11
10031,0,0,0,0,4
10032,0,0,0,5,14
10033,0,0,0,6,15
10034,0,0,0,0,5
10035,0,0,0,6,22
10036,0,0,0,6,12
10037,0,0,0,0,6
10038,0,0,0,1,3
10039,0,0,0,2,8
10040,0,0,0,0,7
10044,0,0,0,0,0
10065,0,0,0,3,6
10069,0,0,0,0,0
10075,0,0,3,4,5
10128,0,0,0,5,10
10280,0,0,0,0,0
10282,0,0,0,0,0
10301,0,0,0,39,83
10302,0,0,0,0,46
10303,0,0,0,0,0
10304,0,0,0,32,173
10305,0,0,0,0,46
10306,0,0,0,0,0
10307,0,0,0,0,48
10308,0,0,0,22,62
10309,0,0,0,13,72
10310,0,0,0,23,68
10312,0,0,0,40,79
10314,0,0,0,102,153
10451,0,0,0,8,34
10452,0,0,0,11,28
10453,0,0,0,22,61
10454,0,0,0,0,38
10455,0,0,0,1,35
10456,0,0,0,31,80
10457,0,0,0,5,63
10458,0,0,7,37,65
10459,0,0,0,15,46
10460,0,0,0,28,82
10461,0,0,0,20,64
10462,0,0,0,11,51
10463,0,0,11,16,25
10464,0,0,0,0,0
10465,0,0,0,5,16
10466,0,0,0,0,114
10467,0,0,0,15,75
10468,0,0,0,18,43
10469,0,0,0,51,169
10470,0,0,0,5,22
10471,0,0,0,0,0
10472,0,0,0,26,100
10473,0,0,0,12,52
10474,0,0,0,21,40
10475,0,0,0,0,5
10501,0,0,0,0,0
10502,0,0,0,2,10
10504,0,0,0,0,8
10505,0,0,0,0,0
10506,0,0,0,6,8
10507,0,0,0,8,10
10510,0,0,5,11,16
10511,0,0,1,4,9
10514,0,0,0,0,2
10516,0,0,0,0,0
10517,0,0,0,0,0
10520,0,0,0,0,5
10522,0,0,0,3,8
10523,0,0,9,15,17
10524,0,0,0,0,0
10526,0,0,0,0,0
10527,0,0,0,0,0
10528,0,0,0,1,5
10530,0,0,0,7,14
10532,0,0,0,0,5
10533,0,0,0,0,4
10536,0,0,0,2,7
10537,0,0,0,0,1
10538,0,0,1,2,3
10541,0,0,0,0,0
10543,0,0,0,1,2
10546,0,0,0,0,0
10547,0,0,0,4,29
10548,0,0,0,0,3
10549,0,0,0,18,54
10550,0,0,0,65,104
10552,0,0,0,0,24
10553,0,0,0,5,16
10560,0,0,0,0,0
10562,0,0,16,26,57
10566,0,0,7,48,69
10567,0,0,0,0,0
10570,0,0,0,0,5
10573,0,0,0,0,38
10576,0,0,0,0,1
10577,0,0,0,0,0
10578,0,0,0,0,0
10579,0,0,0,0,0
10580,0,0,0,2,2
10583,0,0,0,0,0
10588,0,0,0,0,0
10589,0,0,0,0,0
10591,0,0,0,3,28
10594,0,0,0,1,1
10595,0,0,0,21,69
10596,0,0,0,1,6
10598,0,0,0,0,23
10601,0,0,0,0,4
10603,0,0,0,5,18
10604,0,0,0,0,0
10605,0,3,10,24,38
10606,0,0,0,13,24
10607,0,0,0,0,5
10701,0,0,38,104,165
10703,0,0,0,11,66
10704,0,0,0,15,93
10705,0,0,0,0,21
10706,0,0,0,0,0
10707,0,0,0,7,12
10708,0,0,0,7,19
10709,0,0,2,6,8
10710,0,0,0,0,31
10801,0,0,0,15,47
10803,0,0,0,2,10
10804,0,0,0,3,12
10901,0,0,0,0,0
10913,0,0,0,0,0
10920,0,0,0,0,0
10923,0,0,0,4,11
10927,0,0,0,14,28
10931,0,0,0,0,0
10952,0,0,0,0,8
10954,0,0,0,0,14
10956,0,0,0,0,0
10960,0,0,0,0,0
10962,0,0,0,0,0
10964,0,0,0,0,1
10965,0,0,0,0,0
10968,0,0,1,1,2
10970,0,0,0,11,18
10974,0,0,0,0,0
10976,0,0,0,0,2
10977,0,0,0,0,14
10980,0,0,0,0,0
10983,0,0,0,0,0
10984,0,0,0,0,0
10986,0,0,0,0,1
10989,0,0,0,0,6
10993,0,0,0,0,0
10994,0,0,0,4,13
11001,0,0,0,18,24
11003,0,0,0,45,81
11004,0,0,0,13,28
11005,0,0,0,0,0
11010,0,0,0,0,0
11020,0,0,0,0,0
11021,0,0,0,0,0
11023,0,0,0,0,0
11024,0,0,0,0,0
11030,0,0,0,0,15
11040,0,0,0,0,33
11050,0,0,0,3,13
11096,0,0,0,8,27
11101,0,0,0,0,45
11102,0,0,0,0,13
11103,0,0,0,15,78
11104,0,0,0,7,17
11105,0,0,0,0,30
11106,0,0,0,10,27
11109,0,0,0,0,0
11201,0,0,0,20,37
11203,0,0,0,0,83
11204,0,0,0,0,0
11205,0,0,0,5,36
11206,0,0,0,22,90
11207,0,0,0,153,314
11208,0,0,0,80,294
11209,0,0,43,65,87
11210,0,0,0,42,98
11211,0,0,0,28,80
11212,0,0,0,37,174
11213,0,0,0,50,108
11214,0,0,0,53,107
11215,0,0,0,18,54
11216,0,0,0,40,80
11217,0,0,0,6,31
11218,0,0,0,0,12
11219,0,0,0,83,100
11220,0,0,0,0,79
11221,0,0,0,47,187
11222,0,0,0,0,0
11223,0,0,0,166,249
11224,0,0,0,23,75
11225,0,0,0,0,40
11226,0,0,0,28,64
11228,0,0,0,62,97
11229,0,0,63,157,199
11230,0,0,0,0,74
11231,0,0,21,45,75
11232,0,0,5,15,51
11233,0,0,0,81,126
11234,0,0,0,34,119
11235,0,0,0,0,107
11236,0,0,36,179,262
11237,0,0,0,14,48
11238,0,0,0,12,31
11239,0,0,0,1,3
11249,0,0,0,3,13
11354,0,0,0,24,90
11355,0,0,0,36,93
11356,0,0,0,0,23
11357,0,0,0,0,39
11358,0,0,0,0,19
11360,0,0,0,7,52
11361,0,0,0,0,24
11362,0,0,0,3,21
11363,0,0,0,4,14
11364,0,0,0,36,77
11365,0,0,0,26,84
11366,0,0,0,3,53
11367,0,0,0,14,93
11368,0,0,0,0,30
11369,0,0,0,0,50
11370,0,0,0,3,35
11372,0,0,6,16,20
11373,0,0,6,6,44
11374,0,0,2,18,29
11375,0,0,0,4,46
11377,0,0,29,57,86
11378,0,0,0,0,36
11379,0,0,0,6,43
11385,0,0,0,23,92
11411,0,0,0,21,42
11412,0,0,0,0,7
11413,0,0,0,30,76
11414,0,0,0,10,73
11415,0,0,0,0,8
11416,0,0,0,0,20
11417,0,0,0,0,25
11418,0,0,0,22,72
11419,0,0,0,11,63
11420,0,0,0,0,57
11421,0,0,0,0,18
11422,0,0,0,0,32
11423,0,0,0,29,58
11426,0,0,0,0,8
11427,0,0,0,23,90
11428,0,0,0,4,15
11429,0,0,0,18,44
11432,0,0,0,5,53
11433,0,0,0,46,79
11434,0,0,0,24,195
11435,0,0,0,0,46
11436,0,0,0,0,27
11501,0,0,0,0,0
11507,0,0,0,0,0
11509,0,0,0,0,0
11510,0,0,0,0,0
11514,0,0,0,3,4
11516,0,0,0,2,2
11518,0,0,0,0,0
11520,0,0,16,41,49
11530,0,0,0,0,0
11542,0,0,0,0,0
11545,0,0,0,0,0
11548,0,0,0,0,4
11550,0,0,0,0,0
11552,0,0,0,0,6
11553,0,0,0,9,47
11554,0,0,0,0,0
11557,0,0,4,4,7
11558,0,0,0,0,12
11559,0,0,0,10,45
11560,0,0,0,0,5
11561,0,0,0,0,0
11563,0,0,0,0,0
11565,0,0,0,0,2
11566,0,0,0,9,9
11568,0,0,0,2,5
11569,0,0,0,0,0
11570,0,0,0,0,23
11572,0,0,0,0,0
11575,0,0,0,0,0
11576,0,0,0,0,8
11577,0,0,0,0,0
11579,0,0,0,0,5
11580,0,18,44,62,71
11581,0,0,0,5,142
11590,0,0,0,0,0
11596,0,0,0,0,0
11598,0,0,0,0,0
11691,0,0,0,20,97
11692,0,0,0,14,43
11693,0,0,0,1,22
11694,0,0,0,14,46
11701,0,0,0,0,0
11702,0,0,0,0,8
11703,0,0,0,0,9
11704,0,0,0,0,0
11705,0,0,0,0,0
11706,0,0,0,0,0
11710,0,0,0,0,21
11713,0,0,0,0,17
11714,0,0,0,0,0
11715,0,0,2,4,4
11716,0,0,0,0,0
11717,0,0,0,0,21
11718,0,0,0,0,0
11719,0,0,0,0,0
11720,0,0,0,0,24
11721,0,0,0,0,1
11722,0,0,0,0,7
11724,0,0,0,0,0
11725,0,0,0,0,0
11726,0,0,0,12,28
11727,0,0,0,0,13
11729,0,0,0,0,0
11730,0,0,0,0,8
11731,0,0,0,0,0
11732,0,0,0,0,0
11733,0,0,0,0,0
11735,0,0,0,19,56
11738,0,0,4,8,12
11739,0,0,0,0,0
11740,0,0,0,0,0
11741,0,0,0,0,0
11742,0,0,0,0,0
11743,0,0,0,0,0
11746,0,0,0,0,17
11747,0,0,0,0,15
11749,0,0,0,0,0
11751,0,0,0,0,17
11752,0,0,0,0,16
11753,0,0,0,0,0
11754,0,0,0,0,0
11755,0,0,0,0,0
11756,0,0,0,0,0
11757,0,0,0,0,0
11758,0,0,0,0,0
11762,0,0,0,0,0
11763,0,0,0,0,6
11764,0,0,0,0,0
11765,0,0,0,0,0
11766,0,0,0,0,0
11767,0,0,0,0,24
11768,0,0,0,0,0
11769,0,0,0,0,0
11771,0,0,0,0,3
11772,0,0,0,0,73
11776,0,0,0,0,25
11777,0,0,0,0,0
11779,0,0,0,0,24
11780,0,0,0,0,0
11782,0,0,5,30,45
11783,0,0,0,0,0
11784,0,0,0,0,0
11787,0,0,0,0,82
11788,0,0,0,4,4
11790,0,0,0,0,0
11791,0,0,0,0,0
11793,0,0,0,0,0
11795,0,0,0,0,0
11796,0,0,0,0,0
11797,0,0,0,0,7
11798,0,0,0,0,0
11801,0,0,0,0,0
11803,0,0,0,0,35
11804,0,0,0,0,2
11901,0,0,0,0,0
11930,0,0,0,0,0
11932,0,0,0,0,0
11933,0,0,0,0,0
11934,0,0,0,0,0
11935,0,0,0,0,0
11937,0,0,0,0,0
11939,0,0,0,0,0
11940,0,0,0,0,0
11941,0,0,0,0,0
11942,0,0,0,0,0
11944,0,0,0,0,0
11946,0,0,0,0,21
11948,0,0,0,0,0
11949,0,0,0,0,0
11950,0,0,0,0,0
11951,0,0,0,0,0
11952,0,0,0,0,0
11953,0,0,0,0,0
11954,0,0,0,0,0
11955,0,0,0,0,3
11957,0,0,0,0,0
11958,0,0,0,0,0
11960,0,0,0,0,0
11962,0,0,0,0,1
11963,0,0,0,0,0
11964,0,0,0,0,0
11965,0,0,0,0,6
11967,0,0,0,0,5
11968,0,0,0,0,0
11971,0,0,0,0,3
11976,0,0,0,12,21
11977,0,0,0,0,0
11978,0,0,0,0,0
11980,0,0,0,0,1
12008,0,0,0,0,0
12009,0,0,0,0,0
12018,0,0,0,0,0
12019,0,0,0,0,0
12033,0,0,0,0,0
12047,0,0,0,0,0
12054,0,0,0,0,0
12056,0,0,0,0,0
12061,0,0,0,0,0
12063,0,0,0,0,0
12065,0,0,0,0,0
12067,0,0,0,0,0
12077,0,0,0,0,0
12084,0,0,0,0,0
12085,0,0,0,0,0
12110,0,0,0,0,0
12118,0,0,0,0,0
12121,0,0,0,0,0
12123,0,0,0,0,0
12140,0,0,0,0,0
12144,0,0,0,0,0
12148,0,0,0,0,0
12150,0,0,0,0,0
12154,0,0,0,0,0
12158,0,0,0,0,0
12159,0,0,0,0,0
12180,0,0,0,0,0
12182,0,0,0,0,0
12183,0,0,0,1,1
12186,0,0,0,0,8
12188,0,0,0,0,0
12189,0,0,0,0,0
12196,0,0,0,0,0
12198,0,0,0,0,0
12202,0,0,0,0,0
12203,0,0,0,0,0
12204,0,0,0,0,0
12205,0,0,0,0,0
12206,0,0,0,0,0
12207,0,0,0,0,0
12208,0,0,0,0,0
12209,0,0,0,0,0
12210,0,0,0,0,0
12211,0,0,0,0,0
12222,0,0,0,0,0
12302,0,0,0,0,0
12303,0,0,0,0,0
12304,0,0,0,0,0
12305,0,0,0,0,0
12306,0,0,0,0,0
12307,0,0,0,0,0
12308,0,0,0,0,0
12309,0,0,0,0,32
12401,0,0,0,0,0
12411,0,0,0,0,0
12417,0,0,0,0,0
12419,0,0,0,0,0
12432,0,0,0,0,0
12440,0,0,0,0,1
12443,0,0,0,0,1
12449,0,0,0,0,0
12456,0,0,0,0,0
12466,0,0,0,0,0
12471,0,0,0,0,0
12472,0,0,0,0,0
12475,0,0,0,0,0
12477,0,0,0,0,0
12484,0,0,0,0,0
12486,0,0,0,0,1
12487,0,0,0,0,0
12498,0,0,0,0,0
12508,0,0,0,19,39
12512,0,0,0,0,0
12518,0,0,0,1,2
12520,0,0,0,2,3
12524,0,0,0,0,0
12525,0,0,0,0,0
12528,0,0,0,0,16
12533,0,0,0,0,0
12538,0,0,0,0,0
12542,0,0,0,0,0
12547,0,0,0,0,3
12548,0,0,0,0,0
12549,0,0,0,0,0
12550,0,0,0,0,0
12553,0,0,0,0,13
12561,0,0,0,0,0
12569,0,0,0,0,0
12572,0,0,0,0,0
12575,0,0,0,0,0
12577,0,0,0,0,0
12578,0,0,0,0,0
12580,0,0,0,0,0
12586,0,0,0,0,0
12589,0,0,0,0,0
12590,0,0,0,0,16
12601,0,0,0,0,23
12603,0,0,0,0,0
12801,0,0,0,0,0
12803,0,0,0,0,0
12804,0,0,0,0,0
12827,0,0,0,0,0
12828,0,0,0,0,0
12831,0,0,0,0,0
12839,0,0,0,0,0
12845,0,0,0,0,0
12901,0,0,0,0,0
12903,0,0,0,0,0
12918,0,0,0,0,0
12962,0,0,0,0,0
13021,0,0,0,0,0
13027,0,0,0,0,0
13029,0,0,0,0,0
13030,0,0,0,0,0
13031,0,0,0,0,0
13039,0,0,0,0,0
13041,0,0,0,0,0
13057,0,0,0,0,0
13060,0,0,0,0,0
13066,0,0,0,0,0
13068,0,0,0,0,0
13073,0,0,0,0,0
13078,0,0,0,0,0
13082,0,0,0,0,0
13084,0,0,0,0,0
13088,0,0,0,0,0
13090,0,0,0,0,0
13104,0,0,0,0,0
13108,0,0,0,0,0
13112,0,0,0,0,0
13116,0,0,0,0,0
13120,0,0,0,0,0
13132,0,0,0,0,0
13135,0,0,0,0,0
13152,0,0,0,0,0
13164,0,0,0,0,0
13202,0,0,0,0,0
13203,0,0,0,0,0
13204,0,0,0,0,0
13205,0,0,0,0,0
13206,0,0,0,0,0
13207,0,0,0,0,0
13208,0,0,0,0,0
13209,0,0,0,0,0
13210,0,0,0,0,0
13211,0,0,0,0,0
13212,0,0,0,0,0
13214,0,0,0,0,5
13215,0,0,0,0,0
13219,0,0,0,0,0
13224,0,0,0,0,0
13319,0,0,0,0,0
13323,0,0,0,0,0
13340,0,0,0,0,0
13354,0,0,0,0,0
13403,0,0,0,0,0
13413,0,0,0,0,0
13417,0,0,0,0,0
13424,0,0,0,0,0
13456,0,0,0,0,0
13492,0,0,0,0,0
13495,0,0,0,0,0
13501,0,0,0,0,0
13502,0,0,0,0,0
13601,0,0,0,0,0
13603,0,0,0,0,0
13612,0,0,0,0,0
13616,0,0,0,0,0
13634,0,0,0,0,0
13637,0,0,0,0,0
13748,0,0,0,0,0
13760,0,0,0,0,0
13790,0,0,0,0,0
13795,0,0,0,0,0
13827,0,0,0,0,0
13850,0,0,0,0,0
13901,0,0,0,0,0
13903,0,0,0,0,0
13904,0,0,0,0,0
13905,0,0,0,0,0
14004,0,0,0,0,0
14026,0,0,0,0,0
14031,0,0,0,0,0
14032,0,0,0,0,0
14043,0,0,0,0,0
14051,0,0,0,0,0
14052,0,0,0,0,0
14059,0,0,0,0,0
14068,0,0,0,0,0
14072,0,0,0,0,0
14075,0,0,0,0,0
14086,0,0,0,0,0
14092,0,0,0,0,0
14094,0,0,0,0,0
14120,0,0,0,0,0
14127,0,0,0,0,0
14131,0,0,0,0,0
14132,0,0,0,0,0
14150,0,0,0,0,0
14174,0,0,0,0,0
14201,0,0,0,0,0
14202,0,0,0,0,0
14203,0,0,0,0,0
14204,0,0,0,0,0
14206,0,0,0,0,0
14207,0,0,0,0,0
14208,0,0,0,0,0
14209,0,0,0,0,0
14210,0,0,0,0,0
14211,0,0,0,0,0
14212,0,0,0,0,0
14213,0,0,0,0,0
14214,0,0,0,0,0
14215,0,0,0,0,0
14216,0,0,0,0,0
14217,0,0,0,0,0
14218,0,0,0,0,0
14219,0,0,0,0,0
14220,0,0,0,0,0
14221,0,0,0,0,0
14222,0,0,0,0,0
14223,0,0,0,0,0
14224,0,0,0,0,0
14225,0,0,0,0,0
14226,0,0,0,0,0
14227,0,0,0,0,0
14228,0,0,0,0,0
14301,0,0,0,0,0
14303,0,0,0,0,0
14304,0,0,0,0,0
14305,0,0,0,0,0
14428,0,0,0,0,0
14445,0,0,0,0,0
14450,0,0,0,0,0
14467,0,0,0,0,0
14468,0,0,0,0,0
14472,0,0,0,0,0
14506,0,0,0,0,0
14514,0,0,0,0,0
14526,0,0,0,0,0
14534,0,0,0,0,0
14543,0,0,0,0,0
14546,0,0,0,0,0
14559,0,0,0,0,0
14564,0,0,0,0,0
14580,0,0,0,0,0
14586,0,0,0,0,0
14604,0,0,0,0,0
14605,0,0,0,0,0
14606,0,0,0,0,0
14607,0,0,0,0,0
14608,0,0,0,0,0
14609,0,0,0,0,0
14610,0,0,0,0,0
14611,0,0,0,0,0
14612,0,0,0,0,0
14613,0,0,0,0,0
14614,0,0,0,0,0
14615,0,0,0,0,0
14616,0,0,0,0,0
14617,0,0,0,0,0
14618,0,0,0,0,0
14619,0,0,0,0,0
14620,0,0,0,0,0
14621,0,0,0,0,0
14622,0,0,0,0,0
14623,0,0,0,0,0
14624,0,0,0,0,0
14625,0,0,0,0,0
14626,0,0,0,0,0
14850,0,0,0,0,0
14882,0,0,0,0,0
14883,0,0,0,0,0
43004,0,0,0,0,0
43015,0,0,0,0,0
43016,0,0,0,0,0
43017,0,0,0,0,0
43021,0,0,0,0,0
43026,0,0,0,0,0
43031,0,0,0,0,0
43035,0,0,0,0,0
43054,0,0,7,7,14
43062,0,0,0,0,0
43064,0,0,0,0,0
43065,0,0,0,0,0
43068,0,0,0,0,0
43081,0,0,0,0,0
43082,0,0,8,8,8
43085,0,0,0,0,0
43109,0,0,0,0,0
43110,0,0,0,0,0
43119,0,0,0,0,0
43123,0,0,0,0,0
43125,0,0,0,0,0
43147,0,0,0,0,0
43201,0,0,0,0,0
43202,0,0,0,0,0
43203,0,0,0,0,0
43204,0,0,0,0,0
43205,0,0,0,0,0
43206,0,0,0,0,0
43207,0,0,0,0,0
43209,0,0,0,0,0
43211,0,0,0,0,0
43212,0,0,0,0,0
43213,0,0,0,0,0
43214,0,0,0,0,0
43215,0,0,0,0,0
43219,0,0,0,0,0
43220,0,0,0,0,0
43221,0,0,0,0,0
43222,0,0,0,0,0
43223,0,0,0,0,0
43224,0,0,0,0,0
43227,0,0,0,0,0
43228,0,0,0,0,0
43229,0,0,0,0,0
43230,0,0,0,0,0
43231,0,0,0,0,0
43232,0,0,0,0,0
43235,0,0,0,11,11
43240,0,0,0,0,0
43402,0,0,0,0,0
43412,0,0,0,0,0
43430,0,0,0,0,0
43434,0,0,0,0,0
43443,0,0,0,0,0
43447,0,0,0,0,0
43460,0,0,0,0,0
43463,0,0,0,0,0
43465,0,0,0,0,0
43469,0,0,0,0,0
43504,0,0,0,0,0
43528,0,0,0,0,0
43537,0,0,0,0,0
43542,0,0,0,0,0
43551,0,0,0,0,0
43558,0,0,0,0,0
43560,0,0,0,0,0
43566,0,0,0,0,0
43571,0,0,0,0,0
43604,0,0,0,0,0
43605,0,0,0,0,0
43606,0,0,0,0,0
43607,0,0,0,0,0
43608,0,0,0,0,0
43609,0,0,0,0,0
43610,0,0,0,0,0
43611,0,0,0,0,0
43612,0,0,0,0,0
43613,0,0,0,0,0
43614,0,0,0,0,0
43615,0,0,0,0,0
43616,0,0,0,0,0
43617,0,0,0,0,0
43619,0,0,0,0,0
43620,0,0,0,0,0
43623,0,0,0,0,0
43701,0,0,0,0,46
43830,1,1,1,1,2
43913,0,0,0,0,0
43926,0,0,0,0,0
43938,0,0,0,0,0
43943,0,0,0,0,0
43952,0,0,0,0,0
43953,0,0,0,0,0
43961,0,0,0,0,0
43964,0,0,0,0,0
44001,0,0,0,0,0
44011,0,0,0,0,0
44012,0,0,0,0,0
44017,0,0,0,0,0
44022,0,0,0,0,0
44024,0,0,0,0,0
44026,0,0,0,0,0
44028,0,0,0,0,0
44035,0,0,0,0,0
44039,0,0,0,0,0
44040,0,0,0,0,0
44044,0,0,0,0,0
44045,0,0,0,0,0
44050,0,0,0,0,0
44052,0,0,0,0,0
44053,0,0,0,0,0
44054,0,0,0,0,0
44055,0,0,0,0,0
44056,0,0,0,0,0
44060,0,0,0,0,0
44067,0,0,0,0,0
44070,0,0,0,0,0
44074,0,0,0,0,0
44077,0,0,0,0,0
44087,0,0,0,0,0
44092,0,0,0,0,0
44094,0,0,0,0,0
44095,0,0,0,0,0
44102,0,0,0,0,0
44103,0,0,0,0,0
44104,0,0,0,0,0
44105,0,0,0,0,0
44106,0,0,0,0,0
44107,0,0,0,0,0
44108,0,0,0,0,0
44109,0,0,0,0,0
44110,0,0,0,0,0
44111,0,0,0,0,0
44112,0,0,0,0,0
44113,0,0,0,0,0
44114,0,0,0,0,0
44115,0,0,0,0,0
44116,0,0,0,0,0
44117,0,0,0,0,0
44118,0,0,0,0,0
44119,0,0,0,0,0
44120,0,0,0,0,0
44121,0,0,0,0,0
44122,0,0,0,0,0
44123,0,0,0,0,0
44124,0,0,0,0,0
44125,0,0,0,0,0
44126,0,0,0,0,0
44127,0,0,0,0,0
44128,0,0,0,0,0
44129,0,0,0,0,0
44130,0,0,0,0,0
44131,0,0,0,0,0
44132,0,0,0,0,0
44133,0,0,0,0,0
44134,0,0,0,0,0
44135,0,0,0,0,0
44136,0,0,0,0,0
44137,0,0,0,0,0
44138,0,0,0,0,0
44139,0,0,0,0,0
44140,0,0,0,0,0
44141,0,0,0,0,0
44142,0,0,0,0,0
44143,0,0,0,0,0
44144,0,0,0,0,0
44145,0,0,0,0,0
44146,0,0,0,0,0
44147,0,0,0,0,0
44149,0,0,0,0,0
44201,0,0,0,0,0
44202,0,0,0,0,0
44203,0,0,0,0,0
44216,0,0,0,0,0
44221,0,0,0,0,0
44223,0,0,0,0,0
44224,0,0,0,0,0
44236,0,0,0,0,0
44240,0,0,0,0,0
44241,0,0,0,0,0
44260,0,0,0,0,0
44262,0,0,0,0,0
44264,0,0,0,0,0
44266,0,0,0,0,0
44278,0,0,0,0,0
44286,0,0,0,0,0
44301,0,0,0,0,0
44302,0,0,0,0,0
44303,0,0,0,0,0
44304,0,0,0,0,0
44305,0,0,0,0,0
44306,0,0,0,0,0
44307,0,0,0,0,0
44308,0,0,0,0,0
44310,0,0,0,0,0
44311,0,0,0,0,0
44312,0,0,0,0,0
44313,0,0,0,0,0
44314,0,0,0,0,0
44319,0,0,0,0,0
44320,0,0,0,0,0
44321,0,0,0,0,0
44333,0,0,0,0,0
44401,0,0,0,0,0
44402,0,0,0,0,0
44403,0,0,0,0,0
44405,0,0,0,0,0
44406,0,0,0,0,0
44410,0,0,0,0,0
44412,0,0,0,0,0
44418,0,0,0,0,0
44420,0,0,0,0,0
44425,0,0,0,0,0
44429,0,0,0,0,0
44430,0,0,0,0,0
44436,0,0,0,0,0
44437,0,0,0,0,0
44438,0,0,0,0,0
44440,0,0,0,0,0
44442,0,0,0,0,0
44444,0,0,0,0,0
44446,0,0,0,0,0
44451,0,0,0,0,0
44452,0,0,0,0,0
44470,0,0,0,0,0
44471,0,0,0,0,0
44473,0,0,0,0,0
44481,0,0,0,0,0
44483,0,0,0,0,0
44484,0,0,0,0,0
44485,0,0,0,0,0
44491,0,0,0,0,0
44502,0,0,0,0,0
44503,0,0,0,0,0
44504,0,0,0,0,0
44505,0,0,0,0,0
44506,0,0,0,0,0
44507,0,0,0,0,0
44509,0,0,0,0,0
44510,0,0,0,0,0
44511,0,0,0,0,0
44512,0,0,0,0,0
44514,0,0,0,0,0
44515,0,0,0,0,0
44601,0,0,0,0,0
44613,0,0,0,0,0
44614,0,0,0,0,0
44622,0,0,0,0,0
44626,0,0,0,0,0
44632,0,0,0,0,0
44641,0,0,0,0,0
44644,0,0,0,0,0
44646,0,0,0,0,0
44647,0,0,0,0,0
44662,0,0,0,0,0
44663,0,0,0,0,0
44666,0,0,0,0,0
44685,0,0,0,0,0
44688,0,0,0,0,0
44702,0,0,0,0,0
44703,0,0,0,0,0
44704,0,0,0,0,0
44705,0,0,0,0,0
44706,0,0,0,0,0
44707,0,0,0,0,0
44708,0,0,0,0,0
44709,0,0,0,6,6
44710,0,0,0,0,0
44714,0,0,0,0,0
44718,0,0,0,0,0
44720,0,0,0,0,0
44721,0,0,0,0,0
44730,6,9,9,15,17
44824,0,0,0,0,0
44839,0,0,0,0,0
44843,0,0,0,0,0
44846,0,0,0,0,0
44847,0,0,0,0,0
44870,0,0,0,0,0
44902,0,0,0,0,0
44903,0,0,0,0,0
44904,0,0,0,0,0
44905,0,0,0,0,0
44906,0,0,0,0,0
44907,0,0,0,0,0
45001,0,0,0,0,0
45002,0,0,0,0,0
45005,0,0,0,0,0
45011,0,0,0,0,0
45013,0,0,0,0,0
45014,0,0,0,0,0
45015,0,0,0,0,0
45030,0,0,0,0,0
45034,0,0,0,0,0
45036,0,0,0,0,0
45039,0,0,0,0,0
45040,0,0,0,0,0
45042,0,0,0,0,0
45044,0,0,0,0,0
45050,0,0,0,0,0
45065,0,0,0,0,0
45066,0,0,0,0,0
45067,0,0,0,0,0
45068,0,0,0,0,0
45069,0,0,0,0,0
45102,0,0,0,0,0
45103,0,0,0,0,0
45106,0,0,0,0,0
45111,0,0,0,0,0
45122,0,0,0,0,0
45140,0,0,0,0,0
45150,0,0,0,0,0
45152,0,0,0,0,0
45153,0,0,0,0,0
45157,0,0,0,0,0
45162,0,0,0,0,0
45174,0,0,0,0,0
45202,0,0,0,0,0
45203,0,0,0,0,0
45204,0,0,0,0,0
45205,0,0,0,0,0
45206,0,0,0,0,0
45207,0,0,0,0,0
45208,0,0,0,0,0
45209,0,0,0,0,0
45211,0,0,0,0,0
45212,0,0,0,0,0
45213,0,0,0,0,0
45214,0,0,0,0,0
45215,0,0,0,0,0
45216,0,0,0,0,0
45217,0,0,0,0,0
45218,0,0,0,0,0
45219,0,0,0,0,0
45220,0,0,0,0,0
45223,0,0,0,0,0
45224,0,0,0,0,0
45225,0,0,0,0,0
45226,0,0,0,0,0
45227,0,0,0,0,0
45229,0,0,0,0,0
45230,0,0,0,0,0
45231,0,0,0,0,0
45232,0,0,0,0,0
45233,0,0,0,0,0
45236,0,0,0,0,0
45237,0,0,0,0,0
45238,0,0,0,0,0
45239,0,0,0,0,0
45240,0,0,0,0,0
45241,0,0,0,0,0
45242,0,0,0,0,0
45243,0,0,0,0,0
45244,0,0,0,0,0
45245,0,0,0,0,0
45246,0,0,0,0,0
45247,0,0,0,0,0
45248,0,0,0,0,0
45249,0,0,0,0,0
45251,0,0,0,0,0
45252,0,0,0,0,0
45255,0,0,0,0,0
45301,0,0,0,0,0
45305,0,0,0,0,0
45309,0,0,0,0,0
45312,0,0,0,0,0
45315,0,0,0,0,0
45318,0,0,0,0,0
45319,0,0,0,0,0
45322,0,0,0,0,0
45323,0,0,0,0,0
45324,0,0,0,0,0
45325,0,0,0,0,0
45326,0,0,0,0,0
45327,0,0,0,0,0
45339,0,0,0,0,0
45341,0,0,0,0,0
45342,0,0,0,0,0
45344,0,0,0,0,0
45345,0,0,0,0,0
45359,0,0,0,0,0
45368,0,0,0,0,0
45369,0,0,0,0,0
45370,0,0,0,0,0
45371,0,0,0,0,0
45373,0,0,0,0,0
45377,0,0,0,0,0
45383,0,0,0,0,0
45384,0,0,0,0,0
45385,0,0,0,0,0
45387,0,0,0,0,0
45402,0,0,0,0,0
45403,0,0,0,0,0
45404,0,0,0,0,0
45405,0,0,0,0,0
45406,0,0,0,0,0
45409,0,0,0,0,0
45410,0,0,0,0,0
45414,0,0,0,0,0
45415,0,0,0,0,0
45416,0,0,0,0,0
45417,0,0,0,0,0
45419,0,0,0,0,0
45420,0,0,0,0,0
45424,0,0,0,0,0
45426,0,0,0,0,0
45429,0,0,0,0,0
45430,0,0,0,0,0
45431,0,0,0,0,0
45432,0,0,0,0,0
45433,0,0,0,0,0
45434,0,0,0,0,0
45439,0,0,0,0,0
45440,0,0,0,0,0
45449,0,0,0,0,0
45458,0,0,0,0,0
45459,0,0,0,0,0
45502,0,0,0,0,0
45503,0,0,0,0,0
45504,0,0,0,0,0
45505,0,0,0,0,0
45506,0,0,0,0,0
45619,0,0,0,0,0
45623,0,0,0,0,0
45638,0,0,0,0,0
45659,0,0,0,0,0
45662,0,0,0,0,0
45663,1,2,3,3,3
45669,0,0,0,0,0
45678,0,0,0,0,0
45680,0,0,0,0,0
45694,0,0,0,0,0
45696,0,0,0,0,0
45714,0,0,0,0,0
45750,0,0,0,0,0
45801,0,0,0,0,0
45804,0,0,0,0,0
45805,0,0,0,0,0
45806,0,0,0,0,0
45807,0,0,0,0,2
45895,0,0,0,0,0
73003,0,0,0,50,157
73007,0,0,0,0,1
73008,8,54,69,115,169
73012,0,0,0,332,603
73013,38,38,323,798,1083
73020,0,2,7,37,83
73025,5,8,11,93,196
73026,0,0,0,1,2
73034,0,0,50,341,656
73049,0,2,2,7,11
73064,68,84,101,253,363
73065,0,0,0,0,3
73068,2,7,9,13,18
73069,127,159,233,286,467
73071,0,77,243,396,600
73072,160,271,345,468,653
73078,0,0,0,1,2
73084,18,25,53,70,84
73093,0,0,0,0,0
73099,0,0,0,100,149
73102,6,9,15,21,28
73103,0,9,24,58,85
73104,11,16,20,36,46
73105,59,73,92,103,108
73106,56,93,121,182,252
73107,10,31,51,144,226
73108,62,104,177,255,322
73109,44,140,199,258,325
73110,0,37,173,272,334
73111,59,107,184,226,285
73112,138,184,276,322,437
73114,42,90,139,159,215
73115,0,62,143,187,241
73116,42,56,74,111,264
73117,96,130,176,207,247
73118,31,75,118,192,335
73119,10,122,213,294,334
73120,104,156,234,364,468
73121,0,0,4,10,32
73122,88,106,129,184,230
73127,0,95,135,198,309
73128,52,67,92,135,166
73129,0,0,66,148,223
73130,37,73,82,119,155
73131,28,43,61,88,154
73132,24,57,89,137,250
73134,0,0,5,13,25
73135,0,0,36,66,146
73139,33,93,131,148,175
73141,15,26,37,49,63
73142,0,16,37,110,199
73145,9,20,37,48,59
73149,0,7,10,15,22
73150,9,9,18,33,69
73151,8,11,17,48,82
73159,66,131,197,262,372
73160,42,148,211,338,486
73162,39,49,69,118,217
73165,0,0,2,36,94
73169,4,7,11,21,33
73170,116,159,173,260,549
73173,1,2,2,8,17
73179,7,10,14,67,113
73501,0,69,131,200,269
73505,0,69,104,139,219
73507,0,21,48,62,127
73701,0,26,60,111,179
73703,38,76,133,200,267
74008,0,0,0,30,146
74011,0,20,70,80,169
74012,0,0,0,44,244
74014,0,0,0,0,116
74015,0,5,12,30,49
74017,0,7,34,61,61
74019,37,58,73,73,141
74021,0,0,7,22,111
74023,0,0,2,12,31
74033,0,0,0,0,30
74036,0,0,0,0,1
74037,26,26,26,33,118
74041,0,0,0,0,1
74050,0,0,0,0,0
74053,0,0,0,0,0
74055,0,63,63,109,282
74063,0,13,46,65,65
74066,0,39,78,146,165
74070,22,34,41,63,97
74073,0,0,4,24,49
74074,253,327,393,460,560
74075,0,0,16,99,151
74103,0,0,1,3,7
74104,0,9,67,121,166
74105,0,48,95,167,349
74106,129,194,239,272,401
74107,78,129,190,216,285
74108,14,35,55,66,98
74110,0,47,119,166,217
74112,41,98,154,187,244
74114,0,0,13,79,238
74115,59,93,178,229,297
74116,13,38,62,84,96
74119,0,1,5,14,23
74120,0,0,0,2,31
74126,0,3,23,51,102
74127,94,114,168,208,269
74128,57,78,96,122,148
74129,0,35,76,111,186
74130,0,0,1,6,8
74131,0,3,9,17,24
74132,0,7,26,37,66
74133,51,115,178,204,254
74134,6,17,35,70,157
74135,19,44,69,100,193
74136,0,18,65,118,207
74137,31,46,77,115,214
74145,6,38,64,76,108
74146,12,39,63,91,114
74363,0,0,0,0,0
74429,0,0,1,7,12
74730,0,0,0,0,1
74731,0,0,0,1,1
74733,0,0,2,5,10
74901,6,12,16,21,23
74902,0,0,2,3,3
74946,0,0,1,3,4
74948,2,2,3,4,5
74954,0,0,0,0,0
74959,0,0,0,0,0
97002,0,0,8,19,362
97003,0,0,109,212,4174
97004,0,0,37,88,612
97005,0,32,172,322,4757
97006,0,11,384,855,9540
97007,0,74,754,2132,15477
97008,0,27,210,407,5976
97009,0,0,15,30,202
97013,0,0,28,85,1023
97015,0,32,184,412,5366
97019,0,0,0,0,1
97024,0,0,97,186,2129
97027,0,7,160,338,2847
97030,0,52,190,484,7065
97034,0,0,486,938,3811
97035,0,5,302,707,4332
97045,0,0,536,1289,13891
97048,0,0,12,39,77
97060,0,0,86,241,4809
97062,0,15,361,798,6460
97068,0,0,611,1424,7137
97070,0,68,302,598,5194
97078,0,0,1,1,12
97080,0,0,368,784,9545
97086,0,54,356,829,6424
97089,0,0,221,520,4511
97113,0,17,100,192,3038
97116,0,65,275,493,6352
97123,0,93,489,1130,10259
97124,0,0,434,1008,11243
97140,0,29,432,1002,6226
97201,0,0,76,177,1218
97202,0,57,448,1160,8869
97203,0,0,354,615,7471
97205,0,5,33,61,416
97206,0,50,548,980,13007
97209,0,11,48,100,688
97210,0,6,158,361,2280
97211,0,53,474,1095,8104
97212,0,0,549,1299,5808
97213,0,50,450,920,7838
97214,0,20,331,681,5222
97215,0,11,233,648,4309
97216,0,9,95,221,3488
97217,0,118,426,1031,9110
97218,0,19,108,234,3575
97219,0,0,480,1474,8537
97220,0,0,201,551,6785
97221,0,0,273,622,2621
97222,0,0,223,446,8843
97223,0,65,745,1308,11193
97224,0,0,596,1073,9231
97225,0,25,313,717,5289
97227,0,5,57,144,1029
97229,0,0,1444,3257,14350
97230,0,11,175,548,8625
97231,0,1,79,172,909
97232,3,27,109,213,2336
97233,0,49,276,431,6539
97236,0,0,53,336,6973
97239,0,17,175,441,2618
97266,0,27,288,513,7266
97267,0,29,393,623,8133
97301,0,83,347,749,13251
97302,0,50,485,895,11701
97303,0,24,314,532,11560
97304,0,0,0,322,782
97305,22,152,327,534,10401
97306,0,0,64,420,730
97317,0,12,193,249,5983
97321,0,0,9,269,574
97322,0,0,0,91,332
97330,0,0,145,633,986
97333,0,0,35,325,638
97338,0,0,5,193,354
97351,0,0,0,87,150
97355,0,0,41,207,311
97361,0,0,8,94,188
97370,0,0,0,48,164
97389,0,0,0,13,23
97392,0,0,0,20,56
97401,0,0,281,765,4859
97402,0,0,222,615,7924
97403,0,0,73,179,1046
97404,0,0,93,431,5386
97405,0,0,211,914,5932
97408,0,0,60,383,2251
97448,0,1,2,5,11
97455,0,0,0,0,1
97457,0,0,0,0,0
97470,0,0,34,143,355
97471,0,0,76,309,605
97477,0,59,200,413,5672
97478,0,0,60,312,513
97495,0,0,0,5,13
97496,0,0,4,34,112
97501,0,0,95,445,8792
97502,0,22,202,529,6221
97503,0,0,71,171,1783
97504,0,16,493,906,8613
97524,0,0,79,170,1733
97526,0,0,88,316,4366
97527,0,0,139,357,3121
97530,0,0,29,121,681
97532,0,0,3,12,110
97535,0,14,60,101,986
97540,0,0,0,2,24
97701,0,0,280,830,8211
97702,0,0,376,959,9097
97703,0,70,624,1599,7255
97801,0,5,138,303,2340
97826,0,0,0,0,2
97838,0,0,57,262,3197
97875,0,2,6,11,349
97882,0,0,14,40,463
15001,50,175,238,413,625
15003,0,5,39,82,140
15005,0,0,10,51,102
15009,0,17,60,132,196
15010,0,21,68,164,308
15014,0,0,0,0,0
15017,0,16,38,175,251
15024,0,15,46,90,152
15025,0,0,0,2,4
15027,0,0,6,15,24
15030,0,0,0,0,2
15034,0,5,13,19,21
15035,0,0,2,8,14
15042,0,0,3,64,94
15044,0,0,0,0,0
15045,1,8,12,13,16
15046,0,4,17,17,25
15049,0,0,0,2,3
15051,0,0,0,0,1
15056,1,4,5,10,11
15057,5,18,108,221,311
15061,0,21,80,102,204
15064,0,0,0,0,0
15065,0,0,0,0,0
15066,0,0,18,46,64
15068,0,0,30,268,476
15071,0,4,52,133,228
15074,0,4,51,102,131
15076,0,0,6,11,18
15081,0,1,1,2,2
15082,0,0,0,0,0
15084,0,0,7,37,77
15085,0,3,6,60,107
15101,0,0,19,131,243
15102,0,0,12,107,222
15104,0,0,21,93,171
15106,0,22,80,182,299
15108,0,0,126,503,881
15110,35,64,87,108,129
15112,0,6,15,27,30
15116,0,0,21,31,191
15120,0,48,82,157,259
15122,24,95,166,300,387
15126,0,7,15,29,56
15131,0,9,43,75,124
15132,0,43,142,249,399
15133,0,9,21,43,53
15136,25,118,169,355,566
15137,16,20,44,79,123
15139,0,0,6,74,144
15140,0,1,4,16,21
15142,1,3,5,47,92
15143,0,0,0,197,431
15144,0,7,29,34,39
15145,0,35,63,76,104
15146,0,0,59,207,316
15147,49,142,154,228,339
15148,2,16,29,45,56
15201,0,21,63,163,242
15202,0,9,42,134,190
15203,0,0,55,178,292
15204,0,2,22,48,97
15205,13,52,78,136,246
15206,0,54,142,291,447
15207,4,60,88,139,187
15208,0,0,22,116,207
15209,0,9,27,63,131
15210,0,32,128,208,288
15211,0,23,50,145,195
15212,8,48,159,271,382
15213,0,68,168,256,355
15214,0,0,50,145,208
15215,19,23,38,167,299
15216,0,7,75,218,369
15217,0,51,178,464,674
15218,0,32,85,165,266
15219,15,80,133,198,268
15220,0,11,44,94,171
15221,0,132,198,371,528
15222,0,2,5,27,49
15223,0,15,28,60,88
15224,0,14,34,79,112
15225,1,8,11,15,17
15226,0,10,21,83,119
15227,10,59,89,178,316
15228,13,39,47,250,414
15229,0,0,41,119,173
15232,7,21,49,88,137
15233,0,5,22,57,83
15234,0,0,16,78,141
15235,60,180,276,468,564
15236,0,0,19,231,385
15237,0,21,222,455,729
15238,0,0,0,196,413
15239,25,49,66,198,321
15241,0,12,25,270,512
15243,0,0,21,172,290
15317,0,0,0,0,0
15321,0,0,0,0,0
15361,0,0,0,0,0
15545,0,0,0,0,0
15613,0,0,0,9,83
15615,0,0,0,0,0
15629,0,0,0,0,1
15632,0,0,0,0,0
15636,0,0,0,0,0
15641,0,0,0,1,2
15642,0,0,73,211,422
15644,0,0,0,0,0
15656,0,0,0,0,0
15665,0,0,0,0,0
15668,0,5,14,237,423
15673,0,0,0,0,0
15690,0,0,0,0,0
15692,0,0,0,0,0
15801,0,0,0,0,43
15840,0,0,2,9,13
15851,0,0,0,9,17
15901,0,0,8,47,71
15902,0,0,0,25,94
15904,0,0,38,119,171
15905,0,0,30,61,143
15906,0,0,21,46,69
15909,0,0,9,15,20
15928,0,0,0,5,12
15935,0,0,0,0,0
15942,0,0,0,0,1
15946,0,0,0,0,0
15963,0,0,7,22,42
16001,0,0,21,62,144
16002,0,0,1,2,6
16045,0,0,0,0,0
16053,0,0,0,1,2
16121,0,0,4,43,89
16143,0,0,0,0,0
16146,0,0,47,75,122
16148,0,0,0,0,12
16150,0,0,2,10,22
16159,0,0,0,2,7
16161,0,0,1,6,7
16229,0,0,0,0,0
16415,0,0,1,2,23
16421,0,0,0,4,13
16501,0,0,0,11,21
16502,0,0,0,29,80
16503,0,0,0,68,168
16504,0,0,33,66,99
16505,0,0,6,31,161
16506,0,0,0,32,194
16507,0,0,0,24,52
16508,0,0,0,0,51
16509,0,0,30,135,232
16510,0,0,45,180,263
16511,0,0,0,12,34
16601,0,0,0,102,183
16602,0,0,21,94,272
16635,0,0,0,23,64
16636,0,0,0,0,2
16637,0,0,0,8,15
16648,0,0,0,20,101
16665,0,0,1,1,2
16669,0,0,0,0,0
16673,0,0,0,1,20
16801,0,0,53,140,299
16803,0,0,0,0,75
16823,0,0,0,0,0
16865,0,0,0,0,1
16868,0,0,0,0,1
16870,0,0,0,0,0
17003,0,0,0,3,25
17011,0,0,87,184,291
17019,0,0,0,0,0
17022,0,0,0,0,6
17025,0,0,20,106,228
17028,0,0,0,0,1
17033,0,0,0,23,81
17034,0,0,0,0,6
17036,0,0,26,56,194
17038,0,0,0,0,0
17042,0,20,61,102,204
17043,6,13,15,43,66
17046,0,0,23,45,143
17050,0,0,0,104,468
17053,0,0,1,11,23
17055,0,0,0,20,98
17057,0,0,0,25,108
17067,0,0,0,2,5
17070,0,0,0,0,34
17078,0,0,0,13,80
17093,0,0,1,2,3
17101,0,6,8,12,15
17102,0,24,79,130,188
17103,0,25,119,194,270
17104,0,0,95,195,358
17109,0,44,57,101,138
17110,0,0,36,209,346
17111,18,53,106,256,414
17112,0,0,0,10,181
17113,0,0,0,45,78
17225,0,0,0,1,1
17263,0,0,0,0,0
17268,0,0,0,0,0
17319,0,7,14,29,86
17325,0,0,13,27,125
17339,0,0,0,1,13
17340,0,0,0,0,0
17345,0,11,29,33,44
17347,0,0,0,1,22
17360,0,0,0,0,0
17370,0,0,0,1,4
17401,0,0,0,0,45
17402,0,0,0,18,66
17403,0,0,0,30,162
17404,0,0,0,0,109
17406,0,0,0,0,34
17407,0,0,0,1,11
17408,0,0,0,0,1
17501,0,0,11,21,31
17502,0,0,0,0,0
17505,0,1,10,22,39
17508,0,0,0,1,1
17512,0,0,0,3,7
17516,0,0,0,0,7
17520,9,10,12,26,42
17522,0,0,7,31,58
17529,0,0,0,6,11
17538,0,0,0,22,49
17540,0,9,18,81,117
17543,0,0,0,28,234
17545,0,0,0,7,56
17551,0,29,42,69,95
17552,0,0,0,0,1
17554,0,0,7,25,59
17557,0,0,0,4,8
17560,0,0,0,0,0
17562,0,1,2,6,11
17572,0,0,5,15,24
17579,0,0,7,14,33
17582,0,0,0,0,3
17584,0,0,0,15,56
17601,42,69,97,306,639
17602,0,89,112,201,402
17603,128,144,192,303,511
17701,0,0,72,132,383
17702,0,0,20,44,78
17728,0,0,1,1,4
17744,0,0,0,0,0
17754,0,0,9,26,69
17756,0,0,0,1,2
17801,0,0,0,43,68
17815,0,0,68,116,189
17837,0,0,13,35,41
17847,0,0,0,0,1
17850,0,0,0,0,0
17857,0,0,0,0,8
17859,0,0,1,2,4
17870,7,10,13,55,101
17876,0,0,0,2,12
17889,0,0,0,0,0
17901,0,36,109,139,212
17923,0,0,3,6,9
17951,0,0,0,0,0
17954,0,5,12,33,45
17965,0,0,1,3,6
17970,0,1,8,9,17
18011,0,0,0,0,18
18013,0,0,0,31,101
18014,0,0,0,4,36
18015,0,89,134,179,320
18017,0,0,0,114,366
18018,0,0,49,188,278
18020,0,0,0,21,216
18031,0,0,0,0,48
18032,0,6,26,58,91
18034,0,0,11,110,206
18036,0,6,13,105,182
18037,0,3,9,29,104
18038,0,0,0,0,2
18040,0,0,0,12,142
18042,0,0,0,19,116
18045,0,0,0,47,244
18049,6,30,90,138,251
18051,0,0,6,7,14
18052,0,0,0,0,111
18053,0,0,0,3,6
18055,0,0,0,10,14
18059,0,0,0,5,16
18062,0,0,0,14,188
18064,0,0,0,0,165
18066,0,0,0,0,1
18067,0,27,34,41,81
18069,0,0,0,0,105
18072,0,0,0,5,44
18074,0,0,0,1,24
18077,0,0,0,0,2
18078,0,3,3,91,171
18079,0,0,0,0,0
18080,0,12,36,95,134
18083,0,0,0,0,0
18085,0,0,1,1,3
18086,0,0,0,0,0
18087,0,0,1,2,4
18088,0,0,0,0,15
18091,0,0,0,2,7
18092,0,0,0,2,11
18101,0,0,4,7,21
18102,18,81,162,251,278
18103,12,99,149,285,433
18104,0,0,0,225,529
18106,0,0,3,48,116
18109,0,0,36,97,159
18343,0,0,1,2,6
18353,0,0,0,0,0
18360,0,0,0,0,1
18403,0,0,3,14,43
18411,0,0,4,8,34
18433,0,0,0,0,49
18434,0,0,0,0,14
18436,0,0,0,0,0
18444,0,0,0,0,1
18447,0,0,12,39,70
18452,0,0,10,16,25
18503,0,1,6,9,12
18504,0,0,30,98,196
18505,0,0,0,93,179
18507,0,0,24,57,115
18508,0,0,38,92,146
18509,0,0,33,55,107
18510,0,3,38,86,115
18512,0,0,5,36,125
18517,0,0,11,44,77
18518,0,4,33,58,112
18519,0,13,35,53,83
18603,0,11,44,89,183
18612,0,0,9,43,150
18621,0,0,0,0,0
18631,0,1,5,8,13
18634,9,48,79,109,157
18635,0,0,0,2,8
18640,0,0,76,132,182
18641,3,5,13,27,32
18642,0,5,7,20,29
18643,0,0,8,75,138
18644,0,0,0,23,58
18651,0,0,7,31,52
18660,0,0,0,0,0
18701,0,6,17,24,34
18702,0,0,240,395,575
18704,0,12,151,313,487
18705,0,0,30,60,132
18706,0,0,30,89,159
18707,0,0,0,0,1
18708,0,9,12,52,81
18709,0,18,32,52,69
18901,0,0,0,0,97
18902,0,0,0,0,0
18914,0,0,0,282,589
18915,0,0,0,6,25
18925,0,0,0,0,148
18927,0,0,0,0,1
18929,0,0,3,11,132
18932,0,0,0,2,6
18936,0,0,0,0,26
18938,0,0,0,0,59
18940,0,0,0,0,379
18951,0,0,0,0,1
18954,0,0,0,0,84
18964,9,16,22,78,113
18966,0,0,43,74,351
18969,0,1,1,7,12
18974,0,0,0,0,277
18976,0,0,0,0,157
18977,0,0,0,1,67
19001,0,0,40,60,120
19002,0,20,50,70,338
19003,0,0,6,17,112
19004,0,0,0,0,100
19006,0,0,0,51,241
19007,0,0,0,11,53
19008,0,0,0,12,96
19009,0,0,0,0,4
19010,0,0,4,26,218
19012,0,0,0,0,45
19013,0,0,0,87,163
19014,0,0,0,0,143
19015,0,0,0,12,43
19018,0,0,5,32,81
19020,0,0,0,48,277
19021,0,0,11,31,48
19022,0,0,0,3,9
19023,0,0,0,55,102
19025,0,0,1,3,77
19026,0,0,19,50,120
19027,0,0,0,19,115
19029,0,0,0,0,20
19030,0,0,0,0,76
19031,0,0,0,3,72
19032,0,0,0,1,28
19033,0,0,0,10,42
19034,0,0,0,7,65
19035,0,0,0,0,59
19036,0,3,13,18,38
19038,0,0,25,50,225
19040,0,0,0,6,148
19041,0,0,0,5,76
19043,0,0,0,0,9
19044,0,0,0,0,29
19046,0,0,9,37,195
19047,0,0,0,0,149
19050,0,0,33,60,125
19053,0,0,0,0,166
19054,0,0,0,20,40
19055,0,0,4,16,24
19056,0,0,0,11,50
19057,0,0,0,0,38
19060,0,0,0,6,98
19061,0,0,30,66,111
19063,0,0,0,7,233
19064,0,0,0,0,221
19066,0,0,2,5,63
19067,0,0,0,26,400
19070,0,0,0,13,59
19072,0,0,0,0,69
19073,0,0,0,4,202
19074,0,0,5,21,39
19075,0,6,13,15,55
19076,0,0,0,13,44
19078,0,0,0,21,73
19079,0,0,0,17,45
19081,0,0,0,11,70
19082,0,0,0,16,85
19083,0,0,10,29,171
19085,0,0,0,1,72
19086,0,0,0,15,31
19087,0,0,12,12,123
19090,0,0,6,39,186
19094,0,0,0,0,9
19095,0,0,6,27,70
19096,0,0,0,8,90
19102,0,0,0,2,8
19103,0,5,18,30,83
19104,0,0,0,32,226
19106,0,0,0,4,13
19107,0,0,0,6,39
19108,0,0,0,0,0
19111,0,0,0,98,219
19114,0,0,0,0,57
19115,0,0,0,23,179
19116,0,0,0,39,130
19118,0,0,4,14,62
19119,0,0,0,24,39
19120,0,0,0,43,134
19121,0,0,0,77,238
19122,0,0,0,38,128
19123,0,0,2,31,102
19124,0,0,15,130,291
19125,0,0,0,15,89
19126,0,0,0,30,50
19127,0,0,0,15,57
19128,0,0,0,9,167
19129,0,0,0,11,55
19130,0,0,0,4,65
19131,0,0,55,165,234
19132,0,0,0,46,175
19133,0,0,18,71,156
19134,0,0,0,128,287
19135,0,0,39,116,207
19136,0,0,0,8,54
19137,0,0,0,30,67
19138,0,0,0,17,140
19139,0,0,34,156,253
19140,0,0,124,261,350
19141,0,0,18,78,155
19142,0,0,0,57,95
19143,0,0,0,142,255
19144,0,0,0,75,247
19145,0,0,37,74,135
19146,0,0,47,88,290
19147,0,0,0,34,251
19148,0,0,0,0,158
19149,0,0,14,51,74
19150,0,0,0,19,93
19151,0,0,0,0,81
19152,0,0,0,0,85
19153,0,0,0,45,118
19154,0,0,0,51,160
19301,0,0,0,0,36
19311,0,0,0,0,3
19312,0,6,15,25,196
19317,0,0,8,14,139
19319,0,0,0,0,2
19333,0,0,1,8,82
19335,0,0,0,0,5
19341,0,0,0,0,89
19342,0,5,19,24,47
19348,0,0,0,0,5
19350,0,0,0,0,33
19355,0,0,18,24,237
19373,0,0,0,0,53
19380,0,0,0,0,433
19382,0,0,0,11,417
19401,0,0,0,52,130
19403,0,0,0,0,255
19405,0,0,0,4,22
19406,0,0,0,12,120
19422,0,0,0,6,244
19426,0,0,0,0,191
19428,0,5,19,29,105
19436,0,0,1,2,4
19437,0,0,0,0,1
19438,14,27,47,284,616
19440,0,14,32,134,300
19444,0,0,0,0,129
19446,0,71,127,495,848
19453,0,0,0,0,4
19454,0,0,0,36,178
19460,0,0,0,26,237
19462,0,0,18,27,165
19464,0,0,0,0,0
19468,0,0,6,13,88
19473,0,0,0,20,179
19475,0,0,0,4,22
19492,0,0,0,0,3
19506,0,0,0,0,1
19508,0,0,3,11,19
19510,0,0,0,0,28
19522,0,0,11,16,33
19525,0,0,0,0,2
19533,0,0,0,8,31
19539,0,0,1,1,6
19540,0,0,5,8,33
19541,0,0,0,0,2
19547,0,0,0,0,1
19555,0,0,0,0,0
19560,0,0,5,23,33
19565,0,0,0,0,0
19601,0,0,79,164,218
19602,0,0,18,74,121
19604,0,0,14,38,80
19605,0,0,0,6,64
19606,0,0,0,86,257
19607,0,0,0,34,51
19608,0,0,4,9,70
19609,0,0,0,17,48
19610,0,4,13,17,65
19611,0,0,4,25,59
2802,0,0,0,0,112
2806,0,0,0,602,4073
2809,0,0,80,549,6106
2814,0,0,1,4,74
2816,0,0,30,323,5576
2817,0,0,1,21,218
2818,0,0,5,560,4061
2822,0,0,0,4,58
2828,0,0,0,93,1683
2830,0,0,0,1,13
2831,0,0,2,68,859
2835,0,0,0,34,258
2838,0,0,26,60,649
2852,0,0,19,257,2882
2857,0,0,1,39,525
2860,0,0,61,453,8190
2861,0,0,81,228,6976
2863,0,0,11,85,2704
2864,0,0,19,690,8547
2865,0,0,19,352,4352
2871,0,0,0,357,3442
2878,0,0,0,280,4844
2885,0,0,7,282,3286
2886,0,0,46,410,7079
2888,0,0,24,273,5585
2889,0,0,41,319,7665
2893,0,0,7,298,6829
2895,0,0,97,429,7640
2896,0,0,17,135,2189
2903,0,0,6,124,1396
2904,0,0,22,433,6635
2905,0,0,122,537,4823
2906,0,0,20,458,4544
2907,0,0,34,213,3942
2908,0,0,31,404,7292
2909,0,0,42,310,6565
2910,0,0,13,185,6070
2911,0,0,28,177,3758
2914,0,0,13,259,5948
2915,0,0,9,223,4260
2916,0,0,0,165,2166
2917,0,0,9,235,2872
2919,0,0,18,549,8399
2920,0,0,20,437,9324
2921,0,0,15,373,3206
29016,29,146,265,2526,2603
29020,0,9,140,431,3007
29033,0,119,255,4477,4513
29036,0,0,51,133,1020
29039,0,2,10,123,208
29040,0,1,11,41,361
29044,0,1,2,7,40
29045,0,145,390,1012,6971
29053,47,319,566,6441,6567
29061,0,66,130,2376,2423
29063,25,308,783,7976,8159
29072,111,519,1611,17650,18261
29073,17,410,854,16707,16895
29078,0,0,135,411,4760
29115,77,428,658,6112,6291
29118,37,55,98,1802,1826
29123,0,56,110,2511,2539
29150,0,219,456,1351,8492
29152,0,1,2,5,28
29153,0,19,92,260,1524
29154,0,21,71,264,2233
29160,0,41,90,1822,1850
29161,0,2,8,20,128
29169,16,270,492,7670,7837
29170,43,130,382,8493,8606
29172,0,62,136,3609,3650
29201,0,604,1006,4779,4970
29203,205,724,1123,10292,10616
29204,68,292,496,4655,4767
29205,91,293,683,6085,6397
29206,34,230,490,4644,4796
29209,35,441,848,11175,11430
29210,0,198,381,7445,7574
29212,141,344,662,8529,8670
29223,164,866,1313,14297,14611
29229,65,359,816,16011,16174
29301,0,131,424,818,9769
29302,0,0,318,491,5136
29303,0,209,417,580,7544
29306,0,75,265,487,4268
29307,0,82,285,462,6139
29316,0,9,239,532,8641
29323,0,0,14,28,829
29329,0,0,1,2,24
29330,0,7,39,79,865
29334,0,29,177,341,4657
29346,0,0,0,3,88
29349,0,0,243,548,6526
29365,0,0,56,146,4226
29369,0,0,160,330,4575
29376,0,15,50,110,1816
29377,0,0,0,0,31
29385,0,0,31,92,3018
29388,0,6,15,36,841
29401,22,230,615,2850,2996
29403,63,444,842,5445,5606
29404,0,6,16,558,563
29405,95,197,453,7129,7231
29406,39,169,338,5529,5579
29407,62,499,1070,8491,8741
29410,0,169,314,4804,4903
29412,102,453,1167,10764,11093
29414,50,332,866,9730,9931
29418,109,237,364,5905,5990
29420,9,179,384,4421,4522
29429,0,16,33,347,354
29439,43,138,229,1212,1274
29440,0,0,0,3,5
29445,81,484,935,15715,15973
29451,0,305,803,2736,3010
29455,6,51,118,846,876
29456,54,218,381,7635,7705
29464,140,978,2124,13094,13513
29466,44,704,1694,10151,10712
29472,0,0,0,16,16
29482,8,102,249,902,978
29483,248,464,1077,16050,16364
29485,31,169,783,14891,15214
29486,0,38,159,2358,4094
29492,14,195,548,4491,4648
29501,0,223,566,1528,9762
29505,0,0,96,492,3767
29506,0,104,216,498,2461
29526,0,129,485,6616,9712
29527,0,47,108,2079,3139
29532,0,41,144,370,3646
29540,0,0,1,1,11
29541,0,1,6,27,246
29566,0,36,175,1164,7179
29568,0,8,97,593,4015
29572,0,68,324,2581,3874
29575,81,189,378,5674,8884
29576,0,63,594,8180,12390
29577,10,196,576,6752,10096
29579,0,60,469,7619,11808
29582,0,93,429,1705,11311
29585,0,37,348,3538,5213
29588,0,71,527,9003,13990
29601,0,3,116,357,2908
29605,0,0,684,1218,10181
29607,0,11,368,964,10456
29609,0,0,480,995,8205
29611,0,29,401,840,9230
29615,0,87,318,878,9307
29617,0,55,259,502,7638
29621,0,63,444,887,10106
29624,0,88,293,483,4710
29625,0,51,226,400,7155
29626,0,53,139,284,3192
29627,0,0,8,15,179
29630,0,4,38,94,1163
29631,0,16,143,287,2249
29640,0,0,270,703,10569
29642,0,128,416,768,10329
29644,0,20,70,135,2867
29650,0,43,509,1073,10319
29651,0,0,255,962,13712
29657,0,0,55,121,2591
29662,0,0,51,180,4540
29665,0,1,7,10,64
29670,0,0,24,60,851
29671,0,9,55,124,2093
29672,0,14,50,144,1190
29673,0,41,239,569,7988
29678,0,26,91,182,2859
29680,0,0,125,460,7598
29681,0,51,514,1474,16469
29684,0,0,9,22,774
29687,0,34,260,576,11079
29690,0,0,96,241,4063
29691,0,0,0,0,4
29693,0,0,0,1,12
29696,0,0,0,0,11
29697,0,0,0,0,1
29707,0,40,476,1083,9636
29708,0,9,461,1065,8305
29710,0,12,89,234,2356
29715,0,0,370,1067,7937
29720,0,26,185,402,6408
29730,0,0,330,639,10680
29732,0,93,464,720,11213
29745,0,3,15,35,471
29801,87,574,983,8270,8487
29803,0,243,1066,12990,13287
29805,0,1,1,21,22
29809,0,8,46,604,1067
29816,0,1,2,13,14
29821,0,1,4,50,51
29828,8,36,52,430,441
29829,19,93,186,3777,3839
29831,0,2,3,66,66
29834,2,6,9,139,141
29841,0,225,781,11365,11696
29842,0,21,72,2949,2967
29851,4,89,197,3652,3682
29860,0,105,222,3762,3843
29902,3,86,193,2672,2719
29906,0,92,209,3104,3136
29907,6,40,92,714,744
29909,0,0,0,1,1
29910,7,28,73,626,642
29915,0,9,24,176,183
29920,0,0,1,14,15
29926,5,182,622,5081,5269
29927,0,0,0,1,1
29928,31,119,648,4151,6000
29935,1,11,19,497,502
57005,0,0,0,0,0
57049,0,0,0,0,0
57055,0,0,0,0,0
57064,0,0,0,0,0
57103,0,0,0,0,0
57104,0,0,0,0,7
57105,0,0,0,7,20
57106,0,0,0,0,0
57107,0,0,0,0,0
57108,0,0,0,0,0
57110,0,0,0,0,0
57701,34,34,34,34,46
57702,0,0,0,0,0
57703,0,0,0,0,0
57719,0,0,0,0,0
57730,4,5,5,5,5
57744,0,0,0,0,0
57745,0,0,0,0,0
57751,0,0,0,0,0
37010,0,0,0,0,0
37013,0,0,0,0,0
37014,0,0,0,0,0
37027,0,0,0,0,0
37040,0,0,0,0,0
37042,0,0,0,0,0
37043,0,0,0,0,0
37064,0,0,0,0,0
37066,0,0,0,0,0
37067,0,0,0,0,0
37069,20,20,20,20,20
37072,0,0,0,0,0
37075,0,0,0,0,0
37076,0,0,0,0,0
37080,0,0,0,0,0
37086,0,0,0,0,0
37115,0,0,0,0,0
37122,0,0,0,0,0
37127,0,0,0,0,0
37128,0,0,0,0,0
37129,0,0,0,0,0
37130,0,0,0,0,0
37135,0,0,0,0,0
37138,0,0,0,0,0
37153,0,0,0,0,0
37167,0,0,0,0,0
37189,0,0,0,0,0
37191,0,0,0,0,0
37201,0,0,0,0,0
37203,0,0,0,0,0
37204,0,0,0,0,0
37205,0,0,0,0,0
37206,0,0,0,0,0
37207,0,0,0,0,0
37208,0,0,0,0,0
37209,0,0,0,0,0
37210,0,0,0,0,0
37211,0,0,0,0,0
37212,0,0,0,0,0
37214,0,0,0,0,0
37215,0,0,0,0,0
37216,0,0,0,0,0
37217,0,0,0,0,0
37218,0,0,0,0,0
37219,0,0,0,0,0
37220,0,0,0,0,0
37221,0,0,0,0,0
37228,0,0,0,0,0
37310,0,0,0,0,0
37311,0,0,0,0,0
37312,0,0,0,0,0
37323,0,0,0,0,0
37336,0,0,0,0,0
37341,0,0,0,0,0
37343,0,0,0,0,0
37350,0,0,0,0,0
37351,0,0,0,0,0
37353,0,0,0,0,0
37354,0,0,0,0,0
37355,0,0,0,0,0
37360,0,0,0,0,0
37363,0,0,0,0,0
37377,0,0,0,0,0
37379,0,0,0,0,0
37385,0,0,0,0,0
37388,0,0,0,0,0
37402,0,0,0,0,0
37403,0,0,0,0,0
37404,0,0,0,0,0
37405,0,0,0,0,0
37406,0,0,0,0,0
37407,0,0,0,0,0
37408,0,0,0,0,0
37409,0,0,0,0,0
37410,0,0,0,0,0
37411,0,0,0,0,0
37412,0,0,0,0,0
37415,0,0,0,0,0
37416,5,5,5,5,5
37419,0,0,0,0,0
37421,0,0,0,0,0
37601,0,0,0,0,0
37604,0,0,0,0,0
37615,0,0,0,0,0
37617,0,0,0,0,0
37618,0,0,0,0,0
37642,0,0,0,0,0
37643,0,0,0,0,0
37645,0,0,0,0,0
37658,0,0,0,0,0
37659,0,0,0,0,0
37660,0,0,0,0,0
37663,0,0,0,0,0
37664,0,0,0,0,0
37665,0,0,0,0,0
37686,0,0,0,0,0
37692,0,0,0,0,0
37694,0,0,0,0,0
37701,0,0,0,0,0
37708,0,0,0,0,0
37710,0,0,0,0,0
37714,0,0,0,0,0
37716,0,0,0,0,0
37721,0,0,0,0,0
37737,0,0,0,0,0
37738,0,0,0,0,0
37742,0,0,0,0,0
37754,0,0,0,0,0
37769,0,0,0,0,0
37771,0,0,0,0,0
37772,0,0,0,0,0
37774,0,0,0,0,0
37777,0,0,0,0,0
37801,0,0,0,0,0
37803,0,0,0,0,0
37804,0,0,0,0,0
37806,0,0,0,0,0
37813,0,0,0,0,0
37814,0,0,0,0,0
37821,0,0,0,0,0
37830,0,0,0,0,0
37840,0,0,0,0,0
37846,0,0,0,0,0
37849,0,0,0,0,0
37853,0,0,0,0,0
37860,0,0,0,0,0
37861,0,0,0,0,0
37862,0,0,0,0,0
37863,0,0,0,0,0
37865,0,0,0,0,0
37871,0,0,0,0,0
37876,0,0,0,0,0
37877,0,0,0,0,0
37885,0,0,0,0,0
37886,0,0,0,0,0
37890,0,0,0,0,0
37902,0,0,0,0,0
37909,0,0,0,0,0
37912,0,0,0,0,0
37914,0,0,0,0,0
37915,0,0,0,0,0
37916,0,0,0,0,0
37917,0,0,0,0,0
37918,0,0,0,0,0
37919,0,0,0,0,0
37920,0,0,0,0,0
37921,0,0,0,0,0
37922,0,0,0,0,0
37923,0,0,0,0,0
37924,0,0,0,0,0
37931,0,0,0,0,0
37932,0,0,0,0,0
37934,0,0,0,0,0
37938,0,0,0,0,0
38002,0,0,0,0,0
38016,0,0,0,0,0
38017,0,0,0,0,0
38018,0,0,0,0,0
38028,0,0,0,0,0
38053,0,0,0,0,0
38103,0,0,0,0,0
38104,0,0,0,0,0
38105,0,0,0,0,0
38106,0,0,0,0,0
38107,0,0,0,0,0
38108,0,0,0,0,0
38109,0,0,0,0,0
38111,0,0,0,0,0
38112,0,0,0,0,0
38114,0,0,0,0,0
38115,0,0,0,0,0
38116,0,0,0,0,0
38117,0,0,0,0,0
38118,0,0,0,0,0
38119,0,0,0,0,0
38120,0,0,0,0,0
38122,0,0,0,0,0
38125,0,0,0,0,0
38126,0,0,0,0,0
38127,0,0,0,0,0
38128,0,0,0,0,0
38133,0,0,0,0,0
38134,0,0,0,0,0
38135,0,0,0,0,0
38138,0,0,0,0,0
38139,0,0,0,0,0
38141,0,0,0,0,0
38301,0,0,0,0,0
38305,0,0,0,0,0
38343,0,0,0,0,0
38355,0,0,0,0,0
38356,0,0,0,0,0
38362,0,0,0,0,0
38401,0,0,0,0,0
38501,0,0,0,0,0
38506,0,0,0,0,0
75001,0,24,145,2133,2171
75002,42,318,2335,20039,20910
75006,0,128,641,10346,10581
75007,0,114,1494,13527,13982
75010,0,115,479,5815,5991
75013,46,241,2121,10432,11063
75019,10,315,1772,9562,10254
75020,0,109,313,7659,7760
75021,0,12,44,1451,1463
75022,0,160,1438,5932,6412
75023,29,275,1276,13930,14263
75024,0,246,1195,8137,8594
75025,0,73,2182,13559,14097
75028,0,342,1945,12194,12877
75032,0,0,2,13,14
75033,0,1,7,34,37
75034,55,1054,3523,25829,27299
75035,0,555,3125,16956,17973
75038,0,71,220,3296,3357
75039,0,14,202,1920,1983
75040,0,232,695,17465,17661
75041,0,38,376,7518,7610
75042,0,106,353,8664,8788
75043,0,148,708,16171,16352
75044,12,49,794,11839,12035
75048,0,88,1262,7434,7876
75050,16,122,219,7992,8097
75051,0,64,331,7885,7998
75052,0,167,1316,23327,23805
75054,0,31,557,3168,3347
75056,76,427,1814,14207,14970
75057,0,25,113,2472,2494
75060,19,198,415,9150,9357
75061,0,74,263,8073,8188
75062,0,107,269,8802,8882
75063,0,160,821,6827,7132
75065,4,77,372,3472,3596
75067,36,166,546,11576,11778
75068,0,159,838,7149,7413
75069,19,103,295,2640,2712
75070,79,611,1913,18752,19422
75074,0,238,966,12719,13063
75075,0,174,967,10371,10741
75076,0,1,37,729,748
75077,0,240,1188,10193,10760
75080,54,420,1293,10179,10556
75081,10,230,820,9634,9884
75082,0,136,844,6050,6329
75087,0,1,40,310,330
75088,0,19,650,8976,9161
75089,0,0,855,10017,10288
75090,92,236,400,6370,6514
75092,0,80,314,6547,6634
75093,0,487,2110,12320,13254
75094,7,200,864,6420,6807
75098,0,333,1523,16626,17238
75104,0,279,1238,14858,15291
75115,0,99,753,12006,12253
75116,0,87,224,5015,5071
75125,0,0,1,15,15
75134,0,6,189,6007,6080
75137,0,75,374,6072,6196
75141,0,14,71,1154,1172
75146,0,125,324,5104,5177
75149,0,233,517,16436,16586
75150,88,236,545,14528,14616
75159,0,11,28,650,664
75172,0,14,28,860,870
75180,0,0,97,6008,6075
75181,0,64,319,6218,6327
75182,0,34,383,2093,2228
75201,0,4,60,522,545
75202,0,1,11,113,117
75203,0,74,147,2464,2513
75204,0,74,263,2111,2189
75205,0,113,1147,4124,4516
75206,0,134,508,4521,4717
75207,0,30,101,1057,1081
75208,0,52,500,5513,5739
75209,0,10,552,2958,3119
75210,0,42,86,1247,1262
75211,0,274,604,11103,11285
75212,0,183,486,5005,5157
75214,0,193,1351,7009,7487
75215,0,147,330,3142,3211
75216,0,523,1059,11759,11954
75217,0,250,947,17557,17772
75218,0,49,952,6513,6856
75219,0,37,199,1769,1829
75220,11,142,381,5279,5388
75223,0,73,223,2357,2414
75224,6,229,322,6029,6110
75225,5,174,1240,4338,4792
75226,0,10,35,708,715
75227,0,360,696,12137,12311
75228,0,428,913,13976,14118
75229,0,228,1314,8403,8951
75230,0,126,1105,5779,6101
75231,7,47,205,3272,3319
75232,0,246,508,7994,8076
75233,0,12,81,3074,3092
75234,0,34,411,6644,6768
75235,0,97,190,2366,2410
75236,0,89,180,2976,3038
75237,0,104,198,2470,2511
75238,0,87,766,6347,6595
75240,0,71,205,2522,2585
75241,0,448,732,8873,9010
75243,0,155,571,7925,8056
75244,0,34,401,3201,3355
75246,0,18,31,274,281
75247,0,68,111,983,1012
75248,0,194,1174,8211,8635
75249,0,42,103,4618,4675
75251,0,2,5,150,152
75252,0,184,615,5394,5635
75253,0,150,269,5037,5120
75254,0,36,134,2375,2414
75287,38,295,658,7278,7453
75459,0,5,34,700,712
75501,0,347,840,9370,10274
75503,0,0,426,6511,7224
75569,0,1,2,1016,1090
75601,0,56,236,4728,5082
75602,0,92,339,5582,6050
75603,0,13,73,1071,1178
75604,0,76,277,8707,9471
75605,0,67,488,7584,8282
75640,0,0,12,325,342
75644,0,23,62,1747,1866
75645,0,9,32,443,486
75647,0,32,108,1815,1969
75650,0,22,80,1444,1585
75652,0,1,3,49,54
75662,0,0,193,5145,5632
75684,0,0,0,4,5
75693,0,44,218,2153,2378
75701,0,297,891,10568,10821
75702,0,204,416,9066,9177
75703,33,186,932,10455,10784
75704,0,21,67,1834,1857
75705,0,7,19,192,205
75706,0,2,58,1434,1514
75707,0,17,149,3371,3444
75708,6,18,30,1891,2008
75709,0,12,51,1506,1527
75751,0,208,368,4570,4659
75752,0,8,20,310,315
75755,0,0,0,1,1
75757,0,0,3,35,36
75758,0,6,39,896,911
75762,0,0,161,2196,2269
75771,0,0,99,1838,1989
75789,0,0,0,6,6
75791,0,42,167,2552,2619
75792,0,4,10,123,131
75901,0,69,358,5994,6194
75904,0,33,205,6401,6553
75941,0,22,54,963,998
75949,0,9,23,503,518
75961,0,74,194,2254,2499
75964,5,76,135,2465,2516
75965,0,20,135,1964,2211
75969,0,0,1,49,50
76001,0,94,643,7526,7738
76002,30,242,615,9744,10006
76005,0,9,40,147,163
76006,0,28,114,3100,3144
76008,0,0,1,8,9
76010,0,192,473,7840,7936
76011,0,49,129,3435,3463
76012,0,95,534,6088,6298
76013,0,189,518,6096,6223
76014,0,57,262,7006,7027
76015,0,73,153,3241,3281
76016,0,88,666,9497,9742
76017,0,254,858,10148,10519
76018,0,70,241,7629,7738
76021,0,75,532,8072,8230
76022,27,39,77,2935,2971
76034,0,224,1810,6290,6946
76036,0,8,34,541,553
76039,0,62,373,6766,6849
76040,0,90,275,5857,5947
76051,32,286,1113,10008,10411
76052,0,53,824,7148,7473
76053,0,158,378,6737,6798
76054,0,40,314,3873,3982
76060,6,47,279,2807,2907
76063,0,380,1777,16340,17012
76071,0,5,15,154,159
76078,0,0,1,13,13
76092,0,285,2674,6897,7769
76102,0,54,150,1247,1281
76103,0,75,204,4115,4140
76104,36,219,414,5918,6046
76105,0,118,318,6073,6204
76106,58,297,470,9391,9525
76107,0,329,1157,9445,9765
76108,0,106,618,9334,9595
76109,0,326,1148,5970,6362
76110,10,279,828,9627,9886
76111,0,25,157,6218,6249
76112,0,203,599,9931,10063
76114,0,174,460,6782,6907
76115,47,262,419,5108,5171
76116,0,249,917,10931,11203
76117,44,157,349,8567,8663
76118,5,108,339,4977,5059
76119,0,299,517,11309,11389
76120,0,23,238,3792,3858
76123,0,183,579,9906,10079
76126,0,47,588,6344,6591
76127,0,0,0,294,294
76131,0,138,552,11230,11460
76132,11,162,405,5202,5342
76133,0,328,797,15228,15526
76134,23,101,398,7673,7720
76135,0,88,307,4702,4829
76137,0,175,842,15472,15742
76140,0,62,256,7656,7726
76148,0,27,454,8638,8852
76155,0,1,6,381,383
76164,64,123,187,4866,4895
76177,27,64,211,3260,3323
76179,0,267,1106,18458,18954
76180,0,118,462,8839,8975
76182,0,117,1147,9992,10491
76205,0,10,50,680,697
76208,3,71,362,3041,3174
76210,24,298,1026,11334,11799
76226,0,133,1188,5399,5893
76240,0,36,350,5791,5886
76244,0,399,2103,21146,21876
76248,54,350,2691,12070,13133
76262,22,380,1800,10331,10924
76301,0,199,478,7145,7248
76302,0,120,361,4511,4594
76305,0,29,87,2207,2239
76306,0,105,327,6411,6503
76308,0,172,558,6948,7113
76309,0,129,308,5484,5557
76310,0,86,358,6014,6138
76311,0,0,1,708,709
76354,0,0,0,8,8
76367,0,10,16,319,324
76401,0,22,50,550,560
76501,0,58,175,4080,4130
76502,0,63,564,12268,12456
76504,0,198,457,6664,6753
76513,0,260,1041,10327,10685
76522,0,83,224,6316,6374
76539,0,6,78,2114,2144
76541,26,262,434,6242,6325
76542,0,274,630,13501,13638
76543,0,204,448,9557,9683
76544,0,17,133,3432,3470
76548,18,150,372,8675,8790
76549,0,160,684,14328,14430
76559,0,38,98,1677,1694
76574,0,0,0,9,9
76579,0,23,62,909,929
76630,0,1,4,121,122
76633,0,2,24,314,324
76640,0,39,93,1004,1031
76643,16,27,209,5262,5337
76655,4,27,154,1967,2028
76657,11,65,203,2715,2785
76691,0,10,117,1198,1239
76701,0,78,154,810,850
76704,8,262,381,2575,2637
76705,0,217,624,9230,9324
76706,0,614,1370,10403,10677
76707,0,217,424,5295,5382
76708,0,127,425,8866,8984
76710,0,16,503,7922,8060
76711,0,19,61,3210,3230
76712,19,170,792,9003,9352
76901,10,182,528,9412,9508
76903,39,434,842,12923,13081
76904,0,175,822,10729,10904
76905,0,88,179,3193,3232
77002,7,25,94,756,794
77003,0,41,387,3227,3354
77004,0,349,1117,7370,7695
77005,0,0,1904,6441,7300
77006,0,72,620,4702,4973
77007,0,122,1780,9887,10617
77008,0,158,2220,11509,12691
77009,0,347,1414,11959,12550
77010,0,0,6,20,23
77011,0,137,396,5097,5207
77012,0,95,190,4437,4496
77013,0,41,116,3670,3730
77014,0,135,380,6185,6372
77015,0,118,369,14470,14647
77016,37,259,546,8947,9160
77017,0,62,233,7555,7726
77018,0,83,1143,8363,8990
77019,0,57,811,4685,5018
77020,0,208,561,7661,7894
77021,0,333,891,7725,8133
77022,0,198,523,7658,7841
77023,88,337,593,7019,7202
77024,0,98,1512,7289,7869
77025,0,126,847,6111,6442
77026,0,274,653,8488,8735
77027,0,62,358,2729,2874
77028,0,235,447,5603,5808
77029,0,101,266,6107,6272
77030,0,39,287,2014,2144
77031,0,60,165,3359,3454
77032,0,133,234,3335,3440
77033,0,394,672,8613,8829
77034,0,134,385,8118,8328
77035,0,224,671,7612,7867
77036,0,155,407,7856,8060
77037,0,23,157,5738,5802
77038,0,38,247,6172,6280
77039,0,75,292,7310,7437
77040,0,149,686,11017,11291
77041,0,25,1212,11623,12223
77042,16,175,466,5257,5394
77043,0,26,468,6151,6404
77044,41,256,821,9788,10086
77045,0,174,609,9309,9580
77046,0,2,7,63,66
77047,29,118,490,9459,9655
77048,0,186,484,5313,5527
77049,0,10,230,9438,9524
77050,0,19,38,1199,1252
77051,0,130,334,4763,4907
77053,0,156,412,8990,9054
77054,0,85,168,1998,2044
77055,0,123,999,8122,8534
77056,0,39,450,3229,3409
77057,0,50,427,5272,5461
77058,8,62,231,3735,3813
77059,0,52,849,5145,5547
77060,12,196,288,5925,6072
77061,0,73,224,4755,4828
77062,0,50,628,7795,8142
77063,0,104,390,4997,5112
77064,0,98,870,11818,12075
77065,0,91,488,7971,8137
77066,0,86,490,8355,8510
77067,0,101,340,6034,6185
77068,0,3,146,2497,2580
77069,0,16,340,3705,3838
77070,0,41,509,9886,10059
77071,0,54,379,6555,6657
77072,0,94,666,11279,11559
77073,0,120,404,10714,10790
77074,0,126,278,6433,6559
77075,29,162,418,9183,9430
77076,0,231,440,7465,7635
77077,0,48,1035,11470,11807
77078,0,129,329,3564,3719
77079,0,0,869,6265,6642
77080,0,153,547,7752,7921
77081,0,0,137,3030,3074
77082,0,203,877,10195,10538
77083,0,302,1056,18143,18728
77084,0,323,1209,26070,26715
77085,0,29,213,4697,4774
77086,0,263,539,6834,7026
77087,0,213,590,9328,9560
77088,70,450,844,13668,13879
77089,0,43,824,13661,14016
77090,0,57,228,5013,5122
77091,0,209,521,5833,6036
77092,0,169,545,7314,7552
77093,0,336,841,13415,13808
77094,0,22,575,2751,3001
77095,0,177,1339,18889,19559
77096,0,159,898,7703,8173
77098,0,38,334,2877,3082
77099,0,231,498,8609,8796
77301,0,112,387,8201,8519
77302,0,99,661,5672,6031
77303,0,31,137,3703,3875
77304,0,72,494,6724,7046
77306,0,3,60,2747,2859
77316,0,17,500,3744,4063
77318,0,0,269,4171,4399
77327,0,69,253,3637,3790
77328,0,0,158,4041,4224
77336,0,112,463,3994,4196
77338,0,65,414,10585,10814
77339,0,25,485,7808,8226
77345,0,21,1075,6345,6886
77346,0,137,1486,16141,16704
77354,0,94,1233,10606,11440
77355,0,34,532,5215,5581
77356,0,86,1006,7019,7526
77357,0,73,303,6242,6505
77358,0,1,9,114,121
77362,0,0,150,1480,1627
77363,0,0,1,16,17
77365,0,83,806,8476,9031
77372,0,27,168,4235,4386
77373,0,92,664,17589,18290
77375,0,77,1260,14000,15076
77377,0,43,1091,9747,10453
77378,0,30,169,2562,2699
77379,0,228,2318,19348,20217
77380,0,61,338,4685,4967
77381,0,34,1303,7342,8210
77382,0,94,1877,8893,9952
77384,0,11,426,4854,5210
77385,0,0,450,7639,7953
77386,0,112,1726,14306,15584
77388,57,200,1129,13614,13999
77389,0,0,1507,9065,9834
77396,0,181,639,11679,11908
77401,0,0,1459,5291,5929
77406,0,80,1106,8234,8716
77407,99,249,1057,11887,12223
77429,0,119,2508,22186,23285
77433,0,149,2722,19631,20716
77441,8,20,478,2454,2705
77447,0,0,132,1301,1373
77449,0,190,1107,30625,31416
77450,0,103,1725,19345,20269
77459,0,59,2320,18442,19394
77469,0,49,564,9451,9748
77471,0,146,332,5672,5788
77477,0,186,434,8680,8795
77478,0,64,1053,8466,8811
77479,0,54,4111,23885,25980
77489,0,24,290,11907,12028
77493,0,17,612,8205,8572
77494,0,190,4490,28144,30452
77498,0,180,1277,14275,14801
77502,0,136,407,9485,9610
77503,0,28,314,6761,6887
77504,11,49,196,5314,5401
77505,0,21,421,6738,6913
77506,0,91,273,8114,8221
77507,0,24,66,702,725
77510,0,98,411,6315,6492
77511,0,129,856,15771,15948
77515,0,202,577,8812,9078
77517,9,40,132,2969,3036
77518,0,77,146,2137,2187
77520,0,198,768,11707,12252
77521,50,248,859,15642,16352
77523,0,4,62,532,570
77530,0,176,467,10063,10260
77531,9,37,276,4498,4639
77532,13,77,402,6027,6289
77534,0,2,67,561,578
77536,57,113,658,10888,11217
77539,0,290,869,13998,14259
77541,0,47,356,6455,6650
77545,0,15,430,7253,7449
77546,69,138,1913,16065,16858
77547,0,34,82,2776,2810
77550,39,557,1046,9337,9621
77551,13,208,481,6281,6391
77554,0,136,893,7082,7437
77562,0,26,283,4238,4353
77563,0,102,371,4488,4576
77564,0,0,1,10,11
77565,0,9,308,2793,2900
77566,0,18,620,8879,9157
77568,6,192,408,5977,6113
77571,0,0,832,13711,14113
77573,0,104,2964,24234,25456
77578,13,26,593,6128,6347
77581,0,81,1476,15249,15946
77583,0,37,401,4363,4529
77584,0,102,2390,24025,25016
77586,0,0,629,6716,7030
77587,0,107,243,4549,4628
77590,0,56,468,10831,11065
77591,0,150,346,4513,4625
77598,0,32,202,3928,3980
77611,0,35,282,3610,3795
77619,0,73,291,6333,6538
77625,0,19,85,954,1016
77627,0,64,414,8768,9090
77630,0,187,590,9261,9703
77632,0,13,119,1681,1784
77640,0,307,651,8761,9160
77642,0,394,1145,11390,12055
77651,0,0,469,5202,5529
77656,0,89,250,5505,5891
77657,0,29,366,6785,7079
77662,0,59,366,6881,7255
77701,0,179,413,5831,6072
77702,0,3,43,1240,1305
77703,0,175,438,4329,4523
77705,0,78,434,8227,8548
77706,73,201,750,8452,8992
77707,7,157,367,6180,6469
77708,0,36,129,3868,3997
77713,0,19,233,3585,3702
77801,0,224,418,3206,3314
77802,0,197,516,7939,8103
77803,0,159,355,9132,9272
77807,0,129,312,2975,3079
77808,0,28,214,2979,3089
77840,0,354,972,7531,7836
77845,0,281,2048,18757,19520
77901,0,208,741,14528,14720
77904,0,53,497,8517,8748
77905,4,13,44,560,575
77968,0,0,1,11,11
78006,0,1,5,33,34
78015,0,4,175,1174,1249
78023,0,16,827,7555,7868
78026,0,5,71,1524,1559
78040,150,567,930,10423,10540
78041,45,329,872,10967,11205
78043,47,274,539,9282,9386
78045,28,238,897,13663,13915
78046,95,226,535,11726,11822
78064,0,94,266,3970,4044
78070,0,8,88,643,671
78073,0,8,31,546,553
78101,0,0,1,9,9
78108,0,51,685,12188,12531
78109,14,98,547,13738,13920
78112,0,0,1,20,20
78123,5,39,85,1267,1286
78124,0,1,7,77,80
78130,0,184,1357,22336,22727
78132,0,48,332,2466,2622
78133,0,132,715,8488,8735
78148,0,85,338,6326,6449
78152,0,1,7,71,72
78154,0,106,779,12802,13000
78155,22,174,586,10542,10738
78201,0,387,824,12118,12305
78202,0,162,414,3943,4084
78203,0,137,243,2059,2126
78204,0,135,301,3714,3795
78205,0,5,31,595,611
78207,0,556,1177,12467,12713
78208,0,78,146,1274,1324
78209,0,134,1440,11396,11933
78210,0,308,829,11512,11690
78211,71,258,463,8699,8788
78212,56,327,961,8836,9162
78213,0,174,456,10565,10771
78214,0,177,376,6898,7026
78215,0,19,76,685,708
78216,0,218,676,10058,10297
78217,0,148,397,9066,9187
78218,0,208,682,9502,9740
78219,0,0,190,5335,5384
78220,0,205,488,5820,5947
78221,20,181,271,9858,10019
78222,0,86,381,7008,7137
78223,0,591,1242,14752,14979
78224,5,71,158,5031,5072
78225,0,43,229,3846,3913
78226,14,37,59,1925,1958
78227,0,271,504,12634,12840
78228,0,538,1129,16861,17191
78229,0,88,261,3712,3801
78230,0,122,751,10594,10903
78231,0,13,215,3028,3107
78232,0,112,750,10798,11044
78233,0,153,613,15039,15192
78234,0,15,62,1143,1160
78235,0,10,16,208,212
78236,0,10,59,861,884
78237,0,158,579,10277,10414
78238,0,158,323,7018,7104
78239,0,210,663,10159,10443
78240,0,151,692,12122,12399
78242,0,204,474,7968,8066
78244,0,51,305,10001,10103
78245,0,329,721,20139,20489
78247,0,105,913,17012,17345
78248,5,19,536,4368,4564
78249,59,282,1172,14266,14667
78250,0,179,861,17461,17820
78251,0,29,524,14180,14486
78252,0,8,76,2669,2705
78253,0,61,858,11669,12073
78254,0,33,874,15935,16315
78255,0,10,481,2909,3127
78256,0,70,281,1990,2051
78257,0,62,258,2338,2417
78258,0,184,1562,12153,12835
78259,0,41,697,7838,8186
78260,0,76,1110,8845,9281
78261,0,58,673,6042,6260
78263,0,1,16,176,185
78264,0,0,0,3,3
78266,0,53,398,2408,2563
78336,100,199,414,4818,4917
78358,0,3,7,92,94
78359,0,11,21,726,731
78362,0,9,59,1439,1464
78370,0,27,77,922,943
78373,0,21,202,3391,3465
78374,32,81,468,5156,5301
78380,0,128,466,5569,5755
78382,0,229,665,10075,10314
78387,0,129,312,2797,2885
78390,24,72,181,2105,2156
78401,6,61,112,1373,1399
78402,0,1,4,145,147
78404,0,97,407,5519,5662
78405,0,92,216,5285,5355
78406,0,0,0,218,218
78407,0,26,70,1341,1361
78408,0,57,122,4304,4330
78409,0,25,57,1265,1279
78410,0,148,531,8440,8605
78411,18,262,670,8715,8960
78412,38,197,406,5316,5415
78413,0,4,18,304,308
78415,0,419,887,11635,11826
78416,5,167,310,4808,4872
78417,0,6,41,1450,1457
78501,0,457,1335,17687,18053
78503,0,50,530,5988,6125
78504,0,132,1022,15956,16318
78516,0,272,680,8783,8946
78520,0,278,861,12803,13055
78521,0,474,1072,19787,20405
78526,0,156,446,9932,10285
78539,0,138,817,10207,10493
78541,0,147,365,5266,5375
78542,0,129,441,8963,9110
78572,16,700,1401,15769,16111
78573,0,273,525,10218,10428
78574,0,154,382,6538,6619
78577,0,639,1200,15076,15356
78589,0,221,316,10382,10487
78596,0,0,1,11,11
78602,0,31,143,1865,1924
78610,0,51,439,4823,5032
78613,0,140,2384,21995,22860
78617,2,8,39,738,751
78623,0,5,15,153,157
78626,0,0,4,52,53
78628,0,1,79,715,740
78634,0,9,251,4534,4613
78641,13,114,1483,11878,12411
78652,7,41,229,1667,1740
78653,0,1,8,164,167
78655,0,0,0,9,9
78660,0,184,1810,25208,25916
78664,0,390,1056,15671,16044
78665,0,165,1130,11995,12515
78666,0,420,983,11548,11812
78681,0,284,1908,15680,16450
78701,0,34,193,1016,1089
78702,0,133,658,5391,5657
78703,0,49,958,4900,5252
78704,0,114,1086,8947,9309
78705,0,231,491,2082,2179
78717,0,110,935,6791,7197
78719,0,0,27,722,732
78721,9,85,289,2905,2981
78722,0,49,204,1603,1669
78723,0,65,655,6847,7078
78724,0,24,77,1213,1230
78725,0,4,19,401,407
78726,0,47,385,2722,2856
78727,0,22,604,7165,7359
78728,0,70,309,4835,4920
78729,0,66,578,7035,7239
78730,0,22,466,2463,2631
78731,0,200,1057,6774,7218
78732,0,0,2,9,10
78733,0,32,713,2824,3129
78735,0,56,650,4341,4623
78736,0,24,190,1881,1965
78737,0,20,184,866,934
78738,0,3,25,109,118
78739,0,157,1339,4806,5377
78741,0,187,433,5322,5383
78742,0,4,11,260,262
78744,39,146,469,9541,9688
78745,0,207,969,15408,15726
78746,0,297,2076,8139,8927
78747,0,58,295,5614,5747
78748,0,248,1212,14022,14445
78749,0,300,1372,9958,10505
78750,0,137,960,7489,7892
78751,0,44,254,2633,2716
78752,19,107,242,3021,3099
78753,0,268,554,9272,9492
78754,0,22,274,5328,5438
78756,0,20,274,2055,2147
78757,28,55,683,6536,6785
78758,79,353,715,8497,8691
78759,52,207,1286,9714,10201
79015,0,261,973,6146,6330
79101,1,34,128,1359,1373
79102,28,169,472,3362,3411
79103,62,197,417,3773,3831
79104,0,63,228,2706,2739
79106,0,358,1238,9984,10128
79107,11,392,1111,10711,10776
79108,0,105,458,4898,4978
79109,15,305,1493,14989,15142
79110,24,105,535,8004,8077
79111,0,9,26,335,337
79118,61,236,996,8564,8695
79119,25,236,744,4829,5000
79121,2,52,309,2427,2477
79124,0,136,513,2950,3067
79363,0,19,66,495,509
79364,0,0,1,12,12
79382,0,1,6,40,41
79401,39,230,457,1743,1799
79403,36,173,674,4438,4511
79404,0,219,736,4452,4521
79407,21,206,756,5158,5232
79410,0,169,684,3606,3658
79411,20,104,335,2474,2515
79412,62,100,401,4725,4754
79413,0,312,977,7797,7973
79414,63,188,575,5173,5199
79415,81,214,720,4666,4728
79416,0,378,1273,9680,9850
79423,94,540,1903,13120,13444
79424,170,696,2649,16457,16864
79504,0,20,59,940,954
79508,0,2,26,560,562
79510,0,35,102,2147,2168
79525,0,0,1,17,17
79536,0,28,85,1245,1264
79562,0,9,37,475,480
79563,0,4,12,563,569
79601,0,318,862,7597,7683
79602,0,232,777,9845,10026
79603,0,240,636,9061,9135
79605,0,213,628,11010,11189
79606,0,192,518,8193,8302
79607,0,6,21,622,627
79701,94,566,2616,11453,11677
79703,0,150,1390,7356,7476
79705,0,642,2940,12300,12749
79706,0,380,2199,9898,10155
79707,183,833,2920,10882,11224
79758,0,6,44,141,145
79761,0,327,2035,11474,11673
79762,125,502,2717,13544,13892
79763,142,438,2117,9922,10074
79764,142,509,1887,8067,8267
79765,0,194,1112,5074,5184
79766,10,73,271,1155,1193
79901,107,301,1928,2155,2207
79902,212,687,5028,5442,5570
79903,160,391,5550,5870,5905
79904,131,467,8576,9211,9314
79905,263,630,6235,6802,6872
79906,30,55,1442,1504,1513
79907,246,753,13497,14279,14410
79908,0,11,820,847,850
79911,1,14,183,196,200
79912,380,1678,18343,19542,19962
79915,321,787,10184,10960,11049
79922,40,327,2982,3217,3306
79924,395,862,17040,17758,17884
79925,261,665,11036,11760,11820
79927,19,32,620,654,661
79928,3,18,376,399,404
79930,212,400,7110,7465,7548
79932,155,492,5308,5589,5720
79934,58,157,2209,2395,2419
79935,97,246,4768,5049,5085
79936,128,1503,30310,31589,31877
79938,5,12,267,284,287
84003,0,1006,10979,11180,11180
84004,0,319,1950,2039,2039
84006,0,1,36,36,36
84009,0,518,6873,7006,7006
84010,0,748,11454,11653,11653
84014,0,113,1821,1850,1850
84015,0,655,17053,17243,17243
84020,0,1471,11789,12142,12142
84025,0,340,4912,5002,5002
84037,0,1014,9541,9746,9746
84040,0,427,6658,6780,6780
84041,0,528,12743,12872,12872
84042,0,204,2565,2617,2617
84043,0,939,13612,13805,13805
84044,0,190,7513,7581,7581
84045,0,0,1,1,1
84047,0,348,7478,7561,7561
84054,0,338,5018,5115,5115
84056,0,7,1062,1065,1065
84057,0,347,8371,8448,8448
84058,0,280,6589,6656,6656
84062,0,420,7130,7239,7239
84065,0,707,10352,10541,10541
84067,0,316,11612,11694,11694
84070,0,360,7557,7656,7656
84075,0,461,6685,6780,6780
84081,0,513,10768,10921,10921
84084,0,318,9842,9921,9921
84087,0,355,3913,4034,4034
84088,0,383,9441,9565,9565
84092,0,1209,8245,8625,8625
84093,0,635,7174,7381,7381
84094,0,401,8268,8352,8352
84095,0,802,9324,9553,9553
84096,0,581,9845,10005,10005
84097,0,376,5527,5611,5611
84101,0,62,1132,1148,1148
84102,0,192,2863,2916,2916
84103,0,386,4911,5016,5016
84104,0,132,6255,6286,6286
84105,0,553,6580,6742,6742
84106,0,685,9441,9653,9653
84107,0,357,8225,8308,8308
84108,0,785,5436,5657,5657
84109,0,701,6752,6946,6946
84111,0,81,1671,1693,1693
84112,0,13,104,108,108
84115,0,319,7014,7078,7078
84116,0,299,7572,7656,7656
84117,0,565,6496,6649,6649
84118,0,371,18482,18557,18557
84119,0,331,11368,11437,11437
84120,0,383,12688,12777,12777
84121,0,890,11459,11729,11729
84123,0,296,9158,9242,9242
84124,0,566,5510,5657,5657
84128,0,197,7541,7594,7594
84129,0,32,712,721,721
84315,0,35,788,796,796
84318,0,49,880,892,892
84321,0,334,9415,9510,9510
84326,0,8,118,120,120
84332,0,115,2310,2338,2338
84335,0,74,2229,2242,2242
84339,0,0,4,4,4
84340,0,28,452,459,459
84341,0,204,4035,4092,4092
84401,0,394,9523,9619,9619
84403,0,653,9710,9888,9888
84404,0,571,15745,15872,15872
84405,0,402,9053,9144,9144
84414,0,460,7706,7816,7816
84532,0,207,3367,3404,3404
84535,0,0,4,4,4
84536,0,9,45,47,47
84601,0,228,6624,6697,6697
84604,0,363,5342,5418,5418
84606,0,187,4013,4066,4066
84660,0,296,6515,6581,6581
84663,0,255,6160,6229,6229
84664,0,113,953,978,978
84720,0,0,1,1,1
84737,0,21,408,411,411
84738,0,165,2489,2507,2507
84757,0,1,8,8,8
84758,0,0,25,25,25
84763,0,0,6,6,6
84764,0,5,126,127,127
84765,0,111,2084,2092,2092
84767,0,4,70,70,70
84770,0,592,12254,12340,12340
84775,0,0,17,17,17
84776,0,5,200,201,201
84779,0,0,4,4,4
84780,0,221,3497,3507,3507
84790,0,803,12864,12981,12981
20120,0,8,16,32,79
20121,0,0,3,11,16
20124,0,0,0,0,0
20147,0,1,1,1,2
20148,0,0,0,0,5
20151,0,0,5,11,49
20152,0,0,3,3,10
20164,24,44,52,52,60
20166,0,0,7,11,14
20170,0,0,0,0,8
20171,9,9,18,27,118
20190,9,13,17,17,33
20191,0,0,0,3,13
20194,0,0,0,2,22
22003,0,0,0,11,22
22015,12,24,29,35,41
22027,0,0,0,0,6
22030,0,0,0,0,0
22031,0,0,0,0,0
22032,0,0,8,12,19
22033,0,0,0,6,115
22039,0,0,0,0,1
22042,0,0,0,0,0
22043,0,0,1,8,37
22046,0,0,0,0,0
22066,0,0,0,0,0
22101,0,0,0,0,0
22102,0,0,2,7,17
22124,0,0,0,0,0
22150,0,0,0,0,0
22151,0,0,0,0,0
22152,0,0,0,0,0
22153,0,1,3,4,21
22180,0,9,13,18,18
22181,0,0,0,2,35
22182,0,0,0,32,95
22201,0,0,0,1,1
22202,0,0,0,0,1
22209,0,0,0,0,0
22314,0,0,0,0,0
22601,23,69,108,139,146
22602,0,0,15,25,25
22603,0,0,15,21,26
22620,0,0,0,0,0
22624,0,0,0,1,1
22630,0,0,0,0,0
22655,0,0,0,0,9
22656,0,0,2,3,5
22663,0,0,0,1,2
22801,0,0,8,66,91
22802,0,22,49,86,119
22812,0,0,0,0,5
22821,0,0,0,1,3
22827,0,0,0,0,0
22831,0,0,0,0,0
22832,0,0,0,0,0
22841,0,2,4,5,7
22846,0,0,0,0,1
22901,0,18,24,31,140
22902,0,0,0,0,30
22903,0,0,30,100,160
22911,0,0,0,0,6
22936,0,0,0,2,4
22939,0,1,2,2,7
22940,0,0,0,0,0
22947,0,0,0,0,0
22952,0,0,0,2,2
22980,0,0,0,0,55
23005,0,0,23,31,62
23030,0,0,0,0,0
23059,0,0,0,0,66
23060,0,0,0,29,67
23069,0,0,0,1,2
23075,0,0,3,25,28
23103,1,3,4,4,5
23111,0,0,0,0,0
23112,33,33,33,33,57
23113,0,0,0,0,58
23114,0,0,0,0,22
23116,0,0,0,0,7
23120,0,0,0,0,0
23146,0,0,0,0,0
23150,0,8,11,13,19
23219,0,0,3,17,32
23220,0,0,66,184,286
23221,0,4,8,12,12
23222,0,0,21,98,154
23223,0,0,0,66,158
23224,0,63,156,250,305
23225,0,13,33,60,107
23226,0,0,0,8,8
23227,0,0,22,38,92
23228,0,58,91,132,149
23229,0,6,6,17,33
23230,0,5,19,37,41
23231,0,32,107,161,246
23233,0,0,0,0,69
23234,0,0,19,95,180
23235,0,0,5,15,49
23236,0,0,0,14,29
23237,0,6,19,32,45
23238,0,0,0,0,19
23294,0,7,26,33,56
23314,0,0,0,0,0
23320,15,120,225,285,315
23321,0,0,20,40,109
23322,0,0,93,155,356
23323,0,0,0,0,68
23324,0,0,0,43,68
23325,0,0,5,24,34
23432,0,0,0,0,0
23433,0,0,0,0,0
23434,0,14,68,109,273
23435,0,0,17,61,96
23436,0,0,0,1,1
23451,0,10,31,92,276
23452,0,83,153,194,305
23453,0,0,0,82,143
23454,0,0,0,0,185
23455,0,0,0,27,96
23456,35,52,104,121,121
23457,0,0,0,0,1
23462,0,0,33,166,398
23464,0,0,0,0,0
23502,0,12,41,58,88
23503,0,0,41,124,159
23504,0,0,0,74,123
23505,0,0,0,0,76
23507,0,11,31,46,57
23508,0,0,38,65,92
23509,0,7,29,40,66
23510,0,0,1,13,27
23511,0,0,0,0,5
23513,7,79,94,108,130
23517,1,2,5,5,7
23518,0,0,39,54,78
23523,0,0,54,91,123
23601,0,0,7,37,149
23602,0,0,0,9,74
23603,0,0,0,0,0
23604,0,0,0,3,9
23605,0,0,30,53,76
23606,0,0,25,64,109
23607,41,124,179,275,344
23608,0,0,0,17,61
23651,0,1,1,1,5
23661,0,0,15,61,91
23662,21,29,33,42,50
23663,0,0,0,35,65
23664,0,0,0,0,0
23665,0,0,0,0,4
23666,0,0,57,99,156
23669,0,0,0,82,293
23692,0,0,0,8,40
23693,0,0,0,0,12
23696,0,0,2,4,7
23701,0,0,39,110,172
23702,0,0,0,36,63
23703,13,54,81,107,121
23704,0,27,91,193,241
23707,0,0,67,100,150
23801,0,1,9,9,11
23803,0,27,96,233,383
23805,0,0,0,0,0
23831,0,0,46,74,111
23832,0,54,86,109,210
23834,0,0,26,70,122
23836,0,0,0,0,4
23838,0,0,0,0,45
23842,0,0,1,1,1
23860,0,0,51,153,246
23875,0,0,0,3,9
23885,0,0,0,0,1
24011,0,0,0,2,4
24012,0,0,71,161,252
24013,0,0,8,36,72
24014,0,0,0,10,52
24015,0,0,0,0,19
24016,0,5,28,51,84
24017,0,0,0,37,90
24018,0,0,11,43,54
24019,0,0,0,0,21
24060,0,0,0,80,314
24073,0,0,0,26,86
24077,0,0,0,0,1
24101,0,0,0,0,0
24149,0,0,0,0,0
24153,0,0,0,11,125
24175,0,0,0,1,2
24179,0,0,0,0,30
24251,0,0,3,14,23
24258,0,0,0,1,1
24290,0,0,2,11,17
24366,0,0,0,0,0
24401,0,0,0,0,50
24431,0,0,0,0,1
24437,0,0,0,0,0
24440,0,0,0,0,0
24441,0,0,0,0,4
24467,0,0,1,2,4
24471,0,0,0,0,0
24477,0,0,0,2,4
24482,2,2,3,3,3
24486,0,0,0,0,5
24501,0,27,126,171,270
24502,0,0,24,130,213
24503,0,0,0,16,44
24504,0,8,46,79,98
24527,0,0,0,0,0
24538,0,0,0,1,2
24540,0,0,35,92,134
24541,0,0,7,55,116
24550,0,0,1,1,2
24551,0,0,0,8,16
24572,0,2,10,21,40
24586,0,0,1,2,2
24588,0,3,5,10,12
24605,0,0,8,16,34
24613,0,0,0,0,0
24635,0,0,1,5,9
5401,125,4406,5200,5226,5226
5403,46,3514,4218,4222,4222
5404,9,1289,1545,1551,1551
5408,20,1843,2166,2173,2173
5446,6,755,885,887,887
5452,0,2951,3483,3486,3486
5482,0,16,19,19,19
5495,13,1502,1816,1821,1821
98001,0,0,0,23,57
98002,0,0,9,71,106
98003,0,0,10,78,137
98004,0,6,23,47,281
98005,0,0,0,0,166
98006,0,21,62,73,673
98007,0,0,4,11,90
98008,0,0,0,18,248
98010,0,0,0,0,30
98011,0,0,23,29,100
98012,0,0,0,0,0
98014,0,0,0,0,25
98019,0,0,0,7,100
98020,0,0,0,0,0
98021,0,0,18,26,353
98022,0,0,16,41,280
98023,0,0,13,90,333
98024,0,4,17,23,76
98026,0,0,0,0,0
98027,0,0,15,29,196
98028,0,11,34,63,144
98029,0,0,0,0,234
98030,0,7,37,52,89
98031,0,0,20,51,368
98032,0,0,23,69,85
98033,0,0,9,37,452
98034,0,0,0,54,282
98036,0,0,0,20,81
98037,0,0,0,34,68
98038,0,0,0,0,179
98039,0,0,0,0,38
98040,0,0,6,42,444
98042,0,0,12,12,250
98043,0,0,0,10,35
98045,0,0,0,0,15
98047,0,0,2,8,38
98051,0,0,0,1,4
98052,0,0,0,37,606
98053,0,0,0,12,236
98055,0,11,22,60,147
98056,0,0,0,18,255
98057,0,0,0,0,96
98058,0,0,0,80,264
98059,0,0,10,21,387
98065,0,0,0,0,257
98070,0,0,0,24,121
98072,0,0,0,0,231
98074,0,0,0,6,329
98075,0,0,0,5,349
98077,0,0,0,0,127
98087,0,0,0,29,50
98092,0,39,65,77,400
98101,0,0,0,0,6
98102,0,0,6,23,28
98103,0,0,0,0,0
98104,0,0,0,1,4
98105,0,0,0,42,132
98106,0,0,0,54,203
98107,0,0,0,21,26
98108,0,0,0,0,140
98109,0,0,13,19,31
98110,0,0,13,19,182
98112,0,0,16,27,180
98115,0,0,0,39,91
98116,0,0,0,0,0
98117,0,0,0,33,33
98118,0,0,0,57,183
98119,0,0,0,0,0
98121,0,0,0,2,3
98122,0,0,0,45,197
98125,0,0,0,0,39
98126,0,0,13,26,215
98133,0,0,0,50,89
98134,0,0,0,3,10
98136,0,0,0,15,20
98144,0,0,0,36,85
98146,0,0,0,31,273
98148,0,0,0,12,47
98155,15,15,39,62,201
98164,0,0,0,0,0
98166,0,0,7,53,278
98168,0,0,35,61,122
98177,0,0,0,0,19
98178,0,0,0,67,292
98188,0,6,23,46,104
98198,0,0,0,0,105
98199,0,0,0,19,32
98201,0,0,0,0,43
98203,0,0,0,21,94
98204,0,0,0,61,81
98208,0,0,0,0,15
98221,0,0,0,0,4
98223,0,0,0,29,72
98225,0,0,0,62,361
98226,0,0,0,43,198
98229,0,0,0,7,123
98232,0,1,1,1,1
98233,0,0,0,17,74
98258,0,0,0,42,71
98270,0,0,0,0,0
98271,0,0,6,19,32
98272,0,0,0,7,156
98273,0,0,0,0,123
98274,0,0,12,27,109
98275,0,0,0,0,0
98277,0,0,0,39,86
98284,0,0,0,9,34
98290,0,0,0,0,51
98294,0,0,0,3,5
98296,0,0,0,18,244
98310,0,0,0,48,78
98311,0,0,0,0,92
98312,0,0,8,62,210
98314,0,0,0,0,1
98315,0,0,0,0,5
98321,0,0,0,0,57
98323,0,0,0,0,1
98327,0,0,0,26,80
98332,0,0,0,8,82
98333,0,0,0,0,0
98335,0,0,0,0,12
98337,0,0,9,20,31
98338,0,0,0,0,86
98345,0,0,0,0,0
98354,0,0,2,9,52
98359,0,0,0,0,45
98360,0,0,0,0,73
98366,0,0,0,34,170
98367,0,0,0,20,60
98370,0,3,11,12,29
98371,0,0,0,0,164
98372,0,0,0,0,124
98373,7,14,14,21,141
98374,0,0,11,23,194
98375,0,36,80,98,151
98383,0,0,13,17,83
98385,0,0,0,0,1
98387,0,0,0,0,127
98388,0,0,0,0,33
98390,0,0,4,13,56
98391,0,15,30,61,364
98402,0,0,0,0,0
98403,0,0,0,9,17
98404,0,0,0,0,84
98405,0,0,0,0,14
98406,0,0,0,8,23
98407,0,0,0,0,0
98408,0,0,0,0,29
98409,0,0,0,22,82
98418,0,0,0,4,15
98422,0,0,0,7,118
98424,0,0,0,0,45
98433,0,0,0,0,33
98439,0,0,0,7,13
98443,0,0,0,13,54
98444,0,0,0,42,110
98445,0,0,0,31,112
98446,0,0,0,0,19
98465,0,0,0,0,10
98466,0,0,0,0,39
98467,0,0,0,22,55
98498,0,0,0,0,88
98499,0,0,0,43,163
98501,0,0,0,40,212
98502,0,0,0,66,115
98503,0,0,0,84,126
98506,0,0,0,13,96
98512,0,0,0,0,52
98513,0,0,9,37,148
98516,0,0,0,19,35
98604,0,0,9,27,36
98606,0,0,0,0,0
98607,0,0,0,29,48
98611,0,0,0,0,6
98626,0,0,0,0,0
98629,0,0,0,0,0
98632,0,24,36,97,133
98642,0,0,0,0,10
98660,0,0,0,18,36
98661,0,0,11,69,149
98662,0,0,0,52,155
98663,0,0,0,10,15
98664,0,0,7,13,20
98665,0,0,0,8,48
98671,0,0,0,0,11
98682,0,0,0,99,248
98683,0,0,0,0,0
98684,0,0,0,8,31
98685,0,0,0,0,39
98686,0,0,0,0,0
98801,0,0,22,146,258
98802,0,0,19,93,204
98828,0,0,0,0,0
98837,0,0,20,162,254
98901,0,0,10,72,125
98902,0,27,54,187,268
98903,0,0,0,0,58
98908,0,0,0,36,190
98922,0,0,0,0,0
98926,0,0,0,67,181
98937,0,0,0,1,3
98942,0,14,46,74,129
99004,0,0,0,13,38
99005,0,0,1,1,5
99016,0,6,41,64,175
99019,0,0,0,6,120
99021,3,5,8,8,30
99023,0,0,0,0,1
99025,0,0,0,0,15
99026,0,0,0,5,8
99027,0,0,0,0,20
99036,0,0,0,0,0
99037,0,5,24,28,85
99201,0,0,0,52,103
99202,0,0,51,123,164
99203,0,0,0,19,114
99204,0,0,0,0,9
99205,0,15,46,152,259
99206,0,0,11,78,213
99207,0,0,0,87,213
99208,0,0,29,88,398
99212,0,0,0,8,92
99216,7,36,65,80,123
99217,0,0,8,69,199
99218,0,0,0,6,78
99223,0,0,0,17,287
99224,0,0,18,24,122
99301,22,86,151,517,733
99320,0,0,0,2,4
99323,0,2,2,3,12
99336,14,68,162,284,460
99337,0,0,0,26,307
99338,0,10,20,65,239
99352,0,0,0,20,229
99353,0,4,26,70,205
99354,0,0,22,65,166
99403,0,0,0,58,123
