zip,panels_1_years_5250_incentive,panels_2_years_5250_incentive,panels_3_years_5250_incentive,panels_4_years_5250_incentive,panels_5_years_5250_incentive
99501,0,0,0,0,26
99502,0,0,0,0,0
99503,0,0,0,10,23
99504,0,0,15,23,45
99506,0,4,7,9,10
99507,0,0,0,0,8
99508,0,0,0,14,32
99515,0,11,16,27,32
99516,0,0,0,0,0
99517,0,0,0,0,0
99518,0,0,0,0,9
99701,0,0,0,0,0
99703,0,0,0,0,2
99709,0,0,20,32,52
99712,0,0,0,0,0
35004,1,1,1,1,1
35005,30,30,30,30,30
35007,158,158,158,158,158
35014,1,1,1,1,1
35020,314,314,314,314,314
35022,169,169,169,169,169
35023,74,74,74,74,74
35040,35,35,35,35,35
35043,0,0,0,0,0
35044,0,0,0,0,0
35051,0,0,0,0,0
35055,167,167,167,167,167
35057,4,4,4,4,4
35058,2,2,2,2,2
35061,4,4,4,4,4
35064,64,64,64,64,64
35068,19,19,19,19,19
35071,74,74,74,74,74
35072,0,0,0,0,0
35073,1,1,1,1,1
35077,8,8,8,8,8
35080,25,25,25,25,25
35094,31,31,31,31,31
35096,2,2,2,2,2
35111,15,15,15,15,15
35114,26,26,26,26,26
35115,13,13,13,13,13
35116,2,2,2,2,2
35117,50,50,50,50,50
35118,1,1,1,1,1
35124,63,63,63,63,63
35126,25,25,25,25,25
35127,24,24,24,24,24
35147,10,10,10,10,10
35150,109,109,109,109,109
35151,5,5,5,5,5
35160,62,62,62,62,62
35173,51,51,51,51,51
35176,1,1,1,1,1
35179,2,2,2,2,2
35184,0,0,0,0,0
35188,0,0,0,0,0
35203,25,25,25,25,25
35204,178,178,178,178,178
35205,92,92,92,92,92
35206,166,166,166,166,166
35207,168,168,168,168,168
35208,126,126,126,126,126
35209,81,81,81,81,81
35210,92,92,92,92,92
35211,380,380,380,380,380
35212,247,247,247,247,247
35213,87,87,87,87,87
35214,104,104,104,104,104
35215,436,436,436,436,436
35216,94,94,94,94,94
35217,213,213,213,213,213
35218,120,120,120,120,120
35221,76,76,76,76,76
35222,26,26,26,26,26
35223,122,122,122,122,122
35224,60,60,60,60,60
35226,178,178,178,178,178
35228,122,122,122,122,122
35233,51,51,51,51,51
35234,93,93,93,93,93
35235,92,92,92,92,92
35242,315,315,315,315,315
35243,32,32,32,32,32
35244,36,36,36,36,36
35401,598,598,598,598,598
35404,269,269,269,269,269
35405,284,284,284,284,284
35406,117,117,117,117,117
35444,0,0,0,0,0
35452,0,0,0,0,0
35453,24,24,24,24,24
35456,11,11,11,11,11
35463,0,0,0,0,0
35473,80,80,80,80,80
35474,11,11,11,11,11
35475,9,9,9,9,9
35476,115,115,115,115,115
35490,1,1,1,1,1
35601,95,95,95,95,95
35603,27,27,27,27,27
35611,112,112,112,112,112
35613,0,0,0,0,0
35614,8,8,8,8,8
35616,1,1,1,1,1
35630,246,246,246,246,246
35633,8,8,8,8,8
35634,1,1,1,1,1
35645,1,1,1,1,1
35660,94,94,94,94,94
35661,93,93,93,93,93
35671,2,2,2,2,2
35673,6,6,6,6,6
35674,10,10,10,10,10
35741,0,0,0,0,0
35748,3,3,3,3,3
35749,46,46,46,46,46
35750,0,0,0,0,0
35754,1,1,1,1,1
35756,12,12,12,12,12
35757,59,59,59,59,59
35758,231,231,231,231,231
35759,12,12,12,12,12
35761,15,15,15,15,15
35763,0,0,0,0,0
35773,3,3,3,3,3
35775,1,1,1,1,1
35801,78,78,78,78,78
35802,28,28,28,28,28
35803,60,60,60,60,60
35805,169,169,169,169,169
35806,83,83,83,83,83
35808,10,10,10,10,10
35810,92,92,92,92,92
35811,87,87,87,87,87
35816,191,191,191,191,191
35824,32,32,32,32,32
35901,86,86,86,86,86
35903,42,42,42,42,42
35904,46,46,46,46,46
35905,1,1,1,1,1
35906,1,1,1,1,1
35950,42,42,42,42,42
35951,19,19,19,19,19
35954,40,40,40,40,40
35956,3,3,3,3,3
35957,51,51,51,51,51
35976,24,24,24,24,24
35980,1,1,1,1,1
36020,15,15,15,15,15
36022,22,22,22,22,22
36025,15,15,15,15,15
36043,3,3,3,3,3
36054,56,56,56,56,56
36064,1,1,1,1,1
36066,157,157,157,157,157
36067,149,149,149,149,149
36079,3,3,3,3,3
36081,83,83,83,83,83
36092,18,18,18,18,18
36093,35,35,35,35,35
36104,168,168,168,168,168
36105,65,65,65,65,65
36106,93,93,93,93,93
36107,66,66,66,66,66
36108,415,415,415,415,415
36109,283,283,283,283,283
36110,88,88,88,88,88
36111,104,104,104,104,104
36112,0,0,0,0,0
36113,0,0,0,0,0
36115,0,0,0,0,0
36116,321,321,321,321,321
36117,300,300,300,300,300
36201,125,125,125,125,125
36203,91,91,91,91,91
36205,9,9,9,9,9
36206,46,46,46,46,46
36207,98,98,98,98,98
36250,0,0,0,0,0
36260,0,0,0,0,0
36265,59,59,59,59,59
36268,3,3,3,3,3
36277,4,4,4,4,4
36301,279,279,279,279,279
36303,233,233,233,233,233
36305,57,57,57,57,57
36312,0,0,0,0,0
36321,0,0,0,0,0
36322,21,21,21,21,21
36330,130,130,130,130,130
36345,37,37,37,37,37
36350,7,7,7,7,7
36351,0,0,0,0,0
36360,123,123,123,123,123
36362,20,20,20,20,20
36376,0,0,0,0,0
36509,19,19,19,19,19
36511,0,0,0,0,0
36523,6,6,6,6,6
36526,28,28,28,28,28
36527,93,93,93,93,93
36530,1,1,1,1,1
36532,374,374,374,374,374
36535,213,213,213,213,213
36541,19,19,19,19,19
36542,18,18,18,18,18
36544,51,51,51,51,51
36551,48,48,48,48,48
36555,5,5,5,5,5
36561,52,52,52,52,52
36567,30,30,30,30,30
36571,82,82,82,82,82
36572,21,21,21,21,21
36575,112,112,112,112,112
36576,19,19,19,19,19
36580,31,31,31,31,31
36582,200,200,200,200,200
36587,8,8,8,8,8
36602,18,18,18,18,18
36603,163,163,163,163,163
36604,134,134,134,134,134
36605,268,268,268,268,268
36606,104,104,104,104,104
36607,131,131,131,131,131
36608,281,281,281,281,281
36609,228,228,228,228,228
36610,221,221,221,221,221
36611,102,102,102,102,102
36612,50,50,50,50,50
36613,89,89,89,89,89
36617,86,86,86,86,86
36618,119,119,119,119,119
36619,75,75,75,75,75
36693,157,157,157,157,157
36695,349,349,349,349,349
36752,0,0,0,0,0
36801,76,76,76,76,76
36804,40,40,40,40,40
36830,327,327,327,327,327
36832,125,125,125,125,125
36856,1,1,1,1,1
36867,341,341,341,341,341
36869,241,241,241,241,241
36870,142,142,142,142,142
36875,2,2,2,2,2
36877,53,53,53,53,53
36879,0,0,0,0,0
71601,199,384,521,6623,6774
71602,0,166,387,5986,6066
71603,0,503,906,12063,12378
71837,0,0,0,6,6
71854,239,585,1015,11459,11769
71901,0,145,387,5816,5961
71913,0,264,559,9811,10034
71956,0,0,0,8,8
71964,1,1,2,118,118
71968,0,0,1,42,43
72002,26,78,252,3581,3670
72007,5,59,92,1726,1753
72011,0,6,22,377,384
72012,3,73,139,3400,3442
72015,30,257,524,9660,9798
72019,0,168,341,5403,5509
72022,0,65,207,5341,5401
72023,0,155,536,11616,11831
72065,0,5,13,156,160
72068,0,0,0,15,15
72076,0,444,660,11615,11843
72081,0,4,14,333,339
72082,1,4,6,258,262
72086,0,35,95,1457,1490
72103,0,75,107,3075,3110
72113,0,138,464,6634,6773
72114,0,279,479,3778,3897
72116,36,176,362,5017,5110
72117,0,230,471,5395,5518
72118,0,169,333,6111,6174
72120,0,199,435,9147,9364
72135,0,10,26,257,265
72142,3,30,52,735,750
72143,0,125,322,5841,5900
72167,0,0,1,10,11
72176,0,38,119,2041,2080
72201,6,35,74,578,595
72202,20,144,302,2730,2817
72204,22,270,540,7221,7378
72205,0,174,400,5036,5167
72206,52,418,801,8322,8548
72207,20,97,308,2314,2426
72209,65,271,471,6286,6389
72210,18,79,161,3470,3524
72211,0,134,413,5107,5267
72212,4,166,443,3262,3425
72223,11,203,658,4984,5155
72227,19,150,317,2252,2332
72364,0,1,1,26,27
72376,0,0,0,2,2
72401,373,714,1363,15729,16005
72404,42,175,393,6793,6948
72411,0,0,1,36,36
72416,10,15,29,587,595
72417,0,0,0,63,63
72701,272,731,1480,8146,8350
72703,30,337,1162,7221,7408
72704,25,344,1031,6125,6271
72712,64,780,3056,10076,10503
72718,0,20,73,358,371
72719,16,128,473,2651,2697
72730,3,38,189,1434,1445
72745,12,42,282,2434,2464
72753,0,0,0,1,1
72756,13,126,331,6443,6556
72758,26,376,1435,8429,8657
72762,23,527,2015,11351,11609
72764,86,444,1553,12081,12205
72774,0,0,0,2,2
72801,0,199,404,5358,5469
72802,0,35,133,2438,2470
72834,11,31,54,1074,1086
72837,0,0,1,16,16
72847,1,7,11,187,189
72858,1,9,21,305,311
72901,71,193,400,7031,7095
72903,33,274,597,8090,8189
72904,64,282,544,6241,6299
72908,0,94,238,4847,4911
72916,10,143,307,2303,2359
72921,0,13,23,349,356
72923,5,30,63,1632,1646
72941,0,2,7,114,115
72956,181,331,683,10441,10569
85003,4,1305,2198,2225,2227
85004,18,942,1596,1627,1627
85006,78,4052,6969,7047,7047
85007,98,2771,4833,4877,4877
85008,53,5885,10513,10555,10555
85009,229,7267,13388,13482,13482
85012,16,1279,2201,2228,2228
85013,56,3177,5554,5627,5627
85014,53,3683,6620,6660,6660
85015,0,4591,8199,8240,8240
85016,91,5607,10058,10149,10149
85017,135,4454,7801,7912,7912
85018,119,6767,11747,11926,11926
85019,0,1603,6673,6727,6727
85020,31,5799,10355,10449,10449
85021,83,5060,9149,9242,9242
85022,30,8212,14922,15027,15027
85023,49,5514,9810,9889,9889
85024,39,4391,7640,7709,7709
85027,36,6590,11972,12057,12057
85028,8,4638,8034,8123,8123
85029,134,6860,12099,12184,12184
85031,48,1784,6880,6915,6915
85032,21,11744,20740,20823,20823
85033,0,2896,12250,12324,12324
85034,83,1810,3116,3166,3166
85035,19,2126,9593,9622,9622
85037,130,7149,12947,13012,13012
85040,38,2665,9356,9508,9508
85041,107,4649,17807,17897,17897
85042,38,3470,12466,12604,12604
85043,80,2383,9953,10034,10034
85044,63,3927,12474,12574,12574
85045,14,858,2271,2320,2320
85048,23,3654,11367,11599,11599
85050,21,6058,10524,10695,10695
85051,0,2615,11214,11270,11270
85053,90,5098,8938,9010,9010
85054,24,731,1313,1329,1329
85083,32,3611,6249,6363,6363
85085,4,2317,4134,4167,4167
85118,37,3461,6156,6175,6175
85119,40,2461,9996,10046,10046
85120,0,3353,14121,14206,14206
85132,43,1882,3290,3316,3316
85140,0,3155,10573,10658,10658
85142,82,6558,20104,20411,20411
85143,66,3610,13179,13272,13272
85201,0,2523,10332,10405,10405
85202,37,2221,9216,9272,9272
85203,72,2617,10160,10263,10263
85204,0,3959,16693,16794,16794
85205,0,4465,16796,16914,16914
85206,15,3767,14613,14716,14716
85207,76,5851,18810,19077,19077
85208,127,4056,15749,15812,15812
85209,113,4199,16068,16230,16230
85210,45,2232,8873,8963,8963
85212,0,2302,7384,7451,7451
85213,69,3427,11337,11486,11486
85215,50,4711,8275,8367,8367
85224,96,3666,13595,13732,13732
85225,61,5681,20126,20288,20288
85226,38,3746,12454,12657,12657
85233,90,3541,12688,12829,12829
85234,0,5289,16247,16478,16478
85248,112,9230,15804,16012,16012
85249,16,5985,15750,16120,16120
85250,95,4109,7189,7298,7298
85251,137,5822,10460,10534,10534
85253,0,5058,8169,8378,8378
85254,100,9483,16436,16653,16653
85255,121,10231,17057,17265,17265
85256,29,1009,1771,1794,1794
85257,76,5410,9451,9518,9518
85258,169,6120,10341,10563,10563
85259,0,4908,8447,8602,8602
85260,103,7109,12652,12794,12794
85262,63,3503,6117,6255,6255
85266,0,3928,6719,6870,6870
85268,93,3226,10237,10393,10393
85281,293,6112,10673,10847,10847
85282,104,3761,14775,14909,14909
85283,145,3424,11888,12045,12045
85284,22,2566,7075,7234,7234
85286,0,4147,13359,13494,13494
85295,68,4159,13327,13503,13503
85296,15,4365,14515,14647,14647
85297,0,3577,10375,10533,10533
85298,0,4606,12355,12607,12607
85301,52,3248,12837,12954,12954
85302,172,2789,10641,10759,10759
85303,27,1982,8795,8848,8848
85304,0,4847,8700,8726,8726
85305,0,1792,3245,3255,3255
85306,24,4432,8025,8073,8073
85307,0,1568,2914,2917,2917
85308,253,13050,22791,22998,22998
85310,8,4175,7480,7563,7563
85323,0,6383,11543,11566,11566
85326,45,8126,15071,15147,15147
85329,2,87,152,154,154
85331,72,8443,14260,14462,14462
85335,65,5893,10838,10892,10892
85338,0,6859,12324,12361,12361
85339,54,7486,13336,13485,13485
85340,50,5629,9978,10059,10059
85345,288,10863,19034,19226,19226
85350,1,124,220,221,221
85351,204,9554,16833,16969,16969
85353,32,6002,10663,10717,10717
85355,20,2329,4043,4075,4075
85363,18,1224,2233,2246,2246
85364,323,11472,19940,20162,20162
85365,239,7813,13937,14092,14092
85367,95,4634,8592,8661,8661
85373,45,4896,8866,8902,8902
85374,110,10174,18120,18266,18266
85375,0,9075,16970,17056,17056
85377,2,137,229,234,234
85378,24,1885,3405,3439,3439
85379,0,7965,14369,14456,14456
85381,34,4738,8386,8437,8437
85382,134,8286,14796,14915,14915
85383,0,10403,17758,17937,17937
85387,14,1926,3552,3570,3570
85388,120,5263,9210,9266,9266
85392,22,6091,11096,11197,11197
85395,57,6314,11199,11335,11335
85396,7,1842,3235,3278,3278
85607,92,4241,5718,5764,5764
85621,0,377,3184,3240,3240
85626,2,82,109,111,111
85648,0,149,2236,2254,2254
85658,0,2097,3430,3454,3454
85701,36,1100,1876,1907,1907
85704,141,6838,11655,11761,11761
85705,410,8496,15000,15183,15183
85706,258,7362,12829,12919,12919
85708,3,380,663,666,666
85710,68,9782,16930,17084,17084
85711,54,7695,13368,13476,13476
85712,92,5898,10129,10211,10211
85713,138,7818,13713,13852,13852
85714,40,2822,4942,4972,4972
85715,0,4083,7207,7272,7272
85716,129,6212,10666,10785,10785
85718,103,6755,11227,11421,11421
85719,120,6693,11897,12005,12005
85730,89,7133,12681,12770,12770
85735,0,110,195,196,196
85736,0,5,15,15,15
85737,65,4690,8074,8148,8148
85739,1,45,74,75,75
85741,0,6272,11329,11363,11363
85742,50,5633,9951,10051,10051
85743,13,1272,2189,2204,2204
85745,165,6973,12516,12642,12642
85746,101,7033,12478,12591,12591
85747,58,4640,8306,8339,8339
85748,15,4388,7610,7671,7671
85749,51,5157,8397,8474,8474
85750,41,5945,10079,10232,10232
85755,15,4241,7384,7421,7421
85756,59,4096,7271,7315,7315
85757,27,1296,2246,2268,2268
85901,63,2483,3904,3927,3927
85929,21,1228,1932,1948,1948
86001,143,5472,8331,8432,8432
86004,117,4378,6808,6905,6905
86005,0,34,55,55,55
86011,0,11,17,17,17
86040,0,915,2594,2607,2607
86301,60,6548,9988,10028,10028
86303,37,3048,4544,4581,4581
86305,31,3374,5178,5215,5215
86314,54,8620,13442,13482,13482
86315,18,1158,1736,1750,1750
86323,11,2355,3540,3551,3551
86325,0,8,13,13,13
86327,26,1394,2143,2147,2147
86329,0,72,109,109,109
86336,105,4474,6964,7013,7013
86351,32,1209,1855,1872,1872
86403,0,452,8794,8874,8874
86404,0,3578,7509,7532,7532
86406,0,5339,11412,11458,11470
86434,0,0,1,1,1
90001,29,579,9719,9827,9827
90002,42,724,8346,8422,8422
90003,0,2255,11593,11674,11674
90004,20,1268,6517,6610,6610
90005,0,326,1716,1737,1737
90006,0,771,4465,4501,4501
90007,24,918,3931,4015,4015
90008,24,1325,6007,6093,6093
90010,0,73,302,305,305
90011,64,872,12670,12798,12798
90012,0,342,1588,1599,1599
90013,0,163,542,557,557
90014,1,71,232,238,238
90015,0,426,1678,1709,1709
90016,56,1757,9229,9285,9285
90017,6,126,553,562,562
90018,0,1574,8174,8290,8290
90019,128,2221,10444,10625,10625
90020,5,309,1587,1606,1606
90021,19,434,1584,1623,1623
90022,109,798,10854,10942,10942
90023,0,548,7367,7426,7426
90024,11,1005,3549,3633,3633
90025,33,1296,4665,4746,4746
90026,0,2143,9771,9900,9900
90027,0,1582,6532,6618,6618
90028,17,454,2080,2112,2112
90029,0,759,3694,3724,3724
90031,12,1137,5748,5800,5800
90032,0,769,8070,8169,8169
90033,0,574,6253,6310,6310
90034,7,1513,6904,6967,6967
90035,53,1418,5226,5311,5311
90036,28,1360,5453,5541,5541
90037,0,1496,8315,8365,8365
90038,13,634,3166,3198,3198
90039,0,1844,7024,7161,7161
90040,3,304,3265,3308,3308
90041,0,1515,5596,5675,5675
90042,0,1071,9469,9565,9565
90043,0,1756,11668,11943,11943
90044,61,1473,15124,15354,15354
90045,0,2021,10350,10583,10583
90046,0,1490,6747,6850,6850
90047,0,1445,12750,12905,12905
90048,0,1267,4518,4611,4611
90049,0,2715,8013,8210,8210
90056,5,497,2560,2615,2615
90057,7,264,1420,1439,1439
90058,13,194,2089,2112,2112
90059,0,734,6895,6979,6979
90061,0,686,5729,5810,5810
90062,40,1228,6523,6589,6589
90063,27,585,9090,9145,9145
90064,7,2087,6909,7035,7035
90065,0,2123,9123,9271,9271
90066,23,2825,11265,11494,11494
90067,0,66,209,212,212
90068,37,1198,4608,4683,4683
90069,3,884,3351,3415,3415
90077,15,1128,2837,2928,2928
90094,0,125,345,355,355
90201,0,673,13105,13171,13171
90210,76,2609,6683,6876,6876
90211,5,519,1684,1729,1729
90212,2,594,2032,2076,2076
90220,0,1056,11413,11505,11505
90221,0,796,10125,10217,10217
90222,74,550,6622,6709,6709
90230,31,1825,6103,6209,6209
90232,12,1179,4027,4114,4114
90240,0,905,6373,6457,6457
90241,0,702,8949,8994,9003
90242,0,700,8330,8423,8423
90245,26,1076,4971,5125,5125
90247,74,911,9154,9293,9293
90248,9,496,4217,4282,4282
90249,0,763,7023,7137,7137
90250,0,1661,16302,16450,16450
90254,0,1249,4963,5107,5107
90255,0,702,9798,9887,9887
90260,23,495,7678,7740,7740
90262,0,703,10736,10812,10812
90265,0,1630,5763,5935,5935
90266,11,3357,11031,11396,11396
90270,0,224,3479,3503,3503
90272,0,2546,7378,7693,7693
90274,0,2676,8840,9123,9123
90275,0,3520,13646,13995,13995
90277,0,1496,8254,8405,8405
90278,11,2207,10600,10850,10850
90280,0,1134,15202,15325,15325
90290,0,359,1583,1626,1626
90291,0,1938,6564,6691,6691
90292,5,497,1645,1675,1675
90293,0,327,1807,1848,1848
90301,0,559,5785,5820,5820
90302,5,415,4723,4785,4785
90303,27,439,5287,5352,5352
90304,9,306,4452,4501,4501
90305,0,413,4393,4438,4438
90401,7,206,687,708,708
90402,27,1294,3237,3341,3341
90403,9,988,3031,3106,3106
90404,0,831,3250,3307,3307
90405,17,1714,5396,5523,5523
90501,69,1067,9629,9806,9806
90502,5,370,4592,4638,4638
90503,20,1692,9849,10019,10019
90504,0,1120,8862,9025,9025
90505,30,1508,9797,9997,9997
90601,48,871,7988,8077,8077
90602,0,384,4828,4857,4857
90603,0,786,5931,6034,6034
90604,0,1093,9378,9502,9502
90605,68,1179,9528,9663,9663
90606,0,706,7549,7579,7579
90620,0,1191,12282,12558,12558
90621,0,497,6434,6552,6552
90623,0,554,4215,4332,4332
90630,0,1571,13107,13429,13442
90631,0,1546,16483,16785,16785
90638,0,1674,13247,13490,13490
90640,130,1302,12823,13005,13005
90650,0,2111,21995,22217,22217
90660,0,1597,14158,14345,14345
90670,24,541,5965,6025,6025
90680,0,457,5877,5991,5997
90701,0,396,4103,4140,4140
90703,0,2240,14360,14623,14623
90706,15,1461,15205,15359,15359
90710,41,609,5796,5860,5860
90712,40,1222,9766,9935,9935
90713,0,1331,9149,9241,9241
90715,13,383,4248,4304,4304
90716,0,146,2384,2398,2398
90717,0,769,5567,5652,5652
90720,0,1238,6916,7211,7211
90723,0,469,9527,9584,9584
90731,0,1438,12108,12304,12304
90732,0,1020,5590,5704,5704
90740,0,677,6104,6261,6267
90744,0,755,9718,9816,9816
90745,0,1537,13064,13262,13262
90746,0,1247,8111,8243,8243
90755,0,343,2757,2788,2788
90802,12,333,3008,3057,3057
90803,0,1243,8368,8461,8461
90804,0,427,5740,5775,5775
90805,0,1274,17047,17219,17219
90806,0,608,7435,7502,7502
90807,58,1218,8168,8284,8284
90808,0,2221,13379,13583,13597
90810,0,712,7740,7834,7834
90813,54,515,6632,6692,6692
90814,0,453,4094,4152,4152
90815,24,1821,11799,11991,11991
91001,0,1833,9212,9448,9448
91006,29,1637,9511,9685,9685
91007,0,1005,7724,7858,7858
91008,0,113,503,517,517
91010,25,691,6225,6295,6295
91011,0,1901,5836,6048,6048
91016,21,1399,10329,10518,10518
91020,0,359,1519,1545,1545
91024,0,583,2958,3000,3000
91030,0,806,4429,4506,4506
91040,0,750,5596,5692,5692
91042,0,719,6211,6306,6306
91101,20,375,1379,1406,1406
91103,0,836,4733,4825,4825
91104,0,1093,7240,7381,7381
91105,0,698,2610,2693,2693
91106,0,584,3817,3895,3895
91107,0,1642,9329,9490,9490
91108,0,1113,4060,4186,4186
91201,0,925,4450,4468,4468
91202,0,957,4034,4099,4099
91203,0,350,1654,1672,1672
91204,10,367,1918,1934,1934
91205,33,841,4115,4161,4161
91206,0,665,4679,4779,4779
91207,0,715,2512,2553,2553
91208,0,965,3873,3940,3940
91214,0,1484,7819,7946,7946
91301,0,1804,7223,7393,7393
91302,47,2132,7523,7788,7788
91303,39,586,3187,3216,3216
91304,0,1288,9650,9777,9777
91306,71,1954,8826,8933,8933
91307,16,1413,7858,8019,8019
91311,0,1596,10156,10384,10384
91316,21,1164,5088,5150,5150
91320,14,2508,13474,13920,13920
91321,0,800,6200,6295,6295
91324,0,1420,6041,6109,6109
91325,47,1595,6565,6652,6652
91326,0,2034,10039,10296,10296
91331,0,1575,17882,18063,18063
91335,118,2589,12932,13089,13089
91340,22,1401,7130,7194,7194
91342,0,1661,17460,17690,17690
91343,170,2318,10461,10642,10642
91344,0,2309,14430,14709,14709
91345,18,982,4471,4525,4525
91350,0,1553,9997,10159,10159
91351,0,1022,8333,8435,8435
91352,0,2046,10364,10490,10490
91354,32,1515,7889,8050,8050
91355,49,1184,8003,8108,8108
91356,43,1162,5979,6108,6108
91360,0,1818,12325,12628,12628
91361,0,1322,6980,7137,7137
91362,0,2178,10743,11121,11121
91364,0,1440,7044,7202,7202
91367,0,1365,8714,8874,8874
91377,0,821,3959,4107,4107
91381,5,1099,4636,4779,4779
91384,0,5,32,32,32
91387,23,588,3708,3795,3795
91390,0,547,2789,2849,2849
91401,102,1441,6734,6837,6837
91402,0,1231,6974,7037,7037
91403,0,1173,4381,4443,4443
91405,30,1086,5901,5967,5967
91406,19,1832,9282,9376,9376
91411,10,658,3266,3302,3302
91423,28,1648,5569,5672,5672
91436,0,1558,4525,4636,4636
91501,0,790,3437,3454,3454
91502,6,309,1514,1528,1528
91504,0,1560,6057,6149,6149
91505,0,2187,8651,8756,8756
91506,0,1537,5622,5724,5724
91601,68,1110,5194,5257,5257
91602,9,675,2976,3012,3012
91604,17,1652,5685,5771,5771
91605,49,1872,9693,9801,9801
91606,14,1365,6968,7038,7038
91607,22,988,4325,4369,4369
91701,0,2010,11913,12057,12057
91702,0,924,12407,12494,12494
91706,62,1083,15414,15507,15507
91708,0,223,1800,1811,1811
91709,0,3820,19698,20038,20038
91710,0,3052,20963,21154,21154
91711,0,1722,9849,10051,10051
91722,0,777,8430,8541,8541
91723,17,409,4257,4304,4304
91724,7,789,7171,7243,7243
91730,0,2103,14991,15142,15142
91731,5,305,5305,5342,5342
91732,11,926,11175,11254,11254
91733,18,688,9094,9167,9167
91737,0,1377,6933,7060,7060
91739,0,2119,9611,9757,9767
91740,14,677,6785,6840,6840
91741,9,1370,8867,9038,9038
91744,0,1528,16606,16791,16791
91745,0,2201,14269,14575,14575
91746,0,812,7274,7333,7333
91748,0,1444,11541,11658,11658
91750,0,1633,11036,11250,11250
91752,0,832,8675,8754,8754
91754,0,1028,8149,8265,8265
91755,0,575,5996,6045,6045
91761,76,1711,15024,15160,15160
91762,0,1484,12955,13033,13033
91763,0,863,8205,8237,8237
91764,0,879,10274,10325,10325
91765,0,1968,12526,12769,12769
91766,0,1437,14069,14225,14225
91767,0,1015,10254,10358,10358
91768,7,473,6609,6656,6656
91770,14,1140,14303,14433,14433
91773,30,1356,9966,10128,10128
91775,0,945,6353,6476,6476
91776,71,736,7804,7907,7907
91780,0,1469,10186,10415,10415
91784,0,2107,8971,9172,9172
91786,0,1616,12065,12150,12150
91789,0,2100,12866,13169,13169
91790,0,1281,10993,11149,11149
91791,0,1053,8079,8219,8219
91792,0,548,5955,6021,6021
91801,10,893,9489,9594,9594
91803,0,779,6578,6651,6651
91902,154,5389,5709,5720,5720
91910,324,16369,17034,17051,17051
91911,415,16165,16581,16614,16614
91913,395,9567,10114,10134,10134
91914,171,3708,4058,4066,4066
91915,176,6175,6514,6527,6527
91932,118,5203,5336,5347,5347
91935,19,304,334,335,335
91941,358,9376,9922,9942,9942
91942,254,9363,9734,9753,9753
91945,140,7190,7374,7381,7381
91950,280,10501,10759,10792,10792
91977,378,12968,13467,13481,13481
91978,55,2668,2773,2776,2776
92003,33,1929,2050,2052,2052
92007,147,2896,3207,3207,3207
92008,287,7649,8182,8190,8190
92009,854,10603,12023,12035,12035
92010,213,4410,4713,4727,4727
92011,295,6585,7189,7196,7196
92014,406,4989,5795,5795,5795
92019,238,10341,10828,10839,10839
92020,297,11894,12402,12427,12427
92021,313,10778,11147,11159,11159
92024,982,14924,16364,16380,16380
92025,534,10583,11106,11150,11150
92026,302,12556,13109,13161,13161
92027,457,12822,13373,13480,13480
92028,267,7428,7852,7860,7860
92029,269,6960,7491,7491,7491
92037,544,10851,11820,11844,11844
92040,391,10995,11478,11489,11489
92054,210,9230,9555,9555,9555
92056,165,14377,14977,14977,14977
92057,429,13616,14259,14288,14288
92058,115,7018,7147,7161,7161
92059,2,34,36,36,36
92064,529,13553,14655,14684,14684
92067,140,1583,1839,1841,1841
92069,421,10738,11364,11375,11375
92071,383,14630,15272,15303,15303
92075,172,3520,3894,3902,3902
92078,588,12151,13066,13079,13079
92081,272,7880,8234,8234,8234
92082,23,894,938,938,938
92083,127,7686,7908,7932,7932
92084,413,12273,12906,12919,12919
92091,136,1258,1408,1415,1415
92101,117,2188,2333,2340,2340
92102,236,8196,8441,8441,8441
92103,332,6807,7211,7211,7211
92104,342,9676,10018,10048,10048
92105,154,11562,11787,11822,11822
92106,430,5720,6308,6321,6321
92107,295,7329,7756,7764,7764
92108,48,1462,1525,1530,1530
92109,458,10286,10897,10908,10908
92110,306,6188,6488,6521,6521
92111,359,11041,11551,11574,11574
92113,193,8984,9168,9187,9187
92114,447,16038,16501,16551,16551
92115,459,11576,12011,12059,12059
92116,150,8011,8336,8344,8344
92117,417,14579,15413,15443,15443
92118,271,5215,5650,5650,5650
92119,267,6638,7017,7017,7017
92120,255,8532,9106,9115,9115
92121,142,2356,2570,2583,2583
92122,495,5751,6228,6272,6272
92123,275,7012,7405,7420,7420
92124,157,6454,6788,6801,6801
92126,696,15941,16994,16994,16994
92127,641,10735,12077,12089,12089
92128,446,12663,13502,13502,13502
92129,694,12339,13604,13618,13618
92130,934,11192,12753,12791,12791
92131,584,8775,9873,9893,9893
92139,133,7179,7378,7386,7386
92154,366,14690,15239,15254,15254
92173,1,14,15,15,15
92201,0,1027,17530,17707,17707
92203,34,1153,11036,11193,11193
92210,0,533,2653,2732,2732
92211,15,1638,15237,15468,15468
92220,65,607,10735,10832,10832
92223,0,1220,16780,16933,16950
92231,0,0,1,1,1
92234,0,1402,16301,16515,16515
92236,0,608,7946,7994,7994
92240,6,397,6213,6295,6295
92241,0,1,11,11,11
92243,138,1254,11433,11514,11514
92249,0,1,9,9,9
92251,174,4145,4247,4260,4260
92253,37,2147,18334,18633,18633
92260,15,1707,14949,15269,15269
92262,0,1222,10932,11099,11099
92264,0,1074,9083,9250,9250
92270,0,1767,9978,10223,10223
92274,17,790,798,801,801
92276,0,102,3277,3287,3287
92277,29,454,4792,4826,4826
92283,0,45,405,412,412
92301,0,497,5790,5842,5842
92307,0,1363,11217,11273,11273
92308,0,1324,12779,12882,12882
92311,27,882,6744,6833,6833
92313,0,372,3602,3609,3609
92314,0,603,4836,4900,4900
92315,0,214,1466,1486,1486
92316,0,804,8301,8351,8351
92320,0,169,3417,3459,3459
92321,2,77,389,399,399
92324,0,1171,13330,13452,13452
92325,2,66,743,748,748
92333,5,630,674,674,674
92335,0,2243,19403,19540,19540
92336,23,3638,23095,23424,23424
92337,0,1046,10071,10162,10162
92342,8,209,2074,2091,2091
92344,0,619,4317,4356,4356
92345,25,2403,24553,24776,24776
92346,0,2033,15135,15303,15303
92352,4,216,1262,1280,1280
92354,0,765,5626,5683,5683
92358,0,1,13,13,13
92359,0,315,2696,2721,2721
92363,0,12,98,99,99
92373,0,1791,9715,9863,9863
92374,0,1534,11581,11722,11722
92376,0,1544,17214,17336,17336
92377,0,929,5593,5690,5690
92378,0,5,107,107,107
92386,2,19,170,172,172
92391,0,13,100,100,100
92392,0,1698,15313,15436,15436
92394,43,944,8503,8571,8571
92395,0,1538,13487,13595,13595
92399,0,2553,18395,18637,18637
92401,0,63,439,443,443
92404,0,1356,12846,12911,12911
92405,38,699,6237,6306,6306
92407,15,1788,14407,14523,14523
92408,12,494,3878,3917,3917
92410,0,846,9033,9097,9097
92411,0,572,5867,5896,5896
92501,0,465,5442,5525,5525
92503,0,1961,21975,22309,22309
92504,0,1225,14907,15119,15119
92505,0,613,11252,11332,11343
92506,0,1838,14737,15068,15068
92507,0,959,11297,11411,11411
92508,52,1534,10088,10347,10347
92509,0,1325,19932,20093,20093
92518,0,60,750,758,758
92530,418,13517,13921,13935,13935
92532,0,606,6105,6173,6173
92543,0,901,11233,11393,11393
92544,0,1010,14251,14438,14438
92545,0,868,15382,15490,15490
92548,0,100,2623,2634,2634
92551,46,334,7566,7611,7611
92553,0,966,16210,16358,16358
92555,0,1085,10755,10930,10930
92557,56,881,13895,13993,13993
92562,887,16925,17706,17741,17741
92563,0,2136,17740,18102,18102
92567,0,401,3877,3940,3940
92570,0,970,16542,16726,16726
92571,0,963,13237,13384,13384
92582,10,459,5030,5096,5096
92583,0,417,9410,9485,9485
92584,0,1425,15814,15990,15990
92585,0,669,7424,7522,7522
92586,0,566,9715,9784,9784
92587,0,723,6300,6396,6396
92590,34,910,955,955,955
92591,58,1223,11332,11552,11552
92592,1180,22380,23632,23655,23655
92595,0,1016,11025,11170,11170
92596,0,767,7976,8081,8081
92602,0,812,5078,5273,5273
92603,0,1279,5261,5526,5526
92604,0,964,7384,7581,7589
92606,0,830,4477,4664,4664
92610,0,600,3208,3352,3352
92612,0,583,4272,4418,4418
92614,0,977,5665,5920,5920
92617,0,324,1549,1616,1617
92618,0,1366,7622,7956,7956
92620,111,2387,11760,12354,12354
92624,22,2549,2753,2756,2756
92625,0,1167,5132,5384,5384
92626,0,1221,11458,11740,11740
92627,0,1691,14111,14562,14562
92629,140,7987,8713,8739,8739
92630,232,14455,15524,15524,15524
92637,62,3183,3278,3281,3281
92646,0,2445,17798,18368,18368
92647,0,1399,13820,14145,14145
92648,0,1510,12282,12609,12609
92649,0,1335,10350,10681,10681
92651,207,9300,10347,10368,10368
92653,288,7336,7976,7984,7984
92655,0,202,1762,1809,1809
92656,238,10098,10812,10834,10834
92657,0,937,3564,3752,3752
92660,0,2207,9847,10311,10311
92661,0,400,1575,1670,1670
92662,0,255,1311,1366,1366
92663,13,1200,6416,6704,6704
92672,339,9713,10562,10583,10583
92673,424,7929,9040,9049,9049
92675,446,9583,10372,10392,10392
92676,0,14,82,85,85
92677,324,16500,17976,17976,17976
92679,462,7405,8731,8739,8739
92683,0,2229,21162,21616,21616
92688,382,8643,9511,9530,9530
92691,286,12484,13600,13614,13614
92692,396,12783,14113,14113,14113
92694,230,5047,5725,5737,5737
92701,0,281,5786,5856,5856
92703,0,642,10252,10356,10356
92704,0,1088,14261,14479,14493
92705,0,2059,12380,12869,12869
92706,0,503,6520,6613,6613
92707,0,564,9955,10076,10076
92708,64,1766,15713,16066,16066
92780,0,995,10837,11058,11069
92782,11,840,5204,5416,5416
92801,0,544,9810,9899,9899
92802,0,474,6851,6962,6969
92804,0,1184,14505,14771,14771
92805,0,645,11566,11730,11730
92806,0,720,7695,7812,7820
92807,0,1672,10650,11060,11060
92808,0,872,5235,5419,5419
92821,0,1275,10958,11171,11171
92823,0,255,1247,1299,1299
92831,0,913,7141,7362,7362
92832,0,442,5350,5459,5459
92833,0,1484,11893,12261,12261
92835,0,1027,7022,7239,7239
92840,0,813,10973,11140,11140
92841,0,576,7422,7581,7581
92843,0,555,8147,8280,8280
92844,0,308,4021,4103,4103
92845,0,638,5157,5317,5317
92860,0,1285,10104,10269,10269
92861,0,514,2137,2256,2256
92865,0,565,5570,5701,5701
92866,0,448,4059,4154,4154
92867,0,1514,11563,11921,11921
92868,0,291,4282,4329,4334
92869,0,1494,10277,10606,10606
92870,0,1625,13374,13745,13745
92879,76,943,10655,10839,10839
92880,0,2957,17615,18030,18030
92881,0,1422,8649,8835,8835
92882,0,1578,15570,15759,15759
92883,0,1469,9803,9993,9993
92886,0,2644,15139,15737,15753
92887,0,1146,6121,6382,6382
93001,0,700,8951,9087,9087
93003,0,1380,14443,14649,14649
93004,0,911,8409,8607,8607
93010,0,1624,13586,13891,13891
93012,0,1522,11025,11284,11284
93013,0,845,5313,5489,5489
93021,42,1628,10297,10583,10583
93022,0,204,2369,2402,2402
93023,0,983,7497,7673,7673
93030,0,872,11496,11647,11647
93033,0,660,14251,14366,14366
93035,0,878,8534,8681,8681
93036,0,622,9446,9570,9570
93041,31,237,5097,5148,5148
93060,0,483,8068,8183,8183
93063,0,1934,15726,16113,16113
93065,0,2376,20692,21028,21028
93066,1,232,1247,1290,1290
93101,0,696,6641,6756,6756
93103,0,616,5407,5501,5501
93105,29,4918,7174,7225,7225
93108,0,1462,5049,5343,5343
93109,0,640,3612,3758,3758
93110,0,784,4945,5093,5093
93111,0,856,5580,5695,5695
93117,64,6472,9038,9129,9129
93202,0,26,704,711,711
93215,61,4946,10053,10093,10093
93221,0,226,4279,4340,4340
93223,0,30,2497,2505,2505
93230,20,9023,20040,20121,20121
93235,0,14,371,374,374
93245,1,152,329,331,331
93247,0,224,3288,3345,3345
93250,19,1261,2688,2704,2704
93257,0,850,17889,18088,18106
93267,0,40,764,774,774
93274,84,8817,20880,20985,20985
93277,0,1018,16697,16968,16968
93291,0,7211,16775,16893,16893
93292,0,5188,11631,11714,11714
93301,48,2118,4266,4326,4326
93304,0,6458,13332,13386,13386
93305,20,4816,9831,9900,9900
93306,150,7988,16593,16676,16676
93307,62,9298,20448,20550,20550
93308,73,8893,18152,18280,18280
93309,143,7647,15755,15914,15914
93311,14,7190,14000,14056,14056
93312,0,9582,19379,19476,19476
93313,0,6607,13653,13735,13735
93314,27,4428,8811,8891,8891
93401,10,7314,10304,10355,10355
93405,121,4764,6648,6736,6736
93420,10,7302,10359,10391,10391
93422,0,5805,8087,8127,8127
93424,3,165,238,240,240
93433,34,3437,4774,4803,4803
93444,16,3909,5482,5503,5503
93445,39,1688,2426,2446,2446
93446,82,8430,11607,11712,11712
93449,82,3307,4542,4583,4583
93454,77,6654,9548,9596,9596
93455,73,10210,14613,14657,14657
93458,50,6996,10007,10027,10027
93465,5,1698,2434,2444,2444
93534,0,1169,10503,10642,10642
93535,232,1458,16302,16550,16550
93536,120,17573,19869,19949,19949
93543,0,39,663,668,668
93550,72,1828,17861,18114,18114
93551,114,2197,16047,16275,16275
93552,40,655,9982,10063,10063
93611,0,5149,12120,12230,12230
93612,29,3910,9564,9621,9621
93616,1,237,577,580,580
93618,0,3005,6908,6964,6964
93619,0,3511,7692,7793,7793
93625,44,896,1964,1990,1990
93631,14,1966,4645,4697,4697
93635,0,4199,10230,10292,10292
93636,6,281,615,620,620
93637,10,4310,9705,9773,9773
93638,66,4169,9315,9381,9381
93646,0,0,1,1,1
93648,19,1250,3128,3156,3156
93650,11,389,1007,1015,1015
93654,55,2731,6818,6852,6852
93657,0,3124,7832,7856,7856
93662,0,2731,6717,6751,6751
93673,0,6,15,15,15
93701,0,1209,2831,2865,2865
93702,53,4415,10596,10650,10650
93703,52,3595,8525,8620,8620
93704,19,3922,9169,9271,9271
93705,47,3793,9304,9380,9380
93706,116,4584,10381,10518,10518
93710,48,3272,7975,8047,8047
93711,26,5531,12802,12892,12892
93720,0,6315,14647,14721,14721
93721,14,582,1379,1389,1389
93722,23,9778,23165,23304,23304
93723,0,947,2165,2176,2176
93725,36,2441,5911,5959,5959
93726,20,4151,9913,10003,10003
93727,114,8037,18873,19044,19044
93728,62,2160,5104,5151,5151
93730,13,2059,4242,4303,4303
93737,0,89,217,218,218
93901,0,3272,8234,8292,8292
93905,0,3468,9523,9561,9561
93906,0,5258,13272,13325,13325
93907,0,1164,2845,2874,2874
93908,4,948,2103,2118,2118
93923,0,2513,5650,5730,5730
93924,0,66,145,146,146
93933,32,2561,6342,6413,6413
93940,0,3617,8713,8801,8801
93950,0,1894,4671,4718,4718
93953,0,910,1919,1954,1954
93955,72,3419,8958,9012,9012
94002,0,3148,6972,7108,7108
94005,0,544,1302,1327,1327
94010,48,5530,11656,11918,11918
94014,25,2968,8342,8401,8401
94015,12,4837,12247,12383,12383
94018,0,5,10,10,10
94019,0,2455,5592,5677,5677
94022,0,3715,6566,6686,6686
94024,0,4299,7493,7631,7631
94025,0,4975,10725,10910,10910
94027,0,1493,2786,2858,2858
94028,2,1055,2130,2178,2178
94030,30,2551,5851,5952,5952
94037,0,317,687,699,699
94038,0,402,990,1002,1002
94040,25,3217,6029,6158,6158
94041,0,1701,3136,3177,3177
94043,0,3351,6396,6513,6513
94044,0,4500,10680,10843,10843
94061,9,3632,8768,8911,8911
94062,33,3998,8162,8346,8346
94063,18,2239,5942,6014,6014
94065,14,1339,2807,2864,2864
94066,0,4118,9937,10058,10058
94070,49,4517,9451,9694,9694
94080,0,6231,15516,15704,15704
94085,0,1990,3820,3902,3902
94086,48,4036,7919,8024,8024
94087,56,7356,13686,13880,13880
94089,0,2820,5388,5471,5471
94102,0,123,1220,1255,1255
94103,0,373,2242,2356,2356
94104,0,3,55,56,56
94105,0,70,212,234,234
94107,0,648,3107,3308,3308
94108,0,68,650,668,669
94109,0,451,3022,3155,3158
94110,0,1904,10379,10995,10995
94111,0,45,229,242,242
94112,0,2778,14700,14985,14985
94114,0,1259,5826,6225,6225
94115,0,620,3348,3514,3514
94116,0,1752,10434,10960,10960
94117,0,1044,4554,4887,4887
94118,0,1179,6598,6931,6931
94121,0,1051,8053,8345,8345
94122,0,1745,10928,11407,11407
94123,0,885,3553,3849,3849
94124,0,1161,6890,6995,6995
94127,0,1432,5836,6255,6255
94129,0,154,555,595,595
94130,0,37,324,335,335
94131,0,1435,6098,6509,6515
94132,15,887,4733,4849,4849
94133,0,508,2323,2373,2373
94134,0,1329,7349,7461,7461
94158,0,20,98,103,103
94301,13,2178,4150,4201,4201
94303,77,4525,9466,9669,9669
94304,1,356,697,710,710
94305,2,629,1190,1207,1207
94306,41,3612,6686,6795,6795
94401,0,2306,6062,6148,6148
94402,0,3147,7118,7226,7226
94403,40,4254,9790,10030,10030
94404,15,3245,7219,7366,7366
94501,0,6395,13678,13844,13844
94502,0,1993,3954,4014,4014
94503,43,2182,6073,6153,6153
94505,6,2534,5510,5600,5600
94506,0,3589,6755,6942,6942
94507,0,2847,5241,5342,5342
94508,0,110,358,362,362
94509,0,7996,19026,19064,19064
94510,28,3827,9182,9331,9331
94513,19,8391,18625,18794,18794
94514,0,3,8,8,8
94515,6,614,1808,1838,1838
94517,0,1809,3798,3848,3848
94518,37,3308,7417,7499,7499
94519,19,2533,6151,6194,6194
94520,0,2845,6900,6942,6942
94521,37,5480,12191,12326,12326
94523,20,4352,9699,9837,9837
94525,9,523,1201,1219,1219
94526,0,5086,10099,10305,10305
94530,49,3727,8027,8158,8158
94531,12,5167,12117,12191,12191
94533,0,7433,19232,19407,19407
94534,129,5336,12692,12846,12846
94535,0,423,1164,1164,1164
94536,65,7394,15970,16148,16148
94538,77,5662,12686,12853,12853
94539,73,7342,14190,14524,14524
94541,0,5984,14310,14455,14455
94542,0,1565,3471,3517,3517
94544,46,6324,15265,15373,15373
94545,0,3574,8628,8654,8654
94546,103,5450,12781,12884,12884
94547,0,2815,6319,6383,6383
94549,0,4402,8336,8498,8498
94550,0,7422,15122,15384,15384
94551,0,5087,11381,11495,11495
94552,30,2143,4200,4290,4290
94553,0,6547,14518,14679,14694
94555,8,4078,8057,8205,8205
94556,0,2240,4381,4494,4494
94558,0,7001,20564,20962,20962
94559,34,2501,8517,8594,8594
94560,44,4986,10881,11069,11069
94561,12,4906,11898,11994,11994
94563,5,2613,5010,5133,5133
94564,0,2536,5802,5878,5878
94565,0,9773,23171,23381,23381
94566,0,5536,11577,11753,11753
94568,12,5797,11665,11795,11795
94572,17,1148,2782,2802,2802
94574,0,1269,3415,3478,3478
94576,0,15,42,42,42
94577,51,5306,12726,12842,12842
94578,0,3282,8102,8135,8135
94579,37,2660,6153,6221,6221
94580,32,3401,7847,7894,7894
94582,67,4947,9394,9615,9615
94583,0,4781,9903,10003,10003
94585,0,3271,8337,8395,8395
94587,32,7168,15878,16055,16055
94588,0,3861,7891,8061,8061
94589,9,3302,8575,8635,8635
94590,150,3850,10586,10714,10714
94591,0,6805,16902,17039,17039
94592,2,276,645,650,650
94595,30,1589,3750,3792,3792
94596,0,2122,4471,4543,4543
94597,28,2175,4671,4727,4727
94598,40,3939,7901,7997,7997
94599,0,372,1212,1228,1228
94601,0,3647,9067,9186,9186
94602,0,3548,8179,8270,8270
94603,53,2832,7562,7584,7584
94605,131,5239,11779,11934,11934
94606,6,2323,5823,5870,5870
94607,12,1715,3985,4025,4025
94608,0,2573,5701,5800,5800
94609,0,2056,4879,4918,4918
94610,33,2504,5461,5528,5528
94611,35,4125,8590,8712,8712
94612,6,464,1011,1031,1031
94618,20,2502,4875,4980,4980
94619,0,3255,7259,7347,7347
94621,130,2823,7115,7194,7194
94702,0,1975,4716,4783,4783
94703,32,2002,4519,4560,4560
94704,41,771,1733,1774,1774
94705,0,1728,3482,3545,3545
94706,28,2021,4578,4615,4615
94707,0,2205,4406,4496,4496
94708,0,1865,3558,3649,3649
94709,15,708,1649,1681,1681
94710,16,1016,2292,2325,2325
94720,2,111,237,243,243
94801,42,2759,6915,6992,6992
94803,16,3411,8022,8111,8111
94804,66,4240,10958,11024,11024
94805,5,1978,4708,4741,4741
94806,26,5073,12970,13075,13075
94901,31,3735,10147,10260,10260
94903,0,3290,8844,8979,8979
94904,0,1292,3083,3156,3156
94920,0,1919,4171,4265,4265
94925,0,1330,2864,2919,2919
94928,71,2666,10144,10195,10195
94930,0,769,1991,2030,2030
94931,0,939,3337,3364,3364
94939,0,740,1743,1766,1766
94941,0,3599,7810,8052,8052
94945,0,2193,5835,5918,5918
94947,0,2605,6731,6840,6840
94949,5,1913,5111,5199,5199
94951,0,789,2393,2414,2414
94952,0,4591,13971,14213,14213
94954,0,4127,12307,12431,12431
94957,0,296,638,652,652
94960,4,1852,4376,4474,4474
94965,9,1163,2953,2977,2977
95002,0,274,549,554,554
95003,23,3033,7472,7601,7601
95004,0,9,20,20,20
95005,0,266,720,731,731
95006,0,161,427,430,430
95007,0,0,1,1,1
95008,48,6109,11763,11967,11967
95010,9,996,2970,2994,2994
95012,3,501,1384,1388,1388
95014,75,8164,14699,14968,14968
95018,3,337,906,916,916
95019,3,534,1579,1588,1588
95020,0,6370,12871,13001,13001
95023,24,6960,11878,11938,11938
95030,0,2456,4327,4402,4402
95032,0,4090,7751,7829,7829
95033,0,19,43,44,44
95035,15,7910,15044,15241,15241
95037,0,41,76,78,78
95039,0,14,40,40,40
95043,0,16,30,30,30
95045,0,1,2,2,2
95050,9,4347,8597,8737,8737
95051,49,6182,11913,12181,12181
95054,5,2423,4537,4606,4606
95060,126,4481,11259,11478,11478
95062,46,4290,11299,11471,11471
95064,9,144,371,379,379
95065,4,799,2065,2084,2084
95066,0,1492,3869,3912,3912
95070,0,5779,10522,10693,10693
95073,9,1189,2964,3012,3012
95076,0,5273,14369,14471,14471
95110,3,1711,3382,3423,3423
95111,33,5249,11099,11155,11155
95112,70,4785,9922,10063,10063
95113,3,93,181,184,184
95116,0,3527,7581,7626,7626
95117,28,2217,4670,4722,4722
95118,17,4256,8547,8659,8659
95119,6,1460,2862,2897,2897
95120,12,6617,12058,12254,12254
95121,0,4310,8628,8742,8742
95122,0,4241,9135,9199,9199
95123,0,7722,15258,15475,15475
95124,74,7850,14542,14824,14824
95125,45,7731,14798,15055,15055
95126,31,3149,6234,6272,6272
95127,0,6518,13817,13942,13942
95128,0,3843,7812,7915,7915
95129,0,4855,9208,9320,9320
95130,4,1913,3616,3671,3671
95131,13,3255,6294,6396,6396
95132,40,5264,9839,9989,9989
95133,0,2618,5204,5283,5283
95134,0,1021,1919,1954,1954
95135,43,2892,5345,5437,5437
95136,39,4800,9570,9647,9647
95138,20,2620,4828,4906,4906
95139,0,975,1884,1907,1907
95140,0,84,172,174,174
95148,0,5776,11200,11348,11348
95202,14,486,1137,1158,1158
95203,0,1707,4632,4656,4656
95204,101,3686,10014,10095,10095
95205,22,3952,10793,10858,10858
95206,18,6480,17581,17670,17670
95207,93,4425,11571,11676,11676
95209,61,4509,12069,12154,12154
95210,56,3467,9243,9280,9280
95212,23,2959,7608,7677,7677
95215,65,2754,7104,7183,7183
95219,0,2993,7547,7585,7585
95220,0,283,735,739,739
95231,0,437,1257,1260,1260
95240,72,4299,11892,11988,11988
95242,49,3240,8128,8202,8202
95258,3,520,1311,1325,1325
95301,58,4766,11532,11637,11637
95307,0,575,11816,11948,11948
95316,9,890,2156,2165,2165
95319,0,0,5,5,5
95320,31,1761,4421,4457,4457
95322,2,188,485,486,486
95326,0,227,3930,3982,3982
95328,0,47,1085,1096,1096
95330,0,1530,3878,3913,3913
95334,0,9,24,24,24
95336,15,5286,14679,14752,14752
95337,0,3700,9493,9560,9560
95340,46,4667,11464,11580,11580
95341,0,3207,8002,8050,8050
95348,87,3557,8589,8667,8667
95350,16,896,15755,16011,16011
95351,0,540,12435,12561,12561
95354,0,477,8374,8501,8501
95355,0,1220,17434,17700,17700
95356,44,4691,10840,10961,10961
95357,0,2086,5129,5155,5155
95358,0,3401,8758,8802,8802
95361,0,4415,10115,10187,10187
95366,0,2289,5644,5701,5701
95367,60,3069,7392,7474,7474
95368,13,1755,4294,4315,4315
95380,0,5183,12614,12716,12716
95382,0,895,11270,11477,11477
95388,22,1435,3687,3716,3716
95389,1,25,58,59,59
95401,11,2735,10765,10852,10852
95403,0,3518,12943,13114,13114
95404,0,3756,11538,11666,11666
95405,7,2173,7070,7142,7142
95407,0,2608,10893,10948,10948
95409,0,2879,9716,9814,9814
95436,0,316,1123,1135,1135
95439,0,152,451,460,460
95441,1,25,76,77,77
95442,11,461,1186,1209,1209
95448,38,1947,6255,6357,6357
95452,4,263,653,666,666
95470,3,153,519,522,522
95472,0,3954,12248,12448,12448
95476,0,4654,14691,14869,14869
95482,0,2077,7302,7384,7384
95492,9,2821,9229,9341,9341
95501,0,655,8807,8960,8978
95503,0,376,6411,6483,6489
95519,0,386,5331,5423,5423
95521,0,351,4578,4676,4676
95537,0,0,114,114,114
95564,0,1,41,41,41
95602,24,1496,3995,4044,4044
95603,128,3063,9761,9850,9850
95605,0,1151,3452,3473,3473
95608,0,1489,17905,18213,18213
95610,24,3761,12111,12172,12172
95612,0,27,86,87,87
95616,10,3867,9293,9492,9492
95618,80,2736,7143,7289,7289
95619,0,369,1130,1136,1136
95620,0,16,41,41,41
95621,0,646,12801,12930,12930
95623,0,249,743,747,747
95624,0,2168,19917,20449,20449
95626,0,738,2169,2187,2187
95628,0,1543,13464,13795,13795
95630,44,8468,21610,21873,21873
95648,117,6327,19273,19468,19468
95650,0,2259,5651,5749,5749
95652,0,33,448,456,456
95655,0,205,1451,1496,1496
95658,0,1013,3111,3143,3143
95660,9,278,9208,9283,9283
95661,7,2467,7142,7214,7214
95662,0,3777,11600,11681,11681
95663,1,541,1447,1473,1473
95664,0,6,25,25,25
95667,62,2110,6113,6169,6169
95670,0,1028,15620,15810,15810
95672,6,785,1958,1984,1984
95673,0,361,6478,6557,6557
95677,0,2864,8488,8574,8574
95678,24,3646,12175,12260,12260
95682,0,3391,9307,9420,9420
95683,0,23,62,63,63
95687,0,6823,17812,17956,17956
95688,73,4193,10280,10384,10384
95691,24,4269,11763,11870,11870
95692,0,6,24,24,24
95695,0,3271,9344,9400,9400
95703,0,21,59,59,59
95713,0,445,1496,1506,1506
95722,0,71,207,210,210
95742,5,1806,4584,4645,4645
95746,33,3362,8001,8189,8189
95747,82,7567,20301,20506,20506
95757,0,1686,12563,12885,12885
95758,0,1664,18550,18947,18947
95762,99,6081,13901,14155,14155
95765,0,3840,10575,10736,10736
95776,18,2100,6080,6129,6129
95811,0,125,1564,1588,1588
95814,25,370,1025,1040,1040
95815,6,354,6366,6437,6437
95816,0,317,3814,3864,3864
95817,0,268,3781,3831,3831
95818,44,2014,5441,5507,5507
95819,0,809,5868,6037,6037
95820,0,667,11345,11483,11494
95821,0,781,9226,9405,9405
95822,141,4445,13969,14110,14110
95823,0,832,18269,18417,18417
95824,0,316,7097,7169,7169
95825,0,448,5715,5820,5820
95826,0,931,11391,11600,11600
95827,0,434,6394,6472,6479
95828,70,951,17369,17581,17581
95829,0,976,8888,9116,9116
95830,0,80,449,467,467
95831,0,4614,13063,13182,13182
95832,0,886,2845,2865,2865
95833,0,2879,9444,9481,9481
95834,25,1937,6312,6344,6344
95835,0,957,10699,10884,10884
95837,0,52,143,145,145
95838,0,516,9989,10121,10121
95841,0,261,5076,5132,5132
95842,0,284,8040,8121,8121
95843,0,3804,12507,12608,12608
95864,0,1191,8448,8674,8682
95901,50,2278,8273,8323,8323
95917,0,9,29,29,29
95926,102,2929,9205,9307,9307
95928,39,3025,9568,9675,9675
95938,0,29,97,98,98
95945,5,2286,4590,4623,4623
95949,17,1052,2066,2076,2076
95953,0,32,111,112,112
95959,4,318,615,621,621
95961,0,1544,5830,5871,5871
95965,85,1361,4971,5021,5021
95966,0,3193,10394,10446,10446
95968,2,142,563,566,566
95973,71,3072,10072,10215,10215
95982,0,230,858,861,861
95991,92,3324,11427,11542,11542
95993,0,3299,12292,12416,12416
96001,49,2477,12213,12274,12274
96002,68,2400,11283,11351,11351
96003,0,3382,16188,16385,16385
96007,50,1602,8294,8378,8378
96008,0,39,163,165,165
96019,0,609,3202,3227,3227
96022,0,4,20,20,20
96062,0,6,26,26,26
96069,0,0,1,1,1
96073,1,299,1264,1277,1277
96087,0,20,89,90,90
96161,7,969,1820,1842,1842
80002,0,53,306,4310,4412
80003,0,37,524,9213,9334
80004,0,0,694,9228,9485
80005,0,9,1137,8811,9187
80007,0,6,666,2773,2992
80010,0,87,581,6556,6663
80011,0,104,792,10319,10402
80012,0,105,803,8588,8719
80013,0,468,1931,19073,19522
80014,0,61,625,6681,6790
80015,0,269,2731,18674,19232
80016,0,281,3296,14010,14764
80017,0,105,586,7416,7499
80018,0,0,432,3643,3714
80019,0,0,80,703,717
80020,0,46,1553,14725,15243
80021,0,43,612,8374,8590
80022,0,101,1623,14044,14288
80023,0,13,1305,5986,6334
80026,0,17,1007,8072,8391
80027,0,27,1717,8531,9116
80030,0,48,230,3143,3181
80031,0,187,1017,9057,9337
80033,0,106,522,6865,7028
80045,0,8,25,112,117
80108,0,7,98,352,374
80110,0,71,714,6297,6426
80111,0,164,1775,7366,7804
80112,0,124,1180,7498,7746
80113,0,74,1082,5946,6149
80118,0,0,1,3,3
80120,0,199,921,6430,6596
80121,0,60,1177,5650,5961
80122,0,117,1529,8650,9010
80123,0,0,1413,11687,12085
80124,0,82,924,4604,4806
80125,0,3,44,182,192
80126,0,51,2428,9528,10115
80127,0,27,1877,12828,13391
80128,0,0,1008,10069,10360
80129,0,113,1523,7194,7487
80130,0,103,1226,6171,6455
80132,0,241,1789,5698,6017
80133,0,4,70,301,304
80134,0,46,2823,14667,15231
80137,0,0,5,42,43
80138,0,45,1814,8611,8970
80202,0,10,68,385,403
80203,0,26,154,1357,1383
80204,0,54,701,5267,5419
80205,0,93,968,6426,6632
80206,0,50,755,3989,4139
80207,0,178,1036,5486,5757
80209,0,135,1094,5325,5624
80210,0,203,1796,8732,9174
80211,0,94,1308,6909,7229
80212,0,73,739,4325,4529
80214,0,38,372,4636,4750
80215,0,25,425,4910,5052
80216,0,19,419,3674,3768
80218,0,20,317,2130,2194
80219,0,175,1178,11456,11631
80220,0,36,996,6957,7172
80221,0,29,913,9553,9689
80222,0,111,669,4906,5058
80223,0,95,678,4842,4977
80224,0,24,435,3850,3913
80226,0,62,475,7632,7772
80227,0,77,645,7452,7667
80228,0,0,895,8346,8621
80229,0,113,710,11114,11227
80230,0,23,331,1566,1643
80231,0,91,526,4678,4778
80232,0,98,502,5939,6085
80233,0,61,790,11984,12154
80234,0,37,598,6127,6239
80235,0,9,104,1471,1501
80236,0,65,406,3351,3426
80237,0,52,446,3586,3678
80238,0,105,1289,4920,5224
80239,0,70,699,8663,8750
80241,0,18,919,8818,9007
80246,0,18,148,1612,1633
80247,0,49,215,2083,2113
80249,0,38,690,7381,7486
80260,0,0,296,5309,5368
80301,0,39,771,5392,5583
80302,0,35,430,2376,2487
80303,0,89,876,4950,5181
80304,0,23,807,5423,5720
80305,0,39,708,4010,4289
80401,0,0,1083,7896,8304
80403,0,29,853,4632,4887
80465,0,29,555,3895,4083
80503,0,0,62,480,500
80512,0,0,28,257,266
80514,0,1,16,253,257
80516,0,0,1072,6242,6619
80521,0,148,621,7174,7352
80524,0,33,1212,10572,10878
80525,0,117,1501,14064,14516
80526,0,133,1135,11725,12039
80528,0,6,815,5471,5735
80534,0,16,150,1043,1092
80535,0,3,32,680,688
80537,0,13,721,12810,13086
80538,0,0,1298,15573,15990
80543,0,0,2,41,41
80547,0,5,162,740,799
80550,0,18,305,2991,3074
80601,0,173,908,10052,10225
80602,0,68,2163,10780,11324
80603,0,47,416,4214,4282
80620,0,63,391,5112,5195
80621,0,1,6,78,79
80631,0,218,828,11288,11449
80634,0,73,1342,17841,18131
80640,0,22,354,3544,3609
80642,0,0,13,90,93
80645,0,0,3,93,94
80817,24,288,7827,7979,8003
80829,0,20,336,346,347
80840,1,21,725,733,736
80902,4,44,1208,1223,1232
80903,0,72,692,3345,3414
80904,78,408,6222,6442,6487
80905,0,46,718,4163,4222
80906,0,832,9044,9503,9560
80907,0,190,1516,7701,7859
80908,0,113,702,2458,2568
80909,0,166,1597,9082,9221
80910,31,313,6034,6120,6151
80911,96,457,10374,10576,10650
80915,0,52,1237,6360,6425
80916,0,330,8343,8419,8478
80917,0,77,1370,7603,7687
80918,0,158,2612,12970,13194
80919,0,733,8662,9093,9148
80920,0,241,2764,11754,12068
80921,0,205,1755,5588,5839
80922,0,61,1771,8643,8766
80923,0,79,1743,8646,8760
80924,0,8,492,1853,1910
80925,0,33,674,687,691
80926,0,2,23,24,24
80927,0,10,99,329,342
80951,0,0,0,1,1
81001,27,507,8674,8807,8887
81003,43,275,4603,4693,4741
81004,23,384,7435,7604,7666
81005,0,495,10748,10957,11001
81006,9,146,4350,4421,4439
81007,0,375,6992,7216,7230
81008,19,206,3631,3728,3751
81022,0,0,1,1,1
81334,0,0,0,1,1
81401,0,0,1,8,8
81415,0,0,0,1,1
81501,0,221,816,6727,6859
81503,0,51,488,5609,5666
81504,0,20,947,9891,10042
81505,0,84,556,3889,3993
81506,0,73,561,3973,4054
81507,0,33,743,5355,5498
81520,0,38,411,3410,3466
81521,0,141,671,5095,5188
81526,0,2,46,341,348
6001,0,129,769,3672,3954
6002,0,108,448,5461,5609
6010,0,218,949,15117,15428
6013,5,28,252,1210,1281
6016,0,34,180,2017,2073
6019,0,1,17,139,145
6023,0,4,29,377,385
6026,0,27,183,1632,1686
6029,0,99,532,4042,4267
6032,0,109,609,4262,4462
6033,0,237,959,5370,5641
6035,0,8,223,1847,1901
6037,47,120,759,6331,6570
6040,0,236,656,7339,7560
6042,11,77,355,5354,5431
6043,1,4,71,620,643
6051,0,94,276,5129,5181
6052,0,61,164,1766,1825
6053,0,119,509,6769,6901
6060,0,3,26,184,193
6062,0,109,326,5032,5136
6066,0,149,455,6587,6703
6067,0,22,571,5147,5309
6070,0,68,533,2741,2899
6071,0,66,317,2829,2955
6073,0,40,226,918,997
6074,0,336,1281,7382,7863
6078,0,147,625,3583,3795
6081,0,5,27,309,315
6082,0,204,923,11549,11897
6084,0,8,89,516,549
6085,0,33,236,1654,1733
6088,0,11,70,1875,1895
6089,0,5,82,550,572
6090,0,5,27,118,127
6092,0,10,75,264,286
6093,0,16,208,1252,1301
6095,0,157,651,7962,8176
6096,0,72,281,3884,3993
6103,0,4,17,152,157
6105,0,47,141,1510,1537
6106,0,186,353,4741,4825
6107,0,101,859,4009,4318
6108,0,122,308,4784,4833
6109,0,143,844,8051,8321
6110,0,95,289,3401,3493
6111,0,364,746,8721,9012
6112,0,128,319,3246,3310
6114,0,169,339,4100,4177
6117,0,101,672,3075,3291
6118,0,123,500,6642,6786
6119,0,92,372,2560,2680
6120,0,69,149,1759,1795
6226,0,67,165,2611,2635
6237,0,1,11,139,143
6238,0,1,5,55,57
6241,0,1,3,42,43
6249,0,1,5,48,50
6250,0,23,76,585,602
6254,0,4,16,156,161
6255,0,12,45,768,781
6256,0,2,8,286,289
6260,0,35,122,1496,1515
6266,0,1,1,33,33
6268,0,37,95,494,528
6277,0,5,25,419,429
6280,0,1,1,28,29
6320,0,88,302,5421,5443
6330,0,4,19,293,297
6331,0,0,1,11,11
6334,0,5,15,164,171
6335,0,9,42,322,333
6338,0,0,0,1,1
6339,0,12,36,352,364
6340,0,143,474,6296,6452
6351,0,20,70,1339,1359
6355,2,14,98,811,845
6359,0,0,0,5,5
6360,0,149,474,6335,6465
6365,0,3,11,222,227
6370,0,1,3,40,41
6374,0,0,0,12,12
6375,0,8,48,524,536
6380,0,16,39,493,502
6382,0,65,162,1496,1543
6385,0,33,175,2295,2350
6401,0,148,283,4512,4581
6403,0,57,171,1497,1554
6405,0,129,830,7724,7957
6410,0,230,1267,6255,6662
6416,0,64,360,4065,4192
6418,0,57,333,3231,3294
6424,0,0,2,18,19
6437,0,12,66,383,406
6441,0,0,0,2,2
6444,0,0,0,24,24
6450,0,154,486,7868,8046
6451,0,105,383,5428,5500
6455,0,13,96,960,989
6456,0,5,14,60,64
6457,0,138,865,11209,11417
6460,0,81,1191,10925,11353
6461,0,21,513,3984,4198
6468,0,132,637,3497,3712
6470,0,2,6,28,29
6471,0,30,193,1812,1864
6472,0,47,224,1483,1557
6473,0,22,876,6707,7016
6477,0,56,568,3686,3853
6478,0,68,325,2829,2923
6479,10,59,346,3127,3255
6480,0,41,268,2651,2747
6481,0,1,30,416,426
6483,0,75,342,3998,4140
6484,0,273,1287,9262,9622
6489,0,196,981,8874,9257
6492,37,282,1238,11765,12120
6510,0,13,53,255,273
6511,0,224,714,6857,7087
6512,0,201,735,8055,8289
6513,0,137,376,5800,5872
6514,0,146,431,5925,6004
6515,0,24,196,2544,2626
6516,0,24,632,11574,11825
6517,0,58,403,3420,3576
6518,0,82,397,3114,3238
6519,0,35,114,2253,2297
6524,0,46,232,1376,1462
6525,0,61,482,1883,2061
6604,0,143,259,3721,3798
6605,0,14,231,3457,3573
6606,0,187,623,8610,8788
6607,0,29,81,1406,1432
6608,0,38,111,1829,1864
6610,0,101,277,3643,3699
6611,0,348,1614,8221,8774
6612,0,29,171,619,673
6614,0,46,728,8797,9083
6615,0,15,335,4921,5081
6702,0,30,73,539,552
6704,0,155,364,5216,5301
6705,0,82,240,5002,5068
6706,0,53,156,3066,3103
6708,0,254,618,6637,6775
6710,0,76,177,1421,1455
6712,0,38,272,2630,2709
6716,9,33,433,4520,4675
6762,0,16,308,1941,2033
6770,0,169,616,7397,7651
6779,8,38,180,2425,2488
6782,0,1,6,39,40
6786,0,26,80,935,953
6787,0,0,0,5,5
6795,0,21,306,3307,3400
6798,0,3,9,85,88
6807,0,105,495,1626,1809
6820,0,323,1983,4856,5473
6824,36,334,1763,6524,7083
6825,0,146,826,4424,4725
6830,0,221,1134,4931,5282
6831,0,202,1172,3569,3917
6840,0,224,1169,3186,3583
6850,0,80,555,3234,3407
6851,0,165,642,5241,5417
6853,0,68,399,1120,1239
6854,0,102,452,4260,4375
6855,0,45,223,1813,1866
6870,0,88,523,1583,1732
6878,0,136,635,1424,1665
6880,0,504,1876,5596,6145
6890,0,95,358,1107,1225
6897,0,6,33,94,105
6901,0,16,42,337,348
6902,0,262,941,8666,8901
6903,0,134,710,2278,2506
6905,0,70,571,3914,4054
6906,0,78,279,1787,1871
6907,0,85,324,1657,1736
19701,0,66,894,10657,11032
19702,0,55,531,10860,11048
19703,0,15,87,1437,1469
19706,0,7,28,585,593
19707,0,0,844,4211,4582
19709,0,0,3,30,32
19711,0,39,912,9391,9783
19713,0,72,436,6988,7131
19720,0,0,848,16668,16922
19732,0,0,3,16,17
19801,0,33,242,2899,2968
19802,0,14,283,4468,4554
19803,0,0,860,5623,5996
19804,0,31,281,5976,6093
19805,0,70,612,8539,8705
19806,0,33,225,1963,2039
19807,0,0,465,2238,2454
19808,0,0,694,10796,11154
19809,0,23,278,3156,3264
19810,0,56,642,5904,6228
19901,0,101,393,9009,9119
19904,0,0,266,7926,7999
19931,0,0,1,37,37
19933,0,0,0,2,2
19934,0,55,200,3607,3703
19936,0,0,2,25,26
19940,0,1,22,641,649
19943,0,0,26,722,732
19946,0,0,10,324,329
19956,0,14,72,1286,1312
19962,0,21,86,3037,3074
19973,0,29,206,3090,3163
19979,0,0,9,330,334
19980,0,0,0,89,89
32003,9,82,483,1176,8497
32009,0,3,15,29,187
32011,0,0,1,2,46
32043,31,62,129,253,4180
32065,0,77,320,562,10598
32068,0,195,487,821,13171
32073,0,124,311,634,12143
32080,25,125,484,759,7960
32081,8,50,398,791,3710
32082,0,95,802,1751,9570
32084,0,15,189,510,6969
32086,0,17,179,400,8205
32092,0,4,150,394,3383
32095,0,1,13,29,219
32110,0,35,66,103,1236
32114,0,243,495,754,7720
32117,0,78,286,493,8341
32118,0,57,177,355,5478
32119,0,114,263,391,6929
32124,0,0,34,86,1628
32127,84,216,480,719,11522
32128,0,66,229,384,7187
32129,0,53,237,413,7427
32132,0,0,74,137,3399
32136,0,15,188,361,3625
32137,0,123,613,1349,16663
32141,0,0,58,226,7159
32159,155,206,387,4246,12711
32162,152,395,1155,9911,29886
32163,0,56,208,365,4446
32164,0,165,445,988,15989
32168,52,125,355,470,10053
32169,0,0,186,509,4648
32174,0,149,728,1232,17840
32176,0,0,309,672,7138
32179,1,3,6,69,257
32195,1,2,5,92,310
32202,0,11,31,57,728
32204,0,48,121,229,2065
32205,0,39,266,578,7551
32206,0,279,457,654,6033
32207,0,195,547,898,9305
32208,0,225,490,725,9361
32209,0,374,645,884,9851
32210,0,135,640,1264,16158
32211,0,0,181,417,7628
32212,0,1,3,7,436
32216,0,63,525,766,10109
32217,0,0,230,449,5103
32218,0,35,508,999,16665
32219,0,24,133,204,4550
32220,0,63,175,238,4710
32221,0,66,263,507,9121
32222,0,25,50,114,3488
32223,0,0,318,652,7505
32224,0,39,387,996,9186
32225,0,99,510,1234,15832
32226,0,27,235,432,5151
32227,0,9,18,26,545
32233,0,26,268,536,6097
32244,0,287,439,861,16561
32246,0,56,422,731,13683
32250,95,133,730,1203,8813
32254,0,95,303,421,4335
32256,0,100,318,796,9672
32257,0,53,438,940,10221
32258,0,9,256,646,9050
32259,0,14,842,1970,13130
32266,2,10,104,275,2327
32277,0,64,236,429,6970
32301,0,9,196,354,4454
32303,0,121,372,614,8331
32304,0,234,504,712,4789
32305,0,17,75,610,2442
32308,0,60,179,389,4394
32309,0,30,373,586,5649
32310,0,67,168,244,2056
32311,0,9,163,382,4090
32312,0,0,378,802,6119
32317,0,7,177,370,3123
32333,0,0,0,0,6
32401,0,150,333,571,6569
32403,0,0,14,35,913
32404,0,162,362,1535,12267
32405,0,59,275,588,9543
32407,0,40,213,387,4262
32408,0,45,247,547,7173
32409,6,17,51,93,1865
32413,0,108,384,945,9480
32444,0,0,143,400,6617
32459,3,24,189,358,2470
32466,0,11,69,214,1155
32501,0,80,302,521,3778
32502,0,45,134,209,1871
32503,0,32,407,825,10301
32504,0,8,263,542,7680
32505,0,196,317,513,9144
32506,0,189,479,880,10821
32507,0,78,429,898,9262
32508,0,5,13,20,410
32514,0,0,335,671,11226
32526,0,0,182,520,12750
32531,0,0,1,1,17
32533,0,81,407,663,11301
32534,0,0,141,287,5737
32536,0,34,102,195,2994
32539,0,28,64,110,3448
32561,0,0,2,4,23
32570,0,0,277,634,9580
32571,0,33,234,692,10772
32577,0,0,0,1,8
32583,0,54,163,321,5283
32601,0,94,293,449,2894
32603,0,55,142,209,624
32605,0,0,143,331,4924
32606,0,105,296,491,4744
32607,0,127,322,461,3722
32608,0,150,718,2280,7907
32609,0,47,97,178,3643
32615,0,13,122,791,3240
32617,0,11,32,164,557
32618,0,15,43,177,747
32640,0,0,0,0,1
32641,0,102,187,759,2950
32653,0,49,275,1158,4250
32667,0,0,0,1,2
32669,0,1,50,97,1097
32701,0,76,209,1375,4638
32702,0,1,3,13,39
32703,0,243,614,4696,13945
32707,33,217,413,619,10389
32708,0,98,660,1138,13188
32709,0,4,9,15,185
32712,0,167,1032,5401,14611
32713,0,0,141,432,8084
32714,67,148,311,1920,7251
32720,7,156,423,2788,7244
32724,0,73,282,583,8782
32725,0,81,307,662,15720
32726,0,61,218,2251,6673
32730,4,24,40,329,1222
32732,0,0,0,0,2
32735,5,11,31,517,1561
32736,0,0,39,92,1002
32738,0,0,315,656,12277
32744,0,4,21,41,993
32746,0,11,416,930,10194
32750,0,97,306,605,7629
32751,38,126,465,2336,6029
32754,0,33,80,178,2134
32757,26,207,456,3031,8404
32759,0,12,40,60,530
32763,0,30,190,456,5738
32764,0,0,14,25,455
32765,0,34,986,1905,15697
32766,0,73,377,894,5038
32771,0,0,487,1085,13155
32773,0,33,195,423,7806
32776,0,0,67,189,3360
32778,16,106,277,2739,8014
32779,0,39,546,2373,6219
32780,0,13,407,723,12751
32784,6,35,89,676,1812
32789,0,70,731,1506,8003
32792,0,386,935,3938,12076
32796,0,15,144,378,7434
32798,0,8,39,455,1493
32801,3,45,128,219,1455
32803,0,64,413,2648,6883
32804,7,28,664,2536,6560
32805,0,148,321,2030,6017
32806,0,76,632,3228,8109
32807,0,64,300,2792,8975
32808,0,188,587,3946,11508
32809,86,173,375,2319,7059
32810,0,230,417,2877,8326
32811,7,159,285,2188,6524
32812,79,141,424,2905,8593
32814,0,8,141,618,1458
32817,0,98,480,823,9264
32818,56,236,585,3744,11007
32819,0,227,772,3444,8678
32820,0,10,147,340,3100
32821,0,53,129,1493,4707
32822,110,294,539,4091,12029
32824,0,38,445,4053,12438
32825,0,118,608,5503,16493
32826,0,116,334,627,6511
32827,21,83,463,1669,3901
32828,0,249,764,1396,15933
32829,11,58,216,1729,5129
32830,0,0,1,7,20
32832,0,0,338,2004,5069
32833,0,30,115,199,3273
32835,0,70,492,3019,8487
32836,0,20,728,2582,6276
32837,0,109,477,4632,13380
32839,0,225,409,2334,6681
32901,0,109,269,479,8139
32903,0,14,271,565,4572
32904,0,34,406,711,10963
32905,0,15,195,322,7311
32907,0,31,188,675,15426
32908,0,9,35,109,4288
32909,0,23,273,558,11075
32920,0,21,98,159,2264
32922,0,101,275,450,5102
32925,0,1,18,31,300
32926,0,37,258,517,8941
32927,0,83,292,708,10159
32931,0,38,235,496,4012
32934,0,109,435,754,6423
32935,0,86,316,703,14041
32937,0,0,472,935,8753
32940,0,20,466,961,9416
32949,2,5,65,106,1033
32950,0,15,73,167,2002
32951,0,57,319,494,4839
32952,0,17,487,957,7932
32953,27,99,405,865,8648
32955,0,168,503,979,13549
32958,0,9,25,43,920
32960,0,72,319,567,7780
32962,0,29,205,410,9535
32963,0,25,827,1761,7231
32966,0,131,341,580,7051
32967,0,25,264,517,5916
32968,0,6,147,390,5499
33004,0,55,236,430,3977
33009,0,117,377,611,5797
33010,0,150,284,505,7642
33012,0,47,326,768,11229
33013,0,138,349,561,7865
33014,0,63,183,408,6897
33015,0,0,320,676,11544
33016,59,117,228,411,6355
33018,0,34,413,837,11116
33019,0,10,205,393,3132
33020,0,22,292,584,10449
33021,0,133,485,1007,11597
33023,0,184,589,792,17875
33024,0,324,858,1335,18324
33025,0,213,456,719,9829
33026,0,8,412,753,7540
33027,0,145,898,1743,12309
33028,0,45,419,748,7024
33029,0,0,670,1708,12572
33032,4,21,45,74,1206
33033,0,0,0,1,9
33054,0,148,273,516,7570
33055,0,128,371,638,11342
33056,0,46,305,517,8990
33060,59,226,403,646,8044
33062,0,40,304,544,4627
33063,0,92,218,376,6341
33064,0,0,576,1245,14894
33065,0,0,98,224,4305
33066,0,37,86,148,1712
33067,0,0,3,5,39
33069,0,39,118,197,3176
33071,0,5,103,217,2576
33073,0,0,1,3,38
33109,0,0,20,43,75
33122,0,4,10,14,325
33125,0,125,337,667,7497
33126,0,0,129,276,5713
33127,0,59,209,482,6322
33128,4,14,19,38,536
33129,3,16,116,190,1625
33130,0,2,94,224,1743
33131,0,0,16,31,147
33132,0,2,15,32,269
33133,0,0,569,1152,6543
33134,0,138,551,1280,9233
33135,0,110,283,445,5052
33136,0,65,108,161,1359
33137,0,46,185,297,2393
33138,0,76,395,650,6020
33139,9,53,202,385,2899
33140,0,0,303,597,2933
33141,0,11,169,268,3521
33142,0,164,469,892,11298
33143,0,110,734,1247,7260
33144,0,45,199,366,6216
33145,7,141,424,664,6716
33146,0,4,412,870,3418
33147,0,158,521,922,11786
33149,0,5,223,449,1466
33150,0,124,341,614,5969
33154,0,32,205,365,1981
33155,27,133,666,1252,12709
33156,74,194,962,2100,8177
33157,0,97,718,1399,11519
33158,0,4,248,495,1946
33160,0,41,165,297,2160
33161,0,46,365,639,8865
33162,0,77,288,528,9294
33165,0,108,552,955,12900
33166,33,111,275,647,6270
33167,0,64,197,363,4445
33168,0,0,110,290,6752
33169,0,42,235,479,8163
33170,0,22,43,73,927
33172,0,27,105,156,2928
33173,0,0,376,685,6342
33174,0,64,184,345,4448
33176,0,103,670,1370,9675
33178,0,30,200,403,4125
33179,0,40,221,455,6470
33180,0,20,166,348,2394
33181,7,25,76,164,2396
33183,0,0,1,1,8
33185,0,0,1,2,18
33189,0,0,85,298,5936
33190,0,21,80,154,2587
33301,0,0,172,357,3084
33304,0,9,280,550,4135
33305,0,19,256,519,3536
33306,0,11,93,169,1097
33308,0,57,333,761,5854
33309,7,91,146,328,6733
33311,0,178,501,1067,15697
33312,0,60,551,1102,14255
33313,0,34,218,486,8011
33314,0,54,236,447,5859
33315,0,18,172,449,4161
33316,0,26,212,399,2997
33317,0,63,431,799,9951
33319,0,44,99,198,3820
33321,0,0,0,0,7
33322,0,47,275,550,9184
33323,0,23,210,640,5321
33324,0,96,395,896,9141
33325,0,0,412,690,8484
33326,0,23,300,901,7256
33327,0,0,531,1258,5520
33328,34,51,506,901,8011
33330,0,0,368,898,4659
33331,0,37,422,1176,6702
33332,0,0,245,578,3163
33334,0,27,342,586,8703
33351,0,5,86,126,4371
33401,0,14,201,455,4566
33403,0,0,64,156,3292
33404,0,172,508,887,8125
33405,0,152,512,774,6486
33406,0,87,320,527,6425
33407,0,203,422,610,7550
33408,0,15,313,627,4736
33409,0,61,207,317,5945
33410,0,21,565,1280,9950
33411,0,16,88,169,1704
33412,0,0,19,38,323
33413,0,8,105,177,2603
33415,0,65,217,413,7050
33417,0,55,194,360,5324
33418,58,164,1039,1939,10593
33426,0,33,164,342,6437
33431,0,10,285,647,4503
33432,22,109,384,707,3992
33433,0,36,346,720,6809
33434,0,41,170,313,2762
33435,0,101,367,614,8787
33436,0,56,557,919,13338
33437,10,31,96,197,2484
33441,0,185,370,663,6052
33442,0,37,224,366,5987
33444,12,137,309,523,5683
33445,0,92,326,718,8014
33446,0,1,5,12,94
33455,0,71,463,802,8480
33460,0,47,186,447,9052
33461,0,128,324,504,8296
33462,0,29,346,749,9213
33463,0,69,377,812,10990
33467,0,1,6,11,106
33469,0,0,0,1,5
33472,0,23,71,137,1383
33480,0,15,343,770,2559
33483,0,12,267,625,3608
33484,0,41,146,265,3604
33486,0,111,495,1023,5993
33487,0,46,179,381,2676
33496,0,21,158,325,1467
33510,8,61,190,395,7377
33511,0,177,613,1090,13105
33523,0,0,0,2,4
33527,29,111,276,518,4593
33534,0,40,115,221,4337
33543,0,123,500,3677,7430
33544,0,11,206,1798,3622
33545,0,0,0,1,3
33547,0,53,387,833,4897
33548,13,49,280,1037,2094
33549,0,57,250,2418,5536
33556,0,35,1116,4166,8217
33558,0,181,758,3184,6555
33559,19,122,229,1726,3711
33563,0,108,231,318,7065
33565,0,41,141,291,4422
33566,0,13,184,439,6200
33567,0,10,55,96,1919
33569,0,0,417,766,7956
33570,0,43,134,254,4673
33572,0,47,497,1025,7308
33573,0,73,366,650,8847
33578,51,215,543,871,12209
33579,19,28,456,664,9130
33584,47,165,370,622,7647
33592,0,28,90,197,2291
33594,0,34,436,975,11055
33596,0,49,390,867,9307
33598,0,0,117,204,3344
33602,0,0,165,358,2105
33603,0,57,228,531,5492
33604,0,125,434,878,9375
33605,0,133,335,601,6037
33606,0,65,430,779,3948
33607,0,64,386,673,6877
33609,0,0,395,806,4945
33610,0,215,502,891,9936
33612,0,373,616,969,9741
33613,23,179,394,619,5538
33614,0,151,368,682,10538
33615,0,97,447,846,11665
33617,0,165,469,680,8945
33618,16,79,402,828,7500
33619,0,0,353,696,10453
33624,36,133,338,833,11714
33625,0,0,230,499,7342
33626,34,120,990,3953,8008
33629,0,27,789,1558,6040
33634,0,61,190,453,5928
33635,0,34,208,388,4677
33637,0,58,105,145,3534
33647,0,0,814,1743,15359
33701,16,120,307,1883,3099
33702,48,268,660,5731,9347
33703,0,254,860,5247,8371
33704,0,156,647,3318,5433
33705,0,247,536,4780,8028
33706,19,140,674,3683,6113
33707,17,260,611,4931,8162
33708,0,131,497,3674,6037
33709,52,260,442,4911,8479
33710,25,150,524,7338,12192
33711,39,133,317,3270,5428
33712,0,286,505,4369,7329
33713,0,101,485,6325,11037
33714,44,133,266,3724,6246
33715,2,54,162,1099,1779
33716,0,38,114,1310,2190
33755,0,197,503,4370,7124
33756,72,281,589,5245,8805
33759,0,112,326,2773,4522
33760,0,108,201,2162,3652
33761,98,153,367,3532,5963
33762,0,31,185,1528,2542
33763,0,89,224,2511,4128
33764,72,278,655,5230,8728
33765,50,117,260,2442,4101
33767,0,63,245,1220,1929
33770,41,165,470,4854,8051
33771,111,284,405,5975,9985
33772,0,223,454,4919,8364
33773,44,266,510,4248,7232
33774,0,120,265,3655,5913
33776,0,154,507,2941,4730
33777,0,84,354,3548,5844
33778,0,177,380,3694,6179
33781,130,354,662,5546,9051
33782,33,123,401,4855,8019
33785,0,74,216,1466,2351
33786,4,35,141,546,847
33801,0,116,432,705,10168
33803,0,154,483,668,9988
33805,0,82,251,414,6616
33809,0,53,266,460,8641
33810,42,97,430,680,13539
33811,0,73,302,547,7922
33812,0,0,131,281,4532
33813,0,50,778,1255,11989
33815,0,118,278,460,5139
33823,0,104,507,852,11090
33825,20,109,321,2589,6700
33827,0,8,27,189,490
33830,0,136,381,3292,8916
33837,0,89,421,4150,10856
33838,0,16,37,594,1595
33839,0,1,58,112,1144
33843,0,3,30,488,1311
33844,0,299,561,4491,12188
33848,1,4,6,20,42
33850,0,6,67,134,2850
33852,0,2,11,92,251
33853,37,184,295,1805,4489
33856,0,0,0,66,209
33859,0,13,119,1504,4202
33860,0,88,221,375,7203
33868,0,12,51,431,1137
33870,21,171,448,4042,10493
33872,5,26,208,1896,5101
33875,0,31,119,1052,2770
33876,0,32,84,562,1472
33880,133,465,877,5021,12858
33881,0,363,740,4645,12651
33884,0,109,400,4124,11924
33896,19,74,190,1675,4548
33897,0,147,334,3660,9714
33898,0,69,134,1433,4017
33901,0,101,403,811,5671
33903,33,143,396,747,10770
33904,0,132,515,1383,14275
33905,13,201,439,1130,12190
33907,0,63,235,465,5103
33908,45,225,869,1528,14263
33909,0,119,307,643,9686
33912,0,95,530,1020,7530
33913,0,51,539,1103,7957
33914,17,120,753,2377,16573
33916,0,70,271,563,5259
33917,0,214,741,1624,13744
33919,0,86,448,914,9199
33920,0,11,108,246,2593
33921,0,43,135,223,848
33922,0,27,107,205,2377
33928,27,116,627,1271,8461
33931,0,40,335,698,5391
33935,0,0,0,0,5
33936,0,142,426,1347,8688
33946,0,0,114,243,1811
33947,0,82,235,450,4985
33948,0,0,179,452,7658
33950,22,222,655,1342,10673
33952,0,260,477,1127,14121
33953,0,57,163,319,3404
33954,0,0,80,302,4092
33955,0,23,190,469,4486
33956,0,10,154,423,2374
33957,0,81,479,1015,4401
33965,0,2,4,11,69
33966,3,43,158,334,2973
33967,0,52,302,674,8369
33971,0,0,178,365,7958
33972,0,55,147,336,4498
33973,0,52,119,331,2321
33974,0,84,192,620,4828
33976,0,29,62,443,4730
33980,0,50,156,400,5445
33981,0,46,188,462,5601
33982,0,22,129,243,2968
33983,23,70,146,379,5725
33990,0,168,431,947,11706
33991,26,119,281,511,8366
33993,0,81,433,998,9704
34102,0,47,501,1118,4835
34103,0,24,367,826,3686
34104,0,16,178,501,7855
34105,0,52,410,873,4359
34108,0,92,643,1378,5976
34109,0,53,542,1076,7037
34110,16,114,634,1293,7636
34112,0,72,317,788,8839
34113,48,129,347,762,6511
34114,0,42,396,763,6593
34116,0,43,243,487,7025
34117,0,0,100,201,2229
34119,0,40,707,1605,9457
34120,0,0,84,280,2447
34134,0,58,614,1371,5910
34135,0,0,595,1681,16987
34142,0,0,0,0,1
34145,0,95,727,1704,6744
34201,0,18,133,300,1868
34202,6,44,442,824,5135
34203,0,123,548,917,13297
34205,0,114,333,704,9330
34207,0,93,383,649,11290
34208,51,267,535,823,9964
34209,0,113,461,844,10883
34210,0,44,232,392,3864
34211,0,53,171,354,1913
34212,0,0,227,499,3965
34219,0,7,224,535,6391
34221,0,78,500,1078,15182
34222,0,18,134,280,5695
34223,0,146,563,1058,10909
34224,18,182,445,781,8886
34228,0,11,287,523,2404
34229,14,36,251,517,3359
34231,0,106,603,1148,11369
34232,0,105,455,980,11331
34233,14,56,230,480,6795
34234,0,42,226,566,6892
34235,5,96,321,552,5114
34236,19,44,293,564,2924
34237,10,53,173,318,4725
34238,15,124,540,1081,7258
34239,0,85,399,745,6237
34240,0,0,233,580,3468
34241,0,33,317,658,4421
34242,0,4,395,773,3828
34243,11,133,400,834,10784
34250,0,0,14,31,233
34269,0,15,41,71,1438
34275,10,182,545,1129,9144
34285,9,64,354,709,8753
34286,0,16,124,427,7653
34287,0,72,300,709,11779
34288,0,19,165,427,4696
34289,0,1,8,24,725
34291,0,9,75,186,2949
34292,35,99,360,636,6848
34293,91,201,896,1883,17749
34420,33,136,240,1522,5358
34428,0,35,66,347,900
34429,0,57,179,955,2518
34432,2,5,8,41,162
34434,0,0,1,14,39
34436,0,8,21,144,394
34442,18,68,108,920,2448
34446,0,51,144,1224,3357
34448,20,81,149,922,2757
34450,0,43,111,556,1480
34452,24,85,136,1014,2971
34453,0,31,68,767,2307
34461,0,19,49,644,1856
34465,16,114,197,1821,5115
34470,0,56,180,1583,6113
34471,42,203,608,2602,8111
34472,0,238,413,2650,9024
34473,1,3,8,13,312
34474,0,48,227,1458,5151
34475,0,122,328,1222,3673
34476,31,143,368,2781,10059
34479,13,107,237,1177,4369
34480,0,20,303,1936,6420
34481,0,91,272,1811,6876
34482,10,49,157,1453,4836
34484,1,17,69,370,951
34488,0,14,31,271,982
34491,0,56,287,2600,9068
34601,35,118,170,1225,2827
34604,8,45,149,1068,2467
34606,33,200,345,4458,10951
34607,0,14,135,323,3342
34608,112,261,497,5133,12254
34609,15,340,772,6427,15140
34610,0,78,284,2603,5445
34613,0,134,262,2562,6286
34614,4,7,25,43,598
34638,0,119,466,2755,5471
34639,0,73,403,3216,6406
34652,90,259,517,5229,11055
34653,0,61,269,5519,12078
34654,0,148,332,3241,6942
34655,0,67,902,7771,16243
34667,0,165,561,7472,16263
34668,0,418,935,9096,19704
34669,0,88,224,2724,5819
34677,23,177,547,4579,7423
34679,0,0,0,0,23
34681,0,1,3,24,38
34683,0,62,643,7059,12078
34684,18,161,553,5312,8704
34685,0,124,475,3311,5396
34688,14,60,236,1560,2593
34689,73,250,761,6122,10095
34690,13,70,166,2818,6326
34691,42,314,565,4851,10246
34695,19,70,484,3713,6171
34698,0,180,603,7428,12521
34705,0,0,7,147,439
34711,74,259,999,6270,17979
34714,0,11,121,1695,5202
34715,12,40,133,1286,3976
34731,0,53,127,1158,3464
34734,18,25,109,489,1396
34736,0,2,9,75,223
34737,0,2,15,173,507
34741,90,221,352,3063,8042
34743,0,149,320,3746,10545
34744,0,127,392,4252,11270
34746,47,393,929,6059,15234
34747,0,105,686,4299,11212
34748,0,46,255,3628,11417
34756,0,1,57,349,962
34758,84,133,229,4368,11957
34759,34,226,519,4241,11076
34760,1,6,34,144,343
34761,100,163,639,4222,12189
34762,0,0,5,39,106
34769,0,59,160,3055,8356
34771,5,23,243,1899,4560
34772,65,140,346,3402,9177
34785,0,63,145,1040,3083
34786,12,226,1377,4655,11019
34787,0,392,1551,6949,17784
34788,77,161,321,2017,6296
34797,0,6,44,194,479
34945,0,15,43,69,1060
34946,0,139,321,469,2687
34947,0,75,165,319,3619
34949,2,29,110,226,2306
34950,0,133,424,680,4843
34951,0,7,164,309,6418
34952,0,17,447,861,16163
34953,0,55,237,419,8844
34957,0,96,373,803,9166
34981,0,0,1,8,265
34982,0,32,143,203,4513
34983,0,155,529,824,15065
34984,0,0,149,317,5779
34986,0,17,270,675,8145
34990,0,10,665,1360,9431
34994,0,41,214,489,4852
34996,22,59,171,427,3515
34997,0,146,528,910,10829
30002,0,0,0,0,0
30004,0,0,0,0,0
30005,0,0,0,0,0
30008,0,0,0,0,0
30009,0,0,0,0,0
30011,0,0,0,1,3
30012,15,23,39,46,77
30013,62,62,62,62,69
30014,0,0,0,0,0
30016,0,0,0,0,0
30017,0,0,0,0,0
30019,36,36,36,36,36
30021,0,0,0,0,2
30022,0,0,0,0,0
30024,0,0,0,0,0
30028,0,0,0,0,1
30030,0,4,4,12,12
30032,0,0,0,0,0
30033,9,18,31,31,31
30034,0,0,0,0,0
30035,0,0,0,0,0
30038,0,0,0,0,0
30039,0,0,0,0,0
30040,0,0,0,0,0
30041,0,0,0,0,0
30043,0,0,19,38,57
30044,0,0,0,0,0
30045,0,0,0,0,0
30046,0,0,0,0,0
30047,0,0,0,45,45
30052,0,0,0,0,0
30058,0,0,0,29,29
30060,0,0,33,49,65
30062,0,0,0,0,0
30064,0,0,0,0,0
30066,0,0,0,0,0
30067,0,0,0,0,0
30068,0,0,0,0,0
30071,0,0,0,0,0
30072,0,0,0,0,0
30075,0,0,0,0,0
30076,0,0,0,0,0
30078,0,10,19,19,29
30079,0,0,0,1,2
30080,0,0,0,0,0
30082,0,0,0,0,6
30083,0,0,0,0,0
30084,0,0,0,0,0
30087,44,52,52,52,61
30088,0,0,0,0,0
30092,0,0,6,12,23
30093,0,0,0,28,42
30094,0,0,0,0,0
30096,0,0,0,0,23
30097,0,0,0,0,0
30101,0,0,0,0,0
30102,0,0,0,0,0
30103,0,0,0,0,0
30106,0,0,0,0,0
30107,0,0,0,0,0
30114,0,0,0,0,0
30115,14,21,21,28,28
30116,0,0,0,0,0
30117,0,0,0,0,0
30120,0,0,0,0,0
30121,0,0,0,1,1
30122,0,0,0,0,0
30126,0,0,0,0,0
30127,0,0,0,0,0
30132,0,0,0,0,0
30134,0,0,0,0,19
30135,0,0,0,0,0
30137,0,0,0,0,0
30141,0,0,0,0,0
30144,0,12,24,48,48
30147,0,0,0,0,0
30152,0,0,0,10,19
30157,0,0,0,0,0
30161,0,0,0,0,0
30165,0,0,0,0,0
30168,14,14,14,14,14
30173,0,0,0,0,0
30180,0,0,0,0,0
30187,0,0,0,0,0
30188,0,0,0,0,0
30189,0,0,0,0,0
30205,1,1,1,1,1
30213,0,0,0,0,0
30214,0,0,0,0,0
30215,0,0,0,0,0
30223,0,0,0,0,0
30228,95,95,109,136,149
30234,0,0,0,0,0
30236,0,0,0,0,0
30238,0,0,0,0,0
30248,0,0,0,0,0
30252,0,0,0,0,0
30253,0,0,0,0,0
30260,0,0,0,0,0
30268,6,13,15,21,23
30269,0,0,0,0,0
30273,0,4,13,18,31
30274,0,0,0,0,47
30276,0,0,0,0,0
30277,0,0,0,0,0
30281,18,18,18,54,54
30288,0,0,0,4,18
30290,0,0,0,0,0
30291,0,0,0,0,0
30294,0,0,0,0,0
30296,0,0,0,0,0
30297,0,0,0,0,0
30305,0,0,0,0,0
30306,0,0,0,0,0
30307,0,0,0,0,0
30308,0,0,0,0,1
30309,0,2,8,14,14
30310,0,0,0,0,0
30311,0,0,0,0,0
30312,0,0,0,0,0
30313,0,0,0,0,0
30314,0,0,0,0,0
30315,0,0,0,0,0
30316,38,63,69,75,88
30317,0,0,0,0,0
30318,0,0,0,0,0
30319,0,6,13,32,51
30324,0,0,0,3,10
30326,0,0,0,0,0
30327,0,0,0,0,0
30328,0,0,0,0,0
30329,0,0,0,0,0
30331,0,0,0,0,0
30336,0,0,0,0,3
30337,0,0,0,0,0
30338,0,0,0,0,0
30339,0,0,0,0,0
30340,0,0,0,0,0
30341,0,0,0,0,0
30342,0,0,0,0,0
30344,0,0,0,0,0
30345,9,9,9,9,9
30346,0,0,0,0,0
30349,0,0,0,0,0
30350,0,0,0,0,0
30354,0,0,0,0,7
30360,0,0,0,0,0
30363,0,0,0,0,0
30458,0,0,0,5,21
30461,0,0,0,0,0
30501,0,0,0,0,0
30504,0,0,0,0,0
30506,0,0,0,0,0
30507,8,8,9,10,10
30517,0,0,0,0,0
30518,0,0,0,0,0
30519,0,0,0,0,0
30542,0,0,0,0,0
30548,7,7,10,12,14
30564,0,0,0,0,0
30565,0,0,0,0,0
30566,0,0,0,0,0
30601,0,0,12,70,87
30605,0,9,18,62,115
30606,0,0,0,0,0
30607,8,8,11,13,13
30619,0,0,0,0,0
30620,0,0,0,0,0
30621,0,0,0,0,0
30622,0,0,2,3,5
30646,0,0,0,0,0
30655,0,0,0,0,0
30677,0,0,0,0,0
30680,0,0,0,0,0
30683,6,7,8,8,10
30701,0,0,0,0,0
30705,7,12,16,16,21
30707,0,0,0,0,0
30720,0,0,0,0,0
30721,0,0,0,0,0
30725,0,0,0,0,0
30735,0,0,0,0,0
30736,66,84,94,94,94
30738,0,0,0,0,0
30740,0,0,0,0,0
30741,0,0,0,0,0
30742,0,0,2,9,14
30750,0,0,0,0,0
30755,0,0,0,0,0
30757,0,0,0,0,0
30802,0,0,0,0,0
30805,0,0,0,0,0
30809,0,0,0,0,0
30813,0,0,0,0,22
30815,0,0,0,17,17
30901,0,0,0,7,42
30904,0,0,0,0,40
30905,0,0,0,0,0
30906,0,0,0,0,0
30907,0,0,0,0,0
30909,0,0,0,0,0
31005,0,0,0,0,0
31008,0,0,0,0,0
31020,0,0,0,0,0
31028,0,0,0,0,0
31030,0,0,0,0,0
31032,0,0,0,0,0
31047,11,12,13,13,13
31052,0,0,0,0,0
31088,0,0,0,0,0
31093,0,0,0,0,0
31098,0,0,0,0,0
31201,0,0,0,0,0
31204,0,0,0,0,0
31206,0,0,0,0,0
31210,0,0,0,0,0
31211,0,0,0,0,0
31216,1,1,1,2,2
31217,0,0,0,0,0
31220,0,0,0,0,0
31301,0,0,0,0,0
31302,0,0,0,0,0
31313,0,0,0,5,11
31315,0,0,1,2,3
31322,0,0,0,14,14
31324,0,0,0,0,0
31401,0,32,59,80,91
31404,0,0,0,0,0
31405,0,0,0,0,0
31406,0,0,0,0,0
31407,2,3,4,5,6
31408,17,20,20,26,26
31410,0,0,0,0,0
31411,0,0,0,0,0
31415,46,50,62,66,77
31419,0,0,0,0,0
31520,0,0,0,0,0
31523,0,2,3,6,6
31525,0,0,0,0,0
31601,0,0,0,0,0
31602,0,0,0,0,0
31605,0,0,0,0,0
31606,0,0,0,0,0
31632,0,0,0,0,0
31636,0,0,0,0,0
31701,0,0,0,31,74
31705,0,0,0,0,30
31707,0,0,0,0,0
31721,42,48,53,58,58
31763,0,0,0,0,0
31791,0,0,0,0,0
31808,1,1,1,1,1
31820,0,0,0,0,1
31901,0,0,0,0,0
31903,0,12,43,68,93
31904,0,0,0,0,11
31905,0,0,0,0,0
31906,0,0,0,0,0
31907,0,0,0,0,0
31909,0,0,0,0,0
96701,0,7185,8149,8174,8174
96706,16,13925,15838,15838,15838
96707,0,8361,9534,9544,9544
96720,0,4119,4527,4536,4536
96725,0,98,105,105,105
96732,0,5670,6039,6045,6045
96734,0,5322,6198,6210,6210
96740,0,9210,9978,9978,9978
96744,0,8590,9909,9929,9929
96753,8,7888,8453,8453,8453
96761,0,4978,5352,5352,5352
96779,0,862,911,912,912
96782,0,7958,8982,8982,8982
96786,0,5348,5924,5930,5930
96789,0,11935,13537,13578,13578
96793,0,6847,7262,7277,7277
96795,0,22,26,26,26
96797,40,11801,13378,13378,13378
96813,17,2985,3409,3412,3412
96814,0,1024,1150,1157,1157
96815,6,2462,2777,2782,2782
96816,0,11555,13334,13361,13361
96817,0,7160,8130,8138,8138
96818,0,7516,8298,8306,8306
96819,0,7507,8543,8560,8560
96821,0,5413,6537,6543,6543
96822,0,5789,6594,6601,6601
96825,0,6814,7950,7958,7958
96826,0,2359,2616,2630,2630
50007,0,0,2,24,29
50009,0,66,314,4886,5889
50010,184,379,5029,5161,5240
50014,120,264,2535,2655,2701
50021,0,0,410,6063,7316
50023,0,10,555,7792,9526
50035,0,9,86,1400,1724
50047,0,11,78,1789,2087
50061,0,0,81,490,591
50073,0,2,12,85,102
50105,3,16,299,306,309
50109,0,6,60,444,556
50111,0,9,199,3677,4354
50131,0,45,601,5101,6181
50134,2,4,54,56,57
50156,1,2,52,52,53
50201,0,0,5,5,5
50211,0,16,182,2647,3087
50226,62,224,1501,1580,1634
50237,0,0,22,413,497
50248,0,0,4,4,4
50265,0,134,566,8348,10118
50266,0,64,368,3989,4775
50309,0,1,34,726,855
50310,0,43,222,6034,7102
50311,0,44,171,2346,2846
50312,0,33,338,2627,3194
50313,0,84,169,4647,5570
50314,0,70,171,1739,2068
50315,9,164,303,7147,8548
50316,0,47,117,3073,3606
50317,0,152,396,9816,11506
50320,0,38,252,3949,4663
50321,0,15,88,1504,1792
50322,0,122,516,8212,9934
50323,0,0,222,1081,1356
50324,0,10,84,1349,1621
50325,0,0,318,2799,3386
50327,0,23,227,3084,3758
50613,255,756,8969,9618,9795
50626,0,0,1,13,21
50634,0,0,0,46,75
50643,8,42,644,684,691
50647,0,0,0,4,7
50648,0,0,0,1,1
50651,1,2,30,31,32
50667,0,4,8,201,320
50701,0,87,417,5494,8480
50702,0,89,229,3933,6273
50703,0,85,170,3500,5608
50707,0,0,57,1740,2671
51054,0,18,120,1362,1607
51101,0,27,52,351,411
51103,0,48,104,3471,3958
51104,0,60,252,4375,4948
51105,0,10,83,1771,1965
51106,0,66,368,6352,7236
51108,0,12,81,1266,1425
51109,1,6,21,935,1037
51111,0,0,0,240,245
51501,0,175,499,12779,13305
51503,0,62,525,9600,10146
51510,0,17,59,1467,1551
51526,0,1,6,124,131
52001,174,466,8575,9051,9105
52002,17,82,1789,1890,1907
52003,17,146,1974,2078,2114
52227,23,65,1010,1042,1058
52228,3,79,633,666,683
52233,33,125,1841,1905,1924
52240,152,370,4397,4653,4705
52241,0,75,271,2620,3804
52242,0,0,4,37,49
52245,0,57,233,2356,3434
52246,0,66,380,2352,3307
52302,237,747,11348,11728,11870
52314,0,1,23,24,24
52317,1,5,58,61,62
52324,0,8,240,244,246
52328,0,87,974,1023,1039
52333,0,0,2,2,2
52338,1,4,34,36,37
52341,3,19,196,206,210
52401,13,36,503,523,530
52402,198,490,10079,10288,10444
52403,36,397,5600,5849,5920
52404,181,520,11664,11966,12051
52405,110,301,7134,7274,7332
52411,79,500,2422,2602,2733
52722,0,114,886,8541,11006
52748,5,20,287,294,299
52753,0,19,82,1130,1464
52801,0,8,15,160,206
52802,0,63,163,2601,3274
52803,0,72,299,4063,5046
52804,0,63,257,4852,6148
52806,203,415,7870,8016,8097
52807,0,16,241,3059,3885
83201,0,348,9674,9872,9922
83202,0,216,5116,5227,5253
83204,0,146,3281,3349,3393
83209,0,1,11,11,11
83301,0,567,15870,16162,16178
83328,0,19,977,985,988
83341,0,47,1192,1223,1225
83401,0,441,9907,10184,10245
83402,0,219,7307,7511,7548
83404,27,411,6538,6736,6860
83406,5,194,4672,4842,4857
83427,0,7,534,541,542
83501,0,328,9321,11655,11737
83605,0,303,10667,10775,10840
83607,0,208,5796,5921,5939
83616,40,1019,9289,9945,10086
83634,0,23,615,629,634
83642,0,957,15274,15816,15960
83644,0,1,17,18,18
83646,0,938,17993,18649,18743
83651,0,246,10036,10211,10252
83669,0,80,1404,1461,1463
83686,0,402,14578,14817,14891
83687,0,271,11575,11728,11763
83702,0,455,5815,6098,6165
83703,0,279,5059,5217,5270
83704,0,313,11811,12040,12064
83705,25,257,8113,8254,8296
83706,0,529,8749,9041,9114
83709,0,867,20020,20515,20639
83712,0,233,2284,2431,2456
83713,0,445,9301,9600,9658
83714,0,602,7359,7637,7722
83716,0,408,4930,5165,5228
83814,0,205,2244,6894,7021
83815,0,132,3334,11849,11957
83833,0,0,15,49,49
83835,0,86,2180,7691,7768
83854,0,131,4087,14479,14552
83858,0,77,1211,4005,4078
60002,0,0,0,0,89
60004,0,0,0,37,134
60005,0,0,7,28,62
60007,0,0,0,0,51
60012,0,0,0,0,0
60014,0,0,0,0,21
60015,0,0,0,19,120
60016,0,0,55,110,175
60018,0,0,0,37,66
60022,0,0,0,5,9
60025,0,0,29,76,257
60026,0,0,0,26,90
60029,0,1,1,2,3
60030,0,0,0,11,121
60031,0,0,0,10,125
60033,0,0,0,0,1
60034,0,0,0,0,4
60035,0,0,15,46,278
60040,0,0,0,0,7
60041,0,0,0,0,0
60043,0,0,0,2,12
60044,0,0,10,12,44
60045,0,0,6,18,111
60046,0,0,0,0,94
60047,0,0,0,0,16
60048,0,0,17,42,391
60053,0,0,0,0,56
60056,0,0,0,47,71
60060,0,0,0,47,65
60061,0,0,0,0,79
60062,0,0,0,11,68
60064,0,0,31,65,111
60068,0,0,0,30,173
60069,0,0,0,2,24
60070,0,7,24,29,36
60071,0,0,0,0,0
60073,0,0,0,0,58
60076,0,0,25,67,110
60077,0,0,0,52,83
60083,0,0,0,3,46
60084,0,0,0,1,2
60085,0,0,12,74,124
60087,13,26,26,26,45
60088,0,0,0,5,7
60089,0,0,0,0,231
60090,0,0,0,35,111
60091,0,0,0,0,6
60093,0,0,0,10,184
60096,0,0,8,13,49
60097,0,0,1,4,15
60098,0,0,0,18,90
60099,0,0,0,94,211
60101,0,0,0,0,56
60102,0,0,2,2,2
60103,0,0,0,0,35
60104,0,0,0,0,5
60106,0,9,36,54,63
60107,0,0,0,15,143
60108,0,0,0,0,40
60110,0,0,1,7,11
60118,0,0,0,1,1
60119,0,0,0,1,3
60120,0,6,14,22,28
60123,0,0,13,22,39
60124,0,0,0,0,0
60126,0,0,0,0,391
60130,0,20,38,58,81
60131,0,0,5,41,67
60133,0,0,16,56,104
60134,0,17,34,67,193
60136,0,0,0,2,20
60137,44,53,79,88,202
60139,0,0,7,20,40
60140,0,0,0,0,0
60141,0,0,0,0,0
60142,0,0,102,154,164
60143,0,0,3,6,12
60148,0,0,0,25,185
60153,0,0,6,56,122
60154,0,0,0,0,6
60155,0,5,43,63,86
60156,0,0,0,16,43
60157,0,0,1,1,11
60160,0,0,0,0,0
60162,0,0,0,9,15
60163,0,0,2,2,5
60164,0,0,30,40,100
60165,0,0,0,0,4
60169,0,0,0,0,0
60171,0,0,0,7,29
60172,0,20,26,46,124
60173,0,0,0,0,2
60174,0,0,25,42,76
60175,0,0,0,0,0
60176,11,28,36,52,55
60177,0,0,0,0,24
60180,0,0,0,0,0
60181,15,58,65,65,145
60184,0,0,0,0,7
60185,0,0,0,32,49
60187,0,6,38,51,127
60188,0,0,0,48,58
60189,0,0,14,41,48
60190,3,3,12,12,40
60191,0,0,0,0,4
60193,0,19,77,96,135
60194,0,0,0,1,6
60201,0,0,0,16,95
60202,0,0,0,17,56
60203,0,0,0,4,8
60301,0,0,0,1,3
60302,0,0,0,6,96
60304,0,0,0,0,38
60305,0,0,0,0,0
60402,0,0,0,45,105
60403,0,0,18,41,59
60404,0,0,0,0,12
60406,0,0,0,31,66
60409,0,0,17,94,162
60410,0,1,2,3,11
60411,0,0,0,86,302
60415,0,2,17,32,52
60417,0,0,3,5,17
60419,0,0,0,88,131
60421,0,0,0,0,1
60422,0,0,5,7,62
60423,0,0,0,0,48
60425,0,0,11,33,49
60426,0,0,0,79,183
60428,0,0,12,27,53
60429,0,0,0,10,84
60430,0,0,4,30,64
60431,0,0,0,0,66
60432,0,0,37,88,120
60433,0,12,16,51,59
60435,0,0,0,62,137
60436,4,48,91,109,135
60438,0,0,21,49,97
60439,0,15,37,37,126
60440,25,87,99,136,161
60441,0,0,0,30,49
60442,0,0,0,0,1
60443,0,0,30,90,138
60445,0,0,17,80,126
60446,0,0,0,11,95
60447,0,0,0,0,0
60448,14,36,36,43,86
60449,0,0,0,0,1
60451,0,0,0,21,62
60452,0,0,0,0,22
60453,0,0,0,15,177
60455,0,0,13,63,71
60456,0,0,0,1,5
60457,0,0,0,18,60
60458,0,0,0,21,34
60459,0,0,32,40,56
60461,0,0,9,28,50
60462,0,0,21,32,86
60463,0,0,4,23,34
60464,0,0,5,21,42
60465,0,0,0,4,19
60466,0,33,66,84,106
60467,0,0,7,37,37
60469,0,0,0,7,13
60471,0,0,23,59,93
60472,0,0,0,15,28
60473,0,0,0,52,143
60475,0,2,12,21,30
60476,0,0,0,1,6
60477,0,9,56,112,141
60478,0,4,26,53,66
60480,0,0,0,0,13
60482,0,7,29,46,56
60484,0,0,0,0,0
60487,7,7,7,7,109
60490,0,12,18,36,48
60491,0,0,0,8,45
60501,0,0,17,29,49
60502,0,0,0,0,72
60503,0,8,12,12,16
60504,0,0,0,8,33
60505,0,0,0,0,23
60506,0,59,154,189,296
60510,16,31,31,47,62
60512,0,0,0,0,0
60513,0,0,0,0,44
60514,0,0,0,7,32
60515,0,28,50,78,177
60516,0,0,8,24,31
60517,0,7,21,49,71
60519,0,0,0,0,0
60521,0,0,0,0,90
60523,29,38,51,63,111
60525,41,41,49,65,106
60526,0,0,0,11,18
60527,0,7,14,50,199
60532,0,17,29,29,87
60534,0,0,0,8,34
60538,6,25,37,50,62
60540,22,43,54,76,87
60542,0,10,25,25,30
60543,0,0,11,21,85
60544,0,0,8,40,129
60546,0,0,0,27,54
60554,0,0,0,1,4
60555,0,0,0,20,34
60558,0,0,0,0,23
60559,0,0,0,47,65
60560,0,0,0,0,0
60561,13,13,26,26,137
60563,0,0,0,0,29
60564,0,0,13,25,101
60565,0,0,0,0,154
60585,0,0,0,0,14
60586,0,0,0,14,150
60601,0,0,0,0,0
60602,0,0,0,0,0
60603,0,0,0,0,1
60604,0,0,0,1,2
60605,0,2,5,10,13
60606,0,0,0,0,1
60607,0,0,2,16,61
60608,0,51,113,185,226
60609,0,0,83,225,367
60610,0,0,0,9,21
60611,0,0,0,4,7
60612,0,0,0,24,129
60613,0,0,4,16,43
60614,0,0,49,83,132
60615,0,0,0,46,89
60616,0,0,5,60,141
60617,0,19,212,270,541
60618,71,100,114,157,214
60619,0,0,59,280,472
60620,0,0,80,383,558
60621,0,0,138,225,357
60622,0,15,66,88,96
60623,0,0,71,212,388
60624,0,19,82,160,218
60625,0,0,0,0,0
60626,0,0,0,6,36
60628,0,0,0,151,317
60629,0,0,0,65,238
60630,0,13,51,115,153
60631,0,0,0,0,82
60632,0,0,0,64,144
60633,0,0,0,37,59
60634,0,0,0,70,123
60636,0,0,0,130,234
60637,0,0,0,94,178
60638,0,0,0,0,90
60639,0,40,173,240,333
60640,0,0,0,17,52
60641,0,72,107,143,155
60642,0,0,0,0,7
60643,0,0,12,58,185
60644,0,0,0,100,194
60645,0,0,0,0,0
60646,0,0,45,68,83
60647,0,0,0,22,78
60649,0,21,85,155,224
60651,0,0,59,168,337
60652,0,0,110,165,330
60653,0,0,56,104,135
60654,0,0,0,1,8
60655,0,0,21,48,68
60656,0,0,25,37,37
60657,0,11,28,45,85
60659,0,0,0,22,56
60660,0,0,0,0,15
60661,0,0,0,1,2
60706,0,0,0,13,40
60707,0,29,77,134,153
60712,0,0,0,18,46
60714,0,0,8,48,128
60803,0,0,0,26,116
60804,0,14,54,136,231
60805,0,0,23,46,57
60827,0,0,0,128,209
60901,0,0,71,118,153
60910,0,0,0,1,2
60914,0,0,13,34,38
60915,0,0,7,12,17
60922,0,0,0,0,0
60964,0,0,0,0,0
61008,0,0,0,0,46
61011,0,0,0,0,2
61016,0,0,0,2,13
61025,0,0,0,0,0
61065,0,0,6,16,55
61072,0,0,0,0,1
61073,0,0,0,0,7
61101,0,0,25,113,183
61102,0,0,0,32,80
61103,0,0,0,7,67
61104,0,0,0,81,127
61107,0,0,45,82,200
61108,0,0,0,18,79
61109,0,0,52,122,200
61111,0,0,0,45,68
61114,0,0,0,14,58
61115,0,0,0,16,81
61201,0,0,0,0,0
61239,0,0,0,0,0
61240,0,0,0,2,2
61241,0,0,0,0,0
61244,0,0,0,0,0
61256,0,0,0,0,0
61264,0,0,0,0,0
61265,0,0,0,0,0
61273,0,0,0,0,0
61275,0,0,0,0,0
61282,0,0,0,0,0
61284,0,0,0,0,0
61301,0,0,5,19,43
61320,0,0,0,0,0
61341,0,0,4,9,14
61348,0,0,0,0,9
61350,0,0,0,0,32
61354,0,0,0,0,11
61362,0,1,4,6,10
61364,17,37,61,89,106
61373,0,0,0,0,0
61523,5,7,9,11,12
61525,0,0,0,0,0
61526,0,0,0,0,0
61528,0,0,0,1,3
61535,0,0,0,0,0
61536,0,0,0,0,0
61547,0,0,0,0,2
61548,0,0,0,5,8
61550,0,0,5,12,15
61554,0,0,0,65,170
61568,0,0,0,0,0
61571,0,0,8,10,23
61602,0,0,15,31,45
61603,0,0,0,84,111
61604,0,0,0,9,112
61605,0,0,60,96,160
61606,0,0,0,8,34
61607,0,0,0,0,17
61610,5,10,23,24,31
61611,0,0,0,0,100
61614,0,31,69,100,131
61615,0,0,0,7,35
61616,0,0,17,29,36
61701,0,0,27,117,261
61704,0,0,0,0,0
61705,0,0,0,20,54
61725,0,0,0,0,0
61748,0,0,0,0,0
61761,0,0,0,101,257
61772,0,0,0,0,0
61776,0,0,0,0,1
61801,0,0,0,79,163
61802,0,0,0,18,83
61814,0,0,0,0,0
61817,0,0,0,0,0
61820,0,0,0,78,205
61821,0,0,0,42,92
61822,0,21,38,58,83
61832,0,0,0,35,133
61833,0,0,0,0,3
61834,0,0,0,2,3
61841,0,0,0,0,0
61858,0,0,0,0,0
61864,0,0,0,0,1
61874,0,0,0,0,26
61880,0,0,0,0,0
61883,0,0,1,4,7
62025,0,0,0,0,0
62034,0,0,0,11,21
62040,0,0,0,141,314
62059,0,0,0,4,9
62060,0,0,0,20,38
62062,0,0,0,0,16
62090,0,0,0,4,10
62201,0,0,0,20,64
62203,0,0,0,5,58
62204,0,2,2,40,80
62205,0,0,29,68,114
62206,0,0,0,25,75
62207,0,0,0,58,88
62208,0,0,0,51,114
62221,0,0,0,2,3
62223,0,0,10,48,95
62226,0,0,0,10,14
62232,2,5,5,5,42
62234,0,0,19,68,174
62236,0,0,0,0,2
62239,0,0,9,13,25
62240,0,0,0,1,5
62260,0,0,0,1,2
62269,8,12,12,12,22
62521,0,0,0,49,91
62522,0,0,0,9,35
62523,0,0,0,6,15
62526,0,0,0,13,111
62535,0,0,0,0,2
62544,0,0,0,0,0
62549,0,0,3,3,9
62554,0,0,0,0,1
62558,0,0,1,2,2
62561,0,0,0,2,7
62563,0,0,6,8,17
62625,0,0,0,0,0
62629,0,0,9,32,50
62670,0,0,0,0,0
62677,0,0,0,0,0
62684,0,0,0,0,6
62701,0,0,0,1,4
62702,0,22,100,223,301
62703,0,0,0,74,203
62704,0,0,66,110,199
62707,0,0,0,0,0
62711,0,0,11,28,114
62712,0,0,10,17,59
62957,0,0,0,1,2
62960,0,0,0,1,2
46001,0,0,0,0,0
46011,15,29,49,78,102
46012,4,29,50,67,80
46013,32,43,96,129,145
46016,7,64,179,250,301
46017,0,0,7,14,16
46032,0,0,41,97,331
46033,12,23,35,58,420
46037,0,0,0,0,169
46038,0,26,52,142,361
46040,0,0,0,0,26
46051,1,2,6,9,15
46052,5,8,8,13,20
46055,0,0,0,4,35
46056,0,0,2,2,3
46060,0,13,40,66,105
46062,8,15,54,224,317
46064,0,0,0,2,21
46068,0,0,1,2,3
46069,0,1,2,3,4
46074,0,0,11,11,128
46075,0,0,0,3,29
46077,0,0,0,37,337
46106,11,14,57,134,188
46107,0,0,0,9,9
46110,0,0,0,2,4
46111,1,1,2,2,2
46112,13,40,66,66,212
46113,0,0,11,38,77
46118,0,0,0,0,0
46122,0,0,0,1,2
46123,84,107,119,298,441
46124,0,0,0,0,1
46126,1,4,5,21,32
46130,3,5,6,8,9
46131,9,84,177,233,326
46140,3,8,12,17,25
46142,0,0,0,0,29
46143,0,71,89,196,464
46151,9,12,30,40,46
46158,0,0,64,160,240
46162,0,1,2,2,4
46163,0,3,12,12,28
46167,0,2,8,12,19
46168,0,0,10,81,204
46181,0,0,0,0,0
46184,29,39,63,97,117
46201,0,102,227,351,408
46202,0,0,27,58,130
46203,0,42,169,198,339
46204,0,0,1,13,23
46205,0,0,0,30,99
46208,0,12,62,117,173
46214,0,0,32,69,76
46216,0,1,2,4,10
46217,0,0,11,88,133
46218,0,0,153,286,378
46219,0,0,49,172,283
46220,0,0,0,53,204
46221,0,0,0,29,48
46222,0,40,100,149,169
46224,0,24,55,94,110
46225,0,0,0,27,49
46226,0,0,23,127,265
46227,0,0,43,100,172
46228,0,0,13,34,50
46229,0,0,0,0,55
46231,0,0,4,4,16
46234,0,0,8,33,83
46235,0,120,231,333,389
46236,20,61,72,143,348
46237,0,51,64,103,116
46239,0,0,11,11,141
46240,0,22,30,43,113
46241,0,0,72,176,228
46250,0,0,5,18,65
46254,0,0,39,58,107
46256,0,0,8,55,132
46259,0,0,0,0,108
46260,0,14,34,62,69
46268,0,0,14,69,82
46278,0,0,0,0,58
46280,2,2,8,10,25
46304,43,60,102,166,209
46307,2,24,42,57,65
46311,12,82,129,193,211
46312,226,327,393,487,575
46319,50,65,119,154,169
46320,124,150,172,197,230
46321,85,205,290,410,480
46322,53,137,167,213,266
46323,117,184,221,288,325
46324,106,150,199,231,255
46327,51,65,89,102,120
46341,0,1,1,2,2
46342,10,82,184,225,276
46350,0,0,1,2,5
46360,146,205,254,302,361
46368,91,131,272,312,413
46373,3,26,48,62,89
46375,0,22,139,212,336
46383,74,141,208,305,409
46385,14,91,197,288,373
46391,0,0,0,0,0
46393,0,0,0,0,0
46394,72,80,100,137,177
46402,53,84,108,126,137
46403,71,115,139,183,217
46404,223,315,344,401,441
46405,68,81,107,124,143
46406,41,60,68,89,108
46407,159,227,277,336,413
46408,95,129,177,194,211
46409,37,66,98,112,127
46410,111,172,222,363,454
46530,16,16,79,246,452
46544,95,147,158,189,231
46545,29,87,131,160,189
46554,0,0,0,0,0
46561,0,0,3,9,18
46601,21,38,58,83,100
46613,68,97,122,133,169
46614,44,115,222,257,328
46615,0,19,37,70,121
46616,23,28,36,40,45
46617,18,42,79,112,151
46619,6,50,99,180,211
46628,40,80,104,176,264
46635,8,14,23,43,56
46637,45,59,72,99,126
46706,0,0,0,0,0
46723,0,0,2,5,8
46725,0,1,1,1,2
46741,0,0,2,5,6
46745,0,0,0,0,1
46748,2,2,24,70,92
46765,0,2,18,37,69
46774,26,31,41,46,72
46783,1,1,3,4,15
46788,0,0,0,2,5
46798,0,0,0,1,1
46802,3,25,46,71,83
46803,96,117,138,163,198
46804,0,0,54,145,262
46805,26,53,86,118,165
46806,43,80,123,174,225
46807,40,60,70,85,90
46808,0,53,114,189,227
46809,39,54,64,79,107
46814,0,0,74,250,384
46815,40,57,97,137,202
46816,43,52,87,108,156
46818,7,30,52,104,141
46819,3,10,18,36,54
46825,47,66,66,95,142
46835,0,0,65,164,218
46845,0,0,0,193,335
46901,53,70,158,219,290
46902,48,67,86,115,191
46914,0,0,0,0,0
46932,0,0,0,1,2
47106,1,1,2,3,3
47111,44,64,74,114,183
47117,0,0,1,1,3
47119,0,5,35,62,89
47129,59,72,111,124,150
47130,66,116,182,265,332
47141,0,0,0,0,0
47143,0,0,5,6,11
47150,164,218,345,564,655
47172,23,38,68,166,227
47201,8,71,102,220,283
47203,50,69,103,153,184
47226,0,0,0,1,1
47280,2,3,3,4,7
47302,138,189,223,292,352
47303,35,105,129,193,240
47304,82,110,158,206,268
47305,30,41,64,78,97
47320,0,0,0,1,1
47334,2,3,4,7,13
47342,0,1,1,1,1
47356,0,1,2,2,3
47383,0,0,0,0,0
47396,3,4,8,17,29
47401,102,268,462,610,712
47403,172,180,198,215,258
47404,30,66,108,173,263
47408,67,97,146,202,239
47429,0,0,7,16,28
47601,1,1,3,3,3
47610,8,11,14,18,21
47630,138,277,450,577,681
47708,11,15,20,25,31
47710,130,142,192,241,266
47711,157,241,325,386,422
47712,44,82,109,158,180
47713,78,107,137,150,195
47714,129,227,247,336,415
47715,206,266,308,368,411
47720,133,172,197,226,251
47725,44,76,126,167,199
47802,25,59,109,168,277
47803,0,29,139,221,273
47804,53,61,77,81,106
47805,49,56,82,124,139
47807,0,55,107,174,210
47863,0,0,0,1,1
47871,0,0,0,0,0
47874,0,0,0,0,0
47885,6,6,19,25,42
47901,7,12,14,22,28
47904,0,22,56,112,151
47905,25,33,65,90,147
47906,162,363,510,587,695
47909,17,33,50,67,125
47920,0,0,0,1,3
47932,0,0,0,0,0
47982,0,0,0,0,0
47993,0,0,0,0,0
66012,0,0,0,0,0
66013,1,2,2,3,3
66024,1,1,1,1,1
66025,0,2,5,10,18
66030,1,1,2,2,3
66044,0,37,82,115,137
66046,0,0,0,13,22
66047,40,57,62,71,84
66049,61,92,107,176,259
66050,0,0,0,0,1
66052,0,0,0,0,0
66061,15,31,61,92,122
66062,20,20,40,40,101
66083,0,0,0,0,1
66085,0,0,0,0,0
66086,0,0,0,0,0
66090,0,3,5,8,9
66101,15,36,40,49,61
66102,0,0,6,31,56
66103,0,0,0,5,16
66104,0,18,41,82,105
66105,4,12,14,22,25
66106,0,0,6,17,45
66109,0,0,0,0,0
66111,17,20,23,23,40
66112,14,14,17,19,24
66202,3,10,21,39,39
66203,12,21,21,33,46
66204,0,6,6,6,8
66205,0,0,0,4,8
66206,7,7,7,7,7
66207,0,8,13,13,21
66208,3,3,3,10,10
66209,0,0,0,0,41
66210,9,14,19,19,19
66211,5,14,20,21,23
66212,0,0,0,11,40
66213,0,8,23,30,45
66214,12,14,14,14,19
66215,17,23,23,51,68
66216,19,25,45,45,121
66217,0,1,7,9,12
66218,0,0,0,0,13
66219,11,16,19,21,29
66220,0,0,0,0,0
66221,11,22,28,39,50
66223,0,0,0,6,12
66224,20,24,24,24,32
66226,0,0,2,12,53
66227,1,1,1,1,1
66402,1,1,3,5,7
66409,0,0,0,1,2
66429,0,0,0,0,0
66502,181,267,292,318,361
66503,4,14,50,93,132
66542,0,0,0,1,4
66546,0,1,1,1,2
66603,11,20,22,27,33
66604,9,9,18,45,72
66605,76,115,138,176,237
66606,27,41,68,91,122
66607,0,14,49,74,88
66608,3,3,8,11,18
66609,8,12,15,18,20
66610,7,10,10,33,70
66611,0,4,23,34,53
66612,26,33,40,48,52
66614,70,80,130,180,290
66615,0,0,1,2,10
66616,0,3,3,11,17
66617,0,0,0,4,5
66618,9,10,10,12,13
66619,0,0,0,0,0
66739,1,4,7,10,13
67002,35,50,55,114,154
67026,0,0,1,1,2
67030,0,0,0,1,1
67037,47,56,66,113,131
67052,2,2,7,8,13
67055,0,0,0,0,0
67060,10,20,30,46,61
67067,0,0,1,6,9
67101,28,31,33,39,50
67110,0,0,0,0,0
67120,0,0,0,1,1
67147,8,18,23,26,29
67202,13,16,22,28,34
67203,130,168,186,214,261
67204,16,16,40,48,71
67205,13,13,13,108,165
67206,47,65,82,135,211
67207,0,17,33,99,124
67208,0,0,13,59,131
67209,5,21,37,58,90
67210,0,6,8,25,25
67211,112,118,157,164,177
67212,44,89,104,178,237
67213,0,39,54,69,139
67214,144,188,227,260,277
67215,0,2,17,32,41
67216,113,140,146,173,193
67217,10,42,83,114,177
67218,0,37,89,112,134
67219,14,23,47,51,70
67220,13,31,49,80,93
67223,0,0,0,3,4
67226,12,18,41,107,178
67227,0,0,0,0,0
67228,0,0,12,37,61
67230,4,20,56,104,199
67232,11,14,16,19,22
67235,0,0,32,74,125
40014,0,0,0,0,0
40023,0,0,0,0,0
40025,0,0,0,0,0
40026,0,0,0,0,0
40047,15,23,30,46,91
40056,0,1,1,2,2
40059,0,0,0,0,0
40071,0,0,0,0,0
40109,0,1,1,2,4
40118,0,0,9,18,18
40162,0,0,0,0,0
40165,32,32,51,51,60
40177,0,1,1,2,2
40202,0,7,14,27,40
40203,0,32,99,140,172
40204,5,33,48,62,72
40205,24,32,40,49,89
40206,6,22,39,45,62
40207,0,9,27,36,53
40208,15,53,99,137,171
40209,1,7,10,15,20
40210,0,38,82,120,170
40211,8,92,192,333,417
40212,0,32,70,89,134
40213,77,98,126,154,161
40214,30,90,166,196,271
40215,14,50,79,122,151
40216,0,0,0,0,17
40217,0,16,26,47,63
40218,0,0,0,19,37
40219,14,95,136,191,205
40220,11,32,42,63,63
40222,0,0,0,0,0
40223,0,0,7,14,27
40228,20,47,54,54,68
40229,0,0,0,0,14
40241,0,17,17,34,51
40242,0,13,23,30,33
40243,0,7,14,20,24
40245,27,27,27,27,45
40258,0,0,0,0,11
40272,0,14,56,112,168
40291,0,0,0,0,0
40299,69,83,97,97,97
40356,3,8,19,22,33
40403,25,35,48,57,73
40461,0,0,0,0,0
40475,0,0,0,0,0
40502,0,17,42,68,76
40503,0,0,39,78,78
40504,0,0,0,13,72
40505,29,77,106,144,182
40507,2,7,12,15,18
40508,0,50,69,119,163
40509,57,57,68,91,103
40510,0,0,0,4,5
40511,0,0,0,11,32
40513,0,4,12,15,27
40514,5,16,22,22,22
40515,123,157,180,202,213
40516,0,0,0,0,3
40517,0,38,75,104,160
41001,0,0,0,0,11
41005,2,2,2,2,2
41007,0,0,0,0,0
41011,113,136,189,211,226
41014,0,0,0,0,0
41015,42,56,98,126,147
41016,0,8,26,41,53
41017,0,0,37,73,98
41018,57,74,90,155,172
41042,0,0,11,55,66
41048,0,0,0,0,0
41051,0,0,10,19,19
41059,5,12,16,21,34
41063,1,1,1,1,2
41071,51,119,130,176,266
41073,0,8,16,28,39
41074,14,16,24,30,40
41075,0,0,0,15,30
41076,65,65,70,80,85
41085,1,2,3,4,6
41091,0,0,0,0,0
41094,6,8,13,15,15
41101,123,142,178,215,258
41102,25,32,45,64,79
41129,1,4,11,15,20
41139,47,64,73,89,114
41144,0,0,0,0,1
41169,15,28,34,43,56
41175,1,1,1,1,1
41183,14,16,18,22,24
42001,87,126,150,166,205
42003,6,13,38,51,82
42058,0,0,1,2,2
42101,0,0,86,205,259
42103,124,140,145,167,172
42104,79,99,129,178,228
42122,0,0,0,0,9
42223,11,19,26,37,45
42234,0,1,1,1,1
42262,12,18,27,36,39
42286,1,1,2,3,3
42301,71,142,189,237,237
42303,0,0,35,95,154
42366,0,0,1,2,3
42420,0,0,0,0,0
42701,92,125,134,134,142
42724,1,1,3,4,5
70001,0,159,846,10890,12925
70002,0,129,330,4545,5479
70003,193,445,1127,12071,14443
70005,0,338,703,7223,8848
70006,11,112,337,4370,5211
70031,1,1,4,406,509
70032,4,56,122,1467,1840
70037,0,78,213,3685,4762
70043,0,211,568,5757,7067
70047,0,11,167,2825,3491
70049,0,1,2,35,47
70053,140,346,571,4953,5913
70056,0,56,418,9572,11164
70057,3,37,89,642,806
70058,0,376,793,11405,13630
70062,0,173,387,4938,5820
70065,0,377,1100,12506,14705
70068,0,110,428,7726,9827
70070,14,34,102,1218,1511
70072,140,621,1302,16589,19674
70075,10,37,108,1539,1915
70079,0,11,97,890,1104
70084,12,38,72,1178,1485
70085,17,29,43,449,542
70087,0,15,38,701,894
70092,0,81,172,2146,2630
70094,85,304,608,9949,11920
70112,41,109,156,805,833
70113,59,187,302,2172,2280
70114,43,371,506,5653,6994
70115,0,385,1306,8942,11180
70116,106,295,537,4591,4712
70117,0,509,1066,9159,11504
70118,87,612,1378,8575,10521
70119,0,655,1174,11644,12064
70121,0,99,208,4360,5117
70122,300,757,1253,12370,12800
70123,0,200,687,7902,9324
70124,31,545,1260,6973,7396
70125,117,406,752,5149,5383
70126,138,552,946,9345,9671
70127,190,521,806,6303,6608
70128,0,202,618,4964,6099
70129,3,152,285,2039,2529
70130,4,202,487,3107,3916
70131,0,245,571,6450,7944
70148,0,1,2,3,4
70343,0,1,3,27,36
70360,95,328,665,6519,8436
70363,0,145,352,4936,6143
70364,0,135,281,4421,5737
70395,0,1,2,17,22
70401,0,160,341,5392,6876
70403,0,312,661,6998,8991
70446,0,0,0,9,11
70454,84,301,635,8118,8252
70455,0,15,35,414,424
70462,0,8,33,604,791
70466,9,21,37,679,859
70501,287,607,1467,10646,10900
70503,61,466,1075,8101,9754
70506,142,624,1036,11794,13852
70507,0,68,216,4710,5626
70508,0,526,1488,12428,14532
70517,5,19,40,504,512
70518,31,252,554,6085,6167
70520,0,111,183,3174,3758
70525,1,2,3,37,38
70529,32,74,114,1561,1871
70535,96,275,424,4215,4311
70555,23,67,119,898,1069
70560,19,39,70,622,629
70570,209,464,946,8784,8993
70577,19,58,106,1129,1153
70578,0,0,0,1,1
70582,2,4,8,157,158
70583,47,202,305,3536,4231
70584,0,0,0,1,1
70592,51,410,827,7026,7143
70601,0,531,1037,9926,12595
70605,0,192,703,7063,8870
70607,0,138,234,3690,4700
70611,0,32,210,2181,2793
70615,0,51,112,1683,2079
70663,93,263,449,5518,6992
70665,0,73,170,1264,1642
70668,0,0,0,3,3
70669,15,52,137,2370,3008
70706,0,75,337,4996,6120
70710,0,13,36,801,949
70711,0,10,30,1005,1356
70714,107,255,436,5636,6555
70719,7,32,102,1501,1767
70726,32,351,910,12868,15566
70734,0,74,287,1958,2614
70737,77,511,1068,12510,15111
70739,22,97,348,3396,4282
70744,0,11,26,161,194
70764,0,0,0,1,1
70767,0,49,235,4081,4846
70769,57,385,1396,11498,13806
70770,1,23,45,561,664
70774,6,29,69,512,661
70777,1,2,4,58,67
70778,0,7,16,230,312
70785,42,95,170,3053,3738
70791,0,191,538,7198,8518
70801,0,2,3,77,93
70802,149,472,804,7353,8559
70805,41,448,647,6869,8130
70806,0,211,575,6975,8210
70807,195,379,553,4496,5265
70808,196,619,1424,7987,9362
70809,0,160,701,7068,8217
70810,55,437,1461,11200,13125
70811,27,188,295,3782,4371
70812,47,95,271,2878,3305
70814,21,156,296,4204,5113
70815,44,307,666,6783,8579
70816,167,440,726,9984,11638
70817,0,356,1295,9729,11475
70818,0,84,364,3237,4052
70819,0,48,133,1356,1681
70820,113,298,545,3445,4028
71006,0,0,0,2,3
71009,1,2,3,29,31
71024,0,0,0,1,1
71037,15,69,118,1495,2103
71047,0,26,63,1037,1172
71051,0,1,2,30,42
71055,0,65,155,2049,3021
71073,0,4,10,174,257
71101,53,170,240,2064,2362
71103,27,98,183,2332,2683
71104,59,212,369,3657,4149
71105,21,186,433,5916,6735
71106,75,413,1164,8071,9075
71107,0,361,643,8292,9559
71108,139,287,400,4454,5028
71109,78,278,537,5620,6326
71110,0,5,20,814,899
71111,211,567,949,11228,12849
71112,76,227,410,9403,10666
71115,10,152,340,4416,5006
71118,0,103,176,5456,6020
71119,0,95,249,3081,3425
71129,0,76,148,3048,3378
71201,0,249,740,5466,7316
71202,160,473,673,4874,6508
71203,125,330,650,6449,8694
71225,1,2,3,29,38
71280,0,1,2,23,29
71291,0,211,658,6387,8581
71292,14,105,214,2656,3547
71301,223,479,854,7675,7866
71302,63,171,279,2747,2801
71303,0,205,409,5061,5151
71360,29,188,353,5722,5834
71405,5,25,68,937,949
71423,0,0,0,3,3
71485,0,0,0,1,1
1001,0,27,224,4341,4524
1002,0,49,221,1841,1917
1007,0,0,0,3,3
1013,0,74,352,5354,5604
1020,0,128,469,8035,8436
1022,0,0,0,819,834
1027,0,17,185,4202,4275
1028,0,48,509,4554,4689
1030,0,0,280,3450,3670
1033,0,5,180,1742,1794
1035,0,6,54,472,490
1036,0,1,3,38,40
1040,0,85,508,7121,7582
1056,0,91,338,4372,4523
1068,0,0,2,13,14
1073,0,0,95,1920,2035
1075,0,72,439,4322,4453
1077,0,0,147,2171,2302
1085,0,139,535,9149,9793
1089,0,72,470,6682,7137
1095,0,16,120,1037,1091
1103,0,5,18,173,189
1104,0,111,350,4912,5204
1105,0,25,121,1231,1336
1106,0,84,497,3091,3279
1107,0,57,137,1254,1350
1108,0,93,278,4278,4375
1109,0,61,245,4766,5041
1118,0,42,250,3403,3498
1119,0,13,118,3056,3167
1128,0,11,70,786,806
1129,0,57,137,2043,2077
1151,0,43,73,2102,2121
1201,0,73,317,6430,6536
1237,0,2,11,159,164
1238,0,0,2,33,34
1240,0,5,75,876,907
1266,0,0,3,25,26
1420,0,183,581,8134,8242
1450,0,15,62,233,254
1453,0,143,722,8647,8869
1462,0,46,122,1097,1136
1463,0,0,2,15,16
1473,0,0,1,8,8
1501,0,0,322,4665,4761
1504,0,27,237,2310,2380
1505,2,5,109,711,757
1507,0,15,101,1353,1396
1515,0,3,19,286,291
1516,0,2,72,521,542
1519,0,6,80,392,420
1520,13,30,478,3063,3231
1522,0,4,18,256,264
1524,0,18,118,1752,1800
1527,0,18,285,3536,3673
1529,0,5,37,365,378
1534,0,2,7,59,61
1535,0,0,2,41,42
1536,0,12,117,905,932
1537,0,8,14,638,643
1540,0,37,195,3009,3064
1541,0,2,14,72,77
1542,0,2,32,563,568
1543,0,11,48,289,308
1545,0,61,856,5662,5984
1560,0,1,16,156,162
1562,6,35,220,3048,3104
1564,0,63,318,1962,2124
1566,0,0,1,10,11
1568,0,4,33,171,182
1569,0,53,182,1725,1792
1570,0,79,264,3840,3911
1571,0,8,128,1912,1947
1581,0,3,26,130,139
1583,6,6,185,1988,2058
1588,0,9,61,580,601
1590,0,31,313,1788,1921
1602,0,126,428,4298,4455
1603,0,46,219,3441,3504
1604,0,100,384,6945,7045
1605,0,103,313,3816,3914
1606,0,33,359,5264,5389
1607,0,33,97,1515,1546
1608,0,7,29,264,271
1609,0,95,336,2827,2914
1610,0,109,218,2624,2690
1611,0,5,35,534,546
1612,0,29,159,1354,1417
1701,5,36,425,2534,2679
1702,0,44,456,4692,4839
1721,0,49,504,3025,3202
1730,0,68,429,1913,2073
1731,0,2,15,350,356
1741,0,18,184,516,581
1742,0,0,2,7,8
1745,0,6,25,137,145
1746,0,121,573,3024,3262
1747,0,6,218,1425,1516
1748,0,35,754,2829,3104
1756,0,49,230,1452,1539
1757,0,133,660,6344,6544
1760,0,187,1137,5952,6340
1770,0,42,245,821,904
1772,0,76,419,1739,1943
1773,0,5,48,172,190
1778,0,0,1,4,5
1801,0,26,1113,8273,8633
1803,0,0,736,4864,5192
1810,0,34,1491,6065,6653
1821,0,83,713,6027,6288
1824,0,288,880,4857,5203
1826,0,89,515,6117,6269
1827,0,37,204,806,895
1830,0,80,369,4279,4394
1832,0,82,274,4436,4514
1833,0,0,0,1,1
1834,0,36,179,1250,1316
1835,0,40,219,2969,3064
1840,0,18,39,445,453
1841,0,97,280,5619,5659
1843,0,51,230,3850,3917
1844,0,211,1032,11189,11587
1845,0,81,857,4996,5316
1850,0,62,190,2586,2645
1851,0,52,351,4538,4613
1852,0,19,345,4514,4630
1854,0,60,246,3861,3928
1862,0,26,204,1661,1730
1863,0,21,190,1668,1731
1864,0,45,535,2998,3176
1867,0,182,861,4414,4686
1876,0,53,481,4618,4778
1879,0,38,404,2728,2821
1880,0,86,790,5319,5588
1886,0,144,785,3275,3585
1887,0,30,761,4677,4919
1890,0,140,1144,3783,4154
1901,0,14,26,193,199
1902,0,172,490,6170,6278
1904,0,47,444,4529,4680
1905,0,78,280,4186,4255
1906,0,7,611,6552,6779
1907,0,56,515,3268,3458
1908,0,13,164,1207,1243
1915,0,103,875,7503,7854
1921,0,6,42,141,158
1923,0,76,812,6562,6812
1940,0,71,501,2312,2470
1945,0,146,1088,4803,5258
1949,0,47,393,1772,1895
1960,0,372,1127,11808,12167
1970,0,86,663,8305,8537
1982,0,33,137,789,849
1983,0,6,30,140,151
1984,0,31,197,762,837
1985,0,1,6,26,28
2019,0,80,403,3992,4122
2021,0,105,850,4594,4849
2025,0,11,267,1064,1183
2026,0,202,1015,5327,5627
2030,0,103,448,1071,1230
2032,0,24,190,934,1002
2035,0,99,454,3580,3737
2038,0,138,814,4934,5136
2043,0,62,754,2883,3147
2048,0,28,594,4418,4600
2052,0,141,802,2361,2616
2053,0,3,567,2832,3035
2054,0,40,218,1704,1774
2056,0,14,420,1832,1969
2061,0,31,392,1659,1795
2062,0,197,696,6225,6487
2066,0,78,749,3911,4199
2067,0,113,725,3209,3551
2071,0,10,62,195,217
2072,0,130,714,6140,6355
2081,0,8,652,3841,4148
2090,0,137,883,3110,3402
2093,0,44,326,1532,1643
2108,0,23,100,345,376
2109,0,18,57,274,295
2110,0,5,22,78,85
2111,0,14,47,180,192
2113,0,8,39,421,436
2114,0,34,109,487,518
2115,0,57,144,912,944
2116,0,77,348,1293,1413
2118,0,93,305,1502,1595
2119,0,129,371,2683,2756
2120,0,46,118,920,943
2121,0,79,280,2370,2446
2122,0,71,414,3416,3523
2124,0,237,742,5950,6106
2125,0,171,521,3961,4094
2126,0,106,374,3607,3735
2127,0,187,899,4027,4365
2128,0,83,530,4655,4807
2129,0,74,422,1897,2038
2130,4,162,698,4058,4295
2131,31,98,725,4872,5089
2132,0,295,960,5678,6047
2134,0,53,155,1530,1577
2135,0,108,393,3985,4105
2136,0,64,451,4762,4915
2138,0,93,634,3288,3500
2139,0,99,537,2972,3129
2140,0,57,364,1848,1977
2141,0,64,225,1326,1392
2142,0,6,32,125,136
2143,0,110,528,3563,3726
2144,0,52,707,3629,3863
2145,0,69,438,3584,3725
2148,0,130,916,8846,9133
2149,0,144,585,6923,7154
2150,0,92,280,3570,3644
2151,0,256,806,9107,9353
2152,0,19,438,3540,3671
2155,0,152,1523,10952,11467
2163,0,2,8,35,37
2169,0,156,856,9334,9626
2170,0,38,357,3611,3732
2171,0,71,377,3211,3354
2176,0,193,836,4945,5207
2180,0,84,629,4344,4577
2184,0,253,1123,7809,8282
2186,0,55,1302,5530,5897
2188,0,21,209,2587,2649
2189,0,24,213,2882,2978
2190,0,87,367,3452,3569
2191,7,41,140,1639,1680
2199,0,4,15,59,63
2210,0,14,52,203,223
2215,0,31,102,566,592
2301,0,31,728,9888,10175
2302,0,100,457,6945,7052
2322,0,27,67,1310,1335
2333,0,24,163,1204,1260
2339,6,79,568,2540,2726
2341,0,22,106,992,1046
2343,0,28,254,2636,2724
2346,0,18,306,4323,4412
2347,0,98,408,2967,3112
2351,11,76,345,3464,3588
2356,0,13,363,2529,2650
2368,0,112,672,6267,6498
2370,0,78,398,4132,4253
2375,1,32,149,976,1031
2379,0,5,27,229,242
2382,0,93,270,3317,3417
2420,0,150,798,2576,2850
2421,0,215,889,2939,3254
2445,0,76,432,2169,2318
2446,0,77,368,1917,2031
2451,0,32,588,3714,3904
2452,0,55,291,2472,2582
2453,0,108,620,4616,4852
2458,0,96,495,2221,2414
2459,0,130,1013,3349,3736
2460,2,66,303,1431,1548
2461,5,74,324,1124,1238
2462,0,4,60,233,252
2464,0,16,91,483,507
2465,0,156,653,2466,2688
2466,0,64,278,1047,1147
2467,0,127,573,2063,2232
2468,0,92,373,848,986
2472,0,215,960,6235,6611
2474,0,117,1006,5087,5439
2476,20,159,641,3111,3325
2478,0,259,1285,5152,5590
2481,0,101,739,1897,2159
2482,0,93,481,1417,1583
2492,0,205,1170,3737,4130
2493,0,36,239,645,732
2494,2,92,589,1971,2147
2601,0,98,346,5054,5136
2630,0,26,116,1057,1107
2632,0,8,65,579,601
2668,0,0,3,28,29
2673,0,49,127,2302,2340
2675,3,20,79,609,633
2702,0,22,119,1184,1216
2703,0,154,839,9288,9539
2715,0,11,107,992,1037
2717,0,46,191,1436,1513
2718,0,35,120,1712,1768
2719,0,104,386,4787,4905
2720,0,211,466,6158,6286
2721,0,118,361,5498,5582
2723,0,87,238,2931,2970
2724,0,67,293,3606,3658
2725,0,13,137,1018,1066
2726,0,138,381,5362,5467
2739,0,3,14,104,110
2740,0,268,741,10013,10198
2743,0,41,305,3269,3350
2744,0,56,120,2406,2433
2745,0,77,415,6875,6981
2746,0,112,234,2577,2627
2747,0,145,504,5565,5716
2748,4,88,556,3475,3607
2760,0,103,528,5443,5673
2762,0,1,139,1220,1276
2763,0,10,71,492,513
2764,0,11,85,1013,1046
2766,0,121,472,3813,3954
2767,0,42,182,1241,1288
2769,0,16,555,3721,3888
2770,1,9,68,601,631
2771,0,134,487,4548,4715
2777,0,68,381,5971,6100
2779,0,70,287,1861,1984
2780,0,222,657,9771,10003
2790,8,42,322,3620,3746
20701,0,0,7,15,15
20705,0,36,2563,5836,5913
20706,0,27,1270,2961,3003
20707,0,43,2645,6083,6188
20708,0,7,1620,3540,3572
20712,0,22,475,524,527
20715,0,0,884,1981,2017
20720,0,32,3094,6310,6465
20721,0,24,2905,5919,6071
20722,0,1,13,15,15
20723,0,57,2799,5604,5741
20724,0,67,1296,2887,2931
20740,0,104,1582,1811,1833
20743,0,70,1620,1787,1798
20745,0,10,287,324,327
20746,0,7,185,205,206
20748,0,1,25,28,28
20755,0,3,404,948,955
20759,0,0,225,397,414
20763,0,8,237,504,513
20769,0,37,873,1816,1859
20770,0,13,303,681,690
20772,0,15,866,1892,1923
20774,0,130,4496,9854,10025
20777,0,0,1,2,2
20781,0,0,2,2,2
20782,0,11,306,350,351
20783,0,42,1367,1510,1516
20794,0,2,1088,2377,2398
20814,0,122,1729,2007,2036
20815,0,96,857,1048,1064
20816,0,48,390,492,498
20817,0,302,2458,3079,3148
20841,0,2,343,1418,1548
20850,0,473,6918,7921,8009
20851,0,75,1959,2181,2199
20852,0,247,4261,4875,4939
20853,0,228,3258,3749,3794
20854,0,1009,8230,10429,10609
20855,0,119,2497,2941,2977
20866,0,32,1066,2086,2120
20868,0,0,45,87,90
20874,0,0,778,8700,9026
20876,0,0,214,2181,2265
20877,0,111,3548,3919,3947
20878,0,396,8862,10216,10404
20879,0,144,4250,4770,4798
20880,0,3,44,51,51
20882,0,2,158,292,300
20886,0,0,348,3727,3862
20895,0,275,3029,3658,3717
20896,0,9,72,92,93
20899,0,0,17,19,19
20901,0,182,4253,4888,4937
20902,7,184,6509,7297,7386
20903,0,42,1452,1593,1603
20904,0,163,3895,8002,8149
20905,0,96,1482,2937,2994
20906,0,273,7054,7757,7812
20910,0,80,1871,2089,2117
20912,0,17,355,400,403
21012,4,15,898,1881,1915
21032,2,14,238,490,501
21042,0,0,3152,6258,6439
21043,0,139,4790,9699,9897
21044,0,17,514,1043,1069
21045,0,27,3121,6521,6627
21046,0,6,911,1949,1981
21052,0,0,67,177,177
21054,0,22,495,974,1001
21056,0,2,64,108,115
21057,0,3,182,377,388
21060,0,161,3667,8332,8442
21061,0,149,4789,11339,11441
21075,0,67,3198,6503,6697
21076,0,62,1855,3802,3896
21077,0,0,81,186,186
21087,0,9,278,572,584
21090,0,16,1705,3912,3956
21093,0,103,3412,7214,7369
21104,0,0,3,6,6
21108,0,49,1927,4018,4109
21113,0,123,2382,5466,5561
21117,0,45,3979,8984,9093
21122,0,138,6708,15036,15280
21128,0,51,1866,3795,3888
21133,0,161,3232,7558,7643
21136,0,23,536,1162,1187
21144,0,89,3769,7928,8098
21146,0,0,2311,4519,4683
21156,0,0,11,22,23
21162,0,23,709,1481,1518
21163,0,9,314,677,690
21201,0,122,1141,2388,2441
21202,0,109,1619,3580,3646
21204,0,142,1886,3967,4052
21205,0,239,2584,5709,5814
21206,0,159,5018,12134,12281
21207,0,232,4429,10934,11044
21208,0,107,3612,8085,8208
21209,0,189,2492,5618,5709
21210,0,34,1096,2229,2289
21211,0,161,2735,6121,6190
21212,0,65,3731,7910,8121
21213,0,418,5537,12903,13047
21214,0,30,2579,6013,6055
21215,0,571,7177,16083,16311
21216,0,377,4612,10354,10459
21217,0,164,5024,11582,11676
21218,0,707,5926,13333,13591
21219,0,7,1462,3356,3407
21220,0,200,2775,6335,6432
21221,0,113,4646,11230,11343
21222,0,365,6416,15723,15882
21223,0,408,4584,10596,10736
21224,0,312,7471,16108,16420
21225,0,193,3970,9085,9159
21226,0,37,1390,3339,3359
21227,0,327,4648,10308,10540
21228,0,0,5656,12934,13158
21229,0,274,5208,12384,12459
21230,0,401,5348,11222,11462
21231,0,119,1951,4143,4249
21234,0,388,8183,19196,19409
21236,0,79,4777,11187,11346
21237,0,180,3719,8470,8581
21239,0,150,2862,6735,6824
21244,0,41,3331,8156,8213
21286,0,177,2075,4310,4425
21502,0,0,493,12336,12614
21529,0,0,14,209,213
21545,0,0,3,41,42
21713,0,0,1,20,21
21722,0,0,0,1,1
21733,0,0,0,3,3
21734,0,2,49,81,81
21740,0,0,694,15798,16105
21742,0,0,451,6307,6496
21767,0,0,32,399,408
21795,0,0,154,2001,2072
21801,23,379,7233,7544,7582
21804,56,384,7741,7957,7997
21810,0,0,12,12,12
21822,0,10,310,320,321
21826,0,52,1296,1322,1329
21830,0,43,1086,1132,1135
21837,0,0,1,1,1
21849,0,0,11,11,11
21856,0,0,5,5,5
21875,0,16,1173,1195,1196
3901,4,30,587,606,610
3903,0,25,477,502,509
3904,12,53,1030,1061,1073
3905,0,6,87,92,94
3906,0,0,2,2,2
3908,3,48,618,646,659
3909,0,3,32,33,34
4005,61,314,5805,6069,6149
4038,20,247,3093,3280,3340
4046,4,24,272,286,292
4062,0,26,345,364,370
4063,1,6,65,69,70
4064,26,150,2757,2849,2875
4072,0,300,5191,5485,5558
4074,31,618,5639,6022,6177
4092,0,107,4301,4407,4447
4093,0,18,464,484,488
4101,8,171,2423,2575,2628
4102,61,280,3615,3756,3833
4103,37,404,7078,7362,7467
4105,16,353,1715,1884,1973
4106,0,369,6966,7320,7379
4107,8,336,2304,2506,2589
4108,7,72,479,520,533
4210,63,274,5225,5613,5692
4236,0,12,222,240,243
4240,111,341,8478,9151,9197
4250,0,4,172,185,186
4252,0,1,72,76,76
4258,0,10,348,371,373
4274,1,17,318,335,340
4280,0,49,1460,1565,1576
4330,10,122,2971,3182,3214
4344,4,22,390,426,431
4345,7,27,634,689,696
4346,3,11,243,263,266
4347,7,28,368,398,405
4351,0,0,2,2,2
4401,44,426,3764,8699,8815
4411,0,0,4,9,9
4412,0,34,1199,2805,2822
4428,1,8,130,294,297
4429,0,25,222,468,483
4444,0,61,647,1450,1479
4473,1,14,125,283,290
4474,0,23,284,606,618
4605,1,4,50,109,111
4609,2,40,506,1096,1118
4612,0,3,67,151,154
4646,0,2,28,60,61
4653,0,1,77,189,189
4660,0,8,68,145,149
4662,1,17,128,265,273
4674,0,1,35,78,79
4679,0,28,321,691,708
48009,0,0,0,0,6
48015,0,0,0,0,0
48017,0,0,0,0,4
48021,0,0,0,49,61
48025,0,0,0,0,0
48026,0,0,0,0,10
48030,0,0,0,0,0
48033,0,0,0,0,0
48034,0,0,0,0,4
48035,0,0,0,0,21
48036,0,18,24,42,66
48038,0,0,0,0,0
48040,0,0,0,0,0
48042,0,10,10,40,50
48043,0,0,0,13,26
48044,0,33,49,49,49
48045,0,0,0,0,0
48047,0,0,0,10,10
48048,0,0,3,3,11
48049,0,0,0,0,0
48051,15,20,20,25,30
48059,0,0,0,0,3
48060,0,0,0,0,19
48066,0,0,0,0,0
48067,33,40,59,86,92
48069,0,0,0,0,0
48070,0,0,0,0,2
48071,0,10,29,39,48
48072,0,0,0,0,0
48073,0,0,10,19,19
48074,0,0,0,0,1
48075,0,0,0,0,0
48076,0,0,0,0,0
48079,0,0,0,0,0
48080,0,0,0,0,0
48081,0,0,0,0,0
48082,0,0,0,0,0
48083,0,0,0,0,7
48084,0,0,0,0,0
48085,0,0,0,0,8
48088,0,0,0,0,0
48089,34,45,112,156,235
48091,0,0,0,0,0
48092,0,0,0,9,64
48093,0,23,23,46,54
48094,0,11,21,32,37
48095,0,0,0,0,0
48096,0,0,5,7,8
48098,0,0,0,0,0
48101,0,0,0,11,22
48103,27,55,68,123,136
48104,0,0,32,122,168
48105,0,0,0,0,35
48108,0,0,10,21,26
48109,0,0,1,3,4
48111,0,0,0,0,0
48114,0,0,0,0,0
48116,0,0,21,21,41
48117,0,0,0,0,0
48120,0,0,0,1,8
48122,0,0,10,41,68
48124,0,0,0,0,0
48125,0,0,0,0,0
48126,0,0,0,0,36
48127,0,0,0,24,73
48128,0,0,0,0,0
48130,4,4,6,6,6
48133,0,0,0,0,0
48134,0,0,0,0,0
48135,0,0,0,0,0
48138,0,0,0,3,7
48139,0,0,0,0,0
48141,0,0,35,69,111
48144,0,0,0,0,3
48146,0,0,0,0,0
48150,0,0,31,31,31
48152,0,0,10,10,40
48154,0,0,0,0,0
48157,0,0,0,1,1
48161,0,0,0,2,4
48162,0,0,0,5,24
48164,0,0,0,0,0
48165,2,4,6,6,8
48166,0,0,0,0,0
48167,0,0,0,0,0
48168,0,0,0,0,0
48169,10,10,12,14,20
48170,0,0,0,25,51
48173,5,5,10,20,30
48174,0,0,0,0,10
48176,0,0,0,0,0
48178,0,0,0,32,43
48179,0,2,3,5,6
48180,0,0,59,98,118
48182,0,0,0,0,0
48183,0,0,0,0,0
48184,0,0,0,0,0
48185,0,0,0,0,0
48186,0,0,0,0,0
48187,0,14,29,43,57
48188,0,0,0,0,0
48189,0,0,0,0,0
48192,0,0,0,19,48
48193,0,0,0,0,0
48195,0,0,0,0,0
48197,0,0,0,0,33
48198,0,22,22,65,108
48201,0,0,0,0,0
48202,0,0,0,0,3
48203,0,0,0,0,17
48204,0,0,21,84,157
48205,68,96,109,150,178
48206,0,0,0,0,41
48207,0,0,0,0,7
48208,0,0,0,0,0
48209,0,0,0,0,22
48210,0,0,45,100,145
48211,0,0,0,0,0
48212,0,0,83,153,213
48213,0,0,0,18,79
48214,0,0,0,0,42
48215,0,0,0,0,4
48216,0,0,0,0,8
48217,0,0,0,0,6
48218,0,0,0,0,0
48219,0,0,0,0,40
48220,0,0,0,0,0
48221,0,0,0,0,0
48223,0,0,0,0,0
48224,0,0,0,0,0
48225,0,0,0,0,0
48226,0,0,0,0,0
48227,0,0,0,13,125
48228,0,0,0,0,44
48229,0,0,3,13,25
48230,0,0,0,0,0
48234,0,0,0,0,0
48235,0,116,155,206,258
48236,10,20,30,30,60
48237,0,0,0,0,0
48238,0,0,0,0,105
48239,0,0,0,0,11
48240,0,0,0,0,0
48301,0,0,0,0,0
48302,0,0,0,5,10
48304,0,0,0,0,0
48306,0,0,0,0,0
48307,0,0,0,0,11
48309,8,17,25,25,34
48310,39,103,116,116,129
48312,0,0,0,0,0
48313,0,0,41,41,51
48314,0,0,0,0,0
48315,0,0,0,0,8
48316,0,7,22,22,22
48317,29,36,57,64,78
48320,0,0,0,0,0
48322,0,0,0,0,0
48323,0,5,27,27,38
48324,0,0,0,0,0
48326,0,0,0,0,12
48327,0,0,0,0,0
48328,0,0,0,0,0
48329,0,0,0,0,0
48331,26,26,26,32,32
48334,0,0,0,0,0
48335,0,0,0,10,15
48336,0,0,0,0,7
48340,0,0,0,18,41
48341,0,0,0,0,0
48342,0,0,10,43,67
48346,0,0,0,0,0
48348,0,0,6,12,18
48350,0,0,0,0,0
48353,0,0,0,0,1
48359,0,0,0,8,8
48360,0,3,9,14,14
48363,0,0,0,0,0
48374,0,0,0,0,0
48375,0,0,0,0,0
48377,0,0,0,0,0
48380,0,0,0,0,1
48381,0,0,0,0,0
48382,0,0,0,0,0
48383,0,1,1,1,2
48386,0,0,0,0,0
48390,0,0,0,0,0
48393,0,0,0,0,0
48415,0,0,0,0,0
48420,0,0,0,0,0
48421,0,0,0,0,0
48423,0,0,0,0,0
48430,0,0,0,0,0
48433,0,0,0,9,9
48436,0,0,0,0,0
48437,0,0,0,0,0
48438,0,0,0,0,0
48439,0,0,0,0,0
48442,0,0,0,0,0
48457,0,0,0,0,0
48458,0,0,0,0,0
48463,0,0,1,1,1
48473,0,0,0,0,0
48502,0,0,0,0,0
48503,0,0,0,0,0
48504,0,0,0,0,18
48505,0,0,0,0,9
48506,0,0,0,0,0
48507,0,0,0,10,70
48509,0,0,0,0,0
48519,0,0,0,0,0
48529,0,0,0,7,27
48532,0,0,17,29,41
48601,0,0,0,24,60
48602,0,0,0,0,0
48603,0,0,0,0,0
48604,0,0,0,0,0
48607,0,0,0,0,5
48609,0,0,0,0,0
48623,0,0,0,0,0
48631,0,0,0,0,0
48638,0,4,24,36,44
48640,0,0,0,0,10
48642,0,8,11,15,15
48706,0,0,0,53,106
48708,0,0,0,0,0
48722,0,0,0,0,0
48724,0,0,0,0,0
48732,0,0,0,0,0
48746,0,0,0,0,0
48808,0,0,0,0,0
48813,0,0,0,0,0
48820,0,0,0,0,0
48821,5,5,5,5,5
48822,0,0,0,0,0
48823,0,0,0,0,0
48827,0,0,0,0,0
48837,0,0,0,0,0
48840,0,0,0,0,0
48842,0,0,0,0,13
48843,0,0,0,0,0
48848,0,0,0,0,0
48854,0,0,0,0,0
48855,0,0,0,0,0
48864,0,0,0,0,0
48876,0,0,1,1,1
48895,0,0,0,0,0
48906,0,0,0,0,0
48910,0,0,0,0,0
48911,0,11,42,95,106
48912,0,0,0,0,0
48915,0,0,0,0,0
48917,0,0,10,39,49
48933,0,0,0,0,0
49001,0,0,0,0,0
49002,0,0,0,9,13
49004,0,0,0,0,13
49006,0,0,0,0,4
49007,0,0,0,0,0
49008,0,15,25,28,34
49009,0,0,21,50,57
49010,0,0,0,0,0
49012,0,0,0,0,0
49014,0,0,0,0,0
49015,0,0,0,0,0
49017,0,0,0,0,0
49024,0,0,0,0,0
49033,0,0,0,0,0
49034,0,0,0,0,0
49037,0,0,0,0,0
49048,0,0,0,0,0
49051,0,0,0,0,0
49053,0,0,0,1,1
49083,0,0,0,0,0
49087,0,0,0,0,0
49088,0,0,0,0,0
49107,0,0,0,0,0
49112,0,0,0,0,0
49117,0,0,0,0,0
49120,0,0,0,0,21
49201,0,0,0,0,0
49202,0,0,0,0,12
49203,0,0,0,0,0
49221,0,0,0,0,0
49228,0,0,0,0,0
49254,0,1,2,2,2
49267,0,7,12,12,12
49270,0,0,0,0,0
49276,0,0,0,0,0
49277,0,0,0,0,0
49286,0,0,0,0,0
49301,0,0,5,14,23
49302,1,2,2,2,2
49306,0,0,0,0,0
49315,25,25,25,25,25
49316,0,0,0,0,0
49321,0,0,0,0,0
49331,0,0,0,0,0
49341,0,0,0,0,0
49345,0,0,0,0,0
49401,0,0,0,0,1
49403,0,0,0,0,0
49404,0,0,0,0,0
49406,0,0,0,0,0
49408,1,1,1,1,1
49415,0,0,0,0,0
49418,35,35,43,43,52
49419,0,0,0,0,0
49423,0,0,0,0,0
49424,0,0,0,0,0
49426,0,0,0,0,0
49428,0,0,0,8,32
49435,0,0,0,0,0
49440,0,0,0,0,0
49441,10,31,41,51,82
49442,0,0,0,7,50
49444,0,0,0,0,7
49445,0,0,0,0,0
49453,0,0,0,0,0
49456,0,0,0,0,0
49457,0,0,0,0,0
49460,0,0,0,0,0
49464,0,0,0,0,0
49503,0,0,53,68,98
49504,0,0,0,0,0
49505,34,51,59,68,93
49506,0,0,0,0,8
49507,0,0,0,23,62
49508,0,0,0,0,0
49509,0,0,0,0,19
49512,24,28,28,32,44
49519,0,0,0,0,6
49525,0,0,0,0,0
49534,0,0,0,0,0
49544,0,0,0,0,6
49546,0,0,0,8,23
49548,0,0,16,24,48
49621,0,0,0,0,0
49637,0,0,0,0,0
49649,0,0,0,0,0
49684,0,0,0,0,0
49685,4,4,6,8,14
49686,0,0,0,0,0
49690,0,0,0,0,0
49696,0,0,0,0,0
55001,0,0,0,11,49
55003,0,0,1,1,12
55009,0,0,0,0,0
55011,0,0,0,0,10
55014,0,0,0,0,211
55016,0,0,0,20,376
55020,0,0,0,1,2
55024,0,0,0,0,135
55025,0,0,8,44,101
55031,0,0,0,1,15
55033,0,0,62,107,312
55038,0,0,0,22,206
55042,0,0,0,24,212
55043,0,0,0,4,11
55044,0,0,0,14,750
55055,0,2,5,8,19
55068,0,0,0,155,484
55071,0,0,0,13,36
55075,0,0,5,61,117
55076,0,0,25,45,140
55077,0,0,0,12,160
55082,0,0,40,80,441
55085,0,0,0,0,3
55089,0,0,0,0,0
55090,0,0,0,1,1
55092,0,0,0,4,39
55101,0,0,0,1,8
55102,0,0,0,0,58
55103,0,0,22,51,75
55104,0,0,0,118,292
55105,0,0,0,64,323
55106,0,0,0,36,189
55107,0,0,0,29,89
55108,0,0,0,2,42
55109,0,48,69,110,131
55110,0,0,0,163,326
55112,24,31,47,79,220
55113,0,0,61,131,277
55114,0,0,6,13,23
55115,0,2,4,4,107
55116,0,0,0,14,197
55117,0,0,76,122,237
55118,0,0,0,24,156
55119,0,0,0,16,203
55120,0,0,3,5,77
55121,0,0,4,14,50
55122,0,0,55,110,315
55123,0,0,0,112,404
55124,0,0,27,133,571
55125,0,0,0,66,417
55126,6,12,30,61,249
55127,0,0,0,4,220
55128,0,0,0,40,216
55129,0,0,6,12,325
55130,0,0,9,58,97
55150,0,0,0,0,1
55301,0,0,3,16,92
55303,0,0,0,0,136
55304,0,15,15,46,197
55305,0,11,17,34,125
55306,0,0,6,6,61
55309,0,0,0,1,3
55311,0,0,13,33,384
55313,0,0,0,0,1
55315,0,2,3,6,61
55316,0,0,6,31,208
55317,0,0,5,32,319
55318,0,0,0,0,239
55322,0,0,0,0,0
55327,0,2,3,12,89
55330,0,0,19,39,183
55331,0,0,8,17,305
55337,0,0,54,127,272
55340,0,0,5,52,223
55341,0,0,0,7,55
55343,0,0,0,4,46
55344,0,0,0,22,63
55345,0,0,0,0,221
55346,0,8,17,74,293
55347,0,9,26,141,686
55352,0,0,7,32,140
55356,0,15,39,49,196
55357,0,0,0,16,85
55359,0,0,0,0,76
55362,0,0,1,4,8
55364,0,0,0,17,148
55369,0,0,0,0,242
55372,0,0,0,0,541
55373,0,0,0,0,2
55374,0,5,23,42,195
55376,0,0,0,39,144
55378,43,43,43,60,552
55379,0,0,0,0,308
55384,0,0,1,3,3
55386,0,0,0,4,145
55387,0,0,0,0,4
55391,0,0,0,14,244
55401,0,0,0,2,16
55402,0,0,0,1,1
55403,0,3,13,19,40
55404,0,0,14,52,88
55405,0,0,14,41,86
55406,0,0,35,84,266
55407,0,0,40,113,285
55408,0,0,0,30,128
55409,0,0,14,19,72
55410,0,0,18,53,320
55411,0,0,47,98,238
55412,0,0,28,99,155
55413,0,0,10,26,64
55414,0,0,16,53,118
55415,0,0,1,3,8
55416,0,0,13,80,247
55417,0,0,0,49,215
55418,0,20,53,119,332
55419,0,0,0,96,353
55420,0,0,13,62,115
55421,0,0,0,20,129
55422,0,16,48,74,196
55423,0,0,5,27,132
55424,0,0,4,52,213
55425,0,0,5,23,48
55426,0,0,12,52,152
55427,0,0,9,22,131
55428,0,26,41,51,128
55429,0,0,0,48,101
55430,0,21,41,66,120
55431,12,12,12,49,147
55432,12,31,50,56,149
55433,0,0,16,32,95
55434,0,0,39,72,117
55435,0,2,21,69,96
55436,0,0,0,0,185
55437,0,0,0,10,110
55438,0,0,25,87,228
55439,0,0,4,14,141
55441,0,0,0,7,111
55442,0,0,16,29,156
55443,0,0,0,0,208
55444,0,0,11,31,123
55445,0,3,6,22,108
55446,0,0,12,41,432
55447,0,0,4,18,215
55448,0,7,14,28,174
55449,0,16,32,32,431
55454,0,0,1,5,9
55802,0,0,0,20,45
55803,0,0,0,22,43
55804,0,0,0,0,57
55805,0,0,9,18,39
55806,0,0,0,15,46
55807,0,0,0,16,71
55808,0,0,7,19,43
55810,0,0,0,0,10
55811,0,0,0,0,77
55812,0,0,0,15,42
55901,0,0,0,0,288
55902,0,0,0,0,125
55904,0,0,0,0,65
55906,0,0,30,50,181
55920,0,0,0,0,4
55925,0,0,0,0,1
55934,0,0,0,0,0
55947,0,0,0,9,24
55960,0,0,0,0,3
56001,0,0,0,59,217
56003,3,21,35,56,125
56011,0,0,0,0,1
56301,0,0,0,61,196
56303,0,21,34,103,186
56304,0,0,4,31,61
56310,0,0,0,0,0
56320,0,0,0,0,0
56374,0,0,0,13,105
56377,0,4,20,72,141
56379,0,0,0,12,17
56387,0,0,6,15,26
56401,0,0,0,0,8
56425,0,0,0,0,9
56465,0,0,0,0,0
56468,0,0,0,0,0
56529,0,1,4,7,42
56547,0,0,0,0,0
56560,0,42,147,252,473
56580,0,0,0,0,0
56721,0,0,0,33,60
63005,0,0,481,1234,4408
63010,0,0,161,322,10439
63011,0,0,673,1485,11651
63017,0,13,879,2170,11901
63021,0,0,548,1679,16503
63026,0,0,448,1113,13764
63031,0,36,342,575,17384
63033,0,58,162,381,11191
63034,0,0,134,434,6056
63038,0,0,80,193,895
63040,0,0,113,305,2332
63042,0,43,122,171,5933
63043,0,0,142,372,7596
63044,0,0,103,313,4059
63049,0,11,66,160,2516
63052,0,0,29,54,1084
63074,0,0,77,171,5358
63088,0,0,92,204,2561
63101,0,0,9,16,159
63102,0,0,17,27,363
63103,0,1,45,72,768
63104,0,37,187,361,4286
63105,0,0,214,597,2534
63106,0,0,101,204,1626
63107,0,0,128,193,3243
63108,0,0,117,331,2499
63109,0,28,198,519,9085
63110,0,0,109,405,5158
63111,0,35,225,439,5439
63112,0,0,175,412,4053
63113,0,0,125,285,3659
63114,0,58,262,408,14249
63115,0,28,403,751,6387
63116,0,14,346,760,13198
63117,0,0,175,398,2731
63118,0,44,348,548,6974
63119,0,0,453,1107,9738
63120,0,52,148,297,3021
63121,0,46,237,465,7326
63122,0,73,916,1933,13182
63123,0,0,319,671,16263
63124,0,11,356,911,3252
63125,0,0,143,326,9915
63126,0,6,171,545,5960
63127,0,0,77,345,1937
63128,0,10,345,941,9839
63129,0,0,376,1226,15664
63130,0,15,381,941,6935
63131,0,0,546,1783,5635
63132,0,10,204,497,4916
63133,0,0,75,143,2152
63134,0,0,114,217,5276
63135,0,11,111,239,5150
63136,0,81,348,546,11125
63137,0,47,219,371,4963
63138,0,0,141,229,4247
63139,0,0,116,349,8017
63140,0,0,7,13,152
63141,0,0,371,1141,6222
63143,0,0,49,115,2385
63144,0,0,110,296,2962
63146,0,18,231,630,8383
63147,0,16,202,330,3652
63301,0,0,362,856,15977
63303,0,0,383,1297,13926
63304,0,14,415,1258,13038
63341,0,0,1,2,12
63366,0,0,167,707,12450
63367,0,0,136,374,2969
63368,0,0,348,1245,12720
63376,0,96,699,1398,23212
63385,0,0,4,8,88
63386,0,0,1,2,55
63701,0,0,160,464,8086
63703,0,0,82,121,2712
63780,0,6,51,84,1121
64012,0,50,231,2372,7081
64014,0,0,211,1884,6430
64015,0,9,311,2729,8984
64016,0,1,2,28,91
64029,0,12,49,322,1038
64030,0,89,273,1606,5792
64034,0,7,109,236,2363
64050,0,67,180,1570,5035
64052,0,57,167,1214,4683
64053,0,0,22,273,1067
64054,0,14,36,247,882
64055,0,69,137,2424,8507
64056,0,44,175,1182,3884
64057,0,0,89,188,3467
64058,0,11,18,415,1513
64060,0,0,0,0,1
64063,0,0,131,327,5326
64064,6,100,457,2037,5519
64068,6,56,231,1789,6100
64079,0,0,0,0,4
64080,0,5,58,122,2489
64081,0,0,438,2391,7152
64082,0,0,342,1670,4733
64083,0,46,424,2665,7485
64086,0,6,336,2019,6233
64105,0,4,15,104,337
64106,0,11,72,287,860
64108,0,45,157,712,2147
64109,0,92,242,949,2765
64110,0,5,245,1552,4750
64111,0,0,158,1138,3501
64112,0,13,150,516,1362
64113,0,11,561,1556,3429
64114,0,0,168,1737,5916
64116,0,36,161,1372,5083
64117,0,47,137,736,2515
64118,0,47,226,2228,9241
64119,0,0,260,1941,7316
64120,0,0,0,176,720
64123,0,31,106,672,2513
64124,0,33,111,691,2519
64125,0,10,32,164,525
64126,0,24,96,430,1357
64127,0,120,397,1556,4577
64128,0,84,236,1158,3884
64129,0,24,95,579,1983
64130,0,44,250,2120,7205
64131,0,6,160,1681,5850
64132,0,65,184,1133,3758
64133,0,40,224,2248,7831
64134,0,67,131,1140,3881
64136,0,5,28,149,504
64137,0,19,49,563,2111
64138,0,74,186,1492,5213
64139,0,0,21,176,568
64145,0,8,88,605,1859
64146,0,0,10,127,492
64147,0,4,22,35,95
64149,0,0,8,58,244
64150,0,7,43,184,663
64151,0,60,319,1656,6463
64152,0,13,555,1984,6027
64153,0,5,42,364,1669
64154,0,0,125,771,2686
64155,0,13,227,1859,6495
64156,0,4,91,556,1732
64157,6,12,467,2128,5929
64158,3,11,87,413,1297
64161,0,6,18,117,378
64163,0,0,1,3,173
64164,0,0,5,10,64
64165,0,0,0,0,54
64167,0,0,10,28,100
64421,0,0,1,2,12
64436,0,0,0,1,27
64501,0,46,149,294,3687
64503,0,10,170,316,4718
64504,0,8,131,253,3953
64505,0,21,113,263,5030
64506,0,35,191,565,6790
64507,0,21,124,291,4155
64801,169,384,691,14420,15111
64804,0,304,713,12420,12948
64834,0,88,180,2982,3098
64835,1,2,3,988,1017
64836,0,166,290,5568,5828
64840,0,0,0,6,6
64841,0,2,4,68,70
64855,0,5,9,357,376
64870,36,102,275,5658,5885
65039,0,0,0,1,4
65043,0,0,19,31,1045
65053,0,0,0,0,27
65101,0,0,123,274,4577
65109,0,7,179,328,7210
65201,0,91,640,1006,9519
65202,0,14,303,706,14011
65203,0,0,462,1828,17486
65255,0,0,1,2,79
65611,0,1,1,2,56
65616,10,127,254,4561,4811
65619,3,9,123,2925,3128
65631,0,1,7,103,112
65672,0,59,131,1952,2009
65679,0,0,0,2,2
65714,9,191,399,8023,8527
65721,0,95,361,6415,6721
65738,0,0,0,1,1
65739,0,2,7,11,169
65742,0,8,40,702,752
65753,0,1,2,37,39
65757,0,0,1,2,71
65781,0,2,6,94,100
65802,0,249,693,16514,17508
65803,0,490,914,15169,16083
65804,0,0,422,1056,14661
65806,0,27,180,345,2874
65807,0,0,471,905,18474
65809,0,9,289,544,4046
65810,0,0,240,671,7966
38637,0,0,0,0,0
38641,0,0,0,0,0
38654,0,0,0,0,0
38655,0,0,0,0,0
38671,0,0,0,0,0
38672,0,0,0,0,0
38680,0,0,0,0,0
38801,0,0,0,0,0
38804,0,0,0,0,0
38826,0,0,0,0,0
38862,0,0,0,0,0
38863,0,0,0,0,0
38866,0,0,0,0,0
38868,0,0,0,0,0
39041,0,0,0,0,0
39042,0,0,0,0,0
39046,0,0,0,0,0
39047,0,0,0,0,0
39056,0,0,0,0,0
39071,0,0,0,0,0
39073,0,0,0,0,0
39110,0,0,0,0,0
39154,0,0,0,0,0
39157,0,0,0,0,0
39170,0,0,0,0,0
39201,0,0,0,0,0
39202,0,0,0,0,0
39203,0,0,0,0,0
39204,0,0,0,0,0
39206,0,0,0,0,0
39208,0,0,0,0,0
39209,0,0,0,0,0
39211,0,0,0,0,0
39212,0,0,0,0,0
39213,0,0,0,0,0
39216,0,0,0,0,0
39218,0,0,0,0,0
39232,0,0,0,0,0
39272,0,0,0,0,0
39301,0,0,0,0,0
39305,0,0,0,0,0
39307,0,0,0,0,0
39342,0,0,0,0,0
39401,0,0,0,0,0
39402,0,0,0,0,0
39437,0,0,0,0,0
39440,0,0,0,0,0
39443,0,0,0,0,0
39452,0,0,0,0,0
39465,0,0,0,0,0
39475,0,0,0,0,0
39501,0,0,0,0,0
39503,0,0,0,0,0
39507,0,0,0,0,0
39520,0,0,0,0,0
39525,0,0,0,0,0
39530,0,0,0,0,0
39531,0,0,0,0,0
39532,0,0,0,0,0
39540,0,0,0,0,0
39553,0,0,0,0,0
39556,0,0,0,0,0
39560,0,0,0,0,0
39562,0,0,0,0,0
39563,0,0,0,0,0
39564,0,0,0,0,0
39565,0,0,0,0,0
39567,0,0,0,0,0
39571,0,0,0,0,0
39574,0,0,0,0,0
39576,0,0,0,0,0
39581,0,0,0,0,0
59030,8,10,11,15,177
59101,306,482,541,987,7673
59102,475,659,766,1471,10049
59105,146,273,321,701,6339
59106,236,420,546,795,2744
59401,142,181,223,319,1910
59404,153,289,392,485,4214
59405,170,289,389,549,4920
59411,0,1,1,1,1
59417,2,4,5,6,8
59714,31,91,134,165,1368
59715,163,387,578,734,3350
59718,193,362,493,686,3682
59741,0,0,1,1,4
59801,176,319,447,535,3327
59802,70,140,218,305,1788
59803,57,192,297,397,2040
59804,61,119,166,196,1156
59808,48,163,230,341,2007
59901,70,221,360,523,616
59912,1,3,6,12,16
59936,0,0,0,0,0
59937,2,8,16,22,28
27006,0,0,0,0,0
27009,0,0,0,1,7
27012,0,0,0,0,0
27019,0,0,0,0,0
27023,0,0,0,2,9
27040,0,0,3,17,60
27045,0,0,0,2,4
27050,0,0,0,0,1
27051,0,0,0,0,17
27052,0,0,0,0,0
27101,0,0,11,113,170
27103,0,0,0,74,147
27104,0,0,0,35,112
27105,0,0,77,347,591
27106,0,0,0,184,227
27107,0,0,0,112,323
27127,0,0,0,95,213
27201,0,0,0,0,0
27214,0,0,0,0,6
27215,0,0,0,0,96
27217,0,0,0,82,136
27233,0,0,0,0,2
27235,0,0,0,5,24
27244,0,0,0,7,23
27249,0,0,0,19,28
27253,0,0,0,0,73
27258,0,0,0,15,29
27260,0,0,0,154,323
27262,0,0,0,0,115
27263,0,0,28,71,92
27265,0,0,0,32,111
27278,0,0,0,0,0
27282,0,0,0,20,111
27284,0,0,0,110,166
27292,0,0,0,44,105
27295,0,0,0,10,33
27299,0,0,0,0,4
27301,0,3,4,6,10
27302,0,2,3,6,11
27305,0,0,0,0,0
27310,0,3,3,10,18
27311,0,0,0,0,0
27313,0,0,0,0,12
27315,0,0,0,0,0
27317,0,3,5,12,19
27357,0,0,0,0,1
27358,0,0,0,0,36
27360,0,0,0,0,24
27370,0,0,1,3,3
27376,0,1,3,4,8
27377,0,0,0,2,3
27401,0,0,0,5,65
27403,0,0,0,27,64
27405,0,0,0,71,357
27406,0,0,35,248,461
27407,0,0,0,112,237
27408,0,0,0,33,51
27409,0,0,24,57,62
27410,0,0,0,0,244
27455,0,0,7,34,95
27502,0,20,69,304,637
27504,0,9,22,30,45
27510,0,0,0,16,35
27511,0,25,37,50,268
27513,0,0,10,133,486
27514,0,0,0,51,81
27516,0,0,53,226,405
27517,26,48,48,70,353
27518,0,0,16,58,351
27519,0,0,0,264,739
27520,0,7,44,81,236
27521,0,0,1,1,2
27523,8,13,15,41,153
27526,23,41,58,64,221
27527,0,0,1,16,35
27529,0,0,0,44,285
27530,0,0,47,114,168
27534,0,24,78,120,168
27539,0,39,45,77,411
27540,0,0,20,119,487
27545,34,54,82,143,225
27560,0,0,8,47,55
27562,0,0,0,3,17
27587,14,17,24,51,169
27591,0,0,0,2,11
27592,0,8,11,19,46
27596,0,0,0,0,1
27601,0,0,0,6,66
27603,0,0,0,153,460
27604,0,0,0,115,376
27605,0,0,4,17,47
27606,0,0,51,125,301
27607,0,0,21,101,260
27608,0,0,0,6,205
27609,0,0,10,41,173
27610,0,96,208,369,561
27612,0,7,20,98,341
27613,0,0,9,26,483
27614,0,43,78,374,783
27615,0,0,0,16,360
27616,0,0,40,101,242
27617,0,10,15,70,211
27701,0,0,31,51,133
27703,0,0,41,68,135
27704,0,71,97,124,176
27705,0,0,21,93,272
27707,0,0,0,97,137
27712,0,10,37,47,159
27713,0,0,0,58,93
27801,0,31,112,148,204
27803,0,0,20,86,165
27804,0,0,65,195,324
27809,1,3,3,5,10
27812,0,0,0,0,0
27822,0,0,8,21,36
27828,0,0,0,0,0
27834,0,0,68,212,382
27837,0,0,2,3,6
27851,0,0,0,1,1
27856,0,0,0,0,0
27858,0,11,112,280,482
27863,0,0,0,2,3
27878,0,0,0,1,2
27884,0,0,0,0,0
27893,38,246,387,501,567
27896,0,33,62,85,166
28012,0,0,0,7,105
28016,0,0,0,0,19
28023,0,0,0,2,4
28025,0,0,24,122,268
28027,0,0,0,70,140
28031,0,0,0,28,75
28032,0,0,0,12,39
28033,0,0,0,0,1
28034,0,0,0,31,47
28036,0,0,0,0,2
28037,0,6,10,15,54
28052,0,0,0,90,171
28054,0,0,0,94,189
28056,0,0,0,24,48
28072,0,0,0,0,0
28073,0,0,0,3,5
28075,0,0,0,0,121
28078,0,0,0,0,347
28079,0,0,0,0,147
28080,0,0,0,0,2
28086,0,0,0,9,54
28092,0,0,10,41,83
28098,0,0,0,0,4
28101,0,0,0,0,0
28104,0,0,20,30,160
28105,0,0,0,33,66
28107,0,0,0,0,1
28110,0,0,0,56,253
28112,0,0,24,63,120
28115,0,0,47,103,141
28117,0,0,0,11,57
28120,0,0,6,58,142
28125,0,0,0,0,0
28134,0,0,0,15,29
28138,0,0,0,1,1
28144,0,0,0,0,99
28146,0,0,0,0,22
28147,0,0,0,0,23
28150,0,0,3,38,89
28152,0,0,3,49,84
28159,0,0,2,13,31
28164,0,0,0,2,4
28166,0,0,0,1,2
28168,0,0,0,0,0
28173,0,0,0,0,240
28202,0,0,1,9,15
28203,0,0,0,0,15
28204,0,0,0,2,17
28205,0,0,0,39,100
28206,0,0,0,9,32
28207,0,0,0,3,43
28208,0,0,62,117,164
28209,0,0,0,0,12
28210,0,0,0,10,176
28211,0,0,0,18,168
28212,0,0,17,68,84
28213,0,0,75,130,233
28214,0,0,25,37,112
28215,0,0,50,124,173
28216,0,0,0,0,193
28217,0,0,0,50,101
28226,0,0,0,10,323
28227,0,0,0,39,131
28262,0,0,0,91,205
28269,0,0,0,144,310
28270,0,0,0,8,156
28273,0,0,0,19,58
28277,0,0,18,92,333
28278,0,0,16,41,90
28301,0,0,72,261,377
28303,0,69,173,276,389
28304,0,0,24,132,263
28305,0,18,34,56,99
28306,0,27,136,272,462
28307,0,0,13,30,47
28311,0,63,179,260,440
28312,0,29,80,120,252
28314,0,92,144,184,341
28315,0,18,25,34,51
28326,0,0,0,0,0
28327,0,0,0,6,16
28333,0,0,1,4,7
28334,9,33,61,103,164
28339,0,0,3,37,69
28348,0,0,92,161,287
28358,0,50,115,222,308
28360,0,9,20,28,35
28371,6,31,53,65,84
28372,0,0,0,0,0
28373,0,0,1,1,1
28374,0,0,8,25,123
28376,0,0,15,32,43
28387,0,0,0,7,51
28390,0,0,33,55,76
28391,0,0,1,1,2
28394,0,0,0,0,0
28395,0,0,0,1,2
28401,0,114,236,305,404
28403,8,135,228,304,516
28405,0,20,90,200,441
28409,0,0,44,88,498
28411,0,0,24,85,328
28412,0,0,0,146,348
28420,0,0,0,0,0
28422,0,3,9,17,26
28428,0,21,49,76,184
28429,0,0,7,13,27
28449,0,0,0,22,76
28451,0,1,2,3,4
28460,0,0,0,0,0
28461,0,0,17,50,88
28462,18,85,116,129,192
28465,0,5,37,166,267
28467,0,0,17,52,79
28468,0,17,36,62,147
28469,0,0,0,47,118
28470,0,0,23,50,83
28479,0,0,0,0,1
28480,0,0,0,8,118
28513,0,0,0,1,1
28539,0,0,1,2,3
28540,0,0,64,179,268
28543,0,0,0,3,5
28544,0,0,3,6,17
28546,0,0,0,180,321
28547,0,0,15,25,42
28555,0,0,0,0,0
28590,0,13,38,70,152
28601,0,0,0,70,106
28602,0,0,0,51,113
28610,0,0,0,6,10
28612,0,0,0,0,15
28613,0,0,0,11,56
28619,0,0,0,0,1
28625,0,0,4,16,48
28630,0,0,0,17,34
28637,0,0,8,11,16
28638,0,0,5,19,33
28645,0,0,0,11,71
28650,0,0,0,0,16
28655,0,0,0,0,46
28658,0,0,0,0,16
28677,0,0,28,55,117
28681,0,0,0,0,2
28690,0,0,8,15,32
28701,0,1,4,13,24
28715,0,0,16,35,73
28730,0,0,1,2,9
28748,0,0,0,2,4
28778,0,0,0,3,7
28787,0,0,0,31,66
28801,0,0,33,124,233
28803,0,26,48,83,206
28804,0,6,24,67,219
28805,0,0,5,46,127
28806,0,0,12,47,246
58042,0,0,0,0,0
58047,0,0,0,0,0
58078,0,0,0,0,0
58102,0,0,0,0,0
58103,0,0,0,0,0
58104,0,0,0,0,0
58201,0,0,0,0,0
58202,0,0,0,0,0
58203,0,0,0,0,0
58501,0,0,0,0,0
58503,0,0,0,0,0
58504,0,0,0,0,0
58554,0,0,0,0,0
68005,0,0,0,23,38
68007,0,0,0,3,7
68010,0,0,0,0,0
68022,0,0,0,7,7
68028,0,0,0,0,0
68030,0,0,0,0,0
68046,16,16,16,40,48
68059,0,0,0,0,0
68064,0,0,0,0,0
68069,0,0,0,3,4
68102,0,0,0,0,3
68104,0,0,0,0,0
68105,0,0,0,0,0
68106,0,0,5,16,32
68107,0,0,0,0,0
68108,0,0,0,0,0
68110,0,0,0,0,6
68111,0,0,0,0,0
68112,0,0,0,0,0
68113,0,0,0,0,0
68114,0,0,0,0,0
68116,0,0,0,0,0
68117,0,0,0,0,0
68118,0,0,0,0,0
68122,0,0,0,0,0
68123,0,0,0,0,0
68124,0,0,0,0,11
68127,0,0,5,27,37
68128,0,0,0,0,0
68130,0,0,0,0,0
68131,0,0,0,0,0
68132,0,0,0,6,14
68133,0,0,0,0,0
68134,0,0,0,0,0
68135,0,0,0,0,0
68136,0,0,0,6,6
68137,0,0,0,0,0
68138,0,0,0,0,0
68142,0,0,0,0,0
68144,0,0,0,0,0
68147,0,0,0,0,0
68152,0,0,0,0,0
68154,0,0,0,0,0
68157,0,0,0,0,0
68164,0,0,0,0,0
68317,0,0,0,0,0
68336,0,0,0,0,0
68339,0,0,0,0,0
68430,0,0,0,0,0
68462,0,0,0,0,0
68502,0,0,0,0,0
68503,0,0,0,0,0
68504,0,0,0,0,19
68505,0,0,0,0,0
68506,0,0,0,0,0
68507,0,0,0,0,0
68508,0,0,3,22,29
68510,0,0,0,0,0
68512,0,0,16,24,28
68514,0,0,0,0,0
68516,0,0,0,0,14
68517,0,0,0,0,0
68520,0,0,0,0,1
68521,0,0,0,29,29
68522,0,0,0,0,0
68523,0,0,0,0,0
68524,0,0,0,0,0
68526,0,0,0,0,2
68527,0,0,0,0,0
68528,0,0,0,0,0
68531,0,0,0,0,0
68731,0,0,0,0,1
68776,0,0,0,0,0
3032,0,72,1138,1283,1301
3034,0,3,109,120,121
3036,0,9,124,143,146
3038,0,217,4571,5109,5155
3045,0,196,2958,3392,3444
3046,0,7,84,99,101
3049,0,13,120,144,148
3051,0,253,3807,4421,4511
3052,0,48,753,875,890
3053,0,274,3327,3890,3961
3054,0,182,3316,3910,3962
3060,0,237,4856,5568,5641
3062,0,249,4430,5136,5209
3063,0,151,2377,2751,2790
3064,0,143,2631,3008,3041
3076,7,174,2002,2364,2417
3079,16,282,4543,5251,5315
3087,0,22,198,234,239
3101,0,44,389,460,471
3102,0,150,5003,5741,5770
3103,0,176,6980,7958,8006
3104,0,310,6596,7475,7565
3106,0,259,3334,3797,3863
3109,9,101,2541,2933,2972
3110,0,236,2809,3411,3477
3224,0,0,5,6,6
3229,0,2,31,36,37
3234,0,1,19,22,22
3258,0,1,48,56,56
3275,0,83,2294,2574,2598
3301,0,224,5728,6545,6584
3303,0,46,1296,1424,1439
3304,2,83,898,1048,1075
3307,0,3,145,163,164
3801,0,250,3474,3965,4025
3820,0,205,3960,4414,4463
3823,0,6,40,48,49
3824,0,54,535,611,625
3833,0,4,57,64,65
3840,0,30,371,423,432
3854,0,32,234,286,294
3856,0,21,155,187,193
3857,0,36,780,866,872
3861,0,0,3,3,3
3862,0,16,158,183,186
3865,0,0,4,4,4
3867,0,0,4,4,4
3868,0,1,22,24,24
3869,0,14,269,296,299
3870,0,71,465,538,561
3878,0,43,1771,1949,1955
3885,2,38,358,416,426
7001,9,134,234,2717,2794
7002,44,460,1008,10503,10755
7003,28,563,957,8910,9098
7004,0,43,373,835,2605
7005,0,41,278,706,2522
7006,0,43,666,1546,4879
7008,0,192,466,5252,5394
7009,27,320,577,2698,2838
7010,15,185,343,2864,2958
7011,63,296,452,6829,6956
7012,21,113,288,2832,2904
7013,7,500,1021,6803,7127
7014,1,76,160,1210,1249
7016,0,61,616,1577,4660
7017,35,155,264,3403,3467
7018,57,211,317,2688,2763
7020,7,109,220,864,919
7021,0,63,129,308,338
7022,32,117,227,2049,2116
7023,0,149,335,1308,1396
7024,7,246,466,3310,3508
7026,12,238,536,5699,5806
7027,0,42,99,1081,1102
7028,9,237,481,1229,1364
7029,24,138,244,2300,2346
7030,22,381,740,2769,2975
7031,19,157,333,3564,3650
7032,35,273,526,6753,6872
7033,0,9,166,565,2274
7034,0,9,91,302,1659
7035,0,5,43,183,922
7036,0,341,662,9734,9844
7039,0,13,1036,2411,5688
7040,0,0,712,1478,3974
7041,0,0,254,543,1257
7042,30,429,883,3743,3989
7043,0,360,726,2076,2299
7044,37,368,626,2514,2661
7045,0,2,290,709,2000
7046,0,3,111,210,424
7047,101,433,750,7360,7522
7050,85,215,351,3247,3318
7052,0,81,980,2446,8319
7054,0,50,575,1261,5183
7055,50,214,403,6108,6240
7057,17,114,205,2391,2423
7058,0,11,115,336,1137
7059,0,97,635,1306,3132
7060,75,237,399,5197,5257
7062,23,92,190,2051,2091
7063,6,71,141,1879,1932
7064,0,54,119,1297,1331
7065,17,213,449,5415,5522
7066,16,241,536,3851,3961
7067,10,324,766,4780,4934
7068,0,0,154,414,1305
7069,0,3,148,322,935
7070,11,286,580,3445,3618
7071,20,245,577,4814,4952
7072,4,133,291,1868,1943
7073,12,112,245,1808,1864
7074,0,45,85,878,900
7075,16,197,381,2057,2164
7076,0,5,705,1854,4474
7077,3,49,90,767,786
7078,0,8,717,1291,2243
7079,11,19,428,870,2385
7080,38,369,845,5859,6060
7081,0,35,364,1061,3184
7082,0,2,64,137,405
7083,26,116,990,3009,12124
7086,15,158,312,1488,1552
7087,58,279,448,5584,5736
7088,0,11,34,157,687
7090,0,114,1104,2423,5526
7092,0,27,308,607,1498
7093,64,266,482,4701,4843
7094,27,333,625,3065,3242
7095,28,182,369,3868,3965
7102,36,81,132,864,893
7103,52,213,393,3805,3930
7104,11,282,487,5160,5263
7105,50,205,336,6047,6147
7106,133,224,341,3788,3854
7107,61,201,345,4222,4314
7108,87,235,458,2820,2920
7109,0,278,620,6786,6993
7110,0,457,928,5959,6229
7111,53,298,634,7343,7503
7112,47,212,325,3531,3589
7114,4,107,228,1980,2047
7201,12,121,226,3907,3984
7202,64,201,308,4770,4809
7203,29,137,264,3493,3540
7204,0,132,244,2326,2367
7205,23,210,458,4476,4583
7206,73,143,264,3579,3609
7208,25,102,204,3545,3600
7302,13,326,649,2297,2468
7304,70,318,700,5120,5217
7305,47,436,1023,8954,9286
7306,110,252,546,4959,5137
7307,43,329,615,5752,5947
7310,2,24,44,132,144
7401,19,161,345,1134,1196
7407,32,227,455,4451,4539
7410,0,815,1673,7507,7945
7417,5,393,757,2169,2369
7423,0,134,300,747,835
7424,23,287,675,5324,5482
7430,18,382,677,4040,4255
7432,9,155,294,1404,1486
7436,0,19,322,825,2485
7440,0,0,66,167,610
7442,0,4,40,170,599
7444,0,4,55,126,466
7446,0,332,587,2438,2599
7450,38,704,1380,4088,4442
7452,21,363,758,2265,2417
7458,14,446,824,2275,2503
7463,10,192,396,1827,1926
7470,0,113,1303,3523,10355
7481,11,418,920,3105,3310
7501,81,221,404,3348,3418
7502,0,101,227,2560,2608
7503,58,130,225,2792,2852
7504,17,105,208,1648,1697
7505,8,32,68,443,459
7506,0,242,528,4223,4339
7508,34,387,629,4513,4673
7512,22,244,488,3340,3473
7513,0,36,91,1474,1494
7514,26,71,125,2112,2134
7522,30,127,208,2449,2489
7524,25,111,185,1826,1866
7601,0,164,410,5254,5380
7603,2,82,153,1624,1657
7604,0,172,412,2767,2859
7605,14,145,279,1405,1464
7606,3,31,63,657,669
7607,16,148,275,2169,2236
7620,3,38,68,192,204
7621,21,311,638,4865,5021
7624,0,258,550,1867,2017
7626,0,168,370,1550,1622
7627,0,121,241,898,966
7628,0,214,421,3434,3581
7630,0,163,323,1634,1734
7631,46,308,674,3825,3975
7632,0,272,554,1513,1650
7640,0,99,224,864,919
7641,0,85,173,480,519
7642,16,207,470,1787,1921
7643,15,108,183,1988,2027
7644,47,252,583,4401,4536
7645,0,154,389,1382,1491
7646,6,205,416,2903,3054
7647,0,101,213,1212,1263
7648,2,125,256,1081,1120
7649,11,266,533,1624,1754
7650,13,145,295,2439,2519
7652,0,493,1050,6433,6806
7656,0,179,350,1487,1571
7657,0,132,270,2096,2181
7660,0,95,234,2134,2192
7661,5,253,516,2150,2278
7662,28,110,253,1455,1518
7663,36,268,545,3684,3876
7666,27,565,1206,6144,6525
7670,17,348,666,2117,2319
7675,0,629,1274,4872,5186
7676,3,153,346,1509,1598
7677,5,184,358,981,1079
7701,10,42,554,1763,4844
7702,2,7,176,402,1026
7704,0,8,302,709,1385
7711,0,5,96,265,613
7712,45,119,675,2427,7043
7716,0,22,179,584,1729
7717,0,9,92,334,915
7718,0,16,172,647,1652
7719,0,108,672,2123,5919
7720,0,16,85,416,1436
7721,0,2,31,190,636
7722,0,14,140,339,754
7723,0,28,132,321,896
7724,29,53,365,1571,4531
7726,0,124,1191,3392,8690
7727,0,38,190,593,1710
7728,0,69,932,3692,10753
7730,0,88,399,1533,4629
7731,0,36,768,2910,8550
7732,0,0,115,404,1203
7733,0,12,635,1686,3704
7734,0,38,180,853,2835
7735,0,64,339,1563,5070
7737,0,1,64,294,859
7738,6,7,175,467,1025
7739,0,3,337,783,1517
7740,0,66,423,1937,6347
7746,5,20,835,2000,4439
7747,0,16,704,2366,7445
7748,0,110,760,2163,5668
7750,0,25,148,409,911
7751,0,34,817,1962,4354
7753,0,141,660,2686,8339
7755,0,10,128,541,1646
7756,1,18,67,325,1104
7757,0,40,181,608,1543
7758,0,0,109,399,1138
7760,0,54,412,956,2066
7762,0,30,382,1336,3498
7764,2,61,207,774,2106
7801,0,26,201,676,4186
7803,0,0,44,194,959
7821,0,0,1,4,21
7828,0,0,125,416,2394
7834,0,7,317,859,3195
7836,3,11,269,682,2587
7838,0,0,0,1,5
7840,0,36,361,983,5677
7843,0,4,24,80,587
7847,0,1,15,73,550
7849,0,0,2,5,21
7850,0,17,81,212,1121
7852,0,5,57,186,801
7853,0,7,277,569,1483
7856,0,1,24,75,542
7857,0,0,46,149,783
7866,0,23,301,721,3033
7869,0,14,651,1519,4209
7874,0,4,66,172,1371
7876,0,0,310,772,2605
7878,0,0,0,12,84
7885,7,29,151,415,2117
7901,0,22,575,1251,3195
7920,0,34,866,2076,4957
7921,0,14,126,329,970
7922,0,2,321,744,1802
7924,0,5,193,434,939
7927,0,14,97,247,849
7928,0,0,533,1150,2722
7930,0,3,170,352,887
7931,0,4,56,132,328
7932,0,5,288,655,2128
7933,0,0,98,201,618
7935,0,0,22,59,211
7936,0,20,361,967,3113
7940,0,20,473,1067,3009
7945,0,0,371,711,1613
7946,0,1,134,279,660
7950,0,4,466,1057,3841
7960,0,34,818,1905,6265
7974,0,25,308,724,1874
7980,0,4,88,174,574
7981,9,23,236,570,2156
8002,72,280,580,4630,4736
8003,90,1052,4234,7571,7962
8004,16,189,1341,2603,2652
8007,19,50,106,1162,1177
8009,52,179,1583,3189,3218
8010,8,102,258,2680,2730
8012,119,587,4512,8950,9069
8016,46,614,1366,8679,8890
8020,1,4,17,29,30
8021,142,383,3917,8151,8251
8022,0,27,203,733,1925
8023,0,0,37,79,79
8026,23,76,382,719,737
8027,28,71,961,1823,1848
8028,91,304,2610,4905,5016
8029,4,54,134,1363,1393
8030,53,153,286,3258,3278
8031,17,107,253,3271,3301
8032,0,9,83,154,156
8033,17,412,796,2988,3202
8034,24,306,555,3837,3968
8035,8,141,307,1805,1881
8036,0,120,227,1557,1612
8037,44,272,2222,3876,3948
8043,232,961,3480,6152,6390
8045,11,57,126,759,784
8046,48,367,919,9380,9544
8048,10,261,511,3157,3269
8049,14,50,146,1480,1495
8051,6,139,1120,2035,2070
8052,0,126,345,3969,4013
8053,136,1047,5778,11766,12098
8054,90,775,1650,10541,10867
8055,92,633,2312,4239,4450
8057,0,791,1632,5447,5837
8059,34,88,218,1740,1766
8060,0,243,491,4631,4767
8062,26,112,413,667,700
8063,1,30,89,851,862
8065,16,67,137,1509,1536
8066,61,132,1249,2376,2429
8069,38,78,733,1470,1483
8070,70,178,2235,4564,4634
8071,41,102,1136,2118,2144
8075,146,463,926,7792,7962
8077,0,355,822,5050,5222
8078,35,73,197,2291,2321
8079,10,29,321,666,675
8080,57,985,6013,10904,11074
8081,387,916,6168,12413,12735
8083,57,221,1341,2587,2633
8084,56,145,829,1702,1734
8085,0,2,10,17,18
8086,32,138,1083,1947,1977
8088,2,8,48,98,101
8089,34,70,474,936,967
8090,30,126,1164,2227,2252
8091,0,5,75,162,164
8093,38,115,259,2323,2366
8094,374,869,6030,10608,10806
8096,175,711,5062,9374,9646
8097,5,54,454,846,862
8102,13,64,148,968,985
8103,88,176,383,2417,2465
8104,111,288,544,3520,3594
8105,41,173,399,3649,3713
8106,0,118,257,2513,2579
8107,57,131,280,2753,2819
8108,55,239,560,3722,3816
8109,36,244,567,5004,5119
8110,69,217,493,4428,4506
8201,16,37,424,701,708
8203,155,657,3565,5703,5823
8221,97,268,1212,1880,1965
8223,20,94,740,1205,1234
8225,59,220,1651,2718,2780
8226,367,1144,6609,10629,10885
8230,24,80,628,998,1023
8232,126,239,2768,4590,4637
8234,167,708,6102,10111,10267
8244,54,157,1793,2951,2976
8270,0,1,14,24,24
8302,4,10,126,220,222
8310,15,20,250,404,410
8312,50,165,1200,2220,2257
8318,27,110,1014,2013,2048
8322,51,221,1520,2745,2785
8326,10,17,293,498,502
8328,5,10,178,346,347
8330,2,5,63,106,107
8332,213,432,3093,5440,5524
8340,0,1,18,31,31
8341,9,20,248,418,422
8343,37,139,650,1141,1186
8344,12,77,857,1633,1656
8346,0,0,75,132,132
8352,0,1,5,10,10
8360,167,424,6194,10970,11093
8361,164,313,2219,3868,3948
8401,282,477,3489,5712,5795
8402,263,601,2802,4397,4585
8403,42,163,697,1119,1155
8406,88,298,2432,4046,4159
8501,5,12,274,850,2196
8502,0,0,527,1158,2338
8505,36,312,629,4821,4994
8510,0,1,79,196,403
8512,0,39,239,748,2461
8514,0,10,89,266,730
8515,0,2,326,791,1690
8518,3,66,146,1403,1431
8520,0,14,508,1746,6370
8525,0,7,87,185,528
8527,0,0,490,2991,8360
8533,0,0,0,1,2
8534,0,18,556,1222,3138
8535,0,10,102,247,531
8536,0,197,409,2969,3080
8540,172,1111,2164,8435,9105
8542,0,62,123,602,634
8550,0,0,930,2174,5010
8553,0,18,36,185,193
8554,0,55,102,865,891
8555,0,0,9,47,155
8558,1,168,319,816,890
8560,0,2,49,185,570
8562,0,1,7,40,140
8609,56,111,197,2076,2130
8610,148,338,544,8005,8121
8611,90,275,601,4489,4626
8618,102,403,748,6097,6231
8619,0,210,649,6307,6438
8620,0,15,306,1001,3530
8628,5,97,198,2250,2314
8629,29,54,153,2028,2066
8638,85,418,720,5682,5882
8648,36,477,1048,6709,6990
8690,11,308,559,5345,5468
8691,0,9,509,1457,4307
8701,0,0,641,3912,12719
8720,0,6,45,91,214
8721,0,8,86,439,1269
8722,0,0,135,807,2777
8723,0,40,506,3145,9555
8724,0,38,715,3803,12123
8730,0,19,191,529,1354
8731,0,0,0,2,7
8732,0,1,26,150,436
8733,0,21,36,188,585
8735,0,55,358,1678,5247
8736,0,35,637,1790,4540
8738,0,31,207,500,1002
8740,0,1,16,240,909
8741,0,6,57,225,648
8742,0,156,880,3461,9210
8750,0,4,271,757,1839
8751,0,113,454,1201,2823
8752,2,10,122,547,1602
8753,0,479,1327,6415,17549
8755,0,34,450,2196,6474
8757,0,70,533,4177,13723
8759,91,233,2386,4979,5014
8804,0,3,16,41,170
8805,15,134,255,2420,2481
8807,0,35,836,2244,6339
8810,4,189,360,2031,2131
8812,6,310,653,2901,3063
8816,0,96,1338,2994,9747
8817,0,445,1021,8815,9056
8820,0,866,1765,7443,7876
8823,3,83,165,1584,1624
8824,0,489,915,3205,3470
8828,0,3,29,123,500
8830,12,245,529,3699,3814
8831,16,157,1189,4320,14681
8832,8,29,61,338,353
8835,51,184,374,3004,3096
8836,0,25,204,413,918
8837,6,166,306,3058,3112
8840,0,381,779,3816,3992
8844,0,0,1278,2901,8109
8846,0,134,333,3464,3555
8848,0,1,12,36,158
8850,0,173,408,2612,2691
8852,7,261,573,3111,3267
8854,0,628,1224,10105,10593
8857,0,37,622,2311,8797
8859,0,0,262,1029,4357
8861,0,290,589,8018,8176
8863,36,167,429,3079,3177
8865,0,18,413,1391,8707
8869,0,108,211,1891,1939
8872,0,14,226,992,4353
8873,64,896,1625,12005,12377
8876,0,17,233,758,2640
8879,0,11,215,1043,5514
8880,10,24,39,964,975
8882,4,36,232,974,4282
8884,0,18,142,462,1935
8886,0,0,99,266,1071
8901,63,382,727,5967,6099
8902,53,361,737,7098,7331
8904,22,148,286,2342,2394
87002,52,5018,5190,5216,5216
87004,0,10,10,10,10
87008,6,579,633,635,635
87015,6,1099,1132,1133,1133
87022,1,95,98,99,99
87031,78,6878,7092,7113,7113
87035,9,1135,1173,1177,1177
87042,18,1130,1175,1181,1181
87047,1,212,223,223,223
87048,0,4129,4444,4444,4444
87059,3,641,674,675,675
87068,13,1280,1349,1350,1350
87102,86,7442,7746,7793,7793
87104,65,4668,4961,4976,4976
87105,84,20127,20858,20900,20900
87106,230,8239,8787,8831,8831
87107,253,13352,13984,14040,14040
87108,226,10258,10710,10775,10775
87109,63,12013,12566,12578,12578
87110,294,14780,15445,15491,15491
87111,214,18441,19315,19431,19431
87112,287,15243,15929,15945,15945
87113,25,5969,6204,6210,6210
87114,325,20842,21556,21665,21665
87116,3,1571,1591,1591,1591
87120,171,20676,21296,21361,21361
87121,316,20479,21091,21154,21154
87122,18,3290,3697,3697,3697
87123,124,13082,13716,13771,13771
87124,102,19699,20329,20329,20329
87144,7,2341,2406,2409,2409
87401,101,10088,11174,11218,11218
87402,13,2414,2686,2694,2694
87501,25,7809,8318,8343,8343
87505,221,12190,13023,13049,13049
87506,19,1730,1859,1868,1868
87507,83,13322,13834,13848,13848
87508,13,3097,3288,3301,3301
88001,48,6622,11956,12040,12040
88005,0,5557,10394,10435,10435
88007,23,2949,5671,5688,5688
88008,0,167,326,327,327
88011,32,4153,7970,8010,8010
88012,28,3141,5680,5691,5691
88047,0,11,21,21,21
88063,22,1459,2725,2766,2766
89002,0,7262,11053,11075,11075
89005,0,3643,5614,5631,5631
89011,0,5199,7934,7934,7934
89012,0,7243,11069,11069,11069
89014,0,6406,9415,9434,9434
89015,0,8470,12704,12717,12717
89030,0,4734,7016,7037,7037
89032,0,5189,7927,7943,7943
89044,0,1,2,2,2
89052,0,8021,12334,12359,12359
89074,0,10195,15503,15549,15549
89101,0,4789,7049,7084,7084
89102,0,4841,7183,7190,7190
89103,0,6553,9594,9623,9623
89104,0,6962,10360,10401,10401
89106,0,4492,6782,6810,6810
89107,0,6220,9472,9481,9481
89108,0,10857,16619,16686,16686
89109,0,824,1239,1246,1246
89110,0,11545,16876,16961,16961
89113,0,5256,7972,8012,8012
89115,0,2413,3524,3532,3532
89117,0,10415,16107,16155,16155
89118,0,3687,5620,5637,5637
89119,0,5558,8226,8250,8250
89120,0,4513,6919,6933,6933
89121,0,10005,14669,14728,14728
89122,0,9351,13957,13971,13971
89123,0,11086,16571,16588,16588
89128,0,6784,10095,10095,10095
89129,0,9195,14124,14152,14152
89130,0,734,1114,1117,1117
89134,0,7698,11605,11628,11628
89135,0,7236,11087,11121,11121
89138,0,1579,2433,2433,2433
89139,0,8662,12890,12903,12903
89141,0,5822,8742,8768,8768
89142,0,5558,8270,8287,8287
89144,0,4097,6297,6309,6309
89145,0,4910,7406,7435,7435
89146,0,3379,4971,4986,4986
89147,0,9737,14591,14605,14605
89148,0,5950,8966,8984,8984
89156,20,4336,6556,6569,6569
89158,0,15,23,23,23
89166,0,7,11,11,11
89169,0,1911,2835,2841,2841
89178,0,2875,4317,4317,4317
89183,0,5959,9066,9084,9084
89403,0,12,55,55,55
89410,0,17,51,51,51
89423,13,1333,4295,4299,4299
89431,0,1502,9457,9486,9486
89433,0,994,6233,6246,6246
89434,0,1134,7231,7238,7238
89436,0,2647,13141,13167,13167
89439,0,102,120,120,120
89441,0,1000,4029,4033,4033
89501,0,145,615,621,621
89502,0,1527,10059,10069,10069
89503,0,1306,7650,7689,7689
89506,0,1896,11800,11835,11835
89508,0,114,732,734,734
89509,0,2061,10074,10094,10094
89510,0,9,48,48,48
89511,0,2308,8539,8557,8557
89512,0,990,5310,5358,5358
89519,0,1117,3632,3632,3632
89521,0,2140,9441,9478,9478
89523,0,2267,10643,10654,10654
89701,0,1830,8255,8288,8288
89703,0,803,3095,3101,3101
89705,0,638,1959,1959,1959
89706,0,1230,6308,6334,6334
10001,0,0,0,1,9
10002,0,0,0,12,27
10003,0,0,0,1,34
10004,0,0,0,0,3
10005,0,0,0,0,1
10006,0,0,0,0,1
10007,0,0,0,1,3
10009,0,0,11,28,54
10010,0,0,3,4,16
10011,0,0,0,4,56
10012,0,0,2,9,41
10013,0,0,0,6,39
10014,0,0,0,0,30
10016,0,0,0,4,16
10017,0,0,0,1,3
10018,0,0,0,0,10
10019,0,0,0,5,21
10021,0,0,0,0,16
10022,0,0,0,0,16
10023,0,0,0,4,28
10024,0,0,0,4,17
10025,0,0,0,10,33
10026,0,0,0,8,24
10027,0,0,0,13,49
10028,0,0,0,4,10
10029,0,0,4,31,60
10030,0,0,0,7,18
10031,0,0,0,0,20
10032,0,0,2,10,19
10033,0,0,0,14,27
10034,0,0,0,4,14
10035,0,0,0,17,36
10036,0,0,4,9,17
10037,0,0,0,4,10
10038,0,0,0,2,9
10039,0,0,1,7,12
10040,0,0,0,6,9
10044,0,0,0,0,1
10065,0,0,1,6,19
10069,0,0,0,0,1
10075,0,2,4,5,13
10128,0,0,2,9,30
10280,0,0,0,0,1
10282,0,0,0,0,0
10301,0,0,20,59,210
10302,0,0,0,33,103
10303,0,0,0,0,74
10304,0,0,19,116,340
10305,0,0,0,15,116
10306,0,0,0,0,259
10307,0,0,0,12,118
10308,0,0,0,45,235
10309,0,0,13,33,276
10310,0,0,5,54,145
10312,0,0,26,66,172
10314,0,0,68,153,374
10451,0,0,2,25,47
10452,0,0,1,18,44
10453,0,0,13,45,85
10454,0,0,0,24,64
10455,0,0,0,25,48
10456,0,0,18,57,117
10457,0,0,0,52,90
10458,0,0,26,54,98
10459,0,0,2,31,66
10460,0,0,0,63,110
10461,0,0,4,56,121
10462,0,0,7,33,99
10463,0,0,13,24,58
10464,0,0,0,0,0
10465,0,0,1,13,22
10466,0,0,0,74,215
10467,0,0,0,49,127
10468,0,0,9,32,53
10469,0,0,0,127,347
10470,0,0,0,13,47
10471,0,0,0,0,35
10472,0,0,0,70,129
10473,0,0,0,24,84
10474,0,0,13,29,55
10475,0,0,0,5,9
10501,0,0,0,0,12
10502,0,0,2,8,75
10504,0,0,0,2,79
10505,0,0,0,0,0
10506,0,0,3,6,58
10507,0,0,5,9,40
10510,0,2,5,11,90
10511,0,0,3,5,27
10514,0,0,0,0,126
10516,0,0,0,0,2
10517,0,0,0,0,0
10520,0,0,0,0,104
10522,0,0,2,8,32
10523,0,5,14,17,39
10524,0,0,0,0,1
10526,0,0,0,0,0
10527,0,0,0,0,0
10528,0,0,0,4,11
10530,0,0,2,12,61
10532,0,0,0,4,20
10533,0,0,0,0,50
10536,0,0,2,4,108
10537,0,0,0,0,2
10538,0,0,1,3,12
10541,0,0,0,0,0
10543,0,0,0,2,8
10546,0,0,0,0,10
10547,0,0,3,10,62
10548,0,0,0,1,15
10549,0,0,8,33,151
10550,0,0,39,86,125
10552,0,0,0,20,53
10553,0,0,3,12,26
10560,0,0,0,0,0
10562,0,5,21,26,202
10566,0,0,22,66,106
10567,0,0,0,0,5
10570,0,0,0,2,94
10573,0,0,0,32,228
10576,0,0,0,0,4
10577,0,0,0,0,71
10578,0,0,0,0,0
10579,0,0,0,0,0
10580,0,0,1,2,43
10583,0,0,0,0,498
10588,0,0,0,0,19
10589,0,0,0,0,0
10591,0,0,3,16,75
10594,0,0,0,1,59
10595,0,0,3,39,102
10596,0,0,1,4,10
10598,0,0,0,0,187
10601,0,0,0,2,14
10603,0,0,0,13,56
10604,0,0,0,0,22
10605,3,3,24,38,140
10606,0,0,7,22,72
10607,0,0,0,2,42
10701,0,11,77,137,286
10703,0,0,0,40,97
10704,0,0,5,67,190
10705,0,0,0,0,65
10706,0,0,0,0,54
10707,0,0,4,12,49
10708,0,0,5,19,74
10709,0,2,4,6,84
10710,0,0,0,18,112
10801,0,0,6,26,96
10803,0,0,0,4,127
10804,0,0,3,6,164
10901,0,0,0,0,17
10913,0,0,0,0,0
10920,0,0,0,0,0
10923,0,0,2,9,11
10927,0,0,5,23,34
10931,0,0,0,0,0
10952,0,0,0,0,21
10954,0,0,0,9,33
10956,0,0,0,0,7
10960,0,0,0,0,3
10962,0,0,0,0,3
10964,0,0,0,1,3
10965,0,0,0,0,0
10968,0,1,1,1,2
10970,0,0,5,18,23
10974,0,0,0,0,0
10976,0,0,0,0,7
10977,0,0,0,7,48
10980,0,0,0,0,7
10983,0,0,0,0,0
10984,0,0,0,0,0
10986,0,0,0,0,4
10989,0,0,0,4,12
10993,0,0,0,0,0
10994,0,0,4,9,15
11001,0,0,12,24,218
11003,0,0,0,72,332
11004,0,0,13,15,77
11005,0,0,0,0,1
11010,0,0,0,0,7
11020,0,0,0,0,1
11021,0,0,0,0,0
11023,0,0,0,0,4
11024,0,0,0,0,0
11030,0,0,0,11,19
11040,0,0,0,22,464
11050,0,0,0,8,15
11096,0,0,0,13,54
11101,0,0,0,35,108
11102,0,0,0,11,24
11103,0,0,6,57,120
11104,0,0,4,12,32
11105,0,0,0,15,110
11106,0,0,7,17,70
11109,0,0,0,0,0
11201,0,0,10,24,122
11203,0,0,0,74,111
11204,0,0,0,0,63
11205,0,0,0,23,84
11206,0,0,0,50,151
11207,0,0,105,250,435
11208,0,0,27,160,418
11209,0,22,58,72,210
11210,0,0,28,84,230
11211,0,0,0,64,196
11212,0,0,0,126,258
11213,0,0,12,77,143
11214,0,0,18,80,231
11215,0,0,12,54,376
11216,0,0,36,68,197
11217,0,0,0,23,192
11218,0,0,0,0,78
11219,0,0,41,91,174
11220,0,0,0,31,165
11221,0,0,13,87,294
11222,0,0,0,0,142
11223,0,0,101,194,443
11224,0,0,18,49,98
11225,0,0,0,25,90
11226,0,0,14,60,78
11228,0,0,0,83,146
11229,0,31,125,199,345
11230,0,0,0,47,195
11231,0,14,31,65,161
11232,0,0,10,23,95
11233,0,0,40,106,187
11234,0,0,0,85,457
11235,0,0,0,78,156
11236,0,0,131,226,512
11237,0,0,0,31,99
11238,0,0,6,31,112
11239,0,0,1,3,4
11249,0,0,0,8,63
11354,0,0,0,65,175
11355,0,0,26,82,160
11356,0,0,0,23,53
11357,0,0,0,0,117
11358,0,0,0,0,38
11360,0,0,0,20,86
11361,0,0,0,14,121
11362,0,0,0,9,96
11363,0,0,0,10,51
11364,0,0,10,51,195
11365,0,0,5,63,169
11366,0,0,0,31,132
11367,0,0,3,62,154
11368,0,0,0,18,91
11369,0,0,0,23,93
11370,0,0,0,20,73
11372,0,0,10,16,42
11373,0,0,6,28,61
11374,0,0,7,29,77
11375,0,0,0,27,171
11377,0,11,57,63,138
11378,0,0,0,18,126
11379,0,0,0,31,147
11385,0,0,23,81,196
11411,0,0,0,38,151
11412,0,0,0,0,146
11413,0,0,23,46,213
11414,0,0,0,52,219
11415,0,0,0,1,26
11416,0,0,0,14,78
11417,0,0,0,0,92
11418,0,0,14,43,126
11419,0,0,0,40,148
11420,0,0,0,29,201
11421,0,0,0,9,101
11422,0,0,0,0,132
11423,0,0,12,45,148
11426,0,0,0,0,68
11427,0,0,13,53,156
11428,0,0,0,15,74
11429,0,0,4,31,110
11432,0,0,0,19,115
11433,0,0,0,67,92
11434,0,0,0,122,324
11435,0,0,0,18,128
11436,0,0,0,18,80
11501,0,0,0,0,0
11507,0,0,0,0,0
11509,0,0,0,0,0
11510,0,0,0,0,0
11514,0,0,3,3,4
11516,0,0,0,2,56
11518,0,0,0,0,0
11520,0,8,41,49,49
11530,0,0,0,0,0
11542,0,0,0,0,26
11545,0,0,0,0,0
11548,0,0,0,2,7
11550,0,0,0,0,30
11552,0,0,0,0,11
11553,0,0,0,37,65
11554,0,0,0,0,10
11557,0,0,4,4,7
11558,0,0,0,5,22
11559,0,0,8,19,128
11560,0,0,0,0,11
11561,0,0,0,0,25
11563,0,0,0,0,0
11565,0,0,0,0,25
11566,0,0,0,9,28
11568,0,0,1,5,6
11569,0,0,0,0,0
11570,0,0,0,0,28
11572,0,0,0,0,0
11575,0,0,0,0,0
11576,0,0,0,0,18
11577,0,0,0,0,0
11579,0,0,0,3,5
11580,9,35,44,71,319
11581,0,0,0,44,284
11590,0,0,0,0,0
11596,0,0,0,0,0
11598,0,0,0,0,0
11691,0,0,0,66,158
11692,0,0,6,37,83
11693,0,0,0,13,48
11694,0,0,7,29,154
11701,0,0,0,0,0
11702,0,0,0,4,8
11703,0,0,0,5,14
11704,0,0,0,0,0
11705,0,0,0,0,11
11706,0,0,0,0,170
11710,0,0,0,0,41
11713,0,0,0,3,41
11714,0,0,0,0,0
11715,0,2,4,4,4
11716,0,0,0,0,0
11717,0,0,0,11,21
11718,0,0,0,0,0
11719,0,0,0,0,7
11720,0,0,0,24,40
11721,0,0,0,0,7
11722,0,0,0,0,36
11724,0,0,0,0,0
11725,0,0,0,0,0
11726,0,0,8,24,28
11727,0,0,0,0,31
11729,0,0,0,0,0
11730,0,0,0,4,8
11731,0,0,0,0,0
11732,0,0,0,0,4
11733,0,0,0,0,0
11735,0,0,0,28,56
11738,0,0,8,8,16
11739,0,0,0,0,0
11740,0,0,0,0,0
11741,0,0,0,0,0
11742,0,0,0,0,0
11743,0,0,0,0,0
11746,0,0,0,17,17
11747,0,0,0,10,25
11749,0,0,0,0,1
11751,0,0,0,0,30
11752,0,0,0,9,16
11753,0,0,0,0,0
11754,0,0,0,0,0
11755,0,0,0,0,3
11756,0,0,0,0,0
11757,0,0,0,0,0
11758,0,0,0,0,79
11762,0,0,0,0,0
11763,0,0,0,6,12
11764,0,0,0,0,4
11765,0,0,0,0,0
11766,0,0,0,0,0
11767,0,0,0,14,31
11768,0,0,0,0,0
11769,0,0,0,0,6
11771,0,0,0,0,19
11772,0,0,0,49,146
11776,0,0,0,12,31
11777,0,0,0,0,0
11779,0,0,0,16,57
11780,0,0,0,0,5
11782,0,0,25,35,45
11783,0,0,0,0,0
11784,0,0,0,0,0
11787,0,0,0,46,101
11788,0,0,0,4,13
11790,0,0,0,0,0
11791,0,0,0,0,0
11793,0,0,0,0,0
11795,0,0,0,0,0
11796,0,0,0,0,5
11797,0,0,0,0,7
11798,0,0,0,0,0
11801,0,0,0,0,12
11803,0,0,0,9,44
11804,0,0,0,0,3
11901,0,0,0,0,21
11930,0,0,0,0,0
11932,0,0,0,0,0
11933,0,0,0,0,0
11934,0,0,0,0,3
11935,0,0,0,0,10
11937,0,0,0,0,0
11939,0,0,0,0,0
11940,0,0,0,0,0
11941,0,0,0,0,2
11942,0,0,0,0,0
11944,0,0,0,0,10
11946,0,0,0,15,52
11948,0,0,0,0,1
11949,0,0,0,0,1
11950,0,0,0,0,0
11951,0,0,0,0,0
11952,0,0,0,0,0
11953,0,0,0,0,0
11954,0,0,0,0,0
11955,0,0,0,0,11
11957,0,0,0,0,0
11958,0,0,0,0,0
11960,0,0,0,0,0
11962,0,0,0,0,6
11963,0,0,0,0,0
11964,0,0,0,0,1
11965,0,0,0,0,18
11967,0,0,0,0,43
11968,0,0,0,0,8
11971,0,0,0,0,10
11976,0,0,7,14,24
11977,0,0,0,0,3
11978,0,0,0,0,0
11980,0,0,0,0,2
12008,0,0,0,0,0
12009,0,0,0,0,0
12018,0,0,0,0,0
12019,0,0,0,0,0
12033,0,0,0,0,0
12047,0,0,0,0,0
12054,0,0,0,0,0
12056,0,0,0,0,0
12061,0,0,0,0,0
12063,0,0,0,0,0
12065,0,0,0,0,0
12067,0,0,0,0,1
12077,0,0,0,0,0
12084,0,0,0,0,0
12085,0,0,0,0,0
12110,0,0,0,0,0
12118,0,0,0,0,0
12121,0,0,0,0,0
12123,0,0,0,0,0
12140,0,0,0,0,0
12144,0,0,0,0,0
12148,0,0,0,0,0
12150,0,0,0,0,0
12154,0,0,0,0,0
12158,0,0,0,0,0
12159,0,0,0,0,0
12180,0,0,0,0,0
12182,0,0,0,0,0
12183,0,0,1,1,2
12186,0,0,0,3,12
12188,0,0,0,0,0
12189,0,0,0,0,0
12196,0,0,0,0,0
12198,0,0,0,0,0
12202,0,0,0,0,0
12203,0,0,0,0,0
12204,0,0,0,0,0
12205,0,0,0,0,9
12206,0,0,0,0,0
12207,0,0,0,0,0
12208,0,0,0,0,0
12209,0,0,0,0,0
12210,0,0,0,0,0
12211,0,0,0,0,0
12222,0,0,0,0,0
12302,0,0,0,0,0
12303,0,0,0,0,0
12304,0,0,0,0,0
12305,0,0,0,0,0
12306,0,0,0,0,0
12307,0,0,0,0,0
12308,0,0,0,0,0
12309,0,0,0,24,47
12401,0,0,0,0,0
12411,0,0,0,0,0
12417,0,0,0,0,0
12419,0,0,0,0,0
12432,0,0,0,0,0
12440,0,0,0,0,1
12443,0,0,0,0,3
12449,0,0,0,0,0
12456,0,0,0,0,0
12466,0,0,0,0,0
12471,0,0,0,0,3
12472,0,0,0,0,1
12475,0,0,0,0,0
12477,0,0,0,0,4
12484,0,0,0,0,0
12486,0,0,0,0,5
12487,0,0,0,0,4
12498,0,0,0,0,0
12508,0,0,0,27,50
12512,0,0,0,0,0
12518,0,0,0,2,2
12520,0,0,1,2,3
12524,0,0,0,0,0
12525,0,0,0,0,0
12528,0,0,0,0,33
12533,0,0,0,0,1
12538,0,0,0,0,0
12542,0,0,0,0,0
12547,0,0,0,1,4
12548,0,0,0,0,0
12549,0,0,0,0,0
12550,0,0,0,0,36
12553,0,0,0,6,19
12561,0,0,0,0,0
12569,0,0,0,0,0
12572,0,0,0,0,0
12575,0,0,0,0,0
12577,0,0,0,0,0
12578,0,0,0,0,0
12580,0,0,0,0,0
12586,0,0,0,0,1
12589,0,0,0,0,1
12590,0,0,0,0,48
12601,0,0,0,23,85
12603,0,0,0,0,0
12801,0,0,0,0,0
12803,0,0,0,0,0
12804,0,0,0,0,16
12827,0,0,0,0,0
12828,0,0,0,0,0
12831,0,0,0,0,0
12839,0,0,0,0,0
12845,0,0,0,0,0
12901,0,0,0,0,0
12903,0,0,0,0,0
12918,0,0,0,0,0
12962,0,0,0,0,0
13021,0,0,0,0,0
13027,0,0,0,0,0
13029,0,0,0,0,0
13030,0,0,0,0,0
13031,0,0,0,0,0
13039,0,0,0,0,0
13041,0,0,0,0,0
13057,0,0,0,0,0
13060,0,0,0,0,0
13066,0,0,0,0,0
13068,0,0,0,0,0
13073,0,0,0,0,0
13078,0,0,0,0,0
13082,0,0,0,0,0
13084,0,0,0,0,0
13088,0,0,0,0,0
13090,0,0,0,0,0
13104,0,0,0,0,0
13108,0,0,0,0,0
13112,0,0,0,0,0
13116,0,0,0,0,0
13120,0,0,0,0,0
13132,0,0,0,0,0
13135,0,0,0,0,0
13152,0,0,0,0,0
13164,0,0,0,0,0
13202,0,0,0,0,0
13203,0,0,0,0,0
13204,0,0,0,0,0
13205,0,0,0,0,0
13206,0,0,0,0,0
13207,0,0,0,0,0
13208,0,0,0,0,0
13209,0,0,0,0,0
13210,0,0,0,0,0
13211,0,0,0,0,0
13212,0,0,0,0,0
13214,0,0,0,2,7
13215,0,0,0,0,0
13219,0,0,0,0,15
13224,0,0,0,0,0
13319,0,0,0,0,0
13323,0,0,0,0,0
13340,0,0,0,0,0
13354,0,0,0,0,0
13403,0,0,0,0,0
13413,0,0,0,0,0
13417,0,0,0,0,0
13424,0,0,0,0,0
13456,0,0,0,0,0
13492,0,0,0,0,0
13495,0,0,0,0,0
13501,0,0,0,0,0
13502,0,0,0,0,0
13601,0,0,0,0,0
13603,0,0,0,0,0
13612,0,0,0,0,0
13616,0,0,0,0,0
13634,0,0,0,0,0
13637,0,0,0,0,0
13748,0,0,0,0,0
13760,0,0,0,0,0
13790,0,0,0,0,0
13795,0,0,0,0,0
13827,0,0,0,0,0
13850,0,0,0,0,0
13901,0,0,0,0,0
13903,0,0,0,0,0
13904,0,0,0,0,0
13905,0,0,0,0,0
14004,0,0,0,0,0
14026,0,0,0,0,0
14031,0,0,0,0,0
14032,0,0,0,0,0
14043,0,0,0,0,0
14051,0,0,0,0,0
14052,0,0,0,0,0
14059,0,0,0,0,0
14068,0,0,0,0,0
14072,0,0,0,0,0
14075,0,0,0,0,0
14086,0,0,0,0,0
14092,0,0,0,0,0
14094,0,0,0,0,0
14120,0,0,0,0,16
14127,0,0,0,0,0
14131,0,0,0,0,0
14132,0,0,0,0,0
14150,0,0,0,0,0
14174,0,0,0,0,0
14201,0,0,0,0,0
14202,0,0,0,0,0
14203,0,0,0,0,0
14204,0,0,0,0,0
14206,0,0,0,0,0
14207,0,0,0,0,0
14208,0,0,0,0,0
14209,0,0,0,0,0
14210,0,0,0,0,0
14211,0,0,0,0,0
14212,0,0,0,0,0
14213,0,0,0,0,0
14214,0,0,0,0,0
14215,0,0,0,0,0
14216,0,0,0,0,0
14217,0,0,0,0,0
14218,0,0,0,0,0
14219,0,0,0,0,0
14220,0,0,0,0,0
14221,0,0,0,0,0
14222,0,0,0,0,0
14223,0,0,0,0,0
14224,0,0,0,0,0
14225,0,0,0,0,0
14226,0,0,0,0,0
14227,0,0,0,0,0
14228,0,0,0,0,0
14301,0,0,0,0,0
14303,0,0,0,0,0
14304,0,0,0,0,33
14305,0,0,0,0,0
14428,0,0,0,0,0
14445,0,0,0,0,0
14450,0,0,0,0,0
14467,0,0,0,0,0
14468,0,0,0,0,0
14472,0,0,0,0,0
14506,0,0,0,0,0
14514,0,0,0,0,0
14526,0,0,0,0,0
14534,0,0,0,0,0
14543,0,0,0,0,0
14546,0,0,0,0,0
14559,0,0,0,0,0
14564,0,0,0,0,0
14580,0,0,0,0,0
14586,0,0,0,0,0
14604,0,0,0,0,0
14605,0,0,0,0,0
14606,0,0,0,0,0
14607,0,0,0,0,0
14608,0,0,0,0,0
14609,0,0,0,0,0
14610,0,0,0,0,0
14611,0,0,0,0,0
14612,0,0,0,0,0
14613,0,0,0,0,0
14614,0,0,0,0,0
14615,0,0,0,0,0
14616,0,0,0,0,0
14617,0,0,0,0,0
14618,0,0,0,0,0
14619,0,0,0,0,0
14620,0,0,0,0,0
14621,0,0,0,0,0
14622,0,0,0,0,0
14623,0,0,0,0,0
14624,0,0,0,0,0
14625,0,0,0,0,0
14626,0,0,0,0,0
14850,0,0,0,0,0
14882,0,0,0,0,0
14883,0,0,0,0,0
43004,0,0,0,0,0
43015,0,0,0,0,0
43016,0,0,0,0,0
43017,0,0,0,0,0
43021,0,0,0,0,0
43026,0,0,0,0,0
43031,0,0,0,0,0
43035,0,0,4,4,4
43054,14,14,14,14,14
43062,0,0,0,0,0
43064,0,0,0,0,0
43065,0,0,0,0,0
43068,0,0,0,0,0
43081,0,0,0,0,0
43082,8,8,8,25,25
43085,0,0,0,0,0
43109,0,0,0,0,0
43110,0,0,0,0,0
43119,0,0,0,0,0
43123,0,0,0,0,0
43125,0,0,0,0,0
43147,0,0,0,0,0
43201,0,0,0,0,0
43202,0,0,0,0,0
43203,0,0,0,0,0
43204,0,0,0,0,0
43205,0,0,0,0,0
43206,0,0,0,0,0
43207,0,0,0,0,0
43209,0,0,0,0,0
43211,0,0,0,0,0
43212,0,0,0,0,0
43213,0,0,0,0,0
43214,0,0,0,0,0
43215,0,0,0,0,0
43219,0,0,0,0,0
43220,0,0,0,0,0
43221,0,0,0,0,0
43222,0,0,0,0,0
43223,0,0,0,0,0
43224,0,0,0,0,0
43227,0,0,0,0,0
43228,0,0,0,0,0
43229,0,0,0,0,0
43230,0,0,0,0,0
43231,0,0,0,0,0
43232,0,0,0,0,0
43235,11,11,42,42,53
43240,0,0,0,0,0
43402,0,0,0,0,0
43412,0,0,0,0,0
43430,0,0,0,0,0
43434,0,0,0,0,0
43443,0,0,0,0,0
43447,0,0,0,0,0
43460,0,0,0,0,0
43463,0,0,0,0,0
43465,0,0,0,0,0
43469,0,0,0,0,0
43504,0,0,0,0,0
43528,0,0,0,0,5
43537,0,0,0,0,0
43542,0,0,0,0,0
43551,0,0,0,0,0
43558,0,0,0,0,0
43560,0,0,0,0,0
43566,0,0,0,0,0
43571,0,0,0,0,0
43604,0,0,0,0,0
43605,0,0,0,0,0
43606,0,0,0,0,0
43607,0,0,0,0,0
43608,0,0,0,0,0
43609,0,0,0,0,0
43610,0,0,0,0,0
43611,0,0,0,15,30
43612,0,0,0,0,0
43613,0,0,0,0,0
43614,0,0,0,0,0
43615,0,0,0,0,0
43616,0,0,0,0,0
43617,0,0,0,0,0
43619,0,0,0,0,0
43620,0,0,0,0,0
43623,0,0,0,0,0
43701,12,46,69,69,92
43830,2,2,3,3,4
43913,0,0,0,0,0
43926,0,0,0,0,0
43938,0,0,0,0,0
43943,0,0,0,0,0
43952,0,0,5,33,44
43953,0,0,0,0,0
43961,0,0,0,1,2
43964,0,0,0,0,0
44001,0,0,0,0,0
44011,0,0,0,0,0
44012,0,0,0,0,0
44017,0,0,0,0,0
44022,0,0,0,0,0
44024,0,0,0,0,0
44026,0,0,0,0,0
44028,0,0,0,0,0
44035,0,0,0,0,0
44039,0,0,0,0,0
44040,0,0,0,0,0
44044,0,0,0,0,0
44045,0,0,0,0,0
44050,0,0,0,0,0
44052,0,0,0,0,0
44053,0,0,0,0,0
44054,0,0,0,0,0
44055,0,0,0,0,0
44056,0,0,0,0,0
44060,0,0,0,0,0
44067,0,0,0,0,0
44070,0,0,0,0,0
44074,0,0,0,0,0
44077,0,0,0,0,0
44087,0,0,0,0,0
44092,0,0,0,0,0
44094,0,0,0,0,0
44095,0,0,0,0,0
44102,0,0,0,0,0
44103,0,0,0,0,0
44104,0,0,0,0,0
44105,0,0,0,0,0
44106,0,0,0,0,0
44107,0,0,0,0,0
44108,0,0,0,0,0
44109,0,0,0,0,0
44110,0,0,0,0,0
44111,0,0,0,0,0
44112,0,0,0,0,0
44113,0,0,0,0,0
44114,0,0,0,0,0
44115,0,0,0,0,0
44116,0,0,0,0,0
44117,0,0,0,0,0
44118,0,0,0,0,0
44119,0,0,0,0,0
44120,0,0,0,0,0
44121,0,0,0,0,0
44122,0,0,0,0,0
44123,0,0,0,0,0
44124,0,0,0,0,0
44125,0,0,0,0,0
44126,0,0,0,0,0
44127,0,0,0,0,0
44128,0,0,0,0,0
44129,0,0,0,0,0
44130,0,0,0,0,0
44131,0,0,0,0,0
44132,0,0,0,0,0
44133,0,0,0,0,0
44134,0,0,0,0,0
44135,0,0,0,0,0
44136,0,0,0,0,0
44137,0,0,0,0,0
44138,0,0,0,0,0
44139,0,0,0,0,0
44140,0,0,0,0,0
44141,0,0,0,0,0
44142,0,0,0,0,0
44143,0,0,0,0,0
44144,0,0,0,0,0
44145,0,0,0,0,0
44146,0,0,0,0,0
44147,0,0,0,0,0
44149,0,0,0,0,0
44201,0,0,0,0,0
44202,0,0,0,0,0
44203,0,0,0,0,0
44216,0,0,0,0,0
44221,0,0,0,0,0
44223,0,0,0,0,0
44224,0,0,0,0,0
44236,0,0,0,0,0
44240,0,0,0,0,0
44241,0,0,0,0,0
44260,0,0,0,0,0
44262,0,0,0,0,0
44264,0,0,0,0,0
44266,0,0,0,0,0
44278,0,0,0,0,0
44286,0,0,0,0,0
44301,0,0,0,0,0
44302,0,0,0,0,0
44303,0,0,0,0,2
44304,0,0,0,0,0
44305,0,0,0,0,0
44306,0,0,0,0,0
44307,0,0,0,0,0
44308,0,0,0,0,0
44310,0,0,0,0,0
44311,0,0,0,0,0
44312,0,0,0,0,0
44313,0,0,0,0,0
44314,0,0,0,0,0
44319,0,0,0,0,0
44320,0,0,0,0,0
44321,0,0,0,0,0
44333,0,0,0,0,0
44401,0,0,0,0,0
44402,0,0,0,0,0
44403,0,0,0,0,0
44405,0,0,0,0,0
44406,0,0,0,0,0
44410,0,0,0,0,0
44412,0,0,0,0,0
44418,0,0,0,0,0
44420,0,0,0,0,0
44425,0,0,0,0,0
44429,0,0,0,0,0
44430,0,0,0,0,0
44436,0,0,0,0,0
44437,0,0,0,0,0
44438,0,0,0,0,0
44440,0,0,0,0,0
44442,0,0,0,0,0
44444,0,0,0,0,0
44446,0,0,0,0,0
44451,0,0,0,0,0
44452,0,0,0,0,0
44470,0,0,0,0,0
44471,0,0,0,0,0
44473,0,0,0,0,0
44481,0,0,0,0,0
44483,0,0,0,0,0
44484,0,0,0,0,0
44485,0,0,0,0,0
44491,0,0,0,0,0
44502,0,0,0,0,0
44503,0,0,0,0,0
44504,0,0,0,0,0
44505,0,0,0,0,0
44506,0,0,0,0,0
44507,0,0,0,0,0
44509,0,0,0,0,0
44510,0,0,0,0,0
44511,0,0,0,0,0
44512,0,0,0,0,0
44514,0,0,0,0,0
44515,0,0,0,0,0
44601,0,0,0,0,0
44613,0,0,0,0,0
44614,0,0,0,0,0
44622,0,0,0,0,0
44626,0,0,0,0,0
44632,0,0,0,0,0
44641,0,0,0,0,0
44644,0,0,0,0,0
44646,0,0,0,0,0
44647,0,0,0,0,0
44662,0,0,0,0,0
44663,0,0,0,0,6
44666,0,0,0,0,0
44685,0,0,0,0,0
44688,0,0,0,0,0
44702,0,1,2,5,6
44703,0,0,0,0,0
44704,0,0,0,0,0
44705,0,0,0,0,0
44706,0,0,0,0,0
44707,0,0,0,0,4
44708,0,0,0,0,0
44709,6,11,23,29,34
44710,0,0,0,0,0
44714,0,0,0,0,0
44718,0,0,0,0,0
44720,0,0,0,0,0
44721,0,0,0,0,0
44730,17,20,20,20,20
44824,0,0,0,0,0
44839,0,0,0,0,0
44843,0,0,0,0,0
44846,0,0,0,0,0
44847,0,0,0,0,0
44870,0,0,0,0,0
44902,0,0,0,0,0
44903,0,0,0,0,0
44904,0,0,0,0,0
44905,0,0,0,0,0
44906,0,0,0,0,0
44907,0,0,0,0,0
45001,0,0,0,0,0
45002,0,0,0,0,0
45005,0,0,0,0,0
45011,0,0,0,0,0
45013,0,0,0,0,0
45014,0,0,0,0,0
45015,0,0,0,0,0
45030,0,0,0,0,0
45034,0,0,0,0,0
45036,0,0,0,0,0
45039,0,0,0,0,0
45040,0,0,0,0,0
45042,0,0,0,0,0
45044,0,0,0,0,0
45050,0,0,0,0,0
45065,0,0,2,2,2
45066,0,0,0,0,0
45067,0,0,0,0,0
45068,0,0,0,0,0
45069,0,0,0,0,0
45102,0,0,0,0,0
45103,0,0,0,0,0
45106,0,0,0,0,0
45111,0,0,0,0,0
45122,0,0,0,0,0
45140,0,0,0,0,0
45150,0,0,0,0,0
45152,0,0,0,0,0
45153,0,0,0,0,0
45157,0,0,0,0,0
45162,0,0,0,0,0
45174,0,0,0,0,0
45202,0,0,0,0,0
45203,0,0,0,0,0
45204,0,0,0,0,0
45205,0,0,0,0,0
45206,0,0,0,0,0
45207,0,0,0,0,0
45208,0,0,0,0,0
45209,0,0,0,0,0
45211,0,0,0,0,0
45212,0,0,0,0,0
45213,0,0,0,0,0
45214,0,0,0,0,0
45215,0,0,0,0,0
45216,0,0,0,0,0
45217,0,0,0,0,0
45218,0,0,0,0,0
45219,0,0,0,0,0
45220,0,0,0,0,0
45223,0,0,0,0,0
45224,0,0,0,0,0
45225,0,0,0,0,0
45226,0,0,0,0,0
45227,0,0,0,0,0
45229,0,0,0,0,0
45230,0,0,0,0,0
45231,0,0,0,0,0
45232,0,0,0,0,0
45233,0,0,0,0,0
45236,0,0,0,0,0
45237,0,0,0,0,0
45238,0,0,0,0,0
45239,0,0,0,0,0
45240,0,0,0,0,0
45241,0,0,0,0,0
45242,0,0,0,0,0
45243,0,0,0,0,0
45244,0,0,0,0,0
45245,0,0,0,0,0
45246,0,0,0,0,0
45247,0,0,0,0,0
45248,0,0,0,0,0
45249,0,0,0,0,0
45251,0,0,0,0,0
45252,0,0,0,0,0
45255,0,0,0,0,0
45301,0,0,0,0,0
45305,0,0,0,0,0
45309,0,0,0,0,0
45312,0,0,0,0,0
45315,0,0,0,0,0
45318,0,0,0,0,0
45319,0,0,0,0,0
45322,0,0,0,0,0
45323,0,0,0,0,0
45324,0,0,0,0,0
45325,0,0,0,0,0
45326,0,0,0,0,0
45327,0,0,0,0,0
45339,0,0,0,0,0
45341,0,0,0,0,0
45342,0,0,0,0,0
45344,0,0,0,0,0
45345,0,0,0,0,0
45359,0,0,0,0,0
45368,0,0,0,0,0
45369,0,0,0,0,0
45370,0,0,0,0,0
45371,0,0,0,0,0
45373,0,0,0,0,0
45377,0,0,0,0,0
45383,0,0,0,0,0
45384,0,0,0,0,0
45385,0,0,0,0,0
45387,0,0,0,0,0
45402,0,0,0,0,0
45403,0,0,0,0,0
45404,0,0,0,0,0
45405,0,0,0,0,0
45406,0,0,0,0,0
45409,0,0,0,0,0
45410,0,0,0,0,0
45414,0,0,0,0,0
45415,0,0,0,0,0
45416,0,0,0,0,0
45417,0,0,0,0,0
45419,0,0,0,0,0
45420,0,0,0,0,0
45424,0,0,0,0,0
45426,0,0,0,0,10
45429,0,0,0,0,0
45430,0,0,0,0,0
45431,0,0,0,0,0
45432,0,0,0,0,0
45433,0,0,0,0,0
45434,0,0,0,0,0
45439,0,0,0,0,0
45440,0,0,0,0,0
45449,0,0,0,0,0
45458,0,0,0,0,0
45459,0,0,0,0,0
45502,0,0,0,0,0
45503,0,0,0,0,0
45504,0,0,0,0,0
45505,0,0,0,0,0
45506,0,0,0,0,0
45619,0,0,0,0,0
45623,0,0,0,0,0
45638,0,0,0,10,10
45659,0,0,0,0,0
45662,0,0,0,0,0
45663,3,3,4,5,5
45669,0,0,0,0,0
45678,0,0,0,0,0
45680,0,0,0,0,0
45694,0,0,0,0,0
45696,0,0,0,0,0
45714,0,0,0,0,0
45750,0,0,0,0,0
45801,0,0,0,25,31
45804,0,5,10,26,31
45805,0,0,0,0,8
45806,0,0,0,0,0
45807,0,2,2,2,2
45895,0,0,0,0,0
73003,0,0,50,157,273
73007,0,0,0,1,1
73008,54,69,115,169,185
73012,0,0,332,628,947
73013,38,323,798,1083,1350
73020,2,7,37,83,110
73025,8,11,93,198,301
73026,0,0,1,2,2
73034,0,50,341,656,1022
73049,2,2,7,11,17
73064,84,110,253,363,439
73065,0,0,0,3,7
73068,7,9,13,18,23
73069,159,233,286,467,584
73071,77,243,396,600,664
73072,271,345,481,665,838
73078,0,0,1,2,2
73084,25,53,70,84,95
73093,0,0,0,0,0
73099,0,0,100,149,573
73102,9,15,21,28,34
73103,9,25,58,85,111
73104,16,21,36,46,59
73105,73,92,105,108,119
73106,93,121,182,252,322
73107,31,51,144,226,277
73108,104,177,255,322,353
73109,140,199,266,325,435
73110,37,173,272,334,482
73111,113,184,232,285,363
73112,184,288,322,460,506
73114,90,139,159,215,277
73115,62,143,187,241,267
73116,56,79,116,264,393
73117,130,176,207,247,275
73118,81,118,192,335,404
73119,132,213,294,345,375
73120,169,234,364,468,599
73121,0,4,10,32,48
73122,106,129,184,230,272
73127,95,135,198,309,365
73128,67,92,135,166,202
73129,0,66,148,223,280
73130,73,82,119,155,192
73131,43,61,90,154,227
73132,57,89,154,250,323
73134,0,6,14,25,35
73135,0,36,66,153,211
73139,93,131,153,175,208
73141,26,37,49,63,83
73142,16,37,118,203,289
73145,21,37,48,59,69
73149,7,10,15,22,29
73150,9,18,33,69,102
73151,11,17,50,83,117
73159,131,197,262,372,426
73160,148,211,359,486,592
73162,49,69,128,217,296
73165,0,2,38,98,134
73169,7,11,21,33,39
73170,159,173,260,549,722
73173,2,2,8,17,24
73179,10,17,67,113,142
73501,69,131,200,269,324
73505,69,104,139,219,323
73507,21,48,62,127,151
73701,26,60,119,179,247
73703,76,133,200,267,352
74008,0,0,30,146,243
74011,20,70,80,169,398
74012,0,0,44,244,488
74014,0,0,0,116,266
74015,5,12,32,49,69
74017,7,34,61,61,75
74019,58,73,73,147,194
74021,0,7,22,111,193
74023,0,2,12,31,55
74033,0,0,0,30,54
74036,0,0,0,1,2
74037,26,26,33,118,249
74041,0,0,0,1,2
74050,0,0,0,0,0
74053,0,0,0,0,1
74055,63,63,125,313,626
74063,20,46,65,65,137
74066,39,78,146,165,204
74070,34,41,63,101,134
74073,0,4,24,49,80
74074,333,400,460,560,633
74075,0,16,99,151,240
74103,0,1,3,7,13
74104,9,67,121,166,238
74105,48,95,167,365,508
74106,200,239,291,401,466
74107,129,190,216,293,337
74108,35,55,66,98,113
74110,52,119,171,217,279
74112,98,154,187,244,333
74114,0,13,79,238,337
74115,102,178,229,306,348
74116,38,62,84,96,127
74119,1,5,14,23,32
74120,0,0,2,33,65
74126,3,23,51,102,117
74127,121,168,208,269,289
74128,78,96,126,148,157
74129,35,76,117,186,256
74130,0,1,6,8,15
74131,3,9,19,24,35
74132,7,26,37,66,106
74133,115,178,204,254,458
74134,17,35,70,157,209
74135,44,69,100,193,293
74136,18,71,124,207,302
74137,46,77,122,222,428
74145,38,64,76,108,134
74146,39,63,91,114,138
74363,0,0,0,0,0
74429,0,1,7,12,24
74730,0,0,0,1,1
74731,0,1,1,1,2
74733,0,2,5,10,15
74901,12,16,21,23,30
74902,0,2,3,3,5
74946,0,1,3,4,5
74948,2,3,4,6,7
74954,0,0,0,0,0
74959,0,0,0,0,0
97002,0,0,13,33,409
97003,0,0,170,496,4576
97004,0,0,58,135,700
97005,0,54,226,666,5187
97006,0,55,548,1787,10526
97007,0,184,1305,3676,17352
97008,0,47,305,779,6559
97009,0,1,23,40,224
97013,0,0,51,151,1185
97015,0,63,298,698,6127
97019,0,0,0,0,1
97024,0,27,138,227,2585
97027,0,24,237,481,3279
97030,0,104,320,734,8352
97034,0,77,635,1150,4283
97035,0,16,448,976,4985
97045,0,50,787,2109,16000
97048,0,3,14,49,354
97060,0,0,173,407,6043
97062,0,45,520,1257,7115
97068,0,64,931,2017,8332
97070,0,74,450,801,5841
97078,0,0,1,2,14
97080,0,74,515,992,11836
97086,0,70,527,1232,7261
97089,0,11,321,752,5241
97113,0,21,134,474,3330
97116,0,101,355,1108,6961
97123,0,210,722,1886,11098
97124,0,102,715,1978,12137
97140,0,37,571,1449,6855
97201,0,19,116,241,1426
97202,0,80,712,1539,10730
97203,0,56,447,941,8877
97205,0,12,45,80,501
97206,0,216,764,1678,15914
97209,0,16,72,132,833
97210,0,18,223,463,2711
97211,0,63,695,1379,9883
97212,0,0,843,1570,6999
97213,0,160,640,1250,9437
97214,0,81,486,891,6322
97215,0,28,410,825,5173
97216,0,36,135,379,4345
97217,0,142,687,1457,11219
97218,0,42,169,319,4530
97219,0,0,841,1867,10175
97220,0,0,376,883,8411
97221,0,0,425,757,3064
97222,0,0,314,922,9907
97223,0,196,981,2001,12331
97224,0,22,780,2015,10282
97225,0,31,454,1207,5761
97227,0,12,89,200,1240
97229,0,123,2060,4648,15970
97230,0,66,318,767,10597
97231,0,2,115,221,1095
97232,6,38,136,278,2815
97233,0,138,317,682,7871
97236,0,0,150,521,8555
97239,0,47,283,532,3111
97266,0,81,369,737,8677
97267,0,153,469,996,9168
97301,0,194,444,2872,13598
97302,37,99,659,3283,12012
97303,0,97,375,2793,11838
97304,0,0,101,524,2355
97305,65,229,392,2712,10630
97306,0,0,182,575,1751
97317,0,56,230,1401,6101
97321,0,0,43,356,1999
97322,0,0,0,181,2253
97330,0,0,322,737,2117
97333,0,0,124,437,1423
97338,0,0,70,257,1292
97351,0,0,27,114,594
97355,0,0,104,249,1402
97361,0,0,42,117,614
97370,0,0,10,93,396
97389,0,0,4,16,149
97392,0,0,0,34,193
97401,0,116,474,862,8615
97402,0,0,376,700,15763
97403,0,13,124,212,1957
97404,0,70,256,513,10527
97405,0,0,528,1102,10387
97408,0,0,221,484,4073
97448,0,1,2,7,57
97455,0,0,0,0,3
97457,0,0,0,0,0
97470,0,17,69,189,2667
97471,0,0,158,353,2999
97477,0,94,318,531,10743
97478,0,30,121,372,3168
97495,0,0,2,5,86
97496,0,0,24,45,965
97501,0,0,270,525,15183
97502,0,56,315,664,10530
97503,0,0,103,213,2932
97504,0,79,588,1065,14556
97524,0,25,126,205,2948
97526,0,0,184,386,8195
97527,0,36,212,399,5486
97530,0,4,61,139,1063
97532,0,0,6,14,198
97535,0,36,76,116,1663
97540,0,0,1,2,41
97701,0,0,517,970,10258
97702,0,12,607,1275,11562
97703,0,156,882,4447,7364
97801,0,48,197,319,4739
97826,0,0,0,0,5
97838,0,7,120,311,6380
97875,0,2,7,12,764
97882,0,3,27,44,941
15001,125,213,338,525,750
15003,0,29,53,116,164
15005,0,2,27,87,138
15009,13,30,98,175,252
15010,0,48,110,246,370
15014,0,0,0,0,6
15017,16,22,148,224,366
15024,8,31,80,139,199
15025,0,0,1,3,5
15027,0,3,11,22,34
15030,0,0,0,0,6
15034,1,10,17,21,25
15035,0,2,5,11,14
15042,0,0,47,84,128
15044,0,0,0,0,0
15045,6,11,12,16,18
15046,0,12,17,22,28
15049,0,0,1,2,5
15051,0,0,0,1,1
15056,3,4,8,10,16
15057,14,68,189,266,369
15061,11,54,86,166,247
15064,0,0,0,0,0
15065,0,0,0,0,18
15066,0,0,28,60,96
15068,0,0,179,402,610
15071,0,17,103,198,322
15074,0,26,73,120,161
15076,0,3,10,16,19
15081,1,1,2,2,3
15082,0,0,0,0,0
15084,0,0,29,62,102
15085,0,3,38,94,135
15101,0,4,86,221,303
15102,0,0,45,181,272
15104,0,3,66,123,189
15106,22,29,146,263,328
15108,0,28,378,685,993
15110,52,79,98,123,150
15112,3,9,23,29,38
15116,0,21,26,144,273
15120,20,68,129,211,313
15122,63,166,245,348,427
15126,2,12,20,54,68
15131,0,29,66,107,141
15132,0,128,214,363,463
15133,4,19,34,47,60
15136,68,144,296,498,642
15137,20,36,71,107,123
15139,0,6,39,119,177
15140,1,4,11,18,24
15142,3,4,33,74,117
15143,0,0,131,361,590
15144,7,24,34,39,44
15145,17,52,69,101,114
15146,0,20,158,286,405
15147,117,154,204,296,370
15148,10,24,42,51,65
15201,13,58,113,204,292
15202,5,32,102,176,231
15203,0,40,138,274,335
15204,0,12,41,80,121
15205,39,65,91,194,356
15206,14,102,257,392,582
15207,48,80,119,163,227
15208,0,11,72,177,260
15209,5,18,54,104,159
15210,0,104,152,272,367
15211,0,42,118,183,225
15212,48,135,215,334,485
15213,23,145,244,332,403
15214,0,23,136,185,271
15215,19,34,121,258,352
15216,0,61,184,328,464
15217,25,114,381,597,782
15218,28,60,137,242,315
15219,48,115,175,233,308
15220,0,44,66,149,216
15221,82,173,280,486,577
15222,1,5,22,42,60
15223,5,25,43,80,118
15224,3,28,70,98,121
15225,6,11,12,16,19
15226,5,21,52,119,145
15227,40,69,138,247,415
15228,30,43,168,362,504
15229,0,18,82,155,224
15232,20,31,77,124,170
15233,2,13,49,75,97
15234,0,5,47,120,187
15235,180,252,420,528,661
15236,0,0,164,356,482
15237,21,159,402,645,920
15238,0,0,114,347,564
15239,49,58,148,264,371
15241,0,25,200,458,624
15243,0,13,118,256,416
15317,0,0,0,0,0
15321,0,0,0,0,0
15361,0,0,0,0,0
15545,0,0,0,0,0
15613,0,0,9,53,110
15615,0,0,0,0,0
15629,0,0,0,0,1
15632,0,0,0,0,0
15636,0,0,0,0,0
15641,0,0,0,2,2
15642,0,64,156,340,551
15644,0,0,0,0,0
15656,0,0,0,0,4
15665,0,0,0,0,2
15668,5,9,163,349,539
15673,0,0,0,0,1
15690,0,0,0,0,18
15692,0,0,0,0,6
15801,0,0,0,25,89
15840,0,1,7,12,15
15851,0,0,6,11,24
15901,0,0,35,68,93
15902,0,0,14,72,126
15904,0,19,76,157,228
15905,0,22,56,95,182
15906,0,13,44,64,90
15909,0,2,14,18,22
15928,0,0,2,10,16
15935,0,0,0,0,1
15942,0,0,0,1,3
15946,0,0,0,0,0
15963,0,0,15,32,60
16001,0,0,52,134,258
16002,0,0,2,4,10
16045,0,0,0,0,1
16053,0,0,1,2,6
16121,0,0,30,62,123
16143,0,0,0,0,0
16146,0,23,66,112,159
16148,0,0,0,0,46
16150,0,2,8,14,35
16159,0,0,1,6,9
16161,0,0,4,7,9
16229,0,0,0,0,0
16415,0,0,2,12,33
16421,0,0,1,10,16
16501,0,0,7,18,27
16502,0,0,21,63,118
16503,0,0,44,144,205
16504,0,16,60,88,137
16505,0,0,19,80,222
16506,0,0,24,154,275
16507,0,0,14,38,71
16508,0,0,0,17,108
16509,0,7,82,195,269
16510,0,30,143,240,360
16511,0,0,6,25,47
16601,0,0,61,183,265
16602,0,0,63,241,377
16635,0,0,23,41,92
16636,0,0,0,1,3
16637,0,0,5,13,22
16648,0,0,0,61,157
16665,0,0,1,2,2
16669,0,0,0,0,0
16673,0,0,0,15,40
16801,0,10,106,261,391
16803,0,0,0,33,178
16823,0,0,0,0,1
16865,0,0,0,1,1
16868,0,0,0,1,2
16870,0,0,0,0,1
17003,0,0,0,15,58
17011,0,68,165,282,388
17019,0,0,0,0,0
17022,0,0,0,5,11
17025,0,10,61,182,269
17028,0,0,0,1,2
17033,0,0,15,27,170
17034,0,0,0,4,10
17036,0,20,51,118,307
17038,0,0,0,0,0
17042,0,61,72,164,307
17043,13,15,30,55,81
17046,0,0,45,90,203
17050,0,0,0,364,656
17053,0,1,7,19,28
17055,0,0,0,29,196
17057,0,0,0,76,196
17067,0,0,1,3,6
17070,0,0,0,29,112
17078,0,0,9,63,130
17093,0,0,2,3,4
17101,4,7,12,14,16
17102,0,62,113,177,221
17103,4,68,176,237,313
17104,0,63,158,316,416
17109,25,50,94,119,157
17110,0,14,122,317,403
17111,44,79,176,361,494
17112,0,0,0,124,315
17113,0,0,26,63,130
17225,0,0,0,1,1
17263,0,0,0,0,0
17268,0,0,0,0,1
17319,0,9,25,57,104
17325,0,4,27,103,175
17339,0,0,0,10,23
17340,0,0,0,0,1
17345,0,18,31,42,54
17347,0,0,1,11,35
17360,0,0,0,0,0
17370,0,0,1,2,6
17401,0,0,0,27,67
17402,0,0,8,36,92
17403,0,0,0,111,324
17404,0,0,0,32,212
17406,0,0,0,17,98
17407,0,0,1,7,17
17408,0,0,0,1,2
17501,0,8,12,24,42
17502,0,0,0,0,0
17505,0,6,15,34,51
17508,0,0,0,1,1
17512,0,0,2,6,8
17516,0,0,0,3,12
17520,10,10,14,38,49
17522,0,3,24,37,78
17529,0,0,2,9,15
17538,0,0,11,43,62
17540,0,18,66,105,136
17543,0,0,19,113,375
17545,0,0,7,43,82
17551,13,40,58,84,113
17552,0,0,0,0,1
17554,0,5,11,50,89
17557,0,0,2,7,10
17560,0,0,0,0,0
17562,0,1,4,9,13
17572,0,3,10,22,31
17579,0,4,12,24,56
17582,0,0,0,1,5
17584,0,0,9,42,74
17601,42,69,125,556,889
17602,67,100,156,380,446
17603,128,160,208,415,702
17701,0,0,120,299,514
17702,0,6,38,73,90
17728,0,1,1,2,5
17744,0,0,0,0,0
17754,0,3,26,49,83
17756,0,0,0,2,4
17801,0,0,28,60,82
17815,0,42,100,174,237
17837,0,0,22,41,45
17847,0,0,0,0,2
17850,0,0,0,0,0
17857,0,0,0,0,16
17859,0,1,2,3,5
17870,7,10,20,88,121
17876,0,0,0,8,17
17889,0,0,0,0,1
17901,24,85,133,182,248
17923,0,2,5,8,11
17951,0,0,0,0,0
17954,0,11,27,38,53
17965,0,0,1,5,8
17970,0,4,8,14,18
18011,0,0,0,6,26
18013,0,0,13,82,151
18014,0,0,0,24,68
18015,67,112,157,231,417
18017,0,0,23,309,571
18018,0,33,155,262,327
18020,0,0,7,112,293
18031,0,0,0,17,99
18032,0,23,47,76,108
18034,0,3,56,163,273
18036,0,10,54,163,252
18037,0,6,12,66,133
18038,0,0,0,1,2
18040,0,0,12,41,260
18042,0,0,0,67,222
18045,0,0,38,150,413
18049,24,54,96,209,323
18051,0,4,6,8,39
18052,0,0,0,51,214
18053,0,0,2,3,11
18055,0,0,3,10,65
18059,0,0,3,8,28
18062,0,0,14,51,354
18064,0,0,0,61,330
18066,0,0,0,0,1
18067,14,34,41,54,149
18069,0,0,0,49,196
18072,0,0,0,29,75
18074,0,0,0,13,49
18077,0,0,0,1,3
18078,3,3,63,141,245
18079,0,0,0,0,0
18080,8,24,67,119,170
18083,0,0,0,0,1
18085,0,0,1,1,8
18086,0,0,0,0,1
18087,0,0,2,4,5
18088,0,0,0,0,45
18091,0,0,1,2,17
18092,0,0,0,7,19
18101,0,4,6,15,26
18102,36,144,216,269,305
18103,87,124,248,396,520
18104,0,0,40,436,714
18106,0,0,27,86,172
18109,0,5,66,143,164
18343,0,0,2,4,9
18353,0,0,0,0,0
18360,0,0,0,1,1
18403,0,0,6,37,57
18411,0,0,5,27,56
18433,0,0,0,34,85
18434,0,0,0,9,22
18436,0,0,0,0,0
18444,0,0,0,0,1
18447,0,12,27,58,77
18452,0,4,14,20,29
18503,1,5,8,11,13
18504,0,30,60,166,234
18505,0,0,66,159,218
18507,0,15,44,101,165
18508,0,11,73,142,180
18509,0,33,44,81,144
18510,0,33,74,104,145
18512,0,5,26,104,145
18517,0,4,31,71,90
18518,0,22,51,98,156
18519,4,28,44,74,112
18603,0,33,83,144,238
18612,0,0,20,127,199
18621,0,0,0,0,1
18631,0,3,7,11,14
18634,35,79,96,149,218
18635,0,0,2,6,19
18640,0,63,113,157,233
18641,3,8,21,29,43
18642,0,7,16,20,38
18643,0,0,63,126,201
18644,0,0,6,45,80
18651,0,0,28,49,70
18660,0,0,0,0,0
18701,1,11,22,31,37
18702,0,192,312,503,695
18704,0,93,243,406,579
18705,0,12,48,90,162
18706,0,0,77,124,218
18707,0,0,0,0,1
18708,9,12,29,76,111
18709,9,27,45,65,75
18901,0,0,0,39,228
18902,0,0,0,0,1
18914,0,0,144,489,733
18915,0,0,0,20,35
18925,0,0,0,79,286
18927,0,0,0,1,1
18929,0,3,8,73,245
18932,0,0,0,4,8
18936,0,0,0,16,50
18938,0,0,0,30,97
18940,0,0,0,153,776
18951,0,0,0,1,3
18954,0,0,0,10,236
18964,13,20,53,104,142
18966,0,32,64,181,532
18969,0,1,4,10,14
18974,0,0,0,144,397
18976,0,0,0,76,332
18977,0,0,1,27,155
19001,0,20,50,85,235
19002,0,40,60,70,815
19003,0,0,11,62,196
19004,0,0,0,70,160
19006,0,0,38,101,437
19007,0,0,0,42,116
19008,0,0,6,18,342
19009,0,0,0,2,7
19010,0,0,15,136,373
19012,0,0,0,6,95
19013,0,0,58,139,238
19014,0,0,0,56,243
19015,0,0,8,23,70
19018,0,0,32,63,126
19020,0,0,0,180,481
19021,0,3,28,45,59
19022,0,0,2,8,21
19023,0,0,41,92,137
19025,0,0,3,46,144
19026,0,13,50,95,170
19027,0,0,0,52,205
19029,0,0,0,15,27
19030,0,0,0,42,122
19031,0,0,0,36,120
19032,0,0,0,18,41
19033,0,0,2,27,86
19034,0,0,4,18,159
19035,0,0,0,11,149
19036,0,10,18,20,66
19038,0,0,42,92,458
19040,0,0,0,71,251
19041,0,0,2,41,115
19043,0,0,0,7,14
19044,0,0,0,4,122
19046,0,0,28,107,283
19047,0,0,0,56,409
19050,0,22,49,81,157
19053,0,0,0,113,302
19054,0,0,20,25,99
19055,0,0,12,20,64
19056,0,0,0,27,126
19057,0,0,0,9,71
19060,0,0,3,21,211
19061,0,25,60,86,192
19063,0,0,0,131,518
19064,0,0,0,104,371
19066,0,1,5,32,125
19067,0,0,0,194,814
19070,0,0,10,48,89
19072,0,0,0,11,154
19073,0,0,0,85,364
19074,0,5,18,30,53
19075,0,13,13,25,97
19076,0,0,4,38,72
19078,0,0,10,49,96
19079,0,0,10,29,62
19081,0,0,2,48,121
19082,0,0,0,48,123
19083,0,0,29,67,419
19085,0,0,1,7,183
19086,0,0,9,15,147
19087,0,6,12,24,476
19090,0,0,39,163,259
19094,0,0,0,3,20
19095,0,0,21,53,112
19096,0,0,0,15,218
19102,0,0,1,3,20
19103,0,13,26,58,111
19104,0,0,0,171,327
19106,0,0,3,7,61
19107,0,0,3,24,56
19108,0,0,0,0,0
19111,0,0,87,164,284
19114,0,0,0,25,134
19115,0,0,0,140,288
19116,0,0,19,65,208
19118,0,0,10,28,125
19119,0,0,5,34,125
19120,0,0,24,91,219
19121,0,0,42,155,340
19122,0,0,17,101,200
19123,0,0,27,77,155
19124,0,0,84,222,367
19125,0,0,10,59,192
19126,0,0,17,46,70
19127,0,0,5,26,106
19128,0,0,0,53,290
19129,0,0,6,32,94
19130,0,0,0,19,164
19131,0,23,147,216,289
19132,0,0,0,119,227
19133,0,0,43,113,216
19134,0,0,76,242,332
19135,0,24,101,183,232
19136,0,0,0,37,74
19137,0,0,17,44,83
19138,0,0,4,111,200
19139,0,0,97,210,331
19140,0,55,199,344,385
19141,0,0,56,123,198
19142,0,0,38,84,149
19143,0,0,99,213,383
19144,0,0,34,172,364
19145,0,12,68,111,215
19146,0,47,88,189,425
19147,0,0,34,149,461
19148,0,0,0,87,268
19149,0,0,41,64,110
19150,0,0,4,54,116
19151,0,0,0,67,130
19152,0,0,0,14,183
19153,0,0,13,86,156
19154,0,0,26,83,256
19301,0,0,0,16,109
19311,0,0,0,2,7
19312,0,12,25,83,347
19317,0,3,14,60,211
19319,0,0,0,1,4
19333,0,0,7,55,132
19335,0,0,0,4,9
19341,0,0,0,53,167
19342,0,14,19,24,256
19348,0,0,0,1,11
19350,0,0,0,3,79
19355,0,18,24,36,498
19373,0,0,0,22,98
19380,0,0,0,187,761
19382,0,0,0,203,891
19401,0,0,26,69,243
19403,0,0,0,109,486
19405,0,0,1,6,35
19406,0,0,6,54,222
19422,0,0,6,100,494
19426,0,0,0,0,831
19428,0,14,24,38,219
19436,0,0,1,3,5
19437,0,0,0,0,2
19438,20,47,122,508,772
19440,0,23,92,254,364
19444,0,0,0,59,205
19446,42,127,170,749,1131
19453,0,0,0,3,7
19454,0,0,7,64,349
19460,0,0,9,96,508
19462,0,13,27,85,303
19464,0,0,0,0,1
19468,0,0,6,31,163
19473,0,0,20,97,333
19475,0,0,0,13,36
19492,0,0,0,2,5
19506,0,0,0,0,2
19508,0,3,6,17,33
19510,0,0,0,9,45
19522,0,8,16,25,74
19525,0,0,0,1,3
19533,0,0,6,22,42
19539,0,0,1,3,15
19540,0,0,7,19,47
19541,0,0,0,1,3
19547,0,0,0,0,2
19555,0,0,0,0,1
19560,0,2,14,26,54
19565,0,0,0,0,0
19601,0,12,121,206,291
19602,0,3,56,97,135
19604,0,0,33,66,113
19605,0,0,0,57,108
19606,0,0,9,223,326
19607,0,0,34,51,154
19608,0,0,9,44,157
19609,0,0,10,34,99
19610,0,9,17,30,196
19611,0,0,15,51,78
2802,0,0,0,0,112
2806,0,0,9,714,4246
2809,0,0,80,636,6367
2814,0,0,1,5,76
2816,0,0,36,371,5761
2817,0,0,3,24,227
2818,0,0,23,672,4253
2822,0,0,0,5,60
2828,0,0,0,114,1751
2830,0,0,0,1,13
2831,0,0,2,84,901
2835,0,0,0,42,272
2838,0,0,29,66,684
2852,0,0,35,295,3021
2857,0,0,1,45,544
2860,0,0,105,497,8504
2861,0,0,88,272,7234
2863,0,0,34,97,2803
2864,0,0,93,792,8855
2865,0,0,19,452,4537
2871,0,0,11,430,3579
2878,0,0,5,322,5041
2885,0,0,53,328,3414
2886,0,0,61,478,7322
2888,0,0,48,327,5769
2889,0,0,49,368,7976
2893,0,0,51,385,7069
2895,0,0,202,461,7874
2896,0,0,17,161,2259
2903,0,0,24,154,1484
2904,0,0,50,498,6974
2905,0,0,160,564,5041
2906,0,0,51,545,4753
2907,0,0,77,226,4142
2908,0,0,78,482,7572
2909,0,0,127,360,6855
2910,0,0,19,224,6280
2911,0,0,32,221,3902
2914,0,0,82,310,6176
2915,0,0,23,277,4410
2916,0,0,0,205,2246
2917,0,0,31,282,2975
2919,0,0,99,630,8660
2920,0,0,70,596,9622
2921,0,0,18,476,3416
29016,50,194,941,2558,2617
29020,0,53,205,2232,3029
29033,36,173,1363,4495,4532
29036,0,9,85,525,1032
29039,0,5,12,205,208
29040,0,3,16,276,363
29044,0,1,3,30,40
29045,0,210,535,5185,7036
29053,120,439,2056,6494,6581
29061,25,84,816,2405,2440
29063,75,517,2950,8042,8226
29072,130,1111,6093,17964,18335
29073,102,581,5262,16810,16963
29078,0,77,174,3518,4779
29115,243,537,2346,6214,6329
29118,48,70,636,1808,1832
29123,15,77,756,2528,2551
29150,79,298,570,6483,8580
29152,0,1,2,22,28
29153,0,44,114,1132,1533
29154,0,48,87,1643,2247
29160,4,71,568,1835,1860
29161,0,3,10,101,129
29169,95,381,2372,7757,7861
29170,52,235,2712,8580,8650
29172,4,88,1082,3635,3653
29201,222,815,2193,4846,5032
29203,475,886,3791,10487,10670
29204,122,360,1693,4708,4796
29205,137,443,2239,6235,6436
29206,69,358,1726,4732,4835
29209,116,627,3717,11279,11523
29210,69,290,2271,7529,7582
29212,150,468,2958,8599,8741
29223,418,1104,5044,14402,14820
29229,98,555,5190,16093,16207
29301,0,212,596,5152,9890
29302,0,92,372,2703,5228
29303,0,309,448,3942,7591
29306,0,159,336,2353,4299
29307,0,184,361,3155,6151
29316,0,44,328,4485,8695
29323,0,3,18,415,831
29329,0,1,1,13,24
29330,0,15,54,454,872
29334,0,38,264,2408,4686
29346,0,0,0,44,88
29349,0,41,345,3469,6587
29365,0,4,99,2169,4239
29369,0,33,236,2464,4604
29376,0,19,80,933,1828
29377,0,0,0,15,31
29385,0,0,61,1532,3021
29388,0,9,22,435,844
29401,62,401,1590,2916,3049
29403,162,594,2826,5508,5681
29404,1,11,252,560,564
29405,117,278,3316,7180,7275
29406,79,236,2646,5546,5596
29407,169,705,4237,8616,8830
29410,15,239,1817,4864,4963
29412,136,782,5552,10946,11206
29414,111,544,4643,9830,10001
29418,121,310,2579,5942,6014
29420,46,275,1790,4467,4536
29429,2,21,177,350,356
29439,63,180,672,1238,1289
29440,0,0,0,5,5
29445,193,645,6012,15844,16037
29451,6,567,1653,2837,3086
29455,13,75,434,859,885
29456,78,303,2815,7666,7736
29464,210,1453,7197,13317,13722
29466,66,1199,5400,10415,10822
29472,0,0,5,16,16
29482,13,178,546,928,1001
29483,298,646,5946,16215,16414
29485,92,507,5742,15106,15245
29486,0,92,188,4060,4123
29492,24,348,1981,4562,4695
29501,71,273,749,7587,9802
29505,0,19,161,2898,3802
29506,13,147,262,1935,2474
29526,0,237,633,9603,9752
29527,0,63,130,3101,3142
29532,0,63,170,2774,3650
29540,0,0,1,8,11
29541,0,3,10,189,246
29566,15,102,225,5972,7194
29568,0,32,122,3370,4028
29572,20,184,380,3786,3910
29575,90,261,423,8776,8920
29576,0,253,721,12276,12428
29577,103,360,679,9994,10138
29579,12,253,602,11676,11989
29582,23,128,580,9443,11381
29585,0,182,460,5084,5261
29588,0,285,741,13747,14118
29601,0,21,192,1664,2944
29605,0,139,940,5886,10330
29607,0,87,585,5786,10499
29609,0,94,755,4621,8317
29611,0,134,544,4944,9287
29615,0,164,559,5208,9433
29617,0,94,322,4137,7677
29621,0,95,634,5702,10254
29624,0,181,351,2670,4744
29625,0,95,262,3960,7177
29626,0,86,189,1813,3219
29627,0,3,11,105,181
29630,0,21,64,646,1169
29631,0,56,202,1256,2270
29640,0,65,454,5809,10656
29642,0,192,544,5804,10425
29644,0,32,91,1487,2878
29650,0,108,748,5799,10460
29651,0,57,509,7316,13910
29657,0,13,82,1410,2609
29662,0,0,97,2376,4563
29665,0,3,8,37,64
29670,0,4,39,482,855
29671,0,19,87,1157,2100
29672,6,19,76,675,1207
29673,0,74,379,4476,8054
29678,0,53,123,1495,2882
29680,0,31,273,4002,7653
29681,17,120,891,9100,16623
29684,0,4,13,431,777
29687,0,79,407,5895,11125
29690,0,8,167,2169,4092
29691,0,0,0,2,4
29693,0,0,0,6,12
29696,0,0,0,5,11
29697,0,0,0,1,1
29707,10,51,648,5314,9737
29708,0,35,745,4525,8429
29710,0,30,168,1214,2388
29715,0,50,697,4292,8105
29720,0,53,244,3382,6468
29730,0,77,473,5263,10757
29732,0,221,580,5723,11295
29745,0,6,22,244,473
29801,243,687,3261,8366,8583
29803,0,688,5004,13098,13327
29805,0,1,8,22,22
29809,0,16,52,1056,1070
29816,1,1,5,14,14
29821,1,2,19,51,52
29828,22,43,149,436,443
29829,58,116,1255,3816,3855
29831,0,2,21,66,67
29834,3,7,41,140,142
29841,0,532,4127,11530,11720
29842,0,48,901,2955,2973
29851,37,141,1310,3671,3693
29860,31,156,1315,3797,3867
29902,30,138,1271,2691,2738
29906,38,149,1414,3123,3146
29907,11,59,351,733,750
29909,0,0,0,1,1
29910,10,43,303,632,648
29915,0,14,86,178,185
29920,0,1,7,15,15
29926,27,359,2605,5188,5285
29927,0,0,0,1,1
29928,50,346,836,5842,6138
29935,6,13,227,500,504
57005,0,0,0,0,0
57049,0,0,0,0,0
57055,0,0,0,0,0
57064,0,0,0,0,0
57103,0,0,0,0,0
57104,14,14,14,20,20
57105,20,27,27,27,27
57106,0,0,0,0,0
57107,0,0,0,0,3
57108,0,0,0,0,0
57110,0,0,0,0,0
57701,57,69,80,103,115
57702,7,7,7,7,7
57703,0,4,4,8,8
57719,0,0,1,1,1
57730,5,8,9,10,10
57744,0,0,0,0,0
57745,1,1,1,2,2
57751,0,0,0,0,0
37010,0,0,0,0,0
37013,0,0,0,0,0
37014,0,0,0,0,0
37027,0,0,0,0,0
37040,0,0,0,0,0
37042,0,0,0,0,0
37043,0,0,0,0,0
37064,0,0,0,0,0
37066,0,0,0,0,0
37067,8,8,8,8,8
37069,33,33,33,33,33
37072,0,0,0,0,0
37075,0,0,0,0,0
37076,0,0,0,0,0
37080,0,0,0,0,0
37086,0,0,0,0,0
37115,0,0,0,0,0
37122,0,0,0,0,0
37127,0,0,0,0,0
37128,0,0,0,0,0
37129,0,0,0,0,0
37130,0,0,0,0,0
37135,0,0,0,0,0
37138,0,0,0,0,0
37153,0,0,0,0,0
37167,0,0,0,0,0
37189,0,0,0,0,0
37191,0,0,0,0,0
37201,0,0,0,0,0
37203,0,0,0,0,0
37204,0,0,0,0,0
37205,0,0,0,0,0
37206,0,0,0,0,0
37207,0,0,0,0,0
37208,0,0,0,0,0
37209,0,0,0,0,0
37210,0,0,0,0,0
37211,0,0,0,0,0
37212,0,0,0,0,0
37214,0,0,0,0,0
37215,0,0,0,0,0
37216,0,0,0,0,0
37217,0,0,0,0,0
37218,0,0,0,0,0
37219,0,0,0,0,0
37220,0,0,0,0,0
37221,0,0,0,0,0
37228,0,0,0,0,0
37310,0,0,0,0,0
37311,0,0,0,0,0
37312,0,0,0,0,0
37323,0,0,0,0,0
37336,0,0,0,0,0
37341,0,0,0,0,0
37343,0,0,0,0,0
37350,0,0,0,0,0
37351,0,0,0,0,0
37353,0,0,0,0,0
37354,0,0,0,0,0
37355,0,0,0,0,0
37360,0,0,0,0,0
37363,0,0,0,0,0
37377,0,0,0,0,0
37379,0,0,0,0,0
37385,0,0,0,0,0
37388,0,0,0,0,0
37402,0,0,0,0,0
37403,0,0,0,0,0
37404,0,0,0,0,0
37405,0,0,0,0,0
37406,0,0,0,0,0
37407,0,0,0,0,0
37408,0,0,0,0,0
37409,0,0,0,0,0
37410,0,0,0,0,0
37411,0,0,0,0,0
37412,0,0,0,0,0
37415,0,0,0,0,0
37416,19,19,19,19,19
37419,0,0,0,0,0
37421,0,0,0,0,0
37601,0,0,0,0,0
37604,0,0,0,0,0
37615,0,0,0,0,0
37617,0,0,0,0,0
37618,0,0,0,0,0
37642,0,0,0,0,0
37643,0,0,0,0,0
37645,0,0,0,0,0
37658,0,0,0,0,0
37659,0,0,0,0,0
37660,0,0,0,0,0
37663,0,0,0,0,0
37664,0,0,0,0,0
37665,0,0,0,0,0
37686,0,0,0,0,0
37692,0,0,0,0,0
37694,0,0,0,0,0
37701,0,0,0,0,0
37708,0,0,0,0,0
37710,0,0,0,0,0
37714,0,0,0,0,0
37716,0,0,0,0,0
37721,0,0,0,0,0
37737,0,0,0,0,0
37738,0,0,0,0,0
37742,0,0,0,0,0
37754,0,0,0,0,0
37769,0,0,0,0,0
37771,0,0,0,0,0
37772,0,0,0,0,0
37774,0,0,0,0,0
37777,0,0,0,0,0
37801,0,0,0,0,0
37803,0,0,0,0,0
37804,0,0,0,0,0
37806,0,0,0,0,0
37813,0,0,0,0,0
37814,0,0,0,0,0
37821,0,0,0,0,0
37830,0,0,0,0,0
37840,0,0,0,0,0
37846,0,0,0,0,0
37849,0,0,0,0,0
37853,0,0,0,0,0
37860,0,0,0,0,0
37861,0,0,0,0,0
37862,0,0,0,0,0
37863,0,0,0,0,0
37865,0,0,0,0,0
37871,0,0,0,0,0
37876,0,0,0,0,0
37877,0,0,0,0,0
37885,0,0,0,0,0
37886,0,0,0,0,0
37890,0,0,0,0,0
37902,0,0,0,0,0
37909,0,0,0,0,0
37912,0,0,0,0,0
37914,0,0,0,0,0
37915,0,0,0,0,0
37916,0,0,0,0,0
37917,0,0,0,0,0
37918,0,0,0,0,0
37919,0,0,0,0,0
37920,0,0,0,0,0
37921,0,0,0,0,0
37922,0,0,0,0,0
37923,0,0,0,0,0
37924,0,0,0,0,0
37931,0,0,0,0,0
37932,0,0,0,0,0
37934,0,0,0,0,0
37938,0,0,0,0,0
38002,0,0,0,0,0
38016,0,0,0,0,0
38017,0,0,0,0,0
38018,0,0,0,0,0
38028,0,0,0,0,0
38053,0,0,0,0,0
38103,0,0,0,0,0
38104,0,0,0,0,0
38105,0,0,0,0,0
38106,0,0,0,0,0
38107,0,0,0,0,0
38108,0,0,0,0,0
38109,0,0,0,0,0
38111,0,0,0,0,0
38112,0,0,0,0,0
38114,0,0,0,0,0
38115,0,0,0,0,0
38116,0,0,0,0,0
38117,0,0,0,0,0
38118,0,0,0,0,0
38119,0,0,0,0,0
38120,0,0,0,0,0
38122,0,0,0,0,0
38125,0,0,0,0,0
38126,0,0,0,0,0
38127,0,0,0,0,0
38128,0,0,0,0,0
38133,0,0,0,0,0
38134,0,0,0,0,0
38135,0,0,0,0,0
38138,0,0,0,0,0
38139,0,0,0,0,0
38141,0,0,0,0,0
38301,0,0,0,0,0
38305,0,0,0,0,0
38343,0,0,0,0,0
38355,0,0,0,0,0
38356,0,0,0,0,0
38362,0,0,0,0,0
38401,0,0,0,0,0
38501,0,0,0,0,0
38506,0,0,0,0,0
75001,0,51,189,2149,2182
75002,106,658,3269,20230,20973
75006,0,267,823,10421,10613
75007,0,555,2006,13698,14082
75010,0,224,709,5846,6015
75013,46,825,2499,10662,11200
75019,63,682,2128,9741,10328
75020,0,156,453,7674,7792
75021,0,25,68,1455,1464
75022,0,499,1838,6092,6518
75023,87,464,1609,13988,14321
75024,0,431,1441,8260,8673
75025,0,669,2837,13762,14286
75028,0,815,2641,12312,13022
75032,0,1,2,13,14
75033,0,3,9,35,38
75034,166,1748,4883,26273,27466
75035,0,1146,4013,17252,18214
75038,0,109,261,3306,3364
75039,0,56,250,1936,1991
75040,0,374,1069,17518,17732
75041,0,115,522,7548,7617
75042,0,203,441,8735,8788
75043,0,247,1004,16253,16401
75044,12,159,1100,11937,12132
75048,24,434,1431,7547,7933
75050,24,154,381,8024,8105
75051,0,105,492,7909,8006
75052,0,407,1986,23494,23829
75054,0,196,757,3213,3402
75056,122,732,2454,14390,15061
75057,0,53,179,2479,2499
75060,38,236,641,9187,9385
75061,0,123,345,8081,8188
75062,0,125,403,8820,8945
75063,7,291,944,6893,7190
75065,7,142,485,3501,3632
75067,71,320,878,11624,11825
75068,8,310,1147,7247,7451
75069,31,156,384,2662,2751
75070,138,1025,2642,18870,19600
75074,53,476,1376,12772,13129
75075,0,348,1325,10458,10762
75076,0,9,54,735,749
75077,0,480,1581,10357,10858
75080,118,614,1529,10276,10642
75081,70,350,1000,9704,9924
75082,0,376,1071,6121,6394
75087,0,13,47,317,332
75088,0,65,882,9041,9208
75089,0,177,1219,10110,10308
75090,118,308,512,6389,6534
75092,0,147,395,6587,6660
75093,0,947,2651,12523,13335
75094,7,373,1106,6552,6849
75098,0,648,2083,16696,17361
75104,0,712,1362,14935,15322
75115,0,271,1061,12068,12265
75116,10,107,321,5025,5076
75125,0,0,1,15,15
75134,0,73,293,6019,6092
75137,0,112,505,6115,6203
75141,0,24,94,1160,1173
75146,26,167,376,5125,5193
75149,0,333,883,16486,16602
75150,103,324,663,14542,14646
75159,3,17,39,654,664
75172,2,18,36,867,872
75180,0,18,176,6045,6075
75181,13,102,370,6275,6346
75182,0,131,472,2120,2251
75201,0,15,78,529,549
75202,0,4,14,115,118
75203,0,79,233,2490,2515
75204,9,109,328,2126,2204
75205,5,406,1335,4219,4573
75206,19,221,647,4564,4741
75207,7,39,131,1062,1083
75208,0,163,639,5588,5768
75209,0,128,658,2990,3145
75210,8,54,110,1259,1265
75211,0,331,775,11171,11319
75212,0,241,675,5057,5178
75214,0,502,1606,7140,7572
75215,0,206,441,3159,3224
75216,73,706,1388,11844,11990
75217,0,482,1322,17629,17772
75218,0,203,1177,6604,6912
75219,0,65,239,1782,1838
75220,49,207,474,5301,5404
75223,0,105,284,2370,2421
75224,74,248,409,6041,6134
75225,20,478,1385,4423,4861
75226,0,14,54,709,716
75227,50,435,944,12224,12336
75228,128,499,1283,14019,14161
75229,0,493,1588,8558,9024
75230,0,385,1377,5880,6209
75231,13,77,312,3288,3325
75232,0,311,696,8003,8109
75233,0,31,155,3077,3099
75234,0,96,541,6679,6775
75235,0,122,231,2371,2415
75236,21,116,251,2986,3038
75237,0,125,272,2480,2518
75238,0,316,1021,6394,6649
75240,13,123,263,2535,2598
75241,27,503,1043,8937,9037
75243,0,237,816,7974,8089
75244,0,123,504,3259,3382
75246,3,21,38,276,282
75247,12,75,147,994,1017
75248,0,486,1430,8343,8714
75249,0,56,193,4628,4675
75251,0,2,7,151,153
75252,0,276,862,5457,5675
75253,10,197,363,5052,5146
75254,5,58,170,2379,2426
75287,83,393,870,7324,7521
75459,0,11,48,704,714
75501,0,504,935,10137,10305
75503,0,51,514,7055,7246
75569,1,1,2,1090,1090
75601,0,92,287,5015,5087
75602,0,117,376,5958,6081
75603,0,24,87,1160,1180
75604,0,124,344,9356,9480
75605,0,101,614,8097,8316
75640,0,2,14,338,343
75644,0,28,71,1838,1868
75645,0,15,35,476,489
75647,0,40,126,1937,1977
75650,0,24,87,1551,1590
75652,0,1,4,53,54
75662,0,51,227,5542,5644
75684,0,0,0,5,5
75693,0,65,230,2311,2378
75701,0,418,1034,10645,10876
75702,0,241,500,9140,9195
75703,55,318,1063,10554,10838
75704,0,36,77,1838,1863
75705,0,10,21,200,206
75706,0,15,69,1494,1514
75707,0,24,181,3406,3451
75708,14,20,34,1994,2008
75709,0,18,64,1512,1532
75751,57,236,415,4589,4664
75752,2,9,21,312,317
75755,0,0,0,1,1
75757,0,1,3,36,37
75758,0,14,52,903,912
75762,0,39,187,2219,2279
75771,0,8,117,1957,1991
75789,0,0,0,6,6
75791,0,77,193,2579,2626
75792,0,5,10,130,131
75901,0,169,427,6125,6220
75904,0,53,251,6487,6566
75941,0,25,61,989,1001
75949,0,14,26,513,519
75961,0,99,214,2448,2507
75964,10,99,158,2499,2524
75965,0,36,158,2154,2226
75969,0,0,1,50,50
76001,0,251,964,7597,7762
76002,30,293,968,9784,10037
76005,0,16,48,151,165
76006,0,47,212,3113,3151
76008,0,0,2,8,9
76010,0,265,705,7856,7944
76011,0,66,286,3439,3470
76012,32,197,826,6152,6311
76013,0,303,808,6141,6229
76014,0,92,475,7013,7034
76015,0,100,239,3254,3301
76016,0,265,1117,9546,9752
76017,0,403,1261,10233,10540
76018,0,93,614,7660,7769
76021,0,224,914,8114,8263
76022,27,48,188,2950,2974
76034,0,628,2287,6405,7062
76036,0,17,51,544,555
76039,14,159,705,6780,6863
76040,18,108,491,5875,5959
76051,53,466,1548,10146,10485
76052,0,204,1217,7193,7496
76053,27,185,618,6771,6805
76054,0,109,463,3917,4006
76060,15,118,423,2833,2913
76063,0,707,2778,16478,17150
76071,0,6,23,156,160
76078,0,0,1,13,13
76092,16,946,3163,7019,7891
76102,10,78,209,1250,1291
76103,0,100,351,4123,4140
76104,67,262,633,5948,6046
76105,0,156,530,6117,6210
76106,106,326,825,9419,9534
76107,0,559,1656,9525,9844
76108,19,203,1004,9412,9624
76109,91,548,1409,6068,6414
76110,90,449,1197,9707,9896
76111,0,31,358,6230,6256
76112,0,294,1026,9971,10093
76114,14,230,780,6803,6928
76115,105,309,717,5129,5182
76116,0,521,1369,11033,11237
76117,61,227,558,8611,8680
76118,15,190,554,4987,5095
76119,23,333,861,11320,11401
76120,0,74,394,3800,3881
76123,20,335,1096,9957,10109
76126,7,194,922,6411,6611
76127,0,0,0,294,294
76131,12,230,1082,11299,11471
76132,32,210,648,5240,5364
76133,0,485,1329,15322,15557
76134,55,164,624,7697,7744
76135,0,141,516,4727,4849
76137,64,334,1334,15599,15806
76140,0,101,604,7679,7726
76148,0,89,747,8700,8860
76155,0,2,14,381,384
76164,84,128,374,4876,4905
76177,27,114,332,3276,3333
76179,0,458,2002,18668,19011
76180,0,172,771,8857,9003
76182,0,361,1667,10087,10554
76205,0,25,74,686,699
76208,10,171,476,3073,3203
76210,36,465,1527,11453,11846
76226,0,386,1454,5489,5948
76240,0,101,606,5808,5909
76244,0,841,3321,21256,21876
76248,67,996,3391,12393,13295
76262,45,738,2549,10465,11002
76301,0,250,1376,7189,7292
76302,0,162,804,4525,4604
76305,9,45,375,2221,2239
76306,0,150,1079,6444,6503
76308,0,286,1431,6991,7135
76309,34,162,818,5512,5568
76310,0,167,1099,6052,6138
76311,0,0,88,709,709
76354,0,0,1,8,8
76367,2,13,60,320,325
76401,4,30,91,552,561
76501,0,83,304,4101,4138
76502,0,226,927,12318,12481
76504,41,259,722,6705,6753
76513,0,553,1464,10447,10783
76522,19,128,436,6335,6386
76539,0,15,157,2125,2149
76541,96,319,684,6242,6344
76542,0,356,876,13529,13666
76543,0,253,710,9586,9683
76544,0,52,238,3449,3477
76548,27,230,717,8693,8799
76549,0,277,1223,14386,14474
76559,14,63,168,1678,1699
76574,0,0,1,9,9
76579,0,34,100,913,930
76630,0,1,6,122,123
76633,0,7,29,317,326
76640,2,56,111,1019,1032
76643,21,91,279,5267,5348
76655,10,62,211,1977,2037
76657,20,113,267,2723,2793
76691,0,31,140,1214,1248
76701,9,101,188,818,860
76704,65,276,473,2599,2645
76705,47,331,888,9258,9343
76706,0,811,1743,10469,10776
76707,43,255,565,5338,5387
76708,0,217,624,8902,8984
76710,0,73,633,7955,8076
76711,10,32,97,3217,3230
76712,28,273,1037,9078,9370
76901,48,269,3099,9450,9546
76903,132,487,4409,12949,13121
76904,0,263,3671,10751,10937
76905,0,104,1072,3206,3245
77002,10,35,103,771,799
77003,0,124,449,3261,3372
77004,0,539,1252,7505,7743
77005,0,341,2183,6665,7439
77006,0,179,763,4789,5035
77007,0,509,2101,10064,10727
77008,0,250,2654,11824,12849
77009,0,604,1582,12152,12705
77010,0,1,7,21,23
77011,0,174,438,5144,5218
77012,0,104,208,4455,4496
77013,0,64,150,3703,3737
77014,13,155,458,6301,6397
77015,0,162,442,14544,14662
77016,102,315,667,9040,9188
77017,0,109,279,7648,7726
77018,0,258,1300,8576,9046
77019,0,255,972,4763,5065
77020,0,280,601,7798,7918
77021,0,441,991,7908,8199
77022,0,277,587,7769,7865
77023,147,381,630,7115,7217
77024,0,343,1724,7468,7926
77025,0,251,972,6244,6462
77026,0,397,759,8655,8744
77027,0,139,387,2780,2913
77028,0,300,477,5679,5820
77029,0,140,298,6202,6285
77030,0,79,355,2050,2157
77031,0,74,189,3408,3464
77032,24,143,252,3391,3451
77033,27,466,690,8766,8855
77034,0,226,394,8202,8353
77035,0,335,791,7731,7875
77036,0,203,415,7978,8060
77037,0,64,169,5773,5808
77038,0,89,311,6235,6311
77039,0,142,337,7370,7460
77040,0,183,789,11143,11291
77041,0,150,1400,11873,12336
77042,71,230,504,5307,5422
77043,0,111,553,6242,6450
77044,133,421,944,9880,10116
77045,0,358,696,9425,9609
77046,0,3,8,64,67
77047,59,196,559,9537,9675
77048,0,259,535,5397,5555
77049,0,77,269,9466,9524
77050,0,25,47,1241,1255
77051,0,174,379,4838,4917
77053,27,174,421,8999,9091
77054,2,102,177,2019,2048
77055,0,307,1174,8271,8639
77056,0,123,524,3289,3440
77057,0,161,494,5345,5494
77058,23,116,262,3751,3824
77059,0,218,1004,5208,5627
77060,61,214,331,5999,6078
77061,0,97,263,4799,4833
77062,0,215,711,7894,8183
77063,16,151,421,5034,5143
77064,0,110,981,11916,12112
77065,0,190,529,8054,8162
77066,0,120,542,8424,8510
77067,0,170,365,6103,6223
77068,0,23,169,2523,2585
77069,0,51,411,3748,3869
77070,0,193,611,9967,10089
77071,0,129,440,6576,6670
77072,0,269,771,11419,11606
77073,0,164,425,10735,10801
77074,0,139,304,6480,6572
77075,38,219,447,9316,9458
77076,0,293,532,7550,7650
77077,0,265,1204,11567,11867
77078,0,167,352,3639,3734
77079,0,280,1019,6361,6696
77080,0,233,643,7809,7954
77081,0,16,149,3058,3089
77082,0,374,963,10345,10580
77083,19,453,1207,18388,18766
77084,81,618,1317,26365,26795
77085,0,63,256,4721,4784
77086,50,326,575,6877,7033
77087,0,290,639,9444,9589
77088,98,577,928,13753,13879
77089,0,85,951,13860,14059
77090,0,78,264,5044,5138
77091,0,276,570,5907,6067
77092,0,284,622,7452,7598
77093,0,463,953,13640,13864
77094,0,181,659,2804,3036
77095,20,197,1477,19106,19638
77096,8,361,1015,7879,8274
77098,0,107,375,2934,3098
77099,0,294,569,8716,8805
77301,0,163,413,8398,8536
77302,0,235,717,5870,6049
77303,0,47,160,3824,3894
77304,21,158,530,6896,7097
77306,0,14,63,2830,2870
77316,0,130,576,3870,4110
77318,0,45,327,4314,4422
77327,0,100,299,3729,3798
77328,0,9,179,4186,4228
77336,0,197,541,4080,4213
77338,0,174,458,10705,10836
77339,0,67,577,8051,8276
77345,0,242,1253,6501,6986
77346,17,325,1862,16346,16790
77354,12,200,1527,11005,11522
77355,6,69,658,5381,5632
77356,0,140,1185,7308,7588
77357,0,79,349,6400,6532
77358,0,2,10,119,122
77362,0,30,185,1568,1642
77363,0,1,1,16,17
77365,0,287,908,8726,9106
77372,0,31,199,4346,4390
77373,0,111,793,18050,18345
77375,0,338,1460,14523,15137
77377,0,128,1316,10100,10517
77378,0,35,188,2641,2699
77379,0,393,2628,19700,20321
77380,0,121,399,4831,4977
77381,0,170,1644,7648,8313
77382,0,409,2318,9271,10099
77384,0,59,553,5045,5242
77385,0,32,571,7848,7961
77386,0,480,2094,14865,15744
77388,100,457,1357,13742,14071
77389,0,164,1733,9393,9926
77396,12,265,771,11800,11957
77401,0,288,1672,5497,6048
77406,0,223,1311,8341,8805
77407,162,373,1156,11974,12247
77429,24,597,2890,22449,23428
77433,43,681,3105,19865,20865
77441,8,105,541,2553,2731
77447,0,17,158,1342,1383
77449,0,411,1234,30973,31510
77450,0,185,1992,19571,20351
77459,0,397,2657,18700,19473
77469,0,188,673,9540,9797
77471,12,198,402,5718,5806
77477,0,257,505,8706,8813
77478,0,336,1189,8575,8883
77479,0,1209,4997,24261,26195
77489,0,48,326,11955,12040
77493,0,79,743,8397,8607
77494,0,885,5376,28966,30705
77498,0,255,1488,14425,14876
77502,0,145,494,9543,9630
77503,0,105,363,6803,6915
77504,16,82,217,5358,5412
77505,0,77,512,6794,6941
77506,8,124,289,8172,8230
77507,0,32,78,708,729
77510,0,150,477,6355,6518
77511,0,274,936,15835,15997
77515,18,302,705,8904,9114
77517,9,86,147,2997,3061
77518,22,86,161,2152,2187
77520,0,334,818,12140,12277
77521,132,380,1008,16055,16385
77523,0,13,74,550,572
77530,0,239,529,10156,10301
77531,9,112,309,4536,4662
77532,19,172,441,6168,6321
77534,0,17,77,565,588
77536,68,250,749,10979,11251
77539,29,406,971,14100,14375
77541,0,114,484,6522,6657
77545,0,106,520,7290,7471
77546,121,586,2275,16203,16996
77547,6,42,108,2796,2822
77550,186,596,1251,9415,9650
77551,65,254,592,6307,6404
77554,0,310,1021,7173,7490
77562,0,75,322,4300,4366
77563,5,153,427,4511,4599
77564,0,0,1,11,11
77565,0,98,368,2823,2921
77566,0,74,721,8972,9175
77568,74,210,544,6051,6131
77571,0,215,889,13883,14184
77573,0,754,3588,24572,25586
77578,13,161,671,6186,6379
77581,0,454,1768,15443,16044
77583,5,97,488,4427,4552
77584,0,610,2593,24203,25143
77586,0,72,808,6809,7080
77587,0,149,276,4586,4628
77590,0,156,669,10931,11087
77591,19,243,406,4541,4625
77598,0,48,251,3952,4001
77611,0,85,302,3703,3807
77619,0,106,330,6472,6564
77625,0,29,99,1003,1021
77627,0,74,543,9007,9099
77630,0,305,678,9516,9772
77632,0,25,148,1739,1790
77640,0,372,735,9040,9207
77642,0,579,1268,11821,12117
77651,0,34,559,5399,5546
77656,0,107,268,5778,5909
77657,0,65,430,6971,7115
77662,0,132,425,7145,7284
77701,0,234,462,5998,6090
77702,0,11,46,1290,1306
77703,0,231,503,4467,4532
77705,0,174,513,8470,8618
77706,82,229,878,8745,9056
77707,26,210,407,6364,6495
77708,0,52,137,3956,4009
77713,0,49,271,3649,3709
77801,10,261,438,3260,3335
77802,25,246,590,8005,8144
77803,0,206,402,9188,9282
77807,0,189,350,3016,3101
77808,0,82,261,3023,3105
77840,0,498,1069,7659,7900
77845,0,703,2289,18998,19600
77901,0,326,815,14616,14750
77904,0,187,657,8597,8801
77905,5,22,49,567,578
77968,0,0,1,11,11
78006,0,2,5,33,35
78015,0,63,205,1196,1257
78023,0,193,931,7660,7933
78026,0,20,103,1537,1562
78040,235,673,1593,10444,10551
78041,68,499,1382,11013,11205
78043,114,322,1079,9320,9396
78045,70,364,1780,13705,13929
78046,155,321,1273,11726,11869
78064,8,119,352,3995,4056
78070,3,27,97,651,677
78073,0,13,34,548,554
78101,0,0,1,9,9
78108,0,101,837,12341,12569
78109,28,238,645,13808,13976
78112,0,0,1,20,20
78123,12,52,96,1273,1288
78124,0,3,8,78,80
78130,0,460,1541,22359,22865
78132,0,139,386,2515,2643
78133,18,230,857,8523,8761
78148,7,137,397,6365,6469
78152,0,3,9,71,73
78154,0,264,950,12868,13053
78155,33,282,727,10618,10738
78201,75,524,1023,12168,12355
78202,0,215,476,4005,4096
78203,28,156,277,2076,2134
78204,8,181,385,3741,3803
78205,0,12,45,602,615
78207,26,711,1410,12571,12765
78208,0,99,174,1303,1329
78209,0,415,1696,11542,12042
78210,0,415,971,11595,11726
78211,116,303,552,8753,8824
78212,103,476,1082,8957,9190
78213,0,261,522,10630,10793
78214,0,227,454,6969,7047
78215,0,29,89,689,712
78216,0,302,832,10172,10318
78217,0,185,434,9113,9205
78218,0,326,890,9572,9759
78219,0,65,228,5357,5395
78220,0,283,560,5868,5953
78221,40,201,422,9908,10039
78222,0,180,525,7058,7145
78223,0,757,1469,14767,15010
78224,20,81,178,5041,5077
78225,0,67,253,3866,3925
78226,20,41,100,1946,1960
78227,0,336,633,12750,12840
78228,52,643,1354,17000,17261
78229,0,134,322,3728,3804
78230,0,243,939,10727,10948
78231,6,70,256,3060,3123
78232,11,202,918,10854,11078
78233,15,230,721,15085,15223
78234,0,30,73,1144,1166
78235,2,11,18,209,212
78236,0,18,67,866,891
78237,0,231,789,10319,10445
78238,22,172,373,7054,7126
78239,0,305,694,10244,10485
78240,0,226,817,12248,12437
78242,0,286,580,8025,8082
78244,0,142,376,10012,10113
78245,0,412,782,20221,20530
78247,0,351,1001,17205,17416
78248,5,149,643,4406,4606
78249,119,430,1409,14415,14697
78250,0,395,1041,17605,17856
78251,0,102,596,14355,14515
78252,0,16,93,2683,2713
78253,0,270,993,11840,12159
78254,0,231,1023,16034,16397
78255,0,144,590,2979,3156
78256,0,131,329,2009,2068
78257,0,106,295,2365,2429
78258,0,577,1811,12323,12967
78259,0,191,829,7971,8211
78260,0,237,1338,8987,9386
78261,0,173,833,6099,6317
78263,0,6,21,179,185
78264,0,0,0,3,3
78266,3,166,443,2444,2592
78336,135,264,493,4843,4947
78358,0,4,8,92,94
78359,1,12,30,729,731
78362,0,25,72,1446,1470
78370,3,40,97,929,943
78373,0,70,248,3398,3475
78374,48,178,581,5194,5334
78380,0,181,664,5609,5773
78382,73,385,925,10127,10345
78387,0,188,426,2838,2897
78390,35,118,221,2110,2167
78401,28,78,210,1383,1404
78402,0,2,7,146,147
78404,0,206,539,5548,5674
78405,0,130,389,5312,5360
78406,0,0,5,218,218
78407,11,34,108,1341,1366
78408,0,61,257,4308,4335
78409,0,28,94,1268,1281
78410,0,261,766,8527,8631
78411,81,353,896,8788,8969
78412,71,230,521,5354,5448
78413,0,5,28,304,308
78415,12,599,1210,11694,11862
78416,34,197,458,4828,4891
78417,0,15,69,1456,1460
78501,0,567,1829,17815,18126
78503,0,181,636,6037,6143
78504,0,363,1385,16054,16351
78516,0,363,879,8837,8973
78520,0,477,1046,12922,13068
78521,0,598,1237,20178,20446
78526,0,270,550,10129,10347
78539,0,371,1061,10281,10515
78541,0,202,496,5304,5402
78542,0,175,616,9000,9156
78572,195,863,1678,15818,16143
78573,32,368,819,10271,10428
78574,0,201,509,6558,6625
78577,16,811,1543,15107,15387
78589,53,252,610,10403,10508
78596,0,0,1,11,11
78602,6,57,170,1881,1935
78610,0,184,526,4900,5053
78613,0,678,3039,22322,22977
78617,2,11,47,742,752
78623,1,8,17,155,158
78626,0,1,4,53,53
78628,0,23,96,724,744
78634,0,42,293,4562,4622
78641,13,431,1940,12081,12487
78652,16,80,272,1688,1754
78653,0,2,9,165,167
78655,0,0,0,9,9
78660,0,551,2046,25549,26047
78664,65,601,1250,15752,16109
78665,0,482,1384,12160,12566
78666,84,552,1163,11632,11872
78681,0,803,2192,15931,16617
78701,1,74,231,1027,1095
78702,0,306,802,5466,5691
78703,0,233,1132,4975,5311
78704,19,333,1324,9061,9366
78705,0,301,554,2116,2193
78717,29,398,1179,6902,7256
78719,0,5,35,723,733
78721,18,143,344,2923,3005
78722,2,85,233,1623,1684
78723,0,202,857,6934,7142
78724,2,31,86,1220,1236
78725,0,9,30,403,410
78726,3,131,457,2765,2867
78727,0,171,731,7217,7389
78728,0,135,389,4855,4940
78729,0,73,695,7093,7269
78730,5,146,541,2490,2656
78731,0,392,1265,6900,7299
78732,0,1,2,9,10
78733,0,198,807,2909,3171
78735,0,202,772,4440,4656
78736,0,80,236,1909,1977
78737,0,71,211,884,946
78738,0,8,31,111,121
78739,0,482,1563,4974,5461
78741,22,263,499,5344,5421
78742,1,4,14,260,263
78744,78,254,508,9620,9707
78745,0,334,1366,15504,15821
78746,0,714,2280,8362,9112
78747,0,110,358,5666,5747
78748,0,482,1490,14153,14504
78749,0,557,1597,10097,10612
78750,0,387,1154,7610,7973
78751,0,108,320,2655,2721
78752,31,135,295,3046,3115
78753,0,325,650,9358,9492
78754,0,82,345,5383,5443
78756,0,77,338,2081,2164
78757,28,255,780,6605,6826
78758,176,503,882,8541,8735
78759,83,529,1482,9755,10263
79015,0,331,3168,6184,6343
79101,4,43,663,1364,1375
79102,59,200,1719,3376,3417
79103,89,204,1867,3789,3831
79104,0,66,1346,2714,2739
79106,51,481,5033,10015,10169
79107,98,447,5197,10733,10831
79108,0,124,2469,4923,4978
79109,76,487,7647,15020,15187
79110,49,162,4026,8012,8093
79111,0,9,166,336,337
79118,87,323,4431,8590,8713
79119,25,312,2606,4859,5035
79121,5,80,1252,2444,2482
79124,22,216,1543,2984,3077
79363,0,26,257,498,510
79364,0,0,6,12,12
79382,0,2,20,40,41
79401,81,250,994,1756,1813
79403,64,209,2349,4456,4529
79404,0,265,2418,4470,4544
79407,79,270,2764,5179,5237
79410,11,221,2282,3614,3665
79411,51,137,1311,2484,2525
79412,76,124,2344,4730,4759
79413,8,432,4147,7821,7981
79414,110,209,2597,5178,5215
79415,110,257,2435,4671,4733
79416,0,507,5293,9740,9899
79423,94,715,6965,13174,13485
79424,187,934,8797,16592,16898
79504,0,28,261,945,958
79508,0,6,186,561,563
79510,0,52,566,2155,2171
79525,0,0,5,17,17
79536,1,38,467,1252,1268
79562,1,17,181,476,482
79563,0,8,200,565,569
79601,0,412,3006,7605,7690
79602,0,403,3783,9855,10057
79603,18,295,3282,9080,9190
79605,22,269,3995,11032,11201
79606,50,226,2982,8227,8327
79607,0,11,200,624,628
79701,189,742,7270,11500,11712
79703,0,278,4546,7379,7476
79705,0,1027,7999,12390,12800
79706,0,606,6239,9970,10196
79707,240,1072,7095,10951,11339
79758,0,11,91,143,146
79761,0,444,7123,11532,11673
79762,153,655,8486,13614,13892
79763,193,600,6248,9952,10115
79764,200,643,5311,8134,8293
79765,5,336,3216,5100,5205
79766,13,86,750,1166,1198
79901,174,325,2106,2169,2213
79902,302,777,5285,5492,5576
79903,208,415,5799,5882,5917
79904,206,504,9052,9230,9323
79905,353,685,6629,6830,6878
79906,36,62,1489,1507,1515
79907,391,825,14178,14323,14424
79908,2,12,843,848,850
79911,2,16,193,197,200
79912,420,1738,19183,19602,19982
79915,465,875,10738,10993,11104
79922,43,400,3118,3233,3306
79924,431,970,17669,17794,17920
79925,309,713,11546,11772,11831
79927,21,34,647,655,661
79928,6,23,395,400,404
79930,249,468,7382,7480,7564
79932,235,584,5497,5617,5732
79934,73,174,2327,2404,2419
79935,118,292,4993,5070,5095
79936,448,1631,31238,31621,31909
79938,5,13,281,285,287
84003,0,1152,11023,11180,11180
84004,0,395,1980,2039,2039
84006,0,1,36,36,36
84009,7,617,6894,7006,7006
84010,0,888,11548,11653,11653
84014,0,143,1826,1850,1850
84015,0,810,17088,17243,17243
84020,0,1689,11935,12142,12142
84025,0,420,4937,5002,5002
84037,0,1199,9580,9746,9746
84040,0,522,6726,6780,6780
84041,0,606,12808,12872,12872
84042,0,249,2578,2617,2617
84043,0,1242,13695,13805,13805
84044,0,190,7528,7581,7581
84045,0,0,1,1,1
84047,0,378,7508,7561,7561
84054,0,410,5059,5115,5115
84056,0,13,1063,1065,1065
84057,0,389,8397,8448,8448
84058,0,353,6602,6656,6656
84062,0,543,7167,7239,7239
84065,0,897,10394,10541,10541
84067,0,398,11636,11694,11694
84070,0,422,7580,7656,7656
84075,0,549,6719,6780,6780
84081,0,579,10790,10921,10921
84084,0,338,9852,9921,9921
84087,0,420,3965,4034,4034
84088,0,440,9479,9565,9565
84092,0,1442,8375,8625,8625
84093,0,879,7262,7381,7381
84094,0,493,8285,8352,8352
84095,0,1032,9400,9553,9553
84096,0,671,9925,10005,10005
84097,0,426,5549,5611,5611
84101,0,73,1135,1148,1148
84102,0,227,2878,2916,2916
84103,0,472,4951,5016,5016
84104,0,151,6255,6286,6286
84105,0,640,6627,6742,6742
84106,0,763,9518,9653,9653
84107,0,432,8233,8308,8308
84108,0,870,5504,5657,5657
84109,0,812,6814,6946,6946
84111,0,112,1677,1693,1693
84112,0,15,104,108,108
84115,0,348,7028,7078,7078
84116,0,345,7587,7656,7656
84117,0,664,6542,6649,6649
84118,0,408,18519,18557,18557
84119,0,377,11380,11437,11437
84120,0,422,12700,12777,12777
84121,0,1078,11553,11729,11729
84123,0,361,9195,9242,9242
84124,0,690,5555,5657,5657
84128,0,258,7564,7594,7594
84129,0,41,714,721,721
84315,0,42,790,796,796
84318,0,65,884,892,892
84321,0,353,9415,9510,9510
84326,0,10,118,120,120
84332,0,134,2315,2338,2338
84335,0,78,2233,2242,2242
84339,0,0,4,4,4
84340,0,33,454,459,459
84341,0,249,4063,4092,4092
84401,0,509,9551,9619,9619
84403,0,751,9769,9888,9888
84404,0,761,15761,15872,15872
84405,0,521,9071,9144,9144
84414,0,515,7714,7816,7816
84532,0,306,3381,3404,3404
84535,0,1,4,4,4
84536,0,12,46,47,47
84601,0,282,6650,6697,6697
84604,0,406,5342,5418,5418
84606,0,207,4025,4066,4066
84660,0,381,6522,6581,6581
84663,0,311,6185,6229,6229
84664,0,131,962,978,978
84720,0,0,1,1,1
84737,0,53,410,411,411
84738,0,351,2499,2507,2507
84757,0,1,8,8,8
84758,0,0,25,25,25
84763,0,1,6,6,6
84764,0,6,127,127,127
84765,0,322,2092,2092,2092
84767,0,9,70,70,70
84770,0,1677,12266,12340,12340
84775,0,1,17,17,17
84776,0,5,200,201,201
84779,0,0,4,4,4
84780,0,485,3504,3507,3507
84790,0,1749,12929,12981,12981
20120,0,16,32,71,411
20121,0,0,11,14,19
20124,0,0,0,0,59
20147,1,1,1,1,6
20148,0,0,0,3,97
20151,0,5,5,16,194
20152,0,3,3,7,142
20164,44,52,52,60,145
20166,0,6,11,13,59
20170,0,0,0,8,273
20171,9,18,27,36,509
20190,13,17,17,25,68
20191,0,0,3,10,94
20194,0,0,2,11,126
22003,0,0,11,18,88
22015,24,29,35,41,283
22027,0,0,0,0,51
22030,0,0,0,0,177
22031,0,0,0,0,172
22032,0,8,12,19,159
22033,0,0,6,58,314
22039,0,0,0,0,11
22042,0,0,0,0,21
22043,0,0,8,25,102
22046,0,0,0,0,2
22066,0,0,0,0,145
22101,0,0,0,0,0
22102,0,0,7,17,98
22124,0,0,0,0,171
22150,0,0,0,0,1
22151,0,0,0,0,21
22152,0,0,0,0,120
22153,1,3,4,13,69
22180,0,13,18,18,203
22181,0,0,2,24,192
22182,0,0,25,45,439
22201,0,0,1,1,4
22202,0,0,0,1,3
22209,0,0,0,0,10
22314,0,0,0,0,0
22601,54,108,116,139,216
22602,0,15,25,25,89
22603,0,13,19,26,41
22620,0,0,0,0,0
22624,0,0,1,1,1
22630,0,0,0,0,0
22655,0,0,0,9,39
22656,0,1,2,5,10
22663,0,0,0,2,8
22801,0,0,58,83,216
22802,22,43,86,108,183
22812,0,0,0,5,13
22821,0,0,1,3,7
22827,0,0,0,0,0
22831,0,0,0,0,0
22832,0,0,0,0,0
22841,2,4,5,6,12
22846,0,0,0,1,4
22901,18,24,31,98,250
22902,0,0,0,21,72
22903,0,5,90,150,250
22911,0,0,0,0,71
22936,0,0,2,3,18
22939,1,2,2,6,9
22940,0,0,0,0,0
22947,0,0,0,0,1
22952,0,0,1,2,3
22980,0,0,0,21,131
23005,0,19,31,43,121
23030,0,0,0,0,0
23059,0,0,0,66,407
23060,0,0,10,39,289
23069,0,0,1,2,4
23075,0,3,25,28,43
23103,3,4,4,5,9
23111,0,0,0,0,51
23112,33,33,33,49,130
23113,0,0,0,29,297
23114,0,0,0,18,98
23116,0,0,0,7,69
23120,0,0,0,0,34
23146,0,0,0,0,3
23150,3,8,11,19,38
23219,0,1,14,30,43
23220,0,37,154,272,433
23221,0,8,12,12,86
23222,0,21,77,147,196
23223,0,0,53,131,223
23224,47,156,235,289,344
23225,13,20,53,100,120
23226,0,0,8,8,95
23227,0,11,38,65,189
23228,58,91,124,140,240
23229,6,6,17,28,189
23230,5,19,37,39,63
23231,21,107,150,214,364
23233,0,0,0,40,213
23234,0,19,66,171,256
23235,0,5,15,44,103
23236,0,0,10,29,81
23237,6,19,32,45,58
23238,0,0,0,5,111
23294,7,23,33,49,85
23314,0,0,0,0,0
23320,105,195,285,315,510
23321,0,0,40,79,247
23322,0,62,139,263,712
23323,0,0,0,57,125
23324,0,0,31,68,136
23325,0,5,19,34,53
23432,0,0,0,0,0
23433,0,0,0,0,20
23434,0,41,96,260,437
23435,0,17,44,78,235
23436,0,0,1,1,12
23451,0,31,82,245,511
23452,55,139,180,263,569
23453,0,0,82,102,225
23454,0,0,0,168,437
23455,0,0,27,82,150
23456,52,104,104,121,605
23457,0,0,0,1,1
23462,0,33,149,364,514
23464,0,0,0,0,237
23502,12,41,53,88,117
23503,0,21,110,159,214
23504,0,0,74,118,197
23505,0,0,0,43,146
23507,10,30,46,54,97
23508,0,34,61,84,164
23509,7,26,40,59,125
23510,0,0,10,25,35
23511,0,0,0,5,7
23513,65,94,101,130,151
23517,2,5,5,6,16
23518,0,39,47,78,124
23523,0,49,82,121,136
23601,0,0,37,126,268
23602,0,0,9,74,185
23603,0,0,0,0,1
23604,0,0,3,8,16
23605,0,26,49,72,110
23606,0,15,59,109,143
23607,110,165,268,324,427
23608,0,0,9,35,87
23651,0,1,1,4,10
23661,0,10,61,91,111
23662,29,33,33,42,120
23663,0,0,35,61,87
23664,0,0,0,0,34
23665,0,0,0,4,6
23666,0,28,99,156,311
23669,0,0,70,281,457
23692,0,0,0,36,131
23693,0,0,0,12,162
23696,0,2,3,7,17
23701,0,16,94,172,204
23702,0,0,21,57,81
23703,54,74,101,114,188
23704,11,86,182,236,295
23707,0,58,92,150,233
23801,1,9,9,11,14
23803,0,82,219,328,588
23805,0,0,0,0,56
23831,0,46,74,92,250
23832,23,78,93,194,296
23834,0,26,61,113,236
23836,0,0,0,4,63
23838,0,0,0,28,102
23842,0,1,1,1,5
23860,0,17,136,220,330
23875,0,0,0,6,31
23885,0,0,0,1,2
24011,0,0,1,3,7
24012,0,61,151,242,323
24013,0,5,31,69,93
24014,0,0,10,47,115
24015,0,0,0,19,77
24016,0,26,43,71,112
24017,0,0,30,90,135
24018,0,0,43,43,161
24019,0,0,0,21,92
24060,0,0,51,263,518
24073,0,0,17,86,206
24077,0,0,0,0,7
24101,0,0,0,0,0
24149,0,0,0,0,0
24153,0,0,11,114,341
24175,0,0,0,2,7
24179,0,0,0,20,40
24251,0,0,10,21,33
24258,0,0,1,1,1
24290,0,0,9,17,24
24366,0,0,0,0,0
24401,0,0,0,25,108
24431,0,0,0,1,3
24437,0,0,0,0,0
24440,0,0,0,0,0
24441,0,0,0,4,8
24467,0,1,2,4,8
24471,0,0,0,0,0
24477,0,0,2,4,11
24482,2,3,3,3,3
24486,0,0,0,3,9
24501,18,117,171,261,314
24502,0,12,130,202,261
24503,0,0,12,32,76
24504,0,35,76,95,117
24527,0,0,0,0,0
24538,0,0,1,2,3
24540,0,28,85,134,233
24541,0,0,41,116,164
24550,0,1,1,1,3
24551,0,0,8,16,90
24572,0,8,19,34,48
24586,0,1,2,2,2
24588,3,5,10,12,15
24605,0,5,16,29,56
24613,0,0,0,0,0
24635,0,0,4,8,12
5401,162,4980,5200,5226,5226
5403,105,3990,4222,4222,4222
5404,26,1484,1546,1551,1551
5408,33,2073,2169,2173,2173
5446,14,856,887,887,887
5452,7,3327,3483,3486,3486
5482,0,18,19,19,19
5495,47,1719,1817,1821,1821
98001,0,0,11,23,365
98002,0,0,35,98,160
98003,0,10,78,117,274
98004,0,23,47,234,539
98005,0,0,0,128,371
98006,10,62,73,549,1140
98007,0,0,11,75,205
98008,0,0,0,147,495
98010,0,0,0,21,76
98011,0,23,29,35,275
98012,0,0,0,0,31
98014,0,0,0,14,66
98019,0,0,7,65,165
98020,0,0,0,0,141
98021,0,18,26,282,653
98022,0,16,41,231,520
98023,0,13,77,256,590
98024,0,17,21,65,116
98026,0,0,0,0,0
98027,0,15,24,142,460
98028,11,34,57,80,368
98029,0,0,0,164,497
98030,7,30,52,74,193
98031,0,10,51,307,532
98032,0,23,62,77,193
98033,0,0,28,360,840
98034,0,0,33,228,575
98036,0,0,20,71,141
98037,0,0,14,68,102
98038,0,0,0,73,463
98039,0,0,0,20,117
98040,0,0,30,366,714
98042,0,0,12,150,550
98043,0,0,0,15,51
98045,0,0,0,10,24
98047,0,2,8,32,49
98051,0,0,1,3,7
98052,0,0,12,507,965
98053,0,0,12,184,530
98055,5,22,43,130,234
98056,0,0,0,237,474
98057,0,0,0,90,126
98058,0,0,69,230,528
98059,0,10,21,293,837
98065,0,0,0,195,398
98070,0,0,19,101,270
98072,0,0,0,156,462
98074,0,0,6,227,717
98075,0,0,0,241,724
98077,0,0,0,97,254
98087,0,0,7,43,58
98092,26,65,77,310,749
98101,0,0,0,5,13
98102,0,6,17,28,71
98103,0,0,0,0,85
98104,0,0,1,3,11
98105,0,0,0,104,292
98106,0,0,7,183,285
98107,0,0,11,26,148
98108,0,0,0,96,324
98109,0,3,13,25,126
98110,0,0,19,71,409
98112,0,16,27,131,436
98115,0,0,26,91,559
98116,0,0,0,0,127
98117,0,0,33,33,342
98118,0,0,23,114,572
98119,0,0,0,0,86
98121,0,0,2,3,11
98122,0,0,45,152,354
98125,0,0,0,8,133
98126,0,0,26,157,392
98133,0,0,50,79,218
98134,0,0,2,9,15
98136,0,0,15,20,154
98144,0,0,21,71,242
98146,0,0,31,218,444
98148,0,0,7,40,68
98155,15,39,54,170,402
98164,0,0,0,0,0
98166,0,0,40,245,436
98168,0,17,44,96,235
98177,0,0,0,13,159
98178,0,0,37,262,448
98188,0,23,41,93,168
98198,0,0,0,88,202
98199,0,0,19,26,141
98201,0,0,0,34,60
98203,0,0,10,63,250
98204,0,0,34,74,122
98208,0,0,0,15,59
98221,0,0,0,2,6
98223,0,0,21,72,193
98225,0,0,37,236,684
98226,0,0,17,172,275
98229,0,0,0,95,232
98232,1,1,1,1,3
98233,0,0,13,57,135
98258,0,0,28,71,155
98270,0,0,0,0,182
98271,0,0,13,32,45
98272,0,0,7,111,267
98273,0,0,0,108,152
98274,0,4,27,89,159
98275,0,0,0,0,115
98277,0,0,31,86,171
98284,0,0,9,26,60
98290,0,0,0,31,112
98294,0,0,1,4,5
98296,0,0,0,199,697
98310,0,0,30,66,126
98311,0,0,0,78,206
98312,0,8,31,186,303
98314,0,0,0,0,7
98315,0,0,0,1,8
98321,0,0,0,44,253
98323,0,0,0,0,2
98327,0,0,9,57,124
98332,0,0,5,69,165
98333,0,0,0,0,14
98335,0,0,0,12,94
98337,0,9,15,26,62
98338,0,0,0,63,201
98345,0,0,0,0,1
98354,0,0,7,31,74
98359,0,0,0,41,71
98360,0,0,0,46,147
98366,0,0,34,147,362
98367,0,0,7,53,167
98370,3,8,12,27,56
98371,0,0,0,123,304
98372,0,0,0,66,231
98373,14,14,21,106,233
98374,0,11,23,91,456
98375,18,71,98,125,276
98383,0,4,17,66,179
98385,0,0,0,0,1
98387,0,0,0,84,408
98388,0,0,0,14,76
98390,0,0,13,48,95
98391,15,30,61,243,699
98402,0,0,0,0,11
98403,0,0,6,13,26
98404,0,0,0,84,95
98405,0,0,0,0,42
98406,0,0,8,23,23
98407,0,0,0,0,111
98408,0,0,0,7,44
98409,0,0,15,59,126
98418,0,0,4,15,33
98422,0,0,0,74,302
98424,0,0,0,29,84
98433,0,0,0,23,46
98439,0,0,7,10,20
98443,0,0,5,51,108
98444,0,0,34,85,161
98445,0,0,31,92,214
98446,0,0,0,5,125
98465,0,0,0,6,12
98466,0,0,0,39,54
98467,0,0,15,48,106
98498,0,0,0,80,168
98499,0,0,43,163,255
98501,0,0,40,132,450
98502,0,0,36,115,223
98503,0,0,52,126,168
98506,0,0,0,74,175
98512,0,0,0,26,136
98513,0,9,37,102,314
98516,0,0,16,29,82
98604,0,0,18,36,54
98606,0,0,0,0,36
98607,0,0,10,38,125
98611,0,0,0,5,13
98626,0,0,0,0,0
98629,0,0,0,0,0
98632,12,36,85,121,205
98642,0,0,0,10,41
98660,0,0,11,36,47
98661,0,0,69,126,276
98662,0,0,31,155,259
98663,0,0,5,10,34
98664,0,7,13,13,128
98665,0,0,8,32,104
98671,0,0,0,11,86
98682,0,0,83,232,463
98683,0,0,0,0,76
98684,0,0,8,31,94
98685,0,0,0,39,183
98686,0,0,0,0,95
98801,0,11,112,224,347
98802,0,9,84,176,325
98828,0,0,0,0,0
98837,0,0,132,234,396
98901,0,5,58,105,206
98902,13,54,134,254,308
98903,0,0,0,47,111
98908,0,0,36,142,344
98922,0,0,0,0,0
98926,0,0,54,148,228
98937,0,0,1,3,7
98942,5,46,60,115,161
99004,0,0,8,33,51
99005,0,1,1,4,7
99016,0,41,64,122,251
99019,0,0,6,104,188
99021,5,8,8,30,60
99023,0,0,0,1,2
99025,0,0,0,10,38
99026,0,0,3,7,12
99027,0,0,0,13,37
99036,0,0,0,0,0
99037,0,19,28,61,170
99201,0,0,34,95,144
99202,0,36,108,159,206
99203,0,0,19,80,213
99204,0,0,0,7,18
99205,15,46,122,259,351
99206,0,11,56,179,280
99207,0,0,48,193,290
99208,0,29,74,368,516
99212,0,0,8,61,122
99216,29,51,80,109,167
99217,0,0,38,184,283
99218,0,0,0,55,150
99223,0,0,17,217,425
99224,0,6,24,92,177
99301,65,151,453,733,905
99320,0,0,1,4,7
99323,2,2,3,7,26
99336,54,149,244,420,555
99337,0,0,0,281,511
99338,0,15,25,189,368
99352,0,0,10,199,418
99353,0,26,52,179,271
99354,0,0,58,152,224
99403,0,0,26,110,234
