zip,panels_1_years_7000_incentive,panels_2_years_7000_incentive,panels_3_years_7000_incentive,panels_4_years_7000_incentive,panels_5_years_7000_incentive
99501,0,0,20,39,95
99502,0,0,0,50,189
99503,0,5,23,26,50
99504,15,23,45,91,174
99506,7,9,9,12,16
99507,0,0,0,75,240
99508,0,5,27,59,141
99515,16,27,32,81,145
99516,0,0,0,0,85
99517,0,0,0,4,55
99518,0,0,3,21,36
99701,0,0,0,0,34
99703,0,0,1,2,2
99709,16,28,48,52,80
99712,0,0,0,1,1
35004,2,2,2,2,2
35005,40,40,40,40,40
35007,237,237,237,237,237
35014,1,1,1,1,1
35020,405,405,405,405,405
35022,283,283,283,283,283
35023,95,95,95,95,95
35040,61,61,61,61,61
35043,0,0,0,0,0
35044,0,0,0,0,0
35051,0,0,0,0,0
35055,235,235,235,235,235
35057,10,10,10,10,10
35058,13,13,13,13,13
35061,7,7,7,7,7
35064,96,96,96,96,96
35068,48,48,48,48,48
35071,203,203,203,203,203
35072,0,0,0,0,0
35073,2,2,2,2,2
35077,10,10,10,10,10
35080,177,177,177,177,177
35094,81,81,81,81,81
35096,4,4,4,4,4
35111,33,33,33,33,33
35114,87,87,87,87,87
35115,26,26,26,26,26
35116,5,5,5,5,5
35117,86,86,86,86,86
35118,12,12,12,12,12
35124,335,335,335,335,335
35126,56,56,56,56,56
35127,57,57,57,57,57
35147,17,17,17,17,17
35150,159,159,159,159,159
35151,9,9,9,9,9
35160,103,103,103,103,103
35173,354,354,354,354,354
35176,2,2,2,2,2
35179,6,6,6,6,6
35184,0,0,0,0,0
35188,0,0,0,0,0
35203,38,38,38,38,38
35204,249,249,249,249,249
35205,155,155,155,155,155
35206,245,245,245,245,245
35207,254,254,254,254,254
35208,204,204,204,204,204
35209,243,243,243,243,243
35210,167,167,167,167,167
35211,489,489,489,489,489
35212,369,369,369,369,369
35213,372,372,372,372,372
35214,246,246,246,246,246
35215,528,528,528,528,528
35216,309,309,309,309,309
35217,281,281,281,281,281
35218,140,140,140,140,140
35221,94,94,94,94,94
35222,120,120,120,120,120
35223,380,380,380,380,380
35224,82,82,82,82,82
35226,533,533,533,533,533
35228,171,171,171,171,171
35233,76,76,76,76,76
35234,152,152,152,152,152
35235,190,190,190,190,190
35242,978,978,978,978,978
35243,303,303,303,303,303
35244,339,339,339,339,339
35401,774,774,774,774,774
35404,364,364,364,364,364
35405,365,365,365,365,365
35406,233,233,233,233,233
35444,0,0,0,0,0
35452,0,0,0,0,0
35453,54,54,54,54,54
35456,18,18,18,18,18
35463,1,1,1,1,1
35473,142,142,142,142,142
35474,20,20,20,20,20
35475,42,42,42,42,42
35476,156,156,156,156,156
35490,3,3,3,3,3
35601,221,221,221,221,221
35603,180,180,180,180,180
35611,209,209,209,209,209
35613,72,72,72,72,72
35614,15,15,15,15,15
35616,1,1,1,1,1
35630,421,421,421,421,421
35633,38,38,38,38,38
35634,6,6,6,6,6
35645,5,5,5,5,5
35660,148,148,148,148,148
35661,115,115,115,115,115
35671,7,7,7,7,7
35673,14,14,14,14,14
35674,64,64,64,64,64
35741,33,33,33,33,33
35748,12,12,12,12,12
35749,313,313,313,313,313
35750,1,1,1,1,1
35754,2,2,2,2,2
35756,137,137,137,137,137
35757,178,178,178,178,178
35758,632,632,632,632,632
35759,75,75,75,75,75
35761,42,42,42,42,42
35763,204,204,204,204,204
35773,7,7,7,7,7
35775,1,1,1,1,1
35801,359,359,359,359,359
35802,145,145,145,145,145
35803,110,110,110,110,110
35805,291,291,291,291,291
35806,250,250,250,250,250
35808,28,28,28,28,28
35810,230,230,230,230,230
35811,285,285,285,285,285
35816,243,243,243,243,243
35824,91,91,91,91,91
35901,122,122,122,122,122
35903,61,61,61,61,61
35904,66,66,66,66,66
35905,1,1,1,1,1
35906,2,2,2,2,2
35950,96,96,96,96,96
35951,32,32,32,32,32
35954,55,55,55,55,55
35956,4,4,4,4,4
35957,86,86,86,86,86
35976,48,48,48,48,48
35980,2,2,2,2,2
36020,21,21,21,21,21
36022,29,29,29,29,29
36025,23,23,23,23,23
36043,4,4,4,4,4
36054,131,131,131,131,131
36064,5,5,5,5,5
36066,241,241,241,241,241
36067,237,237,237,237,237
36079,16,16,16,16,16
36081,129,129,129,129,129
36092,46,46,46,46,46
36093,68,68,68,68,68
36104,231,231,231,231,231
36105,97,97,97,97,97
36106,186,186,186,186,186
36107,121,121,121,121,121
36108,570,570,570,570,570
36109,412,412,412,412,412
36110,134,134,134,134,134
36111,187,187,187,187,187
36112,0,0,0,0,0
36113,2,2,2,2,2
36115,1,1,1,1,1
36116,532,532,532,532,532
36117,505,505,505,505,505
36201,158,158,158,158,158
36203,124,124,124,124,124
36205,14,14,14,14,14
36206,67,67,67,67,67
36207,135,135,135,135,135
36250,0,0,0,0,0
36260,1,1,1,1,1
36265,90,90,90,90,90
36268,4,4,4,4,4
36277,6,6,6,6,6
36301,351,351,351,351,351
36303,379,379,379,379,379
36305,112,112,112,112,112
36312,0,0,0,0,0
36321,1,1,1,1,1
36322,26,26,26,26,26
36330,245,245,245,245,245
36345,60,60,60,60,60
36350,14,14,14,14,14
36351,1,1,1,1,1
36360,155,155,155,155,155
36362,24,24,24,24,24
36376,0,0,0,0,0
36509,26,26,26,26,26
36511,2,2,2,2,2
36523,9,9,9,9,9
36526,253,253,253,253,253
36527,193,193,193,193,193
36530,2,2,2,2,2
36532,640,640,640,640,640
36535,326,326,326,326,326
36541,37,37,37,37,37
36542,57,57,57,57,57
36544,76,76,76,76,76
36551,86,86,86,86,86
36555,11,11,11,11,11
36561,171,171,171,171,171
36567,84,84,84,84,84
36571,154,154,154,154,154
36572,52,52,52,52,52
36575,180,180,180,180,180
36576,37,37,37,37,37
36580,44,44,44,44,44
36582,246,246,246,246,246
36587,11,11,11,11,11
36602,37,37,37,37,37
36603,215,215,215,215,215
36604,181,181,181,181,181
36605,397,397,397,397,397
36606,183,183,183,183,183
36607,190,190,190,190,190
36608,511,511,511,511,511
36609,339,339,339,339,339
36610,288,288,288,288,288
36611,137,137,137,137,137
36612,76,76,76,76,76
36613,106,106,106,106,106
36617,119,119,119,119,119
36618,166,166,166,166,166
36619,155,155,155,155,155
36693,223,223,223,223,223
36695,629,629,629,629,629
36752,0,0,0,0,0
36801,189,189,189,189,189
36804,55,55,55,55,55
36830,507,507,507,507,507
36832,157,157,157,157,157
36856,4,4,4,4,4
36867,474,474,474,474,474
36869,347,347,347,347,347
36870,278,278,278,278,278
36875,3,3,3,3,3
36877,84,84,84,84,84
36879,1,1,1,1,1
71601,309,439,3106,6678,6815
71602,49,258,2569,6035,6091
71603,126,730,5510,12227,12428
71837,0,0,3,6,6
71854,430,776,5132,11697,11817
71901,48,278,1918,5931,5998
71913,91,416,3026,9973,10065
71956,0,0,2,8,8
71964,1,2,31,118,118
71968,0,1,11,43,43
72002,37,174,1457,3618,3700
72007,16,82,734,1742,1767
72011,0,16,145,380,386
72012,28,115,1389,3431,3466
72015,89,386,3638,9758,9828
72019,17,268,2179,5447,5570
72022,16,125,1973,5385,5434
72023,0,321,4677,11771,11854
72065,3,9,62,158,161
72068,0,0,6,15,15
72076,132,552,4380,11771,11915
72081,1,9,129,337,340
72082,3,5,100,262,263
72086,3,56,621,1476,1502
72103,16,85,1085,3101,3126
72113,0,270,2421,6745,6856
72114,124,351,1560,3837,3925
72116,62,280,1890,5048,5130
72117,90,342,2090,5496,5546
72118,31,245,2158,6142,6192
72120,28,322,3538,9241,9402
72135,0,16,104,262,269
72142,13,42,301,740,754
72143,84,209,2219,5859,5924
72167,0,1,4,11,11
72176,19,82,859,2068,2085
72201,17,55,236,587,604
72202,86,207,1111,2776,2842
72204,120,420,2812,7311,7438
72205,37,300,1879,5109,5215
72206,235,644,3282,8470,8618
72207,27,206,935,2364,2449
72209,219,342,2291,6357,6409
72210,43,111,1214,3509,3549
72211,0,257,2049,5214,5289
72212,14,319,1435,3344,3496
72223,21,519,2112,5054,5246
72227,58,218,963,2303,2371
72364,0,1,9,26,27
72376,0,0,1,2,2
72401,503,1023,6493,15875,16086
72404,63,267,2688,6885,7004
72411,0,0,13,36,36
72416,12,23,235,591,597
72417,0,0,24,63,63
72701,493,901,7040,8239,8409
72703,90,457,6351,7303,7438
72704,134,433,5253,6176,6348
72712,107,1229,9232,10332,10642
72718,2,34,303,366,375
72719,33,189,2257,2673,2714
72730,16,45,1209,1440,1454
72745,20,62,2112,2449,2474
72753,0,0,1,1,1
72756,40,245,3218,6523,6589
72758,53,639,7247,8525,8727
72762,269,679,10461,11480,11714
72764,185,604,10528,12143,12254
72774,0,0,1,2,2
72801,100,310,2347,5413,5491
72802,8,83,1061,2458,2478
72834,16,42,471,1081,1090
72837,0,0,7,16,16
72847,5,9,82,188,190
72858,3,14,134,309,313
72901,150,264,4466,7074,7131
72903,75,365,5277,8139,8264
72904,166,384,4013,6286,6337
72908,10,139,2971,4892,4941
72916,27,230,1517,2332,2380
72921,0,16,218,354,358
72923,8,50,1039,1639,1651
72941,0,4,73,114,115
72956,246,438,6534,10495,10612
85003,78,2084,2211,2227,2227
85004,78,1502,1616,1627,1627
85006,247,6751,7012,7047,7047
85007,181,4628,4853,4877,4877
85008,116,10281,10534,10555,10555
85009,337,12997,13455,13482,13482
85012,105,2039,2219,2228,2228
85013,192,5391,5594,5627,5627
85014,140,6413,6640,6660,6660
85015,140,7902,8207,8240,8240
85016,406,9581,10098,10149,10149
85017,245,7690,7849,7912,7912
85018,560,11044,11843,11926,11926
85019,81,6114,6687,6727,6727
85020,125,9989,10439,10449,10449
85021,241,8872,9195,9242,9242
85022,255,14427,15012,15027,15027
85023,178,9642,9869,9889,9889
85024,162,7439,7678,7709,7709
85027,217,11647,12021,12057,12057
85028,73,7611,8082,8123,8123
85029,292,11831,12123,12184,12184
85031,104,6230,6887,6915,6915
85032,396,20073,20781,20823,20823
85033,25,11350,12262,12324,12324
85034,133,2973,3135,3166,3166
85035,48,8997,9603,9622,9622
85037,299,12583,12986,13012,13012
85040,190,8690,9413,9508,9508
85041,215,16216,17825,17897,17897
85042,63,11229,12579,12604,12604
85043,141,9179,10004,10034,10034
85044,113,11077,12524,12574,12574
85045,63,1923,2311,2320,2320
85048,150,10038,11506,11599,11599
85050,513,9765,10695,10695,10695
85051,79,10256,11259,11270,11270
85053,198,8695,8956,9010,9010
85054,61,1246,1319,1329,1329
85083,229,5836,6338,6363,6363
85085,200,3909,4163,4167,4167
85118,87,5934,6162,6175,6175
85119,80,9122,10006,10046,10046
85120,128,13098,14121,14206,14206
85132,99,3187,3303,3316,3316
85140,64,9667,10615,10658,10658
85142,286,17795,20329,20411,20411
85143,173,11932,13232,13272,13272
85201,73,9550,10353,10405,10405
85202,102,8402,9244,9272,9272
85203,154,9216,10222,10263,10263
85204,84,15502,16760,16794,16794
85205,186,15155,16880,16914,16914
85206,132,13347,14642,14716,14716
85207,305,16714,18963,19077,19077
85208,222,14307,15749,15812,15812
85209,308,14868,16117,16230,16230
85210,170,8147,8927,8963,8963
85212,127,6460,7451,7451,7451
85213,195,10110,11452,11486,11486
85215,301,7915,8350,8367,8367
85224,192,12427,13663,13732,13732
85225,243,18097,20187,20288,20288
85226,190,11151,12594,12657,12657
85233,128,11366,12765,12829,12829
85234,231,14534,16412,16478,16478
85248,544,15180,15900,16012,16012
85249,370,13546,16040,16120,16120
85250,255,6904,7283,7298,7298
85251,412,9911,10492,10534,10534
85253,635,7157,8353,8378,8378
85254,848,15355,16636,16653,16653
85255,449,15502,17213,17265,17265
85256,67,1694,1778,1794,1794
85257,285,9071,9479,9518,9518
85258,559,9581,10489,10563,10563
85259,387,7733,8602,8602,8602
85260,475,11998,12755,12794,12794
85262,538,5454,6224,6255,6255
85266,351,6112,6857,6870,6870
85268,218,8920,10289,10393,10393
85281,455,10370,10738,10847,10847
85282,284,13327,14849,14909,14909
85283,169,10634,11997,12045,12045
85284,246,6063,7162,7234,7234
85286,41,11644,13427,13494,13494
85295,351,11545,13476,13503,13503
85296,278,12801,14632,14647,14647
85297,53,9028,10448,10533,10533
85298,265,10512,12519,12607,12607
85301,207,11802,12876,12954,12954
85302,258,9693,10705,10759,10759
85303,106,8043,8830,8848,8848
85304,166,8377,8717,8726,8726
85305,29,3174,3255,3255,3255
85306,178,7879,8049,8073,8073
85307,12,2856,2917,2917,2917
85308,574,22125,22883,22998,22998
85310,189,7117,7555,7563,7563
85323,58,11243,11543,11566,11566
85326,257,14799,15117,15147,15147
85329,4,149,152,154,154
85331,491,13278,14447,14462,14462
85335,196,10652,10848,10892,10892
85338,185,11941,12348,12361,12361
85339,392,12985,13458,13485,13485
85340,262,9606,10029,10059,10059
85345,481,18630,19130,19226,19226
85350,4,213,220,221,221
85351,424,16613,16850,16969,16969
85353,161,10481,10696,10717,10717
85355,65,3912,4059,4075,4075
85363,36,2215,2242,2246,2246
85364,686,19396,20041,20162,20162
85365,479,13543,14008,14092,14092
85367,156,8410,8609,8661,8661
85373,160,8564,8884,8902,8902
85374,438,17663,18229,18266,18266
85375,154,16646,17022,17056,17056
85377,10,214,231,234,234
85378,62,3360,3415,3439,3439
85379,130,14037,14456,14456,14456
85381,144,8099,8420,8437,8437
85382,254,14452,14825,14915,14915
85383,377,16628,17865,17937,17937
85387,57,3470,3566,3570,3570
85388,259,8895,9247,9266,9266
85392,202,10895,11175,11197,11197
85395,510,10621,11301,11335,11335
85396,92,3137,3274,3278,3278
85607,190,5597,5741,5764,5764
85621,58,2344,3207,3240,3240
85626,7,104,110,111,111
85648,14,1663,2243,2254,2254
85658,62,3281,3454,3454,3454
85701,92,1791,1890,1907,1907
85704,341,11267,11702,11761,11761
85705,547,14423,15076,15183,15183
85706,374,12455,12854,12919,12919
85708,7,658,664,666,666
85710,274,16673,17015,17084,17084
85711,256,12991,13409,13476,13476
85712,204,9914,10160,10211,10211
85713,346,13437,13769,13852,13852
85714,85,4848,4947,4972,4972
85715,87,7054,7258,7272,7272
85716,237,10364,10731,10785,10785
85718,422,10429,11342,11421,11421
85719,445,11368,11909,12005,12005
85730,192,12527,12719,12770,12770
85735,2,191,195,196,196
85736,0,14,15,15,15
85737,302,7716,8132,8148,8148
85739,2,71,75,75,75
85741,68,11113,11340,11363,11363
85742,251,9569,10031,10051,10051
85743,57,2116,2202,2204,2204
85745,418,11997,12554,12642,12642
85746,214,12289,12554,12591,12591
85747,233,8006,8323,8339,8339
85748,207,7410,7656,7671,7671
85749,229,7897,8457,8474,8474
85750,307,9434,10191,10232,10232
85755,82,7014,7407,7421,7421
85756,110,7117,7286,7315,7315
85757,55,2182,2262,2268,2268
85901,91,3844,3907,3927,3927
85929,57,1899,1942,1948,1948
86001,337,7960,8356,8432,8432
86004,214,6601,6870,6905,6905
86005,1,53,55,55,55
86011,1,16,17,17,17
86040,26,2419,2602,2607,2607
86301,120,9737,9988,10028,10028
86303,146,4388,4562,4581,4581
86305,78,5043,5194,5215,5215
86314,202,13227,13469,13482,13482
86315,35,1712,1742,1750,1750
86323,46,3490,3547,3551,3551
86325,0,13,13,13,13
86327,58,2081,2143,2147,2147
86329,0,109,109,109,109
86336,252,6669,6985,7013,7013
86351,79,1786,1863,1872,1872
86403,9,4605,8829,8874,8874
86404,151,7216,7524,7532,7532
86406,230,11045,11412,11470,11470
86434,0,1,1,1,1
90001,157,6430,9788,9827,9827
90002,101,5508,8346,8422,8422
90003,23,9828,11628,11674,11674
90004,79,5547,6590,6610,6610
90005,24,1442,1726,1737,1737
90006,32,3763,4483,4501,4501
90007,116,3370,3967,4015,4015
90008,134,5024,6032,6093,6093
90010,1,246,303,305,305
90011,128,8271,12721,12798,12798
90012,5,1276,1593,1599,1599
90013,21,430,547,557,557
90014,9,185,234,238,238
90015,5,1405,1692,1709,1709
90016,130,7658,9266,9285,9285
90017,15,462,556,562,562
90018,83,6965,8241,8290,8290
90019,212,8766,10540,10625,10625
90020,19,1364,1598,1606,1606
90021,73,1302,1598,1623,1623
90022,164,6974,10876,10942,10942
90023,37,4776,7404,7426,7426
90024,51,2907,3604,3633,3633
90025,90,3745,4727,4746,4746
90026,60,7996,9821,9900,9900
90027,66,5281,6598,6618,6618
90028,46,1713,2089,2112,2112
90029,19,3069,3705,3724,3724
90031,52,4860,5777,5800,5800
90032,0,5320,8136,8169,8169
90033,95,4089,6266,6310,6310
90034,35,5684,6946,6967,6967
90035,69,4217,5295,5311,5311
90036,94,4391,5508,5541,5541
90037,58,6970,8332,8365,8365
90038,54,2657,3182,3198,3198
90039,0,5790,7146,7161,7161
90040,50,2149,3288,3308,3308
90041,23,4472,5652,5675,5675
90042,19,6198,9536,9565,9565
90043,119,7954,11824,11943,11943
90044,169,9940,15170,15354,15354
90045,63,6900,10467,10583,10583
90046,14,5469,6809,6850,6850
90047,142,8259,12789,12905,12905
90048,41,3648,4583,4611,4611
90049,49,6455,8177,8210,8210
90056,21,1632,2597,2615,2615
90057,33,1227,1430,1439,1439
90058,34,1380,2097,2112,2112
90059,133,4566,6916,6979,6979
90061,52,3713,5758,5810,5810
90062,79,5499,6562,6589,6589
90063,73,5770,9099,9145,9145
90064,42,5524,6993,7035,7035
90065,37,7565,9225,9271,9271
90066,115,9198,11414,11494,11494
90067,2,167,211,212,212
90068,70,3761,4636,4683,4683
90069,38,2726,3405,3415,3415
90077,21,2216,2913,2928,2928
90094,2,280,349,355,355
90201,0,8512,13118,13171,13171
90210,124,5210,6828,6876,6876
90211,17,1349,1712,1729,1729
90212,29,1648,2057,2076,2076
90220,0,7475,11436,11505,11505
90221,0,6624,10176,10217,10217
90222,121,4276,6655,6709,6709
90230,56,4883,6197,6209,6209
90232,54,3228,4093,4114,4114
90240,19,4039,6437,6457,6457
90241,0,5726,8985,9003,9003
90242,34,5421,8397,8423,8423
90245,41,3336,5110,5125,5125
90247,130,6152,9228,9293,9293
90248,30,2837,4256,4282,4282
90249,0,4599,7080,7137,7137
90250,49,10380,16351,16450,16450
90254,0,3265,5071,5107,5107
90255,20,6446,9838,9887,9887
90260,39,5046,7725,7740,7740
90262,87,6927,10780,10812,10812
90265,42,3771,5876,5935,5935
90266,34,7377,11271,11396,11396
90270,14,2230,3486,3503,3503
90272,0,5024,7608,7693,7693
90274,0,5826,9050,9123,9123
90275,0,8674,13883,13995,13995
90277,34,5430,8355,8405,8405
90278,22,6849,10774,10850,10850
90280,15,9854,15233,15325,15325
90290,5,1051,1609,1626,1626
90291,40,5327,6651,6691,6691
90292,15,1302,1668,1675,1675
90293,0,1220,1830,1848,1848
90301,70,3702,5808,5820,5820
90302,33,3087,4757,4785,4785
90303,54,3546,5330,5352,5352
90304,41,2902,4488,4501,4501
90305,13,2878,4415,4438,4438
90401,21,549,701,708,708
90402,67,2521,3311,3341,3341
90403,56,2413,3084,3106,3106
90404,17,2691,3293,3307,3307
90405,66,4357,5474,5523,5523
90501,137,6234,9757,9806,9806
90502,37,3018,4610,4638,4638
90503,60,6346,9939,10019,10019
90504,36,5872,8935,9025,9025
90505,80,6472,9937,9997,9997
90601,97,5188,8029,8077,8077
90602,19,3178,4833,4857,4857
90603,12,3882,5986,6034,6034
90604,19,5948,9464,9502,9502
90605,87,6126,9586,9663,9663
90606,0,4878,7572,7579,7579
90620,0,2494,12395,12558,12558
90621,0,1106,6499,6552,6552
90623,22,1009,4267,4332,4332
90630,0,2968,13254,13442,13442
90631,0,3915,16634,16785,16785
90638,54,8332,13382,13490,13490
90640,234,8345,12888,13005,13005
90650,0,13930,22106,22217,22217
90660,101,9122,14259,14345,14345
90670,54,3929,6001,6025,6025
90680,6,1071,5919,5997,5997
90701,33,2625,4124,4140,4140
90703,0,9529,14433,14623,14623
90706,169,9762,15251,15359,15359
90710,59,3832,5813,5860,5860
90712,60,6408,9885,9935,9935
90713,9,5859,9204,9241,9241
90715,26,2740,4286,4304,4304
90716,10,1541,2386,2398,2398
90717,62,3542,5624,5652,5652
90720,0,2015,7060,7211,7211
90723,0,6208,9555,9584,9584
90731,86,7596,12243,12304,12304
90732,0,3692,5647,5704,5704
90740,0,1278,6173,6267,6267
90744,0,6266,9767,9816,9816
90745,53,8281,13183,13262,13262
90746,0,5352,8169,8243,8243
90755,0,1796,2768,2788,2788
90802,67,1952,3039,3057,3057
90803,42,5376,8419,8461,8461
90804,46,3725,5752,5775,5775
90805,0,11037,17116,17219,17219
90806,30,4814,7450,7502,7502
90807,108,5269,8267,8284,8284
90808,0,8692,13542,13597,13597
90810,39,5103,7787,7834,7834
90813,100,4443,6638,6692,6692
90814,0,2720,4123,4152,4152
90815,84,7691,11931,11991,11991
91001,9,6018,9401,9448,9448
91006,58,6431,9656,9685,9685
91007,24,5024,7826,7858,7858
91008,0,331,513,517,517
91010,50,4014,6257,6295,6295
91011,30,3869,5963,6048,6048
91016,84,6658,10444,10518,10518
91020,25,1270,1535,1545,1545
91024,6,1937,2976,3000,3000
91030,9,2786,4487,4506,4506
91040,11,3698,5653,5692,5692
91042,0,4093,6256,6306,6306
91101,42,1128,1396,1406,1406
91103,39,3077,4767,4825,4825
91104,37,4714,7307,7381,7381
91105,3,1712,2656,2693,2693
91106,35,2529,3864,3895,3895
91107,0,6093,9481,9490,9490
91108,0,2671,4153,4186,4186
91201,0,3610,4459,4468,4468
91202,25,3387,4083,4099,4099
91203,8,1370,1667,1672,1672
91204,27,1590,1920,1934,1934
91205,58,3437,4140,4161,4161
91206,29,3057,4741,4779,4779
91207,3,2053,2543,2553,2553
91208,12,3097,3932,3940,3940
91214,16,4969,7906,7946,7946
91301,0,4754,7326,7393,7393
91302,70,5041,7702,7788,7788
91303,45,2674,3206,3216,3216
91304,49,6225,9718,9777,9777
91306,125,7300,8897,8933,8933
91307,48,4784,7971,8019,8019
91311,73,6529,10280,10384,10384
91316,77,4202,5124,5150,5150
91320,84,5657,13711,13920,13920
91321,6,4127,6263,6295,6295
91324,24,4958,6097,6109,6109
91325,140,5409,6618,6652,6652
91326,0,6555,10162,10296,10296
91331,36,11402,18009,18063,18063
91335,131,10788,13037,13089,13089
91340,65,6044,7151,7194,7194
91342,0,11540,17637,17690,17690
91343,234,8813,10599,10642,10642
91344,44,9605,14591,14709,14709
91345,81,3751,4498,4525,4525
91350,0,6658,10108,10159,10159
91351,8,5361,8367,8435,8435
91352,10,8791,10469,10490,10490
91354,48,5052,7994,8050,8050
91355,73,5165,8043,8108,8108
91356,61,3840,6053,6108,6108
91360,0,4786,12489,12628,12628
91361,0,3343,7051,7137,7137
91362,0,4811,10899,11121,11121
91364,14,4667,7152,7202,7202
91367,0,5523,8812,8874,8874
91377,16,1700,4045,4107,4107
91381,24,3082,4755,4779,4779
91384,0,21,32,32,32
91387,53,2510,3742,3795,3795
91390,6,1772,2846,2849,2849
91401,150,5532,6803,6837,6837
91402,21,5988,7002,7037,7037
91403,0,3527,4434,4443,4443
91405,84,4929,5913,5967,5967
91406,75,7695,9329,9376,9376
91411,43,2760,3289,3302,3302
91423,51,4421,5660,5672,5672
91436,14,3468,4617,4636,4636
91501,0,2823,3451,3454,3454
91502,15,1242,1520,1528,1528
91504,25,4902,6118,6149,6149
91505,79,7164,8721,8756,8756
91506,91,4485,5690,5724,5724
91601,132,4357,5225,5257,5257
91602,51,2428,3000,3012,3012
91604,64,4598,5748,5771,5771
91605,137,8154,9762,9801,9801
91606,91,5912,6989,7038,7038
91607,61,3573,4342,4369,4369
91701,0,8712,12021,12057,12057
91702,37,8201,12470,12494,12494
91706,124,9843,15461,15507,15507
91708,2,1334,1804,1811,1811
91709,20,14519,19898,20038,20038
91710,64,15367,21048,21154,21154
91711,0,6456,10021,10051,10051
91722,17,5458,8507,8541,8541
91723,34,2793,4282,4304,4304
91724,22,4527,7207,7243,7243
91730,76,11270,15051,15142,15142
91731,27,3453,5326,5342,5342
91732,79,7123,11209,11254,11254
91733,64,5968,9121,9167,9167
91737,35,5069,6989,7060,7060
91739,0,7062,9708,9767,9767
91740,34,4337,6819,6840,6840
91741,45,5686,8975,9038,9038
91744,0,10847,16673,16791,16791
91745,117,9153,14444,14575,14575
91746,51,4713,7289,7333,7333
91748,0,7500,11611,11658,11658
91750,34,7308,11205,11250,11250
91752,9,4359,8710,8754,8754
91754,83,5223,8215,8265,8265
91755,0,3955,6015,6045,6045
91761,182,11207,15100,15160,15160
91762,13,9583,12994,13033,13033
91763,25,5977,8221,8237,8237
91764,0,7656,10315,10325,10325
91765,0,8117,12667,12769,12769
91766,85,9388,14083,14225,14225
91767,83,6619,10327,10358,10358
91768,40,4260,6636,6656,6656
91770,58,9252,14375,14433,14433
91773,81,6567,10098,10128,10128
91775,0,4106,6457,6476,6476
91776,119,5034,7891,7907,7907
91780,0,6707,10363,10415,10415
91784,37,6607,9126,9172,9172
91786,0,9076,12089,12150,12150
91789,26,8573,13037,13169,13169
91790,22,7284,11082,11149,11149
91791,0,5199,8169,8219,8219
91792,42,3865,5997,6021,6021
91801,48,6233,9527,9594,9594
91803,53,4181,6618,6651,6651
91902,451,5464,5720,5720,5720
91910,904,16574,17051,17051,17051
91911,698,16265,16597,16614,16614
91913,780,9719,10124,10134,10134
91914,407,3822,4062,4066,4066
91915,423,6279,6514,6527,6527
91932,219,5229,5342,5347,5347
91935,41,314,334,335,335
91941,675,9565,9922,9942,9942
91942,430,9460,9743,9753,9753
91945,199,7241,7381,7381,7381
91950,420,10544,10770,10792,10792
91977,634,13076,13467,13481,13481
91978,128,2704,2776,2776,2776
92003,115,1964,2052,2052,2052
92007,333,2977,3207,3207,3207
92008,622,7797,8190,8190,8190
92009,1697,10952,12035,12035,12035
92010,392,4500,4718,4727,4727
92011,712,6743,7189,7196,7196
92014,939,5233,5795,5795,5795
92019,638,10492,10828,10839,10839
92020,620,12117,12427,12427,12427
92021,581,10823,11159,11159,11159
92024,2062,15235,16364,16380,16380
92025,846,10683,11106,11150,11150
92026,684,12727,13109,13161,13161
92027,780,13037,13427,13480,13480
92028,464,7616,7860,7860,7860
92029,635,7095,7491,7491,7491
92037,1217,11123,11832,11844,11844
92040,598,11110,11489,11489,11489
92054,373,9364,9555,9555,9555
92056,585,14572,14977,14977,14977
92057,772,13874,14274,14288,14288
92058,193,7039,7147,7161,7161
92059,3,35,36,36,36
92064,1336,13862,14684,14684,14684
92067,333,1637,1839,1841,1841
92069,717,10943,11364,11375,11375
92071,979,14737,15272,15303,15303
92075,425,3625,3898,3902,3902
92078,1111,12387,13066,13079,13079
92081,445,7954,8234,8234,8234
92082,55,907,938,938,938
92083,278,7765,7916,7932,7932
92084,775,12415,12919,12919,12919
92091,213,1289,1411,1415,1415
92101,185,2237,2336,2340,2340
92102,312,8247,8441,8441,8441
92103,555,6894,7211,7211,7211
92104,492,9787,10028,10048,10048
92105,355,11633,11810,11822,11822
92106,772,5852,6308,6321,6321
92107,520,7438,7764,7764,7764
92108,80,1482,1528,1530,1530
92109,764,10450,10897,10908,10908
92110,443,6260,6514,6521,6521
92111,602,11192,11574,11574,11574
92113,276,9030,9177,9187,9187
92114,662,16121,16534,16551,16551
92115,652,11673,12059,12059,12059
92116,400,8078,8336,8344,8344
92117,957,14888,15428,15443,15443
92118,531,5322,5650,5650,5650
92119,512,6722,7017,7017,7017
92120,711,8723,9115,9115,9115
92121,271,2410,2575,2583,2583
92122,677,5889,6247,6272,6272
92123,534,7108,7405,7420,7420
92124,409,6536,6801,6801,6801
92126,1239,16162,16994,16994,16994
92127,1487,11219,12089,12089,12089
92128,988,12907,13502,13502,13502
92129,1496,12679,13618,13618,13618
92130,1931,11640,12753,12791,12791
92131,1247,9111,9873,9893,9893
92139,303,7238,7378,7386,7386
92154,731,14858,15239,15254,15254
92173,1,15,15,15,15
92201,124,8676,17601,17707,17707
92203,78,5563,11103,11193,11193
92210,0,1460,2699,2732,2732
92211,139,7896,15360,15468,15468
92220,152,5243,10767,10832,10832
92223,0,8560,16899,16950,16950
92231,0,1,1,1,1
92234,99,8365,16384,16515,16515
92236,0,5881,7978,7994,7994
92240,76,3091,6238,6295,6295
92241,0,5,11,11,11
92243,196,8696,11444,11514,11514
92249,0,6,9,9,9
92251,234,4167,4260,4260,4260
92253,93,9727,18502,18633,18633
92260,152,7772,15102,15269,15269
92262,111,5833,11010,11099,11099
92264,74,4694,9157,9250,9250
92270,71,5392,10101,10223,10223
92274,22,791,799,801,801
92276,0,1650,3280,3287,3287
92277,87,3721,4807,4826,4826
92283,3,226,408,412,412
92301,64,4503,5813,5842,5842
92307,11,8627,11251,11273,11273
92308,116,9603,12792,12882,12882
92311,137,5103,6778,6833,6833
92313,0,2661,3605,3609,3609
92314,34,3630,4851,4900,4900
92315,4,1083,1478,1486,1486
92316,0,6198,8317,8351,8351
92320,31,1743,3442,3459,3459
92321,10,311,395,399,399
92324,54,10260,13384,13452,13452
92325,7,555,743,748,748
92333,11,663,674,674,674
92335,78,14392,19462,19540,19540
92336,117,17063,23377,23424,23424
92337,30,7401,10132,10162,10162
92342,17,1534,2083,2091,2091
92344,13,3145,4339,4356,4356
92345,124,18904,24652,24776,24776
92346,76,11405,15242,15303,15303
92352,8,927,1275,1280,1280
92354,62,4187,5643,5683,5683
92358,0,10,13,13,13
92359,0,2041,2707,2721,2721
92363,1,74,99,99,99
92373,39,7343,9813,9863,9863
92374,70,8490,11663,11722,11722
92376,69,12824,17301,17336,17336
92377,11,4139,5661,5690,5690
92378,0,78,107,107,107
92386,4,129,171,172,172
92391,1,71,100,100,100
92392,31,11515,15390,15436,15436
92394,154,6220,8520,8571,8571
92395,109,10152,13541,13595,13595
92399,0,13642,18507,18637,18637
92401,0,323,441,443,443
92404,155,9606,12885,12911,12911
92405,101,4813,6281,6306,6306
92407,145,10831,14480,14523,14523
92408,59,2938,3893,3917,3917
92410,27,6896,9070,9097,9097
92411,24,4338,5878,5896,5896
92501,6,2812,5492,5525,5525
92503,0,11411,22220,22309,22309
92504,151,7605,15028,15119,15119
92505,0,5547,11332,11343,11343
92506,0,7986,14872,15068,15068
92507,103,5580,11354,11411,11411
92508,62,5350,10233,10347,10347
92509,0,10036,20033,20093,20093
92518,8,389,753,758,758
92530,613,13656,13935,13935,13935
92532,6,3176,6154,6173,6173
92543,160,5725,11313,11393,11393
92544,0,7226,14352,14438,14438
92545,62,7986,15444,15490,15490
92548,0,1334,2626,2634,2634
92551,84,3768,7596,7611,7611
92553,0,8302,16276,16358,16358
92555,0,5580,10820,10930,10930
92557,126,6948,13937,13993,13993
92562,1277,17102,17723,17741,17741
92563,145,9323,18030,18102,18102
92567,0,2055,3908,3940,3940
92570,50,8698,16609,16726,16726
92571,0,6886,13344,13384,13384
92582,46,2545,5060,5096,5096
92583,47,4681,9448,9485,9485
92584,32,8275,15894,15990,15990
92585,53,3829,7477,7522,7522
92586,68,4872,9715,9784,9784
92587,32,3406,6332,6396,6396
92590,58,926,955,955,955
92591,138,6174,11436,11552,11552
92592,1983,22664,23655,23655,23655
92595,0,5775,11092,11170,11170
92596,0,4206,8041,8081,8081
92602,74,1424,5157,5273,5273
92603,6,1881,5394,5526,5526
92604,0,1776,7468,7581,7589
92606,0,1292,4552,4664,4664
92610,0,965,3312,3352,3352
92612,44,1060,4338,4418,4418
92614,12,1640,5790,5920,5920
92617,0,487,1574,1617,1617
92618,0,2184,7765,7956,7956
92620,198,3611,12020,12354,12354
92624,182,2618,2756,2756,2756
92625,0,1737,5239,5384,5384
92626,0,2477,11576,11740,11740
92627,29,3280,14315,14562,14562
92629,630,8206,8722,8739,8739
92630,1100,14749,15524,15524,15524
92637,98,3225,3281,3281,3281
92646,55,4357,18092,18368,18368
92647,14,3081,13961,14145,14145
92648,13,2731,12433,12609,12609
92649,53,2457,10531,10681,10681
92651,964,9539,10358,10368,10368
92653,680,7504,7976,7984,7984
92655,16,381,1776,1809,1809
92656,735,10315,10812,10834,10834
92657,0,1267,3658,3752,3752
92660,0,3186,10002,10311,10311
92661,0,563,1625,1670,1670
92662,1,389,1336,1366,1366
92663,40,1830,6523,6704,6704
92672,785,9989,10583,10583,10583
92673,1039,8254,9040,9049,9049
92675,872,9707,10382,10392,10392
92676,0,21,83,85,85
92677,1422,16878,17976,17976,17976
92679,1300,7893,8739,8739,8739
92683,0,4241,21270,21616,21616
92688,906,8920,9521,9530,9530
92691,1035,12838,13614,13614,13614
92692,1117,13222,14113,14113,14113
92694,696,5202,5725,5737,5737
92701,41,774,5815,5856,5856
92703,0,1543,10304,10356,10356
92704,0,2524,14348,14493,14493
92705,39,3603,12676,12869,12869
92706,0,1164,6560,6613,6613
92707,0,1683,10016,10076,10076
92708,177,3354,15841,16066,16066
92780,0,2289,10947,11069,11069
92782,38,1464,5323,5416,5416
92801,0,1592,9810,9899,9899
92802,0,1157,6920,6969,6969
92804,44,2561,14623,14771,14771
92805,0,1760,11613,11730,11730
92806,0,1448,7765,7820,7820
92807,0,2735,10894,11060,11060
92808,11,1338,5327,5419,5419
92821,0,2303,11003,11171,11171
92823,1,410,1269,1299,1299
92831,7,1598,7215,7362,7362
92832,11,977,5393,5459,5459
92833,0,2477,12004,12261,12261
92835,0,1873,7116,7239,7239
92840,11,1727,11062,11140,11140
92841,23,1431,7475,7581,7581
92843,0,1566,8197,8280,8280
92844,12,669,4066,4103,4103
92845,16,1239,5232,5317,5317
92860,0,5325,10207,10269,10269
92861,0,764,2198,2256,2256
92865,0,1193,5633,5701,5701
92866,17,854,4088,4154,4154
92867,24,2992,11730,11921,11921
92868,0,755,4303,4334,4334
92869,0,2702,10436,10606,10606
92870,55,3223,13511,13745,13745
92879,130,5506,10741,10839,10839
92880,0,9844,17832,18030,18030
92881,27,4638,8782,8835,8835
92882,0,8156,15680,15759,15759
92883,0,5356,9933,9993,9993
92886,0,4107,15485,15753,15753
92887,45,1707,6229,6382,6382
93001,0,3053,9023,9087,9087
93003,0,5064,14502,14649,14649
93004,26,3233,8495,8607,8607
93010,97,4926,13752,13891,13891
93012,0,4318,11138,11284,11284
93013,0,2283,5429,5489,5489
93021,74,4377,10456,10583,10583
93022,10,828,2383,2402,2402
93023,38,2811,7581,7673,7673
93030,35,3789,11589,11647,11647
93033,43,4215,14323,14366,14366
93035,9,3033,8551,8681,8681
93036,10,3330,9522,9570,9570
93041,62,1611,5122,5148,5148
93060,0,2613,8142,8183,8183
93063,0,5978,15952,16113,16113
93065,0,7949,20860,21028,21028
93066,6,497,1272,1290,1290
93101,0,2608,6688,6756,6756
93103,0,2189,5457,5501,5501
93105,340,6523,7210,7225,7225
93108,0,2613,5188,5343,5343
93109,4,1565,3675,3758,3758
93110,15,2068,4996,5093,5093
93111,0,2402,5632,5695,5695
93117,475,8444,9083,9129,9129
93202,2,80,706,711,711
93215,141,9649,10063,10093,10093
93221,0,655,4310,4340,4340
93223,3,220,2499,2505,2505
93230,161,19215,20101,20121,20121
93235,2,32,372,374,374
93245,5,316,331,331,331
93247,0,468,3305,3345,3345
93250,43,2623,2693,2704,2704
93257,0,2062,17943,18106,18106
93267,0,77,767,774,774
93274,168,20022,20901,20985,20985
93277,119,2053,16781,16968,16968
93291,203,15928,16859,16893,16893
93292,117,11091,11690,11714,11714
93301,151,4063,4296,4326,4326
93304,174,12702,13332,13386,13386
93305,158,9435,9850,9900,9900
93306,334,15959,16609,16676,16676
93307,226,19913,20468,20550,20550
93308,421,17456,18188,18280,18280
93309,223,15294,15850,15914,15914
93311,253,12916,14042,14056,14056
93312,253,18212,19456,19476,19476
93313,110,13228,13722,13735,13735
93314,125,8125,8891,8891,8891
93401,217,9704,10324,10355,10355
93405,357,6285,6689,6736,6736
93420,177,9891,10380,10391,10391
93422,97,7746,8111,8127,8127
93424,11,219,240,240,240
93433,81,4659,4788,4803,4803
93444,104,5267,5498,5503,5503
93445,66,2375,2431,2446,2446
93446,188,11150,11677,11712,11712
93449,137,4286,4560,4583,4583
93454,106,9375,9586,9596,9596
93455,322,14058,14628,14657,14657
93458,110,9876,10017,10027,10027
93465,73,2305,2444,2444,2444
93534,0,6878,10578,10642,10642
93535,414,10719,16418,16550,16550
93536,819,19190,19929,19949,19949
93543,5,432,665,668,668
93550,271,11618,17987,18114,18114
93551,146,10025,16194,16275,16275
93552,71,6645,10012,10063,10063
93611,135,11190,12230,12230,12230
93612,116,9140,9592,9621,9621
93616,5,543,578,580,580
93618,83,6609,6943,6964,6964
93619,125,6929,7769,7793,7793
93625,68,1823,1976,1990,1990
93631,80,4368,4683,4697,4697
93635,31,9767,10282,10292,10292
93636,7,566,620,620,620
93637,205,9235,9744,9773,9773
93638,131,8874,9343,9381,9381
93646,0,1,1,1,1
93648,54,2998,3140,3156,3156
93650,18,974,1010,1015,1015
93654,96,6448,6838,6852,6852
93657,24,7416,7856,7856,7856
93662,54,6380,6731,6751,6751
93673,0,15,15,15,15
93701,49,2699,2839,2865,2865
93702,160,10096,10607,10650,10650
93703,181,8155,8551,8620,8620
93704,130,8483,9234,9271,9271
93705,197,8844,9323,9380,9380
93706,316,9633,10423,10518,10518
93710,177,7597,8047,8047,8047
93711,206,11822,12853,12892,12892
93720,162,13632,14692,14721,14721
93721,24,1286,1385,1389,1389
93722,442,21977,23211,23304,23304
93723,2,2016,2176,2176,2176
93725,83,5667,5941,5959,5959
93726,150,9513,9933,10003,10003
93727,190,17787,18930,19044,19044
93728,191,4769,5110,5151,5151
93730,65,3799,4290,4303,4303
93737,4,203,218,218,218
93901,17,7638,8284,8292,8292
93905,67,9082,9542,9561,9561
93906,27,12340,13312,13325,13325
93907,3,2647,2860,2874,2874
93908,42,1792,2116,2118,2118
93923,0,4991,5718,5730,5730
93924,0,125,146,146,146
93933,51,5905,6387,6413,6413
93940,202,7930,8792,8801,8801
93950,38,4241,4714,4718,4718
93953,27,1690,1950,1954,1954
93955,81,8390,9003,9012,9012
94002,21,5733,7094,7108,7108
94005,12,1143,1319,1327,1327
94010,131,9809,11882,11918,11918
94014,219,7442,8384,8401,8401
94015,173,10837,12371,12383,12383
94018,0,8,10,10,10
94019,28,4819,5666,5677,5677
94022,174,5381,6680,6686,6686
94024,206,6083,7631,7631,7631
94025,120,8673,10899,10910,10910
94027,14,2184,2846,2858,2858
94028,11,1751,2178,2178,2178
94030,48,5125,5922,5952,5952
94037,0,577,699,699,699
94038,13,857,1002,1002,1002
94040,49,5278,6146,6158,6158
94041,48,2739,3171,3177,3177
94043,0,5542,6500,6513,6513
94044,228,9206,10843,10843,10843
94061,89,7629,8902,8911,8911
94062,125,6702,8329,8346,8346
94063,108,5336,6008,6014,6014
94065,20,2363,2858,2864,2864
94066,30,8769,10058,10058,10058
94070,58,7955,9684,9694,9694
94080,94,13606,15673,15704,15704
94085,90,3379,3898,3902,3902
94086,322,6890,8000,8024,8024
94087,180,11673,13838,13880,13880
94089,115,4813,5465,5471,5471
94102,0,172,1229,1255,1255
94103,5,495,2280,2356,2356
94104,0,6,55,56,56
94105,0,87,222,234,234
94107,0,873,3206,3308,3308
94108,0,93,654,669,669
94109,0,640,3076,3158,3158
94110,66,2498,10610,10995,10995
94111,0,62,234,242,242
94112,45,9940,14955,14985,14985
94114,0,1682,6025,6225,6225
94115,4,792,3415,3514,3514
94116,0,2146,10642,10960,10960
94117,0,1373,4681,4887,4887
94118,0,1589,6771,6931,6931
94121,8,1452,8170,8345,8345
94122,11,2224,11065,11407,11407
94123,0,1174,3687,3849,3849
94124,56,4729,6939,6995,6995
94127,6,1858,6036,6255,6255
94129,0,201,568,595,595
94130,0,58,329,335,335
94131,0,1852,6287,6515,6515
94132,58,3283,4815,4849,4849
94133,19,1591,2358,2373,2373
94134,37,4966,7423,7461,7461
94158,0,28,100,103,103
94301,29,3494,4201,4201,4201
94303,174,8402,9650,9669,9669
94304,8,623,709,710,710
94305,65,1043,1195,1207,1207
94306,75,5693,6782,6795,6795
94401,12,5478,6130,6148,6148
94402,79,5934,7219,7226,7226
94403,100,8378,10010,10030,10030
94404,52,6020,7359,7366,7366
94501,83,12166,13817,13844,13844
94502,0,3236,4010,4014,4014
94503,61,5207,6141,6153,6153
94505,50,4923,5600,5600,5600
94506,35,5658,6907,6942,6942
94507,91,4199,5342,5342,5342
94508,1,321,361,362,362
94509,286,17671,19026,19064,19064
94510,47,8399,9312,9331,9331
94513,339,16330,18775,18794,18794
94514,0,8,8,8,8
94515,40,1599,1832,1838,1838
94517,73,3367,3844,3848,3848
94518,67,6683,7477,7499,7499
94519,43,5618,6188,6194,6194
94520,42,6476,6914,6942,6942
94521,209,11144,12289,12326,12326
94523,207,8724,9837,9837,9837
94525,31,1116,1214,1219,1219
94526,113,8411,10285,10305,10305
94530,139,7267,8117,8158,8158
94531,24,11067,12191,12191,12191
94533,116,18087,19310,19407,19407
94534,129,11432,12769,12846,12846
94535,6,1119,1164,1164,1164
94536,113,13737,16131,16148,16148
94538,231,11325,12827,12853,12853
94539,406,11723,14509,14524,14524
94541,72,13270,14426,14455,14455
94542,53,3067,3513,3517,3517
94544,200,13972,15342,15373,15373
94545,138,7763,8645,8654,8654
94546,245,11364,12858,12884,12884
94547,115,5655,6370,6383,6383
94549,0,6931,8489,8498,8498
94550,0,13028,15368,15384,15384
94551,161,10048,11484,11495,11495
94552,99,3493,4286,4290,4290
94553,0,13064,14664,14694,14694
94555,66,6745,8205,8205,8205
94556,9,3823,4489,4494,4494
94558,314,18279,20899,20962,20962
94559,103,7674,8585,8594,8594
94560,78,9584,11058,11069,11069
94561,168,10915,11970,11994,11994
94563,87,4129,5128,5133,5133
94564,12,5407,5872,5878,5878
94565,117,21698,23334,23381,23381
94566,106,9884,11741,11753,11753
94568,200,9591,11783,11795,11795
94572,53,2553,2796,2802,2802
94574,3,2970,3457,3478,3478
94576,0,36,42,42,42
94577,141,11598,12803,12842,12842
94578,122,7418,8110,8135,8135
94579,68,5761,6203,6221,6221
94580,63,7151,7886,7894,7894
94582,154,7979,9586,9615,9615
94583,0,8443,9993,10003,10003
94585,67,7657,8379,8395,8395
94587,370,13982,16039,16055,16055
94588,113,6720,8053,8061,8061
94589,43,8004,8592,8635,8635
94590,397,9846,10639,10714,10714
94591,119,15419,16988,17039,17039
94592,2,594,650,650,650
94595,42,3466,3784,3792,3792
94596,63,3994,4529,4543,4543
94597,52,4157,4713,4727,4727
94598,64,6727,7981,7997,7997
94599,2,1092,1226,1228,1228
94601,64,8506,9149,9186,9186
94602,190,7245,8270,8270,8270
94603,68,7136,7577,7584,7584
94605,430,10526,11874,11934,11934
94606,65,5376,5847,5870,5870
94607,72,3571,4013,4025,4025
94608,75,5116,5777,5800,5800
94609,54,4382,4913,4918,4918
94610,116,4775,5511,5528,5528
94611,131,7422,8686,8712,8712
94612,22,911,1025,1031,1031
94618,70,4162,4960,4980,4980
94619,0,6612,7347,7347,7347
94621,216,6647,7151,7194,7194
94702,53,4233,4778,4783,4783
94703,128,4008,4542,4560,4560
94704,76,1609,1747,1774,1774
94705,18,3017,3538,3545,3545
94706,134,4001,4610,4615,4615
94707,41,3700,4483,4496,4496
94708,7,2985,3645,3649,3649
94709,34,1512,1670,1681,1681
94710,23,2079,2323,2325,2325
94720,8,205,241,243,243
94801,126,6510,6971,6992,6992
94803,41,7503,8103,8111,8111
94804,220,10264,10980,11024,11024
94805,38,4391,4727,4741,4741
94806,144,12330,13036,13075,13075
94901,195,8783,10250,10260,10260
94903,18,7640,8943,8979,8979
94904,9,2616,3150,3156,3156
94920,4,3449,4261,4265,4265
94925,0,2303,2919,2919,2919
94928,183,8995,10165,10195,10195
94930,6,1729,2026,2030,2030
94931,3,2941,3354,3364,3364
94939,23,1459,1760,1766,1766
94941,0,6450,8036,8052,8052
94945,59,5002,5894,5918,5918
94947,62,5840,6799,6840,6840
94949,26,4539,5183,5199,5199
94951,2,2024,2412,2414,2414
94952,0,12024,14156,14213,14213
94954,12,10492,12419,12431,12431
94957,6,506,652,652,652
94960,31,3696,4474,4474,4474
94965,15,2527,2971,2977,2977
95002,0,498,554,554,554
95003,175,6537,7601,7601,7601
95004,0,17,20,20,20
95005,1,649,728,731,731
95006,5,367,429,430,430
95007,0,1,1,1,1
95008,240,10530,11955,11967,11967
95010,15,2739,2994,2994,2994
95012,7,1347,1387,1388,1388
95014,329,12366,14923,14968,14968
95018,8,817,914,916,916
95019,10,1439,1587,1588,1588
95020,0,11740,12988,13001,13001
95023,72,11305,11938,11938,11938
95030,206,3536,4393,4402,4402
95032,149,6632,7821,7829,7829
95033,0,37,44,44,44
95035,91,13218,15211,15241,15241
95037,1,69,78,78,78
95039,0,38,40,40,40
95043,0,28,30,30,30
95045,0,2,2,2,2
95050,105,7855,8711,8737,8737
95051,97,10575,12145,12181,12181
95054,106,3826,4601,4606,4606
95060,207,10076,11420,11478,11478
95062,229,9968,11448,11471,11471
95064,16,338,374,379,379
95065,4,1813,2084,2084,2084
95066,0,3395,3908,3912,3912
95070,11,8887,10693,10693,10693
95073,24,2633,3003,3012,3012
95076,87,12964,14442,14471,14471
95110,58,3047,3423,3423,3423
95111,67,10442,11122,11155,11155
95112,181,9249,10023,10063,10063
95113,6,161,183,184,184
95116,92,7138,7596,7626,7626
95117,57,4264,4717,4722,4722
95118,147,7576,8642,8659,8659
95119,90,2552,2891,2897,2897
95120,429,9901,12254,12254,12254
95121,17,7973,8716,8742,8742
95122,9,8491,9199,9199,9199
95123,294,13974,15460,15475,15475
95124,208,12583,14809,14824,14824
95125,151,13122,15024,15055,15055
95126,144,5676,6247,6272,6272
95127,70,12869,13928,13942,13942
95128,87,7029,7915,7915,7915
95129,288,7906,9310,9320,9320
95130,106,3172,3664,3671,3671
95131,57,5604,6396,6396,6396
95132,160,8611,9979,9989,9989
95133,53,4697,5273,5283,5283
95134,10,1668,1954,1954,1954
95135,201,4594,5426,5437,5437
95136,48,8556,9638,9647,9647
95138,162,4165,4896,4906,4906
95139,0,1638,1905,1907,1907
95140,2,159,173,174,174
95148,79,9952,11337,11348,11348
95202,39,1020,1145,1158,1158
95203,5,4311,4646,4656,4656
95204,132,9528,10064,10095,10095
95205,65,10250,10815,10858,10858
95206,142,16749,17599,17670,17670
95207,152,10952,11618,11676,11676
95209,85,11242,12142,12154,12154
95210,195,8724,9252,9280,9280
95212,61,7032,7662,7677,7677
95215,115,6715,7132,7183,7183
95219,61,6956,7569,7585,7585
95220,0,669,739,739,739
95231,11,1196,1257,1260,1260
95240,144,11257,11964,11988,11988
95242,115,7497,8177,8202,8202
95258,21,1217,1320,1325,1325
95301,151,10951,11602,11637,11637
95307,0,3316,11852,11948,11948
95316,9,2026,2163,2165,2165
95319,0,1,5,5,5
95320,80,4127,4435,4457,4457
95322,5,459,486,486,486
95326,20,1027,3958,3982,3982
95328,5,278,1089,1096,1096
95330,82,3549,3905,3913,3913
95334,0,23,24,24,24
95336,118,13781,14738,14752,14752
95337,229,8604,9541,9560,9560
95340,174,10642,11557,11580,11580
95341,161,7615,8010,8050,8050
95348,208,8181,8633,8667,8667
95350,192,4287,15947,16011,16011
95351,75,3200,12473,12561,12561
95354,0,2196,8442,8501,8501
95355,71,4721,17576,17700,17700
95356,142,10051,10906,10961,10961
95357,82,4779,5140,5155,5155
95358,62,8326,8785,8802,8802
95361,71,9381,10166,10187,10187
95366,63,5131,5684,5701,5701
95367,134,6907,7430,7474,7474
95368,47,4022,4311,4315,4315
95380,152,11954,12678,12716,12716
95382,0,3259,11408,11477,11477
95388,37,3579,3702,3716,3716
95389,1,57,59,59,59
95401,119,9604,10809,10852,10852
95403,39,11486,13048,13114,13114
95404,47,9823,11654,11666,11666
95405,79,6184,7128,7142,7142
95407,77,9841,10937,10948,10948
95409,98,8540,9794,9814,9814
95436,1,974,1134,1135,1135
95439,4,376,457,460,460
95441,1,65,77,77,77
95442,17,948,1207,1209,1209
95448,64,5351,6325,6357,6357
95452,7,531,663,666,666
95470,6,464,521,522,522
95472,87,10652,12386,12448,12448
95476,0,12787,14854,14869,14869
95482,44,6408,7354,7384,7384
95492,28,7912,9313,9341,9341
95501,0,1338,8897,8978,8978
95503,0,980,6450,6489,6489
95519,16,869,5374,5423,5423
95521,0,716,4606,4676,4676
95537,0,10,114,114,114
95564,0,4,41,41,41
95602,36,3712,4028,4044,4044
95603,246,8698,9820,9850,9850
95605,24,3191,3466,3473,3473
95608,0,4086,17959,18213,18213
95610,97,11198,12148,12172,12172
95612,0,79,87,87,87
95616,209,8257,9407,9492,9492
95618,175,6304,7208,7289,7289
95619,0,1050,1133,1136,1136
95620,0,38,41,41,41
95621,0,2506,12878,12930,12930
95623,1,682,747,747,747
95624,41,5133,20204,20449,20449
95626,0,1953,2182,2187,2187
95628,28,3569,13561,13795,13795
95630,132,18692,21807,21873,21873
95648,214,16937,19410,19468,19468
95650,63,4800,5720,5749,5749
95652,3,110,451,456,456
95655,0,440,1466,1496,1496
95658,3,2762,3143,3143,3143
95660,65,1519,9236,9283,9283
95661,79,6348,7185,7214,7214
95662,70,10504,11646,11681,11681
95663,13,1271,1464,1473,1473
95664,0,23,25,25,25
95667,80,5589,6150,6169,6169
95670,63,3162,15699,15810,15810
95672,12,1724,1978,1984,1984
95673,0,1390,6511,6557,6557
95677,43,7408,8548,8574,8574
95678,73,11012,12236,12260,12260
95682,0,8158,9401,9420,9420
95683,1,55,63,63,63
95687,0,16520,17956,17956,17956
95688,166,9188,10343,10384,10384
95691,107,10637,11822,11870,11870
95692,0,21,24,24,24
95695,38,8545,9372,9400,9400
95703,0,51,59,59,59
95713,0,1357,1499,1506,1506
95722,0,181,210,210,210
95742,23,3928,4626,4645,4645
95746,188,6643,8181,8189,8189
95747,267,17758,20403,20506,20506
95757,0,3321,12705,12885,12885
95758,95,4311,18739,18947,18947
95762,127,11878,14127,14155,14155
95765,11,9395,10725,10736,10736
95776,73,5560,6117,6129,6129
95811,0,416,1575,1588,1588
95814,30,914,1032,1040,1040
95815,64,1120,6398,6437,6437
95816,12,866,3829,3864,3864
95817,0,878,3793,3831,3831
95818,72,4839,5496,5507,5507
95819,0,1690,5965,6037,6037
95820,0,2163,11402,11494,11494
95821,9,1890,9302,9405,9405
95822,226,12713,14054,14110,14110
95823,0,3236,18306,18417,18417
95824,22,1234,7119,7169,7169
95825,23,1263,5744,5820,5820
95826,93,2618,11495,11600,11600
95827,0,1278,6427,6479,6479
95828,141,3682,17422,17581,17581
95829,18,2309,8997,9116,9116
95830,0,134,456,467,467
95831,26,11811,13142,13182,13182
95832,32,2633,2851,2865,2865
95833,9,8553,9472,9481,9481
95834,25,5804,6331,6344,6344
95835,0,2599,10764,10884,10884
95837,0,125,145,145,145
95838,10,1994,10060,10121,10121
95841,0,984,5101,5132,5132
95842,16,1370,8081,8121,8121
95843,38,11537,12570,12608,12608
95864,0,2503,8543,8682,8682
95901,100,7417,8298,8323,8323
95917,0,26,29,29,29
95926,186,8489,9261,9307,9307
95928,116,8569,9636,9675,9675
95938,0,89,98,98,98
95945,46,4447,4609,4623,4623
95949,35,1956,2072,2076,2076
95953,1,101,112,112,112
95959,9,582,619,621,621
95961,18,5219,5859,5871,5871
95965,131,4534,5001,5021,5021
95966,63,9309,10426,10446,10446
95968,5,534,564,566,566
95973,112,9103,10164,10215,10215
95982,0,793,860,861,861
95991,139,10215,11519,11542,11542
95993,161,11114,12392,12416,12416
96001,74,10349,12237,12274,12274
96002,91,9657,11329,11351,11351
96003,148,13922,16270,16385,16385
96007,117,7246,8327,8378,8378
96008,3,137,164,165,165
96019,16,2738,3218,3227,3227
96022,0,17,20,20,20
96062,0,22,26,26,26
96069,0,1,1,1,1
96073,4,1061,1276,1277,1277
96087,0,76,90,90,90
96161,17,1656,1836,1842,1842
80002,0,151,1949,4337,4412
80003,0,140,4237,9259,9334
80004,0,171,4277,9333,9494
80005,0,303,4319,8940,9187
80007,0,216,1484,2842,2992
80010,0,187,4738,6589,6683
80011,0,240,7432,10319,10413
80012,0,227,6328,8649,8737
80013,0,741,13866,19170,19522
80014,0,184,4839,6722,6804
80015,0,827,13193,18886,19232
80016,0,1094,10124,14365,14764
80017,0,173,5252,7431,7499
80018,0,74,2600,3658,3718
80019,0,14,490,706,717
80020,0,472,7538,14923,15243
80021,0,190,3708,8486,8590
80022,0,431,9564,14173,14317
80023,0,374,3458,6093,6334
80026,0,201,3306,8114,8391
80027,0,448,3909,8668,9116
80030,0,77,2199,3156,3188
80031,0,448,6035,9160,9337
80033,0,240,3126,6922,7042
80045,0,13,82,113,118
80108,0,33,262,358,374
80110,0,206,4605,6348,6426
80111,0,665,5411,7531,7804
80112,0,396,5464,7583,7754
80113,0,271,4310,6032,6149
80118,0,0,2,3,3
80120,0,351,4760,6483,6622
80121,0,472,4229,5794,5967
80122,0,432,6294,8785,9010
80123,0,410,6918,11795,12097
80124,0,293,3449,4686,4816
80125,0,16,132,186,192
80126,0,708,7010,9771,10115
80127,0,281,6380,13055,13404
80128,0,197,4821,10142,10360
80129,0,428,5176,7284,7494
80130,0,465,4512,6294,6455
80132,0,578,4764,5842,6017
80133,0,8,253,303,305
80134,0,1007,11141,14850,15247
80137,0,1,30,42,43
80138,0,566,6213,8746,8979
80202,0,24,272,391,403
80203,1,47,931,1372,1388
80204,0,196,3674,5321,5424
80205,0,332,4463,6486,6632
80206,0,220,2845,4027,4143
80207,6,363,3886,5607,5769
80209,0,434,3808,5466,5635
80210,0,645,6208,8870,9193
80211,0,436,4940,7011,7250
80212,0,290,2825,4389,4534
80214,0,134,2081,4679,4755
80215,0,111,2276,4956,5052
80216,0,140,2542,3697,3768
80218,0,93,1467,2152,2201
80219,0,327,7816,11538,11643
80220,0,236,4793,7007,7172
80221,0,224,6530,9582,9689
80222,0,253,3441,4972,5068
80223,0,239,3286,4907,4977
80224,0,114,2730,3874,3925
80226,0,140,3512,7695,7780
80227,0,169,3864,7551,7674
80228,0,172,4044,8458,8621
80229,0,192,7676,11193,11272
80230,0,120,1133,1591,1645
80231,0,153,3272,4711,4778
80232,0,220,2679,5963,6104
80233,0,170,8228,12093,12154
80234,0,162,4126,6171,6245
80235,0,30,812,1487,1502
80236,0,138,2288,3378,3433
80237,0,151,2526,3612,3686
80238,0,487,3375,5051,5224
80239,0,122,5790,8681,8750
80241,0,279,5945,8899,9007
80246,0,49,1142,1622,1638
80247,0,77,1515,2094,2119
80249,0,165,5056,7426,7493
80260,0,48,3638,5341,5368
80301,0,186,2178,5425,5611
80302,0,146,1042,2419,2502
80303,0,288,2029,5045,5202
80304,0,206,2290,5520,5720
80305,0,206,1769,4091,4297
80401,0,491,3756,8037,8304
80403,0,255,2328,4735,4887
80465,0,151,1862,3969,4083
80503,0,12,191,487,500
80512,0,8,126,261,266
80514,0,5,155,254,257
80516,0,338,3541,6361,6619
80521,0,288,3343,7255,7366
80524,0,273,5144,10649,10878
80525,0,466,6908,14210,14530
80526,0,338,5748,11846,12039
80528,0,218,2848,5529,5735
80534,0,58,550,1062,1094
80535,0,7,305,682,689
80537,0,262,5940,12942,13099
80538,0,529,7306,15702,16006
80543,0,0,24,41,41
80547,0,49,407,765,799
80550,0,111,1609,3021,3074
80601,0,286,7052,10134,10225
80602,0,600,7530,10973,11335
80603,0,116,2720,4218,4287
80620,0,146,3062,5133,5200
80621,0,2,49,78,79
80631,0,287,6977,11369,11518
80634,0,308,10842,17913,18149
80640,0,90,2447,3566,3609
80642,0,4,59,91,93
80645,0,1,55,94,94
80817,32,401,7875,7987,8003
80829,0,27,338,347,347
80840,6,24,729,734,736
80902,16,56,1214,1225,1232
80903,0,123,2869,3373,3417
80904,123,531,6293,6462,6487
80905,0,114,3592,4175,4222
80906,57,1166,9197,9550,9570
80907,0,340,6611,7772,7874
80908,0,201,2041,2522,2568
80909,0,258,7956,9147,9248
80910,80,399,6053,6133,6157
80911,138,574,10459,10597,10650
80915,0,161,5465,6386,6431
80916,51,449,8385,8428,8478
80917,0,162,6672,7649,7687
80918,0,488,11070,13075,13194
80919,0,1045,8854,9139,9148
80920,0,579,9992,11863,12068
80921,0,521,4634,5687,5839
80922,9,219,7144,8705,8766
80923,0,263,7402,8699,8760
80924,0,84,1561,1876,1912
80925,1,48,677,690,691
80926,0,2,23,24,24
80927,0,22,269,333,342
80951,0,0,1,1,1
81001,169,676,8745,8834,8896
81003,114,403,4641,4708,4741
81004,131,576,7489,7643,7666
81005,0,605,10847,10979,11001
81006,27,204,4377,4435,4439
81007,0,505,7064,7223,7230
81008,67,259,3657,3736,3751
81022,0,0,1,1,1
81334,0,0,1,1,1
81401,0,0,5,8,8
81415,0,0,1,1,1
81501,0,304,5116,6783,6886
81503,0,114,4332,5632,5671
81504,0,272,7665,9951,10052
81505,0,172,2966,3941,3997
81506,0,167,2990,4001,4054
81507,0,220,4029,5394,5504
81520,0,94,2658,3431,3476
81521,0,208,3893,5131,5199
81526,0,8,264,343,348
6001,0,354,1820,3784,4010
6002,0,255,2186,5501,5654
6010,31,513,5552,15225,15505
6013,7,100,583,1237,1301
6016,0,94,804,2052,2081
6019,0,6,59,142,146
6023,0,13,143,380,388
6026,3,98,683,1649,1707
6029,0,268,1574,4133,4314
6032,0,286,1854,4358,4512
6033,17,538,2503,5468,5740
6035,0,89,776,1864,1914
6037,67,373,2689,6431,6637
6040,0,351,2975,7431,7568
6042,27,175,2084,5365,5464
6043,3,32,246,629,649
6051,21,161,1880,5145,5186
6052,2,96,698,1782,1836
6053,0,258,2628,6804,6943
6060,0,12,82,188,195
6062,16,166,1998,5058,5172
6066,0,285,2289,6621,6757
6067,0,242,2154,5201,5352
6070,0,259,1333,2824,2952
6071,3,135,1116,2883,2982
6073,0,111,487,955,1020
6074,16,753,3371,7607,7999
6078,0,344,1653,3660,3846
6081,0,15,118,311,317
6082,12,456,4629,11705,11933
6084,0,40,216,527,553
6085,2,121,721,1681,1756
6088,0,29,709,1878,1903
6089,0,36,244,556,579
6090,0,14,59,122,130
6092,0,38,145,270,294
6093,0,99,574,1271,1317
6095,0,404,3124,8061,8234
6096,12,153,1560,3933,4005
6103,0,9,62,155,158
6105,19,77,603,1525,1546
6106,20,245,1871,4776,4854
6107,13,392,1974,4133,4375
6108,10,196,1766,4799,4863
6109,0,464,3460,8135,8371
6110,14,165,1387,3440,3510
6111,64,519,3377,8848,9085
6112,23,201,1259,3273,3317
6114,0,237,1656,4143,4202
6117,0,338,1569,3172,3358
6118,7,302,2639,6704,6821
6119,0,185,1110,2587,2699
6120,0,105,684,1771,1799
6226,0,96,919,2624,2637
6237,0,5,48,140,144
6238,0,2,19,56,57
6241,0,2,16,42,43
6249,0,3,27,49,50
6250,1,49,229,592,610
6254,0,9,88,158,161
6255,1,21,290,774,785
6256,0,3,100,287,290
6260,3,72,589,1501,1527
6266,0,1,13,33,33
6268,1,57,209,503,537
6277,2,13,157,423,431
6280,0,1,10,29,29
6320,11,132,2845,5432,5476
6330,0,8,159,295,298
6331,0,0,4,11,11
6334,0,9,92,167,171
6335,0,23,183,326,335
6338,0,0,1,1,1
6339,1,20,200,357,366
6340,39,273,3460,6355,6465
6351,1,33,712,1346,1361
6355,3,48,464,820,851
6359,0,0,3,5,5
6360,45,214,3265,6394,6485
6365,0,6,119,224,228
6370,0,2,21,40,41
6374,0,0,4,12,12
6375,1,18,292,528,541
6380,4,25,272,496,506
6382,22,97,824,1518,1551
6385,0,85,1255,2321,2357
6401,28,204,2163,4544,4600
6403,0,105,786,1524,1570
6405,0,507,3987,7837,7998
6410,27,623,3504,6370,6736
6416,0,174,1746,4120,4243
6418,0,180,1620,3264,3297
6424,0,1,8,18,19
6437,0,36,202,391,412
6441,0,0,1,2,2
6444,0,0,8,24,24
6450,0,300,3756,7901,8079
6451,22,239,2564,5445,5517
6455,0,54,413,968,1000
6456,1,8,32,62,65
6457,0,461,4555,11278,11463
6460,46,370,2173,11122,11480
6461,13,240,924,4065,4232
6468,4,321,1988,3591,3761
6470,0,4,15,28,30
6471,0,111,916,1842,1883
6472,0,109,781,1515,1573
6473,0,395,1530,6829,7109
6477,8,203,1021,3738,3932
6478,0,177,1459,2870,2947
6479,20,175,1273,3202,3278
6480,0,133,1129,2689,2755
6481,0,12,164,420,429
6483,4,204,1995,4065,4161
6484,0,663,4904,9437,9739
6489,0,514,3718,9061,9285
6492,123,662,6017,11949,12230
6510,0,24,81,264,277
6511,58,368,1464,6950,7116
6512,25,401,3769,8155,8331
6513,0,227,954,5836,5913
6514,24,243,2917,5937,6041
6515,0,85,432,2573,2634
6516,0,263,1563,11693,11872
6517,0,218,738,3460,3609
6518,0,207,1562,3153,3268
6519,0,63,311,2269,2302
6524,0,121,734,1410,1481
6525,0,239,1089,1963,2089
6604,0,166,660,3760,3833
6605,0,87,567,3515,3584
6606,0,383,1425,8672,8815
6607,0,49,197,1413,1433
6608,0,64,345,1853,1876
6610,26,161,580,3677,3714
6611,0,936,4655,8400,8908
6612,0,92,370,639,684
6614,0,304,1715,8917,9184
6615,0,124,932,5004,5127
6702,0,41,276,547,555
6704,32,257,2410,5243,5312
6705,0,148,2412,5012,5079
6706,0,84,1413,3072,3113
6708,89,398,3144,6706,6823
6710,3,114,722,1440,1470
6712,0,134,1270,2660,2725
6716,9,188,2229,4604,4694
6762,0,125,1025,1986,2044
6770,23,354,3648,7535,7689
6779,13,85,984,2450,2495
6782,0,3,18,39,41
6786,1,40,405,940,961
6787,0,0,2,5,5
6795,0,134,1456,3345,3427
6798,0,5,36,86,89
6807,6,274,972,1706,1842
6820,0,918,3320,5094,5626
6824,58,929,3853,6756,7235
6825,0,428,1293,4526,4812
6830,11,573,2863,5088,5390
6831,0,598,2207,3694,4006
6840,0,621,2047,3330,3671
6850,0,260,1768,3300,3449
6851,0,379,2711,5274,5477
6853,0,195,722,1170,1274
6854,0,221,2183,4317,4406
6855,0,95,922,1831,1887
6870,0,251,999,1651,1784
6878,3,317,992,1520,1714
6880,26,989,3580,5839,6362
6890,0,188,701,1157,1261
6897,0,17,60,98,108
6901,0,24,173,340,351
6902,0,479,4523,8775,9019
6903,0,367,1413,2374,2568
6905,8,287,2012,3943,4091
6906,11,160,987,1821,1899
6907,11,173,899,1683,1765
19701,0,165,1180,10778,11032
19702,0,100,664,10948,11059
19703,0,21,115,1448,1471
19706,0,12,40,590,595
19707,0,18,1096,4326,4587
19709,0,0,4,31,32
19711,0,137,1245,9529,9793
19713,0,114,579,7016,7145
19720,0,68,1272,16702,16939
19732,0,0,4,16,17
19801,0,84,349,2920,2974
19802,0,64,388,4495,4568
19803,0,66,1119,5737,6008
19804,0,55,471,6031,6117
19805,0,184,813,8609,8731
19806,0,53,295,1988,2045
19807,0,20,615,2314,2457
19808,0,34,985,10964,11154
19809,0,49,331,3179,3271
19810,0,81,879,6041,6234
19901,0,165,695,9064,9119
19904,0,16,539,7950,8015
19931,0,0,3,37,37
19933,0,0,0,2,2
19934,4,59,322,3648,3703
19936,0,0,3,25,26
19940,0,4,57,644,649
19943,0,2,56,724,732
19946,0,0,18,326,329
19956,0,24,112,1298,1315
19962,6,25,221,3046,3074
19973,0,57,358,3109,3163
19979,0,1,23,331,334
19980,0,0,9,89,89
32003,36,100,884,4112,8652
32009,0,7,23,75,195
32011,0,0,1,13,47
32043,58,67,182,1136,4322
32065,0,121,463,4588,10763
32068,83,223,626,3797,13574
32073,50,137,460,5220,12292
32080,67,250,634,3413,8035
32081,33,91,600,1872,3835
32082,53,137,1234,4801,9812
32084,0,36,379,3051,7107
32086,0,43,272,3268,8358
32092,0,14,251,1493,3422
32095,0,3,22,99,224
32110,18,48,82,539,1259
32114,32,357,624,3584,7874
32117,0,138,407,3634,8445
32118,0,114,252,2370,5569
32119,21,157,313,3016,6979
32124,0,0,54,713,1648
32127,192,300,600,5156,11678
32128,22,133,295,3107,7254
32129,23,92,313,3202,7503
32132,0,11,113,1479,3462
32136,0,108,280,1567,3706
32137,0,228,999,7096,16909
32141,0,7,146,3007,7210
32159,155,323,477,12363,12763
32162,365,821,1368,28761,30069
32163,32,102,287,2572,4496
32164,0,198,708,6570,16154
32168,94,261,418,4374,10178
32169,0,5,338,2170,4722
32174,93,373,1045,7782,18194
32176,0,60,498,3305,7288
32179,1,3,9,245,258
32195,1,3,7,295,310
32202,0,21,40,352,746
32204,24,78,184,1033,2104
32205,0,117,430,3486,7622
32206,133,394,495,3068,6180
32207,39,312,693,4433,9442
32208,0,353,588,4342,9518
32209,114,499,759,4920,10142
32210,0,320,927,7633,16461
32211,0,39,323,3416,7707
32212,1,2,4,178,441
32216,0,283,661,4850,10203
32217,0,75,326,2468,5220
32218,0,333,771,5362,17121
32219,0,100,171,1326,4673
32220,34,102,214,2183,4764
32221,0,103,413,4217,9252
32222,7,32,89,1548,3506
32223,0,167,469,3609,7696
32224,0,87,677,4603,9322
32225,0,181,889,7307,16128
32226,0,71,355,1673,5266
32227,1,13,22,259,547
32233,0,77,389,2905,6192
32244,118,338,625,7361,16629
32246,0,253,605,6103,13740
32250,104,256,986,4444,9002
32254,0,204,348,2131,4389
32256,30,159,587,4528,9742
32257,0,150,641,4624,10349
32258,0,28,408,4340,9221
32259,0,171,1484,6337,13430
32266,7,10,178,1133,2377
32277,0,114,322,3213,7042
32301,0,89,261,2185,4557
32303,26,234,484,3902,8426
32304,0,371,611,2433,4875
32305,0,42,112,2240,2457
32308,32,82,270,2092,4458
32309,0,160,473,2845,5708
32310,24,122,196,1049,2102
32311,0,34,253,1920,4159
32312,0,119,623,3116,6265
32317,0,47,267,1578,3173
32333,0,0,0,2,7
32401,54,238,428,3992,6650
32403,0,4,22,538,921
32404,100,275,487,10295,12317
32405,0,147,383,5630,9612
32407,0,102,267,2613,4315
32408,0,157,382,4340,7308
32409,6,30,61,1086,1878
32413,59,167,640,5837,9627
32444,0,75,258,3964,6658
32459,13,87,263,1583,2517
32466,7,36,100,981,1171
32501,0,155,350,2108,3842
32502,20,85,155,1029,1900
32503,0,118,611,5563,10397
32504,0,112,382,4270,7784
32505,19,252,373,4894,9209
32506,11,267,680,5839,10899
32507,0,117,634,5104,9457
32508,2,8,16,215,413
32514,0,150,462,5885,11330
32526,0,52,299,6622,12854
32531,0,0,1,6,18
32533,35,151,547,6145,11406
32534,0,35,176,3033,5784
32536,0,43,139,1024,3025
32539,21,35,89,1131,3501
32561,0,1,3,14,23
32570,0,30,436,4557,9669
32571,0,67,491,5180,10884
32577,0,0,1,4,8
32583,27,76,250,2533,5321
32601,0,209,362,1447,2988
32603,4,102,174,392,646
32605,0,31,270,2217,4970
32606,40,170,416,2239,4824
32607,44,199,397,1779,3797
32608,58,476,927,7340,8016
32609,12,78,140,1058,3818
32615,0,63,191,2937,3253
32617,1,21,43,532,559
32618,4,25,52,674,750
32640,0,0,0,0,1
32641,27,139,232,2679,2968
32653,0,169,364,3819,4294
32667,0,0,0,2,2
32669,0,5,63,504,1119
32701,43,123,275,4344,4666
32702,0,2,4,37,39
32703,43,385,856,13317,14045
32707,109,293,543,3550,10671
32708,42,309,899,5014,13511
32709,1,5,13,80,187
32712,61,683,1183,13913,14778
32713,0,17,316,3481,8175
32714,96,237,371,6828,7288
32720,82,267,519,6866,7289
32724,18,137,392,3981,8910
32725,0,113,484,6391,15882
32726,20,143,265,6441,6714
32730,15,30,53,1148,1225
32732,0,0,0,1,2
32735,11,14,39,1500,1561
32736,0,6,71,437,1022
32738,0,151,568,5123,12353
32744,3,6,31,435,999
32746,0,153,678,3806,10511
32750,0,137,444,2782,7854
32751,63,295,628,5696,6104
32754,24,51,127,1148,2160
32757,95,327,560,7974,8439
32759,0,29,50,247,541
32763,0,71,338,2535,5798
32764,0,5,20,199,459
32765,0,272,1344,6463,16242
32766,11,101,669,2311,5274
32771,0,83,751,4825,13447
32773,8,98,325,2586,7960
32776,0,4,130,1413,3412
32778,57,196,399,7656,8023
32779,20,302,749,5765,6304
32780,0,131,513,6546,12882
32784,13,67,106,1734,1822
32789,0,174,1080,4772,8203
32792,100,673,1109,11403,12175
32796,0,38,250,3883,7449
32798,0,27,50,1450,1503
32801,23,70,179,872,1491
32803,43,192,641,6527,6969
32804,14,342,866,6232,6707
32805,19,272,376,5733,6041
32806,34,354,860,7738,8168
32807,0,164,391,8593,9002
32808,35,388,787,11015,11590
32809,137,295,432,6785,7081
32810,111,315,485,7994,8360
32811,93,199,371,6285,6557
32812,115,274,592,8239,8663
32814,2,65,211,1366,1489
32817,10,186,657,3980,9440
32818,169,349,731,10602,11086
32819,55,536,972,8178,8805
32820,0,33,237,1393,3173
32821,10,91,187,4540,4722
32822,208,392,661,11575,12065
32824,0,241,483,12044,12489
32825,0,490,777,15750,16611
32826,0,191,463,2779,6634
32827,58,234,622,3688,3980
32828,100,332,1063,6646,16099
32829,21,137,269,4907,5166
32830,0,0,1,19,20
32832,0,174,469,4732,5143
32833,3,51,166,1369,3307
32835,0,246,676,8163,8522
32836,0,377,1025,6026,6411
32837,0,272,668,12698,13448
32839,136,307,444,6415,6715
32901,8,168,386,4334,8248
32903,0,87,387,2590,4645
32904,0,68,587,5871,11121
32905,0,112,262,3820,7431
32907,0,94,377,7988,15505
32908,0,22,70,2253,4310
32909,0,114,410,5884,11211
32920,9,61,128,1220,2288
32922,37,138,307,2752,5187
32925,0,8,24,169,305
32926,0,138,332,4909,9052
32927,0,94,521,5397,10242
32931,8,101,353,2189,4041
32934,14,170,619,3616,6525
32935,14,129,473,7386,14141
32937,0,65,703,4886,8883
32940,0,79,644,5204,9565
32949,3,17,87,566,1042
32950,6,23,121,1090,2021
32951,26,165,381,2656,4921
32952,0,76,672,4356,8041
32953,72,162,604,4729,8720
32955,98,182,657,7285,13618
32958,2,13,37,425,928
32960,0,176,407,3854,7860
32962,0,88,293,4382,9652
32963,0,197,1351,4258,7452
32966,22,225,457,3446,7080
32967,0,117,400,2958,5990
32968,0,6,226,2715,5555
33004,0,156,346,1763,4061
33009,0,265,512,2538,5902
33010,79,197,363,3951,7736
33012,0,140,559,6190,11403
33013,57,252,406,4062,7962
33014,21,91,288,3544,6940
33015,0,131,498,5849,11627
33016,78,124,307,3249,6414
33018,0,206,642,5725,11185
33019,0,64,292,1428,3219
33020,0,87,476,4056,10601
33021,61,182,776,4925,11743
33023,0,331,663,7327,18114
33024,153,496,1125,7608,18649
33025,81,314,567,3988,9910
33026,0,151,571,3417,7699
33027,0,489,1426,5692,12626
33028,15,90,613,3104,7166
33029,0,55,1175,6026,12900
33032,9,30,61,646,1216
33033,0,0,0,5,9
33054,16,211,352,3976,7687
33055,0,232,499,5851,11412
33056,0,194,416,4767,9045
33060,159,319,503,3187,8170
33062,0,115,429,2066,4756
33063,40,139,310,2556,6453
33064,0,140,934,6568,15127
33065,0,40,161,1745,4386
33066,2,64,119,736,1740
33067,0,0,4,18,40
33069,0,76,174,1264,3222
33071,0,33,163,1062,2611
33073,0,1,2,16,39
33109,0,4,32,59,82
33122,0,7,12,158,327
33125,24,251,416,3960,7662
33126,0,35,200,2816,5807
33127,0,137,313,3363,6420
33128,7,17,24,280,544
33129,12,61,145,878,1663
33130,0,30,148,948,1776
33131,0,5,24,89,150
33132,0,8,22,146,273
33133,0,130,828,3851,6781
33134,79,187,856,5236,9459
33135,52,199,346,2675,5120
33136,32,86,126,739,1392
33137,8,76,239,1315,2442
33138,0,236,529,3268,6122
33139,28,118,279,1631,2971
33140,0,68,429,1694,3011
33141,0,103,213,1895,3588
33142,0,305,563,5995,11474
33143,0,324,986,4222,7418
33144,0,116,296,3182,6306
33145,71,233,516,3637,6815
33146,0,65,643,2155,3549
33147,0,400,703,6244,11919
33149,0,39,321,964,1547
33150,37,223,434,3227,6068
33154,6,76,291,1159,2033
33155,67,413,919,6808,12882
33156,139,268,1582,5189,8519
33157,0,328,1095,6471,11726
33158,0,55,362,1194,2007
33160,9,77,224,1161,2180
33161,0,173,466,4647,8957
33162,0,163,394,4820,9419
33165,0,269,700,6726,13116
33166,72,137,484,3459,6335
33167,37,119,266,2347,4482
33168,0,14,172,3366,6814
33169,0,143,319,4170,8247
33170,8,28,52,491,933
33172,0,69,144,1481,2949
33173,0,114,524,3419,6443
33174,18,101,235,2305,4508
33176,52,165,948,5471,9840
33178,0,78,286,2230,4199
33179,0,100,321,3476,6544
33180,0,49,269,1352,2437
33181,17,42,120,1253,2398
33183,0,0,1,4,8
33185,0,0,1,10,18
33189,0,0,158,2962,5997
33190,5,42,117,1372,2600
33301,0,7,264,1433,3147
33304,0,72,406,1970,4275
33305,0,80,390,1623,3605
33306,0,29,126,510,1130
33308,0,94,541,2754,6018
33309,63,105,258,2649,6817
33311,81,291,744,5998,15907
33312,0,134,819,6062,14478
33313,0,142,402,3134,8229
33314,0,139,357,2400,5931
33315,0,62,291,1937,4271
33316,6,42,303,1355,3058
33317,0,189,621,4229,10203
33319,8,67,147,1585,3876
33321,0,0,0,3,7
33322,0,104,389,3947,9336
33323,0,62,465,2448,5423
33324,10,154,626,3872,9324
33325,0,161,564,3494,8619
33326,0,62,593,3258,7356
33327,0,19,917,2953,5811
33328,43,189,763,3577,8131
33330,0,84,641,2353,4870
33331,0,52,821,3277,6909
33332,0,0,424,1531,3268
33334,0,171,459,3495,8811
33351,0,32,95,1712,4457
33401,0,96,335,2194,4638
33403,0,27,91,1511,3329
33404,17,319,681,3998,8297
33405,55,325,615,3119,6631
33406,27,153,414,2996,6485
33407,102,266,516,3674,7652
33408,0,86,480,2461,4832
33409,0,116,238,2762,6006
33410,0,96,917,5119,10216
33411,5,43,120,830,1733
33412,0,5,28,163,327
33413,0,51,142,1210,2627
33415,43,130,297,3282,7116
33417,0,111,283,2440,5424
33418,105,362,1460,5793,10850
33426,7,79,230,2916,6483
33431,0,111,478,2203,4615
33432,61,131,545,2134,4114
33433,0,130,512,3293,6946
33434,9,62,237,1409,2812
33435,37,211,513,4307,8916
33436,0,237,821,6279,13589
33437,23,65,148,1194,2521
33441,96,236,510,2689,6186
33442,0,112,304,2429,6081
33444,71,155,428,2723,5761
33445,0,150,501,3882,8098
33446,0,2,9,48,96
33455,0,249,659,4133,8650
33460,19,112,326,4196,9136
33461,9,222,384,3824,8398
33462,0,96,519,4381,9328
33463,0,137,606,5295,11139
33467,0,3,7,50,107
33469,0,0,0,2,5
33472,13,32,100,681,1404
33480,0,36,559,1618,2712
33483,0,55,428,1961,3710
33484,7,79,213,1709,3657
33486,59,176,730,3159,6149
33487,40,63,311,1428,2748
33496,0,34,257,798,1505
33510,38,106,258,4156,7506
33511,54,313,777,7479,13242
33523,0,0,0,4,4
33527,82,141,383,2660,4675
33534,22,93,146,2448,4382
33543,31,300,700,7261,7507
33544,0,86,288,3503,3648
33545,0,0,0,3,3
33547,5,106,637,3019,5003
33548,20,155,363,2003,2139
33549,17,159,364,5377,5588
33556,0,650,1380,7856,8357
33558,28,480,952,6346,6666
33559,69,175,282,3642,3738
33563,22,152,253,3952,7145
33565,9,68,219,2450,4477
33566,0,64,324,3523,6238
33567,0,30,75,1059,1937
33569,0,133,550,4724,8039
33570,0,67,168,2274,4711
33572,8,132,792,4232,7370
33573,18,137,476,5028,8966
33578,114,391,720,7096,12348
33579,28,152,569,5353,9254
33584,102,236,504,4284,7718
33592,12,36,149,1302,2306
33594,0,126,688,6204,11239
33596,19,58,633,5429,9424
33598,0,41,159,1634,3379
33602,0,32,256,1322,2161
33603,17,108,348,3180,5543
33604,0,241,588,5285,9471
33605,0,209,411,3588,6151
33606,39,138,573,2510,4021
33607,0,215,544,3993,6970
33609,0,69,609,2948,5041
33610,10,318,686,5685,10018
33612,162,505,737,5703,9892
33613,110,266,498,3171,5625
33614,43,249,465,6037,10613
33615,0,193,629,6673,11810
33617,0,331,570,5019,9000
33618,55,134,576,4353,7610
33619,0,150,493,5987,10528
33624,97,229,555,6509,11822
33625,0,123,330,4112,7511
33626,94,589,1298,7752,8170
33629,14,220,1167,4015,6329
33634,37,80,312,3463,6002
33635,0,102,310,2646,4726
33637,25,62,116,1950,3574
33647,0,163,1352,9023,15717
33701,39,207,378,3054,3131
33702,172,421,918,9156,9385
33703,18,553,1132,8266,8477
33704,0,405,838,5277,5531
33705,82,371,717,7945,8102
33706,45,401,891,5878,6196
33707,126,427,737,8061,8204
33708,62,336,584,5931,6068
33709,156,372,502,8410,8540
33710,75,374,661,12055,12279
33711,95,250,462,5350,5483
33712,83,437,595,7216,7381
33713,11,271,733,10913,11116
33714,70,202,329,6183,6271
33715,11,115,223,1749,1801
33716,9,74,141,2181,2196
33755,102,335,634,6985,7146
33756,145,489,707,8724,8878
33759,51,214,419,4480,4554
33760,41,160,242,3574,3667
33761,116,282,465,5877,6036
33762,0,109,218,2508,2547
33763,34,152,287,4094,4166
33764,170,484,771,8575,8809
33765,67,189,339,4021,4122
33767,0,149,321,1861,1969
33770,91,330,552,7969,8109
33771,203,354,516,9924,10016
33772,43,334,608,8279,8416
33773,155,347,598,7136,7276
33774,24,163,379,5846,5937
33776,5,338,606,4650,4809
33777,24,222,527,5760,5886
33778,63,292,494,6115,6236
33781,224,494,830,8967,9172
33782,49,294,474,7970,8051
33785,17,145,262,2306,2370
33786,8,90,183,811,874
33801,0,253,537,5210,10326
33803,92,226,565,4922,10101
33805,0,183,319,3383,6684
33809,0,159,390,4303,8711
33810,55,236,555,6742,13650
33811,41,122,400,4080,7988
33812,0,38,178,2275,4583
33813,0,264,1055,6302,12102
33815,32,182,326,3091,5214
33823,0,242,656,5631,11171
33825,96,232,417,6413,6755
33827,1,20,40,475,493
33830,45,281,454,8562,8934
33837,0,232,542,10380,10922
33838,0,29,42,1541,1601
33839,0,24,82,594,1156
33843,0,15,37,1253,1315
33844,100,399,611,11726,12250
33848,3,5,7,40,42
33850,0,20,90,1428,2867
33852,0,5,13,244,253
33853,97,235,345,4309,4512
33856,0,0,0,208,209
33859,0,59,136,4054,4202
33860,29,125,280,3598,7262
33868,1,33,70,1098,1142
33870,96,288,587,10227,10589
33872,5,114,244,4960,5126
33875,11,76,164,2679,2792
33876,14,60,99,1424,1483
33880,239,638,1023,12353,13031
33881,195,584,843,12274,12741
33884,49,255,509,11414,11997
33896,37,125,223,4400,4581
33897,78,196,422,9518,9714
33898,37,102,159,3903,4033
33901,6,255,574,3889,5719
33903,77,253,451,7111,10825
33904,0,324,795,9492,14392
33905,126,339,690,8248,12290
33907,0,157,293,3450,5118
33908,120,509,1094,9678,14503
33909,40,188,376,6372,9765
33912,32,269,736,5094,7617
33913,25,185,859,5625,8100
33914,86,393,1043,13392,16812
33916,0,168,363,3591,5281
33917,0,342,926,9158,13829
33919,38,229,609,6295,9275
33920,0,54,148,1797,2622
33921,14,81,179,613,868
33922,12,37,132,1590,2389
33928,72,322,824,5819,8595
33931,0,142,482,3746,5459
33935,0,0,0,2,5
33936,18,275,550,7136,8741
33946,0,17,163,1247,1830
33947,36,153,286,3323,5021
33948,0,101,226,5271,7665
33950,100,388,865,7145,10740
33952,116,304,593,9698,14280
33953,11,103,227,2376,3440
33954,0,17,147,2772,4122
33955,0,56,260,3043,4546
33956,0,70,202,1928,2406
33957,14,182,733,3146,4497
33965,0,3,4,46,70
33966,22,102,217,2016,3013
33967,0,112,406,5510,8482
33971,0,57,251,5373,8015
33972,18,83,203,2997,4544
33973,7,88,150,1899,2338
33974,44,118,236,4002,4858
33976,14,38,76,3893,4754
33980,11,72,250,3682,5473
33981,0,97,280,3831,5623
33982,3,86,160,2037,3001
33983,29,82,198,3943,5748
33990,48,240,635,7812,11742
33991,77,187,340,5685,8426
33993,0,202,645,6469,9845
34102,26,142,749,3406,4972
34103,0,132,543,2573,3750
34104,0,81,291,5264,7944
34105,28,179,623,3071,4434
34108,33,243,977,4310,6134
34109,0,271,753,4756,7165
34110,65,236,960,5310,7766
34112,27,172,471,5805,8884
34113,102,211,497,4504,6593
34114,0,167,555,4365,6704
34116,0,86,329,4712,7061
34117,0,44,141,1482,2243
34119,0,232,1009,6460,9679
34120,0,23,148,1609,2477
34134,19,246,976,4203,6059
34135,0,158,998,11488,17144
34142,0,0,0,1,1
34145,0,404,1080,5649,6935
34201,10,32,207,1245,1901
34202,28,182,613,3438,5223
34203,0,288,726,8559,13420
34205,29,200,438,5992,9368
34207,0,267,464,7441,11359
34208,144,370,617,6643,10057
34209,56,270,596,7034,10995
34210,0,140,316,2486,3888
34211,6,88,255,1331,1954
34212,0,29,352,2639,4032
34219,0,40,357,4199,6457
34221,0,187,687,9715,15353
34222,6,53,193,3664,5747
34223,45,270,766,7588,10954
34224,100,318,517,6036,8932
34228,0,109,371,1682,2467
34229,25,93,356,2324,3445
34231,35,272,757,7701,11487
34232,58,222,665,7702,11424
34233,56,97,306,4581,6851
34234,0,106,340,4656,6956
34235,37,214,386,3508,5173
34236,32,95,400,2114,2981
34237,24,120,221,3161,4745
34238,69,208,733,5088,7366
34239,46,209,517,4309,6309
34240,0,15,392,2459,3545
34241,23,149,457,3083,4482
34242,4,176,555,2769,3925
34243,78,178,600,7216,10873
34250,0,6,21,185,236
34269,0,26,49,749,1450
34275,105,316,756,6303,9259
34285,18,155,491,5953,8862
34286,16,31,225,5006,7669
34287,0,120,385,7872,11863
34288,0,73,238,3148,4749
34289,0,1,13,464,728
34291,0,45,114,1949,2952
34292,64,155,452,4544,6883
34293,128,475,1097,12082,17877
34420,93,186,273,4987,5374
34428,15,50,75,866,907
34429,16,114,208,2437,2533
34432,3,6,8,152,163
34434,0,1,2,38,40
34436,2,14,25,379,397
34442,43,85,146,2302,2470
34446,0,85,205,3234,3381
34448,48,112,163,2672,2765
34450,12,70,128,1402,1494
34452,48,106,151,2883,2989
34453,0,59,77,2237,2316
34461,6,30,83,1782,1863
34465,47,161,259,4955,5121
34470,0,87,223,5809,6156
34471,135,465,735,7705,8221
34472,101,321,486,8657,9070
34473,2,5,10,153,315
34474,0,137,296,4818,5183
34475,42,244,397,3436,3700
34476,82,245,419,9569,10100
34479,67,170,246,4172,4391
34480,0,165,428,6052,6480
34481,49,153,327,6521,6904
34482,20,98,216,4512,4856
34484,10,37,93,914,959
34488,4,24,49,938,987
34491,0,130,398,8522,9142
34601,52,142,193,2735,2842
34604,20,83,171,2369,2480
34606,100,267,467,10684,10996
34607,0,59,191,2176,3383
34608,186,311,559,11918,12316
34609,185,556,989,14754,15202
34610,0,178,329,5317,5489
34613,51,192,275,6145,6305
34614,5,9,31,382,602
34638,0,284,614,5300,5528
34639,0,244,535,6241,6432
34652,169,416,596,10841,11089
34653,0,122,416,11894,12115
34654,49,226,403,6829,6963
34655,33,485,1153,16009,16343
34667,16,297,676,15851,16346
34668,239,717,1015,19147,19744
34669,0,159,295,5678,5867
34677,100,347,717,7330,7554
34679,0,0,0,15,23
34681,0,2,4,38,39
34683,12,260,865,11929,12127
34684,107,330,777,8606,8757
34685,0,254,576,5294,5480
34688,16,149,333,2517,2639
34689,125,448,991,9928,10210
34690,45,141,224,6217,6345
34691,146,387,638,10058,10298
34695,51,293,656,5999,6253
34698,0,372,808,12303,12649
34705,0,3,8,426,441
34711,129,573,1258,17424,18072
34714,0,74,174,5006,5228
34715,12,93,154,3814,4005
34731,21,99,158,3319,3478
34734,20,61,137,1341,1417
34736,0,6,11,216,225
34737,1,7,22,482,509
34741,147,295,434,7780,8091
34743,117,213,374,10267,10577
34744,0,254,565,10948,11317
34746,220,677,1117,14747,15376
34747,12,465,930,10759,11363
34748,0,185,359,10953,11487
34756,0,23,81,901,968
34758,97,193,314,11776,11969
34759,102,361,643,10591,11132
34760,4,19,42,319,348
34761,138,401,802,11613,12314
34762,0,2,7,101,107
34769,34,67,261,8112,8373
34771,19,103,337,4387,4588
34772,93,252,383,8812,9270
34785,16,110,185,2951,3093
34786,47,724,1805,10449,11375
34787,0,990,1812,16645,18158
34788,103,231,340,6064,6308
34797,0,29,56,468,487
34945,9,26,55,496,1070
34946,31,216,392,1396,2718
34947,34,109,206,1751,3694
34949,17,48,161,1134,2337
34950,0,261,527,2531,4920
34951,0,105,230,2986,6491
34952,0,132,712,7849,16312
34953,9,100,309,4076,8917
34957,38,172,602,4387,9319
34981,0,0,3,118,267
34982,0,69,175,2162,4555
34983,0,264,653,7292,15158
34984,0,24,209,2815,5862
34986,0,59,490,3984,8246
34990,0,205,1064,4879,9656
34994,0,87,357,2355,4964
34996,33,63,301,1776,3560
34997,45,225,719,5178,10941
30002,0,0,0,0,0
30004,0,0,0,0,0
30005,0,0,0,0,0
30008,0,0,0,0,0
30009,0,8,11,11,15
30011,4,7,9,12,12
30012,77,77,77,85,85
30013,76,76,83,83,83
30014,0,0,0,0,0
30016,0,0,28,37,64
30017,0,20,20,20,20
30019,36,36,36,45,45
30021,6,8,8,8,11
30022,0,0,0,0,0
30024,0,0,19,19,19
30028,1,1,1,1,1
30030,20,20,20,20,25
30032,7,22,22,22,37
30033,31,31,35,35,35
30034,0,0,0,0,0
30035,0,0,0,0,0
30038,19,28,38,57,76
30039,0,0,0,0,0
30040,0,0,0,0,0
30041,0,0,0,0,0
30043,114,170,170,189,189
30044,0,36,54,90,90
30045,0,0,0,0,0
30046,0,0,0,9,36
30047,45,75,105,105,105
30052,0,0,0,0,0
30058,29,43,101,144,159
30060,73,73,81,81,81
30062,0,0,0,0,0
30064,0,0,11,23,45
30066,0,34,34,51,68
30067,32,65,65,73,81
30068,0,0,0,0,0
30071,0,0,0,0,0
30072,0,0,0,0,0
30075,0,0,0,15,15
30076,0,18,18,35,44
30078,48,77,77,77,77
30079,3,3,6,7,10
30080,0,18,36,36,55
30082,13,13,13,19,25
30083,0,0,0,0,8
30084,18,27,27,27,46
30087,70,78,87,87,87
30088,0,0,0,0,0
30092,47,58,70,76,87
30093,49,56,56,64,78
30094,0,0,0,18,18
30096,23,35,47,58,93
30097,0,0,0,0,12
30101,0,0,0,0,0
30102,0,0,0,0,0
30103,0,0,0,0,0
30106,0,0,0,0,6
30107,0,0,0,0,0
30114,0,0,0,0,0
30115,28,35,35,35,35
30116,0,0,0,0,0
30117,0,0,0,4,4
30120,1,1,1,1,1
30121,2,2,2,2,2
30122,0,5,19,39,39
30126,0,0,0,0,10
30127,0,0,0,35,35
30132,0,0,0,0,0
30134,38,47,85,85,95
30135,15,15,45,60,75
30137,0,0,0,0,1
30141,0,0,0,6,6
30144,73,85,109,133,145
30147,0,0,0,0,0
30152,29,29,39,48,77
30157,0,0,0,0,0
30161,0,22,28,45,50
30165,0,0,27,48,58
30168,19,24,24,24,24
30173,0,0,0,0,1
30180,0,0,0,0,0
30187,0,0,0,0,0
30188,0,0,0,0,48
30189,0,0,0,0,0
30205,1,1,1,1,1
30213,0,0,0,0,0
30214,0,0,0,0,0
30215,0,0,0,0,10
30223,0,0,1,3,4
30228,176,176,190,204,204
30234,0,0,0,0,0
30236,0,0,0,0,10
30238,0,0,0,0,48
30248,0,0,0,0,0
30252,13,13,13,25,25
30253,0,0,0,0,0
30260,0,0,0,0,35
30268,25,27,29,29,31
30269,0,0,0,0,0
30273,31,45,49,58,58
30274,67,81,101,121,135
30276,0,0,0,0,0
30277,2,5,7,10,10
30281,91,127,127,145,145
30288,24,26,32,37,43
30290,0,0,0,0,0
30291,0,0,0,0,0
30294,0,0,0,0,0
30296,0,0,0,12,12
30297,0,0,0,0,33
30305,0,0,0,0,9
30306,0,0,0,0,0
30307,0,0,9,14,14
30308,4,6,7,8,9
30309,18,18,18,24,32
30310,0,0,0,10,36
30311,0,0,12,37,49
30312,0,0,0,3,10
30313,0,0,0,0,0
30314,0,17,38,63,84
30315,0,0,0,0,30
30316,94,106,144,156,169
30317,0,0,0,0,0
30318,0,0,0,8,17
30319,57,57,57,57,63
30324,15,15,20,30,30
30326,0,0,0,0,0
30327,0,0,0,4,4
30328,0,0,0,6,12
30329,0,0,5,8,16
30331,0,0,0,23,68
30336,5,11,14,17,20
30337,0,0,0,0,0
30338,0,0,0,0,0
30339,0,0,0,4,4
30340,0,0,0,0,0
30341,0,0,0,0,0
30342,0,0,0,0,0
30344,5,15,34,39,44
30345,9,9,9,9,15
30346,0,0,0,0,0
30349,0,0,74,166,166
30350,0,5,5,15,25
30354,14,26,28,33,37
30360,0,0,0,0,0
30363,0,0,1,1,1
30458,52,72,72,103,108
30461,0,0,0,0,2
30501,0,0,0,0,0
30504,0,0,0,0,0
30506,0,0,0,0,0
30507,12,12,12,13,15
30517,0,0,0,3,4
30518,11,11,11,22,44
30519,0,11,11,11,33
30542,0,0,0,0,0
30548,16,16,16,17,19
30564,0,0,0,0,0
30565,0,0,0,0,0
30566,0,4,7,18,18
30601,128,162,203,226,255
30605,177,204,212,239,283
30606,0,0,0,0,24
30607,13,13,16,19,19
30619,0,0,0,0,0
30620,0,0,0,0,0
30621,0,0,0,0,0
30622,5,6,8,8,8
30646,0,0,0,0,1
30655,0,0,0,0,0
30677,0,0,0,0,0
30680,0,0,0,0,0
30683,10,10,10,10,10
30701,0,0,0,0,0
30705,23,23,26,26,28
30707,0,0,0,0,0
30720,0,0,0,10,10
30721,6,18,24,37,37
30725,0,0,0,1,3
30735,0,0,0,0,0
30736,112,112,122,122,122
30738,0,0,0,0,0
30740,0,0,0,0,0
30741,0,0,0,0,0
30742,14,16,16,23,23
30750,0,0,0,0,0
30755,0,0,0,0,0
30757,0,0,0,0,0
30802,0,0,0,0,0
30805,0,0,0,1,1
30809,14,28,42,56,71
30813,33,44,55,66,88
30815,35,61,78,104,104
30901,84,126,140,169,197
30904,91,111,151,161,191
30905,0,0,0,0,1
30906,0,0,0,0,41
30907,0,0,0,47,47
30909,0,0,0,0,26
31005,0,0,0,0,0
31008,0,0,6,11,19
31020,0,0,0,0,0
31028,0,0,0,0,0
31030,0,0,0,1,3
31032,0,0,0,0,0
31047,13,13,13,13,14
31052,0,0,1,2,2
31088,0,0,0,17,34
31093,0,9,18,71,80
31098,0,0,0,0,0
31201,0,0,35,51,64
31204,0,28,73,83,128
31206,97,135,183,251,280
31210,0,0,0,0,0
31211,7,7,18,18,36
31216,2,2,2,3,3
31217,48,62,84,99,117
31220,0,0,1,2,3
31301,0,0,0,0,0
31302,0,0,1,2,2
31313,16,16,22,33,44
31315,5,6,9,11,12
31322,14,14,14,14,21
31324,0,0,0,0,0
31401,118,134,139,160,187
31404,0,0,0,0,0
31405,0,20,51,71,102
31406,0,0,15,51,73
31407,6,6,7,8,9
31408,26,26,26,32,32
31410,0,0,0,0,5
31411,0,0,1,1,3
31415,85,100,100,112,120
31419,0,0,0,0,0
31520,0,0,0,0,10
31523,7,8,13,16,16
31525,0,0,0,0,0
31601,0,0,0,0,23
31602,0,0,8,56,96
31605,0,0,0,0,0
31606,0,1,2,3,4
31632,0,1,1,2,3
31636,0,0,0,0,0
31701,105,105,124,142,167
31705,52,66,89,103,162
31707,0,0,0,0,6
31721,64,69,80,80,85
31763,0,5,5,16,22
31791,0,0,0,0,1
31808,1,1,1,1,2
31820,1,1,1,1,1
31901,0,0,0,15,24
31903,99,99,124,173,185
31904,45,56,56,56,67
31905,0,0,9,9,15
31906,0,0,0,0,7
31907,0,0,0,0,35
31909,0,34,45,56,67
96701,41,7806,8174,8174,8174
96706,63,15300,15838,15838,15838
96707,29,9220,9544,9544,9544
96720,82,4432,4536,4536,4536
96725,3,102,105,105,105
96732,97,5894,6045,6045,6045
96734,149,5887,6210,6210,6210
96740,200,9649,9978,9978,9978
96744,129,9522,9919,9929,9929
96753,253,8192,8453,8453,8453
96761,230,5160,5352,5352,5352
96779,16,884,912,912,912
96782,198,8632,8982,8982,8982
96786,47,5788,5930,5930,5930
96789,204,13116,13578,13578,13578
96793,175,7065,7277,7277,7277
96795,0,25,26,26,26
96797,267,12897,13378,13378,13378
96813,127,3272,3412,3412,3412
96814,19,1122,1157,1157,1157
96815,72,2688,2782,2782,2782
96816,107,12786,13361,13361,13361
96817,98,7845,8138,8138,8138
96818,92,8090,8306,8306,8306
96819,111,8226,8560,8560,8560
96821,170,6099,6543,6543,6543
96822,251,6317,6601,6601,6601
96825,119,7577,7958,7958,7958
96826,68,2561,2630,2630,2630
50007,0,1,2,29,30
50009,0,157,387,5804,5968
50010,263,1016,5113,5198,5250
50014,177,560,2611,2679,2709
50021,0,142,559,7204,7354
50023,0,205,643,9399,9633
50035,0,42,109,1706,1742
50047,0,51,97,2070,2091
50061,0,35,113,571,602
50073,0,6,16,99,104
50105,7,51,303,307,310
50109,0,31,76,537,564
50111,0,110,252,4305,4371
50131,6,288,754,6021,6251
50134,3,11,55,56,57
50156,1,12,52,53,53
50201,0,1,5,5,5
50211,0,66,257,3027,3105
50226,138,499,1537,1604,1635
50237,0,9,32,494,502
50248,0,1,4,4,4
50265,0,350,782,9902,10180
50266,0,187,457,4682,4834
50309,0,17,49,845,857
50310,0,79,322,7037,7130
50311,0,84,235,2811,2872
50312,0,176,418,3128,3221
50313,0,118,214,5542,5587
50314,0,94,216,2055,2080
50315,69,190,441,8479,8557
50316,0,66,157,3595,3617
50317,47,256,548,11425,11553
50320,0,138,328,4611,4706
50321,0,44,117,1777,1799
50322,41,304,689,9822,10004
50323,0,99,311,1297,1388
50324,0,43,100,1607,1629
50325,0,133,405,3284,3421
50327,4,116,277,3700,3808
50613,501,1208,9510,9657,9804
50626,0,1,1,21,22
50634,0,0,0,75,75
50643,23,74,677,688,694
50647,0,0,0,7,7
50648,0,0,0,1,1
50651,1,3,31,32,32
50667,2,6,10,318,321
50701,0,234,573,8350,8524
50702,0,159,255,6222,6311
50703,17,125,216,5568,5614
50707,0,22,89,2628,2671
51054,0,64,158,1575,1616
51101,5,37,76,403,418
51103,20,72,235,3910,3962
51104,15,156,322,4903,4984
51105,0,52,113,1943,1969
51106,0,177,531,7141,7273
51108,4,35,98,1403,1435
51109,2,13,36,1033,1041
51111,0,0,0,245,245
51501,27,324,1039,13265,13413
51503,0,247,989,10053,10197
51510,2,33,97,1536,1555
51526,0,3,10,129,132
52001,329,932,8950,9078,9115
52002,56,213,1871,1896,1913
52003,78,250,2061,2099,2118
52227,41,164,1028,1049,1059
52228,36,150,647,676,685
52233,75,297,1874,1909,1926
52240,247,721,4568,4677,4729
52241,24,161,310,3742,3844
52242,0,2,5,48,49
52245,0,117,301,3364,3463
52246,0,194,474,3227,3345
52302,451,1921,11562,11751,11870
52314,1,4,23,24,24
52317,3,9,60,61,62
52324,3,38,243,245,246
52328,31,200,1001,1030,1040
52333,0,0,2,2,2
52338,2,8,35,36,37
52341,11,37,201,208,210
52401,24,84,518,526,531
52402,323,1440,10184,10361,10444
52403,231,1003,5778,5867,5932
52404,363,1692,11894,12014,12063
52405,162,1021,7215,7303,7332
52411,248,811,2509,2651,2733
52722,23,454,1181,10767,11165
52748,13,58,290,296,299
52753,6,48,106,1432,1471
52801,1,10,20,203,207
52802,0,107,210,3224,3291
52803,0,160,391,4979,5092
52804,0,144,369,6104,6186
52806,293,1366,7992,8065,8114
52807,0,103,296,3814,3897
83201,60,418,9723,9892,9922
83202,53,248,5164,5237,5264
83204,34,187,3332,3373,3393
83209,0,1,11,11,11
83301,16,777,15983,16178,16194
83328,2,28,979,988,988
83341,0,83,1198,1225,1225
83401,0,606,10030,10225,10245
83402,15,295,7397,7533,7548
83404,75,548,6654,6819,6860
83406,5,233,4731,4852,4857
83427,0,9,539,542,542
83501,0,481,11420,11702,11737
83605,11,379,10710,10786,10840
83607,42,244,5844,5927,5945
83616,91,1402,9562,10056,10086
83634,1,36,621,632,634
83642,0,1260,15434,15960,15960
83644,0,1,18,18,18
83646,56,1370,18162,18724,18743
83651,21,298,10067,10252,10252
83669,6,104,1421,1462,1463
83686,60,596,14697,14861,14906
83687,0,400,11634,11751,11775
83702,18,603,5931,6147,6171
83703,47,332,5112,5259,5270
83704,36,494,11871,12052,12064
83705,50,324,8146,8279,8296
83706,36,748,8840,9096,9114
83709,21,1259,20206,20598,20639
83712,0,295,2338,2454,2456
83713,77,580,9436,9639,9658
83714,31,757,7436,7699,7722
83716,0,596,4993,5212,5228
83814,0,381,6357,6950,7042
83815,0,348,10974,11897,11957
83833,0,1,45,49,49
83835,0,218,7192,7714,7776
83854,0,336,13428,14494,14567
83858,0,159,3727,4045,4078
60002,0,0,6,144,355
60004,0,30,37,194,409
60005,0,19,31,88,116
60007,0,0,10,61,336
60012,0,0,0,1,2
60014,0,0,0,62,256
60015,0,0,19,303,688
60016,44,66,153,197,395
60018,0,15,59,117,205
60022,0,2,7,38,246
60025,0,48,76,353,667
60026,0,6,29,158,333
60029,1,1,2,5,14
60030,0,0,11,154,505
60031,0,0,31,250,563
60033,0,0,0,1,2
60034,0,0,0,8,19
60035,0,31,46,425,803
60040,0,0,0,15,40
60041,0,0,0,0,1
60043,0,0,4,40,93
60044,0,10,12,61,150
60045,0,6,18,235,616
60046,0,0,0,198,348
60047,0,0,1,20,39
60048,0,25,119,492,841
60053,0,0,0,148,288
60056,0,24,59,71,261
60060,0,6,53,65,206
60061,0,0,0,134,248
60062,0,0,34,182,763
60064,0,46,80,136,180
60068,0,0,30,325,934
60069,0,0,4,54,151
60070,10,27,29,56,92
60071,0,0,0,0,1
60073,0,0,0,58,254
60076,0,42,84,110,287
60077,0,31,67,114,186
60083,0,0,7,68,150
60084,0,1,1,4,7
60085,0,50,99,149,273
60087,26,26,26,83,121
60088,0,0,5,7,16
60089,0,0,37,360,655
60090,0,12,47,135,205
60091,0,0,0,167,513
60093,0,0,34,286,592
60096,6,8,21,70,101
60097,0,2,7,17,23
60098,0,0,54,145,307
60099,0,39,141,266,313
60101,0,0,9,66,206
60102,0,2,2,8,59
60103,0,0,0,128,476
60104,0,0,0,20,69
60106,13,45,54,63,103
60107,0,0,45,181,361
60108,0,0,11,113,243
60110,1,3,9,17,22
60118,0,0,1,2,8
60119,0,1,1,6,10
60120,11,17,22,39,81
60123,0,13,26,47,91
60124,0,0,0,38,197
60126,0,0,0,586,990
60130,35,55,58,93,156
60131,0,21,46,77,124
60133,0,32,80,143,255
60134,25,42,92,302,662
60136,0,0,4,34,54
60137,53,79,88,290,597
60139,0,20,26,86,178
60140,0,0,0,14,50
60141,0,0,0,0,0
60142,20,133,164,215,430
60143,0,3,6,38,114
60148,0,0,62,259,554
60153,0,28,72,156,211
60154,0,0,0,30,146
60155,27,47,68,108,156
60156,0,5,16,86,187
60157,0,1,2,15,37
60160,0,0,0,21,89
60162,0,0,9,22,55
60163,0,2,3,9,22
60164,10,40,55,115,154
60165,0,0,2,4,5
60169,0,0,0,1,3
60171,0,0,10,32,66
60172,26,33,52,164,314
60173,0,0,0,4,7
60174,8,34,67,135,337
60175,0,0,0,6,347
60176,30,41,55,58,91
60177,0,0,0,97,243
60180,0,0,0,0,1
60181,65,65,65,189,305
60184,0,0,0,23,52
60185,0,8,32,129,356
60187,19,45,57,185,356
60188,0,10,58,96,298
60189,7,21,41,69,366
60190,9,12,15,67,150
60191,0,0,0,47,95
60193,48,87,115,154,212
60194,0,0,2,18,32
60201,0,0,37,175,370
60202,0,0,21,81,184
60203,0,2,5,16,73
60301,0,1,2,5,7
60302,0,0,24,162,360
60304,0,0,4,72,257
60305,0,0,0,29,191
60402,0,30,60,180,344
60403,0,32,41,68,123
60404,0,0,0,97,213
60406,0,0,49,79,137
60409,0,34,128,204,272
60410,1,2,4,22,38
60411,0,29,158,388,633
60415,2,25,37,59,79
60417,0,4,7,23,41
60419,0,27,104,137,192
60421,0,0,0,1,3
60422,2,5,7,101,155
60423,0,0,0,219,589
60425,4,24,40,51,78
60426,0,12,116,226,324
60428,6,15,38,77,124
60429,0,0,47,115,175
60430,0,13,39,73,146
60431,0,0,0,78,174
60432,5,46,97,125,171
60433,16,24,55,63,98
60435,0,12,112,212,387
60436,69,91,117,139,165
60438,0,28,56,160,257
60439,30,37,37,207,437
60440,99,111,148,235,396
60441,0,10,40,158,366
60442,0,0,0,2,7
60443,6,48,108,155,245
60445,0,63,103,155,200
60446,0,11,11,116,189
60447,0,0,0,0,2
60448,36,43,43,165,393
60449,0,0,1,1,3
60451,0,0,21,104,395
60452,0,0,0,81,177
60453,0,0,74,221,442
60455,0,25,63,71,105
60456,0,0,3,5,9
60457,0,0,25,70,113
60458,0,5,24,37,78
60459,16,32,40,64,152
60461,0,24,31,66,98
60462,0,21,32,172,386
60463,0,11,27,84,213
60464,0,10,23,75,174
60465,0,0,4,42,107
60466,47,73,87,109,131
60467,0,22,37,111,438
60469,0,3,10,14,27
60471,0,37,62,101,135
60472,0,6,20,32,42
60473,0,0,72,156,202
60475,7,14,26,33,42
60476,0,0,4,6,14
60477,37,84,131,141,272
60478,13,40,53,84,137
60480,0,0,1,31,60
60482,19,32,49,56,75
60484,0,0,0,0,0
60487,7,7,7,204,320
60490,18,24,42,114,378
60491,0,0,15,151,408
60501,3,23,31,54,86
60502,0,0,0,150,328
60503,12,12,12,63,169
60504,0,0,17,67,258
60505,0,0,0,90,203
60506,106,166,225,390,568
60510,31,31,47,101,334
60512,0,0,0,3,7
60513,0,0,0,83,188
60514,0,0,17,51,143
60515,50,57,92,263,554
60516,0,8,24,87,330
60517,7,35,56,106,254
60519,0,0,0,0,0
60521,0,0,0,199,558
60523,48,51,73,168,326
60525,41,57,65,228,464
60526,0,0,18,54,125
60527,7,28,64,277,582
60532,17,29,47,117,274
60534,0,8,23,42,65
60538,25,37,62,62,112
60540,43,65,76,228,749
60542,15,25,30,35,171
60543,0,21,42,127,339
60544,0,8,40,242,339
60546,0,14,27,104,189
60554,0,0,1,7,13
60555,0,13,24,54,134
60558,0,0,0,115,351
60559,0,18,47,106,265
60560,0,0,0,4,26
60561,13,26,33,196,347
60563,0,0,14,79,397
60564,13,25,25,353,1010
60565,0,0,0,341,903
60585,0,0,7,62,419
60586,0,0,27,273,614
60601,0,0,0,2,7
60602,0,0,0,1,2
60603,0,0,0,1,3
60604,0,0,1,3,6
60605,3,7,11,18,35
60606,0,0,0,1,4
60607,0,8,20,97,166
60608,82,154,195,319,442
60609,0,130,248,450,603
60610,0,0,11,36,98
60611,0,2,4,10,24
60612,0,0,48,187,297
60613,0,8,16,47,148
60614,7,55,104,305,569
60615,0,0,59,97,191
60616,0,15,70,196,266
60617,77,212,328,579,792
60618,114,114,157,299,641
60619,0,162,369,575,855
60620,0,143,478,622,845
60621,63,167,283,409,490
60622,22,74,88,154,441
60623,0,129,247,424,600
60624,48,102,194,242,276
60625,0,0,0,130,353
60626,0,0,17,47,88
60628,0,15,197,393,559
60629,0,0,173,303,476
60630,26,64,153,166,575
60631,0,0,0,221,500
60632,0,16,112,176,319
60633,0,0,48,81,135
60634,0,0,105,175,403
60636,0,9,156,278,365
60637,0,0,141,204,340
60638,0,0,0,126,540
60639,67,173,280,347,480
60640,0,0,30,61,173
60641,96,107,143,203,430
60642,0,0,0,42,136
60643,0,23,104,208,451
60644,0,65,141,223,288
60645,0,0,0,38,132
60646,15,53,68,190,372
60647,0,0,44,200,576
60649,43,112,171,235,331
60651,0,109,228,347,456
60652,44,132,198,363,429
60653,16,72,106,165,223
60654,0,0,1,19,43
60655,0,41,62,123,356
60656,12,25,37,62,156
60657,23,40,45,147,373
60659,0,6,44,83,155
60660,0,0,5,45,91
60661,0,1,2,3,10
60706,0,0,13,81,195
60707,48,86,134,153,383
60712,0,0,29,86,225
60714,0,32,88,144,311
60803,0,0,47,142,247
60804,27,109,190,258,353
60805,0,34,46,69,137
60827,0,43,157,223,342
60901,12,94,123,165,294
60910,0,1,2,3,4
60914,0,21,38,38,101
60915,2,10,14,17,29
60922,0,0,0,0,0
60964,0,0,0,0,0
61008,0,0,18,73,219
61011,0,0,0,18,84
61016,0,0,2,33,68
61025,0,0,0,0,5
61065,3,6,26,67,106
61072,0,0,0,2,3
61073,0,0,0,35,107
61101,0,38,132,195,277
61102,0,0,43,101,165
61103,0,0,27,114,181
61104,0,41,97,142,224
61107,0,73,136,227,381
61108,0,0,44,123,202
61109,0,78,157,235,305
61111,0,30,45,121,182
61114,0,5,24,82,159
61115,0,0,24,106,195
61201,0,0,0,0,0
61239,0,0,0,0,1
61240,0,2,2,2,2
61241,0,0,0,0,0
61244,0,0,0,0,0
61256,0,0,0,1,4
61264,0,0,0,0,0
61265,0,0,0,13,40
61273,0,0,0,0,0
61275,0,0,0,0,0
61282,0,0,0,0,2
61284,0,0,0,0,0
61301,0,13,27,45,80
61320,0,0,0,0,0
61341,1,9,10,17,23
61348,0,0,1,13,26
61350,0,0,0,69,153
61354,0,0,0,23,61
61362,4,4,7,17,40
61364,48,68,99,123,150
61373,0,0,0,0,1
61523,8,9,11,15,23
61525,0,0,0,27,131
61526,0,0,0,0,0
61528,0,0,2,8,55
61535,0,0,0,3,18
61536,0,0,0,0,1
61547,0,0,0,3,7
61548,0,2,6,10,30
61550,0,10,14,19,41
61554,0,0,78,183,248
61568,0,0,0,1,6
61571,8,8,15,44,80
61602,0,21,35,50,68
61603,0,22,98,133,177
61604,0,0,43,163,240
61605,25,85,114,177,227
61606,0,0,16,37,62
61607,0,0,0,30,87
61610,15,24,26,37,44
61611,0,0,27,118,209
61614,54,77,100,139,224
61615,0,0,21,99,282
61616,8,21,29,40,65
61701,0,54,171,261,342
61704,0,0,0,63,294
61705,0,6,34,62,116
61725,0,0,0,1,1
61748,0,0,0,0,1
61761,0,0,179,313,682
61772,0,0,0,0,0
61776,0,0,0,3,10
61801,0,23,114,197,307
61802,0,0,28,101,147
61814,0,0,0,0,1
61817,0,0,0,0,3
61820,0,0,118,270,396
61821,0,21,57,135,227
61822,29,38,79,88,154
61832,0,7,63,168,252
61833,0,0,1,5,8
61834,0,0,2,5,10
61841,0,0,0,0,0
61858,0,0,0,0,2
61864,0,0,1,1,2
61874,0,0,0,44,74
61880,0,0,0,0,0
61883,0,4,4,11,19
62025,0,0,0,0,1
62034,0,7,14,37,71
62040,0,47,235,408,533
62059,0,1,5,13,22
62060,0,12,32,40,58
62062,0,0,0,41,65
62090,0,0,6,13,20
62201,0,0,34,80,128
62203,0,0,24,82,108
62204,2,8,64,89,114
62205,20,39,88,137,198
62206,0,5,30,75,100
62207,0,20,73,98,123
62208,0,11,68,114,176
62221,0,0,3,6,11
62223,0,20,75,102,156
62226,0,4,12,22,63
62232,5,5,20,59,98
62234,0,58,116,193,309
62236,0,0,0,5,12
62239,6,9,15,28,42
62240,0,0,3,9,14
62260,0,0,1,5,9
62269,12,12,12,33,65
62521,0,30,67,115,182
62522,0,0,13,45,80
62523,0,0,10,16,22
62526,0,0,59,150,268
62535,0,0,0,12,29
62544,0,0,0,0,0
62549,0,3,3,14,31
62554,0,0,0,1,2
62558,0,1,2,2,3
62561,0,0,2,10,18
62563,0,8,11,38,85
62625,0,0,0,2,5
62629,0,23,41,50,104
62670,0,0,0,0,1
62677,0,0,0,0,2
62684,0,0,0,16,45
62701,0,0,3,6,11
62702,45,123,279,346,491
62703,0,18,129,212,369
62704,0,77,132,232,331
62707,0,0,0,3,32
62711,6,23,34,159,279
62712,0,14,21,93,152
62957,0,1,2,3,4
62960,0,0,1,2,3
46001,0,0,0,0,0
46011,44,76,102,116,137
46012,42,63,71,84,113
46013,91,113,134,171,204
46016,143,243,301,343,408
46017,5,13,16,18,19
46032,41,97,248,704,1201
46033,35,47,338,782,1062
46037,0,0,98,590,927
46038,39,90,349,491,645
46040,0,0,12,96,170
46051,6,9,14,19,23
46052,8,11,19,24,30
46055,0,4,17,87,179
46056,1,2,3,3,4
46060,40,53,92,211,421
46062,23,201,294,387,488
46064,0,2,19,43,69
46068,1,1,2,3,4
46069,2,3,4,5,6
46074,0,11,85,393,670
46075,0,0,26,45,55
46077,0,19,300,609,796
46106,44,126,175,227,276
46107,0,9,9,13,22
46110,0,1,3,5,6
46111,2,2,2,3,3
46112,66,66,146,423,569
46113,11,27,71,115,120
46118,0,0,0,0,0
46122,0,1,2,3,4
46123,119,263,406,549,728
46124,0,0,0,1,1
46126,4,16,31,38,57
46130,5,7,9,12,15
46131,158,214,317,448,559
46140,10,17,22,32,44
46142,0,0,10,147,256
46143,71,161,375,589,750
46151,28,40,43,57,69
46158,40,136,240,320,375
46162,2,2,4,4,4
46163,12,12,19,52,114
46167,6,12,19,25,30
46168,0,71,173,275,377
46181,0,0,0,0,1
46184,58,88,112,141,156
46201,215,340,408,544,691
46202,13,58,121,207,315
46203,127,183,310,451,536
46204,0,9,22,30,37
46205,0,8,68,235,364
46208,49,111,167,216,278
46214,32,57,76,113,183
46216,2,4,8,19,29
46217,11,66,122,210,298
46218,123,265,347,562,674
46219,12,148,271,370,505
46220,0,27,150,328,389
46221,0,29,48,115,153
46222,60,129,159,199,229
46224,47,94,110,189,283
46225,0,25,47,82,101
46226,12,115,219,357,519
46227,14,86,158,215,287
46228,13,21,50,71,109
46229,0,0,55,128,220
46231,0,4,16,44,75
46234,8,33,58,141,248
46235,213,333,389,454,500
46236,72,113,287,451,594
46237,64,90,116,154,334
46239,0,11,108,206,314
46240,30,39,82,152,208
46241,31,165,207,259,321
46250,5,18,55,97,134
46254,29,58,107,127,214
46256,8,47,101,280,350
46259,0,0,89,188,315
46260,34,55,69,171,260
46268,0,55,76,124,192
46278,0,0,43,119,162
46280,6,10,21,47,74
46304,98,158,188,230,269
46307,39,55,61,78,94
46311,111,175,199,240,304
46312,393,458,553,618,677
46319,114,149,164,198,208
46320,168,194,223,263,296
46321,261,389,466,565,629
46322,152,213,243,304,335
46323,221,282,313,362,393
46324,193,224,249,280,305
46327,82,102,113,130,150
46341,1,2,2,3,4
46342,163,225,255,296,398
46350,1,2,5,6,7
46360,234,302,322,410,449
46368,262,302,413,443,494
46373,46,58,79,100,120
46375,109,190,314,401,504
46383,193,283,394,454,528
46385,190,260,358,422,464
46391,0,0,0,1,1
46393,0,0,0,0,0
46394,96,129,165,197,225
46402,104,122,135,149,169
46403,132,176,213,223,250
46404,338,401,424,475,527
46405,101,121,143,163,179
46406,68,84,108,114,141
46407,268,327,400,431,495
46408,173,194,207,220,246
46409,95,107,121,141,153
46410,212,323,434,474,535
46530,32,222,421,571,730
46544,147,189,231,274,337
46545,131,152,167,210,254
46554,0,0,0,0,0
46561,2,7,18,25,31
46601,57,76,98,123,137
46613,115,129,165,190,197
46614,195,248,302,364,417
46615,37,70,112,149,182
46616,33,38,43,48,51
46617,73,103,139,181,227
46619,81,143,211,266,341
46628,96,160,248,280,352
46635,23,37,56,62,78
46637,68,90,113,158,180
46706,0,0,0,0,0
46723,2,5,7,9,9
46725,1,1,2,3,4
46741,1,4,6,8,9
46745,0,0,1,1,2
46748,10,70,84,110,126
46765,12,33,65,90,112
46774,41,46,62,103,113
46783,3,3,13,23,29
46788,0,2,4,5,7
46798,0,1,1,1,1
46802,43,68,83,105,120
46803,131,156,191,213,234
46804,18,136,235,343,479
46805,79,118,151,204,257
46806,101,174,225,239,246
46807,70,80,90,105,125
46808,114,189,220,250,311
46809,64,75,100,114,143
46814,65,208,333,439,573
46815,81,113,194,242,283
46816,78,104,152,195,212
46818,45,97,126,186,230
46819,18,33,49,61,69
46825,66,85,142,180,246
46835,44,164,207,305,414
46845,0,142,276,436,570
46901,158,211,281,325,360
46902,86,96,172,239,306
46914,0,0,0,0,0
46932,0,1,2,4,4
47106,2,3,3,4,4
47111,74,99,163,207,247
47117,1,1,2,4,6
47119,27,57,81,113,129
47129,111,124,150,196,215
47130,166,265,298,398,448
47141,0,0,0,0,0
47143,4,6,9,12,16
47150,327,473,655,745,855
47172,61,151,227,265,333
47201,86,212,275,338,432
47203,92,145,172,218,249
47226,0,0,1,1,1
47280,3,3,6,8,10
47302,215,284,352,404,464
47303,129,187,228,275,334
47304,137,199,247,316,357
47305,61,78,93,104,120
47320,0,1,1,1,1
47334,4,7,11,16,21
47342,1,1,1,2,2
47356,1,2,3,4,4
47383,0,0,0,0,0
47396,6,14,28,32,47
47401,416,573,693,795,869
47403,198,215,258,292,326
47404,96,143,239,287,353
47408,142,187,228,265,292
47429,6,14,24,31,43
47601,2,3,3,4,5
47610,14,17,20,23,26
47630,427,531,635,738,865
47708,19,24,31,33,39
47710,192,241,260,297,396
47711,325,362,422,482,578
47712,98,147,174,202,261
47713,133,146,182,205,270
47714,247,307,386,465,504
47715,291,360,403,454,557
47720,197,221,246,265,319
47725,114,158,192,227,281
47802,92,143,235,344,420
47803,105,209,267,308,348
47804,69,81,102,122,163
47805,75,109,139,161,176
47807,85,166,210,262,351
47863,0,1,1,1,1
47871,0,0,0,0,0
47874,0,0,0,0,0
47885,13,23,38,61,84
47901,12,21,28,37,41
47904,56,84,140,196,235
47905,57,82,139,188,212
47906,471,572,680,749,881
47909,50,58,108,175,241
47920,0,1,2,4,4
47932,0,0,0,1,1
47982,0,0,0,0,0
47993,0,0,0,0,0
66012,0,0,0,0,0
66013,3,3,5,8,11
66024,1,1,1,2,2
66025,12,18,28,39,50
66030,2,4,5,7,11
66044,115,156,192,229,257
66046,13,26,26,53,75
66047,71,84,106,146,172
66049,198,259,351,435,572
66050,0,1,1,1,1
66052,0,0,0,0,0
66061,92,184,291,459,535
66062,40,101,121,342,483
66083,0,1,2,2,2
66085,0,0,34,74,116
66086,0,0,0,0,0
66090,8,9,10,11,12
66101,52,61,76,82,94
66102,37,56,56,80,105
66103,5,18,29,45,55
66104,82,105,111,146,176
66105,23,25,28,35,42
66106,22,50,95,106,162
66109,0,4,26,47,77
66111,26,40,49,55,66
66112,19,24,26,31,36
66202,39,42,52,66,81
66203,33,46,54,75,95
66204,6,8,14,23,31
66205,4,8,18,53,66
66206,7,7,28,67,112
66207,13,21,37,82,133
66208,10,13,56,101,163
66209,0,58,192,308,401
66210,19,19,23,37,93
66211,23,24,50,72,118
66212,11,40,57,69,80
66213,30,45,60,128,203
66214,16,19,26,28,46
66215,51,68,119,136,175
66216,45,140,185,216,306
66217,9,12,36,50,64
66218,0,18,63,111,153
66219,21,32,58,72,85
66220,0,0,8,71,119
66221,39,50,156,368,563
66223,6,19,105,192,248
66224,24,48,139,247,346
66226,14,65,94,122,152
66227,1,1,2,11,23
66402,6,7,9,10,11
66409,1,2,5,7,9
66429,0,0,0,0,0
66502,327,387,430,447,481
66503,96,139,178,221,250
66542,2,6,7,10,12
66546,2,2,3,3,4
66603,27,33,41,46,51
66604,54,89,143,197,224
66605,191,245,275,290,352
66606,91,122,136,154,172
66607,77,91,141,179,197
66608,13,18,21,26,29
66609,18,20,42,48,52
66610,37,77,117,157,181
66611,38,53,57,80,103
66612,48,52,56,60,64
66614,190,290,340,400,420
66615,4,11,17,21,24
66616,11,17,37,57,69
66617,4,5,9,14,16
66618,12,13,18,24,31
66619,0,0,0,0,0
66739,10,13,17,18,22
67002,119,169,208,263,302
67026,2,2,2,3,4
67030,1,1,2,2,2
67037,122,141,178,263,310
67052,9,13,14,18,22
67055,0,0,0,0,0
67060,46,61,66,76,86
67067,7,9,16,20,22
67101,39,54,69,81,87
67110,0,0,0,0,0
67120,1,1,2,2,2
67147,26,29,47,55,70
67202,30,34,40,45,51
67203,214,261,261,270,307
67204,56,71,87,111,151
67205,114,165,203,280,337
67206,153,217,276,393,458
67207,107,124,198,256,264
67208,79,144,196,210,229
67209,63,90,116,126,132
67210,25,28,31,33,36
67211,164,177,184,210,230
67212,192,237,326,370,444
67213,85,139,185,231,247
67214,260,277,293,316,332
67215,32,44,56,63,68
67216,173,193,233,279,286
67217,125,177,208,239,249
67218,119,149,164,179,201
67219,51,80,117,117,122
67220,84,102,146,177,199
67223,3,4,6,8,10
67226,118,195,237,284,308
67227,0,0,0,0,0
67228,38,64,81,98,117
67230,108,207,307,362,454
67232,20,22,25,27,30
67235,83,134,198,249,281
40014,0,0,29,68,144
40023,0,0,0,1,2
40025,0,0,1,5,10
40026,0,0,15,50,88
40047,38,61,99,144,159
40056,2,2,4,19,27
40059,0,0,0,69,381
40071,0,0,0,0,1
40109,2,4,4,13,19
40118,18,18,32,50,72
40162,0,0,0,0,1
40165,51,60,60,83,111
40177,1,2,2,2,2
40202,18,36,45,57,74
40203,127,158,217,253,312
40204,57,67,86,95,115
40205,49,65,105,259,364
40206,45,56,73,84,112
40207,27,53,62,142,249
40208,122,156,179,190,228
40209,14,18,22,26,29
40210,99,153,181,203,235
40211,275,392,467,550,617
40212,76,121,159,197,229
40213,147,161,182,224,266
40214,196,226,316,406,421
40215,108,137,158,187,223
40216,0,0,83,199,265
40217,42,52,79,105,157
40218,9,37,56,74,102
40219,150,191,232,232,273
40220,63,63,74,74,105
40222,0,0,6,80,173
40223,14,20,89,143,246
40228,54,68,75,88,109
40229,0,0,42,71,113
40241,34,34,77,179,239
40242,26,30,36,43,59
40243,17,24,27,38,61
40245,27,45,45,169,401
40258,0,11,11,84,137
40272,84,154,182,197,281
40291,0,0,0,0,94
40299,97,97,97,207,277
40356,19,31,36,53,86
40403,54,70,79,99,121
40461,0,0,0,0,0
40475,0,0,0,17,83
40502,59,68,144,262,321
40503,39,78,107,175,233
40504,0,72,79,118,150
40505,144,182,211,230,240
40507,14,17,22,23,28
40508,89,154,198,228,322
40509,80,103,125,148,342
40510,2,4,6,18,28
40511,0,22,32,97,129
40513,15,23,46,108,142
40514,22,22,33,66,104
40515,202,202,236,325,415
40516,0,1,5,7,13
40517,85,122,170,179,236
41001,0,11,23,73,130
41005,2,2,7,13,16
41007,0,0,0,1,17
41011,196,219,249,279,354
41014,0,0,5,12,22
41015,112,133,154,182,196
41016,32,53,61,73,85
41017,61,86,208,416,526
41018,123,164,172,205,229
41042,33,55,66,78,122
41048,0,0,20,59,84
41051,19,19,67,115,153
41059,20,29,40,46,51
41063,1,2,2,2,2
41071,159,227,334,391,459
41073,22,32,49,69,81
41074,28,36,45,56,61
41075,10,20,30,108,172
41076,75,80,90,100,140
41085,4,5,6,6,8
41091,0,0,0,74,140
41094,15,15,30,49,66
41101,191,240,271,314,345
41102,62,74,89,102,109
41129,14,18,23,27,32
41139,84,95,120,128,134
41144,0,1,1,1,1
41169,43,49,63,66,74
41175,1,1,1,1,2
41183,21,24,25,29,31
42001,158,205,221,268,331
42003,51,76,108,139,171
42058,1,2,3,3,3
42101,184,238,259,357,389
42103,167,172,231,307,355
42104,158,218,258,337,376
42122,0,4,13,20,24
42223,34,37,49,63,67
42234,1,1,1,1,2
42262,32,39,39,44,46
42286,2,3,4,5,6
42301,213,237,260,296,319
42303,71,130,248,319,378
42366,2,2,5,6,7
42420,0,0,0,0,0
42701,134,134,142,184,192
42724,4,5,7,8,9
70001,0,449,1678,12767,13031
70002,17,229,649,5423,5518
70003,267,830,1854,14310,14562
70005,64,520,1297,8656,8939
70006,37,220,557,5169,5260
70031,1,3,14,509,509
70032,21,86,210,1818,1846
70037,5,145,407,4684,4796
70043,0,378,866,7001,7132
70047,0,92,248,3462,3512
70049,0,1,4,46,47
70053,219,456,912,5870,5955
70056,0,226,926,11096,11186
70057,12,62,129,788,820
70058,139,598,1349,13491,13685
70062,36,292,685,5743,5862
70065,105,723,1748,14570,14811
70068,0,279,737,9737,9846
70070,19,69,157,1490,1519
70072,421,1002,2084,19554,19835
70075,25,72,203,1888,1929
70079,0,51,158,1087,1117
70084,21,51,125,1478,1494
70085,23,36,66,538,544
70087,5,30,64,891,898
70092,24,124,255,2608,2654
70094,158,474,1241,11774,11956
70112,82,126,382,817,843
70113,108,234,998,2242,2303
70114,192,428,870,6887,7029
70115,70,828,1842,10912,11367
70116,169,411,1974,4669,4746
70117,237,723,1623,11327,11552
70118,339,995,1991,10325,10631
70119,210,939,5068,11879,12213
70121,42,171,436,5091,5133
70122,483,1057,5128,12630,12839
70123,19,468,1069,9190,9390
70124,84,845,3364,7181,7526
70125,217,568,2360,5300,5450
70126,404,729,4012,9572,9700
70127,345,657,2911,6513,6655
70128,0,416,965,5992,6130
70129,68,212,395,2492,2555
70130,33,359,759,3850,3986
70131,49,425,914,7813,8033
70148,1,1,2,3,4
70343,0,1,4,35,36
70360,190,449,984,8298,8471
70363,44,252,553,6106,6181
70364,41,199,474,5678,5760
70395,0,2,3,22,23
70401,42,251,620,6814,6904
70403,101,459,1038,8936,9065
70446,0,0,0,11,11
70454,159,384,5387,8193,8302
70455,1,26,276,420,428
70462,2,17,48,784,791
70466,15,24,68,856,863
70501,485,783,6862,10800,10911
70503,101,750,1774,9581,9845
70506,284,766,1803,13668,13952
70507,0,102,552,5575,5649
70508,30,1022,2194,14337,14637
70517,10,24,313,509,514
70518,88,403,3912,6116,6198
70520,38,149,389,3739,3781
70525,1,2,23,37,38
70529,51,102,220,1854,1881
70535,175,315,2754,4258,4333
70555,35,91,152,1056,1080
70560,30,48,417,626,634
70570,327,609,5692,8875,9011
70577,44,72,709,1144,1158
70578,0,0,1,1,1
70582,3,6,95,157,159
70583,107,257,541,4218,4240
70584,0,0,0,1,1
70592,139,578,4582,7077,7209
70601,143,790,1477,12453,12712
70605,0,465,885,8806,8970
70607,48,186,343,4667,4719
70611,6,132,270,2749,2815
70615,0,76,159,2053,2089
70663,157,349,648,6956,7006
70665,12,127,229,1605,1656
70668,0,0,2,3,3
70669,30,85,209,2968,3017
70706,25,181,600,6076,6158
70710,0,23,80,940,954
70711,0,20,57,1341,1363
70714,168,342,831,6501,6595
70719,18,65,237,1758,1771
70726,208,639,1644,15454,15726
70734,0,172,385,2534,2663
70737,124,836,1688,14972,15220
70739,44,234,476,4234,4322
70744,2,18,37,192,197
70764,0,0,0,1,1
70767,0,137,515,4782,4866
70769,100,769,2094,13607,13977
70770,10,33,79,661,669
70774,11,52,86,648,669
70777,1,3,7,66,67
70778,0,12,24,307,314
70785,57,132,337,3726,3745
70791,43,391,920,8405,8561
70801,0,3,7,92,93
70802,289,638,1434,8507,8603
70805,265,564,1344,8064,8147
70806,59,414,1099,8142,8328
70807,293,460,905,5233,5314
70808,305,1041,1994,9146,9529
70809,51,431,1157,8090,8276
70810,123,1024,2336,12907,13317
70811,76,223,558,4344,4411
70812,64,193,454,3267,3325
70814,88,223,410,5061,5128
70815,140,447,990,8465,8632
70816,238,547,1226,11579,11733
70817,48,820,1996,11226,11653
70818,0,217,493,3990,4098
70819,9,76,180,1652,1692
70820,159,427,817,3940,4078
71006,0,0,0,3,3
71009,1,2,5,31,32
71024,0,0,0,1,1
71037,28,99,150,2075,2114
71047,5,45,152,1167,1183
71051,0,2,3,42,43
71055,6,121,236,2996,3049
71073,2,5,16,254,257
71101,129,202,551,2350,2379
71103,52,142,474,2667,2689
71104,106,288,641,4098,4170
71105,89,316,970,6680,6783
71106,188,770,1915,8925,9141
71107,107,507,1559,9393,9627
71108,190,318,739,4987,5064
71109,181,453,1088,6294,6358
71110,1,17,67,893,903
71111,303,725,2267,12743,12967
71112,173,335,1231,10634,10720
71115,71,254,686,4935,5016
71118,55,158,582,5989,6032
71119,25,155,485,3397,3464
71129,17,107,409,3360,3402
71201,76,483,1132,7142,7407
71202,320,567,954,6348,6535
71203,223,543,980,8578,8712
71225,1,2,4,37,38
71280,0,1,3,29,29
71291,0,421,886,8449,8634
71292,25,152,329,3514,3561
71301,327,598,4811,7771,7914
71302,114,225,1760,2773,2810
71303,52,283,3178,5098,5208
71360,118,271,3491,5781,5840
71405,8,39,579,946,953
71423,0,0,2,3,3
71485,0,0,1,1,1
1001,0,64,311,4442,4552
1002,2,90,521,1878,1933
1007,0,0,1,3,3
1013,0,165,443,5496,5644
1020,34,213,563,8291,8462
1022,0,0,3,834,834
1027,0,82,794,4223,4292
1028,0,245,1238,4602,4751
1030,0,56,362,3607,3685
1033,0,69,454,1754,1803
1035,0,24,126,477,496
1036,0,2,9,39,40
1040,0,185,692,7498,7636
1056,0,192,983,4454,4559
1068,0,1,4,13,14
1073,0,6,138,2003,2052
1075,0,231,1042,4358,4489
1077,0,51,206,2250,2325
1085,0,248,724,9625,9902
1089,0,217,628,6971,7166
1095,1,53,299,1066,1099
1103,0,9,26,185,191
1104,0,164,445,5140,5225
1105,0,56,154,1318,1344
1106,10,248,1017,3165,3339
1107,4,98,184,1318,1362
1108,4,194,940,4313,4389
1109,0,133,382,4964,5066
1118,0,123,853,3434,3512
1119,0,45,179,3142,3180
1128,0,36,179,793,811
1129,11,80,459,2062,2091
1151,11,53,372,2113,2130
1201,40,106,857,6470,6555
1237,0,5,23,162,166
1238,0,1,5,33,34
1240,0,21,166,891,915
1266,0,2,6,26,26
1420,0,266,4017,8176,8267
1450,1,31,136,242,260
1453,27,392,4288,8736,8923
1462,3,69,599,1112,1147
1463,0,1,8,15,16
1473,0,0,4,8,8
1501,0,101,1351,4698,4780
1504,0,131,731,2341,2402
1505,3,39,281,733,768
1507,0,58,424,1367,1405
1515,0,9,83,288,293
1516,0,31,182,526,547
1519,0,37,162,400,426
1520,16,175,1140,3129,3274
1522,0,9,78,260,266
1524,0,58,512,1776,1812
1527,0,100,1206,3610,3681
1529,0,16,110,368,380
1534,0,4,20,60,62
1535,0,1,11,41,42
1536,4,52,322,918,942
1537,1,11,153,639,644
1540,0,96,903,3024,3092
1541,0,7,28,74,79
1542,0,14,148,566,572
1543,0,26,113,295,314
1545,0,346,2076,5790,6051
1560,0,9,50,159,163
1562,19,113,903,3060,3117
1564,0,149,726,2053,2157
1566,0,1,3,11,11
1568,0,15,71,175,185
1569,7,97,599,1759,1818
1570,0,134,1125,3864,3927
1571,0,63,527,1930,1965
1581,0,12,50,133,141
1583,6,64,631,2021,2062
1588,2,26,184,589,603
1590,0,147,673,1843,1946
1602,45,270,1397,4352,4487
1603,0,124,962,3472,3515
1604,21,228,1928,6981,7073
1605,0,166,1148,3863,3930
1606,0,185,1472,5307,5421
1607,0,53,428,1531,1557
1608,0,14,82,268,272
1609,36,187,975,2866,2949
1610,0,153,809,2649,2706
1611,0,20,163,538,549
1612,0,88,467,1384,1437
1701,8,197,896,2597,2717
1702,0,226,1883,4741,4874
1721,0,203,1136,3107,3235
1730,0,211,772,1977,2114
1731,0,7,115,352,357
1741,0,80,266,539,603
1742,0,1,4,7,8
1745,0,12,55,139,149
1746,0,288,1143,3135,3333
1747,0,94,526,1456,1526
1748,0,324,1331,2928,3162
1756,0,127,534,1477,1563
1757,7,360,2106,6417,6637
1760,39,614,2895,6069,6437
1770,0,126,442,853,930
1772,0,221,785,1834,1983
1773,1,21,93,178,193
1778,0,1,2,5,5
1801,0,412,3646,8361,8738
1803,0,318,1690,5081,5250
1810,0,663,2571,6311,6776
1821,19,293,2011,6116,6332
1824,11,533,1813,4968,5315
1826,13,229,1645,6180,6301
1827,0,105,336,841,908
1830,13,213,1195,4310,4412
1832,0,187,1182,4464,4546
1833,0,0,0,1,1
1834,0,90,437,1264,1337
1835,12,117,772,2999,3074
1840,2,25,125,448,455
1841,0,154,1413,5636,5682
1843,0,131,985,3878,3925
1844,12,504,3483,11353,11693
1845,27,401,1985,5093,5375
1850,0,112,661,2615,2658
1851,19,164,1227,4561,4631
1852,0,149,1253,4565,4644
1854,0,123,1024,3901,3952
1862,11,86,530,1684,1749
1863,0,99,520,1694,1754
1864,6,233,1057,3050,3218
1867,0,435,2085,4514,4758
1876,0,248,1390,4681,4832
1879,0,177,962,2757,2885
1880,0,418,1861,5422,5668
1886,7,394,1289,3397,3658
1887,5,323,1698,4773,4995
1890,0,559,1874,3957,4285
1901,1,19,67,196,201
1902,51,274,1756,6208,6297
1904,0,142,1407,4591,4695
1905,0,181,1242,4216,4285
1906,0,288,1976,6648,6834
1907,14,205,1175,3370,3494
1908,3,71,414,1221,1264
1915,0,430,2483,7615,7901
1921,0,22,69,148,162
1923,0,354,2090,6659,6882
1940,0,259,908,2379,2516
1945,0,574,2009,5014,5361
1949,8,188,761,1800,1929
1960,112,657,3494,11932,12278
1970,0,302,2404,8382,8555
1982,2,80,291,815,860
1983,0,16,55,143,155
1984,0,99,359,785,856
1985,0,3,11,26,29
2019,0,193,1129,4064,4164
2021,0,390,1690,4714,4929
2025,0,121,459,1111,1206
2026,29,467,2560,5436,5707
2030,0,229,671,1127,1277
2032,0,90,448,956,1020
2035,0,233,1110,3634,3798
2038,21,457,1834,4987,5259
2043,3,333,1257,2981,3219
2048,0,215,1816,4497,4657
2052,8,352,1327,2445,2689
2053,0,243,1084,2935,3079
2054,2,112,700,1741,1797
2056,2,177,753,1887,2016
2061,0,161,721,1712,1825
2062,0,407,2587,6303,6546
2066,0,327,1533,4023,4285
2067,4,412,1297,3354,3620
2071,0,29,99,202,223
2072,39,331,1837,6218,6439
2081,0,278,1388,3971,4207
2090,0,436,1625,3215,3472
2093,5,168,626,1571,1673
2108,0,53,198,357,385
2109,0,34,143,283,298
2110,0,11,44,80,86
2111,0,28,99,185,197
2113,0,20,186,428,439
2114,4,63,255,497,527
2115,0,96,422,922,951
2116,0,187,708,1350,1439
2118,0,187,761,1533,1616
2119,0,228,1226,2719,2778
2120,10,75,419,927,950
2121,0,154,1045,2397,2459
2122,0,232,1586,3466,3552
2124,50,424,2788,5988,6175
2125,42,308,1803,4011,4136
2126,4,211,1539,3641,3750
2127,4,432,2118,4174,4419
2128,0,270,1570,4733,4846
2129,4,216,821,1952,2078
2130,39,430,1996,4203,4383
2131,41,373,2299,4934,5136
2132,0,529,2793,5789,6134
2134,0,89,656,1550,1589
2135,17,219,1800,4022,4121
2136,0,243,2143,4836,4935
2138,0,333,1501,3385,3553
2139,6,275,1346,3046,3142
2140,0,178,862,1901,2008
2141,0,131,592,1353,1414
2142,0,16,66,130,138
2143,0,292,1550,3623,3756
2144,0,322,1433,3732,3906
2145,4,233,1228,3641,3779
2148,0,444,2526,8929,9188
2149,0,289,2057,7046,7197
2150,4,159,1117,3588,3666
2151,28,465,3007,9220,9429
2152,0,191,1295,3615,3701
2155,12,644,3619,11209,11643
2163,1,4,18,36,37
2169,19,369,2635,9470,9665
2170,0,174,1070,3675,3751
2171,20,177,999,3272,3378
2176,0,455,1768,5052,5282
2180,19,303,1501,4437,4619
2184,0,633,2685,7952,8417
2186,0,538,2298,5671,6013
2188,0,94,710,2608,2662
2189,0,102,815,2906,2984
2190,4,182,1011,3511,3613
2191,12,70,463,1653,1692
2199,0,9,31,61,64
2210,0,27,110,213,228
2215,0,53,270,578,598
2301,0,287,2592,10011,10237
2302,0,271,1784,6988,7095
2322,5,44,354,1319,1342
2333,3,73,399,1224,1278
2339,11,264,1087,2599,2782
2341,0,54,306,1012,1053
2343,0,127,738,2683,2744
2346,0,120,1153,4354,4425
2347,9,228,1254,3039,3144
2351,29,182,1054,3530,3617
2356,0,148,1057,2577,2674
2368,0,336,1865,6366,6544
2370,4,212,1226,4162,4296
2375,3,75,406,1000,1049
2379,2,15,68,234,244
2382,0,149,914,3355,3445
2420,0,394,1398,2673,2923
2421,7,433,1590,3060,3318
2445,0,213,1056,2219,2346
2446,4,197,895,1957,2067
2451,8,234,1656,3789,3952
2452,0,162,1032,2525,2614
2453,0,310,1993,4719,4906
2458,0,260,1113,2300,2463
2459,0,468,1830,3487,3798
2460,3,160,681,1469,1574
2461,5,173,599,1168,1269
2462,0,23,122,240,257
2464,1,40,216,490,516
2465,0,361,1325,2549,2752
2466,2,147,560,1085,1174
2467,14,294,1108,2144,2286
2468,0,202,535,896,1017
2472,0,456,2759,6397,6678
2474,22,453,1951,5238,5529
2476,37,299,1486,3159,3373
2478,23,709,2541,5325,5723
2481,2,354,1172,2009,2206
2482,0,243,797,1491,1630
2492,17,589,2071,3870,4241
2493,0,121,387,684,751
2494,2,281,1060,2031,2205
2601,0,181,2421,5095,5152
2630,0,69,542,1080,1115
2632,0,36,309,590,604
2668,0,2,15,28,29
2673,2,66,1161,2321,2347
2675,7,38,322,621,638
2702,6,69,472,1196,1224
2703,0,367,3299,9452,9587
2715,0,54,370,1012,1042
2717,0,102,552,1478,1533
2718,0,67,787,1737,1774
2719,0,223,2287,4826,4940
2720,32,300,2070,6235,6337
2721,0,214,1859,5520,5616
2723,0,126,1056,2949,2997
2724,0,156,1323,3621,3669
2725,0,61,432,1031,1077
2726,6,265,1922,5384,5505
2739,0,8,44,106,111
2740,41,463,4703,10065,10250
2743,0,118,1526,3310,3381
2744,17,81,1149,2411,2440
2745,0,232,3297,6939,7030
2746,21,154,1247,2595,2632
2747,0,301,2046,5635,5803
2748,18,269,1789,3519,3652
2760,6,316,2056,5570,5719
2762,0,60,349,1245,1288
2763,0,38,197,503,520
2764,0,41,369,1024,1051
2766,0,242,1532,3870,4003
2767,5,88,490,1261,1302
2769,0,206,1494,3801,3923
2770,2,36,254,618,638
2771,14,277,1772,4600,4753
2777,0,221,2115,6014,6137
2779,0,149,818,1910,2014
2780,0,364,3385,9872,10064
2790,15,159,1304,3681,3776
20701,0,0,14,15,15
20705,0,213,5517,5883,5913
20706,0,93,2811,2982,3003
20707,0,285,5723,6157,6188
20708,0,61,3354,3558,3576
20712,0,30,513,525,527
20715,0,67,1831,2003,2017
20720,0,368,5652,6401,6465
20721,0,370,5361,5992,6071
20722,0,1,14,15,15
20723,0,401,5100,5690,5741
20724,0,123,2738,2919,2931
20740,9,159,1736,1824,1833
20743,16,99,1746,1796,1798
20745,0,18,318,326,327
20746,0,9,200,206,206
20748,0,1,27,28,28
20755,0,18,906,950,955
20759,0,40,339,408,414
20763,0,27,471,509,513
20769,0,130,1642,1844,1859
20770,0,23,645,684,690
20772,0,88,1735,1911,1923
20774,0,462,9132,9945,10025
20777,0,0,2,2,2
20781,0,0,2,2,2
20782,4,16,337,351,351
20783,0,65,1475,1516,1516
20794,0,108,2190,2389,2398
20814,6,254,1865,2036,2036
20815,0,183,935,1064,1064
20816,0,86,436,498,498
20817,0,555,2738,3145,3148
20841,0,14,436,1477,1549
20850,16,835,7471,8001,8009
20851,0,130,2109,2197,2199
20852,15,505,4632,4919,4939
20853,0,437,3536,3791,3794
20854,0,2050,9101,10599,10609
20855,0,295,2765,2977,2977
20866,0,112,1948,2109,2122
20868,0,4,82,89,90
20874,0,0,1221,8836,9026
20876,0,18,300,2208,2267
20877,0,209,3793,3943,3947
20878,0,1093,9643,10393,10404
20879,0,279,4601,4789,4798
20880,0,4,47,51,51
20882,0,22,261,298,300
20886,0,0,533,3769,3862
20895,0,540,3353,3710,3717
20896,0,18,79,93,93
20899,0,0,19,19,19
20901,0,512,4558,4932,4937
20902,15,531,7032,7371,7386
20903,0,72,1558,1601,1603
20904,0,399,7587,8084,8149
20905,0,248,2641,2985,2994
20906,0,461,7500,7796,7812
20910,0,169,2007,2111,2117
20912,0,30,379,402,403
21012,4,101,1722,1902,1915
21032,4,41,432,498,501
21042,0,400,5562,6368,6439
21043,60,674,8697,9848,9897
21044,0,71,961,1056,1069
21045,0,272,6044,6561,6627
21046,0,69,1804,1969,1981
21052,0,0,176,177,177
21054,0,85,857,990,1001
21056,0,16,92,113,115
21057,0,34,339,383,388
21060,0,397,7901,8399,8442
21061,0,354,10858,11384,11441
21075,0,369,6087,6624,6697
21076,0,187,3561,3872,3896
21077,0,0,175,186,186
21087,0,36,515,579,584
21090,0,103,3719,3940,3956
21093,0,435,6610,7303,7369
21104,0,1,5,6,6
21108,4,247,3639,4080,4109
21113,0,223,5210,5545,5561
21117,0,309,8430,9048,9093
21122,0,520,14256,15204,15280
21128,0,253,3495,3857,3892
21133,0,291,7199,7604,7643
21136,0,72,1079,1178,1187
21144,8,422,7360,8041,8098
21146,0,370,4032,4627,4683
21156,0,1,20,23,23
21162,0,111,1349,1509,1519
21163,1,39,620,686,690
21201,0,180,2239,2410,2441
21202,0,230,3329,3613,3646
21204,0,296,3684,3995,4052
21205,0,367,5407,5756,5814
21206,0,307,11606,12208,12281
21207,0,387,10569,10989,11044
21208,0,386,7617,8167,8208
21209,0,360,5184,5658,5709
21210,0,165,2023,2264,2289
21211,0,323,5805,6152,6190
21212,0,545,7316,8040,8121
21213,0,588,12276,12956,13047
21214,0,151,5752,6025,6055
21215,0,995,15218,16132,16311
21216,0,554,9926,10386,10459
21217,0,386,10716,11629,11676
21218,0,1006,12572,13469,13591
21219,0,99,3138,3383,3407
21220,0,367,6000,6393,6432
21221,0,283,10777,11287,11343
21222,0,540,15199,15771,15882
21223,0,558,10060,10661,10736
21224,0,739,15188,16289,16420
21225,0,367,8682,9095,9168
21226,0,77,3218,3346,3359
21227,0,632,9728,10445,10540
21228,0,422,12235,13065,13158
21229,0,411,11911,12422,12459
21230,0,802,10409,11382,11462
21231,0,246,3906,4190,4249
21234,0,659,18614,19254,19409
21236,0,363,10779,11244,11346
21237,0,232,8186,8530,8581
21239,0,253,6455,6783,6824
21244,0,164,7877,8172,8213
21286,0,314,4036,4359,4425
21502,0,0,696,12412,12627
21529,0,1,16,210,214
21545,0,1,3,41,42
21713,0,0,2,21,21
21722,0,0,0,1,1
21733,0,0,0,3,3
21734,1,2,79,81,81
21740,0,0,968,15943,16105
21742,0,72,633,6379,6503
21767,0,4,35,402,408
21795,0,0,210,2032,2074
21801,106,523,7347,7567,7582
21804,112,496,7821,7997,7997
21810,0,0,12,12,12
21822,3,14,314,320,321
21826,0,66,1305,1324,1329
21830,0,67,1099,1134,1135
21837,0,0,1,1,1
21849,0,1,11,11,11
21856,0,0,5,5,5
21875,0,23,1185,1195,1196
3901,12,40,599,609,611
3903,8,37,495,505,509
3904,25,64,1051,1064,1075
3905,2,8,91,93,94
3906,0,0,2,2,2
3908,17,63,637,653,660
3909,1,3,33,34,34
4005,123,418,5989,6106,6149
4038,100,321,3213,3317,3343
4046,13,30,281,289,292
4062,6,33,355,367,370
4063,3,9,67,69,70
4064,66,196,2829,2858,2884
4072,105,428,5413,5524,5558
4074,291,810,5855,6146,6183
4092,36,169,4385,4430,4447
4093,5,27,479,487,488
4101,74,237,2528,2604,2628
4102,88,379,3699,3806,3837
4103,75,650,7272,7407,7474
4105,95,426,1805,1928,1973
4106,96,509,7202,7372,7386
4107,91,499,2408,2539,2591
4108,34,94,499,528,534
4210,114,353,5561,5670,5698
4236,2,15,236,241,243
4240,166,470,9068,9179,9216
4250,2,5,185,186,186
4252,0,2,75,76,76
4258,0,16,367,372,373
4274,4,23,332,337,340
4280,16,69,1553,1569,1576
4330,29,154,3144,3192,3214
4344,11,28,422,429,432
4345,13,38,685,695,697
4346,7,14,261,265,266
4347,11,36,394,402,406
4351,0,0,2,2,2
4401,124,524,8504,8726,8833
4411,0,0,9,9,9
4412,3,90,2740,2814,2828
4428,2,13,289,296,298
4429,1,39,456,475,484
4444,3,80,1409,1465,1479
4473,2,19,278,286,290
4474,4,39,591,611,619
4605,2,5,107,109,111
4609,11,58,1071,1107,1118
4612,0,7,149,153,154
4646,0,3,59,60,61
4653,0,1,188,189,189
4660,0,14,140,146,150
4662,4,29,257,270,275
4674,0,2,77,79,79
4679,8,40,677,698,710
48009,0,6,18,18,24
48015,0,0,3,11,16
48017,0,4,8,15,19
48021,49,61,97,146,170
48025,0,0,0,0,0
48026,10,10,15,29,44
48030,0,0,0,0,0
48033,0,0,0,0,0
48034,0,8,14,18,22
48035,0,31,52,73,84
48036,42,66,72,90,120
48038,0,0,21,21,42
48040,0,0,0,0,0
48042,40,50,50,50,60
48043,13,26,31,44,48
48044,49,65,82,82,82
48045,0,0,0,23,60
48047,10,10,19,39,67
48048,6,11,17,28,31
48049,0,0,0,0,0
48051,25,30,35,50,61
48059,0,3,3,9,11
48060,0,19,76,124,152
48066,0,0,17,83,117
48067,92,99,138,158,158
48069,0,0,1,1,2
48070,0,2,5,5,5
48071,39,68,77,97,116
48072,0,0,0,9,13
48073,19,19,29,67,67
48074,0,1,2,2,3
48075,0,0,0,10,24
48076,0,0,0,20,40
48079,0,0,0,0,0
48080,0,0,0,40,57
48081,0,0,0,0,0
48082,0,0,0,0,0
48083,0,7,15,22,37
48084,0,0,0,3,7
48085,0,8,25,58,58
48088,0,0,8,8,33
48089,156,235,246,268,268
48091,0,0,20,40,71
48092,9,64,83,92,120
48093,46,54,61,77,77
48094,37,37,43,48,48
48095,0,0,0,0,0
48096,7,8,12,13,16
48098,0,0,0,0,19
48101,11,22,44,56,78
48103,123,136,150,150,150
48104,129,174,219,258,316
48105,0,42,69,111,139
48108,21,26,42,52,78
48109,3,4,5,6,7
48111,0,0,0,0,0
48114,0,0,0,0,0
48116,27,41,48,55,55
48117,0,0,0,0,3
48120,3,9,21,26,32
48122,41,68,91,128,142
48124,0,0,21,84,84
48125,0,0,0,0,7
48126,0,60,144,227,299
48127,49,97,182,219,280
48128,0,0,0,3,10
48130,6,6,6,6,6
48133,0,0,0,0,7
48134,0,0,7,7,20
48135,0,0,0,10,30
48138,3,7,7,10,17
48139,0,0,0,0,0
48141,76,111,131,145,187
48144,3,3,7,13,17
48146,0,0,52,92,144
48150,31,31,31,31,31
48152,10,40,79,79,99
48154,0,0,0,0,0
48157,1,1,2,3,4
48161,3,4,5,5,7
48162,5,24,43,53,63
48164,0,0,0,0,0
48165,6,8,12,14,14
48166,0,0,5,8,22
48167,0,0,7,7,20
48168,0,0,0,13,26
48169,14,20,21,31,31
48170,38,63,63,63,63
48173,20,30,35,35,35
48174,0,20,40,70,140
48176,0,0,0,0,0
48178,32,43,43,64,75
48179,5,6,6,9,11
48180,98,118,138,177,256
48182,0,0,0,7,29
48183,0,0,0,57,115
48184,0,0,0,0,15
48185,0,0,0,0,25
48186,0,0,0,58,105
48187,43,57,57,100,100
48188,0,0,0,0,23
48189,0,0,0,0,12
48192,19,58,77,87,115
48193,0,0,15,20,30
48195,0,0,31,62,82
48197,7,39,52,85,176
48198,76,108,119,141,173
48201,0,0,0,4,18
48202,0,21,35,59,83
48203,0,34,110,161,204
48204,94,157,262,388,419
48205,150,191,246,246,273
48206,0,55,124,172,248
48207,0,21,31,59,70
48208,0,0,15,36,56
48209,7,22,37,66,110
48210,109,164,227,300,346
48211,0,0,9,22,44
48212,165,213,260,342,401
48213,44,96,149,175,228
48214,0,48,84,138,168
48215,0,13,42,67,84
48216,0,11,19,32,41
48217,0,6,22,42,70
48218,0,0,34,50,71
48219,0,60,139,169,208
48220,0,0,7,14,41
48221,0,0,0,0,58
48223,0,0,16,48,81
48224,0,0,0,12,61
48225,0,0,0,28,42
48226,0,0,3,5,7
48227,25,163,300,375,563
48228,0,88,235,353,426
48229,13,25,35,48,48
48230,0,0,0,0,0
48234,0,0,23,113,170
48235,206,258,348,413,464
48236,40,60,60,60,80
48237,0,0,0,0,0
48238,0,105,220,261,355
48239,0,11,22,33,44
48240,0,0,0,4,9
48301,0,0,0,16,21
48302,5,15,20,20,25
48304,0,0,0,0,0
48306,0,0,16,16,16
48307,0,34,34,56,78
48309,25,34,51,59,59
48310,116,129,155,206,258
48312,0,0,0,21,42
48313,41,51,81,92,112
48314,0,0,0,6,11
48315,0,8,42,51,51
48316,22,22,22,22,22
48317,64,78,78,78,78
48320,0,0,0,0,0
48322,0,0,0,17,42
48323,33,43,49,49,49
48324,0,0,0,5,10
48326,0,12,35,41,76
48327,0,0,0,7,14
48328,0,0,0,0,13
48329,0,0,0,0,8
48331,32,32,32,32,39
48334,0,0,0,14,37
48335,10,15,25,29,29
48336,0,7,28,34,41
48340,18,47,112,118,147
48341,0,0,29,57,76
48342,43,71,105,133,157
48346,0,0,7,14,56
48348,12,18,18,18,18
48350,0,0,0,0,0
48353,0,1,1,1,2
48359,8,8,8,14,14
48360,14,14,23,23,31
48363,0,0,0,1,1
48374,0,0,0,0,0
48375,0,0,0,0,19
48377,0,0,0,6,13
48380,0,1,1,1,1
48381,0,0,0,0,2
48382,0,0,0,0,0
48383,2,2,2,2,2
48386,0,6,29,52,64
48390,0,0,0,0,33
48393,0,0,0,0,0
48415,0,0,2,2,3
48420,0,0,26,61,87
48421,0,0,0,0,0
48423,0,0,0,22,54
48430,0,0,0,0,1
48433,9,14,14,19,23
48436,0,0,0,0,0
48437,0,0,0,0,0
48438,0,0,0,0,0
48439,0,0,0,16,31
48442,0,0,0,0,0
48457,0,0,0,1,1
48458,0,0,8,31,46
48463,1,1,1,1,2
48473,0,6,12,19,25
48502,0,0,0,0,0
48503,0,24,71,142,158
48504,0,18,110,175,230
48505,0,27,81,153,244
48506,0,0,0,51,81
48507,30,80,119,139,209
48509,0,0,0,0,4
48519,0,0,3,6,9
48529,7,27,45,65,93
48532,29,41,52,76,105
48601,24,85,157,230,242
48602,0,0,0,0,10
48603,0,0,0,0,0
48604,0,0,0,0,27
48607,0,5,6,10,13
48609,0,0,0,0,0
48623,0,0,0,0,0
48631,0,0,1,1,1
48638,36,48,48,67,79
48640,3,10,13,19,32
48642,15,15,19,41,49
48706,66,106,132,145,172
48708,0,0,29,29,48
48722,0,0,0,1,2
48724,0,0,0,0,0
48732,0,0,0,0,6
48746,0,0,0,0,0
48808,0,0,0,0,0
48813,0,0,0,0,0
48820,0,0,0,0,0
48821,5,5,5,5,7
48822,0,0,0,0,0
48823,0,0,48,172,210
48827,0,0,3,5,8
48837,0,0,0,0,0
48840,0,0,0,0,0
48842,0,13,45,83,115
48843,0,0,0,0,7
48848,0,0,0,0,0
48854,0,0,11,17,34
48855,0,0,0,0,0
48864,0,0,0,0,0
48876,1,1,1,1,1
48895,0,0,1,1,1
48906,0,0,9,27,63
48910,0,0,0,0,0
48911,95,117,148,170,202
48912,0,0,0,0,10
48915,0,0,0,3,11
48917,39,49,58,68,107
48933,0,0,3,4,8
49001,0,0,10,31,36
49002,9,13,27,27,31
49004,4,13,17,30,34
49006,0,4,28,69,97
49007,0,0,0,14,27
49008,31,37,43,52,58
49009,50,57,71,78,85
49010,0,0,0,2,3
49012,0,0,0,0,0
49014,0,0,0,0,0
49015,0,0,0,0,11
49017,0,0,3,13,13
49024,0,0,0,0,0
49033,0,0,0,0,0
49034,0,0,0,0,0
49037,0,0,0,0,0
49048,0,0,0,0,0
49051,0,0,0,0,0
49053,1,1,2,2,3
49083,0,0,0,0,0
49087,0,0,0,0,0
49088,0,0,0,1,1
49107,0,0,0,0,0
49112,0,0,0,0,0
49117,0,0,1,1,2
49120,0,21,52,94,104
49201,0,0,0,12,12
49202,0,12,35,52,69
49203,0,0,0,0,0
49221,0,0,0,0,8
49228,0,0,0,0,0
49254,2,2,3,5,5
49267,12,12,17,17,17
49270,0,0,0,0,0
49276,0,0,0,0,0
49277,0,0,0,0,0
49286,0,0,0,0,0
49301,18,23,27,27,27
49302,2,2,3,4,4
49306,0,0,0,4,11
49315,25,25,25,25,38
49316,0,0,0,0,0
49321,0,0,5,10,10
49331,0,0,0,0,0
49341,0,0,0,0,0
49345,0,0,0,1,1
49401,0,2,3,3,4
49403,0,0,0,0,0
49404,0,0,0,0,1
49406,0,0,0,0,1
49408,1,1,1,1,1
49415,0,0,0,0,0
49418,43,52,52,69,78
49419,0,0,0,0,0
49423,0,0,23,57,57
49424,0,0,11,11,22
49426,0,0,0,0,18
49428,16,32,32,40,40
49435,0,0,0,0,6
49440,0,0,0,0,1
49441,72,82,82,123,134
49442,7,50,86,115,129
49444,0,7,26,46,66
49445,0,0,0,0,0
49453,0,0,1,2,3
49456,0,0,0,0,0
49457,0,0,0,0,0
49460,0,0,0,1,1
49464,0,0,0,14,21
49503,91,98,113,136,166
49504,0,0,0,0,0
49505,68,93,102,119,136
49506,0,8,8,8,15
49507,47,62,101,124,163
49508,0,0,0,0,0
49509,0,19,39,45,52
49512,32,44,44,44,48
49519,0,11,28,34,51
49525,0,0,0,0,9
49534,0,0,0,0,0
49544,0,6,9,12,18
49546,8,31,46,46,69
49548,24,48,64,72,88
49621,0,0,0,0,0
49637,0,0,0,1,1
49649,0,0,0,0,0
49684,0,0,0,0,14
49685,8,14,18,18,23
49686,0,4,12,20,24
49690,0,0,0,1,1
49696,0,0,0,0,0
55001,0,0,10,49,103
55003,0,1,1,12,23
55009,0,0,0,0,0
55011,0,0,0,6,69
55014,0,0,0,211,338
55016,0,0,20,376,664
55020,0,0,1,2,3
55024,0,0,0,135,457
55025,0,8,40,101,210
55031,0,0,1,14,29
55033,0,62,107,294,508
55038,0,0,16,201,364
55042,0,0,19,209,376
55043,0,0,4,10,40
55044,0,0,0,736,1302
55055,2,5,8,19,34
55068,0,0,155,475,722
55071,0,0,13,36,57
55075,0,5,61,117,164
55076,0,20,45,130,231
55077,0,0,12,154,256
55082,0,40,72,433,754
55085,0,0,0,3,5
55089,0,0,0,0,1
55090,0,0,1,1,2
55092,0,0,2,39,72
55101,0,0,1,8,12
55102,0,0,0,58,144
55103,0,20,49,75,110
55104,0,0,111,285,480
55105,0,0,53,307,546
55106,0,0,36,189,342
55107,0,0,29,86,159
55108,0,0,2,42,83
55109,41,62,110,131,296
55110,0,0,154,309,472
55112,31,47,79,220,433
55113,0,61,131,277,515
55114,0,6,13,23,28
55115,2,4,4,105,197
55116,0,0,9,193,335
55117,0,76,122,237,305
55118,0,0,24,156,325
55119,0,0,16,203,349
55120,0,3,3,77,120
55121,0,4,14,50,75
55122,0,55,110,315,552
55123,0,0,112,397,733
55124,0,27,133,571,810
55125,0,0,66,395,659
55126,12,30,61,237,437
55127,0,0,4,212,450
55128,0,0,34,202,337
55129,0,6,12,319,650
55130,0,9,58,97,123
55150,0,0,0,1,3
55301,0,3,16,92,139
55303,0,0,0,136,546
55304,15,15,46,197,789
55305,11,17,34,122,213
55306,0,6,6,61,132
55309,0,0,1,3,5
55311,0,13,33,358,761
55313,0,0,0,1,1
55315,2,3,6,60,104
55316,0,6,31,208,392
55317,0,5,32,303,606
55318,0,0,0,232,484
55322,0,0,0,0,1
55327,2,3,8,86,169
55330,0,19,39,164,347
55331,0,8,17,305,606
55337,0,54,127,272,435
55340,0,5,49,223,358
55341,0,0,7,55,93
55343,0,0,4,46,157
55344,0,0,22,63,105
55345,0,0,0,213,471
55346,8,17,74,285,500
55347,9,26,141,669,1188
55352,0,7,28,130,217
55356,15,39,49,194,303
55357,0,0,12,81,151
55359,0,0,0,76,130
55362,0,1,4,8,12
55364,0,0,17,145,325
55369,0,0,0,223,576
55372,0,0,0,530,1071
55373,0,0,0,2,3
55374,5,19,42,190,445
55376,0,0,35,144,258
55378,43,43,52,543,880
55379,0,0,0,308,746
55384,0,0,3,3,7
55386,0,0,4,145,260
55387,0,0,0,4,7
55391,0,0,14,240,452
55401,0,0,2,16,28
55402,0,0,1,1,2
55403,3,13,19,39,56
55404,0,14,52,88,111
55405,0,11,41,81,147
55406,0,35,84,266,399
55407,0,40,113,279,438
55408,0,0,30,128,222
55409,0,12,19,70,149
55410,0,18,53,311,600
55411,0,47,93,233,332
55412,0,28,99,155,239
55413,0,10,26,62,123
55414,0,16,51,111,162
55415,0,1,3,8,12
55416,0,13,75,247,377
55417,0,0,44,210,400
55418,13,53,119,318,451
55419,0,0,96,353,610
55420,0,13,62,115,164
55421,0,0,20,129,223
55422,16,48,74,196,323
55423,0,5,27,132,236
55424,0,4,48,213,366
55425,0,5,23,48,73
55426,0,4,48,152,236
55427,0,4,22,122,227
55428,26,41,51,128,184
55429,0,0,48,101,174
55430,21,41,66,120,177
55431,12,12,49,143,225
55432,31,50,56,149,180
55433,0,16,32,95,199
55434,0,39,65,117,196
55435,2,20,67,96,130
55436,0,0,0,177,307
55437,0,0,10,105,259
55438,0,25,87,223,364
55439,0,4,14,137,275
55441,0,0,7,104,232
55442,0,16,29,146,303
55443,0,0,0,208,375
55444,0,11,31,123,188
55445,3,6,22,108,150
55446,0,12,41,432,740
55447,0,4,18,210,407
55448,7,14,28,160,286
55449,16,32,32,423,718
55454,0,0,5,9,11
55802,0,0,19,45,79
55803,0,0,18,40,108
55804,0,0,0,57,136
55805,0,9,18,39,59
55806,0,0,15,46,70
55807,0,0,16,67,153
55808,0,7,19,43,54
55810,0,0,0,10,49
55811,0,0,0,77,208
55812,0,0,13,42,99
55901,0,0,0,288,530
55902,0,0,0,100,500
55904,0,0,0,65,149
55906,0,30,50,181,368
55920,0,0,0,4,8
55925,0,0,0,1,2
55934,0,0,0,0,0
55947,0,0,9,24,51
55960,0,0,0,2,5
56001,0,0,59,217,374
56003,21,35,56,125,195
56011,0,0,0,1,3
56301,0,0,61,196,294
56303,14,34,96,186,241
56304,0,4,31,61,102
56310,0,0,0,0,0
56320,0,0,0,0,0
56374,0,0,11,102,161
56377,4,20,68,141,193
56379,0,0,12,12,87
56387,0,6,15,26,32
56401,0,0,0,8,43
56425,0,0,0,9,21
56465,0,0,0,0,1
56468,0,0,0,0,0
56529,1,1,6,42,64
56547,0,0,0,0,0
56560,42,147,242,463,631
56580,0,0,0,0,0
56721,0,0,33,60,103
63005,0,0,845,2140,4628
63010,0,32,226,3201,10579
63011,0,13,1092,4290,11918
63017,0,27,1491,4832,12314
63021,0,0,1042,5689,16998
63026,0,29,680,4670,14010
63031,0,90,467,4692,17707
63033,0,81,277,3084,11387
63034,0,0,293,2027,6171
63038,0,2,132,400,925
63040,0,5,204,890,2392
63042,0,67,153,1495,6019
63043,0,40,269,2160,7763
63044,0,9,210,1214,4141
63049,0,16,103,823,2555
63052,0,4,44,321,1091
63074,0,0,116,1387,5452
63088,0,27,144,786,2624
63101,0,3,13,47,161
63102,0,7,23,93,368
63103,0,22,57,250,800
63104,0,82,288,1269,4395
63105,0,49,387,1160,2629
63106,0,34,154,566,1690
63107,0,48,162,934,3363
63108,0,17,214,915,2624
63109,0,104,349,2578,9236
63110,0,22,263,1482,5322
63111,0,116,335,1578,5583
63112,0,53,272,1408,4215
63113,0,47,195,1155,3776
63114,0,117,364,3541,14424
63115,0,195,570,2175,6602
63116,0,193,511,3427,13516
63117,0,21,276,1048,2799
63118,0,170,466,1984,7159
63119,0,32,833,3615,10023
63120,0,97,216,858,3092
63121,0,130,343,2182,7433
63122,0,116,1410,4898,13589
63123,0,101,470,4531,16481
63124,4,38,582,1657,3390
63125,0,51,224,2622,10048
63126,0,19,367,1926,6087
63127,0,0,195,773,1988
63128,0,73,617,3189,10080
63129,0,49,801,4660,15860
63130,0,112,687,2575,7084
63131,0,13,1025,3014,5948
63132,0,47,351,1659,5026
63133,0,18,111,673,2220
63134,0,43,146,1354,5336
63135,0,64,159,1337,5214
63136,0,174,383,3403,11381
63137,0,136,282,1545,5062
63138,0,35,193,1191,4295
63139,0,0,266,1927,8167
63140,0,2,10,46,153
63141,0,48,777,2544,6387
63143,0,12,69,666,2422
63144,0,9,211,1025,3015
63146,0,62,417,2590,8552
63147,0,97,264,1070,3737
63301,0,99,609,5386,16125
63303,0,15,899,5261,14250
63304,0,28,885,4728,13287
63341,0,0,2,5,12
63366,0,0,399,4052,12566
63367,0,3,244,1096,3023
63368,0,0,884,4553,12935
63376,0,169,1085,7737,23550
63385,0,1,6,31,89
63386,0,0,2,16,55
63701,0,0,346,2521,8230
63703,0,28,96,774,2766
63780,0,17,66,360,1148
64012,14,65,310,6721,7139
64014,0,79,290,6087,6483
64015,0,128,412,8389,9048
64016,0,1,3,86,92
64029,3,28,64,981,1041
64030,0,172,326,5472,5804
64034,0,12,176,1397,2403
64050,0,108,237,4685,5091
64052,0,119,190,4445,4688
64053,0,10,34,1003,1073
64054,4,24,49,845,888
64055,34,94,197,7959,8516
64056,0,95,215,3621,3907
64057,0,53,138,1995,3496
64058,3,14,23,1435,1514
64060,0,0,0,0,1
64063,0,38,202,3033,5337
64064,70,240,644,5151,5642
64068,38,94,313,5637,6156
64079,0,0,0,2,4
64080,0,10,89,1487,2506
64081,0,37,631,6640,7256
64082,0,129,510,4396,4787
64083,0,208,501,7154,7555
64086,0,129,477,5800,6297
64105,0,8,20,317,339
64106,0,41,93,819,865
64108,11,81,210,1993,2170
64109,6,156,300,2545,2797
64110,0,103,343,4432,4789
64111,0,54,238,3253,3516
64112,0,83,195,1266,1388
64113,0,259,774,3162,3528
64114,0,78,265,5531,5928
64116,0,62,255,4724,5124
64117,0,91,176,2362,2539
64118,0,122,273,8649,9298
64119,0,67,305,6840,7338
64120,0,0,0,672,720
64123,0,72,124,2379,2524
64124,0,80,139,2395,2534
64125,0,21,40,491,532
64126,0,58,130,1288,1371
64127,0,263,493,4228,4640
64128,0,156,301,3615,3916
64129,0,57,112,1888,1998
64130,0,140,361,6705,7250
64131,0,83,226,5464,5880
64132,0,127,192,3517,3770
64133,0,152,264,7295,7911
64134,12,95,166,3659,3905
64136,0,15,38,476,509
64137,0,30,60,2017,2119
64138,16,133,239,4916,5219
64139,0,12,25,538,573
64145,6,25,130,1724,1879
64146,0,2,18,471,495
64147,0,13,28,67,99
64149,0,1,12,230,246
64150,0,18,59,612,670
64151,20,166,372,5884,6536
64152,0,204,784,5389,6097
64153,0,17,54,1535,1672
64154,0,0,197,2473,2720
64155,0,33,326,6009,6529
64156,4,45,113,1573,1753
64157,12,199,678,5431,5985
64158,8,41,118,1202,1314
64161,2,11,23,352,380
64163,0,0,2,84,173
64164,0,0,7,36,65
64165,0,0,0,21,54
64167,0,0,19,53,105
64421,0,0,1,7,12
64436,0,0,1,14,27
64501,0,115,191,1966,3725
64503,0,53,228,2466,4728
64504,0,49,171,2052,3981
64505,0,36,170,2682,5071
64506,0,64,367,3571,6882
64507,0,47,201,2231,4176
64801,292,522,2718,15065,15203
64804,26,541,2376,12869,13027
64834,13,136,608,3092,3117
64835,1,2,125,1016,1017
64836,65,219,1042,5781,5870
64840,0,0,1,6,6
64841,0,3,13,70,70
64855,2,7,70,374,377
64870,54,192,916,5837,5915
65039,0,0,0,1,4
65043,0,1,26,323,1052
65053,0,0,0,9,27
65101,0,19,189,1450,4629
65109,0,60,261,2123,7299
65201,0,335,772,3586,9753
65202,0,130,519,4411,14069
65203,0,74,1089,6130,17800
65255,0,0,2,26,80
65611,0,1,1,31,56
65616,69,171,886,4791,4830
65619,3,73,431,3093,3138
65631,0,3,22,111,113
65672,20,96,299,1997,2017
65679,0,0,0,2,2
65714,35,312,1327,8457,8596
65721,34,211,1022,6647,6749
65738,0,0,0,1,1
65739,0,4,8,100,171
65742,1,19,113,743,754
65753,0,1,6,39,40
65757,0,0,1,39,71
65781,1,4,14,99,101
65802,124,515,2379,17437,17597
65803,229,669,2351,15985,16148
65804,0,151,664,8220,14812
65806,0,96,225,1656,2892
65807,0,151,622,10066,18512
65809,0,108,389,2362,4124
65810,0,8,439,4385,8073
38637,0,0,0,0,0
38641,0,0,0,0,0
38654,0,0,0,0,0
38655,0,0,0,0,0
38671,0,0,0,0,0
38672,0,0,0,0,0
38680,0,0,0,0,0
38801,0,0,0,0,0
38804,0,0,0,0,0
38826,0,0,0,0,0
38862,0,0,0,0,0
38863,0,0,0,0,0
38866,0,0,0,0,0
38868,0,0,0,0,0
39041,0,0,0,0,0
39042,0,0,0,0,0
39046,0,0,0,0,0
39047,0,0,0,0,0
39056,0,0,0,0,0
39071,0,0,0,0,0
39073,0,0,0,0,0
39110,0,0,0,0,0
39154,0,0,0,0,0
39157,0,0,0,0,0
39170,0,0,0,0,0
39201,0,0,0,0,0
39202,0,0,0,0,0
39203,0,0,0,0,0
39204,0,0,0,0,0
39206,0,0,0,0,0
39208,0,0,0,0,0
39209,0,0,0,0,0
39211,0,0,0,0,0
39212,0,0,0,0,0
39213,0,0,0,0,0
39216,0,0,0,0,0
39218,0,0,0,0,0
39232,0,0,0,0,0
39272,0,0,0,0,0
39301,0,0,0,4,4
39305,0,0,0,0,0
39307,0,0,0,0,0
39342,2,2,2,2,3
39401,0,0,0,0,0
39402,0,0,0,0,0
39437,0,0,0,0,0
39440,0,0,0,0,0
39443,0,0,0,0,0
39452,0,0,0,0,0
39465,0,0,0,0,0
39475,0,0,0,0,0
39501,0,0,0,8,41
39503,0,0,0,0,0
39507,0,0,0,0,0
39520,0,0,0,0,0
39525,0,0,0,0,0
39530,0,0,0,0,0
39531,0,0,0,0,0
39532,0,0,0,0,0
39540,0,0,0,0,0
39553,0,0,0,0,0
39556,0,0,0,0,0
39560,0,0,0,0,0
39562,0,0,0,0,0
39563,0,0,0,0,0
39564,0,0,0,0,0
39565,0,0,0,0,0
39567,0,0,0,0,0
39571,0,0,0,0,0
39574,0,0,0,0,0
39576,0,0,0,0,0
39581,0,0,0,0,0
59030,10,11,16,188,297
59101,482,552,1046,7944,11316
59102,659,766,1516,10386,14813
59105,273,331,740,6671,9534
59106,428,546,826,2858,4012
59401,185,231,331,1995,3667
59404,289,392,485,4419,8173
59405,289,399,559,5199,9590
59411,1,1,1,1,12
59417,4,5,6,8,40
59714,94,134,168,1442,2729
59715,401,584,754,3520,6381
59718,362,501,693,3859,7225
59741,0,1,1,5,8
59801,327,447,550,3614,7515
59802,144,218,323,1892,4098
59803,192,297,397,2160,4502
59804,122,166,199,1230,2591
59808,168,230,355,2127,4562
59901,221,372,535,616,5848
59912,3,6,12,16,121
59936,0,0,0,0,1
59937,8,16,22,28,140
27006,0,0,0,0,0
27009,0,0,1,7,16
27012,0,0,0,0,120
27019,0,0,0,0,0
27023,0,0,2,9,35
27040,0,6,17,62,114
27045,0,0,2,4,8
27050,0,0,0,1,1
27051,0,0,0,17,47
27052,0,0,0,0,0
27101,0,11,113,176,249
27103,0,0,74,158,305
27104,0,0,35,141,393
27105,0,103,347,591,706
27106,0,11,194,259,508
27107,0,0,126,337,491
27127,0,0,95,213,331
27201,0,0,0,0,0
27214,0,0,0,8,23
27215,0,0,0,96,181
27217,0,0,82,136,211
27233,0,0,0,2,4
27235,0,0,5,26,72
27244,0,0,9,28,62
27249,0,0,19,28,64
27253,0,0,0,77,159
27258,0,0,16,29,47
27260,0,0,169,338,454
27262,0,0,0,137,302
27263,0,35,71,92,191
27265,0,0,47,111,427
27278,0,0,0,0,0
27282,0,0,25,111,237
27284,0,0,110,166,460
27292,0,0,44,105,183
27295,0,3,10,33,69
27299,0,0,0,4,12
27301,3,4,6,10,19
27302,2,3,6,11,18
27305,0,0,0,0,0
27310,3,3,10,18,171
27311,0,0,0,0,0
27313,0,0,2,12,28
27315,0,0,0,0,0
27317,3,5,12,19,22
27357,0,0,0,1,2
27358,0,0,0,43,152
27360,0,0,0,24,67
27370,0,1,3,4,6
27376,1,3,4,8,12
27377,0,0,2,3,13
27401,0,0,11,76,184
27403,0,0,32,64,182
27405,0,0,71,357,528
27406,0,53,248,461,585
27407,0,0,112,249,448
27408,0,0,33,51,214
27409,0,24,57,62,110
27410,0,0,0,244,532
27455,0,7,41,95,320
27502,20,78,314,666,990
27504,9,22,31,45,59
27510,0,0,16,35,61
27511,25,37,50,268,380
27513,0,10,152,495,848
27514,0,0,51,81,287
27516,0,53,231,415,573
27517,48,48,91,357,509
27518,0,16,63,351,571
27519,0,0,327,739,1129
27520,7,44,88,236,302
27521,0,1,1,2,3
27523,13,15,45,155,230
27526,41,58,64,227,367
27527,0,1,16,36,57
27529,0,0,77,318,560
27530,0,47,114,168,255
27534,24,78,120,174,222
27539,39,45,77,430,674
27540,0,20,129,507,875
27545,54,82,143,238,286
27560,0,8,47,55,323
27562,0,0,3,18,37
27587,17,24,54,180,302
27591,0,0,2,12,19
27592,8,11,19,48,78
27596,0,0,0,1,2
27601,0,0,8,68,130
27603,0,0,205,473,678
27604,0,10,157,376,532
27605,0,4,18,48,64
27606,0,51,132,301,551
27607,0,21,101,268,394
27608,0,0,14,213,387
27609,0,10,41,183,295
27610,96,208,369,561,738
27612,7,20,105,348,578
27613,0,9,26,501,809
27614,43,78,383,783,1130
27615,0,0,65,376,597
27616,0,40,101,242,414
27617,10,15,75,221,351
27701,0,31,51,133,200
27703,0,41,68,162,433
27704,71,97,132,176,291
27705,0,21,100,272,415
27707,0,8,105,137,298
27712,14,37,51,159,254
27713,0,0,70,117,490
27801,31,117,148,204,265
27803,0,26,86,165,263
27804,0,65,195,324,445
27809,3,3,5,10,13
27812,0,0,0,0,0
27822,0,8,21,36,48
27828,0,0,0,0,0
27834,0,68,212,382,561
27837,0,2,3,6,7
27851,0,0,1,1,1
27856,0,0,0,0,0
27858,22,123,291,504,717
27863,0,0,2,3,3
27878,0,0,1,2,3
27884,0,0,0,0,0
27893,265,387,510,567,661
27896,33,62,85,166,228
28012,0,0,7,112,315
28016,0,0,0,19,51
28023,0,0,2,4,10
28025,0,24,122,280,512
28027,0,0,70,140,523
28031,0,0,28,103,486
28032,0,0,12,40,74
28033,0,0,0,1,1
28034,0,0,31,47,56
28036,0,0,0,2,207
28037,8,10,15,56,123
28052,0,0,90,171,225
28054,0,0,94,199,315
28056,0,0,24,48,294
28072,0,0,0,0,0
28073,0,0,4,5,8
28075,0,0,0,133,363
28078,0,0,0,366,951
28079,0,0,0,147,385
28080,0,0,0,2,6
28086,0,0,9,54,88
28092,0,10,41,83,145
28098,0,0,0,4,22
28101,0,0,0,0,2
28104,0,20,30,160,689
28105,0,0,33,110,318
28107,0,0,0,2,13
28110,0,0,56,253,450
28112,0,24,63,120,164
28115,0,47,103,150,394
28117,0,0,11,57,513
28120,0,6,58,149,258
28125,0,0,0,0,0
28134,0,0,15,33,84
28138,0,0,1,1,5
28144,0,0,0,99,312
28146,0,0,0,22,178
28147,0,0,0,27,100
28150,0,3,38,99,140
28152,0,6,55,84,156
28159,0,2,13,32,43
28164,0,2,2,4,26
28166,0,0,1,2,5
28168,0,0,0,0,0
28173,0,0,13,266,892
28202,0,1,9,15,38
28203,0,0,0,20,141
28204,0,0,2,18,39
28205,0,0,39,100,293
28206,0,0,9,32,71
28207,0,2,3,48,208
28208,0,70,117,164,281
28209,0,0,0,12,154
28210,0,0,10,176,480
28211,0,0,24,186,523
28212,0,17,73,84,118
28213,0,75,140,252,391
28214,0,25,37,112,299
28215,0,50,124,198,433
28216,0,0,0,208,461
28217,0,0,50,101,190
28226,0,0,30,323,868
28227,0,0,39,131,367
28262,0,0,91,205,411
28269,0,21,144,310,495
28270,0,0,8,172,590
28273,0,0,29,58,221
28277,0,18,92,388,1238
28278,0,16,41,90,400
28301,0,83,261,383,471
28303,69,173,276,389,527
28304,0,24,132,275,431
28305,18,34,56,105,159
28306,27,163,272,475,679
28307,0,13,30,50,67
28311,63,179,260,458,592
28312,34,86,120,252,292
28314,105,144,184,341,407
28315,18,25,34,51,82
28326,0,0,0,0,0
28327,0,0,6,16,19
28333,0,1,4,8,12
28334,37,61,103,164,201
28339,0,5,37,69,88
28348,0,92,161,299,390
28358,50,129,222,308,415
28360,9,20,28,35,44
28371,31,53,65,84,96
28372,0,0,0,0,1
28373,0,1,1,1,1
28374,0,8,25,128,231
28376,0,16,34,44,60
28387,0,0,9,53,102
28390,3,33,55,76,124
28391,0,1,1,2,3
28394,0,0,0,0,0
28395,0,0,1,2,4
28401,114,236,305,419,533
28403,144,228,313,524,643
28405,30,90,210,441,631
28409,0,44,122,509,830
28411,0,24,85,340,596
28412,0,0,157,348,595
28420,0,0,0,0,0
28422,3,9,17,26,34
28428,24,49,83,191,275
28429,0,7,13,27,41
28449,0,0,24,78,110
28451,1,2,3,4,5
28460,0,0,0,0,0
28461,0,17,50,88,107
28462,85,116,129,192,250
28465,9,37,166,267,377
28467,0,17,58,79,100
28468,17,38,64,149,206
28469,0,0,51,118,166
28470,0,25,50,83,123
28479,0,0,0,1,1
28480,0,0,12,119,217
28513,0,0,1,1,1
28539,0,1,2,3,4
28540,13,64,179,294,460
28543,0,0,3,6,11
28544,0,3,9,20,34
28546,0,13,180,334,501
28547,0,15,27,44,69
28555,0,0,0,0,0
28590,13,38,70,158,254
28601,0,0,70,114,264
28602,0,0,51,113,159
28610,0,0,6,11,21
28612,0,0,0,15,34
28613,0,0,15,56,117
28619,0,0,0,1,1
28625,0,4,16,48,92
28630,0,0,17,34,62
28637,0,8,11,16,19
28638,0,5,19,33,41
28645,0,0,11,71,103
28650,0,0,0,16,42
28655,0,0,7,59,119
28658,0,0,0,16,74
28677,0,28,55,124,193
28681,0,0,0,2,4
28690,0,8,15,32,54
28701,1,4,14,24,31
28715,0,16,35,75,98
28730,0,1,2,9,16
28748,0,0,2,4,7
28778,0,0,3,7,11
28787,0,0,31,66,99
28801,0,36,131,233,356
28803,26,48,88,206,285
28804,6,24,67,225,407
28805,0,5,55,132,214
28806,0,12,47,246,386
58042,0,0,0,0,0
58047,0,0,0,0,0
58078,9,9,9,9,9
58102,0,0,0,0,0
58103,0,0,0,0,0
58104,0,0,0,0,0
58201,0,0,0,0,0
58202,0,0,0,0,0
58203,0,0,0,0,0
58501,0,0,0,0,0
58503,0,0,0,0,0
58504,0,0,0,0,0
58554,0,0,0,0,0
68005,23,31,38,53,76
68007,3,3,7,7,7
68010,0,0,0,0,0
68022,0,7,7,14,14
68028,0,0,0,0,0
68030,0,0,0,0,0
68046,40,48,56,72,95
68059,0,0,0,0,0
68064,0,0,0,0,0
68069,1,4,5,7,8
68102,0,2,5,11,17
68104,0,0,7,22,51
68105,0,0,0,29,57
68106,16,32,59,70,97
68107,0,0,7,28,69
68108,0,0,0,8,16
68110,0,0,6,19,42
68111,0,0,0,40,80
68112,0,0,2,14,19
68113,0,0,0,0,0
68114,0,0,0,4,12
68116,0,0,0,0,29
68117,0,0,0,6,12
68118,0,0,3,3,9
68122,0,0,0,0,4
68123,0,0,0,0,0
68124,0,4,11,15,19
68127,21,37,43,59,75
68128,0,0,0,14,19
68130,0,0,6,13,31
68131,0,0,0,12,29
68132,6,8,17,22,28
68133,0,0,0,0,4
68134,0,0,0,30,68
68135,0,0,0,0,0
68136,6,6,11,11,11
68137,0,0,7,21,28
68138,0,0,0,0,0
68142,0,0,0,0,1
68144,0,0,0,0,0
68147,0,0,6,19,32
68152,0,0,0,0,0
68154,0,0,0,0,0
68157,0,0,0,0,0
68164,0,0,16,40,47
68317,0,0,0,0,0
68336,0,0,0,0,0
68339,0,0,0,0,0
68430,0,0,0,0,0
68462,0,0,0,0,0
68502,0,0,8,33,57
68503,0,0,0,0,8
68504,0,10,29,53,62
68505,0,0,0,28,39
68506,0,0,9,38,75
68507,0,0,0,12,12
68508,15,27,39,52,57
68510,0,0,0,22,43
68512,20,28,32,36,40
68514,0,0,0,0,0
68516,0,14,14,41,68
68517,0,0,0,0,0
68520,0,1,2,3,4
68521,19,29,48,76,76
68522,0,0,0,0,0
68523,0,0,0,0,0
68524,0,0,2,2,3
68526,0,0,4,4,6
68527,0,0,0,0,0
68528,0,0,0,0,2
68531,0,0,0,0,0
68731,0,0,1,1,1
68776,0,0,0,8,12
3032,0,119,1228,1294,1301
3034,0,7,117,120,121
3036,0,16,138,145,146
3038,0,352,4959,5145,5161
3045,7,310,3264,3426,3447
3046,0,10,95,101,101
3049,0,20,135,146,148
3051,18,370,4254,4471,4511
3052,0,88,838,885,890
3053,0,396,3727,3933,3961
3054,0,317,3764,3942,3962
3060,40,328,5449,5607,5647
3062,10,405,4970,5157,5209
3063,0,201,2662,2779,2790
3064,3,191,2947,3026,3041
3076,10,258,2282,2388,2417
3079,21,410,5081,5277,5315
3087,0,32,217,238,239
3101,2,59,445,464,473
3102,40,190,5632,5758,5770
3103,32,272,7886,7966,8014
3104,53,379,7361,7497,7565
3106,0,379,3662,3832,3863
3109,18,137,2898,2954,2972
3110,0,438,3223,3442,3477
3224,0,0,6,6,6
3229,0,3,35,37,37
3234,0,1,22,22,22
3258,0,3,54,56,56
3275,10,104,2538,2585,2598
3301,0,336,6380,6578,6591
3303,0,69,1411,1433,1439
3304,4,133,992,1065,1075
3307,0,6,160,164,164
3801,0,394,3808,4005,4025
3820,0,334,4258,4450,4463
3823,0,9,44,48,49
3824,1,77,584,619,626
3833,0,6,61,65,65
3840,2,52,402,426,432
3854,0,50,265,290,294
3856,0,29,176,192,193
3857,3,49,845,870,873
3861,0,0,3,3,3
3862,0,21,174,185,186
3865,0,0,4,4,4
3867,0,0,4,4,4
3868,0,1,24,24,24
3869,1,21,287,298,299
3870,2,100,508,557,561
3878,2,53,1920,1951,1955
3885,4,55,394,423,426
7001,80,182,2031,2763,2828
7002,208,723,7305,10634,10810
7003,347,750,6284,9051,9201
7004,3,245,510,2411,2673
7005,14,174,400,2261,2577
7006,16,347,949,4495,5055
7008,38,323,3903,5339,5449
7009,150,473,2016,2785,2922
7010,106,276,2103,2925,2982
7011,212,374,5037,6935,6992
7012,83,193,2046,2880,2927
7013,257,816,5091,6994,7215
7014,18,119,900,1234,1260
7016,10,366,844,4288,4822
7017,106,194,2431,3456,3491
7018,137,254,1948,2734,2814
7020,47,169,655,894,931
7021,29,102,252,328,356
7022,80,175,1499,2092,2134
7023,65,265,1015,1359,1428
7024,137,365,2356,3436,3570
7026,119,387,4103,5758,5866
7027,18,77,764,1099,1117
7028,104,399,969,1318,1418
7029,80,198,1631,2327,2365
7030,200,562,2042,2905,3080
7031,79,277,2524,3620,3699
7032,133,372,4670,6809,6921
7033,0,88,216,2103,2308
7034,9,55,145,1496,1683
7035,2,24,69,833,933
7036,171,462,7024,9824,9955
7039,0,606,1570,5277,5981
7040,0,457,977,3620,4157
7041,0,158,385,1147,1329
7042,229,764,2776,3900,4117
7043,158,583,1649,2220,2380
7044,221,521,1883,2593,2755
7045,0,146,460,1818,2092
7046,3,66,163,378,451
7047,294,634,5211,7453,7638
7050,170,273,2402,3301,3349
7052,36,594,1403,7591,8589
7054,11,312,725,4725,5306
7055,120,302,4465,6221,6240
7057,59,163,1703,2416,2448
7058,6,72,193,1018,1157
7059,0,441,893,2896,3261
7060,140,329,3856,5246,5300
7062,68,147,1480,2076,2108
7063,37,110,1360,1914,1947
7064,18,89,961,1317,1344
7065,135,320,3853,5482,5583
7066,131,426,2840,3937,4022
7067,134,607,3577,4898,5037
7068,0,92,235,1204,1350
7069,0,90,191,875,966
7070,177,452,2510,3565,3705
7071,143,444,3461,4901,5008
7072,56,231,1338,1921,1969
7073,60,189,1293,1837,1891
7074,31,73,622,885,908
7075,96,319,1510,2113,2198
7076,0,438,1113,4126,4700
7077,27,74,557,782,791
7078,0,408,1017,2062,2415
7079,13,256,571,2178,2504
7080,131,651,4344,5985,6147
7081,0,229,538,2955,3277
7082,0,36,101,371,422
7083,51,643,1337,11263,12407
7086,72,253,1085,1531,1600
7087,186,349,3833,5677,5765
7088,7,25,46,641,695
7090,0,742,1592,5094,5798
7092,0,226,425,1391,1557
7093,138,354,3347,4794,4883
7094,150,513,2243,3181,3303
7095,97,251,2774,3937,4010
7102,62,100,636,888,903
7103,144,277,2731,3898,3958
7104,141,363,3650,5247,5334
7105,131,267,4332,6097,6171
7106,184,287,2704,3819,3874
7107,140,271,3077,4297,4319
7108,175,362,2082,2886,2941
7109,107,449,4835,6943,7050
7110,232,728,4335,6101,6326
7111,206,420,5295,7473,7542
7112,146,270,2548,3567,3607
7114,58,148,1416,2031,2058
7201,68,157,2856,3964,3996
7202,122,269,3454,4799,4824
7203,76,220,2503,3533,3576
7204,63,200,1675,2343,2399
7205,107,350,3275,4541,4611
7206,95,202,2584,3601,3620
7208,69,153,2592,3585,3607
7302,192,539,1716,2402,2526
7304,183,506,3570,5174,5292
7305,227,663,6178,9191,9342
7306,179,420,3388,5069,5179
7307,140,469,3987,5874,5996
7310,11,38,98,139,149
7401,64,277,871,1175,1225
7407,158,353,3133,4497,4576
7410,311,1379,5599,7768,8214
7417,185,634,1735,2292,2451
7423,59,240,591,801,872
7424,158,518,3951,5397,5560
7430,246,554,3104,4172,4308
7432,73,241,1055,1463,1519
7436,3,180,497,2291,2578
7440,0,39,108,548,634
7442,1,21,58,563,610
7444,2,34,73,426,477
7446,165,483,1903,2542,2668
7450,340,1136,3225,4318,4610
7452,157,614,1748,2357,2485
7458,242,686,1752,2419,2618
7463,87,301,1355,1890,1969
7470,45,770,1926,9584,10683
7481,170,690,2379,3250,3398
7501,158,302,2540,3404,3457
7502,56,171,1928,2603,2627
7503,81,165,2072,2826,2852
7504,68,160,1259,1683,1713
7505,25,45,341,455,463
7506,98,389,3118,4294,4401
7508,174,499,3322,4614,4755
7512,122,416,2562,3430,3516
7513,9,54,1089,1491,1500
7514,52,86,1561,2125,2147
7522,84,155,1886,2474,2497
7524,76,147,1400,1847,1872
7601,44,328,3689,5347,5424
7603,39,133,1132,1645,1675
7604,59,302,1994,2833,2907
7605,79,227,1045,1447,1501
7606,17,48,465,665,678
7607,74,229,1552,2218,2268
7620,22,55,155,198,213
7621,192,482,3527,4985,5099
7624,142,421,1461,1970,2084
7626,69,293,1161,1595,1664
7627,61,205,682,948,992
7628,126,318,2474,3537,3644
7630,92,261,1218,1692,1763
7631,179,524,2814,3916,4066
7632,131,443,1194,1593,1718
7640,34,180,646,898,932
7641,34,138,373,504,542
7642,89,355,1376,1872,1969
7643,54,149,1442,2013,2040
7644,154,438,3175,4471,4573
7645,74,301,1089,1442,1533
7646,104,350,2106,2985,3092
7647,56,167,927,1245,1289
7648,51,209,864,1112,1147
7649,112,421,1270,1709,1814
7650,78,218,1757,2496,2558
7652,261,846,4664,6673,6912
7656,87,292,1127,1532,1617
7657,45,206,1497,2146,2195
7660,52,178,1516,2172,2217
7661,125,413,1576,2215,2353
7662,52,201,1045,1497,1546
7663,140,428,2623,3800,3928
7666,320,960,4584,6375,6648
7670,189,544,1653,2246,2391
7675,254,1054,3707,5087,5324
7676,56,269,1145,1571,1632
7677,89,291,779,1039,1123
7701,26,330,790,4635,4996
7702,2,116,242,974,1062
7704,6,180,440,1299,1464
7711,2,62,145,584,632
7712,74,453,905,6694,7139
7716,0,120,242,1659,1771
7717,0,60,141,878,935
7718,0,99,250,1566,1684
7719,19,450,925,5691,6033
7720,10,54,114,1396,1456
7721,0,20,49,612,648
7722,0,90,189,714,778
7723,4,95,188,854,919
7724,43,240,553,4363,4618
7726,67,800,1715,8337,9013
7727,4,135,266,1646,1756
7728,23,587,1576,10339,11075
7730,0,321,531,4444,4678
7731,0,479,1094,8188,8722
7732,0,75,158,1148,1229
7733,8,394,930,3542,3857
7734,18,133,254,2741,2870
7735,0,238,498,4911,5150
7737,0,32,100,829,880
7738,7,118,263,970,1062
7739,0,175,498,1446,1595
7740,0,258,621,6082,6446
7746,15,530,1235,4204,4624
7747,8,340,981,7034,7627
7748,0,472,999,5344,5809
7750,6,101,213,859,934
7751,15,543,1125,4197,4540
7753,62,431,907,8005,8463
7755,7,76,207,1573,1672
7756,3,51,84,1087,1119
7757,3,135,231,1450,1586
7758,0,47,170,1081,1159
7760,0,269,607,1932,2171
7762,15,239,561,3352,3569
7764,9,155,288,1984,2151
7801,0,126,283,3815,4260
7803,0,25,74,866,969
7821,0,1,2,18,21
7828,0,75,183,2199,2444
7834,3,169,462,2857,3288
7836,11,168,398,2332,2663
7838,0,0,1,4,5
7840,24,231,485,5174,5748
7843,1,13,44,518,594
7847,1,8,22,504,554
7849,0,1,3,19,22
7850,0,57,108,1015,1144
7852,3,31,95,726,819
7853,5,155,395,1314,1554
7856,1,13,35,501,548
7857,0,24,64,712,794
7866,0,168,436,2761,3088
7869,5,286,1003,3787,4354
7874,0,43,92,1192,1392
7876,0,206,453,2357,2661
7878,0,0,1,75,85
7885,20,102,193,1899,2154
7901,4,316,855,2979,3324
7920,17,546,1300,4625,5204
7921,3,79,177,907,997
7922,0,199,490,1680,1886
7924,4,105,281,855,985
7927,0,67,150,774,881
7928,0,262,822,2461,2871
7930,0,112,251,802,937
7931,1,32,81,301,345
7932,0,171,426,1957,2179
7933,0,59,144,565,646
7935,0,13,33,189,218
7936,14,177,596,2817,3208
7940,0,299,711,2730,3089
7945,0,209,525,1455,1697
7946,1,75,187,584,689
7950,0,245,674,3487,3949
7960,7,447,1176,5598,6499
7974,0,176,415,1741,1951
7980,0,58,132,531,595
7981,23,138,350,1946,2215
8002,213,358,3736,4693,4780
8003,742,1493,7407,7766,8068
8004,116,251,2581,2641,2671
8007,32,72,961,1170,1184
8009,124,224,3137,3209,3235
8010,50,163,2182,2714,2747
8012,376,715,8794,9023,9124
8016,348,880,7185,8808,8982
8020,3,6,28,30,30
8021,275,608,8101,8209,8301
8022,12,115,306,1857,1966
8023,0,0,79,79,79
8026,62,97,712,728,744
8027,54,127,1810,1846,1863
8028,208,461,4834,4966,5047
8029,31,78,1096,1381,1401
8030,120,193,2775,3268,3298
8031,73,137,2704,3291,3314
8032,6,13,152,155,157
8033,244,602,2523,3135,3279
8034,204,380,3213,3911,4037
8035,95,213,1488,1850,1904
8036,77,173,1264,1594,1642
8037,176,432,3836,3932,3972
8043,703,1213,6039,6284,6496
8045,43,77,629,776,795
8046,271,551,7543,9486,9622
8048,156,393,2582,3215,3323
8049,35,73,1198,1489,1502
8051,82,221,2001,2049,2094
8052,45,171,3229,4005,4034
8053,665,1404,11495,11926,12246
8054,393,1201,8745,10788,11046
8055,413,931,4157,4377,4515
8057,427,1187,4452,5719,6004
8059,54,135,1437,1757,1780
8060,121,335,3722,4738,4830
8062,75,154,652,690,718
8063,18,42,735,857,870
8065,48,87,1202,1526,1545
8066,103,164,2353,2410,2437
8069,59,117,1453,1480,1489
8070,159,271,4550,4615,4667
8071,87,150,2107,2131,2163
8075,268,650,6321,7898,8036
8077,193,569,4077,5168,5291
8078,42,110,1922,2309,2328
8079,23,52,656,672,680
8080,634,1495,10666,11040,11198
8081,723,1187,12245,12606,12851
8083,180,275,2560,2611,2665
8084,108,187,1685,1718,1759
8085,1,3,17,17,18
8086,94,188,1919,1965,1993
8088,6,12,97,101,102
8089,58,93,925,954,977
8090,82,197,2199,2245,2272
8091,3,7,162,164,165
8093,91,132,1978,2354,2380
8094,693,1177,10465,10740,10905
8096,496,915,9228,9500,9676
8097,37,81,833,858,868
8102,46,81,799,982,989
8103,133,229,2027,2453,2475
8104,222,373,2995,3565,3624
8105,94,222,3130,3683,3732
8106,68,160,2068,2558,2600
8107,89,188,2308,2790,2827
8108,137,364,3080,3789,3840
8109,146,317,4182,5056,5160
8110,152,309,3694,4478,4552
8201,29,65,694,706,712
8203,466,985,5590,5781,5894
8221,212,385,1848,1930,2001
8223,70,162,1194,1226,1244
8225,169,389,2695,2737,2805
8226,822,1922,10485,10840,11040
8230,57,134,986,1017,1032
8232,192,389,4562,4623,4661
8234,479,1135,10028,10226,10361
8244,124,296,2924,2967,3000
8270,1,2,23,24,24
8302,8,20,218,222,223
8310,18,30,403,409,413
8312,105,225,2181,2236,2273
8318,77,162,1998,2042,2063
8322,142,317,2711,2776,2805
8326,13,37,497,500,503
8328,8,21,343,347,349
8330,4,8,105,107,108
8332,331,679,5373,5496,5563
8340,0,2,31,31,31
8341,15,44,414,421,427
8343,95,196,1127,1164,1205
8344,48,127,1618,1651,1663
8346,0,2,132,132,132
8352,1,1,9,10,10
8360,312,792,10848,11026,11104
8361,261,417,3827,3936,3980
8401,365,788,5642,5765,5830
8402,455,864,4308,4519,4670
8403,112,243,1090,1141,1174
8406,252,516,4000,4134,4168
8501,7,168,420,2083,2275
8502,0,326,759,2137,2469
8505,215,419,3967,4938,5056
8510,0,47,126,376,425
8512,0,155,368,2316,2505
8514,4,68,122,702,753
8515,0,198,463,1623,1774
8518,45,103,1160,1418,1444
8520,0,271,785,5909,6519
8525,2,57,112,488,549
8527,0,324,813,8054,8509
8533,0,0,0,2,2
8534,0,359,778,2885,3258
8535,0,72,142,508,553
8536,86,324,2208,3039,3121
8540,661,1762,6549,8856,9277
8542,28,100,453,620,644
8550,0,474,1369,4593,5284
8553,7,29,141,191,199
8554,29,75,711,881,900
8555,0,5,15,146,157
8558,77,261,643,861,931
8560,1,28,74,533,580
8562,1,5,11,137,141
8609,91,130,1567,2115,2145
8610,264,428,5806,8071,8145
8611,156,426,3333,4565,4669
8618,249,537,4589,6206,6282
8619,66,446,4550,6366,6458
8620,0,228,411,3335,3589
8628,54,158,1684,2293,2338
8629,33,100,1461,2055,2076
8638,290,551,4175,5827,5948
8648,239,831,4945,6860,7084
8690,129,458,3981,5401,5552
8691,0,290,724,3956,4447
8701,0,327,890,12365,12849
8720,1,32,65,204,222
8721,0,55,120,1224,1280
8722,0,103,187,2697,2820
8723,10,318,704,9277,9743
8724,0,452,966,11998,12261
8730,0,115,270,1289,1396
8731,0,0,0,7,7
8732,0,15,39,425,442
8733,8,29,46,575,591
8735,11,236,534,5132,5352
8736,0,383,910,4302,4704
8738,0,135,280,949,1039
8740,0,7,36,884,913
8741,2,37,77,635,659
8742,39,626,1193,8838,9405
8750,0,165,388,1733,1916
8751,43,288,582,2722,2903
8752,7,73,174,1561,1621
8753,92,1014,1862,16922,17881
8755,13,289,732,6279,6528
8757,0,350,743,13498,13779
8759,182,309,4928,5014,5040
8804,1,10,22,154,174
8805,46,197,1816,2461,2499
8807,7,504,1264,5793,6574
8810,89,280,1527,2093,2178
8812,178,520,2181,3011,3144
8816,53,690,1794,9036,10023
8817,278,807,6672,8982,9149
8820,408,1374,5687,7743,8085
8823,43,133,1153,1612,1641
8824,176,746,2463,3389,3573
8828,2,18,38,474,504
8830,107,399,2708,3790,3893
8831,110,704,1878,13789,14915
8832,21,43,257,350,360
8835,136,254,2179,3064,3124
8836,1,126,279,840,969
8837,64,261,2271,3093,3141
8840,155,620,2874,3933,4097
8844,0,772,1730,7452,8340
8846,43,242,2520,3529,3583
8848,0,7,18,143,161
8850,76,333,2008,2660,2744
8852,132,430,2342,3220,3331
8854,336,964,7398,10419,10723
8857,9,399,937,8222,9020
8859,0,163,397,4041,4398
8861,174,423,5987,8134,8209
8863,115,334,2264,3148,3213
8865,0,269,530,7854,8779
8869,54,178,1371,1927,1965
8872,0,144,356,4096,4416
8873,538,1305,8959,12236,12556
8876,0,140,320,2452,2691
8879,6,119,312,5185,5565
8880,16,31,693,971,979
8882,27,139,340,4054,4336
8884,0,89,191,1829,1963
8886,0,54,156,956,1092
8901,257,545,4381,6061,6136
8902,188,609,5316,7241,7436
8904,81,224,1703,2374,2416
87002,230,5091,5211,5216,5216
87004,0,10,10,10,10
87008,53,602,635,635,635
87015,24,1118,1133,1133,1133
87022,4,97,99,99,99
87031,199,6999,7113,7113,7113
87035,37,1151,1177,1177,1177
87042,54,1152,1179,1181,1181
87047,11,215,223,223,223
87048,244,4271,4444,4444,4444
87059,25,657,675,675,675
87068,66,1311,1349,1350,1350
87102,406,7606,7778,7793,7793
87104,214,4867,4976,4976,4976
87105,647,20524,20900,20900,20900
87106,592,8522,8831,8831,8831
87107,618,13703,14040,14040,14040
87108,581,10506,10764,10775,10775
87109,439,12264,12566,12578,12578
87110,572,15228,15475,15491,15491
87111,990,18810,19431,19431,19431
87112,654,15498,15945,15945,15945
87113,192,6062,6210,6210,6210
87114,801,21275,21665,21665,21665
87116,16,1580,1591,1591,1591
87120,577,21019,21361,21361,21361
87121,696,20796,21133,21154,21154
87122,329,3442,3697,3697,3697
87123,579,13413,13757,13771,13771
87124,488,20004,20329,20329,20329
87144,63,2363,2409,2409,2409
87401,325,11017,11185,11218,11218
87402,65,2640,2694,2694,2694
87501,459,8051,8343,8343,8343
87505,637,12607,13049,13049,13049
87506,121,1788,1866,1868,1868
87507,374,13557,13848,13848,13848
87508,175,3199,3295,3301,3301
88001,385,11570,12016,12040,12040
88005,177,10196,10404,10435,10435
88007,63,5523,5688,5688,5688
88008,3,322,326,327,327
88011,160,7745,8002,8010,8010
88012,102,5515,5691,5691,5691
88047,1,21,21,21,21
88063,125,2639,2744,2766,2766
89002,0,10721,11064,11075,11075
89005,28,5355,5620,5631,5631
89011,8,7545,7934,7934,7934
89012,55,10494,11069,11069,11069
89014,0,9208,9415,9434,9434
89015,51,12246,12704,12717,12717
89030,0,6805,7016,7037,7037
89032,0,7752,7935,7943,7943
89044,0,2,2,2,2
89052,87,11543,12359,12359,12359
89074,0,14787,15518,15549,15549
89101,85,6730,7084,7084,7084
89102,22,6939,7190,7190,7190
89103,0,9392,9613,9623,9623
89104,0,10007,10391,10401,10401
89106,0,6463,6796,6810,6810
89107,0,9178,9481,9481,9481
89108,0,16235,16653,16686,16686
89109,11,1160,1244,1246,1246
89110,0,16384,16910,16961,16961
89113,32,7643,8004,8012,8012
89115,0,3422,3528,3532,3532
89117,0,15317,16139,16155,16155
89118,0,5423,5631,5637,5637
89119,0,8003,8242,8250,8250
89120,0,6746,6926,6933,6933
89121,0,14272,14698,14728,14728
89122,0,13523,13971,13971,13971
89123,0,16008,16571,16588,16588
89128,0,9782,10095,10095,10095
89129,28,13517,14152,14152,14152
89130,0,1085,1116,1117,1117
89134,0,11058,11616,11628,11628
89135,45,10219,11121,11121,11121
89138,0,2179,2433,2433,2433
89139,13,12465,12890,12903,12903
89141,0,8286,8750,8768,8768
89142,0,8071,8278,8287,8287
89144,19,5868,6309,6309,6309
89145,0,7153,7428,7435,7435
89146,40,4806,4976,4986,4986
89147,0,14050,14605,14605,14605
89148,0,8606,8966,8984,8984
89156,99,6346,6569,6569,6569
89158,0,21,23,23,23
89166,0,11,11,11,11
89169,0,2730,2841,2841,2841
89178,4,4093,4317,4317,4317
89183,0,8784,9075,9084,9084
89403,0,48,55,55,55
89410,0,47,51,51,51
89423,17,3912,4299,4299,4299
89431,0,7965,9476,9486,9486
89433,0,5320,6239,6246,6246
89434,0,6061,7231,7238,7238
89436,26,10771,13167,13167,13167
89439,0,113,120,120,120
89441,8,3186,4033,4033,4033
89501,0,511,617,621,621
89502,0,8712,10059,10069,10069
89503,0,6460,7666,7689,7689
89506,24,9809,11835,11835,11835
89508,0,607,733,734,734
89509,0,8316,10074,10094,10094
89510,0,40,48,48,48
89511,0,6881,8557,8557,8557
89512,0,4529,5337,5358,5358
89519,0,2801,3632,3632,3632
89521,19,7632,9460,9478,9478
89523,0,8717,10654,10654,10654
89701,17,7328,8263,8288,8288
89703,0,2623,3098,3101,3101
89705,0,1787,1959,1959,1959
89706,0,5636,6327,6334,6334
10001,0,0,1,9,37
10002,0,0,11,27,66
10003,0,0,1,33,130
10004,0,0,0,3,8
10005,0,0,0,1,4
10006,0,0,0,1,5
10007,0,0,1,3,16
10009,0,11,28,52,99
10010,0,3,4,16,45
10011,0,0,4,56,140
10012,0,2,9,40,78
10013,0,0,6,39,110
10014,0,0,0,29,103
10016,0,0,4,16,61
10017,0,0,1,2,10
10018,0,0,0,10,33
10019,0,0,4,20,60
10021,0,0,0,16,49
10022,0,0,0,16,45
10023,0,0,4,28,66
10024,0,0,4,17,92
10025,0,0,10,33,115
10026,0,0,8,23,50
10027,0,0,12,49,106
10028,0,0,4,8,76
10029,0,4,31,59,84
10030,0,0,7,18,36
10031,0,0,0,20,50
10032,0,2,10,19,28
10033,0,0,14,26,47
10034,0,0,4,14,26
10035,0,0,17,35,71
10036,0,4,9,17,40
10037,0,0,4,10,17
10038,0,0,2,9,20
10039,0,1,7,12,17
10040,0,0,5,8,18
10044,0,0,0,1,4
10065,0,1,6,18,57
10069,0,0,0,1,1
10075,2,4,5,12,34
10128,0,2,8,29,70
10280,0,0,0,1,3
10282,0,0,0,0,3
10301,0,20,59,210,356
10302,0,0,33,103,193
10303,0,0,0,69,217
10304,0,19,103,334,539
10305,0,0,15,116,371
10306,0,0,0,247,564
10307,0,0,12,118,227
10308,0,0,39,229,442
10309,0,13,33,270,598
10310,0,5,50,136,299
10312,0,26,66,145,674
10314,0,68,153,374,884
10451,0,2,24,45,66
10452,0,0,18,44,59
10453,0,11,45,85,128
10454,0,0,23,64,105
10455,0,0,25,48,72
10456,0,15,57,115,157
10457,0,0,52,88,133
10458,0,26,54,98,128
10459,0,2,30,66,109
10460,0,0,59,108,148
10461,0,4,52,121,213
10462,0,4,29,95,180
10463,0,13,24,58,89
10464,0,0,0,0,1
10465,0,1,13,22,41
10466,0,0,74,209,363
10467,0,0,49,127,191
10468,0,7,32,52,75
10469,0,0,127,338,533
10470,0,0,12,43,100
10471,0,0,0,33,81
10472,0,0,70,129,233
10473,0,0,24,84,153
10474,0,11,29,55,71
10475,0,0,5,9,14
10501,0,0,0,11,41
10502,0,2,8,74,186
10504,0,0,2,75,304
10505,0,0,0,0,0
10506,0,3,6,57,118
10507,0,5,9,40,97
10510,2,5,11,88,312
10511,0,3,5,26,43
10514,0,0,0,124,352
10516,0,0,0,2,7
10517,0,0,0,0,1
10520,0,0,0,99,251
10522,0,2,8,28,141
10523,5,14,17,39,119
10524,0,0,0,1,2
10526,0,0,0,0,0
10527,0,0,0,0,0
10528,0,0,4,11,40
10530,0,2,9,59,145
10532,0,0,4,20,110
10533,0,0,0,42,181
10536,0,2,4,103,310
10537,0,0,0,2,2
10538,0,1,3,12,32
10541,0,0,0,0,0
10543,0,0,1,8,17
10546,0,0,0,9,30
10547,0,3,10,60,104
10548,0,0,1,15,59
10549,0,8,33,149,275
10550,0,35,86,125,212
10552,0,0,20,50,134
10553,0,3,12,23,78
10560,0,0,0,0,0
10562,5,21,26,202,346
10566,0,22,66,106,216
10567,0,0,0,5,9
10570,0,0,2,89,254
10573,0,0,32,228,526
10576,0,0,0,4,13
10577,0,0,0,68,149
10578,0,0,0,0,0
10579,0,0,0,0,0
10580,0,1,2,42,112
10583,0,0,0,491,1174
10588,0,0,0,19,45
10589,0,0,0,0,0
10591,0,3,16,72,222
10594,0,0,1,55,128
10595,0,3,37,102,193
10596,0,1,4,10,15
10598,0,0,0,175,608
10601,0,0,2,14,28
10603,0,0,13,56,159
10604,0,0,0,22,152
10605,3,24,38,136,350
10606,0,7,22,72,148
10607,0,0,2,40,142
10701,11,71,137,275,374
10703,0,0,34,97,146
10704,0,5,67,190,324
10705,0,0,0,62,206
10706,0,0,0,52,141
10707,0,4,12,47,151
10708,0,5,19,67,204
10709,2,4,6,84,192
10710,0,0,18,108,287
10801,0,6,26,87,186
10803,0,0,4,123,302
10804,0,3,6,161,452
10901,0,0,0,17,94
10913,0,0,0,0,16
10920,0,0,0,0,7
10923,0,2,9,11,37
10927,0,5,23,34,43
10931,0,0,0,0,1
10952,0,0,0,21,76
10954,0,0,9,33,74
10956,0,0,0,7,188
10960,0,0,0,0,36
10962,0,0,0,3,12
10964,0,0,1,3,9
10965,0,0,0,0,53
10968,0,1,1,2,5
10970,0,5,18,21,25
10974,0,0,0,0,0
10976,0,0,0,6,13
10977,0,0,7,41,95
10980,0,0,0,7,90
10983,0,0,0,0,10
10984,0,0,0,0,9
10986,0,0,0,4,10
10989,0,0,4,12,43
10993,0,0,0,0,19
10994,0,4,9,15,55
11001,0,12,24,212,442
11003,0,0,72,332,663
11004,0,13,13,75,144
11005,0,0,0,1,1
11010,0,0,0,7,13
11020,0,0,0,1,4
11021,0,0,0,0,22
11023,0,0,0,4,4
11024,0,0,0,0,0
11030,0,0,11,19,41
11040,0,0,22,453,1061
11050,0,0,8,15,21
11096,0,0,13,52,84
11101,0,0,32,108,300
11102,0,0,11,24,106
11103,0,6,48,120,188
11104,0,4,12,32,49
11105,0,0,15,107,198
11106,0,5,17,70,147
11109,0,0,0,0,0
11201,0,10,24,120,335
11203,0,0,74,111,379
11204,0,0,0,63,288
11205,0,0,23,82,159
11206,0,0,50,147,244
11207,0,105,250,427,588
11208,0,27,142,418,578
11209,22,58,72,196,435
11210,0,21,84,223,369
11211,0,0,56,192,399
11212,0,0,126,258,363
11213,0,12,77,139,216
11214,0,18,80,222,436
11215,0,12,48,376,836
11216,0,32,68,193,297
11217,0,0,23,189,398
11218,0,0,0,78,343
11219,0,41,91,174,348
11220,0,0,31,165,299
11221,0,13,87,281,441
11222,0,0,0,133,385
11223,0,101,194,433,636
11224,0,18,49,95,157
11225,0,0,25,90,127
11226,0,14,55,78,193
11228,0,0,83,146,430
11229,31,125,199,334,596
11230,0,0,47,188,417
11231,10,31,62,158,418
11232,0,10,20,95,169
11233,0,35,106,187,343
11234,0,0,85,440,1101
11235,0,0,78,149,376
11236,0,131,214,512,833
11237,0,0,31,95,177
11238,0,6,31,112,313
11239,0,1,3,4,6
11249,0,0,8,62,115
11354,0,0,65,171,249
11355,0,26,82,160,289
11356,0,0,23,53,132
11357,0,0,0,117,470
11358,0,0,0,38,214
11360,0,0,20,86,148
11361,0,0,14,121,280
11362,0,0,9,90,165
11363,0,0,10,48,98
11364,0,5,51,189,343
11365,0,5,63,163,353
11366,0,0,31,126,173
11367,0,3,62,151,220
11368,0,0,18,91,176
11369,0,0,23,93,143
11370,0,0,20,73,126
11372,0,10,16,42,92
11373,0,6,28,61,166
11374,0,7,29,75,132
11375,0,0,27,171,301
11377,6,52,63,138,207
11378,0,0,18,126,271
11379,0,0,31,147,344
11385,0,23,81,196,438
11411,0,0,38,147,311
11412,0,0,0,139,351
11413,0,23,46,213,373
11414,0,0,52,213,401
11415,0,0,1,26,47
11416,0,0,14,78,150
11417,0,0,0,92,237
11418,0,14,40,126,220
11419,0,0,40,143,291
11420,0,0,22,187,345
11421,0,0,9,97,211
11422,0,0,0,126,227
11423,0,12,45,148,259
11426,0,0,0,68,178
11427,0,10,53,156,236
11428,0,0,15,67,196
11429,0,4,31,105,241
11432,0,0,19,115,220
11433,0,0,67,92,217
11434,0,0,122,324,462
11435,0,0,18,128,184
11436,0,0,18,74,157
11501,0,0,0,0,46
11507,0,0,0,0,0
11509,0,0,0,0,4
11510,0,0,0,0,191
11514,0,3,3,4,4
11516,0,0,2,56,127
11518,0,0,0,0,34
11520,8,41,49,49,73
11530,0,0,0,0,7
11542,0,0,0,26,178
11545,0,0,0,0,44
11548,0,0,2,7,15
11550,0,0,0,30,144
11552,0,0,0,11,22
11553,0,0,37,65,89
11554,0,0,0,10,48
11557,0,4,4,7,18
11558,0,0,5,22,32
11559,0,8,17,128,238
11560,0,0,0,11,16
11561,0,0,0,25,50
11563,0,0,0,0,88
11565,0,0,0,25,45
11566,0,0,9,28,57
11568,0,1,5,6,8
11569,0,0,0,0,5
11570,0,0,0,28,51
11572,0,0,0,0,83
11575,0,0,0,0,0
11576,0,0,0,18,36
11577,0,0,0,0,37
11579,0,0,3,5,17
11580,35,44,71,319,718
11581,0,0,27,284,497
11590,0,0,0,0,112
11596,0,0,0,0,29
11598,0,0,0,0,3
11691,0,0,66,153,316
11692,0,6,37,83,143
11693,0,0,13,47,92
11694,0,7,29,150,261
11701,0,0,0,0,0
11702,0,0,4,8,16
11703,0,0,5,14,45
11704,0,0,0,0,40
11705,0,0,0,11,22
11706,0,0,0,170,495
11710,0,0,0,41,51
11713,0,0,3,41,69
11714,0,0,0,0,34
11715,2,4,4,4,5
11716,0,0,0,0,26
11717,0,0,11,21,32
11718,0,0,0,0,14
11719,0,0,0,7,20
11720,0,0,24,40,48
11721,0,0,0,7,12
11722,0,0,0,36,71
11724,0,0,0,0,4
11725,0,0,0,0,17
11726,0,8,24,28,48
11727,0,0,0,31,82
11729,0,0,0,0,34
11730,0,0,4,8,8
11731,0,0,0,0,0
11732,0,0,0,4,34
11733,0,0,0,0,3
11735,0,0,28,56,120
11738,0,8,8,16,16
11739,0,0,0,0,0
11740,0,0,0,0,24
11741,0,0,0,0,34
11742,0,0,0,0,0
11743,0,0,0,0,74
11746,0,0,17,17,216
11747,0,0,10,25,30
11749,0,0,0,1,2
11751,0,0,0,30,56
11752,0,0,9,16,54
11753,0,0,0,0,7
11754,0,0,0,0,23
11755,0,0,0,3,30
11756,0,0,0,0,93
11757,0,0,0,0,23
11758,0,0,0,79,142
11762,0,0,0,0,72
11763,0,0,6,12,47
11764,0,0,0,4,6
11765,0,0,0,0,1
11766,0,0,0,0,7
11767,0,0,14,31,44
11768,0,0,0,0,0
11769,0,0,0,6,38
11771,0,0,0,19,29
11772,0,0,49,146,340
11776,0,0,12,31,43
11777,0,0,0,0,0
11779,0,0,16,57,122
11780,0,0,0,5,31
11782,0,25,35,45,70
11783,0,0,0,0,6
11784,0,0,0,0,52
11787,0,0,46,101,128
11788,0,0,4,13,60
11790,0,0,0,0,4
11791,0,0,0,0,40
11793,0,0,0,0,37
11795,0,0,0,0,22
11796,0,0,0,5,27
11797,0,0,0,7,21
11798,0,0,0,0,43
11801,0,0,0,0,94
11803,0,0,9,44,124
11804,0,0,0,3,15
11901,0,0,0,21,111
11930,0,0,0,0,0
11932,0,0,0,0,4
11933,0,0,0,0,8
11934,0,0,0,3,15
11935,0,0,0,9,15
11937,0,0,0,0,21
11939,0,0,0,0,1
11940,0,0,0,0,0
11941,0,0,0,2,6
11942,0,0,0,0,0
11944,0,0,0,10,40
11946,0,0,15,41,93
11948,0,0,0,1,4
11949,0,0,0,1,6
11950,0,0,0,0,55
11951,0,0,0,0,35
11952,0,0,0,0,0
11953,0,0,0,0,1
11954,0,0,0,0,0
11955,0,0,0,11,17
11957,0,0,0,0,6
11958,0,0,0,0,0
11960,0,0,0,0,4
11962,0,0,0,6,25
11963,0,0,0,0,11
11964,0,0,0,0,2
11965,0,0,0,18,46
11967,0,0,0,43,122
11968,0,0,0,8,72
11971,0,0,0,10,16
11976,0,7,14,24,59
11977,0,0,0,3,15
11978,0,0,0,0,26
11980,0,0,0,2,9
12008,0,0,0,0,0
12009,0,0,0,0,0
12018,0,0,0,0,0
12019,0,0,0,0,0
12033,0,0,0,0,0
12047,0,0,0,0,0
12054,0,0,0,0,0
12056,0,0,0,0,0
12061,0,0,0,0,0
12063,0,0,0,0,0
12065,0,0,0,0,0
12067,0,0,0,1,1
12077,0,0,0,0,0
12084,0,0,0,0,0
12085,0,0,0,0,0
12110,0,0,0,0,0
12118,0,0,0,0,0
12121,0,0,0,0,0
12123,0,0,0,0,0
12140,0,0,0,0,1
12144,0,0,0,0,0
12148,0,0,0,0,0
12150,0,0,0,0,0
12154,0,0,0,0,0
12158,0,0,0,0,0
12159,0,0,0,0,0
12180,0,0,0,0,0
12182,0,0,0,0,0
12183,0,1,1,2,2
12186,0,0,3,12,20
12188,0,0,0,0,0
12189,0,0,0,0,5
12196,0,0,0,0,0
12198,0,0,0,0,0
12202,0,0,0,0,15
12203,0,0,0,0,0
12204,0,0,0,0,0
12205,0,0,0,9,36
12206,0,0,0,0,48
12207,0,0,0,0,0
12208,0,0,0,0,52
12209,0,0,0,0,0
12210,0,0,0,0,0
12211,0,0,0,0,0
12222,0,0,0,0,0
12302,0,0,0,0,6
12303,0,0,0,0,0
12304,0,0,0,0,11
12305,0,0,0,0,0
12306,0,0,0,0,25
12307,0,0,0,0,0
12308,0,0,0,0,17
12309,0,0,24,47,63
12401,0,0,0,0,19
12411,0,0,0,0,0
12417,0,0,0,0,0
12419,0,0,0,0,0
12432,0,0,0,0,0
12440,0,0,0,1,3
12443,0,0,0,3,3
12449,0,0,0,0,3
12456,0,0,0,0,0
12466,0,0,0,0,1
12471,0,0,0,3,9
12472,0,0,0,1,3
12475,0,0,0,0,0
12477,0,0,0,4,7
12484,0,0,0,0,0
12486,0,0,0,5,8
12487,0,0,0,4,12
12498,0,0,0,0,0
12508,0,0,27,50,89
12512,0,0,0,0,0
12518,0,0,2,2,5
12520,0,1,2,3,3
12524,0,0,0,0,25
12525,0,0,0,0,1
12528,0,0,0,33,53
12533,0,0,0,1,1
12538,0,0,0,0,31
12542,0,0,0,0,0
12547,0,0,1,4,10
12548,0,0,0,0,0
12549,0,0,0,0,0
12550,0,0,0,36,130
12553,0,0,6,19,31
12561,0,0,0,0,0
12569,0,0,0,0,5
12572,0,0,0,0,1
12575,0,0,0,0,0
12577,0,0,0,0,0
12578,0,0,0,0,0
12580,0,0,0,0,2
12586,0,0,0,0,4
12589,0,0,0,1,8
12590,0,0,0,48,56
12601,0,0,23,85,161
12603,0,0,0,0,10
12801,0,0,0,0,0
12803,0,0,0,0,0
12804,0,0,0,5,27
12827,0,0,0,0,0
12828,0,0,0,0,0
12831,0,0,0,0,0
12839,0,0,0,0,0
12845,0,0,0,0,0
12901,0,0,0,0,0
12903,0,0,0,0,0
12918,0,0,0,0,0
12962,0,0,0,0,0
13021,0,0,0,0,0
13027,0,0,0,0,0
13029,0,0,0,0,2
13030,0,0,0,0,0
13031,0,0,0,0,0
13039,0,0,0,0,0
13041,0,0,0,0,12
13057,0,0,0,0,0
13060,0,0,0,0,0
13066,0,0,0,0,0
13068,0,0,0,0,0
13073,0,0,0,0,0
13078,0,0,0,0,0
13082,0,0,0,0,0
13084,0,0,0,0,0
13088,0,0,0,0,0
13090,0,0,0,0,0
13104,0,0,0,0,7
13108,0,0,0,0,0
13112,0,0,0,0,0
13116,0,0,0,0,8
13120,0,0,0,0,0
13132,0,0,0,0,0
13135,0,0,0,0,1
13152,0,0,0,0,0
13164,0,0,0,0,0
13202,0,0,0,0,0
13203,0,0,0,0,0
13204,0,0,0,0,0
13205,0,0,0,0,0
13206,0,0,0,0,37
13207,0,0,0,0,0
13208,0,0,0,0,0
13209,0,0,0,0,0
13210,0,0,0,0,0
13211,0,0,0,0,0
13212,0,0,0,0,45
13214,0,0,2,7,16
13215,0,0,0,0,0
13219,0,0,0,15,36
13224,0,0,0,0,0
13319,0,0,0,0,0
13323,0,0,0,0,0
13340,0,0,0,0,0
13354,0,0,0,0,0
13403,0,0,0,0,3
13413,0,0,0,0,0
13417,0,0,0,0,3
13424,0,0,0,0,4
13456,0,0,0,0,0
13492,0,0,0,0,21
13495,0,0,0,0,0
13501,0,0,0,0,0
13502,0,0,0,0,0
13601,0,0,0,0,0
13603,0,0,0,0,3
13612,0,0,0,0,0
13616,0,0,0,0,0
13634,0,0,0,0,0
13637,0,0,0,0,0
13748,0,0,0,0,0
13760,0,0,0,0,0
13790,0,0,0,0,48
13795,0,0,0,0,0
13827,0,0,0,0,0
13850,0,0,0,0,0
13901,0,0,0,0,0
13903,0,0,0,0,0
13904,0,0,0,0,0
13905,0,0,0,0,0
14004,0,0,0,0,0
14026,0,0,0,0,0
14031,0,0,0,0,0
14032,0,0,0,0,0
14043,0,0,0,0,0
14051,0,0,0,0,0
14052,0,0,0,0,0
14059,0,0,0,0,0
14068,0,0,0,0,0
14072,0,0,0,0,0
14075,0,0,0,0,0
14086,0,0,0,0,0
14092,0,0,0,0,21
14094,0,0,0,0,0
14120,0,0,0,0,146
14127,0,0,0,0,0
14131,0,0,0,0,0
14132,0,0,0,0,0
14150,0,0,0,0,149
14174,0,0,0,0,0
14201,0,0,0,0,9
14202,0,0,0,0,3
14203,0,0,0,0,0
14204,0,0,0,0,0
14206,0,0,0,0,0
14207,0,0,0,0,0
14208,0,0,0,0,0
14209,0,0,0,0,16
14210,0,0,0,0,0
14211,0,0,0,0,62
14212,0,0,0,0,0
14213,0,0,0,0,0
14214,0,0,0,0,0
14215,0,0,0,0,0
14216,0,0,0,0,7
14217,0,0,0,0,0
14218,0,0,0,0,0
14219,0,0,0,0,0
14220,0,0,0,0,31
14221,0,0,0,0,0
14222,0,0,0,0,0
14223,0,0,0,0,0
14224,0,0,0,0,0
14225,0,0,0,0,0
14226,0,0,0,0,67
14227,0,0,0,0,0
14228,0,0,0,0,0
14301,0,0,0,0,0
14303,0,0,0,0,0
14304,0,0,0,22,98
14305,0,0,0,0,0
14428,0,0,0,0,0
14445,0,0,0,0,6
14450,0,0,0,0,0
14467,0,0,0,0,0
14468,0,0,0,0,17
14472,0,0,0,0,0
14506,0,0,0,0,0
14514,0,0,0,0,16
14526,0,0,0,0,0
14534,0,0,0,0,0
14543,0,0,0,0,0
14546,0,0,0,0,0
14559,0,0,0,0,5
14564,0,0,0,0,0
14580,0,0,0,0,0
14586,0,0,0,0,2
14604,0,0,0,0,0
14605,0,0,0,0,0
14606,0,0,0,0,0
14607,0,0,0,0,0
14608,0,0,0,0,2
14609,0,0,0,0,0
14610,0,0,0,0,6
14611,0,0,0,0,0
14612,0,0,0,0,11
14613,0,0,0,0,0
14614,0,0,0,0,0
14615,0,0,0,0,0
14616,0,0,0,0,8
14617,0,0,0,0,0
14618,0,0,0,0,0
14619,0,0,0,0,0
14620,0,0,0,0,0
14621,0,0,0,0,0
14622,0,0,0,0,0
14623,0,0,0,0,0
14624,0,0,0,0,0
14625,0,0,0,0,0
14626,0,0,0,0,0
14850,0,0,0,0,0
14882,0,0,0,0,0
14883,0,0,0,0,0
43004,0,0,0,0,0
43015,0,0,0,0,0
43016,0,0,0,0,0
43017,0,0,0,0,0
43021,0,0,0,0,0
43026,0,0,0,0,0
43031,0,0,0,0,0
43035,4,4,13,17,21
43054,14,14,14,14,14
43062,0,0,0,0,0
43064,0,1,1,1,1
43065,0,0,0,0,0
43068,0,0,0,28,42
43081,0,0,0,0,0
43082,33,33,33,33,33
43085,0,0,20,27,34
43109,0,0,0,0,0
43110,0,0,0,0,0
43119,0,0,7,7,7
43123,0,10,10,29,29
43125,0,0,0,0,1
43147,5,5,5,5,16
43201,0,0,0,0,40
43202,0,0,0,9,22
43203,0,2,8,17,19
43204,14,42,42,42,70
43205,0,0,0,0,0
43206,0,0,0,0,0
43207,12,12,25,50,62
43209,0,7,28,36,43
43211,0,0,0,0,0
43212,0,0,0,0,0
43213,0,16,16,23,55
43214,0,0,8,8,15
43215,0,0,0,0,0
43219,0,0,0,0,0
43220,0,0,0,0,0
43221,0,0,0,0,0
43222,0,0,0,3,9
43223,0,0,0,52,60
43224,0,0,33,55,100
43227,0,0,0,0,21
43228,0,0,0,0,0
43229,0,11,11,23,34
43230,0,0,0,0,0
43231,5,10,10,10,10
43232,0,0,0,0,0
43235,53,63,85,95,106
43240,0,0,0,0,0
43402,0,1,1,2,2
43412,0,0,0,0,0
43430,0,0,0,0,0
43434,0,0,0,0,0
43443,0,0,0,0,0
43447,0,0,0,0,0
43460,0,2,4,4,4
43463,0,0,0,0,0
43465,2,4,10,12,12
43469,0,0,0,0,0
43504,0,0,0,0,0
43528,11,26,26,48,58
43537,0,0,0,0,0
43542,0,0,0,0,0
43551,0,0,0,0,0
43558,0,0,0,0,0
43560,0,0,0,0,18
43566,0,0,0,0,0
43571,0,0,0,0,0
43604,0,0,0,11,28
43605,0,0,0,0,36
43606,11,29,34,40,57
43607,0,0,0,0,0
43608,0,0,0,0,0
43609,0,0,0,0,35
43610,0,0,0,0,0
43611,61,76,76,99,114
43612,0,0,0,10,31
43613,0,0,0,0,0
43614,0,0,0,0,8
43615,0,0,0,0,0
43616,0,0,0,0,0
43617,0,0,0,0,2
43619,0,0,0,0,0
43620,0,0,0,0,0
43623,0,0,0,0,0
43701,116,116,162,173,231
43830,4,4,5,5,5
43913,0,0,0,0,0
43926,0,0,0,0,0
43938,1,1,3,5,7
43943,0,0,0,0,0
43952,55,60,76,98,115
43953,1,2,3,4,6
43961,3,4,5,7,8
43964,2,5,7,9,14
44001,0,0,0,0,0
44011,0,0,0,0,6
44012,0,0,0,0,0
44017,0,0,0,0,0
44022,0,0,2,3,5
44024,0,0,0,0,5
44026,0,0,0,0,0
44028,0,0,0,0,0
44035,0,0,0,0,0
44039,0,0,0,0,0
44040,0,0,0,0,0
44044,0,0,0,0,0
44045,0,0,0,0,0
44050,0,0,0,0,0
44052,0,0,0,0,0
44053,0,0,0,0,0
44054,0,0,0,0,0
44055,0,0,0,0,0
44056,0,0,0,0,0
44060,0,0,0,0,0
44067,0,0,0,0,0
44070,0,0,0,29,59
44074,0,0,0,0,0
44077,0,0,0,0,25
44087,0,0,0,0,0
44092,0,0,0,0,0
44094,0,0,0,0,0
44095,0,0,0,0,0
44102,0,0,0,0,0
44103,0,6,22,61,78
44104,0,0,0,0,5
44105,0,0,0,0,0
44106,0,0,0,0,0
44107,0,0,0,0,0
44108,0,0,0,0,0
44109,0,0,0,0,0
44110,0,0,0,6,23
44111,0,0,0,0,0
44112,0,0,0,0,0
44113,0,16,20,28,33
44114,0,0,0,1,8
44115,0,0,0,9,16
44116,0,0,0,0,0
44117,0,0,0,0,15
44118,0,0,0,0,0
44119,0,0,0,0,0
44120,0,0,0,0,0
44121,0,0,0,0,0
44122,0,0,0,0,0
44123,0,0,0,0,14
44124,0,0,0,0,0
44125,0,0,0,21,32
44126,0,0,0,0,0
44127,0,0,4,10,21
44128,0,0,0,0,0
44129,0,0,0,0,0
44130,0,0,0,0,0
44131,0,8,17,17,17
44132,0,0,0,0,0
44133,0,0,0,0,0
44134,0,14,14,29,57
44135,0,0,0,0,53
44136,0,0,0,0,0
44137,17,17,17,34,52
44138,7,14,28,28,28
44139,0,20,20,20,20
44140,0,0,0,0,0
44141,0,0,0,0,0
44142,0,0,0,0,0
44143,0,0,0,0,0
44144,0,8,8,24,32
44145,0,0,0,0,0
44146,0,0,0,0,0
44147,0,0,0,0,0
44149,0,0,0,0,0
44201,0,0,0,0,0
44202,0,0,0,0,0
44203,0,0,14,35,42
44216,0,0,0,0,0
44221,0,0,0,0,0
44223,0,0,0,0,0
44224,0,0,0,0,0
44236,0,0,0,0,0
44240,0,0,0,0,10
44241,0,0,0,0,0
44260,0,0,0,0,0
44262,0,0,0,0,0
44264,0,0,0,0,0
44266,0,0,0,0,0
44278,0,0,0,0,0
44286,0,0,0,0,0
44301,0,0,0,0,0
44302,0,0,0,0,0
44303,6,8,11,13,16
44304,0,0,0,0,0
44305,0,0,0,0,0
44306,0,0,0,0,0
44307,0,0,0,0,0
44308,0,0,0,0,0
44310,0,14,35,42,48
44311,0,0,0,0,6
44312,0,0,0,0,0
44313,0,0,0,0,0
44314,0,0,13,26,26
44319,0,0,0,0,0
44320,0,0,0,0,0
44321,0,0,0,1,1
44333,0,0,0,0,0
44401,0,0,0,0,0
44402,0,0,0,0,0
44403,0,0,0,1,1
44405,0,0,0,0,0
44406,0,0,0,0,0
44410,0,0,0,0,0
44412,0,0,0,0,0
44418,0,0,0,0,0
44420,0,0,0,0,0
44425,0,0,0,0,0
44429,0,0,0,0,0
44430,0,0,0,0,0
44436,0,0,0,0,0
44437,0,0,0,0,0
44438,0,0,0,0,0
44440,0,0,0,0,0
44442,0,0,0,0,0
44444,0,2,2,6,6
44446,0,0,0,0,0
44451,0,0,0,0,0
44452,0,1,1,1,2
44470,0,0,0,0,0
44471,0,0,0,0,0
44473,0,0,0,0,0
44481,0,0,0,0,0
44483,0,0,0,0,0
44484,0,0,0,0,0
44485,0,0,0,0,0
44491,0,0,0,0,0
44502,0,0,0,0,0
44503,0,0,0,0,0
44504,0,0,0,4,7
44505,0,0,0,0,0
44506,0,0,0,0,0
44507,0,0,0,0,0
44509,0,0,0,0,0
44510,0,0,0,0,0
44511,0,0,0,0,0
44512,0,0,0,8,23
44514,0,0,0,0,0
44515,0,0,0,0,0
44601,0,0,0,0,0
44613,0,0,0,0,0
44614,0,0,0,0,0
44622,0,0,4,8,21
44626,0,0,0,0,0
44632,0,0,0,0,7
44641,0,0,0,0,0
44644,0,0,0,0,0
44646,0,0,0,0,0
44647,0,0,0,8,8
44662,0,0,0,0,0
44663,11,23,23,28,40
44666,0,0,0,0,0
44685,0,0,0,0,0
44688,0,0,0,1,1
44702,10,12,14,16,17
44703,0,0,0,0,3
44704,0,0,2,14,19
44705,0,0,0,7,27
44706,0,0,0,0,0
44707,11,19,30,42,49
44708,0,0,0,0,0
44709,52,57,63,63,80
44710,0,0,0,0,0
44714,3,12,22,28,34
44718,0,0,0,0,0
44720,0,0,0,0,0
44721,0,0,0,0,0
44730,20,20,20,29,32
44824,0,0,0,0,0
44839,0,0,0,0,0
44843,0,0,0,0,0
44846,0,0,0,0,0
44847,0,0,0,0,0
44870,0,0,0,0,0
44902,0,0,0,0,0
44903,0,0,0,0,3
44904,0,0,0,0,0
44905,0,0,0,0,0
44906,0,0,0,0,8
44907,0,0,0,15,15
45001,0,0,0,0,0
45002,0,0,0,0,0
45005,0,0,0,0,0
45011,0,0,0,0,0
45013,0,0,0,0,0
45014,0,0,0,0,0
45015,0,0,0,13,30
45030,0,0,0,0,1
45034,0,0,0,0,0
45036,0,0,0,0,0
45039,0,0,0,0,8
45040,0,0,0,0,0
45042,0,0,0,0,0
45044,0,0,0,0,0
45050,0,0,4,4,4
45065,2,2,2,2,3
45066,0,0,0,0,0
45067,0,0,0,0,0
45068,0,0,0,0,0
45069,0,0,0,0,0
45102,0,0,0,0,0
45103,0,0,0,0,0
45106,0,0,0,0,0
45111,0,0,0,0,0
45122,0,0,0,0,0
45140,0,0,0,0,15
45150,0,0,0,0,0
45152,0,0,0,0,0
45153,0,0,0,0,0
45157,0,0,0,0,0
45162,0,0,0,0,0
45174,0,0,0,0,0
45202,0,0,0,0,0
45203,0,0,0,0,0
45204,0,0,0,0,2
45205,0,0,0,0,0
45206,0,0,0,0,0
45207,0,0,0,0,0
45208,0,0,0,0,0
45209,0,0,0,0,0
45211,0,0,0,0,0
45212,0,0,0,0,0
45213,0,0,0,0,0
45214,0,0,0,0,0
45215,0,0,0,0,0
45216,0,0,6,9,9
45217,0,0,0,0,0
45218,0,0,0,0,0
45219,0,0,0,0,0
45220,0,0,0,0,0
45223,0,0,0,7,14
45224,0,0,0,0,0
45225,0,0,0,0,0
45226,0,0,0,0,0
45227,0,0,0,0,10
45229,0,0,0,0,0
45230,0,0,0,0,0
45231,0,0,0,0,0
45232,0,0,0,0,0
45233,0,0,0,0,5
45236,0,0,0,0,0
45237,0,0,0,0,16
45238,0,0,0,0,13
45239,0,0,0,0,0
45240,0,0,0,0,0
45241,0,0,0,0,0
45242,0,0,0,0,0
45243,0,0,0,0,0
45244,0,0,0,0,0
45245,0,0,0,0,0
45246,0,0,0,5,24
45247,0,0,0,0,0
45248,0,0,0,0,0
45249,0,0,0,0,0
45251,0,0,0,0,0
45252,0,0,0,0,0
45255,0,0,0,0,0
45301,0,0,0,0,0
45305,0,0,0,0,0
45309,0,0,0,0,0
45312,0,0,0,0,0
45315,0,0,1,1,1
45318,0,0,0,0,0
45319,0,0,0,0,0
45322,0,0,0,0,0
45323,0,0,0,0,0
45324,0,0,0,0,0
45325,0,0,0,0,0
45326,0,0,0,0,0
45327,1,1,1,1,2
45339,0,0,0,0,0
45341,0,0,0,0,0
45342,0,0,0,0,0
45344,0,0,0,0,0
45345,0,0,0,0,0
45359,0,0,0,0,0
45368,0,0,0,1,1
45369,0,0,0,0,0
45370,0,0,0,0,0
45371,0,0,0,0,0
45373,0,0,0,0,0
45377,0,0,0,0,0
45383,0,0,0,0,0
45384,0,0,0,0,0
45385,0,0,0,0,0
45387,0,0,0,0,0
45402,0,0,0,0,0
45403,0,0,0,0,0
45404,0,0,0,0,0
45405,0,6,35,41,58
45406,0,0,0,27,41
45409,0,0,0,3,8
45410,0,0,5,10,10
45414,0,0,0,0,0
45415,0,0,0,0,0
45416,0,0,2,6,10
45417,0,0,0,0,0
45419,0,0,0,0,9
45420,0,0,0,0,0
45424,0,0,0,0,0
45426,19,34,39,49,68
45429,0,0,18,18,18
45430,0,0,0,5,8
45431,0,0,0,0,0
45432,0,0,0,0,0
45433,0,0,0,0,0
45434,0,0,0,13,13
45439,0,0,0,0,0
45440,0,0,6,6,12
45449,0,0,0,12,29
45458,0,0,0,0,0
45459,0,0,0,0,0
45502,0,0,0,0,0
45503,0,0,0,0,9
45504,0,0,0,0,0
45505,0,0,0,0,0
45506,0,0,0,0,0
45619,0,0,1,2,2
45623,0,0,0,0,0
45638,10,25,30,45,55
45659,0,0,0,0,0
45662,0,0,20,39,49
45663,6,7,8,10,10
45669,0,0,3,3,8
45678,0,0,0,0,0
45680,0,0,3,8,15
45694,0,0,0,0,0
45696,0,1,1,1,1
45714,0,0,0,0,2
45750,0,0,0,0,0
45801,50,62,75,81,87
45804,52,68,94,105,105
45805,23,38,53,53,53
45806,2,2,2,2,3
45807,2,6,6,6,9
45895,0,0,0,0,0
73003,17,124,231,331,413
73007,0,0,1,1,1
73008,115,138,177,200,254
73012,197,566,837,1095,1304
73013,551,988,1293,1540,1825
73020,17,64,108,128,152
73025,45,159,254,352,420
73026,0,2,2,3,3
73034,240,542,896,1173,1489
73049,6,10,15,17,22
73064,220,346,405,473,515
73065,0,1,4,8,13
73068,12,16,22,26,29
73069,255,393,530,637,753
73071,307,511,652,766,907
73072,370,604,776,924,1158
73078,1,1,2,3,3
73084,63,74,88,102,109
73093,0,0,0,0,0
73099,25,149,473,722,822
73102,18,25,33,38,42
73103,45,74,98,118,156
73104,31,43,53,69,80
73105,97,108,116,132,151
73106,173,214,298,350,396
73107,113,195,247,329,390
73108,218,301,343,395,463
73109,251,295,376,487,568
73110,247,334,408,519,655
73111,214,268,339,386,440
73112,322,391,495,564,644
73114,159,194,250,291,367
73115,160,232,267,321,392
73116,88,240,324,453,578
73117,196,241,255,303,334
73118,149,273,385,453,497
73119,253,294,375,416,436
73120,312,429,573,729,859
73121,8,21,40,61,72
73122,180,212,267,295,336
73127,182,261,341,420,523
73128,127,154,191,221,266
73129,124,214,272,297,355
73130,101,137,174,219,256
73131,69,116,191,262,309
73132,121,234,291,355,380
73134,10,21,32,44,51
73135,58,109,197,233,277
73139,148,175,186,224,279
73141,49,61,76,87,105
73142,73,171,252,325,370
73145,43,56,66,74,84
73149,12,20,29,44,52
73150,20,60,95,124,168
73151,32,68,106,135,161
73159,251,317,383,437,459
73160,254,444,486,592,655
73162,79,197,256,335,424
73165,23,68,117,177,228
73169,16,25,38,41,53
73170,173,477,650,780,924
73173,6,14,23,31,37
73179,48,99,128,149,181
73501,179,255,297,345,387
73505,139,173,300,392,485
73507,55,110,137,178,205
73701,85,153,221,307,324
73703,171,238,324,390,448
74008,6,103,207,298,390
74011,70,100,319,498,627
74012,0,155,355,643,798
74014,0,23,243,290,359
74015,25,39,62,86,101
74017,55,61,68,136,164
74019,73,99,178,225,251
74021,22,82,178,237,319
74023,12,21,48,62,79
74033,0,23,47,66,84
74036,0,1,2,2,3
74037,26,92,177,308,413
74041,0,1,1,2,3
74050,0,0,0,0,0
74053,0,0,0,1,1
74055,109,219,563,798,970
74063,59,65,124,176,215
74066,117,165,204,302,370
74070,52,89,119,142,160
74073,15,40,71,108,146
74074,453,513,600,713,807
74075,68,135,198,297,365
74103,2,5,11,16,20
74104,108,148,229,265,305
74105,135,270,429,596,770
74106,252,349,446,491,537
74107,207,242,328,388,501
74108,64,90,107,133,144
74110,155,207,254,331,388
74112,187,228,293,350,398
74114,46,179,324,463,602
74115,229,280,306,348,374
74116,71,87,120,142,160
74119,8,18,27,38,43
74120,0,23,59,86,134
74126,43,74,104,130,147
74127,195,235,282,309,336
74128,117,139,152,157,165
74129,105,157,221,309,344
74130,6,8,12,19,24
74131,12,21,26,45,64
74132,33,40,91,154,194
74133,204,229,369,598,751
74134,46,110,186,232,284
74135,87,137,268,337,393
74136,95,154,272,343,402
74137,107,145,329,513,689
74145,76,102,134,140,185
74146,79,103,122,158,185
74363,0,0,0,0,0
74429,2,10,21,25,29
74730,0,0,1,1,1
74731,1,1,2,2,2
74733,3,7,12,16,19
74901,19,23,27,35,39
74902,3,3,4,6,9
74946,2,4,5,6,6
74948,4,5,7,7,9
74954,0,0,0,0,1
74959,0,0,0,0,0
97002,0,7,19,342,414
97003,0,104,208,3962,4646
97004,0,34,84,573,716
97005,32,161,317,4574,5284
97006,11,340,833,9211,10636
97007,55,698,1985,14833,17646
97008,27,197,400,5672,6620
97009,0,14,30,189,230
97013,0,26,84,956,1204
97015,32,165,400,5036,6172
97019,0,0,0,1,1
97024,0,92,178,1972,2622
97027,7,143,324,2697,3353
97030,43,181,466,6443,8421
97034,0,481,900,3623,4456
97035,5,281,685,4062,5098
97045,0,485,1272,13205,16167
97048,0,12,39,71,861
97060,0,80,241,4482,6093
97062,8,346,745,6038,7243
97068,0,529,1378,6826,8569
97070,62,296,585,4923,5921
97078,0,0,1,12,14
97080,0,319,747,8859,11959
97086,46,333,821,6005,7408
97089,0,210,514,4201,5340
97113,17,89,179,2887,3355
97116,58,268,478,5961,7040
97123,93,477,1083,9712,11214
97124,0,396,970,10580,12430
97140,29,417,973,5904,6987
97201,0,69,173,1121,1471
97202,57,402,1126,8202,10971
97203,0,307,605,6865,9063
97205,4,31,61,394,519
97206,50,515,963,12127,16097
97209,10,48,99,634,861
97210,3,155,346,2069,2790
97211,32,432,1052,7536,10093
97212,0,526,1284,5507,7216
97213,50,430,910,7228,9577
97214,13,304,675,4817,6477
97215,0,210,631,4021,5301
97216,5,95,212,3227,4421
97217,107,391,1007,8542,11444
97218,19,103,234,3359,4577
97219,0,448,1386,8002,10349
97220,0,184,533,6295,8568
97221,0,259,605,2472,3192
97222,0,213,446,8307,9978
97223,39,732,1281,10801,12605
97224,0,563,1029,8831,10445
97225,25,294,705,5056,5865
97227,3,52,144,969,1265
97229,0,1356,3187,13645,16357
97230,0,164,526,8055,10740
97231,1,67,170,846,1129
97232,24,103,210,2132,2874
97233,41,276,422,5995,7952
97236,0,44,336,6408,8670
97239,17,168,438,2460,3202
97266,27,279,486,6663,8794
97267,29,393,613,7530,9350
97301,69,319,694,13015,13667
97302,50,435,858,11465,12199
97303,24,302,508,11306,11923
97304,0,0,313,727,8280
97305,152,327,523,10216,10673
97306,0,64,410,711,8063
97317,12,187,243,5877,6139
97321,0,9,261,565,7960
97322,0,0,80,312,9533
97330,0,125,591,965,9132
97333,0,30,313,626,5166
97338,0,0,193,349,4831
97351,0,0,85,142,2530
97355,0,41,207,311,6435
97361,0,5,86,175,2384
97370,0,0,46,158,1715
97389,0,0,12,22,671
97392,0,0,18,55,890
97401,0,252,755,4269,9351
97402,0,222,598,6592,16771
97403,0,66,177,924,2123
97404,0,93,420,4628,11425
97405,0,188,856,5299,11290
97408,0,37,374,1984,4433
97448,1,2,4,11,165
97455,0,0,0,1,3
97457,0,0,0,0,1
97470,0,29,137,286,5591
97471,0,76,302,485,6036
97477,59,200,413,4705,11581
97478,0,60,312,513,9553
97495,0,0,5,11,179
97496,0,4,34,82,2114
97501,0,64,429,7552,15755
97502,22,169,484,5524,10969
97503,0,64,171,1551,3135
97504,16,493,874,7787,15430
97524,0,79,164,1528,3078
97526,0,88,299,3742,8626
97527,0,127,345,2770,5886
97530,0,28,116,600,1122
97532,0,2,12,96,215
97535,12,59,101,875,1727
97540,0,0,2,21,43
97701,0,259,819,7586,10484
97702,0,352,923,8210,11732
97703,62,585,1474,7247,7544
97801,0,128,293,1957,5170
97826,0,0,0,2,5
97838,0,50,233,2716,6910
97875,2,6,11,289,819
97882,0,12,40,396,1028
15001,213,375,538,750,1013
15003,29,53,116,164,189
15005,2,34,87,138,167
15009,34,103,175,261,312
15010,48,110,260,377,438
15014,0,0,0,8,15
15017,22,153,224,366,476
15024,34,85,139,201,235
15025,0,1,3,5,7
15027,3,11,22,34,43
15030,0,0,0,6,11
15034,10,17,21,25,32
15035,2,6,11,14,20
15042,0,47,84,134,185
15044,0,0,0,0,0
15045,12,12,16,18,26
15046,12,17,23,28,38
15049,0,1,3,6,13
15051,0,0,1,1,1
15056,4,8,10,16,21
15057,68,198,270,369,459
15061,59,86,166,247,333
15064,0,0,0,0,1
15065,0,0,0,18,112
15066,0,28,60,96,124
15068,0,179,402,610,789
15071,21,103,202,326,387
15074,29,73,124,161,182
15076,4,10,16,19,27
15081,1,2,2,3,4
15082,0,0,0,0,0
15084,0,29,66,102,168
15085,3,44,94,138,188
15101,4,90,221,307,412
15102,0,45,185,276,399
15104,3,66,132,189,264
15106,29,153,263,336,438
15108,56,392,713,1007,1329
15110,81,100,123,150,206
15112,10,23,29,38,61
15116,21,26,144,279,428
15120,68,129,225,320,497
15122,166,245,355,427,545
15126,12,20,54,68,93
15131,35,66,109,147,187
15132,135,221,370,470,627
15133,19,36,47,60,71
15136,144,296,498,642,811
15137,36,71,111,127,154
15139,6,45,119,177,230
15140,4,12,18,24,41
15142,4,33,79,118,144
15143,0,145,365,595,754
15144,24,34,39,44,60
15145,54,69,101,117,149
15146,20,158,286,414,562
15147,154,204,296,370,469
15148,25,42,52,65,80
15201,58,113,204,296,376
15202,32,102,180,231,292
15203,40,138,274,338,418
15204,17,41,82,123,177
15205,71,91,194,356,466
15206,108,264,392,595,738
15207,80,123,163,227,319
15208,11,72,180,263,321
15209,18,54,104,159,226
15210,104,160,272,367,575
15211,42,118,183,229,302
15212,135,223,342,493,644
15213,148,247,335,403,511
15214,23,136,194,271,402
15215,34,136,262,352,478
15216,61,184,328,471,546
15217,121,381,610,788,1010
15218,60,145,242,315,387
15219,115,175,235,308,413
15220,44,72,149,216,326
15221,173,289,486,577,750
15222,5,23,43,62,80
15223,25,43,85,118,140
15224,28,70,104,121,179
15225,11,12,16,19,28
15226,21,57,119,145,234
15227,69,148,257,425,523
15228,43,181,366,508,625
15229,23,82,160,228,310
15232,31,77,126,173,214
15233,13,50,78,97,119
15234,5,47,120,193,265
15235,252,420,528,661,793
15236,0,173,356,482,588
15237,169,402,645,920,1173
15238,0,119,372,564,805
15239,58,165,264,379,519
15241,25,204,458,624,811
15243,13,118,260,424,542
15317,0,0,0,0,2
15321,0,0,0,0,5
15361,0,0,0,0,1
15545,0,0,0,0,0
15613,0,9,53,110,145
15615,0,0,0,0,0
15629,0,0,0,1,1
15632,0,0,0,0,3
15636,0,0,0,1,13
15641,0,1,2,2,3
15642,64,165,340,551,762
15644,0,0,0,0,0
15656,0,0,0,4,51
15665,0,0,0,2,12
15668,9,167,363,544,646
15673,0,0,0,1,4
15690,0,0,0,18,49
15692,0,0,0,6,12
15801,0,0,28,89,128
15840,1,7,12,15,18
15851,0,6,12,25,34
15901,0,38,68,96,119
15902,0,18,79,126,180
15904,19,81,157,228,285
15905,26,56,108,182,203
15906,15,44,69,92,121
15909,3,14,18,22,30
15928,0,2,10,17,23
15935,0,0,0,1,1
15942,0,0,1,3,3
15946,0,0,0,0,0
15963,0,17,35,62,77
16001,0,52,144,258,371
16002,0,2,4,10,14
16045,0,0,0,1,4
16053,0,1,2,6,16
16121,0,34,62,127,160
16143,0,0,0,0,0
16146,23,70,117,159,211
16148,0,0,3,46,107
16150,2,8,16,35,55
16159,0,1,6,9,12
16161,0,4,7,9,11
16229,0,0,0,0,1
16415,0,2,14,33,47
16421,0,1,11,16,22
16501,0,7,18,28,34
16502,0,21,63,118,147
16503,0,44,148,205,261
16504,16,60,93,137,187
16505,0,19,80,222,358
16506,0,32,162,283,372
16507,0,16,38,71,99
16508,0,0,29,108,148
16509,7,90,195,269,352
16510,30,143,240,368,458
16511,0,9,25,53,109
16601,0,61,183,265,397
16602,0,73,241,377,482
16635,0,23,41,92,152
16636,0,0,1,3,5
16637,0,5,13,23,29
16648,0,0,66,157,254
16665,0,1,2,2,3
16669,0,0,0,0,0
16673,0,0,15,41,49
16801,14,111,261,396,492
16803,0,0,37,187,328
16823,0,0,0,1,4
16865,0,0,1,1,1
16868,0,0,1,2,3
16870,0,0,0,1,1
17003,0,0,15,63,106
17011,68,165,282,388,563
17019,0,0,0,0,1
17022,0,0,5,12,17
17025,10,61,187,274,350
17028,0,0,1,2,3
17033,0,15,27,170,290
17034,0,0,4,10,14
17036,20,51,128,317,491
17038,0,0,0,0,1
17042,61,72,164,307,440
17043,15,32,58,81,98
17046,0,45,105,203,263
17050,0,0,375,687,947
17053,1,7,20,29,36
17055,0,0,29,196,471
17057,0,0,76,209,354
17067,0,1,3,7,11
17070,0,0,29,121,238
17078,0,9,63,130,210
17093,0,2,3,4,5
17101,7,12,14,16,18
17102,62,113,177,221,269
17103,72,176,237,313,388
17104,63,163,321,416,522
17109,50,94,119,157,195
17110,22,122,324,418,555
17111,79,185,370,494,599
17112,0,0,124,315,524
17113,0,30,63,130,179
17225,0,0,1,1,8
17263,0,0,0,0,0
17268,0,0,0,1,1
17319,9,27,61,106,125
17325,4,27,107,175,237
17339,0,0,10,23,30
17340,0,0,0,1,1
17345,18,31,42,54,69
17347,0,1,13,35,56
17360,0,0,0,0,0
17370,0,1,2,6,8
17401,0,0,27,67,147
17402,0,8,38,94,140
17403,0,10,122,344,507
17404,0,0,45,231,353
17406,0,0,20,98,126
17407,0,1,8,18,26
17408,0,0,1,2,3
17501,8,13,24,42,65
17502,0,0,0,0,0
17505,6,15,35,51,66
17508,0,0,1,1,1
17512,0,2,6,8,10
17516,0,0,4,12,19
17520,10,14,38,49,62
17522,3,27,37,78,106
17529,0,2,9,15,18
17538,0,11,45,63,98
17540,18,69,105,142,166
17543,0,19,122,403,647
17545,0,7,49,82,141
17551,42,60,84,113,146
17552,0,0,0,1,1
17554,5,11,50,89,126
17557,0,2,7,10,13
17560,0,0,0,0,0
17562,1,5,9,13,17
17572,3,11,23,31,47
17579,4,12,26,56,72
17582,0,0,1,5,10
17584,0,9,42,74,94
17601,83,153,556,889,1306
17602,100,156,391,458,569
17603,160,208,415,702,846
17701,12,120,299,514,646
17702,6,38,73,93,119
17728,1,1,3,5,6
17744,0,0,0,0,0
17754,3,26,54,86,135
17756,0,0,2,4,6
17801,0,28,60,85,128
17815,42,100,174,237,300
17837,3,22,41,45,118
17847,0,0,0,2,5
17850,0,0,0,0,0
17857,0,0,2,18,28
17859,1,2,3,5,7
17870,10,20,88,127,150
17876,0,0,9,17,24
17889,0,0,0,1,7
17901,85,133,182,248,303
17923,2,6,8,11,13
17951,0,0,0,0,0
17954,11,29,39,53,63
17965,0,2,5,9,10
17970,4,9,14,20,24
18011,0,0,6,27,43
18013,0,13,82,151,208
18014,0,0,24,68,132
18015,119,157,261,425,537
18017,0,23,309,571,743
18018,33,155,270,327,417
18020,0,7,140,293,523
18031,0,0,19,102,162
18032,26,50,79,108,143
18034,3,64,171,273,348
18036,10,74,166,252,345
18037,6,12,69,133,176
18038,0,0,1,2,4
18040,0,12,53,266,413
18042,0,0,67,222,424
18045,0,38,178,413,610
18049,60,96,209,347,443
18051,4,6,8,40,77
18052,0,0,60,231,342
18053,0,2,3,11,16
18055,0,10,10,65,141
18059,0,3,9,30,54
18062,0,14,65,354,600
18064,0,0,78,330,477
18066,0,0,0,1,2
18067,34,41,68,149,224
18069,0,0,52,203,285
18072,0,0,32,75,121
18074,0,0,14,51,81
18077,0,0,1,3,4
18078,3,69,143,245,333
18079,0,0,0,0,0
18080,24,75,119,170,245
18083,0,0,0,1,2
18085,0,1,2,8,12
18086,0,0,0,1,1
18087,0,2,4,5,6
18088,0,0,3,45,69
18091,0,1,4,20,44
18092,0,0,8,19,27
18101,4,7,15,26,33
18102,144,216,269,305,377
18103,124,248,396,520,619
18104,0,53,476,714,899
18106,0,32,86,175,253
18109,10,66,148,164,205
18343,0,2,4,9,15
18353,0,0,0,0,1
18360,0,0,1,1,2
18403,0,6,37,60,92
18411,0,8,28,57,85
18433,0,0,37,88,125
18434,0,0,9,22,35
18436,0,0,0,0,0
18444,0,0,0,1,1
18447,12,31,58,77,108
18452,4,14,20,31,39
18503,5,8,11,13,17
18504,30,76,166,234,287
18505,0,66,159,218,291
18507,15,46,101,168,238
18508,11,73,142,180,218
18509,33,44,81,144,195
18510,33,74,104,145,175
18512,5,26,109,145,182
18517,4,37,71,91,104
18518,22,51,98,160,210
18519,28,44,74,116,136
18603,33,83,149,238,288
18612,0,20,130,205,271
18621,0,0,0,1,1
18631,3,7,12,15,19
18634,79,96,153,227,258
18635,0,2,6,19,28
18640,63,113,157,239,321
18641,8,21,29,43,62
18642,7,16,20,40,62
18643,0,63,126,201,268
18644,0,6,45,80,113
18651,0,28,49,70,101
18660,0,0,0,0,0
18701,12,22,31,37,44
18702,192,312,503,695,887
18704,104,243,417,579,649
18705,12,48,102,169,229
18706,0,77,136,218,289
18707,0,0,1,1,1
18708,12,38,76,113,145
18709,27,46,65,75,87
18901,0,0,43,236,376
18902,0,0,0,1,1
18914,0,163,495,733,1015
18915,0,0,20,35,49
18925,0,0,86,293,483
18927,0,0,1,1,1
18929,3,8,82,251,397
18932,0,0,5,8,11
18936,0,0,16,52,90
18938,0,0,35,99,153
18940,0,0,199,831,1300
18951,0,0,1,3,4
18954,0,0,19,246,395
18964,20,53,104,147,182
18966,32,64,213,532,893
18969,1,4,10,14,17
18974,0,0,156,397,721
18976,0,0,81,332,582
18977,0,1,29,158,256
19001,20,50,85,240,365
19002,40,60,89,835,1301
19003,0,11,67,196,300
19004,0,0,76,160,250
19006,0,38,108,444,684
19007,0,0,42,116,226
19008,0,6,18,348,569
19009,0,0,2,7,14
19010,0,15,139,384,606
19012,0,0,10,96,156
19013,0,58,139,244,296
19014,0,0,62,249,423
19015,0,8,31,70,89
19018,0,32,63,126,167
19020,0,0,204,493,782
19021,8,28,45,59,73
19022,0,2,8,22,32
19023,0,44,92,140,184
19025,0,3,47,147,242
19026,13,50,95,183,309
19027,0,0,63,209,335
19029,0,0,15,27,36
19030,0,0,46,137,206
19031,0,0,37,124,207
19032,0,0,19,45,65
19033,0,2,27,88,140
19034,0,4,18,162,259
19035,0,0,16,157,269
19036,10,18,20,68,86
19038,0,42,108,467,792
19040,0,0,84,251,380
19041,0,2,49,119,192
19043,0,0,8,14,20
19044,0,0,4,122,195
19046,0,28,116,297,534
19047,0,0,56,437,753
19050,22,49,92,157,206
19053,0,0,136,332,529
19054,0,20,25,99,214
19055,0,12,20,68,104
19056,0,0,27,126,233
19057,0,0,9,71,104
19060,0,3,34,214,391
19061,25,60,86,197,247
19063,0,0,146,525,773
19064,0,0,111,404,619
19066,1,5,35,132,218
19067,0,0,220,827,1537
19070,0,10,49,89,129
19072,0,0,15,155,279
19073,0,0,99,373,593
19074,5,18,32,54,66
19075,13,13,25,97,167
19076,0,4,38,73,111
19078,0,10,49,102,138
19079,0,10,33,64,99
19081,0,2,48,125,195
19082,0,0,48,123,192
19083,0,29,76,419,876
19085,0,1,14,184,350
19086,0,9,15,154,280
19087,6,12,29,500,805
19090,0,39,169,259,383
19094,0,0,3,21,34
19095,0,22,55,112,151
19096,0,3,30,223,392
19102,0,1,3,20,34
19103,13,26,58,111,170
19104,0,0,180,337,540
19106,0,3,7,63,110
19107,0,4,27,58,84
19108,0,0,0,0,0
19111,0,87,164,284,437
19114,0,0,25,134,229
19115,0,0,148,296,382
19116,0,26,65,214,311
19118,0,12,28,129,211
19119,0,5,34,130,280
19120,0,30,91,225,341
19121,0,48,167,352,525
19122,0,17,104,200,270
19123,0,27,80,155,218
19124,0,84,237,367,436
19125,0,10,59,192,354
19126,0,17,46,72,102
19127,0,5,26,106,176
19128,0,0,70,298,518
19129,0,10,34,96,149
19130,0,0,30,175,324
19131,28,147,220,298,367
19132,0,0,119,232,382
19133,0,43,128,220,273
19134,0,91,257,332,415
19135,29,106,183,232,280
19136,0,0,45,74,136
19137,0,20,46,87,124
19138,0,13,119,200,281
19139,0,107,210,331,424
19140,69,220,350,405,515
19141,0,56,127,198,229
19142,0,41,84,149,194
19143,0,106,213,383,482
19144,0,34,172,364,460
19145,18,68,117,227,313
19146,47,88,196,432,628
19147,0,34,149,468,685
19148,0,0,87,268,386
19149,0,41,69,115,184
19150,0,4,54,116,186
19151,0,0,67,130,208
19152,0,0,14,190,352
19153,0,16,92,162,210
19154,0,32,89,256,384
19301,0,0,19,115,211
19311,0,0,2,7,10
19312,12,25,95,359,604
19317,3,14,68,213,350
19319,0,0,1,4,6
19333,0,7,59,132,208
19335,0,0,4,9,14
19341,0,0,56,167,293
19342,14,24,24,265,588
19348,0,0,1,12,22
19350,0,0,9,79,135
19355,18,24,65,515,895
19373,0,0,26,99,165
19380,0,0,199,761,1100
19382,0,0,248,902,1364
19401,0,26,69,243,347
19403,0,0,109,523,717
19405,0,1,6,35,58
19406,0,6,66,222,391
19422,0,6,122,511,783
19426,0,0,0,831,1459
19428,14,24,38,219,343
19436,0,1,3,5,6
19437,0,0,0,2,3
19438,47,156,508,785,1083
19440,23,101,258,374,466
19444,0,0,70,205,303
19446,127,198,749,1131,1513
19453,0,0,3,7,14
19454,0,14,93,371,706
19460,0,9,123,526,842
19462,13,27,94,303,424
19464,0,0,0,1,2
19468,0,6,31,176,414
19473,0,20,113,343,563
19475,0,1,13,37,51
19492,0,0,2,5,7
19506,0,0,0,2,3
19508,3,6,17,33,47
19510,0,0,12,47,92
19522,8,16,25,82,142
19525,0,0,1,3,4
19533,0,6,22,44,65
19539,1,1,3,16,30
19540,0,7,20,49,77
19541,0,0,1,3,6
19547,0,0,0,2,3
19555,0,0,0,1,1
19560,2,16,26,56,77
19565,0,0,0,0,0
19601,18,127,206,291,339
19602,6,59,106,138,168
19604,0,33,76,113,161
19605,0,0,57,108,255
19606,0,9,223,334,489
19607,0,34,51,160,279
19608,0,9,48,157,306
19609,0,10,37,99,163
19610,9,17,35,196,326
19611,2,15,53,80,106
2802,0,0,0,1,112
2806,0,0,210,1194,4353
2809,0,13,261,1185,6447
2814,0,0,2,9,77
2816,0,0,144,779,5839
2817,0,0,12,38,230
2818,0,0,247,1074,4402
2822,0,0,2,9,61
2828,0,0,38,238,1771
2830,0,0,1,2,14
2831,0,0,27,158,916
2835,0,0,14,72,277
2838,0,7,42,121,691
2852,0,0,101,523,3056
2857,0,1,13,86,547
2860,0,0,270,1098,8539
2861,0,7,132,581,7263
2863,0,0,57,270,2812
2864,0,0,391,1417,8957
2865,0,10,143,771,4594
2871,0,0,141,757,3655
2878,0,0,99,752,5077
2885,0,0,153,620,3446
2886,0,0,159,1071,7428
2888,0,0,137,671,5804
2889,0,0,163,997,8017
2893,0,0,124,785,7128
2895,0,0,324,979,7939
2896,0,2,57,328,2297
2903,0,0,63,306,1515
2904,0,0,166,1118,7017
2905,0,0,298,973,5115
2906,0,0,158,972,4875
2907,0,0,128,503,4168
2908,0,0,163,995,7603
2909,0,0,205,790,6918
2910,0,0,51,473,6331
2911,0,8,109,470,3947
2914,0,0,164,588,6201
2915,0,0,95,600,4437
2916,0,0,42,346,2279
2917,0,0,132,507,3019
2919,0,0,315,1223,8741
2920,0,0,169,1173,9741
2921,0,0,129,783,3501
29016,154,265,2534,2603,2638
29020,19,143,620,3016,3066
29033,123,260,4477,4513,4536
29036,0,59,155,1023,1051
29039,2,10,148,208,210
29040,1,12,73,361,365
29044,1,2,10,40,40
29045,145,434,1547,6985,7144
29053,346,586,6461,6567,6614
29061,69,140,2391,2432,2452
29063,367,792,7992,8167,8317
29072,685,1741,17687,18279,18557
29073,461,905,16758,16895,17049
29078,19,140,812,4760,4803
29115,460,774,6156,6310,6361
29118,61,111,1806,1826,1837
29123,59,115,2518,2544,2557
29150,228,465,2027,8510,8685
29152,1,2,6,28,28
29153,25,100,379,1525,1543
29154,21,71,431,2236,2272
29160,50,97,1833,1854,1862
29161,2,8,28,128,131
29169,286,500,7686,7837,7900
29170,139,417,8537,8606,8693
29172,70,150,3624,3650,3661
29201,655,1037,4784,4986,5089
29203,734,1188,10379,10616,10714
29204,306,520,4669,4776,4825
29205,319,709,6163,6410,6501
29206,265,515,4674,4806,4889
29209,453,883,11221,11465,11593
29210,198,411,7475,7582,7597
29212,353,706,8573,8688,8820
29223,910,1403,14342,14640,14894
29229,408,881,16011,16190,16321
29301,131,444,960,9799,10001
29302,0,318,577,5147,5303
29303,232,425,750,7552,7660
29306,106,274,624,4273,4343
29307,82,298,551,6139,6208
29316,9,275,860,8659,8783
29323,0,15,49,830,834
29329,0,1,3,24,25
29330,10,41,96,866,882
29334,29,201,432,4662,4729
29346,0,0,6,88,88
29349,0,257,595,6553,6675
29365,0,56,249,4230,4269
29369,0,160,382,4580,4655
29376,17,54,129,1820,1848
29377,0,0,0,31,31
29385,0,31,104,3018,3034
29388,8,17,47,842,847
29401,255,664,2860,3006,3102
29403,485,911,5457,5624,5722
29404,7,21,558,563,565
29405,197,555,7151,7238,7289
29406,191,405,5529,5579,5630
29407,517,1142,8509,8758,8901
29410,184,334,4824,4913,4973
29412,476,1269,10764,11116,11308
29414,342,967,9760,9951,10062
29418,243,376,5923,5996,6045
29420,197,394,4435,4522,4572
29429,17,37,348,355,361
29439,144,244,1221,1276,1309
29440,0,0,4,5,5
29445,484,967,15731,15973,16086
29451,365,816,2752,3036,3152
29455,57,125,849,878,897
29456,233,389,7651,7705,7783
29464,1020,2180,13136,13569,13946
29466,858,1760,10162,10723,10987
29472,0,1,16,16,16
29482,117,273,907,987,1021
29483,480,1193,16083,16381,16530
29485,230,860,14968,15214,15275
29486,42,163,2913,4098,4156
29492,229,590,4505,4667,4762
29501,243,587,2468,9762,9984
29505,0,111,807,3771,3817
29506,112,226,688,2461,2494
29526,129,514,7596,9722,9841
29527,51,108,2455,3142,3148
29532,41,148,658,3646,3680
29540,0,1,2,11,11
29541,1,7,51,246,248
29566,44,175,1884,7179,7230
29568,8,110,1068,4019,4048
29572,92,332,2965,3882,3962
29575,189,378,6681,8902,8965
29576,63,632,9862,12415,12542
29577,206,597,7956,10096,10241
29579,84,494,8992,11832,12037
29582,104,464,2970,11346,11497
29585,48,375,4094,5218,5315
29588,71,570,10756,13990,14218
29601,3,140,448,2914,2999
29605,0,769,1282,10213,10437
29607,33,423,1203,10467,10683
29609,0,506,1175,8214,8411
29611,86,439,1031,9240,9421
29615,125,376,1013,9336,9510
29617,86,290,667,7654,7779
29621,74,454,1045,10148,10412
29624,107,298,635,4725,4813
29625,58,233,611,7155,7213
29626,60,155,341,3192,3265
29627,1,9,19,179,182
29630,12,38,124,1163,1178
29631,19,153,343,2251,2303
29640,0,325,952,10580,10688
29642,149,427,1120,10339,10553
29644,20,73,214,2869,2905
29650,54,564,1344,10330,10698
29651,0,297,1330,13712,14038
29657,0,55,193,2599,2625
29662,0,60,318,4549,4591
29665,1,7,10,64,65
29670,0,27,81,852,871
29671,13,60,166,2098,2113
29672,14,57,164,1193,1228
29673,49,264,709,8005,8120
29678,32,103,249,2865,2906
29680,0,148,632,7614,7731
29681,69,600,2005,16469,16880
29684,1,9,40,774,779
29687,56,305,712,11079,11226
29690,0,121,316,4067,4126
29691,0,0,0,4,4
29693,0,0,1,12,12
29696,0,0,1,11,11
29697,0,0,0,1,1
29707,51,506,1306,9656,9930
29708,18,524,1313,8314,8669
29710,12,104,291,2366,2423
29715,0,445,1218,7971,8189
29720,33,185,508,6415,6527
29730,11,341,848,10713,10889
29732,93,488,882,11225,11457
29745,3,16,43,471,477
29801,609,1052,8305,8522,8644
29803,324,1106,12990,13300,13462
29805,1,1,22,22,22
29809,9,48,751,1067,1075
29816,1,2,13,14,14
29821,1,4,50,51,52
29828,36,56,433,441,446
29829,93,201,3785,3843,3859
29831,2,3,66,66,67
29834,7,9,139,141,142
29841,284,804,11412,11696,11802
29842,24,83,2955,2970,2976
29851,101,208,3667,3682,3704
29860,113,226,3766,3843,3886
29902,99,221,2675,2722,2760
29906,92,228,3104,3136,3155
29907,44,104,720,746,756
29909,0,0,1,1,1
29910,29,77,627,643,654
29915,10,25,176,183,187
29920,0,1,15,15,15
29926,204,654,5092,5280,5360
29927,0,0,1,1,1
29928,164,686,4761,6037,6258
29935,12,20,498,503,504
57005,0,0,0,0,0
57049,0,0,0,0,0
57055,0,0,0,0,0
57064,0,0,0,0,0
57103,39,39,39,39,58
57104,47,68,75,75,75
57105,47,47,47,47,47
57106,0,0,0,0,11
57107,11,11,11,16,21
57108,0,0,0,0,6
57110,0,0,0,0,0
57701,138,138,149,161,172
57702,22,22,22,22,86
57703,24,24,28,32,32
57719,1,1,1,1,1
57730,19,20,22,22,23
57744,0,0,0,0,0
57745,3,4,4,4,4
57751,0,0,0,1,1
37010,0,0,0,0,0
37013,93,93,93,93,93
37014,0,0,0,0,0
37027,0,0,0,0,0
37040,0,0,0,0,0
37042,22,22,22,22,22
37043,0,0,0,0,0
37064,0,0,0,0,0
37066,0,0,0,0,0
37067,16,16,16,16,16
37069,33,33,33,33,33
37072,0,0,0,0,0
37075,0,0,0,0,0
37076,0,0,0,0,0
37080,0,0,0,0,0
37086,0,0,0,0,0
37115,0,0,0,0,0
37122,0,0,0,0,0
37127,0,0,0,0,0
37128,0,0,0,0,0
37129,0,0,0,0,0
37130,0,0,0,0,0
37135,9,9,9,9,9
37138,0,0,0,0,0
37153,0,0,0,0,0
37167,0,0,0,0,0
37189,0,0,0,0,0
37191,0,0,0,0,0
37201,0,0,0,0,0
37203,0,0,0,0,0
37204,0,0,0,0,0
37205,0,0,0,0,0
37206,0,0,0,0,0
37207,0,0,0,0,0
37208,0,0,0,0,0
37209,31,31,31,31,31
37210,0,0,0,0,0
37211,0,0,0,0,0
37212,0,0,0,0,0
37214,0,0,0,0,0
37215,0,0,0,0,0
37216,0,0,0,0,0
37217,0,0,0,0,0
37218,0,0,0,0,0
37219,0,0,0,0,0
37220,0,0,0,0,0
37221,0,0,0,0,0
37228,0,0,0,0,0
37310,0,0,0,0,0
37311,0,0,0,0,0
37312,0,0,0,0,0
37323,0,0,0,0,0
37336,0,0,0,0,0
37341,0,0,0,0,0
37343,0,0,0,0,0
37350,0,0,0,0,0
37351,0,0,0,0,0
37353,0,0,0,0,0
37354,0,0,0,0,0
37355,0,0,0,0,0
37360,0,0,0,0,0
37363,0,0,0,0,0
37377,0,0,0,0,0
37379,0,0,0,0,0
37385,0,0,0,0,0
37388,0,0,0,0,0
37402,0,0,0,0,0
37403,0,0,0,0,0
37404,0,0,0,0,0
37405,0,0,0,0,0
37406,0,0,0,0,0
37407,0,0,0,0,0
37408,0,0,0,0,0
37409,0,0,0,0,0
37410,0,0,0,0,0
37411,0,0,0,0,0
37412,6,6,6,6,6
37415,0,0,0,0,0
37416,29,29,29,29,29
37419,0,0,0,0,0
37421,0,0,0,0,0
37601,0,0,0,0,0
37604,0,0,0,0,0
37615,0,0,0,0,0
37617,0,0,0,0,0
37618,0,0,0,0,0
37642,0,0,0,0,0
37643,0,0,0,0,0
37645,0,0,0,0,0
37658,0,0,0,0,0
37659,0,0,0,0,0
37660,0,0,0,0,0
37663,0,0,0,0,0
37664,11,11,11,11,11
37665,0,0,0,0,0
37686,0,0,0,0,0
37692,0,0,0,0,0
37694,0,0,0,0,0
37701,10,10,10,10,10
37708,0,0,0,0,0
37710,0,0,0,0,0
37714,0,0,0,0,0
37716,0,0,0,0,0
37721,0,0,0,0,0
37737,0,0,0,0,0
37738,0,0,0,0,0
37742,0,0,0,0,0
37754,0,0,0,0,0
37769,0,0,0,0,0
37771,0,0,0,0,0
37772,0,0,0,0,0
37774,0,0,0,0,0
37777,0,0,0,0,0
37801,0,0,0,0,0
37803,0,0,0,0,0
37804,0,0,0,0,0
37806,0,0,0,0,0
37813,3,3,3,3,3
37814,0,0,0,0,0
37821,0,0,0,0,0
37830,0,0,0,0,0
37840,0,0,0,0,0
37846,0,0,0,0,0
37849,0,0,0,0,0
37853,0,0,0,0,0
37860,0,0,0,0,0
37861,0,0,0,0,0
37862,0,0,0,0,0
37863,0,0,0,0,0
37865,0,0,0,0,0
37871,0,0,0,0,0
37876,0,0,0,0,0
37877,0,0,0,0,0
37885,0,0,0,0,0
37886,0,0,0,0,0
37890,0,0,0,0,0
37902,0,0,0,0,0
37909,0,0,0,0,0
37912,0,0,0,0,0
37914,0,0,0,0,0
37915,0,0,0,0,0
37916,0,0,0,0,0
37917,0,0,0,0,0
37918,112,112,112,112,112
37919,0,0,0,0,0
37920,0,0,0,0,0
37921,0,0,0,0,0
37922,24,24,24,24,24
37923,0,0,0,0,0
37924,0,0,0,0,0
37931,0,0,0,0,0
37932,0,0,0,0,0
37934,0,0,0,0,0
37938,0,0,0,0,0
38002,0,0,0,0,0
38016,0,0,0,0,0
38017,0,0,0,0,0
38018,0,0,0,0,0
38028,0,0,0,0,0
38053,0,0,0,0,0
38103,0,0,0,0,0
38104,0,0,0,0,0
38105,0,0,0,0,0
38106,0,0,0,0,0
38107,0,0,0,0,0
38108,0,0,0,0,0
38109,0,0,0,0,0
38111,0,0,0,0,0
38112,0,0,0,0,0
38114,0,0,0,0,0
38115,0,0,0,0,0
38116,0,0,0,0,0
38117,0,0,0,0,0
38118,0,0,0,0,0
38119,0,0,0,0,0
38120,0,0,0,0,0
38122,0,0,0,0,0
38125,0,0,0,0,0
38126,0,0,0,0,0
38127,0,0,0,0,0
38128,0,0,0,0,0
38133,0,0,0,0,0
38134,0,0,0,0,0
38135,0,0,0,0,0
38138,0,0,0,0,0
38139,0,0,0,0,0
38141,0,0,0,0,0
38301,0,0,0,0,0
38305,0,0,0,0,0
38343,0,0,0,0,0
38355,0,0,0,0,0
38356,0,0,0,0,0
38362,0,0,0,0,0
38401,0,0,0,0,0
38501,0,0,0,0,0
38506,4,4,4,4,4
75001,4,97,1415,2164,2193
75002,149,1507,14095,20591,21207
75006,43,449,6701,10442,10667
75007,14,967,9573,13797,14196
75010,12,382,4051,5931,6058
75013,80,1433,7520,10799,11384
75019,84,1143,6647,9919,10475
75020,31,242,4916,7721,7792
75021,0,35,920,1458,1470
75022,0,952,4368,6278,6665
75023,159,942,9596,14147,14481
75024,35,800,5808,8436,8761
75025,0,1411,9704,13995,14475
75028,0,1314,8896,12614,13153
75032,0,2,8,13,14
75033,0,5,25,36,38
75034,250,2774,18505,26772,27743
75035,55,2182,12186,17529,18491
75038,10,163,2201,3340,3388
75039,0,131,1278,1961,2005
75040,0,535,11120,17607,17821
75041,0,245,4940,7571,7656
75042,18,282,5629,8779,8805
75043,49,543,10424,16286,16418
75044,12,464,7881,11974,12194
75048,48,796,5216,7707,7997
75050,32,162,5228,8064,8105
75051,0,218,5200,7973,8022
75052,0,837,15408,23638,23949
75054,0,368,2367,3275,3443
75056,152,1250,10274,14741,15229
75057,10,86,1742,2487,2512
75060,66,320,6059,9272,9404
75061,8,181,5187,8139,8205
75062,0,170,5614,8856,8954
75063,44,545,4423,7016,7256
75065,15,226,2476,3541,3647
75067,119,451,8113,11707,11837
75068,30,559,5035,7307,7541
75069,33,223,1867,2690,2774
75070,197,1459,12758,19028,19718
75074,93,741,8510,12904,13182
75075,33,695,7124,10567,10827
75076,0,26,471,741,752
75077,11,807,7315,10575,10913
75080,183,937,6861,10405,10739
75081,130,580,6232,9794,9974
75082,0,610,4349,6225,6459
75087,0,28,199,323,335
75088,0,436,5746,9115,9254
75089,0,521,6723,10194,10350
75090,138,341,4146,6429,6547
75092,47,207,4179,6627,6680
75093,54,1420,8912,13010,13510
75094,7,560,4589,6648,6918
75098,18,963,11393,16923,17466
75104,155,913,9812,15090,15431
75115,0,444,7749,12154,12327
75116,46,178,3274,5060,5081
75125,0,1,10,15,15
75134,0,116,3836,6049,6098
75137,0,206,4025,6165,6228
75141,0,44,745,1166,1178
75146,47,277,3375,5156,5214
75149,117,450,10718,16519,16652
75150,133,471,9430,14557,14705
75159,6,21,426,659,666
75172,6,24,536,868,872
75180,0,55,3949,6045,6081
75181,45,179,4092,6307,6378
75182,0,252,1416,2177,2290
75201,1,37,346,537,555
75202,0,7,74,116,119
75203,30,104,1632,2495,2525
75204,36,187,1406,2160,2220
75205,33,764,3034,4365,4705
75206,58,350,3044,4655,4784
75207,15,68,698,1070,1093
75208,0,337,3602,5670,5797
75209,3,347,2033,3048,3193
75210,23,64,836,1259,1269
75211,68,467,7261,11228,11342
75212,84,382,3269,5099,5199
75214,31,973,4894,7318,7696
75215,65,251,2020,3175,3237
75216,353,913,7742,11881,12088
75217,54,750,11288,17718,17772
75218,35,574,4580,6716,6975
75219,9,138,1193,1801,1853
75220,65,267,3410,5344,5448
75223,34,164,1523,2389,2438
75224,136,272,3894,6079,6165
75225,65,827,3163,4588,4966
75226,0,25,458,712,718
75227,211,584,7789,12224,12386
75228,271,613,9056,14061,14218
75229,27,903,5757,8768,9106
75230,0,771,4011,5994,6303
75231,34,121,2190,3305,3332
75232,139,418,5185,8035,8150
75233,0,59,1980,3083,3111
75234,7,240,4350,6706,6802
75235,49,148,1563,2393,2424
75236,52,156,1958,3010,3041
75237,48,147,1608,2495,2521
75238,0,477,4231,6494,6703
75240,42,176,1673,2569,2619
75241,210,604,5900,8982,9083
75243,41,441,5126,8023,8138
75244,3,278,2152,3314,3424
75246,11,26,186,278,285
75247,43,92,638,1003,1018
75248,44,848,5562,8502,8811
75249,0,85,2936,4651,4689
75251,1,3,96,152,153
75252,23,460,3739,5554,5721
75253,62,249,3353,5099,5172
75254,12,90,1591,2394,2428
75287,159,522,5258,7384,7528
75459,0,23,444,709,717
75501,0,641,1880,10211,10379
75503,0,242,1292,7165,7282
75569,1,2,78,1090,1090
75601,0,169,723,5056,5102
75602,18,234,1072,5988,6112
75603,0,47,173,1170,1186
75604,0,162,1394,9442,9499
75605,0,286,1532,8215,8375
75640,0,7,60,339,343
75644,8,43,290,1851,1872
75645,4,23,105,480,491
75647,14,78,324,1951,1995
75650,11,51,271,1569,1595
75652,0,2,9,54,54
75662,0,113,743,5587,5655
75684,0,0,1,5,5
75693,0,138,492,2342,2400
75701,132,638,5630,10733,10887
75702,74,342,4385,9158,9214
75703,132,614,5458,10663,10893
75704,0,49,845,1844,1866
75705,3,15,44,203,208
75706,0,40,268,1503,1518
75707,3,87,1715,3423,3462
75708,18,24,320,2000,2010
75709,6,32,728,1517,1533
75751,123,302,2410,4612,4678
75752,4,14,156,314,318
75755,0,0,0,1,1
75757,0,2,18,36,37
75758,1,30,453,906,912
75762,0,101,1143,2244,2297
75771,0,46,395,1969,2005
75789,0,0,1,6,6
75791,8,111,1293,2608,2637
75792,2,7,26,130,132
75901,25,276,1883,6150,6251
75904,0,106,1894,6513,6573
75941,8,37,306,993,1002
75949,4,15,146,515,520
75961,26,125,388,2471,2524
75964,25,125,988,2509,2534
75965,0,90,318,2186,2235
75969,0,0,13,50,50
76001,0,463,5363,7660,7809
76002,50,454,7192,9885,10077
76005,0,27,115,157,168
76006,0,82,2297,3128,3157
76008,0,1,6,9,9
76010,80,409,5828,7896,7960
76011,10,112,2503,3453,3477
76012,44,381,4493,6209,6323
76013,50,391,4531,6185,6279
76014,7,170,5072,7027,7070
76015,23,113,2370,3271,3321
76016,0,421,6812,9664,9791
76017,0,604,7479,10360,10572
76018,16,171,5625,7699,7777
76021,0,341,5880,8172,8288
76022,30,60,2146,2962,2977
76034,0,1190,4883,6715,7191
76036,2,25,394,548,558
76039,41,270,4879,6828,6883
76040,42,197,4284,5911,5971
76051,106,763,7421,10305,10581
76052,0,484,5229,7375,7556
76053,69,254,5013,6778,6840
76054,20,226,2861,3957,4022
76060,29,194,2037,2871,2930
76063,35,1225,11888,16685,17237
76071,2,11,112,157,162
76078,0,0,9,13,13
76092,16,1899,5470,7304,8144
76102,25,114,931,1261,1301
76103,42,154,3030,4127,4152
76104,128,353,4397,5979,6052
76105,37,243,4483,6154,6210
76106,192,403,6916,9477,9563
76107,40,858,7062,9665,9954
76108,77,454,6796,9499,9643
76109,150,829,4457,6264,6499
76110,180,638,7153,9776,9926
76111,0,94,4634,6243,6268
76112,0,416,7301,10032,10124
76114,97,341,5034,6879,6935
76115,178,361,3795,5166,5203
76116,68,679,8057,11124,11293
76117,105,279,6360,8637,8707
76118,31,267,3669,5023,5121
76119,149,356,8381,11355,11435
76120,4,168,2766,3831,3893
76123,61,487,7156,10008,10170
76126,13,407,4621,6478,6645
76127,0,0,216,294,294
76131,35,380,7951,11368,11494
76132,65,286,3885,5283,5385
76133,125,657,11288,15416,15604
76134,86,265,5691,7712,7767
76135,19,214,3427,4790,4858
76137,111,620,11294,15663,15853
76140,23,170,5401,7726,7741
76148,0,285,6263,8763,8878
76155,0,4,278,383,384
76164,103,163,3561,4886,4925
76177,27,157,2305,3283,3350
76179,38,706,13367,18725,19087
76180,36,345,6283,8912,9039
76182,21,775,7252,10299,10607
76205,2,37,487,692,704
76208,26,256,2171,3122,3229
76210,72,668,8053,11644,11906
76226,0,760,4066,5718,6026
76240,0,214,3943,5856,5927
76244,44,1484,15234,21544,22120
76248,81,1884,8935,12716,13416
76262,112,1275,7502,10611,11170
76301,52,316,6262,7233,7306
76302,65,226,3906,4553,4604
76305,20,56,1850,2227,2241
76306,0,236,5587,6490,6516
76308,72,351,5925,7063,7156
76309,90,246,4902,5524,5585
76310,0,247,5175,6089,6156
76311,0,0,607,709,709
76354,0,0,7,8,8
76367,4,14,274,323,325
76401,14,43,443,555,563
76501,25,129,2885,4117,4146
76502,0,414,8747,12393,12493
76504,116,341,4640,6725,6766
76513,87,759,7572,10566,10826
76522,32,167,4623,6354,6406
76539,0,52,1519,2138,2157
76541,153,358,4408,6280,6370
76542,55,520,9599,13556,13679
76543,127,350,6968,9644,9703
76544,0,77,2526,3456,3488
76548,53,283,6108,8719,8834
76549,0,408,10207,14386,14517
76559,26,84,1187,1690,1704
76574,0,0,5,9,9
76579,11,48,646,916,932
76630,0,3,78,122,123
76633,0,17,199,320,327
76640,21,77,681,1024,1037
76643,21,156,3361,5310,5364
76655,16,111,1286,2002,2047
76657,34,146,1767,2751,2810
76691,0,72,792,1232,1252
76701,45,135,560,836,866
76704,165,327,1786,2621,2667
76705,123,463,5961,9296,9390
76706,143,954,7125,10589,10841
76707,130,353,3414,5365,5403
76708,45,334,5613,8948,9038
76710,0,300,5260,8020,8085
76711,19,55,1985,3220,3233
76712,47,566,5845,9191,9418
76901,86,413,9009,9479,9565
76903,250,605,12344,13015,13147
76904,0,482,10214,10817,10937
76905,26,127,3040,3222,3248
77002,20,66,330,783,806
77003,0,252,1470,3320,3406
77004,151,824,3368,7616,7846
77005,0,1153,3778,6967,7640
77006,26,405,2167,4871,5096
77007,44,1084,4899,10296,10948
77008,105,1288,5978,12245,12980
77009,103,1029,5272,12332,12820
77010,0,3,12,22,24
77011,58,269,1915,5176,5234
77012,36,149,1569,4482,4514
77013,8,98,1258,3711,3745
77014,84,271,2373,6333,6417
77015,74,280,5148,14602,14706
77016,148,435,3297,9105,9216
77017,0,163,2754,7679,7741
77018,37,719,3947,8788,9156
77019,0,525,2241,4846,5174
77020,80,361,2933,7854,7934
77021,92,683,3388,8008,8241
77022,79,388,2854,7809,7880
77023,249,491,2733,7158,7261
77024,33,858,3661,7673,8057
77025,73,556,2784,6316,6528
77026,79,529,3265,8691,8761
77027,12,240,1263,2809,2951
77028,106,377,2213,5756,5844
77029,32,209,2321,6241,6317
77030,7,164,960,2100,2172
77031,14,109,1159,3436,3475
77032,91,175,1255,3430,3468
77033,170,565,3280,8775,8873
77034,75,310,3016,8277,8370
77035,40,503,3131,7787,7931
77036,41,309,2741,8003,8100
77037,0,93,2018,5784,5814
77038,0,171,2201,6273,6330
77039,0,202,2656,7385,7460
77040,69,423,4198,11211,11371
77041,0,775,4812,12048,12448
77042,115,329,2132,5350,5460
77043,0,319,2367,6320,6482
77044,195,646,4073,9993,10188
77045,10,522,3432,9493,9648
77046,1,5,29,66,67
77047,108,353,3499,9606,9743
77048,56,366,2189,5459,5583
77049,0,115,3328,9495,9543
77050,11,30,464,1250,1256
77051,40,249,1823,4872,4947
77053,64,256,3268,9036,9109
77054,37,131,831,2027,2065
77055,44,683,3382,8394,8701
77056,21,285,1511,3338,3496
77057,0,300,2070,5400,5544
77058,35,173,1434,3774,3843
77059,0,545,2507,5392,5719
77060,116,263,2075,6035,6090
77061,39,141,1759,4804,4848
77062,17,413,3191,8043,8241
77063,42,276,1851,5060,5174
77064,61,478,4720,11965,12173
77065,41,339,3068,8112,8211
77066,43,327,3158,8450,8553
77067,0,252,2297,6147,6254
77068,0,96,985,2546,2598
77069,0,172,1451,3791,3904
77070,0,397,3686,10018,10120
77071,0,250,2469,6616,6724
77072,0,397,4289,11489,11618
77073,22,305,3840,10768,10845
77074,53,205,2394,6526,6592
77075,57,314,3403,9382,9477
77076,62,378,2691,7589,7666
77077,0,554,4526,11687,11988
77078,38,231,1348,3681,3760
77079,0,588,2873,6491,6799
77080,0,362,3040,7849,8018
77081,0,72,1092,3067,3095
77082,0,610,4055,10452,10623
77083,189,717,6695,18539,18822
77084,215,860,9648,26419,26822
77085,0,145,1720,4745,4798
77086,135,440,2796,6927,7047
77087,29,455,3628,9482,9618
77088,211,731,5133,13865,13950
77089,0,454,5482,13974,14158
77090,0,171,1735,5091,5163
77091,80,356,2423,5968,6091
77092,46,414,2832,7522,7637
77093,56,645,5032,13682,13962
77094,9,369,1405,2914,3104
77095,118,689,7445,19303,19677
77096,76,621,3348,8022,8349
77098,0,217,1269,3013,3135
77099,27,418,3229,8752,8814
77301,77,258,1824,8442,8579
77302,0,420,1866,5919,6117
77303,0,78,919,3851,3902
77304,72,308,1754,6975,7118
77306,0,37,623,2841,2870
77316,0,353,1328,3962,4173
77318,0,139,1102,4359,4449
77327,4,188,1032,3759,3805
77328,0,77,962,4207,4237
77336,21,326,1313,4144,4243
77338,11,283,2584,10737,10857
77339,0,251,2266,8159,8301
77345,0,676,3076,6736,7078
77346,85,854,6747,16585,16943
77354,23,658,3664,11205,11616
77355,11,321,1671,5484,5695
77356,0,484,2566,7409,7698
77357,13,145,1463,6466,6565
77358,0,5,34,120,122
77362,0,88,536,1598,1655
77363,0,1,6,17,17
77365,0,547,2492,8874,9226
77372,13,84,1028,4359,4408
77373,0,369,4462,18142,18400
77375,0,907,4487,14784,15291
77377,21,556,3370,10218,10613
77378,11,104,709,2669,2712
77379,103,1200,8588,19927,20465
77380,30,247,1333,4917,5028
77381,0,732,2870,7963,8474
77382,52,1216,4037,9554,10351
77384,0,234,1506,5125,5295
77385,0,249,2219,7880,8001
77386,32,1055,5259,15201,15904
77388,143,829,5643,13856,14228
77389,0,943,3661,9598,10151
77396,145,458,4387,11860,12029
77401,0,895,3062,5647,6205
77406,27,678,3800,8528,8859
77407,211,771,5036,12086,12359
77429,72,1648,9672,22903,23786
77433,85,1787,8763,20227,21078
77441,11,255,1087,2626,2785
77447,0,72,431,1358,1392
77449,0,696,11484,31226,31574
77450,103,780,7865,19838,20515
77459,20,1210,8309,18997,19711
77469,0,366,3681,9629,9866
77471,82,256,2259,5759,5811
77477,44,346,3201,8751,8831
77478,0,644,3793,8657,9038
77479,0,2660,11929,25148,26679
77489,12,169,4328,11967,12064
77493,0,394,2440,8511,8677
77494,0,2751,11542,29661,31211
77498,15,676,5905,14620,14936
77502,58,242,3323,9591,9649
77503,0,224,2529,6852,6950
77504,33,136,1875,5385,5423
77505,0,217,2538,6829,6976
77506,58,223,2796,8205,8238
77507,3,47,304,718,733
77510,0,294,3514,6394,6538
77511,32,549,7958,15884,16061
77515,82,421,4598,9004,9142
77517,15,113,1630,3012,3064
77518,53,110,1171,2174,2190
77520,87,533,3097,12190,12301
77521,182,611,4460,16203,16467
77523,0,35,199,561,580
77530,41,332,3672,10208,10364
77531,23,182,2408,4578,4667
77532,45,255,1686,6225,6359
77534,0,39,317,569,595
77536,102,488,4344,11070,11331
77539,72,667,7651,14201,14448
77541,0,222,3345,6610,6683
77545,0,256,2903,7373,7531
77546,121,1241,8308,16461,17203
77547,11,54,1013,2807,2822
77550,362,870,5289,9484,9689
77551,163,364,3433,6326,6443
77554,61,636,4033,7278,7558
77562,0,181,1634,4331,4389
77563,56,278,2490,4529,4617
77564,0,0,2,11,11
77565,0,196,1592,2846,2953
77566,0,324,4541,9064,9231
77568,111,291,3360,6088,6168
77571,0,416,5450,13983,14256
77573,0,1976,14275,24858,25924
77578,13,387,3360,6250,6431
77581,0,973,7965,15638,16141
77583,23,244,2340,4483,4612
77584,0,1449,12406,24609,25372
77586,0,336,2846,6880,7131
77587,42,196,1719,4591,4647
77590,0,256,5895,10998,11132
77591,79,304,2420,4583,4658
77598,0,137,1499,3964,4021
77611,4,170,1018,3761,3823
77619,20,225,1559,6512,6571
77625,8,62,272,1007,1030
77627,9,249,2330,9044,9155
77630,88,423,2340,9595,9792
77632,0,67,479,1765,1797
77640,121,484,2474,9077,9244
77642,135,837,3571,11945,12166
77651,0,232,1706,5456,5614
77656,42,173,1238,5826,5933
77657,0,208,1535,7000,7136
77662,0,271,1810,7218,7306
77701,68,302,1523,6016,6109
77702,0,32,343,1294,1313
77703,0,346,1237,4495,4550
77705,0,339,2250,8531,8644
77706,128,466,2525,8854,9138
77707,66,302,1686,6417,6535
77708,16,97,964,3981,4025
77713,8,154,1004,3683,3743
77801,115,336,1348,3284,3352
77802,90,401,2949,8037,8168
77803,75,243,3131,9225,9310
77807,73,252,1230,3041,3133
77808,16,151,1236,3052,3133
77840,88,715,3151,7756,7965
77845,20,1426,7973,19279,19962
77901,30,504,5989,14661,14780
77904,0,355,3481,8677,8845
77905,8,31,253,573,584
77968,0,0,5,11,11
78006,0,3,19,33,35
78015,0,111,704,1221,1274
78023,0,474,4207,7748,8021
78026,0,44,839,1546,1571
78040,385,845,7889,10498,10583
78041,181,702,8452,11103,11262
78043,189,388,7134,9348,9415
78045,140,645,10272,13789,13985
78046,167,428,8944,11774,11893
78064,41,205,2255,4023,4077
78070,5,52,366,663,686
78073,1,21,295,551,556
78101,0,0,5,9,9
78108,0,380,6164,12429,12658
78109,56,336,7121,13864,14018
78112,0,1,10,20,20
78123,27,67,647,1282,1295
78124,0,4,41,79,81
78130,92,966,11386,22589,22980
78132,0,230,1409,2563,2670
78133,79,442,4540,8611,8806
78148,52,241,3293,6397,6501
78152,0,5,40,72,73
78154,79,581,6625,12921,13145
78155,87,423,5293,10662,10835
78201,250,649,6390,12255,12443
78202,75,311,2150,4034,4117
78203,89,204,1140,2102,2139
78204,62,239,2058,3768,3830
78205,0,20,318,605,616
78207,285,957,6673,12610,12842
78208,39,126,742,1314,1337
78209,37,927,6503,11750,12177
78210,71,557,6206,11619,11797
78211,214,356,4603,8753,8842
78212,159,709,4964,9022,9283
78213,33,380,5576,10673,10836
78214,43,312,3655,6998,7054
78215,12,53,379,701,716
78216,125,426,5294,10235,10349
78217,74,277,4639,9140,9233
78218,59,475,5112,9591,9819
78219,0,125,2831,5373,5417
78220,66,380,3199,5935,5977
78221,121,231,4974,9969,10049
78222,0,288,3799,7080,7173
78223,197,1075,7982,14828,15055
78224,25,97,2561,5061,5082
78225,0,162,2069,3886,3941
78226,31,43,1008,1954,1964
78227,78,413,6627,12776,12840
78228,243,816,9030,17105,17278
78229,8,180,1966,3770,3816
78230,22,508,5678,10804,10981
78231,9,158,1660,3088,3155
78232,34,504,5791,10988,11167
78233,77,445,7818,15131,15269
78234,2,47,607,1149,1172
78235,6,13,109,210,213
78236,4,36,460,878,893
78237,0,400,5649,10361,10477
78238,93,258,3649,7090,7133
78239,74,463,5301,10317,10496
78240,63,478,6438,12349,12525
78242,49,359,4253,8033,8123
78244,30,203,5052,10032,10154
78245,82,556,10543,20345,20571
78247,0,509,9006,17275,17538
78248,9,387,2459,4485,4643
78249,163,786,7890,14504,14756
78250,0,646,9081,17731,17874
78251,0,305,7534,14442,14559
78252,0,52,1407,2694,2716
78253,0,588,6423,11987,12245
78254,0,627,8396,16150,16480
78255,6,292,1751,3037,3194
78256,30,194,1145,2021,2097
78257,17,180,1354,2392,2444
78258,39,1050,7074,12560,13111
78259,33,382,4280,8062,8277
78260,0,674,5087,9120,9490
78261,26,481,3383,6189,6375
78263,0,10,100,182,187
78264,0,0,2,3,3
78266,26,285,1400,2500,2616
78336,144,349,3104,4877,4972
78358,1,6,57,93,95
78359,5,15,460,729,732
78362,0,38,895,1459,1473
78370,16,52,573,940,951
78373,0,133,2303,3426,3492
78374,75,318,3369,5247,5366
78380,0,355,3844,5685,5790
78382,125,437,6197,10231,10366
78387,29,253,1862,2856,2912
78390,50,149,1372,2140,2184
78401,41,94,934,1393,1408
78402,0,3,99,146,147
78404,52,309,3823,5599,5708
78405,22,167,3622,5339,5371
78406,0,0,146,218,218
78407,19,51,901,1352,1369
78408,0,87,2916,4317,4335
78409,15,46,848,1274,1286
78410,35,418,5743,8562,8684
78411,136,489,5928,8869,8996
78412,137,324,3676,5382,5470
78413,2,10,207,306,309
78415,240,731,7992,11742,11946
78416,113,231,3272,4857,4901
78417,0,31,960,1456,1463
78501,37,1024,10993,17962,18218
78503,0,312,3848,6087,6200
78504,0,676,10005,16219,16368
78516,91,489,5502,8937,8991
78520,106,662,5706,12988,13147
78521,21,866,8739,20302,20529
78526,0,384,4483,10170,10347
78539,21,615,6408,10430,10578
78541,44,251,3331,5353,5418
78542,0,294,5442,9073,9175
78572,358,1189,10149,15948,16209
78573,147,462,6354,10334,10460
78574,60,275,4060,6578,6672
78577,343,1045,9603,15247,15419
78589,137,284,6364,10456,10519
78596,0,1,7,11,11
78602,14,108,953,1900,1943
78610,0,301,2790,4966,5089
78613,23,1449,13721,22556,23234
78617,4,25,448,745,754
78623,2,12,85,156,159
78626,0,2,32,53,54
78628,0,54,459,731,755
78634,0,126,2714,4576,4636
78641,13,913,7403,12246,12626
78652,25,151,1031,1708,1766
78653,0,5,98,166,167
78655,0,0,4,9,9
78660,52,1259,15030,25838,26074
78664,146,812,9581,15947,16207
78665,0,787,7552,12350,12655
78666,240,767,6488,11704,11908
78681,17,1272,9907,16148,16751
78701,11,132,667,1059,1114
78702,63,462,3342,5582,5760
78703,11,574,3265,5122,5392
78704,67,619,5660,9195,9471
78705,113,391,1414,2141,2220
78717,29,685,4398,7093,7366
78719,0,15,429,729,735
78721,52,219,1789,2951,3033
78722,19,138,1018,1643,1700
78723,0,374,4248,7034,7178
78724,11,59,705,1226,1240
78725,2,13,240,406,412
78726,23,265,1696,2795,2905
78727,0,410,4414,7255,7426
78728,0,224,2871,4910,4985
78729,0,264,4363,7159,7291
78730,8,303,1619,2555,2693
78731,37,673,4393,7055,7373
78732,0,1,6,9,10
78733,0,483,1911,3012,3236
78735,0,438,2787,4524,4699
78736,0,134,1146,1937,1999
78737,0,130,565,911,967
78738,0,17,74,114,123
78739,17,930,3321,5170,5562
78741,121,351,3199,5355,5471
78742,3,7,153,261,263
78744,98,352,5645,9659,9746
78745,64,683,9324,15678,15869
78746,0,1428,5516,8658,9279
78747,0,173,3287,5684,5770
78748,0,774,8282,14270,14621
78749,0,943,6249,10301,10698
78750,8,686,4729,7731,8062
78751,11,168,1665,2677,2746
78752,72,182,1815,3071,3137
78753,76,421,5621,9425,9511
78754,0,203,3160,5416,5454
78756,0,186,1285,2114,2180
78757,41,462,4058,6660,6881
78758,274,618,5126,8620,8779
78759,114,871,6137,9973,10367
79015,0,490,5980,6260,6356
79101,14,50,1325,1368,1375
79102,107,238,3314,3397,3431
79103,150,228,3731,3800,3846
79104,25,94,2662,2728,2745
79106,205,644,9821,10087,10210
79107,240,501,10515,10754,10852
79108,35,169,4824,4953,4988
79109,152,731,14700,15081,15203
79110,73,219,7907,8036,8101
79111,5,12,332,336,338
79118,96,393,8521,8660,8739
79119,50,438,4733,4924,5035
79121,7,132,2369,2459,2492
79124,46,303,2888,3033,3089
79363,2,36,484,501,510
79364,0,0,12,12,12
79382,0,2,39,40,41
79401,162,293,1677,1784,1828
79403,109,310,4365,4479,4543
79404,114,338,4356,4484,4562
79407,127,375,5074,5211,5264
79410,74,254,3551,3628,3680
79411,84,165,2423,2499,2535
79412,81,138,4692,4744,4768
79413,168,536,7677,7925,8005
79414,152,235,5105,5194,5230
79415,157,329,4580,4680,4752
79416,189,637,9392,9790,9909
79423,121,891,12850,13282,13485
79424,238,1240,16151,16779,17017
79504,4,39,885,948,959
79508,0,8,545,561,564
79510,11,72,2029,2164,2175
79525,0,1,16,17,17
79536,3,51,1193,1258,1272
79562,1,25,453,479,483
79563,1,9,552,568,569
79601,186,528,7302,7628,7729
79602,61,555,9341,9956,10067
79603,138,378,8711,9098,9200
79605,90,359,10639,11111,11212
79606,92,342,7909,8252,8344
79607,3,14,608,625,628
79701,306,931,11347,11583,11736
79703,0,428,7266,7446,7514
79705,103,1348,11992,12595,12813
79706,51,874,9764,10093,10237
79707,285,1563,10643,11065,11407
79758,0,17,137,144,147
79761,12,585,11322,11638,11684
79762,251,878,13321,13795,13906
79763,224,753,9799,10034,10145
79764,242,852,7950,8192,8343
79765,42,441,4979,5153,5231
79766,30,108,1123,1176,1198
79901,247,682,2126,2198,2225
79902,475,1637,5347,5548,5604
79903,302,1109,5822,5899,5941
79904,346,1775,9127,9295,9323
79905,491,1758,6733,6851,6913
79906,39,243,1495,1510,1516
79907,565,2592,14250,14352,14439
79908,7,98,845,849,850
79911,8,44,195,198,200
79912,1019,4696,19343,19862,19982
79915,610,2272,10849,11016,11104
79922,182,876,3167,3273,3306
79924,611,3214,17705,17848,17956
79925,546,2328,11665,11796,11867
79927,26,120,651,659,661
79928,9,75,397,402,404
79930,302,1557,7435,7511,7564
79932,372,1426,5537,5692,5732
79934,123,493,2363,2409,2421
79935,179,917,5013,5085,5106
79936,831,5563,31429,31781,31909
79938,9,51,283,286,287
84003,0,2862,11135,11180,11180
84004,8,696,2011,2039,2039
84006,0,3,36,36,36
84009,7,1023,6985,7006,7006
84010,0,2116,11606,11653,11653
84014,0,344,1843,1850,1850
84015,0,3086,17191,17243,17243
84020,0,2722,12069,12142,12142
84025,0,1064,4982,5002,5002
84037,0,2524,9649,9746,9746
84040,0,1485,6760,6780,6780
84041,0,2049,12833,12872,12872
84042,0,610,2601,2617,2617
84043,0,3244,13777,13805,13805
84044,0,804,7558,7581,7581
84045,0,0,1,1,1
84047,0,999,7531,7561,7561
84054,0,901,5084,5115,5115
84056,0,101,1064,1065,1065
84057,0,1556,8422,8448,8448
84058,13,1220,6622,6656,6656
84062,0,1585,7225,7239,7239
84065,21,1889,10510,10541,10541
84067,0,1696,11647,11694,11694
84070,0,966,7626,7656,7656
84075,0,1417,6766,6780,6780
84081,11,1649,10888,10921,10921
84084,20,1082,9891,9921,9921
84087,0,904,4026,4034,4034
84088,0,1129,9527,9565,9565
84092,0,2271,8513,8625,8625
84093,0,1611,7373,7381,7381
84094,0,1228,8319,8352,8352
84095,0,1853,9486,9553,9553
84096,0,1422,9995,10005,10005
84097,6,1211,5583,5611,5611
84101,0,195,1141,1148,1148
84102,0,495,2896,2916,2916
84103,0,953,5001,5016,5016
84104,0,634,6274,6286,6286
84105,0,1348,6722,6742,6742
84106,0,1670,9595,9653,9653
84107,0,1188,8283,8308,8308
84108,0,1418,5611,5657,5657
84109,0,1471,6918,6946,6946
84111,0,250,1681,1693,1693
84112,0,29,105,108,108
84115,0,915,7042,7078,7078
84116,0,1012,7610,7656,7656
84117,0,1229,6615,6649,6649
84118,0,2262,18538,18557,18557
84119,0,1062,11380,11437,11437
84120,0,1290,12777,12777,12777
84121,0,2062,11635,11729,11729
84123,0,1055,9223,9242,9242
84124,0,1228,5612,5657,5657
84128,0,775,7571,7594,7594
84129,0,105,718,721,721
84315,0,154,793,796,796
84318,0,94,888,892,892
84321,0,667,9434,9510,9510
84326,0,15,120,120,120
84332,0,213,2334,2338,2338
84335,0,139,2240,2242,2242
84339,0,0,4,4,4
84340,0,72,457,459,459
84341,0,364,4072,4092,4092
84401,0,1701,9590,9619,9619
84403,0,2086,9809,9888,9888
84404,0,2474,15808,15872,15872
84405,0,1526,9108,9144,9144
84414,0,1490,7777,7816,7816
84532,0,2353,3387,3404,3404
84535,0,3,4,4,4
84536,1,36,46,47,47
84601,0,1301,6677,6697,6697
84604,0,1176,5380,5418,5418
84606,0,773,4050,4066,4066
84660,0,1366,6575,6581,6581
84663,0,1264,6210,6229,6229
84664,0,272,977,978,978
84720,0,0,1,1,1
84737,1,328,410,411,411
84738,3,1993,2504,2507,2507
84757,0,6,8,8,8
84758,0,14,25,25,25
84763,0,5,6,6,6
84764,0,74,127,127,127
84765,0,1646,2092,2092,2092
84767,0,55,70,70,70
84770,0,9986,12316,12340,12340
84775,0,10,17,17,17
84776,0,115,201,201,201
84779,0,3,4,4,4
84780,0,2809,3507,3507,3507
84790,39,10494,12955,12981,12981
20120,16,47,158,553,933
20121,5,11,16,60,175
20124,0,0,9,88,163
20147,1,1,3,9,14
20148,0,0,14,145,273
20151,5,11,113,270,523
20152,3,7,10,205,426
20164,52,60,68,169,277
20166,8,11,18,79,119
20170,0,8,40,409,891
20171,18,27,273,691,1037
20190,17,17,45,83,121
20191,0,3,20,130,260
20194,0,2,52,168,268
22003,0,11,22,120,299
22015,29,35,82,371,595
22027,0,0,15,77,121
22030,0,0,0,386,683
22031,0,0,54,247,452
22032,8,16,19,252,450
22033,0,13,167,385,603
22039,0,0,3,17,28
22042,0,0,2,30,54
22043,5,9,54,119,162
22046,0,0,1,3,4
22066,0,0,15,225,452
22101,0,0,0,1,1
22102,2,12,17,150,268
22124,0,0,72,237,405
22150,0,0,1,2,3
22151,0,0,0,40,90
22152,0,0,0,186,328
22153,3,4,32,97,162
22180,13,18,48,273,546
22181,0,2,69,246,371
22182,0,32,146,592,993
22201,0,1,1,5,7
22202,0,1,1,3,4
22209,0,0,1,13,25
22314,0,0,0,0,1
22601,108,139,177,254,331
22602,15,25,39,143,217
22603,17,26,28,47,83
22620,0,0,0,0,0
22624,1,1,1,2,3
22630,0,0,0,0,0
22655,0,4,9,53,127
22656,2,4,6,13,21
22663,0,1,2,13,21
22801,17,75,108,249,406
22802,65,102,140,189,232
22812,0,0,5,17,35
22821,0,1,5,8,12
22827,0,0,0,0,0
22831,0,0,0,0,0
22832,0,0,0,0,1
22841,4,5,7,14,16
22846,0,0,1,6,11
22901,24,37,153,293,421
22902,0,4,34,106,229
22903,45,115,175,300,365
22911,0,0,16,100,180
22936,0,2,7,25,40
22939,2,3,8,9,11
22940,0,0,0,0,0
22947,0,0,0,1,2
22952,0,2,3,4,5
22980,0,0,62,152,249
23005,23,31,78,152,210
23030,0,0,0,0,1
23059,0,0,76,624,984
23060,0,29,135,337,510
23069,0,1,3,5,6
23075,9,28,28,46,68
23103,4,5,5,19,39
23111,0,0,10,132,396
23112,33,41,57,260,455
23113,0,0,102,384,594
23114,0,0,25,149,244
23116,0,0,7,200,414
23120,0,0,0,49,95
23146,0,0,1,5,8
23150,11,13,19,59,67
23219,9,21,36,49,63
23220,73,213,308,485,705
23221,12,12,16,119,233
23222,35,98,161,231,308
23223,0,92,197,302,473
23224,172,250,313,360,383
23225,40,60,113,160,273
23226,0,8,12,211,326
23227,22,38,108,232,318
23228,99,132,157,264,330
23229,6,17,72,267,384
23230,22,37,46,78,117
23231,129,161,289,407,557
23233,0,0,103,236,385
23234,28,95,190,294,342
23235,10,20,54,123,206
23236,0,24,29,119,219
23237,32,32,51,71,128
23238,0,0,34,145,261
23294,33,36,59,99,135
23314,0,0,0,0,0
23320,240,285,390,630,840
23321,20,40,138,287,455
23322,108,170,433,851,1222
23323,0,0,68,204,464
23324,19,49,80,154,259
23325,5,24,34,53,101
23432,0,0,0,0,0
23433,0,0,6,31,50
23434,82,123,301,492,588
23435,26,70,96,270,418
23436,1,1,4,18,31
23451,41,102,317,593,838
23452,166,208,402,652,818
23453,10,82,174,297,482
23454,0,0,252,521,689
23455,0,41,96,315,629
23456,104,121,225,864,1245
23457,0,0,1,2,3
23462,66,182,464,563,762
23464,0,0,22,259,625
23502,47,70,99,140,199
23503,69,145,159,249,318
23504,15,84,167,236,305
23505,0,0,86,189,259
23507,35,48,68,102,147
23508,46,73,107,214,279
23509,37,40,84,143,198
23510,3,13,32,37,46
23511,0,1,6,9,13
23513,94,108,137,151,216
23517,5,5,7,21,33
23518,39,70,78,148,287
23523,64,95,126,144,185
23601,7,52,179,312,387
23602,0,37,102,231,286
23603,0,0,0,1,1
23604,0,5,9,18,25
23605,30,57,76,125,155
23606,45,84,114,158,242
23607,220,296,372,447,468
23608,0,26,70,122,192
23651,1,2,7,10,15
23661,25,81,91,151,212
23662,33,42,62,154,220
23663,0,35,69,100,147
23664,0,0,4,72,109
23665,0,1,5,7,7
23666,57,127,170,340,382
23669,0,117,339,480,620
23692,0,16,55,174,281
23693,0,6,44,230,385
23696,3,4,8,22,36
23701,39,133,172,227,266
23702,0,39,75,87,117
23703,81,107,128,215,282
23704,113,199,252,327,397
23707,83,117,171,258,313
23801,9,9,11,14,15
23803,96,246,397,670,834
23805,0,0,0,75,146
23831,46,74,120,296,388
23832,86,109,226,311,428
23834,26,70,131,270,384
23836,0,4,31,98,153
23838,0,0,59,127,200
23842,1,1,1,5,6
23860,68,169,280,364,441
23875,0,3,16,40,78
23885,0,0,1,2,4
24011,0,2,5,8,13
24012,91,171,272,353,444
24013,13,46,80,103,139
24014,0,16,68,162,272
24015,0,0,29,102,155
24016,36,56,94,128,143
24017,0,52,97,172,217
24018,21,43,64,236,494
24019,0,0,21,144,226
24060,0,110,343,577,803
24073,9,26,111,240,326
24077,0,0,1,11,20
24101,0,0,0,1,2
24149,0,0,0,0,0
24153,0,45,159,432,568
24175,0,1,2,9,14
24179,0,5,30,51,127
24251,3,14,26,36,48
24258,0,1,1,1,2
24290,4,14,19,25,33
24366,0,0,0,0,0
24401,0,0,58,158,250
24431,0,1,1,3,3
24437,0,0,0,0,0
24440,0,0,0,1,1
24441,0,1,5,8,11
24467,1,3,5,12,16
24471,0,0,0,0,0
24477,0,2,4,26,41
24482,3,3,3,3,3
24486,0,0,6,10,13
24501,135,207,287,350,431
24502,59,154,237,285,415
24503,4,20,56,96,164
24504,54,79,106,125,158
24527,0,0,0,0,0
24538,0,1,2,3,4
24540,35,106,134,254,303
24541,21,62,116,185,294
24550,1,1,2,4,4
24551,0,12,24,102,151
24572,10,25,40,57,67
24586,1,2,2,3,4
24588,6,11,12,17,21
24605,8,18,35,69,98
24613,0,0,0,0,0
24635,2,6,10,13,16
5401,287,5048,5216,5226,5226
5403,228,4024,4222,4222,4222
5404,73,1503,1549,1551,1551
5408,72,2101,2173,2173,2173
5446,29,867,887,887,887
5452,129,3375,3486,3486,3486
5482,1,18,19,19,19
5495,106,1746,1819,1821,1821
98001,0,23,80,456,615
98002,18,71,106,177,240
98003,10,88,156,303,489
98004,23,47,299,627,932
98005,0,0,182,390,564
98006,62,73,715,1295,1948
98007,4,11,101,231,321
98008,0,18,265,554,855
98010,0,0,30,86,121
98011,23,29,105,351,597
98012,0,0,0,204,912
98014,0,0,30,72,101
98019,0,9,105,183,274
98020,0,0,0,229,405
98021,18,26,370,750,1208
98022,16,41,289,569,742
98023,13,90,346,667,795
98024,17,26,76,124,163
98026,0,0,0,71,470
98027,15,29,220,504,724
98028,40,63,161,465,747
98029,0,0,245,549,830
98030,37,52,89,215,297
98031,31,51,379,583,757
98032,23,69,85,223,354
98033,18,37,489,904,1412
98034,0,54,293,748,1019
98036,0,20,81,212,454
98037,0,34,75,143,326
98038,0,0,203,536,788
98039,0,0,47,135,228
98040,6,42,468,809,1139
98042,12,12,300,724,1124
98043,0,10,46,81,202
98045,0,0,16,28,39
98047,4,10,40,53,73
98051,0,1,4,8,11
98052,0,49,619,1138,1658
98053,0,12,248,616,996
98055,22,65,163,239,331
98056,0,36,264,492,665
98057,0,9,99,144,171
98058,0,92,276,609,976
98059,10,21,481,952,1267
98065,0,0,261,449,663
98070,0,24,145,323,483
98072,0,0,237,537,832
98074,0,12,346,842,1236
98075,0,5,370,826,1234
98077,0,0,135,286,418
98087,0,36,50,72,259
98092,65,77,413,813,1046
98101,0,0,6,16,27
98102,6,23,28,103,234
98103,0,0,0,341,841
98104,0,1,4,14,26
98105,0,49,139,361,702
98106,0,54,210,332,427
98107,0,21,26,201,428
98108,0,0,140,398,648
98109,13,19,38,164,274
98110,13,26,188,525,843
98112,16,33,218,485,780
98115,0,39,104,755,1314
98116,0,0,0,205,545
98117,0,33,33,584,1191
98118,0,57,240,686,1120
98119,0,0,0,138,323
98121,0,2,3,18,35
98122,11,51,202,399,585
98125,0,0,47,195,454
98126,13,33,235,431,600
98133,0,50,89,278,546
98134,0,3,10,18,26
98136,0,15,20,174,446
98144,0,43,85,277,554
98146,0,39,273,475,592
98148,0,12,49,73,115
98155,39,62,209,456,696
98164,0,0,0,0,0
98166,7,59,291,443,568
98168,35,61,122,253,401
98177,0,0,19,229,603
98178,0,105,299,493,635
98188,23,46,110,168,226
98198,0,18,114,237,395
98199,0,19,32,250,724
98201,0,0,43,94,223
98203,0,31,94,323,480
98204,0,61,81,149,223
98208,0,0,15,163,444
98221,0,1,4,7,9
98223,0,29,86,243,365
98225,0,62,398,722,933
98226,0,60,206,284,387
98229,0,7,130,273,375
98232,1,1,1,3,5
98233,0,22,74,144,197
98258,0,42,71,268,692
98270,0,0,0,257,560
98271,6,19,32,77,200
98272,0,13,169,312,468
98273,0,0,123,159,281
98274,12,27,120,175,210
98275,0,0,0,202,410
98277,0,39,86,171,303
98284,0,9,34,69,142
98290,0,0,51,194,593
98294,0,3,5,8,32
98296,0,27,280,778,1294
98310,0,48,84,138,235
98311,0,0,92,242,356
98312,8,62,218,319,435
98314,0,0,2,9,16
98315,0,0,5,8,10
98321,0,0,76,278,462
98323,0,0,1,2,3
98327,0,29,86,135,167
98332,0,8,88,181,255
98333,0,0,0,20,38
98335,0,4,12,122,281
98337,9,20,37,68,88
98338,0,0,103,241,328
98345,0,0,0,1,3
98354,2,9,54,85,114
98359,0,0,49,92,142
98360,0,0,78,170,248
98366,0,57,204,396,589
98367,0,20,67,193,286
98370,11,14,32,62,94
98371,0,0,173,321,485
98372,0,0,124,297,420
98373,14,21,141,275,332
98374,11,23,239,582,787
98375,80,107,151,312,418
98383,13,17,96,214,341
98385,0,0,1,2,2
98387,0,0,155,520,661
98388,0,0,35,84,115
98390,4,13,56,108,160
98391,30,61,410,744,1063
98402,0,0,0,14,32
98403,0,9,19,26,85
98404,0,0,84,126,263
98405,0,0,21,63,169
98406,0,8,23,121,311
98407,0,0,0,205,427
98408,0,0,29,44,153
98409,0,22,82,148,200
98418,0,7,15,41,82
98422,0,7,125,347,524
98424,0,0,49,107,146
98433,0,0,33,62,89
98439,0,7,14,23,28
98443,0,13,54,125,169
98444,0,51,119,169,254
98445,0,31,122,224,387
98446,0,0,19,153,246
98465,0,0,10,28,60
98466,0,0,39,85,224
98467,0,22,58,124,157
98498,0,0,88,184,281
98499,0,43,177,276,347
98501,0,40,225,517,715
98502,0,72,121,271,374
98503,0,84,126,231,367
98506,0,17,100,214,297
98512,0,0,58,155,258
98513,9,37,148,332,499
98516,0,19,35,92,181
98604,9,27,36,117,287
98606,0,0,0,56,141
98607,0,29,48,231,674
98611,0,0,6,14,24
98626,0,0,0,16,42
98629,0,0,0,0,0
98632,36,97,133,230,374
98642,0,0,10,81,248
98660,0,22,36,79,154
98661,23,69,149,322,414
98662,0,52,176,290,445
98663,0,10,15,48,126
98664,7,13,20,148,215
98665,0,16,56,128,240
98671,0,0,11,114,285
98682,17,99,248,530,662
98683,0,0,0,113,283
98684,0,8,31,125,250
98685,0,0,39,338,569
98686,0,0,0,127,266
98801,45,146,280,414,470
98802,19,102,204,343,473
98828,0,0,0,0,0
98837,30,173,254,437,538
98901,10,72,125,225,288
98902,54,214,268,308,388
98903,0,0,58,128,186
98908,0,36,190,380,499
98922,0,0,0,0,0
98926,0,67,181,235,336
98937,0,1,4,7,9
98942,46,78,129,166,198
99004,0,16,40,57,79
99005,1,1,5,8,10
99016,47,64,181,326,414
99019,0,6,123,240,328
99021,8,8,30,69,99
99023,0,0,1,2,4
99025,0,0,17,40,61
99026,0,5,10,13,15
99027,0,0,20,47,70
99036,0,0,0,0,0
99037,24,33,99,189,241
99201,0,52,106,155,189
99202,57,123,175,226,324
99203,0,24,128,256,346
99204,0,0,9,20,32
99205,46,168,259,366,457
99206,11,78,213,280,436
99207,0,87,222,319,348
99208,29,118,398,575,766
99212,0,8,92,145,175
99216,65,87,123,167,203
99217,15,84,199,298,367
99218,0,6,84,166,195
99223,0,17,295,495,712
99224,18,24,122,208,275
99301,172,517,733,927,1272
99320,0,2,5,7,9
99323,2,5,12,29,56
99336,162,298,460,569,677
99337,0,64,320,575,690
99338,20,85,249,418,542
99352,0,30,259,508,688
99353,26,79,214,292,388
99354,22,72,173,246,311
99403,0,58,123,299,383
