zip,panels_1_years_8000_incentive,panels_2_years_8000_incentive,panels_3_years_8000_incentive,panels_4_years_8000_incentive,panels_5_years_8000_incentive
99501,0,23,43,102,148
99502,0,0,83,211,300
99503,10,23,31,55,81
99504,23,45,98,174,234
99506,9,10,12,16,16
99507,0,0,98,262,345
99508,14,32,82,150,182
99515,27,32,97,161,253
99516,0,0,7,95,200
99517,0,0,4,78,126
99518,0,6,21,42,71
99701,0,0,8,42,88
99703,0,1,2,2,3
99709,32,52,52,92,128
99712,0,0,1,3,9
35004,2,2,2,2,2
35005,44,44,44,44,44
35007,300,300,300,300,300
35014,2,2,2,2,2
35020,496,496,496,496,496
35022,351,351,351,351,351
35023,122,122,122,122,122
35040,77,77,77,77,77
35043,0,0,0,0,0
35044,0,0,0,0,0
35051,0,0,0,0,0
35055,279,279,279,279,279
35057,13,13,13,13,13
35058,16,16,16,16,16
35061,7,7,7,7,7
35064,143,143,143,143,143
35068,63,63,63,63,63
35071,272,272,272,272,272
35072,0,0,0,0,0
35073,2,2,2,2,2
35077,13,13,13,13,13
35080,241,241,241,241,241
35094,101,101,101,101,101
35096,6,6,6,6,6
35111,41,41,41,41,41
35114,108,108,108,108,108
35115,34,34,34,34,34
35116,6,6,6,6,6
35117,103,103,103,103,103
35118,19,19,19,19,19
35124,480,480,480,480,480
35126,67,67,67,67,67
35127,74,74,74,74,74
35147,25,25,25,25,25
35150,182,182,182,182,182
35151,11,11,11,11,11
35160,129,129,129,129,129
35173,495,495,495,495,495
35176,3,3,3,3,3
35179,9,9,9,9,9
35184,0,0,0,0,0
35188,0,0,0,0,0
35203,46,46,46,46,46
35204,286,286,286,286,286
35205,211,211,211,211,211
35206,298,298,298,298,298
35207,298,298,298,298,298
35208,209,209,209,209,209
35209,329,329,329,329,329
35210,194,194,194,194,194
35211,557,557,557,557,557
35212,404,404,404,404,404
35213,511,511,511,511,511
35214,320,320,320,320,320
35215,573,573,573,573,573
35216,450,450,450,450,450
35217,353,353,353,353,353
35218,163,163,163,163,163
35221,106,106,106,106,106
35222,191,191,191,191,191
35223,495,495,495,495,495
35224,102,102,102,102,102
35226,839,839,839,839,839
35228,192,192,192,192,192
35233,89,89,89,89,89
35234,183,183,183,183,183
35235,233,233,233,233,233
35242,1388,1388,1388,1388,1388
35243,474,474,474,474,474
35244,570,570,570,570,570
35401,906,906,906,906,906
35404,411,411,411,411,411
35405,466,466,466,466,466
35406,350,350,350,350,350
35444,0,0,0,0,0
35452,0,0,0,0,0
35453,68,68,68,68,68
35456,22,22,22,22,22
35463,1,1,1,1,1
35473,218,218,218,218,218
35474,28,28,28,28,28
35475,73,73,73,73,73
35476,185,185,185,185,185
35490,3,3,3,3,3
35601,336,336,336,336,336
35603,260,260,260,260,260
35611,307,307,307,307,307
35613,247,247,247,247,247
35614,33,33,33,33,33
35616,1,1,1,1,1
35630,534,534,534,534,534
35633,53,53,53,53,53
35634,10,10,10,10,10
35645,7,7,7,7,7
35660,182,182,182,182,182
35661,159,159,159,159,159
35671,13,13,13,13,13
35673,18,18,18,18,18
35674,93,93,93,93,93
35741,84,84,84,84,84
35748,19,19,19,19,19
35749,561,561,561,561,561
35750,2,2,2,2,2
35754,4,4,4,4,4
35756,274,274,274,274,274
35757,291,291,291,291,291
35758,909,909,909,909,909
35759,126,126,126,126,126
35761,70,70,70,70,70
35763,338,338,338,338,338
35773,13,13,13,13,13
35775,2,2,2,2,2
35801,689,689,689,689,689
35802,303,303,303,303,303
35803,320,320,320,320,320
35805,379,379,379,379,379
35806,326,326,326,326,326
35808,67,67,67,67,67
35810,276,276,276,276,276
35811,520,520,520,520,520
35816,275,275,275,275,275
35824,163,163,163,163,163
35901,172,172,172,172,172
35903,75,75,75,75,75
35904,86,86,86,86,86
35905,1,1,1,1,1
35906,2,2,2,2,2
35950,138,138,138,138,138
35951,46,46,46,46,46
35954,68,68,68,68,68
35956,7,7,7,7,7
35957,99,99,99,99,99
35976,71,71,71,71,71
35980,3,3,3,3,3
36020,24,24,24,24,24
36022,35,35,35,35,35
36025,26,26,26,26,26
36043,6,6,6,6,6
36054,163,163,163,163,163
36064,9,9,9,9,9
36066,295,295,295,295,295
36067,281,281,281,281,281
36079,19,19,19,19,19
36081,159,159,159,159,159
36092,64,64,64,64,64
36093,93,93,93,93,93
36104,262,262,262,262,262
36105,127,127,127,127,127
36106,227,227,227,227,227
36107,152,152,152,152,152
36108,640,640,640,640,640
36109,489,489,489,489,489
36110,167,167,167,167,167
36111,219,219,219,219,219
36112,0,0,0,0,0
36113,3,3,3,3,3
36115,1,1,1,1,1
36116,631,631,631,631,631
36117,631,631,631,631,631
36201,199,199,199,199,199
36203,133,133,133,133,133
36205,17,17,17,17,17
36206,72,72,72,72,72
36207,144,144,144,144,144
36250,0,0,0,0,0
36260,1,1,1,1,1
36265,103,103,103,103,103
36268,5,5,5,5,5
36277,6,6,6,6,6
36301,399,399,399,399,399
36303,510,510,510,510,510
36305,143,143,143,143,143
36312,0,0,0,0,0
36321,1,1,1,1,1
36322,35,35,35,35,35
36330,329,329,329,329,329
36345,69,69,69,69,69
36350,20,20,20,20,20
36351,1,1,1,1,1
36360,173,173,173,173,173
36362,31,31,31,31,31
36376,0,0,0,0,0
36509,28,28,28,28,28
36511,2,2,2,2,2
36523,12,12,12,12,12
36526,449,449,449,449,449
36527,271,271,271,271,271
36530,2,2,2,2,2
36532,817,817,817,817,817
36535,353,353,353,353,353
36541,44,44,44,44,44
36542,109,109,109,109,109
36544,83,83,83,83,83
36551,113,113,113,113,113
36555,15,15,15,15,15
36561,234,234,234,234,234
36567,111,111,111,111,111
36571,204,204,204,204,204
36572,61,61,61,61,61
36575,212,212,212,212,212
36576,46,46,46,46,46
36580,49,49,49,49,49
36582,315,315,315,315,315
36587,12,12,12,12,12
36602,46,46,46,46,46
36603,253,253,253,253,253
36604,214,214,214,214,214
36605,527,527,527,527,527
36606,231,231,231,231,231
36607,229,229,229,229,229
36608,661,661,661,661,661
36609,380,380,380,380,380
36610,309,309,309,309,309
36611,146,146,146,146,146
36612,99,99,99,99,99
36613,114,114,114,114,114
36617,162,162,162,162,162
36618,197,197,197,197,197
36619,219,219,219,219,219
36693,277,277,277,277,277
36695,740,740,740,740,740
36752,0,0,0,0,0
36801,227,227,227,227,227
36804,60,60,60,60,60
36830,611,611,611,611,611
36832,179,179,179,179,179
36856,7,7,7,7,7
36867,522,522,522,522,522
36869,390,390,390,390,390
36870,357,357,357,357,357
36875,4,4,4,4,4
36877,100,100,100,100,100
36879,1,1,1,1,1
71601,357,480,6081,6726,6815
71602,74,326,5445,6048,6109
71603,340,868,11095,12327,12504
71837,0,0,5,6,6
71854,513,955,10551,11733,11829
71901,91,333,4817,5955,6004
71913,142,467,8338,9994,10095
71956,0,0,6,8,8
71964,1,2,99,118,118
71968,0,1,36,43,43
72002,48,204,3118,3659,3707
72007,48,89,1533,1742,1771
72011,1,21,331,382,387
72012,52,132,3038,3435,3470
72015,218,504,8532,9778,9867
72019,101,307,4660,5470,5576
72022,38,185,4725,5390,5445
72023,48,476,10581,11807,11854
72065,4,11,139,159,161
72068,0,0,13,15,15
72076,288,624,9935,11819,11963
72081,2,11,307,338,340
72082,3,6,232,262,263
72086,12,79,1315,1485,1502
72103,47,97,2712,3107,3129
72113,42,374,5956,6766,6876
72114,211,419,3339,3873,3945
72116,124,347,4349,5084,5141
72117,179,398,4661,5512,5552
72118,125,270,5414,6161,6224
72120,95,397,7766,9308,9421
72135,4,21,227,263,271
72142,23,47,649,749,755
72143,107,257,5280,5888,5942
72167,0,1,9,11,11
72176,31,105,1839,2072,2087
72201,21,66,510,591,608
72202,112,250,2379,2794,2863
72204,180,480,6231,7371,7461
72205,116,368,4515,5136,5251
72206,331,731,7295,8531,8627
72207,45,261,2046,2401,2466
72209,245,426,5615,6377,6415
72210,57,132,3006,3513,3549
72211,54,343,4468,5235,5321
72212,64,404,2816,3386,3524
72223,118,604,4359,5113,5300
72227,104,259,1976,2315,2395
72364,1,1,23,26,27
72376,0,0,2,2,2
72401,601,1217,14138,15972,16118
72404,126,337,6127,6941,7018
72411,0,1,32,36,36
72416,13,27,523,595,598
72417,0,0,56,63,63
72701,612,1003,8078,8324,8460
72703,187,667,7161,7386,7468
72704,223,528,6100,6233,6361
72712,545,1517,9990,10407,10674
72718,11,45,352,368,377
72719,82,230,2646,2692,2728
72730,26,52,1425,1444,1454
72745,35,82,2426,2456,2474
72753,0,0,1,1,1
72756,79,305,6059,6556,6602
72758,236,823,8324,8595,8744
72762,387,832,11245,11573,11714
72764,345,715,12057,12180,12291
72774,0,0,2,2,2
72801,183,343,4932,5441,5502
72802,23,118,2258,2463,2490
72834,23,49,991,1084,1094
72837,0,1,14,16,16
72847,6,10,172,189,190
72858,4,18,285,310,315
72901,171,314,6802,7088,7138
72903,183,448,7915,8173,8280
72904,237,410,6049,6286,6337
72908,59,178,4778,4901,4946
72916,94,261,2240,2349,2402
72921,8,20,341,355,360
72923,13,55,1606,1646,1654
72941,1,5,112,115,116
72956,288,555,10260,10527,10633
85003,120,2118,2216,2227,2227
85004,111,1528,1619,1627,1627
85006,338,6814,7026,7047,7047
85007,225,4696,4858,4877,4877
85008,201,10323,10534,10555,10555
85009,404,13091,13482,13482,13482
85012,152,2083,2219,2228,2228
85013,248,5453,5599,5627,5627
85014,207,6479,6646,6660,6660
85015,264,7976,8216,8240,8240
85016,639,9662,10119,10149,10149
85017,309,7754,7857,7912,7912
85018,870,11163,11843,11926,11926
85019,162,6552,6687,6727,6727
85020,282,10104,10439,10449,10449
85021,361,8955,9214,9242,9242
85022,465,14637,15027,15027,15027
85023,277,9671,9879,9889,9889
85024,286,7493,7686,7709,7709
85027,374,11755,12033,12057,12057
85028,390,7741,8115,8123,8123
85029,390,11904,12147,12184,12184
85031,124,6763,6901,6915,6915
85032,687,20177,20802,20823,20823
85033,136,12127,12275,12324,12324
85034,200,3008,3144,3166,3166
85035,67,9487,9603,9622,9622
85037,364,12687,13012,13012,13012
85040,267,9271,9451,9508,9508
85041,286,17361,17825,17897,17897
85042,353,12175,12604,12604,12604
85043,191,9762,10014,10034,10034
85044,277,11983,12549,12574,12574
85045,146,2097,2320,2320,2320
85048,463,10928,11587,11599,11599
85050,908,9893,10695,10695,10695
85051,192,11022,11259,11270,11270
85053,243,8803,8983,9010,9010
85054,85,1262,1322,1329,1329
85083,483,5912,6363,6363,6363
85085,313,3971,4163,4167,4167
85118,173,6002,6175,6175,6175
85119,211,9795,10026,10046,10046
85120,284,13908,14135,14206,14206
85132,126,3220,3303,3316,3316
85140,171,10317,10647,10658,10658
85142,613,19348,20370,20411,20411
85143,265,12953,13245,13272,13272
85201,198,10207,10384,10405,10405
85202,157,9040,9253,9272,9272
85203,287,9935,10232,10263,10263
85204,151,16441,16760,16794,16794
85205,338,16390,16880,16914,16914
85206,280,14378,14642,14716,14716
85207,629,18143,19039,19077,19077
85208,254,15575,15749,15812,15812
85209,438,15760,16149,16230,16230
85210,233,8739,8927,8963,8963
85212,216,7049,7451,7451,7451
85213,367,10901,11486,11486,11486
85215,435,7982,8350,8367,8367
85224,330,13334,13691,13732,13732
85225,446,19740,20247,20288,20288
85226,392,12075,12644,12657,12657
85233,398,12265,12791,12829,12829
85234,527,15638,16445,16478,16478
85248,800,15292,15932,16012,16012
85249,981,14672,16104,16120,16120
85250,401,6955,7283,7298,7298
85251,539,10059,10503,10534,10534
85253,1087,7374,8361,8378,8378
85254,1231,15688,16636,16653,16653
85255,1071,15865,17247,17265,17265
85256,106,1726,1780,1794,1794
85257,466,9166,9489,9518,9518
85258,865,9834,10510,10563,10563
85259,801,7870,8602,8602,8602
85260,693,12152,12768,12794,12794
85262,819,5567,6242,6255,6255
85266,648,6250,6870,6870,6870
85268,570,9729,10351,10393,10393
85281,563,10478,10760,10847,10847
85282,418,14417,14879,14909,14909
85283,289,11623,12021,12045,12045
85284,491,6598,7227,7234,7234
85286,311,12711,13467,13494,13494
85295,567,12666,13489,13503,13503
85296,498,13856,14632,14647,14647
85297,242,9880,10533,10533,10533
85298,631,11661,12595,12607,12607
85301,336,12605,12902,12954,12954
85302,291,10393,10716,10759,10759
85303,142,8689,8830,8848,8848
85304,270,8473,8717,8726,8726
85305,49,3177,3255,3255,3255
85306,218,7912,8073,8073,8073
85307,15,2888,2917,2917,2917
85308,827,22263,22975,22998,22998
85310,355,7185,7555,7563,7563
85323,173,11324,11555,11566,11566
85326,333,14875,15132,15147,15147
85329,6,151,153,154,154
85331,953,13466,14447,14462,14462
85335,272,10696,10859,10892,10892
85338,345,12052,12348,12361,12361
85339,581,13053,13471,13485,13485
85340,443,9696,10029,10059,10059
85345,577,18822,19207,19226,19226
85350,6,216,220,221,221
85351,509,16714,16867,16969,16969
85353,236,10524,10706,10717,10717
85355,142,3933,4075,4075,4075
85363,45,2220,2242,2246,2246
85364,867,19577,20102,20162,20162
85365,619,13670,14036,14092,14092
85367,217,8488,8618,8661,8661
85373,267,8635,8893,8902,8902
85374,603,17718,18229,18266,18266
85375,273,16765,17039,17056,17056
85377,18,218,232,234,234
85378,103,3381,3422,3439,3439
85379,318,14138,14456,14456,14456
85381,262,8175,8420,8437,8437
85382,388,14512,14840,14915,14915
85383,879,16950,17937,17937,17937
85387,71,3480,3566,3570,3570
85388,380,8951,9257,9266,9266
85392,314,10951,11186,11197,11197
85395,759,10712,11301,11335,11335
85396,150,3163,3274,3278,3278
85607,242,5603,5741,5764,5764
85621,94,3074,3214,3240,3240
85626,10,105,110,111,111
85648,34,2184,2248,2254,2254
85658,145,3312,3454,3454,3454
85701,132,1815,1894,1907,1907
85704,493,11373,11702,11761,11761
85705,669,14681,15168,15183,15183
85706,451,12584,12880,12919,12919
85708,10,660,664,666,666
85710,428,16810,17050,17084,17084
85711,391,13180,13436,13476,13476
85712,286,10006,10190,10211,10211
85713,457,13603,13783,13852,13852
85714,119,4892,4947,4972,4972
85715,218,7091,7258,7272,7272
85716,377,10483,10753,10785,10785
85718,822,10680,11376,11421,11421
85719,601,11584,11921,12005,12005
85730,307,12578,12719,12770,12770
85735,4,192,195,196,196
85736,1,15,15,15,15
85737,457,7805,8132,8148,8148
85739,4,72,75,75,75
85741,182,11227,11340,11363,11363
85742,382,9680,10041,10051,10051
85743,90,2138,2202,2204,2204
85745,595,12136,12604,12642,12642
85746,366,12339,12554,12591,12591
85747,300,8073,8331,8339,8339
85748,307,7456,7656,7671,7671
85749,433,8007,8457,8474,8474
85750,553,9649,10212,10232,10232
85755,267,7080,7414,7421,7421
85756,176,7176,7286,7315,7315
85757,73,2209,2264,2268,2268
85901,114,3864,3911,3927,3927
85929,66,1901,1944,1948,1948
86001,481,8069,8365,8432,8432
86004,297,6656,6884,6905,6905
86005,2,53,55,55,55
86011,1,16,17,17,17
86040,60,2531,2604,2607,2607
86301,241,9797,10008,10028,10028
86303,224,4416,4562,4581,4581
86305,162,5079,5194,5215,5215
86314,269,13280,13469,13482,13482
86315,47,1721,1745,1750,1750
86323,57,3504,3547,3551,3551
86325,0,13,13,13,13
86327,75,2094,2143,2147,2147
86329,0,109,109,109,109
86336,421,6732,6992,7013,7013
86351,92,1799,1868,1872,1872
86403,106,8139,8847,8874,8874
86404,211,7351,7524,7532,7532
86406,425,11171,11424,11470,11470
86434,0,1,1,1,1
90001,196,9375,9807,9827,9827
90002,194,7875,8371,8422,8422
90003,152,11195,11628,11674,11674
90004,165,6293,6603,6610,6610
90005,49,1669,1726,1737,1737
90006,90,4357,4488,4501,4501
90007,168,3787,3979,4015,4015
90008,183,5788,6056,6093,6093
90010,5,287,304,305,305
90011,180,12234,12747,12798,12798
90012,40,1513,1593,1599,1599
90013,36,508,551,557,557
90014,15,217,235,238,238
90015,34,1598,1700,1709,1709
90016,214,8839,9266,9285,9285
90017,22,531,558,562,562
90018,166,7959,8257,8290,8290
90019,255,10136,10582,10625,10625
90020,37,1536,1600,1606,1606
90021,102,1482,1605,1623,1623
90022,186,10483,10876,10942,10942
90023,96,7071,7404,7426,7426
90024,196,3317,3618,3633,3633
90025,247,4381,4732,4746,4746
90026,169,9384,9860,9900,9900
90027,165,6194,6605,6618,6618
90028,78,2004,2097,2112,2112
90029,52,3571,3709,3724,3724
90031,70,5568,5783,5800,5800
90032,74,7563,8160,8169,8169
90033,139,5969,6266,6310,6310
90034,174,6583,6960,6967,6967
90035,260,4854,5311,5311,5311
90036,271,5126,5519,5541,5541
90037,175,8090,8332,8365,8365
90038,74,3063,3185,3198,3198
90039,115,6608,7153,7161,7161
90040,76,3077,3294,3308,3308
90041,108,5266,5669,5675,5675
90042,143,8752,9546,9565,9565
90043,263,10940,11871,11943,11943
90044,276,14327,15262,15354,15354
90045,138,9355,10551,10583,10583
90046,171,6351,6843,6850,6850
90047,219,11898,12866,12905,12905
90048,147,4201,4606,4611,4611
90049,303,7251,8194,8210,8210
90056,60,2301,2602,2615,2615
90057,42,1388,1431,1439,1439
90058,53,1975,2097,2112,2112
90059,189,6524,6923,6979,6979
90061,116,5374,5764,5810,5810
90062,125,6305,6569,6589,6589
90063,101,8706,9127,9145,9145
90064,190,6395,7021,7035,7035
90065,241,8687,9243,9271,9271
90066,333,10587,11460,11494,11494
90067,7,191,211,212,212
90068,126,4294,4664,4683,4683
90069,157,3149,3409,3415,3415
90077,108,2494,2919,2928,2928
90094,5,319,353,355,355
90201,40,12590,13144,13171,13171
90210,379,5933,6835,6876,6876
90211,62,1568,1720,1729,1729
90212,37,1874,2068,2076,2076
90220,138,10724,11448,11505,11505
90221,71,9595,10197,10217,10217
90222,161,6347,6668,6709,6709
90230,181,5699,6203,6209,6209
90232,165,3751,4097,4114,4114
90240,71,5920,6450,6457,6457
90241,45,8445,8994,9003,9003
90242,51,7900,8414,8423,8423
90245,159,4566,5115,5125,5125
90247,158,8838,9247,9293,9293
90248,51,4038,4264,4282,4282
90249,86,6631,7116,7137,7137
90250,66,15397,16384,16450,16450
90254,107,4411,5097,5107,5107
90255,109,9383,9838,9887,9887
90260,70,7376,7732,7740,7740
90262,173,10239,10780,10812,10812
90265,53,4980,5917,5935,5935
90266,194,9672,11385,11396,11396
90270,25,3360,3489,3503,3503
90272,223,6270,7678,7693,7693
90274,100,7415,9114,9123,9123
90275,237,11718,13953,13995,13995
90277,67,7422,8397,8405,8405
90278,163,9491,10839,10850,10850
90280,92,14712,15294,15325,15325
90290,60,1411,1622,1626,1626
90291,294,6089,6677,6691,6691
90292,60,1497,1671,1675,1675
90293,15,1647,1841,1848,1848
90301,87,5442,5808,5820,5820
90302,57,4490,4761,4785,4785
90303,102,5009,5346,5352,5352
90304,86,4267,4492,4501,4501
90305,89,4149,4424,4438,4438
90401,36,644,704,708,708
90402,164,2872,3331,3341,3341
90403,180,2767,3087,3106,3106
90404,79,3058,3297,3307,3307
90405,249,5004,5490,5523,5523
90501,206,9072,9796,9806,9806
90502,83,4374,4624,4638,4638
90503,80,9128,9989,10019,10019
90504,63,8212,8989,9025,9025
90505,110,8958,9977,9997,9997
90601,186,7512,8045,8077,8077
90602,39,4619,4852,4857,4857
90603,133,5502,6022,6034,6034
90604,86,8770,9492,9502,9502
90605,97,9025,9644,9663,9663
90606,0,7109,7572,7579,7579
90620,25,7181,12445,12558,12558
90621,26,3835,6519,6552,6552
90623,52,2608,4293,4332,4332
90630,0,7816,13362,13442,13442
90631,0,10736,16701,16785,16785
90638,176,12289,13450,13490,13490
90640,299,12211,12953,13005,13005
90650,44,20928,22150,22217,22217
90660,173,13381,14302,14345,14345
90670,132,5605,6001,6025,6025
90680,48,3495,5955,5997,5997
90701,50,3889,4128,4140,4140
90703,59,13262,14579,14623,14623
90706,215,14498,15297,15359,15359
90710,76,5520,5842,5860,5860
90712,70,9180,9925,9935,9935
90713,120,8326,9223,9241,9241
90715,47,3994,4299,4304,4304
90716,19,2305,2391,2398,2398
90717,130,5075,5635,5652,5652
90720,0,4282,7118,7211,7211
90723,86,9163,9555,9584,9584
90731,234,11432,12280,12304,12304
90732,85,5105,5692,5704,5704
90740,0,3691,6242,6267,6267
90744,118,9276,9796,9816,9816
90745,238,12123,13236,13262,13262
90746,66,7566,8219,8243,8243
90755,25,2565,2782,2788,2788
90802,89,2855,3039,3057,3057
90803,144,7658,8453,8461,8461
90804,81,5411,5763,5775,5775
90805,69,16479,17167,17219,17219
90806,68,7089,7480,7502,7502
90807,116,7456,8267,8284,8284
90808,177,12098,13583,13597,13597
90810,78,7270,7795,7834,7834
90813,147,6344,6652,6692,6692
90814,29,3832,4135,4152,4152
90815,96,10877,11955,11991,11991
91001,180,8333,9448,9448,9448
91006,271,8591,9666,9685,9685
91007,102,7214,7842,7858,7858
91008,7,450,517,517,517
91010,94,5779,6269,6295,6295
91011,61,4970,6036,6048,6048
91016,126,9782,10476,10518,10518
91020,60,1446,1535,1545,1545
91024,39,2610,2991,3000,3000
91030,117,3974,4501,4506,4506
91040,40,5181,5675,5692,5692
91042,57,5833,6287,6306,6306
91101,69,1299,1400,1406,1406
91103,63,4347,4801,4825,4825
91104,103,6664,7351,7381,7381
91105,35,2308,2688,2693,2693
91106,54,3502,3883,3895,3895
91107,294,8256,9481,9490,9490
91108,38,3487,4173,4186,4186
91201,45,4218,4468,4468,4468
91202,123,3837,4083,4099,4099
91203,35,1576,1669,1672,1672
91204,44,1861,1928,1934,1934
91205,96,3970,4140,4161,4161
91206,57,4349,4755,4779,4779
91207,49,2362,2548,2553,2553
91208,118,3644,3932,3940,3940
91214,167,6962,7946,7946,7946
91301,118,6247,7378,7393,7393
91302,156,6489,7780,7788,7788
91303,52,3106,3212,3216,3216
91304,68,8947,9777,9777,9777
91306,170,8415,8915,8933,8933
91307,80,6975,7995,8019,8019
91311,93,9451,10363,10384,10384
91316,191,4831,5129,5150,5150
91320,111,10088,13878,13920,13920
91321,38,5860,6276,6295,6295
91324,184,5735,6097,6109,6109
91325,206,6226,6625,6652,6652
91326,21,9052,10296,10296,10296
91331,181,17085,18027,18063,18063
91335,235,12579,13076,13089,13089
91340,86,6928,7173,7194,7194
91342,230,16506,17672,17690,17690
91343,425,10153,10610,10642,10642
91344,162,13356,14680,14709,14709
91345,163,4299,4502,4525,4525
91350,41,9104,10159,10159,10159
91351,42,7886,8418,8435,8435
91352,210,10018,10480,10490,10490
91354,48,7107,8042,8050,8050
91355,89,7232,8084,8108,8108
91356,98,5399,6096,6108,6108
91360,0,9471,12552,12628,12628
91361,14,5694,7094,7137,7137
91362,11,8188,11032,11121,11121
91364,14,6345,7180,7202,7202
91367,89,7925,8847,8874,8874
91377,45,3019,4078,4107,4107
91381,96,4096,4774,4779,4779
91384,0,29,32,32,32
91387,61,3488,3768,3795,3795
91390,91,2496,2846,2849,2849
91401,191,6495,6816,6837,6837
91402,70,6805,7009,7037,7037
91403,155,4067,4438,4443,4443
91405,143,5812,5925,5967,5967
91406,216,8991,9339,9376,9376
91411,73,3137,3292,3302,3302
91423,153,5251,5666,5672,5672
91436,269,4038,4622,4636,4636
91501,7,3282,3451,3454,3454
91502,24,1482,1523,1528,1528
91504,172,5738,6143,6149,6149
91505,227,8196,8730,8756,8756
91506,223,5296,5707,5724,5724
91601,189,4978,5236,5257,5257
91602,120,2825,3006,3012,3012
91604,173,5240,5754,5771,5771
91605,274,9350,9791,9801,9801
91606,225,6749,7017,7038,7038
91607,118,4141,4351,4369,4369
91701,72,11299,12045,12057,12057
91702,62,11845,12482,12494,12494
91706,124,14702,15476,15507,15507
91708,11,1751,1808,1811,1811
91709,120,18498,19998,20038,20038
91710,148,20157,21090,21154,21154
91711,141,9054,10041,10051,10051
91722,51,8080,8532,8541,8541
91723,43,4020,4295,4304,4304
91724,29,6700,7243,7243,7243
91730,212,14507,15097,15142,15142
91731,43,5128,5337,5342,5342
91732,102,10712,11220,11254,11254
91733,83,8681,9149,9167,9167
91737,85,6530,7032,7060,7060
91739,98,8829,9757,9767,9767
91740,55,6382,6819,6840,6840
91741,63,8200,9029,9038,9038
91744,67,15700,16724,16791,16791
91745,292,13220,14531,14575,14575
91746,73,6835,7318,7333,7333
91748,70,10912,11634,11658,11658
91750,270,10259,11238,11250,11250
91752,35,7537,8736,8754,8754
91754,191,7519,8257,8265,8265
91755,55,5700,6021,6045,6045
91761,182,14660,15115,15160,15160
91762,52,12642,12994,13033,13033
91763,74,8007,8229,8237,8237
91764,72,9953,10315,10325,10325
91765,77,11593,12769,12769,12769
91766,156,13443,14168,14225,14225
91767,186,9633,10337,10358,10358
91768,60,6356,6643,6656,6656
91770,202,13610,14404,14433,14433
91773,101,9126,10108,10128,10128
91775,130,5835,6470,6476,6476
91776,182,7385,7899,7907,7907
91780,229,9623,10384,10415,10415
91784,266,8238,9163,9172,9172
91786,122,11615,12114,12150,12150
91789,145,11915,13130,13169,13169
91790,56,10303,11149,11149,11149
91791,107,7478,8202,8219,8219
91792,66,5606,6009,6021,6021
91801,86,8951,9537,9594,9594
91803,87,6159,6631,6651,6651
91902,571,5532,5720,5720,5720
91910,1159,16676,17051,17051,17051
91911,781,16265,16614,16614,16614
91913,931,9780,10124,10134,10134
91914,525,3895,4062,4066,4066
91915,541,6332,6527,6527,6527
91932,267,5240,5342,5347,5347
91935,51,318,334,335,335
91941,834,9654,9932,9942,9942
91942,537,9558,9743,9753,9753
91945,288,7263,7381,7381,7381
91950,463,10598,10792,10792,10792
91977,796,13130,13481,13481,13481
91978,164,2720,2776,2776,2776
92003,162,2001,2052,2052,2052
92007,458,3025,3207,3207,3207
92008,819,7903,8190,8190,8190
92009,2166,11229,12035,12035,12035
92010,496,4538,4718,4727,4727
92011,992,6822,7189,7196,7196
92014,1147,5395,5795,5795,5795
92019,768,10568,10839,10839,10839
92020,719,12217,12427,12427,12427
92021,682,10857,11159,11159,11159
92024,2455,15448,16380,16380,16380
92025,1002,10761,11117,11150,11150
92026,947,12819,13135,13161,13161
92027,968,13144,13427,13480,13480
92028,582,7656,7860,7860,7860
92029,800,7222,7491,7491,7491
92037,1631,11229,11844,11844,11844
92040,794,11179,11489,11489,11489
92054,459,9402,9555,9555,9555
92056,915,14647,14977,14977,14977
92057,943,13917,14288,14288,14288
92058,265,7054,7154,7161,7161
92059,3,35,36,36,36
92064,1836,14067,14684,14684,14684
92067,440,1686,1839,1841,1841
92069,1024,11056,11364,11375,11375
92071,1255,14890,15288,15303,15303
92075,566,3691,3898,3902,3902
92078,1333,12609,13066,13079,13079
92081,511,8061,8234,8234,8234
92082,73,910,938,938,938
92083,357,7805,7924,7932,7932
92084,969,12544,12919,12919,12919
92091,254,1316,1414,1415,1415
92101,234,2256,2336,2340,2340
92102,346,8264,8441,8441,8441
92103,699,6959,7211,7211,7211
92104,593,9817,10038,10048,10048
92105,414,11692,11822,11822,11822
92106,974,5992,6308,6321,6321
92107,691,7484,7764,7764,7764
92108,103,1499,1528,1530,1530
92109,1004,10526,10908,10908,10908
92110,534,6306,6521,6521,6521
92111,776,11308,11574,11574,11574
92113,350,9076,9177,9187,9187
92114,861,16203,16551,16551,16551
92115,785,11721,12059,12059,12059
92116,508,8128,8336,8344,8344
92117,1234,15027,15443,15443,15443
92118,689,5390,5650,5650,5650
92119,667,6750,7017,7017,7017
92120,921,8760,9115,9115,9115
92121,366,2444,2578,2583,2583
92122,759,5965,6272,6272,6272
92123,623,7183,7420,7420,7420
92124,566,6604,6801,6801,6801
92126,1494,16315,16994,16994,16994
92127,1995,11472,12089,12089,12089
92128,1366,13055,13502,13502,13502
92129,1932,12910,13618,13618,13618
92130,2533,11934,12778,12791,12791
92131,1613,9329,9873,9893,9893
92139,392,7245,7386,7386,7386
92154,838,14949,15254,15254,15254
92173,1,15,15,15,15
92201,159,15901,17636,17707,17707
92203,123,9783,11126,11193,11193
92210,25,2267,2727,2732,2732
92211,201,13537,15422,15468,15468
92220,184,9716,10800,10832,10832
92223,17,15119,16933,16950,16950
92231,0,1,1,1,1
92234,247,14569,16450,16515,16515
92236,24,7762,7978,7994,7994
92240,126,5653,6257,6295,6295
92241,0,10,11,11,11
92243,253,11065,11444,11514,11514
92249,0,8,9,9,9
92251,251,4171,4260,4260,4260
92253,131,16038,18539,18633,18633
92260,229,13471,15224,15269,15269
92262,211,9743,11032,11099,11099
92264,130,8176,9203,9250,9250
92270,123,8426,10182,10223,10223
92274,30,792,799,801,801
92276,13,3031,3284,3287,3287
92277,135,4623,4807,4826,4826
92283,8,366,409,412,412
92301,111,5690,5819,5842,5842
92307,203,10823,11251,11273,11273
92308,141,12432,12843,12882,12882
92311,198,6546,6792,6833,6833
92313,0,3497,3609,3609,3609
92314,88,4748,4876,4900,4900
92315,15,1406,1485,1486,1486
92316,42,8091,8334,8351,8351
92320,59,3096,3449,3459,3459
92321,18,364,396,399,399
92324,135,12994,13411,13452,13452
92325,8,730,745,748,748
92333,15,665,674,674,674
92335,234,19072,19481,19540,19540
92336,446,22063,23401,23424,23424
92337,112,9797,10152,10162,10162
92342,25,2020,2087,2091,2091
92344,35,4112,4352,4356,4356
92345,421,24082,24677,24776,24776
92346,153,14646,15288,15303,15303
92352,18,1189,1277,1280,1280
92354,108,5309,5666,5683,5683
92358,0,13,13,13,13
92359,3,2628,2715,2721,2721
92363,2,96,99,99,99
92373,79,9184,9843,9863,9863
92374,176,11089,11698,11722,11722
92376,139,16850,17301,17336,17336
92377,63,5359,5667,5690,5690
92378,0,107,107,107,107
92386,5,163,171,172,172
92391,1,98,100,100,100
92392,77,14849,15405,15436,15436
92394,249,8185,8537,8571,8571
92395,259,13160,13555,13595,13595
92399,280,17761,18600,18637,18637
92401,3,423,442,443,443
92404,258,12304,12898,12911,12911
92405,139,6080,6287,6306,6306
92407,218,13927,14494,14523,14523
92408,110,3768,3893,3917,3917
92410,91,8770,9070,9097,9097
92411,47,5695,5890,5896,5896
92501,28,4844,5519,5525,5525
92503,0,19746,22309,22309,22309
92504,181,13380,15089,15119,15119
92505,34,10356,11332,11343,11343
92506,90,13049,15023,15068,15068
92507,205,10007,11365,11411,11411
92508,62,8761,10347,10347,10347
92509,40,17624,20033,20093,20093
92518,14,679,754,758,758
92530,669,13698,13935,13935,13935
92532,31,5302,6167,6173,6173
92543,251,10298,11336,11393,11393
92544,58,12895,14381,14438,14438
92545,109,13971,15459,15490,15490
92548,0,2439,2628,2634,2634
92551,91,6890,7611,7611,7611
92553,33,14556,16325,16358,16358
92555,44,9658,10853,10930,10930
92557,154,12329,13965,13993,13993
92562,1543,17280,17741,17741,17741
92563,163,15477,18084,18102,18102
92567,8,3436,3916,3940,3940
92570,134,14869,16659,16726,16726
92571,80,11807,13358,13384,13384
92582,61,4499,5075,5096,5096
92583,76,8746,9476,9485,9485
92584,64,14053,15974,15990,15990
92585,75,6597,7514,7522,7522
92586,98,8768,9725,9784,9784
92587,70,5519,6370,6396,6396
92590,77,937,955,955,955
92591,219,10144,11517,11552,11552
92592,2691,23065,23655,23655,23655
92595,11,9897,11148,11170,11170
92596,0,6902,8081,8081,8081
92602,105,3074,5204,5273,5273
92603,22,3309,5443,5526,5526
92604,0,4470,7528,7589,7589
92606,23,2742,4622,4664,4664
92610,0,2004,3332,3352,3352
92612,84,2514,4374,4418,4418
92614,71,3481,5837,5920,5920
92617,18,958,1593,1617,1617
92618,32,4780,7845,7956,7956
92620,235,7172,12168,12354,12354
92624,264,2665,2756,2756,2756
92625,0,3254,5314,5384,5384
92626,0,6927,11646,11740,11740
92627,73,8367,14475,14562,14562
92629,971,8337,8722,8739,8739
92630,1704,14920,15524,15524,15524
92637,125,3235,3281,3281,3281
92646,92,10609,18221,18368,18368
92647,71,8210,14046,14145,14145
92648,25,7198,12508,12609,12609
92649,53,6142,10617,10681,10681
92651,1379,9746,10368,10368,10368
92653,840,7608,7976,7984,7984
92655,31,1043,1784,1809,1809
92656,1049,10390,10812,10834,10834
92657,0,2264,3711,3752,3752
92660,0,6145,10156,10311,10311
92661,0,1017,1652,1670,1670
92662,3,826,1355,1366,1366
92663,74,3942,6637,6704,6704
92672,1113,10074,10583,10583,10583
92673,1436,8444,9040,9049,9049
92675,1090,9904,10382,10392,10392
92676,1,50,84,85,85
92677,2087,17076,17976,17976,17976
92679,1640,8103,8739,8739,8739
92683,0,12637,21378,21616,21616
92688,1164,9073,9530,9530,9530
92691,1443,13015,13614,13614,13614
92692,1725,13392,14113,14113,14113
92694,891,5323,5725,5737,5737
92701,64,3406,5827,5856,5856
92703,31,6069,10325,10356,10356
92704,15,8357,14421,14493,14493
92705,116,7220,12779,12869,12869
92706,53,3736,6567,6613,6613
92707,0,5643,10046,10076,10076
92708,241,9389,15938,16066,16066
92780,0,6292,11014,11069,11069
92782,43,3160,5378,5416,5416
92801,30,5676,9840,9899,9899
92802,14,4126,6948,6969,6969
92804,104,8703,14683,14771,14771
92805,23,6780,11671,11730,11730
92806,0,4462,7789,7820,7820
92807,0,6477,10960,11060,11060
92808,16,3100,5392,5419,5419
92821,22,6497,11093,11171,11171
92823,3,757,1282,1299,1299
92831,110,4432,7274,7362,7362
92832,27,3057,5426,5459,5459
92833,25,7259,12126,12261,12261
92835,0,4187,7189,7239,7239
92840,11,6417,11084,11140,11140
92841,106,4354,7512,7581,7581
92843,0,4774,8247,8280,8280
92844,53,2384,4082,4103,4103
92845,21,3041,5301,5317,5317
92860,123,8789,10258,10269,10269
92861,2,1375,2216,2256,2256
92865,0,3304,5667,5701,5701
92866,50,2388,4109,4154,4154
92867,48,6962,11802,11921,11921
92868,0,2460,4312,4334,4334
92869,21,6209,10531,10606,10606
92870,110,7851,13608,13745,13745
92879,152,9473,10796,10839,10839
92880,72,14965,17994,18030,18030
92881,150,7474,8817,8835,8835
92882,110,13740,15728,15759,15759
92883,100,8424,9963,9993,9993
92886,0,9238,15611,15753,15753
92887,45,3809,6305,6382,6382
93001,36,6970,9051,9087,9087
93003,73,11141,14575,14649,14649
93004,52,6534,8546,8607,8607
93010,167,10505,13849,13891,13891
93012,0,8455,11183,11284,11284
93013,22,4155,5467,5489,5489
93021,85,7538,10540,10583,10583
93022,10,1843,2388,2402,2402
93023,46,5876,7643,7673,7673
93030,58,8892,11624,11647,11647
93033,57,11341,14337,14366,14366
93035,26,6570,8620,8681,8681
93036,38,7407,9560,9570,9570
93041,62,3897,5127,5148,5148
93060,8,6389,8158,8183,8183
93063,0,12181,16016,16113,16113
93065,21,15981,20944,21028,21028
93066,9,970,1285,1290,1290
93101,47,5249,6702,6756,6756
93103,17,4252,5468,5501,5501
93105,622,6610,7218,7225,7225
93108,27,3903,5300,5343,5343
93109,30,2848,3732,3758,3758
93110,46,3881,5052,5093,5093
93111,17,4325,5666,5695,5695
93117,739,8563,9102,9129,9129
93202,7,417,706,711,711
93215,242,9831,10073,10093,10093
93221,0,2287,4323,4340,4340
93223,3,1351,2499,2505,2505
93230,262,19617,20121,20121,20121
93235,5,201,372,374,374
93245,7,321,331,331,331
93247,17,1840,3312,3345,3345
93250,62,2653,2696,2704,2704
93257,0,9876,17979,18106,18106
93267,7,417,769,774,774
93274,398,20419,20922,20985,20985
93277,221,9180,16883,16968,16968
93291,525,16335,16859,16893,16893
93292,270,11338,11690,11714,11714
93301,199,4175,4300,4326,4326
93304,335,13064,13359,13386,13386
93305,287,9603,9850,9900,9900
93306,500,16192,16626,16676,16676
93307,309,20221,20489,20550,20550
93308,677,17731,18207,18280,18280
93309,445,15580,15914,15914,15914
93311,535,13141,14042,14056,14056
93312,680,18621,19456,19476,19476
93313,274,13310,13722,13735,13735
93314,383,8312,8891,8891,8891
93401,507,9890,10324,10355,10355
93405,498,6366,6695,6736,6736
93420,406,10027,10380,10391,10391
93422,252,7827,8111,8127,8127
93424,18,223,240,240,240
93433,134,4688,4788,4803,4803
93444,214,5289,5503,5503,5503
93445,73,2392,2436,2446,2446
93446,457,11232,11701,11712,11712
93449,265,4327,4579,4583,4583
93454,240,9413,9596,9596,9596
93455,556,14145,14628,14657,14657
93458,141,9886,10017,10027,10027
93465,139,2319,2444,2444,2444
93534,149,9940,10610,10642,10642
93535,480,15573,16434,16550,16550
93536,1178,19330,19929,19949,19949
93543,10,634,665,668,668
93550,398,17083,18042,18114,18114
93551,374,14875,16226,16275,16275
93552,91,9549,10043,10063,10063
93611,416,11643,12230,12230,12230
93612,154,9448,9592,9621,9621
93616,10,567,578,580,580
93618,195,6748,6943,6964,6964
93619,343,7287,7777,7793,7793
93625,105,1873,1984,1990,1990
93631,178,4518,4687,4697,4697
93635,185,10024,10292,10292,10292
93636,22,582,620,620,620
93637,274,9470,9763,9773,9773
93638,178,9146,9352,9381,9381
93646,0,1,1,1,1
93648,73,3074,3147,3156,3156
93650,26,996,1012,1015,1015
93654,151,6667,6845,6852,6852
93657,71,7644,7856,7856,7856
93662,121,6569,6737,6751,6751
93673,0,15,15,15,15
93701,97,2793,2842,2865,2865
93702,255,10394,10607,10650,10650
93703,284,8396,8586,8620,8620
93704,297,8900,9234,9271,9271
93705,263,9107,9333,9380,9380
93706,464,10023,10423,10518,10518
93710,265,7806,8047,8047,8047
93711,477,12235,12853,12892,12892
93720,383,14044,14692,14721,14721
93721,33,1353,1386,1389,1389
93722,698,22559,23234,23304,23304
93723,43,2068,2176,2176,2176
93725,119,5804,5953,5959,5959
93726,200,9743,9933,10003,10003
93727,305,18377,18987,19044,19044
93728,242,4929,5115,5151,5151
93730,198,3941,4298,4303,4303
93737,7,210,218,218,218
93901,191,7944,8284,8292,8292
93905,153,9340,9542,9561,9561
93906,146,12913,13312,13325,13325
93907,43,2762,2868,2874,2874
93908,131,1887,2118,2118,2118
93923,160,5260,5724,5730,5730
93924,5,132,146,146,146
93933,193,6130,6387,6413,6413
93940,326,8308,8792,8801,8801
93950,109,4449,4714,4718,4718
93953,102,1760,1952,1954,1954
93955,144,8723,9012,9012,9012
94002,399,6189,7108,7108,7108
94005,58,1198,1323,1327,1327
94010,763,10357,11894,11918,11918
94014,362,7871,8384,8401,8401
94015,557,11480,12371,12383,12383
94018,1,9,10,10,10
94019,261,5115,5672,5677,5677
94022,669,5609,6680,6686,6686
94024,755,6342,7631,7631,7631
94025,775,9394,10899,10910,10910
94027,214,2370,2858,2858,2858
94028,187,1853,2178,2178,2178
94030,256,5399,5940,5952,5952
94037,38,612,699,699,699
94038,48,918,1002,1002,1002
94040,369,5506,6146,6158,6158
94041,238,2809,3174,3177,3177
94043,385,5770,6507,6513,6513
94044,629,9824,10843,10843,10843
94061,312,8119,8911,8911,8911
94062,618,7086,8338,8346,8346
94063,306,5618,6014,6014,6014
94065,149,2460,2864,2864,2864
94066,332,9283,10058,10058,10058
94070,748,8285,9684,9694,9694
94080,532,14436,15688,15704,15704
94085,308,3488,3902,3902,3902
94086,635,7148,8016,8024,8024
94087,972,12145,13852,13880,13880
94089,378,4945,5465,5471,5471
94102,4,458,1242,1255,1255
94103,21,938,2306,2356,2356
94104,0,17,55,56,56
94105,0,118,225,234,234
94107,0,1431,3239,3308,3308
94108,3,242,659,669,669
94109,0,1256,3095,3158,3158
94110,121,4799,10764,10995,10995
94111,0,105,238,242,242
94112,270,13544,14970,14985,14985
94114,0,2823,6125,6225,6225
94115,7,1454,3451,3514,3514
94116,0,4434,10741,10960,10960
94117,0,2172,4794,4887,4887
94118,0,2956,6848,6931,6931
94121,50,3221,8245,8345,8345
94122,46,4802,11259,11407,11407
94123,0,1836,3753,3849,3849
94124,119,6330,6967,6995,6995
94127,6,2765,6092,6255,6255
94129,0,286,574,595,595
94130,0,125,332,335,335
94131,7,3033,6379,6515,6515
94132,121,4427,4844,4849,4849
94133,48,2085,2366,2373,2373
94134,194,6691,7446,7461,7461
94158,0,44,101,103,103
94301,273,3654,4201,4201,4201
94303,532,8692,9650,9669,9669
94304,38,643,710,710,710
94305,101,1084,1199,1207,1207
94306,544,5945,6782,6795,6795
94401,172,5742,6136,6148,6148
94402,469,6360,7219,7226,7226
94403,681,8879,10020,10030,10030
94404,449,6498,7366,7366,7366
94501,305,12762,13844,13844,13844
94502,225,3453,4010,4014,4014
94503,172,5723,6153,6153,6153
94505,296,5074,5600,5600,5600
94506,403,5998,6935,6942,6942
94507,518,4471,5342,5342,5342
94508,8,344,361,362,362
94509,649,18224,19026,19064,19064
94510,354,8688,9321,9331,9331
94513,959,17289,18775,18794,18794
94514,0,8,8,8,8
94515,90,1713,1834,1838,1838
94517,235,3490,3844,3848,3848
94518,307,7005,7477,7499,7499
94519,167,5822,6188,6194,6194
94520,167,6685,6921,6942,6942
94521,517,11538,12302,12326,12326
94523,463,9069,9837,9837,9837
94525,60,1147,1215,1219,1219
94526,752,8915,10305,10305,10305
94530,368,7520,8125,8158,8158
94531,354,11543,12191,12191,12191
94533,233,18728,19368,19407,19407
94534,231,11920,12833,12846,12846
94535,9,1153,1164,1164,1164
94536,793,14562,16131,16148,16148
94538,578,11838,12840,12853,12853
94539,1204,12463,14509,14524,14524
94541,405,13732,14441,14455,14455
94542,200,3200,3513,3517,3517
94544,569,14526,15357,15373,15373
94545,320,8126,8645,8654,8654
94546,618,11905,12858,12884,12884
94547,287,5866,6377,6383,6383
94549,562,7280,8498,8498,8498
94550,601,13705,15368,15384,15384
94551,551,10519,11484,11495,11495
94552,330,3690,4286,4290,4290
94553,558,13725,14664,14694,14694
94555,648,7163,8205,8205,8205
94556,283,3985,4489,4494,4494
94558,818,19599,20920,20962,20962
94559,232,8181,8594,8594,8594
94560,598,10061,11058,11069,11069
94561,336,11298,11982,11994,11994
94563,456,4324,5133,5133,5133
94564,94,5602,5872,5878,5878
94565,538,22446,23358,23381,23381
94566,776,10366,11753,11753,11753
94568,919,10275,11783,11795,11795
94572,115,2648,2796,2802,2802
94574,59,3175,3471,3478,3478
94576,1,40,42,42,42
94577,474,12098,12829,12842,12842
94578,220,7793,8127,8135,8135
94579,112,5973,6215,6221,6221
94580,277,7443,7886,7894,7894
94582,674,8354,9606,9615,9615
94583,550,8833,9993,10003,10003
94585,176,8035,8387,8395,8395
94587,787,14657,16039,16055,16055
94588,638,7108,8053,8061,8061
94589,69,8350,8618,8635,8635
94590,547,10264,10661,10714,10714
94591,478,16152,17022,17039,17039
94592,17,621,650,650,650
94595,133,3595,3784,3792,3792
94596,254,4153,4529,4543,4543
94597,217,4322,4718,4727,4727
94598,407,7062,7981,7997,7997
94599,42,1171,1226,1228,1228
94601,202,8855,9158,9186,9186
94602,455,7526,8270,8270,8270
94603,106,7425,7577,7584,7584
94605,776,11051,11886,11934,11934
94606,200,5641,5853,5870,5870
94607,181,3740,4021,4025,4025
94608,255,5359,5782,5800,5800
94609,216,4554,4918,4918,4918
94610,310,5013,5511,5528,5528
94611,610,7753,8686,8712,8712
94612,41,966,1027,1031,1031
94618,334,4342,4960,4980,4980
94619,176,6811,7347,7347,7347
94621,310,6906,7158,7194,7194
94702,182,4463,4778,4783,4783
94703,242,4186,4546,4560,4560
94704,126,1648,1754,1774,1774
94705,209,3162,3538,3545,3545
94706,263,4177,4615,4615,4615
94707,221,3947,4492,4496,4496
94708,201,3134,3645,3649,3649
94709,74,1574,1676,1681,1681
94710,112,2165,2323,2325,2325
94720,18,214,242,243,243
94801,203,6754,6971,6992,6992
94803,219,7690,8103,8111,8111
94804,452,10539,11002,11024,11024
94805,109,4538,4727,4741,4741
94806,327,12709,13049,13075,13075
94901,472,9439,10250,10260,10260
94903,297,8143,8961,8979,8979
94904,155,2818,3150,3156,3156
94920,265,3667,4265,4265,4265
94925,181,2487,2919,2919,2919
94928,305,9697,10175,10195,10195
94930,53,1847,2026,2030,2030
94931,44,3186,3361,3364,3364
94939,100,1542,1760,1766,1766
94941,507,6989,8036,8052,8052
94945,355,5392,5906,5918,5918
94947,288,6217,6820,6840,6840
94949,161,4814,5183,5199,5199
94951,53,2226,2412,2414,2414
94952,355,13175,14170,14213,14213
94954,323,11648,12419,12431,12431
94957,57,537,652,652,652
94960,264,3991,4474,4474,4474
94965,98,2697,2974,2977,2977
95002,17,517,554,554,554
95003,418,6909,7601,7601,7601
95004,1,18,20,20,20
95005,23,691,731,731,731
95006,15,400,429,430,430
95007,0,1,1,1,1
95008,695,10901,11955,11967,11967
95010,63,2859,2994,2994,2994
95012,10,1373,1387,1388,1388
95014,1077,12934,14938,14968,14968
95018,30,852,915,916,916
95019,19,1550,1588,1588,1588
95020,377,12234,12988,13001,13001
95023,275,11460,11938,11938,11938
95030,439,3725,4393,4402,4402
95032,571,6836,7821,7829,7829
95033,3,39,44,44,44
95035,897,13705,15226,15241,15241
95037,4,71,78,78,78
95039,1,39,40,40,40
95043,1,28,30,30,30
95045,0,2,2,2,2
95050,349,8038,8711,8737,8737
95051,657,10867,12157,12181,12181
95054,378,4020,4601,4606,4606
95060,448,10639,11466,11478,11478
95062,631,10634,11460,11471,11471
95064,21,351,375,379,379
95065,67,1917,2084,2084,2084
95066,114,3599,3908,3912,3912
95070,662,9283,10693,10693,10693
95073,102,2798,3012,3012,3012
95076,406,13790,14471,14471,14471
95110,140,3129,3423,3423,3423
95111,334,10665,11133,11155,11155
95112,432,9470,10043,10063,10063
95113,13,167,183,184,184
95116,183,7275,7603,7626,7626
95117,212,4425,4722,4722,4722
95118,468,7827,8642,8659,8659
95119,220,2630,2891,2897,2897
95120,1274,10342,12254,12254,12254
95121,184,8156,8733,8742,8742
95122,120,8822,9199,9199,9199
95123,944,14299,15460,15475,15475
95124,1098,13222,14809,14824,14824
95125,891,13545,15024,15055,15055
95126,314,5814,6259,6272,6272
95127,585,13176,13928,13942,13942
95128,395,7298,7915,7915,7915
95129,716,8213,9310,9320,9320
95130,286,3271,3667,3671,3671
95131,402,5783,6396,6396,6396
95132,639,9080,9979,9989,9989
95133,290,4824,5273,5283,5283
95134,117,1729,1954,1954,1954
95135,495,4752,5432,5437,5437
95136,377,8836,9647,9647,9647
95138,451,4278,4906,4906,4906
95139,120,1697,1905,1907,1907
95140,8,163,173,174,174
95148,726,10191,11337,11348,11348
95202,56,1108,1147,1158,1158
95203,51,4544,4646,4656,4656
95204,182,9831,10064,10095,10095
95205,195,10565,10825,10858,10858
95206,283,17174,17599,17670,17670
95207,327,11337,11664,11676,11676
95209,267,11741,12154,12154,12154
95210,250,8965,9252,9280,9280
95212,169,7416,7677,7677,7677
95215,273,6910,7140,7183,7183
95219,174,7198,7569,7585,7585
95220,18,695,739,739,739
95231,13,1241,1260,1260,1260
95240,228,11653,11964,11988,11988
95242,254,7817,8194,8202,8202
95258,41,1267,1321,1325,1325
95301,314,11300,11625,11637,11637
95307,0,8584,11900,11948,11948
95316,30,2089,2165,2165,2165
95319,0,4,5,5,5
95320,138,4279,4435,4457,4457
95322,9,477,486,486,486
95326,24,2915,3966,3982,3982
95328,10,808,1089,1096,1096
95330,172,3674,3909,3913,3913
95334,0,24,24,24,24
95336,309,14252,14738,14752,14752
95337,421,8996,9541,9560,9560
95340,417,11082,11568,11580,11580
95341,226,7848,8010,8050,8050
95348,295,8381,8659,8667,8667
95350,288,11532,15963,16011,16011
95351,125,9260,12498,12561,12561
95354,68,6212,8493,8501,8501
95355,106,12802,17664,17700,17700
95356,384,10501,10928,10961,10961
95357,170,4908,5150,5155,5155
95358,194,8555,8793,8802,8802
95361,204,9728,10187,10187,10187
95366,263,5359,5690,5701,5701
95367,246,7161,7452,7474,7474
95368,91,4182,4311,4315,4315
95380,267,12385,12678,12716,12716
95382,46,8172,11454,11477,11477
95388,48,3664,3709,3716,3716
95389,1,57,59,59,59
95401,293,10396,10809,10852,10852
95403,197,12563,13101,13114,13114
95404,187,11001,11654,11666,11666
95405,243,6699,7135,7142,7142
95407,186,10674,10937,10948,10948
95409,264,9177,9794,9814,9814
95436,22,1076,1135,1135,1135
95439,17,429,458,460,460
95441,3,72,77,77,77
95442,76,1066,1208,1209,1209
95448,172,5924,6338,6357,6357
95452,37,579,664,666,666
95470,9,503,521,522,522
95472,362,11612,12411,12448,12448
95476,327,13917,14854,14869,14869
95482,96,7125,7376,7384,7384
95492,327,8809,9322,9341,9341
95501,9,5108,8933,8978,8978
95503,0,3653,6463,6489,6489
95519,38,3059,5396,5423,5423
95521,33,2715,4620,4676,4676
95537,0,61,114,114,114
95564,0,22,41,41,41
95602,81,3862,4044,4044,4044
95603,443,9289,9820,9850,9850
95605,73,3354,3466,3473,3473
95608,73,11749,18086,18213,18213
95610,146,11843,12160,12172,12172
95612,2,83,87,87,87
95616,475,8837,9426,9492,9492
95618,379,6698,7238,7289,7289
95619,3,1105,1134,1136,1136
95620,1,39,41,41,41
95621,0,8189,12878,12930,12930
95623,10,722,747,747,747
95624,143,12597,20326,20449,20449
95626,28,2075,2182,2187,2187
95628,55,8834,13712,13795,13795
95630,461,20140,21851,21873,21873
95648,565,18280,19429,19468,19468
95650,310,5111,5738,5749,5749
95652,9,298,451,456,456
95655,15,953,1478,1496,1496
95658,38,2948,3143,3143,3143
95660,74,5910,9245,9283,9283
95661,216,6796,7185,7214,7214
95662,152,11227,11646,11681,11681
95663,50,1347,1467,1473,1473
95664,0,25,25,25,25
95667,191,5904,6163,6169,6169
95670,95,10324,15747,15810,15810
95672,67,1817,1980,1984,1984
95673,7,4223,6524,6557,6557
95677,180,8060,8557,8574,8574
95678,318,11710,12236,12260,12260
95682,273,8751,9401,9420,9420
95683,2,59,63,63,63
95687,431,17130,17956,17956,17956
95688,468,9656,10353,10384,10384
95691,415,11158,11834,11870,11870
95692,0,23,24,24,24
95695,141,9090,9381,9400,9400
95703,1,56,59,59,59
95713,2,1454,1505,1506,1506
95722,7,196,210,210,210
95742,126,4235,4635,4645,4645
95746,614,7158,8189,8189,8189
95747,410,19071,20465,20506,20506
95757,0,8199,12846,12885,12885
95758,170,12102,18871,18947,18947
95762,650,12642,14155,14155,14155
95765,257,10017,10736,10736,10736
95776,171,5798,6117,6129,6129
95811,0,988,1580,1588,1588
95814,36,1001,1036,1040,1040
95815,84,4087,6411,6437,6437
95816,19,2423,3845,3864,3864
95817,0,2397,3808,3831,3831
95818,121,5148,5496,5507,5507
95819,12,3864,6013,6037,6037
95820,58,7341,11448,11494,11494
95821,66,6188,9358,9405,9405
95822,395,13574,14068,14110,14110
95823,0,11871,18343,18417,18417
95824,79,4607,7133,7169,7169
95825,35,3719,5768,5820,5820
95826,140,7307,11542,11600,11600
95827,0,4150,6453,6479,6479
95828,141,11080,17510,17581,17581
95829,46,5876,9043,9116,9116
95830,4,300,461,467,467
95831,224,12470,13169,13182,13182
95832,69,2796,2854,2865,2865
95833,208,9140,9472,9481,9481
95834,44,6147,6337,6344,6344
95835,43,6959,10840,10884,10884
95837,1,137,145,145,145
95838,61,6457,10070,10121,10121
95841,0,3358,5122,5132,5132
95842,49,5163,8097,8121,8121
95843,239,12167,12595,12608,12608
95864,9,5640,8621,8682,8682
95901,133,8074,8307,8323,8323
95917,0,29,29,29,29
95926,307,8954,9270,9307,9307
95928,320,9219,9636,9675,9675
95938,0,95,98,98,98
95945,143,4475,4609,4623,4623
95949,58,1989,2072,2076,2076
95953,2,108,112,112,112
95959,18,593,620,621,621
95961,106,5671,5865,5871,5871
95965,176,4845,5006,5021,5021
95966,209,10133,10436,10446,10446
95968,5,557,564,566,566
95973,306,9705,10174,10215,10215
95982,0,849,861,861,861
95991,312,11115,11530,11542,11542
95993,385,11908,12392,12416,12416
96001,282,11710,12250,12274,12274
96002,114,10953,11340,11351,11351
96003,312,15843,16303,16385,16385
96007,226,8134,8352,8378,8378
96008,6,157,165,165,165
96019,42,3115,3221,3227,3227
96022,0,19,20,20,20
96062,0,25,26,26,26
96069,0,1,1,1,1
96073,40,1184,1276,1277,1277
96087,2,86,90,90,90
96161,90,1689,1836,1842,1842
80002,0,208,3734,4355,4412
80003,0,178,8268,9269,9334
80004,0,333,7898,9418,9494
80005,0,559,7390,8995,9187
80007,0,345,2338,2875,2998
80010,0,247,6436,6609,6683
80011,0,292,10017,10340,10413
80012,0,288,8318,8667,8737
80013,78,878,18546,19268,19522
80014,7,265,6586,6756,6804
80015,0,1058,17905,19001,19232
80016,0,1626,13257,14498,14764
80017,0,225,7236,7469,7506
80018,0,138,3520,3677,3718
80019,0,26,683,708,717
80020,0,777,12807,15030,15258
80021,9,345,7305,8529,8590
80022,0,646,13541,14245,14317
80023,0,621,5219,6131,6334
80026,0,394,6377,8206,8391
80027,0,758,6887,8741,9116
80030,0,105,3047,3156,3191
80031,28,560,8507,9253,9337
80033,0,289,6033,6957,7056
80045,0,15,107,114,119
80108,0,49,328,364,374
80110,0,264,6130,6361,6426
80111,0,978,6897,7656,7804
80112,0,551,7149,7646,7754
80113,0,387,5712,6044,6149
80118,0,0,3,3,3
80120,0,444,6258,6503,6622
80121,0,633,5352,5824,5967
80122,9,629,8390,8884,9010
80123,0,749,10757,11916,12097
80124,0,423,4373,4724,4816
80125,0,23,173,188,192
80126,0,1204,9012,9933,10115
80127,0,737,10844,13190,13404
80128,0,478,8645,10214,10381
80129,15,623,6909,7397,7494
80130,0,626,5822,6339,6455
80132,0,741,5421,5915,6023
80133,0,11,296,303,305
80134,0,1328,14041,14957,15247
80137,0,2,41,43,43
80138,0,826,8162,8817,8979
80202,0,32,365,395,403
80203,1,68,1300,1376,1389
80204,0,293,5038,5359,5424
80205,0,478,6075,6519,6632
80206,0,323,3799,4060,4151
80207,17,524,5256,5642,5769
80209,0,581,5049,5528,5641
80210,0,976,8143,8990,9193
80211,0,690,6604,7112,7258
80212,0,413,4067,4434,4539
80214,0,191,4053,4702,4760
80215,0,197,4344,4991,5057
80216,0,207,3583,3715,3768
80218,0,134,2058,2177,2201
80219,12,490,11048,11584,11666
80220,0,451,6542,7058,7172
80221,0,350,9281,9601,9689
80222,15,304,4718,5012,5073
80223,0,284,4648,4932,4987
80224,0,180,3698,3890,3925
80226,0,179,6550,7718,7780
80227,0,300,6668,7590,7674
80228,0,370,7124,8492,8621
80229,0,293,10821,11204,11272
80230,0,164,1467,1609,1645
80231,19,201,4515,4730,4783
80232,0,330,5192,5975,6110
80233,0,304,11680,12105,12154
80234,0,237,5921,6189,6245
80235,0,47,1381,1496,1504
80236,0,189,3220,3392,3433
80237,7,217,3454,3634,3689
80238,0,676,4501,5109,5224
80239,0,148,8419,8698,8750
80241,0,414,8521,8935,9007
80246,3,69,1573,1625,1640
80247,0,89,2039,2098,2124
80249,0,233,7253,7448,7501
80260,0,107,5233,5352,5373
80301,0,366,4277,5476,5611
80302,0,227,1928,2436,2509
80303,0,451,3980,5087,5218
80304,0,366,4317,5571,5720
80305,0,412,3220,4143,4302
80401,0,700,6871,8154,8304
80403,0,407,3917,4779,4892
80465,0,269,3311,4010,4083
80503,0,24,384,492,500
80512,0,13,225,263,266
80514,0,8,244,255,257
80516,0,536,5580,6427,6619
80521,0,377,6368,7285,7381
80524,0,524,9360,10747,10889
80525,0,787,12373,14297,14545
80526,0,568,10372,11882,12063
80528,0,379,4690,5592,5735
80534,0,93,927,1073,1094
80535,0,16,600,682,689
80537,0,367,11342,12981,13099
80538,0,753,13795,15830,16006
80543,0,1,39,41,41
80547,0,81,634,777,799
80550,0,154,2676,3040,3074
80601,0,357,9787,10195,10225
80602,0,997,10237,11131,11335
80603,0,189,4012,4235,4287
80620,0,198,4856,5153,5206
80621,0,4,74,78,79
80631,0,379,10828,11415,11518
80634,0,490,17061,17950,18149
80640,0,137,3414,3584,3613
80642,0,7,84,92,93
80645,0,1,89,94,94
80817,80,1714,7891,7995,8003
80829,3,84,340,347,347
80840,9,130,730,735,736
80902,21,217,1218,1227,1232
80903,0,164,3301,3386,3417
80904,123,1530,6325,6475,6487
80905,0,169,4053,4192,4222
80906,258,2514,9254,9550,9570
80907,0,466,7582,7795,7874
80908,3,285,2347,2538,2574
80909,0,342,9018,9184,9248
80910,141,1358,6059,6133,6157
80911,191,2317,10512,10608,10650
80915,0,206,6296,6405,6431
80916,93,1635,8385,8445,8478
80917,0,231,7533,7664,7695
80918,0,581,12772,13088,13194
80919,137,2420,8900,9139,9148
80920,24,724,11525,11935,12080
80921,6,696,5278,5752,5839
80922,9,307,8494,8713,8766
80923,0,307,8488,8734,8760
80924,4,145,1797,1885,1912
80925,3,160,682,690,691
80926,1,6,23,24,24
80927,0,32,317,338,342
80951,0,0,1,1,1
81001,258,2687,8771,8852,8896
81003,161,1421,4651,4712,4741
81004,223,2120,7520,7650,7666
81005,143,3003,10891,10979,11001
81006,53,1185,4395,4435,4439
81007,79,2064,7108,7230,7230
81008,116,1019,3683,3743,3751
81022,0,0,1,1,1
81334,0,0,1,1,1
81401,0,0,8,8,8
81415,0,0,1,1,1
81501,41,360,6631,6803,6900
81503,6,131,5552,5649,5677
81504,0,363,9740,9981,10052
81505,0,220,3793,3977,4001
81506,0,211,3895,4009,4066
81507,0,330,5196,5421,5504
81520,0,143,3347,3445,3476
81521,10,250,4996,5152,5209
81526,0,17,335,344,348
6001,0,519,3020,3849,4026
6002,0,329,4581,5552,5666
6010,93,653,12317,15303,15521
6013,7,149,1016,1256,1312
6016,4,134,1652,2058,2090
6019,1,11,115,143,147
6023,0,17,319,383,389
6026,9,123,1361,1664,1710
6029,0,376,3199,4154,4314
6032,0,414,3531,4394,4535
6033,69,717,4399,5520,5774
6035,0,129,1549,1876,1922
6037,73,526,5226,6484,6664
6040,53,519,5966,7461,7576
6042,55,235,4364,5387,5464
6043,3,47,490,633,652
6051,36,203,4192,5150,5191
6052,11,114,1458,1795,1837
6053,49,362,5619,6832,6957
6060,0,16,150,190,196
6062,52,243,4136,5079,5172
6066,7,387,5100,6662,6771
6067,0,366,4280,5233,5368
6070,0,357,2309,2851,2976
6071,3,212,2168,2907,2988
6073,0,153,768,972,1026
6074,40,897,6125,7671,7999
6078,19,440,3015,3714,3853
6081,1,19,258,313,319
6082,48,600,9606,11777,11957
6084,0,64,411,536,556
6085,2,160,1380,1698,1758
6088,0,40,1513,1886,1907
6089,0,51,457,564,583
6090,0,20,98,124,130
6092,0,52,216,275,295
6093,0,135,1026,1283,1328
6095,16,486,6396,8085,8250
6096,32,217,3245,3957,4013
6103,2,12,125,156,159
6105,23,83,1253,1528,1551
6106,83,304,4011,4790,4859
6107,26,573,3322,4217,4402
6108,64,225,3963,4804,4877
6109,0,599,6549,8211,8405
6110,32,208,2806,3472,3510
6111,109,619,7210,8885,9103
6112,60,228,2803,3283,3320
6114,64,258,3368,4156,4202
6117,0,456,2511,3213,3378
6118,69,377,5546,6732,6834
6119,11,244,2134,2631,2707
6120,11,129,1485,1784,1804
6226,13,109,2198,2629,2645
6237,0,7,109,141,144
6238,0,3,42,56,57
6241,0,2,34,42,43
6249,0,4,45,49,50
6250,6,61,468,594,612
6254,1,11,145,159,161
6255,2,33,613,774,785
6256,0,5,233,288,290
6260,12,89,1226,1507,1530
6266,0,1,26,33,33
6268,12,72,398,512,539
6277,2,19,342,425,431
6280,0,1,24,29,29
6320,44,170,5047,5432,5487
6330,0,12,271,296,298
6331,0,0,9,11,11
6334,0,11,151,168,171
6335,1,27,296,330,337
6338,0,0,1,1,1
6339,3,24,325,361,366
6340,39,331,5835,6394,6472
6351,5,44,1251,1349,1364
6355,3,66,739,831,851
6359,0,0,5,5,5
6360,84,279,5868,6407,6491
6365,0,8,203,225,228
6370,0,2,37,40,41
6374,0,0,10,12,12
6375,1,25,477,531,541
6380,5,31,467,498,506
6382,28,120,1386,1526,1554
6385,0,113,2081,2328,2359
6401,69,227,3974,4567,4604
6403,3,135,1304,1534,1570
6405,16,604,6725,7877,8046
6410,47,867,5462,6499,6750
6416,0,276,3417,4142,4243
6418,0,226,2885,3277,3310
6424,0,1,15,19,19
6437,0,50,337,396,412
6441,0,0,2,2,2
6444,0,0,20,24,24
6450,16,356,7124,7982,8095
6451,39,294,4867,5478,5550
6455,0,66,783,978,1001
6456,2,10,49,63,65
6457,46,611,9306,11347,11509
6460,58,647,6648,11249,11515
6461,13,351,2452,4121,4270
6468,8,464,3063,3632,3772
6470,0,4,24,29,30
6471,0,149,1606,1846,1887
6472,2,148,1303,1529,1575
6473,0,546,4108,6887,7152
6477,32,373,2240,3789,3952
6478,0,221,2430,2903,2953
6479,26,234,2572,3219,3288
6480,0,185,2140,2709,2764
6481,0,19,357,422,429
6483,25,254,3515,4098,4161
6484,10,907,8179,9515,9749
6489,9,673,7277,9145,9332
6492,159,907,10441,12010,12255
6510,7,34,166,268,279
6511,115,505,4095,7015,7152
6512,42,518,7178,8197,8331
6513,36,286,3350,5860,5937
6514,61,304,5226,5968,6047
6515,0,125,1497,2586,2645
6516,0,418,6634,11753,11920
6517,7,273,2046,3496,3627
6518,0,279,2730,3179,3271
6519,0,90,1324,2286,2306
6524,1,163,1217,1431,1481
6525,0,339,1628,1990,2097
6604,31,189,2223,3775,3841
6605,0,134,2137,3537,3598
6606,80,508,5075,8717,8859
6607,16,59,837,1424,1434
6608,0,89,1083,1857,1879
6610,45,213,2183,3680,3729
6611,0,1177,7196,8542,8908
6612,1,119,542,652,688
6614,0,489,5274,8981,9221
6615,0,185,2981,5040,5133
6702,13,45,449,549,556
6704,54,305,4766,5269,5318
6705,20,184,4395,5028,5084
6706,0,100,2751,3082,3113
6708,130,501,5965,6720,6850
6710,39,134,1263,1443,1471
6712,5,169,2344,2670,2730
6716,14,282,3932,4632,4708
6762,2,193,1703,1996,2058
6770,23,462,6666,7551,7697
6779,20,108,2108,2463,2503
6782,0,4,33,40,41
6786,8,53,806,944,962
6787,0,0,4,5,5
6795,0,206,2812,3369,3434
6798,0,6,72,87,89
6807,7,347,1458,1743,1842
6820,0,1275,4334,5235,5666
6824,58,1219,5769,6901,7250
6825,39,554,2868,4599,4856
6830,16,783,4359,5163,5396
6831,0,804,3177,3791,4034
6840,0,786,2800,3410,3675
6850,0,374,2814,3369,3456
6851,0,472,4626,5323,5483
6853,0,271,978,1188,1280
6854,27,297,3826,4348,4415
6855,4,138,1622,1842,1889
6870,2,355,1392,1680,1793
6878,7,436,1287,1572,1714
6880,45,1314,4996,5947,6381
6890,0,258,988,1180,1264
6897,0,23,81,101,108
6901,2,29,301,344,352
6902,36,651,7725,8829,9019
6903,0,486,1958,2418,2578
6905,16,407,3479,3988,4103
6906,19,186,1606,1846,1901
6907,21,235,1460,1696,1765
19701,0,265,4203,10889,11043
19702,0,177,3874,10981,11059
19703,0,21,526,1459,1472
19706,0,15,208,590,596
19707,0,101,2105,4394,4587
19709,0,0,13,31,32
19711,0,206,3853,9587,9803
19713,0,164,2711,7038,7145
19720,0,153,6053,16803,16939
19732,0,0,8,16,17
19801,0,104,1166,2932,2974
19802,0,128,1640,4518,4568
19803,0,168,2544,5791,6014
19804,0,73,2276,6050,6117
19805,0,227,3085,8626,8749
19806,0,84,871,2000,2049
19807,0,49,1136,2341,2459
19808,0,157,4251,11020,11177
19809,0,88,1287,3209,3271
19810,0,106,2487,6116,6234
19901,0,247,3722,9082,9137
19904,0,64,3243,7958,8015
19931,0,0,18,37,37
19933,0,0,1,2,2
19934,22,96,1608,3663,3703
19936,0,0,11,26,26
19940,0,7,313,644,649
19943,0,7,300,728,732
19946,0,1,134,327,329
19956,0,36,608,1303,1315
19962,12,34,1274,3056,3074
19973,0,86,1502,3121,3169
19979,0,3,135,331,334
19980,0,0,47,89,89
32003,73,264,1012,7439,8752
32009,1,11,26,151,197
32011,0,0,2,35,47
32043,58,111,226,3381,4357
32065,22,265,529,9197,10829
32068,153,431,709,10111,13644
32073,75,273,572,10627,12292
32080,108,392,668,6892,8094
32081,37,273,737,3230,3876
32082,95,496,1540,8335,9939
32084,0,131,466,5942,7151
32086,0,136,349,7064,8366
32092,0,79,329,2878,3490
32095,1,9,26,189,227
32110,29,59,92,1098,1268
32114,138,430,665,6820,7947
32117,35,199,476,7416,8497
32118,11,143,292,4848,5598
32119,57,228,356,6232,7000
32124,0,12,71,1416,1665
32127,216,420,659,10072,11726
32128,44,170,347,6287,7290
32129,31,168,336,6609,7549
32132,0,49,127,3008,3476
32136,0,150,311,3218,3713
32137,70,456,1297,14596,17066
32141,0,29,182,6364,7218
32159,181,361,865,12699,12789
32162,365,1034,2371,29825,30069
32163,37,171,342,4103,4538
32164,66,296,840,14079,16204
32168,115,334,449,8852,10251
32169,0,118,431,4119,4741
32174,149,597,1120,16030,18288
32176,0,204,589,6308,7364
32179,2,5,11,256,259
32195,1,4,16,309,311
32202,3,28,47,639,749
32204,32,95,212,1879,2120
32205,16,195,516,6832,7645
32206,229,419,565,5398,6192
32207,98,430,771,8475,9510
32208,127,441,647,8498,9547
32209,250,551,811,9081,10215
32210,0,539,1028,14541,16512
32211,0,126,354,6959,7738
32212,1,3,5,412,441
32216,0,472,714,9080,10298
32217,0,144,395,4547,5252
32218,0,403,946,13213,17174
32219,10,109,190,3570,4687
32220,44,141,219,4195,4764
32221,0,216,460,8303,9299
32222,18,46,107,3121,3509
32223,0,286,596,6742,7743
32224,19,242,841,8210,9409
32225,16,313,1070,14054,16161
32226,0,164,405,4046,5331
32227,5,17,26,479,550
32233,6,217,466,5516,6224
32244,219,422,810,14772,16679
32246,0,295,661,12347,13754
32250,114,569,1137,8036,9069
32254,63,258,389,3996,4416
32256,90,199,657,8657,9792
32257,21,342,790,9260,10424
32258,0,123,560,7986,9316
32259,0,585,1755,10975,13687
32266,10,72,225,2109,2404
32277,29,179,379,6176,7063
32301,0,149,331,4049,4566
32303,61,311,571,7552,8461
32304,168,448,636,4387,4906
32305,0,60,162,2429,2472
32308,41,124,316,4023,4472
32309,24,237,538,5004,5743
32310,59,157,215,1860,2117
32311,0,103,309,3669,4189
32312,0,278,729,5463,6371
32317,7,140,334,2743,3204
32333,0,0,0,5,7
32401,109,286,496,6351,6671
32403,0,9,29,878,924
32404,125,337,599,12229,12354
32405,29,196,471,9259,9641
32407,27,147,329,4115,4346
32408,37,210,487,6940,7345
32409,17,42,70,1787,1886
32413,98,285,778,9145,9677
32444,0,109,305,6346,6678
32459,18,145,313,2388,2538
32466,10,55,113,1142,1179
32501,52,231,410,3504,3862
32502,41,120,171,1741,1912
32503,0,193,707,9733,10451
32504,0,223,470,7099,7840
32505,112,308,419,8519,9237
32506,111,401,724,10230,10943
32507,39,303,761,8638,9555
32508,3,11,18,392,413
32514,0,254,532,10416,11376
32526,0,91,403,12060,12893
32531,0,0,1,14,18
32533,81,291,617,10557,11488
32534,0,111,211,5326,5790
32536,19,62,170,2508,3028
32539,21,57,103,2901,3512
32561,0,2,4,22,24
32570,0,159,555,8639,9729
32571,11,190,592,9600,10951
32577,0,0,1,7,8
32583,43,120,288,4734,5326
32601,37,256,399,2611,3013
32603,39,130,196,569,662
32605,0,102,301,4414,5010
32606,85,240,466,4157,4864
32607,79,270,425,3376,3837
32608,134,635,1094,7866,8066
32609,31,93,167,2946,3826
32615,0,99,227,3240,3263
32617,6,26,51,554,562
32618,11,35,62,743,752
32640,0,0,0,1,1
32641,69,169,274,2920,2968
32653,0,240,448,4241,4338
32667,0,0,0,2,2
32669,0,24,81,966,1125
32701,62,185,394,4604,4699
32702,0,3,5,38,39
32703,128,557,1199,13859,14087
32707,185,315,575,8674,10715
32708,70,520,983,10758,13610
32709,3,7,14,156,188
32712,76,804,1775,14565,14899
32713,0,50,366,7145,8217
32714,111,274,497,7229,7310
32720,111,341,986,7185,7311
32724,64,246,510,7762,8937
32725,65,194,581,13977,15930
32726,34,197,497,6666,6734
32730,20,35,82,1220,1227
32732,0,0,0,2,2
32735,11,24,78,1558,1562
32736,0,11,81,859,1036
32738,0,189,618,10864,12403
32744,3,17,35,868,1004
32746,0,328,788,8466,10566
32750,48,153,581,6379,7870
32751,88,408,842,6004,6148
32754,33,60,158,2020,2169
32757,138,396,775,8379,8473
32759,3,36,55,459,544
32763,0,136,385,5057,5827
32764,0,12,25,402,462
32765,0,714,1735,13078,16395
32766,51,264,804,4133,5342
32771,0,292,987,10944,13517
32773,16,130,398,6562,7993
32776,0,49,165,2865,3447
32778,98,236,701,7982,8055
32779,33,500,1019,6140,6383
32780,0,329,592,12067,12948
32784,19,74,173,1801,1831
32789,17,496,1341,7524,8307
32792,262,922,1433,12001,12213
32796,0,76,303,6904,7487
32798,0,30,76,1488,1503
32801,40,114,196,1353,1504
32803,50,313,932,6826,6997
32804,21,566,1090,6511,6818
32805,86,302,642,5998,6085
32806,51,539,1239,8067,8235
32807,9,246,609,8929,9020
32808,153,505,1092,11461,11626
32809,151,346,699,7016,7109
32810,170,366,758,8326,8402
32811,126,219,530,6517,6584
32812,124,406,918,8557,8699
32814,5,113,287,1447,1506
32817,59,382,774,7989,9548
32818,214,472,989,10973,11119
32819,91,609,1318,8633,8887
32820,0,97,297,2666,3223
32821,29,120,297,4703,4746
32822,245,465,1102,12016,12102
32824,0,343,826,12425,12565
32825,0,540,1334,16391,16645
32826,68,293,538,5687,6661
32827,63,384,843,3855,4026
32828,199,548,1246,13740,16248
32829,26,190,506,5102,5197
32830,0,1,2,19,20
32832,0,274,680,5011,5170
32833,14,98,183,2722,3330
32835,26,395,939,8452,8610
32836,0,634,1274,6208,6478
32837,54,409,1199,13325,13462
32839,191,368,614,6653,6749
32901,67,218,395,7551,8248
32903,0,193,478,4306,4683
32904,34,294,655,10263,11132
32905,0,142,300,6862,7454
32907,0,110,471,14469,15552
32908,9,26,92,4088,4323
32909,0,205,489,10301,11245
32920,16,75,145,2122,2295
32922,85,212,355,4811,5214
32925,0,13,28,285,307
32926,28,203,378,8397,9079
32927,63,219,615,9440,10284
32931,29,185,429,3777,4075
32934,88,340,666,5981,6566
32935,43,229,559,13152,14156
32937,0,361,824,8207,8957
32940,0,317,833,8703,9654
32949,4,42,96,959,1059
32950,8,50,155,1904,2034
32951,46,252,443,4530,4983
32952,0,344,823,7429,8142
32953,81,306,748,8053,8783
32955,154,433,797,12430,13688
32958,7,19,42,849,930
32960,16,215,463,7070,7884
32962,10,176,332,8676,9652
32963,0,606,1580,6535,7657
32966,87,319,508,6492,7080
32967,0,197,437,5338,6009
32968,0,102,328,4984,5572
33004,25,211,396,3445,4090
33009,37,327,580,5063,5946
33010,87,260,402,7026,7744
33012,0,256,652,10414,11473
33013,81,284,463,7248,7995
33014,42,120,345,6405,6940
33015,0,202,617,10725,11674
33016,104,163,333,5931,6440
33018,34,310,780,10279,11220
33019,0,134,356,2664,3249
33020,0,206,552,9194,10633
33021,97,267,898,10263,11828
33023,55,497,736,15316,18170
33024,248,744,1316,15979,18687
33025,152,405,678,8463,9931
33026,0,293,650,6391,7731
33027,0,713,1638,10909,12666
33028,30,292,696,5864,7233
33029,0,369,1462,10795,13036
33032,15,35,68,1095,1218
33033,0,0,0,8,9
33054,102,266,414,7109,7718
33055,46,313,604,10529,11458
33056,28,268,434,8297,9091
33060,193,377,587,6962,8203
33062,20,195,499,3973,4806
33063,73,205,343,5555,6519
33064,0,467,1121,12544,15298
33065,0,90,188,3670,4386
33066,23,75,136,1492,1746
33067,0,2,5,33,40
33069,23,99,191,2797,3228
33071,3,73,190,2184,2627
33073,0,1,3,33,39
33109,0,13,38,69,85
33122,1,8,13,306,328
33125,86,306,486,6956,7693
33126,0,88,223,5278,5819
33127,13,183,365,5729,6440
33128,11,18,25,490,546
33129,14,106,163,1511,1681
33130,0,74,179,1604,1791
33131,0,12,29,136,154
33132,0,11,27,249,278
33133,0,367,1001,6068,6874
33134,98,374,1073,8504,9538
33135,68,230,351,4701,5130
33136,54,98,136,1268,1397
33137,28,147,274,2233,2462
33138,45,325,592,5637,6147
33139,40,167,326,2667,3008
33140,0,219,536,2730,3053
33141,0,140,235,3275,3610
33142,106,387,716,10547,11533
33143,32,631,1152,6660,7473
33144,32,174,341,5798,6312
33145,106,332,600,6207,6864
33146,0,266,793,3152,3599
33147,85,461,837,10937,11992
33149,0,161,386,1377,1578
33150,99,304,496,5584,6087
33154,22,140,319,1845,2061
33155,107,533,1066,11710,12922
33156,185,731,1832,7733,8667
33157,49,547,1289,10534,11799
33158,2,184,445,1797,2038
33160,23,122,263,2008,2196
33161,0,274,539,8354,8975
33162,29,230,461,8660,9447
33165,67,444,780,12093,13183
33166,105,209,556,5727,6388
33167,55,152,303,4133,4500
33168,0,83,234,6366,6821
33169,17,177,370,7608,8264
33170,18,38,60,861,941
33172,18,96,144,2748,2961
33173,0,255,584,5818,6516
33174,46,152,267,4089,4531
33176,72,495,1103,9037,9943
33178,4,161,364,3809,4225
33179,13,154,394,5942,6577
33180,10,123,315,2214,2468
33181,22,61,145,2236,2410
33183,0,0,1,7,8
33185,0,1,2,17,18
33189,0,49,207,5462,6033
33190,13,69,138,2417,2616
33301,0,89,320,2625,3170
33304,0,203,510,3643,4329
33305,4,195,458,3078,3643
33306,5,62,155,968,1146
33308,38,208,679,5081,6036
33309,77,112,307,5750,6838
33311,113,356,954,13676,15907
33312,30,357,1013,12139,14523
33313,0,176,461,7089,8238
33314,36,212,405,5073,5949
33315,4,128,396,3514,4293
33316,26,126,361,2598,3093
33317,21,295,747,8783,10235
33319,28,83,174,3269,3892
33321,0,0,0,6,7
33322,0,180,455,7847,9365
33323,11,108,578,4630,5469
33324,87,308,722,7908,9401
33325,0,278,672,7337,8672
33326,15,131,786,6255,7457
33327,0,341,1138,4730,5925
33328,51,335,849,6965,8242
33330,0,268,788,4019,4959
33331,30,222,1043,5681,7027
33332,0,144,497,2729,3317
33334,18,261,541,7523,8838
33351,0,68,113,3708,4471
33401,0,163,402,4077,4681
33403,0,54,125,2967,3350
33404,95,448,775,7272,8314
33405,118,456,671,5905,6694
33406,60,240,460,5791,6512
33407,180,352,578,6878,7660
33408,0,222,551,4321,4877
33409,37,171,262,5347,6006
33410,0,309,1152,8744,10291
33411,11,74,140,1507,1740
33412,0,11,34,287,331
33413,5,80,156,2294,2637
33415,51,174,348,6413,7152
33417,17,161,316,4842,5452
33418,152,747,1775,9612,11048
33426,26,125,289,5727,6502
33431,0,237,575,4044,4648
33432,87,271,659,3634,4180
33433,7,238,612,6110,7003
33434,23,126,281,2446,2838
33435,101,302,559,7899,8980
33436,14,432,863,12057,13645
33437,29,80,177,2238,2529
33441,127,287,573,5294,6224
33442,19,180,335,5161,6105
33444,119,202,505,5053,5814
33445,67,284,626,7229,8123
33446,0,4,11,85,97
33455,45,401,713,7643,8703
33460,37,149,381,8075,9191
33461,77,299,444,7477,8424
33462,0,231,644,8262,9405
33463,46,274,709,9789,11207
33467,0,5,9,96,107
33469,0,0,0,4,5
33472,22,52,122,1229,1414
33480,0,204,677,2345,2778
33483,8,161,527,3246,3761
33484,19,123,236,3242,3672
33486,78,339,886,5472,6240
33487,40,144,349,2402,2777
33496,5,106,299,1315,1519
33510,53,152,327,6966,7506
33511,150,559,872,12465,13337
33523,0,0,1,4,4
33527,107,208,455,4336,4714
33534,35,102,159,4041,4382
33543,54,415,1477,7384,7584
33544,7,161,613,3603,3682
33545,0,0,1,3,3
33547,37,286,721,4573,5056
33548,25,226,506,2054,2168
33549,40,205,842,5514,5622
33556,18,905,2065,8076,8498
33558,56,639,1397,6492,6749
33559,95,198,613,3692,3753
33563,79,195,267,6754,7152
33565,27,123,246,4176,4477
33566,0,83,401,5888,6251
33567,6,39,83,1820,1946
33569,0,325,691,7340,8114
33570,29,105,192,4319,4721
33572,39,381,924,7013,7448
33573,46,247,549,8398,9030
33578,189,492,783,11490,12373
33579,28,332,617,8513,9320
33584,134,291,583,7387,7725
33592,17,64,166,2173,2315
33594,0,298,803,10401,11262
33596,49,244,760,8674,9454
33598,0,76,183,3113,3393
33602,0,106,306,1980,2179
33603,46,177,422,5201,5583
33604,68,338,675,8806,9500
33605,70,291,468,5670,6170
33606,52,310,676,3715,4094
33607,0,301,594,6483,7013
33609,0,283,710,4678,5110
33610,164,430,727,9413,10038
33612,303,575,828,9226,9902
33613,156,370,527,5295,5625
33614,108,335,530,9932,10657
33615,0,326,725,11073,11846
33617,101,414,607,8485,9037
33618,71,347,686,7192,7649
33619,0,225,578,9714,10581
33624,109,290,725,11025,11895
33625,0,184,384,6966,7565
33626,102,828,1827,7956,8289
33629,27,549,1380,5649,6425
33634,61,104,385,5647,6038
33635,19,155,354,4459,4750
33637,44,94,120,3386,3578
33647,0,537,1596,14723,15831
33701,58,265,916,3083,3157
33702,230,564,2344,9318,9404
33703,70,684,2632,8327,8547
33704,29,509,1740,5370,5595
33705,165,486,2143,8011,8143
33706,64,534,1915,6049,6227
33707,201,519,2093,8137,8237
33708,99,423,1548,5993,6080
33709,217,416,2035,8462,8574
33710,100,512,2908,12142,12354
33711,122,300,1357,5400,5489
33712,173,475,1943,7291,7404
33713,45,417,2503,11003,11173
33714,107,240,1321,6227,6278
33715,24,137,531,1772,1809
33716,31,98,509,2183,2203
33755,153,437,1748,7073,7175
33756,199,553,2301,8769,8905
33759,93,274,1103,4498,4578
33760,60,179,839,3638,3682
33761,129,349,1592,5932,6061
33762,10,161,689,2529,2552
33763,68,194,861,4120,4179
33764,242,574,2153,8692,8862
33765,84,226,1043,4063,4147
33767,10,206,658,1908,1990
33770,140,412,1970,8043,8183
33771,243,395,2005,9955,10046
33772,129,428,2074,8339,8450
33773,192,451,1832,7195,7313
33774,84,223,1469,5883,5943
33776,65,457,1515,4690,4859
33777,36,288,1588,5832,5904
33778,133,330,1629,6172,6280
33781,308,597,2218,9032,9200
33782,74,368,1855,7986,8084
33785,32,179,706,2328,2390
33786,9,122,335,829,886
33801,74,337,600,9621,10347
33803,144,380,606,9187,10142
33805,20,238,340,6182,6711
33809,9,204,443,8092,8720
33810,69,319,638,12471,13678
33811,65,188,498,7213,8020
33812,0,70,244,4152,4611
33813,0,552,1155,11035,12202
33815,86,230,358,4936,5236
33823,0,426,737,10169,11286
33825,109,260,758,6673,6762
33827,5,24,58,486,496
33830,73,345,825,8861,8970
33837,0,354,985,10800,10966
33838,11,32,132,1591,1603
33839,0,47,95,1058,1167
33843,0,28,99,1310,1317
33844,212,449,1173,12151,12313
33848,3,6,9,41,43
33850,0,49,116,2635,2888
33852,0,8,20,251,254
33853,124,276,635,4484,4521
33856,0,0,1,209,209
33859,0,110,390,4194,4211
33860,66,169,309,6666,7270
33868,5,48,113,1134,1149
33870,128,384,1269,10451,10600
33872,16,171,540,5080,5142
33875,25,99,266,2747,2798
33876,21,71,160,1466,1487
33880,372,784,1567,12805,13070
33881,350,675,1362,12612,12793
33884,73,352,1019,11815,12033
33896,51,158,343,4534,4590
33897,108,216,834,9694,9724
33898,61,118,281,4005,4042
33901,59,337,639,5541,5748
33903,132,330,484,10583,10836
33904,44,471,942,13921,14451
33905,176,402,778,11889,12341
33907,26,209,319,5024,5150
33908,180,779,1258,13888,14607
33909,99,287,406,9399,9785
33912,79,411,854,7356,7641
33913,51,438,1010,7738,8159
33914,103,582,1197,16436,16829
33916,16,244,422,5086,5297
33917,157,612,1082,13302,13886
33919,57,362,705,8942,9304
33920,5,89,197,2509,2655
33921,29,121,197,823,884
33922,20,81,164,2326,2399
33928,98,439,958,8210,8667
33931,0,278,585,5278,5522
33935,0,0,0,4,5
33936,80,372,683,8537,8767
33946,0,82,184,1784,1841
33947,61,210,312,4873,5036
33948,0,179,273,7455,7704
33950,155,588,976,10518,10818
33952,202,405,621,13759,14337
33953,43,135,259,3347,3464
33954,0,50,189,4025,4138
33955,0,125,320,4421,4565
33956,5,112,249,2324,2424
33957,48,335,848,4205,4559
33965,1,4,5,65,70
33966,37,139,254,2911,3032
33967,26,190,484,8093,8499
33971,0,113,284,7739,8031
33972,46,120,226,4397,4549
33973,29,102,169,2297,2350
33974,64,157,270,4819,4873
33976,24,48,86,4697,4754
33980,33,122,295,5334,5501
33981,29,154,308,5475,5623
33982,12,114,187,2912,3017
33983,35,122,233,5591,5760
33990,108,335,719,11443,11838
33991,102,230,383,8205,8443
33993,40,322,776,9493,9886
34102,37,311,923,4682,5052
34103,8,267,646,3570,3817
34104,8,145,355,7645,7968
34105,42,311,745,4231,4491
34108,79,466,1187,5799,6258
34109,38,474,911,6826,7248
34110,89,480,1098,7335,7847
34112,45,281,552,8594,8938
34113,116,313,578,6375,6641
34114,14,291,618,6420,6753
34116,21,165,365,6846,7082
34117,0,72,160,2192,2262
34119,20,505,1171,9235,9790
34120,0,59,183,2383,2498
34134,32,472,1125,5709,6143
34135,0,420,1226,16654,17197
34142,0,0,0,1,1
34145,73,566,1286,6663,7045
34201,16,90,243,1790,1921
34202,39,332,702,4963,5323
34203,55,383,808,12955,13448
34205,76,257,504,9102,9378
34207,0,336,568,10988,11406
34208,165,473,710,9738,10077
34209,90,371,686,10613,11051
34210,12,200,360,3732,3908
34211,29,140,298,1853,1979
34212,0,147,428,3835,4079
34219,7,145,456,6133,6477
34221,47,359,828,14744,15432
34222,12,93,210,5514,5771
34223,90,439,867,10605,11010
34224,136,390,599,8732,8932
34228,8,226,456,2316,2504
34229,29,176,427,3240,3488
34231,83,461,864,11026,11570
34232,93,362,735,11039,11471
34233,56,181,362,6621,6858
34234,0,163,425,6729,6977
34235,59,289,434,5066,5259
34236,35,211,485,2845,3028
34237,43,144,236,4644,4745
34238,116,409,919,7057,7451
34239,72,340,608,6035,6335
34240,0,155,477,3368,3582
34241,33,247,536,4342,4510
34242,4,286,664,3698,3979
34243,122,278,700,10573,10896
34250,0,11,25,230,240
34269,3,38,59,1353,1457
34275,163,421,909,8867,9326
34285,55,264,591,8544,8889
34286,16,70,279,7537,7677
34287,60,216,445,11598,11887
34288,5,102,281,4623,4759
34289,1,5,15,707,729
34291,0,69,126,2862,2961
34292,71,269,495,6650,6912
34293,128,786,1334,17365,17968
34420,125,196,431,5347,5391
34428,27,57,111,898,910
34429,29,161,312,2505,2562
34432,4,7,13,162,163
34434,0,1,4,39,40
34436,6,16,38,394,400
34442,50,93,317,2438,2483
34446,21,127,362,3340,3388
34448,67,140,287,2748,2779
34450,26,94,180,1471,1501
34452,63,115,245,2965,2989
34453,14,63,160,2295,2331
34461,13,47,155,1854,1877
34465,93,171,457,5100,5126
34470,12,161,372,6082,6175
34471,177,549,963,8086,8263
34472,156,367,669,8978,9070
34473,3,7,11,294,316
34474,5,190,412,5125,5204
34475,84,271,531,3650,3726
34476,92,317,572,10029,10111
34479,90,219,304,4364,4418
34480,13,230,612,6414,6493
34481,77,209,446,6849,6918
34482,39,133,344,4812,4871
34484,17,54,121,949,966
34488,9,31,72,980,990
34491,0,204,703,9022,9188
34601,81,165,375,2822,2848
34604,33,113,325,2452,2490
34606,156,311,1123,10929,11007
34607,0,104,232,3217,3408
34608,224,447,1330,12217,12329
34609,232,680,2008,15109,15233
34610,28,240,875,5434,5501
34613,89,224,600,6260,6337
34614,6,18,37,581,606
34638,0,386,1216,5431,5545
34639,33,324,1116,6379,6446
34652,202,484,1451,11032,11089
34653,12,208,1456,12066,12164
34654,85,297,953,6907,6977
34655,67,668,2523,16210,16477
34667,66,495,2144,16214,16395
34668,299,836,2667,19684,19764
34669,29,195,849,5808,5872
34677,123,478,1912,7377,7608
34679,0,0,0,23,23
34681,0,3,8,38,39
34683,37,494,3066,12041,12189
34684,152,446,2178,8704,8784
34685,17,384,1509,5351,5560
34688,16,198,791,2560,2663
34689,188,636,2732,10054,10273
34690,64,147,703,6313,6377
34691,178,470,1547,10225,10319
34695,57,408,1758,6113,6266
34698,0,539,2874,12495,12701
34705,0,5,17,439,441
34711,222,814,1887,17942,18220
34714,0,95,343,5170,5249
34715,24,113,263,3964,4017
34731,42,123,317,3439,3485
34734,22,95,177,1388,1428
34736,1,8,19,222,226
34737,2,12,40,506,511
34741,197,336,811,8033,8123
34743,149,277,865,10534,10588
34744,46,357,1026,11247,11374
34746,330,850,1936,15171,15486
34747,58,569,1499,11189,11398
34748,0,220,835,11371,11533
34756,0,47,126,954,973
34758,121,217,748,11933,11982
34759,135,462,1128,11020,11166
34760,6,29,72,341,352
34761,163,526,1278,12076,12364
34762,0,4,11,105,107
34769,42,126,665,8306,8398
34771,23,192,627,4546,4593
34772,112,280,813,9139,9298
34785,35,132,277,3077,3102
34786,95,1164,2161,10877,11494
34787,75,1308,2671,17635,18307
34788,116,289,488,6283,6321
34797,2,35,63,478,492
34945,13,38,63,964,1072
34946,108,287,429,2508,2735
34947,56,150,248,3248,3701
34949,17,79,192,2073,2352
34950,66,373,578,4413,4945
34951,0,138,270,5853,6504
34952,0,298,778,14772,16345
34953,36,173,373,7934,8981
34957,67,306,736,8306,9357
34981,0,1,6,236,267
34982,9,134,184,4112,4564
34983,93,389,762,13744,15267
34984,0,102,287,5127,5898
34986,8,186,591,7326,8288
34990,0,481,1248,8449,9799
34994,5,127,433,4353,4990
34996,48,104,357,3147,3590
34997,101,371,809,9739,10952
30002,0,0,0,0,0
30004,0,0,0,0,0
30005,0,0,0,0,0
30008,0,0,0,0,17
30009,11,15,23,23,38
30011,12,13,13,13,13
30012,85,85,85,93,93
30013,83,83,83,83,83
30014,0,0,0,0,0
30016,46,74,92,110,120
30017,20,20,27,34,41
30019,45,62,71,71,80
30021,8,11,13,17,21
30022,0,0,15,15,15
30024,19,19,19,38,77
30028,1,1,1,1,2
30030,20,25,29,33,33
30032,30,37,52,52,82
30033,35,35,35,44,58
30034,0,0,10,21,63
30035,0,0,0,5,10
30038,66,85,85,133,142
30039,0,0,0,0,0
30040,0,0,0,0,0
30041,0,0,0,0,0
30043,189,189,246,246,246
30044,90,90,108,108,162
30045,0,0,0,0,0
30046,27,44,44,71,98
30047,105,120,150,150,150
30052,0,0,0,0,0
30058,144,159,173,188,202
30060,81,89,98,106,122
30062,0,0,0,0,0
30064,45,45,45,45,45
30066,51,68,102,102,119
30067,73,89,105,113,122
30068,0,0,9,18,18
30071,0,0,0,5,10
30072,0,0,0,0,0
30075,15,15,15,30,30
30076,44,44,44,44,44
30078,77,77,77,87,87
30079,9,10,12,14,16
30080,45,64,64,73,73
30082,19,25,25,25,32
30083,8,17,25,42,68
30084,37,46,46,46,55
30087,87,87,87,87,87
30088,0,0,5,9,9
30092,81,87,87,93,99
30093,71,78,92,92,92
30094,18,44,53,53,61
30096,70,93,93,105,105
30097,0,12,12,12,25
30101,0,0,33,33,67
30102,0,8,8,17,25
30103,0,0,0,0,1
30106,0,6,23,40,52
30107,0,0,0,0,0
30114,0,0,7,14,20
30115,35,35,42,42,42
30116,0,1,1,1,2
30117,4,16,36,60,60
30120,1,2,2,2,2
30121,2,2,2,2,2
30122,39,48,67,92,92
30126,10,20,30,30,40
30127,35,35,52,52,70
30132,0,0,0,0,14
30134,85,95,133,142,161
30135,60,91,106,136,136
30137,1,1,1,1,1
30141,6,6,6,6,11
30144,133,157,181,193,242
30147,0,0,0,1,2
30152,58,87,87,87,106
30157,0,0,0,16,31
30161,50,56,73,78,90
30165,48,69,74,74,80
30168,24,24,24,24,24
30173,0,1,1,1,1
30180,0,0,0,0,0
30187,0,0,0,0,0
30188,16,48,80,80,80
30189,0,0,13,25,25
30205,1,1,1,1,1
30213,0,0,0,0,0
30214,0,0,0,17,44
30215,0,10,21,21,21
30223,3,4,5,9,12
30228,204,204,231,244,258
30234,0,0,0,0,0
30236,10,10,31,84,84
30238,29,77,115,124,134
30248,0,0,0,0,0
30252,25,25,38,38,38
30253,0,16,49,49,49
30260,17,40,46,58,69
30268,29,31,31,31,31
30269,0,0,0,0,0
30273,58,67,81,85,90
30274,128,148,182,209,229
30276,0,0,0,0,0
30277,10,10,12,17,32
30281,145,145,145,145,163
30288,43,45,55,57,65
30290,0,0,0,0,0
30291,0,0,0,0,0
30294,0,0,12,37,50
30296,12,12,19,31,37
30297,14,43,52,57,57
30305,0,12,23,29,32
30306,0,0,0,0,4
30307,14,14,17,20,23
30308,9,9,12,14,19
30309,28,34,34,36,37
30310,21,41,62,88,114
30311,37,49,65,85,102
30312,5,23,35,43,45
30313,0,0,1,2,3
30314,66,87,94,115,129
30315,10,30,41,81,107
30316,163,169,175,175,181
30317,0,0,0,0,2
30318,8,25,33,41,74
30319,57,63,63,70,76
30324,30,35,38,38,38
30326,0,0,0,0,1
30327,4,4,13,13,13
30328,12,12,24,30,42
30329,11,22,27,27,35
30331,34,91,113,147,159
30336,19,22,26,27,28
30337,0,0,0,6,18
30338,0,0,0,0,0
30339,4,4,4,8,8
30340,0,0,4,4,9
30341,0,0,0,0,20
30342,0,0,0,0,0
30344,39,44,53,58,63
30345,9,15,15,15,15
30346,0,0,0,0,0
30349,166,203,203,240,277
30350,15,25,44,49,54
30354,33,42,47,61,65
30360,0,0,0,6,12
30363,1,2,2,2,3
30458,108,113,134,144,155
30461,0,3,4,6,7
30501,0,0,0,13,20
30504,0,0,0,0,0
30506,0,0,0,1,1
30507,14,17,17,18,18
30517,3,4,5,6,9
30518,44,44,44,55,76
30519,22,33,33,67,78
30542,0,0,0,0,0
30548,17,19,19,21,22
30564,0,0,0,0,0
30565,0,0,0,0,0
30566,18,22,24,28,31
30601,226,267,284,290,325
30605,266,283,301,319,345
30606,0,36,48,84,107
30607,19,19,19,19,21
30619,0,0,0,0,0
30620,0,0,0,0,0
30621,0,0,0,0,0
30622,8,8,8,8,8
30646,0,1,2,2,3
30655,0,0,0,0,0
30677,0,0,0,0,0
30680,0,0,0,0,0
30683,10,10,11,12,12
30701,0,0,0,10,26
30705,26,28,32,32,32
30707,0,0,0,0,0
30720,10,10,10,20,26
30721,37,37,37,37,37
30725,1,5,6,9,13
30735,0,0,0,0,0
30736,122,122,122,131,131
30738,0,0,0,0,0
30740,0,0,0,0,0
30741,0,0,0,0,0
30742,23,26,28,30,35
30750,0,0,0,0,0
30755,0,0,0,0,0
30757,0,0,0,0,0
30802,0,0,0,0,0
30805,1,1,2,2,2
30809,56,71,85,85,85
30813,66,88,88,110,122
30815,104,104,113,113,121
30901,169,218,239,260,281
30904,181,191,211,251,282
30905,0,1,2,2,5
30906,0,81,122,224,305
30907,47,63,63,78,125
30909,26,26,64,77,116
31005,0,0,0,0,0
31008,14,22,25,28,30
31020,0,0,0,0,0
31028,0,0,2,4,4
31030,2,4,5,6,7
31032,0,0,0,0,0
31047,13,14,15,17,17
31052,2,3,3,4,5
31088,17,51,68,68,68
31093,71,80,98,143,161
31098,0,0,1,2,2
31201,54,83,99,108,134
31204,92,138,156,174,229
31206,270,290,338,415,454
31210,0,0,0,0,0
31211,22,39,54,61,79
31216,3,3,3,4,4
31217,99,121,147,158,176
31220,2,3,4,6,6
31301,0,0,0,1,1
31302,2,2,3,5,5
31313,33,55,66,88,99
31315,11,12,12,15,15
31322,21,28,36,36,50
31324,0,0,0,0,0
31401,166,198,214,230,241
31404,0,0,0,7,13
31405,91,112,132,142,142
31406,59,73,81,81,103
31407,9,9,9,10,11
31408,32,32,35,35,35
31410,0,5,11,16,21
31411,2,3,3,5,5
31415,112,127,139,155,158
31419,0,0,0,0,21
31520,3,13,14,21,25
31523,16,16,17,18,18
31525,0,0,0,0,2
31601,8,46,84,115,153
31602,72,96,120,144,152
31605,0,0,0,0,0
31606,4,4,4,5,5
31632,2,3,4,5,7
31636,0,0,0,0,0
31701,148,186,186,217,223
31705,118,192,229,251,273
31707,0,6,31,62,75
31721,80,85,96,96,96
31763,16,22,27,27,38
31791,0,1,1,1,1
31808,1,2,2,2,2
31820,1,1,1,1,1
31901,15,30,41,53,62
31903,173,192,210,210,247
31904,56,67,100,123,123
31905,9,18,25,28,37
31906,0,7,27,86,146
31907,0,70,88,193,211
31909,56,67,78,78,101
96701,474,7953,8174,8174,8174
96706,948,15442,15838,15838,15838
96707,439,9334,9544,9544,9544
96720,218,4477,4536,4536,4536
96725,6,103,105,105,105
96732,327,5972,6045,6045,6045
96734,484,6067,6210,6210,6210
96740,619,9768,9978,9978,9978
96744,724,9621,9929,9929,9929
96753,583,8276,8453,8453,8453
96761,369,5251,5352,5352,5352
96779,55,897,912,912,912
96782,503,8802,8982,8982,8982
96786,261,5835,5930,5930,5930
96789,679,13320,13578,13578,13578
96793,452,7160,7277,7277,7277
96795,1,25,26,26,26
96797,775,13044,13378,13378,13378
96813,239,3334,3412,3412,3412
96814,69,1132,1157,1157,1157
96815,162,2729,2782,2782,2782
96816,963,13000,13361,13361,13361
96817,497,7967,8138,8138,8138
96818,341,8198,8306,8306,8306
96819,599,8320,8560,8560,8560
96821,673,6269,6543,6543,6543
96822,469,6449,6601,6601,6601
96825,580,7767,7958,7958,7958
96826,131,2577,2630,2630,2630
50007,0,1,8,29,30
50009,0,254,1462,5841,5992
50010,316,3160,5129,5213,5255
50014,223,1657,2635,2687,2712
50021,0,298,1947,7234,7398
50023,0,341,2493,9477,9682
50035,4,58,504,1715,1749
50047,0,68,557,2078,2097
50061,0,51,224,584,611
50073,0,9,33,100,106
50105,11,187,305,308,310
50109,2,43,182,541,570
50111,0,164,990,4310,4380
50131,13,479,1771,6092,6296
50134,3,35,56,57,57
50156,2,35,52,53,53
50201,0,3,5,5,5
50211,3,122,920,3055,3115
50226,180,1090,1560,1622,1637
50237,0,15,126,496,503
50248,0,2,4,4,4
50265,31,432,2501,10005,10221
50266,10,255,1356,4741,4874
50309,0,28,186,847,860
50310,0,165,1627,7051,7152
50311,15,122,770,2831,2881
50312,13,239,1008,3161,3271
50313,51,141,1361,5553,5598
50314,32,130,579,2063,2095
50315,104,251,1973,8496,8591
50316,18,95,759,3595,3617
50317,93,338,2518,11448,11565
50320,0,176,1147,4634,4725
50321,2,64,465,1783,1807
50322,81,435,2491,9913,10015
50323,0,147,556,1328,1410
50324,0,66,392,1612,1635
50325,0,199,957,3354,3456
50327,12,181,997,3731,3838
50613,639,4440,9559,9706,9824
50626,0,1,3,21,22
50634,0,0,3,75,75
50643,31,316,681,688,695
50647,0,0,0,7,7
50648,0,0,0,1,1
50651,1,14,31,32,32
50667,3,6,24,319,323
50701,0,295,1068,8420,8558
50702,51,198,516,6260,6337
50703,74,148,580,5608,5619
50707,0,35,229,2658,2676
51054,0,89,586,1592,1628
51101,17,45,157,407,419
51103,28,80,1153,3918,3970
51104,40,201,1556,4913,4989
51105,0,69,562,1961,1977
51106,0,258,2447,7185,7303
51108,6,59,461,1413,1438
51109,2,16,284,1035,1042
51111,0,0,32,245,245
51501,94,418,5438,13292,13427
51503,41,402,4336,10084,10238
51510,6,47,652,1542,1555
51526,0,5,57,130,132
52001,357,4470,8996,9078,9124
52002,71,956,1879,1904,1915
52003,116,1036,2067,2107,2118
52227,48,621,1034,1054,1060
52228,58,393,657,678,685
52233,106,1114,1882,1918,1928
52240,304,2443,4605,4696,4729
52241,51,208,600,3773,3875
52242,0,2,6,48,49
52245,42,170,548,3417,3484
52246,0,291,709,3265,3376
52302,617,6640,11621,11799,11882
52314,1,14,24,24,24
52317,4,32,60,62,62
52324,4,140,244,245,246
52328,54,584,1013,1034,1040
52333,0,1,2,2,2
52338,3,21,35,37,37
52341,14,122,203,210,210
52401,31,312,520,527,532
52402,407,5927,10225,10413,10444
52403,285,3530,5807,5896,5932
52404,423,6817,11930,12039,12075
52405,242,4261,7251,7310,7332
52411,371,1597,2555,2695,2733
52722,34,704,2760,10870,11233
52748,16,179,292,297,299
52753,13,63,338,1447,1476
52801,4,12,50,205,208
52802,10,147,630,3257,3304
52803,15,206,1045,5015,5108
52804,0,169,1158,6142,6211
52806,325,4992,8008,8081,8130
52807,0,162,775,3841,3912
83201,89,954,9793,9902,9922
83202,74,437,5185,5248,5264
83204,58,360,3332,3373,3393
83209,0,2,11,11,11
83301,162,3627,16000,16178,16194
83328,6,185,980,988,988
83341,5,340,1204,1225,1225
83401,31,801,10091,10245,10245
83402,91,506,7450,7541,7548
83404,130,816,6682,6846,6860
83406,68,374,4765,4852,4857
83427,1,29,539,542,542
83501,23,551,11526,11713,11748
83605,97,909,10721,10796,10840
83607,89,536,5880,5927,5945
83616,252,2047,9713,10066,10086
83634,8,88,625,634,634
83642,143,2615,15577,15960,15960
83644,0,2,18,18,18
83646,131,2908,18387,18724,18743
83651,31,872,10139,10252,10252
83669,20,243,1430,1462,1463
83686,104,1297,14742,14891,14906
83687,0,1048,11681,11763,11775
83702,111,1077,5993,6159,6171
83703,121,722,5165,5265,5270
83704,60,1458,11931,12052,12064
83705,75,922,8213,8287,8296
83706,109,1277,8931,9114,9123
83709,165,2580,20309,20598,20639
83712,49,506,2368,2456,2456
83713,193,1296,9465,9639,9658
83714,131,1328,7490,7699,7722
83716,89,1014,5055,5223,5228
83814,0,437,6746,6971,7042
83815,0,444,11693,11909,11957
83833,0,1,48,49,49
83835,23,311,7566,7737,7776
83854,29,394,14289,14508,14581
83858,0,184,3939,4066,4082
60002,0,0,116,344,427
60004,15,37,179,395,581
60005,12,31,81,112,152
60007,0,0,61,316,417
60012,0,0,0,2,2
60014,0,0,42,243,346
60015,0,19,208,657,1011
60016,55,121,186,384,559
60018,7,51,95,205,264
60022,0,7,11,224,386
60025,38,76,295,658,934
60026,6,29,129,316,439
60029,1,2,4,13,20
60030,0,11,154,461,757
60031,0,10,198,531,782
60033,0,0,1,2,4
60034,0,0,8,17,30
60035,23,46,394,765,1089
60040,0,0,11,36,61
60041,0,0,0,1,1
60043,0,4,30,86,138
60044,10,12,54,142,245
60045,6,18,176,587,880
60046,0,0,160,320,584
60047,0,1,19,38,52
60048,25,51,433,807,1189
60053,0,0,120,288,359
60056,12,59,71,213,534
60060,0,53,65,194,371
60061,0,0,104,238,422
60062,0,34,159,637,1275
60064,34,77,133,167,214
60068,0,30,264,823,1259
60069,0,2,44,134,219
60070,24,29,51,92,138
60071,0,0,0,1,1
60073,0,0,58,231,393
60076,42,84,110,270,522
60077,26,62,104,181,248
60083,0,7,62,140,218
60084,1,1,3,7,10
60085,25,87,149,248,348
60087,26,26,70,115,179
60088,0,5,7,15,23
60089,0,37,332,637,858
60090,0,47,123,199,287
60091,0,0,111,470,903
60093,0,29,233,568,864
60096,8,17,63,97,131
60097,2,6,16,22,32
60098,0,36,135,298,397
60099,31,109,242,313,375
60101,0,0,66,178,338
60102,2,2,7,56,98
60103,0,0,105,441,801
60104,0,0,15,64,124
60106,45,54,63,89,125
60107,0,38,166,331,444
60108,0,6,107,226,373
60110,3,8,15,21,29
60118,0,1,2,7,11
60119,1,1,5,9,18
60120,17,22,39,76,115
60123,13,26,47,86,147
60124,0,0,24,192,351
60126,0,0,534,925,1367
60130,52,58,90,142,217
60131,21,46,67,124,170
60133,24,64,127,247,335
60134,42,92,276,595,963
60136,0,2,28,54,98
60137,79,88,254,579,886
60139,20,20,73,165,225
60140,0,0,5,45,108
60141,0,0,0,0,0
60142,123,164,184,420,563
60143,3,6,20,102,170
60148,0,49,234,505,714
60153,22,67,156,206,278
60154,0,0,24,140,232
60155,47,66,102,147,181
60156,5,16,64,171,257
60157,1,2,15,33,53
60160,0,0,21,89,116
60162,0,9,20,53,77
60163,2,2,9,22,30
60164,40,50,110,149,174
60165,0,1,4,5,13
60169,0,0,1,3,5
60171,0,10,32,66,80
60172,33,52,151,308,393
60173,0,0,3,7,10
60174,34,51,126,320,480
60175,0,0,0,318,589
60176,39,55,55,88,116
60177,0,0,67,231,383
60180,0,0,0,1,1
60181,65,65,174,291,371
60184,0,0,20,49,82
60185,0,32,81,340,477
60187,45,51,185,344,496
60188,10,58,96,279,442
60189,21,41,48,325,608
60190,12,15,58,141,221
60191,0,0,37,95,117
60193,77,96,154,192,346
60194,0,1,13,27,48
60201,0,37,138,339,529
60202,0,21,73,171,287
60203,0,5,8,67,123
60301,0,1,4,6,9
60302,0,6,150,348,509
60304,0,0,67,232,375
60305,0,0,15,183,288
60402,15,60,165,299,509
60403,32,41,64,114,168
60404,0,0,55,188,310
60406,0,49,66,132,185
60409,17,94,204,272,332
60410,2,4,17,37,56
60411,29,129,359,604,762
60415,20,34,57,76,89
60417,4,7,22,40,57
60419,5,93,137,192,230
60421,0,0,1,3,5
60422,5,7,89,145,217
60423,0,0,162,532,827
60425,20,40,51,73,98
60426,0,98,220,324,367
60428,15,32,71,121,138
60429,0,37,105,175,266
60430,13,39,69,137,193
60431,0,0,72,168,282
60432,42,97,125,167,218
60433,20,55,59,98,125
60435,0,112,187,349,474
60436,91,113,135,161,187
60438,28,56,146,243,306
60439,37,37,185,430,608
60440,99,148,198,371,519
60441,0,40,119,356,534
60442,0,0,1,6,11
60443,42,108,155,239,335
60445,57,92,149,189,263
60446,11,11,116,189,263
60447,0,0,0,2,5
60448,43,43,136,365,515
60449,0,1,1,3,4
60451,0,21,83,333,624
60452,0,0,66,147,257
60453,0,44,206,413,605
60455,21,63,71,101,130
60456,0,3,5,9,13
60457,0,21,67,109,148
60458,0,21,34,78,107
60459,32,40,56,136,344
60461,20,30,62,91,130
60462,21,32,139,364,600
60463,8,23,65,194,285
60464,10,21,62,166,229
60465,0,4,38,104,142
60466,69,84,106,127,167
60467,15,37,89,386,616
60469,1,8,14,27,36
60471,37,59,96,130,152
60472,3,18,30,40,48
60473,0,59,150,195,260
60475,14,23,30,42,47
60476,0,3,6,13,22
60477,75,122,141,262,366
60478,35,53,75,123,211
60480,0,1,27,60,78
60482,32,49,56,70,85
60484,0,0,0,0,0
60487,7,7,182,306,459
60490,24,36,84,348,552
60491,0,8,76,378,604
60501,23,31,51,86,128
60502,0,0,128,317,472
60503,12,12,47,165,240
60504,0,17,50,250,441
60505,0,0,79,192,305
60506,154,201,367,544,710
60510,31,47,78,319,482
60512,0,0,1,7,14
60513,0,0,72,188,260
60514,0,15,41,139,275
60515,50,92,227,525,745
60516,8,24,87,322,464
60517,35,49,92,247,409
60519,0,0,0,0,0
60521,0,0,166,535,880
60523,51,73,149,307,393
60525,57,65,171,431,602
60526,0,18,46,118,207
60527,28,57,241,554,724
60532,29,47,117,268,426
60534,6,11,42,62,79
60538,37,62,62,100,156
60540,54,76,152,706,1129
60542,25,25,30,156,327
60543,21,21,116,317,571
60544,8,40,194,315,460
60546,9,27,95,176,298
60554,0,1,6,13,20
60555,13,24,40,128,178
60558,0,0,80,340,569
60559,0,47,82,242,389
60560,0,0,1,25,57
60561,26,33,177,334,458
60563,0,14,58,375,570
60564,25,25,303,959,1565
60565,0,0,308,881,1212
60585,0,7,48,364,645
60586,0,14,245,586,914
60601,0,0,1,6,9
60602,0,0,0,2,3
60603,0,0,1,3,6
60604,0,1,3,5,8
60605,6,11,15,34,52
60606,0,0,1,3,5
60607,6,20,81,154,210
60608,134,195,267,411,555
60609,106,248,402,556,805
60610,0,9,27,91,146
60611,1,4,10,21,33
60612,0,38,158,292,403
60613,4,16,43,140,261
60614,49,97,257,548,798
60615,0,56,97,177,250
60616,15,60,176,256,361
60617,212,328,579,734,908
60618,114,157,271,612,1011
60619,74,339,560,737,1032
60620,128,462,606,829,861
60621,161,265,392,473,554
60622,66,88,110,419,706
60623,106,247,412,565,659
60624,97,179,237,271,334
60625,0,0,84,353,539
60626,0,14,47,83,132
60628,0,197,378,529,741
60629,0,152,260,455,606
60630,64,128,153,524,843
60631,0,0,180,492,664
60632,0,112,160,303,447
60633,0,40,77,132,165
60634,0,88,158,403,684
60636,0,148,252,365,434
60637,0,120,199,314,450
60638,0,0,126,522,810
60639,173,253,347,466,640
60640,0,17,61,160,269
60641,107,143,179,406,621
60642,0,0,23,129,196
60643,23,92,196,451,693
60644,47,118,212,276,382
60645,0,0,27,115,208
60646,45,68,159,364,622
60647,0,44,144,532,853
60649,101,165,235,325,395
60651,89,198,337,446,555
60652,132,187,363,407,561
60653,66,104,157,215,250
60654,0,1,16,39,56
60655,34,55,89,328,513
60656,25,37,50,137,225
60657,40,45,141,345,497
60659,0,28,78,139,244
60660,0,5,30,91,118
60661,1,2,3,8,16
60706,0,13,67,188,256
60707,77,134,153,345,488
60712,0,29,68,210,321
60714,24,80,144,272,463
60803,0,42,137,231,294
60804,81,163,258,339,394
60805,29,46,69,132,264
60827,33,147,219,328,433
60901,76,123,165,282,382
60910,1,2,3,4,4
60914,17,38,38,97,156
60915,7,12,17,29,36
60922,0,0,0,0,0
60964,0,0,0,0,0
61008,0,0,73,210,293
61011,0,0,10,72,130
61016,0,2,28,65,88
61025,0,0,0,5,9
61065,6,22,67,103,125
61072,0,0,2,3,4
61073,0,0,21,97,187
61101,31,132,183,277,315
61102,0,43,91,165,208
61103,0,7,94,161,302
61104,20,92,132,219,275
61107,64,118,227,363,472
61108,0,18,105,193,254
61109,78,148,226,296,348
61111,23,45,76,174,295
61114,0,19,63,159,207
61115,0,16,98,195,277
61201,0,0,0,0,0
61239,0,0,0,1,3
61240,0,2,2,2,2
61241,0,0,0,0,0
61244,0,0,0,0,41
61256,0,0,1,3,4
61264,0,0,0,0,0
61265,0,0,13,40,40
61273,0,0,0,0,0
61275,0,0,0,0,0
61282,0,0,0,2,32
61284,0,0,0,0,0
61301,11,21,45,80,107
61320,0,0,0,0,0
61341,6,9,14,23,27
61348,0,0,11,24,39
61350,0,0,48,153,195
61354,0,0,23,57,99
61362,4,7,17,38,54
61364,68,95,119,147,187
61373,0,0,0,1,2
61523,9,11,15,21,26
61525,0,0,10,131,249
61526,0,0,0,0,0
61528,0,1,3,50,92
61535,0,0,1,15,30
61536,0,0,0,0,1
61547,0,0,3,6,9
61548,2,6,9,27,52
61550,8,14,15,39,58
61554,0,65,170,235,287
61568,0,0,1,5,10
61571,8,13,36,75,106
61602,20,34,48,66,79
61603,13,93,133,177,222
61604,0,34,146,232,318
61605,75,106,170,220,270
61606,0,12,35,60,80
61607,0,0,22,69,126
61610,24,24,34,42,47
61611,0,18,118,191,264
61614,77,100,131,216,362
61615,0,14,78,254,494
61616,21,29,40,57,74
61701,54,126,261,333,414
61704,0,0,42,262,504
61705,6,34,62,102,224
61725,0,0,0,1,2
61748,0,0,0,0,1
61761,0,145,291,648,794
61772,0,0,0,0,0
61776,0,0,3,10,13
61801,0,98,185,280,386
61802,0,18,101,143,184
61814,0,0,0,1,1
61817,0,0,0,3,4
61820,0,105,253,383,492
61821,21,50,120,219,312
61822,38,79,88,154,258
61832,7,49,147,245,315
61833,0,0,5,8,11
61834,0,2,4,9,13
61841,0,0,0,0,0
61858,0,0,0,1,2
61864,0,0,1,2,2
61874,0,0,39,70,102
61880,0,0,0,0,1
61883,3,4,9,18,24
62025,0,0,0,1,1
62034,4,14,36,68,114
62040,31,188,361,517,580
62059,1,5,11,21,32
62060,10,28,40,58,76
62062,0,0,41,60,92
62090,0,6,12,19,22
62201,0,34,72,118,168
62203,0,19,75,104,133
62204,4,57,85,114,138
62205,33,75,130,182,205
62206,0,25,75,100,129
62207,20,70,93,121,151
62208,0,68,114,170,221
62221,0,3,4,10,15
62223,17,68,102,149,207
62226,2,12,20,57,87
62232,5,10,54,98,132
62234,48,97,193,299,396
62236,0,0,4,12,19
62239,9,15,26,38,59
62240,0,3,8,14,18
62260,0,1,4,9,13
62269,12,12,31,63,85
62521,12,61,103,170,225
62522,0,13,41,73,119
62523,0,8,16,21,28
62526,0,46,131,249,366
62535,0,0,8,27,47
62544,0,0,0,0,0
62549,3,3,12,29,46
62554,0,0,1,2,2
62558,1,2,2,3,4
62561,0,2,8,16,21
62563,6,9,28,76,108
62625,0,0,2,5,8
62629,18,36,50,82,164
62670,0,0,0,0,1
62677,0,0,0,1,3
62684,0,0,13,42,69
62701,0,2,4,10,13
62702,112,268,346,469,603
62703,18,120,212,360,480
62704,77,121,221,320,430
62707,0,0,3,29,73
62711,11,28,142,267,336
62712,10,17,83,145,204
62957,0,2,3,4,5
62960,0,1,2,3,4
46001,0,0,0,0,0
46011,78,102,116,142,163
46012,67,80,84,113,139
46013,129,145,171,209,241
46016,250,301,358,408,451
46017,14,16,19,19,25
46032,97,317,787,1228,1573
46033,58,420,840,1144,1424
46037,0,112,604,969,1306
46038,142,361,516,697,865
46040,0,26,108,181,269
46051,9,14,20,24,25
46052,13,19,25,31,34
46055,4,31,105,188,253
46056,2,3,4,4,5
46060,66,105,237,461,606
46062,209,317,395,511,619
46064,2,21,43,76,109
46068,2,3,3,4,4
46069,3,4,5,6,8
46074,11,117,457,691,882
46075,2,29,46,57,81
46077,28,337,627,833,1189
46106,131,188,240,278,336
46107,9,9,13,36,40
46110,2,4,5,6,8
46111,2,2,3,3,5
46112,66,198,463,609,714
46113,33,77,115,120,148
46118,0,0,0,0,1
46122,1,2,3,4,4
46123,286,430,573,728,835
46124,0,1,1,1,1
46126,18,32,43,57,65
46130,8,9,14,16,18
46131,233,326,475,587,606
46140,17,23,32,44,55
46142,0,10,167,275,334
46143,196,446,607,786,911
46151,40,46,58,69,84
46158,152,240,328,391,487
46162,2,4,4,4,5
46163,12,25,62,123,176
46167,12,19,26,31,35
46168,81,183,306,418,509
46181,0,0,1,1,1
46184,97,117,141,156,180
46201,351,408,555,702,804
46202,58,130,229,337,405
46203,198,339,451,550,649
46204,11,22,31,38,47
46205,30,99,266,387,509
46208,117,173,216,290,396
46214,63,76,126,183,246
46216,4,10,21,30,36
46217,88,122,210,309,387
46218,286,378,572,704,837
46219,172,283,419,505,665
46220,53,204,354,425,558
46221,29,48,115,162,248
46222,129,169,199,229,319
46224,94,110,204,299,385
46225,27,49,85,107,142
46226,127,254,404,530,657
46227,100,172,215,301,358
46228,29,50,80,126,181
46229,0,55,165,229,266
46231,4,16,48,75,95
46234,33,83,182,248,364
46235,333,389,463,500,546
46236,143,328,492,635,851
46237,90,116,180,334,411
46239,11,130,217,347,379
46240,43,108,165,208,247
46241,176,228,269,321,352
46250,18,60,102,139,176
46254,58,107,136,224,263
46256,55,117,288,366,444
46259,0,99,221,329,404
46260,55,69,171,281,363
46268,62,82,131,199,254
46278,0,55,124,165,217
46280,10,25,55,76,103
46304,166,205,230,273,333
46307,57,65,79,95,118
46311,193,205,269,304,368
46312,473,575,633,684,859
46319,154,169,203,208,313
46320,194,226,263,296,394
46321,396,473,579,636,770
46322,213,266,312,335,509
46323,288,319,368,393,485
46324,231,255,280,305,430
46327,102,116,137,150,184
46341,2,2,3,4,5
46342,225,255,317,409,480
46350,2,5,6,7,8
46360,302,351,419,458,497
46368,312,413,443,504,665
46373,61,86,104,120,142
46375,197,328,423,518,723
46383,298,409,461,528,647
46385,288,366,429,478,562
46391,0,0,1,1,1
46393,0,0,0,0,0
46394,133,169,197,225,309
46402,126,135,153,171,251
46403,179,217,223,261,376
46404,401,435,487,538,670
46405,121,143,166,182,254
46406,89,108,122,141,220
46407,336,409,445,504,659
46408,194,211,224,246,363
46409,112,121,147,153,202
46410,343,454,474,555,777
46530,230,452,603,746,833
46544,189,231,274,337,421
46545,160,167,218,261,297
46554,0,0,0,0,0
46561,9,18,26,31,36
46601,82,100,126,143,161
46613,133,169,190,201,230
46614,257,311,390,435,470
46615,70,121,163,187,196
46616,38,45,50,55,60
46617,112,151,190,233,269
46619,174,211,279,353,378
46628,176,248,296,360,392
46635,43,56,64,80,86
46637,95,122,167,185,221
46706,0,0,0,0,1
46723,5,8,9,10,13
46725,1,2,3,4,4
46741,5,6,8,9,10
46745,0,1,1,2,2
46748,70,92,110,132,153
46765,37,67,94,114,149
46774,46,67,103,113,123
46783,3,15,23,30,36
46788,2,5,6,7,9
46798,1,1,1,1,2
46802,71,83,111,132,151
46803,156,198,213,234,266
46804,145,253,361,479,605
46805,118,165,224,270,296
46806,174,225,246,246,268
46807,85,90,105,130,136
46808,189,227,250,311,348
46809,79,107,114,143,168
46814,240,375,472,583,698
46815,137,202,258,291,307
46816,104,156,195,217,230
46818,97,141,186,238,312
46819,36,51,61,69,69
46825,85,142,189,246,275
46835,164,218,327,425,480
46845,184,318,461,612,779
46901,219,290,334,369,395
46902,115,182,258,306,335
46914,0,0,0,0,0
46932,1,2,4,5,5
47106,3,3,4,4,5
47111,104,178,217,257,296
47117,1,3,4,7,8
47119,62,86,114,130,151
47129,124,150,202,215,241
47130,265,315,415,464,547
47141,0,0,0,0,0
47143,6,10,12,18,18
47150,545,655,745,873,1018
47172,159,227,265,348,446
47201,220,283,353,440,518
47203,153,176,230,249,291
47226,0,1,1,1,1
47280,4,7,9,10,11
47302,292,352,404,473,516
47303,193,228,287,351,404
47304,206,268,344,364,412
47305,78,97,107,120,137
47320,1,1,1,1,1
47334,7,12,17,21,26
47342,1,1,2,2,2
47356,2,3,4,4,4
47383,0,0,0,0,0
47396,17,29,35,47,59
47401,601,703,795,897,1054
47403,215,258,292,335,369
47404,167,263,311,365,394
47408,202,239,269,292,329
47429,14,26,34,47,63
47601,3,3,4,6,30
47610,17,21,24,27,127
47630,577,669,762,877,2977
47708,25,31,34,39,71
47710,241,266,309,427,1348
47711,386,422,482,602,2410
47712,158,180,207,278,1029
47713,150,182,212,299,752
47714,326,415,465,534,2067
47715,368,411,463,565,1782
47720,226,251,275,329,958
47725,167,196,240,293,795
47802,168,277,344,420,479
47803,221,273,325,348,377
47804,81,102,126,175,200
47805,116,139,165,176,202
47807,170,210,270,358,388
47863,1,1,1,1,1
47871,0,0,0,0,0
47874,0,0,0,0,0
47885,25,40,67,84,102
47901,22,28,37,42,51
47904,95,151,196,252,285
47905,90,147,196,221,270
47906,587,695,765,888,935
47909,58,116,183,258,300
47920,1,3,4,5,6
47932,0,0,1,1,1
47982,0,0,0,0,0
47993,0,0,0,0,0
66012,0,0,0,0,1
66013,5,8,11,14,17
66024,1,2,2,2,2
66025,28,40,52,72,80
66030,5,7,11,13,15
66044,197,229,257,275,307
66046,26,53,75,88,105
66047,111,150,177,208,217
66049,351,450,572,618,695
66050,1,1,1,1,1
66052,0,0,0,0,0
66061,321,474,551,719,826
66062,121,382,503,805,926
66083,2,2,2,3,3
66085,36,78,118,165,186
66086,0,0,0,0,0
66090,10,11,12,13,16
66101,76,82,94,94,109
66102,56,80,105,154,204
66103,29,45,55,68,84
66104,123,152,176,182,199
66105,30,36,42,43,46
66106,95,112,162,185,218
66109,26,47,77,94,163
66111,49,55,66,81,92
66112,26,31,36,45,52
66202,52,66,81,97,105
66203,54,75,95,104,128
66204,14,23,34,40,48
66205,18,53,66,98,125
66206,29,69,114,157,193
66207,37,82,141,162,202
66208,59,104,167,206,238
66209,198,314,407,512,593
66210,23,42,93,130,149
66211,53,75,119,137,174
66212,57,69,80,120,131
66213,60,143,210,301,391
66214,26,30,46,51,56
66215,119,141,175,181,198
66216,185,242,306,331,395
66217,36,50,66,71,83
66218,68,111,153,192,210
66219,61,72,85,106,125
66220,8,78,121,169,225
66221,162,374,569,691,831
66223,111,192,248,316,365
66224,155,255,346,442,502
66226,99,122,154,180,219
66227,2,12,24,39,56
66402,9,10,11,12,14
66409,5,7,9,12,12
66429,0,0,0,0,0
66502,430,447,481,533,559
66503,182,221,250,267,317
66542,7,10,12,14,17
66546,3,3,4,4,5
66603,42,46,51,59,59
66604,152,197,224,250,286
66605,275,290,352,367,405
66606,136,154,172,181,208
66607,141,183,197,228,253
66608,21,26,29,29,34
66609,42,48,52,72,88
66610,117,157,181,221,254
66611,57,80,103,122,145
66612,56,60,64,67,70
66614,350,400,420,480,550
66615,17,21,24,34,39
66616,40,57,69,75,86
66617,9,14,16,21,24
66618,19,25,32,44,50
66619,0,0,0,0,0
66739,17,18,22,24,26
67002,208,263,302,327,367
67026,2,3,4,4,5
67030,2,2,2,3,3
67037,188,272,310,357,366
67052,15,18,22,27,34
67055,0,0,0,0,0
67060,66,76,86,86,91
67067,16,20,22,24,30
67101,70,83,89,98,107
67110,0,0,0,0,0
67120,2,2,2,3,3
67147,47,55,70,73,75
67202,40,45,51,55,59
67203,261,270,307,335,345
67204,87,119,151,175,199
67205,203,280,337,407,439
67206,282,393,463,534,616
67207,198,256,264,306,330
67208,196,210,236,288,314
67209,116,126,142,158,163
67210,31,36,36,36,42
67211,184,217,230,249,256
67212,326,370,444,518,547
67213,185,239,247,270,301
67214,293,316,332,343,360
67215,56,63,70,80,87
67216,233,279,286,286,313
67217,208,239,249,301,332
67218,164,179,209,224,239
67219,117,117,122,122,140
67220,146,177,199,222,248
67223,6,8,10,12,14
67226,237,284,314,367,438
67227,0,0,0,0,0
67228,81,98,117,137,153
67230,311,366,454,526,589
67232,25,28,30,33,35
67235,203,249,281,323,355
40014,11,54,115,180,223
40023,0,1,2,3,3
40025,0,3,8,13,16
40026,0,34,80,118,139
40047,99,129,152,182,212
40056,2,12,23,40,51
40059,0,0,305,513,679
40071,0,0,1,1,1
40109,4,12,18,25,32
40118,18,45,63,77,99
40162,0,0,1,1,1
40165,60,74,111,120,152
40177,2,2,2,3,3
40202,43,52,73,84,99
40203,194,240,298,334,380
40204,81,95,115,119,172
40205,97,210,324,412,526
40206,67,78,106,140,179
40207,53,107,231,320,480
40208,171,190,213,247,254
40209,21,25,28,31,34
40210,181,197,235,252,285
40211,442,517,608,658,708
40212,153,178,210,273,286
40213,182,217,259,294,336
40214,301,376,421,467,512
40215,158,180,216,237,273
40216,33,132,232,281,380
40217,68,105,136,183,236
40218,46,74,83,139,148
40219,232,232,245,300,396
40220,63,74,105,169,232
40222,0,56,161,210,278
40223,68,130,232,300,389
40228,75,81,95,170,190
40229,42,57,113,156,170
40241,60,137,222,307,367
40242,36,40,46,92,112
40243,27,31,55,78,116
40245,45,151,330,481,588
40258,11,53,127,169,232
40272,168,197,253,337,463
40291,0,0,94,175,283
40299,97,194,263,332,512
40356,33,42,83,105,119
40403,76,86,111,127,137
40461,0,0,0,1,1
40475,0,4,70,91,108
40502,84,245,313,380,566
40503,78,155,213,339,446
40504,72,105,137,170,236
40505,201,221,240,240,307
40507,20,22,25,33,40
40508,183,223,282,357,391
40509,114,148,285,410,513
40510,5,12,27,35,47
40511,32,75,129,183,258
40513,31,89,131,200,250
40514,27,38,98,137,224
40515,213,314,415,494,606
40516,5,5,12,16,20
40517,170,179,217,264,292
41001,11,68,113,169,231
41005,5,11,16,18,22
41007,0,1,15,31,45
41011,241,272,332,415,445
41014,0,12,17,38,41
41015,147,175,196,245,287
41016,55,65,83,101,109
41017,147,318,514,661,795
41018,172,188,213,254,303
41042,66,78,111,210,299
41048,8,49,80,100,127
41051,57,115,144,163,230
41059,39,44,50,56,69
41063,2,2,2,3,3
41071,300,374,442,498,538
41073,41,59,79,85,103
41074,43,54,61,68,75
41075,30,93,157,217,261
41076,90,100,135,160,185
41085,6,6,7,9,9
41091,0,57,118,201,249
41094,23,42,64,81,89
41101,271,289,338,357,388
41102,82,99,104,119,124
41129,23,27,32,35,37
41139,117,123,131,140,151
41144,1,1,1,1,1
41169,59,66,72,84,90
41175,1,1,2,2,2
41183,24,29,30,31,33
42001,221,245,308,379,418
42003,101,127,165,184,254
42058,3,3,3,4,4
42101,259,324,378,476,530
42103,178,291,350,366,425
42104,248,327,357,436,466
42122,11,18,23,33,35
42223,45,63,67,82,86
42234,1,1,1,2,2
42262,39,44,44,52,54
42286,4,5,6,6,7
42301,237,284,308,331,379
42303,213,307,343,449,532
42366,5,6,7,9,10
42420,0,0,0,0,0
42701,142,175,184,225,275
42724,6,8,9,11,13
70001,66,687,6344,12859,13071
70002,62,291,2617,5457,5535
70003,326,1008,7118,14414,14651
70005,219,603,4337,8738,9012
70006,70,279,2544,5185,5276
70031,1,4,196,509,510
70032,47,103,840,1829,1857
70037,34,179,1998,4728,4815
70043,124,473,3341,7031,7154
70047,0,131,1435,3477,3519
70049,1,1,19,46,47
70053,273,517,3002,5895,5986
70056,0,339,5271,11130,11220
70057,22,75,362,797,825
70058,236,695,6425,13574,13769
70062,119,357,2919,5790,5874
70065,271,934,6916,14660,14886
70068,40,388,3992,9807,9846
70070,20,82,637,1505,1522
70072,541,1142,9617,19674,19875
70075,31,92,847,1903,1933
70079,0,78,480,1096,1123
70084,32,62,631,1482,1499
70085,25,40,240,538,545
70087,7,35,388,893,899
70092,64,161,1176,2622,2662
70094,231,547,5680,11871,12017
70112,100,142,702,825,847
70113,138,255,1884,2268,2310
70114,314,471,3165,6944,7072
70115,140,1131,5573,11028,11402
70116,232,464,4049,4698,4770
70117,355,877,5391,11445,11599
70118,437,1258,5097,10434,10685
70119,433,1075,9988,11965,12250
70121,52,197,2413,5117,5138
70122,678,1148,10830,12683,12904
70123,76,582,4495,9285,9409
70124,346,1068,6052,7342,7580
70125,317,662,4476,5344,5495
70126,463,868,8162,9621,9720
70127,433,745,5477,6580,6675
70128,126,561,2882,6036,6200
70129,115,262,1233,2521,2566
70130,111,433,1976,3895,4043
70131,98,547,3625,7903,8066
70148,1,2,3,4,4
70343,0,2,16,36,37
70360,233,596,3635,8385,8523
70363,126,314,2452,6131,6219
70364,82,246,2298,5731,5784
70395,1,2,10,22,23
70401,98,293,2898,6856,6925
70403,202,597,3995,8973,9083
70446,0,0,4,11,11
70454,209,443,7851,8243,8327
70455,7,31,399,423,429
70462,5,24,266,787,794
70466,16,34,342,859,864
70501,563,883,10271,10878,10933
70503,172,923,5090,9673,9977
70506,539,908,6784,13824,13980
70507,57,171,2742,5615,5655
70508,165,1277,7544,14397,14712
70517,15,31,486,511,516
70518,202,466,5839,6160,6242
70520,88,172,1751,3743,3788
70525,2,3,36,38,38
70529,64,108,913,1862,1885
70535,249,350,4062,4293,4337
70555,52,106,536,1065,1093
70560,35,51,600,628,634
70570,409,682,8429,8929,9038
70577,56,79,1087,1148,1159
70578,0,0,1,1,1
70582,4,6,150,158,160
70583,150,287,2107,4227,4252
70584,0,0,0,1,1
70592,271,681,6785,7121,7238
70601,350,946,5365,12504,12751
70605,64,630,3805,8842,9034
70607,95,210,1864,4672,4734
70611,9,175,1205,2778,2830
70615,15,91,800,2068,2092
70663,199,406,2876,6970,7035
70665,31,151,714,1626,1668
70668,0,0,3,3,3
70669,39,115,1199,2993,3017
70706,37,275,2779,6101,6170
70710,8,26,470,945,957
70711,3,27,456,1351,1363
70714,214,369,3264,6548,6635
70719,23,81,912,1766,1776
70726,224,814,6945,15518,15805
70734,16,229,1128,2584,2676
70737,294,960,7246,15049,15266
70739,53,282,1848,4251,4353
70744,4,22,98,194,198
70764,0,0,0,1,1
70767,20,186,2345,4807,4876
70769,114,1111,6839,13678,14063
70770,16,39,336,663,671
70774,17,61,271,657,675
70777,1,4,34,66,67
70778,1,15,120,311,315
70785,68,155,1687,3734,3753
70791,122,452,4315,8466,8596
70801,1,3,46,92,93
70802,402,726,4459,8542,8612
70805,407,614,4156,8097,8163
70806,127,507,4177,8176,8354
70807,325,525,2817,5244,5325
70808,373,1277,5069,9254,9628
70809,84,557,4138,8166,8318
70810,246,1243,6747,13071,13385
70811,152,272,2197,4358,4420
70812,74,234,1737,3298,3339
70814,125,265,2016,5087,5139
70815,202,605,3523,8500,8667
70816,357,631,5807,11626,11793
70817,107,1022,6011,11368,11736
70818,8,276,1782,4036,4115
70819,16,104,719,1669,1700
70820,226,482,2196,3994,4099
71006,0,0,1,3,3
71009,2,2,18,31,32
71024,0,0,0,1,1
71037,52,112,705,2092,2120
71047,15,52,659,1170,1186
71051,1,2,15,42,43
71055,19,143,941,3018,3062
71073,3,8,70,256,258
71101,151,221,1372,2355,2389
71103,68,161,1506,2675,2699
71104,170,331,2329,4136,4183
71105,117,399,3894,6721,6803
71106,263,1023,5293,9000,9207
71107,234,614,5291,9481,9637
71108,236,369,2858,5003,5075
71109,233,492,3542,6313,6371
71110,4,18,486,896,903
71111,422,817,7024,12809,12994
71112,216,399,5851,10645,10753
71115,97,300,2851,4965,5041
71118,73,170,3170,5995,6032
71119,63,211,1862,3411,3474
71129,45,131,1794,3371,3409
71201,151,642,2937,7271,7422
71202,387,627,2641,6455,6568
71203,249,597,3483,8632,8774
71225,1,3,15,38,38
71280,1,2,11,29,30
71291,61,544,3115,8572,8642
71292,62,188,1299,3529,3583
71301,399,622,7435,7826,7930
71302,151,233,2636,2784,2818
71303,152,336,4925,5130,5219
71360,147,277,5510,5816,5840
71405,16,48,902,947,956
71423,0,0,3,3,3
71485,0,0,1,1,1
1001,0,133,1058,4497,4561
1002,27,155,1292,1899,1940
1007,0,0,2,3,3
1013,17,244,1410,5548,5656
1020,51,264,1919,8325,8496
1022,0,0,127,834,834
1027,0,129,2841,4253,4296
1028,0,355,3206,4650,4785
1030,0,134,1015,3637,3693
1033,0,118,1194,1767,1814
1035,0,32,325,481,498
1036,0,2,26,39,40
1040,0,292,1884,7529,7644
1056,0,261,2936,4459,4573
1068,0,1,10,14,14
1073,0,49,498,2017,2052
1075,0,299,2931,4394,4521
1077,0,80,587,2276,2332
1085,0,327,2359,9684,9912
1089,0,289,1777,7036,7202
1095,2,84,725,1077,1107
1103,0,12,60,187,191
1104,48,244,1245,5172,5257
1105,0,75,395,1325,1347
1106,10,332,2168,3205,3359
1107,28,108,414,1337,1367
1108,26,221,2879,4331,4393
1109,15,148,1198,4995,5066
1118,0,187,2281,3466,3522
1119,0,77,712,3148,3187
1128,1,49,542,798,815
1129,23,109,1427,2066,2098
1151,19,56,1429,2115,2132
1201,59,178,3555,6503,6562
1237,1,8,93,163,166
1238,0,1,19,34,34
1240,0,43,511,899,917
1266,0,3,15,26,27
1420,8,332,7503,8184,8275
1450,2,43,205,246,260
1453,36,499,7933,8780,8923
1462,8,89,980,1126,1149
1463,0,2,13,15,16
1473,0,1,7,8,8
1501,0,202,3434,4722,4795
1504,5,162,1736,2360,2406
1505,4,63,538,743,771
1507,0,75,981,1377,1409
1515,0,13,210,289,293
1516,0,44,397,533,551
1519,0,52,304,406,430
1520,20,280,2326,3175,3294
1522,0,13,193,262,267
1524,0,80,1311,1781,1816
1527,0,155,2608,3625,3692
1529,0,24,280,372,382
1534,0,5,43,60,62
1535,0,1,30,41,42
1536,6,76,672,923,952
1537,4,11,471,640,644
1540,0,124,2211,3046,3092
1541,0,10,56,75,79
1542,0,22,432,567,574
1543,0,34,220,300,315
1545,6,558,4267,5887,6075
1560,0,11,119,160,164
1562,25,145,2312,3082,3139
1564,0,201,1504,2081,2157
1566,0,1,8,11,11
1568,0,22,128,178,186
1569,7,135,1259,1772,1818
1570,16,186,2846,3880,3935
1571,0,91,1428,1941,1969
1581,0,16,100,135,142
1583,6,110,1458,2035,2071
1588,4,40,440,592,606
1590,0,196,1352,1876,1956
1602,81,338,3298,4379,4496
1603,0,166,2564,3483,3518
1604,64,285,5116,6995,7088
1605,8,218,2913,3875,3934
1606,11,272,3944,5329,5432
1607,6,66,1125,1537,1559
1608,0,20,202,269,273
1609,54,229,2090,2884,2955
1610,33,196,1967,2662,2709
1611,0,28,388,542,551
1612,0,119,961,1393,1439
1701,11,260,1904,2624,2744
1702,0,304,3839,4790,4888
1721,13,314,2197,3140,3258
1730,0,311,1440,2016,2133
1731,0,9,299,354,357
1741,2,123,409,556,607
1742,0,1,6,8,8
1745,0,17,103,141,149
1746,3,392,2253,3189,3353
1747,0,140,1083,1471,1536
1748,0,478,2190,2999,3207
1756,0,161,1087,1500,1563
1757,40,440,4711,6457,6651
1760,52,795,4815,6159,6450
1770,0,171,692,874,936
1772,0,306,1305,1882,1989
1773,2,31,147,185,194
1778,0,1,4,5,5
1801,0,719,6722,8484,8755
1803,0,487,3555,5134,5277
1810,14,992,4670,6441,6817
1821,19,414,4188,6160,6370
1824,16,634,3534,5048,5342
1826,25,311,4275,6219,6333
1827,1,151,616,865,918
1830,36,267,3106,4354,4430
1832,0,224,3145,4486,4555
1833,0,0,1,1,1
1834,0,118,912,1283,1337
1835,22,154,2156,3030,3080
1840,8,31,328,450,456
1841,23,189,4137,5642,5699
1843,4,150,2758,3886,3937
1844,35,727,7987,11470,11705
1845,33,575,3612,5169,5408
1850,5,131,1839,2629,2661
1851,33,258,3264,4594,4669
1852,0,186,3223,4588,4653
1854,12,163,2682,3912,3964
1862,14,144,1182,1695,1754
1863,0,120,1188,1715,1759
1864,13,337,2223,3092,3244
1867,0,545,3543,4596,4787
1876,5,365,3305,4696,4866
1879,0,264,1932,2792,2905
1880,0,544,3899,5490,5714
1886,11,545,2498,3445,3688
1887,25,544,3336,4818,5010
1890,0,764,2892,4005,4355
1901,6,21,140,197,202
1902,89,356,4523,6234,6323
1904,5,274,3259,4624,4704
1905,34,220,2996,4242,4298
1906,0,419,4810,6683,6861
1907,32,335,2382,3405,3511
1908,5,108,890,1233,1274
1915,48,652,5586,7671,7941
1921,0,28,111,153,164
1923,14,521,4902,6715,6930
1940,18,349,1743,2417,2536
1945,0,758,3661,5133,5415
1949,16,266,1332,1835,1946
1960,161,843,8648,12006,12340
1970,9,439,5936,8408,8589
1982,5,100,584,826,863
1983,0,20,110,146,156
1984,0,133,602,805,863
1985,0,4,20,27,29
2019,0,277,2909,4076,4181
2021,10,575,3384,4784,4974
2025,0,159,795,1134,1212
2026,58,640,4364,5488,5742
2030,0,314,912,1171,1287
2032,0,125,775,977,1025
2035,11,301,2612,3672,3805
2038,27,596,3573,5035,5312
2043,10,529,2197,3056,3255
2048,0,370,3533,4544,4671
2052,11,504,1952,2499,2705
2053,0,371,2144,2985,3116
2054,5,162,1383,1745,1803
2056,12,267,1397,1920,2032
2061,0,251,1217,1749,1847
2062,13,525,5049,6376,6559
2066,0,474,2881,4117,4311
2067,7,510,2436,3423,3642
2071,0,44,150,207,226
2072,45,532,4388,6257,6485
2081,0,442,2861,4039,4215
2090,11,612,2607,3300,3514
2093,8,212,1144,1593,1694
2108,1,68,294,363,388
2109,2,43,229,288,300
2110,1,15,67,82,86
2111,4,34,153,188,197
2113,1,27,355,430,439
2114,7,80,403,505,529
2115,20,109,776,927,953
2116,10,243,1100,1376,1445
2118,15,231,1264,1556,1622
2119,34,284,2300,2728,2787
2120,19,91,793,928,954
2121,0,181,2040,2417,2459
2122,29,279,2883,3477,3566
2124,119,536,5027,6031,6200
2125,87,387,3357,4032,4153
2126,30,279,3147,3671,3754
2127,22,596,3373,4228,4432
2128,34,353,3571,4787,4880
2129,13,298,1464,1988,2099
2130,70,509,3365,4225,4391
2131,62,554,4090,5001,5167
2132,12,689,4817,5875,6140
2134,11,107,1330,1554,1589
2135,29,286,3331,4051,4130
2136,0,327,3904,4851,4950
2138,0,462,2722,3424,3578
2139,13,371,2435,3062,3186
2140,0,255,1548,1939,2020
2141,4,166,1073,1363,1416
2142,2,21,104,133,139
2143,19,399,2905,3650,3787
2144,12,449,2660,3768,3950
2145,8,309,2536,3672,3798
2148,28,611,6468,8975,9244
2149,0,390,4931,7096,7219
2150,26,199,2773,3611,3677
2151,76,550,6811,9268,9458
2152,4,273,2705,3645,3723
2155,47,984,8047,11315,11690
2163,2,6,31,36,38
2169,39,564,6612,9509,9713
2170,19,250,2522,3698,3778
2171,44,241,2314,3299,3384
2176,37,595,3632,5089,5346
2180,23,401,3090,4493,4647
2184,0,861,5572,8079,8434
2186,0,770,4168,5750,6087
2188,13,142,1824,2622,2670
2189,9,141,2055,2936,2993
2190,18,251,2474,3551,3631
2191,15,97,1154,1667,1697
2199,1,10,49,62,64
2210,0,34,172,217,229
2215,14,73,486,583,600
2301,0,523,6968,10093,10247
2302,0,357,4904,7017,7124
2322,5,51,911,1324,1346
2333,3,109,871,1236,1283
2339,17,379,1894,2658,2813
2341,2,76,710,1025,1054
2343,3,174,1904,2694,2749
2346,0,182,3117,4363,4438
2347,16,279,2397,3071,3160
2351,33,236,2446,3548,3639
2356,8,229,1966,2607,2687
2368,0,468,4435,6425,6577
2370,22,286,2984,4201,4318
2375,4,104,792,1012,1051
2379,2,19,163,238,245
2382,21,183,2361,3379,3452
2420,0,545,2152,2726,2944
2421,20,570,2463,3137,3348
2445,0,293,1768,2250,2361
2446,15,262,1583,1984,2075
2451,12,381,3011,3837,3968
2452,0,196,2030,2556,2616
2453,0,423,3804,4759,4911
2458,2,359,1857,2354,2471
2459,0,664,2766,3594,3832
2460,9,215,1169,1503,1580
2461,8,235,941,1195,1276
2462,1,37,192,245,259
2464,3,60,401,497,520
2465,22,483,2052,2602,2763
2466,8,197,859,1107,1177
2467,30,389,1711,2167,2311
2468,0,258,702,922,1024
2472,13,638,5068,6477,6705
2474,45,665,3734,5310,5568
2476,41,421,2552,3213,3393
2478,35,922,4345,5423,5740
2481,7,495,1581,2068,2240
2482,0,321,1181,1517,1638
2492,26,850,3109,4002,4271
2493,0,156,553,706,761
2494,2,422,1667,2069,2230
2601,15,217,4553,5105,5157
2630,0,83,957,1088,1115
2632,2,49,517,594,605
2668,0,2,24,28,29
2673,14,92,2076,2328,2352
2675,10,54,543,627,640
2702,7,90,908,1203,1229
2703,29,559,7330,9481,9626
2715,0,75,813,1021,1047
2717,0,129,1149,1489,1538
2718,2,83,1508,1753,1774
2719,5,287,4222,4856,4940
2720,77,377,4951,6254,6350
2721,11,253,4354,5537,5622
2723,15,165,2296,2955,2997
2724,4,204,2868,3639,3676
2725,0,93,799,1042,1081
2726,17,304,4257,5395,5511
2739,1,11,86,107,111
2740,93,545,8943,10126,10250
2743,0,186,2876,3310,3381
2744,37,93,2119,2426,2443
2745,0,316,6011,6960,7030
2746,69,191,2273,2611,2640
2747,6,365,4412,5664,5803
2748,33,383,3011,3560,3666
2760,17,396,4295,5598,5725
2762,0,89,879,1257,1294
2763,0,50,407,505,521
2764,0,62,807,1032,1054
2766,8,298,3023,3890,4031
2767,9,121,984,1273,1312
2769,0,317,2976,3820,3959
2770,2,45,486,624,639
2771,24,349,3678,4648,4777
2777,0,301,4593,6057,6149
2779,0,197,1481,1924,2014
2780,0,515,7851,9912,10074
2790,23,239,2900,3696,3783
20701,0,0,15,15,15
20705,0,308,5664,5907,5913
20706,0,132,2892,3000,3003
20707,0,409,5872,6182,6188
20708,0,129,3472,3558,3576
20712,4,34,515,526,527
20715,0,123,1888,2015,2017
20720,0,685,5884,6446,6465
20721,0,588,5531,6041,6071
20722,0,1,15,15,15
20723,0,578,5266,5724,5741
20724,0,185,2811,2928,2931
20740,29,187,1760,1833,1833
20743,27,111,1753,1798,1798
20745,1,20,320,326,327
20746,0,11,201,206,206
20748,0,2,27,28,28
20755,0,33,924,953,955
20759,0,72,359,411,414
20763,0,37,487,512,513
20769,0,186,1703,1859,1859
20770,0,33,668,686,690
20772,0,142,1790,1917,1923
20774,0,692,9493,10005,10025
20777,0,0,2,2,2
20781,0,0,2,2,2
20782,4,22,341,351,351
20783,3,71,1484,1516,1516
20794,0,141,2269,2398,2398
20814,12,312,1883,2036,2036
20815,5,221,963,1064,1064
20816,0,109,447,498,498
20817,6,734,2808,3145,3148
20841,0,37,786,1494,1551
20850,32,971,7560,8009,8009
20851,0,174,2131,2197,2199
20852,35,629,4702,4934,4939
20853,4,540,3570,3794,3794
20854,0,2666,9388,10609,10609
20855,0,394,2804,2977,2977
20866,0,172,1995,2120,2122
20868,0,8,84,90,90
20874,0,9,4043,8917,9026
20876,0,27,1029,2229,2267
20877,0,277,3809,3943,3947
20878,31,1541,9779,10393,10404
20879,0,375,4625,4794,4798
20880,0,6,48,51,51
20882,0,32,270,300,300
20886,0,19,1676,3792,3862
20895,0,651,3431,3710,3717
20896,0,22,82,93,93
20899,0,0,19,19,19
20901,0,684,4637,4932,4937
20902,37,671,7106,7386,7386
20903,0,90,1561,1603,1603
20904,0,489,7782,8133,8149
20905,0,308,2740,2991,2994
20906,23,633,7523,7804,7812
20910,6,212,2030,2113,2117
20912,0,40,383,403,403
21012,10,140,1794,1909,1915
21032,4,58,456,501,501
21042,0,728,5800,6419,6439
21043,89,1041,9024,9877,9897
21044,0,96,997,1067,1069
21045,0,424,6256,6607,6627
21046,0,121,1874,1981,1981
21052,0,0,177,177,177
21054,0,124,901,997,1001
21056,0,24,96,115,115
21057,0,46,351,387,388
21060,0,524,8078,8425,8442
21061,0,400,11110,11430,11441
21075,0,550,6255,6684,6697
21076,0,292,3670,3888,3896
21077,0,0,186,186,186
21087,1,50,542,583,584
21090,0,162,3818,3940,3956
21093,15,604,6875,7354,7369
21104,0,1,5,6,6
21108,12,383,3779,4109,4109
21113,6,329,5305,5556,5561
21117,0,481,8730,9075,9093
21122,0,810,14501,15265,15280
21128,0,366,3596,3884,3892
21133,0,345,7428,7627,7643
21136,0,100,1112,1186,1187
21144,16,657,7530,8074,8098
21146,0,586,4200,4669,4683
21156,0,2,21,23,23
21162,0,154,1393,1518,1519
21163,1,61,644,690,690
21201,0,232,2324,2419,2441
21202,0,314,3456,3628,3646
21204,0,409,3805,4016,4052
21205,0,466,5576,5768,5814
21206,0,478,11962,12220,12281
21207,0,442,10746,11000,11044
21208,0,509,7888,8192,8208
21209,29,486,5355,5692,5709
21210,11,220,2106,2284,2289
21211,0,385,5954,6159,6190
21212,0,772,7568,8105,8129
21213,0,666,12720,12969,13047
21214,0,212,5904,6031,6055
21215,0,1223,15707,16181,16311
21216,0,638,10208,10396,10459
21217,0,562,11348,11652,11688
21218,190,1250,12966,13523,13591
21219,0,164,3257,3404,3407
21220,0,444,6155,6406,6432
21221,0,408,11015,11309,11343
21222,0,651,15501,15850,15882
21223,0,655,10403,10661,10736
21224,0,1166,15648,16371,16420
21225,0,468,8875,9131,9168
21226,0,97,3285,3346,3359
21227,0,780,10118,10477,10540
21228,0,659,12604,13144,13158
21229,0,486,12185,12422,12459
21230,0,1031,10833,11440,11462
21231,0,356,3987,4216,4249
21234,155,814,18886,19312,19409
21236,0,545,10949,11301,11346
21237,34,344,8324,8547,8581
21239,0,321,6599,6804,6824
21244,0,254,8024,8197,8213
21286,9,416,4151,4398,4425
21502,0,89,1872,12488,12639
21529,0,3,34,211,215
21545,0,1,6,41,42
21713,0,0,6,21,21
21722,0,0,0,1,1
21733,0,0,1,3,3
21734,1,2,80,81,81
21740,0,129,4034,16024,16105
21742,0,111,1939,6425,6509
21767,0,8,103,404,410
21795,0,15,603,2038,2076
21801,144,584,7385,7582,7582
21804,160,560,7829,7997,7997
21810,0,0,12,12,12
21822,4,16,316,321,321
21826,0,80,1306,1325,1329
21830,0,81,1107,1134,1135
21837,0,0,1,1,1
21849,0,1,11,11,11
21856,0,0,5,5,5
21875,2,25,1188,1196,1196
3901,20,196,603,609,612
3903,16,181,497,507,509
3904,39,341,1054,1070,1075
3905,3,33,92,93,94
3906,0,1,2,2,2
3908,32,229,644,656,660
3909,2,12,33,34,34
4005,209,1974,6032,6137,6149
4038,157,1229,3250,3327,3343
4046,18,100,284,292,292
4062,13,128,360,369,370
4063,5,26,68,69,70
4064,107,963,2835,2867,2884
4072,161,1882,5441,5535,5558
4074,458,2319,5911,6171,6183
4092,62,1337,4390,4439,4447
4093,9,154,482,488,488
4101,105,922,2554,2617,2628
4102,180,1342,3733,3814,3837
4103,239,2593,7317,7444,7474
4105,182,837,1835,1955,1973
4106,192,2516,7268,7379,7386
4107,178,1016,2449,2565,2591
4108,49,213,507,532,536
4210,160,1293,5590,5681,5698
4236,5,60,238,242,243
4240,231,2030,9096,9179,9225
4250,3,39,185,186,186
4252,1,15,75,76,76
4258,4,82,368,373,373
4274,8,72,333,339,340
4280,33,355,1561,1575,1576
4330,74,677,3157,3208,3214
4344,17,105,423,430,432
4345,20,162,685,695,697
4346,8,58,261,265,266
4347,18,106,395,404,406
4351,0,0,2,2,2
4401,249,675,8628,8753,8833
4411,0,0,9,9,9
4412,25,110,2788,2820,2828
4428,3,16,292,297,298
4429,9,48,463,480,484
4444,27,101,1431,1473,1482
4473,7,23,281,287,290
4474,7,45,600,615,619
4605,3,6,108,110,111
4609,23,77,1090,1111,1118
4612,0,8,150,154,154
4646,1,4,59,60,61
4653,0,2,189,189,189
4660,2,16,142,148,150
4662,7,36,260,271,275
4674,1,2,78,79,79
4679,16,48,688,702,710
48009,18,18,24,24,208
48015,3,11,16,33,35
48017,8,15,19,35,66
48021,97,146,170,243,267
48025,0,0,0,16,142
48026,20,34,44,63,88
48030,0,0,0,5,15
48033,0,0,0,6,21
48034,14,18,22,22,26
48035,52,73,84,157,209
48036,84,90,120,132,132
48038,21,32,42,84,95
48040,0,0,0,0,10
48042,50,50,60,70,150
48043,31,44,48,74,79
48044,82,82,82,98,147
48045,0,23,60,75,98
48047,29,48,67,96,145
48048,17,28,31,39,47
48049,0,0,0,0,0
48051,35,50,61,66,96
48059,3,9,13,18,23
48060,76,133,152,162,191
48066,17,83,117,150,250
48067,138,158,158,158,231
48069,1,1,2,16,27
48070,5,5,5,5,53
48071,77,97,116,126,155
48072,0,9,13,18,36
48073,48,67,67,76,171
48074,2,2,3,3,4
48075,0,15,29,44,78
48076,0,20,40,67,114
48079,0,0,0,0,0
48080,0,40,57,105,146
48081,0,0,0,17,34
48082,0,0,0,0,0
48083,15,22,37,45,45
48084,0,3,7,21,65
48085,25,58,58,91,247
48088,8,8,33,65,98
48089,246,268,268,291,324
48091,20,40,71,91,121
48092,83,92,129,193,211
48093,61,77,77,77,100
48094,43,48,48,59,64
48095,0,0,0,0,0
48096,12,13,16,20,24
48098,0,0,19,32,91
48101,44,56,78,100,133
48103,150,150,150,150,204
48104,219,271,316,341,425
48105,69,118,139,194,257
48108,42,58,78,94,110
48109,5,6,7,8,9
48111,0,0,0,17,34
48114,0,0,0,0,46
48116,48,55,55,82,164
48117,0,0,3,10,13
48120,22,26,32,41,54
48122,95,128,142,162,169
48124,32,84,84,95,137
48125,0,0,7,45,75
48126,156,227,299,347,359
48127,182,219,280,292,389
48128,0,3,10,21,38
48130,6,6,6,6,22
48133,0,0,7,11,17
48134,7,14,27,34,47
48135,0,10,30,51,101
48138,7,10,17,20,27
48139,0,0,0,0,0
48141,131,145,187,221,270
48144,7,13,17,20,37
48146,52,92,144,157,184
48150,31,31,31,62,93
48152,79,79,99,149,248
48154,0,0,0,25,62
48157,2,3,4,5,5
48161,5,5,7,7,9
48162,43,53,63,72,82
48164,0,0,0,0,1
48165,12,14,14,14,16
48166,5,8,22,22,30
48167,7,7,20,20,82
48168,0,13,26,59,222
48169,23,31,31,31,37
48170,63,63,63,164,291
48173,35,35,35,35,50
48174,40,70,140,160,190
48176,0,0,0,1,1
48178,53,75,75,181,395
48179,6,9,11,19,25
48180,138,177,256,334,393
48182,0,7,29,36,50
48183,0,57,143,186,201
48184,0,0,15,46,61
48185,0,0,25,101,164
48186,0,58,105,117,128
48187,57,100,100,114,314
48188,0,0,23,23,199
48189,0,0,12,16,39
48192,77,87,115,125,144
48193,15,20,30,44,54
48195,31,62,82,103,154
48197,52,91,176,208,234
48198,119,141,173,184,206
48201,0,5,18,26,39
48202,35,59,83,101,139
48203,110,161,204,272,314
48204,294,388,419,545,619
48205,246,260,273,300,355
48206,124,172,248,317,372
48207,31,59,73,77,87
48208,15,36,58,81,94
48209,37,73,110,139,198
48210,227,309,346,373,436
48211,9,24,44,68,83
48212,260,342,401,401,449
48213,149,175,228,289,316
48214,84,138,168,215,239
48215,42,67,84,109,138
48216,21,33,43,52,60
48217,22,42,70,78,89
48218,34,50,71,103,127
48219,139,169,208,278,347
48220,7,14,41,76,104
48221,0,12,58,105,128
48223,16,54,81,118,129
48224,0,12,61,147,232
48225,0,28,42,65,88
48226,3,5,7,9,11
48227,300,388,563,601,713
48228,235,353,426,588,735
48229,38,48,48,54,70
48230,0,0,0,26,98
48234,23,113,192,271,316
48235,348,413,464,542,606
48236,60,60,80,189,378
48237,0,0,0,0,49
48238,220,282,355,429,544
48239,22,33,44,44,66
48240,0,4,9,13,31
48301,0,16,21,29,29
48302,20,20,25,30,101
48304,0,0,0,51,134
48306,16,16,16,82,238
48307,45,56,78,89,123
48309,51,59,59,102,263
48310,155,206,271,322,348
48312,0,21,53,64,127
48313,81,92,112,122,173
48314,0,6,11,40,63
48315,42,51,51,51,153
48316,22,22,22,30,30
48317,78,78,78,78,86
48320,0,0,0,0,8
48322,0,17,42,76,176
48323,49,49,54,98,233
48324,0,5,10,25,152
48326,35,41,76,87,105
48327,0,7,14,34,41
48328,0,0,13,33,33
48329,0,0,8,25,33
48331,32,32,39,45,123
48334,0,18,37,37,78
48335,25,29,29,39,44
48336,28,34,41,41,76
48340,112,118,147,165,177
48341,33,57,76,100,119
48342,105,133,157,167,181
48346,7,21,56,71,106
48348,18,18,18,21,78
48350,0,0,0,0,0
48353,1,1,2,5,10
48359,8,14,14,17,39
48360,23,23,31,31,40
48363,0,1,1,1,13
48374,0,0,0,5,5
48375,0,0,26,77,128
48377,0,6,13,13,16
48380,1,1,1,1,9
48381,0,0,3,5,9
48382,0,0,0,0,31
48383,2,2,2,3,6
48386,29,58,64,111,128
48390,0,7,33,66,125
48393,0,0,0,5,22
48415,2,2,3,4,5
48420,26,61,87,96,131
48421,0,0,0,0,0
48423,11,22,54,98,142
48430,0,0,1,1,1
48433,14,19,23,33,37
48436,0,0,0,0,0
48437,0,0,0,0,0
48438,0,0,0,0,0
48439,0,16,31,94,234
48442,0,0,0,2,3
48457,0,1,1,1,1
48458,8,31,46,54,77
48463,1,1,2,2,2
48473,12,19,25,25,31
48502,0,0,0,1,1
48503,79,150,182,222,285
48504,110,184,230,285,313
48505,81,163,244,298,415
48506,0,51,81,142,173
48507,119,149,209,288,308
48509,0,0,8,19,35
48519,3,6,9,9,9
48529,45,65,96,99,113
48532,52,76,105,116,128
48601,169,230,242,302,327
48602,0,0,10,67,115
48603,0,0,0,0,47
48604,0,4,31,36,53
48607,6,10,13,18,21
48609,0,0,0,0,0
48623,0,0,0,0,0
48631,1,1,1,3,4
48638,48,67,79,103,127
48640,13,19,32,45,71
48642,23,41,49,49,60
48706,132,145,172,212,265
48708,29,29,48,87,126
48722,0,1,2,2,2
48724,0,0,0,0,0
48732,0,0,9,15,21
48746,0,0,0,0,0
48808,0,0,0,0,6
48813,0,0,0,0,0
48820,0,0,0,19,44
48821,5,5,7,19,29
48822,0,0,0,0,0
48823,57,172,220,268,296
48827,3,5,8,9,13
48837,0,0,0,4,4
48840,0,0,2,9,9
48842,45,83,115,115,122
48843,0,0,7,7,7
48848,0,0,0,0,0
48854,11,17,34,57,69
48855,0,0,0,4,10
48864,0,0,0,0,10
48876,1,1,1,1,1
48895,1,1,1,1,1
48906,9,27,71,71,125
48910,0,0,0,28,28
48911,148,170,202,223,276
48912,0,0,10,10,31
48915,0,3,11,13,35
48917,58,68,107,126,185
48933,3,5,9,13,17
49001,10,31,41,46,62
49002,27,27,31,36,58
49004,22,34,34,56,60
49006,28,69,97,117,121
49007,0,14,30,46,64
49008,43,55,58,62,68
49009,71,78,85,114,114
49010,0,2,3,5,6
49012,0,0,0,0,0
49014,0,0,0,3,12
49015,0,0,11,17,29
49017,3,13,13,16,29
49024,0,0,0,7,44
49033,0,0,0,0,0
49034,0,0,0,0,0
49037,0,0,0,0,28
49048,0,0,0,12,18
49051,0,0,0,0,0
49053,2,2,3,3,3
49083,0,0,0,0,2
49087,0,0,0,0,1
49088,0,1,1,3,3
49107,0,0,0,0,1
49112,0,0,0,0,0
49117,1,1,2,2,3
49120,52,94,104,115,125
49201,0,12,12,12,20
49202,35,52,69,98,121
49203,0,0,0,21,73
49221,0,0,8,33,100
49228,0,0,0,1,1
49254,3,5,5,8,9
49267,17,17,17,17,41
49270,0,0,0,0,0
49276,0,0,0,0,0
49277,0,0,0,0,0
49286,0,0,0,0,0
49301,27,27,27,27,41
49302,3,4,4,4,4
49306,0,4,11,26,77
49315,25,25,38,44,82
49316,0,0,0,5,21
49321,5,10,10,10,45
49331,0,0,0,0,0
49341,0,0,0,8,16
49345,0,1,1,1,1
49401,3,3,4,5,6
49403,0,0,0,1,1
49404,0,0,1,1,3
49406,0,0,1,3,6
49408,1,1,1,1,1
49415,0,0,0,0,0
49418,52,69,78,87,104
49419,0,0,0,1,3
49423,23,57,57,161,229
49424,11,11,22,22,45
49426,0,0,18,36,172
49428,32,40,40,40,40
49435,0,0,6,11,21
49440,0,0,1,1,2
49441,93,123,134,144,165
49442,86,115,129,143,150
49444,26,46,66,112,139
49445,0,0,0,0,0
49453,1,2,3,4,4
49456,0,0,0,0,1
49457,0,0,0,0,0
49460,0,1,1,2,3
49464,0,14,21,28,42
49503,121,136,166,211,234
49504,0,0,0,54,120
49505,102,119,136,153,195
49506,8,8,15,15,23
49507,101,132,163,202,210
49508,0,0,0,0,0
49509,39,52,58,78,91
49512,44,44,48,56,60
49519,28,34,51,51,56
49525,0,0,9,34,69
49534,0,0,0,0,0
49544,9,12,18,21,27
49546,46,54,69,85,170
49548,64,72,88,136,136
49621,0,0,0,0,0
49637,0,1,1,1,1
49649,0,0,0,0,0
49684,0,0,14,18,18
49685,18,19,23,31,37
49686,12,20,28,43,67
49690,0,1,1,1,1
49696,0,0,0,0,1
55001,0,4,36,86,129
55003,1,1,6,19,29
55009,0,0,0,0,1
55011,0,0,0,50,111
55014,0,0,120,317,423
55016,0,0,188,584,782
55020,0,0,1,2,3
55024,0,0,21,343,634
55025,4,12,85,178,271
55031,0,0,9,23,34
55033,9,71,205,455,615
55038,0,0,147,293,456
55042,0,0,121,309,486
55043,0,4,6,32,60
55044,0,0,509,1175,1656
55055,3,7,13,29,38
55068,0,73,366,631,887
55071,0,7,31,51,66
55075,0,42,108,141,202
55076,5,35,105,186,311
55077,0,9,96,205,313
55082,16,64,305,618,859
55085,0,0,2,4,6
55089,0,0,0,1,1
55090,0,1,1,2,2
55092,0,0,26,59,98
55101,0,0,6,11,15
55102,0,0,34,123,202
55103,10,35,63,100,124
55104,0,70,216,424,522
55105,0,5,249,472,678
55106,0,0,153,279,423
55107,0,5,68,117,222
55108,0,0,33,68,112
55109,55,103,117,227,331
55110,0,69,266,395,601
55112,47,63,142,370,512
55113,31,85,223,400,592
55114,4,9,20,26,30
55115,2,4,77,158,241
55116,0,0,124,289,376
55117,61,115,191,305,366
55118,0,18,102,283,427
55119,0,0,179,300,390
55120,3,3,52,110,140
55121,0,9,37,68,96
55122,47,79,221,473,686
55123,0,0,314,628,898
55124,13,106,345,770,983
55125,0,0,308,560,901
55126,30,49,176,346,559
55127,0,4,134,363,592
55128,0,13,115,290,438
55129,6,12,191,534,835
55130,0,42,88,118,141
55150,0,0,1,2,4
55301,0,3,66,130,168
55303,0,0,55,368,682
55304,15,46,46,592,1123
55305,17,20,85,196,261
55306,6,6,39,109,161
55309,0,0,2,5,6
55311,13,26,252,636,934
55313,0,0,0,1,1
55315,3,5,38,88,148
55316,0,18,104,343,483
55317,5,5,202,532,750
55318,0,0,123,389,614
55322,0,0,0,0,1
55327,3,5,66,149,207
55330,0,39,77,309,521
55331,4,13,196,518,773
55337,27,100,191,408,517
55340,2,17,142,319,452
55341,0,0,38,77,116
55343,0,4,18,118,204
55344,0,4,50,78,129
55345,0,0,119,393,594
55346,8,21,211,434,586
55347,18,26,466,959,1522
55352,4,25,91,196,280
55356,29,44,139,264,352
55357,0,4,62,129,189
55359,0,0,40,113,153
55362,0,3,6,11,14
55364,0,10,86,283,414
55369,0,0,93,390,715
55372,0,0,253,933,1509
55373,0,0,1,2,4
55374,9,37,107,338,589
55376,0,4,92,205,328
55378,43,43,380,759,983
55379,0,0,178,592,947
55384,0,2,3,6,8
55386,0,2,87,211,341
55387,0,0,3,6,8
55391,0,7,170,392,615
55401,0,0,10,23,35
55402,0,1,1,2,3
55403,9,16,35,49,69
55404,0,41,70,104,138
55405,7,27,63,122,187
55406,0,56,196,371,482
55407,7,100,192,378,498
55408,0,19,83,196,252
55409,10,17,50,113,182
55410,0,22,210,504,697
55411,10,78,171,306,389
55412,23,61,145,192,258
55413,3,26,36,111,144
55414,7,32,95,143,201
55415,1,2,7,11,16
55416,8,29,193,331,436
55417,0,10,181,351,473
55418,40,80,259,431,550
55419,0,16,284,525,798
55420,9,31,75,142,213
55421,0,0,79,183,253
55422,42,69,164,297,440
55423,0,5,77,170,280
55424,2,8,161,299,468
55425,5,15,38,65,86
55426,0,24,108,212,276
55427,0,13,83,179,306
55428,41,51,102,174,246
55429,0,24,77,120,241
55430,37,54,99,161,218
55431,12,12,98,184,262
55432,50,56,93,167,211
55433,8,24,72,143,255
55434,26,59,111,183,261
55435,11,46,95,117,147
55436,0,0,114,261,437
55437,0,0,65,214,329
55438,17,46,182,306,405
55439,0,10,77,236,371
55441,0,0,55,197,301
55442,10,26,78,260,394
55443,0,0,117,333,459
55444,11,23,84,165,264
55445,6,13,89,127,185
55446,12,35,278,639,970
55447,0,13,152,326,550
55448,7,28,126,265,349
55449,32,32,311,582,845
55454,0,3,7,11,14
55802,0,8,34,73,93
55803,0,7,29,83,162
55804,0,0,18,108,197
55805,0,18,32,48,80
55806,0,7,34,61,92
55807,0,0,43,134,200
55808,4,15,34,49,64
55810,0,0,8,28,69
55811,0,0,46,177,300
55812,0,6,27,73,117
55901,0,0,197,470,727
55902,0,0,12,337,706
55904,0,0,26,130,247
55906,10,45,91,317,463
55920,0,0,3,6,9
55925,0,0,1,2,3
55934,0,0,0,0,0
55947,0,6,15,39,71
55960,0,0,1,4,7
56001,0,49,128,295,463
56003,28,38,108,174,212
56011,0,0,0,2,3
56301,0,25,129,251,374
56303,34,83,165,213,282
56304,0,18,49,94,114
56310,0,0,0,0,0
56320,0,0,0,0,0
56374,0,0,70,132,204
56377,16,28,96,173,233
56379,0,8,12,58,137
56387,4,11,25,28,42
56401,0,0,0,32,77
56425,0,0,5,15,27
56465,0,0,0,1,1
56468,0,0,0,0,0
56529,1,5,32,59,81
56547,0,0,0,0,0
56560,74,210,400,558,736
56580,0,0,0,0,0
56721,0,0,50,87,110
63005,0,220,1065,3517,4675
63010,0,54,290,8238,10665
63011,0,393,1282,9011,12184
63017,0,426,1864,9465,12527
63021,0,124,1361,12792,17157
63026,0,260,911,10684,14082
63031,0,198,521,13483,17743
63033,0,115,335,8604,11457
63034,0,45,363,4666,6235
63038,0,44,162,699,940
63040,0,38,250,1750,2423
63042,12,110,159,4615,6049
63043,0,71,340,5903,7802
63044,0,39,262,3184,4188
63049,5,24,134,1956,2579
63052,0,16,49,853,1094
63074,0,44,127,4253,5458
63088,0,49,177,2012,2640
63101,0,6,15,119,162
63102,0,11,25,277,370
63103,0,33,63,592,806
63104,0,114,333,3254,4423
63105,0,136,502,2089,2696
63106,0,66,178,1260,1702
63107,0,86,176,2474,3381
63108,0,61,292,1993,2660
63109,0,123,434,6724,9293
63110,0,49,339,3911,5355
63111,0,162,381,4243,5624
63112,0,132,320,3035,4259
63113,0,105,250,2762,3803
63114,0,175,393,11044,14453
63115,0,320,674,4872,6700
63116,0,221,608,10213,13599
63117,0,86,335,2149,2811
63118,0,259,503,5434,7196
63119,0,84,1022,7641,10117
63120,0,123,248,2363,3121
63121,0,176,397,5746,7463
63122,15,494,1671,10334,13778
63123,0,201,571,12302,16481
63124,8,142,746,2686,3493
63125,0,61,296,7763,10068
63126,0,82,462,4586,6150
63127,0,4,289,1528,2016
63128,0,178,774,7612,10153
63129,0,114,1079,11887,15975
63130,0,149,873,5457,7189
63131,0,246,1484,4604,6081
63132,0,120,419,3785,5062
63133,0,52,139,1670,2225
63134,0,70,173,4090,5347
63135,0,90,207,4042,5224
63136,0,302,453,8559,11416
63137,0,177,339,3862,5078
63138,0,75,215,3231,4317
63139,0,25,307,6023,8192
63140,0,5,11,120,154
63141,0,69,969,4957,6483
63143,0,27,88,1827,2427
63144,0,41,255,2236,3056
63146,0,80,523,6494,8623
63147,0,163,302,2838,3768
63301,0,214,741,12765,16158
63303,0,177,1105,11111,14368
63304,0,69,1134,10549,13411
63341,0,0,2,10,12
63366,0,39,553,9839,12618
63367,0,73,307,2431,3061
63368,0,40,1044,10217,13015
63376,48,386,1302,18295,23622
63385,0,2,7,69,89
63386,0,0,2,45,55
63701,0,59,413,6366,8255
63703,0,65,105,2119,2774
63780,0,34,76,866,1154
64012,36,137,361,7024,7146
64014,0,138,376,6410,6516
64015,0,238,504,8920,9103
64016,1,2,4,91,92
64029,9,42,79,1031,1050
64030,30,237,397,5756,5815
64034,2,55,206,2244,2415
64050,41,154,319,5019,5112
64052,33,143,214,4678,4711
64053,0,16,56,1060,1074
64054,11,32,55,876,893
64055,43,111,326,8473,8516
64056,8,135,294,3864,3931
64057,0,71,170,3308,3499
64058,6,17,27,1510,1519
64060,0,0,0,1,1
64063,0,98,234,5048,5375
64064,82,334,773,5449,5701
64068,56,175,394,6068,6175
64079,0,0,0,4,4
64080,0,36,109,2362,2511
64081,0,275,765,7108,7308
64082,0,243,634,4669,4832
64083,23,323,678,7431,7585
64086,6,252,574,6168,6342
64105,1,10,27,336,342
64106,0,56,110,855,867
64108,22,134,246,2145,2183
64109,43,202,395,2733,2814
64110,0,176,451,4726,4814
64111,0,112,339,3469,3544
64112,0,124,245,1350,1401
64113,8,427,877,3364,3608
64114,0,120,337,5880,5952
64116,0,125,312,5062,5145
64117,21,119,215,2510,2544
64118,19,188,320,9213,9316
64119,0,119,394,7294,7376
64120,0,0,7,720,720
64123,18,90,160,2503,2531
64124,10,98,195,2506,2542
64125,3,28,52,521,534
64126,3,82,155,1347,1378
64127,0,364,651,4549,4664
64128,28,196,409,3868,3940
64129,0,81,122,1973,2012
64130,0,191,523,7191,7272
64131,0,131,321,5838,5880
64132,38,165,246,3739,3770
64133,0,192,344,7791,7951
64134,40,119,210,3869,3909
64136,2,23,48,500,512
64137,9,41,81,2100,2119
64138,21,165,287,5192,5224
64139,0,17,30,565,573
64145,8,57,159,1848,1884
64146,0,7,25,490,496
64147,0,19,32,93,101
64149,0,4,14,243,247
64150,0,30,66,660,677
64151,33,273,426,6423,6569
64152,0,364,906,5938,6193
64153,0,32,64,1661,1677
64154,0,56,228,2672,2736
64155,13,120,400,6482,6562
64156,4,68,140,1716,1760
64157,12,330,790,5879,6009
64158,9,60,145,1288,1327
64161,4,13,30,377,382
64163,0,1,2,161,173
64164,0,2,9,56,66
64165,0,0,0,40,54
64167,0,3,23,88,108
64421,0,1,1,11,13
64436,0,0,1,25,27
64501,23,134,218,3313,3744
64503,0,121,282,4359,4762
64504,0,94,192,3634,3993
64505,10,62,206,4597,5086
64506,7,113,395,6268,6903
64507,0,94,261,3825,4197
64801,338,645,9629,15081,15219
64804,158,673,8513,12948,13054
64834,60,158,1973,3098,3133
64835,2,3,645,1016,1018
64836,118,261,3696,5816,5882
64840,0,0,4,6,6
64841,1,4,45,70,70
64855,4,8,236,375,378
64870,66,245,3748,5861,5939
65039,0,0,0,3,4
65043,0,6,29,818,1058
65053,0,0,0,20,27
65101,0,76,236,3618,4643
65109,0,127,320,5795,7344
65201,0,457,874,7954,9824
65202,0,231,620,11330,14141
65203,0,129,1496,14477,17930
65255,0,0,2,63,80
65611,0,1,1,53,56
65616,103,206,2932,4801,4855
65619,6,104,1843,3115,3153
65631,0,6,65,112,114
65672,31,111,1240,2003,2023
65679,0,0,1,2,2
65714,130,364,5014,8492,8631
65721,61,313,3977,6687,6769
65738,0,0,1,1,1
65739,1,6,9,159,171
65742,2,30,432,747,756
65753,0,2,23,39,40
65757,0,0,2,67,72
65781,2,5,58,100,101
65802,178,604,10139,17491,17615
65803,359,767,9519,16050,16148
65804,0,241,830,13891,14872
65806,0,135,246,2661,2904
65807,0,320,679,17343,18587
65809,0,212,440,3770,4180
65810,0,133,547,7352,8090
38637,0,0,0,0,0
38641,0,0,0,0,0
38654,0,0,0,0,0
38655,0,0,0,0,0
38671,0,0,0,0,0
38672,0,0,0,0,0
38680,0,0,0,0,0
38801,0,0,0,0,0
38804,0,0,0,0,0
38826,0,0,0,0,0
38862,0,0,0,0,0
38863,0,0,0,0,0
38866,0,0,0,0,0
38868,0,0,0,0,0
39041,0,0,0,0,0
39042,0,0,0,0,0
39046,0,0,0,0,0
39047,0,0,0,0,0
39056,0,0,0,0,0
39071,0,0,0,0,0
39073,0,0,0,0,0
39110,0,0,0,0,0
39154,0,0,0,0,0
39157,0,0,0,0,0
39170,0,0,0,0,0
39201,0,0,0,0,0
39202,0,0,0,0,0
39203,0,0,0,0,0
39204,0,0,0,0,0
39206,0,0,0,0,0
39208,0,0,0,0,0
39209,0,0,0,0,0
39211,0,0,0,0,0
39212,0,0,0,0,0
39213,0,0,0,0,0
39216,0,0,0,0,0
39218,0,0,0,0,0
39232,0,0,0,0,0
39272,0,0,0,0,0
39301,34,34,39,43,47
39305,0,0,0,0,0
39307,0,0,0,0,0
39342,4,4,4,5,5
39401,0,0,0,0,0
39402,34,34,34,40,40
39437,0,0,0,0,0
39440,0,0,0,0,0
39443,0,0,0,0,0
39452,0,0,0,0,0
39465,0,0,0,0,0
39475,0,0,0,0,0
39501,124,141,149,166,191
39503,0,0,0,0,0
39507,0,0,0,0,6
39520,28,41,41,41,41
39525,0,0,0,0,0
39530,0,0,0,0,0
39531,0,0,0,0,0
39532,0,0,0,0,0
39540,0,0,3,5,8
39553,0,0,6,6,6
39556,0,0,0,0,0
39560,0,0,0,0,0
39562,0,0,0,0,0
39563,35,41,41,41,41
39564,0,0,0,0,0
39565,0,0,0,0,0
39567,0,0,0,0,0
39571,0,0,0,0,5
39574,1,1,1,1,1
39576,8,8,8,10,10
39581,0,0,0,0,8
59030,11,13,107,288,297
59101,517,670,5711,11210,11469
59102,735,950,7368,14613,14920
59105,321,428,4528,9504,9553
59106,520,647,2159,3946,4108
59401,219,250,1096,3448,3733
59404,366,451,2512,7646,8318
59405,359,449,2864,9021,9749
59411,1,1,1,6,22
59417,4,5,6,23,71
59714,131,154,818,2473,2783
59715,503,680,2072,5898,6516
59718,470,624,2165,6748,7356
59741,1,1,3,8,9
59801,415,495,1843,6981,7779
59802,201,249,1134,3745,4238
59803,283,354,1169,4138,4593
59804,155,188,650,2392,2657
59808,202,307,1104,4111,4658
59901,337,477,605,3093,10197
59912,6,10,14,64,213
59936,0,0,0,1,3
59937,14,19,25,82,235
27006,0,0,0,0,0
27009,0,0,4,14,20
27012,0,0,0,83,204
27019,0,0,0,0,0
27023,0,1,4,26,51
27040,0,14,40,108,148
27045,0,0,4,7,9
27050,0,0,1,1,2
27051,0,0,12,42,62
27052,0,0,0,0,0
27101,0,96,153,227,323
27103,0,53,95,273,357
27104,0,0,84,302,548
27105,0,334,539,680,873
27106,0,140,205,411,659
27107,0,56,196,435,589
27127,0,47,201,308,379
27201,0,0,0,0,0
27214,0,0,3,21,38
27215,0,0,42,159,244
27217,0,41,109,191,252
27233,0,0,1,4,5
27235,0,0,10,60,90
27244,0,0,16,55,78
27249,0,11,28,53,76
27253,0,0,55,141,200
27258,0,11,27,41,65
27260,0,138,277,423,507
27262,0,0,65,238,374
27263,14,64,78,169,219
27265,0,16,111,364,648
27278,0,0,0,0,1
27282,0,20,66,222,272
27284,0,92,166,405,700
27292,0,17,105,155,232
27295,0,10,26,61,92
27299,0,0,2,9,18
27301,4,4,7,15,25
27302,3,4,10,16,19
27305,0,0,0,0,0
27310,3,8,16,127,255
27311,0,0,0,0,0
27313,0,0,7,21,42
27315,0,0,0,0,0
27317,5,10,18,21,23
27357,0,0,1,2,3
27358,0,0,2,129,226
27360,0,0,24,43,79
27370,1,2,3,5,7
27376,3,4,8,10,15
27377,0,1,2,10,18
27401,0,0,54,167,248
27403,0,27,46,137,201
27405,0,0,300,485,656
27406,0,195,443,514,762
27407,0,50,187,399,511
27408,0,19,51,177,284
27409,0,53,57,86,144
27410,0,0,72,417,747
27455,0,20,88,252,429
27502,49,186,588,921,1206
27504,19,29,42,54,61
27510,0,11,21,54,84
27511,31,50,205,349,492
27513,0,19,381,753,1067
27514,0,45,69,211,401
27516,26,131,347,536,709
27517,48,57,283,466,596
27518,0,31,267,498,681
27519,0,127,675,992,1540
27520,29,66,192,302,332
27521,1,1,2,2,3
27523,15,19,132,202,287
27526,58,64,151,303,425
27527,0,2,30,51,75
27529,0,11,187,461,636
27530,13,101,161,241,329
27534,60,108,156,210,269
27539,45,64,263,578,879
27540,0,40,428,736,1044
27545,68,116,204,259,320
27560,8,39,55,220,417
27562,0,2,13,32,47
27587,20,24,152,254,369
27591,0,1,9,17,23
27592,10,17,40,71,95
27596,0,0,1,2,3
27601,0,0,45,107,162
27603,0,77,448,652,908
27604,0,73,344,480,595
27605,0,13,38,60,72
27606,37,110,257,500,654
27607,8,38,206,336,440
27608,0,0,160,335,495
27609,0,20,142,269,361
27610,176,289,529,657,802
27612,13,39,269,545,689
27613,0,18,369,694,967
27614,70,226,713,1000,1243
27615,0,0,311,515,753
27616,0,81,192,343,525
27617,15,30,176,331,441
27701,12,47,94,196,235
27703,27,54,68,338,636
27704,88,115,150,221,300
27705,0,86,207,393,500
27707,0,81,113,218,419
27712,34,41,132,237,312
27713,0,47,82,362,688
27801,87,143,189,250,291
27803,0,53,138,243,342
27804,37,148,306,398,482
27809,3,4,9,12,17
27812,0,0,0,0,0
27822,4,19,32,43,52
27828,0,0,0,0,0
27834,34,187,323,527,646
27837,1,3,5,6,8
27851,0,1,1,1,2
27856,0,0,0,0,0
27858,90,246,414,627,795
27863,0,2,3,3,4
27878,0,1,2,3,3
27884,0,0,0,0,0
27893,368,463,548,642,756
27896,47,76,147,204,294
28012,0,0,49,231,462
28016,0,0,9,44,74
28023,0,1,2,8,13
28025,0,98,195,439,670
28027,0,17,122,419,820
28031,0,0,56,355,784
28032,0,11,29,65,96
28033,0,0,1,1,2
28034,0,22,40,53,72
28036,0,0,0,148,281
28037,10,13,33,96,163
28052,0,45,126,225,270
28054,0,63,147,273,388
28056,0,8,40,263,374
28072,0,0,0,0,0
28073,0,3,5,7,8
28075,0,0,54,327,502
28078,0,0,201,859,1353
28079,0,0,23,317,600
28080,0,0,0,5,9
28086,0,0,42,76,106
28092,0,31,62,119,166
28098,0,0,0,11,35
28101,0,0,0,1,3
28104,20,20,70,500,909
28105,0,0,44,230,527
28107,0,0,0,10,19
28110,0,56,98,408,576
28112,5,48,101,159,183
28115,19,94,122,328,516
28117,0,0,57,399,809
28120,0,58,110,220,349
28125,0,0,0,0,0
28134,0,11,18,70,110
28138,0,0,1,4,7
28144,0,0,74,288,477
28146,0,0,15,148,207
28147,0,0,9,82,127
28150,0,24,72,134,171
28152,0,40,75,127,171
28159,0,9,28,40,51
28164,0,2,4,20,51
28166,0,0,2,4,7
28168,0,0,0,0,0
28173,0,0,80,692,1651
28202,0,7,12,33,52
28203,0,0,0,106,203
28204,0,0,12,33,49
28205,0,31,54,223,401
28206,0,9,29,50,100
28207,0,3,12,167,311
28208,47,109,156,226,390
28209,0,0,8,91,277
28210,0,10,29,362,695
28211,0,0,60,445,667
28212,0,62,84,107,141
28213,37,121,168,354,475
28214,12,37,100,249,423
28215,0,111,161,421,483
28216,0,0,89,431,610
28217,0,34,78,184,229
28226,0,0,212,707,1161
28227,0,0,79,315,472
28262,0,68,182,350,479
28269,0,144,289,413,660
28270,0,0,33,418,779
28273,0,0,48,154,347
28277,18,92,129,905,1626
28278,16,24,41,269,580
28301,17,205,322,455,521
28303,138,225,337,492,570
28304,0,108,215,395,514
28305,31,51,71,139,188
28306,122,258,408,584,747
28307,3,27,40,63,77
28311,135,233,386,547,664
28312,57,114,206,275,321
28314,131,171,315,381,525
28315,24,34,44,73,89
28326,0,0,0,0,0
28327,0,4,13,18,21
28333,0,3,6,11,14
28334,51,89,150,187,215
28339,0,29,59,85,105
28348,80,149,241,390,505
28358,79,179,272,380,444
28360,13,26,35,41,46
28371,45,61,81,92,106
28372,0,0,0,1,1
28373,0,1,1,1,2
28374,8,13,93,198,266
28376,10,27,41,53,72
28387,0,4,31,89,147
28390,27,48,67,103,151
28391,0,1,2,3,3
28394,0,0,0,0,0
28395,0,1,2,3,4
28401,221,267,381,510,594
28403,203,304,457,609,752
28405,80,170,330,601,791
28409,33,55,409,730,995
28411,12,49,243,498,766
28412,0,90,292,527,673
28420,0,0,0,0,1
28422,7,16,23,32,38
28428,42,70,142,254,341
28429,6,13,23,36,45
28449,0,3,64,99,135
28451,2,2,4,4,6
28460,0,0,0,0,0
28461,11,40,81,103,132
28462,116,121,174,232,290
28465,32,106,244,350,437
28467,17,45,72,93,120
28468,31,55,107,185,228
28469,0,12,111,150,201
28470,17,42,79,117,144
28479,0,0,0,1,2
28480,0,2,98,189,275
28513,0,0,1,1,1
28539,1,2,3,4,4
28540,64,141,243,370,549
28543,0,3,4,9,13
28544,3,6,16,30,37
28546,0,154,295,437,552
28547,6,17,38,67,71
28555,0,0,0,0,0
28590,25,57,133,247,330
28601,0,35,79,193,361
28602,0,36,87,139,195
28610,0,4,8,18,23
28612,0,0,13,29,43
28613,0,0,41,105,158
28619,0,0,1,1,1
28625,0,12,36,80,108
28630,0,14,28,51,79
28637,5,11,15,18,26
28638,0,13,28,40,44
28645,0,0,54,98,130
28650,0,0,12,32,55
28655,0,0,40,99,198
28658,0,0,12,53,98
28677,14,48,117,165,269
28681,0,0,1,4,7
28690,5,11,26,47,71
28701,4,9,21,31,36
28715,9,23,66,89,110
28730,0,2,7,14,19
28748,0,1,4,6,8
28778,0,2,6,10,13
28787,0,15,48,92,114
28801,0,102,193,313,389
28803,44,66,166,254,328
28804,24,43,182,371,493
28805,0,23,91,182,246
28806,0,23,211,363,527
58042,0,0,0,0,0
58047,0,0,0,0,0
58078,27,27,27,27,27
58102,0,0,0,0,0
58103,0,0,0,0,0
58104,34,34,34,34,34
58201,0,0,0,0,0
58202,0,0,0,0,0
58203,0,0,0,0,0
58501,0,0,0,0,0
58503,0,0,0,0,0
58504,0,0,0,0,0
58554,0,0,0,0,0
68005,38,53,76,76,84
68007,7,7,7,7,14
68010,0,0,0,0,0
68022,7,14,14,14,110
68028,0,0,0,0,0
68030,0,0,0,0,0
68046,48,72,87,95,103
68059,0,0,0,0,0
68064,0,0,0,0,0
68069,5,6,7,13,23
68102,4,9,15,22,25
68104,0,15,37,66,110
68105,0,14,57,67,105
68106,54,70,81,134,177
68107,0,21,69,110,144
68108,0,0,16,16,33
68110,6,17,36,55,78
68111,0,20,75,90,130
68112,0,12,19,26,35
68113,0,0,0,0,0
68114,0,0,8,28,49
68116,0,0,0,39,39
68117,0,3,12,21,21
68118,3,3,6,9,37
68122,0,0,4,11,36
68123,0,0,0,0,26
68124,11,15,19,42,76
68127,43,59,75,96,133
68128,0,14,19,28,38
68130,0,13,25,31,100
68131,0,8,26,35,47
68132,14,19,25,28,53
68133,0,0,4,33,78
68134,0,23,53,114,137
68135,0,0,0,47,197
68136,11,11,11,28,84
68137,0,21,21,49,97
68138,0,0,0,0,32
68142,0,0,1,3,10
68144,0,0,0,0,0
68147,3,19,28,35,41
68152,0,0,0,4,20
68154,0,0,0,0,17
68157,0,0,0,0,7
68164,8,32,47,55,95
68317,0,0,0,0,0
68336,0,0,0,0,0
68339,0,0,0,0,0
68430,0,0,0,0,0
68462,0,0,0,0,0
68502,8,33,57,98,139
68503,0,0,4,19,58
68504,29,48,57,67,67
68505,0,11,28,50,67
68506,0,38,75,103,179
68507,0,6,12,23,35
68508,34,51,56,66,73
68510,0,14,43,51,72
68512,28,32,36,40,69
68514,0,0,0,0,0
68516,14,27,54,68,95
68517,0,0,0,0,1
68520,2,3,4,6,11
68521,48,57,76,95,143
68522,0,0,0,0,8
68523,0,0,0,2,18
68524,0,2,3,5,8
68526,4,4,6,27,59
68527,0,0,0,0,8
68528,0,0,0,8,15
68531,0,0,0,0,2
68731,1,1,1,1,1
68776,0,8,8,16,32
3032,0,150,1240,1300,1301
3034,0,9,118,121,121
3036,0,18,139,146,146
3038,0,403,5016,5150,5161
3045,17,369,3299,3440,3447
3046,0,12,96,101,101
3049,0,25,138,148,148
3051,18,506,4286,4507,4511
3052,0,108,846,890,890
3053,4,472,3779,3961,3961
3054,0,384,3819,3962,3962
3060,51,418,5500,5624,5647
3062,10,452,5016,5203,5209
3063,0,251,2698,2787,2790
3064,12,206,2962,3038,3041
3076,12,306,2308,2400,2417
3079,37,516,5123,5309,5315
3087,0,38,223,239,239
3101,7,68,449,467,473
3102,52,242,5666,5764,5770
3103,64,321,7894,7982,8014
3104,83,477,7376,7528,7565
3106,8,433,3705,3859,3863
3109,21,169,2907,2969,2972
3110,3,570,3244,3470,3477
3224,0,1,6,6,6
3229,0,4,36,37,37
3234,0,1,22,22,22
3258,0,4,55,56,56
3275,21,119,2546,2590,2598
3301,33,402,6420,6584,6591
3303,0,88,1413,1437,1440
3304,5,166,1008,1074,1075
3307,0,8,161,164,164
3801,0,463,3840,4021,4025
3820,0,419,4298,4463,4463
3823,0,10,45,49,49
3824,6,90,594,622,626
3833,1,7,62,65,65
3840,3,68,409,430,432
3854,0,60,273,293,294
3856,0,34,179,193,193
3857,6,54,849,871,873
3861,0,0,3,3,3
3862,1,25,178,186,186
3865,0,0,4,4,4
3867,0,0,4,4,4
3868,0,1,24,24,24
3869,1,25,289,298,299
3870,4,118,518,560,561
3878,4,64,1930,1955,1955
3885,6,67,399,424,426
7001,134,228,2711,2791,2842
7002,460,953,10470,10755,10842
7003,563,947,8816,9098,9304
7004,34,362,761,2599,2722
7005,41,264,635,2520,2612
7006,43,640,1386,4873,5113
7008,186,444,5246,5394,5455
7009,299,568,2686,2826,2952
7010,173,337,2849,2952,2992
7011,296,437,6808,6956,7034
7012,110,264,2832,2904,2951
7013,463,977,6796,7105,7296
7014,74,154,1204,1247,1275
7016,41,605,1358,4634,4878
7017,148,254,3400,3467,3502
7018,200,309,2683,2763,2820
7020,109,214,862,918,944
7021,62,128,306,338,363
7022,115,214,2043,2116,2142
7023,144,332,1308,1395,1453
7024,242,459,3306,3501,3577
7026,232,524,5681,5800,5901
7027,39,98,1078,1102,1125
7028,232,470,1222,1359,1446
7029,130,242,2295,2346,2385
7030,378,718,2759,2972,3134
7031,150,325,3564,3646,3725
7032,266,512,6732,6872,6949
7033,7,159,491,2272,2322
7034,9,90,253,1654,1689
7035,4,43,150,922,940
7036,311,612,9734,9834,9975
7039,13,1010,2248,5668,6131
7040,0,685,1371,3969,4269
7041,0,243,509,1252,1346
7042,412,874,3735,3981,4180
7043,351,711,2062,2296,2427
7044,360,606,2497,2658,2794
7045,2,278,665,1998,2133
7046,3,108,203,422,467
7047,425,742,7337,7522,7669
7050,208,337,3226,3318,3370
7052,72,953,2213,8292,8724
7054,50,547,1127,5172,5384
7055,208,384,6108,6240,6247
7057,109,196,2381,2421,2450
7058,10,114,297,1135,1175
7059,79,617,1206,3125,3373
7060,215,388,5192,5257,5327
7062,85,186,2048,2091,2121
7063,71,137,1875,1928,1955
7064,53,117,1297,1331,1350
7065,213,421,5392,5516,5600
7066,233,524,3851,3961,4043
7067,308,761,4765,4929,5083
7068,0,149,376,1298,1379
7069,3,144,304,935,980
7070,283,569,3426,3618,3739
7071,240,562,4804,4947,5049
7072,131,283,1860,1943,1987
7073,110,234,1808,1861,1905
7074,44,83,876,898,913
7075,193,372,2052,2153,2218
7076,0,670,1683,4459,4791
7077,48,90,766,786,796
7078,8,692,1244,2234,2486
7079,16,415,821,2380,2565
7080,351,820,5847,6053,6204
7081,21,357,936,3180,3333
7082,0,61,130,404,436
7083,64,977,2546,12098,12510
7086,144,305,1480,1551,1615
7087,268,442,5567,5736,5770
7088,10,34,131,687,700
7090,70,1078,2271,5507,5938
7092,14,299,563,1491,1595
7093,251,458,4671,4838,4907
7094,326,622,3058,3238,3350
7095,178,332,3868,3961,4034
7102,81,126,862,893,906
7103,209,377,3785,3930,3970
7104,260,471,5150,5263,5372
7105,199,336,6041,6134,6190
7106,224,338,3776,3850,3882
7107,201,345,4209,4310,4323
7108,223,446,2805,2920,2953
7109,263,598,6779,6986,7071
7110,444,915,5914,6210,6410
7111,290,588,7328,7496,7588
7112,208,299,3531,3585,3618
7114,100,217,1976,2045,2068
7201,121,209,3899,3984,4000
7202,196,298,4760,4804,4863
7203,130,264,3489,3540,3608
7204,127,241,2321,2362,2416
7205,196,434,4466,4583,4644
7206,139,253,3576,3609,3638
7208,102,196,3541,3600,3614
7302,321,641,2284,2465,2583
7304,312,651,5104,5217,5325
7305,436,985,8916,9286,9409
7306,252,541,4948,5137,5190
7307,310,603,5734,5947,6032
7310,23,44,131,144,153
7401,160,342,1130,1194,1246
7407,223,432,4432,4534,4595
7410,773,1648,7491,7928,8315
7417,375,747,2159,2362,2513
7423,129,298,742,831,885
7424,276,642,5318,5465,5605
7430,365,655,4027,4251,4352
7432,150,292,1404,1486,1541
7436,19,314,759,2485,2614
7440,0,65,150,607,645
7442,3,38,140,598,615
7444,4,54,112,465,481
7446,304,557,2438,2594,2712
7450,680,1361,4049,4428,4682
7452,353,739,2260,2417,2550
7458,438,805,2253,2501,2664
7463,176,382,1823,1924,1993
7470,79,1280,3263,10332,10910
7481,400,878,3094,3310,3452
7501,221,365,3330,3418,3464
7502,99,216,2560,2608,2643
7503,127,223,2792,2850,2861
7504,101,201,1645,1695,1720
7505,32,65,441,459,467
7506,233,510,4209,4334,4442
7508,378,615,4513,4663,4784
7512,237,484,3340,3470,3545
7513,33,83,1473,1494,1503
7514,69,115,2108,2134,2149
7522,124,190,2446,2489,2510
7524,109,181,1815,1866,1883
7601,153,394,5249,5374,5440
7603,76,153,1624,1655,1689
7604,166,397,2759,2853,2930
7605,137,276,1401,1461,1519
7606,30,62,656,669,683
7607,146,268,2167,2236,2287
7620,37,67,191,203,219
7621,311,628,4855,5021,5156
7624,253,531,1854,2015,2118
7626,163,369,1542,1619,1682
7627,118,239,895,963,1007
7628,207,410,3430,3578,3670
7630,158,317,1631,1727,1785
7631,296,649,3825,3966,4116
7632,257,549,1500,1643,1752
7640,95,221,861,917,948
7641,78,170,477,518,552
7642,192,454,1779,1915,2006
7643,104,178,1988,2023,2050
7644,247,569,4401,4527,4611
7645,148,379,1377,1491,1554
7646,186,407,2881,3054,3111
7647,96,207,1212,1262,1302
7648,123,252,1078,1120,1169
7649,255,520,1616,1750,1848
7650,143,285,2424,2519,2576
7652,479,1015,6412,6799,6976
7656,175,345,1479,1571,1646
7657,116,259,2092,2179,2213
7660,92,230,2127,2192,2224
7661,234,507,2148,2271,2377
7662,110,248,1445,1518,1558
7663,236,533,3668,3876,3968
7666,545,1185,6123,6525,6729
7670,333,656,2105,2309,2448
7675,607,1258,4860,5175,5434
7676,145,338,1505,1598,1657
7677,177,351,978,1074,1152
7701,42,523,1585,4839,5058
7702,2,173,371,1022,1084
7704,6,292,669,1377,1502
7711,5,92,243,610,640
7712,104,646,2160,7028,7191
7716,18,179,508,1729,1792
7717,9,92,296,915,949
7718,12,165,574,1651,1714
7719,89,665,1863,5906,6090
7720,16,85,360,1435,1460
7721,0,31,163,636,650
7722,12,135,309,753,796
7723,25,130,294,895,935
7724,53,356,1389,4526,4709
7726,114,1172,3173,8690,9147
7727,27,181,551,1708,1778
7728,58,909,3358,10742,11202
7730,88,399,1363,4625,4722
7731,18,732,2648,8550,8812
7732,0,112,355,1201,1240
7733,12,627,1503,3695,3961
7734,38,177,717,2835,2900
7735,58,334,1340,5065,5176
7737,1,62,260,857,889
7738,7,172,427,1020,1092
7739,3,319,729,1516,1634
7740,66,416,1646,6347,6492
7746,15,820,1840,4419,4764
7747,16,688,2128,7437,7706
7748,74,723,1887,5662,5889
7750,19,142,379,908,950
7751,29,788,1844,4344,4647
7753,132,660,2413,8339,8559
7755,10,121,474,1641,1684
7756,14,64,275,1104,1126
7757,27,179,556,1536,1613
7758,0,104,352,1138,1178
7760,42,405,881,2061,2206
7762,26,367,1212,3494,3625
7764,52,205,704,2104,2185
7801,26,192,523,4186,4277
7803,0,43,161,958,974
7821,0,1,4,21,21
7828,0,115,341,2389,2461
7834,7,310,752,3184,3333
7836,11,264,629,2582,2727
7838,0,0,1,5,5
7840,36,361,847,5665,5790
7843,4,23,72,586,601
7847,1,15,58,549,555
7849,0,2,5,21,22
7850,14,79,189,1120,1150
7852,5,53,157,798,826
7853,7,269,540,1474,1596
7856,1,22,64,542,554
7857,0,42,126,783,801
7866,16,294,660,3026,3126
7869,14,609,1406,4185,4434
7874,3,64,150,1369,1410
7876,0,298,693,2602,2712
7878,0,0,8,84,85
7885,29,149,344,2110,2174
7901,22,543,1175,3195,3407
7920,34,855,1947,4957,5300
7921,6,124,286,969,1014
7922,2,313,681,1794,1920
7924,5,188,414,935,1012
7927,9,97,224,849,894
7928,0,507,1087,2716,2952
7930,3,163,330,884,953
7931,4,56,123,327,350
7932,5,279,599,2126,2229
7933,0,94,185,616,659
7935,0,21,54,210,219
7936,20,337,855,3110,3239
7940,17,473,986,2992,3170
7945,0,363,679,1609,1754
7946,1,128,261,658,714
7950,4,441,961,3820,3990
7960,34,805,1774,6237,6602
7974,15,304,648,1871,1987
7980,2,84,168,573,611
7981,23,231,509,2156,2250
8002,280,507,4625,4732,4819
8003,1044,3940,7546,7954,8150
8004,181,1230,2598,2652,2687
8007,49,92,1160,1177,1189
8009,172,1450,3179,3215,3241
8010,102,227,2675,2727,2761
8012,569,4044,8941,9069,9161
8016,596,1246,8661,8890,9055
8020,4,16,29,30,31
8021,383,3542,8151,8251,8309
8022,21,195,650,1921,1990
8023,0,31,79,79,79
8026,75,346,719,735,749
8027,71,838,1821,1848,1866
8028,299,2326,4900,5016,5062
8029,52,120,1360,1388,1405
8030,150,243,3251,3274,3301
8031,107,217,3271,3301,3324
8032,9,76,154,156,158
8033,402,756,2975,3199,3316
8034,286,518,3825,3964,4062
8035,137,278,1802,1881,1921
8036,117,203,1557,1610,1660
8037,268,2062,3872,3948,3992
8043,928,3202,6132,6377,6596
8045,57,108,756,783,801
8046,367,754,9380,9525,9660
8048,254,474,3151,3269,3360
8049,50,124,1480,1493,1508
8051,130,1019,2031,2070,2104
8052,122,292,3965,4013,4034
8053,998,5187,11766,12098,12271
8054,752,1516,10530,10844,11192
8055,601,2152,4230,4437,4565
8057,742,1558,5435,5837,6103
8059,86,201,1740,1764,1784
8060,238,437,4621,4767,4844
8062,107,382,667,699,725
8063,27,68,851,862,873
8065,65,114,1509,1532,1554
8066,130,1112,2376,2427,2439
8069,75,658,1468,1483,1495
8070,178,1983,4564,4634,4671
8071,102,1025,2118,2139,2168
8075,431,853,7776,7962,8076
8077,344,731,5044,5216,5313
8078,68,174,2288,2314,2335
8079,29,291,665,675,682
8080,917,5571,10881,11051,11266
8081,890,5548,12400,12709,12864
8083,215,1201,2587,2630,2681
8084,139,750,1700,1734,1760
8085,2,9,17,18,18
8086,130,976,1947,1977,2001
8088,8,45,98,101,102
8089,70,429,934,966,979
8090,126,1084,2227,2249,2286
8091,5,67,162,164,165
8093,110,225,2318,2366,2387
8094,847,5601,10586,10795,10960
8096,691,4536,9364,9646,9705
8097,53,411,843,862,869
8102,62,132,962,985,997
8103,171,347,2405,2465,2485
8104,288,499,3506,3594,3650
8105,166,346,3634,3713,3740
8106,115,212,2508,2576,2605
8107,131,251,2753,2810,2833
8108,231,502,3706,3816,3871
8109,234,489,5004,5103,5186
8110,217,429,4423,4506,4575
8201,37,386,700,708,715
8203,645,3273,5697,5817,5930
8221,262,1140,1876,1963,2015
8223,94,690,1204,1234,1249
8225,214,1510,2718,2777,2816
8226,1122,6131,10629,10885,11096
8230,80,579,997,1021,1035
8232,239,2553,4590,4637,4675
8234,708,5654,10101,10267,10403
8244,157,1621,2948,2976,3009
8270,1,13,24,24,24
8302,10,113,220,222,224
8310,20,224,404,410,413
8312,156,1084,2209,2252,2280
8318,106,925,2013,2048,2071
8322,212,1398,2745,2785,2830
8326,17,268,498,502,504
8328,10,153,346,347,350
8330,5,57,106,107,108
8332,415,2813,5434,5519,5608
8340,1,16,31,31,31
8341,19,229,417,422,428
8343,136,602,1140,1184,1214
8344,77,787,1631,1654,1671
8346,0,69,132,132,132
8352,1,5,10,10,10
8360,424,5524,10970,11093,11138
8361,305,2006,3864,3948,4000
8401,471,3242,5707,5789,5842
8402,582,2558,4393,4580,4684
8403,159,648,1115,1155,1180
8406,289,2222,4046,4159,4180
8501,12,266,775,2189,2321
8502,0,517,1088,2325,2548
8505,312,557,4816,4989,5092
8510,1,74,183,401,436
8512,29,234,651,2442,2534
8514,6,89,236,729,764
8515,2,311,742,1682,1810
8518,63,133,1396,1429,1451
8520,14,508,1550,6363,6579
8525,4,85,171,527,559
8527,0,490,2545,8360,8596
8533,0,0,1,2,2
8534,7,546,1148,3131,3325
8535,6,99,229,530,568
8536,190,403,2963,3074,3156
8540,1091,2106,8387,9086,9440
8542,61,119,600,633,652
8550,0,884,2043,4987,5398
8553,17,35,185,193,201
8554,50,97,865,890,910
8555,0,9,41,155,158
8558,161,315,812,888,951
8560,2,48,162,569,583
8562,1,7,33,140,142
8609,111,182,2069,2130,2152
8610,321,494,7981,8121,8162
8611,256,554,4470,4612,4692
8618,390,716,6071,6231,6314
8619,197,590,6300,6431,6510
8620,11,303,822,3511,3630
8628,97,193,2246,2314,2350
8629,52,136,2028,2066,2083
8638,411,690,5676,5876,5978
8648,448,983,6694,6983,7149
8690,296,559,5334,5468,5557
8691,5,495,1285,4293,4522
8701,0,615,3245,12719,12967
8720,5,43,87,213,228
8721,8,86,381,1263,1289
8722,0,135,675,2774,2838
8723,40,506,2659,9555,9803
8724,25,690,3276,12123,12349
8730,10,184,477,1351,1417
8731,0,0,2,7,7
8732,1,25,125,435,444
8733,20,36,161,585,595
8735,44,346,1452,5242,5412
8736,15,602,1671,4530,4784
8738,20,206,465,998,1069
8740,1,14,212,909,913
8741,3,55,198,648,665
8742,147,831,2874,9210,9513
8750,0,266,692,1833,1969
8751,101,447,1057,2820,2939
8752,10,118,467,1599,1637
8753,442,1309,5586,17512,18028
8755,34,437,1941,6461,6548
8757,70,533,3434,13709,13807
8759,228,2097,4969,5014,5050
8804,3,15,35,170,175
8805,132,248,2408,2473,2501
8807,35,815,2023,6318,6656
8810,175,349,2029,2127,2200
8812,304,640,2901,3063,3186
8816,96,1306,2686,9737,10151
8817,445,1011,8787,9056,9195
8820,841,1740,7427,7860,8243
8823,80,156,1584,1624,1647
8824,467,868,3202,3459,3621
8828,3,27,100,499,508
8830,245,501,3695,3810,3916
8831,141,1158,3850,14634,15166
8832,27,57,338,352,361
8835,181,352,2998,3096,3140
8836,15,194,385,915,1005
8837,163,303,3058,3109,3179
8840,364,754,3812,3984,4135
8844,0,1269,2679,8091,8455
8846,127,304,3464,3555,3598
8848,1,11,31,157,162
8850,171,406,2604,2685,2772
8852,258,539,3101,3264,3362
8854,552,1181,10084,10593,10766
8857,37,612,1977,8797,9067
8859,0,257,808,4348,4420
8861,274,572,8002,8176,8217
8863,167,402,3079,3177,3239
8865,18,377,1167,8689,8823
8869,104,207,1887,1937,1977
8872,14,217,812,4353,4457
8873,858,1587,11993,12364,12684
8876,14,228,643,2638,2742
8879,11,210,873,5514,5616
8880,23,38,964,974,981
8882,36,224,809,4282,4390
8884,10,138,383,1931,1981
8886,0,93,241,1070,1109
8901,370,702,5961,6099,6180
8902,353,722,7098,7324,7474
8904,143,266,2337,2394,2430
87002,287,5143,5216,5216,5216
87004,0,10,10,10,10
87008,84,612,635,635,635
87015,44,1119,1133,1133,1133
87022,5,98,99,99,99
87031,292,7027,7113,7113,7113
87035,57,1160,1177,1177,1177
87042,76,1160,1181,1181,1181
87047,18,218,223,223,223
87048,400,4351,4444,4444,4444
87059,45,666,675,675,675
87068,84,1325,1350,1350,1350
87102,585,7645,7793,7793,7793
87104,318,4896,4976,4976,4976
87105,856,20649,20900,20900,20900
87106,804,8575,8831,8831,8831
87107,969,13801,14040,14040,14040
87108,743,10538,10775,10775,10775
87109,728,12427,12578,12578,12578
87110,758,15305,15491,15491,15491
87111,1689,19024,19431,19431,19431
87112,942,15706,15945,15945,15945
87113,341,6124,6210,6210,6210
87114,1212,21362,21665,21665,21665
87116,30,1582,1591,1591,1591
87120,962,21083,21361,21361,21361
87121,1055,20838,21154,21154,21154
87122,569,3545,3697,3697,3697
87123,868,13578,13771,13771,13771
87124,773,20105,20329,20329,20329
87144,96,2384,2409,2409,2409
87401,526,11084,11218,11218,11218
87402,105,2653,2694,2694,2694
87501,801,8159,8343,8343,8343
87505,950,12789,13049,13049,13049
87506,203,1812,1868,1868,1868
87507,595,13682,13848,13848,13848
87508,264,3245,3301,3301,3301
88001,602,11703,12040,12040,12040
88005,334,10269,10425,10435,10435
88007,148,5586,5688,5688,5688
88008,7,324,326,327,327
88011,337,7818,8010,8010,8010
88012,182,5594,5691,5691,5691
88047,1,21,21,21,21
88063,188,2691,2763,2766,2766
89002,0,10788,11064,11075,11075
89005,62,5417,5625,5631,5631
89011,32,7624,7934,7934,7934
89012,88,10616,11069,11069,11069
89014,0,9236,9434,9434,9434
89015,102,12386,12717,12717,12717
89030,105,6840,7023,7037,7037
89032,48,7768,7943,7943,7943
89044,0,2,2,2,2
89052,148,11692,12359,12359,12359
89074,16,14896,15518,15549,15549
89101,142,6808,7084,7084,7084
89102,50,6982,7190,7190,7190
89103,19,9450,9623,9623,9623
89104,94,10142,10391,10401,10401
89106,41,6565,6810,6810,6810
89107,9,9206,9481,9481,9481
89108,0,16319,16670,16686,16686
89109,26,1183,1246,1246,1246
89110,102,16486,16910,16961,16961
89113,88,7692,8012,8012,8012
89115,7,3454,3532,3532,3532
89117,113,15494,16155,16155,16155
89118,45,5474,5637,5637,5637
89119,33,8069,8242,8250,8250
89120,7,6801,6933,6933,6933
89121,44,14345,14728,14728,14728
89122,98,13593,13971,13971,13971
89123,0,16090,16571,16588,16588
89128,0,9873,10095,10095,10095
89129,99,13630,14152,14152,14152
89130,0,1095,1117,1117,1117
89134,0,11175,11628,11628,11628
89135,78,10431,11121,11121,11121
89138,0,2228,2433,2433,2433
89139,39,12581,12903,12903,12903
89141,26,8321,8759,8768,8768
89142,17,8096,8278,8287,8287
89144,38,5956,6309,6309,6309
89145,89,7190,7428,7435,7435
89146,60,4836,4986,4986,4986
89147,29,14152,14605,14605,14605
89148,63,8669,8975,8984,8984
89156,131,6392,6569,6569,6569
89158,0,21,23,23,23
89166,0,11,11,11,11
89169,20,2750,2841,2841,2841
89178,30,4127,4317,4317,4317
89183,18,8893,9075,9084,9084
89403,0,53,55,55,55
89410,0,49,51,51,51
89423,21,4101,4299,4299,4299
89431,19,9315,9486,9486,9486
89433,0,6152,6246,6246,6246
89434,0,7080,7231,7238,7238
89436,53,12627,13167,13167,13167
89439,1,114,120,120,120
89441,20,3690,4033,4033,4033
89501,0,579,619,621,621
89502,0,9798,10069,10069,10069
89503,0,7451,7673,7689,7689
89506,59,11432,11835,11835,11835
89508,0,721,733,734,734
89509,0,9568,10074,10094,10094
89510,0,47,48,48,48
89511,0,7941,8557,8557,8557
89512,11,5214,5337,5358,5358
89519,0,3240,3632,3632,3632
89521,47,8967,9478,9478,9478
89523,0,10121,10654,10654,10654
89701,41,8007,8288,8288,8288
89703,6,2924,3098,3101,3101
89705,0,1908,1959,1959,1959
89706,32,6232,6334,6334,6334
10001,0,0,3,28,55
10002,0,5,20,52,96
10003,0,0,10,94,184
10004,0,0,1,7,12
10005,0,0,0,3,6
10006,0,0,0,4,7
10007,0,0,1,12,22
10009,5,19,35,86,113
10010,1,3,5,35,59
10011,0,2,22,114,180
10012,0,8,18,67,113
10013,0,5,8,89,143
10014,0,0,4,80,157
10016,0,2,7,40,86
10017,0,1,2,7,16
10018,0,0,3,25,47
10019,0,1,8,45,79
10021,0,0,0,37,70
10022,0,0,2,30,60
10023,0,3,8,55,91
10024,0,1,7,71,134
10025,0,0,18,90,149
10026,0,5,13,36,68
10027,0,9,41,76,142
10028,0,3,6,50,112
10029,0,22,50,76,104
10030,0,0,15,28,47
10031,0,0,7,36,72
10032,0,6,16,25,44
10033,0,10,19,39,55
10034,0,2,7,24,33
10035,0,10,27,57,82
10036,2,7,14,34,52
10037,0,1,8,14,23
10038,0,2,5,17,27
10039,0,4,9,15,20
10040,0,2,7,14,20
10044,0,0,1,3,6
10065,0,4,6,41,80
10069,0,0,0,1,2
10075,4,4,5,26,46
10128,0,7,14,52,99
10280,0,0,0,2,4
10282,0,0,0,2,5
10301,0,44,127,308,439
10302,0,10,80,153,249
10303,0,0,9,165,295
10304,0,77,238,469,655
10305,0,0,70,294,503
10306,0,0,94,470,717
10307,0,0,67,203,297
10308,0,28,101,336,593
10309,0,26,177,473,769
10310,0,27,77,249,362
10312,0,66,93,516,1018
10314,51,119,170,680,1224
10451,0,14,41,61,76
10452,0,15,34,51,72
10453,0,30,70,116,139
10454,0,9,55,89,120
10455,0,10,46,61,89
10456,0,35,93,146,186
10457,0,27,77,119,171
10458,13,43,78,106,137
10459,0,17,55,103,126
10460,0,35,87,131,166
10461,0,20,85,181,270
10462,0,18,59,151,198
10463,13,19,36,83,102
10464,0,0,0,1,1
10465,0,8,17,37,53
10466,0,61,141,330,464
10467,0,26,105,172,228
10468,1,25,44,65,85
10469,0,102,228,474,651
10470,0,5,33,80,132
10471,0,0,17,64,109
10472,0,52,103,188,306
10473,0,20,64,117,217
10474,1,23,49,69,79
10475,0,3,6,13,18
10501,0,0,0,29,56
10502,1,5,29,136,252
10504,0,0,10,213,415
10505,0,0,0,0,0
10506,0,6,28,99,154
10507,0,8,15,73,129
10510,5,11,18,230,431
10511,2,5,15,40,61
10514,0,0,52,269,477
10516,0,0,2,5,26
10517,0,0,0,1,1
10520,0,0,43,195,350
10522,2,5,8,96,201
10523,10,15,19,99,172
10524,0,0,0,1,7
10526,0,0,0,0,0
10527,0,0,0,0,0
10528,0,2,5,29,56
10530,0,7,28,119,208
10532,0,0,5,79,160
10533,0,0,4,142,249
10536,2,4,7,231,442
10537,0,0,1,2,11
10538,1,2,4,25,42
10541,0,0,0,0,0
10543,0,1,4,13,23
10546,0,0,2,24,41
10547,0,7,42,84,131
10548,0,0,3,45,74
10549,0,23,95,223,352
10550,9,82,108,173,294
10552,0,9,26,103,180
10553,1,5,18,65,99
10560,0,0,0,0,0
10562,21,26,124,279,450
10566,15,58,69,175,278
10567,0,0,0,9,101
10570,0,0,39,211,357
10573,0,0,120,450,690
10576,0,0,1,9,20
10577,0,0,26,125,208
10578,0,0,0,0,0
10579,0,0,0,0,7
10580,1,2,15,93,160
10583,0,0,126,937,1553
10588,0,0,5,38,56
10589,0,0,0,0,0
10591,0,9,28,178,322
10594,0,1,10,107,185
10595,0,33,84,159,231
10596,0,2,7,14,17
10598,0,0,82,497,795
10601,0,0,8,23,35
10603,0,8,21,123,246
10604,0,0,0,104,245
10605,14,35,38,266,461
10606,0,17,52,124,187
10607,0,0,8,113,196
10701,55,115,225,341,484
10703,0,17,77,131,177
10704,0,41,118,293,447
10705,0,0,35,147,253
10706,0,0,17,100,193
10707,2,11,16,109,201
10708,0,7,34,166,276
10709,2,6,29,159,295
10710,0,0,31,224,421
10801,0,17,52,140,253
10803,0,2,31,251,397
10804,3,3,41,355,563
10901,0,0,4,30,193
10913,0,0,0,3,89
10920,0,0,0,0,122
10923,0,5,11,12,80
10927,0,19,31,37,85
10931,0,0,0,1,2
10952,0,0,8,21,131
10954,0,0,28,46,237
10956,0,0,0,58,536
10960,0,0,0,8,144
10962,0,0,1,7,99
10964,0,0,2,3,22
10965,0,0,0,9,175
10968,1,1,2,2,20
10970,0,14,18,25,70
10974,0,0,0,0,1
10976,0,0,3,9,22
10977,0,0,20,75,197
10980,0,0,0,30,220
10983,0,0,0,0,67
10984,0,0,0,0,36
10986,0,0,2,6,22
10989,0,0,8,17,99
10993,0,0,0,7,29
10994,0,7,13,20,128
11001,6,18,91,358,673
11003,0,54,188,547,843
11004,3,13,49,116,167
11005,0,0,0,1,1
11010,0,0,0,7,230
11020,0,0,0,3,52
11021,0,0,0,0,71
11023,0,0,3,4,47
11024,0,0,0,0,38
11030,0,0,15,30,322
11040,0,0,199,806,1436
11050,0,5,13,15,131
11096,0,12,37,69,119
11101,0,6,54,223,389
11102,0,0,13,71,141
11103,0,27,93,161,221
11104,1,9,24,41,60
11105,0,0,46,160,259
11106,0,15,40,122,195
11109,0,0,0,0,0
11201,0,22,47,257,470
11203,0,46,102,259,518
11204,0,0,27,189,360
11205,0,7,55,134,216
11206,0,29,111,212,305
11207,16,201,371,516,644
11208,0,89,347,561,730
11209,51,72,123,326,573
11210,0,63,153,327,474
11211,0,36,140,327,503
11212,0,63,190,311,443
11213,0,62,116,193,239
11214,0,80,125,356,578
11215,0,18,167,705,1093
11216,4,56,124,265,365
11217,0,11,109,306,529
11218,0,0,18,246,493
11219,17,91,124,282,439
11220,0,0,118,260,362
11221,0,74,227,388,548
11222,0,0,64,298,514
11223,65,166,295,609,765
11224,8,28,87,126,183
11225,0,0,70,110,160
11226,0,28,78,152,262
11228,0,69,104,340,520
11229,73,157,219,533,763
11230,0,0,101,357,505
11231,24,45,86,346,507
11232,10,15,74,125,197
11233,0,91,141,298,394
11234,0,51,254,830,1507
11235,0,28,121,298,519
11236,60,202,381,774,1000
11237,0,17,61,140,232
11238,0,22,40,245,412
11239,0,2,4,5,7
11249,0,4,35,99,149
11354,0,37,118,232,281
11355,0,62,103,237,381
11356,0,15,30,102,166
11357,0,0,63,329,595
11358,0,0,19,170,358
11360,0,11,64,125,171
11361,0,0,68,241,362
11362,0,6,39,138,226
11363,0,6,22,84,145
11364,0,46,128,287,435
11365,0,37,111,274,411
11366,0,9,82,160,230
11367,0,17,123,189,278
11368,0,0,49,146,255
11369,0,12,74,116,170
11370,0,9,47,108,173
11372,6,16,36,74,122
11373,6,6,50,127,221
11374,2,22,42,117,159
11375,0,11,91,270,380
11377,34,57,115,184,293
11378,0,0,66,228,361
11379,0,12,74,276,442
11385,0,35,115,334,565
11411,0,25,46,244,395
11412,0,0,46,285,490
11413,8,38,145,320,510
11414,0,21,130,333,510
11415,0,1,17,39,64
11416,0,3,55,135,184
11417,0,0,54,179,291
11418,4,36,97,188,238
11419,0,29,86,239,325
11420,0,0,144,294,510
11421,0,0,61,162,263
11422,0,0,58,184,306
11423,0,41,99,189,317
11426,0,0,30,133,235
11427,0,37,116,219,259
11428,0,11,37,152,237
11429,0,18,61,193,315
11432,0,14,86,177,244
11433,0,63,84,192,284
11434,0,57,259,430,559
11435,0,0,87,170,252
11436,0,9,36,128,208
11501,0,0,0,0,167
11507,0,0,0,0,82
11509,0,0,0,0,54
11510,0,0,0,25,431
11514,3,3,4,4,22
11516,0,2,26,103,174
11518,0,0,0,14,122
11520,24,41,49,57,186
11530,0,0,0,0,288
11542,0,0,0,79,304
11545,0,0,0,0,183
11548,0,0,7,10,27
11550,0,0,8,76,272
11552,0,0,6,22,225
11553,0,33,56,79,131
11554,0,0,0,48,393
11557,4,4,7,11,122
11558,0,2,18,28,100
11559,0,14,79,203,308
11560,0,0,8,14,110
11561,0,0,17,25,339
11563,0,0,0,31,258
11565,0,0,16,27,141
11566,0,9,9,38,607
11568,1,3,6,6,81
11569,0,0,0,0,32
11570,0,0,23,40,250
11572,0,0,0,18,369
11575,0,0,0,0,52
11576,0,0,15,31,222
11577,0,0,0,0,173
11579,0,3,5,5,99
11580,44,62,151,541,940
11581,0,5,208,437,645
11590,0,0,0,0,386
11596,0,0,0,0,149
11598,0,0,0,0,85
11691,0,36,102,286,403
11692,0,27,64,124,170
11693,0,6,31,79,113
11694,0,18,71,225,314
11701,0,0,0,0,126
11702,0,0,8,16,185
11703,0,5,9,23,162
11704,0,0,0,0,307
11705,0,0,3,16,96
11706,0,0,31,279,759
11710,0,0,31,41,482
11713,0,0,24,59,124
11714,0,0,0,14,155
11715,4,4,4,5,49
11716,0,0,0,19,128
11717,0,0,21,21,225
11718,0,0,0,0,59
11719,0,0,2,17,39
11720,0,16,24,48,104
11721,0,0,5,11,77
11722,0,0,21,50,185
11724,0,0,0,2,65
11725,0,0,0,0,406
11726,0,12,28,44,104
11727,0,0,19,50,188
11729,0,0,0,17,172
11730,0,0,8,8,129
11731,0,0,0,0,289
11732,0,0,0,21,86
11733,0,0,0,0,122
11735,0,19,56,74,463
11738,8,8,16,16,129
11739,0,0,0,0,18
11740,0,0,0,16,153
11741,0,0,0,14,212
11742,0,0,0,0,88
11743,0,0,0,56,428
11746,0,0,17,33,830
11747,0,0,25,30,162
11749,0,0,0,2,17
11751,0,0,17,47,99
11752,0,3,16,25,158
11753,0,0,0,7,214
11754,0,0,0,23,164
11755,0,0,0,24,81
11756,0,0,0,23,406
11757,0,0,0,15,206
11758,0,0,47,126,662
11762,0,0,0,48,325
11763,0,6,12,41,111
11764,0,0,1,6,35
11765,0,0,0,1,17
11766,0,0,0,3,78
11767,0,10,27,34,147
11768,0,0,0,0,222
11769,0,0,0,29,141
11771,0,0,11,21,168
11772,0,12,109,267,582
11776,0,0,25,37,143
11777,0,0,0,0,48
11779,0,0,41,73,334
11780,0,0,5,5,239
11782,10,35,45,55,290
11783,0,0,0,6,309
11784,0,0,0,0,182
11787,0,18,92,119,513
11788,0,4,9,17,225
11790,0,0,0,0,82
11791,0,0,0,16,342
11793,0,0,0,9,559
11795,0,0,0,0,367
11796,0,0,2,7,61
11797,0,0,7,16,203
11798,0,0,0,11,115
11801,0,0,0,70,552
11803,0,9,44,44,504
11804,0,0,3,11,69
11901,0,0,0,90,146
11930,0,0,0,0,67
11932,0,0,0,2,74
11933,0,0,0,1,42
11934,0,0,0,13,126
11935,0,0,3,12,58
11937,0,0,0,21,219
11939,0,0,0,1,19
11940,0,0,0,0,44
11941,0,0,0,4,32
11942,0,0,0,0,46
11944,0,0,2,33,65
11946,0,5,31,72,268
11948,0,0,0,3,7
11949,0,0,0,3,21
11950,0,0,0,14,113
11951,0,0,0,29,74
11952,0,0,0,0,2
11953,0,0,0,1,1
11954,0,0,0,0,59
11955,0,0,7,16,23
11957,0,0,0,1,41
11958,0,0,0,0,2
11960,0,0,0,0,25
11962,0,0,3,10,65
11963,0,0,0,4,159
11964,0,0,0,2,21
11965,0,0,12,29,66
11967,0,0,5,69,229
11968,0,0,8,48,483
11971,0,0,10,13,118
11976,2,12,21,36,178
11977,0,0,2,3,55
11978,0,0,0,15,119
11980,0,0,1,2,18
12008,0,0,0,0,0
12009,0,0,0,0,0
12018,0,0,0,0,0
12019,0,0,0,0,0
12033,0,0,0,0,4
12047,0,0,0,0,0
12054,0,0,0,0,0
12056,0,0,0,0,0
12061,0,0,0,0,0
12063,0,0,0,0,0
12065,0,0,0,0,0
12067,0,0,0,1,2
12077,0,0,0,0,0
12084,0,0,0,0,1
12085,0,0,0,0,1
12110,0,0,0,0,24
12118,0,0,0,0,0
12121,0,0,0,0,0
12123,0,0,0,0,0
12140,0,0,0,1,2
12144,0,0,0,0,0
12148,0,0,0,0,9
12150,0,0,0,0,0
12154,0,0,0,0,0
12158,0,0,0,0,6
12159,0,0,0,0,5
12180,0,0,0,0,0
12182,0,0,0,0,4
12183,1,1,1,2,2
12186,0,0,8,20,28
12188,0,0,0,0,0
12189,0,0,0,0,29
12196,0,0,0,0,0
12198,0,0,0,0,0
12202,0,0,0,0,37
12203,0,0,0,0,0
12204,0,0,0,0,0
12205,0,0,0,27,54
12206,0,0,0,18,107
12207,0,0,0,0,1
12208,0,0,0,21,120
12209,0,0,0,0,9
12210,0,0,0,0,18
12211,0,0,0,0,7
12222,0,0,0,0,0
12302,0,0,0,6,19
12303,0,0,0,0,9
12304,0,0,0,6,45
12305,0,0,0,0,6
12306,0,0,0,17,42
12307,0,0,0,0,26
12308,0,0,0,13,43
12309,0,0,32,55,63
12401,0,0,0,0,171
12411,0,0,0,0,0
12417,0,0,0,0,1
12419,0,0,0,0,2
12432,0,0,0,0,0
12440,0,0,1,2,3
12443,0,0,2,3,13
12449,0,0,0,0,16
12456,0,0,0,0,0
12466,0,0,0,1,6
12471,0,0,0,6,12
12472,0,0,0,2,5
12475,0,0,0,0,0
12477,0,0,1,5,21
12484,0,0,0,0,0
12486,0,0,3,6,15
12487,0,0,2,7,23
12498,0,0,0,0,0
12508,0,27,39,66,136
12512,0,0,0,0,0
12518,0,2,2,4,26
12520,0,2,3,3,22
12524,0,0,0,11,54
12525,0,0,0,1,2
12528,0,0,24,45,65
12533,0,0,0,1,5
12538,0,0,0,17,61
12542,0,0,0,0,14
12547,0,1,4,8,30
12548,0,0,0,0,4
12549,0,0,0,0,1
12550,0,0,0,95,225
12553,0,0,13,31,113
12561,0,0,0,0,49
12569,0,0,0,0,26
12572,0,0,0,0,2
12575,0,0,0,0,3
12577,0,0,0,0,0
12578,0,0,0,0,3
12580,0,0,0,0,23
12586,0,0,0,4,8
12589,0,0,0,5,21
12590,0,0,24,56,207
12601,0,15,69,131,215
12603,0,0,0,0,220
12801,0,0,0,0,37
12803,0,0,0,0,0
12804,0,0,0,22,38
12827,0,0,0,0,0
12828,0,0,0,0,5
12831,0,0,0,0,1
12839,0,0,0,0,6
12845,0,0,0,0,3
12901,0,0,0,0,15
12903,0,0,0,0,0
12918,0,0,0,0,0
12962,0,0,0,0,0
13021,0,0,0,0,0
13027,0,0,0,0,0
13029,0,0,0,0,4
13030,0,0,0,0,0
13031,0,0,0,0,0
13039,0,0,0,0,0
13041,0,0,0,12,19
13057,0,0,0,0,0
13060,0,0,0,0,0
13066,0,0,0,0,0
13068,0,0,0,0,0
13073,0,0,0,0,0
13078,0,0,0,0,0
13082,0,0,0,0,3
13084,0,0,0,0,0
13088,0,0,0,0,0
13090,0,0,0,0,0
13104,0,0,0,0,27
13108,0,0,0,0,4
13112,0,0,0,0,0
13116,0,0,0,4,14
13120,0,0,0,0,1
13132,0,0,0,0,0
13135,0,0,0,1,1
13152,0,0,0,0,0
13164,0,0,0,0,0
13202,0,0,0,0,0
13203,0,0,0,0,15
13204,0,0,0,0,0
13205,0,0,0,0,0
13206,0,0,0,21,47
13207,0,0,0,0,17
13208,0,0,0,0,0
13209,0,0,0,0,0
13210,0,0,0,0,29
13211,0,0,0,0,6
13212,0,0,0,26,84
13214,0,0,5,14,16
13215,0,0,0,0,0
13219,0,0,5,31,57
13224,0,0,0,0,8
13319,0,0,0,0,0
13323,0,0,0,0,0
13340,0,0,0,0,0
13354,0,0,0,0,0
13403,0,0,0,3,5
13413,0,0,0,0,0
13417,0,0,0,1,8
13424,0,0,0,0,6
13456,0,0,0,0,0
13492,0,0,0,16,25
13495,0,0,0,0,0
13501,0,0,0,0,60
13502,0,0,0,0,0
13601,0,0,0,0,0
13603,0,0,0,0,6
13612,0,0,0,0,0
13616,0,0,0,0,0
13634,0,0,0,0,0
13637,0,0,0,0,0
13748,0,0,0,0,0
13760,0,0,0,0,0
13790,0,0,0,39,58
13795,0,0,0,0,0
13827,0,0,0,0,0
13850,0,0,0,0,0
13901,0,0,0,0,0
13903,0,0,0,0,0
13904,0,0,0,0,0
13905,0,0,0,0,0
14004,0,0,0,0,0
14026,0,0,0,0,0
14031,0,0,0,0,0
14032,0,0,0,0,0
14043,0,0,0,0,0
14051,0,0,0,0,6
14052,0,0,0,0,0
14059,0,0,0,0,0
14068,0,0,0,0,0
14072,0,0,0,0,0
14075,0,0,0,0,0
14086,0,0,0,0,0
14092,0,0,0,11,42
14094,0,0,0,0,0
14120,0,0,0,130,210
14127,0,0,0,0,0
14131,0,0,0,0,0
14132,0,0,0,0,0
14150,0,0,0,66,264
14174,0,0,0,0,0
14201,0,0,0,0,42
14202,0,0,0,0,8
14203,0,0,0,0,0
14204,0,0,0,0,0
14206,0,0,0,0,0
14207,0,0,0,0,0
14208,0,0,0,0,23
14209,0,0,0,5,35
14210,0,0,0,0,0
14211,0,0,0,16,163
14212,0,0,0,0,29
14213,0,0,0,0,6
14214,0,0,0,0,0
14215,0,0,0,0,140
14216,0,0,0,0,46
14217,0,0,0,0,0
14218,0,0,0,0,0
14219,0,0,0,0,0
14220,0,0,0,8,54
14221,0,0,0,0,0
14222,0,0,0,0,9
14223,0,0,0,0,35
14224,0,0,0,0,0
14225,0,0,0,0,13
14226,0,0,0,48,86
14227,0,0,0,0,0
14228,0,0,0,0,0
14301,0,0,0,0,32
14303,0,0,0,0,6
14304,0,0,0,65,130
14305,0,0,0,0,0
14428,0,0,0,0,0
14445,0,0,0,2,10
14450,0,0,0,0,0
14467,0,0,0,0,0
14468,0,0,0,6,23
14472,0,0,0,0,0
14506,0,0,0,0,0
14514,0,0,0,4,20
14526,0,0,0,0,0
14534,0,0,0,0,0
14543,0,0,0,0,0
14546,0,0,0,0,0
14559,0,0,0,0,9
14564,0,0,0,0,0
14580,0,0,0,0,0
14586,0,0,0,1,2
14604,0,0,0,0,0
14605,0,0,0,0,0
14606,0,0,0,0,0
14607,0,0,0,0,0
14608,0,0,0,0,22
14609,0,0,0,0,0
14610,0,0,0,0,6
14611,0,0,0,0,0
14612,0,0,0,0,76
14613,0,0,0,0,0
14614,0,0,0,0,0
14615,0,0,0,0,0
14616,0,0,0,0,66
14617,0,0,0,0,0
14618,0,0,0,0,0
14619,0,0,0,0,0
14620,0,0,0,0,0
14621,0,0,0,0,0
14622,0,0,0,0,0
14623,0,0,0,0,0
14624,0,0,0,0,0
14625,0,0,0,0,6
14626,0,0,0,0,0
14850,0,0,0,0,0
14882,0,0,0,0,0
14883,0,0,0,0,0
43004,0,0,0,0,0
43015,0,0,0,0,0
43016,0,0,0,0,0
43017,0,0,0,0,0
43021,0,0,2,2,2
43026,0,0,0,0,0
43031,0,0,0,1,1
43035,17,21,21,21,21
43054,14,14,14,14,14
43062,0,0,0,2,4
43064,1,1,1,1,1
43065,0,0,0,0,0
43068,42,57,99,99,113
43081,0,0,0,16,16
43082,33,33,33,33,33
43085,27,41,48,48,75
43109,0,0,0,0,0
43110,0,0,0,7,13
43119,7,14,14,21,35
43123,29,29,29,29,29
43125,0,1,3,5,5
43147,5,38,65,87,93
43201,0,46,69,109,137
43202,22,27,36,40,62
43203,17,21,31,37,42
43204,56,70,111,167,195
43205,0,0,4,11,21
43206,0,0,0,25,41
43207,50,87,87,125,137
43209,36,50,50,71,78
43211,0,8,32,64,105
43212,0,0,10,25,35
43213,31,63,70,70,70
43214,15,23,46,62,62
43215,0,2,2,2,9
43219,0,0,16,16,25
43220,0,0,7,15,36
43221,0,0,0,0,0
43222,4,9,10,12,16
43223,52,77,86,86,120
43224,66,100,133,155,177
43227,14,36,72,93,129
43228,0,0,0,0,41
43229,23,34,45,79,79
43230,0,16,32,32,48
43231,10,10,16,16,26
43232,0,0,0,11,45
43235,95,106,116,127,127
43240,0,0,0,1,5
43402,2,2,3,3,3
43412,0,0,0,0,0
43430,0,0,0,1,1
43434,0,0,0,0,0
43443,0,0,0,0,0
43447,0,0,2,2,2
43460,4,4,7,7,9
43463,0,0,0,0,0
43465,12,14,22,26,32
43469,0,0,0,0,0
43504,0,0,0,0,0
43528,58,58,63,69,69
43537,0,0,0,0,0
43542,0,0,0,2,3
43551,0,0,0,13,40
43558,0,0,0,1,2
43560,0,18,27,27,45
43566,0,0,0,0,0
43571,0,0,0,0,0
43604,21,30,40,53,66
43605,9,54,107,161,187
43606,40,63,69,80,80
43607,0,0,0,37,45
43608,0,0,0,0,28
43609,14,35,42,56,91
43610,0,0,4,7,12
43611,99,121,121,121,121
43612,10,42,42,42,52
43613,0,0,0,0,0
43614,0,8,24,24,63
43615,0,10,49,88,128
43616,0,0,0,0,0
43617,0,2,2,6,9
43619,0,0,0,0,0
43620,0,0,0,0,0
43623,0,0,0,0,0
43701,185,254,277,300,335
43830,5,5,6,7,8
43913,0,0,0,0,0
43926,0,0,0,1,1
43938,5,8,8,9,11
43943,0,0,0,0,0
43952,104,120,136,142,147
43953,4,6,8,9,10
43961,8,9,10,11,11
43964,13,14,18,22,27
44001,0,0,0,0,0
44011,6,6,17,23,40
44012,0,0,0,0,6
44017,0,0,0,0,6
44022,3,7,7,7,14
44024,2,5,7,7,9
44026,0,0,0,0,0
44028,0,0,0,0,0
44035,0,0,0,58,131
44039,0,0,8,8,17
44040,0,0,0,0,0
44044,0,0,0,0,0
44045,0,0,0,0,0
44050,0,0,0,0,0
44052,0,0,0,15,37
44053,0,0,0,0,0
44054,0,0,0,0,0
44055,0,0,0,0,0
44056,0,0,0,0,0
44060,0,0,0,0,0
44067,0,0,0,0,0
44070,29,59,68,78,98
44074,0,0,0,0,0
44077,12,25,25,25,25
44087,0,0,0,0,0
44092,0,0,0,0,0
44094,0,0,0,0,0
44095,0,0,12,35,46
44102,0,24,61,134,158
44103,72,83,128,155,194
44104,0,20,39,54,79
44105,0,0,0,28,99
44106,0,0,0,26,66
44107,0,0,0,0,0
44108,0,0,14,21,56
44109,0,0,50,113,126
44110,12,23,47,76,93
44111,0,0,58,72,87
44112,0,6,50,106,150
44113,28,49,73,77,98
44114,7,10,21,33,38
44115,10,17,24,35,39
44116,0,0,0,0,0
44117,0,17,32,46,61
44118,0,0,0,0,0
44119,0,0,0,0,0
44120,0,0,10,59,117
44121,0,0,9,18,26
44122,0,0,0,0,17
44123,0,14,34,34,34
44124,0,0,0,0,0
44125,32,54,54,75,96
44126,0,0,5,5,10
44127,12,25,39,49,62
44128,0,0,0,28,47
44129,0,10,10,21,31
44130,0,0,0,0,0
44131,17,17,17,34,42
44132,0,0,0,11,18
44133,0,0,0,0,0
44134,29,57,57,57,72
44135,21,74,106,127,149
44136,0,0,0,0,0
44137,43,52,52,86,86
44138,28,28,43,50,50
44139,20,20,27,40,40
44140,0,0,0,0,0
44141,0,0,0,0,3
44142,0,0,0,32,40
44143,0,0,0,0,8
44144,32,40,56,56,56
44145,0,0,0,0,0
44146,0,0,0,20,50
44147,0,0,0,0,0
44149,0,0,0,0,14
44201,0,0,0,0,0
44202,0,0,0,0,0
44203,35,56,63,63,63
44216,0,0,0,0,0
44221,0,0,0,8,40
44223,0,0,0,0,0
44224,0,0,0,0,0
44236,0,0,0,0,0
44240,0,20,49,89,99
44241,0,0,0,1,1
44260,0,0,0,0,0
44262,0,0,0,0,0
44264,0,0,0,0,0
44266,0,0,0,0,0
44278,0,0,0,0,6
44286,0,0,0,0,0
44301,0,0,0,0,0
44302,0,0,0,2,4
44303,13,18,19,21,21
44304,0,0,0,0,5
44305,0,0,0,0,0
44306,0,0,0,0,0
44307,0,6,21,27,35
44308,0,0,0,0,1
44310,48,55,55,62,90
44311,0,9,17,32,39
44312,0,0,0,0,0
44313,0,0,0,0,0
44314,26,26,33,53,66
44319,0,0,0,0,0
44320,0,0,0,46,80
44321,1,1,1,2,2
44333,0,0,0,0,0
44401,0,0,0,0,0
44402,0,0,0,0,0
44403,1,2,3,4,4
44405,0,0,0,0,8
44406,0,0,0,0,3
44410,0,0,0,0,0
44412,0,0,0,0,0
44418,0,0,0,0,0
44420,0,0,0,0,0
44425,0,0,0,0,0
44429,0,0,0,0,0
44430,0,0,0,0,0
44436,0,0,0,0,0
44437,0,0,2,2,2
44438,0,0,0,0,0
44440,0,0,0,0,0
44442,0,0,0,0,0
44444,6,9,11,11,11
44446,0,0,0,11,11
44451,0,0,0,0,0
44452,1,2,2,2,3
44470,0,0,0,0,0
44471,0,0,8,15,19
44473,0,0,0,0,0
44481,0,0,1,3,3
44483,0,0,0,0,0
44484,0,0,0,5,24
44485,0,0,0,0,16
44491,0,0,0,0,0
44502,0,0,7,19,31
44503,0,0,0,0,3
44504,4,10,10,11,20
44505,0,3,14,17,24
44506,0,0,0,3,5
44507,0,0,0,0,3
44509,0,0,0,0,0
44510,0,0,0,0,0
44511,0,0,0,11,26
44512,16,31,47,70,78
44514,0,0,0,0,0
44515,0,0,0,0,0
44601,0,0,0,0,0
44613,0,0,0,0,0
44614,0,0,0,0,0
44622,21,21,25,33,46
44626,0,0,0,0,1
44632,7,7,7,11,11
44641,0,0,0,0,0
44644,0,0,0,0,0
44646,0,0,16,33,49
44647,8,8,16,16,16
44662,0,0,0,4,8
44663,34,45,56,85,102
44666,0,0,0,0,0
44685,0,0,0,0,10
44688,1,1,1,2,2
44702,17,18,20,22,23
44703,0,10,18,30,43
44704,15,24,29,31,34
44705,7,40,61,94,108
44706,0,0,0,32,56
44707,46,49,53,76,83
44708,0,0,0,0,9
44709,69,80,86,98,103
44710,0,0,0,4,22
44714,28,34,37,46,49
44718,0,0,0,0,0
44720,0,0,0,0,0
44721,0,0,0,0,0
44730,29,35,38,44,55
44824,0,0,0,0,0
44839,0,0,0,1,1
44843,0,0,0,0,0
44846,0,0,0,0,0
44847,0,0,0,0,0
44870,0,0,0,0,0
44902,0,0,0,6,17
44903,3,9,15,24,24
44904,0,0,0,0,0
44905,0,2,5,15,22
44906,4,8,8,16,20
44907,15,15,23,27,27
45001,0,0,0,0,0
45002,0,0,0,0,0
45005,0,0,0,0,0
45011,0,0,0,0,0
45013,0,0,0,0,0
45014,0,0,0,0,0
45015,17,30,44,44,65
45030,0,1,1,1,1
45034,0,0,0,0,0
45036,0,0,0,0,0
45039,0,16,16,16,16
45040,0,0,46,46,46
45042,0,0,0,0,0
45044,0,0,0,0,0
45050,4,4,4,4,4
45065,3,3,6,6,8
45066,0,0,0,0,0
45067,0,0,0,0,0
45068,0,0,0,0,0
45069,0,0,0,32,49
45102,0,0,13,13,13
45103,0,0,0,0,0
45106,0,0,0,1,1
45111,0,0,0,0,0
45122,0,0,2,4,4
45140,0,15,30,45,45
45150,0,0,0,0,17
45152,0,0,0,0,0
45153,0,0,0,0,0
45157,0,0,0,0,7
45162,0,0,0,0,0
45174,0,0,0,0,0
45202,0,0,0,0,0
45203,0,0,0,0,3
45204,0,2,6,11,14
45205,0,0,0,14,29
45206,0,0,0,0,13
45207,0,0,0,0,0
45208,0,0,0,0,0
45209,0,0,0,0,0
45211,0,0,0,0,10
45212,0,0,6,32,45
45213,0,0,0,0,0
45214,0,0,0,0,7
45215,0,0,0,0,9
45216,9,12,12,15,18
45217,0,0,0,0,4
45218,0,0,0,0,0
45219,0,0,0,0,15
45220,0,0,0,0,10
45223,7,24,24,41,51
45224,0,0,0,0,0
45225,0,0,0,6,23
45226,0,0,0,0,0
45227,0,20,25,30,35
45229,0,5,17,42,57
45230,0,0,0,0,0
45231,0,0,0,0,0
45232,0,0,2,2,3
45233,0,5,5,14,23
45236,0,0,23,38,38
45237,0,32,53,63,90
45238,0,13,54,67,108
45239,0,0,0,9,27
45240,0,0,0,0,0
45241,0,0,0,0,0
45242,0,0,0,0,0
45243,0,0,10,10,10
45244,0,0,0,9,9
45245,0,0,0,0,0
45246,19,28,28,28,38
45247,0,0,0,0,0
45248,0,0,0,0,0
45249,0,0,0,0,0
45251,0,0,0,22,22
45252,0,0,0,0,0
45255,0,0,0,0,0
45301,0,0,0,0,0
45305,0,0,0,0,3
45309,0,0,0,0,0
45312,0,0,0,0,0
45315,1,1,1,1,1
45318,0,0,0,0,0
45319,0,0,0,0,0
45322,0,0,0,0,8
45323,0,0,0,0,0
45324,0,0,0,0,0
45325,0,0,0,0,0
45326,0,0,0,0,0
45327,1,3,4,5,6
45339,0,0,0,0,0
45341,0,0,1,1,4
45342,0,0,25,50,50
45344,0,0,26,33,33
45345,0,0,0,0,0
45359,0,0,0,1,1
45368,1,1,2,2,3
45369,0,0,0,0,0
45370,0,0,0,0,0
45371,0,0,0,0,0
45373,0,24,24,36,60
45377,0,0,0,0,0
45383,0,0,0,0,0
45384,0,0,0,0,0
45385,0,0,0,0,0
45387,0,0,0,0,0
45402,0,0,0,0,0
45403,0,0,15,20,31
45404,0,0,22,39,70
45405,47,58,70,76,82
45406,27,48,75,82,122
45409,8,10,13,23,29
45410,10,16,21,42,42
45414,0,0,28,47,112
45415,0,0,0,0,0
45416,8,12,18,22,22
45417,0,0,0,0,38
45419,5,9,14,14,19
45420,0,0,9,27,27
45424,0,0,18,36,72
45426,53,68,68,68,73
45429,18,27,44,44,62
45430,8,8,10,18,18
45431,0,0,0,0,0
45432,0,0,0,0,11
45433,0,0,0,0,0
45434,13,13,13,18,27
45439,0,0,0,0,0
45440,12,18,18,36,36
45449,29,29,35,47,58
45458,0,0,6,6,6
45459,0,0,0,0,0
45502,0,0,0,0,0
45503,0,19,37,65,93
45504,0,0,13,19,25
45505,0,0,0,8,65
45506,0,0,0,5,31
45619,2,2,3,6,6
45623,0,0,0,0,0
45638,55,55,55,55,60
45659,0,0,0,0,0
45662,44,59,83,98,98
45663,10,12,12,15,15
45669,5,8,10,16,22
45678,0,0,0,0,0
45680,8,18,23,33,38
45694,0,0,4,10,14
45696,1,1,1,1,1
45714,0,9,12,16,19
45750,0,0,0,0,0
45801,87,87,100,131,149
45804,105,115,115,126,126
45805,53,53,53,91,122
45806,3,3,3,3,3
45807,6,11,13,13,15
45895,0,0,0,0,0
73003,132,231,339,413,545
73007,0,1,1,1,1
73008,138,177,200,269,354
73012,566,849,1095,1341,1489
73013,988,1312,1540,1825,2072
73020,64,108,128,155,196
73025,167,256,354,426,518
73026,2,2,3,3,3
73034,542,908,1186,1514,1716
73049,10,16,18,22,26
73064,346,405,473,532,557
73065,1,4,8,13,17
73068,16,22,26,29,30
73069,393,541,647,753,912
73071,537,652,766,907,1035
73072,604,776,924,1171,1343
73078,1,2,3,3,4
73084,77,88,102,109,137
73093,0,0,0,0,0
73099,149,473,722,822,971
73102,25,33,38,42,51
73103,74,100,118,156,189
73104,44,53,69,80,89
73105,108,116,132,151,178
73106,214,298,354,401,438
73107,195,247,329,401,503
73108,301,343,400,463,561
73109,303,376,502,568,738
73110,334,420,531,667,754
73111,268,339,392,440,505
73112,391,495,564,667,759
73114,201,250,291,367,437
73115,232,267,321,392,446
73116,245,333,472,578,675
73117,241,258,306,337,419
73118,279,404,453,497,590
73119,294,375,426,436,507
73120,442,573,729,872,963
73121,23,40,61,72,84
73122,212,267,295,336,345
73127,269,341,420,523,571
73128,156,191,229,266,296
73129,223,272,297,355,446
73130,155,174,229,265,375
73131,121,193,265,309,366
73132,234,291,355,380,428
73134,22,33,44,51,59
73135,131,197,240,284,320
73139,175,197,230,279,339
73141,63,76,88,107,121
73142,171,256,325,374,451
73145,56,66,75,85,87
73149,20,29,44,52,76
73150,60,97,126,168,208
73151,69,107,137,162,184
73159,339,393,437,459,536
73160,444,507,592,655,782
73162,197,256,335,453,512
73165,70,121,181,230,260
73169,28,38,42,53,58
73170,477,664,780,939,1069
73173,15,23,31,37,47
73179,99,128,149,181,198
73501,255,297,352,387,463
73505,173,300,392,485,589
73507,110,144,178,205,250
73701,153,230,307,332,400
73703,248,324,390,448,486
74008,103,207,298,402,487
74011,119,338,498,627,747
74012,155,355,643,820,1086
74014,23,243,290,359,475
74015,42,64,86,101,113
74017,61,68,136,164,191
74019,120,178,225,257,314
74021,82,178,252,327,386
74023,24,50,62,79,95
74033,23,47,66,87,115
74036,1,2,2,3,3
74037,92,190,308,419,478
74041,1,1,2,3,3
74050,0,0,0,0,0
74053,0,0,1,1,1
74055,219,563,798,970,1064
74063,65,124,176,221,273
74066,165,204,302,370,506
74070,89,119,142,160,171
74073,42,71,110,146,166
74074,520,600,720,807,900
74075,141,214,297,370,417
74103,5,12,16,20,25
74104,148,233,265,310,381
74105,286,437,612,778,874
74106,349,459,491,537,582
74107,242,337,388,509,552
74108,92,110,136,150,173
74110,212,254,331,393,435
74112,228,301,350,398,439
74114,179,324,476,615,721
74115,280,314,348,399,416
74116,87,120,147,160,173
74119,19,28,39,43,49
74120,25,61,92,134,161
74126,76,107,130,147,168
74127,235,282,309,342,383
74128,144,152,157,165,178
74129,175,227,309,344,379
74130,8,12,19,25,26
74131,21,26,45,66,85
74132,44,95,154,205,292
74133,229,382,611,751,967
74134,128,186,232,284,319
74135,137,268,337,393,449
74136,160,272,349,408,461
74137,184,344,520,696,910
74145,102,134,140,185,217
74146,103,126,158,185,197
74363,0,0,0,0,0
74429,11,21,25,29,31
74730,0,1,1,1,1
74731,1,2,2,2,2
74733,8,12,16,19,23
74901,23,27,37,39,43
74902,3,4,7,9,10
74946,4,5,6,6,7
74948,5,7,7,9,10
74954,0,0,0,1,1
74959,0,0,0,0,1
97002,0,13,31,409,416
97003,0,161,411,4576,4665
97004,0,56,127,700,724
97005,48,226,624,5187,5305
97006,55,537,1502,10515,10724
97007,184,1268,3382,17333,17774
97008,41,285,698,6559,6674
97009,1,23,37,224,233
97013,0,48,135,1185,1211
97015,57,292,653,6121,6203
97019,0,0,0,1,1
97024,22,135,219,2585,2633
97027,21,233,457,3276,3387
97030,104,320,648,8352,8490
97034,38,626,1136,4263,4528
97035,11,448,896,4985,5206
97045,50,787,1874,16000,16334
97048,3,14,49,314,880
97060,0,173,315,6025,6105
97062,45,504,1137,7107,7326
97068,46,876,1898,8323,8752
97070,74,450,739,5841,5958
97078,0,1,1,13,14
97080,49,515,931,11824,11983
97086,70,527,1162,7238,7524
97089,11,315,685,5241,5373
97113,21,134,412,3327,3379
97116,101,355,992,6946,7062
97123,186,722,1700,11098,11319
97124,77,689,1761,12124,12507
97140,37,556,1353,6833,7082
97201,14,116,237,1423,1493
97202,80,712,1436,10718,11120
97203,56,438,848,8868,9147
97205,12,42,76,501,523
97206,216,748,1429,15881,16230
97209,16,71,125,832,868
97210,18,217,434,2711,2817
97211,63,695,1326,9883,10167
97212,0,835,1500,6999,7347
97213,140,630,1180,9407,9687
97214,81,479,830,6315,6524
97215,28,393,792,5173,5367
97216,32,135,361,4336,4448
97217,142,652,1339,11184,11492
97218,42,155,295,4530,4596
97219,0,808,1779,10164,10480
97220,0,350,804,8393,8594
97221,0,412,737,3064,3261
97222,0,304,810,9907,10039
97223,183,968,1896,12305,12684
97224,0,758,1766,10282,10532
97225,31,435,1097,5761,5933
97227,12,86,188,1240,1281
97229,88,1990,4367,15917,16639
97230,66,318,712,10575,10784
97231,2,113,212,1092,1141
97232,35,136,272,2812,2898
97233,138,317,617,7839,7961
97236,0,150,477,8546,8714
97239,47,280,526,3111,3235
97266,81,360,665,8659,8803
97267,153,460,910,9168,9379
97301,166,444,2386,13598,13750
97302,99,634,2860,12012,12286
97303,97,375,2394,11838,11983
97304,0,83,524,2180,8841
97305,229,392,2320,10630,10706
97306,0,164,556,1514,8765
97317,56,230,1251,6101,6151
97321,0,43,339,1721,8447
97322,0,0,171,1911,9945
97330,0,301,706,1951,9962
97333,0,112,431,1287,5627
97338,0,70,252,1105,5185
97351,0,22,112,537,2663
97355,0,97,249,1229,6718
97361,0,37,112,538,2535
97370,0,10,91,351,1869
97389,0,2,15,136,708
97392,0,0,32,158,976
97401,106,465,852,8451,9370
97402,0,342,683,15439,16822
97403,11,119,208,1930,2140
97404,58,256,478,10259,11483
97405,0,516,1079,10036,11349
97408,0,208,484,3995,4461
97448,1,2,7,50,169
97455,0,0,0,3,3
97457,0,0,0,0,1
97470,11,63,183,2495,5626
97471,0,145,353,2754,6106
97477,83,295,531,10531,11604
97478,10,111,372,2856,9784
97495,0,2,5,81,181
97496,0,24,45,849,2125
97501,0,270,525,15071,15755
97502,56,315,630,10372,11025
97503,0,103,206,2909,3157
97504,64,588,1017,14334,15526
97524,22,120,205,2923,3090
97526,0,184,378,8116,8652
97527,36,206,393,5402,5916
97530,4,60,139,1042,1128
97532,0,5,14,194,216
97535,34,76,116,1653,1735
97540,0,1,2,40,43
97701,0,517,959,10258,10570
97702,12,583,1239,11550,11829
97703,125,858,4228,7364,7598
97801,48,197,319,4649,5191
97826,0,0,0,5,5
97838,7,120,304,6224,6974
97875,2,7,12,738,820
97882,2,24,44,922,1032
15001,288,463,688,913,3089
15003,39,92,155,184,1045
15005,12,75,126,158,534
15009,77,141,218,295,1076
15010,82,212,349,397,1643
15014,0,0,3,10,22
15017,77,202,317,415,1640
15024,67,114,178,222,777
15025,1,3,5,6,19
15027,9,18,27,41,214
15030,0,0,6,10,13
15034,15,20,25,30,159
15035,2,11,14,16,192
15042,20,74,108,165,759
15044,0,0,0,0,1
15045,12,15,16,22,301
15046,17,20,28,33,275
15049,0,2,5,9,79
15051,0,1,1,1,7
15056,6,10,13,19,118
15057,162,243,342,428,1359
15061,80,145,220,284,1282
15064,0,0,0,1,2
15065,0,0,9,58,211
15066,23,55,83,115,983
15068,134,372,536,685,3528
15071,77,163,292,348,1237
15074,62,117,153,164,795
15076,9,14,19,22,117
15081,2,2,3,3,12
15082,0,0,0,0,0
15084,15,48,88,132,906
15085,19,85,125,160,809
15101,64,191,269,374,1168
15102,21,148,259,354,1235
15104,42,117,183,207,828
15106,109,234,314,401,1905
15108,210,587,937,1217,4364
15110,98,114,146,173,547
15112,20,27,36,44,283
15116,21,93,258,361,1512
15120,95,184,272,368,1805
15122,213,316,427,490,2228
15126,17,46,66,83,651
15131,52,101,132,173,798
15132,178,299,428,527,2009
15133,28,45,60,62,541
15136,211,422,600,726,2449
15137,67,87,123,139,918
15139,21,97,167,210,578
15140,8,17,24,32,222
15142,24,62,106,136,256
15143,66,281,520,698,1592
15144,34,38,41,52,413
15145,65,82,108,138,520
15146,109,227,345,474,2526
15147,167,284,370,413,1641
15148,35,47,60,71,246
15201,79,179,263,321,1281
15202,79,171,204,259,1226
15203,92,224,320,387,959
15204,34,63,109,143,650
15205,84,168,298,421,1832
15206,196,352,521,656,2105
15207,104,147,211,247,1175
15208,55,158,241,293,816
15209,54,86,159,190,1142
15210,144,232,336,503,2197
15211,99,172,218,252,1088
15212,183,294,446,541,2299
15213,222,293,383,443,954
15214,86,158,248,330,1265
15215,83,231,341,428,1201
15216,143,287,430,512,1952
15217,299,540,718,896,2262
15218,109,218,294,351,1117
15219,163,218,293,346,837
15220,61,127,210,282,1504
15221,256,445,552,684,2390
15222,14,35,57,73,199
15223,35,73,100,120,674
15224,59,93,115,149,751
15225,11,16,19,21,179
15226,47,93,135,192,1375
15227,109,207,356,484,2617
15228,112,289,461,590,1447
15229,59,128,201,269,1333
15232,60,111,155,191,489
15233,36,71,92,109,355
15234,31,94,177,250,1348
15235,372,516,625,697,3399
15236,96,328,433,549,2611
15237,317,539,899,1110,3277
15238,61,298,519,740,1484
15239,115,231,354,478,2282
15241,108,374,578,749,1560
15243,67,214,369,504,1327
15317,0,0,0,1,4
15321,0,0,0,4,10
15361,0,0,0,0,1
15545,0,0,0,0,0
15613,6,33,86,134,169
15615,0,0,0,0,0
15629,0,0,1,1,2
15632,0,0,0,1,8
15636,0,0,0,11,20
15641,0,1,2,2,5
15642,119,294,533,735,2397
15644,0,0,0,0,0
15656,0,0,0,27,82
15665,0,0,1,10,17
15668,65,302,497,628,1437
15673,0,0,0,2,6
15690,0,0,14,32,67
15692,0,0,4,11,14
15801,0,7,68,107,160
15840,4,10,14,17,22
15851,2,9,21,30,39
15901,25,64,82,114,136
15902,0,47,108,158,194
15904,52,133,214,281,328
15905,39,78,169,195,225
15906,38,56,77,108,141
15909,11,18,21,26,45
15928,0,7,14,21,27
15935,0,0,0,1,1
15942,0,1,2,3,5
15946,0,0,0,0,0
15963,12,30,57,72,97
16001,21,103,216,340,433
16002,2,3,8,12,15
16045,0,0,1,3,5
16053,1,2,3,11,22
16121,17,56,110,145,185
16143,0,0,0,0,0
16146,66,103,150,192,239
16148,0,0,35,89,124
16150,5,13,29,51,68
16159,1,5,8,12,13
16161,3,7,8,10,12
16229,0,0,0,1,1
16415,1,6,30,41,57
16421,0,8,15,20,25
16501,4,15,26,33,38
16502,4,51,109,135,194
16503,12,116,188,253,313
16504,55,77,121,176,247
16505,19,43,204,315,451
16506,16,97,251,332,469
16507,9,31,61,87,113
16508,0,6,86,148,183
16509,45,172,254,329,434
16510,113,210,338,435,548
16511,6,22,44,87,143
16601,0,143,214,377,540
16602,52,157,304,471,555
16635,9,28,78,138,175
16636,0,1,3,4,6
16637,2,11,18,28,35
16648,0,46,137,223,299
16665,1,1,2,3,3
16669,0,0,0,0,0
16673,0,11,34,46,65
16801,82,212,352,478,603
16803,0,0,150,267,436
16823,0,0,1,2,6
16865,0,1,1,1,2
16868,0,1,2,3,3
16870,0,0,1,1,1
17003,0,10,38,99,134
17011,116,223,359,505,1107
17019,0,0,0,1,1
17022,0,2,9,15,19
17025,41,162,238,324,654
17028,0,1,2,3,3
17033,12,23,120,263,371
17034,0,2,10,13,18
17036,46,77,246,440,578
17038,0,0,0,0,1
17042,61,123,235,399,501
17043,21,49,77,94,273
17046,45,68,158,240,331
17050,0,219,593,833,1489
17053,4,16,24,34,58
17055,0,20,147,431,637
17057,0,63,171,335,424
17067,0,2,6,10,13
17070,0,10,58,204,320
17078,0,22,107,183,277
17093,1,3,4,5,9
17101,10,14,15,18,30
17102,104,155,201,261,391
17103,155,223,298,370,525
17104,148,279,395,490,732
17109,69,113,151,176,396
17110,65,259,382,526,836
17111,132,326,458,538,1058
17112,0,48,257,458,629
17113,7,45,108,164,201
17225,0,1,1,4,10
17263,0,0,0,0,0
17268,0,0,0,1,1
17319,23,39,100,118,149
17325,27,58,148,210,273
17339,0,3,18,28,37
17340,0,0,1,1,1
17345,31,38,47,64,74
17347,0,7,29,51,67
17360,0,0,0,0,0
17370,0,2,4,8,9
17401,0,9,58,129,183
17402,3,25,84,127,181
17403,0,61,253,456,659
17404,0,13,167,282,430
17406,0,3,76,120,143
17407,0,2,14,23,30
17408,0,0,2,3,4
17501,12,23,39,56,141
17502,0,0,0,0,0
17505,13,30,47,62,91
17508,0,1,1,1,2
17512,1,5,7,9,24
17516,0,2,10,17,23
17520,13,32,48,56,142
17522,10,37,68,95,259
17529,1,8,14,17,33
17538,0,36,53,89,188
17540,51,87,130,154,313
17543,9,28,338,563,694
17545,0,26,69,118,180
17551,49,71,102,142,334
17552,0,0,1,1,3
17554,11,37,75,105,263
17557,1,6,9,11,22
17560,0,0,0,0,0
17562,3,8,13,16,28
17572,8,20,30,38,102
17579,11,14,51,66,148
17582,0,0,4,8,12
17584,2,29,69,89,189
17601,97,445,792,1167,2028
17602,123,268,446,536,1317
17603,208,351,591,782,1756
17701,108,215,454,610,717
17702,29,55,84,113,160
17728,1,2,4,5,7
17744,0,0,0,0,0
17754,14,31,74,120,180
17756,0,1,3,6,9
17801,25,53,75,114,178
17815,95,153,221,284,358
17837,19,38,45,83,159
17847,0,0,2,3,6
17850,0,0,0,0,2
17857,0,0,12,24,49
17859,1,2,5,6,9
17870,16,78,117,147,202
17876,0,5,15,23,39
17889,0,0,1,4,11
17901,121,158,224,291,454
17923,5,8,10,12,16
17951,0,0,0,0,1
17954,21,35,51,62,98
17965,1,5,7,9,25
17970,8,12,17,22,34
18011,0,4,23,37,54
18013,0,63,120,195,264
18014,0,12,48,120,155
18015,142,201,373,514,835
18017,23,194,537,686,1086
18018,114,245,286,392,646
18020,0,77,244,419,614
18031,0,0,73,145,206
18032,35,67,96,131,234
18034,32,136,235,334,452
18036,19,137,230,320,508
18037,12,58,112,158,262
18038,0,1,2,3,6
18040,6,18,218,389,537
18042,0,67,183,337,511
18045,19,85,329,507,742
18049,96,173,293,413,706
18051,6,8,27,71,96
18052,0,34,162,291,367
18053,1,3,9,14,19
18055,0,10,45,127,217
18059,1,6,22,48,65
18062,14,22,274,556,730
18064,0,0,243,443,590
18066,0,0,1,1,2
18067,41,54,143,224,271
18069,0,13,157,255,347
18072,0,10,56,109,143
18074,0,2,39,68,105
18077,0,1,2,4,4
18078,28,116,204,306,455
18079,0,0,0,0,3
18080,55,115,158,213,360
18083,0,0,1,1,3
18085,1,1,5,11,15
18086,0,0,1,1,1
18087,2,3,5,5,18
18088,0,0,33,60,96
18091,0,2,14,30,56
18092,0,5,14,26,32
18101,5,12,25,33,58
18102,198,269,296,350,745
18103,161,359,495,607,1077
18104,0,344,661,859,1414
18106,8,59,143,218,345
18109,51,133,164,189,353
18343,1,2,8,13,16
18353,0,0,0,0,1
18360,0,0,1,2,3
18403,6,32,43,92,112
18411,4,16,50,79,103
18433,0,14,69,113,136
18434,0,5,17,29,47
18436,0,0,0,0,0
18444,0,0,1,1,1
18447,19,46,73,93,139
18452,12,18,29,35,45
18503,6,10,13,16,21
18504,38,128,204,272,393
18505,20,145,205,258,344
18507,33,77,152,201,274
18508,57,119,165,203,268
18509,37,63,136,173,247
18510,59,92,130,163,195
18512,21,62,125,182,203
18517,26,57,82,100,119
18518,47,83,138,196,254
18519,42,61,101,129,156
18603,61,122,216,277,326
18612,14,104,187,248,311
18621,0,0,0,1,1
18631,5,10,13,17,24
18634,96,122,183,249,319
18635,0,4,13,25,32
18640,101,138,208,302,390
18641,16,29,35,59,78
18642,15,20,35,56,82
18643,38,109,172,243,302
18644,0,39,68,106,132
18651,17,38,63,94,167
18660,0,0,0,0,0
18701,20,27,35,42,48
18702,276,443,659,827,1114
18704,174,359,521,614,869
18705,42,66,132,223,253
18706,47,118,201,272,372
18707,0,0,1,1,2
18708,17,61,102,137,186
18709,40,58,74,84,104
18901,0,0,155,333,461
18902,0,0,1,1,2
18914,63,401,646,928,1291
18915,0,14,31,46,75
18925,0,15,227,434,586
18927,0,0,1,1,1
18929,8,14,200,338,479
18932,0,3,7,10,20
18936,0,5,41,74,108
18938,0,9,81,134,180
18940,0,18,623,1165,1571
18951,0,0,2,4,5
18954,0,6,162,362,505
18964,44,96,136,169,324
18966,53,85,457,766,1223
18969,2,9,13,16,29
18974,0,60,349,589,914
18976,0,6,239,501,704
18977,1,1,115,233,297
19001,45,70,190,315,400
19002,50,70,626,1113,1560
19003,8,25,171,258,384
19004,0,26,136,222,318
19006,25,63,368,634,855
19007,0,37,74,184,278
19008,6,12,204,509,731
19009,0,0,6,12,18
19010,11,41,298,546,727
19012,0,3,76,137,204
19013,17,110,198,273,331
19014,0,0,199,380,510
19015,8,12,62,78,105
19018,18,54,108,145,221
19020,0,108,385,734,962
19021,23,42,51,68,82
19022,0,6,18,28,33
19023,20,78,123,157,208
19025,1,12,119,217,284
19026,38,57,151,277,378
19027,0,41,156,298,451
19029,0,7,24,34,42
19030,0,11,95,191,259
19031,0,14,104,188,246
19032,0,8,37,60,82
19033,0,17,61,126,155
19034,2,14,119,236,333
19035,0,0,112,240,326
19036,18,20,55,78,93
19038,42,67,367,700,925
19040,0,26,200,342,458
19041,0,12,99,172,236
19043,0,2,11,18,25
19044,0,4,77,167,257
19046,19,56,237,441,622
19047,0,47,298,660,977
19050,43,60,157,184,266
19053,0,53,242,491,665
19054,15,25,80,164,243
19055,8,16,44,92,116
19056,0,23,88,191,298
19057,0,5,52,90,118
19060,0,6,153,339,501
19061,45,71,166,232,267
19063,0,51,401,714,970
19064,0,20,306,586,710
19066,4,5,94,188,264
19067,0,65,633,1279,1809
19070,0,32,80,120,150
19072,0,0,112,230,339
19073,0,9,288,517,705
19074,12,27,44,63,83
19075,13,15,83,157,201
19076,0,25,57,102,118
19078,0,31,86,122,156
19079,0,25,58,87,109
19081,2,31,97,178,245
19082,0,37,107,171,240
19083,10,29,362,772,1105
19085,0,1,131,299,444
19086,2,15,90,238,343
19087,12,18,353,682,999
19090,23,90,231,349,433
19094,0,2,15,30,38
19095,15,41,91,140,185
19096,0,13,158,341,497
19102,0,2,15,29,40
19103,21,31,104,144,200
19104,0,125,281,480,683
19106,2,4,43,93,149
19107,0,11,47,78,101
19108,0,0,0,0,0
19111,44,142,262,383,525
19114,0,6,127,197,287
19115,0,94,249,351,514
19116,6,58,169,285,363
19118,8,22,90,177,255
19119,0,34,87,231,337
19120,0,55,189,329,365
19121,0,125,304,465,590
19122,0,64,165,255,342
19123,19,41,123,186,285
19124,69,176,329,421,505
19125,0,54,148,310,418
19126,2,39,59,89,130
19127,0,16,82,157,212
19128,0,18,219,448,588
19129,0,18,73,136,172
19130,0,19,122,290,419
19131,110,184,257,353,395
19132,0,77,217,346,464
19133,28,92,184,259,308
19134,23,196,310,370,476
19135,68,140,232,275,328
19136,0,29,62,112,161
19137,2,35,74,109,150
19138,0,68,179,272,323
19139,78,195,302,375,453
19140,165,289,357,467,584
19141,42,113,191,215,261
19142,24,76,135,181,213
19143,28,177,333,468,532
19144,0,130,295,412,521
19145,49,104,166,289,393
19146,81,128,385,587,736
19147,20,47,387,651,841
19148,0,32,229,347,457
19149,32,64,101,170,230
19150,0,50,108,159,213
19151,0,25,116,179,246
19152,0,0,169,317,458
19153,0,73,137,198,242
19154,6,64,211,345,467
19301,0,2,66,182,280
19311,0,0,5,9,12
19312,25,31,276,552,736
19317,11,14,186,301,427
19319,0,1,3,6,7
19333,4,25,111,182,246
19335,0,2,7,13,17
19341,0,17,128,254,348
19342,19,24,166,516,753
19348,0,1,8,19,29
19350,0,0,58,119,172
19355,24,30,403,758,1096
19373,0,5,83,142,207
19380,0,47,585,983,1405
19382,0,34,699,1263,1736
19401,0,69,200,321,425
19403,0,24,340,620,887
19405,0,5,31,52,76
19406,6,42,174,319,517
19422,6,6,389,722,938
19426,0,0,528,1224,1762
19428,19,38,157,309,452
19436,1,2,4,6,8
19437,0,0,1,3,4
19438,61,393,684,1009,1516
19440,51,226,332,438,729
19444,0,8,166,284,354
19446,141,622,1046,1400,2276
19453,0,1,6,13,16
19454,0,50,299,606,827
19460,0,44,403,719,1052
19462,18,36,268,388,509
19464,0,0,1,2,3
19468,6,25,126,358,552
19473,10,26,281,491,721
19475,0,7,30,48,66
19492,0,1,4,6,8
19506,0,0,1,3,4
19508,5,13,30,44,66
19510,0,5,36,73,130
19522,14,22,55,126,184
19525,0,0,3,4,6
19533,1,11,39,59,73
19539,1,1,12,27,37
19540,6,14,39,67,98
19541,0,0,2,5,8
19547,0,0,1,3,4
19555,0,0,1,1,1
19560,9,23,44,70,91
19565,0,0,0,0,0
19601,97,182,248,321,375
19602,35,82,132,153,185
19604,19,61,94,142,208
19605,0,32,70,236,313
19606,0,172,300,429,566
19607,6,46,108,234,331
19608,4,13,122,258,332
19609,0,27,75,143,197
19610,13,30,139,282,413
19611,8,42,70,101,122
2802,0,0,0,57,112
2806,0,0,420,2618,4433
2809,0,40,375,3548,6514
2814,0,0,3,41,77
2816,0,0,204,3084,5881
2817,0,1,17,127,232
2818,0,0,420,2483,4486
2822,0,0,3,33,61
2828,0,0,65,908,1781
2830,0,0,1,7,14
2831,0,0,43,499,922
2835,0,0,22,160,283
2838,0,21,56,367,695
2852,0,3,178,1629,3072
2857,0,1,30,290,555
2860,0,0,331,4513,8600
2861,0,59,199,3746,7263
2863,0,0,71,1369,2812
2864,0,0,513,4651,9032
2865,0,10,243,2476,4632
2871,0,0,251,2057,3674
2878,0,0,166,2754,5082
2885,0,0,232,1878,3475
2886,0,23,289,3972,7458
2888,0,0,190,3060,5834
2889,0,16,237,4290,8074
2893,0,0,240,3775,7164
2895,0,24,372,4014,7964
2896,0,12,87,1195,2321
2903,0,0,88,826,1523
2904,0,0,296,3851,7075
2905,0,5,393,2876,5152
2906,0,0,295,2672,4916
2907,0,9,166,2120,4176
2908,0,0,272,4027,7642
2909,0,0,247,3568,6939
2910,0,0,128,3303,6344
2911,0,20,125,2042,3959
2914,0,0,234,3274,6220
2915,0,5,150,2305,4460
2916,0,0,99,1204,2296
2917,0,0,194,1651,3047
2919,0,0,450,4586,8795
2920,0,0,288,5169,9781
2921,0,7,284,1983,3538
29016,215,1604,2574,2619,2646
29020,74,220,2774,3044,3084
29033,201,2685,4495,4532,4545
29036,14,99,773,1036,1070
29039,7,15,207,209,211
29040,6,17,337,363,366
29044,2,3,37,40,41
29045,246,564,6609,7065,7195
29053,472,3906,6508,6594,6654
29061,93,1459,2413,2447,2455
29063,617,5092,8059,8251,8317
29072,1296,11019,18094,18409,18557
29073,683,10284,16810,16981,17049
29078,97,188,4455,4784,4813
29115,550,3996,6233,6329,6387
29118,77,1145,1812,1836,1841
29123,89,1474,2534,2551,2557
29150,316,649,8097,8606,8720
29152,1,3,27,28,29
29153,55,124,1438,1535,1549
29154,50,91,2122,2254,2277
29160,77,1058,1839,1860,1867
29161,4,11,122,130,132
29169,397,4656,7773,7876,7908
29170,287,4946,8580,8650,8693
29172,95,2113,3635,3657,3668
29201,862,3169,4877,5063,5140
29203,972,6664,10498,10670,10735
29204,409,2914,4723,4801,4845
29205,527,3924,6300,6456,6515
29206,378,2967,4757,4860,4899
29209,639,7132,11337,11546,11604
29210,320,4465,7544,7590,7605
29212,512,5236,8626,8758,8838
29223,1194,8969,14417,14849,14909
29229,653,9907,16125,16223,16337
29301,242,657,7789,9910,10041
29302,167,415,4133,5249,5357
29303,340,456,6138,7606,7676
29306,186,363,3379,4304,4388
29307,209,380,4891,6151,6297
29316,124,390,6789,8712,8836
29323,7,19,649,831,835
29329,1,2,19,24,25
29330,21,60,692,875,885
29334,48,283,3544,4690,4767
29346,0,0,65,88,88
29349,108,392,5133,6601,6709
29365,13,103,3313,4247,4282
29369,80,254,3558,4613,4703
29376,20,88,1464,1831,1857
29377,0,0,26,31,31
29385,0,73,2432,3021,3040
29388,10,22,643,844,848
29401,463,2198,2931,3071,3108
29403,646,4136,5543,5716,5745
29404,11,417,560,565,565
29405,299,5449,7187,7275,7297
29406,265,4144,5551,5613,5636
29407,785,6573,8634,8848,8919
29410,249,3086,4868,4973,4983
29412,895,8034,10980,11274,11308
29414,584,7373,9840,10022,10072
29418,316,4358,5948,6014,6063
29420,307,3025,4485,4554,4586
29429,23,255,351,360,361
29439,188,922,1245,1300,1314
29440,0,0,5,5,5
29445,741,10219,15892,16070,16118
29451,624,2163,2907,3108,3152
29455,86,636,865,887,897
29456,327,5178,7682,7736,7783
29464,1649,9908,13387,13820,13974
29466,1386,7743,10492,10899,10998
29472,0,10,16,16,16
29482,194,703,939,1009,1023
29483,745,10435,16281,16480,16546
29485,583,9656,15137,15245,15321
29486,108,217,4069,4131,4165
29492,390,3019,4581,4710,4767
29501,283,830,9256,9863,10065
29505,46,173,3525,3802,3829
29506,168,274,2324,2479,2510
29526,277,791,9663,9771,9870
29527,73,158,3123,3142,3155
29532,100,181,3435,3665,3694
29540,0,1,10,11,11
29541,4,10,235,246,249
29566,109,240,6954,7209,7274
29568,49,138,3873,4040,4056
29572,208,440,3826,3910,3994
29575,315,504,8839,8920,9001
29576,379,910,12314,12453,12592
29577,432,813,10045,10158,10261
29579,313,758,11700,12001,12061
29582,151,650,10870,11427,11531
29585,225,551,5127,5272,5336
29588,370,841,13819,14132,14232
29601,30,229,2329,2963,3024
29605,246,1047,8183,10341,10544
29607,173,672,8375,10532,10792
29609,240,815,6628,8334,8505
29611,220,563,7483,9354,9469
29615,183,617,7591,9442,9577
29617,133,369,6209,7693,7803
29621,180,676,8342,10296,10454
29624,215,381,3871,4774,4842
29625,116,291,5874,7184,7243
29626,99,208,2663,3232,3285
29627,5,12,148,181,184
29630,25,69,950,1173,1187
29631,68,228,1837,2281,2326
29640,97,519,8589,10656,10753
29642,235,587,8419,10457,10585
29644,41,100,2243,2890,2916
29650,130,835,8205,10514,10796
29651,57,594,10726,13953,14080
29657,21,95,2102,2609,2638
29662,5,115,3664,4568,4614
29665,4,9,56,64,66
29670,14,46,690,856,873
29671,28,96,1667,2104,2128
29672,29,92,944,1214,1233
29673,74,412,6472,8087,8203
29678,59,129,2296,2888,2917
29680,39,296,5929,7661,7762
29681,171,1062,12956,16691,16983
29684,6,15,632,777,782
29687,102,407,9001,11147,11249
29690,17,179,3339,4101,4151
29691,0,0,3,4,4
29693,0,0,10,12,12
29696,0,0,9,11,11
29697,0,0,1,1,1
29707,202,759,7500,9778,10061
29708,142,825,6380,8518,8829
29710,37,183,1826,2393,2442
29715,50,815,6173,8122,8298
29720,86,277,5123,6481,6560
29730,132,495,8401,10823,10977
29732,290,592,8602,11306,11573
29745,8,25,358,474,480
29801,774,5357,8409,8600,8670
29803,782,8309,13152,13341,13462
29805,1,13,22,22,22
29809,22,53,1065,1072,1079
29816,1,9,14,14,14
29821,2,31,51,52,52
29828,46,286,438,444,449
29829,132,2355,3828,3855,3870
29831,3,40,66,67,67
29834,7,90,140,142,142
29841,568,7261,11578,11767,11826
29842,51,1780,2961,2976,2976
29851,153,2249,3675,3697,3708
29860,179,2408,3804,3874,3890
29902,149,1973,2699,2749,2760
29906,162,2267,3133,3152,3165
29907,68,536,736,751,758
29909,0,1,1,1,1
29910,55,457,633,649,655
29915,16,133,181,185,187
29920,1,11,15,15,15
29926,445,3790,5199,5296,5360
29927,0,0,1,1,1
29928,447,975,5874,6170,6270
29935,13,363,501,504,505
57005,0,0,0,0,0
57049,0,0,0,0,0
57055,0,0,0,0,0
57064,0,0,0,0,1
57103,77,87,106,106,155
57104,81,88,95,102,108
57105,53,53,53,53,53
57106,45,67,90,124,135
57107,21,24,37,37,45
57108,6,13,13,19,19
57110,17,23,33,40,50
57701,195,207,241,276,276
57702,101,101,122,165,180
57703,32,44,44,44,44
57719,1,1,1,1,2
57730,26,28,30,31,32
57744,0,0,0,0,0
57745,4,5,5,6,6
57751,1,2,2,2,2
37010,0,0,0,0,0
37013,186,186,186,186,186
37014,0,0,0,0,0
37027,0,0,0,0,0
37040,0,0,0,0,0
37042,89,89,89,89,89
37043,0,0,0,0,0
37064,61,61,61,61,61
37066,0,0,0,0,0
37067,16,16,16,16,16
37069,39,39,39,39,39
37072,0,0,0,0,0
37075,0,0,0,0,0
37076,0,0,0,0,0
37080,0,0,0,0,0
37086,0,0,0,0,0
37115,0,0,0,0,0
37122,29,29,29,29,29
37127,9,9,9,9,9
37128,0,0,0,0,0
37129,0,0,0,0,0
37130,0,0,0,0,0
37135,9,9,9,9,9
37138,0,0,0,0,0
37153,0,0,0,0,0
37167,0,0,0,0,0
37189,0,0,0,0,0
37191,0,0,0,0,0
37201,0,0,0,0,0
37203,9,9,9,9,9
37204,0,0,0,0,0
37205,0,0,0,0,0
37206,0,0,0,0,0
37207,0,0,0,0,0
37208,0,0,0,0,0
37209,83,83,83,83,83
37210,0,0,0,0,0
37211,0,0,0,0,0
37212,0,0,0,0,0
37214,0,0,0,0,0
37215,0,0,0,0,0
37216,0,0,0,0,0
37217,0,0,0,0,0
37218,0,0,0,0,0
37219,0,0,0,0,0
37220,0,0,0,0,0
37221,29,29,29,29,29
37228,0,0,0,0,0
37310,0,0,0,0,0
37311,0,0,0,0,0
37312,42,42,42,42,42
37323,0,0,0,0,0
37336,0,0,0,0,0
37341,0,0,0,0,0
37343,0,0,0,0,0
37350,0,0,0,0,0
37351,0,0,0,0,0
37353,1,1,1,1,1
37354,3,3,3,3,3
37355,0,0,0,0,0
37360,0,0,0,0,0
37363,0,0,0,0,0
37377,0,0,0,0,0
37379,0,0,0,0,0
37385,0,0,0,0,0
37388,16,16,16,16,16
37402,0,0,0,0,0
37403,0,0,0,0,0
37404,0,0,0,0,0
37405,0,0,0,0,0
37406,0,0,0,0,0
37407,0,0,0,0,0
37408,0,0,0,0,0
37409,0,0,0,0,0
37410,0,0,0,0,0
37411,0,0,0,0,0
37412,45,45,45,45,45
37415,0,0,0,0,0
37416,38,38,38,38,38
37419,0,0,0,0,0
37421,0,0,0,0,0
37601,0,0,0,0,0
37604,0,0,0,0,0
37615,0,0,0,0,0
37617,0,0,0,0,0
37618,1,1,1,1,1
37642,0,0,0,0,0
37643,24,24,24,24,24
37645,0,0,0,0,0
37658,0,0,0,0,0
37659,5,5,5,5,5
37660,0,0,0,0,0
37663,0,0,0,0,0
37664,37,37,37,37,37
37665,0,0,0,0,0
37686,0,0,0,0,0
37692,0,0,0,0,0
37694,0,0,0,0,0
37701,19,19,19,19,19
37708,1,1,1,1,1
37710,1,1,1,1,1
37714,0,0,0,0,0
37716,0,0,0,0,0
37721,0,0,0,0,0
37737,3,3,3,3,3
37738,0,0,0,0,0
37742,0,0,0,0,0
37754,0,0,0,0,0
37769,0,0,0,0,0
37771,0,0,0,0,0
37772,0,0,0,0,0
37774,0,0,0,0,0
37777,0,0,0,0,0
37801,0,0,0,0,0
37803,34,34,34,34,34
37804,0,0,0,0,0
37806,0,0,0,0,0
37813,38,38,38,38,38
37814,0,0,0,0,0
37821,0,0,0,0,0
37830,0,0,0,0,0
37840,0,0,0,0,0
37846,0,0,0,0,0
37849,0,0,0,0,0
37853,8,8,8,8,8
37860,0,0,0,0,0
37861,0,0,0,0,0
37862,0,0,0,0,0
37863,0,0,0,0,0
37865,0,0,0,0,0
37871,0,0,0,0,0
37876,0,0,0,0,0
37877,0,0,0,0,0
37885,1,1,1,1,1
37886,2,2,2,2,2
37890,0,0,0,0,0
37902,1,1,1,1,1
37909,0,0,0,0,0
37912,14,14,14,14,14
37914,0,0,0,0,0
37915,12,12,12,12,12
37916,0,0,0,0,0
37917,0,0,0,0,0
37918,112,112,112,112,112
37919,0,0,0,0,0
37920,14,14,14,14,14
37921,0,0,0,0,0
37922,60,60,60,60,60
37923,0,0,0,0,0
37924,0,0,0,0,0
37931,0,0,0,0,0
37932,0,0,0,0,0
37934,0,0,0,0,0
37938,0,0,0,0,0
38002,0,0,0,0,0
38016,0,0,0,0,0
38017,8,8,8,8,8
38018,0,0,0,0,0
38028,0,0,0,0,0
38053,13,13,13,13,13
38103,0,0,0,0,0
38104,0,0,0,0,0
38105,0,0,0,0,0
38106,0,0,0,0,0
38107,0,0,0,0,0
38108,0,0,0,0,0
38109,0,0,0,0,0
38111,0,0,0,0,0
38112,0,0,0,0,0
38114,69,69,69,69,69
38115,0,0,0,0,0
38116,8,8,8,8,8
38117,0,0,0,0,0
38118,0,0,0,0,0
38119,0,0,0,0,0
38120,0,0,0,0,0
38122,0,0,0,0,0
38125,0,0,0,0,0
38126,0,0,0,0,0
38127,0,0,0,0,0
38128,0,0,0,0,0
38133,0,0,0,0,0
38134,0,0,0,0,0
38135,0,0,0,0,0
38138,0,0,0,0,0
38139,0,0,0,0,0
38141,0,0,0,0,0
38301,38,38,38,38,38
38305,0,0,0,0,0
38343,0,0,0,0,0
38355,1,1,1,1,1
38356,0,0,0,0,0
38362,0,0,0,0,0
38401,0,0,0,0,0
38501,0,0,0,0,0
38506,13,13,13,13,13
75001,18,125,2074,2171,2195
75002,170,2080,19551,20803,21228
75006,75,524,10047,10528,10667
75007,71,1294,13143,13897,14196
75010,42,431,5676,5985,6058
75013,80,1903,10088,10925,11441
75019,94,1625,9290,10024,10485
75020,63,297,7448,7729,7792
75021,3,37,1395,1463,1470
75022,0,1192,5699,6358,6665
75023,174,1160,13524,14234,14495
75024,62,1028,7943,8532,8769
75025,0,1920,13239,14068,14548
75028,0,1577,11826,12720,13166
75032,0,2,12,13,14
75033,0,6,33,36,38
75034,388,3246,25191,26883,27771
75035,92,2663,16383,17751,18491
75038,24,183,3188,3347,3388
75039,8,165,1846,1973,2011
75040,71,624,16983,17625,17839
75041,15,276,7318,7602,7671
75042,26,318,8435,8788,8805
75043,99,626,15660,16319,16467
75044,24,623,11509,12010,12206
75048,56,1029,7137,7788,8045
75050,89,186,7838,8081,8113
75051,24,282,7627,7989,8022
75052,96,1077,22777,23734,23973
75054,0,461,3103,3313,3443
75056,168,1601,13842,14924,15244
75057,15,103,2421,2489,2514
75060,113,405,8952,9319,9404
75061,25,230,7826,8155,8205
75062,18,233,8533,8873,8954
75063,58,726,6566,7067,7263
75065,26,284,3417,3570,3647
75067,130,522,11351,11742,11861
75068,38,702,7013,7360,7541
75069,67,253,2582,2707,2776
75070,256,1715,18397,19205,19718
75074,119,900,12309,12997,13195
75075,76,836,10046,10665,10838
75076,0,32,716,745,752
75077,33,1057,9975,10695,10913
75080,237,1152,9812,10523,10749
75081,160,700,9224,9834,9974
75082,26,733,5822,6296,6459
75087,0,35,297,327,335
75088,0,511,8660,9152,9254
75089,0,636,9641,10246,10392
75090,197,374,6206,6468,6547
75092,60,267,6366,6627,6680
75093,108,1772,11955,13159,13510
75094,14,746,6178,6752,6918
75098,35,1330,16311,17133,17483
75104,217,1099,14533,15183,15462
75115,25,642,11673,12179,12327
75116,66,199,4892,5066,5086
75125,0,1,14,15,15
75134,0,140,5878,6061,6098
75137,31,306,5965,6171,6234
75141,1,56,1119,1167,1179
75146,89,303,4937,5167,5214
75149,133,483,15852,16586,16669
75150,192,530,14145,14616,14705
75159,9,25,636,661,666
75172,10,27,836,869,872
75180,0,73,5887,6051,6081
75181,51,249,6084,6314,6390
75182,0,337,1987,2205,2292
75201,2,50,502,541,555
75202,0,9,110,117,119
75203,58,117,2391,2510,2530
75204,49,225,2040,2184,2225
75205,66,1005,3964,4450,4705
75206,81,455,4372,4698,4784
75207,22,89,1015,1076,1093
75208,0,407,5321,5693,5797
75209,3,450,2872,3080,3209
75210,35,77,1216,1261,1273
75211,182,570,10749,11262,11342
75212,141,445,4848,5136,5204
75214,69,1173,6770,7410,7696
75215,108,300,3002,3201,3243
75216,450,998,11418,11917,12124
75217,196,857,16789,17772,17790
75218,35,777,6282,6807,6982
75219,21,177,1713,1812,1860
75220,76,332,5072,5361,5448
75223,44,193,2277,2409,2441
75224,186,303,5788,6091,6165
75225,70,1056,4159,4712,4981
75226,6,30,687,713,721
75227,286,634,11876,12286,12386
75228,371,799,13477,14118,14232
75229,55,1104,8120,8859,9106
75230,25,954,5564,6082,6322
75231,37,161,3178,3309,3349
75232,188,451,7822,8060,8150
75233,0,71,2981,3086,3111
75234,21,308,6453,6747,6823
75235,83,168,2303,2407,2427
75236,61,168,2900,3031,3041
75237,74,185,2404,2503,2526
75238,27,631,6145,6548,6709
75240,55,189,2443,2580,2624
75241,348,677,8580,8992,9101
75243,82,522,7705,8048,8146
75244,14,356,3105,3345,3434
75246,16,29,263,280,285
75247,59,101,934,1009,1021
75248,97,1015,7955,8573,8811
75249,19,99,4543,4665,4689
75251,1,4,145,152,153
75252,80,540,5210,5612,5738
75253,93,254,4980,5120,5182
75254,17,112,2306,2409,2433
75287,242,620,7218,7415,7551
75459,1,27,679,711,717
75501,168,714,5967,10263,10400
75503,0,338,4199,7187,7319
75569,1,2,609,1090,1091
75601,26,195,3072,5082,5107
75602,80,265,3567,6025,6130
75603,5,61,727,1174,1188
75604,38,248,5442,9471,9518
75605,0,421,4899,8240,8392
75640,0,10,213,341,345
75644,13,55,1172,1857,1875
75645,7,27,300,483,492
75647,26,94,1235,1959,2001
75650,16,67,952,1582,1598
75652,0,3,33,54,55
75662,0,170,3295,5604,5661
75684,0,0,3,5,5
75693,27,184,1448,2361,2407
75701,220,814,9490,10799,10920
75702,185,389,8307,9177,9214
75703,175,789,9633,10762,10937
75704,7,62,1689,1848,1866
75705,4,17,130,204,208
75706,0,47,956,1508,1524
75707,10,125,3107,3437,3475
75708,18,26,1205,2002,2012
75709,9,40,1368,1521,1533
75751,156,330,4108,4636,4688
75752,6,17,288,314,318
75755,0,0,1,1,1
75757,0,3,32,36,37
75758,1,37,821,910,916
75762,0,136,1991,2265,2302
75771,0,81,1252,1983,2011
75789,0,0,4,6,6
75791,19,143,2325,2613,2640
75792,4,9,84,131,132
75901,56,320,4801,6169,6263
75904,20,158,4883,6533,6579
75941,15,48,770,996,1008
75949,6,20,393,517,520
75961,46,158,1397,2486,2532
75964,53,132,2155,2514,2544
75965,2,111,1251,2202,2247
75969,0,1,38,50,50
76001,8,541,7370,7691,7809
76002,50,545,9673,9956,10077
76005,1,33,142,161,168
76006,9,98,3059,3135,3160
76008,0,1,8,9,9
76010,128,449,7776,7912,7976
76011,24,115,3397,3456,3481
76012,89,464,6044,6228,6330
76013,114,454,6040,6204,6286
76014,43,213,6928,7027,7070
76015,37,140,3194,3277,3321
76016,39,568,9350,9703,9801
76017,127,773,9979,10476,10572
76018,54,202,7567,7722,7777
76021,0,440,7923,8189,8288
76022,30,63,2897,2965,2977
76034,0,1544,6081,6845,7199
76036,2,30,532,551,558
76039,41,366,6676,6842,6911
76040,66,245,5774,5941,5977
76051,106,1007,9817,10358,10581
76052,8,657,6989,7428,7556
76053,117,295,6579,6798,6846
76054,28,270,3828,3974,4022
76060,35,244,2754,2898,2936
76063,86,1656,16115,16805,17254
76071,3,14,153,159,162
76078,0,1,13,13,13
76092,16,2331,6644,7549,8152
76102,30,135,1207,1274,1304
76103,67,188,4023,4135,4156
76104,189,383,5796,6021,6070
76105,100,274,5954,6191,6229
76106,249,412,9256,9496,9563
76107,150,997,9276,9735,9964
76108,77,531,9257,9547,9643
76109,202,992,5840,6297,6518
76110,229,758,9437,9836,9966
76111,6,126,6174,6249,6274
76112,102,498,9809,10042,10134
76114,139,404,6671,6893,6942
76115,230,393,5072,5171,5224
76116,113,815,10773,11180,11305
76117,122,305,8471,8654,8715
76118,41,298,4880,5039,5121
76119,264,459,11102,11378,11447
76120,16,191,3745,3846,3893
76123,71,528,9785,10048,10170
76126,20,487,6217,6571,6665
76127,0,0,294,294,294
76131,46,506,11115,11414,11494
76132,92,340,5088,5299,5385
76133,219,719,14963,15463,15635
76134,94,304,7533,7720,7775
76135,34,273,4620,4814,4858
76137,127,747,15265,15726,15853
76140,31,209,7540,7726,7749
76148,0,400,8576,8807,8878
76155,1,4,379,383,384
76164,113,167,4802,4891,4925
76177,30,188,3203,3296,3350
76179,153,915,18153,18877,19087
76180,63,426,8721,8957,9057
76182,21,945,9885,10406,10618
76205,7,46,664,696,704
76208,36,314,2989,3151,3229
76210,107,895,11071,11715,11918
76226,0,1019,5224,5809,6026
76240,0,279,5666,5868,5933
76244,89,1838,20791,21721,22142
76248,94,2328,11693,12945,13443
76262,112,1599,10029,10823,11181
76301,118,390,7078,7240,7314
76302,97,277,4488,4571,4608
76305,25,70,2189,2236,2243
76306,33,301,6333,6503,6535
76308,93,444,6863,7106,7156
76309,106,291,5479,5529,5585
76310,0,346,5990,6113,6163
76311,0,0,708,709,709
76354,0,0,8,8,8
76367,6,16,318,323,326
76401,18,47,544,558,564
76501,54,167,3967,4126,4155
76502,13,501,12030,12456,12506
76504,170,409,6507,6739,6794
76513,119,922,10089,10642,10837
76522,45,186,6271,6354,6406
76539,0,71,2084,2142,2157
76541,204,403,6127,6293,6395
76542,123,589,13214,13597,13679
76543,165,409,9382,9674,9703
76544,0,122,3400,3467,3495
76548,71,336,8507,8763,8834
76549,131,582,14182,14430,14546
76559,34,89,1643,1692,1706
76574,0,0,8,9,9
76579,17,54,885,924,933
76630,1,3,116,122,123
76633,0,22,301,323,327
76640,30,87,993,1029,1039
76643,21,183,5127,5326,5369
76655,21,144,1891,2014,2049
76657,42,158,2599,2762,2813
76691,3,93,1180,1234,1256
76701,56,146,775,846,869
76704,211,359,2448,2629,2678
76705,161,501,8956,9315,9409
76706,428,1239,10008,10633,10907
76707,179,381,5077,5376,5414
76708,99,371,8514,8957,9038
76710,0,414,7695,8028,8109
76711,19,55,3142,3227,3233
76712,75,688,8748,9248,9418
76901,125,451,9354,9498,9565
76903,342,658,12897,13068,13147
76904,55,603,10674,10882,10948
76905,71,140,3180,3229,3248
77002,23,80,649,789,813
77003,7,321,2702,3341,3416
77004,285,983,6292,7671,7854
77005,0,1564,5713,7153,7710
77006,51,543,3990,4938,5112
77007,44,1493,8283,10484,11026
77008,145,1760,10103,12481,13112
77009,180,1260,10300,12473,12833
77010,0,5,18,22,24
77011,100,332,4448,5186,5239
77012,59,172,3786,4482,4518
77013,23,109,3151,3722,3748
77014,123,342,5237,6352,6430
77015,74,339,12124,14617,14706
77016,204,482,7743,9142,9216
77017,23,202,6353,7695,7749
77018,55,977,7073,8898,9203
77019,5,645,4030,4950,5195
77020,120,489,6467,7878,7974
77021,241,824,6759,8074,8257
77022,127,428,6636,7841,7888
77023,293,550,6001,7188,7290
77024,74,1242,6136,7762,8163
77025,99,728,5218,6396,6574
77026,168,600,7332,8726,8761
77027,30,302,2306,2851,2951
77028,159,406,4720,5803,5856
77029,76,260,5226,6253,6323
77030,22,237,1743,2131,2185
77031,39,144,2911,3447,3482
77032,122,224,2895,3433,3479
77033,260,592,7412,8793,8918
77034,126,352,6903,8294,8370
77035,120,591,6461,7843,7939
77036,98,333,6742,8035,8100
77037,12,128,4805,5790,5814
77038,13,222,5284,6273,6330
77039,22,247,6218,7422,7475
77040,126,583,9312,11246,11429
77041,0,987,9861,12136,12486
77042,143,406,4561,5361,5471
77043,20,390,5202,6391,6482
77044,226,770,8167,10045,10229
77045,77,561,7753,9512,9667
77046,1,6,53,66,68
77047,108,412,8047,9626,9773
77048,135,450,4592,5487,5600
77049,0,163,7778,9514,9553
77050,15,34,1002,1252,1260
77051,95,279,4085,4902,4962
77053,119,357,7553,9054,9128
77054,60,160,1691,2038,2071
77055,96,832,7106,8490,8753
77056,28,369,2709,3363,3510
77057,0,350,4451,5433,5544
77058,50,197,3123,3801,3851
77059,0,723,4331,5495,5725
77060,153,275,5142,6048,6103
77061,73,200,4024,4818,4853
77062,33,529,6555,8092,8249
77063,83,333,4285,5091,5184
77064,74,674,9893,12026,12185
77065,66,455,6723,8120,8244
77066,77,430,6979,8476,8605
77067,31,289,5071,6179,6273
77068,3,130,2100,2575,2603
77069,0,246,3102,3822,3904
77070,0,448,8277,10049,10181
77071,0,318,5615,6643,6738
77072,12,584,9537,11524,11641
77073,109,360,8979,10790,10866
77074,86,238,5442,6552,6599
77075,105,380,7814,9411,9496
77076,162,416,6355,7627,7666
77077,12,855,9653,11759,12036
77078,95,292,3098,3700,3764
77079,0,746,5376,6573,6826
77080,72,442,6530,7881,8018
77081,0,109,2567,3074,3099
77082,53,706,8740,10527,10655
77083,245,943,15541,18615,18841
77084,269,1048,21877,26661,26903
77085,0,188,3938,4764,4803
77086,206,518,5784,6991,7076
77087,145,542,7915,9541,9637
77088,337,759,11615,13879,13992
77089,0,639,11446,14002,14173
77090,41,207,4283,5101,5174
77091,147,429,4919,6005,6103
77092,123,484,6178,7552,7637
77093,210,771,11495,13766,13976
77094,12,481,2311,2970,3120
77095,138,1005,15620,19421,19736
77096,126,764,6604,8122,8366
77098,0,293,2449,3057,3148
77099,133,462,7231,8787,8841
77301,103,318,6024,8493,8596
77302,56,556,4313,5975,6160
77303,16,121,2620,3859,3906
77304,72,415,4891,7018,7147
77306,0,52,2025,2853,2870
77316,0,445,2841,4021,4189
77318,0,202,3158,4386,4471
77327,50,230,2620,3778,3824
77328,0,123,2981,4211,4245
77336,82,416,3020,4174,4264
77338,22,382,7587,10748,10857
77339,8,385,5718,8193,8318
77345,21,876,5270,6808,7107
77346,137,1281,13339,16636,17046
77354,70,951,8139,11334,11733
77355,23,429,3881,5541,5713
77356,39,780,5475,7495,7768
77357,33,237,4574,6479,6571
77358,0,7,85,120,123
77362,0,125,1117,1615,1663
77363,0,1,12,17,17
77365,56,704,6364,8957,9244
77372,22,146,3030,4372,4412
77373,0,553,13035,18253,18419
77375,0,1106,10527,14999,15353
77377,21,856,7414,10346,10667
77378,22,139,1897,2688,2718
77379,145,1759,16078,20031,20610
77380,50,308,3518,4947,5048
77381,0,1082,5766,8091,8500
77382,94,1594,6963,9784,10424
77384,5,303,3757,5157,5322
77385,0,362,5572,7904,8041
77386,48,1439,10741,15441,15952
77388,186,957,11257,13914,14256
77389,0,1261,7106,9752,10223
77396,157,566,9823,11908,12053
77401,0,1221,4639,5773,6267
77406,80,937,7083,8680,8903
77407,224,933,9960,12136,12422
77429,119,2102,18485,23166,23834
77433,85,2255,16483,20546,21248
77441,20,376,1896,2666,2822
77447,0,107,972,1365,1404
77449,63,823,25658,31384,31637
77450,103,1273,16285,20064,20536
77459,59,1824,15289,19176,19790
77469,30,465,7956,9698,9876
77471,116,303,4804,5776,5811
77477,133,408,7377,8768,8831
77478,18,880,7232,8747,9056
77479,27,3385,20634,25604,26813
77489,12,181,9695,12015,12088
77493,0,534,6097,8537,8712
77494,95,3921,21566,30136,31496
77498,120,962,12066,14710,15011
77502,116,339,7876,9591,9669
77503,7,272,5609,6880,6964
77504,33,147,4532,5385,5429
77505,7,301,5672,6878,6983
77506,83,265,6832,8205,8254
77507,15,60,582,723,736
77510,7,359,5845,6459,6544
77511,81,678,14673,15900,16126
77515,119,476,8033,9059,9142
77517,21,129,2733,3027,3064
77518,71,128,2031,2179,2192
77520,99,644,8907,12227,12301
77521,215,760,11760,16302,16500
77523,3,49,422,564,582
77530,93,425,8538,10218,10364
77531,33,243,4199,4625,4676
77532,64,326,4348,6270,6379
77534,0,51,512,574,595
77536,102,601,9017,11149,11342
77539,101,768,12926,14230,14462
77541,20,309,6086,6636,6690
77545,0,377,5994,7426,7539
77546,121,1706,14393,16634,17220
77547,25,71,2360,2807,2824
77550,479,929,8741,9581,9718
77551,189,455,5839,6359,6463
77554,106,757,6560,7347,7566
77562,13,252,3603,4344,4402
77563,83,329,4191,4557,4627
77564,0,0,8,11,11
77565,0,252,2603,2885,2956
77566,0,527,8167,9110,9249
77568,142,359,5593,6100,6181
77571,0,645,11488,14070,14270
77573,26,2418,22700,25170,25924
77578,19,510,5553,6302,6450
77581,49,1330,13886,15816,16173
77583,32,355,3939,4510,4612
77584,0,2059,22271,24813,25398
77586,0,515,5621,6980,7152
77587,70,224,3881,4609,4647
77590,0,368,9828,11043,11143
77591,121,322,4233,4607,4658
77598,24,174,3338,3972,4029
77611,31,244,2615,3792,3850
77619,53,264,4643,6531,6584
77625,14,74,676,1013,1034
77627,55,378,6594,9063,9210
77630,138,511,7118,9625,9821
77632,9,101,1262,1781,1799
77640,232,586,6547,9105,9244
77642,296,1071,8718,11969,12203
77651,0,356,4021,5501,5648
77656,65,220,3868,5880,5939
77657,14,308,4612,7029,7158
77662,7,308,5042,7233,7328
77701,123,382,4574,6041,6115
77702,0,39,884,1298,1313
77703,97,402,3392,4509,4573
77705,0,400,6281,8539,8670
77706,192,613,6467,8937,9156
77707,98,348,4658,6443,6541
77708,24,121,2839,3997,4029
77713,11,192,2652,3691,3762
77801,183,384,2710,3298,3369
77802,131,434,6522,8054,8185
77803,131,299,7543,9263,9338
77807,104,293,2477,3064,3136
77808,22,179,2488,3074,3137
77840,233,844,6438,7796,7981
77845,141,1747,15825,19359,20042
77901,133,578,12763,14676,14824
77904,36,453,7416,8721,8863
77905,11,39,482,574,584
77968,0,1,9,11,11
78006,1,4,30,34,35
78015,1,142,1068,1238,1277
78023,8,594,7041,7796,8021
78026,0,60,1406,1555,1571
78040,481,909,10252,10530,10669
78041,261,816,10865,11160,11285
78043,227,473,9140,9358,9415
78045,168,813,13537,13873,13985
78046,178,488,11596,11786,11905
78064,74,237,3753,4032,4077
78070,6,74,590,668,687
78073,4,25,506,552,556
78101,0,1,8,9,9
78108,0,558,11136,12518,12658
78109,56,463,12826,13892,14032
78112,0,1,18,20,20
78123,35,76,1180,1283,1297
78124,1,6,70,79,81
78130,161,1150,20979,22681,22980
78132,8,300,2252,2590,2670
78133,115,574,7852,8673,8814
78148,78,299,5909,6430,6508
78152,1,6,66,72,74
78154,106,713,11627,12974,13172
78155,141,521,9675,10705,10846
78201,337,761,11269,12305,12468
78202,104,360,3695,4055,4125
78203,121,225,1952,2117,2147
78204,85,270,3437,3776,3838
78205,0,27,534,608,617
78207,427,1086,11678,12661,12868
78208,58,137,1179,1320,1341
78209,73,1159,10505,11847,12225
78210,154,746,10707,11678,11820
78211,249,445,8165,8779,8886
78212,215,840,8248,9106,9311
78213,54,413,9880,10739,10836
78214,149,362,6487,7026,7054
78215,15,69,631,706,717
78216,177,614,9413,10276,10359
78217,92,342,8604,9168,9233
78218,168,574,8949,9680,9829
78219,0,158,5009,5384,5433
78220,169,434,5465,5947,6001
78221,151,241,9064,9999,10049
78222,22,353,6447,7116,7173
78223,394,1121,13768,14949,15101
78224,41,127,4746,5072,5082
78225,0,201,3637,3894,3945
78226,33,51,1748,1954,1966
78227,168,452,11833,12815,12840
78228,399,972,15854,17139,17278
78229,54,234,3478,3770,3820
78230,55,674,9854,10837,11014
78231,13,183,2839,3095,3161
78232,101,638,9857,11022,11179
78233,123,506,14134,15177,15284
78234,8,54,1076,1156,1172
78235,9,15,195,211,214
78236,7,50,820,881,894
78237,53,494,9562,10414,10477
78238,129,294,6595,7097,7140
78239,126,557,9486,10401,10496
78240,138,591,11355,12374,12537
78242,147,416,7535,8058,8140
78244,51,264,9392,10073,10164
78245,165,638,18718,20448,20571
78247,53,755,15783,17293,17556
78248,19,461,4056,4531,4662
78249,208,979,13317,14593,14845
78250,108,808,16259,17784,17928
78251,0,422,13046,14471,14559
78252,5,60,2479,2705,2721
78253,0,735,10786,12049,12257
78254,16,775,14549,16265,16480
78255,6,398,2620,3085,3210
78256,38,232,1875,2034,2106
78257,37,217,2190,2409,2451
78258,66,1299,11260,12730,13137
78259,41,547,7149,8145,8286
78260,0,921,8237,9186,9499
78261,38,577,5548,6234,6394
78263,1,14,164,183,187
78264,0,0,3,3,3
78266,37,348,2212,2529,2629
78336,184,389,4703,4897,4982
78358,2,6,90,94,95
78359,7,19,713,730,732
78362,0,50,1389,1462,1473
78370,22,65,888,943,951
78373,0,188,3325,3440,3492
78374,81,404,5005,5269,5382
78380,64,408,5336,5720,5813
78382,146,561,9628,10283,10376
78387,100,303,2694,2867,2917
78390,59,173,2046,2149,2184
78401,45,105,1314,1397,1411
78402,1,4,142,147,147
78404,63,378,5353,5639,5720
78405,65,200,5123,5349,5382
78406,0,0,215,218,218
78407,25,62,1302,1358,1372
78408,39,104,4161,4322,4339
78409,22,53,1242,1278,1286
78410,52,505,8214,8588,8684
78411,181,579,8489,8896,9032
78412,170,379,5234,5393,5475
78413,3,15,297,307,309
78415,312,803,11227,11778,11946
78416,148,261,4660,4857,4911
78417,3,32,1426,1457,1466
78501,201,1134,16992,18017,18218
78503,0,437,5788,6125,6218
78504,16,824,15692,16285,16450
78516,199,607,8448,8946,9010
78520,225,808,11347,13028,13174
78521,289,989,17458,20322,20590
78526,31,425,8894,10233,10347
78539,85,732,9825,10472,10610
78541,120,338,5064,5364,5435
78542,55,377,8669,9110,9184
78572,521,1368,15199,16062,16225
78573,242,494,9851,10386,10470
78574,127,335,6250,6605,6679
78577,483,1122,14421,15309,15465
78589,168,305,9993,10477,10519
78596,0,1,10,11,11
78602,27,127,1708,1916,1951
78610,20,368,4506,4991,5099
78613,117,1940,21060,22696,23304
78617,7,32,708,748,754
78623,3,14,140,157,160
78626,0,3,50,53,54
78628,0,68,676,737,757
78634,0,205,4376,4599,4650
78641,38,1268,11359,12309,12652
78652,39,181,1601,1729,1770
78653,0,7,156,166,168
78655,0,0,8,9,9
78660,157,1548,23713,25890,26179
78664,179,893,15086,15963,16207
78665,0,977,11487,12426,12668
78666,324,899,10889,11752,11956
78681,50,1623,14826,16282,16751
78701,16,165,949,1076,1117
78702,98,566,5108,5628,5760
78703,11,823,4613,5197,5409
78704,95,915,8537,9252,9528
78705,186,446,1978,2159,2234
78717,37,803,6416,7145,7366
78719,0,20,686,731,736
78721,58,256,2713,2966,3033
78722,26,181,1521,1657,1703
78723,29,569,6430,7063,7193
78724,16,67,1158,1230,1243
78725,2,15,380,407,412
78726,26,318,2588,2827,2914
78727,0,492,6845,7292,7449
78728,30,289,4631,4910,4985
78729,29,432,6771,7210,7313
78730,16,382,2312,2604,2702
78731,74,917,6426,7136,7373
78732,0,2,8,10,10
78733,0,596,2666,3077,3242
78735,9,546,4120,4576,4703
78736,8,168,1771,1955,2001
78737,0,162,820,921,967
78738,1,21,102,116,123
78739,22,1165,4514,5315,5584
78741,148,401,5026,5372,5471
78742,4,9,254,262,263
78744,117,430,9151,9668,9776
78745,143,778,14757,15694,15901
78746,46,1761,7676,8834,9279
78747,6,243,5377,5724,5776
78748,29,1110,13452,14358,14621
78749,54,1168,9497,10462,10698
78750,32,839,7094,7820,8070
78751,33,218,2534,2702,2754
78752,88,207,2873,3083,3137
78753,124,488,8842,9473,9521
78754,11,241,5038,5427,5460
78756,15,239,1956,2127,2189
78757,48,573,6239,6723,6895
78758,300,679,8047,8682,8805
78759,166,1089,9372,10129,10388
79015,83,630,6114,6311,6368
79101,23,51,1357,1372,1376
79102,145,282,3359,3397,3438
79103,181,251,3765,3823,3850
79104,47,102,2701,2736,2747
79106,307,696,9964,10107,10220
79107,327,534,10678,10776,10874
79108,80,189,4893,4963,4988
79109,259,868,14913,15096,15218
79110,73,219,7988,8060,8101
79111,7,15,335,337,338
79118,210,446,8547,8678,8739
79119,146,533,4804,4970,5035
79121,27,160,2417,2469,2492
79124,74,368,2928,3055,3089
79363,13,40,493,505,511
79364,0,0,12,12,12
79382,0,3,40,41,41
79401,195,311,1734,1789,1837
79403,150,378,4434,4497,4552
79404,174,425,4448,4498,4562
79407,159,433,5137,5227,5269
79410,107,294,3595,3647,3684
79411,94,203,2464,2512,2540
79412,91,186,4720,4749,4768
79413,232,616,7773,7949,8005
79414,162,261,5168,5194,5235
79415,191,362,4652,4704,4756
79416,279,726,9571,9820,9929
79423,310,1066,13026,13350,13498
79424,323,1545,16304,16864,17017
79504,12,47,936,951,959
79508,1,9,558,562,564
79510,22,83,2140,2164,2177
79525,0,1,17,17,17
79536,8,61,1241,1259,1272
79562,3,28,472,480,483
79563,3,10,563,569,569
79601,241,645,7566,7667,7752
79602,151,635,9784,9976,10067
79603,157,424,9034,9098,9200
79605,168,415,10954,11133,11212
79606,150,409,8168,8285,8344
79607,4,19,621,626,628
79701,412,1131,11394,11618,11748
79703,68,533,7334,7454,7514
79705,321,1669,12261,12723,12813
79706,144,1028,9836,10134,10237
79707,570,1791,10802,11133,11407
79758,2,20,139,144,147
79761,129,702,11439,11673,11708
79762,390,1031,13446,13836,13920
79763,356,845,9901,10074,10156
79764,376,952,8000,8217,8351
79765,89,514,5053,5179,5242
79766,55,127,1144,1184,1198
79901,276,1444,2147,2207,2227
79902,587,3542,5391,5559,5604
79903,356,3812,5852,5899,5941
79904,392,5988,9155,9305,9323
79905,561,4436,6775,6872,6920
79906,53,967,1501,1512,1516
79907,695,9384,14250,14395,14468
79908,8,550,847,849,850
79911,11,129,196,200,200
79912,1379,12808,19442,19942,19982
79915,731,7170,10916,11049,11104
79922,278,2079,3194,3293,3306
79924,664,11510,17741,17866,17956
79925,594,7412,11701,11820,11867
79927,30,430,651,659,661
79928,15,258,399,403,404
79930,363,4813,7458,7533,7564
79932,418,3619,5554,5709,5732
79934,145,1534,2378,2414,2421
79935,205,3226,5034,5085,5106
79936,1183,20687,31493,31877,31941
79938,11,181,284,286,287
84003,0,7066,11180,11180,11180
84004,22,1311,2033,2039,2039
84006,0,19,36,36,36
84009,7,3139,7006,7006,7006
84010,0,7013,11641,11653,11653
84014,0,1128,1850,1850,1850
84015,0,10311,17243,17243,17243
84020,0,7001,12142,12142,12142
84025,0,3058,4997,5002,5002
84037,0,5877,9707,9746,9746
84040,0,4068,6780,6780,6780
84041,26,7795,12859,12872,12872
84042,0,1680,2612,2617,2617
84043,0,8821,13791,13805,13805
84044,0,4283,7566,7581,7581
84045,0,1,1,1,1
84047,0,4216,7531,7561,7561
84054,0,3118,5105,5115,5115
84056,0,646,1065,1065,1065
84057,0,5429,8422,8448,8448
84058,20,4235,6636,6656,6656
84062,0,4647,7225,7239,7239
84065,21,5962,10531,10541,10541
84067,0,7250,11682,11694,11694
84070,0,4338,7633,7656,7656
84075,0,4068,6780,6780,6780
84081,22,6138,10921,10921,10921
84084,20,5393,9901,9921,9921
84087,0,2469,4030,4034,4034
84088,29,5328,9565,9565,9565
84092,0,5008,8617,8625,8625
84093,7,4145,7381,7381,7381
84094,0,4510,8344,8352,8352
84095,0,5426,9534,9553,9553
84096,0,5598,9995,10005,10005
84097,17,3677,5605,5611,5611
84101,5,643,1142,1148,1148
84102,0,1611,2901,2916,2916
84103,0,2854,5016,5016,5016
84104,0,3416,6274,6286,6286
84105,0,3695,6735,6742,6742
84106,48,5570,9605,9653,9653
84107,0,4669,8291,8308,8308
84108,28,3198,5634,5657,5657
84109,0,4011,6939,6946,6946
84111,0,939,1688,1693,1693
84112,0,63,106,108,108
84115,0,3872,7042,7078,7078
84116,0,4269,7618,7656,7656
84117,0,3846,6629,6649,6649
84118,0,10011,18557,18557,18557
84119,0,6369,11391,11437,11437
84120,0,7027,12777,12777,12777
84121,0,6796,11705,11729,11729
84123,0,4986,9223,9242,9242
84124,0,3253,5634,5657,5657
84128,0,4108,7594,7594,7594
84129,0,406,720,721,721
84315,0,490,796,796,796
84318,0,396,891,892,892
84321,19,3897,9462,9510,9510
84326,0,52,120,120,120
84332,0,989,2338,2338,2338
84335,0,946,2240,2242,2242
84339,0,2,4,4,4
84340,2,258,459,459,459
84341,0,1672,4072,4092,4092
84401,0,5977,9590,9619,9619
84403,40,6042,9839,9888,9888
84404,0,9656,15840,15872,15872
84405,0,5444,9126,9144,9144
84414,0,4898,7816,7816,7816
84532,27,3224,3394,3404,3404
84535,0,4,4,4,4
84536,2,42,46,47,47
84601,0,4270,6677,6697,6697
84604,0,3533,5396,5418,5418
84606,0,2732,4050,4066,4066
84660,0,4315,6581,6581,6581
84663,6,3999,6210,6229,6229
84664,0,618,977,978,978
84720,0,1,1,1,1
84737,2,398,411,411,411
84738,13,2401,2507,2507,2507
84757,0,8,8,8,8
84758,0,24,25,25,25
84763,0,6,6,6,6
84764,0,118,127,127,127
84765,0,2023,2092,2092,2092
84767,0,68,70,70,70
84770,25,12007,12316,12340,12340
84775,0,16,17,17,17
84776,0,192,201,201,201
84779,0,4,4,4,4
84780,0,3360,3507,3507,3507
84790,65,12527,12968,12981,12981
20120,32,119,506,893,1162
20121,11,16,46,167,262
20124,0,1,79,153,210
20147,1,2,8,14,18
20148,0,5,128,265,337
20151,11,76,254,491,691
20152,3,10,182,396,565
20164,56,60,161,269,358
20166,11,16,71,113,160
20170,8,8,345,803,1100
20171,27,200,637,1000,1346
20190,17,38,77,113,148
20191,3,13,120,253,342
20194,2,39,150,255,348
22003,11,22,113,284,441
22015,35,47,342,560,842
22027,0,11,70,116,156
22030,0,0,281,651,941
22031,0,25,230,435,531
22032,12,19,221,431,609
22033,6,141,353,584,725
22039,0,2,15,27,35
22042,0,1,26,50,75
22043,9,45,113,156,208
22046,0,1,2,4,5
22066,0,0,196,428,595
22101,0,0,1,1,2
22102,7,17,138,251,369
22124,0,48,210,393,529
22150,0,0,2,3,4
22151,0,0,37,86,137
22152,0,0,168,321,423
22153,4,27,88,153,191
22180,18,22,238,511,718
22181,2,47,232,362,492
22182,32,108,547,961,1356
22201,1,1,4,7,9
22202,1,1,3,4,5
22209,0,0,12,24,34
22314,0,0,0,1,1
22601,139,162,239,324,416
22602,25,34,133,217,281
22603,23,26,45,79,111
22620,0,0,0,0,0
22624,1,1,1,3,4
22630,0,0,0,0,0
22655,0,9,48,127,193
22656,4,6,13,21,29
22663,1,2,11,19,30
22801,66,108,241,382,531
22802,92,129,189,232,270
22812,0,5,16,32,47
22821,1,4,7,12,15
22827,0,0,0,0,0
22831,0,0,0,0,0
22832,0,0,0,1,2
22841,5,7,13,16,19
22846,0,1,5,10,13
22901,31,146,287,397,531
22902,0,34,93,212,288
22903,105,165,280,350,454
22911,0,13,93,170,231
22936,2,5,22,38,53
22939,2,7,9,11,17
22940,0,0,0,0,0
22947,0,0,1,2,2
22952,2,2,4,4,6
22980,0,62,138,249,346
23005,31,78,128,206,273
23030,0,0,0,1,1
23059,0,66,586,955,1381
23060,29,96,318,482,722
23069,1,2,5,6,9
23075,25,28,43,62,99
23103,5,5,16,36,55
23111,0,0,102,345,508
23112,41,57,211,423,593
23113,0,88,350,560,754
23114,0,22,131,237,302
23116,0,7,166,387,587
23120,0,0,44,90,133
23146,0,0,4,8,11
23150,13,19,54,67,81
23219,20,34,49,62,70
23220,198,294,455,683,786
23221,12,16,106,217,311
23222,98,161,217,308,365
23223,79,171,289,460,591
23224,250,305,352,383,407
23225,60,113,146,266,346
23226,8,8,157,318,475
23227,38,102,210,302,334
23228,132,149,264,330,355
23229,17,44,245,367,484
23230,37,44,78,107,136
23231,161,279,396,546,600
23233,0,86,230,380,540
23234,95,190,266,342,361
23235,15,49,118,197,265
23236,14,29,95,209,252
23237,32,45,64,122,173
23238,0,24,140,246,348
23294,36,59,95,128,151
23314,0,0,0,0,0
23320,285,315,570,840,1020
23321,40,128,267,415,603
23322,170,402,820,1207,1501
23323,0,68,170,430,611
23324,43,74,142,259,339
23325,24,34,53,101,159
23432,0,0,0,0,1
23433,0,3,29,50,70
23434,109,287,465,588,711
23435,70,96,261,401,619
23436,1,2,17,30,39
23451,92,296,552,797,1022
23452,194,333,610,818,929
23453,82,154,256,471,646
23454,0,235,521,672,924
23455,27,96,260,602,917
23456,121,156,795,1193,1608
23457,0,1,2,2,3
23462,182,447,547,729,828
23464,0,22,237,582,862
23502,64,94,135,187,228
23503,138,159,242,304,373
23504,79,143,236,290,374
23505,0,81,173,254,308
23507,46,65,101,144,178
23508,73,92,206,271,321
23509,40,77,143,191,231
23510,13,28,37,46,52
23511,1,6,8,12,16
23513,108,137,151,209,245
23517,5,7,19,31,38
23518,70,78,148,280,365
23523,95,125,140,175,212
23601,45,164,298,379,439
23602,18,83,212,277,415
23603,0,0,1,1,2
23604,5,9,18,25,30
23605,57,76,117,151,170
23606,74,114,158,228,292
23607,282,372,434,468,523
23608,17,70,114,166,227
23651,2,6,10,14,17
23661,76,91,131,197,242
23662,42,58,154,208,320
23663,35,69,87,139,186
23664,0,4,64,94,128
23665,1,4,7,7,13
23666,113,156,326,382,524
23669,105,328,468,597,714
23692,8,40,158,273,328
23693,0,12,224,361,541
23696,4,7,21,33,46
23701,117,172,227,258,352
23702,36,66,87,111,135
23703,107,121,188,275,342
23704,199,252,322,381,445
23707,108,154,250,300,350
23801,9,11,14,15,22
23803,246,383,657,793,1053
23805,0,0,68,139,169
23831,74,120,296,361,462
23832,109,218,296,389,498
23834,70,122,270,375,454
23836,0,16,83,145,208
23838,0,48,116,197,254
23842,1,1,5,6,8
23860,161,263,339,432,551
23875,3,9,37,78,97
23885,0,1,2,4,5
24011,2,4,8,13,18
24012,161,272,343,424,565
24013,39,80,100,139,160
24014,16,63,136,251,387
24015,0,24,92,150,232
24016,51,89,125,140,176
24017,45,90,165,194,284
24018,43,54,215,473,763
24019,0,21,113,226,308
24060,80,328,562,774,934
24073,26,94,240,300,429
24077,0,1,10,20,28
24101,0,0,1,2,3
24149,0,0,0,0,0
24153,34,148,397,545,693
24175,1,2,9,14,18
24179,0,30,51,116,167
24251,14,24,36,47,55
24258,1,1,1,2,2
24290,11,19,24,33,40
24366,0,0,0,0,0
24401,0,58,133,242,325
24431,1,1,3,3,4
24437,0,0,0,0,1
24440,0,0,1,1,1
24441,0,4,8,11,15
24467,3,5,11,15,24
24471,0,0,0,0,0
24477,2,4,18,39,59
24482,3,3,3,3,6
24486,0,5,10,13,18
24501,207,279,350,422,449
24502,130,225,285,415,498
24503,16,44,88,160,192
24504,79,103,123,155,182
24527,0,0,0,0,0
24538,1,2,3,4,5
24540,99,134,254,289,360
24541,55,116,185,294,383
24550,1,2,3,4,6
24551,8,16,94,142,187
24572,23,40,57,65,73
24586,2,2,3,4,6
24588,10,12,16,21,27
24605,16,35,64,95,124
24613,0,0,0,0,1
24635,5,9,13,16,18
5401,340,5080,5226,5226,5226
5403,337,4066,4222,4222,4222
5404,87,1512,1551,1551,1551
5408,117,2114,2173,2173,2173
5446,40,869,887,887,887
5452,184,3396,3486,3486,3486
5482,2,18,19,19,19
5495,135,1761,1821,1821,1821
98001,23,23,399,615,889
98002,62,98,169,240,293
98003,78,117,284,460,567
98004,47,240,586,867,1078
98005,0,147,383,534,677
98006,73,611,1181,1813,2248
98007,11,78,209,302,392
98008,6,195,525,807,1026
98010,0,24,79,117,152
98011,29,70,293,562,761
98012,0,0,31,771,1447
98014,0,18,67,94,130
98019,7,85,174,269,327
98020,0,0,182,364,563
98021,26,344,670,1146,1464
98022,41,248,528,718,899
98023,77,295,615,795,961
98024,22,66,117,159,197
98026,0,0,31,418,806
98027,29,152,474,699,836
98028,63,92,396,706,930
98029,0,187,502,760,1005
98030,52,82,208,297,393
98031,51,327,542,757,901
98032,62,77,200,339,470
98033,28,388,867,1338,1698
98034,43,260,650,997,1247
98036,20,71,162,414,656
98037,27,68,102,285,462
98038,0,146,471,771,1072
98039,0,25,127,215,288
98040,36,402,755,1097,1379
98042,12,187,612,1062,1336
98043,0,30,56,167,304
98045,0,13,25,38,46
98047,8,36,49,71,93
98051,1,4,8,11,13
98052,25,544,1014,1571,2128
98053,12,202,564,933,1192
98055,54,136,234,310,375
98056,0,246,483,637,792
98057,0,93,132,162,204
98058,80,264,540,896,1102
98059,21,345,879,1235,1465
98065,0,226,421,632,804
98070,19,106,275,459,575
98072,0,185,491,786,1063
98074,6,281,747,1177,1553
98075,5,268,767,1153,1529
98077,0,108,262,397,523
98087,22,43,58,238,367
98092,77,336,788,994,1214
98101,0,5,14,26,33
98102,17,28,74,214,285
98103,0,0,158,756,1243
98104,1,4,12,24,34
98105,21,104,306,660,931
98106,14,183,298,414,549
98107,16,26,158,406,575
98108,0,103,361,619,891
98109,16,25,138,255,355
98110,19,97,434,752,1044
98112,27,142,442,725,987
98115,39,91,624,1275,1717
98116,0,0,149,474,785
98117,33,33,430,1080,1577
98118,46,114,617,1040,1440
98119,0,0,95,288,439
98121,2,3,12,32,47
98122,45,157,371,562,686
98125,0,23,141,438,610
98126,26,163,392,581,809
98133,50,89,238,506,735
98134,3,10,16,24,28
98136,15,20,154,410,635
98144,28,78,249,504,774
98146,31,249,452,577,662
98148,7,45,71,111,132
98155,54,186,410,665,858
98164,0,0,0,0,1
98166,46,251,443,529,674
98168,61,105,244,375,496
98177,0,13,178,514,851
98178,45,269,448,576,740
98188,41,93,168,220,272
98198,0,96,211,368,491
98199,19,32,173,635,1013
98201,0,34,77,215,335
98203,10,63,282,459,563
98204,41,74,135,196,271
98208,0,15,89,370,740
98221,0,3,6,9,12
98223,21,72,215,350,493
98225,62,261,684,884,1020
98226,26,180,275,378,447
98229,0,102,245,355,477
98232,1,1,3,5,6
98233,13,61,140,179,258
98258,28,71,169,621,904
98270,0,0,212,515,787
98271,19,32,45,174,277
98272,7,137,267,436,585
98273,0,108,152,281,339
98274,27,97,163,202,260
98275,0,0,144,387,612
98277,31,86,171,272,373
98284,9,30,60,133,189
98290,0,41,164,521,910
98294,1,5,5,25,51
98296,18,208,724,1203,1611
98310,42,72,132,211,289
98311,0,85,221,320,441
98312,39,186,303,396,474
98314,0,0,7,14,20
98315,0,2,8,10,14
98321,0,51,253,417,588
98323,0,1,2,3,4
98327,17,66,132,158,204
98332,8,74,170,247,316
98333,0,0,15,35,55
98335,0,12,102,272,378
98337,15,26,64,86,101
98338,0,75,207,322,402
98345,0,0,1,3,5
98354,7,36,76,112,132
98359,0,43,77,137,157
98360,0,55,156,225,294
98366,34,159,362,532,691
98367,13,60,173,280,406
98370,12,27,59,88,111
98371,0,140,304,460,575
98372,0,74,247,395,519
98373,21,120,254,332,409
98374,23,148,479,741,935
98375,98,125,294,374,516
98383,17,74,201,310,428
98385,0,0,1,2,3
98387,0,98,478,647,773
98388,0,25,82,105,157
98390,13,48,99,151,190
98391,61,273,744,987,1336
98402,0,0,11,29,40
98403,6,15,26,75,115
98404,0,84,105,232,379
98405,0,7,42,148,247
98406,8,23,68,265,470
98407,0,0,142,403,585
98408,0,15,44,110,249
98409,22,67,134,186,252
98418,4,15,37,71,93
98422,0,89,310,494,657
98424,0,29,91,133,162
98433,0,23,53,85,108
98439,7,10,20,25,33
98443,8,51,110,159,202
98444,34,93,169,229,271
98445,31,92,214,326,459
98446,0,14,139,228,325
98465,0,8,16,52,92
98466,0,39,62,216,324
98467,15,51,106,157,194
98498,0,88,168,265,345
98499,43,163,255,347,411
98501,40,172,464,636,821
98502,48,115,223,350,452
98503,73,126,189,346,419
98506,4,83,188,275,341
98512,0,26,142,239,368
98513,37,111,323,443,609
98516,16,35,86,165,225
98604,18,36,63,269,430
98606,0,0,46,131,187
98607,10,38,183,597,1010
98611,0,5,13,24,36
98626,0,0,16,32,116
98629,0,0,0,0,0
98632,97,121,217,338,423
98642,0,10,46,213,340
98660,11,36,50,143,212
98661,69,126,276,402,506
98662,41,155,269,434,538
98663,5,10,34,126,174
98664,13,20,128,202,262
98665,8,40,104,216,280
98671,0,11,91,268,411
98682,99,248,480,629,861
98683,0,0,76,274,397
98684,8,31,117,234,344
98685,0,39,260,540,810
98686,0,0,114,247,342
98801,134,235,392,470,538
98802,84,186,343,445,631
98828,0,0,0,0,0
98837,142,234,406,518,680
98901,62,105,206,273,312
98902,161,254,308,388,415
98903,0,47,117,175,268
98908,36,166,344,487,570
98922,0,0,0,0,0
98926,54,168,235,315,409
98937,1,3,7,8,11
98942,60,124,166,193,230
99004,10,37,53,74,92
99005,1,4,7,10,14
99016,64,128,286,402,501
99019,6,110,208,318,402
99021,8,30,63,99,124
99023,0,1,2,3,4
99025,0,15,40,55,78
99026,3,8,13,15,17
99027,0,17,37,67,84
99036,0,0,0,0,0
99037,28,71,175,236,279
99201,40,103,149,187,215
99202,108,159,216,303,385
99203,19,109,227,322,402
99204,0,7,19,31,42
99205,122,259,351,427,503
99206,67,190,280,436,537
99207,68,193,290,338,377
99208,74,368,516,751,884
99212,8,69,130,168,252
99216,80,109,167,203,217
99217,61,191,291,359,428
99218,3,62,153,185,211
99223,17,243,460,651,894
99224,24,116,184,269,343
99301,496,733,905,1207,1509
99320,2,4,7,9,11
99323,3,7,28,52,64
99336,257,433,555,664,934
99337,0,294,537,639,818
99338,40,209,398,537,661
99352,10,209,438,668,937
99353,57,201,284,375,497
99354,65,166,231,296,354
99403,32,110,266,357,442
