zip,panels_1_years_8500_incentive,panels_2_years_8500_incentive,panels_3_years_8500_incentive,panels_4_years_8500_incentive,panels_5_years_8500_incentive
99501,13,36,89,128,181
99502,0,22,167,273,367
99503,16,23,42,70,102
99504,30,76,159,181,272
99506,9,12,13,16,18
99507,0,38,195,322,442
99508,18,50,132,169,237
99515,32,59,129,215,317
99516,0,0,44,142,275
99517,0,0,55,114,166
99518,0,15,33,59,80
99701,0,0,25,67,114
99703,1,2,2,3,4
99709,44,52,72,116,200
99712,0,1,1,7,13
35004,3,3,3,3,3
35005,44,44,44,44,44
35007,300,300,300,300,300
35014,2,2,2,2,2
35020,547,547,547,547,547
35022,391,391,391,391,391
35023,164,164,164,164,164
35040,88,88,88,88,88
35043,0,0,0,0,0
35044,0,0,0,0,0
35051,0,0,0,0,0
35055,309,309,309,309,309
35057,15,15,15,15,15
35058,19,19,19,19,19
35061,7,7,7,7,7
35064,161,161,161,161,161
35068,72,72,72,72,72
35071,312,312,312,312,312
35072,0,0,0,0,0
35073,2,2,2,2,2
35077,15,15,15,15,15
35080,280,280,280,280,280
35094,101,101,101,101,101
35096,6,6,6,6,6
35111,47,47,47,47,47
35114,132,132,132,132,132
35115,38,38,38,38,38
35116,7,7,7,7,7
35117,109,109,109,109,109
35118,25,25,25,25,25
35124,580,580,580,580,580
35126,73,73,73,73,73
35127,81,81,81,81,81
35147,28,28,28,28,28
35150,185,185,185,185,185
35151,12,12,12,12,12
35160,144,144,144,144,144
35173,546,546,546,546,546
35176,3,3,3,3,3
35179,11,11,11,11,11
35184,0,0,0,0,0
35188,0,0,0,0,0
35203,47,47,47,47,47
35204,305,305,305,305,305
35205,217,217,217,217,217
35206,338,338,338,338,338
35207,313,313,313,313,313
35208,223,223,223,223,223
35209,367,367,367,367,367
35210,205,205,205,205,205
35211,582,582,582,582,582
35212,432,432,432,432,432
35213,554,554,554,554,554
35214,357,357,357,357,357
35215,608,608,608,608,608
35216,511,511,511,511,511
35217,400,400,400,400,400
35218,173,173,173,173,173
35221,112,112,112,112,112
35222,201,201,201,201,201
35223,587,587,587,587,587
35224,106,106,106,106,106
35226,938,938,938,938,938
35228,220,220,220,220,220
35233,98,98,98,98,98
35234,192,192,192,192,192
35235,263,263,263,263,263
35242,1577,1577,1577,1577,1577
35243,564,564,564,564,564
35244,668,668,668,668,668
35401,994,994,994,994,994
35404,448,448,448,448,448
35405,507,507,507,507,507
35406,413,413,413,413,413
35444,0,0,0,0,0
35452,0,0,0,0,0
35453,80,80,80,80,80
35456,25,25,25,25,25
35463,1,1,1,1,1
35473,222,222,222,222,222
35474,29,29,29,29,29
35475,87,87,87,87,87
35476,204,204,204,204,204
35490,4,4,4,4,4
35601,368,368,368,368,368
35603,300,300,300,300,300
35611,344,344,344,344,344
35613,327,327,327,327,327
35614,41,41,41,41,41
35616,1,1,1,1,1
35630,626,626,626,626,626
35633,61,61,61,61,61
35634,17,17,17,17,17
35645,8,8,8,8,8
35660,192,192,192,192,192
35661,175,175,175,175,175
35671,21,21,21,21,21
35673,19,19,19,19,19
35674,100,100,100,100,100
35741,115,115,115,115,115
35748,25,25,25,25,25
35749,643,643,643,643,643
35750,2,2,2,2,2
35754,4,4,4,4,4
35756,357,357,357,357,357
35757,333,333,333,333,333
35758,1048,1048,1048,1048,1048
35759,143,143,143,143,143
35761,84,84,84,84,84
35763,434,434,434,434,434
35773,21,21,21,21,21
35775,2,2,2,2,2
35801,777,777,777,777,777
35802,372,372,372,372,372
35803,490,490,490,490,490
35805,400,400,400,400,400
35806,382,382,382,382,382
35808,86,86,86,86,86
35810,311,311,311,311,311
35811,619,619,619,619,619
35816,295,295,295,295,295
35824,214,214,214,214,214
35901,174,174,174,174,174
35903,84,84,84,84,84
35904,91,91,91,91,91
35905,1,1,1,1,1
35906,3,3,3,3,3
35950,167,167,167,167,167
35951,47,47,47,47,47
35954,77,77,77,77,77
35956,8,8,8,8,8
35957,108,108,108,108,108
35976,80,80,80,80,80
35980,3,3,3,3,3
36020,27,27,27,27,27
36022,40,40,40,40,40
36025,27,27,27,27,27
36043,7,7,7,7,7
36054,168,168,168,168,168
36064,9,9,9,9,9
36066,313,313,313,313,313
36067,292,292,292,292,292
36079,21,21,21,21,21
36081,175,175,175,175,175
36092,75,75,75,75,75
36093,101,101,101,101,101
36104,278,278,278,278,278
36105,141,141,141,141,141
36106,251,251,251,251,251
36107,154,154,154,154,154
36108,696,696,696,696,696
36109,489,489,489,489,489
36110,197,197,197,197,197
36111,223,223,223,223,223
36112,0,0,0,0,0
36113,4,4,4,4,4
36115,1,1,1,1,1
36116,687,687,687,687,687
36117,710,710,710,710,710
36201,211,211,211,211,211
36203,150,150,150,150,150
36205,18,18,18,18,18
36206,84,84,84,84,84
36207,162,162,162,162,162
36250,0,0,0,0,0
36260,1,1,1,1,1
36265,118,118,118,118,118
36268,5,5,5,5,5
36277,6,6,6,6,6
36301,407,407,407,407,407
36303,547,547,547,547,547
36305,149,149,149,149,149
36312,0,0,0,0,0
36321,1,1,1,1,1
36322,39,39,39,39,39
36330,391,391,391,391,391
36345,73,73,73,73,73
36350,22,22,22,22,22
36351,1,1,1,1,1
36360,179,179,179,179,179
36362,32,32,32,32,32
36376,0,0,0,0,0
36509,29,29,29,29,29
36511,3,3,3,3,3
36523,13,13,13,13,13
36526,487,487,487,487,487
36527,293,293,293,293,293
36530,2,2,2,2,2
36532,896,896,896,896,896
36535,380,380,380,380,380
36541,51,51,51,51,51
36542,140,140,140,140,140
36544,87,87,87,87,87
36551,116,116,116,116,116
36555,17,17,17,17,17
36561,259,259,259,259,259
36567,129,129,129,129,129
36571,226,226,226,226,226
36572,67,67,67,67,67
36575,249,249,249,249,249
36576,52,52,52,52,52
36580,55,55,55,55,55
36582,331,331,331,331,331
36587,12,12,12,12,12
36602,51,51,51,51,51
36603,275,275,275,275,275
36604,229,229,229,229,229
36605,554,554,554,554,554
36606,262,262,262,262,262
36607,232,232,232,232,232
36608,701,701,701,701,701
36609,410,410,410,410,410
36610,345,345,345,345,345
36611,157,157,157,157,157
36612,100,100,100,100,100
36613,114,114,114,114,114
36617,167,167,167,167,167
36618,208,208,208,208,208
36619,246,246,246,246,246
36693,308,308,308,308,308
36695,810,810,810,810,810
36752,0,0,0,0,0
36801,241,241,241,241,241
36804,65,65,65,65,65
36830,638,638,638,638,638
36832,190,190,190,190,190
36856,7,7,7,7,7
36867,557,557,557,557,557
36869,418,418,418,418,418
36870,383,383,383,383,383
36875,4,4,4,4,4
36877,109,109,109,109,109
36879,1,1,1,1,1
71601,384,494,6527,6774,6822
71602,123,356,5974,6060,6109
71603,428,881,12026,12353,12516
71837,0,0,6,6,6
71854,549,1003,11375,11769,11829
71901,115,375,5707,5955,6004
71913,223,498,9547,10034,10126
71956,0,0,8,8,8
71964,1,2,116,118,118
71968,0,1,42,43,43
72002,67,234,3503,3663,3711
72007,55,89,1719,1751,1771
72011,4,21,373,383,388
72012,70,132,3351,3438,3470
72015,247,524,9511,9798,9867
72019,145,330,5347,5498,5576
72022,65,207,5297,5401,5450
72023,119,536,11569,11819,11854
72065,4,12,154,159,161
72068,0,0,15,15,15
72076,396,648,11483,11831,11987
72081,3,12,331,339,340
72082,4,6,255,262,263
72086,24,86,1435,1487,1505
72103,66,107,3035,3107,3129
72113,111,429,6510,6773,6890
72114,259,459,3706,3889,3945
72116,171,357,4975,5099,5156
72117,230,437,5283,5518,5552
72118,163,314,6048,6174,6230
72120,170,426,9005,9355,9421
72135,8,24,252,264,272
72142,29,52,727,749,756
72143,125,292,5763,5894,5942
72167,0,1,10,11,11
72176,34,107,2030,2078,2089
72201,30,71,573,595,612
72202,135,276,2699,2808,2865
72204,240,517,7153,7378,7468
72205,158,389,4967,5162,5262
72206,400,766,8165,8531,8635
72207,89,301,2287,2411,2476
72209,265,445,6183,6383,6415
72210,68,154,3388,3520,3549
72211,113,397,5021,5246,5348
72212,131,425,3234,3411,3538
72223,155,647,4920,5150,5327
72227,128,290,2218,2327,2400
72364,1,1,26,27,27
72376,0,0,2,2,2
72401,698,1266,15453,15972,16118
72404,154,393,6765,6948,7018
72411,0,1,35,36,36
72416,15,29,582,595,599
72417,0,0,62,63,63
72701,706,1258,8137,8350,8486
72703,292,930,7213,7393,7468
72704,306,669,6119,6259,6367
72712,727,2308,10044,10482,10685
72718,17,53,356,370,377
72719,115,290,2651,2697,2728
72730,32,98,1431,1445,1454
72745,40,129,2434,2461,2474
72753,0,0,1,1,1
72756,126,324,6423,6556,6615
72758,350,1112,8385,8639,8762
72762,457,1277,11316,11585,11714
72764,419,986,12081,12192,12291
72774,0,0,2,2,2
72801,194,365,5314,5463,5502
72802,30,130,2430,2470,2493
72834,29,50,1066,1086,1094
72837,0,1,15,16,16
72847,6,10,186,189,190
72858,8,19,303,311,315
72901,193,350,7002,7095,7138
72903,257,523,8073,8181,8280
72904,256,454,6209,6286,6350
72908,89,228,4847,4906,4946
72916,128,288,2300,2356,2414
72921,12,22,349,356,361
72923,28,63,1629,1646,1656
72941,2,6,113,115,116
72956,320,619,10420,10559,10633
85003,136,2133,2216,2227,2227
85004,137,1539,1620,1627,1627
85006,373,6829,7026,7047,7047
85007,239,4706,4858,4877,4877
85008,243,10376,10534,10555,10555
85009,458,13145,13482,13482,13482
85012,176,2099,2221,2228,2228
85013,287,5464,5605,5627,5627
85014,254,6493,6646,6660,6660
85015,330,8001,8216,8240,8240
85016,679,9733,10129,10149,10149
85017,324,7754,7872,7912,7912
85018,1072,11247,11854,11926,11926
85019,209,6566,6694,6727,6727
85020,408,10115,10439,10449,10449
85021,398,9010,9223,9242,9242
85022,555,14652,15027,15027,15027
85023,337,9691,9879,9889,9889
85024,309,7509,7686,7709,7709
85027,471,11767,12033,12057,12057
85028,496,7774,8115,8123,8123
85029,426,11928,12147,12184,12184
85031,159,6791,6901,6915,6915
85032,812,20240,20802,20823,20823
85033,210,12127,12299,12324,12324
85034,245,3017,3154,3166,3166
85035,96,9516,9603,9622,9622
85037,442,12713,13012,13012,13012
85040,295,9318,9461,9508,9508
85041,429,17414,17861,17897,17897
85042,404,12213,12604,12604,12604
85043,282,9783,10014,10034,10034
85044,390,12033,12562,12574,12574
85045,193,2125,2320,2320,2320
85048,705,10986,11587,11599,11599
85050,994,9979,10695,10695,10695
85051,214,11033,11259,11270,11270
85053,297,8812,9001,9010,9010
85054,97,1268,1326,1329,1329
85083,591,5957,6363,6363,6363
85085,338,3988,4163,4167,4167
85118,210,6026,6175,6175,6175
85119,271,9815,10026,10046,10046
85120,398,13950,14149,14206,14206
85132,139,3233,3303,3316,3316
85140,288,10360,10647,10658,10658
85142,919,19532,20390,20411,20411
85143,265,13007,13245,13272,13272
85201,240,10207,10384,10405,10405
85202,194,9068,9253,9272,9272
85203,359,9955,10242,10263,10263
85204,252,16458,16760,16794,16794
85205,457,16440,16914,16914,16914
85206,368,14422,14657,14716,14716
85207,743,18258,19039,19077,19077
85208,254,15590,15781,15812,15812
85209,567,15841,16165,16230,16230
85210,287,8757,8927,8963,8963
85212,291,7086,7451,7451,7451
85213,527,10947,11486,11486,11486
85215,527,8016,8359,8367,8367
85224,467,13361,13705,13732,13732
85225,568,19761,20268,20288,20288
85226,481,12113,12644,12657,12657
85233,449,12316,12803,12829,12829
85234,774,15704,16445,16478,16478
85248,992,15372,15948,16012,16012
85249,1303,14817,16104,16120,16120
85250,482,6970,7283,7298,7298
85251,592,10112,10513,10534,10534
85253,1354,7483,8361,8378,8378
85254,1314,15788,16636,16653,16653
85255,1417,16055,17247,17265,17265
85256,117,1730,1780,1794,1794
85257,504,9185,9489,9518,9518
85258,1055,9908,10531,10563,10563
85259,930,7974,8602,8602,8602
85260,821,12165,12781,12794,12794
85262,894,5686,6242,6255,6255
85266,813,6305,6870,6870,6870
85268,664,9791,10351,10393,10393
85281,628,10500,10760,10847,10847
85282,433,14506,14879,14909,14909
85283,398,11659,12021,12045,12045
85284,614,6642,7227,7234,7234
85286,527,12833,13481,13494,13494
85295,770,12747,13489,13503,13503
85296,688,13944,14632,14647,14647
85297,421,9996,10533,10533,10533
85298,833,11724,12595,12607,12607
85301,375,12656,12902,12954,12954
85302,366,10436,10716,10759,10759
85303,177,8706,8839,8848,8848
85304,314,8490,8717,8726,8726
85305,65,3190,3255,3255,3255
85306,234,7912,8073,8073,8073
85307,26,2894,2917,2917,2917
85308,942,22263,22975,22998,22998
85310,446,7238,7563,7563,7563
85323,242,11370,11555,11566,11566
85326,348,14935,15132,15147,15147
85329,7,151,153,154,154
85331,1299,13538,14447,14462,14462
85335,316,10707,10859,10892,10892
85338,481,12089,12348,12361,12361
85339,662,13093,13485,13485,13485
85340,503,9717,10039,10059,10059
85345,577,18899,19207,19226,19226
85350,8,217,221,221,221
85351,543,16714,16884,16969,16969
85353,268,10556,10706,10717,10717
85355,163,3949,4075,4075,4075
85363,54,2220,2242,2246,2246
85364,887,19658,20102,20162,20162
85365,634,13698,14036,14092,14092
85367,268,8505,8626,8661,8661
85373,303,8679,8893,8902,8902
85374,658,17736,18248,18266,18266
85375,325,16799,17056,17056,17056
85377,23,220,232,234,234
85378,117,3391,3422,3439,3439
85379,390,14167,14456,14456,14456
85381,304,8209,8420,8437,8437
85382,552,14557,14855,14915,14915
85383,1166,17130,17937,17937,17937
85387,82,3495,3570,3570,3570
85388,417,8988,9257,9266,9266
85392,358,10973,11186,11197,11197
85395,873,10768,11324,11335,11335
85396,173,3179,3274,3278,3278
85607,265,5608,5747,5764,5764
85621,127,3123,3230,3240,3240
85626,11,106,110,111,111
85648,38,2214,2250,2254,2254
85658,173,3337,3454,3454,3454
85701,145,1821,1897,1907,1907
85704,540,11408,11737,11761,11761
85705,760,14712,15168,15183,15183
85706,477,12584,12906,12919,12919
85708,11,661,664,666,666
85710,513,16827,17067,17084,17084
85711,445,13220,13449,13476,13476
85712,317,10017,10190,10211,10211
85713,526,13617,13783,13852,13852
85714,129,4902,4952,4972,4972
85715,254,7098,7265,7272,7272
85716,475,10537,10753,10785,10785
85718,1050,10771,11399,11421,11421
85719,709,11620,11945,12005,12005
85730,307,12604,12732,12770,12770
85735,5,193,195,196,196
85736,1,15,15,15,15
85737,506,7813,8140,8148,8148
85739,4,73,75,75,75
85741,216,11249,11340,11363,11363
85742,462,9730,10041,10051,10051
85743,97,2144,2202,2204,2204
85745,671,12212,12604,12642,12642
85746,416,12352,12554,12591,12591
85747,350,8098,8331,8339,8339
85748,338,7464,7663,7671,7671
85749,543,8058,8465,8474,8474
85750,686,9710,10212,10232,10232
85755,356,7140,7414,7421,7421
85756,205,7198,7286,7315,7315
85757,95,2216,2266,2268,2268
85901,134,3864,3911,3927,3927
85929,72,1907,1946,1948,1948
86001,548,8128,8398,8432,8432
86004,359,6684,6905,6905,6905
86005,2,54,55,55,55
86011,1,16,17,17,17
86040,76,2537,2604,2607,2607
86301,291,9807,10008,10028,10028
86303,265,4430,4562,4581,4581
86305,198,5090,5199,5215,5215
86314,296,13307,13469,13482,13482
86315,58,1724,1745,1750,1750
86323,67,3508,3547,3551,3551
86325,0,13,13,13,13
86327,84,2096,2143,2147,2147
86329,0,109,109,109,109
86336,456,6732,7006,7013,7013
86351,105,1810,1870,1872,1872
86403,133,8635,8847,8874,8874
86404,249,7359,7524,7532,7532
86406,494,11217,11424,11470,11470
86434,0,1,1,1,1
90001,255,9572,9807,9827,9827
90002,253,8152,8371,8422,8422
90003,269,11324,11628,11674,11674
90004,244,6332,6603,6610,6610
90005,66,1685,1728,1737,1737
90006,104,4393,4488,4501,4501
90007,216,3835,3995,4015,4015
90008,208,5855,6062,6093,6093
90010,9,289,304,305,305
90011,205,12426,12786,12798,12798
90012,54,1537,1593,1599,1599
90013,45,519,552,557,557
90014,18,221,235,238,238
90015,77,1608,1700,1709,1709
90016,307,8894,9266,9285,9285
90017,29,537,559,562,562
90018,248,8009,8274,8290,8290
90019,382,10200,10604,10625,10625
90020,47,1549,1600,1606,1606
90021,133,1512,1608,1623,1623
90022,197,10669,10898,10942,10942
90023,126,7263,7404,7426,7426
90024,250,3342,3622,3633,3633
90025,308,4404,4737,4746,4746
90026,377,9444,9860,9900,9900
90027,271,6221,6611,6618,6618
90028,99,2028,2099,2112,2112
90029,82,3612,3713,3724,3724
90031,116,5626,5783,5800,5800
90032,172,7841,8160,8169,8169
90033,164,6146,6266,6310,6310
90034,223,6597,6960,6967,6967
90035,335,4897,5311,5311,5311
90036,337,5187,5524,5541,5541
90037,234,8131,8332,8365,8365
90038,93,3095,3185,3198,3198
90039,222,6723,7161,7161,7161
90040,92,3179,3294,3308,3308
90041,176,5329,5669,5675,5675
90042,220,9029,9546,9565,9565
90043,406,11334,11871,11943,11943
90044,399,14787,15278,15354,15354
90045,307,9662,10551,10583,10583
90046,253,6412,6843,6850,6850
90047,336,12298,12866,12905,12905
90048,203,4242,4606,4611,4611
90049,541,7365,8194,8210,8210
90056,105,2374,2605,2615,2615
90057,49,1400,1433,1439,1439
90058,61,2040,2102,2112,2112
90059,210,6713,6930,6979,6979
90061,151,5537,5775,5810,5810
90062,191,6351,6569,6589,6589
90063,119,8935,9127,9145,9145
90064,295,6424,7028,7035,7035
90065,371,8733,9243,9271,9271
90066,563,10702,11460,11494,11494
90067,10,194,211,212,212
90068,196,4360,4664,4683,4683
90069,218,3170,3409,3415,3415
90077,226,2535,2922,2928,2928
90094,17,323,353,355,355
90201,79,12880,13144,13171,13171
90210,606,6009,6842,6876,6876
90211,99,1594,1724,1729,1729
90212,87,1901,2068,2076,2076
90220,184,11057,11471,11505,11505
90221,153,9921,10197,10217,10217
90222,194,6528,6682,6709,6709
90230,286,5724,6209,6209,6209
90232,251,3805,4101,4114,4114
90240,155,6056,6450,6457,6457
90241,72,8724,8994,9003,9003
90242,110,8127,8423,8423,8423
90245,282,4674,5115,5125,5125
90247,204,8986,9274,9293,9293
90248,56,4098,4269,4282,4282
90249,157,6802,7123,7137,7137
90250,115,15808,16401,16450,16450
90254,179,4529,5097,5107,5107
90255,178,9610,9857,9887,9887
90260,116,7539,7732,7740,7740
90262,216,10552,10780,10812,10812
90265,237,5135,5917,5935,5935
90266,582,9923,11385,11396,11396
90270,49,3416,3493,3503,3503
90272,477,6478,7678,7693,7693
90274,402,7762,9123,9123,9123
90275,587,12179,13967,13995,13995
90277,101,7716,8405,8405,8405
90278,489,9774,10839,10850,10850
90280,261,14957,15294,15325,15325
90290,96,1445,1624,1626,1626
90291,388,6163,6677,6691,6691
90292,94,1516,1671,1675,1675
90293,52,1698,1842,1848,1848
90301,122,5610,5808,5820,5820
90302,95,4623,4766,4785,4785
90303,129,5159,5346,5352,5352
90304,90,4371,4492,4501,4501
90305,120,4264,4433,4438,4438
90401,48,653,705,708,708
90402,288,2909,3334,3341,3341
90403,233,2808,3094,3106,3106
90404,139,3072,3300,3307,3307
90405,343,5048,5490,5523,5523
90501,323,9306,9796,9806,9806
90502,106,4495,4624,4638,4638
90503,110,9378,10009,10019,10019
90504,163,8492,9007,9025,9025
90505,280,9308,9977,9997,9997
90601,258,7722,8053,8077,8077
90602,83,4682,4852,4857,4857
90603,200,5695,6022,6034,6034
90604,171,8979,9492,9502,9502
90605,184,9141,9644,9663,9663
90606,8,7246,7572,7579,7579
90620,38,9738,12495,12558,12558
90621,46,5171,6519,6552,6552
90623,65,3427,4310,4332,4332
90630,0,10260,13389,13442,13442
90631,0,13643,16735,16785,16785
90638,365,12734,13463,13490,13490
90640,365,12497,12979,13005,13005
90650,178,21417,22173,22217,22217
90660,374,13640,14302,14345,14345
90670,162,5791,6013,6025,6025
90680,48,4710,5955,5997,5997
90701,83,3975,4128,4140,4140
90703,73,13716,14609,14623,14623
90706,231,14913,15313,15359,15359
90710,94,5608,5842,5860,5860
90712,238,9428,9925,9935,9935
90713,231,8576,9232,9241,9241
90715,78,4144,4304,4304,4304
90716,31,2350,2391,2398,2398
90717,204,5245,5641,5652,5652
90720,0,5491,7154,7211,7211
90723,134,9374,9565,9584,9584
90731,332,11714,12280,12304,12304
90732,177,5276,5692,5704,5704
90740,0,4938,6254,6267,6267
90744,157,9522,9796,9816,9816
90745,384,12507,13236,13262,13262
90746,223,7731,8219,8243,8243
90755,64,2649,2782,2788,2788
90802,104,2938,3045,3057,3057
90803,254,7878,8453,8461,8461
90804,116,5567,5763,5775,5775
90805,172,16771,17167,17219,17219
90806,120,7277,7487,7502,7502
90807,207,7688,8267,8284,8284
90808,354,12480,13583,13597,13597
90810,102,7529,7818,7834,7834
90813,161,6518,6652,6692,6692
90814,66,3965,4135,4152,4152
90815,168,11128,11967,11991,11991
91001,397,8588,9448,9448,9448
91006,407,8852,9666,9685,9685
91007,173,7426,7842,7858,7858
91008,25,465,517,517,517
91010,144,5980,6269,6295,6295
91011,260,5128,6048,6048,6048
91016,179,10013,10486,10518,10518
91020,76,1454,1536,1545,1545
91024,87,2712,2994,3000,3000
91030,194,4127,4501,4506,4506
91040,102,5363,5681,5692,5692
91042,126,6035,6287,6306,6306
91101,83,1313,1400,1406,1406
91103,106,4473,4806,4825,4825
91104,236,6952,7358,7381,7381
91105,124,2351,2691,2693,2693
91106,82,3665,3887,3895,3895
91107,446,8617,9481,9490,9490
91108,163,3613,4173,4186,4186
91201,80,4276,4468,4468,4468
91202,172,3878,4083,4099,4099
91203,50,1592,1671,1672,1672
91204,66,1876,1928,1934,1934
91205,129,4020,4144,4161,4161
91206,105,4487,4765,4779,4779
91207,84,2392,2548,2553,2553
91208,205,3700,3932,3940,3940
91214,333,7200,7946,7946,7946
91301,281,6484,7386,7393,7393
91302,451,6722,7780,7788,7788
91303,74,3119,3216,3216,3216
91304,137,9259,9777,9777,9777
91306,214,8496,8924,8933,8933
91307,249,7345,8003,8019,8019
91311,187,9731,10363,10384,10384
91316,247,4856,5129,5150,5150
91320,195,11774,13892,13920,13920
91321,82,5973,6282,6295,6295
91324,257,5778,6103,6109,6109
91325,306,6253,6625,6652,6652
91326,288,9319,10296,10296,10296
91331,344,17466,18027,18063,18063
91335,340,12671,13089,13089,13089
91340,137,6971,7180,7194,7194
91342,389,16947,17672,17690,17690
91343,425,10216,10631,10642,10642
91344,221,13723,14680,14709,14709
91345,204,4330,4502,4525,4525
91350,122,9398,10159,10159,10159
91351,110,8063,8418,8435,8435
91352,357,10049,10480,10490,10490
91354,185,7292,8042,8050,8050
91355,97,7557,8092,8108,8108
91356,202,5600,6096,6108,6108
91360,51,11176,12603,12628,12628
91361,50,6315,7130,7137,7137
91362,22,9555,11054,11121,11121
91364,36,6575,7188,7202,7202
91367,275,8236,8847,8874,8874
91377,53,3450,4099,4107,4107
91381,162,4253,4779,4779,4779
91384,1,30,32,32,32
91387,80,3541,3768,3795,3795
91390,128,2584,2846,2849,2849
91401,260,6550,6830,6837,6837
91402,148,6861,7023,7037,7037
91403,208,4133,4443,4443,4443
91405,197,5812,5943,5967,5967
91406,338,9029,9339,9376,9376
91411,103,3153,3292,3302,3302
91423,250,5302,5666,5672,5672
91436,380,4084,4631,4636,4636
91501,45,3299,3451,3454,3454
91502,35,1496,1525,1528,1528
91504,227,5774,6143,6149,6149
91505,306,8257,8730,8756,8756
91506,331,5353,5707,5724,5724
91601,247,5020,5236,5257,5257
91602,151,2849,3006,3012,3012
91604,295,5315,5754,5771,5771
91605,343,9409,9791,9801,9801
91606,274,6785,7017,7038,7038
91607,171,4181,4351,4369,4369
91701,277,11383,12045,12057,12057
91702,87,12120,12494,12494,12494
91706,186,15089,15476,15507,15507
91708,29,1753,1808,1811,1811
91709,580,18798,19998,20038,20038
91710,403,20306,21132,21154,21154
91711,272,9255,10041,10051,10051
91722,85,8268,8532,8541,8541
91723,56,4140,4295,4304,4304
91724,145,6917,7243,7243,7243
91730,378,14537,15112,15142,15142
91731,70,5230,5337,5342,5342
91732,192,10904,11232,11254,11254
91733,101,8919,9149,9167,9167
91737,155,6643,7039,7060,7060
91739,332,8927,9757,9767,9767
91740,109,6546,6826,6840,6840
91741,234,8335,9029,9038,9038
91744,218,16237,16724,16791,16791
91745,408,13700,14560,14575,14575
91746,95,7011,7318,7333,7333
91748,105,11157,11634,11658,11658
91750,349,10574,11238,11250,11250
91752,158,8185,8736,8754,8754
91754,298,7759,8257,8265,8265
91755,103,5790,6021,6045,6045
91761,212,14751,15130,15160,15160
91762,130,12694,13007,13033,13033
91763,123,8032,8229,8237,8237
91764,155,10015,10325,10325,10325
91765,281,11926,12769,12769,12769
91766,199,13713,14182,14225,14225
91767,238,9964,10337,10358,10358
91768,67,6483,6643,6656,6656
91770,245,13971,14419,14433,14433
91773,273,9501,10118,10128,10128
91775,194,6049,6470,6476,6476
91776,214,7559,7899,7907,7907
91780,312,9842,10394,10415,10415
91784,421,8347,9163,9172,9172
91786,194,11761,12114,12150,12150
91789,396,12205,13143,13169,13169
91790,123,10559,11149,11149,11149
91791,173,7750,8202,8219,8219
91792,138,5792,6009,6021,6021
91801,134,9268,9556,9594,9594
91803,133,6338,6631,6651,6651
91902,628,5572,5720,5720,5720
91910,1194,16744,17051,17051,17051
91911,831,16332,16614,16614,16614
91913,1033,9800,10124,10134,10134
91914,574,3923,4062,4066,4066
91915,625,6390,6527,6527,6527
91932,283,5261,5342,5347,5347
91935,55,320,334,335,335
91941,953,9674,9932,9942,9942
91942,635,9578,9753,9753,9753
91945,324,7286,7381,7381,7381
91950,495,10598,10792,10792,10792
91977,945,13211,13481,13481,13481
91978,186,2731,2776,2776,2776
92003,183,2007,2052,2052,2052
92007,525,3047,3207,3207,3207
92008,893,7944,8190,8190,8190
92009,2395,11349,12035,12035,12035
92010,553,4557,4722,4727,4727
92011,1136,6887,7189,7196,7196
92014,1258,5447,5795,5795,5795
92019,833,10622,10839,10839,10839
92020,781,12241,12427,12427,12427
92021,727,10868,11159,11159,11159
92024,2667,15628,16380,16380,16380
92025,1079,10805,11128,11150,11150
92026,1052,12859,13148,13161,13161
92027,1102,13238,13453,13480,13480
92028,621,7687,7860,7860,7860
92029,875,7237,7491,7491,7491
92037,1903,11253,11844,11844,11844
92040,851,11236,11489,11489,11489
92054,478,9450,9555,9555,9555
92056,1034,14737,14977,14977,14977
92057,1014,13974,14288,14288,14288
92058,301,7061,7154,7161,7161
92059,4,35,36,36,36
92064,2012,14170,14684,14684,14684
92067,478,1708,1841,1841,1841
92069,1069,11091,11364,11375,11375
92071,1331,14936,15288,15303,15303
92075,659,3750,3898,3902,3902
92078,1476,12713,13079,13079,13079
92081,601,8086,8234,8234,8234
92082,82,914,938,938,938
92083,381,7805,7932,7932,7932
92084,1034,12635,12919,12919,12919
92091,284,1326,1415,1415,1415
92101,260,2265,2336,2340,2340
92102,363,8289,8441,8441,8441
92103,736,6987,7211,7211,7211
92104,653,9827,10048,10048,10048
92105,473,11704,11822,11822,11822
92106,1114,6004,6308,6321,6321
92107,753,7531,7764,7764,7764
92108,115,1504,1528,1530,1530
92109,1156,10581,10908,10908,10908
92110,560,6319,6521,6521,6521
92111,846,11354,11574,11574,11574
92113,377,9076,9177,9187,9187
92114,943,16220,16551,16551,16551
92115,833,11757,12059,12059,12059
92116,600,8178,8336,8344,8344
92117,1435,15073,15443,15443,15443
92118,785,5413,5650,5650,5650
92119,758,6778,7017,7017,7017
92120,1021,8814,9115,9115,9115
92121,405,2467,2581,2583,2583
92122,828,6027,6272,6272,6272
92123,720,7242,7420,7420,7420
92124,613,6631,6801,6801,6801
92126,1664,16485,16994,16994,16994
92127,2128,11533,12089,12089,12089
92128,1502,13083,13502,13502,13502
92129,2136,13005,13618,13618,13618
92130,2737,12049,12778,12791,12791
92131,1791,9428,9883,9893,9893
92139,414,7253,7386,7386,7386
92154,884,15026,15254,15254,15254
92173,1,15,15,15,15
92201,212,17123,17654,17707,17707
92203,123,10555,11159,11193,11193
92210,109,2410,2727,2732,2732
92211,247,14510,15438,15468,15468
92220,217,10464,10810,10832,10832
92223,153,16170,16933,16950,16950
92231,0,1,1,1,1
92234,346,15641,16466,16515,16515
92236,80,7842,7986,7994,7994
92240,170,6075,6257,6295,6295
92241,0,11,11,11,11
92243,299,11180,11456,11514,11514
92249,0,9,9,9,9
92251,268,4184,4260,4260,4260
92253,205,17307,18577,18633,18633
92260,396,14416,15224,15269,15269
92262,378,10399,11032,11099,11099
92264,194,8750,9203,9250,9250
92270,276,9212,10203,10223,10223
92274,33,792,799,801,801
92276,16,3215,3284,3287,3287
92277,145,4672,4812,4826,4826
92283,10,388,410,412,412
92301,140,5725,5819,5842,5842
92307,248,10879,11262,11273,11273
92308,219,12535,12843,12882,12882
92311,260,6594,6799,6833,6833
92313,18,3518,3609,3609,3609
92314,103,4773,4880,4900,4900
92315,28,1421,1485,1486,1486
92316,75,8208,8334,8351,8351
92320,86,3352,3452,3459,3459
92321,28,367,396,399,399
92324,242,13142,13411,13452,13452
92325,13,733,746,748,748
92333,17,666,674,674,674
92335,312,19150,19521,19540,19540
92336,634,22180,23401,23424,23424
92337,193,9827,10152,10162,10162
92342,31,2030,2087,2091,2091
92344,78,4160,4352,4356,4356
92345,619,24206,24702,24776,24776
92346,153,14738,15303,15303,15303
92352,37,1202,1277,1280,1280
92354,193,5383,5672,5683,5683
92358,0,13,13,13,13
92359,14,2661,2718,2721,2721
92363,2,97,99,99,99
92373,167,9302,9843,9863,9863
92374,293,11195,11698,11722,11722
92376,208,16989,17301,17336,17336
92377,148,5427,5667,5690,5690
92378,0,107,107,107,107
92386,6,165,171,172,172
92391,1,98,100,100,100
92392,77,15035,15421,15436,15436
92394,275,8271,8537,8571,8571
92395,367,13201,13555,13595,13595
92399,466,17966,18618,18637,18637
92401,6,435,442,443,443
92404,258,12459,12898,12911,12911
92405,164,6117,6294,6306,6306
92407,262,14015,14494,14523,14523
92408,121,3807,3893,3917,3917
92410,109,8888,9079,9097,9097
92411,71,5772,5890,5896,5896
92501,50,5226,5525,5525,5525
92503,111,21217,22309,22309,22309
92504,242,14424,15089,15119,15119
92505,91,10991,11332,11343,11343
92506,151,14194,15023,15068,15068
92507,331,10783,11365,11411,11411
92508,238,9487,10347,10347,10347
92509,60,19310,20073,20093,20093
92518,19,725,754,758,758
92530,752,13768,13935,13935,13935
92532,87,5740,6173,6173,6173
92543,319,10993,11336,11393,11393
92544,130,13890,14410,14438,14438
92545,186,14886,15459,15490,15490
92548,0,2565,2631,2634,2634
92551,114,7376,7611,7611,7611
92553,98,15752,16325,16358,16358
92555,77,10382,10897,10930,10930
92557,182,13476,13965,13993,13993
92562,1685,17351,17741,17741,17741
92563,272,16980,18084,18102,18102
92567,39,3743,3936,3940,3940
92570,251,16090,16676,16726,16726
92571,214,12809,13358,13384,13384
92582,61,4826,5081,5096,5096
92583,85,9268,9476,9485,9485
92584,64,15126,15974,15990,15990
92585,128,7176,7514,7522,7522
92586,127,9442,9735,9784,9784
92587,122,6018,6370,6396,6396
92590,81,938,955,955,955
92591,381,10905,11517,11552,11552
92592,2975,23112,23655,23655,23655
92595,34,10634,11159,11170,11170
92596,81,7629,8081,8081,8081
92602,121,4013,5241,5273,5273
92603,39,4042,5476,5526,5526
92604,0,5828,7551,7589,7589
92606,51,3442,4641,4664,4664
92610,3,2517,3342,3352,3352
92612,110,3340,4387,4418,4418
92614,89,4576,5861,5920,5920
92617,24,1227,1596,1617,1617
92618,64,5987,7908,7956,7956
92620,247,9225,12267,12354,12354
92624,303,2668,2756,2756,2756
92625,0,4083,5352,5384,5384
92626,59,9263,11681,11740,11740
92627,87,11443,14490,14562,14562
92629,1102,8381,8731,8739,8739
92630,1828,14997,15524,15524,15524
92637,135,3235,3281,3281,3281
92646,129,14084,18276,18368,18368
92647,99,10881,14089,14145,14145
92648,50,9765,12571,12609,12609
92649,64,8107,10670,10681,10681
92651,1669,9850,10368,10368,10368
92653,936,7656,7984,7984,7984
92655,42,1391,1793,1809,1809
92656,1135,10434,10823,10834,10834
92657,0,2714,3733,3752,3752
92660,0,7754,10249,10311,10311
92661,3,1212,1667,1670,1670
92662,3,1023,1363,1366,1366
92663,101,4961,6657,6704,6704
92672,1219,10116,10583,10583,10583
92673,1589,8525,9040,9049,9049
92675,1267,9977,10392,10392,10392
92676,1,65,85,85,85
92677,2321,17184,17976,17976,17976
92679,1779,8207,8739,8739,8739
92683,43,16964,21465,21616,21616
92688,1278,9168,9530,9530,9530
92691,1620,13056,13614,13614,13614
92692,1951,13519,14113,14113,14113
92694,1058,5357,5725,5737,5737
92701,64,4760,5839,5856,5856
92703,31,8347,10325,10356,10356
92704,44,11563,14464,14493,14493
92705,180,9755,12830,12869,12869
92706,66,5105,6600,6613,6613
92707,0,7960,10056,10076,10076
92708,241,12519,15986,16066,16066
92780,11,8692,11025,11069,11069
92782,54,4142,5394,5416,5416
92801,59,7971,9849,9899,9899
92802,49,5547,6962,6969,6969
92804,148,11900,14697,14771,14771
92805,106,9243,11695,11730,11730
92806,0,6035,7812,7820,7820
92807,0,8591,10994,11060,11060
92808,22,3999,5408,5419,5419
92821,56,8577,11104,11171,11171
92823,4,938,1291,1299,1299
92831,147,5801,7296,7362,7362
92832,38,4318,5437,5459,5459
92833,74,9735,12212,12261,12261
92835,0,5482,7232,7239,7239
92840,33,8912,11095,11140,11140
92841,129,5930,7543,7581,7581
92843,0,6481,8263,8280,8280
92844,57,3188,4087,4103,4103
92845,85,4052,5301,5317,5317
92860,278,9395,10258,10269,10269
92861,7,1672,2236,2256,2256
92865,0,4463,5684,5701,5701
92866,58,3267,4121,4154,4154
92867,95,9227,11849,11921,11921
92868,9,3453,4321,4334,4334
92869,32,7978,10584,10606,10606
92870,110,10344,13677,13745,13745
92879,173,10330,10828,10839,10839
92880,325,16245,17994,18030,18030
92881,292,8040,8817,8835,8835
92882,205,14860,15728,15759,15759
92883,260,9104,9973,9993,9993
92886,0,11960,15721,15753,15753
92887,45,4872,6337,6382,6382
93001,55,8269,9060,9087,9087
93003,88,13298,14605,14649,14649
93004,60,7678,8589,8607,8607
93010,333,12281,13849,13891,13891
93012,11,10078,11239,11284,11284
93013,148,4759,5467,5489,5489
93021,85,9039,10583,10583,10583
93022,10,2179,2395,2402,2402
93023,61,6775,7658,7673,7673
93030,93,10694,11636,11647,11647
93033,215,13348,14351,14366,14366
93035,35,7873,8647,8681,8681
93036,86,8747,9560,9570,9570
93041,82,4870,5133,5148,5148
93060,41,7511,8166,8183,8183
93063,32,14373,16097,16113,16113
93065,63,18610,21007,21028,21028
93066,10,1103,1288,1290,1290
93101,47,6121,6722,6756,6756
93103,22,4912,5484,5501,5501
93105,723,6682,7218,7225,7225
93108,32,4380,5333,5343,5343
93109,53,3280,3754,3758,3758
93110,117,4548,5062,5093,5093
93111,34,4930,5683,5695,5695
93117,822,8645,9111,9129,9129
93202,9,586,707,711,711
93215,273,9871,10073,10093,10093
93221,0,3346,4327,4340,4340
93223,5,2002,2499,2505,2505
93230,483,19658,20121,20121,20121
93235,6,305,373,374,374
93245,10,322,331,331,331
93247,37,2592,3318,3345,3345
93250,70,2658,2696,2704,2704
93257,90,14488,17998,18106,18106
93267,9,640,771,774,774
93274,524,20482,20964,20985,20985
93277,271,13201,16900,16968,16968
93291,660,16368,16859,16893,16893
93292,317,11385,11690,11714,11714
93301,220,4179,4309,4326,4326
93304,442,13104,13359,13386,13386
93305,366,9623,9860,9900,9900
93306,600,16226,16643,16676,16676
93307,350,20283,20489,20550,20550
93308,787,17749,18207,18280,18280
93309,477,15596,15914,15914,15914
93311,760,13268,14042,14056,14056
93312,836,18640,19456,19476,19476
93313,370,13393,13722,13735,13735
93314,481,8392,8891,8891,8891
93401,652,9962,10335,10355,10355
93405,599,6426,6702,6736,6736
93420,530,10058,10391,10391,10391
93422,373,7875,8119,8127,8127
93424,23,225,240,240,240
93433,177,4707,4793,4803,4803
93444,258,5333,5503,5503,5503
93445,81,2400,2439,2446,2446
93446,633,11290,11701,11712,11712
93449,306,4368,4583,4583,4583
93454,279,9423,9596,9596,9596
93455,614,14175,14643,14657,14657
93458,171,9886,10017,10027,10027
93465,156,2334,2444,2444,2444
93534,181,10280,10610,10642,10642
93535,580,16020,16451,16550,16550
93536,1378,19350,19929,19949,19949
93543,13,653,665,668,668
93550,489,17535,18042,18114,18114
93551,700,15250,16259,16275,16275
93552,141,9841,10053,10063,10063
93611,538,11753,12230,12230,12230
93612,193,9448,9592,9621,9621
93616,14,569,578,580,580
93618,216,6776,6943,6964,6964
93619,436,7357,7777,7793,7793
93625,133,1881,1984,1990,1990
93631,206,4547,4687,4697,4697
93635,226,10045,10292,10292,10292
93636,27,589,620,620,620
93637,332,9480,9773,9773,9773
93638,225,9183,9352,9381,9381
93646,0,1,1,1,1
93648,101,3083,3147,3156,3156
93650,26,996,1012,1015,1015
93654,192,6681,6845,6852,6852
93657,118,7683,7856,7856,7856
93662,155,6596,6744,6751,6751
93673,0,15,15,15,15
93701,123,2796,2845,2865,2865
93702,298,10405,10618,10650,10650
93703,310,8413,8586,8620,8620
93704,362,8928,9243,9271,9271
93705,310,9154,9342,9380,9380
93706,569,10065,10423,10518,10518
93710,297,7822,8047,8047,8047
93711,606,12286,12853,12892,12892
93720,574,14103,14692,14721,14721
93721,38,1353,1386,1389,1389
93722,815,22583,23258,23304,23304
93723,76,2074,2176,2176,2176
93725,149,5828,5959,5959,5959
93726,280,9763,9943,10003,10003
93727,457,18416,19006,19044,19044
93728,268,4934,5120,5151,5151
93730,289,3962,4303,4303,4303
93737,8,211,218,218,218
93901,265,7969,8284,8292,8292
93905,182,9340,9542,9561,9561
93906,253,12966,13312,13325,13325
93907,83,2773,2868,2874,2874
93908,165,1909,2118,2118,2118
93923,252,5318,5724,5730,5730
93924,7,134,146,146,146
93933,257,6175,6393,6413,6413
93940,422,8370,8792,8801,8801
93950,175,4482,4714,4718,4718
93953,161,1780,1952,1954,1954
93955,244,8741,9012,9012,9012
94002,662,6282,7108,7108,7108
94005,93,1210,1324,1327,1327
94010,1120,10559,11906,11918,11918
94014,429,7930,8384,8401,8401
94015,755,11517,12371,12383,12383
94018,1,9,10,10,10
94019,421,5160,5672,5677,5677
94022,897,5749,6680,6686,6686
94024,1082,6457,7631,7631,7631
94025,1200,9601,10899,10910,10910
94027,308,2412,2858,2858,2858
94028,255,1890,2178,2178,2178
94030,398,5447,5940,5952,5952
94037,51,619,699,699,699
94038,66,926,1002,1002,1002
94040,591,5586,6146,6158,6158
94041,324,2857,3177,3177,3177
94043,600,5881,6507,6513,6513
94044,878,9954,10843,10843,10843
94061,570,8190,8911,8911,8911
94062,810,7219,8338,8346,8346
94063,396,5666,6014,6014,6014
94065,246,2509,2864,2864,2864
94066,463,9373,10058,10058,10058
94070,1088,8411,9684,9694,9694
94080,830,14498,15688,15704,15704
94085,414,3524,3902,3902,3902
94086,852,7236,8024,8024,8024
94087,1374,12339,13866,13880,13880
94089,509,5005,5465,5471,5471
94102,8,737,1248,1255,1255
94103,35,1412,2325,2356,2356
94104,0,32,56,56,56
94105,2,144,229,234,234
94107,0,1960,3249,3308,3308
94108,7,387,662,669,669
94109,0,1846,3114,3158,3158
94110,132,6439,10852,10995,10995
94111,1,139,240,242,242
94112,556,13799,14970,14985,14985
94114,0,3645,6138,6225,6225
94115,21,2053,3465,3514,3514
94116,0,6296,10829,10960,10960
94117,0,2912,4804,4887,4887
94118,0,3948,6889,6931,6931
94121,75,4798,8262,8345,8345
94122,57,6639,11282,11407,11407
94123,4,2282,3799,3849,3849
94124,231,6533,6974,6995,6995
94127,13,3791,6161,6255,6255
94129,0,358,583,595,595
94130,0,193,333,335,335
94131,20,3874,6450,6515,6515
94132,194,4490,4844,4849,4849
94133,95,2156,2366,2373,2373
94134,314,6841,7446,7461,7461
94158,0,58,101,103,103
94301,420,3713,4201,4201,4201
94303,861,8779,9659,9669,9669
94304,54,648,710,710,710
94305,128,1095,1199,1207,1207
94306,748,6054,6788,6795,6795
94401,314,5767,6136,6148,6148
94402,657,6461,7219,7226,7226
94403,931,9049,10020,10030,10030
94404,633,6594,7366,7366,7366
94501,624,12887,13844,13844,13844
94502,345,3505,4010,4014,4014
94503,313,5741,6153,6153,6153
94505,459,5119,5600,5600,5600
94506,632,6137,6935,6942,6942
94507,716,4541,5342,5342,5342
94508,12,346,361,362,362
94509,744,18282,19026,19064,19064
94510,512,8763,9331,9331,9331
94513,1204,17515,18775,18794,18794
94514,0,8,8,8,8
94515,123,1720,1838,1838,1838
94517,308,3544,3844,3848,3848
94518,449,7065,7477,7499,7499
94519,254,5847,6188,6194,6194
94520,243,6699,6921,6942,6942
94521,690,11575,12302,12326,12326
94523,601,9168,9837,9837,9837
94525,67,1154,1215,1219,1219
94526,1050,9132,10305,10305,10305
94530,523,7577,8125,8158,8158
94531,550,11580,12191,12191,12191
94533,485,18805,19368,19407,19407
94534,579,11997,12846,12846,12846
94535,12,1153,1164,1164,1164
94536,1197,14789,16131,16148,16148
94538,822,11941,12840,12853,12853
94539,1640,12637,14509,14524,14524
94541,578,13833,14441,14455,14455
94542,257,3239,3513,3517,3517
94544,754,14634,15357,15373,15373
94545,493,8195,8645,8654,8654
94546,837,11995,12871,12884,12884
94547,383,5898,6377,6383,6383
94549,886,7400,8498,8498,8498
94550,1001,13921,15384,15384,15384
94551,746,10680,11484,11495,11495
94552,446,3759,4286,4290,4290
94553,822,13842,14664,14694,14694
94555,870,7302,8205,8205,8205
94556,432,4044,4489,4494,4494
94558,1153,19788,20941,20962,20962
94559,284,8224,8594,8594,8594
94560,776,10149,11058,11069,11069
94561,504,11418,11994,11994,11994
94563,620,4457,5133,5133,5133
94564,165,5631,5872,5878,5878
94565,701,22586,23358,23381,23381
94566,1093,10519,11753,11753,11753
94568,1155,10393,11783,11795,11795
94572,134,2665,2796,2802,2802
94574,143,3203,3471,3478,3478
94576,2,40,42,42,42
94577,641,12162,12829,12842,12842
94578,318,7817,8127,8135,8135
94579,205,6004,6215,6221,6221
94580,396,7483,7886,7894,7894
94582,962,8451,9606,9615,9615
94583,840,8963,10003,10003,10003
94585,235,8119,8387,8395,8395
94587,1189,14785,16039,16055,16055
94588,848,7156,8053,8061,8061
94589,156,8411,8618,8635,8635
94590,611,10307,10671,10714,10714
94591,631,16220,17022,17039,17039
94592,22,621,650,650,650
94595,163,3610,3784,3792,3792
94596,331,4208,4529,4543,4543
94597,297,4374,4718,4727,4727
94598,615,7150,7981,7997,7997
94599,58,1175,1226,1228,1228
94601,257,8892,9158,9186,9186
94602,645,7625,8270,8270,8270
94603,159,7440,7584,7584,7584
94605,943,11122,11898,11934,11934
94606,241,5694,5858,5870,5870
94607,249,3780,4021,4025,4025
94608,365,5406,5788,5800,5800
94609,295,4584,4918,4918,4918
94610,421,5052,5511,5528,5528
94611,907,7788,8686,8712,8712
94612,54,974,1029,1031,1031
94618,449,4417,4960,4980,4980
94619,287,6869,7347,7347,7347
94621,338,6927,7172,7194,7194
94702,234,4501,4778,4783,4783
94703,356,4223,4546,4560,4560
94704,142,1657,1760,1774,1774
94705,316,3201,3545,3545,3545
94706,383,4200,4615,4615,4615
94707,356,4024,4496,4496,4496
94708,365,3193,3645,3649,3649
94709,96,1582,1678,1681,1681
94710,144,2181,2323,2325,2325
94720,24,217,242,243,243
94801,231,6768,6971,6992,6992
94803,340,7771,8111,8111,8111
94804,529,10583,11002,11024,11024
94805,142,4571,4732,4741,4741
94806,379,12722,13049,13075,13075
94901,595,9542,10250,10260,10260
94903,494,8269,8961,8979,8979
94904,243,2853,3150,3156,3156
94920,393,3718,4265,4265,4265
94925,251,2542,2919,2919,2919
94928,417,9768,10185,10195,10195
94930,102,1879,2026,2030,2030
94931,74,3220,3361,3364,3364
94939,155,1563,1760,1766,1766
94941,773,7102,8036,8052,8052
94945,432,5445,5906,5918,5918
94947,466,6271,6827,6840,6840
94949,244,4866,5189,5199,5199
94951,113,2246,2412,2414,2414
94952,696,13289,14185,14213,14213
94954,435,11735,12419,12431,12431
94957,82,553,652,652,652
94960,367,4027,4474,4474,4474
94965,152,2726,2977,2977,2977
95002,28,520,554,554,554
95003,547,6985,7601,7601,7601
95004,2,18,20,20,20
95005,36,694,731,731,731
95006,23,402,429,430,430
95007,0,1,1,1,1
95008,958,11057,11955,11967,11967
95010,108,2871,2994,2994,2994
95012,10,1373,1388,1388,1388
95014,1495,13233,14953,14968,14968
95018,42,856,915,916,916
95019,30,1555,1588,1588,1588
95020,637,12338,12988,13001,13001
95023,501,11484,11938,11938,11938
95030,562,3813,4393,4402,4402
95032,813,6922,7821,7829,7829
95033,3,39,44,44,44
95035,1399,13872,15226,15241,15241
95037,6,72,78,78,78
95039,1,39,40,40,40
95043,1,28,30,30,30
95045,0,2,2,2,2
95050,576,8196,8711,8737,8737
95051,1144,11013,12157,12181,12181
95054,457,4084,4601,4606,4606
95060,655,10696,11478,11478,11478
95062,814,10748,11460,11471,11471
95064,27,353,376,379,379
95065,96,1938,2084,2084,2084
95066,208,3622,3908,3912,3912
95070,1047,9443,10693,10693,10693
95073,178,2819,3012,3012,3012
95076,492,13833,14471,14471,14471
95110,219,3170,3423,3423,3423
95111,501,10676,11133,11155,11155
95112,563,9500,10043,10063,10063
95113,17,168,184,184,184
95116,275,7306,7603,7626,7626
95117,307,4462,4722,4722,4722
95118,711,7983,8651,8659,8659
95119,281,2651,2894,2897,2897
95120,1716,10563,12254,12254,12254
95121,367,8217,8733,8742,8742
95122,267,8840,9199,9199,9199
95123,1253,14392,15460,15475,15475
95124,1514,13385,14809,14824,14824
95125,1344,13786,15024,15055,15055
95126,364,5852,6266,6272,6272
95127,710,13273,13928,13942,13942
95128,593,7393,7915,7915,7915
95129,958,8352,9310,9320,9320
95130,378,3315,3667,3671,3671
95131,498,5872,6396,6396,6396
95132,889,9170,9989,9989,9989
95133,417,4866,5273,5283,5283
95134,168,1756,1954,1954,1954
95135,647,4828,5432,5437,5437
95136,560,8923,9647,9647,9647
95138,574,4332,4906,4906,4906
95139,177,1722,1905,1907,1907
95140,10,165,173,174,174
95148,987,10315,11337,11348,11348
95202,66,1111,1149,1158,1158
95203,79,4567,4646,4656,4656
95204,243,9882,10064,10095,10095
95205,271,10608,10825,10858,10858
95206,372,17245,17599,17670,17670
95207,397,11372,11664,11676,11676
95209,352,11802,12154,12154,12154
95210,315,8993,9252,9280,9280
95212,246,7431,7677,7677,7677
95215,309,6953,7154,7183,7183
95219,273,7221,7569,7585,7585
95220,27,701,739,739,739
95231,18,1245,1260,1260,1260
95240,299,11689,11976,11988,11988
95242,328,7841,8202,8202,8202
95258,56,1272,1321,1325,1325
95301,349,11311,11625,11637,11637
95307,0,10859,11912,11948,11948
95316,52,2098,2165,2165,2165
95319,0,5,5,5,5
95320,169,4288,4435,4457,4457
95322,10,479,486,486,486
95326,32,3600,3970,3982,3982
95328,14,1014,1091,1096,1096
95330,203,3698,3909,3913,3913
95334,0,24,24,24,24
95336,427,14355,14738,14752,14752
95337,488,9063,9541,9560,9560
95340,510,11105,11580,11580,11580
95341,258,7873,8026,8050,8050
95348,312,8407,8667,8667,8667
95350,416,14300,15995,16011,16011
95351,163,11394,12498,12561,12561
95354,111,7702,8493,8501,8501
95355,159,15843,17664,17700,17700
95356,438,10566,10928,10961,10961
95357,237,4934,5150,5155,5155
95358,264,8591,8793,8802,8802
95361,255,9789,10187,10187,10187
95366,337,5382,5690,5701,5701
95367,329,7183,7460,7474,7474
95368,121,4203,4311,4315,4315
95380,356,12385,12678,12716,12716
95382,80,10249,11466,11477,11477
95388,63,3664,3709,3716,3716
95389,2,57,59,59,59
95401,304,10440,10809,10852,10852
95403,368,12615,13101,13114,13114
95404,338,11129,11654,11666,11666
95405,329,6763,7135,7142,7142
95407,208,10696,10937,10948,10948
95409,392,9246,9794,9814,9814
95436,44,1086,1135,1135,1135
95439,26,433,458,460,460
95441,4,72,77,77,77
95442,99,1081,1208,1209,1209
95448,286,5981,6350,6357,6357
95452,50,587,664,666,666
95470,14,505,521,522,522
95472,499,11687,12411,12448,12448
95476,520,13962,14854,14869,14869
95482,185,7132,7376,7384,7384
95492,430,8846,9322,9341,9341
95501,45,7236,8942,8978,8978
95503,0,5100,6470,6489,6489
95519,49,4347,5401,5423,5423
95521,75,3731,4639,4676,4676
95537,0,90,114,114,114
95564,0,35,41,41,41
95602,133,3894,4044,4044,4044
95603,542,9367,9840,9850,9850
95605,101,3358,3466,3473,3473
95608,109,15290,18159,18213,18213
95610,256,11868,12160,12172,12172
95612,3,84,87,87,87
95616,646,8894,9445,9492,9492
95618,518,6771,7238,7289,7289
95619,17,1108,1135,1136,1136
95620,1,39,41,41,41
95621,52,11018,12878,12930,12930
95623,13,727,747,747,747
95624,164,16911,20408,20449,20449
95626,61,2088,2182,2187,2187
95628,96,11438,13753,13795,13795
95630,790,20316,21851,21873,21873
95648,857,18378,19429,19468,19468
95650,471,5197,5738,5749,5749
95652,12,382,452,456,456
95655,28,1184,1481,1496,1496
95658,79,2982,3143,3143,3143
95660,83,7949,9245,9283,9283
95661,303,6846,7192,7214,7214
95662,268,11273,11658,11681,11681
95663,84,1359,1467,1473,1473
95664,0,25,25,25,25
95667,241,5935,6169,6169,6169
95670,95,13328,15747,15810,15810
95672,113,1835,1980,1984,1984
95673,46,5462,6537,6557,6557
95677,266,8154,8557,8574,8574
95678,477,11747,12236,12260,12260
95682,377,8808,9420,9420,9420
95683,3,60,63,63,63
95687,700,17238,17956,17956,17956
95688,666,9781,10384,10384,10384
95691,522,11265,11834,11870,11870
95692,1,23,24,24,24
95695,235,9109,9391,9400,9400
95703,2,56,59,59,59
95713,14,1464,1505,1506,1506
95722,11,197,210,210,210
95742,223,4286,4635,4645,4645
95746,826,7224,8189,8189,8189
95747,779,19214,20465,20506,20506
95757,90,10504,12859,12885,12885
95758,284,15468,18890,18947,18947
95762,905,12882,14155,14155,14155
95765,493,10071,10736,10736,10736
95776,227,5841,6117,6129,6129
95811,0,1299,1583,1588,1588
95814,47,1006,1038,1040,1040
95815,90,5529,6418,6437,6437
95816,23,3215,3856,3864,3864
95817,12,3191,3816,3831,3831
95818,193,5192,5501,5507,5507
95819,18,4902,6019,6037,6037
95820,92,9953,11448,11494,11494
95821,103,8107,9367,9405,9405
95822,522,13658,14096,14110,14110
95823,37,15514,18343,18417,18417
95824,86,6243,7140,7169,7169
95825,47,4970,5773,5820,5820
95826,163,9715,11542,11600,11600
95827,0,5564,6453,6479,6479
95828,176,14674,17546,17581,17581
95829,73,7428,9088,9116,9116
95830,7,383,464,467,467
95831,395,12497,13182,13182,13182
95832,83,2805,2857,2865,2865
95833,313,9159,9472,9481,9481
95834,70,6172,6337,6344,6344
95835,65,8785,10840,10884,10884
95837,3,138,145,145,145
95838,142,8653,10081,10121,10121
95841,15,4358,5127,5132,5132
95842,73,6938,8105,8121,8121
95843,353,12192,12595,12608,12608
95864,26,7057,8648,8682,8682
95901,175,8132,8307,8323,8323
95917,0,29,29,29,29
95926,381,8991,9270,9307,9307
95928,378,9277,9646,9675,9675
95938,1,96,98,98,98
95945,175,4489,4618,4623,4623
95949,87,1999,2074,2076,2076
95953,3,109,112,112,112
95959,28,597,620,621,621
95961,112,5701,5865,5871,5871
95965,181,4855,5011,5021,5021
95966,230,10175,10436,10446,10446
95968,6,557,564,566,566
95973,357,9746,10185,10215,10215
95982,3,849,861,861,861
95991,416,11138,11530,11542,11542
95993,459,12007,12392,12416,12416
96001,331,11772,12250,12274,12274
96002,171,11021,11340,11351,11351
96003,476,15909,16336,16385,16385
96007,277,8160,8352,8378,8378
96008,8,157,165,165,165
96019,68,3137,3221,3227,3227
96022,0,19,20,20,20
96062,1,25,26,26,26
96069,0,1,1,1,1
96073,63,1191,1276,1277,1277
96087,2,86,90,90,90
96161,134,1706,1836,1842,1842
80002,0,222,4186,4368,4412
80003,0,271,8998,9288,9334
80004,0,409,8896,9428,9494
80005,0,724,8399,9004,9187
80007,0,393,2599,2896,2998
80010,0,281,6503,6609,6683
80011,0,313,10204,10340,10413
80012,0,332,8466,8684,8737
80013,117,975,18780,19365,19522
80014,14,285,6613,6763,6804
80015,0,1192,18174,19117,19232
80016,0,1921,13316,14557,14779
80017,8,233,7304,7491,7506
80018,0,183,3595,3688,3718
80019,0,33,693,710,717
80020,0,944,14330,15076,15258
80021,9,414,8176,8538,8607
80022,0,790,13800,14245,14331
80023,0,754,5650,6201,6340
80026,0,512,7560,8240,8391
80027,0,977,7828,8833,9116
80030,10,112,3095,3165,3191
80031,28,662,8759,9281,9337
80033,7,339,6682,6978,7056
80045,0,16,110,115,119
80108,0,57,331,369,374
80110,0,347,6200,6387,6426
80111,0,1087,7077,7718,7812
80112,0,621,7327,7692,7754
80113,0,467,5805,6069,6149
80118,0,0,3,3,3
80120,33,484,6304,6563,6622
80121,6,729,5459,5848,5967
80122,9,746,8479,8920,9010
80123,0,845,11457,11940,12097
80124,0,500,4465,4744,4816
80125,0,26,175,189,192
80126,0,1426,9063,9963,10115
80127,0,938,12117,13230,13404
80128,0,623,9736,10256,10381
80129,23,743,6962,7412,7494
80130,0,697,5952,6352,6455
80132,6,891,5481,5969,6023
80133,1,13,297,304,305
80134,0,1541,14178,15079,15247
80137,0,2,42,43,43
80138,0,925,8261,8871,8979
80202,1,37,374,397,403
80203,4,72,1338,1376,1389
80204,0,364,5185,5375,5424
80205,0,544,6214,6539,6639
80206,0,390,3873,4085,4151
80207,35,599,5348,5659,5769
80209,0,643,5207,5556,5641
80210,28,1142,8345,9036,9202
80211,0,763,6742,7141,7258
80212,5,462,4185,4466,4539
80214,0,234,4497,4712,4760
80215,0,263,4764,5006,5057
80216,0,238,3636,3719,3768
80218,0,159,2106,2181,2201
80219,35,537,11328,11584,11678
80220,7,588,6749,7086,7172
80221,0,437,9456,9621,9689
80222,20,365,4799,5017,5073
80223,0,314,4733,4952,4987
80224,0,204,3764,3897,3925
80226,0,241,7399,7726,7780
80227,15,353,7244,7613,7682
80228,0,490,7967,8518,8621
80229,0,338,11058,11216,11272
80230,0,197,1500,1617,1645
80231,29,215,4592,4740,4783
80232,18,373,5749,5994,6110
80233,0,352,11887,12118,12154
80234,0,280,6027,6196,6245
80235,0,57,1445,1496,1504
80236,0,206,3261,3402,3433
80237,7,254,3538,3649,3689
80238,0,760,4622,5140,5230
80239,0,218,8541,8698,8750
80241,0,450,8629,8944,9007
80246,7,81,1586,1627,1642
80247,0,100,2066,2098,2124
80249,15,278,7328,7448,7501
80260,0,107,5287,5357,5373
80301,0,450,5071,5504,5622
80302,0,269,2197,2449,2514
80303,0,530,4620,5102,5223
80304,0,441,5027,5589,5720
80305,0,455,3705,4186,4302
80401,0,766,7546,8196,8304
80403,0,475,4338,4809,4897
80465,0,327,3699,4014,4087
80503,0,28,441,494,500
80512,0,15,248,263,266
80514,0,10,250,256,257
80516,0,649,6017,6487,6619
80521,0,429,6945,7300,7389
80524,0,633,10299,10780,10889
80525,0,889,13568,14326,14559
80526,0,688,11447,11882,12087
80528,0,505,5224,5620,5735
80534,0,101,1013,1075,1094
80535,0,17,663,684,689
80537,0,472,12509,13020,13099
80538,0,849,15253,15846,16006
80543,0,1,40,41,41
80547,0,94,697,783,799
80550,0,185,2907,3040,3077
80601,0,367,9950,10205,10225
80602,23,1121,10531,11177,11335
80603,0,215,4132,4244,4287
80620,0,235,5023,5169,5206
80621,0,4,77,79,79
80631,0,437,11162,11415,11518
80634,0,598,17569,17968,18149
80640,0,152,3501,3587,3613
80642,0,7,87,92,93
80645,0,1,93,94,94
80817,104,3661,7899,7995,8003
80829,6,158,341,347,347
80840,12,325,730,735,736
80902,26,554,1220,1227,1232
80903,0,181,3314,3397,3421
80904,188,3046,6351,6475,6487
80905,0,203,4087,4196,4222
80906,325,4570,9283,9550,9570
80907,0,513,7637,7819,7874
80908,8,311,2381,2548,2574
80909,55,388,9027,9184,9248
80910,178,2759,6065,6139,6157
80911,223,4942,10523,10608,10650
80915,0,258,6309,6405,6431
80916,119,3795,8402,8453,8478
80917,8,254,7549,7664,7695
80918,0,673,12838,13088,13194
80919,266,4299,8928,9139,9148
80920,48,845,11597,11996,12080
80921,6,761,5342,5775,5839
80922,18,351,8521,8722,8766
80923,0,333,8506,8742,8760
80924,4,176,1809,1895,1912
80925,8,332,682,691,691
80926,1,11,23,24,24
80927,0,36,319,340,342
80951,0,0,1,1,1
81001,285,4804,8780,8852,8896
81003,180,2534,4655,4722,4741
81004,230,4048,7543,7650,7666
81005,198,5787,10924,10979,11001
81006,71,2362,4403,4439,4439
81007,123,3810,7115,7230,7230
81008,142,1982,3687,3747,3751
81022,0,1,1,1,1
81334,0,0,1,1,1
81401,0,0,8,8,8
81415,0,0,1,1,1
81501,83,394,6693,6817,6900
81503,17,165,5586,5654,5677
81504,0,403,9800,10001,10052
81505,0,244,3805,3977,4001
81506,8,232,3928,4025,4066
81507,0,363,5273,5443,5504
81520,0,171,3372,3448,3476
81521,31,281,5017,5157,5209
81526,0,18,337,345,348
6001,8,596,3450,3881,4026
6002,11,358,5263,5575,5666
6010,93,746,14619,15334,15521
6013,7,185,1151,1258,1312
6016,10,147,1952,2065,2092
6019,1,13,132,144,147
6023,0,21,362,384,389
6026,9,142,1568,1671,1710
6029,0,402,3778,4206,4314
6032,9,463,4081,4417,4539
6033,92,757,5104,5560,5780
6035,0,148,1737,1886,1926
6037,73,606,6011,6517,6664
6040,92,565,6965,7492,7598
6042,66,279,5070,5392,5469
6043,3,53,582,638,653
6051,52,224,4895,5165,5191
6052,20,120,1718,1804,1837
6053,56,404,6567,6859,6957
6060,0,20,175,191,196
6062,57,290,4835,5094,5172
6066,48,394,6193,6669,6771
6067,0,452,4959,5255,5373
6070,0,426,2601,2863,2976
6071,6,233,2635,2916,2988
6073,0,177,871,978,1026
6074,56,1001,6966,7695,7999
6078,31,506,3405,3737,3853
6081,1,22,296,314,319
6082,120,720,11022,11813,11957
6084,3,72,476,541,557
6085,2,181,1586,1702,1758
6088,4,53,1808,1888,1907
6089,0,61,526,566,583
6090,0,21,110,124,130
6092,0,57,245,277,295
6093,1,153,1189,1287,1328
6095,16,519,7607,8110,8250
6096,44,233,3760,3957,4017
6103,2,13,144,156,159
6105,28,97,1414,1531,1553
6106,103,309,4560,4810,4864
6107,35,652,3820,4239,4402
6108,78,249,4550,4819,4882
6109,25,717,7696,8228,8414
6110,35,239,3232,3479,3510
6111,118,646,8320,8939,9103
6112,81,245,3142,3287,3323
6114,72,271,3931,4160,4206
6117,0,537,2879,3226,3378
6118,82,411,6327,6732,6841
6119,22,296,2446,2644,2710
6120,24,131,1659,1784,1808
6226,32,115,2501,2635,2648
6237,0,8,131,142,144
6238,0,4,51,56,57
6241,0,2,40,42,43
6249,0,4,48,49,50
6250,8,64,548,596,614
6254,1,12,153,159,161
6255,2,35,730,776,785
6256,1,5,277,288,290
6260,17,95,1423,1510,1532
6266,0,1,31,33,33
6268,18,78,466,520,539
6277,2,20,404,426,431
6280,0,1,28,29,29
6320,49,192,5366,5432,5487
6330,0,14,290,296,298
6331,0,0,10,11,11
6334,2,12,161,168,171
6335,2,32,316,331,337
6338,0,0,1,1,1
6339,4,29,346,362,366
6340,52,376,6251,6400,6472
6351,11,48,1326,1353,1364
6355,3,72,800,833,851
6359,0,0,5,5,5
6360,97,312,6270,6433,6491
6365,0,9,219,226,228
6370,0,2,39,40,41
6374,0,0,12,12,12
6375,1,30,518,533,541
6380,7,34,491,498,506
6382,30,128,1474,1531,1554
6385,0,134,2253,2335,2361
6401,79,236,4428,4567,4604
6403,6,149,1446,1542,1570
6405,24,677,7490,7885,8046
6410,61,976,6052,6547,6757
6416,0,292,3908,4158,4243
6418,13,240,3164,3277,3310
6424,0,2,18,19,19
6437,0,54,372,400,412
6441,0,0,2,2,2
6444,0,0,23,24,24
6450,32,380,7715,8006,8095
6451,61,322,5334,5478,5550
6455,0,81,909,984,1001
6456,3,11,56,63,66
6457,81,692,10736,11371,11520
6460,58,775,8925,11284,11549
6461,17,402,3295,4138,4270
6468,8,505,3346,3663,3772
6470,0,5,26,29,30
6471,0,159,1761,1851,1887
6472,3,159,1442,1535,1575
6473,0,661,5393,6937,7159
6477,40,449,3023,3821,3960
6478,0,248,2729,2903,2953
6479,30,261,3001,3222,3291
6480,8,210,2524,2722,2764
6481,0,21,401,424,429
6483,25,258,3873,4115,4161
6484,39,1033,8989,9525,9749
6489,19,747,8444,9182,9332
6492,159,993,11532,12047,12255
6510,9,39,213,269,280
6511,151,570,5660,7030,7160
6512,67,568,7796,8214,8331
6513,66,298,4685,5860,5949
6514,67,359,5858,5980,6053
6515,0,146,2094,2592,2647
6516,0,465,9546,11789,11920
6517,15,309,2827,3518,3634
6518,0,302,3019,3202,3274
6519,0,100,1836,2286,2309
6524,1,173,1331,1439,1481
6525,0,377,1808,1999,2097
6604,54,216,3088,3783,3841
6605,0,148,2909,3548,3602
6606,125,561,7159,8753,8859
6607,17,65,1168,1426,1434
6608,8,92,1483,1861,1879
6610,67,232,3036,3684,3729
6611,0,1266,7838,8632,8908
6612,1,136,588,656,688
6614,0,526,7146,9018,9221
6615,0,242,4057,5055,5138
6702,20,47,509,550,557
6704,70,311,5109,5280,5323
6705,31,189,4875,5048,5084
6706,19,115,3013,3082,3113
6708,165,522,6562,6727,6850
6710,48,143,1383,1449,1473
6712,8,193,2578,2681,2730
6716,14,310,4426,4651,4708
6762,2,218,1881,2011,2058
6770,38,500,7227,7589,7697
6779,23,130,2353,2468,2503
6782,1,5,37,40,41
6786,10,63,897,947,964
6787,0,0,5,5,5
6795,0,230,3180,3382,3437
6798,0,7,82,87,89
6807,7,397,1556,1757,1842
6820,0,1479,4584,5303,5666
6824,65,1430,6241,6930,7250
6825,53,661,3685,4613,4856
6830,27,886,4785,5185,5396
6831,0,934,3395,3840,4034
6840,7,937,3028,3473,3675
6850,0,416,3106,3390,3456
6851,5,521,5104,5340,5483
6853,0,316,1057,1210,1280
6854,35,341,4140,4362,4419
6855,6,159,1774,1848,1889
6870,5,417,1503,1696,1793
6878,9,487,1349,1599,1714
6880,57,1468,5303,5992,6381
6890,0,287,1055,1193,1264
6897,0,25,89,102,108
6901,5,32,328,345,352
6902,36,706,8449,8847,9019
6903,3,561,2188,2449,2578
6905,33,439,3811,4013,4107
6906,25,209,1745,1857,1903
6907,25,262,1600,1699,1768
19701,0,375,6763,10922,11054
19702,11,244,6675,10981,11059
19703,0,26,896,1459,1472
19706,0,17,358,591,596
19707,0,234,2803,4422,4587
19709,0,1,20,31,32
19711,0,373,5980,9636,9813
19713,0,200,4413,7059,7152
19720,0,271,10394,16854,16939
19732,0,1,10,16,17
19801,0,131,1873,2941,2974
19802,0,164,2745,4518,4568
19803,0,271,3765,5816,6014
19804,0,104,3762,6056,6117
19805,0,306,5410,8644,8749
19806,0,102,1281,2004,2049
19807,0,128,1534,2358,2459
19808,0,224,6858,11065,11177
19809,0,121,1955,3218,3271
19810,0,181,3715,6134,6234
19901,0,302,5927,9082,9146
19904,0,80,5343,7975,8023
19931,0,1,26,37,37
19933,0,0,1,2,2
19934,30,133,2465,3666,3703
19936,0,0,17,26,26
19940,0,10,463,645,649
19943,0,9,474,729,732
19946,0,2,218,327,329
19956,0,39,956,1304,1315
19962,12,37,2002,3059,3074
19973,0,105,2285,3128,3169
19979,0,5,213,332,334
19980,0,0,67,89,89
32003,82,438,1085,8388,8807
32009,2,14,28,180,199
32011,0,1,2,44,47
32043,62,124,248,4064,4366
32065,77,309,551,10410,10841
32068,195,459,807,12642,13672
32073,112,311,609,11857,12305
32080,125,442,734,7810,8144
32081,50,373,783,3632,3909
32082,95,675,1614,9411,10045
32084,7,175,488,6838,7165
32086,9,170,383,8094,8383
32092,4,129,383,3297,3501
32095,1,12,28,214,230
32110,35,64,98,1214,1272
32114,203,487,705,7598,7963
32117,61,268,485,8203,8523
32118,57,166,326,5409,5621
32119,100,256,377,6851,7014
32124,0,29,79,1598,1672
32127,216,468,695,11331,11750
32128,59,207,362,7099,7290
32129,53,199,390,7297,7557
32132,0,70,134,3371,3480
32136,15,180,338,3560,3721
32137,105,578,1349,16401,17101
32141,0,58,212,7086,7225
32159,206,387,2955,12711,12828
32162,365,1155,6841,29825,30129
32163,51,208,361,4446,4557
32164,148,412,955,15759,16220
32168,125,355,459,9927,10282
32169,0,171,480,4585,4766
32174,149,709,1194,17672,18344
32176,0,279,649,7085,7387
32179,3,5,42,257,259
32195,2,5,65,310,312
32202,8,31,48,717,749
32204,43,113,219,2046,2120
32205,39,242,547,7497,7676
32206,267,457,591,5925,6211
32207,186,508,859,9207,9520
32208,176,480,686,9243,9557
32209,364,635,832,9736,10225
32210,51,623,1213,16040,16546
32211,0,157,378,7526,7762
32212,1,3,5,434,441
32216,52,493,745,9972,10329
32217,0,214,411,5054,5252
32218,18,473,964,16122,17209
32219,19,124,200,4464,4697
32220,58,160,228,4657,4778
32221,66,244,470,9045,9308
32222,21,50,110,3434,3513
32223,0,294,644,7417,7759
32224,29,329,928,9051,9428
32225,66,477,1168,15749,16177
32226,27,219,421,4976,5342
32227,8,17,26,535,551
32233,19,249,523,6026,6231
32244,270,422,844,16460,16696
32246,28,380,717,13669,13782
32250,133,663,1175,8784,9116
32254,95,299,403,4303,4434
32256,90,279,736,9563,9812
32257,53,417,886,10103,10445
32258,9,228,608,8955,9344
32259,14,785,1927,12816,13730
32266,10,89,260,2295,2414
32277,57,208,408,6891,7063
32301,5,172,349,4393,4570
32303,121,346,606,8210,8495
32304,204,494,677,4723,4916
32305,10,70,431,2442,2472
32308,50,165,352,4353,4485
32309,30,355,580,5602,5761
32310,65,168,228,2024,2130
32311,4,150,369,4025,4193
32312,0,351,769,6013,6405
32317,7,167,367,3050,3224
32333,0,0,0,6,7
32401,143,326,524,6528,6691
32403,0,13,33,912,924
32404,150,349,1023,12267,12367
32405,49,245,549,9543,9651
32407,31,209,360,4257,4364
32408,45,240,510,7150,7360
32409,17,51,78,1861,1886
32413,98,364,886,9470,9706
32444,0,129,346,6597,6706
32459,21,181,345,2456,2554
32466,11,66,163,1153,1179
32501,76,286,469,3746,3874
32502,45,132,199,1855,1912
32503,11,332,772,10172,10483
32504,0,263,518,7664,7840
32505,177,317,485,9079,9256
32506,167,457,825,10732,10966
32507,68,429,849,9223,9594
32508,5,13,20,409,414
32514,0,312,613,11179,11399
32526,0,143,468,12724,12906
32531,0,0,1,16,18
32533,81,384,640,11232,11511
32534,0,135,252,5713,5813
32536,28,87,186,2941,3037
32539,21,64,106,3391,3519
32561,0,2,4,23,24
32570,0,238,624,9501,9748
32571,22,223,659,10694,10984
32577,0,0,1,8,8
32583,54,152,304,5228,5332
32601,81,284,421,2851,3013
32603,52,137,199,614,669
32605,0,127,326,4837,5026
32606,100,291,476,4688,4874
32607,111,318,445,3690,3857
32608,142,693,1787,7891,8125
32609,47,97,178,3566,3829
32615,3,122,521,3240,3266
32617,9,29,119,557,563
32618,13,40,129,745,755
32640,0,0,0,1,1
32641,90,181,509,2950,2968
32653,13,275,856,4250,4352
32667,0,0,0,2,2
32669,1,39,92,1078,1129
32701,62,204,982,4628,4704
32702,1,3,9,39,39
32703,214,614,3340,13930,14087
32707,206,391,619,10270,10715
32708,84,604,1067,12711,13666
32709,4,9,15,183,188
32712,91,971,4081,14611,14990
32713,0,108,415,7967,8233
32714,126,289,1335,7243,7325
32720,148,386,2098,7215,7341
32724,73,282,556,8645,8964
32725,81,274,613,15559,15962
32726,61,211,1571,6673,6734
32730,22,40,220,1221,1227
32732,0,0,0,2,2
32735,11,30,342,1561,1562
32736,0,35,88,986,1038
32738,0,265,644,12113,12467
32744,4,20,39,982,1007
32746,0,383,864,9965,10621
32750,81,258,589,7451,7887
32751,100,452,1784,6016,6167
32754,33,76,167,2129,2176
32757,164,439,2196,8404,8508
32759,10,40,59,524,546
32763,30,178,432,5638,5833
32764,0,12,25,449,462
32765,0,952,1854,15306,16463
32766,73,354,866,4920,5376
32771,0,473,1057,12794,13586
32773,33,179,415,7684,8001
32776,0,63,189,3269,3451
32778,106,261,1843,8006,8071
32779,39,532,1821,6193,6410
32780,0,381,644,12738,12961
32784,32,85,492,1812,1831
32789,52,679,1446,7959,8368
32792,349,935,2953,12063,12213
32796,15,121,356,7426,7494
32798,6,33,287,1491,1503
32801,45,123,210,1446,1505
32803,57,391,2036,6876,7011
32804,28,622,2012,6525,6860
32805,130,321,1487,6017,6091
32806,59,607,2478,8092,8244
32807,36,282,1864,8966,9020
32808,188,575,2724,11508,11661
32809,166,360,1592,7052,7131
32810,213,392,2103,8326,8419
32811,152,278,1386,6517,6584
32812,132,424,2084,8584,8716
32814,8,133,508,1451,1512
32817,98,480,814,9127,9617
32818,236,562,2653,11007,11119
32819,164,709,2572,8660,8914
32820,3,133,327,3046,3256
32821,48,129,976,4703,4751
32822,282,527,2952,12029,12102
32824,13,419,2871,12438,12591
32825,34,608,3798,16476,16712
32826,102,327,579,6375,6675
32827,63,434,1360,3892,4043
32828,216,681,1329,15700,16298
32829,53,211,1318,5129,5202
32830,0,1,5,19,20
32832,0,322,1493,5059,5185
32833,24,115,193,3192,3334
32835,61,474,2291,8479,8628
32836,13,674,2103,6256,6525
32837,68,463,3229,13380,13462
32839,225,382,1706,6667,6756
32901,84,252,428,8097,8265
32903,5,232,527,4562,4703
32904,34,373,700,10951,11155
32905,7,180,322,7289,7469
32907,31,157,596,15363,15583
32908,9,26,109,4284,4327
32909,0,250,524,11006,11257
32920,16,86,149,2262,2297
32922,90,254,429,5076,5219
32925,1,17,30,299,308
32926,37,258,443,8913,9098
32927,83,271,636,10106,10294
32931,38,214,483,3983,4083
32934,109,421,748,6382,6627
32935,72,316,617,14012,14199
32937,0,463,898,8726,9012
32940,20,426,922,9357,9724
32949,4,59,101,1030,1061
32950,15,69,165,1996,2040
32951,46,299,484,4824,5019
32952,0,462,915,7890,8176
32953,99,369,811,8621,8819
32955,168,475,895,13493,13744
32958,8,22,43,911,930
32960,64,303,495,7733,7884
32962,20,205,371,9408,9671
32963,25,770,1728,7116,7722
32966,102,326,559,6993,7102
32967,12,240,492,5879,6015
32968,0,136,368,5442,5589
33004,46,236,413,3897,4107
33009,74,364,605,5717,5983
33010,134,276,481,7586,7752
33012,35,314,768,11194,11508
33013,122,349,544,7832,8003
33014,56,162,380,6848,6954
33015,0,273,641,11472,11686
33016,117,222,352,6329,6440
33018,34,367,815,11059,11220
33019,0,192,373,3068,3259
33020,11,249,573,10298,10633
33021,133,449,995,11427,11864
33023,110,552,773,17507,18207
33024,305,839,1316,18172,18725
33025,192,435,709,9667,9931
33026,0,381,737,7390,7739
33027,119,832,1730,12124,12732
33028,45,389,741,6807,7263
33029,0,547,1667,12203,13132
33032,19,40,74,1205,1218
33033,0,0,1,9,9
33054,125,273,484,7492,7734
33055,104,360,627,11296,11481
33056,37,305,471,8962,9137
33060,226,386,612,7893,8237
33062,30,275,519,4587,4811
33063,92,218,363,6242,6532
33064,0,560,1229,14707,15314
33065,0,98,219,4211,4403
33066,37,82,143,1664,1746
33067,0,2,5,38,40
33069,36,118,197,3126,3235
33071,3,92,204,2521,2635
33073,0,1,3,38,39
33109,0,18,42,74,87
33122,3,10,14,325,328
33125,110,337,596,7411,7701
33126,0,112,253,5678,5819
33127,52,209,443,6270,6453
33128,13,19,29,531,547
33129,16,116,187,1617,1693
33130,0,87,194,1722,1796
33131,0,15,31,147,155
33132,1,15,31,269,279
33133,0,475,1101,6464,6924
33134,138,482,1211,9144,9577
33135,94,267,387,5005,5146
33136,62,106,143,1351,1400
33137,41,178,289,2376,2469
33138,70,376,618,5994,6160
33139,53,195,350,2881,3030
33140,0,281,587,2901,3072
33141,7,162,253,3499,3617
33142,141,422,856,11239,11579
33143,95,734,1207,7197,7496
33144,45,193,354,6126,6332
33145,141,388,657,6674,6878
33146,0,377,847,3383,3626
33147,133,509,861,11713,12016
33149,3,201,434,1454,1590
33150,118,335,565,5938,6100
33154,28,188,352,1968,2080
33155,120,639,1172,12643,12936
33156,194,906,2016,8094,8732
33157,97,669,1350,11471,11872
33158,2,221,473,1932,2053
33160,38,147,278,2149,2201
33161,9,347,566,8829,8993
33162,67,278,509,9236,9457
33165,94,484,888,12847,13237
33166,111,268,608,6224,6388
33167,60,188,340,4408,4523
33168,0,103,262,6738,6821
33169,25,219,462,8088,8306
33170,21,42,72,922,943
33172,21,102,150,2916,2964
33173,0,336,638,6315,6543
33174,55,179,331,4430,4545
33176,103,618,1288,9624,10005
33178,22,191,399,4099,4238
33179,27,194,428,6443,6590
33180,15,154,343,2376,2478
33181,22,69,157,2388,2418
33183,0,1,1,8,8
33185,0,1,2,18,19
33189,0,85,255,5893,6039
33190,21,77,143,2579,2621
33301,0,149,350,3021,3183
33304,5,257,532,4099,4369
33305,15,237,496,3483,3655
33306,10,89,164,1082,1151
33308,50,308,736,5722,6074
33309,84,112,328,6538,6858
33311,145,453,986,15519,15924
33312,60,492,1087,13897,14582
33313,0,201,486,7902,8246
33314,42,224,435,5738,5967
33315,13,163,440,4042,4302
33316,26,190,393,2913,3113
33317,63,389,789,9783,10246
33319,36,91,194,3765,3896
33321,0,0,0,7,7
33322,47,228,512,9004,9393
33323,17,181,623,5231,5486
33324,96,376,886,8958,9420
33325,0,376,672,8323,8699
33326,23,262,847,7087,7480
33327,0,481,1227,5406,5969
33328,51,420,892,7874,8268
33330,0,341,856,4591,5001
33331,37,385,1147,6546,7101
33332,0,224,560,3069,3331
33334,18,315,568,8550,8856
33351,0,81,126,4295,4484
33401,5,196,441,4494,4695
33403,0,58,152,3235,3353
33404,146,482,827,8082,8358
33405,131,498,768,6417,6735
33406,73,294,494,6365,6525
33407,203,406,610,7496,7667
33408,0,293,581,4685,4897
33409,61,195,299,5829,6012
33410,11,501,1226,9896,10344
33411,14,83,163,1686,1749
33412,0,16,38,320,332
33413,8,97,172,2584,2640
33415,65,203,406,6956,7159
33417,44,183,355,5263,5463
33418,164,969,1915,10476,11142
33426,33,151,328,6351,6515
33431,5,280,623,4474,4658
33432,105,345,689,3927,4193
33433,29,295,692,6794,7046
33434,29,161,313,2715,2844
33435,101,330,605,8705,8989
33436,42,501,905,13241,13686
33437,31,88,192,2448,2539
33441,178,344,643,5970,6237
33442,31,211,348,5863,6112
33444,137,297,517,5642,5814
33445,92,326,685,7872,8156
33446,1,5,12,93,97
33455,53,436,784,8365,8739
33460,47,186,419,8949,9210
33461,102,316,478,8245,8433
33462,19,317,721,9059,9444
33463,69,343,766,10864,11242
33467,1,6,10,105,108
33469,0,0,0,5,5
33472,23,61,132,1369,1418
33480,9,307,731,2505,2803
33483,8,252,597,3557,3781
33484,37,138,254,3567,3683
33486,98,430,977,5915,6253
33487,46,167,369,2636,2789
33496,13,143,318,1446,1534
33510,61,182,357,7377,7529
33511,150,586,1022,13078,13378
33523,0,0,1,4,4
33527,111,271,494,4574,4724
33534,35,115,190,4315,4391
33543,108,462,3038,7415,7600
33544,11,198,1458,3618,3697
33545,0,0,1,3,3
33547,53,355,769,4870,5109
33548,25,267,833,2088,2182
33549,57,233,1991,5519,5639
33556,26,1072,3410,8173,8524
33558,132,723,2614,6541,6777
33559,118,221,1414,3711,3753
33563,101,217,303,7058,7159
33565,32,132,269,4422,4477
33566,0,178,413,6194,6257
33567,10,51,89,1917,1948
33569,0,400,733,7923,8123
33570,38,124,225,4659,4735
33572,47,474,994,7285,7479
33573,55,339,632,8810,9030
33578,215,505,846,12171,12386
33579,28,427,645,9111,9330
33584,150,346,606,7639,7733
33592,24,88,187,2287,2327
33594,23,390,906,11021,11296
33596,49,331,828,9298,9532
33598,0,107,197,3334,3400
33602,0,149,337,2091,2191
33603,46,211,480,5424,5612
33604,106,405,839,9336,9510
33605,114,329,544,5999,6195
33606,60,396,753,3930,4120
33607,50,379,651,6863,7027
33609,0,352,769,4929,5148
33610,184,471,850,9905,10069
33612,353,616,888,9710,9912
33613,174,388,579,5515,5642
33614,141,368,660,10494,10678
33615,85,447,762,11641,11870
33617,138,460,644,8917,9046
33618,79,379,796,7476,7697
33619,0,332,653,10432,10603
33624,133,326,797,11665,11907
33625,0,222,460,7334,7572
33626,102,939,3278,7999,8324
33629,27,741,1503,6027,6486
33634,61,171,422,5904,6038
33635,34,199,373,4663,4760
33637,54,102,134,3527,3582
33647,0,717,1678,15293,15912
33701,97,301,1624,3096,3177
33702,239,612,4774,9347,9423
33703,202,825,4510,8363,8626
33704,121,590,2890,5422,5612
33705,239,519,4039,8019,8160
33706,108,630,3168,6107,6272
33707,260,586,4194,8145,8245
33708,112,485,3077,6030,6105
33709,243,433,4114,8470,8600
33710,112,524,6027,12180,12392
33711,128,311,2692,5411,5505
33712,279,490,3766,7329,7419
33713,90,474,5400,11026,11195
33714,133,253,3022,6240,6284
33715,45,152,964,1779,1820
33716,38,112,1087,2187,2205
33755,189,473,3657,7102,7182
33756,263,580,4421,8796,8923
33759,112,307,2289,4517,4592
33760,104,190,1748,3641,3690
33761,141,367,2939,5957,6061
33762,23,177,1284,2542,2568
33763,84,211,2123,4124,4179
33764,251,619,4422,8719,8871
33765,101,251,2082,4088,4151
33767,53,233,1071,1922,1994
33770,157,470,3980,8051,8192
33771,263,405,4699,9985,10046
33772,197,446,4259,8356,8476
33773,251,502,3664,7224,7321
33774,102,241,2974,5913,5955
33776,129,492,2494,4720,4893
33777,66,342,2919,5844,5922
33778,165,374,3130,6179,6293
33781,345,643,4521,9041,9200
33782,98,401,4030,8002,8109
33785,66,201,1223,2351,2402
33786,28,136,487,844,893
33801,105,400,642,10094,10379
33803,154,462,647,9978,10142
33805,68,238,380,6603,6718
33809,35,248,443,8632,8738
33810,83,430,666,13525,13692
33811,65,253,522,7882,8053
33812,0,117,263,4532,4625
33813,25,728,1218,11901,12253
33815,112,262,428,5118,5252
33823,81,461,829,11021,11332
33825,109,287,1865,6687,6782
33827,7,26,133,489,496
33830,127,354,2304,8898,8970
33837,55,398,2944,10856,10977
33838,15,37,436,1595,1604
33839,0,55,109,1139,1170
33843,3,29,330,1311,1317
33844,262,511,3268,12188,12363
33848,4,6,17,42,43
33850,6,61,131,2841,2888
33852,1,10,67,251,254
33853,161,295,1372,4489,4535
33856,0,0,38,209,209
33859,4,114,1114,4194,4211
33860,74,213,346,7196,7292
33868,9,51,315,1135,1153
33870,171,427,2911,10472,10600
33872,26,197,1278,5085,5142
33875,28,116,727,2767,2804
33876,30,83,398,1472,1489
33880,425,850,3653,12858,13097
33881,363,727,3451,12638,12819
33884,73,400,2996,11924,12045
33896,60,176,1193,4539,4613
33897,118,314,2679,9714,9724
33898,65,134,1009,4013,4046
33901,89,385,704,5660,5766
33903,143,352,582,10759,10858
33904,132,500,1074,14245,14495
33905,201,439,904,12140,12353
33907,58,235,350,5097,5150
33908,210,839,1378,14248,14652
33909,119,307,524,9666,9825
33912,79,506,918,7522,7657
33913,51,514,1086,7923,8201
33914,103,718,1727,16539,16846
33916,54,271,466,5237,5340
33917,214,726,1310,13701,13943
33919,76,400,809,9171,9333
33920,11,100,219,2593,2663
33921,39,133,212,846,889
33922,24,95,178,2372,2404
33928,107,600,1137,8407,8702
33931,23,318,630,5386,5539
33935,0,0,0,5,5
33936,124,408,993,8679,8767
33946,0,102,199,1809,1852
33947,82,235,337,4970,5047
33948,0,179,328,7626,7720
33950,211,632,1076,10629,10895
33952,260,477,838,14077,14352
33953,53,152,277,3401,3482
33954,0,71,218,4092,4155
33955,23,167,390,4463,4574
33956,7,152,356,2361,2436
33957,72,431,934,4382,4588
33965,2,4,9,68,70
33966,40,152,266,2967,3038
33967,43,268,579,8361,8516
33971,0,178,340,7942,8055
33972,55,138,244,4494,4567
33973,43,114,260,2319,2352
33974,74,182,443,4824,4873
33976,29,57,247,4726,4754
33980,44,156,334,5440,5512
33981,46,183,360,5601,5640
33982,22,123,200,2961,3020
33983,52,140,274,5725,5777
33990,132,395,839,11682,11850
33991,119,264,392,8358,8443
33993,81,413,867,9664,9926
34102,37,417,986,4804,5078
34103,16,327,722,3666,3837
34104,16,178,428,7839,8000
34105,47,382,802,4354,4514
34108,92,597,1299,5963,6298
34109,45,519,1016,7029,7285
34110,98,602,1195,7628,7847
34112,63,308,643,8793,8938
34113,129,327,633,6505,6688
34114,35,368,652,6593,6794
34116,36,229,415,7011,7082
34117,0,93,178,2229,2266
34119,40,686,1292,9437,9820
34120,0,74,201,2439,2505
34134,58,556,1261,5845,6181
34135,0,543,1331,16917,17249
34142,0,0,0,1,1
34145,88,691,1499,6722,7082
34201,18,123,271,1854,1931
34202,44,415,763,5107,5356
34203,110,534,917,13269,13461
34205,105,314,618,9311,9397
34207,93,383,603,11232,11429
34208,247,535,751,9944,10098
34209,113,428,765,10871,11063
34210,32,220,384,3848,3916
34211,43,152,313,1909,1987
34212,0,210,474,3944,4104
34219,7,205,475,6384,6483
34221,78,453,984,15150,15432
34222,18,123,228,5689,5777
34223,135,518,991,10875,11044
34224,154,427,626,8868,8932
34228,11,271,493,2385,2526
34229,32,230,474,3351,3499
34231,95,568,1006,11345,11605
34232,105,443,875,11272,11494
34233,56,223,418,6788,6892
34234,21,212,481,6864,6984
34235,91,316,471,5114,5280
34236,41,271,529,2924,3041
34237,53,168,269,4721,4749
34238,124,471,988,7227,7513
34239,85,360,680,6211,6361
34240,0,203,518,3457,3601
34241,33,308,588,4417,4519
34242,4,374,714,3815,4013
34243,133,367,756,10773,10929
34250,0,13,27,233,240
34269,7,40,65,1438,1457
34275,182,488,1014,9125,9345
34285,55,336,636,8735,8962
34286,16,116,318,7653,7684
34287,72,288,505,11767,11911
34288,15,160,330,4691,4773
34289,1,7,18,725,729
34291,3,72,138,2949,2967
34292,99,339,558,6827,6919
34293,146,877,1499,17694,17987
34420,131,229,1031,5352,5401
34428,33,64,249,899,911
34429,49,177,702,2513,2570
34432,5,7,30,162,163
34434,0,1,11,39,40
34436,7,19,107,394,400
34442,60,103,689,2445,2485
34446,48,133,909,3351,3388
34448,76,146,674,2757,2779
34450,40,105,411,1478,1509
34452,82,121,725,2968,3001
34453,26,66,495,2305,2335
34461,15,49,451,1856,1882
34465,104,192,1328,5110,5126
34470,25,168,1036,6113,6175
34471,203,591,1994,8094,8272
34472,220,385,1788,9015,9070
34473,3,8,11,310,316
34474,32,211,972,5140,5220
34475,118,313,920,3669,3738
34476,102,358,1840,10039,10121
34479,94,237,846,4369,4418
34480,20,277,1376,6420,6506
34481,84,244,1136,6876,6918
34482,44,157,972,4831,4871
34484,17,68,275,951,968
34488,13,31,175,981,990
34491,19,278,1888,9068,9207
34601,113,170,898,2822,2856
34604,40,144,844,2467,2492
34606,178,334,3502,10929,11018
34607,0,125,281,3324,3411
34608,261,485,3890,12254,12329
34609,340,742,4944,15125,15264
34610,39,256,2084,5439,5506
34613,115,262,1865,6286,6356
34614,6,23,40,595,609
34638,74,454,2312,5459,5567
34639,59,383,2569,6393,6472
34652,259,506,4105,11055,11111
34653,61,257,4307,12066,12164
34654,134,318,2564,6942,6984
34655,67,819,5966,16226,16527
34667,165,561,5872,16230,16412
34668,378,916,7006,19704,19764
34669,59,224,2211,5813,5872
34677,154,540,3839,7415,7623
34679,0,0,0,23,23
34681,1,3,19,38,39
34683,49,581,5958,12065,12251
34684,161,536,4330,8704,8811
34685,119,441,2763,5368,5594
34688,46,222,1363,2590,2668
34689,219,740,5183,10074,10293
34690,64,153,2038,6320,6384
34691,272,544,3565,10235,10340
34695,70,465,3178,6145,6311
34698,128,590,6312,12508,12714
34705,0,6,96,439,442
34711,240,906,4717,17979,18257
34714,5,111,1167,5202,5260
34715,28,125,886,3972,4017
34731,49,127,820,3464,3495
34734,22,107,355,1396,1439
34736,2,8,54,222,226
34737,2,15,127,507,511
34741,221,352,2285,8042,8123
34743,149,310,2562,10545,10588
34744,81,380,3181,11270,11420
34746,378,913,4407,15234,15518
34747,105,674,3381,11212,11445
34748,23,232,2446,11406,11545
34756,0,53,277,960,976
34758,133,229,2968,11945,11994
34759,214,508,3203,11065,11177
34760,6,32,123,343,355
34761,163,614,3207,12176,12402
34762,0,5,29,106,107
34769,50,160,2213,8356,8398
34771,23,215,1469,4555,4602
34772,131,336,2532,9158,9317
34785,50,138,754,3083,3105
34786,131,1318,3681,10995,11530
34787,280,1457,5380,17728,18382
34788,161,315,1413,6289,6353
34797,4,42,145,479,495
34945,14,41,68,1059,1076
34946,131,313,455,2667,2741
34947,68,158,266,3559,3705
34949,26,96,219,2279,2359
34950,128,409,634,4802,4955
34951,0,158,296,6366,6517
34952,17,414,811,15980,16361
34953,55,218,391,8781,8999
34957,96,354,784,9099,9357
34981,0,1,7,264,268
34982,28,143,198,4490,4569
34983,155,498,762,14925,15314
34984,0,137,293,5719,5910
34986,17,236,650,8077,8297
34990,0,624,1309,9237,9881
34994,31,178,464,4806,4990
34996,56,160,409,3489,3601
34997,146,494,876,10683,10963
30002,0,0,0,1,2
30004,0,0,0,0,0
30005,0,0,0,8,8
30008,0,0,11,34,51
30009,23,23,30,42,46
30011,13,13,13,13,13
30012,85,85,93,100,108
30013,83,83,83,83,83
30014,0,0,0,0,0
30016,83,101,120,120,120
30017,20,34,41,41,41
30019,71,71,80,80,116
30021,13,17,19,21,21
30022,15,15,15,15,31
30024,19,38,77,115,154
30028,1,1,2,2,2
30030,29,29,33,37,37
30032,52,52,67,90,97
30033,35,40,53,58,62
30034,10,10,63,63,94
30035,0,5,5,30,44
30038,85,114,142,142,171
30039,0,0,0,0,0
30040,0,0,0,0,0
30041,0,0,0,0,0
30043,227,246,246,265,284
30044,108,108,162,162,198
30045,0,0,0,0,0
30046,44,71,98,116,151
30047,150,150,150,165,195
30052,0,0,0,0,0
30058,159,188,202,202,202
30060,98,106,114,130,146
30062,0,0,0,0,37
30064,45,45,45,45,45
30066,102,102,119,119,119
30067,105,105,122,122,146
30068,0,18,18,18,35
30071,0,5,5,10,20
30072,0,0,0,0,0
30075,15,30,30,30,30
30076,44,44,44,44,44
30078,77,77,87,87,97
30079,12,13,15,16,19
30080,64,73,73,91,109
30082,25,25,32,32,50
30083,17,42,68,68,84
30084,46,46,55,55,55
30087,87,87,87,87,104
30088,5,9,9,18,28
30092,87,93,99,99,105
30093,92,92,92,92,92
30094,44,53,61,61,70
30096,93,105,105,117,198
30097,12,12,25,37,112
30101,17,33,67,83,100
30102,8,8,17,33,41
30103,0,0,1,1,1
30106,17,40,52,58,63
30107,0,0,0,0,0
30114,0,14,20,34,41
30115,42,42,42,49,49
30116,1,1,2,3,4
30117,32,52,60,60,64
30120,2,2,2,2,2
30121,2,2,2,2,2
30122,67,82,92,101,125
30126,30,30,30,40,50
30127,52,52,70,70,122
30132,0,0,14,14,14
30134,133,142,161,161,171
30135,106,136,136,136,136
30137,1,1,1,1,1
30141,6,6,11,11,17
30144,181,193,230,242,254
30147,0,1,2,2,3
30152,87,87,96,106,125
30157,0,8,16,31,31
30161,73,78,90,95,95
30165,69,74,80,85,101
30168,24,24,24,24,24
30173,1,1,1,1,1
30180,0,0,0,0,0
30187,0,0,0,0,0
30188,64,80,80,80,80
30189,13,19,25,25,25
30205,1,1,1,2,2
30213,0,0,0,0,0
30214,0,17,44,52,52
30215,21,21,21,21,21
30223,5,9,12,13,13
30228,231,244,258,258,258
30234,0,0,0,0,0
30236,31,52,84,84,94
30238,96,124,134,182,191
30248,0,0,0,0,23
30252,38,38,38,38,38
30253,33,49,49,49,49
30260,46,58,64,92,110
30268,31,31,31,36,36
30269,0,0,0,0,0
30273,76,81,90,94,103
30274,169,196,229,243,243
30276,0,0,0,2,2
30277,12,15,27,44,63
30281,145,145,163,163,181
30288,55,57,65,65,65
30290,0,0,0,0,0
30291,0,0,0,0,16
30294,12,12,50,112,124
30296,19,25,37,62,68
30297,52,57,57,66,85
30305,23,29,32,35,40
30306,0,0,4,4,11
30307,17,20,23,26,29
30308,12,14,18,22,27
30309,34,34,37,43,45
30310,57,88,114,129,134
30311,57,73,97,114,122
30312,35,43,43,55,66
30313,1,2,2,3,5
30314,91,115,129,139,157
30315,41,66,96,122,137
30316,175,175,181,181,188
30317,0,0,2,2,7
30318,33,41,66,83,107
30319,63,70,70,76,76
30324,38,38,38,40,40
30326,0,0,1,1,1
30327,13,13,13,13,43
30328,18,30,42,48,54
30329,24,27,35,41,43
30331,113,136,147,193,227
30336,26,27,27,30,34
30337,0,6,18,20,24
30338,0,0,0,0,0
30339,4,8,8,8,15
30340,0,4,9,9,17
30341,0,0,10,35,55
30342,0,0,0,0,0
30344,53,58,63,68,83
30345,15,15,15,18,18
30346,0,0,0,0,0
30349,203,222,277,314,370
30350,39,49,54,54,64
30354,47,58,63,68,72
30360,0,3,9,12,15
30363,2,2,3,3,3
30458,134,144,155,160,165
30461,4,6,7,7,9
30501,0,13,20,33,59
30504,0,0,0,0,4
30506,0,0,1,2,2
30507,17,18,18,19,20
30517,5,5,8,9,10
30518,44,55,76,87,120
30519,33,56,78,78,89
30542,0,0,0,0,17
30548,19,19,21,22,26
30564,0,0,0,0,0
30565,0,0,0,0,0
30566,24,28,28,31,31
30601,284,290,313,354,377
30605,292,319,336,363,407
30606,48,72,96,131,155
30607,19,19,21,27,27
30619,0,0,0,0,0
30620,0,0,0,0,0
30621,0,0,0,0,0
30622,8,8,8,8,11
30646,2,2,3,5,5
30655,0,0,0,0,0
30677,0,0,0,0,0
30680,0,0,0,0,0
30683,11,12,12,13,14
30701,0,10,26,42,47
30705,32,32,32,32,32
30707,0,0,0,0,1
30720,10,20,26,31,41
30721,37,37,37,67,91
30725,5,9,13,18,18
30735,0,0,0,0,1
30736,122,131,131,131,141
30738,0,0,0,0,0
30740,0,0,0,0,0
30741,0,0,0,0,20
30742,28,28,35,35,38
30750,0,0,0,0,0
30755,0,0,0,0,0
30757,0,0,0,0,0
30802,0,0,0,0,0
30805,2,2,2,3,3
30809,85,85,85,85,85
30813,88,110,122,122,122
30815,113,113,113,130,130
30901,239,253,281,295,316
30904,211,251,282,292,332
30905,1,2,5,5,5
30906,102,142,285,326,346
30907,63,63,110,125,125
30909,64,77,103,141,167
31005,0,0,0,0,9
31008,22,28,30,30,41
31020,0,0,0,0,0
31028,2,4,4,6,9
31030,4,6,7,8,9
31032,0,0,0,0,0
31047,15,16,17,17,17
31052,3,4,4,5,5
31088,51,68,68,68,103
31093,98,134,152,170,179
31098,1,2,2,2,3
31201,95,105,131,159,172
31204,156,174,220,257,275
31206,338,396,444,512,512
31210,0,0,0,0,0
31211,50,61,79,82,93
31216,3,4,4,4,4
31217,143,158,169,184,195
31220,4,6,6,6,6
31301,0,1,1,1,1
31302,3,5,5,7,7
31313,66,82,93,104,110
31315,12,15,15,16,18
31322,36,36,43,57,64
31324,0,0,0,0,0
31401,209,225,241,257,268
31404,0,7,13,33,60
31405,132,142,142,163,193
31406,81,81,103,118,132
31407,9,10,11,12,17
31408,35,35,35,35,38
31410,11,16,21,27,27
31411,3,3,5,5,5
31415,139,151,158,166,170
31419,0,0,21,64,75
31520,14,20,25,29,35
31523,17,18,18,18,18
31525,0,0,0,9,9
31601,76,115,145,176,237
31602,112,136,152,176,208
31605,0,0,0,15,31
31606,4,5,5,6,6
31632,4,5,6,9,12
31636,0,0,0,0,0
31701,186,210,223,247,266
31705,229,251,258,281,317
31707,31,56,69,81,87
31721,96,96,96,111,127
31763,27,27,38,55,71
31791,1,1,1,2,2
31808,2,2,2,2,2
31820,1,1,1,1,1
31901,38,53,59,65,71
31903,204,210,235,272,278
31904,100,123,123,123,123
31905,25,25,37,43,52
31906,27,66,146,173,199
31907,88,176,211,228,263
31909,78,78,89,112,123
96701,760,8002,8174,8174,8174
96706,1154,15664,15838,15838,15838
96707,725,9429,9544,9544,9544
96720,295,4482,4536,4536,4536
96725,8,104,105,105,105
96732,405,5997,6045,6045,6045
96734,640,6129,6210,6210,6210
96740,778,9838,9978,9978,9978
96744,982,9711,9929,9929,9929
96753,692,8344,8453,8453,8453
96761,476,5320,5352,5352,5352
96779,73,903,912,912,912
96782,719,8901,8982,8982,8982
96786,362,5859,5930,5930,5930
96789,1032,13388,13578,13578,13578
96793,532,7175,7277,7277,7277
96795,2,26,26,26,26
96797,1149,13084,13378,13378,13378
96813,301,3361,3412,3412,3412
96814,96,1136,1157,1157,1157
96815,192,2746,2782,2782,2782
96816,1311,13107,13361,13361,13361
96817,627,8024,8138,8138,8138
96818,458,8223,8306,8306,8306
96819,753,8380,8560,8560,8560
96821,960,6367,6543,6543,6543
96822,594,6515,6601,6601,6601
96825,834,7807,7958,7958,7958
96826,179,2590,2630,2630,2630
50007,0,1,14,29,30
50009,18,278,2863,5871,6010
50010,326,4292,5145,5240,5255
50014,231,2233,2649,2693,2714
50021,0,351,3669,7234,7406
50023,0,399,4753,9487,9701
50035,4,72,889,1720,1750
50047,4,72,1106,2083,2097
50061,0,64,339,587,614
50073,1,10,52,101,106
50105,12,254,305,309,310
50109,3,49,307,549,573
50111,0,172,2122,4327,4385
50131,26,543,3292,6130,6328
50134,4,45,56,57,57
50156,2,46,52,53,53
50201,0,4,5,5,5
50211,6,138,1645,3071,3121
50226,203,1328,1570,1629,1637
50237,0,17,245,496,504
50248,0,3,4,4,4
50265,51,453,5167,10056,10252
50266,15,290,2452,4746,4888
50309,0,31,417,848,863
50310,29,172,3504,7059,7152
50311,26,131,1423,2834,2887
50312,20,259,1695,3174,3287
50313,56,146,2661,5558,5598
50314,47,145,1066,2063,2100
50315,156,260,4205,8514,8591
50316,29,106,1759,3599,3621
50317,117,361,5677,11460,11600
50320,14,228,2355,4644,4734
50321,2,77,893,1787,1812
50322,101,466,4952,9923,10055
50323,0,186,763,1339,1417
50324,0,74,802,1614,1639
50325,0,241,1716,3372,3463
50327,12,200,1902,3738,3842
50613,688,6739,9588,9745,9824
50626,0,1,6,21,22
50634,0,0,17,75,75
50643,33,467,682,690,695
50647,0,0,2,7,7
50648,0,0,0,1,1
50651,1,22,31,32,32
50667,3,7,78,320,323
50701,43,365,2361,8454,8585
50702,57,210,1460,6267,6337
50703,80,165,1477,5608,5631
50707,0,40,677,2668,2682
51054,5,98,916,1595,1631
51101,19,48,248,408,420
51103,36,88,2226,3938,3974
51104,50,232,2784,4928,5004
51105,0,71,1106,1961,1979
51106,37,295,4141,7200,7332
51108,9,69,793,1418,1438
51109,3,16,571,1035,1043
51111,0,0,137,245,245
51501,108,445,9203,13305,13440
51503,62,474,6973,10115,10248
51510,9,52,1065,1545,1561
51526,0,5,86,130,133
52001,384,6756,9023,9087,9142
52002,71,1381,1888,1907,1915
52003,125,1533,2074,2112,2118
52227,57,853,1039,1058,1060
52228,68,525,662,681,685
52233,118,1548,1889,1920,1928
52240,327,3467,4639,4700,4738
52241,63,224,1298,3785,3879
52242,0,3,14,48,49
52245,50,209,1238,3420,3498
52246,28,325,1283,3276,3383
52302,664,9486,11656,11822,11882
52314,1,19,24,24,24
52317,4,46,61,62,62
52324,5,196,244,245,246
52328,71,809,1018,1035,1040
52333,0,2,2,2,2
52338,4,29,36,37,37
52341,16,168,204,210,210
52401,32,422,520,529,532
52402,428,8452,10236,10434,10444
52403,338,4716,5825,5902,5938
52404,447,9718,11942,12039,12075
52405,272,5944,7266,7325,7347
52411,429,2056,2569,2714,2733
52722,57,784,5077,10960,11301
52748,17,242,293,298,299
52753,16,70,672,1453,1479
52801,6,14,96,206,209
52802,33,157,1410,3267,3307
52803,31,257,2276,5020,5113
52804,6,200,2623,6142,6211
52806,366,6910,8008,8081,8130
52807,8,202,1774,3857,3912
83201,139,2535,9803,9902,9922
83202,95,1323,5195,5248,5264
83204,68,920,3332,3383,3393
83209,0,4,11,11,11
83301,243,7903,16016,16178,16194
83328,9,467,981,988,988
83341,15,608,1211,1225,1225
83401,113,2176,10112,10245,10245
83402,136,1277,7465,7541,7548
83404,199,1686,6689,6853,6860
83406,97,1122,4779,4852,4857
83427,2,125,540,542,542
83501,47,692,11537,11713,11748
83605,130,2975,10742,10796,10840
83607,125,1678,5891,5927,5945
83616,403,3944,9753,10066,10086
83634,10,218,625,634,634
83642,287,5772,15625,15960,15960
83644,0,5,18,18,18
83646,356,6642,18481,18724,18743
83651,72,2863,10170,10252,10252
83669,28,510,1436,1462,1463
83686,209,4367,14757,14891,14906
83687,24,3415,11681,11763,11775
83702,191,2270,6018,6165,6171
83703,169,1797,5175,5265,5270
83704,96,3748,11956,12052,12064
83705,83,2533,8221,8287,8296
83706,182,3111,8950,9114,9123
83709,268,6728,20329,20618,20639
83712,91,904,2382,2456,2456
83713,242,3422,9533,9649,9658
83714,201,2873,7506,7699,7722
83716,162,1908,5082,5223,5228
83814,7,487,6781,7000,7049
83815,0,468,11693,11933,11969
83833,0,2,48,49,49
83835,39,350,7589,7737,7776
83854,58,438,14333,14508,14581
83858,0,208,3960,4074,4082
60002,0,17,238,388,505
60004,30,45,268,476,640
60005,21,38,100,131,168
60007,0,51,122,356,489
60012,0,0,1,2,3
60014,0,0,159,284,388
60015,6,25,436,821,1143
60016,88,164,274,493,712
60018,37,66,139,220,308
60022,5,9,111,309,431
60025,48,143,486,781,1086
60026,16,36,226,371,507
60029,2,3,9,16,24
60030,11,66,252,614,790
60031,10,42,365,688,855
60033,0,0,1,3,4
60034,0,2,12,27,33
60035,46,154,541,911,1228
60040,0,2,23,51,71
60041,0,0,1,1,2
60043,2,6,57,114,158
60044,10,27,86,184,299
60045,18,18,375,704,1050
60046,0,9,264,461,678
60047,0,9,27,44,58
60048,34,289,620,985,1375
60053,0,21,218,310,415
60056,36,71,83,356,640
60060,29,59,106,276,459
60061,0,15,179,303,486
60062,0,68,364,1024,1502
60064,62,93,149,192,220
60068,20,102,487,1036,1432
60069,0,7,85,172,249
60070,29,31,63,109,162
60071,0,0,0,1,1
60073,0,35,116,289,440
60076,51,110,177,396,615
60077,41,78,140,207,295
60083,3,20,85,179,241
60084,1,2,5,8,11
60085,62,99,149,298,422
60087,26,38,96,147,211
60088,3,6,10,18,23
60089,0,138,471,757,978
60090,29,76,147,241,317
60091,0,0,272,674,1014
60093,0,53,374,699,990
60096,11,40,82,114,142
60097,3,13,20,26,33
60098,0,72,199,343,415
60099,63,164,297,344,414
60101,0,19,131,253,357
60102,2,2,32,76,123
60103,0,0,255,639,929
60104,0,5,30,94,133
60106,54,58,81,112,130
60107,8,83,248,399,459
60108,0,23,175,305,435
60110,5,9,18,24,32
60118,0,1,4,9,13
60119,1,1,7,13,21
60120,22,22,53,98,115
60123,22,35,47,125,173
60124,0,0,91,260,433
60126,0,117,703,1094,1589
60130,58,67,113,182,243
60131,36,62,88,149,206
60133,48,104,175,279,398
60134,59,92,419,863,1139
60136,0,12,40,64,124
60137,88,114,412,693,1009
60139,20,33,132,198,251
60140,0,0,31,79,117
60141,0,0,0,0,0
60142,143,164,307,502,666
60143,6,6,73,135,216
60148,0,62,345,652,813
60153,44,78,172,245,339
60154,0,0,79,177,293
60155,50,79,131,169,197
60156,5,16,112,219,278
60157,1,7,24,43,59
60160,0,0,47,100,121
60162,7,11,29,64,95
60163,2,3,17,24,32
60164,40,90,125,169,194
60165,0,2,4,10,13
60169,0,0,2,4,5
60171,7,17,51,71,90
60172,33,66,236,341,465
60173,0,1,5,8,11
60174,34,76,244,396,548
60175,0,0,116,422,728
60176,47,55,74,105,124
60177,0,0,170,310,456
60180,0,0,1,1,2
60181,65,102,240,342,400
60184,0,1,33,61,99
60185,16,32,202,429,534
60187,45,95,267,414,598
60188,38,58,106,375,548
60189,21,48,200,504,677
60190,12,18,83,187,245
60191,0,4,80,99,135
60193,96,125,154,260,413
60194,0,2,23,37,54
60201,0,58,233,466,619
60202,17,26,128,218,338
60203,3,6,40,97,146
60301,1,3,5,8,10
60302,0,30,240,432,587
60304,0,4,160,316,438
60305,0,0,98,227,347
60402,45,75,210,404,569
60403,36,55,100,132,178
60404,0,12,146,225,395
60406,18,53,97,154,203
60409,77,145,221,289,357
60410,3,6,27,46,63
60411,43,244,489,719,819
60415,30,44,71,79,91
60417,4,9,28,45,66
60419,77,115,153,214,246
60421,0,0,2,4,6
60422,5,27,121,182,249
60423,0,0,371,685,989
60425,31,42,58,89,105
60426,61,165,263,348,416
60428,24,50,88,127,147
60429,0,67,135,206,290
60430,30,47,99,167,240
60431,0,42,108,198,294
60432,79,116,148,199,236
60433,35,59,74,114,141
60435,25,137,275,424,524
60436,100,130,148,178,204
60438,42,76,208,278,333
60439,37,89,282,496,652
60440,124,161,309,433,606
60441,20,40,247,426,604
60442,0,0,4,8,13
60443,72,108,197,305,389
60445,80,120,160,223,309
60446,11,53,126,211,326
60447,0,0,1,4,6
60448,43,64,236,436,565
60449,0,1,2,4,5
60451,0,52,187,520,666
60452,0,0,118,213,302
60453,0,133,295,516,782
60455,42,71,80,118,164
60456,0,5,9,11,13
60457,7,49,84,130,172
60458,13,26,50,89,115
60459,40,56,88,248,408
60461,26,43,75,113,149
60462,32,54,289,461,665
60463,19,34,133,240,319
60464,18,23,112,195,289
60465,4,8,65,119,161
60466,84,98,120,149,182
60467,30,37,252,505,705
60469,6,10,17,31,39
60471,51,82,118,141,169
60472,14,24,36,47,58
60473,20,104,169,228,273
60475,16,28,35,44,47
60476,0,6,10,17,24
60477,103,141,178,309,440
60478,48,57,101,159,238
60480,0,1,46,69,93
60482,46,53,58,75,97
60484,0,0,0,0,0
60487,7,73,262,379,510
60490,30,48,228,438,613
60491,0,30,234,468,680
60501,29,40,71,103,137
60502,0,0,200,394,567
60503,12,12,122,193,260
60504,0,17,125,308,533
60505,0,0,135,248,361
60506,177,248,438,627,757
60510,47,54,187,396,583
60512,0,0,4,11,16
60513,0,11,133,216,315
60514,0,27,75,207,353
60515,71,99,348,646,831
60516,24,24,197,385,527
60517,42,63,162,303,473
60519,0,0,0,0,1
60521,0,5,289,682,1003
60523,60,95,225,348,456
60525,65,65,325,513,724
60526,7,18,79,164,257
60527,43,149,383,639,823
60532,29,47,192,356,478
60534,8,34,54,71,85
60538,37,62,69,125,169
60540,65,87,424,956,1390
60542,25,30,85,216,407
60543,21,53,201,413,688
60544,24,48,275,372,598
60546,23,36,122,230,356
60554,1,2,9,16,24
60555,13,27,84,158,208
60558,0,0,202,432,684
60559,41,53,159,318,424
60560,0,0,10,37,70
60561,26,85,249,393,484
60563,0,22,195,469,642
60564,25,50,568,1186,1969
60565,0,0,584,1035,1366
60585,0,7,192,508,721
60586,0,68,450,723,982
60601,0,0,4,7,11
60602,0,0,1,2,3
60603,0,0,2,5,6
60604,1,2,4,7,9
60605,8,12,26,41,59
60606,0,1,2,4,7
60607,12,38,129,184,247
60608,164,206,350,483,576
60609,189,308,509,710,923
60610,7,21,60,119,159
60611,3,5,14,28,40
60612,0,96,230,331,479
60613,16,31,70,175,300
60614,69,111,361,638,915
60615,30,75,126,210,263
60616,30,105,211,296,406
60617,270,425,637,811,985
60618,142,171,427,769,1282
60619,236,428,663,914,1091
60620,207,542,701,845,909
60621,196,334,432,513,594
60622,81,88,228,515,787
60623,153,329,482,647,718
60624,136,208,257,296,354
60625,0,0,223,418,567
60626,0,30,61,110,152
60628,91,242,423,590,892
60629,43,217,412,520,628
60630,77,153,307,664,971
60631,0,25,320,566,787
60632,64,144,207,383,495
60633,26,55,102,150,183
60634,53,105,281,526,789
60636,113,200,304,417,495
60637,52,162,236,377,503
60638,0,54,234,630,900
60639,187,280,360,586,693
60640,13,43,104,225,286
60641,119,155,287,478,669
60642,0,0,83,171,236
60643,35,150,324,555,740
60644,76,165,241,317,400
60645,0,0,66,143,269
60646,53,68,227,447,758
60647,0,78,333,709,964
60649,139,197,272,352,416
60651,168,287,386,515,595
60652,132,286,385,506,594
60653,85,125,191,236,279
60654,1,3,27,47,63
60655,48,62,198,403,561
60656,37,37,112,181,281
60657,40,51,226,441,559
60659,11,50,122,194,278
60660,0,8,65,108,144
60661,1,2,6,12,18
60706,7,20,141,229,289
60707,124,153,258,431,546
60712,7,39,139,285,406
60714,32,96,168,367,503
60803,16,79,179,273,336
60804,136,217,299,353,448
60805,46,46,80,189,292
60827,86,195,261,375,480
60901,100,147,212,353,405
60910,1,2,3,4,5
60914,25,38,55,131,186
60915,12,14,22,31,39
60922,0,0,0,0,0
60964,0,0,0,0,0
61008,0,27,128,247,347
61011,0,0,40,102,162
61016,0,6,48,72,98
61025,0,0,2,7,11
61065,10,42,87,119,138
61072,0,1,2,3,4
61073,0,0,52,132,201
61101,82,164,220,296,346
61102,21,69,144,181,224
61103,0,54,127,221,342
61104,56,117,188,234,310
61107,82,172,309,427,508
61108,0,61,149,228,289
61109,105,174,261,322,357
61111,38,68,129,242,325
61114,10,34,116,179,246
61115,8,41,147,252,285
61201,0,0,0,0,0
61239,0,0,0,2,3
61240,2,2,2,2,5
61241,0,0,0,0,3
61244,0,0,0,0,89
61256,0,0,2,4,5
61264,0,0,0,0,6
61265,0,0,40,40,66
61273,0,0,0,0,0
61275,0,0,0,0,0
61282,0,0,0,20,42
61284,0,0,0,0,0
61301,19,32,67,88,126
61320,0,0,0,0,1
61341,9,13,19,26,33
61348,0,9,17,31,46
61350,0,11,95,174,222
61354,0,8,34,80,110
61362,4,8,28,44,59
61364,78,102,136,167,194
61373,0,0,0,1,2
61523,10,12,17,24,27
61525,0,0,74,181,312
61526,0,0,0,0,0
61528,0,3,26,67,109
61535,0,0,10,23,34
61536,0,0,0,1,1
61547,0,1,3,8,13
61548,4,8,14,42,62
61550,10,15,25,48,73
61554,13,131,209,261,313
61568,0,0,4,8,12
61571,10,15,52,90,114
61602,28,40,57,74,88
61603,71,102,142,186,239
61604,0,86,206,275,378
61605,92,142,192,248,280
61606,7,23,42,64,92
61607,0,13,48,104,152
61610,24,29,39,44,52
61611,0,91,155,227,300
61614,85,116,162,308,393
61615,0,35,155,388,578
61616,25,30,42,70,84
61701,63,225,306,378,450
61704,0,0,126,346,619
61705,11,45,71,150,286
61725,0,0,1,1,2
61748,0,0,0,1,1
61761,67,246,391,727,928
61772,0,0,0,0,0
61776,0,1,5,11,16
61801,61,144,220,348,435
61802,0,46,115,166,212
61814,0,0,0,1,2
61817,0,0,1,3,5
61820,30,174,331,436,536
61821,21,71,149,255,333
61822,46,83,125,208,309
61832,7,119,203,294,350
61833,0,1,5,9,13
61834,0,3,7,10,15
61841,0,0,0,0,0
61858,0,0,1,2,3
61864,0,1,1,2,2
61874,0,11,54,83,122
61880,0,0,0,0,1
61883,4,6,14,21,28
62025,0,0,1,1,2
62034,9,16,55,78,128
62040,94,282,423,549,705
62059,2,7,17,27,35
62060,18,36,48,64,84
62062,0,5,54,73,106
62090,2,8,17,20,25
62201,2,56,96,156,180
62203,0,46,89,121,149
62204,28,74,102,125,152
62205,52,114,156,202,221
62206,15,60,90,105,144
62207,55,85,108,138,161
62208,34,96,136,193,255
62221,1,3,7,12,18
62223,34,88,119,173,224
62226,8,14,40,69,101
62232,5,34,73,115,147
62234,68,135,232,348,444
62236,0,1,7,16,23
62239,11,19,34,51,64
62240,0,4,11,15,18
62260,0,1,7,11,15
62269,12,14,43,74,105
62521,36,85,134,200,243
62522,0,26,63,97,140
62523,2,13,18,25,31
62526,0,79,183,314,399
62535,0,0,19,38,56
62544,0,0,0,0,1
62549,3,3,22,33,56
62554,0,0,1,2,2
62558,1,2,3,4,5
62561,2,7,10,18,25
62563,8,13,47,100,123
62625,0,0,4,7,9
62629,23,50,59,136,191
62670,0,0,0,1,1
62677,0,0,0,2,3
62684,0,3,29,59,86
62701,0,3,8,12,15
62702,190,279,413,536,636
62703,55,166,259,416,554
62704,88,143,265,375,441
62707,0,0,6,53,100
62711,28,97,222,296,398
62712,14,45,118,166,225
62957,1,2,4,4,6
62960,1,2,3,4,5
46001,0,0,0,0,0
46011,87,116,131,151,174
46012,71,84,109,134,168
46013,134,155,193,230,289
46016,301,322,394,422,522
46017,16,18,19,24,29
46032,152,593,1132,1463,1753
46033,233,630,1004,1296,1646
46037,0,491,871,1208,1587
46038,336,465,607,800,1020
46040,0,85,155,237,292
46051,14,17,22,25,26
46052,18,24,29,33,37
46055,4,74,157,227,288
46056,3,3,4,5,5
46060,92,198,329,553,751
46062,279,372,472,604,720
46064,19,33,57,90,121
46068,2,3,4,4,4
46069,3,5,6,7,8
46074,32,298,595,850,1073
46075,21,38,53,69,94
46077,243,562,740,992,1367
46106,153,210,268,314,363
46107,9,9,22,40,49
46110,3,5,6,6,9
46111,2,3,3,4,5
46112,66,384,516,675,860
46113,60,115,120,131,153
46118,0,0,0,0,1
46122,2,3,3,4,5
46123,382,537,668,835,895
46124,0,1,1,1,1
46126,27,35,50,63,75
46130,9,11,15,18,20
46131,280,420,541,597,643
46140,20,29,42,50,65
46142,0,128,246,305,433
46143,321,536,696,839,1018
46151,42,55,67,79,87
46158,232,264,359,447,527
46162,3,4,4,4,5
46163,12,49,105,160,216
46167,17,23,29,33,36
46168,173,255,356,469,530
46181,0,0,1,1,1
46184,112,141,156,166,185
46201,408,521,646,770,861
46202,99,184,301,369,454
46203,282,409,494,635,762
46204,18,28,34,46,51
46205,46,220,334,463,577
46208,148,192,253,334,457
46214,76,94,170,214,265
46216,7,18,26,35,41
46217,110,199,265,376,409
46218,327,510,633,796,950
46219,259,333,480,579,739
46220,124,292,381,513,637
46221,48,96,153,220,268
46222,149,189,229,289,359
46224,94,165,267,346,401
46225,41,77,99,126,164
46226,173,334,484,611,692
46227,143,215,258,344,459
46228,50,71,105,151,202
46229,46,92,211,257,284
46231,12,36,71,95,99
46234,41,116,232,306,381
46235,380,417,481,546,592
46236,256,430,574,789,932
46237,103,116,282,359,488
46239,76,173,282,379,401
46240,61,148,204,226,278
46241,207,248,321,331,383
46250,42,83,120,153,222
46254,107,117,185,253,311
46256,70,210,327,436,491
46259,80,178,301,371,446
46260,69,117,233,336,439
46268,76,124,179,234,275
46278,26,104,148,200,252
46280,16,41,68,92,121
46304,188,222,265,329,773
46307,61,73,89,102,318
46311,199,228,292,339,1258
46312,531,611,662,713,1535
46319,159,198,208,253,853
46320,223,252,281,358,723
46321,459,544,615,692,1392
46322,236,297,327,350,1308
46323,301,362,381,405,1056
46324,243,268,299,343,947
46327,113,126,150,157,502
46341,2,3,3,4,14
46342,255,286,378,429,1696
46350,4,6,7,8,10
46360,312,410,439,488,536
46368,373,443,494,574,1592
46373,72,97,117,132,230
46375,277,394,489,562,1379
46383,387,454,498,603,1362
46385,344,422,457,499,1336
46391,0,1,1,1,2
46393,0,0,0,0,2
46394,161,193,221,277,739
46402,131,147,165,200,449
46403,206,223,247,311,707
46404,412,458,510,584,1093
46405,140,153,179,199,550
46406,98,114,136,173,434
46407,395,431,486,590,1045
46408,207,216,233,276,656
46409,118,136,147,179,435
46410,434,454,535,636,1776
46530,373,540,714,794,913
46544,221,253,326,389,494
46545,160,203,247,283,319
46554,0,0,0,0,0
46561,14,23,31,34,41
46601,96,113,134,154,188
46613,158,179,197,222,283
46614,275,346,399,470,524
46615,112,145,182,196,224
46616,41,46,51,60,68
46617,133,175,218,260,296
46619,205,242,316,366,409
46628,216,264,328,392,457
46635,51,62,74,86,107
46637,113,149,180,221,230
46706,0,0,0,1,1
46723,7,8,9,12,14
46725,2,2,3,4,5
46741,6,8,9,10,11
46745,1,1,2,2,3
46748,84,104,120,142,177
46765,53,83,108,141,163
46774,51,92,113,118,138
46783,11,21,28,34,40
46788,4,5,7,8,9
46798,1,1,1,2,2
46802,77,95,117,148,175
46803,181,205,230,259,298
46804,208,334,434,542,669
46805,145,197,230,296,349
46806,217,232,246,253,297
46807,90,105,125,136,176
46808,212,250,311,341,409
46809,93,114,143,153,171
46814,310,425,536,652,731
46815,178,218,275,299,315
46816,134,182,212,221,282
46818,119,171,216,260,349
46819,43,56,69,69,69
46825,123,170,246,275,303
46835,196,305,404,436,523
46845,260,419,561,704,846
46901,272,316,360,395,448
46902,163,230,306,325,373
46914,0,0,0,0,0
46932,2,4,4,5,6
47106,3,4,4,4,5
47111,148,207,242,277,346
47117,2,3,5,7,9
47119,76,103,124,144,160
47129,143,183,215,228,267
47130,298,398,448,514,630
47141,0,0,0,0,0
47143,9,12,16,18,19
47150,636,745,855,927,1164
47172,219,265,318,424,484
47201,259,314,400,471,573
47203,168,203,241,283,314
47226,1,1,1,1,2
47280,5,8,9,11,12
47302,344,387,455,498,645
47303,211,275,328,375,468
47304,234,309,350,399,433
47305,86,104,117,124,168
47320,1,1,1,1,1
47334,11,15,20,24,29
47342,1,1,2,2,2
47356,3,4,4,4,5
47383,0,0,0,0,0
47396,23,30,43,57,68
47401,684,767,850,980,1137
47403,232,283,326,369,404
47404,221,287,347,377,430
47408,224,250,280,318,355
47429,24,30,41,55,66
47601,3,4,5,15,63
47610,20,23,26,73,253
47630,623,738,808,1604,5354
47708,29,32,36,50,124
47710,254,284,371,767,2857
47711,410,482,542,1217,5422
47712,169,191,240,523,2446
47713,173,205,254,492,1523
47714,376,455,485,939,4579
47715,403,437,523,1011,4077
47720,241,265,295,531,2241
47725,189,211,265,454,1518
47802,218,319,412,445,563
47803,261,302,337,366,441
47804,98,118,163,196,248
47805,135,161,176,199,221
47807,207,236,321,369,428
47863,1,1,1,1,1
47871,0,0,0,0,0
47874,0,0,0,0,1
47885,33,56,84,94,111
47901,25,36,38,49,53
47904,129,190,229,285,313
47905,114,180,212,262,311
47906,664,734,850,919,989
47909,83,158,233,283,316
47920,2,4,4,5,7
47932,0,1,1,1,1
47982,0,0,0,0,0
47993,0,0,0,0,0
66012,0,0,1,1,1
66013,8,12,15,17,19
66024,2,2,2,2,2
66025,42,54,75,84,94
66030,7,11,13,15,16
66044,229,257,275,312,339
66046,53,75,88,114,136
66047,150,177,212,221,239
66049,450,572,626,695,740
66050,1,1,1,1,2
66052,0,0,0,0,0
66061,490,581,734,826,964
66062,423,503,805,946,1207
66083,2,2,3,3,4
66085,85,125,170,192,228
66086,0,0,0,0,0
66090,11,12,13,16,17
66101,82,94,97,109,115
66102,93,111,161,216,247
66103,47,58,68,84,100
66104,152,182,182,205,211
66105,36,42,43,48,51
66106,129,162,185,218,224
66109,51,81,111,163,184
66111,61,66,81,95,101
66112,31,36,45,55,59
66202,68,84,100,110,136
66203,75,99,104,128,137
66204,23,34,40,48,54
66205,55,70,98,129,150
66206,77,117,160,200,224
66207,85,146,167,204,233
66208,118,167,209,251,287
66209,314,424,529,593,686
66210,51,93,130,158,177
66211,79,119,142,177,200
66212,69,80,120,131,177
66213,143,210,301,413,541
66214,33,46,51,58,67
66215,141,175,181,209,226
66216,248,306,337,395,452
66217,51,68,71,84,93
66218,113,160,192,213,247
66219,72,88,106,130,146
66220,83,131,179,240,300
66221,396,585,703,848,965
66223,204,260,322,378,477
66224,263,354,450,510,613
66226,124,154,180,230,260
66227,14,25,39,57,69
66402,10,12,12,14,16
66409,8,10,12,12,13
66429,0,0,0,0,0
66502,447,499,542,559,576
66503,228,250,278,317,335
66542,10,12,15,17,18
66546,3,4,4,5,6
66603,47,52,59,60,62
66604,206,242,250,286,331
66605,298,352,367,405,451
66606,154,177,181,208,217
66607,183,197,236,260,292
66608,26,29,29,34,34
66609,48,60,75,90,95
66610,161,197,224,257,294
66611,84,103,122,145,152
66612,62,64,68,70,72
66614,410,430,500,550,580
66615,21,27,35,39,43
66616,60,72,75,89,89
66617,14,17,21,24,28
66618,27,32,46,51,56
66619,0,0,0,0,0
66739,18,22,24,26,28
67002,268,312,327,367,402
67026,3,4,4,5,5
67030,2,2,3,3,4
67037,282,319,357,366,423
67052,18,22,27,35,37
67055,0,0,0,0,0
67060,76,86,86,96,101
67067,20,22,24,30,34
67101,83,89,100,107,113
67110,0,0,0,0,0
67120,2,2,3,3,3
67147,55,70,73,75,78
67202,47,52,55,60,62
67203,289,307,335,345,345
67204,119,151,175,199,206
67205,280,337,413,439,483
67206,399,463,546,628,728
67207,256,273,314,339,388
67208,210,236,295,314,354
67209,126,142,158,163,169
67210,36,36,36,44,47
67211,217,236,249,262,262
67212,370,444,518,547,607
67213,247,247,278,308,355
67214,316,332,343,360,371
67215,63,73,82,87,99
67216,279,286,293,313,319
67217,249,260,312,343,374
67218,179,209,231,239,268
67219,117,122,122,140,168
67220,177,204,226,253,279
67223,9,10,12,14,15
67226,284,320,379,438,462
67227,0,0,0,0,0
67228,100,123,138,155,164
67230,374,466,542,597,669
67232,28,31,33,36,38
67235,258,295,327,360,397
40014,54,112,176,223,266
40023,1,2,3,3,4
40025,3,7,12,16,20
40026,34,80,111,137,164
40047,129,152,182,212,258
40056,12,22,39,51,62
40059,0,243,499,659,853
40071,0,1,1,1,1
40109,11,18,25,30,39
40118,41,63,77,99,104
40162,0,1,1,1,2
40165,74,106,120,148,175
40177,2,2,3,3,3
40202,50,70,84,98,116
40203,240,298,334,380,407
40204,95,110,119,172,210
40205,210,315,404,518,574
40206,78,101,140,179,241
40207,98,231,320,471,604
40208,190,213,247,254,273
40209,24,28,30,33,37
40210,197,235,252,279,301
40211,517,600,633,700,775
40212,178,210,267,286,312
40213,210,238,294,329,350
40214,376,406,452,512,602
40215,180,216,237,273,302
40216,132,232,281,380,430
40217,105,126,183,236,272
40218,65,83,139,148,204
40219,232,245,300,396,409
40220,74,105,158,222,253
40222,56,142,204,272,321
40223,130,218,293,382,423
40228,81,95,170,190,224
40229,57,99,156,170,227
40241,137,222,299,367,478
40242,40,46,92,112,142
40243,31,55,75,116,150
40245,143,303,472,579,650
40258,53,127,169,222,264
40272,197,225,323,463,561
40291,0,67,175,283,404
40299,180,263,332,484,581
40356,39,80,105,119,133
40403,83,111,127,137,140
40461,0,0,1,1,1
40475,4,62,91,108,132
40502,228,313,363,549,659
40503,155,213,339,436,524
40504,105,131,170,236,275
40505,221,240,240,307,355
40507,22,25,32,40,46
40508,218,272,352,391,441
40509,148,262,399,513,615
40510,11,27,34,47,60
40511,65,129,183,258,291
40513,85,131,196,246,339
40514,38,87,137,219,273
40515,303,415,483,606,662
40516,5,11,16,20,23
40517,179,207,264,292,320
41001,68,113,158,231,276
41005,10,16,17,22,24
41007,1,15,28,44,56
41011,272,324,407,445,513
41014,12,17,38,38,53
41015,175,196,238,280,301
41016,65,83,101,109,117
41017,281,514,648,795,930
41018,188,213,254,303,336
41042,78,100,199,299,366
41048,45,76,98,125,156
41051,105,144,163,220,277
41059,44,50,56,69,74
41063,2,2,2,3,4
41071,374,425,498,538,589
41073,57,77,83,103,109
41074,52,59,66,75,82
41075,89,153,212,256,300
41076,100,135,160,180,230
41085,6,7,8,9,10
41091,48,118,196,249,284
41094,40,64,81,89,102
41101,289,338,351,381,437
41102,99,104,119,121,139
41129,27,32,35,37,39
41139,123,131,140,151,156
41144,1,1,1,1,1
41169,66,71,82,90,96
41175,1,2,2,2,2
41183,29,30,31,32,33
42001,245,308,379,410,458
42003,120,165,184,247,285
42058,3,3,4,4,4
42101,324,368,465,530,594
42103,291,344,361,425,474
42104,327,357,436,466,505
42122,16,23,33,35,38
42223,60,67,82,86,86
42234,1,1,2,2,2
42262,43,44,52,54,59
42286,5,6,6,7,7
42301,284,308,331,379,473
42303,307,343,425,532,579
42366,6,7,9,10,12
42420,0,0,0,0,0
42701,175,184,217,267,317
42724,7,9,11,13,15
70001,132,793,9357,12912,13110
70002,101,313,3947,5468,5552
70003,400,1112,10484,14429,14666
70005,292,676,6383,8821,9049
70006,86,300,3803,5206,5292
70031,1,4,333,509,510
70032,56,116,1269,1831,1859
70037,58,199,3166,4742,4825
70043,175,539,4927,7052,7176
70047,0,159,2357,3491,3523
70049,1,2,31,47,47
70053,328,547,4345,5913,6004
70056,45,406,8240,11164,11220
70057,32,84,555,803,827
70058,334,737,9889,13616,13769
70062,149,375,4295,5814,5886
70065,347,1040,10878,14705,14916
70068,80,428,6551,9807,9866
70070,25,97,1016,1507,1527
70072,621,1262,14485,19674,19915
70075,33,102,1309,1909,1934
70079,0,94,743,1100,1127
70084,35,71,987,1484,1503
70085,28,43,388,540,545
70087,13,36,583,893,901
70092,75,167,1864,2627,2673
70094,292,572,8648,11908,12054
70112,106,151,796,829,850
70113,171,274,2134,2277,2317
70114,356,485,4862,6972,7072
70115,326,1271,7962,11145,11448
70116,266,493,4519,4703,4780
70117,438,1007,7903,11481,11647
70118,547,1345,7492,10500,10740
70119,643,1162,11446,12027,12274
70121,78,202,3773,5117,5138
70122,744,1213,12082,12748,12918
70123,153,668,6795,9314,9467
70124,492,1229,6789,7373,7626
70125,384,713,5027,5361,5517
70126,503,917,9158,9661,9750
70127,501,772,6208,6594,6689
70128,170,587,4169,6080,6206
70129,131,270,1785,2526,2579
70130,157,466,2748,3903,4064
70131,212,571,5601,7935,8099
70148,1,2,3,4,4
70343,1,2,24,36,37
70360,268,656,5578,8402,8549
70363,145,327,4144,6143,6231
70364,111,257,3713,5737,5795
70395,1,2,15,22,23
70401,146,334,4605,6869,6925
70403,276,606,5914,8991,9111
70446,0,0,7,11,11
70454,267,543,8068,8252,8344
70455,12,34,412,424,429
70462,7,31,491,789,795
70466,20,36,570,859,866
70501,585,1147,10536,10889,10944
70503,355,1034,7178,9703,9987
70506,568,1008,10176,13852,14037
70507,68,216,3999,5621,5655
70508,421,1413,10745,14487,14742
70517,18,34,501,512,517
70518,239,529,6085,6160,6268
70520,99,183,2789,3750,3796
70525,2,3,37,38,38
70529,70,112,1364,1869,1885
70535,271,389,4201,4306,4341
70555,61,115,780,1068,1096
70560,37,59,619,629,637
70570,455,782,8702,8966,9048
70577,58,85,1120,1153,1160
70578,0,0,1,1,1
70582,4,8,156,158,160
70583,189,296,3201,4231,4257
70584,0,0,1,1,1
70592,381,776,7004,7136,7268
70601,466,1024,8475,12556,12777
70605,110,657,5959,8860,9043
70607,119,219,3065,4686,4738
70611,11,201,1843,2787,2838
70615,32,108,1382,2079,2092
70663,249,441,4671,6992,7049
70665,58,164,1100,1637,1668
70668,0,0,3,3,3
70669,52,131,1985,3005,3020
70706,50,325,4272,6108,6189
70710,9,35,686,949,959
70711,7,30,820,1356,1363
70714,248,416,4866,6555,6642
70719,25,97,1311,1767,1780
70726,319,878,11000,15566,15853
70734,57,262,1680,2611,2682
70737,464,1022,10807,15096,15328
70739,84,340,2911,4269,4370
70744,8,24,140,194,200
70764,0,0,1,1,1
70767,44,216,3556,4836,4876
70769,271,1339,9774,13764,14077
70770,22,42,486,664,675
70774,25,68,430,659,677
70777,2,4,51,67,68
70778,4,15,196,312,315
70785,87,170,2618,3738,3768
70791,165,504,6269,8518,8605
70801,1,3,67,92,94
70802,463,769,6382,8551,8621
70805,431,622,5948,8130,8180
70806,186,558,6206,8210,8362
70807,358,547,3960,5265,5336
70808,491,1375,7034,9284,9667
70809,135,625,6334,8192,8335
70810,369,1407,9847,13098,13453
70811,179,286,3251,4367,4438
70812,85,254,2560,3301,3342
70814,151,286,3455,5108,5144
70815,245,657,5713,8553,8667
70816,440,690,8699,11626,11829
70817,273,1224,8624,11416,11760
70818,46,343,2785,4052,4123
70819,33,123,1127,1680,1711
70820,289,503,3097,4023,4120
71006,0,0,2,3,3
71009,2,2,25,31,32
71024,0,0,1,1,1
71037,64,118,1214,2101,2124
71047,23,61,928,1171,1186
71051,1,2,25,42,43
71055,43,143,1670,3021,3068
71073,3,9,141,257,258
71101,170,233,1865,2358,2394
71103,90,177,2106,2678,2699
71104,199,356,3309,4144,4187
71105,151,420,5338,6728,6817
71106,375,1098,7255,9057,9244
71107,312,643,7464,9510,9656
71108,257,395,4038,5023,5090
71109,246,512,5070,6326,6397
71110,5,19,717,898,904
71111,527,909,10028,12835,13007
71112,216,399,8388,10656,10753
71115,142,330,3847,4991,5057
71118,97,176,4868,6014,6032
71119,77,228,2786,3418,3478
71129,65,141,2742,3374,3409
71201,204,695,4658,7308,7437
71202,440,673,4161,6488,6575
71203,285,624,5363,8667,8774
71225,1,3,25,38,38
71280,1,2,19,29,30
71291,158,579,5370,8581,8660
71292,90,206,2146,3536,3583
71301,447,758,7619,7858,7930
71302,168,259,2733,2798,2821
71303,189,378,5046,5145,5219
71360,165,312,5693,5828,5863
71405,21,59,935,948,957
71423,0,0,3,3,3
71485,0,0,1,1,1
1001,0,169,2106,4501,4565
1002,33,174,1615,1903,1948
1007,0,0,3,3,3
1013,40,273,2779,5570,5661
1020,60,324,4069,8334,8513
1022,0,0,366,834,834
1027,0,142,3768,4258,4296
1028,5,418,3954,4669,4785
1030,0,183,1824,3637,3700
1033,0,136,1562,1773,1820
1035,0,36,421,484,498
1036,0,2,34,39,40
1040,23,361,3714,7559,7659
1056,0,297,3882,4482,4573
1068,0,1,12,14,14
1073,0,60,1005,2023,2052
1075,14,344,3823,4408,4521
1077,0,98,1123,2290,2337
1085,0,406,4787,9743,9912
1089,7,325,3641,7072,7217
1095,4,95,899,1080,1107
1103,0,14,98,188,192
1104,58,286,2612,5177,5267
1105,0,93,685,1328,1347
1106,10,366,2715,3235,3359
1107,42,121,693,1339,1372
1108,44,225,3792,4331,4397
1109,25,168,2431,5015,5072
1118,7,212,2927,3480,3526
1119,0,99,1472,3158,3187
1128,5,57,704,803,816
1129,34,120,1824,2066,2098
1151,23,62,1850,2117,2136
1201,73,224,5118,6516,6569
1237,1,9,130,163,166
1238,0,1,26,34,34
1240,0,52,726,900,918
1266,0,3,21,26,27
1420,50,382,8010,8192,8292
1450,2,49,222,247,261
1453,36,553,8495,8798,8923
1462,9,94,1079,1128,1149
1463,0,2,15,16,16
1473,0,1,7,8,8
1501,0,240,4328,4737,4804
1504,12,189,2111,2365,2406
1505,4,75,646,752,771
1507,1,86,1248,1391,1409
1515,1,14,263,290,293
1516,0,53,482,536,553
1519,0,59,360,413,430
1520,20,352,2806,3185,3297
1522,0,14,235,263,267
1524,0,96,1611,1785,1816
1527,7,226,3263,3647,3695
1529,0,27,342,375,382
1534,0,5,54,60,62
1535,0,2,38,42,42
1536,7,97,840,926,952
1537,5,12,597,640,644
1540,0,148,2789,3052,3092
1541,0,11,66,76,79
1542,1,25,527,567,574
1543,1,37,265,302,315
1545,6,613,5062,5923,6075
1560,0,13,143,160,164
1562,28,160,2818,3088,3145
1564,0,233,1835,2092,2157
1566,0,1,10,11,11
1568,0,25,155,179,186
1569,9,148,1590,1781,1818
1570,20,205,3576,3892,3939
1571,0,101,1770,1943,1969
1581,0,19,121,136,142
1583,6,127,1815,2042,2077
1588,5,47,538,595,607
1590,4,241,1645,1886,1956
1602,90,360,3937,4401,4496
1603,0,184,3228,3490,3518
1604,78,313,6419,7023,7102
1605,16,245,3483,3891,3942
1606,11,293,4862,5351,5432
1607,11,70,1392,1540,1559
1608,2,23,245,270,273
1609,56,262,2578,2902,2958
1610,52,204,2398,2673,2711
1611,0,29,489,544,552
1612,0,134,1239,1400,1439
1701,11,310,2243,2643,2744
1702,15,343,4486,4815,4893
1721,16,354,2688,3150,3261
1730,2,348,1738,2028,2133
1731,0,12,338,355,357
1741,2,142,468,561,607
1742,0,1,7,8,8
1745,0,20,123,142,149
1746,10,446,2756,3216,3353
1747,0,172,1293,1482,1536
1748,3,574,2550,3027,3207
1756,0,183,1311,1510,1563
1757,47,520,5771,6497,6651
1760,58,866,5623,6224,6457
1770,0,197,768,882,936
1772,0,352,1586,1900,1989
1773,3,37,163,187,194
1778,0,1,4,5,5
1801,9,806,7896,8545,8755
1803,0,562,4424,5144,5293
1810,14,1128,5532,6482,6824
1821,25,547,5428,6179,6370
1824,27,709,4361,5112,5342
1826,25,362,5545,6231,6333
1827,1,166,736,872,919
1830,53,293,3959,4367,4430
1832,5,237,4007,4491,4555
1833,0,0,1,1,1
1834,0,134,1150,1288,1337
1835,22,182,2672,3036,3083
1840,10,34,407,451,457
1841,34,206,5064,5659,5699
1843,24,174,3542,3890,3945
1844,59,821,10215,11493,11705
1845,43,651,4518,5218,5408
1850,16,139,2358,2634,2664
1851,42,304,4126,4603,4674
1852,0,238,4076,4593,4658
1854,16,194,3440,3916,3964
1862,18,162,1508,1709,1754
1863,5,138,1497,1721,1759
1864,13,402,2716,3111,3244
1867,10,646,4117,4615,4787
1876,5,413,4249,4720,4866
1879,0,305,2443,2803,2905
1880,0,630,4746,5525,5714
1886,11,637,2962,3496,3688
1887,25,605,4128,4859,5025
1890,4,909,3425,4040,4355
1901,9,22,172,198,202
1902,102,420,5649,6247,6323
1904,19,321,4095,4638,4714
1905,43,246,3751,4246,4302
1906,0,487,6003,6710,6861
1907,39,388,2968,3434,3515
1908,6,124,1088,1238,1275
1915,64,692,6732,7718,7949
1921,0,32,127,155,164
1923,35,604,5972,6750,6930
1940,20,389,2119,2432,2539
1945,0,856,4375,5160,5415
1949,16,301,1580,1852,1946
1960,173,954,10717,12093,12353
1970,34,482,7452,8477,8589
1982,6,110,713,832,863
1983,0,23,130,147,156
1984,2,156,695,817,864
1985,0,5,24,28,29
2019,8,319,3623,4097,4185
2021,15,645,4124,4799,4984
2025,0,204,965,1144,1212
2026,58,738,5027,5540,5748
2030,0,354,999,1192,1287
2032,0,150,875,988,1025
2035,23,355,3199,3680,3805
2038,32,665,4450,5067,5312
2043,16,601,2632,3092,3262
2048,0,440,4123,4568,4671
2052,14,604,2212,2524,2705
2053,0,433,2521,2998,3116
2054,9,183,1594,1750,1803
2056,12,316,1663,1932,2038
2061,0,294,1448,1755,1847
2062,20,584,5844,6408,6559
2066,0,556,3510,4139,4311
2067,7,586,2921,3460,3642
2071,0,49,170,210,226
2072,58,604,5491,6277,6485
2081,0,501,3471,4064,4215
2090,14,704,2941,3332,3514
2093,8,244,1359,1614,1694
2108,2,76,325,367,388
2109,3,46,262,290,300
2110,1,18,74,83,86
2111,5,38,174,189,197
2113,1,30,408,433,439
2114,9,85,462,508,529
2115,28,120,859,933,953
2116,16,274,1215,1386,1448
2118,24,249,1425,1565,1622
2119,56,298,2553,2730,2787
2120,25,101,888,935,954
2121,5,196,2280,2424,2459
2122,39,318,3248,3487,3569
2124,131,624,5738,6069,6200
2125,100,416,3803,4040,4153
2126,42,298,3464,3698,3754
2127,36,676,3836,4268,4437
2128,34,412,4277,4797,4890
2129,15,342,1735,2002,2099
2130,79,575,3834,4255,4391
2131,67,611,4654,5022,5172
2132,25,751,5408,5937,6140
2134,19,116,1487,1558,1589
2135,33,319,3795,4064,4130
2136,0,362,4509,4871,4955
2138,0,519,3138,3442,3578
2139,13,409,2844,3084,3186
2140,4,287,1749,1949,2020
2141,10,184,1239,1369,1419
2142,3,23,117,134,139
2143,19,422,3388,3676,3787
2144,24,532,3259,3803,3954
2145,11,339,3272,3687,3802
2148,37,703,7921,9040,9244
2149,14,440,6158,7103,7219
2150,41,225,3290,3625,3677
2151,133,636,8424,9315,9458
2152,11,318,3259,3656,3735
2155,70,1171,9933,11373,11713
2163,2,6,34,36,38
2169,58,690,8410,9548,9713
2170,27,277,3315,3710,3778
2171,48,255,2865,3310,3388
2176,43,659,4511,5111,5346
2180,37,452,3859,4503,4656
2184,0,946,7100,8163,8434
2186,0,959,4944,5830,6105
2188,16,163,2330,2630,2675
2189,12,159,2559,2939,2993
2190,33,284,3067,3554,3631
2191,19,104,1479,1667,1699
2199,1,12,56,62,65
2210,0,40,192,219,229
2215,21,80,542,585,600
2301,0,574,8935,10104,10247
2302,43,400,6196,7024,7131
2322,8,57,1170,1327,1346
2333,3,127,1089,1240,1285
2339,20,433,2270,2684,2813
2341,3,84,893,1031,1054
2343,11,196,2404,2702,2749
2346,0,208,3902,4381,4447
2347,19,317,2792,3084,3160
2351,33,265,3053,3555,3639
2356,8,269,2365,2615,2687
2368,13,514,5674,6458,6577
2370,22,325,3738,4218,4322
2375,4,120,921,1022,1051
2379,2,21,204,239,245
2382,24,208,2977,3389,3452
2420,0,636,2408,2773,2944
2421,34,694,2724,3181,3348
2445,5,333,2032,2273,2361
2446,17,293,1788,1994,2075
2451,12,477,3515,3865,3968
2452,0,212,2331,2569,2616
2453,0,477,4365,4778,4911
2458,5,406,2129,2362,2471
2459,0,748,3084,3660,3832
2460,11,235,1359,1514,1580
2461,10,267,1047,1204,1276
2462,1,44,218,248,259
2464,3,74,462,499,520
2465,28,528,2313,2630,2763
2466,11,224,968,1113,1178
2467,35,461,1961,2179,2313
2468,0,286,772,939,1024
2472,47,745,5907,6517,6705
2474,50,783,4589,5338,5573
2476,41,482,2915,3240,3393
2478,58,1020,4858,5452,5746
2481,9,564,1752,2094,2240
2482,3,367,1322,1525,1638
2492,30,987,3472,4036,4271
2493,4,175,607,714,761
2494,2,480,1853,2085,2230
2601,26,258,4971,5116,5157
2630,0,88,1024,1094,1115
2632,2,53,565,596,605
2668,0,2,27,28,29
2673,16,108,2265,2335,2354
2675,11,59,593,630,640
2702,9,95,1089,1208,1230
2703,87,685,8709,9491,9626
2715,0,87,935,1021,1047
2717,0,145,1364,1496,1538
2718,2,89,1694,1753,1776
2719,15,317,4712,4876,4945
2720,96,396,5877,6267,6356
2721,45,287,5188,5549,5622
2723,30,193,2783,2958,3000
2724,22,226,3354,3647,3676
2725,0,107,940,1047,1081
2726,33,326,5086,5395,5511
2739,1,12,100,108,111
2740,175,576,9787,10157,10260
2743,0,213,3194,3323,3381
2744,47,101,2332,2428,2443
2745,7,352,6678,6960,7030
2746,82,205,2507,2614,2651
2747,12,400,5258,5687,5803
2748,40,434,3339,3574,3670
2760,34,448,5099,5621,5731
2762,0,108,1119,1265,1296
2763,0,56,478,506,521
2764,0,67,956,1035,1054
2766,24,367,3596,3934,4031
2767,13,142,1166,1280,1312
2769,4,400,3515,3856,3959
2770,2,50,566,628,639
2771,24,387,4357,4658,4777
2777,0,320,5651,6075,6149
2779,0,227,1727,1946,2014
2780,40,556,9255,9952,10074
2790,23,262,3393,3719,3783
20701,0,0,15,15,15
20705,0,391,5670,5907,5913
20706,0,150,2901,3000,3003
20707,0,471,5897,6182,6188
20708,0,150,3476,3565,3576
20712,5,35,517,526,527
20715,0,166,1906,2017,2017
20720,0,827,5923,6459,6465
20721,0,740,5598,6065,6071
20722,0,1,15,15,15
20723,0,647,5323,5730,5741
20724,3,202,2811,2928,2931
20740,37,198,1763,1833,1833
20743,34,117,1758,1798,1798
20745,1,21,321,326,327
20746,1,12,201,206,206
20748,0,2,27,28,28
20755,0,36,930,953,955
20759,0,81,366,414,414
20763,1,44,490,512,513
20769,0,206,1725,1859,1859
20770,0,39,671,686,690
20772,0,167,1800,1923,1923
20774,20,843,9543,10005,10025
20777,0,0,2,2,2
20781,0,0,2,2,2
20782,4,25,342,351,351
20783,5,77,1487,1516,1516
20794,0,153,2283,2398,2398
20814,16,354,1908,2036,2036
20815,5,246,976,1064,1064
20816,0,119,452,498,498
20817,9,813,2852,3145,3148
20841,0,73,982,1501,1551
20850,48,1099,7600,8009,8009
20851,2,191,2135,2197,2199
20852,49,698,4726,4939,4939
20853,11,582,3593,3794,3794
20854,0,2889,9516,10609,10609
20855,0,430,2822,2977,2977
20866,0,187,2012,2120,2122
20868,0,10,85,90,90
20874,0,136,5806,8935,9026
20876,0,32,1500,2236,2267
20877,0,312,3825,3943,3947
20878,31,1687,9841,10393,10404
20879,0,409,4645,4794,4798
20880,0,6,49,51,51
20882,0,37,274,300,300
20886,0,50,2503,3816,3862
20895,0,714,3479,3710,3717
20896,0,24,84,93,93
20899,0,0,19,19,19
20901,0,783,4661,4937,4937
20902,44,722,7135,7386,7386
20903,0,99,1566,1603,1603
20904,0,579,7799,8133,8149
20905,0,356,2770,2991,2994
20906,39,703,7570,7812,7812
20910,11,243,2037,2113,2117
20912,0,45,387,403,403
21012,10,170,1802,1915,1915
21032,5,66,460,501,501
21042,0,877,5833,6432,6439
21043,89,1200,9124,9897,9897
21044,0,111,1006,1067,1069
21045,0,530,6289,6627,6627
21046,0,139,1886,1981,1981
21052,0,0,177,177,177
21054,0,151,912,998,1001
21056,0,27,97,115,115
21057,0,53,354,387,388
21060,0,549,8120,8433,8442
21061,0,480,11179,11430,11441
21075,0,637,6335,6697,6697
21076,0,342,3690,3888,3896
21077,0,0,186,186,186
21087,1,60,547,584,584
21090,0,190,3821,3952,3956
21093,29,744,6927,7354,7369
21104,0,1,5,6,6
21108,12,461,3825,4109,4109
21113,11,363,5321,5561,5561
21117,0,536,8784,9093,9093
21122,0,1008,14577,15265,15280
21128,0,421,3647,3884,3892
21133,23,391,7444,7627,7643
21136,2,110,1120,1186,1187
21144,24,778,7595,8090,8098
21146,0,699,4229,4683,4683
21156,0,3,21,23,23
21162,0,178,1416,1518,1519
21163,1,67,649,690,690
21201,0,268,2341,2427,2441
21202,0,339,3497,3631,3646
21204,0,478,3838,4024,4052
21205,0,524,5599,5779,5814
21206,0,577,12011,12232,12281
21207,0,475,10779,11011,11044
21208,0,534,7888,8200,8208
21209,29,514,5395,5692,5709
21210,16,275,2126,2289,2289
21211,31,434,5966,6159,6190
21212,0,886,7625,8105,8129
21213,0,718,12747,12969,13047
21214,0,242,5904,6043,6055
21215,33,1354,15773,16213,16311
21216,10,669,10229,10407,10459
21217,0,691,11371,11652,11688
21218,231,1291,12966,13537,13591
21219,0,194,3274,3407,3407
21220,6,489,6180,6406,6432
21221,0,487,11049,11321,11343
21222,0,699,15548,15850,15882
21223,0,719,10435,10672,10736
21224,0,1346,15681,16404,16420
21225,0,541,8893,9140,9168
21226,0,124,3292,3352,3359
21227,11,917,10161,10487,10540
21228,0,817,12683,13144,13158
21229,0,586,12185,12434,12459
21230,0,1065,10867,11440,11462
21231,0,407,4020,4224,4249
21234,194,911,18944,19371,19409
21236,0,590,10972,11301,11346
21237,69,430,8349,8556,8581
21239,0,355,6619,6811,6824
21244,0,304,8041,8205,8213
21286,31,469,4186,4403,4425
21502,0,139,4302,12513,12639
21529,0,5,75,212,215
21545,0,1,15,41,42
21713,0,0,11,21,21
21722,0,0,1,1,1
21733,0,0,2,3,3
21734,1,3,80,81,81
21740,0,194,8440,16024,16105
21742,0,124,3402,6438,6516
21767,0,11,214,405,410
21795,0,25,1119,2053,2076
21801,152,629,7392,7582,7582
21804,176,592,7853,7997,7997
21810,0,0,12,12,12
21822,4,17,316,321,321
21826,0,90,1309,1325,1329
21830,0,85,1112,1134,1135
21837,0,0,1,1,1
21849,0,1,11,11,11
21856,0,0,5,5,5
21875,2,26,1189,1196,1196
3901,24,366,605,609,612
3903,20,308,499,509,509
3904,45,653,1057,1071,1075
3905,4,56,92,94,94
3906,0,1,2,2,2
3908,36,397,644,658,660
3909,2,21,33,34,34
4005,258,3720,6044,6143,6149
4038,194,2017,3253,3337,3343
4046,20,176,284,292,292
4062,17,231,361,370,370
4063,5,41,68,69,70
4064,130,1713,2841,2870,2887
4072,239,3298,5447,5552,5558
4074,532,3827,5960,6177,6183
4092,80,2684,4390,4443,4447
4093,12,295,483,488,488
4101,126,1603,2562,2623,2628
4102,211,2411,3745,3822,3837
4103,329,4694,7339,7452,7474
4105,243,1245,1857,1967,1973
4106,229,4479,7290,7379,7394
4107,240,1660,2470,2586,2591
4108,58,332,513,533,536
4210,194,2917,5595,5681,5698
4236,8,123,239,243,243
4240,286,4576,9105,9179,9225
4250,3,93,185,186,186
4252,1,38,75,76,76
4258,7,189,368,373,373
4274,11,173,333,340,340
4280,35,778,1562,1576,1576
4330,90,1607,3176,3211,3214
4344,18,222,424,430,432
4345,22,346,688,695,697
4346,9,132,262,265,266
4347,22,210,396,404,406
4351,0,1,2,2,2
4401,311,781,8664,8770,8841
4411,0,0,9,9,9
4412,31,192,2797,2822,2828
4428,5,19,293,297,299
4429,13,59,466,481,484
4444,42,123,1436,1473,1482
4473,9,28,282,288,290
4474,12,61,601,615,619
4605,3,8,109,110,111
4609,29,115,1091,1117,1118
4612,0,11,151,154,154
4646,1,4,59,61,61
4653,0,5,189,189,189
4660,5,20,144,148,150
4662,12,40,262,272,275
4674,1,4,78,79,79
4679,21,67,688,707,710
48009,18,24,24,233,312
48015,11,22,33,38,41
48017,15,19,35,69,85
48021,146,182,255,279,340
48025,0,0,32,154,251
48026,39,44,68,88,88
48030,0,0,5,15,36
48033,0,0,6,21,37
48034,18,22,26,26,32
48035,73,105,157,220,241
48036,96,120,132,132,156
48038,32,53,84,95,179
48040,0,0,0,14,31
48042,50,60,70,170,250
48043,48,48,74,79,79
48044,82,82,98,179,310
48045,38,68,75,98,120
48047,48,67,96,145,202
48048,31,31,39,50,58
48049,0,0,0,0,0
48051,50,61,66,96,106
48059,9,13,19,24,28
48060,133,152,162,191,248
48066,100,117,150,250,350
48067,158,158,158,237,283
48069,1,2,18,27,40
48070,5,5,7,53,87
48071,106,116,126,155,164
48072,9,13,18,40,71
48073,67,67,86,181,238
48074,2,3,3,4,5
48075,15,29,44,88,103
48076,20,40,67,121,161
48079,0,0,0,0,0
48080,49,65,105,146,194
48081,0,0,17,34,93
48082,0,0,0,0,0
48083,22,37,45,52,67
48084,3,7,24,69,106
48085,58,66,91,263,387
48088,8,33,65,98,139
48089,268,268,291,324,391
48091,51,71,91,132,162
48092,92,129,193,230,294
48093,77,77,77,108,131
48094,48,53,59,64,107
48095,0,0,0,0,3
48096,13,16,20,26,36
48098,0,19,32,123,351
48101,56,89,100,155,200
48103,150,150,150,259,491
48104,271,316,341,432,522
48105,125,146,201,278,354
48108,58,78,94,110,141
48109,6,7,8,10,10
48111,0,0,17,34,69
48114,0,0,0,52,131
48116,55,55,82,171,240
48117,0,3,10,14,16
48120,29,35,41,57,75
48122,128,149,162,169,189
48124,84,84,95,137,200
48125,0,7,45,75,97
48126,239,299,347,359,407
48127,231,280,292,389,438
48128,3,14,21,38,59
48130,6,6,6,26,44
48133,0,7,13,17,24
48134,14,27,34,54,115
48135,10,30,61,111,142
48138,13,20,20,30,98
48139,0,0,0,0,0
48141,145,187,221,270,304
48144,17,20,20,37,74
48146,92,144,157,197,236
48150,31,41,72,93,165
48152,79,99,149,248,347
48154,0,0,25,74,112
48157,3,4,5,5,7
48161,5,7,7,9,11
48162,53,63,72,87,91
48164,0,0,0,1,2
48165,14,14,14,16,39
48166,8,22,22,30,47
48167,7,20,20,82,150
48168,13,26,72,241,359
48169,31,31,31,41,64
48170,63,63,164,316,468
48173,35,35,35,50,75
48174,90,150,160,190,220
48176,0,0,1,1,1
48178,75,85,224,448,619
48179,9,11,19,25,28
48180,177,256,354,393,492
48182,7,36,36,50,72
48183,86,158,186,201,215
48184,0,15,46,61,77
48185,0,38,114,177,189
48186,58,105,117,128,140
48187,100,100,128,314,499
48188,0,23,35,222,316
48189,0,12,28,47,83
48192,96,115,125,144,192
48193,25,30,44,54,64
48195,62,82,113,154,216
48197,91,176,208,241,273
48198,141,173,195,206,228
48201,6,19,30,40,54
48202,59,83,104,139,153
48203,161,204,272,323,365
48204,388,440,566,619,692
48205,260,287,300,355,423
48206,179,269,324,379,400
48207,59,73,80,91,126
48208,38,61,89,102,125
48209,81,125,146,205,234
48210,309,346,373,446,491
48211,28,46,72,83,94
48212,342,401,401,460,508
48213,175,228,298,316,386
48214,138,168,215,245,293
48215,67,92,109,143,168
48216,33,46,52,60,68
48217,45,72,78,89,106
48218,53,76,103,132,163
48219,169,208,288,357,377
48220,28,48,76,104,131
48221,23,70,105,140,256
48223,59,81,124,140,161
48224,24,61,147,232,379
48225,32,46,65,92,120
48226,5,8,9,11,15
48227,400,563,613,713,763
48228,353,441,588,764,882
48229,48,48,54,73,83
48230,0,0,26,118,216
48234,113,192,271,328,396
48235,426,464,555,619,697
48236,60,99,209,378,517
48237,0,0,0,65,89
48238,303,355,450,544,638
48239,33,44,44,88,144
48240,4,9,13,31,36
48301,16,25,29,29,95
48302,20,25,30,116,226
48304,0,0,60,144,232
48306,16,16,123,246,377
48307,56,78,89,134,246
48309,59,59,119,272,382
48310,206,284,322,361,374
48312,21,53,64,138,191
48313,92,112,122,173,193
48314,6,34,46,74,114
48315,51,51,59,153,314
48316,22,22,30,30,96
48317,78,78,78,86,114
48320,0,0,0,11,28
48322,17,50,76,176,277
48323,49,54,119,244,336
48324,5,15,35,157,232
48326,41,76,87,105,117
48327,7,20,34,41,89
48328,0,13,33,33,112
48329,0,8,25,33,107
48331,32,39,45,129,219
48334,18,37,37,83,125
48335,29,29,39,44,83
48336,34,41,41,76,151
48340,118,147,165,188,206
48341,62,76,100,124,138
48342,133,157,167,190,205
48346,28,56,85,106,205
48348,18,18,30,84,122
48350,0,0,0,0,4
48353,1,2,7,11,16
48359,14,14,17,42,68
48360,26,31,34,49,89
48363,1,1,2,14,32
48374,0,0,5,5,152
48375,0,26,77,135,186
48377,6,13,13,16,22
48380,1,1,1,10,26
48381,0,3,5,10,29
48382,0,0,0,40,114
48383,2,2,3,7,9
48386,64,64,111,134,186
48390,7,40,66,125,145
48393,0,0,5,25,52
48415,2,3,4,5,6
48420,61,87,96,131,174
48421,0,0,0,0,1
48423,33,54,98,142,185
48430,0,1,1,2,2
48433,19,23,33,37,37
48436,0,0,0,0,0
48437,0,0,0,0,0
48438,0,0,0,0,2
48439,16,47,94,250,421
48442,0,0,2,3,6
48457,1,1,1,1,1
48458,31,46,54,77,92
48463,1,2,2,2,4
48473,19,25,25,31,31
48502,0,0,1,1,2
48503,150,190,237,285,372
48504,184,239,295,331,359
48505,172,253,316,424,497
48506,61,81,142,183,223
48507,169,219,288,318,338
48509,0,8,19,38,62
48519,6,9,9,9,24
48529,69,96,99,117,127
48532,82,105,116,128,134
48601,230,254,315,327,387
48602,0,19,67,125,211
48603,0,0,0,66,131
48604,4,31,36,53,58
48607,11,16,18,22,25
48609,0,0,0,0,12
48623,0,0,0,0,2
48631,1,1,3,4,4
48638,67,87,111,127,151
48640,19,32,48,77,96
48642,41,49,49,60,68
48706,159,172,212,265,291
48708,29,48,87,126,174
48722,1,2,2,3,7
48724,0,0,0,0,0
48732,0,9,15,21,38
48746,0,0,0,0,0
48808,0,0,0,6,12
48813,0,0,0,0,1
48820,0,3,28,47,73
48821,7,7,19,31,36
48822,0,0,0,0,0
48823,172,220,268,296,421
48827,6,8,9,13,23
48837,0,0,4,9,43
48840,0,2,9,9,19
48842,83,115,115,122,167
48843,0,7,7,7,21
48848,0,0,0,0,0
48854,17,34,57,75,103
48855,0,0,6,10,13
48864,0,0,0,10,79
48876,1,1,1,1,1
48895,1,1,1,1,2
48906,36,71,71,125,161
48910,0,0,28,37,73
48911,180,202,233,276,297
48912,5,10,10,31,46
48915,3,11,16,35,37
48917,68,107,126,194,224
48933,6,11,13,17,20
49001,31,46,46,62,77
49002,27,31,36,58,75
49004,34,34,56,60,73
49006,69,105,117,121,146
49007,14,30,48,66,87
49008,55,58,65,71,95
49009,78,92,114,114,156
49010,2,3,5,6,13
49012,0,0,0,0,0
49014,0,0,6,19,34
49015,0,11,17,29,46
49017,13,13,16,29,35
49024,0,7,29,44,139
49033,0,0,0,0,0
49034,0,0,0,0,0
49037,0,0,0,40,69
49048,0,0,12,18,36
49051,0,0,0,0,0
49053,2,3,3,4,9
49083,0,0,0,2,4
49087,0,0,0,1,1
49088,1,1,3,3,4
49107,0,0,0,1,5
49112,0,0,0,0,1
49117,1,2,2,3,3
49120,94,104,115,125,146
49201,12,12,12,20,55
49202,58,69,98,121,150
49203,0,0,21,94,125
49221,0,8,33,100,150
49228,0,0,1,1,2
49254,5,5,8,9,11
49267,17,17,17,41,65
49270,0,0,0,0,0
49276,0,0,0,0,2
49277,0,0,0,0,0
49286,0,0,0,0,0
49301,27,27,27,50,128
49302,4,4,4,4,5
49306,4,15,26,84,114
49315,25,38,50,88,120
49316,0,0,5,21,77
49321,10,10,10,45,60
49331,0,0,0,0,0
49341,0,0,8,16,33
49345,1,1,1,1,1
49401,3,4,5,7,7
49403,0,0,1,1,1
49404,0,1,1,3,3
49406,0,1,3,6,12
49408,1,1,1,1,2
49415,0,0,0,2,5
49418,69,78,87,104,164
49419,0,0,1,3,5
49423,57,69,161,241,298
49424,11,22,22,56,156
49426,9,27,54,172,263
49428,40,40,40,40,56
49435,2,6,11,21,43
49440,0,1,1,2,2
49441,123,134,165,165,196
49442,115,129,143,150,150
49444,46,66,112,139,165
49445,0,0,0,0,0
49453,2,3,4,4,7
49456,0,0,0,1,11
49457,0,0,0,0,1
49460,1,1,2,3,5
49464,14,21,35,42,70
49503,143,173,219,241,294
49504,0,0,65,130,163
49505,119,136,161,195,246
49506,8,15,15,53,137
49507,132,163,202,210,218
49508,0,0,0,0,19
49509,52,58,78,91,110
49512,44,48,56,60,93
49519,34,51,51,56,73
49525,0,9,34,69,112
49534,0,0,0,0,0
49544,12,18,21,27,42
49546,62,69,85,177,254
49548,72,88,136,136,136
49621,0,0,0,0,0
49637,1,1,1,1,1
49649,0,0,0,0,0
49684,0,14,18,25,39
49685,19,23,31,37,45
49686,20,28,47,67,106
49690,1,1,1,1,3
49696,0,0,0,1,6
55001,0,8,49,103,147
55003,1,1,12,23,33
55009,0,0,0,0,1
55011,0,0,6,69,138
55014,0,0,211,338,479
55016,0,20,376,654,822
55020,0,1,2,3,4
55024,0,0,135,447,727
55025,8,40,101,206,291
55031,0,1,13,29,37
55033,62,107,294,508,696
55038,0,5,201,364,499
55042,0,19,207,370,518
55043,0,4,9,40,68
55044,0,0,722,1288,1882
55055,5,8,19,32,40
55068,0,155,457,722,978
55071,0,13,36,57,72
55075,5,61,117,164,216
55076,20,45,130,231,341
55077,0,12,150,256,358
55082,40,72,433,754,947
55085,0,0,3,5,7
55089,0,0,0,1,1
55090,0,1,1,2,2
55092,0,2,39,72,107
55101,0,1,8,12,17
55102,0,0,55,144,218
55103,18,49,75,108,130
55104,0,111,285,480,543
55105,0,48,302,546,752
55106,0,36,189,342,459
55107,0,29,86,156,235
55108,0,2,42,83,123
55109,62,110,124,283,365
55110,0,154,309,472,626
55112,47,79,220,425,543
55113,61,131,277,507,653
55114,5,13,23,28,32
55115,4,4,103,195,259
55116,0,5,188,335,417
55117,76,122,237,305,389
55118,0,24,156,313,481
55119,0,8,203,341,422
55120,3,3,77,120,161
55121,4,14,50,73,109
55122,55,110,308,552,765
55123,0,75,397,718,988
55124,27,106,531,810,1063
55125,0,66,384,648,956
55126,30,55,237,431,601
55127,0,4,208,445,627
55128,0,34,196,331,472
55129,6,12,319,650,911
55130,9,58,95,123,146
55150,0,0,1,3,4
55301,3,9,92,139,187
55303,0,0,109,518,737
55304,15,46,167,789,1260
55305,17,28,122,210,286
55306,6,6,58,132,170
55309,0,1,3,5,7
55311,13,33,358,755,1020
55313,0,0,0,1,1
55315,3,6,58,104,173
55316,6,24,208,386,545
55317,5,21,303,606,830
55318,0,0,232,484,668
55322,0,0,0,1,1
55327,3,6,85,169,231
55330,19,39,164,328,608
55331,8,13,296,601,869
55337,45,127,272,435,581
55340,5,47,218,356,481
55341,0,5,54,93,124
55343,0,4,43,150,239
55344,0,20,63,105,140
55345,0,0,209,467,643
55346,17,70,285,500,632
55347,26,132,651,1179,1636
55352,7,28,130,217,301
55356,38,49,192,302,382
55357,0,8,81,148,211
55359,0,0,75,130,167
55362,1,4,8,12,14
55364,0,17,142,321,466
55369,0,0,223,576,799
55372,0,0,507,1060,1648
55373,0,0,2,3,4
55374,19,42,185,445,663
55376,0,35,144,258,363
55378,43,52,535,880,1018
55379,0,0,308,734,1077
55384,0,3,3,7,9
55386,0,4,141,260,365
55387,0,0,4,7,9
55391,0,14,237,449,685
55401,0,2,16,28,39
55402,0,1,1,2,3
55403,13,19,39,56,73
55404,14,50,86,111,147
55405,11,41,81,140,207
55406,28,70,266,399,531
55407,33,113,279,431,531
55408,0,30,120,218,271
55409,12,19,70,146,201
55410,13,48,311,596,797
55411,47,88,223,332,415
55412,28,89,155,239,268
55413,10,26,59,123,172
55414,16,51,108,162,222
55415,1,3,8,12,17
55416,13,71,247,373,478
55417,0,34,205,400,522
55418,53,113,318,451,570
55419,0,96,353,605,841
55420,13,62,115,160,231
55421,0,20,129,223,277
55422,48,74,196,323,498
55423,5,27,126,236,308
55424,4,48,205,364,512
55425,5,23,48,73,96
55426,4,44,152,236,308
55427,0,22,122,223,319
55428,41,51,123,184,261
55429,0,43,101,174,275
55430,41,66,115,177,235
55431,12,45,143,213,274
55432,50,56,149,180,248
55433,16,32,95,199,263
55434,39,65,117,196,300
55435,20,67,95,130,160
55436,0,0,177,307,464
55437,0,10,105,259,394
55438,25,87,219,364,443
55439,4,12,137,274,428
55441,0,7,104,232,349
55442,16,29,140,299,426
55443,0,0,200,375,525
55444,11,31,119,188,276
55445,6,22,108,146,207
55446,12,41,426,740,1041
55447,4,18,210,407,612
55448,14,28,160,286,370
55449,32,32,423,718,925
55454,0,5,9,11,14
55802,0,19,44,79,104
55803,0,18,36,104,183
55804,0,0,57,136,240
55805,9,18,39,57,86
55806,0,15,46,70,104
55807,0,16,67,153,228
55808,7,17,41,54,66
55810,0,0,10,49,72
55811,0,0,77,192,354
55812,0,13,40,99,130
55901,0,0,273,530,848
55902,0,0,94,493,780
55904,0,0,58,143,273
55906,30,50,181,368,534
55920,0,0,4,8,10
55925,0,0,1,2,3
55934,0,0,0,0,0
55947,0,9,21,49,81
55960,0,0,2,5,8
56001,0,59,217,374,502
56003,31,56,125,192,237
56011,0,0,1,3,4
56301,0,55,196,288,386
56303,34,96,186,241,323
56304,4,29,61,102,118
56310,0,0,0,0,0
56320,0,0,0,0,0
56374,0,11,100,161,207
56377,16,68,141,193,253
56379,0,12,12,87,149
56387,6,15,26,32,43
56401,0,0,8,43,85
56425,0,0,9,21,28
56465,0,0,0,1,1
56468,0,0,0,0,1
56529,1,6,39,64,88
56547,0,0,0,0,0
56560,147,231,452,631,736
56580,0,0,0,0,0
56721,0,30,57,100,127
63005,0,323,1162,4168,4731
63010,0,86,301,9945,10676
63011,0,546,1409,10852,12299
63017,0,626,2077,11249,12673
63021,0,442,1467,15778,17210
63026,0,376,1027,12868,14111
63031,18,270,539,16611,17761
63033,0,127,346,10671,11457
63034,0,96,389,5718,6241
63038,0,66,182,835,945
63040,0,78,285,2196,2430
63042,31,122,159,5677,6055
63043,0,87,356,7201,7826
63044,0,64,296,3870,4201
63049,8,60,158,2406,2587
63052,0,20,52,1037,1096
63074,0,61,155,5165,5458
63088,0,79,190,2474,2648
63101,0,8,15,150,163
63102,0,16,26,350,370
63103,0,40,69,712,809
63104,14,155,351,4030,4459
63105,0,182,545,2444,2707
63106,0,92,192,1541,1715
63107,0,114,190,3063,3387
63108,0,92,314,2369,2680
63109,28,132,491,8632,9312
63110,0,77,361,4923,5377
63111,12,208,422,5185,5636
63112,0,154,395,3842,4272
63113,0,113,261,3472,3819
63114,58,219,408,13667,14483
63115,0,375,716,6026,6721
63116,0,290,705,12521,13613
63117,0,131,362,2621,2826
63118,30,304,533,6618,7203
63119,0,316,1096,9085,10149
63120,26,142,277,2847,3140
63121,8,214,420,6891,7478
63122,58,727,1773,12514,13895
63123,0,269,638,15356,16514
63124,11,264,846,3076,3562
63125,0,82,306,9375,10089
63126,0,133,532,5618,6169
63127,0,39,330,1825,2050
63128,10,251,889,9379,10174
63129,0,327,1161,14830,16057
63130,0,291,903,6569,7219
63131,0,439,1670,5329,6107
63132,0,183,450,4649,5094
63133,0,66,139,2057,2227
63134,0,108,184,5065,5347
63135,0,101,228,4975,5246
63136,35,325,523,10556,11462
63137,21,198,360,4749,5094
63138,0,110,224,4022,4321
63139,0,83,341,7577,8208
63140,0,6,12,144,154
63141,0,158,1038,5919,6579
63143,0,34,96,2233,2429
63144,0,82,274,2791,3063
63146,0,142,559,7913,8667
63147,0,178,318,3435,3784
63301,0,264,840,15417,16175
63303,0,265,1164,13218,14471
63304,14,249,1175,12402,13439
63341,0,1,2,11,12
63366,0,116,617,11769,12656
63367,0,111,336,2839,3074
63368,0,228,1165,12145,13015
63376,96,627,1374,22393,23742
63385,0,3,7,84,90
63386,0,1,2,53,55
63701,0,126,430,7698,8289
63703,0,71,107,2576,2783
63780,0,43,83,1053,1159
64012,43,202,1074,7060,7161
64014,0,165,922,6417,6522
64015,0,266,1191,8957,9103
64016,1,2,10,91,92
64029,11,45,157,1036,1051
64030,77,261,717,5774,5815
64034,7,84,224,2348,2428
64050,57,165,731,5035,5117
64052,43,143,490,4683,4716
64053,0,22,128,1063,1076
64054,13,35,88,880,893
64055,51,129,951,8490,8524
64056,32,143,581,3876,3939
64057,0,78,185,3464,3503
64058,9,18,160,1511,1519
64060,0,0,0,1,1
64063,0,114,283,5304,5386
64064,94,392,1235,5478,5724
64068,56,213,813,6081,6181
64079,0,0,0,4,4
64080,0,51,112,2481,2514
64081,0,379,1381,7137,7323
64082,0,307,1001,4708,4847
64083,39,393,1286,7462,7585
64086,6,284,1155,6207,6368
64105,2,13,50,336,342
64106,11,64,174,857,871
64108,38,150,425,2147,2188
64109,72,231,566,2756,2825
64110,0,215,872,4740,4824
64111,0,148,576,3490,3566
64112,10,137,346,1356,1410
64113,11,515,1148,3394,3654
64114,0,150,830,5904,5952
64116,10,140,624,5072,5150
64117,31,130,407,2515,2546
64118,47,216,921,9232,9335
64119,0,201,862,7294,7398
64120,0,0,60,720,720
64123,26,100,288,2508,2536
64124,21,103,347,2511,2544
64125,6,31,89,524,535
64126,11,92,225,1354,1379
64127,67,388,924,4573,4683
64128,68,216,677,3880,3944
64129,12,89,254,1981,2012
64130,29,213,1045,7198,7279
64131,0,148,725,5844,5891
64132,42,173,568,3751,3774
64133,8,208,952,7807,7951
64134,63,123,495,3869,3916
64136,4,26,81,503,513
64137,11,43,220,2108,2119
64138,27,181,674,5198,5235
64139,0,20,83,567,574
64145,8,75,312,1859,1886
64146,0,9,47,492,496
64147,1,21,34,94,102
64149,0,6,29,244,247
64150,3,37,103,661,680
64151,53,306,711,6443,6589
64152,13,466,1301,6008,6231
64153,5,37,135,1664,1677
64154,0,94,397,2675,2739
64155,13,173,773,6495,6595
64156,4,88,295,1725,1769
64157,12,398,1257,5898,6053
64158,9,75,233,1291,1330
64161,5,16,54,377,384
64163,0,1,2,171,173
64164,0,4,10,64,66
64165,0,0,0,49,54
64167,0,6,25,97,109
64421,0,1,1,12,13
64436,0,0,1,26,27
64501,34,141,240,3641,3756
64503,0,146,296,4708,4771
64504,0,114,224,3887,4006
64505,15,77,237,5004,5086
64506,14,141,431,6747,6938
64507,13,111,266,4120,4214
64801,353,645,13130,15096,15250
64804,264,700,11219,12948,13080
64834,79,170,2657,3098,3139
64835,2,3,895,1017,1018
64836,142,278,5064,5822,5893
64840,0,0,5,6,6
64841,2,4,61,70,70
64855,5,8,320,375,378
64870,84,275,5155,5879,5951
65039,0,0,0,3,4
65043,0,16,30,997,1059
65053,0,0,0,25,27
65101,0,109,255,4430,4657
65109,7,156,320,6889,7351
65201,0,549,955,9194,9854
65202,0,274,678,13507,14184
65203,0,240,1717,16859,17985
65255,0,0,2,75,80
65611,0,1,1,56,56
65616,113,240,4052,4806,4855
65619,6,117,2552,3125,3157
65631,0,6,91,112,114
65672,41,123,1745,2007,2023
65679,0,0,2,2,2
65714,147,399,7043,8518,8648
65721,75,334,5611,6701,6776
65738,0,0,1,1,1
65739,1,7,11,168,171
65742,5,34,613,750,756
65753,0,2,33,39,40
65757,0,0,2,71,72
65781,2,5,82,100,101
65802,231,657,14578,17491,17633
65803,425,816,13356,16067,16165
65804,0,302,935,14525,14872
65806,3,165,270,2832,2916
65807,0,415,754,18285,18606
65809,4,255,484,4024,4201
65810,0,199,605,7891,8140
38637,0,0,0,0,0
38641,0,0,0,0,0
38654,0,0,0,0,0
38655,0,0,0,0,0
38671,0,0,0,0,0
38672,0,0,0,0,0
38680,0,0,0,0,0
38801,0,0,0,0,0
38804,0,0,0,0,0
38826,0,0,0,0,0
38862,0,0,0,0,0
38863,0,0,0,0,0
38866,0,0,0,0,0
38868,0,0,0,0,0
39041,0,0,0,0,0
39042,0,0,0,0,0
39046,0,0,0,0,0
39047,0,0,0,0,0
39056,0,0,0,0,0
39071,0,0,0,0,0
39073,0,0,0,0,0
39110,0,0,0,0,0
39154,0,0,0,0,0
39157,0,0,0,0,0
39170,0,0,0,0,0
39201,0,0,0,0,0
39202,0,0,0,0,0
39203,0,0,0,0,0
39204,0,0,0,0,0
39206,0,0,0,0,0
39208,0,0,0,0,0
39209,0,0,0,0,0
39211,0,0,0,0,0
39212,0,0,0,0,0
39213,0,0,0,0,0
39216,0,0,0,0,0
39218,0,0,0,0,0
39232,0,0,0,0,0
39272,0,0,0,0,0
39301,47,52,56,56,56
39305,2,4,4,7,9
39307,0,0,0,0,0
39342,5,5,6,6,6
39401,0,0,0,0,0
39402,40,54,60,74,81
39437,0,0,0,0,0
39440,0,0,0,0,0
39443,0,0,0,0,0
39452,0,0,0,0,0
39465,0,0,0,0,3
39475,0,0,0,0,0
39501,199,215,257,273,282
39503,0,0,0,0,19
39507,12,18,18,18,24
39520,48,48,55,62,62
39525,0,0,0,0,0
39530,6,9,13,16,16
39531,0,0,0,0,0
39532,12,12,24,24,24
39540,8,8,13,15,15
39553,19,25,31,38,44
39556,0,0,0,0,0
39560,0,0,0,0,0
39562,0,7,14,18,18
39563,47,53,59,59,59
39564,0,0,0,0,0
39565,0,0,0,0,0
39567,0,0,0,0,0
39571,5,16,16,27,33
39574,1,1,1,1,1
39576,10,13,13,16,16
39581,27,27,30,38,49
59030,11,18,199,297,297
59101,576,1116,8331,11351,11492
59102,766,1746,10723,14828,14950
59105,341,818,6982,9534,9563
59106,546,878,2963,4020,4152
59401,231,342,2122,3671,3744
59404,392,519,4691,8199,8335
59405,399,559,5468,9600,9769
59411,1,1,1,13,24
59417,5,6,8,42,76
59714,134,168,1516,2741,2792
59715,584,761,3683,6414,6537
59718,501,709,4059,7256,7387
59741,1,1,5,9,9
59801,447,550,3813,7579,7787
59802,218,327,1993,4129,4247
59803,297,402,2308,4516,4626
59804,166,199,1313,2610,2671
59808,240,355,2276,4591,4682
59901,384,546,616,6011,11243
59912,6,13,16,126,233
59936,0,0,0,1,3
59937,16,22,29,145,255
27006,0,0,0,0,1
27009,0,1,7,17,22
27012,0,0,0,125,246
27019,0,0,0,0,0
27023,0,3,11,36,52
27040,6,17,65,116,170
27045,0,2,4,8,10
27050,0,0,1,1,2
27051,0,2,17,47,71
27052,0,0,0,0,0
27101,11,113,181,255,357
27103,0,74,158,305,399
27104,0,42,155,400,611
27105,116,359,591,719,963
27106,11,194,292,519,713
27107,0,126,351,491,659
27127,0,107,213,331,426
27201,0,0,0,0,0
27214,0,0,8,24,44
27215,0,0,96,181,308
27217,0,82,143,211,272
27233,0,0,2,4,6
27235,0,5,31,72,104
27244,0,9,30,62,80
27249,0,19,30,66,87
27253,0,0,82,164,214
27258,0,18,30,48,72
27260,8,169,354,461,538
27262,0,0,137,302,410
27263,35,71,99,191,240
27265,0,47,111,427,680
27278,0,0,0,0,1
27282,0,30,111,242,282
27284,0,110,166,479,792
27292,0,44,105,194,266
27295,3,10,36,74,97
27299,0,0,5,12,22
27301,4,6,11,19,28
27302,3,6,11,18,19
27305,0,0,0,0,0
27310,3,10,21,174,304
27311,0,0,0,0,1
27313,0,2,12,28,54
27315,0,0,0,0,0
27317,5,14,19,23,24
27357,0,0,1,2,3
27358,0,0,52,161,260
27360,0,0,24,67,102
27370,1,3,4,6,8
27376,4,4,8,12,16
27377,0,2,3,13,21
27401,0,22,86,184,292
27403,5,32,68,182,210
27405,0,86,357,528,671
27406,53,266,461,585,850
27407,0,112,262,448,561
27408,0,33,51,228,364
27409,29,57,62,120,163
27410,0,0,244,546,891
27455,7,41,116,340,503
27502,78,314,676,1010,1343
27504,22,31,46,59,67
27510,0,16,35,63,98
27511,37,50,268,380,535
27513,10,162,524,877,1172
27514,0,54,81,299,440
27516,53,242,426,578,778
27517,48,113,361,527,657
27518,16,84,361,576,712
27519,0,348,739,1139,1730
27520,44,96,236,302,376
27521,1,1,2,3,3
27523,15,53,158,234,305
27526,58,64,227,373,460
27527,1,16,36,58,86
27529,0,88,340,582,713
27530,47,114,168,255,349
27534,78,120,174,222,281
27539,51,77,443,706,982
27540,30,149,527,895,1124
27545,82,150,238,286,340
27560,8,55,55,323,496
27562,0,3,19,38,52
27587,24,64,183,305,403
27591,0,2,12,20,26
27592,11,21,51,79,106
27596,0,0,1,2,3
27601,0,11,70,132,177
27603,0,230,486,703,997
27604,31,167,386,532,689
27605,4,18,50,65,77
27606,51,147,309,551,683
27607,25,105,268,394,495
27608,0,30,230,387,550
27609,10,46,183,300,401
27610,208,385,577,738,850
27612,20,125,348,578,748
27613,9,35,519,817,1081
27614,78,400,791,1139,1356
27615,0,98,384,597,810
27616,40,101,252,414,565
27617,15,90,231,351,497
27701,31,55,137,200,259
27703,41,68,162,433,717
27704,97,132,185,291,326
27705,36,100,272,422,593
27707,16,105,137,306,451
27712,37,51,169,254,342
27713,0,70,128,501,770
27801,117,148,209,265,296
27803,26,86,184,276,362
27804,65,222,324,445,519
27809,3,5,10,13,18
27812,0,0,0,0,0
27822,9,21,36,48,55
27828,0,0,0,0,0
27834,76,212,382,561,688
27837,2,3,6,7,9
27851,0,1,1,1,2
27856,0,0,0,0,0
27858,134,314,515,717,851
27863,0,2,3,3,4
27878,0,1,2,3,4
27884,0,0,0,0,0
27893,406,510,576,671,803
27896,62,85,171,233,323
28012,0,7,133,322,504
28016,0,0,19,54,77
28023,0,2,4,11,15
28025,37,122,293,536,792
28027,0,70,140,558,907
28031,0,28,121,495,943
28032,0,12,42,75,107
28033,0,0,1,1,2
28034,9,31,47,56,78
28036,0,0,15,209,347
28037,10,15,56,123,174
28052,0,90,180,225,324
28054,0,94,199,315,420
28056,0,24,48,294,414
28072,0,0,0,0,0
28073,0,4,5,8,9
28075,0,0,151,369,551
28078,0,0,384,969,1627
28079,0,0,158,385,679
28080,0,0,2,7,9
28086,0,15,57,91,109
28092,10,41,83,156,192
28098,0,0,6,22,38
28101,0,0,0,2,3
28104,20,30,160,709,1029
28105,0,33,110,329,625
28107,0,0,3,13,19
28110,0,70,267,450,646
28112,24,63,120,164,197
28115,47,103,160,413,582
28117,0,11,57,513,958
28120,13,58,149,265,381
28125,0,0,0,0,0
28134,0,15,33,88,139
28138,0,1,1,5,9
28144,0,0,99,337,534
28146,0,0,30,178,222
28147,0,0,36,100,150
28150,3,38,99,144,195
28152,9,55,84,156,182
28159,3,14,32,43,57
28164,2,2,4,26,68
28166,0,1,2,6,8
28168,0,0,0,0,0
28173,0,13,280,892,1824
28202,2,10,17,39,61
28203,0,0,30,143,235
28204,0,2,18,39,56
28205,0,39,116,308,431
28206,0,9,32,71,115
28207,2,3,60,213,350
28208,70,117,164,289,429
28209,0,0,12,162,332
28210,0,10,186,519,793
28211,0,24,192,523,787
28212,17,73,101,118,146
28213,75,140,261,391,531
28214,25,37,112,311,461
28215,50,124,210,433,532
28216,0,0,208,461,669
28217,0,56,101,190,240
28226,0,30,323,889,1293
28227,0,39,144,380,472
28262,0,99,213,418,517
28269,21,144,310,495,867
28270,0,16,189,598,893
28273,0,29,58,231,376
28277,37,111,388,1238,1847
28278,16,41,98,408,661
28301,94,277,383,477,560
28303,181,276,389,527,613
28304,24,156,275,431,574
28305,36,56,105,163,210
28306,163,299,475,693,774
28307,13,30,50,70,83
28311,179,260,458,601,691
28312,86,120,252,292,338
28314,144,184,341,407,552
28315,27,34,53,82,100
28326,0,0,0,0,0
28327,0,6,16,19,24
28333,1,4,8,12,16
28334,61,103,168,201,239
28339,11,38,70,89,113
28348,92,161,310,402,563
28358,129,222,308,415,473
28360,20,28,35,44,47
28371,53,65,84,96,109
28372,0,0,0,1,1
28373,1,1,1,1,2
28374,8,33,133,231,281
28376,16,35,45,60,77
28387,0,9,56,107,167
28390,33,55,76,124,182
28391,1,1,3,3,3
28394,0,0,0,0,0
28395,0,1,3,4,4
28401,236,305,419,564,617
28403,228,321,524,643,837
28405,90,220,451,651,861
28409,55,144,542,830,1117
28411,24,85,365,596,900
28412,0,179,359,606,718
28420,0,0,0,0,1
28422,9,17,26,35,40
28428,49,90,191,278,389
28429,7,14,28,41,45
28449,0,24,78,114,159
28451,2,3,4,5,7
28460,0,0,0,0,0
28461,17,50,88,107,140
28462,116,129,192,255,313
28465,37,166,285,382,497
28467,17,62,79,100,127
28468,43,64,154,206,239
28469,0,55,118,170,225
28470,27,50,83,125,156
28479,0,0,1,1,2
28480,0,18,121,230,312
28513,0,1,1,1,1
28539,1,2,3,4,5
28540,64,179,307,473,575
28543,0,3,6,11,15
28544,3,9,20,34,40
28546,26,193,334,501,604
28547,15,27,44,69,82
28555,0,0,0,0,0
28590,38,76,165,254,355
28601,0,70,114,273,440
28602,0,51,113,164,210
28610,0,6,11,21,24
28612,0,0,17,34,45
28613,0,15,68,120,173
28619,0,0,1,1,1
28625,4,16,48,92,108
28630,3,17,34,62,88
28637,8,11,16,19,28
28638,5,19,33,41,49
28645,0,16,71,103,147
28650,0,0,16,43,68
28655,0,7,59,119,225
28658,0,0,16,74,111
28677,28,69,124,193,275
28681,0,0,2,4,8
28690,8,15,32,55,80
28701,4,14,24,31,37
28715,16,35,75,98,122
28730,1,2,9,16,20
28748,0,2,4,7,8
28778,0,4,7,11,14
28787,2,31,68,99,125
28801,51,131,240,356,418
28803,48,92,210,289,341
28804,24,79,225,407,535
28805,5,55,132,214,269
28806,12,59,258,386,585
58042,0,0,0,0,0
58047,0,0,0,0,0
58078,36,36,36,36,36
58102,0,0,0,0,0
58103,0,0,0,0,0
58104,34,34,34,34,34
58201,0,0,0,0,0
58202,0,0,0,0,0
58203,0,0,0,0,0
58501,0,0,0,0,0
58503,8,8,8,8,8
58504,0,0,0,0,0
58554,0,0,0,0,0
68005,53,76,76,84,122
68007,7,7,7,14,41
68010,0,0,0,0,1
68022,14,14,14,110,234
68028,0,0,0,0,67
68030,0,0,0,0,0
68046,72,87,95,95,151
68059,0,0,0,0,0
68064,0,0,0,0,0
68069,6,7,12,22,31
68102,9,15,20,25,28
68104,15,37,66,110,117
68105,14,53,62,101,139
68106,70,75,129,177,210
68107,21,62,110,144,144
68108,0,12,16,33,58
68110,17,36,50,72,103
68111,20,75,90,130,155
68112,12,19,26,33,45
68113,0,0,0,0,1
68114,0,8,28,49,94
68116,0,0,39,39,39
68117,3,12,21,21,24
68118,3,6,9,37,106
68122,0,4,7,32,57
68123,0,0,0,26,85
68124,15,19,38,76,129
68127,59,69,85,128,144
68128,14,19,28,38,47
68130,6,25,31,94,207
68131,8,20,35,45,57
68132,19,25,28,50,89
68133,0,4,33,67,122
68134,23,46,107,137,183
68135,0,0,47,197,374
68136,11,11,22,84,163
68137,21,21,49,90,139
68138,0,0,0,28,43
68142,0,1,1,8,27
68144,0,0,0,0,64
68147,19,28,35,41,50
68152,0,0,1,19,26
68154,0,0,0,12,133
68157,0,0,0,7,19
68164,32,47,55,87,119
68317,0,0,0,0,0
68336,0,0,0,0,1
68339,0,0,0,0,1
68430,0,0,0,0,0
68462,0,0,0,0,0
68502,33,57,98,139,188
68503,0,4,19,58,77
68504,48,57,67,67,72
68505,6,28,50,61,100
68506,38,75,94,169,207
68507,6,12,23,35,64
68508,49,56,66,73,81
68510,7,43,51,72,130
68512,32,36,40,69,105
68514,0,0,0,0,0
68516,27,54,68,95,203
68517,0,0,0,1,1
68520,3,4,6,10,18
68521,57,76,95,134,162
68522,0,0,0,8,25
68523,0,0,0,16,29
68524,2,3,5,8,15
68526,4,6,23,57,106
68527,0,0,0,8,16
68528,0,0,6,15,17
68531,0,0,0,1,4
68731,1,1,1,1,2
68776,4,8,12,32,40
3032,0,168,1247,1301,1301
3034,0,9,119,121,121
3036,0,20,140,146,146
3038,5,465,5031,5150,5166
3045,21,396,3316,3440,3447
3046,1,13,97,101,101
3049,0,27,139,148,148
3051,18,551,4304,4507,4511
3052,1,123,849,890,890
3053,4,515,3791,3961,3961
3054,0,400,3835,3962,3962
3060,51,440,5511,5636,5647
3062,10,514,5048,5203,5209
3063,6,274,2709,2790,2793
3064,27,219,2968,3038,3041
3076,14,326,2318,2414,2417
3079,43,537,5150,5309,5315
3087,0,40,226,239,239
3101,8,76,452,468,473
3102,58,283,5689,5770,5770
3103,72,369,7918,7982,8014
3104,98,530,7384,7528,7565
3106,8,464,3712,3863,3863
3109,21,187,2916,2969,2972
3110,10,629,3286,3477,3477
3224,0,1,6,6,6
3229,0,4,36,37,37
3234,0,1,22,22,22
3258,0,4,55,56,56
3275,26,130,2551,2590,2598
3301,66,435,6459,6584,6591
3303,0,94,1416,1437,1440
3304,6,178,1016,1075,1075
3307,0,9,161,164,164
3801,4,499,3860,4025,4025
3820,0,455,4325,4463,4463
3823,0,11,45,49,49
3824,10,101,597,623,626
3833,1,8,63,65,65
3840,4,73,412,432,432
3854,0,68,275,294,294
3856,0,39,180,193,193
3857,6,59,853,871,873
3861,0,0,3,3,3
3862,1,28,178,186,186
3865,0,0,4,4,4
3867,0,0,4,4,4
3868,0,1,24,24,24
3869,1,28,290,298,299
3870,6,126,523,560,561
3878,8,76,1933,1955,1955
3885,8,75,402,425,426
7001,151,476,2726,2797,2845
7002,548,1676,10580,10766,10875
7003,619,1726,8929,9116,9332
7004,97,419,1314,2633,2730
7005,82,313,1204,2531,2629
7006,48,730,2501,4932,5156
7008,219,915,5301,5416,5460
7009,353,820,2716,2868,2979
7010,215,567,2888,2973,3007
7011,325,1221,6872,6963,7048
7012,151,597,2850,2913,2957
7013,588,1690,6891,7163,7340
7014,91,254,1220,1251,1279
7016,163,697,2391,4716,4939
7017,173,525,3424,3470,3509
7018,220,506,2706,2786,2831
7020,125,281,876,921,953
7021,77,152,315,343,369
7022,130,368,2077,2118,2149
7023,178,474,1324,1406,1464
7024,285,780,3360,3530,3591
7026,298,947,5729,5830,5925
7027,53,217,1089,1102,1128
7028,280,589,1259,1375,1466
7029,157,384,2315,2351,2392
7030,454,968,2829,3004,3156
7031,183,632,3587,3661,3736
7032,344,954,6781,6886,6963
7033,12,183,1111,2293,2336
7034,21,110,681,1666,1699
7035,12,54,385,924,944
7036,401,1535,9764,9864,9995
7039,202,1225,3271,5785,6209
7040,121,815,2132,4054,4319
7041,39,286,729,1288,1364
7042,530,1214,3781,4032,4214
7043,462,889,2113,2323,2457
7044,416,838,2525,2687,2808
7045,2,337,1055,2041,2146
7046,6,126,262,432,476
7047,503,1206,7414,7569,7692
7050,238,562,3271,3325,3380
7052,207,1124,4128,8391,8769
7054,95,614,2349,5244,5423
7055,246,1045,6177,6240,6272
7057,124,396,2403,2428,2460
7058,32,142,555,1142,1180
7059,212,725,1851,3172,3398
7060,269,921,5224,5273,5343
7062,113,374,2068,2100,2123
7063,94,292,1894,1937,1961
7064,66,241,1305,1335,1351
7065,264,1050,5437,5538,5611
7066,286,855,3867,3982,4084
7067,427,1264,4806,4981,5119
7068,13,179,653,1329,1387
7069,23,159,512,943,989
7070,335,867,3471,3645,3743
7071,301,1036,4860,4972,5079
7072,173,452,1880,1955,1995
7073,152,371,1814,1870,1909
7074,52,160,880,903,918
7075,236,536,2073,2173,2223
7076,60,821,2564,4559,4831
7077,59,184,774,786,799
7078,90,793,1551,2292,2527
7079,86,479,1322,2415,2595
7080,476,1509,5878,6085,6229
7081,83,430,1647,3211,3374
7082,11,75,212,410,439
7083,270,1144,5786,12227,12587
7086,194,409,1502,1564,1626
7087,314,832,5619,5747,5788
7088,14,40,301,690,701
7090,260,1250,3229,5621,6033
7092,88,352,845,1508,1615
7093,285,842,4750,4868,4912
7094,391,850,3099,3265,3371
7095,211,798,3884,3973,4046
7102,86,211,879,896,908
7103,241,742,3858,3938,3974
7104,319,904,5220,5280,5377
7105,230,740,6060,6147,6196
7106,247,608,3811,3858,3886
7107,232,704,4257,4314,4332
7108,283,651,2859,2926,2962
7109,313,1218,6829,7007,7093
7110,541,1469,6017,6262,6429
7111,329,1184,7427,7503,7595
7112,230,504,3549,3596,3625
7114,121,439,2018,2049,2079
7201,133,564,3935,3988,4012
7202,230,773,4779,4809,4872
7203,166,578,3514,3551,3612
7204,149,466,2336,2379,2431
7205,248,850,4499,4593,4672
7206,158,602,3594,3612,3645
7208,113,487,3563,3607,3618
7302,378,830,2336,2478,2596
7304,366,1104,5152,5233,5325
7305,474,1497,9020,9314,9418
7306,289,888,4996,5143,5211
7307,371,968,5807,5965,6044
7310,28,54,136,146,154
7401,201,427,1148,1202,1259
7407,265,743,4469,4544,4609
7410,1059,2219,7617,8020,8373
7417,488,852,2208,2392,2539
7423,167,367,756,851,896
7424,338,1176,5347,5515,5605
7430,431,1064,4084,4264,4392
7432,184,403,1429,1491,1552
7436,38,380,1297,2513,2633
7440,7,80,283,616,650
7442,7,47,304,603,620
7444,8,62,211,469,485
7446,376,831,2468,2613,2737
7450,843,1672,4188,4490,4725
7452,431,949,2294,2448,2569
7458,512,933,2324,2544,2699
7463,228,565,1855,1940,2005
7470,283,1439,5597,10434,11012
7481,496,1186,3161,3324,3494
7501,249,713,3380,3429,3467
7502,117,509,2584,2614,2646
7503,142,491,2809,2852,2870
7504,120,387,1666,1704,1728
7505,35,104,451,460,467
7506,282,948,4249,4361,4446
7508,416,1138,4556,4702,4803
7512,312,814,3366,3495,3566
7513,42,237,1482,1495,1504
7514,82,298,2123,2140,2149
7522,139,423,2459,2494,2520
7524,116,343,1837,1866,1891
7601,230,859,5309,5396,5446
7603,97,302,1633,1663,1692
7604,225,643,2800,2871,2942
7605,174,371,1424,1470,1529
7606,36,114,659,674,685
7607,173,439,2178,2238,2303
7620,45,86,193,207,221
7621,358,1048,4943,5037,5182
7624,318,748,1914,2053,2131
7626,214,501,1564,1636,1693
7627,149,310,914,977,1019
7628,247,698,3470,3607,3685
7630,196,467,1662,1738,1798
7631,395,924,3875,4012,4141
7632,324,654,1532,1675,1767
7640,127,294,876,922,960
7641,103,207,488,528,559
7642,255,626,1821,1941,2018
7643,127,353,2002,2029,2054
7644,308,946,4429,4550,4620
7645,201,538,1409,1500,1563
7646,255,697,2935,3061,3133
7647,122,348,1218,1272,1306
7648,147,373,1094,1128,1177
7649,314,650,1652,1763,1869
7650,158,495,2465,2535,2582
7652,620,1606,6525,6842,7011
7656,220,487,1504,1591,1661
7657,170,427,2112,2184,2228
7660,117,374,2149,2208,2237
7661,299,707,2172,2309,2391
7662,135,377,1474,1525,1560
7663,316,921,3720,3900,3984
7666,722,1628,6212,6552,6777
7670,437,857,2162,2351,2478
7675,728,1694,4949,5214,5484
7676,197,446,1529,1605,1665
7677,222,420,1005,1089,1164
7701,110,659,2799,4907,5085
7702,40,201,632,1041,1099
7704,57,348,916,1412,1527
7711,19,110,381,618,643
7712,215,764,3933,7087,7228
7716,44,207,1003,1744,1799
7717,26,105,527,921,954
7718,43,200,972,1660,1730
7719,209,767,3473,5950,6147
7720,25,94,775,1442,1468
7721,10,38,328,640,652
7722,45,153,467,765,807
7723,46,144,538,903,940
7724,96,418,2585,4565,4733
7726,381,1439,5164,8794,9252
7727,71,212,967,1728,1781
7728,276,1116,6142,10891,11259
7730,190,467,2609,4649,4756
7731,172,859,4700,8595,8857
7732,13,125,696,1212,1243
7733,145,743,2288,3741,4011
7734,74,212,1522,2841,2906
7735,111,403,2644,5091,5213
7737,5,73,491,869,891
7738,37,206,653,1038,1103
7739,19,375,993,1542,1651
7740,93,463,3477,6373,6532
7746,145,960,2824,4484,4804
7747,79,791,3901,7508,7777
7748,239,846,3315,5705,5938
7750,44,166,556,921,956
7751,230,900,2788,4422,4701
7753,273,740,4702,8366,8621
7755,19,169,922,1662,1694
7756,25,71,598,1106,1130
7757,68,196,877,1561,1619
7758,10,131,659,1141,1187
7760,133,459,1319,2094,2248
7762,75,430,2054,3524,3651
7764,86,225,1208,2120,2194
7801,61,222,1670,4212,4295
7803,3,58,391,961,981
7821,0,2,8,21,22
7828,28,145,904,2406,2466
7834,24,380,1484,3222,3353
7836,59,303,1170,2618,2750
7838,0,0,2,5,5
7840,36,408,2261,5695,5813
7843,4,30,194,591,603
7847,2,18,212,552,556
7849,0,2,10,22,22
7850,33,88,449,1128,1158
7852,8,69,349,807,829
7853,37,306,807,1515,1613
7856,2,27,213,543,555
7857,0,52,321,787,805
7866,65,356,1296,3055,3142
7869,28,750,2222,4246,4485
7874,13,73,425,1378,1412
7876,34,344,1205,2636,2723
7878,0,1,31,84,85
7885,40,164,875,2132,2183
7901,90,643,1819,3242,3421
7920,158,1001,2931,5024,5390
7921,42,147,511,977,1024
7922,33,376,1025,1827,1942
7924,12,220,571,956,1022
7927,34,117,404,857,900
7928,6,649,1544,2779,2981
7930,21,207,490,900,964
7931,12,63,190,331,355
7932,33,318,1056,2144,2252
7933,20,115,311,625,670
7935,2,25,101,214,221
7936,34,443,1563,3147,3273
7940,67,560,1533,3042,3200
7945,72,426,962,1640,1799
7946,26,150,381,669,722
7950,50,549,1789,3870,4011
7960,124,949,2978,6341,6643
7974,80,352,1020,1909,2016
7980,23,101,281,582,617
7981,72,269,990,2170,2273
8002,304,1329,4659,4756,4828
8003,1240,5662,7611,8027,8158
8004,208,1919,2617,2660,2692
8007,57,318,1165,1178,1190
8009,189,2298,3202,3222,3241
8010,125,673,2689,2730,2763
8012,587,6960,8959,9069,9170
8016,715,2585,8707,8908,9110
8020,5,23,29,30,31
8021,425,5992,8167,8267,8309
8022,55,238,1133,1935,2005
8023,0,61,79,79,79
8026,83,539,721,740,751
8027,84,1432,1827,1855,1866
8028,329,3851,4925,5032,5062
8029,61,388,1371,1395,1407
8030,170,816,3258,3278,3314
8031,117,780,3284,3307,3327
8032,10,123,154,156,158
8033,465,1184,3025,3219,3343
8034,331,1163,3857,3996,4066
8035,153,613,1819,1894,1933
8036,140,482,1565,1622,1665
8037,312,3147,3900,3956,3992
8043,1027,4720,6198,6424,6596
8045,63,245,768,787,804
8046,387,2379,9419,9593,9660
8048,298,1005,3167,3293,3374
8049,61,373,1483,1496,1511
8051,166,1555,2037,2083,2104
8052,134,922,3993,4021,4054
8053,1220,8365,11815,12123,12271
8054,876,3065,10609,10923,11204
8055,729,3124,4294,4473,4579
8057,915,2238,5509,5886,6164
8059,104,507,1744,1771,1789
8060,262,1258,4674,4791,4864
8062,127,525,675,705,725
8063,35,250,855,865,874
8065,72,393,1514,1540,1557
8066,135,1920,2383,2432,2442
8069,86,1105,1473,1486,1500
8070,206,3437,4578,4643,4676
8071,106,1679,2118,2152,2168
8075,520,2064,7816,8003,8092
8077,408,1628,5093,5238,5340
8078,84,582,2295,2321,2338
8079,31,506,668,676,682
8080,1076,8560,10961,11108,11300
8081,981,9226,12451,12774,12864
8083,237,1946,2592,2638,2681
8084,157,1265,1709,1741,1762
8085,2,13,17,18,18
8086,152,1505,1953,1981,2001
8088,9,71,99,102,103
8089,79,708,941,969,979
8090,139,1671,2236,2261,2286
8091,5,121,163,164,165
8093,125,721,2332,2368,2390
8094,924,8330,10663,10850,10971
8096,730,7349,9413,9646,9715
8097,58,650,848,866,871
8102,68,299,971,988,998
8103,191,723,2425,2468,2490
8104,333,1102,3535,3609,3654
8105,185,957,3668,3717,3747
8106,131,715,2526,2587,2608
8107,154,763,2770,2825,2839
8108,278,1164,3742,3824,3879
8109,271,1300,5030,5134,5197
8110,240,1278,4451,4520,4575
8201,43,594,703,710,716
8203,717,4748,5733,5865,5942
8221,301,1573,1896,1977,2015
8223,110,1019,1214,1236,1249
8225,246,2255,2720,2791,2816
8226,1300,8830,10685,10929,11096
8230,90,842,1002,1025,1035
8232,258,3967,4600,4637,4675
8234,791,8351,10132,10267,10413
8244,172,2513,2954,2991,3015
8270,1,20,24,24,24
8302,12,176,221,223,224
8310,23,357,406,411,413
8312,179,1709,2227,2259,2282
8318,116,1495,2019,2054,2071
8322,232,2122,2756,2790,2833
8326,20,421,498,502,504
8328,11,272,346,348,350
8330,5,87,106,107,108
8332,449,4283,5468,5535,5625
8340,1,25,31,31,31
8341,22,340,419,423,428
8343,150,896,1152,1195,1216
8344,90,1288,1634,1659,1673
8346,0,118,132,132,132
8352,1,7,10,10,10
8360,480,8593,11004,11093,11149
8361,341,3097,3896,3960,4004
8401,500,4853,5730,5795,5842
8402,685,3670,4435,4604,4684
8403,182,922,1130,1159,1180
8406,344,3350,4092,4164,4185
8501,53,319,1313,2227,2338
8502,103,590,1479,2376,2580
8505,373,1273,4867,5015,5102
8510,16,94,264,412,441
8512,95,276,1237,2474,2558
8514,36,106,418,735,766
8515,76,376,1108,1722,1833
8518,76,361,1407,1434,1456
8520,81,609,3175,6424,6620
8525,22,96,294,536,565
8527,70,603,5020,8413,8649
8533,0,0,1,2,2
8534,141,634,1800,3166,3378
8535,35,114,343,540,574
8536,244,752,2985,3096,3169
8540,1321,2978,8578,9153,9507
8542,80,185,608,638,657
8550,108,1096,2870,5101,5438
8553,24,53,186,194,202
8554,64,239,872,894,912
8555,1,11,88,156,158
8558,190,386,834,903,965
8560,7,58,288,572,586
8562,2,8,74,140,142
8609,119,405,2098,2137,2152
8610,354,1384,8030,8137,8187
8611,327,1056,4546,4645,4697
8618,454,1355,6186,6244,6327
8619,282,1246,6340,6438,6523
8620,101,355,1748,3548,3638
8628,123,422,2265,2317,2354
8629,69,341,2039,2072,2085
8638,454,1295,5730,5906,5997
8648,600,1648,6781,7012,7171
8690,358,1141,5384,5485,5569
8691,98,584,2303,4353,4540
8701,13,733,7367,12758,12980
8720,14,52,138,216,230
8721,16,95,764,1275,1300
8722,37,155,1600,2792,2846
8723,119,556,5497,9614,9833
8724,138,778,7116,12211,12412
8730,55,214,818,1367,1427
8731,0,0,4,7,7
8732,6,30,254,438,445
8733,24,42,344,587,597
8735,121,412,3113,5286,5434
8736,144,741,2765,4580,4824
8738,63,236,667,1015,1088
8740,3,19,503,911,913
8741,15,62,375,651,667
8742,313,1017,5514,9269,9552
8750,65,311,1129,1865,1979
8751,162,506,1787,2847,2964
8752,25,139,970,1607,1644
8753,627,1512,10360,17697,18121
8755,87,537,3842,6494,6582
8757,168,589,7892,13779,13835
8759,248,3703,4989,5014,5055
8804,4,18,76,172,176
8805,144,435,2430,2491,2501
8807,90,953,3501,6429,6677
8810,218,548,2051,2145,2207
8812,375,953,2934,3086,3202
8816,255,1497,5213,9875,10278
8817,566,1911,8861,9093,9242
8820,1024,2539,7552,7943,8309
8823,98,308,1592,1627,1652
8824,562,1231,3283,3492,3650
8828,6,32,233,500,509
8830,316,916,3727,3834,3932
8831,172,1440,7497,14806,15275
8832,34,98,346,356,363
8835,225,644,3042,3112,3159
8836,50,236,552,934,1019
8837,188,615,3074,3122,3186
8840,465,1144,3846,4030,4168
8844,195,1411,4418,8171,8544
8846,188,694,3486,3573,3609
8848,1,14,65,159,163
8850,232,627,2624,2719,2783
8852,325,847,3155,3294,3375
8854,693,2383,10192,10625,10809
8857,167,677,4445,8853,9094
8859,41,289,2131,4361,4443
8861,348,1343,8093,8192,8242
8863,232,743,3112,3184,3239
8865,63,440,3204,8725,8868
8869,134,421,1903,1951,1983
8872,14,262,2030,4371,4457
8873,1037,2739,12095,12428,12722
8876,51,253,1329,2660,2753
8879,28,238,2522,5520,5633
8880,29,137,968,975,982
8882,63,273,2061,4322,4412
8884,47,154,933,1941,1989
8886,6,121,464,1079,1118
8901,420,1310,5998,6099,6218
8902,429,1459,7143,7369,7489
8904,175,523,2347,2398,2445
87002,318,5164,5216,5216,5216
87004,0,10,10,10,10
87008,97,622,635,635,635
87015,56,1122,1133,1133,1133
87022,5,98,99,99,99
87031,349,7056,7113,7113,7113
87035,64,1164,1177,1177,1177
87042,81,1166,1181,1181,1181
87047,21,220,223,223,223
87048,488,4382,4444,4444,4444
87059,53,668,675,675,675
87068,94,1341,1350,1350,1350
87102,616,7661,7793,7793,7793
87104,373,4941,4976,4976,4976
87105,1002,20733,20900,20900,20900
87106,884,8646,8831,8831,8831
87107,1095,13829,14040,14040,14040
87108,883,10570,10775,10775,10775
87109,841,12465,12578,12578,12578
87110,881,15352,15491,15491,15491
87111,1922,19101,19431,19431,19431
87112,974,15754,15945,15945,15945
87113,415,6155,6210,6210,6210
87114,1428,21427,21665,21665,21665
87116,35,1585,1591,1591,1591
87120,1155,21168,21361,21361,21361
87121,1118,20880,21154,21154,21154
87122,725,3590,3697,3697,3697
87123,1006,13647,13771,13771,13771
87124,955,20166,20329,20329,20329
87144,128,2384,2409,2409,2409
87401,560,11106,11218,11218,11218
87402,137,2664,2694,2694,2694
87501,893,8201,8343,8343,8343
87505,1067,12815,13049,13049,13049
87506,243,1823,1868,1868,1868
87507,734,13723,13848,13848,13848
87508,310,3265,3301,3301,3301
88001,771,11775,12040,12040,12040
88005,417,10300,10435,10435,10435
88007,222,5603,5688,5688,5688
88008,8,324,327,327,327
88011,433,7850,8010,8010,8010
88012,216,5617,5691,5691,5691
88047,1,21,21,21,21
88063,219,2700,2766,2766,2766
89002,11,10810,11064,11075,11075
89005,96,5451,5631,5631,5631
89011,56,7640,7934,7934,7934
89012,122,10660,11069,11069,11069
89014,0,9245,9434,9434,9434
89015,127,12437,12717,12717,12717
89030,140,6847,7023,7037,7037
89032,71,7784,7943,7943,7943
89044,0,2,2,2,2
89052,161,11753,12359,12359,12359
89074,78,14942,15518,15549,15549
89101,156,6829,7084,7084,7084
89102,65,7003,7190,7190,7190
89103,87,9459,9623,9623,9623
89104,135,10152,10401,10401,10401
89106,122,6579,6810,6810,6810
89107,57,9225,9481,9481,9481
89108,50,16352,16670,16686,16686
89109,32,1185,1246,1246,1246
89110,221,16537,16927,16961,16961
89113,96,7708,8012,8012,8012
89115,7,3461,3532,3532,3532
89117,210,15591,16155,16155,16155
89118,68,5479,5637,5637,5637
89119,115,8069,8242,8250,8250
89120,35,6829,6933,6933,6933
89121,162,14389,14728,14728,14728
89122,140,13677,13971,13971,13971
89123,66,16140,16571,16588,16588
89128,0,9883,10095,10095,10095
89129,127,13672,14152,14152,14152
89130,6,1096,1117,1117,1117
89134,23,11268,11628,11628,11628
89135,89,10520,11121,11121,11121
89138,5,2252,2433,2433,2433
89139,77,12606,12903,12903,12903
89141,53,8356,8768,8768,8768
89142,66,8137,8287,8287,8287
89144,50,6026,6309,6309,6309
89145,104,7190,7435,7435,7435
89146,75,4856,4986,4986,4986
89147,146,14196,14605,14605,14605
89148,81,8687,8984,8984,8984
89156,138,6392,6569,6569,6569
89158,0,21,23,23,23
89166,0,11,11,11,11
89169,40,2756,2841,2841,2841
89178,35,4140,4317,4317,4317
89183,45,8930,9084,9084,9084
89403,0,54,55,55,55
89410,0,49,51,51,51
89423,30,4131,4299,4299,4299
89431,19,9334,9486,9486,9486
89433,0,6158,6246,6246,6246
89434,0,7116,7231,7238,7238
89436,66,12706,13167,13167,13167
89439,2,115,120,120,120
89441,36,3726,4033,4033,4033
89501,0,588,620,621,621
89502,0,9838,10069,10069,10069
89503,54,7489,7681,7689,7689
89506,95,11492,11835,11835,11835
89508,0,722,734,734,734
89509,10,9670,10094,10094,10094
89510,0,47,48,48,48
89511,0,8018,8557,8557,8557
89512,37,5230,5342,5358,5358
89519,0,3280,3632,3632,3632
89521,66,9024,9478,9478,9478
89523,0,10153,10654,10654,10654
89701,50,8056,8288,8288,8288
89703,19,2952,3101,3101,3101
89705,0,1916,1959,1959,1959
89706,51,6258,6334,6334,6334
10001,0,1,8,37,64
10002,0,11,27,66,107
10003,0,0,33,129,219
10004,0,0,3,8,14
10005,0,0,1,4,6
10006,0,0,1,5,9
10007,0,1,2,16,25
10009,11,27,51,98,125
10010,3,4,16,45,66
10011,0,4,51,140,201
10012,2,9,39,77,128
10013,0,6,37,109,164
10014,0,0,28,101,177
10016,0,4,14,60,100
10017,0,1,2,10,18
10018,0,0,9,33,53
10019,0,4,20,60,91
10021,0,0,15,46,79
10022,0,0,16,45,69
10023,0,4,27,65,103
10024,0,4,17,92,162
10025,0,10,32,115,161
10026,0,8,23,49,76
10027,0,12,49,105,173
10028,0,4,7,74,125
10029,4,29,59,83,110
10030,0,7,18,36,53
10031,0,0,20,50,82
10032,2,10,18,27,50
10033,0,14,26,47,61
10034,0,4,14,26,39
10035,0,17,35,70,94
10036,4,9,16,38,61
10037,0,3,9,17,27
10038,0,2,9,20,29
10039,0,7,11,17,22
10040,0,5,8,18,24
10044,0,0,1,4,7
10065,1,6,18,56,85
10069,0,0,1,1,2
10075,4,5,11,33,55
10128,2,8,27,70,112
10280,0,0,1,3,4
10282,0,0,0,3,5
10301,15,59,205,356,493
10302,0,33,103,193,276
10303,0,0,61,217,338
10304,13,103,327,539,680
10305,0,8,116,371,611
10306,0,0,235,541,787
10307,0,12,115,221,312
10308,0,39,229,442,688
10309,13,33,270,592,861
10310,0,50,136,299,398
10312,26,66,145,648,1190
10314,68,153,357,867,1462
10451,2,23,45,65,78
10452,0,18,43,57,79
10453,10,45,85,128,145
10454,0,22,64,105,134
10455,0,23,48,72,94
10456,13,53,113,157,206
10457,0,52,88,133,182
10458,24,54,96,126,139
10459,0,28,66,109,140
10460,0,59,108,148,183
10461,4,44,117,213,290
10462,4,29,92,180,206
10463,13,24,56,89,116
10464,0,0,0,1,1
10465,1,13,22,40,58
10466,0,74,209,363,518
10467,0,49,127,191,254
10468,6,32,50,75,93
10469,0,127,338,525,719
10470,0,12,43,99,149
10471,0,0,33,81,127
10472,0,70,129,233,351
10473,0,24,84,149,249
10474,10,29,55,71,87
10475,0,5,9,14,20
10501,0,0,11,40,67
10502,2,8,72,184,287
10504,0,0,71,302,466
10505,0,0,0,0,0
10506,3,6,56,117,172
10507,4,9,38,96,142
10510,5,11,86,307,468
10511,3,5,26,42,67
10514,0,0,120,352,539
10516,0,0,2,7,45
10517,0,0,0,1,2
10520,0,0,96,251,385
10522,2,8,27,139,236
10523,14,17,36,118,189
10524,0,0,1,2,14
10526,0,0,0,0,0
10527,0,0,0,0,0
10528,0,4,10,40,63
10530,2,9,59,145,222
10532,0,4,20,107,182
10533,0,0,42,176,288
10536,2,4,97,303,506
10537,0,0,2,2,15
10538,1,3,11,31,48
10541,0,0,0,0,0
10543,0,1,7,17,26
10546,0,0,9,30,46
10547,3,10,60,104,145
10548,0,1,15,59,85
10549,5,33,144,269,421
10550,35,86,125,208,329
10552,0,20,50,132,224
10553,3,12,20,78,108
10560,0,0,0,0,0
10562,21,26,202,346,496
10566,22,66,106,216,300
10567,0,0,5,9,252
10570,0,2,87,247,408
10573,0,32,228,519,804
10576,0,0,4,13,22
10577,0,0,64,148,233
10578,0,0,0,0,0
10579,0,0,0,0,10
10580,1,2,42,110,184
10583,0,0,476,1174,1724
10588,0,0,18,45,64
10589,0,0,0,0,3
10591,3,16,66,219,375
10594,0,1,54,127,207
10595,3,37,102,193,277
10596,1,4,10,15,19
10598,0,0,158,590,906
10601,0,2,14,28,38
10603,0,13,54,159,280
10604,0,0,22,150,273
10605,24,38,133,350,542
10606,6,22,70,148,215
10607,0,0,37,137,225
10701,71,137,275,374,517
10703,0,34,97,146,197
10704,0,57,185,324,494
10705,0,0,62,200,271
10706,0,0,49,141,227
10707,4,12,46,148,222
10708,5,19,65,204,320
10709,4,6,82,190,330
10710,0,18,103,287,489
10801,6,26,81,186,308
10803,0,4,119,298,437
10804,3,6,161,446,625
10901,0,0,17,90,244
10913,0,0,0,13,113
10920,0,0,0,7,180
10923,2,7,11,36,108
10927,5,23,32,43,97
10931,0,0,0,1,4
10952,0,0,21,76,160
10954,0,9,33,70,293
10956,0,0,0,188,674
10960,0,0,0,23,208
10962,0,0,3,12,127
10964,0,1,3,9,32
10965,0,0,0,53,225
10968,1,1,2,4,26
10970,5,18,21,25,91
10974,0,0,0,0,2
10976,0,0,6,12,27
10977,0,7,41,95,224
10980,0,0,7,90,284
10983,0,0,0,10,112
10984,0,0,0,9,47
10986,0,0,4,10,29
10989,0,4,10,41,136
10993,0,0,0,19,35
10994,4,9,15,54,159
11001,12,24,200,442,782
11003,0,72,332,663,950
11004,8,13,75,142,193
11005,0,0,1,1,1
11010,0,0,0,13,322
11020,0,0,1,4,80
11021,0,0,0,18,104
11023,0,0,4,4,74
11024,0,0,0,0,70
11030,0,7,19,37,486
11040,0,22,431,1005,1602
11050,0,8,15,21,185
11096,0,13,52,84,136
11101,0,32,102,294,447
11102,0,9,24,104,164
11103,6,48,120,188,233
11104,4,12,31,49,64
11105,0,15,107,198,278
11106,5,17,70,147,225
11109,0,0,0,0,0
11201,10,22,115,335,521
11203,0,74,111,370,638
11204,0,0,63,288,396
11205,0,23,82,157,250
11206,0,47,147,244,319
11207,97,250,427,580,677
11208,27,142,418,578,801
11209,58,72,196,435,631
11210,21,84,223,362,522
11211,0,56,188,387,551
11212,0,126,253,363,474
11213,12,77,135,212,262
11214,18,80,222,427,614
11215,6,42,364,836,1260
11216,32,68,189,297,410
11217,0,23,189,392,595
11218,0,0,66,343,523
11219,41,91,174,348,464
11220,0,31,165,299,417
11221,13,87,281,435,609
11222,0,0,133,372,569
11223,101,194,424,636,811
11224,18,49,95,157,198
11225,0,25,90,127,172
11226,14,51,78,188,308
11228,0,83,146,430,610
11229,125,199,334,596,867
11230,0,47,182,410,538
11231,31,62,158,418,569
11232,10,20,92,169,228
11233,30,106,187,343,439
11234,0,85,423,1084,1643
11235,0,64,142,376,590
11236,131,202,512,833,1024
11237,0,31,95,177,256
11238,6,28,112,313,459
11239,1,3,4,6,8
11249,0,7,62,115,176
11354,0,61,167,249,293
11355,21,82,160,289,402
11356,0,23,53,132,193
11357,0,0,117,462,673
11358,0,0,31,207,446
11360,0,18,86,148,196
11361,0,14,116,280,406
11362,0,9,90,165,265
11363,0,8,48,96,157
11364,5,51,189,338,471
11365,0,63,163,353,464
11366,0,31,123,173,255
11367,3,62,151,220,309
11368,0,18,85,176,292
11369,0,23,93,139,201
11370,0,15,73,123,184
11372,10,16,40,92,135
11373,6,28,61,166,254
11374,7,29,75,132,179
11375,0,27,171,301,445
11377,52,63,138,207,333
11378,0,18,126,271,427
11379,0,31,147,344,485
11385,23,81,196,438,634
11411,0,38,134,311,432
11412,0,0,139,344,543
11413,23,46,206,373,526
11414,0,52,208,390,578
11415,0,1,26,46,72
11416,0,14,78,150,207
11417,0,0,92,233,320
11418,14,40,123,217,253
11419,0,34,137,291,393
11420,0,14,187,345,574
11421,0,4,97,206,316
11422,0,0,126,227,369
11423,12,45,144,251,333
11426,0,0,61,178,270
11427,10,53,149,232,276
11428,0,15,59,193,248
11429,4,31,101,241,372
11432,0,19,115,220,273
11433,0,67,92,217,313
11434,0,122,324,462,576
11435,0,18,128,184,275
11436,0,18,68,157,223
11501,0,0,0,46,227
11507,0,0,0,0,120
11509,0,0,0,4,73
11510,0,0,0,166,597
11514,3,3,4,4,33
11516,0,2,55,126,195
11518,0,0,0,31,157
11520,41,49,49,73,292
11530,0,0,0,7,489
11542,0,0,26,168,399
11545,0,0,0,40,310
11548,0,2,7,15,34
11550,0,0,30,129,333
11552,0,0,11,22,343
11553,0,37,65,89,177
11554,0,0,10,48,556
11557,4,4,7,16,182
11558,0,5,22,32,140
11559,8,17,124,238,345
11560,0,0,11,16,166
11561,0,0,25,50,463
11563,0,0,0,88,350
11565,0,0,25,39,202
11566,0,9,28,57,844
11568,1,5,6,8,134
11569,0,0,0,5,44
11570,0,0,28,51,347
11572,0,0,0,74,571
11575,0,0,0,0,99
11576,0,0,18,36,301
11577,0,0,0,35,263
11579,0,3,5,12,125
11580,44,71,310,718,1055
11581,0,27,279,492,732
11590,0,0,0,81,508
11596,0,0,0,29,188
11598,0,0,0,3,198
11691,0,61,153,316,444
11692,4,37,81,143,180
11693,0,12,47,89,122
11694,7,29,146,261,339
11701,0,0,0,0,214
11702,0,4,8,16,276
11703,0,5,14,45,248
11704,0,0,0,40,436
11705,0,0,11,22,173
11706,0,0,170,495,960
11710,0,0,41,51,780
11713,0,3,41,69,159
11714,0,0,0,34,297
11715,4,4,4,5,68
11716,0,0,0,26,173
11717,0,11,21,32,472
11718,0,0,0,14,82
11719,0,0,7,20,64
11720,0,24,40,48,223
11721,0,0,7,12,106
11722,0,0,36,71,263
11724,0,0,0,4,98
11725,0,0,0,0,572
11726,8,24,28,48,152
11727,0,0,31,75,251
11729,0,0,0,34,292
11730,0,4,8,8,216
11731,0,0,0,0,501
11732,0,0,4,32,101
11733,0,0,0,3,209
11735,0,28,56,74,657
11738,8,8,16,16,191
11739,0,0,0,0,25
11740,0,0,0,21,190
11741,0,0,0,27,280
11742,0,0,0,0,134
11743,0,0,0,74,669
11746,0,17,17,199,1196
11747,0,10,25,30,266
11749,0,0,1,2,30
11751,0,0,30,56,215
11752,0,9,16,50,193
11753,0,0,0,7,295
11754,0,0,0,23,252
11755,0,0,0,30,142
11756,0,0,0,81,568
11757,0,0,0,23,320
11758,0,0,79,142,1134
11762,0,0,0,60,464
11763,0,6,12,47,164
11764,0,0,3,6,49
11765,0,0,0,1,23
11766,0,0,0,7,182
11767,0,10,31,44,219
11768,0,0,0,0,385
11769,0,0,6,38,221
11771,0,0,19,29,232
11772,0,49,146,340,679
11776,0,12,31,43,192
11777,0,0,0,0,70
11779,0,16,57,122,415
11780,0,0,5,31,363
11782,20,35,45,65,381
11783,0,0,0,6,444
11784,0,0,0,52,227
11787,0,46,101,128,696
11788,0,4,13,56,302
11790,0,0,0,4,163
11791,0,0,0,40,613
11793,0,0,0,19,764
11795,0,0,0,22,531
11796,0,0,5,23,76
11797,0,0,7,21,271
11798,0,0,0,32,168
11801,0,0,0,94,869
11803,0,9,44,124,716
11804,0,0,3,15,111
11901,0,0,14,111,188
11930,0,0,0,0,115
11932,0,0,0,4,109
11933,0,0,0,6,55
11934,0,0,0,15,164
11935,0,0,9,15,77
11937,0,0,0,21,325
11939,0,0,0,1,27
11940,0,0,0,0,89
11941,0,0,2,6,48
11942,0,0,0,0,100
11944,0,0,8,38,92
11946,0,15,41,82,356
11948,0,0,1,4,9
11949,0,0,1,6,25
11950,0,0,0,55,133
11951,0,0,0,35,113
11952,0,0,0,0,4
11953,0,0,0,1,1
11954,0,0,0,0,156
11955,0,0,11,17,24
11957,0,0,0,6,61
11958,0,0,0,0,3
11960,0,0,0,3,32
11962,0,0,4,23,77
11963,0,0,0,11,218
11964,0,0,0,2,32
11965,0,0,17,45,81
11967,0,0,43,112,304
11968,0,0,8,72,805
11971,0,0,10,16,172
11976,7,14,24,57,258
11977,0,0,3,15,77
11978,0,0,0,23,163
11980,0,0,2,9,20
12008,0,0,0,0,0
12009,0,0,0,0,0
12018,0,0,0,0,0
12019,0,0,0,0,0
12033,0,0,0,0,6
12047,0,0,0,0,0
12054,0,0,0,0,0
12056,0,0,0,0,0
12061,0,0,0,0,3
12063,0,0,0,0,0
12065,0,0,0,0,0
12067,0,0,1,1,3
12077,0,0,0,0,0
12084,0,0,0,0,1
12085,0,0,0,0,1
12110,0,0,0,0,37
12118,0,0,0,0,0
12121,0,0,0,0,0
12123,0,0,0,0,0
12140,0,0,0,1,2
12144,0,0,0,0,0
12148,0,0,0,0,9
12150,0,0,0,0,0
12154,0,0,0,0,0
12158,0,0,0,0,20
12159,0,0,0,0,5
12180,0,0,0,0,0
12182,0,0,0,0,8
12183,1,1,2,2,2
12186,0,3,12,20,63
12188,0,0,0,0,0
12189,0,0,0,0,48
12196,0,0,0,0,0
12198,0,0,0,0,0
12202,0,0,0,15,48
12203,0,0,0,0,35
12204,0,0,0,0,0
12205,0,0,9,36,54
12206,0,0,0,48,118
12207,0,0,0,0,4
12208,0,0,0,47,141
12209,0,0,0,0,12
12210,0,0,0,0,28
12211,0,0,0,0,11
12222,0,0,0,0,0
12302,0,0,0,6,19
12303,0,0,0,0,45
12304,0,0,0,11,67
12305,0,0,0,0,7
12306,0,0,0,25,50
12307,0,0,0,0,45
12308,0,0,0,17,63
12309,0,24,47,63,63
12401,0,0,0,9,303
12411,0,0,0,0,0
12417,0,0,0,0,2
12419,0,0,0,0,2
12432,0,0,0,0,0
12440,0,0,1,3,5
12443,0,0,3,3,25
12449,0,0,0,3,20
12456,0,0,0,0,0
12466,0,0,0,1,11
12471,0,0,3,9,14
12472,0,0,1,3,6
12475,0,0,0,0,0
12477,0,0,4,7,26
12484,0,0,0,0,0
12486,0,0,5,8,19
12487,0,0,4,12,37
12498,0,0,0,0,0
12508,0,27,50,89,182
12512,0,0,0,0,0
12518,0,2,2,5,38
12520,1,2,3,3,30
12524,0,0,0,25,97
12525,0,0,0,1,3
12528,0,0,28,53,126
12533,0,0,1,1,9
12538,0,0,0,31,85
12542,0,0,0,0,25
12547,0,1,4,9,37
12548,0,0,0,0,8
12549,0,0,0,0,1
12550,0,0,36,130,368
12553,0,0,19,31,182
12561,0,0,0,0,77
12569,0,0,0,5,39
12572,0,0,0,1,2
12575,0,0,0,0,6
12577,0,0,0,0,1
12578,0,0,0,0,5
12580,0,0,0,2,34
12586,0,0,0,4,10
12589,0,0,1,7,27
12590,0,0,48,56,287
12601,0,23,85,161,246
12603,0,0,0,10,304
12801,0,0,0,0,53
12803,0,0,0,0,0
12804,0,0,5,27,54
12827,0,0,0,0,0
12828,0,0,0,0,5
12831,0,0,0,0,1
12839,0,0,0,0,12
12845,0,0,0,0,7
12901,0,0,0,0,34
12903,0,0,0,0,0
12918,0,0,0,0,0
12962,0,0,0,0,0
13021,0,0,0,0,0
13027,0,0,0,0,8
13029,0,0,0,2,6
13030,0,0,0,0,0
13031,0,0,0,0,0
13039,0,0,0,0,0
13041,0,0,0,12,23
13057,0,0,0,0,0
13060,0,0,0,0,0
13066,0,0,0,0,0
13068,0,0,0,0,0
13073,0,0,0,0,0
13078,0,0,0,0,0
13082,0,0,0,0,6
13084,0,0,0,0,0
13088,0,0,0,0,0
13090,0,0,0,0,17
13104,0,0,0,7,32
13108,0,0,0,0,4
13112,0,0,0,0,0
13116,0,0,0,8,18
13120,0,0,0,0,1
13132,0,0,0,0,0
13135,0,0,0,1,2
13152,0,0,0,0,0
13164,0,0,0,0,0
13202,0,0,0,0,9
13203,0,0,0,0,43
13204,0,0,0,0,0
13205,0,0,0,0,25
13206,0,0,0,37,58
13207,0,0,0,0,27
13208,0,0,0,0,25
13209,0,0,0,0,0
13210,0,0,0,0,78
13211,0,0,0,0,16
13212,0,0,0,39,90
13214,0,0,7,16,19
13215,0,0,0,0,0
13219,0,0,15,36,62
13224,0,0,0,0,20
13319,0,0,0,0,0
13323,0,0,0,0,0
13340,0,0,0,0,0
13354,0,0,0,0,0
13403,0,0,0,3,5
13413,0,0,0,0,0
13417,0,0,0,3,10
13424,0,0,0,3,9
13456,0,0,0,0,0
13492,0,0,0,21,37
13495,0,0,0,0,0
13501,0,0,0,0,70
13502,0,0,0,0,0
13601,0,0,0,0,11
13603,0,0,0,3,8
13612,0,0,0,0,0
13616,0,0,0,0,0
13634,0,0,0,0,0
13637,0,0,0,0,0
13748,0,0,0,0,0
13760,0,0,0,0,40
13790,0,0,0,48,63
13795,0,0,0,0,0
13827,0,0,0,0,0
13850,0,0,0,0,0
13901,0,0,0,0,0
13903,0,0,0,0,0
13904,0,0,0,0,0
13905,0,0,0,0,0
14004,0,0,0,0,0
14026,0,0,0,0,0
14031,0,0,0,0,0
14032,0,0,0,0,0
14043,0,0,0,0,0
14051,0,0,0,0,13
14052,0,0,0,0,0
14059,0,0,0,0,0
14068,0,0,0,0,7
14072,0,0,0,0,0
14075,0,0,0,0,0
14086,0,0,0,0,35
14092,0,0,0,21,60
14094,0,0,0,0,0
14120,0,0,0,146,259
14127,0,0,0,0,27
14131,0,0,0,0,0
14132,0,0,0,0,0
14150,0,0,0,149,297
14174,0,0,0,0,0
14201,0,0,0,7,58
14202,0,0,0,3,9
14203,0,0,0,0,2
14204,0,0,0,0,0
14206,0,0,0,0,0
14207,0,0,0,0,47
14208,0,0,0,0,35
14209,0,0,0,16,43
14210,0,0,0,0,0
14211,0,0,0,62,179
14212,0,0,0,0,50
14213,0,0,0,0,12
14214,0,0,0,0,0
14215,0,0,0,0,217
14216,0,0,0,7,72
14217,0,0,0,0,0
14218,0,0,0,0,0
14219,0,0,0,0,0
14220,0,0,0,23,62
14221,0,0,0,0,0
14222,0,0,0,0,12
14223,0,0,0,0,52
14224,0,0,0,0,0
14225,0,0,0,0,27
14226,0,0,0,67,96
14227,0,0,0,0,0
14228,0,0,0,0,0
14301,0,0,0,0,76
14303,0,0,0,0,13
14304,0,0,11,98,152
14305,0,0,0,0,35
14428,0,0,0,0,0
14445,0,0,0,6,12
14450,0,0,0,0,0
14467,0,0,0,0,0
14468,0,0,0,17,23
14472,0,0,0,0,0
14506,0,0,0,0,0
14514,0,0,0,14,22
14526,0,0,0,0,0
14534,0,0,0,0,0
14543,0,0,0,0,0
14546,0,0,0,0,0
14559,0,0,0,5,14
14564,0,0,0,0,1
14580,0,0,0,0,0
14586,0,0,0,2,2
14604,0,0,0,0,0
14605,0,0,0,0,0
14606,0,0,0,0,0
14607,0,0,0,0,0
14608,0,0,0,2,30
14609,0,0,0,0,0
14610,0,0,0,6,12
14611,0,0,0,0,0
14612,0,0,0,11,76
14613,0,0,0,0,0
14614,0,0,0,0,0
14615,0,0,0,0,0
14616,0,0,0,8,91
14617,0,0,0,0,0
14618,0,0,0,0,0
14619,0,0,0,0,0
14620,0,0,0,0,0
14621,0,0,0,0,0
14622,0,0,0,0,0
14623,0,0,0,0,0
14624,0,0,0,0,12
14625,0,0,0,0,6
14626,0,0,0,0,0
14850,0,0,0,0,0
14882,0,0,0,0,0
14883,0,0,0,0,0
43004,0,0,0,0,8
43015,0,0,0,0,0
43016,0,0,0,0,0
43017,0,0,0,0,0
43021,2,2,2,8,25
43026,0,0,0,0,0
43031,0,1,1,1,2
43035,21,21,21,21,26
43054,14,14,14,14,27
43062,0,2,4,4,7
43064,1,1,1,1,1
43065,0,0,0,0,0
43068,85,99,113,170,198
43081,0,16,16,32,48
43082,33,33,33,33,33
43085,48,48,61,129,163
43109,0,0,0,0,0
43110,0,4,13,15,20
43119,14,21,35,42,42
43123,29,29,29,29,29
43125,3,5,5,5,6
43147,49,82,93,120,131
43201,69,103,137,160,183
43202,31,36,62,76,111
43203,29,37,39,50,54
43204,111,167,195,237,279
43205,0,11,18,21,32
43206,0,25,33,57,66
43207,87,125,137,162,200
43209,50,64,78,85,85
43211,32,56,97,137,177
43212,5,25,35,40,55
43213,63,70,70,86,94
43214,46,62,62,62,77
43215,2,2,9,14,25
43219,0,16,25,65,98
43220,0,7,36,44,51
43221,0,0,0,0,0
43222,10,10,16,17,25
43223,86,86,120,155,163
43224,133,155,177,188,199
43227,72,93,122,143,172
43228,0,0,41,82,123
43229,45,68,79,102,113
43230,32,32,48,64,159
43231,16,16,16,36,42
43232,0,11,34,45,79
43235,106,127,127,137,137
43240,0,0,4,6,11
43402,3,3,3,4,4
43412,0,0,0,0,0
43430,0,0,1,2,2
43434,0,0,0,0,0
43443,0,0,0,0,0
43447,2,2,2,3,3
43460,4,7,7,11,18
43463,0,0,0,0,0
43465,22,26,32,34,42
43469,0,0,0,0,0
43504,0,0,0,0,0
43528,63,69,69,69,69
43537,0,0,0,0,10
43542,0,0,2,5,13
43551,0,13,40,54,67
43558,0,1,2,2,3
43560,27,27,45,45,81
43566,0,0,0,0,2
43571,0,0,0,0,0
43604,40,51,60,79,96
43605,89,152,187,214,232
43606,69,80,80,86,92
43607,0,37,37,67,90
43608,0,0,23,73,113
43609,35,56,91,119,154
43610,4,7,9,16,25
43611,121,121,121,121,121
43612,42,42,52,63,73
43613,0,0,0,0,28
43614,16,24,47,71,71
43615,49,88,128,138,157
43616,0,0,0,8,15
43617,2,6,6,9,9
43619,0,0,0,10,10
43620,0,0,0,7,10
43623,0,0,0,0,0
43701,277,289,335,346,370
43830,6,7,8,8,9
43913,0,0,0,1,1
43926,0,1,1,2,3
43938,8,8,11,13,13
43943,0,0,0,0,0
43952,136,142,142,153,158
43953,8,9,10,13,13
43961,10,11,11,12,13
43964,16,22,25,34,36
44001,0,0,0,0,0
44011,17,17,34,40,52
44012,0,0,6,12,12
44017,0,0,6,6,17
44022,7,7,14,14,15
44024,7,7,9,13,15
44026,0,0,0,0,4
44028,0,0,0,12,16
44035,0,29,116,145,145
44039,8,8,17,25,25
44040,0,0,0,1,2
44044,0,0,0,0,0
44045,0,0,0,0,1
44050,0,0,0,0,0
44052,0,15,37,59,81
44053,0,0,0,0,0
44054,0,0,0,0,0
44055,0,0,0,11,26
44056,0,0,0,0,0
44060,0,0,0,19,19
44067,0,0,0,0,6
44070,68,78,88,146,166
44074,0,0,0,1,1
44077,25,25,25,25,25
44087,0,0,0,0,0
44092,0,0,0,0,0
44094,0,0,0,0,0
44095,12,35,46,58,58
44102,49,122,158,195,304
44103,116,150,177,205,211
44104,39,49,79,93,123
44105,0,0,71,142,199
44106,0,17,57,83,100
44107,0,0,0,0,0
44108,14,14,56,77,104
44109,38,88,126,151,151
44110,47,70,93,93,111
44111,58,72,87,145,188
44112,37,81,144,175,206
44113,69,77,98,98,114
44114,20,30,37,43,46
44115,23,33,38,48,57
44116,0,0,0,0,0
44117,27,44,56,68,80
44118,0,0,0,0,0
44119,0,0,0,22,36
44120,10,49,107,156,195
44121,9,9,26,35,53
44122,0,0,9,34,51
44123,29,34,34,34,34
44124,0,0,0,12,47
44125,54,75,96,118,139
44126,5,5,5,10,10
44127,37,49,60,68,80
44128,0,28,47,47,76
44129,10,21,31,41,41
44130,0,0,0,0,35
44131,17,34,42,42,42
44132,0,11,15,22,36
44133,0,0,0,0,0
44134,57,57,72,86,100
44135,106,117,149,170,170
44136,0,0,0,0,0
44137,52,78,86,112,138
44138,43,50,50,57,71
44139,20,33,40,40,40
44140,0,0,0,0,0
44141,0,0,3,3,3
44142,0,32,40,40,56
44143,0,0,0,16,32
44144,56,56,56,56,72
44145,0,0,0,0,0
44146,0,20,50,79,79
44147,0,0,0,0,0
44149,0,0,14,20,20
44201,0,0,0,0,0
44202,0,0,0,0,0
44203,63,63,63,71,78
44216,0,0,0,0,0
44221,0,0,40,48,48
44223,0,0,0,0,0
44224,0,0,0,0,0
44236,0,0,0,0,0
44240,49,89,99,129,138
44241,0,1,1,1,1
44260,0,0,0,0,0
44262,0,0,0,0,0
44264,0,0,0,0,0
44266,0,0,0,0,2
44278,0,0,6,6,12
44286,0,0,0,0,0
44301,0,0,0,0,5
44302,0,2,4,4,5
44303,19,21,21,21,26
44304,0,0,4,8,13
44305,0,0,0,0,0
44306,0,0,0,0,0
44307,19,27,33,46,62
44308,0,0,1,3,4
44310,55,62,90,104,104
44311,15,30,37,45,56
44312,0,0,0,12,24
44313,0,0,0,6,12
44314,33,46,66,86,92
44319,0,0,0,0,8
44320,0,29,80,92,115
44321,1,2,2,2,2
44333,0,0,0,0,0
44401,0,0,0,0,1
44402,0,0,0,0,0
44403,3,4,4,4,4
44405,0,0,3,16,35
44406,0,0,0,3,3
44410,0,0,0,0,0
44412,0,0,0,0,0
44418,0,0,0,0,0
44420,0,0,0,0,0
44425,0,0,0,0,0
44429,0,0,0,0,0
44430,0,0,0,0,0
44436,0,0,0,0,0
44437,2,2,2,3,4
44438,0,0,0,0,4
44440,0,0,0,0,0
44442,0,0,0,0,0
44444,11,11,11,15,19
44446,0,6,11,28,39
44451,0,0,0,0,0
44452,2,2,3,3,3
44470,0,0,0,0,0
44471,4,15,19,23,30
44473,0,0,0,0,0
44481,0,3,3,4,4
44483,0,0,0,0,0
44484,0,5,20,24,29
44485,0,0,12,48,68
44491,0,0,0,0,0
44502,5,17,31,38,52
44503,0,0,3,5,7
44504,10,11,20,26,28
44505,14,17,24,44,61
44506,0,2,5,7,12
44507,0,0,2,6,13
44509,0,0,0,4,16
44510,0,0,0,5,10
44511,0,11,26,30,37
44512,31,55,78,78,86
44514,0,0,0,0,14
44515,0,0,0,0,0
44601,0,0,0,0,0
44613,0,0,0,0,0
44614,0,0,0,0,0
44622,25,33,42,54,75
44626,0,0,1,1,1
44632,7,11,11,11,11
44641,0,0,0,0,15
44644,0,0,0,0,0
44646,16,33,49,82,82
44647,16,16,16,16,16
44662,0,2,8,8,8
44663,56,85,102,102,124
44666,0,0,0,0,0
44685,0,0,10,10,10
44688,1,1,2,2,2
44702,20,22,23,24,27
44703,18,30,43,53,55
44704,27,31,32,39,44
44705,61,81,101,121,148
44706,0,24,40,56,96
44707,53,72,80,91,99
44708,0,0,9,9,27
44709,86,98,103,109,115
44710,0,0,22,25,29
44714,37,46,49,56,62
44718,0,0,0,0,0
44720,0,0,0,0,0
44721,0,0,0,10,16
44730,38,44,49,61,61
44824,0,0,0,0,0
44839,0,1,1,1,1
44843,0,0,0,0,0
44846,0,0,0,0,0
44847,0,0,0,0,0
44870,0,0,0,30,30
44902,0,4,15,23,34
44903,12,21,24,33,33
44904,0,0,0,0,0
44905,5,12,22,27,29
44906,8,16,16,20,24
44907,23,23,27,30,38
45001,0,0,0,0,0
45002,0,0,0,0,0
45005,0,0,0,0,12
45011,0,0,0,21,21
45013,0,0,0,0,0
45014,0,0,0,0,27
45015,39,44,57,65,65
45030,1,1,1,2,2
45034,0,0,0,1,1
45036,0,0,0,0,0
45039,16,16,16,16,16
45040,31,46,46,46,61
45042,0,0,0,0,0
45044,0,0,0,0,0
45050,4,4,4,4,4
45065,5,6,8,8,8
45066,0,0,0,0,0
45067,0,0,0,0,0
45068,0,0,0,0,0
45069,0,32,49,49,49
45102,13,13,13,13,13
45103,0,0,0,0,0
45106,0,1,1,3,4
45111,0,0,0,0,0
45122,2,2,4,6,8
45140,30,45,45,60,91
45150,0,0,17,17,35
45152,0,0,0,0,0
45153,0,0,0,0,0
45157,0,0,7,11,11
45162,0,0,0,0,0
45174,0,0,0,0,0
45202,0,0,0,0,3
45203,0,0,3,5,9
45204,6,11,13,16,26
45205,0,10,29,34,53
45206,0,0,13,15,22
45207,0,0,0,0,2
45208,0,0,0,8,13
45209,0,0,0,6,12
45211,0,0,10,20,41
45212,0,32,38,57,64
45213,0,0,0,0,0
45214,0,0,7,19,23
45215,0,0,9,45,72
45216,12,15,18,18,18
45217,0,0,4,11,15
45218,0,0,0,0,0
45219,0,0,12,24,35
45220,0,0,7,15,24
45223,24,41,47,58,71
45224,0,0,0,0,16
45225,0,4,19,38,51
45226,0,0,0,0,2
45227,25,25,35,40,54
45229,17,37,49,64,71
45230,0,0,0,0,0
45231,0,0,0,0,0
45232,2,2,2,12,18
45233,5,14,23,23,23
45236,15,31,38,38,54
45237,48,63,90,95,106
45238,54,67,108,121,148
45239,0,9,27,27,27
45240,0,0,0,0,0
45241,0,0,0,0,8
45242,0,0,0,0,0
45243,5,10,10,10,24
45244,0,9,9,9,9
45245,0,0,0,0,0
45246,28,28,38,38,43
45247,0,0,0,0,7
45248,0,0,0,0,0
45249,0,0,0,0,0
45251,0,15,22,22,29
45252,0,0,0,0,5
45255,0,0,0,25,31
45301,0,0,0,0,0
45305,0,0,0,3,3
45309,0,0,0,0,0
45312,0,0,0,0,0
45315,1,1,1,3,3
45318,0,0,0,0,0
45319,0,0,0,0,0
45322,0,0,8,17,25
45323,0,0,0,0,0
45324,0,0,0,0,0
45325,0,0,0,0,0
45326,0,0,0,0,0
45327,4,4,6,6,6
45339,0,0,0,0,1
45341,1,1,1,4,4
45342,12,37,50,50,50
45344,13,26,33,39,53
45345,0,0,0,0,0
45359,0,1,1,1,1
45368,2,2,3,3,4
45369,0,0,0,0,0
45370,0,0,0,0,0
45371,0,0,0,0,0
45373,24,36,60,60,72
45377,0,0,0,6,6
45383,0,0,0,0,2
45384,0,0,0,0,1
45385,0,0,0,0,0
45387,0,0,0,0,0
45402,0,0,0,0,8
45403,5,20,26,56,66
45404,17,39,57,74,83
45405,70,70,76,105,111
45406,68,82,116,122,129
45409,10,23,26,34,42
45410,21,36,42,47,62
45414,28,37,103,140,149
45415,0,0,0,8,8
45416,18,22,22,28,32
45417,0,0,38,115,128
45419,14,14,19,19,23
45420,9,18,27,36,45
45424,0,36,54,108,162
45426,68,68,73,82,87
45429,44,44,62,62,71
45430,8,18,18,18,25
45431,0,0,0,0,16
45432,0,0,11,22,22
45433,0,0,0,0,0
45434,13,13,22,31,36
45439,0,0,0,0,0
45440,18,36,36,48,54
45449,35,41,58,64,93
45458,0,6,6,13,19
45459,0,0,0,0,9
45502,0,0,0,0,0
45503,37,65,84,93,93
45504,13,19,25,31,38
45505,0,0,65,89,113
45506,0,5,31,37,63
45619,3,5,6,8,11
45623,0,0,0,0,0
45638,55,55,60,75,80
45659,0,0,0,0,0
45662,78,98,98,113,117
45663,12,14,15,15,16
45669,10,14,22,24,25
45678,0,0,0,0,1
45680,20,33,38,40,45
45694,2,7,14,18,20
45696,1,1,1,1,1
45714,12,16,19,21,23
45750,0,0,0,0,0
45801,100,131,143,156,187
45804,115,126,126,131,142
45805,53,76,122,122,129
45806,3,3,3,7,9
45807,13,13,15,15,19
45895,0,0,0,0,0
73003,165,281,364,479,769
73007,1,1,1,1,1
73008,169,192,208,285,577
73012,689,1046,1218,1440,1772
73013,1140,1369,1806,1939,2623
73020,93,118,142,177,243
73025,219,317,386,476,645
73026,2,2,3,3,4
73034,732,1098,1337,1615,2056
73049,13,17,19,24,34
73064,380,448,507,532,861
73065,3,7,10,17,24
73068,20,23,28,30,44
73069,499,605,711,817,1114
73071,639,677,856,958,1201
73072,702,887,1072,1257,1454
73078,2,2,3,4,6
73084,88,95,109,116,235
73093,0,0,0,0,1
73099,274,648,772,847,1718
73102,29,35,40,44,61
73103,91,116,142,174,243
73104,51,63,76,86,101
73105,113,121,138,154,211
73106,270,336,373,410,574
73107,236,298,380,442,699
73108,333,379,447,489,702
73109,332,450,546,598,1026
73110,346,482,605,704,976
73111,297,369,422,476,672
73112,472,518,598,690,1001
73114,243,291,333,395,582
73115,259,294,365,410,749
73116,282,412,527,643,735
73117,252,286,329,354,519
73118,348,422,478,553,726
73119,355,385,436,456,740
73120,521,638,794,898,1366
73121,32,50,69,82,147
73122,240,281,322,345,456
73127,317,404,491,563,808
73128,181,210,252,287,339
73129,256,289,330,363,644
73130,155,201,238,311,567
73131,165,239,291,347,413
73132,259,339,380,388,566
73134,30,39,48,55,75
73135,168,226,277,291,444
73139,181,213,252,301,482
73141,71,83,100,114,153
73142,219,297,366,410,569
73145,61,72,80,86,105
73149,25,39,47,59,116
73150,84,106,155,193,275
73151,91,123,153,176,199
73159,383,426,459,503,689
73160,486,592,655,719,1057
73162,236,315,365,483,611
73165,105,153,207,249,303
73169,34,39,47,58,86
73170,592,736,852,1025,1285
73173,20,29,34,43,52
73179,120,145,166,190,277
73501,269,331,359,421,649
73505,242,346,439,531,773
73507,130,157,199,222,288
73701,204,273,324,358,562
73703,276,371,429,476,800
74008,158,262,365,444,517
74011,259,438,567,697,826
74012,288,576,687,953,1174
74014,162,266,347,371,556
74015,54,74,96,108,118
74017,61,95,157,177,211
74019,162,199,241,298,335
74021,126,215,297,371,430
74023,36,57,74,90,123
74033,35,56,75,96,119
74036,1,2,3,3,3
74037,144,282,347,472,531
74041,1,2,3,3,3
74050,0,0,0,0,0
74053,0,1,1,1,1
74055,438,704,892,1001,1126
74063,104,150,208,260,299
74066,175,234,341,448,604
74070,108,134,156,168,179
74073,57,86,130,159,179
74074,587,660,780,867,1047
74075,167,255,339,391,500
74103,8,14,19,23,27
74104,188,247,283,368,399
74105,405,572,699,842,929
74106,420,485,530,550,614
74107,302,362,440,535,578
74108,101,118,139,170,182
74110,228,310,357,409,450
74112,252,333,390,415,463
74114,278,344,562,688,827
74115,306,348,365,408,433
74116,102,136,153,164,178
74119,25,34,43,46,51
74120,40,71,123,151,176
74126,102,122,142,163,178
74127,275,289,336,349,403
74128,148,157,161,178,178
74129,204,274,338,373,414
74130,9,17,24,26,33
74131,26,38,59,78,90
74132,69,124,183,256,314
74133,318,534,700,852,1069
74134,162,220,249,307,336
74135,225,318,387,430,474
74136,237,325,378,449,503
74137,245,474,650,811,1002
74145,115,140,159,197,223
74146,114,146,173,193,217
74363,0,0,0,0,0
74429,17,24,26,30,33
74730,1,1,1,1,1
74731,1,2,2,2,3
74733,12,15,18,20,29
74901,25,32,37,40,47
74902,3,6,7,10,12
74946,4,6,6,7,7
74948,6,7,8,9,10
74954,0,0,0,1,1
74959,0,0,0,0,1
97002,1,16,108,411,417
97003,19,189,1525,4599,4684
97004,9,73,236,705,728
97005,70,231,1795,5241,5310
97006,88,592,3838,10581,10768
97007,184,1470,6801,17462,17903
97008,75,312,2290,6579,6695
97009,2,25,77,227,235
97013,9,58,341,1192,1214
97015,82,317,1643,6140,6235
97019,0,0,0,1,1
97024,49,151,596,2598,2636
97027,52,265,1073,3311,3405
97030,112,345,1641,8378,8525
97034,226,703,1718,4340,4562
97035,103,550,1802,5039,5233
97045,184,887,4786,16050,16418
97048,6,24,52,574,884
97060,0,204,1235,6056,6117
97062,120,632,2741,7153,7356
97068,146,1068,3130,8396,8816
97070,154,487,1744,5871,5964
97078,0,1,5,14,14
97080,135,600,2794,11885,12020
97086,85,635,2549,7323,7579
97089,66,404,1741,5268,5406
97113,52,162,1110,3334,3389
97116,152,398,2542,6997,7091
97123,256,838,4018,11144,11331
97124,166,804,4403,12226,12583
97140,66,673,2714,6877,7133
97201,31,142,401,1456,1502
97202,80,850,2849,10810,11212
97203,149,503,1900,8952,9166
97205,15,49,134,511,525
97206,282,847,3605,16064,16263
97209,21,78,254,845,873
97210,64,273,815,2738,2825
97211,189,810,2979,9999,10230
97212,139,990,2537,7084,7401
97213,240,720,2399,9507,9767
97214,121,540,1619,6376,6592
97215,39,460,1512,5190,5389
97216,54,149,928,4381,4471
97217,154,794,2891,11302,11527
97218,75,197,1017,4559,4619
97219,0,1135,3090,10218,10535
97220,0,455,1932,8498,8603
97221,38,484,1110,3116,3292
97222,101,395,2482,9938,10049
97223,327,1059,4655,12422,12814
97224,238,834,3814,10391,10542
97225,67,539,2255,5786,5976
97227,15,103,329,1248,1288
97229,546,2483,7166,16040,16779
97230,77,362,2203,10674,10838
97231,23,136,369,1111,1149
97232,59,160,692,2824,2904
97233,154,317,1730,7896,7985
97236,0,239,1962,8608,8750
97239,54,334,920,3148,3242
97266,135,414,1888,8740,8839
97267,249,527,2529,9254,9417
97301,222,541,6868,13611,13764
97302,162,721,6031,12087,12298
97303,145,411,5792,11850,12019
97304,0,166,598,4453,8869
97305,283,468,5391,10651,10728
97306,0,283,602,3676,8784
97317,112,230,3007,6120,6158
97321,0,78,408,4050,8473
97322,0,20,191,4857,9955
97330,0,384,820,4504,10003
97333,0,189,508,2698,5656
97338,0,107,284,2558,5207
97351,0,44,128,1284,2671
97355,0,145,269,3286,6759
97361,0,55,138,1300,2538
97370,0,15,116,842,1875
97389,0,7,17,345,709
97392,0,3,46,418,979
97401,194,503,1007,9148,9390
97402,85,461,786,16600,16873
97403,15,146,243,2087,2151
97404,70,326,618,11273,11483
97405,47,633,1266,11185,11372
97408,5,272,507,4364,4484
97448,1,3,8,99,169
97455,0,0,0,3,3
97457,0,0,0,1,1
97470,23,103,217,4115,5626
97471,6,195,384,4593,6150
97477,130,354,637,11475,11604
97478,30,191,432,5792,9815
97495,0,3,6,128,182
97496,0,28,47,1601,2125
97501,0,334,843,15691,15771
97502,112,394,900,10868,11036
97503,19,129,261,3099,3167
97504,191,683,1510,15287,15573
97524,35,145,290,3037,3106
97526,9,228,518,8538,8670
97527,54,248,460,5801,5940
97530,7,78,159,1109,1135
97532,0,8,19,212,217
97535,43,84,141,1717,1745
97540,0,1,3,43,44
97701,43,582,2112,10355,10635
97702,158,717,2429,11623,11890
97703,289,1061,5952,7427,7668
97801,74,234,356,5080,5213
97826,0,0,0,5,5
97838,14,191,375,6847,6988
97875,2,8,15,816,820
97882,5,30,53,1013,1034
15001,375,550,750,1038,6228
15003,58,126,164,189,2225
15005,34,92,141,167,1186
15009,111,179,265,320,1990
15010,130,274,383,452,3313
15014,0,0,8,15,25
15017,153,224,366,481,2935
15024,85,139,201,238,1387
15025,2,3,5,7,32
15027,11,22,34,45,467
15030,0,0,7,11,15
15034,17,21,25,33,354
15035,7,12,14,20,399
15042,50,84,138,185,1626
15044,0,0,0,0,1
15045,12,16,18,27,590
15046,17,23,29,38,522
15049,1,3,6,13,167
15051,0,1,1,1,15
15056,8,10,16,21,250
15057,198,275,378,459,2359
15061,86,172,252,338,2511
15064,0,0,0,1,2
15065,0,0,18,117,238
15066,32,60,96,124,2066
15068,208,417,625,804,7638
15071,107,202,326,391,2277
15074,77,128,161,186,1722
15076,10,16,19,27,232
15081,2,2,3,4,25
15082,0,0,0,0,0
15084,29,73,106,175,1918
15085,47,94,141,194,1555
15101,94,221,314,415,1961
15102,45,193,284,403,2190
15104,72,144,195,273,1635
15106,161,263,343,445,3948
15108,406,727,1035,1343,7455
15110,100,123,150,206,1112
15112,23,29,38,62,603
15116,26,155,279,428,2770
15120,136,238,327,511,3630
15122,253,371,427,553,4076
15126,20,56,71,98,1247
15131,66,112,147,187,1509
15132,221,370,470,648,3741
15133,36,51,60,71,1114
15136,304,507,642,811,4628
15137,71,111,127,154,2046
15139,47,121,177,232,1046
15140,12,19,24,42,461
15142,34,81,119,145,367
15143,150,379,595,763,2473
15144,34,39,44,67,836
15145,69,101,121,151,1146
15146,158,286,414,582,5013
15147,210,296,370,469,3238
15148,42,53,65,80,419
15201,117,213,296,388,2224
15202,111,180,231,305,2434
15203,138,274,341,424,1645
15204,41,85,123,181,1294
15205,91,207,356,479,3308
15206,271,392,602,751,3620
15207,127,167,231,331,2179
15208,72,183,266,332,1516
15209,54,104,159,236,2428
15210,168,272,383,591,4186
15211,126,183,237,302,2031
15212,231,342,493,652,4288
15213,250,338,406,520,1596
15214,136,194,271,407,2376
15215,136,269,356,481,1997
15216,191,334,471,566,3726
15217,388,610,813,1010,3406
15218,153,246,319,391,2085
15219,180,240,308,418,1370
15220,72,155,227,332,2815
15221,313,495,577,758,4369
15222,23,43,63,82,314
15223,45,85,118,140,1306
15224,70,104,123,193,1458
15225,12,16,19,28,387
15226,57,119,145,239,2719
15227,158,257,425,523,5125
15228,190,370,517,638,2374
15229,91,164,233,315,2410
15232,78,128,177,217,880
15233,50,78,97,121,562
15234,47,120,198,297,2758
15235,420,528,661,817,6245
15236,183,366,482,607,5019
15237,412,645,930,1184,5529
15238,123,376,576,809,2285
15239,173,280,379,536,4145
15241,212,466,632,824,2317
15243,126,269,428,546,2267
15317,0,0,0,3,5
15321,0,0,0,5,12
15361,0,0,0,1,1
15545,0,0,0,0,0
15613,9,53,110,145,214
15615,0,0,0,0,0
15629,0,0,1,1,2
15632,0,0,0,4,10
15636,0,0,1,13,23
15641,1,2,2,3,5
15642,165,358,579,762,4693
15644,0,0,0,0,0
15656,0,0,4,51,94
15665,0,0,2,13,20
15668,177,377,544,651,2399
15673,0,0,1,4,7
15690,0,0,18,49,70
15692,0,0,6,12,16
15801,0,32,89,131,188
15840,8,13,15,19,24
15851,6,12,25,35,44
15901,39,69,96,119,185
15902,18,79,126,180,292
15904,86,166,228,290,385
15905,56,108,182,208,255
15906,46,69,92,121,185
15909,14,18,22,33,66
15928,2,10,17,23,38
15935,0,0,1,1,3
15942,0,1,3,3,6
15946,0,0,0,0,0
15963,17,35,62,77,139
16001,52,144,258,371,495
16002,2,4,10,14,17
16045,0,0,1,4,6
16053,1,2,6,16,25
16121,34,62,127,160,198
16143,0,0,0,0,0
16146,70,117,159,211,253
16148,0,6,46,107,133
16150,8,16,35,55,74
16159,1,6,9,12,14
16161,4,7,9,11,12
16229,0,0,0,1,1
16415,2,15,33,47,60
16421,1,11,17,22,27
16501,7,18,28,34,45
16502,21,63,118,152,227
16503,48,148,205,261,349
16504,60,93,137,192,269
16505,25,93,222,365,494
16506,32,162,291,372,526
16507,19,40,71,99,134
16508,0,34,108,148,223
16509,97,210,269,352,449
16510,150,240,368,458,593
16511,9,25,53,115,168
16601,71,183,275,397,754
16602,73,251,377,482,754
16635,23,41,92,152,285
16636,0,1,3,5,8
16637,6,13,23,30,60
16648,0,71,157,259,406
16665,1,2,2,3,5
16669,0,0,0,0,0
16673,0,15,41,49,94
16801,111,261,401,497,816
16803,0,42,187,333,497
16823,0,0,1,4,6
16865,0,1,1,1,13
16868,0,1,2,3,15
16870,0,0,1,1,1
17003,0,18,66,106,152
17011,175,282,408,563,3077
17019,0,0,0,1,1
17022,0,5,12,18,19
17025,61,193,274,350,1545
17028,0,1,2,3,3
17033,15,31,170,294,406
17034,0,4,10,14,21
17036,51,143,322,491,604
17038,0,0,0,1,1
17042,82,164,307,450,552
17043,34,60,85,98,639
17046,45,105,203,270,338
17050,0,375,687,947,3467
17053,8,20,30,36,181
17055,10,29,196,471,686
17057,0,76,209,361,462
17067,1,3,7,11,14
17070,0,29,121,248,359
17078,9,63,130,215,291
17093,2,3,4,5,31
17101,12,14,16,18,99
17102,115,179,223,272,673
17103,176,237,331,388,1017
17104,163,321,416,527,1470
17109,94,119,157,195,1490
17110,137,324,425,569,1967
17111,194,370,494,599,2636
17112,0,124,324,524,696
17113,30,67,130,183,205
17225,0,1,1,8,11
17263,0,0,0,0,0
17268,0,0,1,1,2
17319,27,63,106,125,161
17325,27,107,175,237,291
17339,0,10,23,30,38
17340,0,0,1,1,1
17345,31,42,54,69,80
17347,1,13,38,56,76
17360,0,0,0,0,0
17370,1,3,6,8,10
17401,0,31,67,156,196
17402,8,43,94,145,201
17403,10,122,355,537,729
17404,0,58,244,353,443
17406,0,20,101,126,148
17407,1,8,18,26,33
17408,0,1,2,3,4
17501,13,24,42,65,378
17502,0,0,0,0,0
17505,16,36,52,66,189
17508,0,1,1,1,7
17512,2,6,8,10,83
17516,0,4,13,19,25
17520,14,38,49,65,454
17522,27,37,78,106,886
17529,3,10,15,19,95
17538,11,45,65,100,522
17540,69,105,142,166,892
17543,19,169,422,657,760
17545,7,49,85,144,207
17551,60,86,120,146,727
17552,0,1,1,1,10
17554,16,50,89,128,638
17557,2,8,11,13,57
17560,0,0,0,0,1
17562,5,9,13,17,70
17572,11,23,31,49,244
17579,12,26,57,72,364
17582,0,1,5,10,14
17584,9,42,76,94,557
17601,153,556,903,1306,4654
17602,156,391,469,569,3259
17603,223,415,702,846,4597
17701,120,311,526,646,1028
17702,38,78,96,119,331
17728,1,3,5,6,9
17744,0,0,0,0,1
17754,26,54,92,137,246
17756,0,2,4,6,15
17801,36,60,89,135,405
17815,100,179,237,300,700
17837,25,41,45,124,166
17847,0,0,2,5,7
17850,0,0,0,0,18
17857,0,4,18,28,55
17859,2,3,5,7,23
17870,23,91,127,150,479
17876,0,9,17,24,90
17889,0,0,1,7,13
17901,133,188,248,309,1109
17923,6,8,11,13,25
17951,0,0,0,0,14
17954,30,41,53,63,271
17965,3,5,9,11,92
17970,9,14,20,24,221
18011,0,6,27,44,59
18013,19,94,164,208,308
18014,0,24,68,136,179
18015,157,261,425,552,1632
18017,23,309,583,743,2331
18018,155,270,327,425,1750
18020,7,146,314,530,670
18031,0,22,102,162,228
18032,50,82,111,143,593
18034,67,179,278,353,840
18036,80,169,252,355,984
18037,12,72,133,176,700
18038,0,1,2,4,6
18040,12,77,271,431,578
18042,10,67,222,434,559
18045,47,188,423,610,808
18049,96,209,347,449,1435
18051,6,8,42,77,104
18052,0,68,231,342,410
18053,2,3,11,16,20
18055,10,14,65,145,244
18059,4,9,31,56,72
18062,14,79,368,600,766
18064,0,87,330,486,607
18066,0,0,1,2,2
18067,41,68,149,238,292
18069,0,59,210,288,377
18072,0,32,78,124,158
18074,1,15,51,82,109
18077,0,1,3,4,5
18078,69,146,245,333,744
18079,0,0,0,0,22
18080,75,119,170,245,913
18083,0,0,1,2,3
18085,1,2,8,12,15
18086,0,0,1,1,5
18087,2,4,5,6,53
18088,0,6,45,72,108
18091,1,4,21,44,63
18092,0,8,19,27,33
18101,7,17,27,34,146
18102,216,269,305,377,1895
18103,260,409,520,619,2959
18104,79,476,714,899,3159
18106,35,92,175,256,717
18109,72,148,164,205,1084
18343,2,5,10,15,17
18353,0,0,0,1,1
18360,0,1,1,2,3
18403,6,37,60,92,192
18411,8,28,57,85,117
18433,0,41,90,127,159
18434,0,10,24,36,98
18436,0,0,0,0,0
18444,0,1,1,1,2
18447,31,58,77,108,220
18452,14,20,31,39,98
18503,8,11,13,17,34
18504,76,174,234,287,642
18505,66,159,225,304,522
18507,49,104,168,238,311
18508,73,142,180,218,368
18509,48,81,144,202,383
18510,77,104,145,175,263
18512,26,114,151,182,374
18517,37,71,93,104,166
18518,51,102,160,210,330
18519,44,74,116,136,217
18603,83,155,238,293,603
18612,23,138,213,271,352
18621,0,0,1,1,2
18631,7,12,15,19,41
18634,96,153,227,262,480
18635,2,7,20,29,77
18640,120,164,239,327,566
18641,24,29,43,62,171
18642,16,22,40,62,173
18643,67,126,201,272,339
18644,6,48,87,113,299
18651,28,49,70,101,389
18660,0,0,0,0,0
18701,23,31,37,44,62
18702,324,515,695,899,1737
18704,255,417,591,684,1298
18705,48,108,175,229,397
18706,77,136,218,289,661
18707,0,1,1,1,3
18708,38,76,113,148,387
18709,47,65,75,88,172
18901,0,46,240,383,515
18902,0,0,1,1,2
18914,175,495,746,1022,2356
18915,0,21,37,50,157
18925,0,99,306,490,636
18927,0,1,1,1,2
18929,8,96,251,400,516
18932,0,5,8,11,60
18936,0,17,52,91,119
18938,0,39,101,153,197
18940,0,208,849,1300,1697
18951,0,1,3,4,5
18954,0,23,246,401,576
18964,60,107,149,184,713
18966,74,213,542,904,1393
18969,5,10,14,18,66
18974,0,156,409,757,986
18976,0,87,349,582,762
18977,1,33,162,260,329
19001,50,85,250,365,430
19002,70,119,854,1311,1768
19003,11,76,202,306,412
19004,0,80,164,260,354
19006,38,139,450,691,1008
19007,0,42,116,226,299
19008,6,24,366,575,803
19009,0,2,7,15,20
19010,15,147,414,622,799
19012,0,13,100,158,224
19013,58,139,244,302,372
19014,0,75,261,423,560
19015,8,31,70,89,117
19018,32,63,126,185,253
19020,0,204,505,794,1034
19021,28,45,59,76,88
19022,3,8,22,32,37
19023,44,92,143,184,222
19025,3,54,148,245,308
19026,50,107,183,309,416
19027,0,71,209,346,469
19029,0,16,27,37,46
19030,0,50,141,217,294
19031,0,40,129,210,274
19032,0,21,45,68,88
19033,2,31,88,145,161
19034,4,20,164,261,373
19035,0,18,159,271,357
19036,18,20,68,86,113
19038,42,117,500,792,1000
19040,0,103,258,380,477
19041,3,52,121,195,260
19043,0,8,14,21,30
19044,0,12,126,195,305
19046,28,125,316,543,664
19047,0,56,437,772,1005
19050,54,98,157,212,326
19053,0,136,340,544,725
19054,20,25,104,214,263
19055,12,20,68,104,132
19056,4,27,126,237,329
19057,0,9,71,104,132
19060,3,43,226,403,532
19061,60,91,197,247,308
19063,0,153,525,780,1064
19064,0,130,423,632,795
19066,5,40,136,220,297
19067,0,284,853,1550,1989
19070,11,51,93,131,156
19072,0,21,155,286,361
19073,0,117,382,598,791
19074,18,32,56,68,89
19075,13,25,97,169,225
19076,6,41,77,111,131
19078,10,49,102,138,172
19079,10,33,64,99,124
19081,2,48,129,200,272
19082,0,53,123,203,261
19083,29,76,429,886,1248
19085,1,20,194,353,488
19086,9,15,156,280,403
19087,12,47,511,817,1093
19090,39,169,259,388,445
19094,0,3,21,34,41
19095,22,58,113,154,197
19096,3,35,236,394,550
19102,1,4,20,34,45
19103,26,63,111,172,215
19104,0,184,337,549,733
19106,3,7,66,111,168
19107,4,28,58,84,116
19108,0,0,0,0,0
19111,87,175,284,437,569
19114,0,32,146,242,318
19115,0,156,296,398,553
19116,26,65,214,324,415
19118,12,28,131,211,277
19119,5,34,135,280,376
19120,30,97,231,341,408
19121,48,173,358,525,620
19122,17,104,206,275,374
19123,27,82,160,220,317
19124,84,252,367,436,528
19125,10,59,202,354,467
19126,17,46,74,104,135
19127,7,33,110,176,234
19128,0,70,298,544,667
19129,10,34,102,149,185
19130,0,30,179,331,465
19131,147,225,303,367,409
19132,0,124,242,392,490
19133,50,135,227,273,344
19134,91,257,332,423,491
19135,106,188,232,280,343
19136,0,45,74,141,174
19137,20,46,87,124,161
19138,13,119,200,285,349
19139,112,214,331,424,507
19140,227,350,405,515,660
19141,60,131,198,229,275
19142,43,84,151,194,221
19143,106,220,383,489,596
19144,34,178,370,466,556
19145,74,117,227,326,436
19146,88,223,432,634,810
19147,34,163,475,692,923
19148,0,110,268,394,520
19149,41,69,115,189,235
19150,8,54,120,190,232
19151,0,67,137,208,271
19152,0,28,190,352,507
19153,19,96,162,213,249
19154,38,89,275,384,499
19301,0,19,115,211,300
19311,0,2,7,10,13
19312,25,114,362,607,798
19317,14,74,222,353,473
19319,0,1,4,6,8
19333,7,60,136,210,265
19335,0,4,9,15,18
19341,0,61,173,293,374
19342,24,24,284,592,810
19348,0,1,12,22,33
19350,0,14,80,137,188
19355,24,83,521,895,1167
19373,0,27,102,166,227
19380,0,222,761,1100,1557
19382,0,259,924,1375,1804
19401,35,78,252,347,486
19403,0,122,547,717,1009
19405,1,8,36,59,82
19406,6,78,222,397,571
19422,6,133,522,783,1032
19426,0,22,876,1482,1965
19428,24,38,238,357,500
19436,1,3,5,6,8
19437,0,0,2,3,4
19438,176,521,812,1097,2573
19440,101,263,378,470,1504
19444,0,73,211,309,390
19446,212,749,1145,1513,4510
19453,0,3,7,14,19
19454,21,100,385,727,920
19460,9,131,543,868,1148
19462,27,98,317,433,540
19464,0,0,1,2,3
19468,6,31,188,420,640
19473,20,128,353,568,803
19475,1,15,38,52,75
19492,0,2,5,7,9
19506,0,0,2,3,4
19508,8,17,34,47,72
19510,0,17,52,95,137
19522,16,25,85,148,197
19525,0,1,3,5,6
19533,6,22,44,65,83
19539,1,3,16,32,41
19540,7,21,49,77,109
19541,0,1,3,7,9
19547,0,0,2,3,5
19555,0,0,1,1,1
19560,16,28,56,77,98
19565,0,0,0,0,0
19601,133,212,291,345,382
19602,62,106,138,174,197
19604,33,76,113,161,222
19605,0,57,108,255,332
19606,9,223,343,489,626
19607,34,51,177,285,376
19608,9,48,162,306,385
19609,10,37,99,167,208
19610,17,35,204,326,456
19611,17,55,82,106,135
2802,0,0,0,85,112
2806,0,0,518,3402,4479
2809,0,60,449,4834,6541
2814,0,0,3,59,77
2816,0,0,246,4438,5887
2817,0,1,19,178,233
2818,0,0,485,3291,4491
2822,0,0,4,45,61
2828,0,0,74,1342,1785
2830,0,0,1,10,14
2831,0,0,55,679,923
2835,0,0,28,215,284
2838,0,23,59,516,696
2852,0,6,216,2308,3081
2857,0,1,33,426,559
2860,0,35,383,6378,8617
2861,0,59,199,5600,7263
2863,0,3,80,2147,2814
2864,0,0,597,6814,9107
2865,0,10,300,3561,4651
2871,0,0,293,2848,3697
2878,0,0,213,3967,5098
2885,0,0,253,2616,3489
2886,0,38,327,5453,7481
2888,0,0,202,4438,5846
2889,0,25,262,6113,8090
2893,0,0,269,5557,7186
2895,0,49,397,6175,7980
2896,0,12,106,1714,2328
2903,0,0,107,1126,1531
2904,0,0,346,5330,7082
2905,0,64,447,3897,5168
2906,0,10,356,3720,4931
2907,0,26,179,3272,4181
2908,0,0,311,5792,7650
2909,0,0,261,5254,6946
2910,0,6,134,4792,6351
2911,0,28,161,2990,3975
2914,0,13,240,4798,6226
2915,0,9,182,3359,4478
2916,0,0,130,1739,2310
2917,0,0,210,2258,3060
2919,0,0,513,6583,8795
2920,0,0,348,7455,9811
2921,0,15,340,2663,3571
29016,249,2457,2595,2627,2648
29020,124,264,2992,3054,3094
29033,251,4326,4509,4536,4550
29036,42,121,1011,1048,1074
29039,8,56,208,210,211
29040,9,23,360,364,367
29044,2,4,40,40,41
29045,325,651,6935,7101,7209
29053,539,6195,6541,6607,6654
29061,115,2305,2418,2452,2455
29063,700,7684,8142,8284,8326
29072,1445,16927,18205,18501,18557
29073,769,15921,16844,17032,17066
29078,121,237,4740,4798,4813
29115,627,5843,6272,6355,6406
29118,94,1745,1823,1837,1841
29123,97,2447,2536,2554,2559
29150,404,754,8475,8641,8747
29152,2,3,28,28,29
29153,78,141,1516,1541,1553
29154,59,114,2229,2265,2277
29160,86,1753,1848,1860,1867
29161,6,13,128,130,132
29169,460,7480,7821,7884,7916
29170,348,8137,8580,8676,8693
29172,121,3529,3646,3657,3672
29201,955,4614,4929,5073,5146
29203,1037,10012,10595,10692,10778
29204,467,4499,4757,4815,4845
29205,657,5942,6358,6469,6515
29206,456,4521,4772,4870,4899
29209,790,10838,11395,11593,11604
29210,351,7193,7559,7597,7612
29212,609,8229,8652,8785,8838
29223,1239,13849,14506,14879,14939
29229,767,15489,16141,16288,16337
29301,354,748,9738,9981,10072
29302,297,448,5082,5271,5357
29303,410,518,7498,7645,7684
29306,234,398,4189,4321,4401
29307,234,418,6094,6196,6310
29316,195,470,8615,8766,8854
29323,9,23,826,832,837
29329,1,2,24,25,25
29330,31,68,855,880,889
29334,115,321,4619,4719,4782
29346,0,0,86,88,88
29349,196,473,6445,6655,6763
29365,34,133,4205,4252,4282
29369,113,297,4542,4637,4712
29376,34,101,1813,1837,1861
29377,0,0,31,31,31
29385,18,82,3006,3028,3040
29388,13,29,834,845,849
29401,531,2810,2962,3089,3108
29403,761,5353,5589,5722,5756
29404,15,556,561,565,565
29405,380,7034,7224,7289,7297
29406,304,5489,5568,5619,5636
29407,945,8366,8714,8892,8919
29410,299,4689,4893,4973,4983
29412,1054,10617,11036,11297,11320
29414,786,9649,9911,10062,10072
29418,346,5844,5972,6039,6063
29420,348,4302,4517,4568,4586
29429,27,342,353,361,361
29439,205,1195,1260,1309,1316
29440,0,2,5,5,5
29445,870,15360,15957,16086,16118
29451,743,2689,2963,3152,3152
29455,106,831,874,892,897
29456,373,7557,7705,7759,7783
29464,1900,12842,13485,13946,13974
29466,1606,10019,10613,10965,10998
29472,0,15,16,16,16
29482,223,888,963,1016,1023
29483,977,15602,16331,16497,16546
29485,691,14462,15198,15275,15321
29486,150,1256,4085,4156,4169
29492,490,4391,4614,4743,4767
29501,496,941,9742,9934,10086
29505,81,215,3752,3809,3829
29506,198,320,2459,2484,2520
29526,415,3452,9702,9811,9870
29527,95,997,3136,3145,3164
29532,122,214,3643,3668,3694
29540,0,1,11,11,11
29541,6,11,245,247,250
29566,175,378,7165,7209,7289
29568,85,195,4015,4048,4056
29572,300,1489,3850,3934,3994
29575,360,3111,8866,8956,9010
29576,531,4640,12377,12491,12605
29577,535,3345,10076,10199,10282
29579,433,3900,11784,12025,12061
29582,348,812,11253,11473,11555
29585,316,2114,5181,5293,5336
29588,499,4787,13933,14189,14246
29601,88,274,2859,2987,3033
29605,491,1111,10074,10395,10598
29607,303,802,10304,10607,10802
29609,420,875,8145,8377,8540
29611,353,687,9144,9392,9488
29615,222,752,9250,9471,9597
29617,220,392,7505,7740,7811
29621,317,760,10053,10402,10497
29624,268,405,4647,4798,4842
29625,189,313,7097,7206,7264
29626,119,241,3162,3255,3291
29627,7,13,178,182,184
29630,36,80,1155,1178,1190
29631,115,242,2230,2298,2336
29640,216,617,10504,10677,10775
29642,288,672,10275,10510,10606
29644,61,105,2846,2902,2928
29650,379,976,10254,10579,10839
29651,127,778,13613,14038,14123
29657,40,106,2586,2620,2638
29662,23,129,4517,4572,4619
29665,6,10,63,65,66
29670,19,50,844,862,874
29671,47,109,2074,2111,2130
29672,40,123,1178,1221,1241
29673,190,495,7964,8112,8219
29678,79,144,2844,2897,2917
29680,47,413,7528,7707,7770
29681,411,1302,16366,16863,17086
29684,7,16,767,778,782
29687,203,474,11068,11204,11271
29690,62,216,4051,4113,4155
29691,0,0,4,4,4
29693,0,1,12,12,12
29696,0,0,11,11,11
29697,0,0,1,1,1
29707,344,962,9596,9839,10112
29708,373,976,8243,8598,8855
29710,72,202,2339,2413,2455
29715,176,991,7870,8172,8374
29720,138,336,6356,6507,6560
29730,253,573,10636,10878,10999
29732,360,673,11144,11364,11596
29745,12,29,468,476,481
29801,887,8044,8435,8635,8679
29803,931,12585,13219,13395,13462
29805,1,21,22,22,22
29809,41,265,1065,1072,1079
29816,2,13,14,14,14
29821,3,48,51,52,52
29828,50,420,439,445,450
29829,182,3634,3831,3859,3870
29831,3,65,66,67,67
29834,8,138,141,142,143
29841,698,10998,11660,11779,11826
29842,57,2857,2964,2976,2979
29851,182,3548,3675,3701,3719
29860,210,3641,3836,3886,3890
29902,171,2636,2711,2757,2760
29906,184,3066,3136,3155,3165
29907,85,711,738,756,758
29909,0,1,1,1,1
29910,66,618,639,652,655
29915,21,174,182,187,187
29920,1,14,15,15,15
29926,547,5044,5237,5339,5365
29927,0,1,1,1,1
29928,591,2560,5968,6214,6289
29935,16,492,501,504,505
57005,0,0,0,0,0
57049,0,0,0,0,0
57055,0,0,0,0,0
57064,0,0,1,1,1
57103,106,135,155,164,193
57104,102,108,115,136,142
57105,53,53,53,66,66
57106,112,124,157,180,236
57107,37,45,48,53,53
57108,19,19,26,32,38
57110,36,46,60,70,83
57701,276,276,287,333,379
57702,158,180,187,223,237
57703,44,44,44,48,52
57719,1,2,2,2,2
57730,30,32,33,36,38
57744,0,0,0,0,0
57745,6,6,6,8,8
57751,2,2,2,2,3
37010,0,0,0,0,0
37013,279,279,279,279,279
37014,0,0,0,0,0
37027,18,18,18,18,18
37040,0,0,0,0,0
37042,111,111,111,111,111
37043,0,0,0,0,0
37064,61,61,61,61,61
37066,0,0,0,0,0
37067,16,16,16,16,16
37069,39,39,39,39,39
37072,0,0,0,0,0
37075,0,0,0,0,0
37076,0,0,0,0,0
37080,0,0,0,0,0
37086,0,0,0,0,0
37115,0,0,0,0,0
37122,43,43,43,43,43
37127,23,23,23,23,23
37128,0,0,0,0,0
37129,0,0,0,0,0
37130,0,0,0,0,0
37135,9,9,9,9,9
37138,0,0,0,0,0
37153,1,1,1,1,1
37167,17,17,17,17,17
37189,4,4,4,4,4
37191,0,0,0,0,0
37201,2,2,2,2,2
37203,25,25,25,25,25
37204,0,0,0,0,0
37205,0,0,0,0,0
37206,0,0,0,0,0
37207,0,0,0,0,0
37208,0,0,0,0,0
37209,103,103,103,103,103
37210,0,0,0,0,0
37211,0,0,0,0,0
37212,0,0,0,0,0
37214,0,0,0,0,0
37215,0,0,0,0,0
37216,0,0,0,0,0
37217,0,0,0,0,0
37218,37,37,37,37,37
37219,0,0,0,0,0
37220,0,0,0,0,0
37221,48,48,48,48,48
37228,0,0,0,0,0
37310,1,1,1,1,1
37311,18,18,18,18,18
37312,42,42,42,42,42
37323,0,0,0,0,0
37336,0,0,0,0,0
37341,0,0,0,0,0
37343,0,0,0,0,0
37350,0,0,0,0,0
37351,2,2,2,2,2
37353,1,1,1,1,1
37354,5,5,5,5,5
37355,4,4,4,4,4
37360,0,0,0,0,0
37363,0,0,0,0,0
37377,0,0,0,0,0
37379,0,0,0,0,0
37385,0,0,0,0,0
37388,16,16,16,16,16
37402,0,0,0,0,0
37403,0,0,0,0,0
37404,0,0,0,0,0
37405,0,0,0,0,0
37406,0,0,0,0,0
37407,5,5,5,5,5
37408,3,3,3,3,3
37409,0,0,0,0,0
37410,12,12,12,12,12
37411,0,0,0,0,0
37412,58,58,58,58,58
37415,7,7,7,7,7
37416,43,43,43,43,43
37419,0,0,0,0,0
37421,45,45,45,45,45
37601,17,17,17,17,17
37604,0,0,0,0,0
37615,0,0,0,0,0
37617,0,0,0,0,0
37618,1,1,1,1,1
37642,0,0,0,0,0
37643,49,49,49,49,49
37645,0,0,0,0,0
37658,0,0,0,0,0
37659,9,9,9,9,9
37660,0,0,0,0,0
37663,0,0,0,0,0
37664,64,64,64,64,64
37665,0,0,0,0,0
37686,0,0,0,0,0
37692,0,0,0,0,0
37694,0,0,0,0,0
37701,25,25,25,25,25
37708,2,2,2,2,2
37710,2,2,2,2,2
37714,0,0,0,0,0
37716,0,0,0,0,0
37721,0,0,0,0,0
37737,13,13,13,13,13
37738,0,0,0,0,0
37742,0,0,0,0,0
37754,0,0,0,0,0
37769,2,2,2,2,2
37771,0,0,0,0,0
37772,0,0,0,0,0
37774,0,0,0,0,0
37777,0,0,0,0,0
37801,27,27,27,27,27
37803,34,34,34,34,34
37804,0,0,0,0,0
37806,0,0,0,0,0
37813,56,56,56,56,56
37814,6,6,6,6,6
37821,0,0,0,0,0
37830,6,6,6,6,6
37840,0,0,0,0,0
37846,0,0,0,0,0
37849,10,10,10,10,10
37853,13,13,13,13,13
37860,0,0,0,0,0
37861,0,0,0,0,0
37862,13,13,13,13,13
37863,3,3,3,3,3
37865,0,0,0,0,0
37871,0,0,0,0,0
37876,0,0,0,0,0
37877,0,0,0,0,0
37885,3,3,3,3,3
37886,3,3,3,3,3
37890,0,0,0,0,0
37902,3,3,3,3,3
37909,0,0,0,0,0
37912,34,34,34,34,34
37914,0,0,0,0,0
37915,26,26,26,26,26
37916,0,0,0,0,0
37917,9,9,9,9,9
37918,144,144,144,144,144
37919,26,26,26,26,26
37920,57,57,57,57,57
37921,0,0,0,0,0
37922,72,72,72,72,72
37923,0,0,0,0,0
37924,0,0,0,0,0
37931,18,18,18,18,18
37932,0,0,0,0,0
37934,18,18,18,18,18
37938,0,0,0,0,0
38002,0,0,0,0,0
38016,0,0,0,0,0
38017,8,8,8,8,8
38018,0,0,0,0,0
38028,0,0,0,0,0
38053,16,16,16,16,16
38103,0,0,0,0,0
38104,0,0,0,0,0
38105,10,10,10,10,10
38106,0,0,0,0,0
38107,0,0,0,0,0
38108,0,0,0,0,0
38109,0,0,0,0,0
38111,0,0,0,0,0
38112,0,0,0,0,0
38114,139,139,139,139,139
38115,0,0,0,0,0
38116,58,58,58,58,58
38117,0,0,0,0,0
38118,0,0,0,0,0
38119,0,0,0,0,0
38120,0,0,0,0,0
38122,0,0,0,0,0
38125,0,0,0,0,0
38126,0,0,0,0,0
38127,19,19,19,19,19
38128,0,0,0,0,0
38133,7,7,7,7,7
38134,0,0,0,0,0
38135,0,0,0,0,0
38138,0,0,0,0,0
38139,0,0,0,0,0
38141,0,0,0,0,0
38301,76,76,76,76,76
38305,0,0,0,0,0
38343,0,0,0,0,0
38355,1,1,1,1,1
38356,0,0,0,0,0
38362,0,0,0,0,0
38401,0,0,0,0,0
38501,0,0,0,0,0
38506,15,15,15,15,15
75001,24,138,2124,2171,2195
75002,170,2271,19869,20910,21228
75006,86,566,10325,10538,10667
75007,85,1408,13484,13940,14196
75010,73,461,5785,5991,6058
75013,80,2041,10375,11005,11441
75019,157,1720,9489,10170,10485
75020,70,305,7651,7752,7799
75021,6,40,1448,1463,1471
75022,47,1372,5892,6385,6665
75023,188,1247,13915,14263,14495
75024,114,1098,8093,8567,8769
75025,15,2066,13530,14082,14548
75028,223,1813,12102,12825,13166
75032,0,2,13,14,14
75033,0,7,34,37,38
75034,971,3357,25746,27105,27771
75035,203,2977,16790,17955,18491
75038,51,203,3282,3350,3388
75039,12,187,1906,1977,2011
75040,196,695,17429,17661,17839
75041,23,345,7510,7610,7671
75042,79,344,8647,8788,8814
75043,115,659,16121,16335,16500
75044,37,733,11790,12035,12206
75048,56,1181,7386,7844,8045
75050,113,203,7959,8089,8113
75051,40,322,7828,7989,8022
75052,120,1268,23303,23781,23997
75054,0,523,3151,3333,3443
75056,335,1692,14162,14954,15244
75057,20,111,2462,2492,2514
75060,141,415,9150,9357,9414
75061,49,247,8057,8163,8205
75062,54,260,8775,8873,8954
75063,109,806,6762,7125,7263
75065,55,350,3465,3589,3647
75067,142,534,11541,11778,11861
75068,91,800,7119,7383,7557
75069,86,278,2632,2712,2776
75070,434,1794,18712,19324,19718
75074,146,953,12679,13023,13195
75075,109,934,10306,10719,10838
75076,0,35,729,747,752
75077,153,1145,10161,10728,10913
75080,334,1271,10146,10545,10760
75081,170,760,9584,9864,9974
75082,91,805,5998,6316,6465
75087,0,37,309,328,335
75088,0,613,8957,9161,9263
75089,0,771,9964,10277,10392
75090,236,394,6344,6481,6547
75092,74,301,6547,6634,6687
75093,325,1961,12293,13226,13510
75094,138,815,6379,6787,6918
75098,228,1418,16608,17221,17483
75104,232,1192,14827,15245,15462
75115,86,666,11994,12228,12327
75116,71,209,4984,5071,5091
75125,0,1,15,15,15
75134,0,171,6000,6074,6098
75137,56,343,6059,6184,6234
75141,7,64,1148,1170,1179
75146,120,313,5088,5177,5214
75149,167,517,16336,16586,16669
75150,221,530,14454,14616,14719
75159,10,27,648,663,667
75172,11,28,860,870,872
75180,0,97,5996,6075,6081
75181,51,287,6212,6320,6390
75182,9,367,2081,2219,2292
75201,3,55,519,545,555
75202,0,10,113,117,119
75203,63,132,2442,2513,2530
75204,62,243,2104,2187,2225
75205,76,1104,4077,4497,4705
75206,96,499,4492,4708,4789
75207,23,96,1053,1081,1093
75208,23,453,5472,5722,5797
75209,10,498,2945,3106,3209
75210,40,83,1239,1262,1274
75211,239,593,11080,11262,11365
75212,162,471,4968,5152,5204
75214,108,1289,6986,7457,7696
75215,140,320,3103,3204,3247
75216,523,1047,11650,11942,12136
75217,232,911,17450,17772,17790
75218,42,889,6485,6821,6982
75219,26,188,1758,1823,1862
75220,98,376,5246,5388,5453
75223,69,213,2350,2411,2443
75224,210,310,6004,6103,6171
75225,90,1190,4309,4757,4981
75226,9,33,705,715,721
75227,323,696,12063,12311,12386
75228,371,870,13904,14118,14247
75229,146,1259,8312,8923,9106
75230,44,1042,5722,6089,6329
75231,47,191,3268,3319,3349
75232,205,475,7962,8068,8150
75233,6,75,3064,3089,3111
75234,27,377,6617,6761,6823
75235,88,180,2354,2410,2429
75236,89,177,2973,3038,3047
75237,94,196,2455,2505,2526
75238,40,705,6306,6595,6709
75240,66,200,2504,2585,2624
75241,430,723,8809,9010,9101
75243,131,547,7884,8048,8162
75244,14,377,3184,3355,3434
75246,18,30,272,280,286
75247,66,106,975,1011,1024
75248,115,1112,8202,8635,8811
75249,33,99,4613,4670,4689
75251,2,4,150,152,153
75252,144,580,5342,5629,5738
75253,130,264,5037,5120,5182
75254,24,129,2367,2411,2435
75287,265,643,7271,7430,7566
75459,3,32,698,712,717
75501,273,809,8351,10263,10410
75503,0,418,5858,7209,7348
75569,1,2,898,1090,1091
75601,51,221,4354,5082,5107
75602,92,327,4910,6032,6136
75603,5,68,980,1178,1191
75604,57,258,7743,9471,9518
75605,42,455,6666,8274,8409
75640,0,11,290,341,345
75644,19,56,1620,1858,1877
75645,8,30,403,486,492
75647,28,104,1639,1967,2001
75650,21,77,1288,1585,1601
75652,1,3,45,54,55
75662,0,187,4600,5615,5661
75684,0,0,4,5,5
75693,34,206,1921,2371,2412
75701,264,869,10491,10821,10920
75702,185,407,9038,9177,9223
75703,186,899,10400,10773,10937
75704,11,64,1821,1853,1868
75705,6,18,176,204,208
75706,0,57,1295,1514,1527
75707,14,146,3333,3441,3475
75708,18,30,1704,2006,2014
75709,12,43,1501,1526,1533
75751,184,344,4532,4645,4697
75752,8,19,308,315,318
75755,0,0,1,1,1
75757,0,3,35,36,37
75758,6,38,892,910,917
75762,0,154,2175,2269,2302
75771,0,95,1707,1985,2013
75789,0,0,5,6,6
75791,32,156,2539,2613,2640
75792,4,9,113,131,132
75901,69,333,5749,6182,6270
75904,20,198,6137,6546,6586
75941,20,52,920,997,1009
75949,9,22,486,517,520
75961,64,181,1966,2491,2532
75964,66,135,2448,2514,2547
75965,14,120,1716,2204,2247
75969,0,1,47,50,50
76001,24,612,7464,7715,7809
76002,182,595,9734,9986,10077
76005,7,37,145,162,168
76006,22,114,3094,3141,3160
76008,0,1,8,9,9
76010,168,465,7832,7912,7984
76011,42,122,3428,3456,3481
76012,95,502,6063,6272,6336
76013,164,505,6084,6210,6286
76014,43,241,6992,7027,7070
76015,57,150,3231,3281,3321
76016,49,647,9438,9732,9801
76017,222,837,10095,10508,10582
76018,62,225,7614,7730,7777
76021,33,498,8048,8222,8288
76022,36,72,2932,2965,2977
76034,130,1709,6203,6903,7199
76036,6,32,539,552,558
76039,55,366,6738,6842,6911
76040,84,257,5857,5947,5977
76051,212,1060,9998,10390,10591
76052,15,771,7133,7450,7556
76053,144,350,6702,6798,6846
76054,32,302,3849,3978,4022
76060,35,256,2789,2901,2936
76063,224,1777,16271,16926,17254
76071,3,15,154,159,162
76078,0,1,13,13,13
76092,73,2560,6782,7695,8152
76102,46,143,1237,1281,1305
76103,75,200,4090,4140,4156
76104,207,407,5875,6039,6070
76105,106,306,6048,6204,6229
76106,269,470,9362,9506,9573
76107,229,1097,9386,9755,9964
76108,77,589,9334,9585,9643
76109,294,1077,5931,6329,6518
76110,239,798,9577,9886,9966
76111,13,145,6212,6249,6274
76112,162,589,9839,10052,10144
76114,167,446,6775,6900,6942
76115,241,413,5103,5171,5239
76116,158,883,10920,11203,11305
76117,148,323,8532,8663,8715
76118,72,318,4967,5059,5121
76119,276,494,11263,11378,11447
76120,20,211,3788,3854,3897
76123,132,558,9876,10069,10170
76126,40,534,6337,6578,6665
76127,0,0,294,294,294
76131,92,541,11184,11414,11494
76132,135,367,5186,5315,5391
76133,281,782,15213,15494,15651
76134,94,328,7650,7720,7775
76135,63,292,4688,4824,4858
76137,159,810,15456,15742,15869
76140,39,248,7641,7726,7749
76148,0,427,8602,8843,8887
76155,1,4,381,383,384
76164,118,172,4851,4891,4925
76177,54,198,3246,3320,3350
76179,229,1030,18343,18915,19087
76180,73,453,8812,8975,9057
76182,64,1083,9960,10448,10618
76205,8,48,676,697,704
76208,45,346,3038,3170,3229
76210,227,1002,11322,11763,11918
76226,60,1110,5362,5881,6026
76240,6,321,5779,5880,5933
76244,244,2037,21057,21743,22142
76248,108,2584,11962,13052,13443
76262,145,1733,10287,10901,11192
76301,169,419,7137,7248,7329
76302,106,319,4502,4590,4613
76305,25,72,2205,2236,2243
76306,79,321,6398,6503,6535
76308,150,494,6927,7106,7156
76309,118,297,5484,5546,5591
76310,56,352,6008,6138,6163
76311,0,1,708,709,709
76354,0,0,8,8,8
76367,8,16,319,323,326
76401,20,49,548,560,565
76501,58,171,4055,4130,4155
76502,38,526,12230,12456,12506
76504,184,450,6650,6746,6800
76513,206,1009,10251,10674,10837
76522,64,205,6303,6367,6406
76539,4,78,2108,2144,2157
76541,230,422,6242,6312,6395
76542,192,616,13474,13625,13693
76543,204,438,9508,9683,9713
76544,0,122,3428,3467,3495
76548,142,372,8657,8772,8834
76549,160,641,14328,14430,14546
76559,36,96,1672,1692,1708
76574,0,0,9,9,9
76579,21,57,902,927,933
76630,1,4,120,122,123
76633,0,22,313,324,327
76640,37,90,1003,1029,1039
76643,27,199,5262,5337,5369
76655,23,150,1963,2024,2049
76657,42,186,2698,2774,2813
76691,8,112,1195,1239,1256
76701,68,151,800,850,871
76704,254,370,2548,2637,2686
76705,198,567,9173,9324,9409
76706,559,1326,10359,10655,10918
76707,201,408,5246,5376,5414
76708,108,398,8839,8966,9038
76710,8,487,7906,8044,8109
76711,19,61,3204,3230,3236
76712,132,754,8965,9304,9427
76901,173,480,9402,9508,9565
76903,408,750,12923,13081,13160
76904,164,690,10707,10904,10948
76905,88,156,3183,3232,3248
77002,24,90,734,791,813
77003,21,362,3127,3351,3423
77004,349,1086,7156,7679,7854
77005,0,1796,6332,7238,7718
77006,67,579,4589,4968,5117
77007,44,1692,9599,10595,11026
77008,145,2010,11194,12626,13138
77009,206,1337,11586,12525,12833
77010,0,6,20,23,24
77011,127,364,4986,5192,5244
77012,86,185,4347,4496,4523
77013,38,116,3583,3726,3748
77014,135,368,6010,6372,6436
77015,88,339,14204,14632,14706
77016,241,546,8771,9151,9234
77017,31,217,7377,7710,7749
77018,65,1060,8105,8954,9203
77019,21,775,4571,4987,5195
77020,200,561,7477,7886,7982
77021,300,841,7575,8108,8274
77022,166,476,7524,7841,7896
77023,322,564,6865,7195,7312
77024,90,1438,7019,7844,8163
77025,112,774,5966,6422,6588
77026,229,635,8258,8735,8761
77027,41,334,2655,2868,2951
77028,224,424,5426,5808,5856
77029,95,260,5955,6260,6329
77030,33,276,1957,2142,2185
77031,53,158,3296,3454,3496
77032,129,234,3248,3437,3482
77033,350,636,8371,8820,8918
77034,134,369,7926,8311,8370
77035,192,647,7500,7851,7963
77036,146,374,7751,8052,8109
77037,17,146,5580,5790,5814
77038,25,241,6089,6273,6330
77039,67,269,7078,7430,7475
77040,149,629,10696,11280,11429
77041,12,1150,11298,12211,12498
77042,170,450,5148,5378,5482
77043,26,449,5943,6391,6482
77044,226,790,9367,10055,10250
77045,135,590,9068,9561,9667
77046,2,7,61,66,68
77047,118,461,9263,9626,9773
77048,174,473,5212,5515,5611
77049,0,192,9236,9524,9572
77050,19,34,1166,1252,1260
77051,110,324,4658,4907,4972
77053,137,394,8798,9054,9128
77054,73,166,1950,2038,2071
77055,123,955,7903,8525,8762
77056,35,411,3145,3402,3510
77057,0,394,5189,5450,5544
77058,54,216,3658,3805,3851
77059,0,815,4967,5530,5725
77060,190,288,5821,6072,6103
77061,73,209,4604,4823,4853
77062,41,579,7605,8134,8249
77063,94,374,4893,5112,5184
77064,74,797,11499,12051,12234
77065,74,471,7806,8128,8252
77066,77,473,8089,8502,8605
77067,88,321,5870,6179,6279
77068,3,138,2429,2580,2603
77069,12,305,3626,3834,3912
77070,41,489,9560,10059,10181
77071,20,345,6427,6657,6738
77072,82,631,10987,11536,11653
77073,120,382,10408,10790,10877
77074,112,258,6281,6552,6599
77075,133,399,9059,9430,9496
77076,185,440,7296,7627,7666
77077,36,987,11242,11783,12036
77078,117,303,3476,3719,3768
77079,0,828,6122,6621,6826
77080,113,507,7576,7905,8026
77081,0,124,2993,3074,3099
77082,128,845,10003,10538,10666
77083,283,981,17672,18690,18841
77084,323,1129,25317,26688,26903
77085,19,208,4615,4769,4803
77086,227,532,6607,7005,7083
77087,184,571,9163,9560,9647
77088,380,830,13457,13879,14034
77089,0,767,13278,14016,14187
77090,41,223,4910,5122,5174
77091,178,497,5662,6030,6103
77092,138,537,7184,7552,7675
77093,294,827,12967,13780,13990
77094,12,531,2667,2982,3123
77095,177,1261,18456,19500,19756
77096,134,847,7443,8139,8374
77098,0,324,2817,3076,3148
77099,222,498,8387,8796,8850
77301,112,370,7693,8519,8596
77302,80,612,5320,6012,6160
77303,27,129,3472,3863,3906
77304,72,451,6323,7032,7147
77306,0,60,2597,2859,2870
77316,4,466,3530,4047,4194
77318,0,242,3933,4395,4471
77327,61,246,3403,3790,3824
77328,0,145,3862,4224,4254
77336,103,438,3749,4187,4269
77338,55,392,9844,10803,10868
77339,17,426,7332,8218,8335
77345,21,1004,6145,6865,7114
77346,137,1435,15748,16687,17046
77354,94,1139,10065,11416,11733
77355,29,504,4894,5558,5718
77356,70,951,6637,7518,7776
77357,59,283,5886,6492,6578
77358,1,8,107,121,123
77362,0,145,1387,1620,1665
77363,0,1,15,17,17
77365,74,797,8031,8985,9244
77372,27,151,4036,4386,4421
77373,0,590,16575,18271,18419
77375,61,1214,13293,15045,15353
77377,43,1006,9094,10410,10678
77378,25,150,2440,2688,2721
77379,228,2131,18872,20155,20652
77380,61,323,4417,4957,5048
77381,26,1235,6975,8176,8500
77382,94,1762,8473,9900,10445
77384,11,389,4630,5194,5322
77385,0,434,7165,7912,8049
77386,112,1646,13411,15488,15952
77388,200,1100,13142,13985,14271
77389,0,1395,8531,9793,10233
77396,181,627,11402,11908,12077
77401,0,1396,5172,5910,6267
77406,80,1044,8038,8707,8903
77407,249,1007,11526,12185,12422
77429,119,2340,21518,23189,23834
77433,128,2531,19057,20652,21269
77441,20,441,2298,2688,2822
77447,0,122,1221,1370,1407
77449,158,1012,29929,31416,31637
77450,103,1540,18914,20187,20536
77459,59,2181,17847,19334,19790
77469,40,544,9154,9728,9876
77471,140,326,5543,5788,5817
77477,160,434,8449,8777,8839
77478,27,971,8239,8775,9056
77479,27,3788,23240,25846,26813
77489,12,242,11580,12028,12088
77493,9,569,7645,8563,8721
77494,158,4237,26468,30420,31527
77498,150,1202,13899,14771,15011
77502,126,368,9271,9610,9688
77503,14,307,6566,6880,6964
77504,43,179,5146,5391,5429
77505,14,372,6527,6899,6983
77506,83,273,7940,8221,8254
77507,21,65,698,723,737
77510,65,411,6283,6479,6544
77511,97,823,15658,15932,16126
77515,174,531,8766,9078,9142
77517,28,132,2957,3036,3064
77518,75,139,2134,2183,2196
77520,161,719,11149,12252,12314
77521,248,826,14684,16319,16517
77523,4,57,509,568,583
77530,104,467,9835,10250,10374
77531,37,271,4480,4629,4676
77532,70,377,5676,6289,6385
77534,0,61,552,577,595
77536,102,624,10605,11195,11342
77539,217,826,13955,14259,14462
77541,34,349,6401,6650,6697
77545,0,422,6966,7426,7539
77546,121,1844,15858,16772,17220
77547,31,79,2722,2807,2824
77550,528,1007,9298,9601,9738
77551,202,475,6235,6372,6482
77554,113,863,7021,7415,7566
77562,22,265,4128,4353,4406
77563,93,348,4464,4566,4631
77564,0,1,10,11,11
77565,0,285,2781,2891,2956
77566,9,583,8777,9138,9249
77568,155,396,5940,6107,6187
77571,0,774,13438,14113,14285
77573,78,2756,24104,25378,25950
77578,19,561,6102,6340,6450
77581,81,1395,15168,15881,16173
77583,32,387,4289,4529,4612
77584,0,2263,23694,24965,25398
77586,0,565,6501,7016,7152
77587,89,238,4418,4614,4651
77590,22,446,10708,11065,11143
77591,140,332,4485,4616,4672
77598,28,194,3839,3976,4029
77611,35,271,3405,3795,3850
77619,53,291,5996,6538,6591
77625,16,81,868,1015,1034
77627,64,405,8381,9081,9210
77630,177,570,8681,9684,9821
77632,11,107,1591,1784,1803
77640,288,623,8416,9142,9272
77642,357,1121,10701,12018,12240
77651,0,412,4942,5524,5654
77656,71,238,5171,5880,5945
77657,22,344,6218,7050,7172
77662,44,344,6485,7240,7328
77701,160,413,5603,6059,6133
77702,1,41,1159,1303,1313
77703,148,429,4140,4509,4583
77705,52,417,7862,8548,8670
77706,201,723,8068,8955,9156
77707,118,354,5859,6456,6554
77708,36,125,3674,3997,4037
77713,15,218,3348,3698,3762
77801,204,401,3124,3308,3376
77802,180,483,7726,8078,8185
77803,140,346,8898,9272,9338
77807,117,303,2877,3079,3139
77808,28,201,2907,3089,3137
77840,305,932,7402,7828,7989
77845,221,2008,18054,19480,20042
77901,193,712,14157,14720,14824
77904,44,480,8330,8730,8872
77905,13,42,544,574,584
77968,0,1,10,11,11
78006,1,4,32,34,35
78015,4,160,1169,1247,1277
78023,16,731,7499,7844,8021
78026,2,66,1505,1557,1571
78040,534,919,10391,10530,10679
78041,306,872,10922,11194,11307
78043,265,511,9273,9358,9424
78045,210,897,13607,13915,13985
78046,202,511,11703,11810,11917
78064,82,262,3958,4036,4081
78070,6,82,635,670,688
78073,7,27,543,553,556
78101,0,1,9,9,9
78108,0,660,12138,12531,12658
78109,84,533,13668,13920,14032
78112,0,1,20,20,20
78123,38,85,1262,1286,1300
78124,1,7,77,79,81
78130,184,1288,22313,22727,22980
78132,16,316,2445,2614,2670
78133,132,689,8399,8691,8832
78148,78,332,6287,6436,6508
78152,1,7,70,72,74
78154,106,739,12789,12987,13185
78155,163,564,10434,10716,10846
78201,362,799,12018,12305,12468
78202,133,393,3898,4080,4125
78203,126,230,2041,2126,2152
78204,127,293,3699,3787,3838
78205,1,31,581,610,617
78207,491,1164,12299,12700,12881
78208,70,142,1259,1324,1345
78209,134,1306,11274,11908,12225
78210,249,794,11453,11678,11820
78211,249,463,8646,8788,8886
78212,252,924,8789,9143,9330
78213,120,435,10554,10771,10847
78214,163,362,6856,7026,7054
78215,17,72,681,708,718
78216,208,645,9985,10287,10370
78217,129,397,9057,9177,9233
78218,188,623,9423,9700,9839
78219,0,179,5286,5384,5433
78220,205,458,5790,5947,6013
78221,151,251,9838,10009,10049
78222,43,381,6958,7137,7181
78223,500,1197,14631,14979,15101
78224,51,148,5000,5072,5092
78225,32,209,3834,3910,3949
78226,35,57,1903,1956,1966
78227,258,504,12530,12828,12879
78228,469,1077,16827,17174,17278
78229,77,253,3693,3781,3827
78230,99,729,10539,10870,11025
78231,13,202,3003,3101,3161
78232,101,717,10697,11044,11179
78233,153,583,14977,15192,15299
78234,14,56,1139,1159,1172
78235,10,15,207,211,214
78236,9,55,859,881,894
78237,116,526,10224,10414,10477
78238,136,323,6997,7104,7147
78239,168,642,10128,10433,10496
78240,138,654,12072,12386,12550
78242,188,441,7935,8058,8156
78244,51,285,9961,10093,10164
78245,268,680,20098,20489,20571
78247,70,878,16977,17328,17556
78248,19,498,4331,4545,4662
78249,267,1112,14237,14608,14845
78250,179,861,17372,17802,17928
78251,15,494,14151,14486,14559
78252,8,73,2661,2705,2721
78253,25,833,11632,12073,12257
78254,16,841,15836,16298,16480
78255,6,452,2870,3098,3210
78256,44,262,1966,2044,2108
78257,57,239,2323,2414,2451
78258,118,1444,12100,12743,13137
78259,41,655,7796,8186,8294
78260,9,1006,8778,9205,9499
78261,51,647,5978,6253,6401
78263,1,16,175,184,187
78264,0,0,3,3,3
78266,42,382,2384,2561,2632
78336,189,399,4798,4912,4982
78358,2,7,92,94,95
78359,8,20,723,730,732
78362,7,56,1436,1464,1473
78370,26,73,916,943,952
78373,7,199,3388,3451,3492
78374,81,441,5156,5285,5382
78380,105,449,5516,5755,5819
78382,166,624,10002,10314,10387
78387,109,306,2776,2882,2920
78390,70,181,2101,2153,2184
78401,52,111,1353,1399,1411
78402,1,4,145,147,147
78404,86,395,5507,5662,5720
78405,81,211,5241,5355,5382
78406,0,0,218,218,218
78407,26,67,1335,1361,1373
78408,52,118,4269,4326,4339
78409,25,54,1260,1278,1288
78410,113,513,8405,8588,8684
78411,208,652,8706,8941,9032
78412,181,390,5294,5415,5486
78413,3,16,303,308,309
78415,383,863,11539,11790,11958
78416,157,300,4798,4872,4911
78417,3,35,1448,1457,1466
78501,348,1262,17596,18053,18218
78503,19,493,5956,6125,6218
78504,115,972,15956,16318,16450
78516,236,634,8756,8946,9028
78520,252,847,12604,13055,13187
78521,433,1072,19436,20322,20590
78526,125,446,9714,10253,10347
78539,106,785,10111,10483,10610
78541,147,360,5249,5375,5435
78542,110,423,8917,9110,9184
78572,652,1401,15671,16095,16257
78573,252,504,10155,10418,10491
78574,147,362,6491,6605,6679
78577,577,1154,14982,15325,15481
78589,189,316,10309,10477,10540
78596,0,1,11,11,11
78602,29,137,1851,1922,1951
78610,26,414,4787,5017,5099
78613,117,2314,21901,22743,23304
78617,8,36,736,750,754
78623,4,15,153,157,160
78626,0,4,52,53,54
78628,0,77,713,740,757
78634,0,237,4525,4604,4650
78641,51,1394,11828,12385,12652
78652,41,213,1658,1736,1775
78653,1,8,164,166,168
78655,0,0,9,9,9
78660,184,1731,25077,25916,26179
78664,309,1056,15622,15995,16239
78665,102,1066,11957,12503,12668
78666,384,959,11428,11788,11956
78681,117,1807,15596,16366,16767
78701,18,183,1007,1086,1117
78702,115,606,5351,5651,5766
78703,27,910,4835,5225,5414
78704,105,1010,8890,9261,9528
78705,208,475,2055,2172,2243
78717,44,862,6747,7182,7366
78719,0,23,720,732,736
78721,70,280,2890,2978,3036
78722,32,198,1594,1666,1703
78723,43,626,6790,7078,7193
78724,21,75,1205,1230,1243
78725,2,19,401,407,412
78726,26,344,2716,2853,2917
78727,15,552,7143,7322,7449
78728,50,299,4816,4920,4985
78729,59,527,7005,7225,7320
78730,19,444,2439,2615,2704
78731,111,1006,6700,7173,7373
78732,0,2,9,10,10
78733,0,664,2808,3126,3242
78735,9,607,4303,4609,4703
78736,20,178,1875,1961,2001
78737,6,175,861,928,967
78738,1,24,108,117,123
78739,28,1238,4750,5355,5595
78741,170,417,5300,5372,5471
78742,4,10,259,262,263
78744,127,449,9512,9668,9776
78745,191,905,15281,15726,15901
78746,139,2030,8065,8890,9279
78747,35,266,5597,5747,5776
78748,102,1154,13934,14416,14621
78749,182,1286,9872,10494,10698
78750,32,920,7449,7884,8070
78751,44,237,2627,2713,2754
78752,97,232,2996,3096,3137
78753,201,545,9196,9492,9521
78754,22,257,5306,5427,5476
78756,18,261,2042,2143,2189
78757,55,642,6509,6771,6895
78758,318,697,8435,8691,8814
78759,176,1234,9631,10170,10388
79015,191,757,6127,6324,6368
79101,32,74,1358,1372,1377
79102,158,334,3362,3400,3442
79103,185,282,3769,3827,3854
79104,55,140,2706,2739,2750
79106,338,921,9974,10117,10220
79107,381,785,10711,10776,10874
79108,95,214,4893,4973,4988
79109,289,960,14989,15142,15218
79110,89,267,8004,8077,8101
79111,9,15,335,337,339
79118,227,542,8555,8695,8739
79119,196,578,4819,4990,5035
79121,42,190,2427,2477,2492
79124,114,399,2947,3067,3092
79363,18,50,495,508,511
79364,0,1,12,12,12
79382,1,4,40,41,41
79401,221,372,1742,1797,1837
79403,173,473,4434,4506,4552
79404,192,489,4448,4516,4562
79407,180,497,5153,5232,5274
79410,140,386,3606,3658,3684
79411,99,244,2469,2515,2543
79412,95,243,4725,4754,4768
79413,296,760,7781,7957,8013
79414,183,334,5173,5199,5235
79415,200,496,4656,4718,4756
79416,348,866,9621,9840,9939
79423,405,1215,13080,13404,13498
79424,611,1766,16423,16864,17017
79504,18,50,939,953,959
79508,2,12,560,562,564
79510,30,96,2147,2168,2179
79525,0,1,17,17,17
79536,20,74,1244,1263,1272
79562,6,30,474,480,484
79563,3,10,563,569,569
79601,303,738,7589,7683,7760
79602,212,716,9815,10016,10067
79603,212,516,9052,9117,9200
79605,202,438,10987,11167,11212
79606,175,443,8193,8302,8352
79607,6,19,622,626,628
79701,471,1579,11441,11630,11759
79703,135,751,7334,7476,7514
79705,565,2106,12274,12736,12826
79706,267,1388,9898,10155,10247
79707,719,2270,10814,11179,11407
79758,5,29,140,145,147
79761,246,1193,11462,11673,11708
79762,432,1588,13502,13892,13920
79763,407,1180,9901,10074,10156
79764,459,1336,8059,8251,8351
79765,157,745,5069,5184,5242
79766,67,167,1148,1188,1198
79901,299,1801,2151,2207,2227
79902,648,4609,5419,5565,5604
79903,379,5135,5870,5905,5941
79904,448,7941,9174,9305,9323
79905,609,5785,6789,6872,6920
79906,53,1339,1501,1513,1516
79907,724,12686,14279,14410,14468
79908,11,755,847,850,850
79911,13,168,196,200,200
79912,1579,16945,19482,19942,19982
79915,765,9519,10938,11049,11104
79922,314,2684,3213,3303,3306
79924,808,15676,17741,17884,17956
79925,641,9943,11748,11820,11867
79927,30,575,653,659,661
79928,17,345,399,404,404
79930,370,6377,7458,7541,7564
79932,492,4707,5571,5715,5732
79934,152,2039,2392,2419,2421
79935,225,4363,5044,5085,5106
79936,1311,27753,31557,31877,31941
79938,11,243,284,287,287
84003,11,9190,11180,11180,11180
84004,33,1612,2035,2039,2039
84006,0,29,36,36,36
84009,7,4547,7006,7006,7006
84010,0,9666,11641,11653,11653
84014,0,1502,1850,1850,1850
84015,0,13881,17243,17243,17243
84020,0,9201,12142,12142,12142
84025,0,3993,4997,5002,5002
84037,0,7787,9727,9746,9746
84040,0,5485,6780,6780,6780
84041,39,10488,12859,12872,12872
84042,0,2211,2614,2617,2617
84043,0,11734,13791,13805,13805
84044,0,6019,7573,7581,7581
84045,0,1,1,1,1
84047,0,5836,7531,7561,7561
84054,0,4255,5110,5115,5115
84056,0,922,1065,1065,1065
84057,0,7272,8422,8448,8448
84058,33,5749,6642,6656,6656
84062,22,6131,7225,7239,7239
84065,21,7998,10541,10541,10541
84067,0,9893,11682,11694,11694
84070,0,5978,7633,7656,7656
84075,0,5370,6780,6780,6780
84081,22,8311,10921,10921,10921
84084,40,7776,9911,9921,9921
84087,4,3195,4030,4034,4034
84088,29,7528,9565,9565,9565
84092,9,6441,8617,8625,8625
84093,7,5607,7381,7381,7381
84094,0,6322,8344,8352,8352
84095,10,7232,9534,9553,9553
84096,0,7782,9995,10005,10005
84097,28,4714,5605,5611,5611
84101,6,887,1143,1148,1148
84102,0,2287,2901,2916,2916
84103,0,3887,5016,5016,5016
84104,0,5118,6280,6286,6286
84105,13,5137,6735,6742,6742
84106,48,7365,9614,9653,9653
84107,0,6397,8300,8308,8308
84108,34,4295,5634,5657,5657
84109,0,5253,6946,6946,6946
84111,0,1324,1688,1693,1693
84112,1,81,106,108,108
84115,0,5659,7042,7078,7078
84116,0,6032,7626,7656,7656
84117,0,5141,6642,6649,6649
84118,0,14330,18557,18557,18557
84119,11,9006,11391,11437,11437
84120,0,10068,12777,12777,12777
84121,0,9139,11705,11729,11729
84123,19,7438,9223,9242,9242
84124,11,4384,5651,5657,5657
84128,0,6045,7594,7594,7594
84129,1,556,720,721,721
84315,0,657,796,796,796
84318,0,580,892,892,892
84321,29,6461,9491,9510,9510
84326,0,78,120,120,120
84332,0,1560,2338,2338,2338
84335,0,1484,2240,2242,2242
84339,0,3,4,4,4
84340,2,367,459,459,459
84341,8,2755,4076,4092,4092
84401,0,8120,9599,9619,9619
84403,59,8148,9848,9888,9888
84404,16,13462,15840,15872,15872
84405,0,7710,9126,9144,9144
84414,0,6458,7816,7816,7816
84532,34,3299,3394,3404,3404
84535,0,4,4,4,4
84536,3,43,47,47,47
84601,0,5739,6684,6697,6697
84604,0,4578,5396,5418,5418
84606,0,3537,4050,4066,4066
84660,0,5622,6581,6581,6581
84663,12,5264,6217,6229,6229
84664,0,808,977,978,978
84720,0,1,1,1,1
84737,3,399,411,411,411
84738,15,2411,2507,2507,2507
84757,0,8,8,8,8
84758,0,25,25,25,25
84763,0,6,6,6,6
84764,0,123,127,127,127
84765,19,2027,2092,2092,2092
84767,0,68,70,70,70
84770,37,12106,12316,12340,12340
84775,0,17,17,17,17
84776,0,198,201,201,201
84779,0,4,4,4,4
84780,7,3392,3507,3507,3507
84790,181,12592,12968,12981,12981
20120,55,348,711,1012,1273
20121,11,16,87,227,303
20124,0,37,118,181,242
20147,1,5,11,16,21
20148,3,61,192,307,390
20151,16,173,367,583,761
20152,7,89,284,489,638
20164,60,100,201,313,402
20166,11,51,93,134,173
20170,8,177,578,963,1180
20171,36,418,800,1191,1464
20190,18,60,89,131,164
20191,5,69,189,288,362
20194,4,109,220,309,381
22003,18,29,193,372,510
22015,35,189,442,719,948
22027,0,36,93,135,169
22030,0,105,442,804,1086
22031,0,130,322,494,615
22032,19,85,338,520,698
22033,13,257,462,654,802
22039,0,8,21,31,39
22042,0,10,38,64,82
22043,11,81,131,189,220
22046,0,2,3,5,6
22066,0,89,297,537,667
22101,0,0,1,1,2
22102,12,76,194,315,408
22124,0,132,303,468,589
22150,0,1,2,3,4
22151,0,5,53,114,160
22152,0,77,237,383,474
22153,5,50,122,171,208
22180,18,159,392,648,820
22181,7,132,305,416,535
22182,32,331,713,1158,1458
22201,1,3,5,8,10
22202,1,2,4,4,5
22209,0,5,17,30,39
22314,0,0,0,1,1
22601,139,216,262,362,447
22602,25,44,177,246,335
22603,26,32,62,90,124
22620,0,0,0,0,0
22624,1,1,2,4,5
22630,0,0,0,0,0
22655,9,13,70,149,228
22656,5,7,16,25,31
22663,1,5,17,23,36
22801,83,149,299,481,606
22802,102,162,210,248,297
22812,1,8,23,43,53
22821,1,7,10,13,17
22827,0,0,0,0,0
22831,0,0,0,0,0
22832,0,0,0,1,2
22841,6,9,16,17,22
22846,0,3,8,12,14
22901,67,207,336,464,580
22902,17,51,157,238,314
22903,130,205,320,395,509
22911,0,48,135,206,270
22936,2,12,28,46,55
22939,4,8,10,15,18
22940,0,0,0,0,0
22947,0,1,1,2,3
22952,2,3,4,5,7
22980,0,104,173,263,366
23005,31,105,171,249,296
23030,0,0,1,1,1
23059,38,227,804,1163,1570
23060,39,241,385,578,809
23069,2,4,5,8,9
23075,28,34,46,80,105
23103,5,6,27,47,64
23111,0,41,244,416,579
23112,49,73,358,496,650
23113,19,219,467,633,817
23114,11,62,186,262,357
23116,7,62,325,456,670
23120,0,19,70,111,144
23146,0,2,6,10,12
23150,19,27,65,70,86
23219,26,38,54,66,75
23220,242,375,565,742,874
23221,12,74,147,278,360
23222,119,168,245,343,407
23223,105,223,368,539,644
23224,258,328,375,391,438
23225,73,120,193,300,373
23226,8,50,252,392,549
23227,59,167,259,323,366
23228,132,206,281,347,363
23229,28,150,317,422,567
23230,37,56,88,124,144
23231,204,332,482,568,621
23233,6,138,288,477,592
23234,133,209,323,342,408
23235,29,98,162,231,280
23236,29,52,171,233,257
23237,38,58,103,141,205
23238,0,97,193,280,391
23294,43,72,105,135,161
23314,0,0,0,0,0
23320,300,465,735,915,1095
23321,49,198,326,553,662
23322,170,588,1021,1284,1702
23323,34,68,362,521,679
23324,56,123,210,315,389
23325,24,38,72,120,173
23432,0,0,0,0,1
23433,0,13,42,58,76
23434,191,383,506,629,779
23435,78,131,314,523,680
23436,1,9,22,34,44
23451,204,439,715,930,1093
23452,222,485,749,874,971
23453,82,215,369,533,666
23454,118,370,605,773,1042
23455,55,109,410,766,1094
23456,121,398,1055,1418,1711
23457,0,1,2,3,4
23462,282,480,663,795,845
23464,0,129,345,754,1013
23502,82,111,158,205,263
23503,152,180,262,352,414
23504,103,182,251,335,394
23505,22,140,200,265,324
23507,50,80,120,163,185
23508,76,134,225,294,351
23509,51,110,150,213,246
23510,18,35,39,49,59
23511,3,7,11,14,18
23513,130,144,166,216,260
23517,6,12,28,35,41
23518,78,101,210,318,396
23523,107,136,156,198,226
23601,97,238,335,394,454
23602,65,138,240,332,452
23603,0,0,1,2,2
23604,6,12,22,27,33
23605,64,87,140,155,178
23606,89,124,198,272,322
23607,317,406,461,482,544
23608,26,79,166,201,289
23651,3,8,11,16,18
23661,86,101,177,232,267
23662,42,91,179,282,378
23663,52,74,113,156,213
23664,0,15,83,113,162
23665,1,5,7,8,14
23666,127,227,354,439,595
23669,234,398,527,644,726
23692,20,83,233,289,360
23693,6,106,255,460,609
23696,7,13,26,42,54
23701,157,204,251,298,360
23702,45,78,99,123,138
23703,114,154,222,295,363
23704,225,274,360,408,488
23707,138,221,271,329,367
23801,11,11,14,16,24
23803,274,520,711,930,1067
23805,0,38,105,154,180
23831,92,185,324,398,546
23832,140,288,342,451,521
23834,105,201,314,436,515
23836,4,47,118,181,232
23838,0,79,164,212,276
23842,1,4,5,7,9
23860,203,322,390,500,593
23875,6,25,56,90,109
23885,0,1,3,4,5
24011,3,6,10,15,19
24012,212,272,383,504,615
24013,62,87,113,147,167
24014,21,89,199,325,461
24015,10,44,131,189,261
24016,66,107,130,156,184
24017,75,112,179,247,299
24018,43,64,387,601,859
24019,10,62,175,257,359
24060,226,445,664,854,1044
24073,60,163,283,360,480
24077,0,5,14,24,32
24101,0,0,2,3,3
24149,0,0,0,0,0
24153,79,273,466,602,715
24175,1,3,11,16,19
24179,20,40,91,137,187
24251,19,30,41,52,60
24258,1,1,1,2,2
24290,16,24,29,35,44
24366,0,0,0,0,0
24401,25,92,208,267,367
24431,1,2,3,4,4
24437,0,0,0,1,1
24440,0,0,1,1,1
24441,3,6,9,13,15
24467,4,6,13,20,27
24471,0,0,0,0,0
24477,2,6,29,52,61
24482,3,3,3,3,7
24486,2,7,10,15,21
24501,243,296,395,440,476
24502,190,249,320,463,534
24503,24,64,120,172,216
24504,87,117,142,172,188
24527,0,0,0,0,0
24538,2,3,4,4,5
24540,120,205,268,324,395
24541,89,151,226,335,404
24550,1,3,4,6,7
24551,12,69,110,163,216
24572,29,42,63,73,78
24586,2,2,3,5,7
24588,11,14,19,25,29
24605,22,39,80,106,132
24613,0,0,0,0,1
24635,7,11,15,17,18
5401,376,5095,5226,5226,5226
5403,380,4070,4222,4222,4222
5404,96,1525,1551,1551,1551
5408,135,2119,2173,2173,2173
5446,44,872,887,887,887
5452,202,3410,3486,3486,3486
5482,2,18,19,19,19
5495,148,1766,1821,1821,1821
98001,23,194,570,752,980
98002,89,124,213,257,293
98003,98,196,391,518,616
98004,64,387,715,967,1190
98005,12,259,425,603,723
98006,218,881,1481,2072,2424
98007,22,142,246,343,421
98008,18,360,637,908,1173
98010,0,50,96,133,173
98011,35,158,410,632,825
98012,0,0,409,1148,1635
98014,3,48,83,113,150
98019,27,129,200,296,361
98020,0,23,281,469,657
98021,79,450,908,1296,1570
98022,74,314,586,808,982
98023,103,436,718,884,1077
98024,34,91,133,177,204
98026,0,0,184,541,898
98027,39,289,577,743,910
98028,63,247,517,810,1034
98029,18,310,619,882,1098
98030,52,126,215,341,437
98031,143,420,665,819,972
98032,69,131,254,377,501
98033,92,674,1033,1532,1818
98034,54,390,856,1084,1333
98036,40,91,303,555,737
98037,54,75,183,400,496
98038,0,300,593,926,1226
98039,0,71,159,248,322
98040,150,558,917,1223,1481
98042,50,375,837,1224,1461
98043,15,46,101,243,339
98045,4,19,32,41,51
98047,10,45,57,77,99
98051,2,6,9,12,15
98052,148,779,1237,1819,2375
98053,12,386,732,1031,1267
98055,98,190,266,342,413
98056,109,337,556,692,874
98057,48,111,150,180,225
98058,138,356,723,1033,1183
98059,31,628,1026,1350,1581
98065,20,316,527,706,874
98070,24,188,377,492,642
98072,0,312,630,907,1156
98074,12,472,950,1338,1714
98075,38,504,944,1314,1679
98077,3,178,318,448,580
98087,43,58,137,331,447
98092,129,478,904,1098,1304
98101,3,7,19,28,40
98102,28,28,131,256,330
98103,0,12,451,951,1389
98104,2,6,19,29,35
98105,76,174,438,785,1091
98106,102,244,346,468,604
98107,21,32,285,475,618
98108,22,199,516,751,1009
98109,22,69,182,299,403
98110,32,259,597,914,1148
98112,33,322,556,861,1123
98115,78,286,950,1405,1952
98116,0,50,304,658,856
98117,33,55,772,1301,1720
98118,69,343,777,1280,1623
98119,0,4,189,366,516
98121,2,4,22,39,54
98122,79,253,450,635,776
98125,8,55,274,485,672
98126,52,307,509,679,868
98133,60,99,367,616,834
98134,5,11,22,27,32
98136,15,20,236,523,727
98144,43,135,362,604,860
98146,47,382,514,608,725
98148,21,52,87,118,136
98155,62,278,495,750,928
98164,0,0,0,0,1
98166,139,330,463,588,754
98168,78,157,296,427,557
98177,0,19,311,692,965
98178,157,351,516,680,800
98188,58,139,191,243,307
98198,53,158,298,421,544
98199,26,38,340,840,1141
98201,9,43,120,258,361
98203,42,136,386,490,584
98204,74,88,163,223,284
98208,0,30,222,562,932
98221,1,4,8,10,13
98223,50,136,272,372,572
98225,162,460,759,958,1095
98226,112,241,301,404,490
98229,7,184,300,409,505
98232,1,1,3,5,7
98233,39,87,153,201,275
98258,56,71,438,819,1031
98270,0,61,348,605,863
98271,19,39,90,232,322
98272,26,221,364,494,657
98273,22,130,202,303,361
98274,47,140,175,233,268
98275,0,6,260,468,675
98277,54,124,210,319,451
98284,13,34,107,146,206
98290,20,51,347,705,1032
98294,3,5,11,41,56
98296,45,480,878,1402,1764
98310,60,102,163,265,319
98311,21,149,249,377,491
98312,101,264,326,443,513
98314,0,4,11,17,22
98315,1,5,8,11,18
98321,0,133,342,500,645
98323,0,1,2,3,4
98327,34,89,144,184,221
98332,13,133,210,273,342
98333,0,0,25,47,66
98335,12,16,179,305,427
98337,20,42,75,95,123
98338,0,132,276,351,454
98345,0,1,2,3,5
98354,13,61,92,117,144
98359,13,52,103,152,169
98360,0,106,197,257,344
98366,79,261,453,623,736
98367,40,93,226,306,453
98370,14,40,69,99,128
98371,25,222,378,510,625
98372,8,140,338,461,560
98373,56,169,311,353,473
98374,34,331,639,844,1026
98375,107,196,347,418,534
98383,26,131,245,367,455
98385,0,1,2,3,3
98387,28,239,534,717,844
98388,4,45,93,128,173
98390,13,69,130,177,203
98391,76,577,805,1154,1473
98402,0,2,19,35,46
98403,11,21,43,98,122
98404,32,95,126,284,432
98405,0,21,106,190,296
98406,15,23,182,409,554
98407,0,0,300,466,624
98408,0,37,51,183,278
98409,30,96,171,208,289
98418,11,19,52,86,104
98422,15,177,384,575,723
98424,0,65,113,149,175
98433,3,39,69,102,108
98439,9,18,23,30,36
98443,13,72,146,182,213
98444,68,136,186,254,305
98445,51,183,245,418,510
98446,0,51,172,293,348
98465,0,10,36,74,103
98466,15,39,131,254,401
98467,22,73,132,172,212
98498,32,112,208,305,377
98499,85,198,298,361,432
98501,40,265,570,742,887
98502,84,163,308,392,489
98503,115,136,262,388,472
98506,26,122,231,319,367
98512,0,90,181,310,433
98513,46,231,369,517,646
98516,19,48,114,196,253
98604,36,36,206,341,475
98606,0,0,79,149,215
98607,29,48,308,789,1203
98611,3,6,15,33,43
98626,0,0,21,68,142
98629,0,0,0,0,0
98632,109,157,254,387,483
98642,0,10,142,289,380
98660,25,39,104,165,240
98661,69,230,345,460,540
98662,72,186,341,465,569
98663,10,15,77,140,203
98664,13,40,175,235,282
98665,24,72,160,256,312
98671,6,23,154,325,479
98682,132,331,563,695,910
98683,0,0,179,350,472
98684,23,39,156,266,406
98685,0,39,357,685,887
98686,0,38,171,298,380
98801,179,302,437,504,638
98802,148,251,380,510,761
98828,0,0,0,0,0
98837,213,305,457,589,1087
98901,82,153,240,292,350
98902,227,294,321,401,468
98903,0,82,140,216,332
98908,47,237,404,534,606
98922,0,0,0,0,0
98926,101,201,275,389,443
98937,2,5,8,10,12
98942,83,143,175,202,248
99004,23,44,62,85,98
99005,2,5,8,12,16
99016,70,198,350,437,560
99019,45,143,256,360,435
99021,16,44,71,110,129
99023,0,2,3,4,5
99025,0,23,44,69,92
99026,6,11,14,16,19
99027,7,30,54,74,97
99036,0,0,0,0,0
99037,33,118,208,260,293
99201,72,115,172,195,232
99202,123,185,252,344,416
99203,47,166,270,379,436
99204,4,10,22,34,50
99205,229,290,381,457,533
99206,134,224,336,470,571
99207,126,251,319,357,415
99208,236,442,634,796,958
99212,38,107,145,206,297
99216,87,152,167,210,239
99217,122,222,321,398,451
99218,13,107,172,202,240
99223,35,330,556,773,955
99224,37,128,233,300,373
99301,560,776,1013,1358,2177
99320,3,6,7,10,27
99323,7,14,36,59,71
99336,339,487,596,718,1855
99337,179,396,588,729,895
99338,139,293,452,572,711
99352,110,329,548,767,1754
99353,127,249,327,419,860
99354,101,195,253,325,932
99403,71,156,325,403,493
