zip,panels_1_years_9500_incentive,panels_2_years_9500_incentive,panels_3_years_9500_incentive,panels_4_years_9500_incentive,panels_5_years_9500_incentive
99501,43,102,148,200,233
99502,83,211,300,401,434
99503,31,55,81,102,125
99504,98,174,234,272,310
99506,12,16,16,18,21
99507,98,262,345,488,608
99508,82,150,182,242,264
99515,97,161,253,350,409
99516,7,95,200,326,441
99517,4,78,122,185,236
99518,21,42,71,92,122
99701,4,42,88,151,181
99703,2,2,3,6,7
99709,52,88,128,216,252
99712,1,3,9,15,20
35004,3,3,3,3,3
35005,52,52,52,52,52
35007,379,379,379,379,379
35014,2,2,2,2,2
35020,648,648,648,648,648
35022,472,472,472,472,472
35023,217,217,217,217,217
35040,101,101,101,101,101
35043,1,1,1,1,1
35044,0,0,0,0,0
35051,0,0,0,0,0
35055,363,363,363,363,363
35057,18,18,18,18,18
35058,26,26,26,26,26
35061,9,9,9,9,9
35064,189,189,189,189,189
35068,92,92,92,92,92
35071,396,396,396,396,396
35072,0,0,0,0,0
35073,2,2,2,2,2
35077,16,16,16,16,16
35080,339,339,339,339,339
35094,147,147,147,147,147
35096,7,7,7,7,7
35111,51,51,51,51,51
35114,162,162,162,162,162
35115,42,42,42,42,42
35116,9,9,9,9,9
35117,123,123,123,123,123
35118,31,31,31,31,31
35124,743,743,743,743,743
35126,84,84,84,84,84
35127,95,95,95,95,95
35147,34,34,34,34,34
35150,228,228,228,228,228
35151,13,13,13,13,13
35160,164,164,164,164,164
35173,617,617,617,617,617
35176,3,3,3,3,3
35179,13,13,13,13,13
35184,0,0,0,0,0
35188,1,1,1,1,1
35203,51,51,51,51,51
35204,342,342,342,342,342
35205,270,270,270,270,270
35206,391,391,391,391,391
35207,360,360,360,360,360
35208,243,243,243,243,243
35209,468,468,468,468,468
35210,270,270,270,270,270
35211,700,700,700,700,700
35212,475,475,475,475,475
35213,709,709,709,709,709
35214,449,449,449,449,449
35215,631,631,631,631,631
35216,659,659,659,659,659
35217,447,447,447,447,447
35218,198,198,198,198,198
35221,128,128,128,128,128
35222,256,256,256,256,256
35223,746,746,746,746,746
35224,114,114,114,114,114
35226,1194,1194,1194,1194,1194
35228,244,244,244,244,244
35233,116,116,116,116,116
35234,225,225,225,225,225
35235,386,386,386,386,386
35242,2098,2098,2098,2098,2098
35243,676,676,676,676,676
35244,891,891,891,891,891
35401,1090,1090,1090,1090,1090
35404,532,532,532,532,532
35405,568,568,568,568,568
35406,504,504,504,504,504
35444,1,1,1,1,1
35452,1,1,1,1,1
35453,97,97,97,97,97
35456,28,28,28,28,28
35463,1,1,1,1,1
35473,289,289,289,289,289
35474,39,39,39,39,39
35475,107,107,107,107,107
35476,217,217,217,217,217
35490,4,4,4,4,4
35601,483,483,483,483,483
35603,433,433,433,433,433
35611,411,411,411,411,411
35613,399,399,399,399,399
35614,67,67,67,67,67
35616,1,1,1,1,1
35630,739,739,739,739,739
35633,68,68,68,68,68
35634,26,26,26,26,26
35645,9,9,9,9,9
35660,239,239,239,239,239
35661,230,230,230,230,230
35671,30,30,30,30,30
35673,23,23,23,23,23
35674,142,142,142,142,142
35741,165,165,165,165,165
35748,32,32,32,32,32
35749,772,772,772,772,772
35750,2,2,2,2,2
35754,7,7,7,7,7
35756,500,500,500,500,500
35757,404,404,404,404,404
35758,1325,1325,1325,1325,1325
35759,171,171,171,171,171
35761,112,112,112,112,112
35763,600,600,600,600,600
35773,31,31,31,31,31
35775,2,2,2,2,2
35801,942,942,942,942,942
35802,434,434,434,434,434
35803,771,771,771,771,771
35805,433,433,433,433,433
35806,437,437,437,437,437
35808,123,123,123,123,123
35810,426,426,426,426,426
35811,731,731,731,731,731
35816,327,327,327,327,327
35824,286,286,286,286,286
35901,213,213,213,213,213
35903,100,100,100,100,100
35904,104,104,104,104,104
35905,1,1,1,1,1
35906,3,3,3,3,3
35950,197,197,197,197,197
35951,52,52,52,52,52
35954,84,84,84,84,84
35956,9,9,9,9,9
35957,128,128,128,128,128
35976,98,98,98,98,98
35980,3,3,3,3,3
36020,29,29,29,29,29
36022,48,48,48,48,48
36025,36,36,36,36,36
36043,9,9,9,9,9
36054,187,187,187,187,187
36064,12,12,12,12,12
36066,374,374,374,374,374
36067,358,358,358,358,358
36079,27,27,27,27,27
36081,196,196,196,196,196
36092,92,92,92,92,92
36093,122,122,122,122,122
36104,308,308,308,308,308
36105,176,176,176,176,176
36106,292,292,292,292,292
36107,180,180,180,180,180
36108,760,760,760,760,760
36109,565,565,565,565,565
36110,247,247,247,247,247
36111,270,270,270,270,270
36112,0,0,0,0,0
36113,6,6,6,6,6
36115,1,1,1,1,1
36116,775,775,775,775,775
36117,978,978,978,978,978
36201,238,238,238,238,238
36203,164,164,164,164,164
36205,21,21,21,21,21
36206,98,98,98,98,98
36207,193,193,193,193,193
36250,0,0,0,0,0
36260,1,1,1,1,1
36265,130,130,130,130,130
36268,5,5,5,5,5
36277,6,6,6,6,6
36301,511,511,511,511,511
36303,663,663,663,663,663
36305,186,186,186,186,186
36312,0,0,0,0,0
36321,1,1,1,1,1
36322,53,53,53,53,53
36330,460,460,460,460,460
36345,81,81,81,81,81
36350,27,27,27,27,27
36351,1,1,1,1,1
36360,189,189,189,189,189
36362,37,37,37,37,37
36376,0,0,0,0,0
36509,34,34,34,34,34
36511,3,3,3,3,3
36523,14,14,14,14,14
36526,618,618,618,618,618
36527,371,371,371,371,371
36530,3,3,3,3,3
36532,1064,1064,1064,1064,1064
36535,466,466,466,466,466
36541,56,56,56,56,56
36542,192,192,192,192,192
36544,108,108,108,108,108
36551,134,134,134,134,134
36555,20,20,20,20,20
36561,336,336,336,336,336
36567,162,162,162,162,162
36571,272,272,272,272,272
36572,73,73,73,73,73
36575,292,292,292,292,292
36576,64,64,64,64,64
36580,60,60,60,60,60
36582,400,400,400,400,400
36587,14,14,14,14,14
36602,58,58,58,58,58
36603,308,308,308,308,308
36604,269,269,269,269,269
36605,665,665,665,665,665
36606,311,311,311,311,311
36607,263,263,263,263,263
36608,882,882,882,882,882
36609,474,474,474,474,474
36610,386,386,386,386,386
36611,174,174,174,174,174
36612,123,123,123,123,123
36613,127,127,127,127,127
36617,229,229,229,229,229
36618,244,244,244,244,244
36619,326,326,326,326,326
36693,374,374,374,374,374
36695,992,992,992,992,992
36752,0,0,0,0,0
36801,307,307,307,307,307
36804,71,71,71,71,71
36830,758,758,758,758,758
36832,207,207,207,207,207
36856,8,8,8,8,8
36867,662,662,662,662,662
36869,467,467,467,467,467
36870,420,420,420,420,420
36875,4,4,4,4,4
36877,137,137,137,137,137
36879,2,2,2,2,2
71601,432,1159,6671,6808,6835
71602,227,1088,6005,6085,6115
71603,604,2038,12176,12390,12541
71837,0,1,6,6,6
71854,704,1934,11626,11793,11864
71901,230,672,5919,5979,6022
71913,335,904,9943,10054,10136
71956,0,0,8,8,8
71964,2,6,118,118,118
71968,0,2,43,43,43
72002,148,482,3599,3681,3711
72007,68,228,1737,1760,1774
72011,13,42,379,385,389
72012,101,456,3424,3452,3470
72015,366,1038,9719,9818,9867
72019,235,704,5425,5542,5587
72022,104,518,5374,5423,5450
72023,262,1381,11759,11854,11902
72065,7,23,158,160,161
72068,0,1,15,15,15
72076,528,1560,11759,11891,11999
72081,8,35,336,339,341
72082,4,34,262,263,263
72086,48,239,1470,1499,1506
72103,82,310,3097,3116,3132
72113,208,844,6717,6828,6911
72114,315,798,3829,3905,3961
72116,233,621,5037,5125,5161
72117,303,739,5451,5546,5557
72118,220,659,6123,6186,6236
72120,274,1059,9223,9402,9440
72135,14,43,261,268,272
72142,36,95,740,752,759
72143,161,758,5847,5912,5942
72167,1,2,11,11,11
72176,67,266,2064,2082,2097
72201,45,96,584,602,612
72202,193,483,2768,2828,2871
72204,360,892,7311,7408,7476
72205,237,674,5078,5204,5267
72206,592,1402,8426,8583,8661
72207,174,455,2352,2436,2484
72209,323,749,6331,6396,6428
72210,104,336,3495,3538,3556
72211,215,831,5187,5284,5353
72212,262,715,3315,3471,3538
72223,390,936,5027,5177,5332
72227,198,452,2286,2363,2409
72364,1,3,26,27,27
72376,0,0,2,2,2
72401,893,2662,15826,16053,16248
72404,239,828,6864,6983,7025
72411,0,3,36,36,36
72416,22,84,590,596,601
72417,0,5,63,63,63
72701,816,4813,8197,8401,8512
72703,412,4251,7258,7423,7491
72704,395,3515,6144,6322,6367
72712,1015,7116,10247,10567,10685
72718,31,216,364,373,377
72719,169,1585,2665,2706,2728
72730,44,812,1440,1451,1456
72745,52,1384,2444,2471,2474
72753,0,1,1,1,1
72756,232,1252,6490,6576,6622
72758,516,5007,8508,8709,8762
72762,621,7649,11398,11667,11714
72764,555,6731,12094,12229,12316
72774,0,1,2,2,2
72801,271,836,5391,5480,5518
72802,73,345,2453,2475,2495
72834,38,158,1078,1089,1094
72837,0,2,16,16,16
72847,8,26,187,189,190
72858,12,48,308,312,315
72901,236,2122,7059,7124,7138
72903,324,2514,8123,8231,8280
72904,358,2042,6279,6324,6363
72908,119,1589,4872,4931,4951
72916,191,839,2325,2373,2417
72921,15,111,353,357,361
72923,45,460,1637,1649,1657
72941,3,36,114,115,116
72956,416,3000,10473,10612,10665
85003,196,2151,2218,2227,2227
85004,184,1554,1625,1627,1627
85006,423,6857,7033,7047,7047
85007,308,4755,4872,4877,4877
85008,328,10418,10555,10555,10555
85009,566,13239,13482,13482,13482
85012,245,2141,2224,2228,2228
85013,366,5492,5616,5627,5627
85014,320,6513,6653,6660,6660
85015,438,8084,8216,8240,8240
85016,892,9815,10139,10149,10149
85017,380,7770,7888,7912,7912
85018,1311,11426,11890,11926,11926
85019,269,6599,6707,6727,6727
85020,564,10240,10439,10449,10449
85021,472,9084,9223,9242,9242
85022,766,14712,15027,15027,15027
85023,386,9711,9879,9889,9889
85024,440,7540,7686,7709,7709
85027,603,11828,12057,12057,12057
85028,715,7855,8123,8123,8123
85029,536,11953,12172,12184,12184
85031,173,6825,6908,6915,6915
85032,1083,20407,20802,20823,20823
85033,333,12164,12299,12324,12324
85034,289,3052,3154,3166,3166
85035,183,9535,9603,9622,9622
85037,533,12791,13012,13012,13012
85040,438,9318,9480,9508,9508
85041,679,17521,17861,17897,17897
85042,593,12238,12604,12604,12604
85043,352,9803,10034,10034,10034
85044,705,12134,12562,12574,12574
85045,297,2158,2320,2320,2320
85048,1075,11125,11587,11599,11599
85050,1325,10182,10695,10695,10695
85051,338,11067,11259,11270,11270
85053,369,8848,9001,9010,9010
85054,111,1285,1329,1329,1329
85083,763,6077,6363,6363,6363
85085,379,4021,4163,4167,4167
85118,297,6057,6175,6175,6175
85119,412,9855,10026,10046,10046
85120,483,14007,14163,14206,14206
85132,179,3250,3313,3316,3316
85140,490,10434,10647,10658,10658
85142,1369,19655,20390,20411,20411
85143,411,13046,13272,13272,13272
85201,292,10259,10395,10405,10405
85202,305,9133,9272,9272,9272
85203,472,10027,10253,10263,10263
85204,403,16542,16794,16794,16794
85205,643,16542,16914,16914,16914
85206,515,14539,14687,14716,14716
85207,1220,18410,19058,19077,19077
85208,364,15606,15796,15812,15812
85209,762,15906,16182,16230,16230
85210,412,8775,8936,8963,8963
85212,484,7168,7451,7451,7451
85213,745,11073,11486,11486,11486
85215,686,8099,8359,8367,8367
85224,590,13430,13718,13732,13732
85225,771,19882,20288,20288,20288
85226,810,12277,12644,12657,12657
85233,680,12457,12816,12829,12829
85234,1186,15835,16462,16478,16478
85248,1344,15548,15980,16012,16012
85249,1850,15058,16120,16120,16120
85250,562,7043,7298,7298,7298
85251,782,10196,10524,10534,10534
85253,1806,7692,8361,8378,8378
85254,1714,15921,16653,16653,16653
85255,2350,16314,17247,17265,17265
85256,147,1753,1782,1794,1794
85257,628,9242,9498,9518,9518
85258,1340,10024,10541,10563,10563
85259,1171,8146,8602,8602,8602
85260,1116,12332,12781,12794,12794
85262,1113,5798,6249,6255,6255
85266,1109,6416,6870,6870,6870
85268,892,9947,10382,10393,10393
85281,780,10565,10793,10847,10847
85282,582,14581,14879,14909,14909
85283,675,11731,12021,12045,12045
85284,918,6786,7227,7234,7234
85286,892,13008,13494,13494,13494
85295,1080,12949,13503,13503,13503
85296,981,14061,14632,14647,14647
85297,768,10122,10533,10533,10533
85298,1300,11926,12607,12607,12607
85301,556,12682,12928,12954,12954
85302,442,10468,10727,10759,10759
85303,221,8733,8839,8848,8848
85304,427,8551,8717,8726,8726
85305,107,3210,3255,3255,3255
85306,291,7944,8073,8073,8073
85307,50,2897,2917,2917,2917
85308,1378,22378,22975,22998,22998
85310,658,7336,7563,7563,7563
85323,346,11393,11566,11566,11566
85326,454,14996,15132,15147,15147
85329,8,151,154,154,154
85331,1732,13784,14462,14462,14462
85335,403,10740,10870,10892,10892
85338,555,12163,12348,12361,12361
85339,757,13161,13485,13485,13485
85340,675,9797,10059,10059,10059
85345,711,18918,19207,19226,19226
85350,10,218,221,221,221
85351,662,16731,16901,16969,16969
85353,332,10588,10717,10717,10717
85355,236,3977,4075,4075,4075
85363,63,2226,2242,2246,2246
85364,1028,19739,20122,20162,20162
85365,802,13782,14064,14092,14092
85367,390,8531,8644,8661,8661
85373,383,8733,8902,8902,8902
85374,785,17919,18266,18266,18266
85375,547,16834,17056,17056,17056
85377,29,224,233,234,234
85378,134,3394,3429,3439,3439
85379,636,14210,14456,14456,14456
85381,473,8259,8420,8437,8437
85382,761,14631,14855,14915,14915
85383,1794,17273,17937,17937,17937
85387,125,3520,3570,3570,3570
85388,519,9053,9266,9266,9266
85392,459,11007,11197,11197,11197
85395,1111,10927,11324,11335,11335
85396,206,3202,3278,3278,3278
85607,329,5620,5747,5764,5764
85621,149,3139,3236,3240,3240
85626,13,107,110,111,111
85648,61,2216,2250,2254,2254
85658,245,3361,3454,3454,3454
85701,175,1833,1901,1907,1907
85704,681,11467,11749,11761,11761
85705,851,14833,15168,15183,15183
85706,529,12622,12919,12919,12919
85708,14,662,664,666,666
85710,667,16862,17067,17084,17084
85711,526,13274,13449,13476,13476
85712,429,10037,10190,10211,10211
85713,595,13644,13824,13852,13852
85714,189,4907,4957,4972,4972
85715,400,7127,7265,7272,7272
85716,615,10602,10753,10785,10785
85718,1438,10931,11410,11421,11421
85719,877,11693,11969,12005,12005
85730,383,12655,12745,12770,12770
85735,6,194,195,196,196
85736,1,15,15,15,15
85737,587,7871,8148,8148,8148
85739,5,73,75,75,75
85741,318,11306,11352,11363,11363
85742,643,9810,10041,10051,10051
85743,117,2151,2202,2204,2204
85745,899,12326,12617,12642,12642
85746,479,12415,12579,12591,12591
85747,442,8156,8331,8339,8339
85748,445,7495,7671,7671,7671
85749,814,8202,8474,8474,8474
85750,1105,9864,10232,10232,10232
85755,497,7192,7414,7421,7421
85756,271,7227,7308,7315,7315
85757,120,2223,2266,2268,2268
85901,142,3872,3919,3927,3927
85929,78,1913,1946,1948,1948
86001,725,8187,8424,8432,8432
86004,463,6739,6905,6905,6905
86005,3,54,55,55,55
86011,2,16,17,17,17
86040,107,2547,2604,2607,2607
86301,421,9928,10008,10028,10028
86303,348,4457,4567,4581,4581
86305,323,5100,5205,5215,5215
86314,350,13375,13469,13482,13482
86315,70,1728,1749,1750,1750
86323,89,3522,3547,3551,3551
86325,0,13,13,13,13
86327,94,2106,2147,2147,2147
86329,0,109,109,109,109
86336,554,6768,7013,7013,7013
86351,139,1823,1872,1872,1872
86403,239,8697,8856,8874,8874
86404,294,7389,7524,7532,7532
86406,586,11240,11435,11470,11470
86434,0,1,1,1,1
90001,295,9621,9817,9827,9827
90002,337,8211,8388,8422,8422
90003,397,11370,11651,11674,11674
90004,350,6398,6610,6610,6610
90005,90,1688,1728,1737,1737
90006,140,4420,4492,4501,4501
90007,289,3855,4003,4015,4015
90008,324,5879,6062,6093,6093
90010,19,294,304,305,305
90011,333,12542,12798,12798,12798
90012,83,1549,1594,1599,1599
90013,65,525,555,557,557
90014,23,225,236,238,238
90015,132,1629,1704,1709,1709
90016,502,8959,9275,9285,9285
90017,38,542,560,562,562
90018,422,8075,8282,8290,8290
90019,638,10296,10614,10625,10625
90020,79,1561,1605,1606,1606
90021,172,1537,1618,1623,1623
90022,284,10723,10920,10942,10942
90023,185,7293,7411,7426,7426
90024,377,3397,3629,3633,3633
90025,470,4456,4741,4746,4746
90026,605,9513,9870,9900,9900
90027,443,6307,6611,6618,6618
90028,131,2045,2104,2112,2112
90029,138,3642,3716,3724,3724
90031,249,5649,5800,5800,5800
90032,295,7882,8169,8169,8169
90033,202,6190,6278,6310,6310
90034,384,6716,6960,6967,6967
90035,483,4971,5311,5311,5311
90036,459,5298,5536,5541,5541
90037,292,8207,8349,8365,8365
90038,138,3105,3198,3198,3198
90039,509,6809,7161,7161,7161
90040,119,3205,3301,3308,3308
90041,375,5403,5675,5675,5675
90042,450,9135,9565,9565,9565
90043,717,11453,11895,11943,11943
90044,675,14956,15293,15354,15354
90045,804,9842,10572,10583,10583
90046,499,6528,6843,6850,6850
90047,542,12479,12866,12905,12905
90048,401,4330,4606,4611,4611
90049,992,7521,8202,8210,8210
90056,230,2416,2607,2615,2615
90057,68,1403,1434,1439,1439
90058,82,2066,2112,2112,2112
90059,238,6790,6944,6979,6979
90061,290,5612,5775,5810,5810
90062,264,6437,6569,6589,6589
90063,201,8999,9127,9145,9145
90064,604,6585,7035,7035,7035
90065,742,8854,9252,9271,9271
90066,988,10886,11472,11494,11494
90067,20,198,211,212,212
90068,365,4439,4669,4683,4683
90069,304,3228,3412,3415,3415
90077,431,2629,2928,2928,2928
90094,36,329,354,355,355
90201,158,12999,13157,13171,13171
90210,998,6202,6862,6876,6876
90211,176,1615,1726,1729,1729
90212,214,1939,2070,2076,2076
90220,333,11206,11482,11505,11505
90221,235,9993,10197,10217,10217
90222,235,6555,6695,6709,6709
90230,536,5823,6209,6209,6209
90232,350,3858,4106,4114,4114
90240,291,6166,6450,6457,6457
90241,180,8823,8994,9003,9003
90242,219,8178,8423,8423,8423
90245,477,4715,5125,5125,5125
90247,353,9079,9284,9293,9293
90248,124,4128,4273,4282,4282
90249,285,6866,7130,7137,7137
90250,378,15973,16434,16450,16450
90254,420,4636,5102,5107,5107
90255,277,9739,9857,9887,9887
90260,194,7585,7740,7740,7740
90262,271,10596,10780,10812,10812
90265,634,5277,5923,5935,5935
90266,1382,10174,11385,11396,11396
90270,67,3447,3500,3503,3503
90272,992,6678,7678,7693,7693
90274,1005,8018,9123,9123,9123
90275,1383,12654,13967,13995,13995
90277,412,7859,8405,8405,8405
90278,859,10046,10850,10850,10850
90280,429,15049,15310,15325,15325
90290,175,1479,1624,1626,1626
90291,695,6236,6684,6691,6691
90292,164,1556,1673,1675,1675
90293,128,1733,1844,1848,1848
90301,163,5663,5814,5820,5820
90302,157,4666,4785,4785,4785
90303,193,5228,5346,5352,5352
90304,122,4411,4492,4501,4501
90305,178,4318,4433,4438,4438
90401,73,666,708,708,708
90402,492,3006,3337,3341,3341
90403,335,2854,3103,3106,3106
90404,275,3115,3307,3307,3307
90405,603,5131,5512,5523,5523
90501,509,9355,9806,9806,9806
90502,162,4513,4634,4638,4638
90503,420,9539,10009,10019,10019
90504,470,8637,9016,9025,9025
90505,539,9438,9997,9997,9997
90601,387,7770,8069,8077,8077
90602,141,4731,4852,4857,4857
90603,320,5762,6028,6034,6034
90604,399,9065,9502,9502,9502
90605,454,9296,9644,9663,9663
90606,167,7344,7572,7579,7579
90620,113,11881,12533,12558,12558
90621,111,6270,6538,6552,6552
90623,178,3990,4323,4332,4332
90630,175,12596,13416,13442,13442
90631,336,15996,16768,16785,16785
90638,621,12923,13477,13490,13490
90640,560,12575,12992,13005,13005
90650,600,21595,22195,22217,22217
90660,633,13827,14316,14345,14345
90670,222,5833,6025,6025,6025
90680,156,5762,5973,5997,5997
90701,157,4012,4132,4140,4140
90703,703,13891,14609,14623,14623
90706,384,15005,15328,15359,15359
90710,223,5672,5854,5860,5860
90712,487,9498,9935,9935,9935
90713,517,8714,9232,9241,9241
90715,164,4179,4304,4304,4304
90716,50,2367,2396,2398,2398
90717,345,5386,5647,5652,5652
90720,144,6528,7204,7211,7211
90723,191,9431,9575,9584,9584
90731,627,11825,12280,12304,12304
90732,387,5333,5692,5704,5704
90740,201,5916,6261,6267,6267
90744,324,9600,9806,9816,9816
90745,596,12746,13249,13262,13262
90746,496,7847,8219,8243,8243
90755,136,2676,2785,2788,2788
90802,144,2953,3054,3057,3057
90803,431,8039,8453,8461,8461
90804,162,5642,5763,5775,5775
90805,396,16875,17185,17219,17219
90806,180,7337,7487,7502,7502
90807,439,7837,8284,8284,8284
90808,817,12793,13583,13597,13597
90810,258,7615,7818,7834,7834
90813,201,6558,6665,6692,6692
90814,162,4007,4144,4152,4152
90815,683,11428,11967,11991,11991
91001,718,8787,9448,9448,9448
91006,814,9036,9675,9685,9685
91007,345,7481,7858,7858,7858
91008,49,474,517,517,517
91010,264,6087,6282,6295,6295
91011,745,5334,6048,6048,6048
91016,421,10087,10486,10518,10518
91020,121,1471,1536,1545,1545
91024,207,2778,2997,3000,3000
91030,315,4204,4501,4506,4506
91040,301,5442,5687,5692,5692
91042,315,6085,6293,6306,6306
91101,117,1331,1402,1406,1406
91103,270,4569,4806,4825,4825
91104,406,7056,7366,7381,7381
91105,302,2429,2691,2693,2693
91106,187,3704,3887,3895,3895
91107,740,8788,9481,9490,9490
91108,452,3759,4178,4186,4186
91201,170,4321,4468,4468,4468
91202,250,3931,4083,4099,4099
91203,88,1614,1671,1672,1672
91204,91,1891,1928,1934,1934
91205,221,4044,4153,4161,4161
91206,234,4550,4770,4779,4779
91207,166,2418,2548,2553,2553
91208,319,3735,3936,3940,3940
91214,651,7295,7946,7946,7946
91301,680,6676,7386,7393,7393
91302,902,6963,7780,7788,7788
91303,106,3135,3216,3216,3216
91304,390,9347,9777,9777,9777
91306,384,8647,8924,8933,8933
91307,570,7481,8011,8019,8019
91311,611,9845,10373,10384,10384
91316,366,4934,5140,5150,5150
91320,808,12555,13906,13920,13920
91321,227,6049,6288,6295,6295
91324,404,5864,6103,6109,6109
91325,478,6319,6625,6652,6652
91326,843,9525,10296,10296,10296
91331,525,17538,18045,18063,18063
91335,510,12723,13089,13089,13089
91340,302,7015,7187,7194,7194
91342,636,17106,17672,17690,17690
91343,606,10248,10642,10642,10642
91344,838,13929,14694,14709,14709
91345,290,4362,4502,4525,4525
91350,426,9581,10159,10159,10159
91351,312,8139,8418,8435,8435
91352,598,10123,10480,10490,10490
91354,492,7470,8050,8050,8050
91355,422,7686,8108,8108,8108
91356,434,5662,6108,6108,6108
91360,455,11769,12603,12628,12628
91361,371,6530,7130,7137,7137
91362,600,10155,11088,11121,11121
91364,490,6734,7195,7202,7202
91367,523,8360,8847,8874,8874
91377,251,3696,4103,4107,4107
91381,382,4358,4779,4779,4779
91384,1,30,32,32,32
91387,216,3605,3780,3795,3795
91390,234,2638,2846,2849,2849
91401,382,6591,6837,6837,6837
91402,246,6910,7030,7037,7037
91403,367,4182,4443,4443,4443
91405,257,5842,5949,5967,5967
91406,479,9104,9348,9376,9376
91411,172,3173,3299,3302,3302
91423,421,5359,5666,5672,5672
91436,617,4223,4636,4636,4636
91501,121,3330,3451,3454,3454
91502,49,1504,1526,1528,1528
91504,418,5830,6143,6149,6149
91505,542,8301,8738,8756,8756
91506,520,5422,5713,5724,5724
91601,363,5067,5246,5257,5257
91602,196,2898,3009,3012,3012
91604,497,5373,5765,5771,5771
91605,461,9478,9791,9801,9801
91606,317,6848,7031,7038,7038
91607,245,4224,4360,4369,4369
91701,541,11528,12057,12057,12057
91702,287,12120,12494,12494,12494
91706,356,15197,15491,15507,15507
91708,63,1764,1808,1811,1811
91709,1320,19078,19998,20038,20038
91710,763,20603,21154,21154,21154
91711,614,9396,10041,10051,10051
91722,265,8293,8541,8541,8541
91723,159,4179,4295,4304,4304
91724,290,7026,7243,7243,7243
91730,666,14613,15142,15142,15142
91731,102,5262,5342,5342,5342
91732,305,10983,11243,11254,11254
91733,211,8993,9149,9167,9167
91737,466,6707,7053,7060,7060
91739,811,9103,9757,9767,9767
91740,260,6601,6826,6840,6840
91741,559,8515,9038,9038,9038
91744,386,16338,16774,16791,16791
91745,802,13832,14560,14575,14575
91746,234,7069,7325,7333,7333
91748,454,11227,11634,11658,11658
91750,563,10709,11250,11250,11250
91752,324,8351,8745,8754,8754
91754,439,7876,8257,8265,8265
91755,206,5839,6033,6045,6045
91761,500,14842,15160,15160,15160
91762,260,12760,13007,13033,13033
91763,197,8114,8229,8237,8237
91764,238,10118,10325,10325,10325
91765,652,12079,12769,12769,12769
91766,455,13841,14182,14225,14225
91767,363,10016,10348,10358,10358
91768,166,6523,6649,6656,6656
91770,476,14072,14433,14433,14433
91773,587,9622,10128,10128,10128
91775,382,6133,6470,6476,6476
91776,325,7622,7907,7907,7907
91780,604,9905,10394,10415,10415
91784,816,8503,9163,9172,9172
91786,401,11834,12126,12150,12150
91789,845,12443,13156,13169,13169
91790,446,10704,11149,11149,11149
91791,370,7898,8211,8219,8219
91792,193,5852,6009,6021,6021
91801,355,9325,9575,9594,9594
91803,246,6418,6631,6651,6651
91902,719,5612,5720,5720,5720
91910,1483,16829,17051,17051,17051
91911,1080,16415,16614,16614,16614
91913,1245,9942,10134,10134,10134
91914,708,3956,4066,4066,4066
91915,743,6429,6527,6527,6527
91932,353,5294,5347,5347,5347
91935,65,324,335,335,335
91941,1172,9793,9942,9942,9942
91942,840,9636,9753,9753,9753
91945,391,7337,7381,7381,7381
91950,668,10673,10792,10792,10792
91977,1133,13265,13481,13481,13481
91978,222,2754,2776,2776,2776
92003,253,2023,2052,2052,2052
92007,663,3130,3207,3207,3207
92008,1081,8051,8190,8190,8190
92009,2768,11650,12035,12035,12035
92010,657,4618,4722,4727,4727
92011,1337,7016,7196,7196,7196
92014,1512,5592,5795,5795,5795
92019,1093,10698,10839,10839,10839
92020,1041,12278,12427,12427,12427
92021,939,11013,11159,11159,11159
92024,3126,15840,16380,16380,16380
92025,1313,10928,11150,11150,11150
92026,1473,13003,13161,13161,13161
92027,1250,13319,13480,13480,13480
92028,786,7750,7860,7860,7860
92029,1136,7349,7491,7491,7491
92037,2305,11430,11844,11844,11844
92040,1047,11305,11489,11489,11489
92054,641,9479,9555,9555,9555
92056,1319,14797,14977,14977,14977
92057,1314,14074,14288,14288,14288
92058,387,7104,7154,7161,7161
92059,6,35,36,36,36
92064,2452,14332,14684,14684,14684
92067,559,1754,1841,1841,1841
92069,1228,11182,11375,11375,11375
92071,1454,15073,15303,15303,15303
92075,776,3797,3902,3902,3902
92078,1921,12779,13079,13079,13079
92081,749,8110,8234,8234,8234
92082,103,921,938,938,938
92083,516,7876,7932,7932,7932
92084,1279,12764,12919,12919,12919
92091,340,1357,1415,1415,1415
92101,312,2291,2336,2340,2340
92102,464,8373,8441,8441,8441
92103,815,7045,7211,7211,7211
92104,774,9877,10048,10048,10048
92105,604,11716,11822,11822,11822
92106,1303,6112,6314,6321,6321
92107,901,7601,7764,7764,7764
92108,140,1508,1530,1530,1530
92109,1287,10701,10908,10908,10908
92110,697,6390,6521,6521,6521
92111,1031,11435,11574,11574,11574
92113,506,9104,9187,9187,9187
92114,1059,16369,16551,16551,16551
92115,1135,11902,12059,12059,12059
92116,784,8244,8344,8344,8344
92117,1728,15150,15443,15443,15443
92118,999,5492,5650,5650,5650
92119,926,6842,7017,7017,7017
92120,1249,8933,9115,9115,9115
92121,485,2508,2583,2583,2583
92122,985,6090,6272,6272,6272
92123,846,7309,7420,7420,7420
92124,756,6692,6801,6801,6801
92126,2088,16688,16994,16994,16994
92127,2587,11714,12089,12089,12089
92128,1826,13204,13502,13502,13502
92129,2558,13250,13618,13618,13618
92130,3402,12331,12791,12791,12791
92131,2137,9636,9893,9893,9893
92139,495,7289,7386,7386,7386
92154,1051,15117,15254,15254,15254
92173,1,15,15,15,15
92201,425,17282,17672,17707,17707
92203,470,10723,11171,11193,11193
92210,216,2483,2730,2732,2732
92211,556,14773,15453,15468,15468
92220,314,10583,10832,10832,10832
92223,390,16475,16933,16950,16950
92231,0,1,1,1,1
92234,660,15905,16466,16515,16515
92236,160,7882,7986,7994,7994
92240,201,6169,6270,6295,6295
92241,0,11,11,11,11
92243,403,11260,11490,11514,11514
92249,1,9,9,9,9
92251,494,4201,4260,4260,4260
92253,691,17718,18595,18633,18633
92260,808,14584,15224,15269,15269
92262,611,10554,11066,11099,11099
92264,407,8870,9203,9250,9250
92270,623,9467,10213,10223,10223
92274,82,794,801,801,801
92276,26,3251,3284,3287,3287
92277,183,4710,4816,4826,4826
92283,17,398,410,412,412
92301,170,5760,5830,5842,5842
92307,417,10947,11273,11273,11273
92308,360,12637,12869,12882,12882
92311,342,6655,6806,6833,6833
92313,65,3540,3609,3609,3609
92314,201,4792,4885,4900,4900
92315,62,1440,1486,1486,1486
92316,168,8242,8334,8351,8351
92320,107,3380,3455,3459,3459
92321,43,370,398,399,399
92324,431,13182,13425,13452,13452
92325,22,738,747,748,748
92333,23,667,674,674,674
92335,507,19228,19521,19540,19540
92336,1314,22297,23401,23424,23424
92337,294,9929,10152,10162,10162
92342,67,2045,2091,2091,2091
92344,148,4225,4356,4356,4356
92345,768,24355,24726,24776,24776
92346,413,14845,15303,15303,15303
92352,77,1217,1277,1280,1280
92354,266,5451,5672,5683,5683
92358,0,13,13,13,13
92359,43,2680,2721,2721,2721
92363,3,98,99,99,99
92373,512,9380,9843,9863,9863
92374,527,11335,11710,11722,11722
92376,416,17075,17318,17336,17336
92377,302,5479,5672,5690,5690
92378,0,107,107,107,107
92386,8,166,172,172,172
92391,2,99,100,100,100
92392,309,15143,15421,15436,15436
92394,386,8305,8546,8571,8571
92395,476,13269,13568,13595,13595
92399,783,18097,18637,18637,18637
92401,14,436,443,443,443
92404,465,12588,12898,12911,12911
92405,208,6168,6294,6306,6306
92407,538,14087,14523,14523,14523
92408,180,3819,3905,3917,3917
92410,155,8970,9097,9097,9097
92411,136,5790,5896,5896,5896
92501,205,5309,5525,5525,5525
92503,490,21485,22309,22309,22309
92504,559,14635,15089,15119,15119
92505,216,11105,11332,11343,11343
92506,723,14390,15023,15068,15068
92507,422,10955,11388,11411,11411
92508,601,9653,10347,10347,10347
92509,341,19531,20093,20093,20093
92518,30,733,754,758,758
92530,1184,13865,13935,13935,13935
92532,198,5919,6173,6173,6173
92543,468,11050,11336,11393,11393
92544,332,14063,14438,14438,14438
92545,326,15134,15475,15490,15490
92548,16,2594,2631,2634,2634
92551,152,7467,7611,7611,7611
92553,229,15981,16358,16358,16358
92555,329,10514,10919,10930,10930
92557,322,13602,13965,13993,13993
92562,2555,17493,17741,17741,17741
92563,796,17233,18084,18102,18102
92567,118,3779,3936,3940,3940
92570,468,16358,16709,16726,16726
92571,374,12983,13371,13384,13384
92582,153,4907,5086,5096,5096
92583,152,9334,9485,9485,9485
92584,384,15350,15990,15990,15990
92585,263,7251,7514,7522,7522
92586,166,9569,9774,9784,9784
92587,243,6114,6376,6396,6396
92590,134,945,955,955,955
92591,565,11032,11552,11552,11552
92592,4179,23254,23655,23655,23655
92595,290,10779,11170,11170,11170
92596,210,7766,8081,8081,8081
92602,295,4793,5252,5273,5273
92603,243,4787,5509,5526,5526
92604,83,7073,7574,7589,7589
92606,247,4202,4650,4664,4664
92610,114,2990,3352,3352,3352
92612,199,4069,4396,4418,4418
92614,225,5387,5884,5920,5920
92617,87,1451,1608,1617,1617
92618,476,7178,7924,7956,7956
92620,692,11080,12354,12354,12354
92624,377,2695,2756,2756,2756
92625,81,4728,5379,5384,5384
92626,294,11036,11728,11740,11740
92627,481,13557,14533,14562,14562
92629,1312,8521,8739,8739,8739
92630,2107,15090,15524,15524,15524
92637,148,3245,3281,3281,3281
92646,460,16970,18331,18368,18368
92647,353,13340,14117,14145,14145
92648,352,11716,12609,12609,12609
92649,331,9901,10681,10681,10681
92651,2136,10026,10368,10368,10368
92653,1136,7752,7984,7984,7984
92655,90,1688,1796,1809,1809
92656,1438,10531,10834,10834,10834
92657,154,3220,3744,3752,3752
92660,464,9022,10280,10311,10311
92661,112,1430,1667,1670,1670
92662,46,1217,1366,1366,1366
92663,382,6034,6677,6704,6704
92672,1516,10286,10583,10583,10583
92673,1987,8706,9040,9049,9049
92675,1526,10122,10392,10392,10392
92676,4,77,85,85,85
92677,2861,17436,17976,17976,17976
92679,2250,8356,8739,8739,8739
92683,476,20361,21551,21616,21616
92688,1593,9254,9530,9530,9530
92691,2042,13178,13614,13614,13614
92692,2390,13688,14113,14113,14113
92694,1351,5495,5731,5737,5737
92701,129,5692,5844,5856,5856
92703,114,10004,10335,10356,10356
92704,174,13884,14479,14493,14493
92705,618,11659,12843,12869,12869
92706,212,6309,6600,6613,6613
92707,81,9733,10066,10076,10076
92708,433,14926,16050,16066,16066
92780,199,10594,11047,11069,11069
92782,239,4873,5410,5416,5416
92801,168,9563,9879,9899,9899
92802,146,6655,6962,6969,6969
92804,355,14046,14712,14771,14771
92805,270,11331,11718,11730,11730
92806,204,7358,7812,7820,7820
92807,288,10130,11060,11060,11060
92808,152,4866,5419,5419,5419
92821,190,10355,11160,11171,11171
92823,53,1139,1298,1299,1299
92831,317,6891,7310,7362,7362
92832,98,5192,5459,5459,5459
92833,294,11538,12224,12261,12261
92835,195,6588,7239,7239,7239
92840,123,10628,11118,11140,11140
92841,295,7217,7543,7581,7581
92843,99,7956,8263,8280,8280
92844,107,3914,4095,4103,4103
92845,250,4961,5301,5317,5317
92860,596,9611,10269,10269,10269
92861,115,1963,2254,2256,2256
92865,0,5376,5696,5701,5701
92866,108,3930,4142,4154,4154
92867,167,11039,11897,11921,11921
92868,95,4156,4321,4334,4334
92869,381,9673,10606,10606,10606
92870,303,12850,13704,13745,13745
92879,401,10536,10839,10839,10839
92880,956,16786,18030,18030,18030
92881,557,8199,8817,8835,8835
92882,505,15097,15743,15759,15759
92883,700,9333,9973,9993,9993
92886,708,14258,15721,15753,15753
92887,267,5745,6375,6382,6382
93001,154,8733,9078,9087,9087
93003,382,13929,14634,14649,14649
93004,292,8185,8589,8607,8607
93010,694,13072,13849,13891,13891
93012,259,10709,11273,11284,11284
93013,340,5055,5478,5489,5489
93021,529,9758,10583,10583,10583
93022,43,2314,2402,2402,2402
93023,307,7228,7658,7673,7673
93030,256,11171,11647,11647,11647
93033,272,14036,14351,14366,14366
93035,278,8273,8681,8681,8681
93036,211,9254,9560,9570,9570
93041,129,5045,5143,5148,5148
93060,197,7937,8183,8183,8183
93063,532,15211,16097,16113,16113
93065,610,19640,21028,21028,21028
93066,70,1172,1288,1290,1290
93101,209,6438,6736,6756,6756
93103,105,5193,5501,5501,5501
93105,1005,6776,7218,7225,7225
93108,423,4669,5333,5343,5343
93109,222,3427,3758,3758,3758
93110,295,4752,5073,5093,5093
93111,223,5232,5689,5695,5695
93117,1022,8718,9120,9129,9129
93202,13,697,708,711,711
93215,323,9972,10093,10093,10093
93221,17,4179,4340,4340,4340
93223,5,2472,2505,2505,2505
93230,765,19819,20121,20121,20121
93235,9,367,373,374,374
93245,13,324,331,331,331
93247,80,3205,3328,3345,3345
93250,81,2669,2696,2704,2704
93257,217,17690,18034,18106,18106
93267,14,750,771,774,774
93274,712,20608,20964,20985,20985
93277,475,16408,16900,16968,16968
93291,846,16470,16859,16893,16893
93292,516,11467,11702,11714,11714
93301,281,4201,4322,4326,4326
93304,523,13171,13359,13386,13386
93305,485,9702,9870,9900,9900
93306,817,16276,16676,16676,16676
93307,576,20324,20509,20550,20550
93308,951,17841,18261,18280,18280
93309,652,15628,15914,15914,15914
93311,1224,13437,14056,14056,14056
93312,1516,18776,19456,19476,19476
93313,535,13475,13735,13735,13735
93314,704,8544,8891,8891,8891
93401,838,10086,10335,10355,10355
93405,713,6507,6722,6736,6736
93420,686,10120,10391,10391,10391
93422,576,7940,8119,8127,8127
93424,31,230,240,240,240
93433,235,4721,4803,4803,4803
93444,357,5366,5503,5503,5503
93445,103,2409,2441,2446,2446
93446,973,11384,11712,11712,11712
93449,453,4428,4583,4583,4583
93454,356,9432,9596,9596,9596
93455,863,14292,14657,14657,14657
93458,231,9907,10027,10027,10027
93465,220,2361,2444,2444,2444
93534,308,10365,10620,10642,10642
93535,663,16153,16501,16550,16550
93536,1598,19430,19929,19949,19949
93543,17,659,667,668,668
93550,579,17644,18060,18114,18114
93551,1025,15510,16275,16275,16275
93552,202,9871,10053,10063,10063
93611,758,11851,12230,12230,12230
93612,260,9506,9592,9621,9621
93616,16,571,578,580,580
93618,334,6818,6950,6964,6964
93619,677,7450,7785,7793,7793
93625,181,1892,1986,1990,1990
93631,267,4570,4687,4697,4697
93635,381,10096,10292,10292,10292
93636,43,598,620,620,620
93637,479,9519,9773,9773,9773
93638,357,9212,9362,9381,9381
93646,0,1,1,1,1
93648,123,3096,3156,3156,3156
93650,32,1001,1014,1015,1015
93654,274,6694,6852,6852,6852
93657,243,7730,7856,7856,7856
93662,256,6636,6744,6751,6751
93673,0,15,15,15,15
93701,155,2813,2848,2865,2865
93702,394,10447,10628,10650,10650
93703,405,8430,8603,8620,8620
93704,584,9030,9252,9271,9271
93705,394,9201,9370,9380,9380
93706,801,10128,10465,10518,10518
93710,378,7862,8047,8047,8047
93711,864,12428,12866,12892,12892
93720,913,14220,14706,14721,14721
93721,50,1361,1388,1389,1389
93722,1071,22699,23304,23304,23304
93723,130,2105,2176,2176,2176
93725,202,5852,5959,5959,5959
93726,450,9803,9973,10003,10003
93727,914,18511,19025,19044,19044
93728,345,4970,5135,5151,5151
93730,487,4070,4303,4303,4303
93737,11,213,218,218,218
93901,431,8069,8292,8292,8292
93905,287,9417,9542,9561,9561
93906,479,13046,13325,13325,13325
93907,149,2799,2868,2874,2874
93908,258,1976,2118,2118,2118
93923,532,5455,5724,5730,5730
93924,15,138,146,146,146
93933,359,6259,6400,6413,6413
93940,607,8467,8801,8801,8801
93950,312,4548,4714,4718,4718
93953,231,1819,1952,1954,1954
93955,361,8804,9012,9012,9012
94002,1033,6552,7108,7108,7108
94005,155,1233,1327,1327,1327
94010,1764,10845,11918,11918,11918
94014,580,8031,8392,8401,8401
94015,1151,11715,12383,12383,12383
94018,2,9,10,10,10
94019,665,5274,5672,5677,5677
94022,1459,5937,6686,6686,6686
94024,1677,6777,7631,7631,7631
94025,1833,9841,10899,10910,10910
94027,525,2521,2858,2858,2858
94028,386,1942,2178,2178,2178
94030,636,5554,5952,5952,5952
94037,97,642,699,699,699
94038,105,946,1002,1002,1002
94040,947,5691,6146,6158,6158
94041,451,2923,3177,3177,3177
94043,998,6011,6507,6513,6513
94044,1214,10138,10843,10843,10843
94061,961,8377,8911,8911,8911
94062,1344,7545,8346,8346,8346
94063,528,5726,6014,6014,6014
94065,441,2583,2864,2864,2864
94066,735,9565,10058,10058,10058
94070,1671,8664,9694,9694,9694
94080,1456,14780,15688,15704,15704
94085,593,3609,3902,3902,3902
94086,1246,7421,8024,8024,8024
94087,2207,12700,13866,13880,13880
94089,723,5082,5465,5471,5471
94102,16,1122,1250,1255,1255
94103,68,2051,2344,2356,2356
94104,0,52,56,56,56
94105,6,185,233,234,234
94107,17,2806,3305,3308,3308
94108,15,607,665,669,669
94109,19,2761,3149,3158,3158
94110,275,9476,10962,10995,10995
94111,3,203,242,242,242
94112,1081,13934,14985,14985,14985
94114,19,5153,6219,6225,6225
94115,63,2958,3507,3514,3514
94116,328,9504,10949,10960,10960
94117,49,4044,4882,4887,4887
94118,21,5904,6931,6931,6931
94121,217,7260,8320,8345,8345
94122,125,9787,11384,11407,11407
94123,96,3156,3845,3849,3849
94124,427,6652,6974,6995,6995
94127,131,5079,6242,6255,6255
94129,12,478,595,595,595
94130,0,298,335,335,335
94131,157,5315,6502,6515,6515
94132,339,4544,4849,4849,4849
94133,188,2211,2368,2373,2373
94134,523,6960,7453,7461,7461
94158,0,85,103,103,103
94301,736,3818,4201,4201,4201
94303,1228,8992,9669,9669,9669
94304,99,665,710,710,710
94305,177,1125,1201,1207,1207
94306,1156,6231,6788,6795,6795
94401,523,5871,6136,6148,6148
94402,1032,6641,7219,7226,7226
94403,1421,9279,10030,10030,10030
94404,957,6814,7366,7366,7366
94501,1235,13165,13844,13844,13844
94502,650,3669,4010,4014,4014
94503,547,5797,6153,6153,6153
94505,710,5191,5600,5600,5600
94506,1194,6345,6942,6942,6942
94507,1090,4728,5342,5342,5342
94508,20,348,361,362,362
94509,1126,18453,19026,19064,19064
94510,810,8902,9331,9331,9331
94513,1768,17891,18775,18794,18794
94514,0,8,8,8,8
94515,154,1746,1838,1838,1838
94517,458,3606,3844,3848,3848
94518,651,7170,7484,7499,7499
94519,415,5928,6194,6194,6194
94520,369,6747,6928,6942,6942
94521,1084,11711,12314,12326,12326
94523,985,9286,9837,9837,9837
94525,109,1161,1216,1219,1219
94526,1719,9410,10305,10305,10305
94530,915,7700,8141,8158,8158
94531,806,11787,12191,12191,12191
94533,893,18941,19368,19407,19407
94534,1080,12267,12846,12846,12846
94535,16,1156,1164,1164,1164
94536,1893,15225,16148,16148,16148
94538,1220,12147,12853,12853,12853
94539,2510,13000,14524,14524,14524
94541,824,13978,14441,14455,14455
94542,422,3299,3513,3517,3517
94544,1062,14788,15373,15373,15373
94545,623,8282,8645,8654,8654
94546,1224,12266,12884,12884,12884
94547,677,6032,6377,6383,6383
94549,1465,7629,8498,8498,8498
94550,1879,14383,15384,15384,15384
94551,1114,10898,11484,11495,11495
94552,724,3875,4290,4290,4290
94553,1233,14033,14679,14694,14694
94555,1296,7516,8205,8205,8205
94556,670,4125,4489,4494,4494
94558,1887,20040,20941,20962,20962
94559,395,8310,8594,8594,8594
94560,1319,10393,11058,11069,11069
94561,924,11550,11994,11994,11994
94563,1060,4575,5133,5133,5133
94564,341,5713,5872,5878,5878
94565,1263,22773,23381,23381,23381
94566,1822,10789,11753,11753,11753
94568,1803,10699,11795,11795,11795
94572,190,2707,2799,2802,2802
94574,320,3266,3478,3478,3478
94576,3,40,42,42,42
94577,923,12278,12842,12842,12842
94578,472,7850,8135,8135,8135
94579,354,6022,6221,6221,6221
94580,570,7586,7894,7894,7894
94582,1540,8711,9606,9615,9615
94583,1450,9203,10003,10003,10003
94585,394,8177,8395,8395,8395
94587,1816,15107,16055,16055,16055
94588,1228,7439,8061,8061,8061
94589,303,8471,8635,8635,8635
94590,654,10393,10704,10714,10714
94591,1040,16340,17022,17039,17039
94592,38,629,650,650,650
94595,292,3644,3788,3792,3792
94596,517,4280,4539,4543,4543
94597,467,4444,4718,4727,4727
94598,1166,7342,7989,7997,7997
94599,76,1188,1226,1228,1228
94601,524,8993,9177,9186,9186
94602,877,7790,8270,8270,8270
94603,266,7463,7584,7584,7584
94605,1158,11313,11910,11934,11934
94606,318,5735,5864,5870,5870
94607,382,3848,4021,4025,4025
94608,585,5481,5788,5800,5800
94609,438,4682,4918,4918,4918
94610,665,5135,5517,5528,5528
94611,1369,7971,8704,8712,8712
94612,87,989,1030,1031,1031
94618,832,4536,4970,4980,4980
94619,632,6965,7347,7347,7347
94621,461,6956,7179,7194,7194
94702,416,4568,4778,4783,4783
94703,497,4291,4551,4560,4560
94704,193,1680,1768,1774,1774
94705,490,3262,3545,3545,3545
94706,535,4283,4615,4615,4615
94707,684,4127,4496,4496,4496
94708,631,3328,3645,3649,3649
94709,144,1602,1681,1681,1681
94710,226,2218,2325,2325,2325
94720,36,226,242,243,243
94801,363,6824,6971,6992,6992
94803,551,7819,8111,8111,8111
94804,639,10672,11013,11024,11024
94805,260,4614,4741,4741,4741
94806,601,12787,13062,13075,13075
94901,1005,9696,10250,10260,10260
94903,908,8449,8961,8979,8979
94904,385,2916,3153,3156,3156
94920,658,3830,4265,4265,4265
94925,462,2615,2919,2919,2919
94928,560,9839,10185,10195,10195
94930,205,1912,2026,2030,2030
94931,151,3267,3364,3364,3364
94939,243,1602,1760,1766,1766
94941,1304,7368,8052,8052,8052
94945,662,5534,5906,5918,5918
94947,781,6436,6827,6840,6840
94949,458,4944,5194,5199,5199
94951,203,2284,2414,2414,2414
94952,1180,13616,14213,14213,14213
94954,833,11872,12419,12431,12431
94957,124,577,652,652,652
94960,595,4125,4474,4474,4474
94965,260,2795,2977,2977,2977
95002,52,531,554,554,554
95003,836,7160,7601,7601,7601
95004,3,19,20,20,20
95005,51,702,731,731,731
95006,32,411,429,430,430
95007,0,1,1,1,1
95008,1533,11212,11955,11967,11967
95010,144,2913,2994,2994,2994
95012,18,1379,1388,1388,1388
95014,2677,13697,14968,14968,14968
95018,77,871,916,916,916
95019,48,1558,1588,1588,1588
95020,1066,12507,12988,13001,13001
95023,752,11604,11938,11938,11938
95030,848,3945,4397,4402,4402
95032,1259,7172,7821,7829,7829
95033,6,41,44,44,44
95035,2130,14283,15226,15241,15241
95037,9,74,78,78,78
95039,2,39,40,40,40
95043,2,29,30,30,30
95045,0,2,2,2,2
95050,969,8292,8711,8737,8737
95051,1740,11317,12181,12181,12181
95054,738,4250,4606,4606,4606
95060,1114,10811,11478,11478,11478
95062,1159,10863,11471,11471,11471
95064,42,359,378,379,379
95065,167,1978,2084,2084,2084
95066,407,3673,3908,3912,3912
95070,1795,9795,10693,10693,10693
95073,268,2865,3012,3012,3012
95076,855,13949,14471,14471,14471
95110,359,3238,3423,3423,3423
95111,669,10799,11144,11155,11155
95112,875,9661,10043,10063,10063
95113,24,172,184,184,184
95116,473,7397,7619,7626,7626
95117,425,4505,4722,4722,4722
95118,1066,8113,8659,8659,8659
95119,362,2700,2894,2897,2897
95120,2426,11016,12254,12254,12254
95121,761,8349,8742,8742,8742
95122,469,8932,9199,9199,9199
95123,1733,14577,15460,15475,15475
95124,2226,13696,14809,14824,14824
95125,1993,14164,15024,15055,15055
95126,539,5958,6266,6272,6272
95127,1045,13413,13928,13942,13942
95128,807,7496,7915,7915,7915
95129,1460,8557,9310,9320,9320
95130,562,3366,3667,3671,3671
95131,836,6026,6396,6396,6396
95132,1309,9340,9989,9989,9989
95133,654,4967,5278,5283,5283
95134,305,1805,1954,1954,1954
95135,935,4931,5437,5437,5437
95136,966,9184,9647,9647,9647
95138,844,4484,4906,4906,4906
95139,293,1762,1907,1907,1907
95140,17,167,173,174,174
95148,1555,10565,11337,11348,11348
95202,87,1121,1152,1158,1158
95203,126,4581,4651,4656,4656
95204,375,9922,10084,10095,10095
95205,402,10673,10836,10858,10858
95206,637,17333,17652,17670,17670
95207,514,11431,11676,11676,11676
95209,510,11862,12154,12154,12154
95210,399,9030,9262,9280,9280
95212,377,7470,7677,7677,7677
95215,395,6974,7168,7183,7183
95219,424,7289,7569,7585,7585
95220,50,710,739,739,739
95231,24,1245,1260,1260,1260
95240,455,11796,11976,11988,11988
95242,427,7972,8202,8202,8202
95258,85,1284,1324,1325,1325
95301,535,11381,11625,11637,11637
95307,96,11685,11924,11948,11948
95316,93,2120,2165,2165,2165
95319,0,5,5,5,5
95320,232,4332,4453,4457,4457
95322,14,481,486,486,486
95326,96,3863,3974,3982,3982
95328,25,1076,1093,1096,1096
95330,313,3733,3909,3913,3913
95334,0,24,24,24,24
95336,663,14399,14738,14752,14752
95337,650,9187,9560,9560,9560
95340,741,11221,11580,11580,11580
95341,314,7889,8026,8050,8050
95348,382,8450,8667,8667,8667
95350,528,15451,15995,16011,16011
95351,289,12222,12523,12561,12561
95354,213,8195,8501,8501,8501
95355,318,17134,17664,17700,17700
95356,669,10643,10939,10961,10961
95357,304,5006,5150,5155,5155
95358,361,8635,8793,8802,8802
95361,551,9840,10187,10187,10187
95366,462,5456,5690,5701,5701
95367,500,7221,7474,7474,7474
95368,190,4229,4311,4315,4315
95380,534,12424,12690,12716,12716
95382,344,11018,11466,11477,11477
95388,78,3676,3713,3716,3716
95389,3,58,59,59,59
95401,575,10526,10819,10852,10852
95403,669,12707,13101,13114,13114
95404,630,11246,11666,11666,11666
95405,479,6842,7135,7142,7142
95407,318,10784,10937,10948,10948
95409,646,9334,9794,9814,9814
95436,68,1095,1135,1135,1135
95439,42,437,460,460,460
95441,6,74,77,77,77
95442,147,1113,1208,1209,1209
95448,477,6064,6357,6357,6357
95452,97,605,665,666,666
95470,23,509,522,522,522
95472,898,11887,12411,12448,12448
95476,1071,14066,14854,14869,14869
95482,370,7199,7376,7384,7384
95492,635,8911,9322,9341,9341
95501,215,8583,8951,8978,8978
95503,91,6262,6476,6489,6489
95519,87,5211,5412,5423,5423
95521,140,4466,4662,4676,4676
95537,0,114,114,114,114
95564,1,40,41,41,41
95602,214,3943,4044,4044,4044
95603,768,9446,9850,9850,9850
95605,149,3386,3466,3473,3473
95608,291,17487,18177,18213,18213
95610,414,11953,12172,12172,12172
95612,4,85,87,87,87
95616,988,9008,9464,9492,9492
95618,846,6866,7274,7289,7289
95619,33,1116,1135,1136,1136
95620,2,40,41,41,41
95621,181,12594,12917,12930,12930
95623,25,734,747,747,747
95624,368,19222,20449,20449,20449
95626,131,2104,2185,2187,2187
95628,455,13009,13767,13795,13795
95630,1996,20623,21851,21873,21873
95648,1382,18631,19468,19468,19468
95650,684,5352,5738,5749,5749
95652,16,440,453,456,456
95655,72,1397,1487,1496,1496
95658,176,3020,3143,3143,3143
95660,102,9134,9273,9283,9283
95661,483,6918,7200,7214,7214
95662,606,11367,11670,11681,11681
95663,158,1384,1468,1473,1473
95664,0,25,25,25,25
95667,352,5978,6169,6169,6169
95670,269,15272,15794,15810,15810
95672,196,1857,1984,1984,1984
95673,177,6354,6537,6557,6557
95677,506,8274,8557,8574,8574
95678,575,11832,12248,12260,12260
95682,716,9024,9420,9420,9420
95683,5,60,63,63,63
95687,970,17363,17956,17956,17956
95688,936,9916,10384,10384,10384
95691,794,11419,11870,11870,11870
95692,1,24,24,24,24
95695,404,9165,9391,9400,9400
95703,3,57,59,59,59
95713,53,1472,1505,1506,1506
95722,17,200,210,210,210
95742,419,4412,4640,4645,4645
95746,1268,7412,8189,8189,8189
95747,1640,19481,20485,20506,20506
95757,592,11881,12859,12885,12885
95758,605,18001,18909,18947,18947
95762,1654,13038,14155,14155,14155
95765,922,10210,10736,10736,10736
95776,374,5909,6123,6129,6129
95811,27,1512,1585,1588,1588
95814,60,1007,1040,1040,1040
95815,161,6237,6424,6437,6437
95816,66,3682,3860,3864,3864
95817,69,3662,3823,3831,3831
95818,370,5259,5507,5507,5507
95819,109,5608,6025,6037,6037
95820,196,11184,11448,11494,11494
95821,292,9048,9377,9405,9405
95822,691,13771,14110,14110,14110
95823,259,17936,18399,18417,18417
95824,144,7025,7147,7169,7169
95825,146,5605,5797,5820,5820
95826,337,11123,11588,11600,11600
95827,84,6239,6472,6479,6479
95828,370,17035,17563,17581,17581
95829,356,8614,9088,9116,9116
95830,20,425,466,467,467
95831,765,12668,13182,13182,13182
95832,100,2819,2859,2865,2865
95833,455,9235,9481,9481,9481
95834,210,6210,6344,6344,6344
95835,174,10340,10884,10884,10884
95837,9,140,145,145,145
95838,263,9838,10081,10121,10121
95841,77,4953,5132,5132,5132
95842,122,7992,8105,8121,8121
95843,567,12305,12595,12608,12608
95864,278,8013,8674,8682,8682
95901,258,8165,8315,8323,8323
95917,0,29,29,29,29
95926,446,9047,9279,9307,9307
95928,494,9345,9665,9675,9675
95938,2,96,98,98,98
95945,240,4507,4618,4623,4623
95949,118,2016,2076,2076,2076
95953,5,110,112,112,112
95959,43,602,620,621,621
95961,211,5748,5871,5871,5871
95965,236,4890,5011,5021,5021
95966,324,10238,10436,10446,10446
95968,10,559,566,566,566
95973,653,9878,10205,10215,10215
95982,13,853,861,861,861
95991,566,11277,11542,11542,11542
95993,645,12069,12392,12416,12416
96001,478,11882,12262,12274,12274
96002,341,11090,11351,11351,11351
96003,640,16008,16352,16385,16385
96007,361,8185,8361,8378,8378
96008,11,159,165,165,165
96019,113,3166,3224,3227,3227
96022,1,19,20,20,20
96062,1,25,26,26,26
96069,0,1,1,1,1
96073,89,1214,1276,1277,1277
96087,4,87,90,90,90
96161,230,1741,1838,1842,1842
80002,18,270,4266,4390,4421
80003,0,355,9129,9306,9344
80004,0,580,9143,9485,9494
80005,0,926,8674,9086,9187
80007,0,534,2701,2953,2998
80010,0,327,6523,6663,6683
80011,10,406,10267,10381,10413
80012,17,428,8519,8719,8737
80013,137,1170,18936,19502,19522
80014,41,333,6661,6783,6804
80015,19,1673,18405,19194,19232
80016,0,2424,13656,14720,14779
80017,38,271,7379,7499,7506
80018,0,257,3624,3706,3718
80019,0,50,698,713,717
80020,15,1310,14528,15213,15258
80021,17,509,8305,8572,8607
80022,29,976,13944,14274,14346
80023,0,1013,5802,6277,6340
80026,0,663,7913,8307,8391
80027,9,1361,8339,9052,9125
80030,38,156,3121,3175,3191
80031,65,774,8899,9337,9337
80033,42,423,6830,7007,7063
80045,2,19,111,116,119
80108,0,73,342,373,374
80110,6,437,6258,6419,6432
80111,23,1306,7226,7789,7812
80112,0,753,7436,7731,7754
80113,0,664,5878,6131,6155
80118,0,1,3,3,3
80120,80,577,6351,6576,6622
80121,36,908,5543,5937,5967
80122,36,962,8578,8992,9010
80123,0,1074,11542,12013,12097
80124,10,635,4546,4797,4816
80125,0,30,180,191,192
80126,10,1750,9356,10105,10115
80127,0,1461,12613,13324,13417
80128,0,800,9955,10339,10381
80129,53,900,7074,7442,7494
80130,0,878,6055,6449,6455
80132,36,1054,5595,6011,6023
80133,2,17,299,304,305
80134,31,1877,14377,15125,15247
80137,0,3,42,43,43
80138,18,1212,8485,8934,8979
80202,4,48,380,401,403
80203,10,81,1347,1383,1389
80204,22,484,5218,5397,5430
80205,46,696,6307,6592,6639
80206,21,535,3923,4110,4151
80207,52,754,5423,5728,5769
80209,11,801,5269,5618,5647
80210,92,1428,8529,9147,9202
80211,0,959,6844,7229,7258
80212,32,567,4248,4520,4539
80214,10,310,4607,4741,4769
80215,15,344,4855,5037,5062
80216,0,272,3659,3742,3772
80218,0,203,2119,2190,2203
80219,93,665,11386,11619,11678
80220,21,702,6828,7158,7172
80221,0,554,9504,9650,9699
80222,35,446,4865,5053,5073
80223,5,424,4783,4972,4992
80224,8,251,3799,3905,3925
80226,23,350,7578,7765,7788
80227,54,476,7405,7659,7682
80228,0,688,8260,8544,8621
80229,45,383,11092,11216,11272
80230,0,252,1540,1632,1645
80231,43,282,4654,4764,4783
80232,61,404,5890,6036,6110
80233,24,523,11947,12142,12166
80234,25,386,6065,6208,6245
80235,8,80,1456,1498,1504
80236,0,265,3302,3423,3433
80237,11,306,3568,3660,3689
80238,0,917,4758,5209,5230
80239,17,288,8619,8742,8750
80241,0,549,8746,8998,9007
80246,16,97,1602,1632,1642
80247,28,121,2081,2109,2126
80249,30,323,7351,7471,7501
80260,0,156,5298,5368,5373
80301,0,636,5290,5544,5628
80302,0,340,2326,2479,2517
80303,0,676,4835,5155,5239
80304,0,647,5308,5657,5720
80305,21,567,3954,4241,4302
80401,0,908,7796,8271,8312
80403,15,657,4505,4843,4902
80465,4,461,3818,4063,4087
80503,0,40,469,497,500
80512,0,21,255,265,266
80514,0,11,251,257,257
80516,0,847,6182,6586,6619
80521,81,518,7115,7329,7396
80524,0,928,10420,10846,10900
80525,44,1195,13947,14428,14559
80526,85,857,11664,11966,12087
80528,0,649,5397,5689,5735
80534,2,122,1029,1083,1096
80535,0,25,678,687,689
80537,0,616,12719,13060,13099
80538,0,1009,15477,15910,16006
80543,0,1,40,41,41
80547,2,130,721,790,799
80550,3,237,2954,3052,3077
80601,20,480,10001,10215,10236
80602,34,1483,10690,11279,11335
80603,30,287,4175,4265,4291
80620,37,297,5070,5185,5211
80621,0,5,77,79,79
80631,57,563,11265,11438,11518
80634,0,870,17750,18095,18149
80640,0,209,3519,3602,3613
80642,0,10,88,92,93
80645,0,2,93,94,94
80817,224,7362,7939,8003,8003
80829,14,310,344,347,347
80840,18,683,732,735,736
80902,37,1160,1223,1228,1232
80903,27,212,3332,3410,3421
80904,311,5749,6397,6475,6487
80905,4,241,4137,4218,4222
80906,554,8470,9388,9560,9570
80907,95,577,7685,7851,7890
80908,13,378,2414,2568,2574
80909,120,489,9073,9212,9248
80910,252,5653,6102,6139,6157
80911,372,9683,10544,10650,10650
80915,0,316,6334,6418,6431
80916,246,7759,8402,8462,8478
80917,23,277,7580,7680,7695
80918,40,752,12904,13154,13194
80919,504,8002,8983,9148,9148
80920,48,1026,11694,12068,12080
80921,18,919,5488,5828,5839
80922,26,456,8582,8748,8766
80923,18,368,8594,8760,8760
80924,8,231,1834,1906,1912
80925,19,621,685,691,691
80926,1,21,24,24,24
80927,1,43,326,341,342
80951,0,0,1,1,1
81001,400,8167,8789,8878,8896
81003,227,4376,4674,4736,4741
81004,315,7159,7581,7666,7666
81005,297,10242,10946,11001,11001
81006,111,4204,4417,4439,4439
81007,260,6747,7187,7230,7230
81008,176,3530,3713,3747,3751
81022,0,1,1,1,1
81334,0,0,1,1,1
81401,0,0,8,8,8
81415,0,0,1,1,1
81501,131,422,6713,6838,6900
81503,40,182,5603,5654,5677
81504,0,463,9860,10042,10062
81505,0,292,3849,3993,4001
81506,16,284,3965,4050,4066
81507,0,440,5328,5498,5504
81520,0,237,3396,3448,3480
81521,47,328,5053,5188,5209
81526,2,22,340,347,348
6001,81,753,3664,3933,4030
6002,85,414,5456,5609,5666
6010,187,902,15101,15412,15521
6013,18,245,1199,1277,1312
6016,25,178,2017,2071,2096
6019,1,16,138,145,147
6023,3,28,376,385,389
6026,26,176,1628,1681,1712
6029,82,506,4038,4267,4314
6032,59,577,4249,4444,4539
6033,185,925,5341,5618,5780
6035,8,214,1845,1899,1928
6037,87,726,6298,6550,6664
6040,214,656,7309,7553,7614
6042,77,334,5354,5425,5480
6043,3,67,618,643,653
6051,83,255,5118,5171,5197
6052,55,155,1762,1823,1837
6053,105,495,6748,6887,6964
6060,1,25,184,193,196
6062,109,321,5032,5125,5177
6066,122,455,6574,6696,6777
6067,0,565,5126,5292,5373
6070,36,521,2735,2896,2976
6071,27,287,2815,2952,2988
6073,27,215,914,994,1026
6074,240,1209,7358,7839,8007
6078,108,606,3571,3780,3853
6081,4,26,308,315,319
6082,156,899,11525,11897,11969
6084,7,86,514,548,557
6085,18,223,1649,1730,1758
6088,10,67,1871,1894,1907
6089,1,79,549,572,583
6090,4,26,117,127,130
6092,3,72,261,286,295
6093,8,196,1248,1300,1329
6095,132,610,7945,8168,8250
6096,60,277,3880,3989,4017
6103,4,16,152,157,159
6105,42,123,1507,1537,1557
6106,167,353,4731,4820,4888
6107,53,815,3992,4296,4402
6108,117,298,4775,4833,4882
6109,59,844,8034,8321,8414
6110,95,278,3401,3493,3517
6111,300,737,8702,9012,9112
6112,107,299,3246,3310,3337
6114,152,297,4100,4168,4211
6117,74,655,3061,3280,3378
6118,110,480,6622,6773,6848
6119,76,356,2547,2672,2710
6120,58,149,1759,1793,1808
6226,61,155,2611,2635,2651
6237,0,11,139,143,144
6238,0,5,55,56,57
6241,1,3,42,42,43
6249,0,5,48,50,50
6250,18,75,583,601,615
6254,3,15,155,160,161
6255,10,42,768,780,786
6256,1,8,286,289,290
6260,32,117,1492,1515,1533
6266,1,1,32,33,33
6268,31,92,492,528,540
6277,3,24,419,429,432
6280,0,1,28,29,29
6320,66,253,5415,5437,5492
6330,3,17,292,296,298
6331,0,1,11,11,11
6334,5,15,164,170,171
6335,8,41,320,333,337
6338,0,0,1,1,1
6339,11,34,351,363,366
6340,136,454,6290,6446,6485
6351,20,59,1339,1359,1364
6355,9,94,809,843,851
6359,0,0,5,5,5
6360,130,422,6335,6465,6497
6365,1,11,222,227,228
6370,1,3,40,41,41
6374,0,0,12,12,12
6375,6,45,524,536,541
6380,13,37,493,500,507
6382,54,153,1490,1537,1555
6385,21,153,2288,2350,2361
6401,125,278,4502,4581,4609
6403,49,170,1491,1554,1571
6405,72,813,7708,7949,8046
6410,156,1227,6242,6648,6777
6416,38,352,4065,4188,4243
6418,40,306,3227,3287,3314
6424,0,2,18,19,19
6437,9,63,382,405,412
6441,0,0,2,2,2
6444,0,0,24,24,24
6450,130,461,7868,8038,8095
6451,89,355,5422,5500,5556
6455,9,95,958,989,1001
6456,4,14,60,64,66
6457,127,853,11198,11405,11532
6460,69,1145,10890,11353,11549
6461,21,484,3979,4189,4275
6468,94,615,3478,3700,3772
6470,2,6,27,29,30
6471,19,187,1810,1863,1887
6472,41,204,1479,1548,1575
6473,14,826,6693,6994,7167
6477,52,560,3666,3849,3968
6478,53,316,2814,2918,2953
6479,43,336,3113,3245,3295
6480,30,243,2640,2747,2764
6481,0,29,415,426,429
6483,33,325,3994,4132,4161
6484,214,1209,9223,9622,9759
6489,47,953,8865,9229,9332
6492,233,1189,11765,12108,12267
6510,12,50,253,273,280
6511,209,707,6835,7066,7188
6512,142,694,8055,8264,8348
6513,119,364,5752,5872,5955
6514,122,419,5925,6004,6059
6515,19,183,2520,2626,2647
6516,0,620,11574,11825,11920
6517,22,378,3412,3569,3638
6518,72,367,3107,3232,3274
6519,28,109,2242,2297,2311
6524,40,225,1373,1461,1481
6525,40,459,1869,2051,2097
6604,131,255,3706,3794,3845
6605,11,217,3429,3573,3602
6606,160,605,8575,8788,8868
6607,29,77,1398,1430,1437
6608,34,108,1810,1862,1887
6610,97,273,3643,3699,3740
6611,285,1543,8195,8765,8908
6612,21,165,615,670,688
6614,28,701,8760,9073,9221
6615,0,324,4916,5081,5143
6702,27,56,538,552,560
6704,145,359,5210,5301,5334
6705,71,229,4997,5068,5094
6706,44,140,3063,3100,3116
6708,240,577,6637,6761,6871
6710,73,171,1419,1455,1477
6712,25,259,2630,2703,2730
6716,28,419,4510,4675,4708
6762,10,292,1935,2029,2058
6770,162,600,7381,7651,7705
6779,25,163,2425,2488,2503
6782,1,5,39,40,41
6786,24,74,932,953,965
6787,0,0,5,5,5
6795,7,288,3307,3393,3437
6798,2,8,85,88,89
6807,81,480,1621,1793,1844
6820,215,1864,4833,5462,5666
6824,269,1705,6473,7061,7250
6825,87,783,4399,4705,4856
6830,135,1091,4915,5271,5401
6831,125,1140,3533,3909,4038
6840,147,1128,3157,3572,3675
6850,52,534,3213,3407,3459
6851,121,609,5225,5411,5488
6853,46,378,1106,1236,1280
6854,89,425,4246,4375,4419
6855,34,216,1810,1863,1889
6870,70,507,1571,1730,1793
6878,103,599,1412,1656,1714
6880,389,1838,5545,6119,6381
6890,70,340,1098,1219,1264
6897,4,31,93,105,108
6901,13,38,337,347,352
6902,190,914,8639,8901,9019
6903,96,692,2263,2500,2578
6905,53,554,3902,4050,4107
6906,65,264,1781,1867,1903
6907,69,310,1641,1729,1770
19701,0,530,10293,10977,11054
19702,11,354,10528,11015,11059
19703,0,50,1407,1463,1472
19706,0,20,569,591,596
19707,0,482,4027,4481,4592
19709,0,2,30,32,32
19711,0,618,9097,9685,9813
19713,7,308,6837,7088,7152
19720,0,424,16396,16871,16939
19732,0,1,15,17,17
19801,0,167,2795,2959,2983
19802,0,215,4326,4522,4573
19803,0,499,5437,5906,6014
19804,0,159,5866,6062,6117
19805,0,411,8303,8661,8749
19806,18,154,1887,2018,2049
19807,0,268,2110,2405,2459
19808,0,459,10573,11098,11177
19809,0,183,3091,3228,3271
19810,12,424,5729,6178,6234
19901,9,348,8890,9100,9146
19904,0,145,7822,7991,8023
19931,0,1,36,37,37
19933,0,0,2,2,2
19934,48,163,3522,3681,3703
19936,0,1,25,26,26
19940,0,14,632,647,649
19943,0,16,713,731,733
19946,0,6,315,328,329
19956,0,53,1273,1306,1315
19962,18,64,2991,3068,3074
19973,0,146,3061,3156,3169
19979,0,7,327,333,334
19980,0,0,89,89,89
32003,82,738,2325,8606,8898
32009,6,21,39,194,200
32011,0,1,4,47,48
32043,62,164,355,4317,4393
32065,99,430,1952,10730,10918
32068,209,570,1210,13560,13727
32073,124,373,2287,12267,12305
32080,134,559,1444,8019,8177
32081,58,530,1159,3777,3992
32082,95,1097,2807,9717,10213
32084,29,284,1253,7100,7180
32086,43,221,1140,8332,8409
32092,14,211,702,3412,3523
32095,1,19,52,223,232
32110,43,79,216,1257,1281
32114,316,560,1606,7866,7995
32117,112,381,1454,8437,8566
32118,92,223,933,5552,5650
32119,142,306,1131,6972,7043
32124,0,45,304,1642,1677
32127,264,564,2014,11642,11822
32128,103,258,1409,7246,7298
32129,69,283,1307,7481,7572
32132,0,99,627,3455,3494
32136,65,246,780,3679,3756
32137,140,876,3031,16839,17207
32141,0,109,993,7203,7232
32159,232,439,10092,12750,12853
32162,699,1368,23714,30008,30221
32163,56,282,1448,4483,4584
32164,181,609,2404,16105,16286
32168,219,397,1722,10157,10314
32169,0,269,970,4692,4810
32174,224,896,3471,18157,18512
32176,0,460,1479,7243,7454
32179,3,8,195,258,259
32195,3,7,227,310,312
32202,17,38,173,745,754
32204,65,149,524,2096,2128
32205,86,375,1532,7598,7731
32206,349,489,1518,6173,6243
32207,283,654,2080,9412,9578
32208,314,578,1911,9488,9616
32209,447,718,2184,10080,10267
32210,270,826,3168,16394,16630
32211,8,260,1401,7691,7801
32212,2,4,42,441,441
32216,178,588,2215,10193,10340
32217,27,283,1117,5167,5279
32218,228,666,1893,17086,17261
32219,76,157,437,4659,4721
32220,87,204,987,4764,4808
32221,85,338,1653,9186,9337
32222,28,68,612,3506,3527
32223,95,437,1765,7656,7831
32224,68,590,2263,9303,9506
32225,148,757,3094,16013,16325
32226,66,317,793,5244,5381
32227,11,22,114,547,555
32233,51,345,1392,6161,6282
32244,304,557,3393,16629,16764
32246,155,548,2517,13711,13852
32250,142,891,2426,8955,9173
32254,167,330,851,4376,4453
32256,129,478,2070,9712,9832
32257,96,555,2392,10338,10488
32258,19,389,1994,9173,9392
32259,57,1242,3468,13330,13830
32266,10,156,544,2364,2438
32277,107,272,1388,7020,7084
32301,37,242,946,4533,4594
32303,164,450,1713,8400,8521
32304,346,555,1354,4870,4947
32305,37,97,1702,2452,2479
32308,69,238,966,4435,4508
32309,59,432,1325,5678,5797
32310,100,183,485,2098,2132
32311,21,228,859,4141,4227
32312,40,557,1684,6245,6491
32317,13,234,888,3150,3250
32333,0,0,1,7,7
32401,204,381,2203,6616,6732
32403,1,18,292,919,928
32404,200,424,6963,12317,12417
32405,128,353,3119,9573,9730
32407,62,240,1484,4293,4373
32408,82,330,2353,7263,7390
32409,29,55,579,1873,1890
32413,167,492,3495,9588,9726
32444,14,231,2165,6658,6746
32459,45,245,986,2498,2580
32466,26,89,691,1165,1190
32501,127,330,1213,3834,3909
32502,73,148,584,1892,1936
32503,96,568,2755,10365,10590
32504,56,351,2008,7752,7879
32505,252,364,2051,9200,9265
32506,223,613,2853,10888,10999
32507,78,556,2479,9389,9643
32508,7,14,97,413,415
32514,69,405,2936,11318,11445
32526,13,260,2732,12815,12958
32531,0,1,3,17,18
32533,105,466,3131,11360,11558
32534,12,170,1332,5778,5819
32536,37,124,414,3025,3047
32539,32,85,273,3497,3526
32561,0,3,8,23,24
32570,0,386,1942,9640,9798
32571,56,391,2288,10850,11029
32577,0,0,2,8,8
32583,60,223,1087,5310,5353
32601,165,331,817,2976,3044
32603,90,163,272,642,679
32605,10,224,923,4964,5041
32606,145,371,1132,4794,4909
32607,167,369,862,3777,3901
32608,392,877,5461,7991,8191
32609,58,116,380,3806,3845
32615,36,178,2238,3247,3270
32617,17,38,425,559,565
32618,21,50,519,748,757
32640,0,0,0,1,1
32641,136,214,2031,2968,2977
32653,120,333,2937,4272,4374
32667,0,0,1,2,2
32669,1,57,263,1115,1138
32701,100,247,3428,4652,4704
32702,2,4,33,39,40
32703,328,742,11076,14016,14173
32707,261,510,1346,10617,10737
32708,211,758,2051,13469,13764
32709,4,12,37,187,190
32712,561,1123,11303,14732,15005
32713,0,258,1412,8167,8250
32714,230,348,5449,7273,7362
32720,222,504,5962,7267,7363
32724,109,355,1767,8900,9010
32725,113,452,2453,15866,16011
32726,116,252,5374,6686,6761
32730,26,48,901,1224,1232
32732,0,0,0,2,2
32735,14,34,1227,1561,1564
32736,6,56,196,1016,1044
32738,25,517,2132,12340,12530
32744,5,28,160,996,1009
32746,22,602,1783,10468,10730
32750,129,379,1081,7806,7927
32751,270,565,4679,6079,6211
32754,49,118,576,2158,2185
32757,267,517,6742,8413,8577
32759,23,46,121,538,550
32763,59,302,1096,5792,5839
32764,0,17,77,458,464
32765,85,1190,2993,16140,16633
32766,79,551,1220,5207,5426
32771,14,654,2002,13378,13670
32773,73,276,1008,7936,8017
32776,0,102,631,3402,3479
32778,171,351,6482,8023,8088
32779,224,690,4576,6258,6462
32780,92,500,3181,12843,13027
32784,58,102,1413,1822,1844
32789,96,958,3231,8116,8508
32792,561,1059,9322,12126,12275
32796,30,212,1847,7449,7509
32798,21,46,1221,1500,1512
32801,54,154,519,1480,1518
32803,135,548,5381,6954,7033
32804,203,782,5246,6672,6902
32805,228,370,4820,6029,6128
32806,185,784,6473,8126,8303
32807,127,382,7174,9002,9029
32808,294,716,9289,11567,11684
32809,267,411,5604,7066,7145
32810,281,460,6598,8343,8436
32811,186,338,5311,6544,6590
32812,230,539,6959,8654,8743
32814,40,180,1139,1479,1523
32817,157,598,1804,9401,9685
32818,292,675,8916,11052,11119
32819,418,891,6906,8769,8960
32820,27,193,677,3156,3286
32821,67,167,3751,4712,4770
32822,367,625,9689,12065,12176
32824,165,483,9935,12476,12654
32825,355,675,12897,16577,16813
32826,177,409,1246,6620,6688
32827,209,563,3129,3959,4109
32828,299,980,2907,16082,16298
32829,132,242,4027,5144,5255
32830,0,1,15,20,20
32832,116,411,3998,5122,5228
32833,41,152,605,3300,3340
32835,193,614,6679,8514,8698
32836,297,910,5069,6377,6593
32837,191,613,10532,13393,13502
32839,280,430,5234,6708,6776
32901,151,353,2007,8239,8290
32903,29,358,1484,4611,4722
32904,45,542,2992,11064,11166
32905,60,232,1768,7409,7476
32907,47,267,3594,15458,15630
32908,13,52,880,4310,4336
32909,57,364,2971,11189,11291
32920,49,114,613,2281,2299
32922,116,281,1387,5177,5240
32925,4,21,86,303,309
32926,65,314,2233,9042,9144
32927,94,417,2792,10211,10336
32931,63,298,1155,4029,4138
32934,143,530,2026,6491,6675
32935,115,416,3456,14141,14227
32937,0,611,2794,8855,9096
32940,20,595,3023,9545,9783
32949,7,77,311,1038,1066
32950,21,100,578,2015,2061
32951,72,355,1400,4911,5071
32952,34,596,2543,8016,8209
32953,108,531,2477,8711,8864
32955,168,573,3803,13563,13800
32958,11,30,185,927,931
32960,96,359,1588,7836,7916
32962,49,254,1835,9593,9681
32963,49,1179,2883,7395,7902
32966,167,413,1603,7073,7145
32967,105,357,1439,5990,6033
32968,6,204,1245,5527,5612
33004,110,312,839,4048,4150
33009,216,482,1185,5890,6020
33010,181,355,1932,7728,7776
33012,128,512,2886,11357,11566
33013,219,398,2031,7954,8019
33014,84,239,1666,6933,6961
33015,47,463,2764,11615,11698
33016,124,261,1605,6408,6453
33018,57,585,2879,11162,11300
33019,20,269,743,3189,3296
33020,87,443,1601,10568,10666
33021,158,631,1868,11719,11949
33023,295,626,2577,18041,18280
33024,400,1049,3070,18629,18782
33025,263,516,1620,9890,9951
33026,56,484,1388,7644,7770
33027,396,1307,2972,12547,12877
33028,60,583,1578,7128,7323
33029,0,1039,3416,12831,13323
33032,25,53,319,1212,1225
33033,0,0,2,9,9
33054,211,328,1851,7671,7757
33055,209,453,2542,11388,11516
33056,139,360,2116,9027,9193
33060,277,478,1443,8162,8271
33062,60,379,973,4726,4881
33063,119,264,1070,6446,6552
33064,93,794,2879,15049,15392
33065,18,152,667,4372,4421
33066,48,111,300,1728,1756
33067,0,4,10,39,41
33069,56,148,477,3212,3245
33071,11,155,560,2600,2663
33073,1,2,7,39,40
33109,0,27,52,80,90
33122,5,11,71,325,328
33125,196,376,2023,7646,7732
33126,18,170,1393,5790,5837
33127,117,274,1590,6407,6453
33128,17,23,143,544,547
33129,47,133,492,1639,1703
33130,9,135,525,1765,1811
33131,2,21,57,149,157
33132,4,20,82,272,281
33133,22,713,2282,6723,6975
33134,167,748,3061,9371,9646
33135,157,319,1377,5109,5151
33136,83,118,381,1387,1405
33137,51,213,716,2431,2477
33138,153,484,1752,6071,6223
33139,65,242,912,2965,3051
33140,16,374,1078,2988,3108
33141,51,202,903,3580,3639
33142,258,516,2804,11415,11615
33143,189,900,2525,7362,7631
33144,96,270,1466,6299,6351
33145,184,494,2041,6787,6942
33146,50,574,1505,3514,3726
33147,340,582,2922,11895,12052
33149,15,293,695,1523,1634
33150,180,403,1657,6037,6106
33154,50,244,671,2018,2098
33155,293,839,3504,12816,13056
33156,250,1388,3469,8427,8908
33157,170,924,3321,11677,11994
33158,4,335,841,1983,2097
33160,66,211,645,2178,2207
33161,137,420,2191,8957,9048
33162,125,346,2093,9390,9495
33165,188,659,3498,13048,13264
33166,137,425,1759,6316,6427
33167,101,243,1208,4482,4528
33168,0,166,1531,6807,6842
33169,101,277,1967,8222,8323
33170,24,50,249,932,944
33172,48,132,680,2940,2970
33173,34,477,1841,6402,6597
33174,83,216,1072,4503,4568
33176,124,855,2916,9768,10077
33178,52,256,1193,4186,4264
33179,87,281,1638,6517,6624
33180,36,238,801,2429,2496
33181,34,103,535,2398,2423
33183,0,1,2,8,8
33185,0,1,6,18,19
33189,0,146,1259,5997,6052
33190,37,101,605,2595,2624
33301,7,218,736,3130,3226
33304,23,352,1051,4243,4414
33305,34,348,855,3601,3701
33306,24,119,254,1125,1167
33308,75,446,1302,6011,6131
33309,98,209,1115,6803,6886
33311,226,695,2425,15875,15972
33312,104,640,2726,14433,14716
33313,92,335,1366,8196,8279
33314,103,308,985,5907,5986
33315,40,260,951,4244,4328
33316,39,270,660,3042,3155
33317,84,515,1893,10203,10319
33319,48,139,575,3868,3915
33321,0,0,1,7,7
33322,57,313,1452,9298,9441
33323,40,380,1179,5372,5537
33324,144,539,1714,9237,9459
33325,72,502,1550,8583,8789
33326,62,508,1710,7341,7549
33327,0,765,1884,5760,6051
33328,77,669,1818,8088,8354
33330,0,567,1502,4828,5074
33331,52,681,2049,6820,7138
33332,0,375,956,3212,3377
33334,72,432,1441,8793,8901
33351,27,90,646,4444,4489
33401,62,297,1044,4633,4719
33403,10,81,599,3326,3370
33404,258,646,1964,8271,8461
33405,263,588,1667,6583,6784
33406,113,387,1421,6479,6559
33407,250,508,1602,7636,7691
33408,51,435,1218,4811,4928
33409,98,232,1085,5999,6030
33410,85,821,2677,10120,10440
33411,32,106,401,1724,1769
33412,1,23,89,326,337
33413,32,131,555,2619,2645
33415,94,254,1362,7101,7174
33417,83,255,1020,5391,5485
33418,164,1296,3352,10803,11305
33426,72,223,1360,6469,6522
33431,34,416,1295,4595,4702
33432,118,476,1209,4079,4245
33433,86,447,1607,6902,7097
33434,44,223,738,2800,2862
33435,156,458,1741,8888,9026
33436,139,710,2743,13477,13742
33437,42,119,548,2510,2557
33441,217,440,1255,6167,6282
33442,87,279,956,6068,6149
33444,137,392,1350,5755,5850
33445,125,409,1786,8064,8198
33446,1,7,24,95,98
33455,134,597,1773,8561,8765
33460,102,316,1805,9117,9247
33461,205,350,1605,8390,8467
33462,86,461,2027,9319,9482
33463,80,469,2207,11093,11310
33467,2,7,25,106,109
33469,0,0,1,5,5
33472,23,93,325,1395,1431
33480,27,466,1113,2676,2893
33483,43,369,1132,3678,3828
33484,64,198,744,3646,3694
33486,130,638,1733,6091,6325
33487,61,248,810,2720,2815
33496,28,223,533,1484,1571
33510,91,228,2165,7475,7536
33511,204,722,3787,13201,13419
33523,0,0,4,4,4
33527,126,349,1492,4651,4767
33534,75,133,1186,4373,4404
33543,231,638,6438,7477,7615
33544,52,269,3159,3641,3708
33545,0,0,3,3,3
33547,74,541,1751,4976,5204
33548,112,334,1808,2117,2209
33549,114,313,4723,5582,5650
33556,387,1292,7022,8313,8647
33558,368,869,5603,6638,6861
33559,160,271,3200,3722,3768
33563,137,238,1784,7137,7159
33565,59,191,1289,4463,4495
33566,51,267,1755,6232,6289
33567,14,69,496,1933,1950
33569,58,492,2633,8006,8164
33570,57,158,991,4707,4759
33572,54,652,2485,7347,7556
33573,119,458,2546,8947,9048
33578,278,631,3649,12298,12449
33579,85,531,2809,9187,9358
33584,213,425,2150,7702,7765
33592,36,126,669,2301,2332
33594,46,596,3429,11181,11319
33596,58,565,3187,9385,9580
33598,24,149,715,3365,3420
33602,18,233,817,2148,2218
33603,97,325,1616,5532,5640
33604,212,579,2894,9452,9549
33605,177,380,1892,6138,6220
33606,86,534,1705,3999,4193
33607,165,487,2104,6956,7042
33609,16,550,1826,5009,5212
33610,277,625,3042,9987,10110
33612,464,686,2806,9852,9922
33613,226,463,1672,5596,5694
33614,184,444,2759,10592,10743
33615,121,580,3433,11774,11931
33617,230,533,2473,8991,9129
33618,79,497,2421,7571,7752
33619,107,461,2945,10517,10624
33624,169,495,3466,11798,12004
33625,84,315,2279,7450,7603
33626,410,1187,6830,8119,8400
33629,48,1071,2718,6239,6624
33634,73,263,1707,5983,6057
33635,63,281,1280,4706,4794
33637,58,112,917,3563,3596
33647,16,1173,5179,15538,16010
33701,181,366,2905,3122,3199
33702,354,775,8716,9366,9471
33703,483,1000,7810,8433,8687
33704,335,769,5040,5520,5740
33705,338,635,7492,8077,8193
33706,331,795,5642,6164,6310
33707,352,653,7668,8195,8304
33708,274,553,5713,6062,6149
33709,329,459,8176,8496,8609
33710,337,599,11443,12242,12442
33711,200,373,5105,5461,5539
33712,384,580,6809,7374,7487
33713,180,643,10462,11105,11251
33714,177,284,5924,6259,6290
33715,102,199,1664,1792,1838
33716,60,123,2071,2194,2216
33755,277,575,6687,7131,7204
33756,453,643,8280,8869,8968
33759,172,377,4261,4550,4601
33760,138,227,3421,3660,3712
33761,214,422,5657,6018,6079
33762,81,203,2381,2542,2578
33763,122,262,3955,4149,4191
33764,431,718,8154,8773,8898
33765,147,306,3820,4114,4168
33767,127,294,1790,1951,2025
33770,288,527,7664,8084,8208
33771,304,456,9560,9995,10086
33772,300,540,7790,8381,8519
33773,310,547,6833,7247,7343
33774,138,343,5569,5937,5973
33776,268,551,4337,4794,4933
33777,180,450,5520,5874,5946
33778,241,425,5779,6204,6318
33781,466,718,8547,9125,9218
33782,245,409,7536,8043,8125
33785,115,252,2196,2365,2429
33786,77,171,762,864,908
33801,200,516,2242,10294,10421
33803,185,555,2415,10070,10163
33805,136,285,1556,6678,6718
33809,124,354,1859,8711,8773
33810,180,472,3010,13622,13775
33811,114,375,1934,7963,8069
33812,28,155,1121,4574,4644
33813,163,929,3402,12052,12315
33815,166,321,1653,5193,5289
33823,173,599,2787,11159,11389
33825,212,382,5594,6741,6810
33827,15,35,408,493,499
33830,254,444,7283,8925,8988
33837,166,498,8731,10922,11022
33838,26,40,1262,1599,1606
33839,8,73,305,1153,1179
33843,11,32,1071,1314,1319
33844,374,599,10092,12226,12425
33848,5,7,34,42,43
33850,17,81,666,2867,2888
33852,3,12,210,253,255
33853,212,318,3545,4498,4563
33856,0,0,179,209,209
33859,42,131,3414,4202,4215
33860,110,280,1560,7262,7306
33868,26,59,934,1140,1154
33870,245,544,8627,10568,10611
33872,73,218,4238,5116,5147
33875,59,139,2291,2787,2812
33876,53,93,1237,1478,1495
33880,558,970,10600,12924,13163
33881,493,843,10328,12716,12897
33884,218,473,9655,11972,12081
33896,88,195,3806,4571,4618
33897,157,373,7820,9714,9743
33898,90,151,3337,4033,4054
33901,154,515,2404,5701,5790
33903,187,418,4099,10803,10913
33904,235,736,5622,14348,14554
33905,251,615,4984,12253,12416
33907,136,282,2055,5113,5170
33908,419,1034,6158,14413,14757
33909,148,356,3958,9755,9845
33912,119,680,3465,7586,7752
33913,93,775,3730,8033,8252
33914,205,975,9219,16693,16932
33916,135,341,2096,5270,5356
33917,285,812,5683,13829,14043
33919,152,533,3676,9247,9390
33920,35,132,1098,2604,2671
33921,60,167,444,861,907
33922,32,122,970,2382,2409
33928,161,743,3662,8568,8774
33931,74,437,2310,5448,5584
33935,0,0,1,5,5
33936,230,496,4823,8723,8821
33946,0,139,769,1826,1866
33947,128,271,2015,4995,5062
33948,70,203,3033,7665,7736
33950,300,766,4449,10707,10940
33952,304,535,5752,14222,14366
33953,85,213,1504,3422,3500
33954,17,134,1648,4118,4172
33955,37,232,1856,4532,4597
33956,40,184,1340,2399,2459
33957,96,637,2102,4468,4660
33965,3,4,30,70,71
33966,77,186,1189,2998,3063
33967,86,345,3386,8456,8559
33971,16,219,3209,8015,8072
33972,64,189,1814,4544,4572
33973,74,136,1346,2331,2359
33974,103,221,2665,4853,4883
33976,33,62,2441,4745,4759
33980,67,206,2319,5467,5518
33981,69,263,2198,5618,5652
33982,71,141,1195,2989,3029
33983,82,192,2271,5748,5789
33990,216,515,4937,11742,11922
33991,170,323,3217,8392,8451
33993,131,574,4041,9795,9956
34102,58,659,2383,4920,5115
34103,24,515,1783,3734,3885
34104,48,250,3084,7928,8049
34105,94,571,2146,4420,4571
34108,105,853,2873,6088,6363
34109,158,647,3199,7165,7345
34110,146,797,3489,7717,7961
34112,154,417,3668,8857,8984
34113,150,442,2756,6579,6716
34114,69,514,2748,6676,6850
34116,50,294,2714,7025,7111
34117,7,120,896,2234,2287
34119,91,918,4148,9578,9881
34120,13,122,1021,2477,2513
34134,149,854,2942,6007,6272
34135,0,858,7267,17127,17267
34142,0,0,0,1,1
34145,264,970,4099,6854,7170
34201,20,185,794,1890,1955
34202,72,575,2261,5190,5411
34203,205,644,5039,13379,13543
34205,162,409,3367,9359,9425
34207,243,417,3871,11348,11487
34208,319,596,3589,10026,10129
34209,225,563,4029,10973,11141
34210,108,292,1562,3864,3936
34211,58,232,878,1938,2001
34212,8,298,1599,4011,4133
34219,20,323,2463,6424,6516
34221,125,656,5638,15275,15447
34222,41,169,2031,5747,5794
34223,158,664,4503,10954,11112
34224,254,490,3631,8932,8977
34228,56,353,1191,2441,2581
34229,47,327,1559,3430,3513
34231,201,674,4720,11451,11653
34232,175,572,4574,11412,11552
34233,70,278,2715,6830,6906
34234,85,290,2816,6942,7019
34235,182,348,2179,5157,5301
34236,47,375,1393,2962,3063
34237,82,212,1829,4740,4764
34238,131,695,3274,7312,7559
34239,131,471,2707,6290,6401
34240,7,359,1531,3523,3630
34241,79,396,2010,4463,4561
34242,109,508,1887,3904,4093
34243,145,545,4080,10851,10962
34250,2,18,124,235,241
34269,19,43,343,1448,1460
34275,277,689,3903,9221,9412
34285,64,454,3572,8853,8989
34286,31,194,2864,7653,7700
34287,96,385,4543,11827,11959
34288,39,218,1834,4735,4783
34289,1,10,293,726,731
34291,18,105,1114,2952,2976
34292,106,417,2897,6869,6982
34293,329,1042,7458,17822,18041
34420,158,262,4119,5369,5412
34428,42,71,734,905,914
34429,96,195,2086,2531,2575
34432,5,8,122,163,164
34434,1,1,32,39,40
34436,12,23,323,396,401
34442,75,136,1960,2460,2500
34446,82,185,2759,3378,3392
34448,107,155,2287,2759,2782
34450,69,119,1222,1490,1513
34452,97,148,2473,2980,3004
34453,49,73,1946,2316,2335
34461,25,70,1535,1860,1884
34465,140,233,4140,5121,5146
34470,74,205,4630,6138,6187
34471,355,659,6311,8179,8339
34472,303,459,6732,9043,9088
34473,4,10,64,314,316
34474,106,264,3941,5172,5246
34475,195,367,2814,3692,3753
34476,225,399,7534,10090,10192
34479,148,242,3348,4386,4440
34480,92,408,4833,6447,6519
34481,111,314,5239,6904,6932
34482,88,206,3550,4856,4876
34484,32,86,756,956,971
34488,21,42,754,986,993
34491,111,370,6727,9105,9225
34601,136,185,2440,2839,2859
34604,73,161,2069,2472,2500
34606,233,434,9539,10973,11051
34607,42,177,1291,3376,3432
34608,298,559,10614,12316,12378
34609,479,911,13085,15171,15295
34610,156,323,4843,5489,5523
34613,166,275,5455,6299,6362
34614,8,27,226,600,611
34638,222,562,4738,5494,5607
34639,198,449,5640,6426,6551
34652,337,562,9851,11066,11134
34653,86,367,10854,12102,12176
34654,212,374,6222,6963,7027
34655,384,1070,14388,16343,16577
34667,247,643,14218,16313,16445
34668,597,975,17336,19744,19843
34669,147,277,5041,5849,5878
34677,301,663,6999,7523,7662
34679,0,0,7,23,23
34681,2,4,37,39,40
34683,161,804,11460,12102,12300
34684,268,670,8195,8740,8873
34685,181,525,4995,5469,5627
34688,127,301,2392,2628,2690
34689,417,855,9438,10179,10314
34690,109,198,5738,6339,6384
34691,376,617,9179,10267,10361
34695,204,579,5655,6234,6336
34698,334,667,11867,12611,12765
34705,3,8,347,440,443
34711,481,1128,14391,18072,18331
34714,42,164,4146,5218,5276
34715,81,150,3187,3992,4033
34731,77,144,2746,3471,3506
34734,50,123,1138,1409,1449
34736,5,9,178,224,227
34737,4,19,399,508,514
34741,262,393,6756,8066,8140
34743,192,352,8901,10556,10609
34744,230,542,9473,11305,11455
34746,582,1086,12764,15345,15581
34747,349,860,9388,11294,11503
34748,116,325,9099,11487,11591
34756,16,73,753,968,979
34758,169,290,10039,11969,12006
34759,305,609,9125,11110,11211
34760,12,38,265,345,356
34761,313,764,9558,12251,12439
34762,2,6,83,106,108
34769,67,227,6917,8365,8407
34771,56,295,3685,4579,4626
34772,206,374,7541,9242,9326
34785,97,170,2543,3093,3115
34786,522,1650,8739,11209,11684
34787,747,1737,13805,18065,18476
34788,225,340,5126,6302,6385
34797,19,51,385,484,499
34945,20,48,227,1068,1081
34946,193,358,728,2712,2752
34947,86,191,930,3679,3712
34949,36,137,557,2332,2366
34950,210,506,1365,4920,4996
34951,66,210,1263,6458,6537
34952,99,596,3246,16278,16361
34953,73,291,1893,8908,9008
34957,124,545,1959,9262,9376
34981,0,2,47,266,268
34982,51,161,816,4550,4569
34983,218,591,3094,15112,15392
34984,0,191,1267,5856,5940
34986,34,414,1857,8204,8313
34990,51,931,2813,9595,9932
34994,71,291,1116,4944,5015
34996,59,256,892,3549,3631
34997,202,640,2336,10885,11031
30002,2,3,3,7,13
30004,0,0,76,243,409
30005,8,8,8,59,144
30008,51,57,80,86,97
30009,46,46,65,110,152
30011,13,18,25,26,37
30012,108,108,108,116,177
30013,83,90,90,97,111
30014,0,0,0,0,0
30016,120,138,156,193,230
30017,41,41,41,41,68
30019,116,116,125,151,187
30021,21,23,24,26,26
30022,31,62,77,154,339
30024,154,154,173,173,230
30028,2,2,2,3,8
30030,37,37,90,156,180
30032,97,105,127,142,157
30033,62,67,80,124,164
30034,94,126,157,178,210
30035,44,44,49,64,69
30038,171,180,199,218,266
30039,0,34,68,79,169
30040,0,15,15,116,160
30041,0,0,0,42,155
30043,284,341,416,492,511
30044,198,198,234,306,342
30045,0,9,9,18,36
30046,151,178,222,240,267
30047,195,210,225,225,255
30052,0,13,40,53,119
30058,202,202,231,289,332
30060,146,146,146,155,187
30062,37,37,55,331,534
30064,45,57,114,205,318
30066,119,136,136,170,238
30067,146,186,227,267,308
30068,35,35,62,177,310
30071,20,41,51,51,77
30072,0,0,0,0,0
30075,30,30,121,303,576
30076,44,44,106,151,248
30078,97,97,106,164,184
30079,19,22,24,26,28
30080,109,109,109,155,200
30082,50,107,164,208,271
30083,84,93,101,110,118
30084,55,64,92,128,146
30087,104,104,122,174,200
30088,23,28,46,69,78
30092,105,110,163,174,203
30093,92,106,120,120,127
30094,70,114,114,114,123
30096,198,222,222,245,268
30097,112,211,348,423,485
30101,100,133,133,133,300
30102,41,41,50,83,99
30103,1,1,1,1,1
30106,63,81,98,110,121
30107,0,0,0,1,2
30114,41,61,68,89,157
30115,49,49,49,49,106
30116,4,4,7,7,11
30117,64,72,84,92,104
30120,2,3,3,3,3
30121,2,2,2,2,2
30122,125,149,164,188,207
30126,50,69,168,228,258
30127,122,227,331,383,471
30132,14,28,28,36,36
30134,171,171,180,190,218
30135,136,136,181,242,347
30137,1,1,1,1,1
30141,17,17,23,40,68
30144,254,266,278,302,314
30147,3,4,5,5,6
30152,125,260,337,395,482
30157,31,39,39,63,71
30161,95,95,106,118,118
30165,101,112,149,154,175
30168,24,29,38,43,43
30173,1,1,1,1,1
30180,0,0,0,0,0
30187,0,1,2,2,3
30188,80,161,225,273,321
30189,25,25,31,50,101
30205,2,3,3,4,5
30213,0,20,20,49,88
30214,52,61,105,131,157
30215,21,21,21,21,93
30223,13,16,19,20,23
30228,258,299,326,421,434
30234,0,0,0,0,0
30236,94,94,126,146,157
30238,191,220,268,297,326
30248,23,38,61,99,122
30252,38,38,113,138,225
30253,49,49,131,245,262
30260,110,116,116,139,156
30268,36,40,52,59,67
30269,0,64,152,241,313
30273,103,108,130,130,135
30274,243,270,270,283,290
30276,2,3,6,13,18
30277,63,80,83,90,95
30281,181,199,199,236,236
30288,65,73,87,97,108
30290,0,5,27,38,74
30291,16,21,26,26,42
30294,124,124,137,137,174
30296,68,74,80,99,111
30297,81,90,90,100,114
30305,40,63,83,124,161
30306,11,11,51,91,110
30307,29,43,66,98,127
30308,27,28,30,33,38
30309,45,45,47,47,65
30310,134,134,140,150,165
30311,122,130,167,179,199
30312,66,73,78,88,103
30313,5,5,6,9,11
30314,157,178,199,209,227
30315,137,183,198,244,274
30316,188,188,194,219,281
30317,7,15,44,68,86
30318,107,124,190,256,314
30319,76,82,133,222,272
30324,40,45,53,75,88
30326,1,1,1,2,3
30327,43,121,164,224,306
30328,54,54,60,66,96
30329,43,51,57,60,79
30331,227,249,272,295,306
30336,34,35,36,50,58
30337,24,26,33,43,55
30338,0,59,117,183,264
30339,15,38,60,90,106
30340,17,35,48,61,91
30341,55,75,95,146,176
30342,0,29,78,94,127
30344,83,83,92,97,102
30345,18,21,21,21,54
30346,0,1,1,1,1
30349,370,425,499,536,555
30350,64,79,84,94,99
30354,72,77,86,89,98
30360,15,18,18,24,37
30363,3,4,4,5,7
30458,165,175,196,201,201
30461,9,10,15,20,21
30501,59,85,125,151,177
30504,4,7,21,28,39
30506,2,2,3,6,11
30507,20,20,22,28,29
30517,10,10,10,11,11
30518,120,120,131,186,240
30519,89,100,100,133,267
30542,17,23,29,86,127
30548,26,26,26,31,38
30564,0,0,0,0,0
30565,0,0,0,0,0
30566,31,35,42,44,48
30601,377,394,406,429,458
30605,407,425,460,469,504
30606,155,179,227,287,310
30607,27,27,32,32,32
30619,0,0,0,0,0
30620,0,0,1,1,1
30621,0,0,0,0,1
30622,11,11,13,13,26
30646,5,5,6,7,7
30655,0,0,0,0,0
30677,0,0,11,32,61
30680,0,0,0,0,0
30683,14,15,16,17,19
30701,47,52,57,73,73
30705,32,32,32,35,37
30707,1,1,2,3,3
30720,41,51,51,56,82
30721,91,98,110,116,116
30725,18,19,23,24,28
30735,1,2,2,3,3
30736,141,141,141,159,206
30738,0,0,0,0,0
30740,0,0,0,0,0
30741,20,39,79,98,98
30742,38,40,40,45,45
30750,0,0,0,3,11
30755,0,0,0,0,0
30757,0,0,0,0,0
30802,0,0,0,1,1
30805,3,4,4,5,5
30809,85,85,85,212,282
30813,122,177,221,276,309
30815,130,139,148,165,191
30901,316,358,379,400,414
30904,332,342,352,392,453
30905,5,7,10,11,13
30906,346,427,468,509,509
30907,125,141,251,360,470
30909,167,244,308,360,385
31005,9,9,9,9,51
31008,39,41,44,66,77
31020,0,0,0,0,0
31028,9,11,11,11,11
31030,9,10,11,12,15
31032,0,0,0,0,0
31047,17,23,27,34,42
31052,5,7,8,8,10
31088,103,103,154,205,205
31093,179,197,232,250,268
31098,3,3,6,8,10
31201,172,197,216,248,261
31204,275,312,339,367,440
31206,512,521,589,627,647
31210,0,0,0,12,54
31211,93,97,126,133,143
31216,4,4,4,5,5
31217,195,224,239,250,275
31220,6,6,6,7,10
31301,1,1,3,3,3
31302,7,9,11,12,14
31313,110,121,121,137,148
31315,18,19,20,24,24
31322,64,85,121,157,185
31324,0,0,0,0,0
31401,268,300,337,348,364
31404,60,67,93,120,147
31405,193,203,203,224,234
31406,132,184,213,264,279
31407,17,18,24,24,28
31408,38,38,41,41,41
31410,27,37,48,91,112
31411,5,5,16,32,45
31415,170,178,178,189,201
31419,75,139,150,160,171
31520,35,41,47,52,58
31523,18,18,18,21,24
31525,9,13,19,22,26
31601,237,298,352,375,397
31602,208,232,239,279,295
31605,31,56,66,97,117
31606,6,9,9,12,13
31632,12,13,14,16,18
31636,0,0,0,0,0
31701,266,303,316,346,353
31705,317,347,399,428,450
31707,87,94,94,106,112
31721,122,138,154,165,175
31763,71,82,93,104,126
31791,2,2,2,2,2
31808,2,2,2,3,4
31820,1,4,6,8,11
31901,71,80,91,103,103
31903,278,297,303,309,334
31904,123,134,212,268,290
31905,52,58,61,67,71
31906,199,206,259,299,325
31907,263,299,404,509,580
31909,123,145,156,168,212
96701,2918,8149,8174,8174,8174
96706,5200,15822,15838,15838,15838
96707,3245,9534,9544,9544,9544
96720,1928,4518,4536,4536,4536
96725,44,105,105,105,105
96732,2959,6039,6045,6045,6045
96734,2130,6198,6210,6210,6210
96740,4271,9958,9978,9978,9978
96744,3640,9909,9929,9929,9929
96753,4113,8437,8453,8453,8453
96761,2668,5352,5352,5352,5352
96779,449,910,912,912,912
96782,2757,8973,8982,8982,8982
96786,1769,5912,5930,5930,5930
96789,4426,13537,13578,13578,13578
96793,3649,7262,7277,7277,7277
96795,9,26,26,26,26
96797,4451,13365,13378,13378,13378
96813,1087,3395,3412,3412,3412
96814,368,1147,1157,1157,1157
96815,847,2771,2782,2782,2782
96816,4601,13334,13361,13361,13361
96817,2542,8113,8138,8138,8138
96818,2414,8290,8306,8306,8306
96819,2902,8543,8560,8560,8560
96821,2723,6537,6543,6543,6543
96822,2099,6575,6601,6601,6601
96825,2867,7942,7958,7958,7958
96826,759,2614,2630,2630,2630
50007,0,2,27,30,30
50009,91,332,5575,5925,6028
50010,405,5066,5176,5240,5261
50014,266,2581,2657,2706,2720
50021,22,455,6817,7324,7436
50023,78,555,8951,9545,9721
50035,21,92,1606,1726,1761
50047,17,87,1983,2087,2102
50061,4,93,541,593,618
50073,4,13,95,103,107
50105,16,302,306,310,310
50109,13,66,498,559,576
50111,31,230,4093,4363,4402
50131,109,652,5638,6207,6379
50134,5,55,56,57,57
50156,3,52,52,53,53
50201,0,5,5,5,5
50211,19,204,2917,3090,3127
50226,246,1509,1583,1634,1637
50237,3,25,474,499,507
50248,0,4,4,4,4
50265,206,618,9387,10139,10293
50266,103,388,4436,4785,4908
50309,3,38,813,857,864
50310,64,258,6636,7123,7152
50311,46,189,2660,2858,2898
50312,90,362,2959,3194,3307
50313,90,186,5311,5575,5603
50314,77,184,1944,2074,2113
50315,182,311,8003,8557,8617
50316,55,117,3468,3610,3624
50317,198,420,10819,11506,11623
50320,71,262,4406,4672,4734
50321,27,97,1675,1794,1821
50322,162,537,9417,9964,10085
50323,23,249,1207,1364,1437
50324,21,87,1538,1624,1644
50325,24,346,3103,3396,3491
50327,46,235,3469,3769,3850
50613,776,9362,9628,9795,9824
50626,0,1,17,21,22
50634,0,0,60,75,75
50643,44,673,685,691,695
50647,0,0,6,7,7
50648,0,0,1,1,1
50651,2,31,32,32,32
50667,4,9,257,320,323
50701,113,460,6909,8489,8628
50702,108,236,5170,6292,6337
50703,97,188,4494,5608,5631
50707,0,70,2161,2671,2685
51054,33,136,1515,1611,1639
51101,28,54,373,413,422
51103,56,112,3802,3962,3978
51104,81,277,4782,4953,5009
51105,18,87,1908,1967,1983
51106,111,391,6949,7273,7354
51108,16,84,1361,1429,1444
51109,10,21,1015,1039,1044
51111,0,0,245,245,245
51501,229,513,13197,13332,13454
51503,103,577,9960,10146,10269
51510,23,61,1516,1555,1564
51526,1,7,128,132,133
52001,475,8849,9060,9105,9142
52002,94,1850,1890,1911,1915
52003,157,2029,2088,2116,2118
52227,70,1024,1046,1059,1060
52228,85,640,669,684,685
52233,129,1857,1905,1924,1930
52240,389,4468,4662,4710,4738
52241,82,286,3294,3816,3898
52242,1,4,45,49,50
52245,64,244,2946,3442,3509
52246,86,405,2829,3314,3417
52302,783,11467,11739,11870,11882
52314,1,23,24,24,24
52317,5,59,61,62,62
52324,9,243,244,246,246
52328,91,987,1024,1040,1040
52333,0,2,2,2,2
52338,4,35,36,37,37
52341,20,197,206,210,210
52401,36,510,524,530,532
52402,522,10131,10288,10444,10444
52403,421,5701,5861,5920,5938
52404,556,11785,11978,12051,12087
52405,338,7200,7274,7332,7347
52411,543,2441,2615,2733,2733
52722,193,954,9893,11029,11324
52748,21,288,295,299,299
52753,21,92,1309,1467,1485
52801,8,16,186,206,209
52802,73,167,3001,3277,3317
52803,72,309,4608,5067,5118
52804,94,288,5647,6161,6223
52806,431,7959,8041,8106,8130
52807,32,265,3521,3889,3928
83201,239,7894,9843,9922,9922
83202,169,4263,5227,5253,5264
83204,85,2711,3342,3390,3393
83209,0,8,11,11,11
83301,389,15239,16097,16178,16194
83328,14,932,982,988,988
83341,29,1127,1215,1225,1225
83401,308,7648,10133,10245,10256
83402,166,5448,7496,7548,7548
83404,288,5044,6723,6853,6860
83406,160,3584,4818,4857,4857
83427,4,395,541,542,542
83501,199,3353,11608,11713,11748
83605,195,9098,10775,10807,10840
83607,179,4779,5909,5927,5945
83616,706,8049,9864,10076,10086
83634,20,524,626,634,634
83642,702,13138,15705,15960,15960
83644,0,15,18,18,18
83646,657,15516,18593,18724,18743
83651,195,8425,10190,10252,10252
83669,57,1199,1447,1462,1463
83686,313,12119,14772,14891,14906
83687,165,9703,11693,11763,11775
83702,345,5058,6085,6165,6171
83703,248,4464,5191,5265,5270
83704,217,10425,12028,12064,12064
83705,174,7191,8229,8296,8296
83706,401,7581,9004,9114,9123
83709,475,17419,20474,20618,20639
83712,165,1955,2409,2456,2456
83713,319,7937,9552,9649,9658
83714,386,6301,7552,7722,7722
83716,314,4256,5129,5223,5228
83814,92,607,6873,7021,7049
83815,0,588,11765,11957,11969
83833,0,2,48,49,49
83835,54,428,7636,7761,7776
83854,88,657,14377,14538,14581
83858,24,265,3996,4078,4082
60002,22,244,399,510,654
60004,67,268,499,648,908
60005,40,102,133,171,221
60007,51,122,367,499,733
60012,0,1,2,3,4
60014,0,187,291,395,547
60015,57,442,840,1162,1440
60016,164,274,504,712,866
60018,66,147,220,308,389
60022,9,124,316,443,558
60025,152,505,791,1096,1296
60026,36,239,375,513,597
60029,3,9,17,24,31
60030,66,252,614,812,1031
60031,63,375,688,855,1073
60033,0,1,3,4,5
60034,2,13,27,33,42
60035,170,541,919,1228,1607
60040,2,25,51,71,80
60041,0,1,1,2,2
60043,6,61,117,158,200
60044,29,91,191,301,387
60045,23,387,722,1062,1355
60046,9,264,471,678,894
60047,10,28,44,59,75
60048,289,628,993,1384,1740
60053,21,218,310,415,542
60056,71,107,368,640,794
60060,59,106,282,459,565
60061,15,184,308,486,581
60062,68,387,1036,1514,1935
60064,93,149,192,223,263
60068,102,518,1046,1452,1696
60069,7,91,176,254,319
60070,34,65,109,162,203
60071,0,0,1,1,1
60073,46,116,289,440,613
60076,110,177,413,624,826
60077,78,140,212,305,357
60083,23,85,182,248,293
60084,2,5,8,11,13
60085,99,161,298,434,608
60087,38,96,147,211,262
60088,6,12,20,23,30
60089,157,480,757,997,1200
60090,76,153,241,317,375
60091,0,278,699,1020,1348
60093,73,398,713,1009,1276
60096,42,82,116,142,175
60097,13,20,26,33,38
60098,72,208,352,425,560
60099,172,297,344,422,461
60101,19,131,253,357,460
60102,2,34,81,123,175
60103,0,267,662,941,1161
60104,5,30,94,133,163
60106,58,85,112,130,161
60107,90,256,399,466,534
60108,23,175,305,440,559
60110,9,19,24,33,40
60118,1,5,9,13,16
60119,1,8,14,21,27
60120,25,53,98,115,135
60123,35,47,125,177,229
60124,0,101,269,433,573
60126,143,729,1094,1602,2045
60130,69,113,185,243,275
60131,62,93,155,206,263
60133,104,183,279,398,462
60134,92,436,863,1139,1432
60136,12,42,66,126,158
60137,140,421,711,1027,1307
60139,33,132,198,258,317
60140,0,33,79,120,170
60141,0,0,0,0,0
60142,164,318,502,666,799
60143,12,73,135,222,295
60148,74,345,652,825,997
60153,83,172,250,339,373
60154,0,79,183,293,378
60155,79,131,169,197,224
60156,16,118,224,283,363
60157,7,24,43,59,74
60160,0,47,100,121,195
60162,11,31,64,95,117
60163,3,17,24,32,35
60164,90,125,174,194,204
60165,2,4,10,13,17
60169,0,2,4,5,7
60171,19,51,71,90,114
60172,79,236,341,472,576
60173,2,5,8,11,12
60174,76,253,396,565,742
60175,0,133,451,728,1006
60176,55,77,105,127,154
60177,0,188,310,456,578
60180,0,1,1,2,2
60181,109,240,342,407,472
60184,3,33,61,100,122
60185,40,210,437,542,679
60187,102,267,433,605,789
60188,58,106,375,567,750
60189,48,207,525,677,815
60190,21,86,196,255,337
60191,4,84,99,135,190
60193,125,154,269,442,596
60194,2,23,37,56,70
60201,58,238,471,640,783
60202,30,128,231,338,454
60203,6,42,97,151,179
60301,3,5,8,10,14
60302,30,252,438,599,731
60304,4,164,320,438,543
60305,0,103,232,349,459
60402,90,224,419,584,688
60403,55,100,146,178,191
60404,12,146,237,407,523
60406,53,97,159,203,225
60409,153,221,289,357,417
60410,8,28,48,63,79
60411,244,489,719,819,906
60415,44,71,79,91,91
60417,11,30,46,66,78
60419,120,153,214,257,290
60421,0,2,4,6,7
60422,35,123,190,252,323
60423,0,390,685,989,1226
60425,42,60,89,109,131
60426,171,263,355,416,446
60428,50,91,127,147,165
60429,71,148,222,293,364
60430,47,99,171,240,283
60431,48,108,210,294,348
60432,116,148,199,241,259
60433,59,74,114,141,165
60435,137,312,424,524,686
60436,130,148,178,204,226
60438,76,208,278,333,382
60439,89,296,511,652,815
60440,161,309,433,618,803
60441,40,247,426,604,723
60442,1,4,8,13,17
60443,114,209,305,389,514
60445,120,160,229,315,383
60446,53,126,211,326,411
60447,0,1,4,6,8
60448,64,243,436,572,680
60449,1,2,4,5,6
60451,52,198,531,666,843
60452,0,118,213,316,434
60453,133,295,516,782,973
60455,71,80,118,164,197
60456,5,9,11,13,13
60457,49,84,130,172,190
60458,26,50,94,115,128
60459,56,104,272,408,456
60461,43,75,113,152,173
60462,54,300,493,665,772
60463,34,137,240,327,403
60464,26,117,198,294,372
60465,8,73,119,165,192
60466,98,120,157,182,200
60467,37,267,520,713,809
60469,11,18,31,39,47
60471,82,118,144,169,211
60472,25,36,47,58,62
60473,117,169,234,280,319
60475,28,35,44,47,52
60476,6,10,17,24,28
60477,141,178,309,450,572
60478,57,101,159,238,269
60480,1,47,69,94,109
60482,53,58,75,97,119
60484,0,0,0,0,1
60487,73,262,379,531,655
60490,48,246,450,625,781
60491,30,249,476,695,884
60501,40,71,106,137,163
60502,0,206,406,567,744
60503,12,126,201,264,386
60504,17,133,308,533,733
60505,0,135,248,361,474
60506,248,450,639,793,899
60510,62,194,396,591,808
60512,0,4,11,17,22
60513,28,133,227,315,398
60514,29,78,212,360,440
60515,106,369,667,831,994
60516,24,212,385,527,747
60517,71,169,310,473,550
60519,0,0,0,1,1
60521,14,312,696,1013,1259
60523,95,228,355,459,551
60525,65,334,521,740,968
60526,18,82,164,261,343
60527,149,397,653,830,1072
60532,47,198,362,484,554
60534,34,56,73,85,93
60538,62,69,125,169,212
60540,87,456,967,1401,1792
60542,30,85,221,407,522
60543,74,201,423,698,889
60544,57,275,388,598,727
60546,36,131,239,370,482
60554,2,10,16,24,31
60555,27,84,161,212,272
60558,0,210,447,699,890
60559,65,165,318,424,560
60560,0,12,40,70,90
60561,105,249,399,491,570
60563,22,209,476,649,836
60564,50,593,1212,2007,2398
60565,0,584,1035,1366,1828
60585,7,192,515,721,899
60586,82,450,736,982,1241
60601,0,4,8,11,13
60602,0,1,2,3,4
60603,0,2,5,6,8
60604,2,4,7,9,10
60605,12,27,42,60,73
60606,1,2,4,7,9
60607,40,129,186,249,334
60608,206,370,483,576,699
60609,308,532,710,923,1018
60610,21,63,121,163,206
60611,5,14,28,40,47
60612,101,240,340,494,599
60613,35,78,187,312,390
60614,111,388,659,922,1207
60615,75,132,212,266,298
60616,110,221,301,406,497
60617,464,637,811,985,1082
60618,171,456,798,1325,1552
60619,428,678,914,1091,1165
60620,542,701,845,909,1100
60621,340,432,519,605,680
60622,88,250,537,794,970
60623,353,494,647,729,788
60624,208,257,300,354,412
60625,0,232,428,567,697
60626,30,61,113,152,176
60628,242,423,590,907,1073
60629,238,412,520,650,888
60630,153,332,690,971,1150
60631,25,336,574,787,934
60632,144,207,383,495,590
60633,59,102,150,190,209
60634,105,281,544,789,999
60636,217,304,417,495,590
60637,168,241,377,508,581
60638,72,270,648,900,1116
60639,293,373,586,706,773
60640,43,104,225,286,351
60641,155,299,478,669,848
60642,0,85,171,238,310
60643,150,335,566,740,1028
60644,170,253,317,406,482
60645,0,77,148,274,379
60646,76,235,463,766,925
60647,78,377,732,975,1142
60649,203,272,357,416,448
60651,287,386,515,595,684
60652,297,385,506,594,660
60653,125,191,239,281,345
60654,4,28,48,63,79
60655,68,212,403,561,691
60656,37,112,194,287,387
60657,51,232,457,565,706
60659,50,122,200,278,372
60660,8,71,108,146,159
60661,2,6,12,19,25
60706,20,148,229,289,377
60707,153,258,440,546,699
60712,39,153,285,406,496
60714,96,176,391,543,671
60803,89,184,273,336,410
60804,217,299,367,448,516
60805,52,80,201,304,355
60827,200,261,380,480,551
60901,147,212,358,405,488
60910,2,3,4,5,5
60914,38,59,131,190,245
60915,14,22,34,41,51
60922,0,0,0,0,0
60964,0,0,0,0,0
61008,27,137,247,366,539
61011,0,40,104,163,220
61016,6,48,74,98,122
61025,0,2,7,12,14
61065,45,87,119,138,164
61072,1,2,4,4,5
61073,3,55,132,204,246
61101,170,233,302,346,422
61102,69,144,181,229,277
61103,54,148,228,349,416
61104,117,188,234,326,387
61107,182,318,427,517,626
61108,61,158,228,289,377
61109,183,261,322,357,409
61111,68,129,242,325,409
61114,34,116,179,251,323
61115,49,147,252,285,334
61201,0,0,0,0,138
61239,0,0,2,3,4
61240,2,2,2,5,14
61241,0,0,0,3,4
61244,0,0,0,89,130
61256,0,2,4,6,8
61264,0,0,0,6,36
61265,0,40,40,79,237
61273,0,0,0,0,0
61275,0,0,0,0,0
61282,0,0,22,42,66
61284,0,0,0,0,1
61301,32,70,88,126,153
61320,0,0,0,1,1
61341,13,19,26,35,42
61348,9,17,31,48,61
61350,11,106,174,222,275
61354,8,34,80,110,126
61362,8,30,44,59,79
61364,102,136,170,198,208
61373,0,0,1,2,3
61523,12,17,24,27,33
61525,0,74,192,316,413
61526,0,0,0,0,0
61528,3,28,67,110,142
61535,0,10,24,34,48
61536,0,0,1,1,1
61547,1,3,8,13,15
61548,8,16,42,64,89
61550,15,25,48,73,90
61554,131,209,261,313,509
61568,0,4,8,12,17
61571,15,52,90,116,150
61602,41,57,75,88,101
61603,102,142,186,239,261
61604,94,206,292,378,455
61605,142,195,255,287,341
61606,24,42,64,93,112
61607,13,48,104,156,186
61610,29,39,46,52,59
61611,91,164,227,300,373
61614,123,177,316,393,455
61615,35,155,402,585,698
61616,30,42,70,84,97
61701,225,306,387,450,513
61704,0,136,357,629,808
61705,45,74,156,289,369
61725,0,1,1,2,3
61748,0,0,1,1,2
61761,257,425,727,928,1062
61772,0,0,0,0,0
61776,1,5,11,16,19
61801,148,223,348,447,503
61802,55,115,166,216,303
61814,0,1,1,2,2
61817,0,1,3,5,5
61820,174,335,440,540,671
61821,71,156,262,333,446
61822,83,125,213,313,396
61832,119,203,294,350,406
61833,1,5,9,13,15
61834,3,7,10,15,18
61841,0,0,0,0,0
61858,0,1,2,3,4
61864,1,1,2,2,3
61874,13,54,83,122,154
61880,0,0,0,1,1
61883,6,14,21,28,30
62025,0,1,1,2,2
62034,16,55,78,130,159
62040,282,423,564,705,768
62059,7,17,28,35,42
62060,36,48,66,84,116
62062,8,54,76,106,141
62090,9,17,20,26,31
62201,58,98,158,182,208
62203,46,92,121,149,171
62204,76,104,127,154,176
62205,114,156,202,224,250
62206,60,90,105,144,169
62207,85,108,138,161,196
62208,96,136,199,255,301
62221,3,7,12,19,22
62223,88,119,173,227,268
62226,14,44,71,105,127
62232,34,76,115,147,164
62234,155,232,357,444,502
62236,1,8,16,23,28
62239,21,34,51,64,74
62240,4,11,15,18,24
62260,1,7,11,15,18
62269,15,43,76,105,130
62521,85,152,200,243,304
62522,26,63,104,142,171
62523,14,18,25,31,37
62526,79,190,314,399,504
62535,0,20,40,57,75
62544,0,0,0,1,1
62549,3,22,35,56,67
62554,0,1,2,3,3
62558,2,3,4,5,7
62561,7,11,18,25,38
62563,13,51,100,125,157
62625,0,4,7,9,12
62629,50,64,136,191,268
62670,0,0,1,1,1
62677,0,1,2,3,4
62684,3,30,63,86,103
62701,3,8,12,15,18
62702,279,413,536,636,681
62703,176,259,416,563,684
62704,143,265,386,441,507
62707,0,9,53,100,132
62711,102,222,296,404,506
62712,45,118,166,228,273
62957,2,4,4,6,6
62960,2,3,4,5,5
46001,0,0,0,0,1
46011,116,142,163,227,948
46012,84,113,139,202,1226
46013,171,209,241,354,1736
46016,358,408,451,644,2218
46017,19,19,25,47,356
46032,787,1228,1573,1836,2084
46033,840,1144,1424,1692,2008
46037,604,955,1306,1643,1994
46038,503,697,865,1058,1213
46040,108,181,269,316,374
46051,20,24,25,31,276
46052,25,30,34,42,163
46055,105,188,253,306,371
46056,4,4,5,6,25
46060,237,461,606,803,895
46062,395,511,619,751,1974
46064,43,76,109,128,152
46068,3,4,4,5,19
46069,5,6,8,9,32
46074,457,691,882,1148,1328
46075,46,57,81,98,113
46077,627,833,1189,1451,1723
46106,240,278,336,385,901
46107,13,36,40,67,76
46110,5,6,8,10,21
46111,3,3,5,5,15
46112,463,609,714,913,1098
46113,115,120,148,164,186
46118,0,0,1,1,2
46122,3,4,4,5,29
46123,573,728,835,931,3067
46124,1,1,1,1,8
46126,43,57,65,84,247
46130,14,16,18,22,63
46131,475,587,606,681,2582
46140,32,44,55,67,75
46142,167,275,334,472,560
46143,607,786,911,1071,1232
46151,58,69,84,100,379
46158,328,391,487,551,967
46162,4,4,5,5,51
46163,62,123,176,225,262
46167,26,31,35,37,135
46168,306,407,509,550,611
46181,1,1,1,1,3
46184,141,156,180,210,1238
46201,555,702,804,861,997
46202,229,337,405,490,558
46203,451,550,649,776,959
46204,31,38,47,53,62
46205,266,387,509,584,645
46208,216,290,396,470,525
46214,126,183,246,265,290
46216,21,30,36,42,46
46217,210,309,387,420,475
46218,572,704,837,980,1052
46219,419,505,665,751,862
46220,354,425,558,726,823
46221,115,162,248,277,296
46222,199,229,319,378,498
46224,204,299,385,425,433
46225,85,107,142,186,194
46226,404,530,657,703,773
46227,215,301,358,516,587
46228,76,126,181,210,244
46229,165,229,266,312,367
46231,48,75,95,107,131
46234,166,248,364,397,472
46235,463,500,546,620,713
46236,492,635,851,984,1066
46237,180,334,411,514,591
46239,206,347,379,434,466
46240,165,208,247,282,338
46241,269,321,352,403,455
46250,102,134,176,227,259
46254,136,224,263,350,380
46256,288,366,444,553,639
46259,221,329,404,493,578
46260,171,281,363,487,590
46268,131,199,254,275,316
46278,124,165,217,266,324
46280,55,74,103,125,134
46304,230,273,333,1280,2877
46307,79,95,115,517,1126
46311,269,304,368,1924,4030
46312,633,684,859,2321,5181
46319,203,208,313,1489,3478
46320,263,296,394,1121,2629
46321,579,636,756,2296,4868
46322,312,335,494,2167,5368
46323,368,393,479,1903,4284
46324,280,305,417,1782,4311
46327,137,150,184,991,2367
46341,3,4,5,25,55
46342,317,409,470,3014,7070
46350,6,7,8,11,42
46360,419,458,497,575,2116
46368,443,504,665,2952,6630
46373,104,120,142,328,591
46375,423,518,723,2240,5028
46383,461,528,647,2202,4977
46385,429,478,562,2200,4618
46391,1,1,1,5,17
46393,0,0,0,4,15
46394,197,225,305,1238,2784
46402,153,171,249,692,1424
46403,223,261,376,1093,2400
46404,487,538,670,1803,4111
46405,166,182,254,980,2277
46406,122,141,217,743,1927
46407,441,504,659,1572,3152
46408,224,246,363,1217,3095
46409,147,153,202,813,2067
46410,474,555,777,3058,7054
46530,603,746,833,952,2079
46544,274,337,421,547,2031
46545,218,261,297,355,1443
46554,0,0,0,0,2
46561,26,31,36,44,223
46601,126,143,161,204,375
46613,190,201,230,305,732
46614,390,435,470,550,1961
46615,163,187,196,262,911
46616,50,55,60,73,298
46617,187,233,269,305,719
46619,279,353,378,421,1283
46628,296,360,392,521,1738
46635,64,80,86,113,390
46637,167,185,221,257,838
46706,0,0,1,1,4
46723,9,10,13,15,16
46725,3,4,4,5,7
46741,8,9,10,12,67
46745,1,2,2,3,23
46748,110,132,153,199,616
46765,94,114,149,183,621
46774,103,113,123,144,1313
46783,23,30,36,42,55
46788,6,7,9,10,34
46798,1,1,2,2,3
46802,111,132,151,219,785
46803,213,234,262,315,1024
46804,361,479,605,696,2521
46805,224,270,296,402,1712
46806,246,246,268,377,1695
46807,105,130,136,231,1174
46808,250,311,348,462,1848
46809,114,143,168,182,878
46814,467,583,698,805,1628
46815,258,291,307,420,2108
46816,195,217,230,321,1092
46818,186,230,312,394,1836
46819,61,69,69,72,117
46825,189,246,275,350,2310
46835,327,425,480,567,2639
46845,461,612,779,905,2639
46901,334,369,395,509,1562
46902,258,306,335,392,1369
46914,0,0,0,0,0
46932,4,5,5,6,29
47106,4,4,5,5,21
47111,217,257,296,415,1615
47117,4,7,8,9,38
47119,114,130,151,202,582
47129,202,215,241,358,1929
47130,415,464,547,829,5041
47141,0,0,0,0,2
47143,12,17,18,37,284
47150,745,873,1018,1436,5945
47172,265,348,446,673,2481
47201,353,440,518,628,2175
47203,230,249,291,329,960
47226,1,1,1,2,9
47280,9,10,11,13,50
47302,404,473,516,713,2699
47303,287,351,404,644,1896
47304,344,364,412,522,2295
47305,107,120,137,194,493
47320,1,1,1,2,10
47334,17,21,26,35,186
47342,2,2,2,3,14
47356,4,4,4,7,32
47383,0,0,0,0,1
47396,35,47,59,79,442
47401,795,897,1054,1294,2921
47403,292,335,369,447,2139
47404,311,365,394,472,1488
47408,269,292,329,374,1039
47429,34,47,63,78,306
47601,4,6,29,83,124
47610,24,27,127,328,480
47630,762,877,2966,6946,10408
47708,34,39,70,163,231
47710,309,427,1342,3840,5688
47711,482,602,2386,7266,11243
47712,207,272,1013,3295,5115
47713,212,299,745,1956,2949
47714,465,534,2017,6013,9167
47715,463,565,1782,5191,7829
47720,275,329,944,3052,4546
47725,240,293,792,1918,2862
47802,344,420,479,613,2217
47803,325,348,377,488,1335
47804,126,175,200,305,933
47805,165,176,202,244,892
47807,270,358,388,491,1097
47863,1,1,1,1,7
47871,0,0,0,0,2
47874,0,0,0,1,4
47885,67,84,102,125,493
47901,37,41,51,67,165
47904,196,252,285,330,755
47905,196,221,270,335,1259
47906,765,888,935,1043,1800
47909,183,258,300,324,1190
47920,4,5,6,7,18
47932,1,1,1,1,6
47982,0,0,0,0,3
47993,0,0,0,0,1
66012,1,1,1,1,1
66013,15,18,20,22,24
66024,2,2,2,2,3
66025,79,90,95,107,116
66030,14,16,16,18,19
66044,289,325,344,385,422
66046,96,127,153,158,171
66047,212,230,261,279,296
66049,672,717,786,824,870
66050,1,2,2,2,2
66052,0,0,0,0,0
66061,780,887,1102,1178,1239
66062,885,1066,1328,1489,1610
66083,3,4,4,5,6
66085,186,201,246,275,302
66086,0,0,0,0,0
66090,14,16,18,19,22
66101,103,109,119,137,146
66102,185,235,247,259,266
66103,73,89,102,107,113
66104,187,205,211,217,223
66105,44,51,52,53,54
66106,202,218,241,280,291
66109,129,167,193,219,231
66111,84,95,107,115,130
66112,48,55,64,69,76
66202,102,126,139,152,157
66203,124,128,141,149,166
66204,45,51,54,62,73
66205,113,142,162,174,189
66206,174,208,232,256,284
66207,186,215,244,271,300
66208,219,264,297,343,379
66209,546,634,732,820,884
66210,139,163,200,218,237
66211,162,188,209,229,246
66212,120,149,177,194,200
66213,361,488,594,729,789
66214,56,63,67,72,79
66215,187,226,226,243,254
66216,376,427,484,528,598
66217,78,87,103,108,115
66218,203,221,258,284,316
66219,117,130,152,162,175
66220,197,260,323,373,406
66221,764,914,1043,1182,1294
66223,340,433,514,551,607
66224,470,553,673,761,856
66226,194,244,276,306,327
66227,48,61,73,78,89
66402,13,15,16,16,19
66409,12,13,14,15,16
66429,0,0,0,0,0
66502,559,567,602,619,679
66503,303,321,353,371,382
66542,16,17,19,22,24
66546,5,5,6,6,7
66603,59,60,66,71,76
66604,259,313,340,385,447
66605,382,420,466,482,489
66606,195,213,222,236,258
66607,246,271,302,309,316
66608,32,34,37,39,47
66609,80,92,100,112,122
66610,241,274,304,321,351
66611,129,148,164,179,198
66612,70,71,74,78,80
66614,520,570,600,640,680
66615,37,42,43,47,49
66616,83,89,98,103,118
66617,23,26,28,30,33
66618,48,52,57,60,66
66619,0,0,0,0,1
66739,25,28,29,29,33
67002,352,377,416,436,471
67026,4,5,6,6,6
67030,3,3,4,4,5
67037,366,404,451,498,535
67052,32,35,38,43,44
67055,0,0,0,0,1
67060,91,101,107,122,147
67067,27,32,35,40,43
67101,106,109,117,131,146
67110,0,0,0,0,0
67120,3,3,3,3,4
67147,73,78,78,83,94
67202,58,60,65,70,80
67203,335,345,382,382,447
67204,191,206,214,214,238
67205,426,451,509,534,598
67206,598,675,763,839,921
67207,330,364,388,430,471
67208,308,327,360,380,439
67209,158,169,174,195,216
67210,39,44,47,55,92
67211,249,262,276,302,381
67212,533,577,607,636,755
67213,285,347,362,370,424
67214,349,360,371,415,476
67215,87,92,99,107,124
67216,306,319,319,326,392
67217,332,353,374,415,457
67218,231,239,268,298,365
67219,131,145,173,182,215
67220,235,261,284,297,337
67223,13,14,15,16,17
67226,426,444,468,492,539
67227,0,0,0,0,0
67228,145,162,172,184,193
67230,557,633,705,753,824
67232,34,37,39,40,42
67235,337,378,415,438,452
40014,176,223,266,306,364
40023,3,3,4,4,5
40025,12,16,20,24,27
40026,111,137,164,197,225
40047,182,212,258,296,319
40056,39,51,62,68,78
40059,506,666,853,991,1082
40071,1,1,1,2,2
40109,25,31,39,45,56
40118,77,99,104,108,122
40162,1,1,2,2,2
40165,120,152,175,194,203
40177,3,3,3,3,4
40202,84,98,117,129,138
40203,334,380,407,434,470
40204,119,172,210,258,296
40205,412,526,574,631,712
40206,140,179,252,297,348
40207,320,480,604,764,862
40208,247,254,273,300,323
40209,30,34,37,41,43
40210,252,279,301,323,350
40211,642,700,775,834,875
40212,273,286,312,350,388
40213,294,329,350,378,399
40214,452,512,602,632,677
40215,237,273,302,323,345
40216,281,380,430,562,629
40217,183,236,283,341,372
40218,139,148,204,259,278
40219,300,396,409,505,559
40220,158,222,253,369,411
40222,204,272,321,352,408
40223,300,382,430,478,532
40228,170,190,224,258,298
40229,156,170,241,283,326
40241,299,367,478,580,666
40242,92,112,142,158,201
40243,75,116,150,171,191
40245,472,579,668,855,971
40258,169,232,264,317,359
40272,323,463,561,604,632
40291,175,283,404,498,606
40299,332,484,581,678,774
40356,105,119,133,144,150
40403,127,137,140,153,168
40461,1,1,1,2,2
40475,91,108,132,161,195
40502,363,557,659,735,802
40503,339,436,524,572,630
40504,170,236,275,386,419
40505,240,307,355,384,422
40507,32,40,46,49,54
40508,352,391,441,470,520
40509,410,513,615,729,831
40510,35,47,60,72,82
40511,183,258,291,323,366
40513,200,250,339,435,497
40514,137,219,273,306,344
40515,483,606,662,786,875
40516,16,20,23,33,35
40517,264,292,320,320,349
41001,158,231,276,299,344
41005,17,22,24,33,37
41007,30,44,56,68,79
41011,407,445,513,581,641
41014,38,38,53,58,67
41015,238,280,301,322,378
41016,101,109,117,128,136
41017,648,795,930,1089,1199
41018,254,303,336,352,368
41042,199,299,366,388,476
41048,98,125,158,184,201
41051,163,220,277,287,316
41059,56,69,74,81,86
41063,2,3,4,4,5
41071,498,538,589,634,691
41073,85,103,109,118,126
41074,66,75,82,94,104
41075,212,261,300,359,394
41076,160,180,230,295,320
41085,9,9,10,10,11
41091,196,249,288,384,445
41094,81,89,102,117,138
41101,357,381,437,535,1181
41102,119,121,139,188,441
41129,35,37,39,46,105
41139,140,151,156,193,564
41144,1,1,1,2,4
41169,82,90,96,128,312
41175,2,2,2,2,5
41183,31,33,33,41,121
42001,379,410,458,521,576
42003,184,254,285,317,349
42058,4,4,4,4,5
42101,465,530,594,670,681
42103,361,425,474,506,549
42104,436,466,505,565,614
42122,33,35,38,41,46
42223,82,86,90,101,101
42234,2,2,2,2,2
42262,52,54,59,62,66
42286,6,7,7,7,8
42301,331,379,473,556,568
42303,425,532,579,674,733
42366,9,10,12,14,15
42420,0,0,0,0,0
42701,217,275,317,376,417
42724,11,13,15,16,17
70001,357,1070,12648,12991,13137
70002,196,386,5379,5502,5574
70003,727,1320,14191,14532,14755
70005,457,831,8574,8903,9113
70006,166,375,5147,5227,5329
70031,2,6,504,509,512
70032,75,137,1792,1842,1865
70037,112,247,4640,4791,4834
70043,320,662,6950,7118,7212
70047,74,191,3441,3501,3544
70049,1,2,45,47,47
70053,444,668,5755,5943,6016
70056,102,553,11006,11175,11232
70057,51,96,777,814,831
70058,487,862,13435,13658,13811
70062,244,465,5683,5856,5909
70065,557,1190,14449,14766,14946
70068,209,498,9578,9846,9926
70070,51,117,1463,1516,1531
70072,882,1443,19354,19795,19955
70075,63,129,1860,1921,1938
70079,34,113,1063,1110,1135
70084,50,84,1457,1490,1503
70085,33,46,531,543,548
70087,25,42,876,896,904
70092,99,199,2592,2648,2673
70094,426,754,11664,11944,12066
70112,124,223,815,841,855
70113,206,551,2231,2298,2322
70114,406,535,6730,7001,7093
70115,676,1551,10795,11297,11553
70116,363,842,4649,4727,4794
70117,652,1256,11102,11540,11718
70118,787,1575,10182,10554,10850
70119,853,2324,11842,12139,12287
70121,140,270,5060,5133,5164
70122,900,2375,12578,12813,13009
70123,382,792,9085,9362,9476
70124,684,1820,7119,7480,7672
70125,495,1280,5255,5433,5545
70126,641,1656,9523,9700,9779
70127,582,1340,6486,6635,6716
70128,309,694,5941,6124,6219
70129,178,330,2453,2542,2589
70130,289,561,3746,3969,4097
70131,318,645,7739,8017,8140
70148,1,2,3,4,4
70343,1,3,35,36,37
70360,389,769,8177,8454,8583
70363,208,402,6049,6150,6244
70364,181,322,5573,5754,5830
70395,1,2,22,22,23
70401,244,467,6702,6890,6946
70403,386,827,8771,9028,9147
70446,0,0,11,11,11
70454,367,2881,8168,8277,8352
70455,23,154,418,426,431
70462,14,38,765,791,796
70466,23,45,849,861,870
70501,706,3729,10756,10900,10999
70503,578,1288,9561,9794,10068
70506,667,1206,13554,13923,14122
70507,91,279,5524,5638,5661
70508,827,1608,14232,14622,14848
70517,22,153,506,514,518
70518,340,2224,6116,6192,6280
70520,137,217,3716,3777,3807
70525,2,13,37,38,38
70529,87,125,1839,1877,1890
70535,297,1447,4250,4315,4355
70555,85,132,1050,1075,1105
70560,44,237,625,632,640
70570,546,3028,8847,9011,9048
70577,68,391,1141,1158,1162
70578,0,0,1,1,1
70582,5,46,157,159,160
70583,227,348,4158,4235,4261
70584,0,0,1,1,1
70592,498,2598,7056,7187,7297
70601,674,1231,12142,12686,12841
70605,374,776,8669,8933,9061
70607,162,262,4629,4715,4753
70611,89,235,2689,2810,2847
70615,64,125,2022,2085,2098
70663,320,491,6871,6992,7077
70665,108,192,1578,1654,1678
70668,0,1,3,3,3
70669,67,161,2935,3014,3020
70706,131,387,6026,6139,6220
70710,17,38,936,953,961
70711,14,34,1317,1359,1367
70714,308,523,6481,6581,6655
70719,49,122,1744,1771,1787
70726,527,1022,15326,15646,15901
70734,123,352,2499,2644,2709
70737,774,1161,14910,15189,15406
70739,176,406,4163,4300,4388
70744,16,29,190,196,202
70764,0,0,1,1,1
70767,113,309,4748,4866,4885
70769,613,1624,13464,13849,14148
70770,28,48,659,667,677
70774,43,76,634,665,681
70777,2,5,65,67,68
70778,10,18,303,314,316
70785,121,208,3711,3741,3783
70791,295,616,8327,8544,8648
70801,3,4,92,93,94
70802,560,953,8350,8586,8647
70805,539,854,7906,8147,8221
70806,321,752,7990,8294,8387
70807,428,634,5173,5287,5347
70808,855,1542,9068,9411,9736
70809,321,785,8057,8242,8386
70810,806,1680,12811,13207,13590
70811,210,335,4309,4394,4452
70812,149,325,3237,3318,3362
70814,177,348,5025,5118,5180
70815,368,727,8334,8614,8710
70816,512,762,11543,11698,11864
70817,630,1473,11083,11594,11820
70818,167,418,3931,4082,4136
70819,62,152,1630,1683,1721
70820,373,633,3877,4057,4149
71006,0,0,3,3,3
71009,2,3,31,31,32
71024,0,0,1,1,1
71037,90,122,2023,2111,2133
71047,39,66,1165,1180,1187
71051,1,2,41,42,43
71055,90,189,2881,3046,3080
71073,5,11,246,257,259
71101,189,308,2304,2370,2396
71103,128,256,2612,2683,2710
71104,250,441,4081,4161,4217
71105,261,537,6638,6762,6865
71106,629,1361,8794,9113,9338
71107,448,799,9276,9598,9695
71108,298,441,4910,5049,5095
71109,376,615,6242,6339,6423
71110,12,22,893,903,905
71111,672,1173,12638,12901,13125
71112,302,497,10569,10710,10774
71115,234,391,4904,5016,5072
71118,139,218,5947,6032,6050
71119,126,295,3372,3446,3492
71129,93,179,3354,3388,3415
71201,408,898,6961,7361,7505
71202,527,753,6188,6515,6595
71203,463,775,8391,8712,8792
71225,2,4,37,38,39
71280,1,2,29,29,30
71291,342,746,8239,8616,8704
71292,145,257,3442,3554,3597
71301,543,2545,7763,7890,7938
71302,196,913,2773,2807,2830
71303,241,1610,5088,5193,5235
71360,206,1707,5757,5840,5875
71405,30,301,943,950,958
71423,0,1,3,3,3
71485,0,0,1,1,1
1001,18,215,4240,4524,4570
1002,47,213,1839,1917,1952
1007,0,0,3,3,3
1013,68,330,5172,5599,5667
1020,111,469,7813,8428,8521
1022,0,0,799,834,834
1027,13,180,4189,4271,4296
1028,19,499,4545,4689,4789
1030,0,269,3391,3667,3723
1033,4,173,1740,1789,1820
1035,3,51,470,489,498
1036,1,3,38,40,40
1040,62,500,6921,7567,7659
1056,78,338,4353,4518,4573
1068,0,1,13,14,14
1073,0,88,1850,2033,2058
1075,41,426,4304,4453,4525
1077,0,145,2114,2302,2339
1085,109,506,8941,9793,9912
1089,51,455,6596,7123,7224
1095,8,114,1035,1091,1108
1103,5,18,169,189,192
1104,111,344,4774,5198,5288
1105,14,118,1193,1335,1351
1106,70,483,3074,3272,3359
1107,54,136,1218,1347,1379
1108,93,274,4269,4371,4402
1109,56,229,4628,5036,5082
1118,35,240,3388,3498,3526
1119,13,112,2950,3167,3190
1128,9,69,786,805,818
1129,53,137,2035,2077,2102
1151,41,73,2098,2121,2138
1201,73,303,6410,6522,6595
1237,2,10,159,164,166
1238,0,2,33,34,34
1240,5,74,872,906,918
1266,0,3,25,26,27
1420,174,540,8126,8242,8308
1450,13,60,231,253,261
1453,134,704,8638,8869,8932
1462,41,119,1097,1136,1149
1463,0,2,15,16,16
1473,0,1,8,8,8
1501,0,303,4660,4761,4804
1504,22,237,2305,2380,2409
1505,5,105,711,756,771
1507,13,101,1350,1396,1409
1515,2,18,285,291,293
1516,1,70,520,541,553
1519,2,77,390,419,430
1520,30,455,3054,3231,3297
1522,3,17,256,264,267
1524,9,116,1749,1794,1816
1527,18,285,3536,3666,3695
1529,3,35,364,378,382
1534,1,6,58,61,62
1535,0,2,41,42,42
1536,9,117,904,930,952
1537,8,14,638,643,644
1540,31,195,3005,3064,3095
1541,2,14,72,77,79
1542,2,32,563,568,574
1543,8,46,289,307,315
1545,42,831,5626,5978,6075
1560,1,16,156,161,164
1562,35,204,3044,3104,3145
1564,39,307,1956,2124,2157
1566,0,1,10,11,11
1568,3,32,171,181,186
1569,47,179,1723,1788,1818
1570,63,257,3836,3908,3939
1571,4,126,1908,1945,1971
1581,1,25,129,138,142
1583,6,168,1981,2056,2077
1588,8,61,579,600,607
1590,23,301,1776,1915,1956
1602,113,423,4266,4451,4505
1603,39,212,3441,3501,3525
1604,93,370,6945,7031,7109
1605,95,301,3816,3911,3942
1606,27,353,5258,5389,5437
1607,25,94,1515,1546,1559
1608,6,28,264,271,274
1609,95,315,2821,2914,2970
1610,93,218,2619,2687,2711
1611,3,35,533,546,552
1612,22,157,1347,1416,1439
1701,19,416,2520,2673,2744
1702,34,436,4682,4839,4898
1721,23,481,3019,3195,3264
1730,43,420,1907,2065,2133
1731,1,15,350,356,357
1741,12,179,513,581,607
1742,0,2,7,8,8
1745,5,24,136,145,149
1746,107,560,3018,3256,3353
1747,0,213,1419,1509,1536
1748,6,728,2816,3088,3207
1756,38,219,1447,1536,1564
1757,93,660,6324,6544,6664
1760,149,1099,5927,6321,6463
1770,30,241,817,902,936
1772,60,415,1727,1937,1989
1773,4,46,171,190,195
1778,0,1,4,5,5
1801,26,1078,8264,8615,8755
1803,0,726,4864,5192,5293
1810,34,1450,6045,6640,6824
1821,57,681,6014,6275,6377
1824,251,837,4857,5182,5342
1826,70,483,6104,6263,6339
1827,28,201,802,892,919
1830,67,360,4279,4394,4443
1832,55,269,4436,4514,4555
1833,0,0,1,1,1
1834,35,172,1245,1313,1337
1835,34,216,2965,3064,3086
1840,16,38,444,453,457
1841,97,269,5613,5659,5699
1843,47,218,3850,3917,3945
1844,141,1020,11153,11587,11728
1845,49,808,4985,5310,5413
1850,54,185,2586,2645,2669
1851,52,347,4533,4608,4674
1852,9,326,4509,4630,4658
1854,56,238,3857,3928,3964
1862,26,200,1658,1730,1758
1863,12,183,1664,1728,1761
1864,19,515,2995,3173,3244
1867,139,832,4380,4667,4792
1876,29,467,4603,4774,4866
1879,3,392,2728,2818,2905
1880,63,784,5284,5588,5719
1886,99,759,3257,3573,3688
1887,30,746,4632,4919,5030
1890,100,1127,3761,4145,4355
1901,14,25,193,199,203
1902,165,483,6151,6278,6329
1904,47,430,4520,4671,4718
1905,73,276,4177,4255,4311
1906,7,597,6545,6772,6861
1907,56,498,3254,3451,3518
1908,9,157,1204,1243,1275
1915,88,828,7495,7830,7957
1921,4,40,140,158,164
1923,62,785,6548,6812,6937
1940,48,478,2307,2465,2541
1945,70,1056,4781,5253,5415
1949,25,372,1764,1886,1954
1960,322,1103,11758,12167,12365
1970,86,594,8305,8520,8606
1982,20,134,785,846,864
1983,5,29,140,151,156
1984,20,191,759,836,864
1985,0,6,25,28,29
2019,71,382,3980,4118,4190
2021,60,815,4584,4839,4984
2025,0,256,1052,1180,1212
2026,173,986,5327,5615,5753
2030,72,439,1058,1223,1287
2032,18,184,933,1000,1025
2035,84,442,3580,3733,3809
2038,101,798,4918,5126,5312
2043,36,728,2876,3138,3265
2048,9,580,4404,4591,4671
2052,122,785,2359,2602,2705
2053,3,536,2817,3035,3116
2054,29,214,1698,1770,1803
2056,14,404,1826,1967,2040
2061,15,381,1657,1790,1847
2062,164,696,6211,6474,6559
2066,56,724,3906,4195,4311
2067,106,707,3198,3540,3642
2071,8,61,194,215,226
2072,97,708,6121,6348,6485
2081,8,627,3837,4131,4220
2090,116,862,3089,3395,3514
2093,31,316,1521,1638,1695
2108,19,96,343,375,388
2109,15,56,274,293,301
2110,4,22,78,84,87
2111,12,46,179,192,198
2113,7,39,420,435,439
2114,29,105,486,514,530
2115,50,139,909,943,955
2116,68,334,1287,1410,1451
2118,80,295,1495,1592,1624
2119,112,357,2674,2753,2792
2120,40,115,919,941,959
2121,69,270,2367,2441,2459
2122,57,400,3409,3516,3569
2124,218,736,5950,6094,6218
2125,154,504,3948,4086,4157
2126,87,343,3599,3731,3758
2127,156,868,4023,4352,4437
2128,59,510,4645,4807,4895
2129,57,416,1897,2034,2099
2130,127,667,4036,4295,4391
2131,78,699,4861,5073,5177
2132,246,941,5666,6035,6140
2134,48,152,1526,1576,1590
2135,91,372,3981,4092,4134
2136,45,422,4752,4915,4955
2138,75,613,3278,3500,3582
2139,58,515,2969,3126,3190
2140,40,352,1844,1971,2020
2141,55,216,1319,1389,1420
2142,5,31,124,136,139
2143,91,520,3555,3722,3790
2144,48,679,3609,3863,3962
2145,53,431,3584,3725,3805
2148,83,898,8837,9114,9244
2149,123,578,6916,7154,7219
2150,89,273,3563,3644,3688
2151,247,797,9088,9325,9467
2152,19,423,3529,3671,3735
2155,105,1499,10940,11467,11725
2163,2,7,35,37,38
2169,146,856,9276,9606,9733
2170,38,345,3607,3729,3778
2171,58,370,3198,3350,3398
2176,161,820,4934,5196,5346
2180,47,592,4325,4563,4656
2184,228,1106,7784,8273,8434
2186,55,1289,5500,5897,6105
2188,21,209,2576,2643,2675
2189,24,204,2882,2975,2996
2190,62,357,3442,3562,3631
2191,36,135,1638,1680,1702
2199,3,14,59,63,65
2210,10,51,202,223,229
2215,30,97,563,590,603
2301,31,717,9878,10145,10247
2302,86,450,6895,7045,7131
2322,22,65,1307,1334,1347
2333,19,161,1201,1258,1285
2339,51,554,2532,2726,2816
2341,18,102,989,1043,1054
2343,25,243,2633,2722,2752
2346,4,302,4319,4407,4447
2347,73,399,2963,3106,3163
2351,44,324,3439,3584,3639
2356,13,344,2521,2644,2687
2368,79,619,6247,6491,6590
2370,65,394,4127,4249,4322
2375,25,149,976,1030,1051
2379,5,26,228,242,245
2382,83,260,3303,3417,3452
2420,118,780,2558,2847,2944
2421,171,862,2919,3248,3348
2445,50,425,2160,2309,2361
2446,62,347,1911,2023,2077
2451,16,568,3698,3897,3968
2452,52,283,2470,2580,2619
2453,93,591,4611,4852,4911
2458,74,482,2221,2406,2471
2459,81,978,3322,3732,3832
2460,47,299,1428,1545,1580
2461,55,318,1118,1233,1279
2462,1,58,232,251,259
2464,10,90,481,505,520
2465,106,628,2458,2683,2766
2466,48,269,1045,1144,1179
2467,104,566,2058,2223,2318
2468,66,363,836,979,1024
2472,181,926,6215,6598,6712
2474,67,989,5059,5433,5584
2476,132,621,3105,3305,3393
2478,196,1268,5118,5561,5751
2481,56,706,1879,2153,2240
2482,72,467,1409,1579,1638
2492,167,1162,3716,4126,4271
2493,19,225,643,732,761
2494,69,569,1960,2138,2230
2601,83,320,5048,5136,5167
2630,22,110,1055,1106,1115
2632,7,63,578,600,605
2668,0,3,28,29,29
2673,42,125,2302,2340,2354
2675,15,76,608,633,642
2702,16,118,1182,1215,1231
2703,125,801,9269,9520,9645
2715,6,103,991,1032,1047
2717,37,183,1435,1510,1538
2718,32,117,1712,1768,1776
2719,94,376,4787,4900,4945
2720,179,460,6158,6286,6369
2721,101,338,5498,5582,5622
2723,81,226,2931,2970,3006
2724,56,278,3602,3658,3680
2725,3,131,1015,1063,1081
2726,121,381,5356,5461,5516
2739,2,14,104,109,111
2740,257,659,10013,10188,10270
2743,30,284,3269,3340,3381
2744,56,118,2403,2433,2445
2745,56,394,6854,6974,7030
2746,112,226,2577,2624,2656
2747,128,487,5554,5710,5809
2748,81,526,3464,3600,3674
2760,98,517,5420,5662,5731
2762,0,136,1220,1275,1296
2763,6,68,491,512,522
2764,9,83,1012,1044,1054
2766,97,451,3801,3950,4031
2767,32,175,1236,1287,1312
2769,4,531,3721,3876,3959
2770,6,66,601,631,639
2771,100,482,4543,4696,4777
2777,43,369,5971,6088,6149
2779,68,279,1855,1980,2014
2780,212,637,9760,9993,10074
2790,34,299,3617,3746,3787
20701,0,0,15,15,15
20705,0,462,5747,5907,5913
20706,6,198,2922,3000,3003
20707,0,626,5977,6182,6188
20708,0,247,3504,3572,3576
20712,8,40,520,527,527
20715,0,232,1940,2017,2017
20720,6,1040,6091,6459,6465
20721,0,946,5719,6071,6071
20722,0,2,15,15,15
20723,0,813,5449,5735,5741
20724,23,246,2831,2931,2931
20740,53,240,1784,1833,1833
20743,45,140,1775,1798,1798
20745,2,26,323,326,327
20746,2,15,204,206,206
20748,0,2,27,28,28
20755,0,56,936,955,955
20759,0,100,374,414,414
20763,3,52,496,513,513
20769,0,260,1766,1859,1859
20770,0,49,672,688,690
20772,4,232,1825,1923,1923
20774,70,1074,9614,10015,10025
20777,0,1,2,2,2
20781,0,0,2,2,2
20782,5,31,345,351,351
20783,15,94,1499,1516,1516
20794,0,199,2317,2398,2398
20814,20,450,1936,2036,2036
20815,9,300,1000,1064,1064
20816,0,145,468,498,498
20817,13,986,2940,3148,3148
20841,0,172,1312,1531,1551
20850,88,1412,7704,8009,8009
20851,11,227,2157,2199,2199
20852,79,836,4771,4939,4939
20853,23,692,3642,3794,3794
20854,0,3398,9855,10609,10609
20855,0,528,2876,2977,2977
20866,0,237,2031,2120,2122
20868,0,12,85,90,90
20874,0,335,8456,9017,9026
20876,0,105,2120,2252,2267
20877,0,395,3852,3947,3947
20878,31,2052,9977,10404,10404
20879,10,500,4702,4798,4798
20880,0,7,49,51,51
20882,0,54,282,300,300
20886,0,170,3607,3847,3862
20895,0,897,3550,3710,3717
20896,0,30,86,93,93
20899,0,1,19,19,19
20901,0,915,4705,4937,4937
20902,81,929,7224,7386,7386
20903,6,122,1572,1603,1603
20904,8,758,7888,8141,8149
20905,0,421,2830,2991,2994
20906,62,867,7640,7812,7812
20910,23,305,2053,2115,2117
20912,3,55,393,403,403
21012,11,245,1829,1915,1915
21032,5,85,471,501,501
21042,0,1186,6000,6439,6439
21043,109,1517,9322,9897,9897
21044,0,143,1018,1067,1069
21045,13,676,6382,6627,6627
21046,0,191,1912,1981,1981
21052,0,0,177,177,177
21054,5,191,937,998,1001
21056,0,35,101,115,115
21057,0,66,361,388,388
21060,34,659,8213,8433,8442
21061,80,629,11236,11430,11441
21075,0,845,6402,6697,6697
21076,0,459,3729,3892,3896
21077,0,0,186,186,186
21087,5,75,555,584,584
21090,4,261,3869,3956,3956
21093,74,987,7045,7362,7369
21104,0,1,5,6,6
21108,25,572,3895,4109,4109
21113,22,485,5377,5561,5561
21117,0,636,8857,9093,9093
21122,0,1268,14745,15265,15280
21128,0,545,3697,3888,3892
21133,38,467,7482,7635,7643
21136,8,132,1136,1186,1187
21144,41,1029,7668,8098,8098
21146,0,924,4341,4683,4683
21156,0,3,22,23,23
21162,0,218,1439,1518,1519
21163,2,78,659,690,690
21201,39,302,2349,2429,2441
21202,11,390,3529,3635,3646
21204,40,575,3866,4040,4052
21205,87,605,5622,5803,5814
21206,0,650,12048,12269,12281
21207,66,585,10834,11033,11044
21208,0,632,7970,8200,8208
21209,86,623,5492,5698,5709
21210,27,327,2175,2289,2289
21211,87,496,6028,6183,6190
21212,0,1146,7763,8113,8129
21213,0,875,12799,12995,13047
21214,0,279,5934,6049,6055
21215,310,1598,15920,16246,16311
21216,126,743,10239,10417,10459
21217,0,808,11418,11664,11688
21218,394,1441,13061,13591,13591
21219,0,273,3305,3407,3407
21220,77,618,6232,6412,6432
21221,0,601,11117,11332,11343
21222,32,826,15580,15850,15882
21223,75,827,10521,10682,10736
21224,0,1494,15845,16404,16420
21225,0,660,8948,9150,9168
21226,7,154,3312,3356,3359
21227,116,1086,10182,10529,10540
21228,0,1055,12788,13144,13158
21229,37,698,12235,12434,12459
21230,34,1305,10924,11440,11462
21231,42,522,4080,4241,4249
21234,291,1183,19002,19409,19409
21236,0,760,11085,11335,11346
21237,120,558,8410,8581,8581
21239,61,424,6681,6817,6824
21244,0,369,8074,8213,8213
21286,106,624,4244,4416,4425
21502,0,342,10780,12563,12639
21529,0,8,186,213,215
21545,0,1,36,42,42
21713,0,0,19,21,21
21722,0,0,1,1,1
21733,0,0,3,3,3
21734,1,3,80,81,81
21740,0,387,15120,16056,16121
21742,0,196,6020,6470,6516
21767,0,18,394,405,410
21795,0,77,1891,2065,2076
21801,174,1372,7461,7582,7582
21804,248,1217,7877,7997,7997
21810,0,0,12,12,12
21822,5,47,317,321,321
21826,19,183,1313,1328,1329
21830,2,208,1120,1134,1135
21837,0,0,1,1,1
21849,0,2,11,11,11
21856,0,1,5,5,5
21875,6,154,1194,1196,1196
3901,31,594,607,610,612
3903,29,489,502,509,509
3904,53,1046,1062,1074,1075
3905,6,89,93,94,94
3906,0,2,2,2,2
3908,48,627,647,659,660
3909,3,32,34,34,34
4005,320,5891,6088,6149,6149
4038,250,3170,3283,3340,3343
4046,25,277,286,292,292
4062,27,352,365,370,370
4063,7,65,69,70,70
4064,153,2803,2849,2878,2887
4072,322,5291,5491,5558,5558
4074,637,5756,6041,6177,6189
4092,120,4363,4416,4447,4447
4093,18,472,484,488,488
4101,176,2476,2578,2628,2628
4102,295,3645,3764,3837,3837
4103,441,7138,7362,7467,7474
4105,365,1744,1896,1973,1973
4106,384,7106,7327,7379,7394
4107,362,2346,2514,2589,2591
4108,73,485,522,533,536
4210,285,5379,5624,5692,5698
4236,12,229,240,243,243
4240,341,8745,9170,9216,9225
4250,4,179,185,186,186
4252,1,74,76,76,76
4258,11,357,371,373,373
4274,18,325,336,340,340
4280,54,1513,1565,1576,1576
4330,125,3051,3189,3214,3214
4344,23,407,427,431,432
4345,28,659,690,696,697
4346,11,251,264,266,266
4347,29,384,400,405,407
4351,0,2,2,2,2
4401,453,4829,8699,8815,8859
4411,0,5,9,9,9
4412,48,1468,2805,2822,2831
4428,8,161,294,298,299
4429,28,262,469,484,484
4444,62,786,1453,1479,1482
4473,15,159,283,290,290
4474,25,334,606,618,620
4605,4,61,109,111,111
4609,41,608,1096,1118,1120
4612,4,85,152,154,154
4646,2,33,60,61,61
4653,1,102,189,189,189
4660,10,83,145,149,150
4662,18,154,265,274,275
4674,1,43,78,79,79
4679,29,388,693,709,710
48009,110,282,380,514,631
48015,33,41,41,46,46
48017,50,73,100,120,139
48021,267,291,340,364,412
48025,69,199,264,329,410
48026,78,88,88,107,112
48030,10,20,61,81,96
48033,9,24,46,58,67
48034,26,26,38,44,48
48035,188,230,241,283,366
48036,132,144,174,204,222
48038,84,116,189,252,315
48040,2,24,38,43,50
48042,120,180,300,400,471
48043,74,79,87,101,109
48044,130,261,359,489,587
48045,98,113,136,181,233
48047,125,164,202,241,289
48048,44,53,64,72,78
48049,0,0,0,0,0
48051,76,101,116,156,177
48059,20,25,31,39,52
48060,162,219,267,305,333
48066,200,300,384,401,434
48067,204,237,310,356,415
48069,21,33,43,56,68
48070,28,69,103,150,192
48071,135,155,184,203,222
48072,18,54,85,125,152
48073,143,209,285,333,438
48074,4,5,5,6,6
48075,54,98,132,151,176
48076,94,141,174,201,235
48079,0,0,0,1,1
48080,130,178,202,227,267
48081,25,59,93,118,186
48082,0,0,6,38,83
48083,45,52,89,149,215
48084,38,86,123,172,206
48085,165,305,445,535,618
48088,82,114,139,155,164
48089,313,358,402,447,458
48091,121,132,172,233,283
48092,202,239,294,303,349
48093,85,108,177,215,254
48094,59,85,117,166,224
48095,0,1,4,5,7
48096,20,30,41,44,52
48098,32,253,422,572,682
48101,111,178,222,289,378
48103,150,341,613,832,1022
48104,387,490,573,702,773
48105,229,312,437,500,597
48108,99,115,152,230,282
48109,8,10,11,12,14
48111,17,43,95,189,293
48114,20,85,164,216,242
48116,137,226,253,287,342
48117,12,15,18,23,26
48120,45,70,82,98,117
48122,169,176,209,223,263
48124,105,158,232,295,358
48125,67,75,120,172,210
48126,347,359,431,503,562
48127,328,401,462,499,572
48128,24,52,77,98,119
48130,12,30,52,88,120
48133,15,20,26,33,37
48134,41,81,128,176,216
48135,81,121,152,182,233
48138,24,57,121,189,250
48139,0,0,0,0,0
48141,249,291,318,346,401
48144,20,60,77,104,134
48146,170,223,236,302,354
48150,83,124,165,196,238
48152,218,278,357,397,486
48154,50,87,186,248,322
48157,5,6,7,8,9
48161,8,10,13,14,17
48162,77,87,101,125,144
48164,0,1,3,4,5
48165,16,16,49,78,92
48166,27,41,60,77,91
48167,20,102,184,280,423
48168,130,287,463,574,672
48169,33,47,72,88,105
48170,215,354,543,670,821
48173,40,60,75,90,114
48174,160,200,230,280,300
48176,1,1,2,2,2
48178,331,491,651,822,1046
48179,23,26,32,43,60
48180,374,472,511,629,688
48182,43,58,72,151,173
48183,201,201,287,430,516
48184,51,66,77,82,117
48185,151,177,202,227,265
48186,128,128,163,187,198
48187,200,385,570,684,969
48188,129,257,374,491,620
48189,31,55,90,114,157
48192,125,154,192,192,260
48193,44,54,69,104,148
48195,124,165,226,278,350
48197,215,260,280,299,312
48198,206,228,260,325,412
48201,33,48,58,73,80
48202,125,146,167,201,233
48203,306,331,408,467,501
48204,566,650,734,797,870
48205,314,355,423,478,533
48206,352,393,420,469,503
48207,80,105,136,157,171
48208,89,114,150,183,208
48209,176,212,264,286,352
48210,391,446,491,518,527
48211,76,83,98,100,103
48212,425,484,531,578,649
48213,307,351,412,474,570
48214,215,269,305,359,419
48215,126,155,180,197,235
48216,59,65,71,86,100
48217,81,92,114,142,153
48218,116,148,174,198,224
48219,327,367,407,496,536
48220,97,118,159,180,221
48221,128,198,303,326,490
48223,124,145,161,177,210
48224,195,281,403,464,562
48225,69,97,129,152,162
48226,10,11,18,21,25
48227,651,726,813,913,951
48228,647,794,926,999,1029
48229,64,76,89,108,114
48230,57,170,258,381,448
48234,294,350,418,441,520
48235,555,645,697,735,787
48236,298,457,577,696,865
48237,8,81,89,146,178
48238,502,585,680,795,878
48239,55,122,155,232,265
48240,13,31,36,44,62
48301,29,29,136,263,411
48302,50,156,297,428,538
48304,111,185,269,343,427
48306,164,295,451,631,746
48307,89,201,324,458,581
48309,204,314,407,535,611
48310,322,361,387,426,464
48312,74,138,202,255,287
48313,122,183,234,305,376
48314,51,97,126,160,200
48315,85,220,373,424,483
48316,30,44,111,163,259
48317,78,100,128,157,214
48320,7,16,39,60,75
48322,134,210,319,420,512
48323,184,260,396,477,580
48324,81,212,247,328,409
48326,93,105,128,152,186
48327,34,54,89,102,109
48328,33,79,152,211,238
48329,33,66,140,223,322
48331,84,174,265,342,407
48334,46,102,157,208,249
48335,39,49,113,162,186
48336,62,110,186,213,289
48340,171,194,218,247,247
48341,105,124,152,176,200
48342,167,195,219,247,267
48346,92,162,226,289,339
48348,63,101,134,173,218
48350,0,0,5,8,13
48353,7,13,17,19,26
48359,23,51,70,93,115
48360,34,63,106,137,163
48363,8,20,36,49,59
48374,5,38,241,346,526
48375,103,160,218,308,347
48377,13,16,22,58,93
48380,5,14,30,40,55
48381,6,19,35,52,64
48382,4,62,145,229,321
48383,3,8,10,13,16
48386,122,157,216,280,303
48390,105,132,171,211,277
48393,10,30,62,87,104
48415,4,5,7,9,11
48420,96,139,227,244,262
48421,0,0,1,1,1
48423,131,174,229,272,327
48430,1,2,3,4,5
48433,37,37,37,65,75
48436,0,0,0,0,0
48437,0,0,0,0,1
48438,0,1,2,3,5
48439,172,281,437,515,639
48442,3,4,7,10,13
48457,1,1,1,1,1
48458,69,92,100,131,170
48463,2,2,4,7,8
48473,25,31,31,43,80
48502,1,2,2,3,3
48503,245,332,380,419,491
48504,295,331,359,405,442
48505,352,478,560,614,668
48506,152,203,254,304,325
48507,298,318,358,388,408
48509,27,50,77,100,119
48519,9,21,24,30,30
48529,110,123,130,130,144
48532,128,128,134,140,157
48601,327,351,387,448,484
48602,86,154,269,317,403
48603,28,112,150,234,291
48604,49,58,71,102,129
48607,21,23,26,28,31
48609,0,6,31,46,58
48623,0,1,2,3,4
48631,3,4,5,7,11
48638,119,139,159,175,190
48640,51,87,109,125,151
48642,53,64,71,102,124
48706,225,265,317,370,436
48708,97,135,174,232,309
48722,2,4,9,11,13
48724,0,0,0,0,0
48732,18,29,41,53,85
48746,0,0,0,1,1
48808,2,8,16,19,31
48813,0,1,2,2,2
48820,41,54,85,110,142
48821,24,34,46,63,78
48822,0,0,0,0,0
48823,277,354,449,593,688
48827,9,17,25,34,39
48837,4,30,51,60,81
48840,9,12,26,46,65
48842,122,135,186,231,269
48843,7,7,64,135,178
48848,0,0,0,0,0
48854,63,80,121,126,138
48855,6,12,15,18,23
48864,10,30,94,163,208
48876,1,1,1,1,2
48895,1,1,2,3,4
48906,98,134,161,223,277
48910,28,46,73,101,138
48911,265,286,308,371,435
48912,20,31,51,66,92
48915,29,35,40,50,61
48917,175,214,233,262,282
48933,14,18,23,25,28
49001,57,67,77,87,113
49002,40,62,80,111,129
49004,56,65,78,99,112
49006,121,129,154,178,206
49007,57,77,91,105,116
49008,65,80,114,148,175
49009,114,128,163,234,327
49010,5,11,19,22,27
49012,0,0,0,1,1
49014,6,25,41,44,62
49015,23,29,57,92,103
49017,22,29,42,48,64
49024,37,73,175,241,307
49033,0,0,0,0,0
49034,0,0,0,0,0
49037,12,61,77,105,113
49048,18,30,42,84,120
49051,0,0,0,1,1
49053,3,6,10,11,13
49083,1,3,4,7,8
49087,0,1,2,3,4
49088,3,3,5,5,5
49107,1,4,5,7,10
49112,0,1,3,5,9
49117,3,3,4,4,5
49120,115,146,146,146,177
49201,12,51,70,82,94
49202,115,139,150,185,219
49203,31,94,135,177,208
49221,58,125,150,201,217
49228,1,1,2,2,3
49254,8,11,11,13,13
49267,31,58,75,92,111
49270,0,0,0,1,1
49276,0,0,4,6,7
49277,0,0,0,0,0
49286,0,0,0,0,1
49301,27,96,164,256,416
49302,4,4,7,12,15
49306,37,103,121,158,195
49315,69,107,132,196,227
49316,21,36,87,133,159
49321,20,50,60,70,80
49331,0,0,0,0,0
49341,12,20,45,78,126
49345,1,1,2,2,3
49401,5,7,8,9,10
49403,1,1,2,4,5
49404,2,3,5,7,9
49406,4,9,14,16,23
49408,1,2,2,2,2
49415,0,5,5,11,15
49418,104,113,173,199,242
49419,2,4,5,7,10
49423,195,275,321,367,401
49424,22,101,212,346,391
49426,100,200,290,345,390
49428,40,48,97,161,210
49435,15,30,51,73,85
49440,1,2,3,3,3
49441,165,185,206,226,257
49442,150,150,165,193,222
49444,119,152,185,238,278
49445,0,0,10,20,30
49453,4,4,12,24,37
49456,1,1,12,23,32
49457,0,1,1,1,1
49460,2,4,5,6,7
49464,35,42,104,174,216
49503,219,241,302,339,370
49504,87,130,185,239,272
49505,170,238,255,297,323
49506,15,107,183,260,390
49507,210,210,226,264,311
49508,0,10,19,48,114
49509,84,104,110,123,156
49512,56,77,105,117,125
49519,56,62,73,118,141
49525,52,78,172,250,310
49534,0,0,0,7,41
49544,21,27,42,66,89
49546,131,216,285,347,416
49548,136,136,144,169,169
49621,0,0,0,0,1
49637,1,1,1,2,3
49649,0,0,0,0,0
49684,18,35,53,95,117
49685,35,39,51,58,64
49686,55,83,114,146,177
49690,1,1,3,4,5
49696,1,5,7,7,9
55001,4,39,90,133,205
55003,1,8,20,30,51
55009,0,0,0,1,1
55011,0,0,56,119,175
55014,0,169,324,430,789
55016,0,267,604,802,1198
55020,0,1,2,3,6
55024,0,42,374,665,1299
55025,20,93,182,275,432
55031,1,11,25,35,55
55033,71,214,473,642,1141
55038,0,157,320,472,749
55042,13,158,330,494,682
55043,4,7,33,61,108
55044,0,566,1245,1726,2859
55055,7,15,29,38,76
55068,101,393,667,905,1444
55071,10,33,51,67,118
55075,42,108,150,207,470
55076,35,120,201,336,587
55077,9,105,217,331,491
55082,64,353,650,891,1308
55085,0,2,4,6,14
55089,0,0,1,1,1
55090,1,1,2,2,5
55092,2,28,61,103,214
55101,0,6,12,15,25
55102,0,37,126,208,359
55103,37,65,102,124,224
55104,77,251,438,522,842
55105,5,254,493,694,975
55106,0,153,288,432,837
55107,10,76,133,227,328
55108,0,35,70,114,215
55109,110,117,255,345,675
55110,86,266,438,609,935
55112,63,189,386,527,921
55113,92,238,438,607,838
55114,11,22,26,30,54
55115,4,79,167,250,383
55116,0,147,303,390,605
55117,115,199,305,374,596
55118,18,126,283,433,764
55119,8,187,309,406,796
55120,3,59,114,152,231
55121,11,39,70,104,186
55122,79,237,473,702,1065
55123,0,337,666,928,1414
55124,106,425,797,996,1860
55125,0,330,626,923,1604
55126,49,188,389,571,893
55127,4,156,389,601,856
55128,13,121,297,445,715
55129,12,215,568,841,1259
55130,44,93,118,141,241
55150,0,1,2,4,9
55301,3,70,139,177,379
55303,0,82,423,696,846
55304,46,91,653,1153,1654
55305,20,88,199,275,442
55306,6,39,113,164,325
55309,0,2,5,6,10
55311,26,285,662,940,1437
55313,0,0,1,1,2
55315,6,47,96,158,236
55316,24,116,355,490,918
55317,5,234,553,776,1048
55318,0,150,416,621,928
55322,0,0,1,1,1
55327,5,72,154,214,320
55330,39,87,309,540,1023
55331,13,226,551,806,1102
55337,100,218,417,526,1016
55340,17,164,336,459,638
55341,0,43,80,117,180
55343,4,18,121,214,411
55344,4,54,87,131,255
55345,0,147,414,602,868
55346,25,219,463,603,805
55347,26,501,1003,1557,2146
55352,25,102,207,291,476
55356,46,153,281,364,470
55357,4,67,134,196,283
55359,0,49,116,156,247
55362,3,7,11,14,21
55364,10,104,290,432,701
55369,0,149,492,753,1226
55372,0,323,945,1590,2316
55373,0,1,2,4,7
55374,37,134,371,616,885
55376,9,105,227,332,585
55378,43,448,802,983,1380
55379,0,201,663,1018,1681
55384,3,3,6,8,11
55386,2,100,230,345,460
55387,0,3,6,8,13
55391,7,184,417,636,929
55401,0,13,25,36,54
55402,1,1,2,3,6
55403,16,35,52,69,118
55404,41,72,109,138,261
55405,27,74,128,194,284
55406,56,231,378,510,916
55407,100,212,398,504,776
55408,26,94,203,256,422
55409,17,55,122,182,353
55410,22,241,530,718,1012
55411,78,187,311,404,674
55412,70,150,206,263,474
55413,26,44,116,149,342
55414,35,99,148,208,325
55415,2,7,11,16,25
55416,46,197,339,448,633
55417,10,185,376,493,796
55418,80,265,431,557,935
55419,16,289,546,814,1189
55420,44,80,142,222,488
55421,5,94,203,263,491
55422,69,170,302,450,768
55423,5,88,187,280,599
55424,10,175,319,482,649
55425,22,40,66,90,144
55426,24,132,224,280,481
55427,22,109,192,315,481
55428,51,107,179,251,450
55429,34,87,135,251,453
55430,54,103,161,223,379
55431,25,110,184,262,446
55432,56,99,174,217,484
55433,32,72,167,263,565
55434,59,117,183,261,450
55435,52,95,122,152,253
55436,0,130,274,443,608
55437,0,85,219,349,618
55438,46,182,331,414,650
55439,10,87,244,386,547
55441,3,69,207,315,508
55442,26,104,277,407,641
55443,0,142,342,484,950
55444,23,92,165,264,448
55445,13,99,134,185,344
55446,35,308,657,988,1384
55447,13,170,340,559,863
55448,28,139,272,349,607
55449,32,351,598,885,1284
55454,4,8,11,14,33
55802,13,36,75,96,121
55803,7,32,86,169,230
55804,0,22,115,212,298
55805,18,34,50,82,102
55806,10,36,63,102,109
55807,0,55,138,208,275
55808,15,34,49,64,75
55810,0,8,31,69,90
55811,0,54,185,308,431
55812,8,27,82,122,155
55901,0,242,485,757,954
55902,0,25,381,743,968
55904,0,39,130,260,351
55906,45,106,332,468,836
55920,0,3,7,10,15
55925,0,1,2,3,4
55934,0,0,0,0,0
55947,6,15,41,73,141
55960,0,2,4,7,12
56001,49,157,315,482,787
56003,42,111,178,223,432
56011,0,0,2,4,6
56301,43,153,251,380,748
56303,89,179,220,296,654
56304,18,57,98,116,178
56310,0,0,0,0,0
56320,0,0,0,0,0
56374,5,75,140,204,304
56377,44,116,177,241,450
56379,8,12,66,141,166
56387,11,25,28,42,132
56401,0,0,35,77,112
56425,0,6,17,27,37
56465,0,0,1,1,2
56468,0,0,0,1,1
56529,6,33,61,84,123
56547,0,0,0,0,1
56560,210,410,568,736,894
56580,0,0,0,0,1
56721,3,50,97,110,173
63005,0,650,1428,4526,4864
63010,0,193,494,10536,10697
63011,0,876,1751,11791,12425
63017,27,1145,2489,12180,12819
63021,0,760,2085,16821,17280
63026,0,549,1417,13981,14256
63031,90,360,701,17689,17887
63033,58,243,439,11364,11491
63034,0,242,523,6139,6279
63038,1,102,229,908,964
63040,3,146,355,2362,2463
63042,55,146,250,6000,6061
63043,0,198,459,7731,7858
63044,0,146,429,4094,4227
63049,13,95,221,2545,2595
63052,2,33,80,1089,1103
63074,0,110,260,5447,5485
63088,3,117,245,2608,2665
63101,0,11,19,161,164
63102,3,20,32,366,372
63103,11,50,113,798,814
63104,78,246,456,4377,4486
63105,26,291,678,2595,2739
63106,0,121,275,1681,1725
63107,0,145,331,3343,3401
63108,0,178,431,2599,2710
63109,85,293,671,9198,9331
63110,0,186,481,5257,5410
63111,81,277,566,5560,5670
63112,0,224,588,4202,4298
63113,0,160,386,3764,3842
63114,87,291,685,14381,14526
63115,111,487,945,6582,6755
63116,97,428,995,13433,13640
63117,6,226,466,2784,2867
63118,96,422,681,7122,7262
63119,21,601,1317,9907,10276
63120,77,177,368,3079,3163
63121,84,282,725,7410,7524
63122,87,1148,2296,13488,14083
63123,0,420,1007,16431,16598
63124,23,482,999,3340,3631
63125,10,173,500,10017,10130
63126,6,304,703,6062,6226
63127,0,126,392,1967,2069
63128,52,471,1098,10038,10195
63129,0,605,1651,15795,16122
63130,90,493,1157,7039,7286
63131,0,772,1989,5795,6241
63132,47,304,686,4999,5130
63133,0,96,216,2211,2239
63134,0,135,347,5330,5357
63135,32,133,334,5203,5251
63136,128,360,929,11381,11497
63137,104,266,491,5042,5120
63138,4,171,321,4282,4343
63139,0,183,440,8142,8242
63140,0,8,16,153,155
63141,21,557,1348,6291,6655
63143,7,59,162,2412,2434
63144,3,164,350,3003,3088
63146,53,337,807,8490,8694
63147,58,225,407,3706,3792
63301,16,478,1153,16092,16257
63303,0,693,1518,14088,14530
63304,28,650,1784,13204,13549
63341,0,1,3,12,13
63366,0,244,1132,12515,12695
63367,0,193,469,3001,3087
63368,0,656,1634,12841,13109
63376,121,820,2193,23429,23887
63385,1,5,10,88,91
63386,0,1,3,55,56
63701,0,253,573,8196,8339
63703,14,85,209,2760,2797
63780,11,63,114,1139,1167
64012,58,274,4918,7103,7175
64014,7,257,4249,6456,6568
64015,27,348,5925,9021,9112
64016,1,3,58,92,92
64029,17,61,667,1039,1055
64030,113,290,3883,5804,5845
64034,7,134,614,2391,2443
64050,82,211,3284,5050,5117
64052,81,190,3117,4683,4730
64053,1,30,688,1072,1077
64054,16,43,577,885,895
64055,77,171,5380,8507,8524
64056,80,199,2523,3899,3955
64057,18,114,593,3489,3517
64058,14,23,952,1514,1519
64060,0,0,0,1,1
64063,16,180,1002,5326,5397
64064,158,556,3775,5566,5753
64068,69,282,3916,6131,6200
64079,0,0,1,4,4
64080,8,79,547,2504,2527
64081,7,542,4805,7204,7345
64082,64,416,3187,4758,4872
64083,154,454,5036,7524,7593
64086,65,406,4103,6258,6387
64105,4,17,222,338,343
64106,23,83,575,862,879
64108,58,188,1431,2158,2201
64109,118,266,1841,2785,2831
64110,54,269,3090,4770,4833
64111,11,191,2266,3508,3573
64112,45,171,946,1372,1426
64113,95,656,2426,3486,3722
64114,6,204,3896,5922,5976
64116,47,197,3274,5114,5161
64117,67,153,1587,2528,2564
64118,94,254,5847,9288,9354
64119,0,290,4639,7316,7413
64120,0,0,461,720,720
64123,52,116,1705,2516,2542
64124,59,123,1647,2521,2544
64125,16,35,349,528,537
64126,49,113,907,1361,1389
64127,196,455,3107,4592,4697
64128,124,253,2621,3892,3952
64129,39,104,1330,1991,2012
64130,96,324,4615,7242,7301
64131,42,184,3807,5874,5921
64132,96,184,2434,3762,3781
64133,88,240,5087,7871,7967
64134,79,147,2515,3897,3916
64136,9,33,342,505,514
64137,23,53,1366,2115,2119
64138,101,212,3446,5219,5261
64139,5,23,363,571,578
64145,10,123,1208,1869,1896
64146,0,16,328,494,496
64147,9,25,39,97,103
64149,0,10,164,245,247
64150,10,50,413,667,685
64151,126,339,3883,6509,6602
64152,38,657,3827,6053,6263
64153,8,49,993,1672,1683
64154,0,172,1610,2711,2753
64155,20,280,4137,6522,6609
64156,27,102,1093,1748,1780
64157,75,603,3820,5953,6115
64158,18,106,852,1305,1337
64161,8,20,242,379,385
64163,0,1,19,173,173
64164,0,6,20,65,67
64165,0,0,6,54,54
64167,0,14,35,103,113
64421,0,1,3,12,13
64436,0,0,4,27,27
64501,84,179,668,3702,3771
64503,29,214,840,4723,4786
64504,24,139,640,3969,4030
64505,26,134,813,5050,5107
64506,42,318,1306,6853,6987
64507,34,163,745,4163,4227
64801,430,983,14988,15142,15311
64804,383,911,12816,12975,13173
64834,117,221,3057,3111,3146
64835,2,9,1015,1017,1018
64836,195,355,5751,5840,5899
64840,0,0,6,6,6
64841,3,5,70,70,71
64855,6,13,374,376,378
64870,144,317,5819,5891,5963
65039,0,0,1,4,4
65043,1,19,58,1050,1062
65053,0,0,1,27,27
65101,0,165,430,4610,4676
65109,30,216,492,7262,7374
65201,223,711,1351,9682,9905
65202,58,389,980,14069,14213
65203,0,739,2548,17671,18114
65255,0,1,4,80,81
65611,1,1,10,56,57
65616,157,289,4772,4825,4860
65619,41,155,3077,3134,3157
65631,2,9,110,113,114
65672,78,148,1988,2013,2030
65679,0,0,2,2,2
65714,234,434,8370,8587,8657
65721,163,402,6633,6735,6776
65738,0,0,1,1,1
65739,3,8,38,170,172
65742,13,46,740,753,757
65753,1,2,39,39,40
65757,0,1,12,71,72
65781,3,6,99,101,101
65802,408,959,17384,17526,17650
65803,571,1078,15920,16116,16214
65804,30,573,2956,14751,14932
65806,51,201,678,2883,2940
65807,0,528,3110,18512,18662
65809,13,315,1045,4089,4245
65810,0,340,1708,8040,8173
38637,0,0,0,6,6
38641,0,0,0,0,0
38654,0,0,0,0,0
38655,0,0,0,0,0
38671,0,0,0,18,37
38672,0,0,0,0,0
38680,0,0,0,0,0
38801,12,12,17,23,35
38804,0,0,0,0,6
38826,0,0,0,0,0
38862,0,0,0,1,1
38863,0,0,0,0,0
38866,0,0,0,0,0
38868,0,0,0,0,0
39041,0,0,0,0,0
39042,38,38,38,38,38
39046,0,0,0,0,0
39047,0,0,0,0,0
39056,0,0,0,0,0
39071,0,0,0,0,0
39073,0,0,0,0,0
39110,0,0,0,0,0
39154,0,0,0,0,0
39157,0,0,0,0,0
39170,0,0,0,1,1
39201,0,0,0,0,0
39202,0,0,0,0,0
39203,0,0,0,0,0
39204,0,0,0,0,0
39206,0,0,0,0,0
39208,0,0,0,0,0
39209,0,0,0,0,0
39211,0,0,0,0,0
39212,0,0,0,0,0
39213,0,0,0,0,0
39216,0,0,0,0,0
39218,0,0,0,0,0
39232,0,0,0,0,0
39272,0,0,0,0,0
39301,99,103,107,116,116
39305,19,19,20,22,22
39307,30,38,41,43,51
39342,7,8,8,8,8
39401,0,0,0,0,0
39402,114,128,134,134,141
39437,0,0,0,0,1
39440,5,15,21,21,41
39443,0,0,0,0,0
39452,0,0,0,0,0
39465,9,12,12,12,12
39475,0,0,0,0,1
39501,348,364,364,373,381
39503,148,148,148,167,167
39507,83,83,95,101,107
39520,96,96,96,96,103
39525,0,0,0,0,0
39530,25,38,47,47,53
39531,27,27,37,37,42
39532,48,60,60,60,72
39540,23,25,25,28,28
39553,69,69,75,75,75
39556,0,0,0,0,0
39560,7,7,7,14,21
39562,28,32,32,32,32
39563,88,88,94,94,100
39564,0,0,0,0,0
39565,23,23,23,23,23
39567,13,22,22,26,31
39571,60,60,60,65,71
39574,1,1,2,2,2
39576,26,26,26,29,29
39581,80,80,83,91,95
59030,13,143,295,297,299
59101,764,6874,11281,11492,11563
59102,1042,8823,14767,14935,14981
59105,506,5453,9524,9563,9582
59106,708,2530,3994,4121,4191
59401,277,1530,3610,3740,3759
59404,451,3499,7986,8318,8378
59405,489,4061,9420,9749,9809
59411,1,1,9,24,25
59417,5,7,31,74,79
59714,162,1100,2621,2783,2806
59715,707,2745,6177,6516,6591
59718,662,3012,7064,7372,7480
59741,1,4,8,9,9
59801,511,2665,7348,7787,7826
59802,262,1461,3959,4247,4268
59803,388,1638,4368,4602,4660
59804,191,929,2530,2668,2696
59808,312,1613,4370,4677,4706
59901,500,605,4465,10871,11371
59912,11,15,92,226,236
59936,0,0,1,3,3
59937,20,27,109,248,263
27006,0,0,0,1,1
27009,1,6,15,21,28
27012,0,0,97,222,343
27019,0,0,0,0,0
27023,1,6,28,51,66
27040,17,51,114,159,199
27045,2,4,8,10,15
27050,0,1,1,2,3
27051,0,12,44,66,84
27052,0,0,0,0,0
27101,102,159,238,352,482
27103,63,126,305,399,463
27104,21,98,330,562,773
27105,334,578,693,911,1065
27106,162,205,465,702,875
27107,56,252,491,603,715
27127,59,201,308,391,462
27201,0,0,0,0,0
27214,0,3,23,40,64
27215,0,74,170,287,372
27217,68,116,191,265,701
27233,0,1,4,5,6
27235,3,12,66,102,126
27244,2,18,57,78,96
27249,17,28,57,76,104
27253,0,68,150,200,264
27258,14,29,43,69,81
27260,146,292,446,523,600
27262,0,94,259,389,497
27263,64,92,176,226,247
27265,16,111,379,664,854
27278,0,0,0,1,1
27282,20,91,237,282,348
27284,92,166,442,736,976
27292,22,105,166,244,293
27295,10,28,64,92,120
27299,0,4,10,19,27
27301,4,8,18,27,32
27302,5,10,17,19,45
27305,0,0,0,0,1
27310,8,16,140,278,382
27311,0,0,0,1,1
27313,0,9,23,46,61
27315,0,0,0,0,0
27317,11,19,22,24,69
27357,0,1,2,3,4
27358,0,23,145,247,335
27360,0,24,47,95,126
27370,3,3,5,7,9
27376,4,8,12,15,32
27377,1,2,12,20,26
27401,5,54,178,270,362
27403,27,64,164,210,274
27405,29,342,514,656,842
27406,230,461,531,815,1063
27407,75,199,424,523,673
27408,33,51,201,303,457
27409,57,62,96,153,192
27410,0,158,474,862,1106
27455,27,88,272,469,619
27502,265,598,970,1245,2244
27504,29,44,54,63,135
27510,12,26,58,90,118
27511,50,243,361,523,1108
27513,67,457,791,1124,1867
27514,45,78,253,425,528
27516,179,389,557,736,1235
27517,61,335,483,614,1040
27518,37,299,518,686,1257
27519,200,728,1034,1635,2743
27520,74,214,302,361,936
27521,1,2,3,3,9
27523,32,147,211,298,475
27526,64,175,332,437,1060
27527,13,32,54,77,188
27529,11,241,516,702,1514
27530,107,161,241,335,798
27534,114,162,216,275,587
27539,71,340,603,918,1553
27540,80,457,825,1084,1830
27545,129,218,265,327,878
27560,47,55,268,441,669
27562,2,16,35,49,90
27587,30,169,281,390,711
27591,2,9,18,25,81
27592,17,43,73,102,221
27596,0,1,2,3,6
27601,0,58,119,169,361
27603,128,448,678,934,2059
27604,104,365,511,605,1722
27605,16,44,64,74,151
27606,118,272,544,654,1330
27607,59,243,357,453,822
27608,0,180,362,523,863
27609,36,152,279,391,828
27610,353,529,690,834,2021
27612,53,328,571,722,1273
27613,26,448,765,984,1863
27614,304,765,1061,1304,2104
27615,0,344,564,777,1628
27616,91,222,373,545,1494
27617,45,196,341,466,963
27701,47,118,200,251,341
27703,68,68,379,677,866
27704,124,159,274,309,1015
27705,86,243,407,543,693
27707,97,129,266,427,685
27712,44,149,247,332,559
27713,47,93,431,735,898
27801,143,199,260,296,781
27803,66,158,250,349,1165
27804,176,315,417,491,1491
27809,4,9,13,17,44
27812,0,0,0,0,1
27822,21,33,46,52,148
27828,0,0,0,0,1
27834,204,357,527,663,1147
27837,3,5,7,8,14
27851,1,1,1,2,3
27856,0,0,0,0,1
27858,269,459,672,829,1490
27863,2,3,3,4,11
27878,1,2,3,4,6
27884,0,0,0,0,1
27893,482,567,661,765,1710
27896,85,166,223,308,783
28012,0,77,266,490,588
28016,0,19,47,74,93
28023,1,2,9,14,17
28025,110,244,463,731,878
28027,35,122,436,854,1256
28031,19,56,430,831,1167
28032,11,34,67,101,120
28033,0,1,1,2,2
28034,31,44,53,78,100
28036,0,0,185,305,443
28037,15,36,105,171,228
28052,45,135,225,297,405
28054,63,147,294,399,524
28056,16,40,278,382,541
28072,0,0,0,0,0
28073,3,5,7,9,10
28075,0,97,333,526,647
28078,0,311,896,1426,2011
28079,0,68,373,634,860
28080,0,0,6,9,11
28086,0,51,85,106,139
28092,36,67,135,176,197
28098,0,3,18,36,52
28101,0,0,1,3,4
28104,20,120,600,989,1359
28105,22,55,263,559,856
28107,0,0,11,19,25
28110,56,225,436,618,843
28112,58,115,159,192,236
28115,94,131,366,554,657
28117,11,57,456,855,1345
28120,58,123,239,362,459
28125,0,0,0,0,1
28134,11,22,73,114,183
28138,0,1,5,8,11
28144,0,90,312,485,666
28146,0,22,170,207,289
28147,0,14,86,132,191
28150,31,82,134,182,219
28152,49,78,136,176,217
28159,10,30,41,53,60
28164,2,4,22,57,88
28166,1,2,4,7,10
28168,0,0,0,0,0
28173,0,160,812,1704,2197
28202,7,12,37,55,76
28203,0,2,121,213,297
28204,0,14,36,52,67
28205,31,62,239,408,570
28206,9,32,59,106,153
28207,3,29,182,328,447
28208,117,156,265,406,499
28209,0,12,123,305,412
28210,10,108,431,724,969
28211,12,84,511,733,937
28212,62,84,113,146,192
28213,121,214,363,494,568
28214,37,112,261,436,548
28215,111,161,433,495,606
28216,0,149,431,610,773
28217,45,89,184,235,257
28226,10,303,818,1202,1565
28227,13,118,315,472,603
28262,91,205,380,502,593
28269,144,289,433,784,1115
28270,8,98,525,844,1115
28273,0,48,183,356,501
28277,92,185,1034,1718,2254
28278,24,65,351,621,890
28301,244,360,466,549,965
28303,251,363,501,596,1218
28304,120,251,395,538,1639
28305,52,83,148,204,371
28306,258,448,611,774,1698
28307,27,40,67,80,213
28311,251,404,565,664,1292
28312,120,229,280,338,790
28314,184,328,381,538,1576
28315,34,44,73,94,227
28326,0,0,0,0,0
28327,5,15,18,22,56
28333,3,7,12,15,34
28334,98,154,192,225,646
28339,34,66,86,109,254
28348,161,264,390,540,1504
28358,208,294,387,458,1246
28360,27,35,42,46,178
28371,65,82,95,107,242
28372,0,0,1,1,1
28373,1,1,1,2,21
28374,18,118,216,274,455
28376,30,42,57,75,147
28387,4,45,96,160,339
28390,55,73,118,167,463
28391,1,2,3,3,7
28394,0,0,0,0,1
28395,1,2,3,4,10
28401,274,396,533,602,1669
28403,304,499,626,778,1818
28405,180,371,621,821,2223
28409,55,454,774,1062,2644
28411,61,267,535,851,2601
28412,112,325,583,684,2143
28420,0,0,0,1,8
28422,16,24,33,39,160
28428,70,160,261,358,869
28429,13,24,37,45,199
28449,13,70,100,142,383
28451,2,4,5,6,37
28460,0,0,0,0,0
28461,48,85,103,136,487
28462,125,179,232,299,1174
28465,138,262,359,469,1467
28467,52,76,96,120,845
28468,59,130,194,232,754
28469,28,118,166,209,1066
28470,44,81,117,148,556
28479,0,1,1,2,9
28480,2,111,204,285,532
28513,1,1,1,1,2
28539,2,3,4,5,11
28540,166,268,434,562,1405
28543,3,5,11,14,51
28544,6,17,30,37,109
28546,180,308,475,591,1349
28547,21,42,69,80,195
28555,0,0,0,0,0
28590,70,152,254,349,716
28601,70,106,237,405,563
28602,46,103,144,205,272
28610,6,10,19,24,27
28612,0,15,33,44,55
28613,4,45,117,169,195
28619,0,1,1,1,1
28625,12,40,84,108,132
28630,14,28,56,82,104
28637,11,15,19,27,33
28638,16,33,41,44,52
28645,0,60,98,141,179
28650,0,15,39,62,80
28655,0,46,106,198,284
28658,0,12,74,102,148
28677,55,117,179,275,317
28681,0,2,4,8,11
28690,15,28,50,73,89
28701,11,22,31,37,58
28715,26,73,91,115,241
28730,2,8,15,20,36
28748,1,4,6,8,21
28778,3,7,11,14,49
28787,24,59,94,114,246
28801,109,214,338,414,683
28803,79,188,267,328,582
28804,49,201,383,511,858
28805,23,109,196,255,587
28806,23,234,386,562,1218
58042,0,0,0,0,0
58047,0,0,0,0,0
58078,45,45,45,45,45
58102,53,53,53,53,53
58103,40,40,40,40,40
58104,60,60,60,60,60
58201,0,0,0,0,0
58202,0,0,0,0,0
58203,8,8,8,8,8
58501,0,0,0,0,0
58503,33,33,33,33,33
58504,0,0,0,0,0
58554,0,0,0,0,0
68005,76,84,122,145,168
68007,7,14,41,92,150
68010,0,0,1,4,5
68022,14,110,234,378,488
68028,0,0,67,142,227
68030,0,0,0,0,0
68046,95,95,159,262,366
68059,0,0,0,0,1
68064,0,0,0,0,0
68069,12,22,31,41,52
68102,20,25,29,32,39
68104,66,110,124,161,227
68105,67,101,144,187,206
68106,129,177,210,215,247
68107,110,144,144,172,213
68108,16,33,58,78,103
68110,53,78,103,122,130
68111,90,130,155,185,195
68112,26,33,45,56,68
68113,0,0,1,1,1
68114,28,49,94,147,183
68116,39,39,48,202,376
68117,21,21,24,39,57
68118,9,37,106,155,202
68122,7,32,60,71,85
68123,0,26,85,170,221
68124,38,76,133,190,216
68127,85,128,144,170,181
68128,28,38,52,108,146
68130,31,94,207,313,463
68131,35,47,57,67,84
68132,28,50,89,117,136
68133,33,71,122,163,189
68134,107,137,183,213,266
68135,47,197,374,524,655
68136,28,84,163,242,304
68137,49,97,139,160,167
68138,0,28,43,79,106
68142,1,9,27,47,67
68144,0,0,64,110,155
68147,35,41,50,69,85
68152,2,19,26,42,52
68154,0,17,139,220,290
68157,0,7,19,29,37
68164,55,87,119,166,174
68317,0,0,0,1,1
68336,0,0,1,1,2
68339,0,0,1,1,2
68430,0,0,0,0,0
68462,0,0,0,0,1
68502,98,139,188,295,352
68503,19,58,77,89,104
68504,67,67,77,91,101
68505,50,61,106,123,162
68506,94,169,207,263,301
68507,23,35,64,82,141
68508,66,73,81,93,100
68510,51,72,130,181,224
68512,40,69,105,158,194
68514,0,0,0,0,0
68516,68,95,217,407,543
68517,0,1,1,2,2
68520,6,10,19,25,33
68521,95,134,162,200,248
68522,0,8,25,46,84
68523,1,16,29,56,71
68524,5,8,15,22,24
68526,23,57,106,150,162
68527,0,8,16,21,28
68528,6,15,17,36,44
68531,0,2,4,7,9
68731,1,1,2,4,10
68776,12,32,40,48,56
3032,18,460,1260,1301,1301
3034,0,39,119,121,121
3036,4,55,142,146,146
3038,114,1696,5078,5155,5166
3045,100,1041,3357,3440,3447
3046,3,36,97,101,101
3049,2,52,141,148,148
3051,99,1400,4385,4511,4511
3052,13,281,857,890,890
3053,127,1412,3854,3961,3961
3054,55,1204,3863,3962,3962
3060,164,1542,5551,5641,5647
3062,88,1496,5084,5209,5209
3063,67,807,2726,2790,2793
3064,70,804,2977,3041,3041
3076,29,765,2344,2417,2417
3079,149,1830,5203,5309,5315
3087,9,91,230,239,239
3101,22,167,455,468,473
3102,81,1367,5718,5770,5770
3103,96,2036,7918,7998,8014
3104,235,1954,7429,7550,7565
3106,97,1194,3755,3863,3863
3109,68,825,2927,2972,2972
3110,31,1328,3331,3477,3477
3224,0,2,6,6,6
3229,0,12,36,37,37
3234,0,7,22,22,22
3258,0,17,55,56,56
3275,52,742,2566,2595,2598
3301,165,1951,6479,6584,6591
3303,14,417,1418,1439,1442
3304,39,412,1032,1075,1075
3307,1,47,162,164,164
3801,80,1473,3908,4025,4025
3820,85,1614,4365,4463,4463
3823,3,22,46,49,49
3824,28,248,603,624,626
3833,2,22,63,65,65
3840,12,161,416,432,432
3854,8,121,281,294,294
3856,11,81,184,193,193
3857,19,279,862,871,873
3861,0,1,3,3,3
3862,5,68,181,186,186
3865,0,1,4,4,4
3867,0,1,4,4,4
3868,0,8,24,24,24
3869,6,106,293,299,299
3870,29,239,530,560,561
3878,18,637,1943,1955,1955
3885,22,169,409,426,426
7001,191,2261,2771,2828,2848
7002,734,8247,10667,10832,10952
7003,788,7119,9069,9210,9341
7004,268,533,2494,2690,2787
7005,185,417,2356,2582,2664
7006,395,986,4681,5060,5236
7008,334,4309,5350,5449,5482
7009,491,2180,2788,2925,2991
7010,279,2327,2931,2982,3028
7011,381,5566,6942,6999,7048
7012,211,2268,2880,2936,2972
7013,845,5628,7016,7237,7347
7014,127,1004,1238,1261,1283
7016,392,860,4466,4833,5021
7017,204,2759,3463,3498,3512
7018,257,2191,2740,2817,2837
7020,174,721,897,933,965
7021,107,267,329,356,373
7022,180,1694,2092,2136,2160
7023,274,1096,1365,1431,1471
7024,383,2659,3440,3573,3602
7026,423,4562,5770,5866,5931
7027,82,848,1099,1118,1129
7028,408,1026,1322,1421,1479
7029,205,1836,2331,2373,2399
7030,587,2248,2927,3096,3169
7031,284,2827,3624,3703,3744
7032,407,5378,6809,6928,6977
7033,102,218,2184,2310,2346
7034,62,148,1559,1685,1709
7035,26,72,875,934,952
7036,482,7948,9824,9955,10015
7039,665,1635,5466,6007,6385
7040,524,995,3736,4171,4399
7041,172,391,1188,1332,1400
7042,772,3051,3921,4125,4231
7043,612,1741,2225,2385,2471
7044,538,2069,2605,2760,2823
7045,175,489,1886,2101,2209
7046,72,170,394,454,492
7047,642,5845,7460,7638,7700
7050,283,2651,3305,3349,3390
7052,630,1439,7969,8625,8868
7054,357,748,4921,5311,5467
7055,309,5082,6228,6240,6291
7057,168,1913,2416,2448,2470
7058,82,202,1071,1161,1206
7059,466,926,2996,3290,3513
7060,329,4271,5246,5300,5359
7062,147,1660,2076,2115,2136
7063,112,1574,1918,1951,1961
7064,92,1084,1318,1346,1356
7065,337,4421,5499,5583,5617
7066,426,3098,3945,4035,4092
7067,617,3917,4904,5047,5135
7068,102,239,1251,1356,1409
7069,104,201,902,967,1003
7070,475,2751,3573,3709,3765
7071,459,3859,4911,5028,5090
7072,239,1509,1921,1973,2001
7073,197,1440,1841,1893,1920
7074,75,708,889,908,919
7075,327,1669,2126,2198,2239
7076,458,1164,4247,4721,4937
7077,77,618,783,792,801
7078,465,1053,2109,2423,2626
7079,288,595,2261,2514,2638
7080,689,4852,5991,6160,6254
7081,246,541,3048,3284,3426
7082,40,105,384,425,446
7083,694,1414,11726,12433,12716
7086,258,1214,1536,1602,1636
7087,361,4386,5701,5765,5794
7088,26,46,670,697,706
7090,799,1668,5272,5849,6179
7092,240,439,1426,1564,1664
7093,354,3751,4799,4883,4917
7094,544,2491,3191,3323,3388
7095,267,3127,3949,4018,4046
7102,102,716,888,904,914
7103,289,3008,3906,3962,3986
7104,368,4159,5247,5350,5399
7105,280,4941,6103,6171,6203
7106,298,3050,3835,3874,3898
7107,284,3444,4297,4319,4354
7108,368,2332,2892,2941,2986
7109,491,5433,6964,7050,7100
7110,760,4748,6133,6352,6436
7111,420,6006,7473,7549,7603
7112,274,2935,3571,3607,3633
7114,150,1567,2033,2060,2079
7201,165,3202,3964,3996,4024
7202,269,3811,4799,4838,4882
7203,220,2861,3533,3576,3616
7204,215,1870,2343,2404,2433
7205,374,3710,4546,4616,4677
7206,213,2900,3601,3620,3660
7208,156,2912,3585,3607,3621
7302,557,1890,2418,2536,2623
7304,522,4027,5190,5309,5357
7305,711,7116,9200,9342,9447
7306,431,3866,5095,5179,5242
7307,481,4565,5892,6002,6057
7310,39,107,141,150,155
7401,282,945,1177,1228,1277
7407,357,3560,4502,4576,4627
7410,1412,6204,7793,8230,8390
7417,662,1871,2308,2459,2564
7423,251,622,805,872,905
7424,546,4446,5414,5566,5622
7430,558,3372,4181,4312,4392
7432,252,1146,1466,1522,1560
7436,197,508,2357,2581,2674
7440,43,112,571,639,657
7442,23,60,583,611,625
7444,38,77,445,477,489
7446,502,2035,2547,2676,2742
7450,1184,3460,4346,4629,4787
7452,625,1879,2367,2490,2610
7458,713,1883,2433,2628,2716
7463,319,1472,1898,1975,2017
7470,838,1971,9924,10751,11261
7481,726,2584,3264,3413,3536
7501,302,2807,3404,3460,3485
7502,173,2155,2603,2635,2659
7503,173,2315,2829,2855,2873
7504,166,1360,1685,1716,1735
7505,47,379,455,464,469
7506,407,3467,4299,4401,4469
7508,508,3723,4624,4769,4823
7512,423,2863,3434,3527,3577
7513,54,1209,1494,1500,1511
7514,89,1736,2125,2147,2153
7522,160,2076,2477,2500,2527
7524,149,1547,1847,1874,1898
7601,334,4203,5364,5429,5457
7603,141,1271,1650,1679,1697
7604,320,2246,2839,2913,2957
7605,245,1154,1447,1504,1536
7606,50,532,665,680,686
7607,243,1746,2220,2273,2305
7620,58,164,199,214,223
7621,498,3932,4985,5109,5187
7624,427,1564,1980,2090,2148
7626,302,1283,1597,1667,1717
7627,215,741,950,995,1027
7628,336,2769,3559,3644,3685
7630,265,1330,1700,1765,1807
7631,545,3138,3933,4070,4158
7632,460,1291,1602,1725,1786
7640,191,709,900,937,969
7641,147,403,508,545,565
7642,373,1477,1878,1977,2026
7643,151,1648,2013,2044,2065
7644,466,3548,4476,4578,4648
7645,320,1184,1453,1535,1572
7646,353,2339,3004,3095,3143
7647,173,1023,1245,1291,1314
7648,224,929,1113,1150,1187
7649,440,1353,1720,1820,1884
7650,226,1970,2501,2561,2584
7652,874,5094,6680,6947,7025
7656,300,1225,1534,1622,1667
7657,212,1687,2148,2195,2235
7660,187,1726,2176,2217,2246
7661,432,1752,2218,2353,2408
7662,211,1144,1500,1549,1565
7663,444,2947,3816,3940,3996
7666,981,4945,6389,6648,6804
7670,562,1779,2256,2398,2487
7675,1087,4066,5114,5335,5517
7676,284,1256,1578,1633,1679
7677,296,835,1043,1124,1172
7701,361,821,4734,5006,5147
7702,123,248,992,1069,1128
7704,200,460,1325,1470,1566
7711,67,149,595,634,651
7712,460,965,6872,7154,7317
7716,137,247,1701,1775,1825
7717,67,147,895,940,965
7718,113,257,1617,1697,1757
7719,501,944,5798,6052,6267
7720,62,117,1422,1457,1474
7721,24,53,620,648,655
7722,101,198,727,781,828
7723,99,197,871,921,958
7724,259,596,4445,4622,4781
7726,838,1801,8480,9042,9404
7727,137,279,1677,1763,1801
7728,633,1691,10523,11133,11420
7730,331,560,4547,4678,4824
7731,524,1121,8396,8731,8984
7732,82,166,1180,1233,1263
7733,419,963,3591,3886,4102
7734,136,263,2794,2876,2926
7735,249,503,5007,5150,5266
7737,42,107,851,880,897
7738,127,275,990,1066,1124
7739,196,505,1483,1602,1691
7740,278,654,6188,6446,6558
7746,595,1260,4294,4664,4919
7747,404,1013,7192,7635,7849
7748,509,1030,5534,5815,6048
7750,113,222,884,937,983
7751,577,1159,4261,4564,4799
7753,476,960,8190,8498,8674
7755,80,213,1606,1675,1708
7756,54,86,1095,1120,1143
7757,146,247,1483,1588,1646
7758,64,177,1105,1159,1196
7760,295,623,1979,2176,2309
7762,243,591,3430,3580,3692
7764,169,319,2030,2151,2225
7801,126,301,3989,4260,4325
7803,30,80,912,970,989
7821,1,2,19,21,22
7828,83,188,2296,2449,2486
7834,193,486,3002,3302,3398
7836,188,418,2447,2674,2778
7838,0,1,4,5,5
7840,260,509,5411,5754,5855
7843,15,45,554,595,606
7847,8,24,529,554,558
7849,1,3,20,22,23
7850,59,109,1069,1145,1173
7852,34,98,759,819,835
7853,172,421,1375,1562,1640
7856,15,37,524,548,560
7857,24,67,751,794,810
7866,181,446,2881,3097,3185
7869,347,1036,3942,4359,4579
7874,49,94,1264,1397,1422
7876,222,470,2461,2672,2768
7878,0,1,80,85,85
7885,107,195,2012,2159,2192
7901,345,881,3048,3339,3501
7920,579,1339,4771,5227,5497
7921,88,182,941,1000,1043
7922,228,498,1713,1894,1993
7924,114,291,882,992,1040
7927,72,155,803,883,917
7928,309,835,2574,2896,3072
7930,121,259,828,940,991
7931,36,84,312,345,362
7932,176,442,2034,2186,2292
7933,69,146,588,650,684
7935,15,35,199,218,225
7936,204,620,2946,3219,3345
7940,332,735,2858,3096,3270
7945,242,546,1533,1706,1860
7946,94,195,616,694,735
7950,279,707,3645,3961,4086
7960,530,1245,5852,6519,6739
7974,201,424,1794,1955,2073
7980,64,135,552,600,630
7981,157,357,2042,2226,2292
8002,367,4118,4693,4794,4833
8003,1754,7432,7848,8085,8158
8004,314,2584,2644,2673,2695
8007,73,1043,1170,1187,1194
8009,328,3144,3209,3238,3244
8010,166,2354,2722,2750,2769
8012,816,8849,9032,9124,9179
8016,916,7708,8808,9018,9110
8020,6,28,30,31,31
8021,775,8134,8217,8301,8317
8022,123,312,1884,1968,2017
8023,1,79,79,79,79
8026,108,713,731,745,753
8027,157,1814,1848,1866,1868
8028,588,4854,4981,5047,5072
8029,79,1205,1383,1401,1408
8030,197,2998,3268,3301,3328
8031,137,2947,3294,3314,3334
8032,21,153,155,157,158
8033,619,2690,3149,3296,3343
8034,392,3482,3915,4045,4070
8035,220,1601,1854,1912,1937
8036,178,1380,1599,1649,1665
8037,533,3848,3932,3976,3996
8043,1405,6079,6291,6503,6602
8045,82,672,776,796,805
8046,561,8249,9506,9631,9670
8048,409,2765,3232,3326,3374
8049,74,1323,1489,1502,1514
8051,280,2010,2060,2094,2104
8052,175,3558,4005,4034,4062
8053,1528,11544,11950,12246,12271
8054,1257,9497,10811,11091,11215
8055,1041,4170,4382,4524,4579
8057,1237,4779,5750,6028,6171
8059,138,1568,1758,1780,1794
8060,355,4067,4747,4835,4864
8062,176,652,693,719,726
8063,42,783,858,871,875
8065,89,1311,1526,1548,1561
8066,230,2366,2417,2437,2444
8069,161,1459,1482,1491,1503
8070,379,4559,4620,4667,4676
8071,195,2109,2133,2163,2170
8075,666,6898,7898,8044,8117
8077,596,4405,5173,5297,5367
8078,117,2086,2309,2328,2345
8079,73,658,674,680,682
8080,1732,10723,11040,11210,11312
8081,1355,12309,12619,12851,12890
8083,334,2563,2619,2665,2684
8084,215,1688,1725,1759,1764
8085,3,17,17,18,18
8086,254,1925,1969,1995,2003
8088,12,97,101,102,103
8089,111,928,956,978,980
8090,263,2201,2245,2275,2286
8091,9,162,164,165,165
8093,132,2138,2354,2383,2392
8094,1519,10509,10762,10916,10993
8096,1197,9277,9520,9685,9715
8097,109,835,860,868,871
8102,82,848,982,991,1002
8103,234,2165,2458,2475,2500
8104,381,3169,3569,3635,3672
8105,230,3359,3687,3732,3755
8106,162,2241,2558,2600,2615
8107,194,2510,2793,2827,2847
8108,384,3326,3793,3844,3910
8109,349,4547,5082,5166,5197
8110,314,3943,4478,4557,4584
8201,88,697,706,712,717
8203,1206,5608,5787,5912,5954
8221,484,1858,1934,2001,2015
8223,215,1195,1228,1246,1249
8225,463,2703,2754,2808,2819
8226,2332,10496,10840,11063,11096
8230,191,988,1018,1033,1036
8232,506,4581,4623,4661,4689
8234,1624,10038,10226,10371,10413
8244,381,2927,2967,3003,3018
8270,4,23,24,24,24
8302,25,220,222,223,225
8310,41,404,409,413,414
8312,266,2195,2238,2273,2282
8318,199,2003,2042,2063,2073
8322,399,2725,2776,2807,2833
8326,57,497,501,503,505
8328,22,344,347,350,350
8330,13,105,107,108,108
8332,820,5395,5502,5575,5625
8340,3,31,31,31,31
8341,64,416,422,428,428
8343,234,1129,1167,1208,1217
8344,150,1619,1651,1668,1673
8346,4,132,132,132,132
8352,1,9,10,10,10
8360,1071,10903,11037,11104,11160
8361,493,3835,3944,3984,4012
8401,1006,5689,5765,5830,5859
8402,1014,4336,4529,4684,4698
8403,299,1098,1144,1175,1182
8406,692,4004,4134,4168,4197
8501,185,434,2138,2282,2366
8502,373,775,2205,2485,2648
8505,445,4309,4959,5056,5107
8510,54,126,384,427,447
8512,176,389,2363,2510,2597
8514,72,125,712,756,776
8515,204,479,1640,1781,1863
8518,109,1268,1422,1444,1458
8520,332,799,6133,6519,6688
8525,63,114,506,551,578
8527,359,840,8264,8526,8684
8533,0,0,2,2,2
8534,398,799,2997,3272,3448
8535,76,147,516,557,590
8536,343,2439,3042,3131,3169
8540,1819,7123,8904,9296,9555
8542,102,498,622,645,661
8550,519,1426,4759,5307,5586
8553,31,154,191,199,203
8554,77,766,883,900,912
8555,5,16,152,157,160
8558,272,680,862,934,969
8560,35,80,547,580,595
8562,5,11,139,141,143
8609,139,1708,2121,2147,2156
8610,445,6506,8080,8162,8228
8611,436,3722,4569,4669,4707
8618,543,5062,6212,6282,6333
8619,465,5127,6372,6464,6556
8620,250,426,3406,3604,3694
8628,160,1847,2295,2338,2357
8629,105,1645,2060,2076,2093
8638,551,4671,5839,5954,6015
8648,853,5595,6868,7099,7193
8690,481,4406,5418,5552,5597
8691,304,752,4134,4470,4601
8701,393,955,12588,12915,13033
8720,35,67,207,223,236
8721,59,125,1246,1280,1307
8722,112,204,2749,2820,2855
8723,347,734,9426,9753,9882
8724,489,966,12073,12274,12462
8730,125,280,1317,1405,1458
8731,0,0,7,7,7
8732,16,40,431,442,451
8733,30,48,581,593,601
8735,242,550,5181,5362,5484
8736,418,955,4406,4714,4908
8738,149,286,964,1041,1115
8740,8,44,900,913,915
8741,40,79,640,661,676
8742,665,1222,9044,9415,9669
8750,179,401,1772,1926,2018
8751,300,601,2765,2903,3013
8752,80,182,1577,1622,1654
8753,1051,1880,17310,17936,18416
8755,302,772,6380,6535,6656
8757,378,785,13625,13779,13905
8759,395,4954,5014,5040,5065
8804,12,23,162,175,177
8805,202,2021,2463,2499,2521
8807,559,1298,5959,6601,6753
8810,289,1681,2100,2180,2218
8812,536,2365,3027,3157,3218
8816,796,1869,9397,10055,10384
8817,854,7238,8982,9158,9260
8820,1407,6153,7752,8118,8334
8823,135,1273,1614,1644,1662
8824,765,2661,3400,3588,3680
8828,20,39,486,504,514
8830,415,2997,3790,3897,3944
8831,798,1972,14164,14947,15494
8832,43,283,350,360,366
8835,266,2465,3067,3128,3169
8836,135,289,866,980,1050
8837,268,2481,3097,3144,3192
8840,641,3142,3942,4109,4181
8844,887,1783,7701,8357,8695
8846,257,2831,3536,3583,3620
8848,7,18,151,161,164
8850,344,2204,2666,2749,2797
8852,474,2596,3230,3335,3389
8854,996,8123,10463,10734,10831
8857,436,1002,8482,9020,9178
8859,194,411,4199,4402,4483
8861,439,6617,8134,8209,8259
8863,344,2529,3157,3213,3265
8865,305,548,8222,8788,8895
8869,182,1522,1931,1969,1997
8872,171,365,4222,4416,4479
8873,1382,9970,12274,12581,12761
8876,166,334,2545,2699,2781
8879,147,317,5367,5571,5644
8880,35,783,972,979,982
8882,148,358,4188,4340,4430
8884,93,197,1866,1965,2012
8886,63,166,1003,1095,1132
8901,558,4933,6074,6143,6249
8902,609,5955,7263,7444,7496
8904,237,1891,2386,2418,2458
87002,3516,5179,5216,5216,5216
87004,7,10,10,10,10
87008,432,632,635,635,635
87015,737,1128,1133,1133,1133
87022,67,98,99,99,99
87031,4877,7084,7113,7113,7113
87035,744,1171,1177,1177,1177
87042,796,1173,1181,1181,1181
87047,150,223,223,223,223
87048,3001,4444,4444,4444,4444
87059,455,674,675,675,675
87068,923,1349,1350,1350,1350
87102,5351,7731,7793,7793,7793
87104,3370,4961,4976,4976,4976
87105,14427,20837,20900,20900,20900
87106,6223,8743,8831,8831,8831
87107,9589,13956,14040,14040,14040
87108,7546,10678,10775,10775,10775
87109,8762,12553,12578,12578,12578
87110,10590,15429,15491,15491,15491
87111,13453,19276,19431,19431,19431
87112,10901,15881,15945,15945,15945
87113,4258,6204,6210,6210,6210
87114,15172,21513,21665,21665,21665
87116,1115,1591,1591,1591,1591
87120,14689,21296,21361,21361,21361
87121,14637,21028,21154,21154,21154
87122,2532,3690,3697,3697,3697
87123,9443,13702,13771,13771,13771
87124,13417,20288,20329,20329,20329
87144,1659,2406,2409,2409,2409
87401,4434,11174,11218,11218,11218
87402,1066,2678,2694,2694,2694
87501,5440,8310,8343,8343,8343
87505,8522,12984,13049,13049,13049
87506,1258,1851,1868,1868,1868
87507,8987,13834,13848,13848,13848
87508,2098,3288,3301,3301,3301
88001,1445,11859,12040,12040,12040
88005,959,10362,10435,10435,10435
88007,484,5654,5688,5688,5688
88008,22,326,327,327,327
88011,794,7938,8010,8010,8010
88012,438,5674,5691,5691,5691
88047,2,21,21,21,21
88063,415,2711,2766,2766,2766
89002,199,10854,11075,11075,11075
89005,180,5473,5631,5631,5631
89011,231,7727,7934,7934,7934
89012,288,10759,11069,11069,11069
89014,57,9292,9434,9434,9434
89015,267,12501,12717,12717,12717
89030,211,6883,7037,7037,7037
89032,159,7808,7943,7943,7943
89044,0,2,2,2,2
89052,309,11976,12359,12359,12359
89074,374,15223,15549,15549,15549
89101,269,6900,7084,7084,7084
89102,86,7047,7190,7190,7190
89103,202,9479,9623,9623,9623
89104,208,10214,10401,10401,10401
89106,204,6633,6810,6810,6810
89107,161,9329,9481,9481,9481
89108,334,16469,16686,16686,16686
89109,65,1201,1246,1246,1246
89110,441,16604,16961,16961,16961
89113,248,7804,8012,8012,8012
89115,64,3472,3532,3532,3532
89117,516,15704,16155,16155,16155
89118,147,5507,5637,5637,5637
89119,206,8110,8250,8250,8250
89120,90,6857,6933,6933,6933
89121,397,14478,14728,14728,14728
89122,238,13747,13971,13971,13971
89123,315,16273,16588,16588,16588
89128,81,9944,10095,10095,10095
89129,339,13870,14152,14152,14152
89130,28,1098,1117,1117,1117
89134,209,11384,11628,11628,11628
89135,468,10720,11121,11121,11121
89138,110,2289,2433,2433,2433
89139,129,12658,12903,12903,12903
89141,281,8452,8768,8768,8768
89142,158,8171,8287,8287,8287
89144,233,6127,6309,6309,6309
89145,208,7265,7435,7435,7435
89146,100,4876,4986,4986,4986
89147,395,14298,14605,14605,14605
89148,189,8768,8984,8984,8984
89156,197,6418,6569,6569,6569
89158,1,22,23,23,23
89166,0,11,11,11,11
89169,85,2767,2841,2841,2841
89178,130,4179,4317,4317,4317
89183,182,8975,9084,9084,9084
89403,1,54,55,55,55
89410,1,50,51,51,51
89423,73,4166,4299,4299,4299
89431,48,9372,9486,9486,9486
89433,31,6177,6246,6246,6246
89434,0,7123,7231,7238,7238
89436,92,12825,13167,13167,13167
89439,6,117,120,120,120
89441,81,3803,4033,4033,4033
89501,13,597,620,621,621
89502,0,9898,10069,10069,10069
89503,84,7504,7689,7689,7689
89506,118,11575,11835,11835,11835
89508,0,726,734,734,734
89509,61,9771,10094,10094,10094
89510,0,47,48,48,48
89511,9,8112,8557,8557,8557
89512,112,5241,5358,5358,5358
89519,4,3378,3632,3632,3632
89521,133,9071,9478,9478,9478
89523,21,10302,10654,10654,10654
89701,66,8098,8288,8288,8288
89703,28,2983,3101,3101,3101
89705,10,1922,1959,1959,1959
89706,70,6258,6334,6334,6334
10001,0,3,30,57,81
10002,6,22,52,96,121
10003,0,11,104,195,269
10004,0,2,7,12,16
10005,0,1,4,6,8
10006,0,0,4,8,11
10007,0,1,12,23,31
10009,21,42,91,116,146
10010,3,7,37,62,81
10011,4,30,119,186,230
10012,8,23,70,120,156
10013,5,10,97,147,204
10014,0,5,86,164,221
10016,4,7,48,88,123
10017,1,2,8,16,23
10018,0,4,27,48,69
10019,1,10,48,86,110
10021,0,2,38,72,105
10022,0,6,34,62,87
10023,3,13,59,92,137
10024,1,9,76,143,199
10025,2,18,95,152,196
10026,6,17,39,70,89
10027,10,42,86,145,208
10028,4,6,57,114,160
10029,24,54,78,105,136
10030,2,15,33,48,65
10031,0,10,43,74,100
10032,8,16,26,45,58
10033,12,21,42,55,72
10034,3,9,25,34,44
10035,10,29,63,85,110
10036,8,14,34,55,77
10037,2,8,15,24,30
10038,2,6,18,28,35
10039,4,10,16,20,25
10040,3,8,15,21,33
10044,0,1,4,6,8
10065,4,8,45,81,102
10069,0,0,1,2,3
10075,4,6,29,49,66
10128,7,18,55,103,144
10280,0,1,2,4,5
10282,0,0,2,5,6
10301,44,156,317,444,561
10302,10,86,166,252,322
10303,0,17,173,303,433
10304,77,250,501,655,802
10305,8,77,317,518,758
10306,0,176,482,729,1011
10307,6,70,203,297,379
10308,34,134,380,626,822
10309,26,217,500,815,1032
10310,27,100,258,380,507
10312,66,119,569,1045,1508
10314,136,170,731,1258,1819
10451,15,42,61,76,97
10452,15,36,52,75,91
10453,35,73,120,142,161
10454,10,58,92,124,157
10455,13,46,62,90,105
10456,35,97,150,190,230
10457,29,81,124,171,228
10458,43,85,117,137,156
10459,20,57,105,129,162
10460,42,94,141,174,213
10461,20,93,193,278,342
10462,18,62,151,198,264
10463,20,41,85,108,135
10464,0,0,1,1,1
10465,10,17,38,54,72
10466,67,161,330,491,639
10467,30,108,176,236,292
10468,27,45,68,90,112
10469,118,245,499,685,821
10470,10,38,82,139,172
10471,0,23,70,111,156
10472,66,114,196,325,443
10473,20,68,129,233,321
10474,25,52,69,84,106
10475,3,7,13,19,25
10501,0,2,33,60,88
10502,7,44,151,261,343
10504,0,10,229,436,610
10505,0,0,0,0,0
10506,6,40,104,159,221
10507,9,23,80,135,178
10510,11,25,244,443,572
10511,5,17,40,62,84
10514,0,77,290,487,653
10516,0,2,5,35,76
10517,0,0,1,1,2
10520,0,67,208,353,486
10522,5,8,108,209,292
10523,15,20,100,174,233
10524,0,1,1,10,22
10526,0,0,0,0,0
10527,0,0,0,0,0
10528,3,5,31,57,77
10530,7,33,125,216,272
10532,0,5,86,164,236
10533,0,6,155,259,350
10536,4,29,246,462,631
10537,0,1,2,13,26
10538,2,6,27,43,60
10541,0,0,0,0,1
10543,1,4,14,24,32
10546,0,5,27,42,56
10547,8,49,90,137,171
10548,0,5,50,76,106
10549,23,115,244,359,485
10550,82,112,182,303,363
10552,15,29,116,189,276
10553,7,18,68,101,127
10560,0,0,0,0,0
10562,26,160,300,460,641
10566,62,73,175,285,373
10567,0,5,9,142,426
10570,0,57,220,380,502
10573,0,139,456,703,906
10576,0,2,10,20,28
10577,0,32,132,214,296
10578,0,0,0,0,0
10579,0,0,0,8,15
10580,2,22,96,163,215
10583,0,223,996,1606,2170
10588,0,10,40,59,75
10589,0,0,0,0,9
10591,9,28,184,334,450
10594,1,23,113,189,256
10595,34,90,168,246,321
10596,3,8,15,18,21
10598,0,99,532,842,1158
10601,0,10,23,36,50
10603,10,28,136,257,354
10604,0,0,119,249,319
10605,35,52,283,472,664
10606,17,59,132,191,245
10607,0,14,121,200,286
10701,115,242,352,484,572
10703,17,86,134,180,240
10704,46,134,293,473,576
10705,0,35,165,262,312
10706,0,25,116,202,295
10707,11,25,123,206,276
10708,7,38,175,284,382
10709,6,41,171,305,404
10710,9,45,256,435,601
10801,20,58,151,259,355
10803,2,57,260,407,540
10804,3,70,381,578,771
10901,0,13,39,197,369
10913,0,0,3,91,174
10920,0,0,0,147,269
10923,7,11,12,84,135
10927,20,31,37,88,130
10931,0,0,1,3,7
10952,0,13,30,135,241
10954,0,33,56,255,432
10956,0,0,116,594,992
10960,0,0,10,159,302
10962,0,1,7,105,210
10964,0,2,3,25,49
10965,0,0,19,184,356
10968,1,2,2,22,39
10970,18,19,25,76,130
10974,0,0,0,2,3
10976,0,4,10,25,43
10977,0,20,75,197,360
10980,0,0,41,243,388
10983,0,0,0,80,180
10984,0,0,0,37,78
10986,0,2,7,24,42
10989,0,8,19,111,190
10993,0,0,11,29,52
10994,9,15,24,139,240
11001,24,127,364,721,1030
11003,63,233,574,896,1201
11004,13,57,124,172,232
11005,0,1,1,1,2
11010,0,0,7,256,526
11020,0,1,4,59,143
11021,0,0,0,80,186
11023,0,4,4,51,138
11024,0,0,0,43,129
11030,0,15,30,352,759
11040,0,265,895,1458,1966
11050,5,13,18,131,301
11096,13,40,74,126,183
11101,16,57,239,412,555
11102,0,13,80,143,203
11103,33,93,167,224,275
11104,10,26,43,63,72
11105,8,65,168,267,358
11106,15,47,132,200,269
11109,0,0,0,0,0
11201,22,54,277,492,580
11203,56,111,296,537,870
11204,0,27,198,378,468
11205,14,64,139,227,332
11206,32,133,215,305,377
11207,209,387,532,644,765
11208,116,391,569,774,988
11209,72,138,355,594,797
11210,70,181,341,481,641
11211,44,152,343,519,658
11212,95,216,332,448,553
11213,66,120,197,254,343
11214,80,169,374,587,730
11215,24,257,735,1147,1439
11216,56,149,273,382,498
11217,14,143,323,550,704
11218,0,24,301,505,667
11219,91,141,290,439,522
11220,0,134,268,378,528
11221,74,247,395,562,729
11222,0,92,330,532,651
11223,175,314,627,793,904
11224,33,87,136,185,242
11225,2,75,115,162,220
11226,37,78,165,280,386
11228,69,104,347,541,790
11229,178,240,554,794,1066
11230,0,114,363,518,626
11231,48,116,363,538,661
11232,18,79,141,197,269
11233,96,146,313,414,590
11234,68,305,898,1575,1880
11235,36,121,313,540,732
11236,202,417,786,1000,1131
11237,24,72,150,232,300
11238,22,53,260,431,570
11239,2,4,6,7,10
11249,4,40,109,159,233
11354,45,130,240,281,326
11355,62,113,258,381,469
11356,19,38,113,178,246
11357,0,78,368,611,846
11358,0,19,176,383,578
11360,11,68,132,182,239
11361,5,77,251,367,488
11362,9,48,138,238,310
11363,6,29,85,149,187
11364,51,154,297,456,553
11365,47,116,306,421,543
11366,13,97,160,245,299
11367,27,137,199,295,343
11368,6,55,158,261,389
11369,12,85,136,182,267
11370,9,58,114,181,216
11372,16,36,76,124,159
11373,17,50,138,227,337
11374,22,49,121,161,212
11375,15,114,282,392,517
11377,63,115,195,310,407
11378,0,72,241,391,529
11379,12,92,301,442,614
11385,58,115,334,611,818
11411,25,46,277,399,525
11412,0,66,304,503,668
11413,46,175,328,510,632
11414,26,146,349,515,687
11415,1,20,41,68,87
11416,3,63,135,190,233
11417,0,62,191,300,366
11418,36,105,188,246,292
11419,34,91,245,342,462
11420,7,144,309,538,696
11421,0,75,167,276,382
11422,0,84,200,332,464
11423,41,103,206,317,419
11426,0,38,140,247,307
11427,37,126,223,266,322
11428,15,41,159,241,337
11429,22,74,215,337,451
11432,14,100,182,253,349
11433,63,88,196,284,367
11434,65,292,430,559,746
11435,0,101,174,257,307
11436,15,36,134,208,288
11501,0,0,0,185,348
11507,0,0,0,95,196
11509,0,0,0,58,119
11510,0,0,41,489,771
11514,3,4,4,26,72
11516,2,28,109,175,242
11518,0,0,14,131,231
11520,41,49,65,227,543
11530,0,0,0,362,911
11542,0,0,110,320,572
11545,0,0,0,218,552
11548,0,7,11,29,52
11550,0,8,98,295,544
11552,0,11,22,259,562
11553,33,56,89,140,280
11554,0,0,48,441,872
11557,4,7,11,140,261
11558,5,20,28,110,175
11559,14,89,211,316,415
11560,0,8,14,124,272
11561,0,17,25,381,695
11563,0,0,31,283,505
11565,0,18,27,150,308
11566,9,9,57,654,1327
11568,3,6,6,98,215
11569,0,0,0,36,68
11570,0,23,45,279,625
11572,0,0,18,415,866
11575,0,0,0,64,171
11576,0,15,31,243,457
11577,0,0,0,202,366
11579,3,5,5,105,182
11580,71,213,576,958,1242
11581,22,219,465,667,875
11590,0,0,0,386,863
11596,0,0,0,165,311
11598,0,0,3,106,358
11691,46,122,296,408,546
11692,35,66,128,172,203
11693,7,35,81,119,163
11694,21,96,246,325,407
11701,0,0,0,157,352
11702,0,8,16,201,419
11703,5,14,23,208,352
11704,0,0,20,337,664
11705,0,5,16,115,269
11706,0,108,356,805,1347
11710,0,41,41,564,1262
11713,0,35,66,135,214
11714,0,0,14,176,554
11715,4,4,5,50,113
11716,0,0,19,147,275
11717,0,21,21,279,784
11718,0,0,0,66,113
11719,0,2,17,47,97
11720,24,32,48,136,463
11721,0,5,12,83,165
11722,0,21,50,206,369
11724,0,0,3,76,159
11725,0,0,0,456,895
11726,16,28,48,120,253
11727,0,19,50,213,339
11729,0,0,17,198,585
11730,0,8,8,162,336
11731,0,0,0,337,867
11732,0,0,22,89,139
11733,0,0,0,144,369
11735,28,56,74,491,990
11738,8,16,16,144,293
11739,0,0,0,20,41
11740,0,0,16,166,280
11741,0,0,14,212,525
11742,0,0,0,101,212
11743,0,0,65,511,1143
11746,0,17,33,880,1943
11747,0,25,30,192,521
11749,0,1,2,24,64
11751,0,22,56,116,358
11752,6,16,25,170,294
11753,0,0,7,232,512
11754,0,0,23,187,463
11755,0,0,27,103,308
11756,0,0,35,452,846
11757,0,0,23,229,534
11758,0,63,126,725,1764
11762,0,0,48,379,716
11763,6,12,41,129,321
11764,0,1,6,40,76
11765,0,0,1,19,38
11766,0,0,3,101,321
11767,10,27,38,168,373
11768,0,0,0,274,731
11769,0,3,35,163,387
11771,0,13,24,187,357
11772,24,109,267,643,910
11776,6,25,37,149,403
11777,0,0,0,55,112
11779,0,49,73,358,546
11780,0,5,10,265,591
11782,35,45,55,315,566
11783,0,0,6,354,720
11784,0,0,0,188,370
11787,27,92,119,549,1144
11788,4,9,17,246,462
11790,0,0,0,109,365
11791,0,0,32,414,1106
11793,0,0,9,605,1145
11795,0,0,0,419,793
11796,0,4,11,64,127
11797,0,7,19,219,424
11798,0,0,14,122,258
11801,0,0,70,634,1257
11803,9,44,53,548,1150
11804,0,3,11,79,197
11901,0,7,90,146,306
11930,0,0,0,75,211
11932,0,0,2,79,204
11933,0,0,3,47,78
11934,0,0,13,131,244
11935,0,4,12,62,112
11937,0,0,21,247,650
11939,0,0,1,21,44
11940,0,0,0,52,169
11941,0,1,4,39,69
11942,0,0,0,57,184
11944,0,2,33,77,163
11946,10,36,77,299,500
11948,0,0,3,7,11
11949,0,0,3,23,36
11950,0,0,14,123,201
11951,0,0,32,87,174
11952,0,0,0,3,7
11953,0,0,1,1,1
11954,0,0,0,85,304
11955,0,7,16,23,26
11957,0,0,5,46,89
11958,0,0,0,3,5
11960,0,0,0,25,59
11962,0,4,11,69,118
11963,0,0,4,170,336
11964,0,0,2,22,62
11965,0,14,32,69,103
11967,0,11,75,250,442
11968,0,8,48,580,1151
11971,0,10,13,137,287
11976,14,21,36,204,398
11977,0,2,3,65,132
11978,0,0,17,140,309
11980,0,2,2,18,26
12008,0,0,0,0,0
12009,0,0,0,0,15
12018,0,0,0,0,0
12019,0,0,0,0,0
12033,0,0,0,4,18
12047,0,0,0,0,63
12054,0,0,0,0,65
12056,0,0,0,0,1
12061,0,0,0,0,6
12063,0,0,0,0,1
12065,0,0,0,0,0
12067,0,0,1,2,4
12077,0,0,0,0,27
12084,0,0,0,1,6
12085,0,0,0,1,2
12110,0,0,0,24,49
12118,0,0,0,0,2
12121,0,0,0,0,0
12123,0,0,0,0,0
12140,0,0,1,2,3
12144,0,0,0,0,35
12148,0,0,0,9,41
12150,0,0,0,0,0
12154,0,0,0,0,0
12158,0,0,0,10,39
12159,0,0,0,5,83
12180,0,0,0,0,0
12182,0,0,0,4,57
12183,1,1,2,2,3
12186,3,10,20,45,119
12188,0,0,0,0,56
12189,0,0,0,33,129
12196,0,0,0,0,0
12198,0,0,0,0,0
12202,0,0,0,37,81
12203,0,0,0,7,77
12204,0,0,0,0,0
12205,0,0,36,54,82
12206,0,0,22,114,169
12207,0,0,0,1,13
12208,0,0,31,125,167
12209,0,0,0,12,23
12210,0,0,0,20,45
12211,0,0,0,7,105
12222,0,0,0,0,0
12302,0,0,6,19,44
12303,0,0,0,9,109
12304,0,0,6,45,107
12305,0,0,0,7,13
12306,0,0,17,42,151
12307,0,0,0,31,74
12308,0,0,17,47,93
12309,16,40,55,63,182
12401,0,0,0,237,502
12411,0,0,0,0,1
12417,0,0,0,1,4
12419,0,0,0,2,3
12432,0,0,0,0,0
12440,0,1,3,4,7
12443,0,3,3,15,51
12449,0,0,0,17,34
12456,0,0,0,0,1
12466,0,0,1,8,23
12471,0,1,7,12,16
12472,0,0,2,5,11
12475,0,0,0,0,0
12477,0,3,6,22,41
12484,0,0,0,0,0
12486,0,3,6,15,23
12487,0,4,9,27,64
12498,0,0,0,0,1
12508,27,50,78,143,232
12512,0,0,0,0,1
12518,2,2,4,31,54
12520,2,3,3,24,53
12524,0,0,14,61,169
12525,0,0,1,2,6
12528,0,24,45,69,244
12533,0,1,1,6,16
12538,0,0,31,71,153
12542,0,0,0,20,58
12547,1,4,9,32,66
12548,0,0,0,5,14
12549,0,0,0,1,2
12550,0,0,107,261,522
12553,0,13,31,132,289
12561,0,0,0,49,182
12569,0,0,0,30,68
12572,0,0,0,2,3
12575,0,0,0,4,14
12577,0,0,0,0,1
12578,0,0,0,3,9
12580,0,0,0,27,52
12586,0,0,4,9,19
12589,0,0,5,22,47
12590,0,40,56,223,414
12601,23,77,131,223,438
12603,0,0,0,241,535
12801,0,0,0,41,66
12803,0,0,0,0,16
12804,0,0,22,43,76
12827,0,0,0,0,0
12828,0,0,0,5,20
12831,0,0,0,1,2
12839,0,0,0,6,15
12845,0,0,0,4,11
12901,0,0,0,29,82
12903,0,0,0,0,0
12918,0,0,0,0,0
12962,0,0,0,0,0
13021,0,0,0,0,0
13027,0,0,0,0,34
13029,0,0,0,5,16
13030,0,0,0,0,8
13031,0,0,0,0,11
13039,0,0,0,0,6
13041,0,0,12,19,27
13057,0,0,0,0,17
13060,0,0,0,0,0
13066,0,0,0,0,35
13068,0,0,0,0,0
13073,0,0,0,0,0
13078,0,0,0,0,18
13082,0,0,0,4,15
13084,0,0,0,0,1
13088,0,0,0,0,19
13090,0,0,0,0,59
13104,0,0,0,29,51
13108,0,0,0,4,8
13112,0,0,0,0,0
13116,0,0,5,15,20
13120,0,0,0,1,4
13132,0,0,0,0,0
13135,0,0,1,2,3
13152,0,0,0,0,3
13164,0,0,0,0,0
13202,0,0,0,3,36
13203,0,0,0,28,65
13204,0,0,0,0,90
13205,0,0,0,7,90
13206,0,0,26,47,63
13207,0,0,0,17,63
13208,0,0,0,0,124
13209,0,0,0,0,0
13210,0,0,0,46,135
13211,0,0,0,10,26
13212,0,0,32,84,116
13214,0,5,16,16,21
13215,0,0,0,0,0
13219,0,10,31,62,124
13224,0,0,0,10,51
13319,0,0,0,0,0
13323,0,0,0,0,0
13340,0,0,0,0,3
13354,0,0,0,0,0
13403,0,0,3,5,8
13413,0,0,0,0,57
13417,0,0,1,9,13
13424,0,0,0,6,16
13456,0,0,0,0,0
13492,0,0,16,29,86
13495,0,0,0,0,0
13501,0,0,0,60,129
13502,0,0,0,0,60
13601,0,0,0,6,61
13603,0,0,1,6,10
13612,0,0,0,0,1
13616,0,0,0,0,0
13634,0,0,0,0,0
13637,0,0,0,0,3
13748,0,0,0,0,0
13760,0,0,0,10,90
13790,0,0,43,58,87
13795,0,0,0,0,2
13827,0,0,0,0,0
13850,0,0,0,0,13
13901,0,0,0,0,0
13903,0,0,0,0,10
13904,0,0,0,0,0
13905,0,0,0,0,42
14004,0,0,0,0,0
14026,0,0,0,0,0
14031,0,0,0,0,0
14032,0,0,0,0,0
14043,0,0,0,0,0
14051,0,0,0,6,19
14052,0,0,0,0,0
14059,0,0,0,0,0
14068,0,0,0,0,15
14072,0,0,0,0,12
14075,0,0,0,0,0
14086,0,0,0,0,47
14092,0,0,14,46,85
14094,0,0,0,0,0
14120,0,0,146,227,324
14127,0,0,0,14,55
14131,0,0,0,0,0
14132,0,0,0,0,5
14150,0,0,66,281,330
14174,0,0,0,0,0
14201,0,0,0,44,97
14202,0,0,0,9,14
14203,0,0,0,0,11
14204,0,0,0,0,29
14206,0,0,0,0,51
14207,0,0,0,0,135
14208,0,0,0,23,55
14209,0,0,7,36,71
14210,0,0,0,0,24
14211,0,0,31,171,233
14212,0,0,0,34,97
14213,0,0,0,12,106
14214,0,0,0,0,20
14215,0,0,0,179,434
14216,0,0,0,65,143
14217,0,0,0,0,8
14218,0,0,0,0,0
14219,0,0,0,0,26
14220,0,0,15,54,123
14221,0,0,0,0,36
14222,0,0,0,9,17
14223,0,0,0,43,87
14224,0,0,0,0,15
14225,0,0,0,27,67
14226,0,0,58,96,144
14227,0,0,0,0,34
14228,0,0,0,0,0
14301,0,0,0,52,196
14303,0,0,0,6,45
14304,0,0,65,130,184
14305,0,0,0,0,93
14428,0,0,0,0,3
14445,0,0,2,10,18
14450,0,0,0,0,0
14467,0,0,0,0,5
14468,0,0,6,23,35
14472,0,0,0,0,1
14506,0,0,0,0,0
14514,0,0,8,20,25
14526,0,0,0,0,0
14534,0,0,0,0,0
14543,0,0,0,0,0
14546,0,0,0,0,0
14559,0,0,5,9,56
14564,0,0,0,0,11
14580,0,0,0,0,0
14586,0,0,1,2,3
14604,0,0,0,0,0
14605,0,0,0,0,14
14606,0,0,0,0,9
14607,0,0,0,0,0
14608,0,0,0,27,52
14609,0,0,0,0,11
14610,0,0,3,9,27
14611,0,0,0,0,0
14612,0,0,0,76,98
14613,0,0,0,0,36
14614,0,0,0,0,1
14615,0,0,0,0,12
14616,0,0,0,83,133
14617,0,0,0,0,0
14618,0,0,0,0,0
14619,0,0,0,0,10
14620,0,0,0,0,0
14621,0,0,0,0,105
14622,0,0,0,0,37
14623,0,0,0,0,65
14624,0,0,0,12,36
14625,0,0,0,6,15
14626,0,0,0,0,0
14850,0,0,0,0,0
14882,0,0,0,0,0
14883,0,0,0,0,0
43004,8,31,84,130,183
43015,0,0,0,0,0
43016,0,0,38,103,178
43017,0,0,12,106,201
43021,25,35,41,51,64
43026,0,16,16,16,33
43031,2,2,3,3,3
43035,26,38,89,136,183
43054,27,124,220,309,378
43062,7,10,12,12,14
43064,1,1,1,1,4
43065,0,19,19,19,74
43068,198,198,255,283,311
43081,48,95,175,223,255
43082,33,33,58,156,263
43085,163,190,231,265,306
43109,0,0,0,0,0
43110,20,26,28,35,37
43119,42,42,49,63,77
43123,29,39,78,117,147
43125,6,7,9,9,12
43147,131,185,218,267,284
43201,183,229,252,263,315
43202,111,133,138,160,169
43203,54,58,64,71,79
43204,279,293,306,306,320
43205,32,32,42,74,85
43206,66,74,107,139,180
43207,200,212,249,262,262
43209,85,92,121,178,227
43211,177,233,242,258,274
43212,50,65,75,131,186
43213,86,102,109,125,172
43214,77,100,147,193,278
43215,25,44,60,69,78
43219,98,114,131,147,155
43220,51,102,175,233,299
43221,0,102,255,347,428
43222,25,26,36,42,48
43223,163,215,258,301,327
43224,199,222,222,233,255
43227,172,179,193,207,214
43228,123,165,219,302,343
43229,113,113,147,170,192
43230,159,302,366,446,509
43231,42,47,57,57,57
43232,79,136,147,170,181
43235,137,222,243,285,317
43240,11,16,20,20,22
43402,4,5,5,6,6
43412,0,0,0,0,0
43430,2,3,4,5,5
43434,0,0,0,0,0
43443,0,0,0,0,0
43447,3,3,8,11,14
43460,18,29,33,33,40
43463,0,0,0,0,0
43465,42,42,44,46,48
43469,0,0,0,0,0
43504,0,0,0,0,0
43528,69,84,111,132,158
43537,10,10,10,29,29
43542,13,13,27,59,71
43551,67,67,67,162,256
43558,3,3,4,4,7
43560,81,81,81,99,180
43566,2,2,5,15,25
43571,0,0,0,2,13
43604,96,113,117,136,162
43605,232,250,321,375,401
43606,92,109,109,138,149
43607,90,97,112,112,149
43608,113,147,175,209,237
43609,154,168,175,182,188
43610,25,30,37,38,43
43611,121,129,137,144,144
43612,73,104,115,136,177
43613,28,46,55,55,83
43614,71,95,134,166,189
43615,157,187,216,226,236
43616,15,23,30,38,60
43617,9,11,11,11,19
43619,10,16,26,36,42
43620,10,17,22,29,40
43623,0,0,10,15,25
43701,370,393,404,427,474
43830,9,9,10,10,12
43913,1,1,3,3,3
43926,3,3,3,3,4
43938,13,13,15,16,18
43943,0,0,0,0,0
43952,158,175,202,213,240
43953,13,15,16,18,19
43961,13,14,14,14,15
43964,36,38,43,45,54
44001,0,0,0,0,0
44011,52,63,63,75,103
44012,12,12,12,47,71
44017,17,40,40,45,45
44022,15,15,19,29,51
44024,15,16,18,22,29
44026,4,4,6,8,11
44028,16,27,31,55,101
44035,145,174,203,262,291
44039,25,42,51,93,119
44040,2,5,7,12,24
44044,0,0,0,5,9
44045,1,1,1,1,1
44050,0,0,0,0,0
44052,81,81,111,118,133
44053,0,0,3,4,5
44054,0,0,0,2,9
44055,26,58,74,95,122
44056,0,0,0,4,35
44060,19,39,58,58,97
44067,6,19,32,39,64
44070,166,166,225,234,283
44074,1,1,1,1,1
44077,25,50,50,62,87
44087,0,7,13,20,27
44092,0,0,11,11,23
44094,0,11,22,22,44
44095,58,58,58,58,81
44102,304,340,389,450,559
44103,211,249,283,316,338
44104,123,138,152,197,226
44105,199,298,326,355,369
44106,100,122,135,166,192
44107,0,0,0,27,68
44108,104,118,139,181,195
44109,151,164,189,202,227
44110,111,146,169,180,192
44111,188,202,202,217,260
44112,206,206,231,250,268
44113,114,138,138,150,183
44114,46,50,54,63,69
44115,57,64,69,75,86
44116,0,0,11,49,115
44117,80,87,104,119,126
44118,0,10,41,61,133
44119,36,54,67,72,76
44120,185,234,254,283,283
44121,53,53,70,96,123
44122,51,68,94,94,120
44123,34,34,38,38,63
44124,47,59,83,142,236
44125,139,171,171,182,193
44126,10,14,24,33,52
44127,80,91,93,97,101
44128,76,114,133,171,180
44129,41,41,41,51,82
44130,35,71,71,141,159
44131,42,51,51,59,76
44132,36,51,65,69,73
44133,0,0,0,10,49
44134,100,129,201,229,229
44135,170,234,265,319,329
44136,0,0,0,22,44
44137,138,138,147,147,155
44138,71,78,78,106,142
44139,40,53,53,53,94
44140,0,0,9,50,82
44141,3,6,6,9,9
44142,56,64,64,72,97
44143,32,71,111,158,190
44144,72,72,87,111,111
44145,0,19,29,38,58
44146,79,109,119,129,139
44147,0,0,16,33,82
44149,20,20,27,27,41
44201,0,0,0,0,0
44202,0,0,0,0,0
44203,78,85,85,85,99
44216,0,0,0,0,11
44221,48,64,80,80,80
44223,0,5,16,33,60
44224,0,0,0,0,11
44236,0,0,0,7,13
44240,138,188,227,247,297
44241,1,1,1,1,1
44260,0,5,16,22,27
44262,0,0,3,6,9
44264,0,1,6,14,21
44266,2,5,7,14,16
44278,12,18,24,30,36
44286,0,0,1,2,2
44301,5,16,32,32,32
44302,5,7,11,15,17
44303,26,30,30,30,30
44304,12,15,20,24,28
44305,0,28,36,64,85
44306,0,29,65,94,116
44307,62,73,75,81,87
44308,4,5,6,7,7
44310,104,104,118,132,145
44311,56,65,72,85,87
44312,24,47,59,71,94
44313,12,24,36,36,42
44314,92,112,112,125,125
44319,8,31,31,47,62
44320,115,144,149,167,195
44321,2,2,2,3,3
44333,0,2,5,7,36
44401,1,1,1,1,1
44402,0,0,0,0,0
44403,4,5,6,6,6
44405,35,42,50,64,72
44406,3,6,6,10,10
44410,0,0,0,12,14
44412,0,0,0,0,0
44418,0,1,1,1,1
44420,0,0,17,38,47
44425,0,0,0,0,0
44429,0,0,0,1,1
44430,0,0,0,0,1
44436,0,0,0,1,1
44437,4,4,4,4,4
44438,4,6,9,11,14
44440,0,0,0,0,0
44442,0,0,0,0,0
44444,19,19,21,23,26
44446,39,62,79,107,118
44451,0,2,3,5,7
44452,3,3,4,4,4
44470,0,0,0,0,0
44471,30,34,42,49,53
44473,0,0,0,0,0
44481,4,5,6,7,7
44483,0,7,34,48,62
44484,29,29,44,49,68
44485,68,104,137,149,181
44491,0,0,0,0,0
44502,52,54,71,78,83
44503,7,9,11,13,16
44504,28,31,36,40,43
44505,61,72,92,109,126
44506,12,17,21,24,29
44507,13,19,25,27,38
44509,16,25,45,66,86
44510,10,13,17,18,24
44511,37,44,44,48,63
44512,86,101,109,125,148
44514,9,19,28,33,42
44515,0,0,12,30,49
44601,0,0,0,1,1
44613,0,1,1,2,3
44614,0,0,0,9,21
44622,75,83,87,92,96
44626,1,1,1,2,3
44632,11,11,11,11,11
44641,15,45,45,53,83
44644,0,0,0,0,0
44646,82,99,115,131,164
44647,16,16,16,16,24
44662,8,8,10,15,15
44663,124,147,147,152,164
44666,0,0,0,0,0
44685,10,10,10,29,29
44688,2,2,3,3,3
44702,27,28,29,31,32
44703,55,66,73,78,88
44704,44,48,48,49,56
44705,148,155,162,182,195
44706,96,96,104,112,120
44707,99,106,114,118,129
44708,27,54,63,71,98
44709,115,132,138,138,149
44710,29,29,40,44,54
44714,62,65,68,74,83
44718,0,0,0,25,42
44720,0,0,28,111,167
44721,16,26,37,37,37
44730,61,67,67,67,70
44824,0,0,0,0,0
44839,1,1,1,1,2
44843,0,0,0,0,0
44846,0,1,1,1,1
44847,0,0,0,0,0
44870,30,41,102,152,183
44902,34,45,55,60,68
44903,33,51,57,63,69
44904,0,0,0,0,0
44905,29,36,41,44,51
44906,24,28,28,36,48
44907,38,38,42,57,64
45001,0,0,0,0,0
45002,0,0,1,1,2
45005,12,24,36,36,48
45011,21,85,127,149,170
45013,0,0,0,33,50
45014,27,68,82,96,109
45015,65,65,83,83,87
45030,2,2,3,3,5
45034,1,1,2,2,2
45036,0,0,0,0,9
45039,16,16,16,32,71
45040,61,61,61,61,61
45042,0,0,0,40,56
45044,0,35,70,122,140
45050,4,4,4,15,26
45065,8,8,11,19,28
45066,0,0,0,0,0
45067,0,0,0,0,0
45068,0,0,0,0,0
45069,49,81,81,97,113
45102,13,13,20,27,27
45103,0,15,38,61,92
45106,4,5,5,6,7
45111,0,1,1,1,2
45122,8,8,13,13,17
45140,91,91,91,91,196
45150,35,44,44,96,157
45152,0,3,8,8,8
45153,0,0,0,0,0
45157,11,11,14,18,28
45162,0,0,0,0,0
45174,0,0,0,0,6
45202,3,15,18,18,58
45203,9,13,17,20,24
45204,24,32,37,45,54
45205,53,82,91,106,125
45206,22,28,34,37,45
45207,2,10,18,27,29
45208,13,13,17,21,30
45209,12,18,21,24,27
45211,41,51,81,132,142
45212,64,70,89,96,115
45213,0,0,0,6,28
45214,23,33,35,51,63
45215,72,127,154,181,244
45216,18,18,21,27,27
45217,15,15,17,23,27
45218,0,0,0,0,3
45219,35,56,68,80,97
45220,24,36,39,41,46
45223,71,81,105,115,125
45224,16,33,49,65,71
45225,51,78,97,105,120
45226,2,8,10,12,15
45227,54,54,64,64,69
45229,71,99,108,126,141
45230,0,0,0,0,23
45231,0,53,106,145,172
45232,18,28,36,41,47
45233,23,23,41,78,115
45236,54,54,61,69,69
45237,106,122,132,143,158
45238,148,162,162,188,215
45239,27,27,44,80,98
45240,0,8,17,51,76
45241,8,17,25,42,67
45242,0,0,0,15,22
45243,24,24,24,24,29
45244,9,18,27,27,62
45245,0,6,17,17,34
45246,43,62,66,76,100
45247,7,15,22,37,59
45248,0,0,0,0,0
45249,0,0,0,0,0
45251,29,59,66,66,74
45252,5,5,13,14,18
45255,31,37,37,50,56
45301,0,0,0,0,0
45305,3,7,7,10,20
45309,0,0,0,0,1
45312,0,0,0,0,0
45315,3,3,3,6,11
45318,0,0,0,0,0
45319,0,0,0,0,0
45322,25,33,41,58,83
45323,0,0,0,0,0
45324,0,37,73,98,110
45325,0,0,0,0,0
45326,0,0,0,0,0
45327,6,6,6,9,9
45339,1,2,2,3,4
45341,4,6,6,7,7
45342,50,75,87,87,87
45344,53,86,99,112,145
45345,0,0,0,0,0
45359,1,2,2,2,2
45368,4,4,5,5,6
45369,0,0,0,0,0
45370,0,2,3,11,19
45371,0,24,24,48,71
45373,72,85,133,145,205
45377,6,12,12,24,24
45383,2,2,7,7,10
45384,1,1,1,2,2
45385,0,0,14,14,69
45387,0,0,2,2,6
45402,8,20,37,65,94
45403,66,66,87,97,112
45404,83,87,101,118,153
45405,111,129,134,152,164
45406,129,136,150,156,177
45409,42,49,75,93,112
45410,62,83,104,109,114
45414,149,168,233,270,289
45415,8,12,20,27,55
45416,32,36,38,40,44
45417,128,141,180,231,244
45419,23,23,23,33,37
45420,45,45,63,90,90
45424,162,162,180,180,270
45426,87,97,102,102,116
45429,71,106,159,221,230
45430,25,30,50,58,83
45431,16,47,71,126,142
45432,22,33,39,55,77
45433,0,0,0,0,0
45434,36,45,67,90,135
45439,0,4,13,30,43
45440,54,54,60,66,66
45449,93,99,111,123,134
45458,19,19,26,32,32
45459,9,18,18,63,63
45502,0,0,0,0,4
45503,93,102,102,121,149
45504,38,50,50,63,82
45505,113,154,170,194,218
45506,63,79,100,115,131
45619,11,16,19,23,23
45623,0,0,0,0,0
45638,80,90,115,130,145
45659,0,0,0,0,0
45662,117,137,161,166,191
45663,16,16,17,17,17
45669,25,29,32,35,40
45678,1,1,1,1,1
45680,45,53,53,63,73
45694,20,25,29,33,42
45696,1,1,1,1,1
45714,23,28,32,32,37
45750,0,0,0,0,0
45801,187,218,224,243,261
45804,142,147,152,163,173
45805,129,137,175,182,190
45806,9,15,20,24,26
45807,19,21,26,32,37
45895,0,0,0,0,0
73003,322,397,529,1041,4215
73007,1,1,1,2,3
73008,200,223,315,731,3762
73012,1070,1267,1476,2202,6509
73013,1464,1825,2034,3022,9409
73020,125,147,182,341,1209
73025,341,402,510,737,1414
73026,2,3,3,5,19
73034,1135,1400,1665,2511,6358
73049,17,21,25,42,166
73064,448,515,557,1149,4434
73065,8,12,17,32,197
73068,26,28,30,78,368
73069,637,743,881,1422,5072
73071,754,869,996,1597,6349
73072,900,1134,1282,1824,6198
73078,3,3,4,8,37
73084,95,109,116,368,1667
73093,0,0,0,1,3
73099,672,797,897,2690,13075
73102,37,41,46,75,211
73103,116,151,182,307,886
73104,66,78,86,122,337
73105,121,146,165,297,1336
73106,345,387,438,718,2359
73107,319,380,473,873,4922
73108,390,463,499,858,2656
73109,465,553,635,1232,3690
73110,494,642,704,1396,6388
73111,386,440,493,826,2907
73112,552,621,713,1357,5706
73114,291,367,409,783,3487
73115,312,383,428,972,4439
73116,439,555,657,930,2386
73117,295,334,374,621,1502
73118,453,491,559,844,3117
73119,405,436,466,892,4946
73120,703,859,924,1796,6454
73121,57,70,84,238,935
73122,295,332,345,613,2317
73127,412,515,571,1054,3891
73128,216,258,289,408,1088
73129,297,338,404,874,4001
73130,210,247,366,914,4527
73131,253,305,357,465,979
73132,347,380,404,848,3870
73134,43,49,55,97,464
73135,233,277,313,677,3453
73139,219,263,334,635,2665
73141,87,104,117,206,835
73142,317,366,431,666,2065
73145,74,81,86,143,477
73149,39,52,76,189,1153
73150,120,166,204,390,1141
73151,131,157,180,229,391
73159,437,459,514,973,5126
73160,592,655,740,1902,9848
73162,335,404,493,897,4887
73165,162,217,256,371,958
73169,41,52,58,128,601
73170,780,895,1040,1747,6816
73173,30,36,45,64,214
73179,149,176,195,361,1217
73501,338,380,449,863,3362
73505,369,473,543,1097,5414
73507,168,202,233,363,1712
73701,281,324,366,877,4216
73703,381,448,476,1057,4695
74008,280,377,463,523,1650
74011,468,597,727,856,2887
74012,576,753,1019,1219,3900
74014,290,347,428,614,3069
74015,84,98,111,126,394
74017,136,164,177,252,852
74019,215,251,309,340,859
74021,230,319,386,460,1224
74023,62,78,91,150,727
74033,61,84,115,129,552
74036,2,3,3,4,13
74037,295,393,472,544,1271
74041,2,3,3,3,25
74050,0,0,0,0,1
74053,1,1,1,1,5
74055,735,938,1048,1189,2987
74063,169,208,260,319,1658
74066,282,370,477,662,2531
74070,138,160,171,186,529
74073,95,141,164,190,404
74074,700,793,873,1180,3033
74075,271,349,406,604,2375
74103,15,20,24,27,40
74104,260,296,377,426,947
74105,588,762,858,969,1747
74106,485,537,575,634,1209
74107,380,492,544,595,1528
74108,130,144,170,191,491
74110,316,378,424,471,983
74112,341,398,431,480,1309
74114,417,576,715,860,1469
74115,348,374,416,450,1232
74116,138,158,164,182,404
74119,37,43,48,56,127
74120,79,132,159,180,377
74126,130,145,168,196,417
74127,302,336,369,403,1020
74128,157,165,178,196,613
74129,286,344,373,425,932
74130,18,24,26,37,118
74131,43,62,81,95,411
74132,150,186,278,322,676
74133,585,725,942,1081,2227
74134,226,278,319,342,841
74135,324,393,443,505,1123
74136,343,396,455,526,1135
74137,497,673,865,1018,1806
74145,140,185,210,248,726
74146,158,181,193,225,576
74363,0,0,0,0,1
74429,25,28,30,36,171
74730,1,1,1,1,6
74731,2,2,2,4,30
74733,16,19,21,37,236
74901,34,39,42,53,184
74902,6,8,10,13,54
74946,6,6,7,8,24
74948,7,8,10,11,34
74954,0,1,1,1,5
74959,0,0,1,1,4
97002,8,19,372,414,418
97003,118,217,4221,4651,4703
97004,37,89,619,718,736
97005,172,322,4870,5289,5327
97006,395,855,9693,10647,10855
97007,827,2187,15808,17664,18160
97008,210,407,6065,6640,6735
97009,16,31,205,231,238
97013,30,85,1048,1204,1222
97015,184,412,5480,6172,6261
97019,0,0,1,1,1
97024,97,186,2191,2622,2668
97027,174,345,2913,3356,3426
97030,207,484,7281,8456,8551
97034,491,943,3845,4470,4682
97035,302,718,4402,5125,5319
97045,536,1305,14242,16200,16468
97048,12,40,83,868,891
97060,86,241,4938,6093,6136
97062,384,798,6535,7265,7416
97068,639,1424,7264,8606,8916
97070,302,598,5311,5921,6038
97078,1,1,12,14,14
97080,380,796,9790,11959,12118
97086,364,852,6463,7455,7625
97089,227,520,4572,5346,5467
97113,100,199,3080,3358,3416
97116,282,493,6439,7040,7185
97123,501,1130,10446,11226,11540
97124,472,1021,11384,12430,12673
97140,446,1002,6328,6994,7184
97201,77,179,1237,1482,1514
97202,460,1160,9018,11017,11327
97203,363,615,7666,9073,9213
97205,34,62,426,519,532
97206,548,980,13439,16097,16462
97209,48,100,706,861,880
97210,161,366,2324,2793,2869
97211,484,1095,8252,10115,10325
97212,557,1330,5909,7231,7494
97213,450,930,8108,9587,9887
97214,337,688,5344,6477,6632
97215,233,670,4442,5312,5428
97216,99,225,3592,4430,4489
97217,450,1043,9324,11444,11693
97218,112,234,3696,4587,4643
97219,480,1474,8745,10404,10677
97220,201,560,6889,8568,8647
97221,277,622,2673,3199,3372
97222,223,456,8975,9988,10079
97223,758,1308,11468,12631,12919
97224,607,1084,9405,10467,10705
97225,325,717,5375,5890,6037
97227,57,144,1052,1268,1293
97229,1497,3293,14543,16375,17132
97230,208,559,8866,10751,10871
97231,80,175,929,1131,1169
97232,115,213,2410,2886,2919
97233,276,439,6718,7952,8017
97236,53,345,7203,8670,8785
97239,179,448,2645,3208,3292
97266,297,522,7418,8794,8884
97267,412,623,8248,9350,9465
97301,347,791,13362,13708,13792
97302,485,895,11726,12224,12336
97303,326,544,11608,11935,12068
97304,0,331,782,8574,8998
97305,327,566,10466,10684,10760
97306,73,429,739,8464,8856
97317,193,249,6027,6139,6201
97321,9,269,574,8203,8516
97322,0,91,332,9855,10006
97330,156,633,1027,9536,10107
97333,35,331,661,5379,5709
97338,5,198,370,4992,5260
97351,0,87,150,2609,2680
97355,41,207,311,6552,6794
97361,10,97,196,2467,2564
97370,0,50,164,1802,1887
97389,0,13,23,691,712
97392,0,20,59,939,990
97401,290,765,5121,9351,9457
97402,222,615,8368,16805,16958
97403,75,184,1097,2125,2173
97404,105,431,5841,11460,11541
97405,223,914,6308,11302,11454
97408,69,387,2385,4433,4525
97448,2,5,11,168,170
97455,0,0,2,3,3
97457,0,0,0,1,1
97470,34,143,395,5603,5649
97471,76,309,636,6055,6175
97477,200,425,5932,11593,11616
97478,70,312,543,9674,9905
97495,0,5,14,180,182
97496,6,34,125,2116,2142
97501,95,461,9332,15755,15803
97502,214,529,6469,10980,11126
97503,74,171,1867,3138,3190
97504,493,922,9010,15462,15653
97524,82,173,1821,3078,3115
97526,97,316,4612,8626,8714
97527,139,357,3248,5886,5964
97530,29,121,700,1125,1151
97532,3,12,117,215,218
97535,60,101,1039,1729,1754
97540,0,2,25,43,44
97701,280,840,8448,10506,10710
97702,376,959,9352,11769,12024
97703,632,1669,7263,7567,7739
97801,138,303,2479,5175,5234
97826,0,0,2,5,5
97838,57,262,3367,6924,7016
97875,6,11,379,819,820
97882,15,40,495,1030,1036
15001,488,713,938,4415,11556
15003,92,164,184,1528,4546
15005,75,129,167,795,2246
15009,162,248,303,1499,3835
15010,240,363,411,2382,6230
15014,0,4,14,24,25
15017,208,355,448,2175,5023
15024,127,194,225,1048,2427
15025,3,5,7,25,54
15027,20,30,41,320,888
15030,0,6,10,14,17
15034,21,25,32,239,653
15035,11,14,19,289,784
15042,77,124,168,1116,3061
15044,0,0,0,1,2
15045,16,18,24,432,1136
15046,21,28,36,383,982
15049,2,5,12,119,315
15051,1,1,1,10,27
15056,10,15,19,177,451
15057,261,356,437,1814,4055
15061,156,236,306,1781,4957
15064,0,0,1,2,4
15065,0,18,72,220,274
15066,55,96,124,1428,4271
15068,372,581,744,5389,13697
15071,189,305,352,1723,3909
15074,117,157,168,1186,3412
15076,15,19,24,167,409
15081,2,3,3,17,51
15082,0,0,0,0,1
15084,58,99,150,1367,3420
15085,91,129,172,1132,2875
15101,210,281,401,1523,3391
15102,177,263,362,1638,3746
15104,117,186,216,1161,2799
15106,241,314,409,2671,6757
15108,657,979,1273,5790,12797
15110,119,148,185,805,1946
15112,29,37,55,416,1104
15116,113,263,392,2146,4803
15120,198,300,422,2609,6361
15122,332,427,513,3073,7291
15126,46,66,83,917,2298
15131,104,138,184,1066,2719
15132,342,442,563,2786,6669
15133,45,60,66,783,2028
15136,465,625,802,3446,7745
15137,95,123,139,1425,3760
15139,103,169,218,781,1780
15140,18,24,36,314,820
15142,68,111,140,311,555
15143,332,557,735,2000,4088
15144,39,42,56,586,1548
15145,91,110,140,816,2057
15146,266,375,493,3661,9315
15147,284,370,413,2375,5767
15148,49,63,74,316,715
15201,192,284,351,1707,3822
15202,171,217,273,1680,4340
15203,252,329,387,1264,2811
15204,75,114,157,931,2266
15205,175,330,453,2460,6052
15206,379,555,663,2896,6158
15207,159,227,275,1557,3704
15208,169,252,304,1112,2523
15209,95,159,195,1644,4299
15210,264,352,519,2972,7566
15211,179,225,279,1497,3558
15212,318,485,557,3151,7439
15213,307,389,477,1244,2530
15214,172,262,366,1758,4184
15215,250,345,447,1592,3460
15216,307,464,519,2716,6395
15217,572,756,953,2714,5669
15218,222,302,371,1488,3767
15219,230,303,386,1095,2234
15220,149,216,304,2074,5143
15221,462,561,709,3231,7625
15222,39,59,77,252,507
15223,80,110,130,933,2342
15224,98,118,157,1004,2633
15225,16,19,25,271,715
15226,114,145,213,1982,4888
15227,237,395,494,3772,9381
15228,340,482,607,1822,3826
15229,151,210,278,1767,4282
15232,119,165,204,651,1463
15233,75,95,111,448,970
15234,114,177,250,1884,4975
15235,516,649,709,4564,11301
15236,347,462,559,3747,9065
15237,603,909,1131,4271,9588
15238,327,552,764,1847,3556
15239,255,371,511,3090,7721
15241,420,607,786,1876,3628
15243,235,403,512,1721,3854
15317,0,0,2,4,8
15321,0,0,4,11,15
15361,0,0,1,1,2
15545,0,0,0,0,0
15613,45,98,139,175,1285
15615,0,0,0,0,0
15629,0,1,1,2,3
15632,0,0,2,9,13
15636,0,0,12,22,28
15641,2,2,3,5,6
15642,331,542,735,3260,8468
15644,0,0,0,0,0
15656,0,4,43,90,109
15665,0,1,11,18,24
15668,335,516,632,1850,4138
15673,0,0,3,7,11
15690,0,14,39,70,88
15692,0,5,12,16,22
15801,21,71,117,174,1439
15840,11,15,18,23,168
15851,9,23,31,41,321
15901,67,87,117,148,581
15902,61,122,169,220,1624
15904,157,219,285,361,2226
15905,86,182,203,238,1998
15906,62,85,118,156,1167
15909,18,22,28,51,511
15928,9,15,23,28,198
15935,0,0,1,1,33
15942,1,2,3,5,80
15946,0,0,0,0,3
15963,32,57,74,104,1216
16001,134,237,340,464,824
16002,3,9,13,16,20
16045,0,1,3,6,8
16053,2,4,13,24,41
16121,58,119,153,186,285
16143,0,0,0,0,0
16146,112,155,206,239,468
16148,0,46,101,127,213
16150,13,33,52,71,125
16159,6,9,12,13,24
16161,7,8,11,12,23
16229,0,0,1,1,1
16415,9,32,42,59,140
16421,9,16,20,26,81
16501,17,26,34,39,154
16502,59,114,143,198,829
16503,136,196,257,325,910
16504,82,132,187,253,928
16505,62,204,352,457,1267
16506,105,267,356,501,1625
16507,33,68,94,120,456
16508,11,103,148,211,936
16509,180,262,329,434,1310
16510,218,345,450,563,1455
16511,22,44,97,147,546
16601,183,245,387,591,4809
16602,189,367,482,618,5143
16635,41,87,147,198,2086
16636,1,3,4,6,44
16637,13,18,29,39,359
16648,56,152,233,309,2388
16665,2,2,3,3,28
16669,0,0,0,0,0
16673,12,36,49,67,635
16801,237,377,478,642,2978
16803,9,159,305,455,605
16823,0,1,3,6,9
16865,1,1,1,3,95
16868,1,2,3,5,97
16870,0,1,1,1,4
17003,13,51,104,144,324
17011,262,388,544,1864,7747
17019,0,0,1,1,2
17022,4,10,17,19,47
17025,182,258,339,948,4099
17028,1,2,3,3,7
17033,27,147,275,383,692
17034,4,10,13,19,63
17036,102,261,466,588,1018
17038,0,0,0,1,1
17042,153,276,419,532,1063
17043,53,79,94,396,1741
17046,83,173,248,331,849
17050,292,625,864,2374,8214
17053,19,27,35,106,548
17055,29,167,441,667,1833
17057,63,190,342,436,873
17067,3,6,11,13,36
17070,10,97,228,335,845
17078,40,116,197,282,559
17093,3,4,5,18,82
17101,14,15,18,46,318
17102,168,216,265,486,1700
17103,234,302,381,690,2862
17104,295,406,511,959,4152
17109,113,151,182,786,4946
17110,288,396,533,1203,5533
17111,344,476,573,1472,6691
17112,105,286,496,658,1449
17113,56,119,171,201,496
17225,1,1,6,10,16
17263,0,0,0,0,0
17268,0,1,1,2,2
17319,52,102,122,156,378
17325,81,161,219,286,676
17339,6,20,28,38,91
17340,0,1,1,1,4
17345,38,49,65,76,269
17347,7,32,56,74,222
17360,0,0,0,0,0
17370,2,6,8,9,30
17401,13,58,143,183,603
17402,31,89,135,191,456
17403,111,294,486,669,1793
17404,32,192,314,436,1039
17406,8,90,123,145,403
17407,5,15,23,32,81
17408,0,2,3,4,13
17501,23,41,57,211,1101
17502,0,0,0,0,0
17505,32,48,65,130,399
17508,1,1,1,4,18
17512,5,8,10,46,263
17516,3,12,17,24,59
17520,33,49,58,266,1158
17522,37,75,102,487,2883
17529,9,15,18,50,284
17538,36,58,92,308,1464
17540,99,133,157,554,2452
17543,84,356,610,750,1669
17545,30,69,134,190,492
17551,80,109,144,512,1756
17552,0,1,1,5,26
17554,46,87,112,407,1886
17557,6,10,12,36,147
17560,0,0,0,0,2
17562,8,13,16,43,182
17572,20,31,43,141,634
17579,17,53,70,229,947
17582,0,4,9,13,30
17584,40,74,89,332,1456
17601,500,875,1250,3001,11058
17602,313,446,547,2110,9242
17603,399,686,814,2586,13026
17701,275,478,610,801,5871
17702,67,87,119,192,1827
17728,2,4,6,7,62
17744,0,0,0,0,7
17754,34,80,120,197,1465
17756,2,4,6,11,114
17801,60,82,121,249,2225
17815,163,231,289,431,3272
17837,38,45,95,159,194
17847,0,2,4,6,9
17850,0,0,0,5,130
17857,0,14,28,49,67
17859,3,5,7,13,124
17870,85,121,147,284,2161
17876,6,15,24,47,421
17889,0,1,6,11,16
17901,164,242,303,648,4303
17923,8,10,12,18,69
17951,0,0,0,3,80
17954,36,51,63,149,1080
17965,5,8,9,42,502
17970,13,18,22,67,929
18011,6,23,41,54,148
18013,76,145,201,283,541
18014,24,56,132,167,343
18015,216,395,522,1051,5441
18017,240,549,731,1451,8274
18018,253,311,392,949,6035
18020,105,272,474,635,1005
18031,0,90,157,216,368
18032,73,105,137,356,2183
18034,147,262,342,594,1907
18036,147,237,332,652,2292
18037,63,121,164,377,2161
18038,1,2,4,6,19
18040,18,248,395,561,879
18042,67,202,366,530,925
18045,122,366,535,780,1324
18049,191,311,425,945,4426
18051,8,32,71,101,161
18052,43,162,308,376,923
18053,3,10,15,19,34
18055,10,62,141,224,392
18059,7,24,51,68,109
18062,36,325,563,737,1134
18064,35,269,451,590,972
18066,0,1,2,2,5
18067,54,143,224,292,584
18069,33,180,282,357,573
18072,17,68,116,143,274
18074,9,45,75,106,195
18077,1,2,4,5,10
18078,132,231,328,529,2011
18079,0,0,0,9,114
18080,115,162,229,530,2961
18083,0,1,2,3,7
18085,1,6,11,15,26
18086,0,1,1,2,22
18087,3,5,6,32,166
18088,0,42,63,102,211
18091,2,16,37,58,105
18092,7,17,26,32,55
18101,13,25,33,88,513
18102,269,296,377,988,6852
18103,371,508,619,1696,9259
18104,396,687,885,1824,9938
18106,78,159,232,463,2004
18109,138,164,194,501,3958
18343,3,8,14,17,27
18353,0,0,0,1,1
18360,1,1,2,3,3
18403,34,52,92,121,1485
18411,22,52,80,106,581
18433,24,78,117,142,710
18434,9,21,33,66,867
18436,0,0,0,0,1
18444,0,1,1,1,12
18447,58,77,100,139,1916
18452,20,29,39,57,1035
18503,10,13,17,24,140
18504,151,219,272,415,3822
18505,145,218,264,383,3425
18507,90,157,223,280,1125
18508,134,172,207,287,1977
18509,70,140,184,280,1880
18510,98,139,166,219,1512
18512,83,135,182,223,2540
18517,60,86,104,130,921
18518,94,149,207,283,1857
18519,68,105,134,173,1135
18603,127,232,282,404,3558
18612,110,193,254,317,1366
18621,0,0,1,1,12
18631,11,14,18,28,187
18634,140,214,253,367,2359
18635,4,17,27,35,509
18640,145,220,321,415,3643
18641,29,40,59,88,1450
18642,20,36,62,98,1019
18643,121,176,260,323,1931
18644,39,77,106,145,1762
18651,45,66,101,198,2228
18660,0,0,0,0,1
18701,29,36,44,51,312
18702,467,695,863,1318,6614
18704,406,568,637,927,6523
18705,78,156,223,265,3322
18706,124,213,277,419,3241
18707,0,1,1,2,12
18708,67,102,137,247,1853
18709,61,75,86,118,762
18901,12,209,360,480,914
18902,0,1,1,2,2
18914,457,689,965,1761,4882
18915,18,33,48,100,357
18925,54,269,456,601,857
18927,1,1,1,1,2
18929,51,231,361,499,766
18932,4,7,11,36,152
18936,10,46,81,112,147
18938,22,87,146,192,285
18940,108,704,1219,1616,2555
18951,1,2,4,5,11
18954,6,201,385,527,873
18964,104,140,173,442,1733
18966,149,489,840,1308,2265
18969,9,14,17,42,167
18974,108,349,661,950,2008
18976,12,297,535,733,1321
18977,11,139,247,312,459
19001,75,210,355,415,895
19002,70,735,1192,1629,2712
19003,42,185,278,398,685
19004,52,150,232,338,512
19006,89,418,659,963,1521
19007,42,100,194,289,709
19008,18,300,533,749,1570
19009,0,6,13,20,32
19010,75,339,573,750,1198
19012,3,88,146,212,357
19013,128,215,290,337,1139
19014,19,212,411,535,1363
19015,23,70,86,109,603
19018,59,113,158,235,894
19020,120,421,758,986,1804
19021,45,54,71,82,370
19022,8,20,30,35,101
19023,89,130,160,212,642
19025,33,126,227,290,429
19026,76,164,290,391,1349
19027,41,186,309,466,834
19029,14,26,36,45,185
19030,30,122,202,274,625
19031,19,118,199,254,415
19032,18,38,63,84,224
19033,21,73,136,159,409
19034,14,141,243,350,524
19035,0,138,257,347,432
19036,20,58,81,106,429
19038,67,408,750,958,1725
19040,64,232,361,470,896
19041,31,107,183,247,359
19043,5,12,19,26,108
19044,4,110,175,273,652
19046,97,269,487,645,1114
19047,56,372,688,995,1897
19050,71,157,195,288,993
19053,91,264,498,680,1374
19054,25,94,189,253,755
19055,20,56,100,124,457
19056,23,103,206,306,680
19057,5,57,104,128,615
19060,12,186,358,513,908
19061,76,181,247,282,958
19063,87,467,744,999,1961
19064,65,345,612,769,1687
19066,24,108,199,277,381
19067,155,736,1434,1873,3100
19070,40,82,129,152,380
19072,0,139,258,352,526
19073,63,346,553,737,1307
19074,27,47,65,86,277
19075,17,93,163,210,390
19076,34,64,104,124,321
19078,36,96,130,167,474
19079,27,62,91,117,377
19081,42,112,188,256,476
19082,43,117,187,245,992
19083,29,400,829,1153,2419
19085,3,153,323,468,599
19086,15,121,262,361,671
19087,18,423,741,1040,1769
19090,135,236,371,445,884
19094,2,18,31,41,166
19095,49,103,146,188,265
19096,13,188,359,522,778
19102,3,17,32,43,66
19103,53,107,155,205,368
19104,161,318,493,701,1102
19106,6,52,102,156,307
19107,19,48,80,105,195
19108,0,0,0,0,0
19111,164,262,437,558,1564
19114,6,134,217,312,1032
19115,117,257,366,522,1278
19116,65,208,305,396,1012
19118,26,104,193,269,460
19119,34,121,265,347,935
19120,73,201,329,390,1004
19121,143,310,513,602,1216
19122,78,183,261,354,690
19123,63,145,201,297,556
19124,199,352,421,505,1323
19125,59,172,325,423,959
19126,39,65,98,130,324
19127,18,99,170,220,406
19128,26,272,491,649,1387
19129,28,84,143,178,353
19130,19,133,312,442,838
19131,202,285,363,404,881
19132,88,227,356,469,1052
19133,103,206,266,323,666
19134,219,332,408,483,1208
19135,169,232,275,333,748
19136,29,74,132,161,521
19137,41,81,119,156,320
19138,77,196,272,323,762
19139,205,317,400,483,902
19140,309,378,488,584,1251
19141,113,191,222,261,635
19142,76,146,189,213,424
19143,192,376,475,582,1234
19144,144,322,453,549,1372
19145,104,197,307,406,1045
19146,155,398,607,749,1519
19147,95,448,658,875,1601
19148,39,237,363,497,1269
19149,64,106,179,230,612
19150,50,116,166,225,596
19151,53,123,193,267,640
19152,7,176,331,486,1247
19153,86,150,204,249,554
19154,77,224,377,479,1119
19301,6,87,198,286,470
19311,1,6,10,12,19
19312,55,319,586,764,1089
19317,27,208,334,451,812
19319,1,4,6,8,13
19333,50,124,192,255,394
19335,3,8,13,18,32
19341,47,153,276,362,675
19342,24,223,535,777,1379
19348,1,10,21,31,62
19350,0,68,126,179,302
19355,30,474,794,1114,1813
19373,16,88,155,217,326
19380,117,656,1042,1440,2599
19382,90,812,1285,1759,2818
19401,69,226,321,451,1301
19403,61,425,693,948,2115
19405,6,33,56,79,195
19406,48,204,355,553,1142
19422,22,439,749,988,1477
19426,0,707,1336,1864,3121
19428,38,190,324,471,923
19436,3,5,6,8,11
19437,0,2,3,4,6
19438,460,724,1056,1875,5233
19440,249,351,457,996,3630
19444,37,188,292,360,713
19446,679,1089,1499,2955,11212
19453,2,7,13,18,37
19454,50,335,649,891,1533
19460,53,456,798,1122,2069
19462,58,286,406,513,955
19464,0,1,2,3,7
19468,25,144,377,584,1224
19473,56,307,527,762,1289
19475,9,34,49,70,118
19492,1,5,6,9,15
19506,0,2,3,4,8
19508,16,31,44,67,176
19510,7,38,81,135,322
19522,25,63,134,192,353
19525,0,3,4,6,12
19533,15,41,61,81,152
19539,3,14,30,39,73
19540,15,45,73,101,204
19541,1,3,6,8,19
19547,0,2,3,5,10
19555,0,1,1,1,3
19560,23,44,72,95,217
19565,0,0,0,0,0
19601,194,279,333,375,848
19602,94,132,162,188,438
19604,66,104,146,213,496
19605,45,70,236,325,784
19606,189,317,446,592,986
19607,46,120,257,348,730
19608,31,140,271,354,669
19609,27,88,153,201,463
19610,30,178,300,434,747
19611,49,78,101,131,234
2802,0,0,0,112,112
2806,0,5,639,4190,4554
2809,0,80,603,6333,6588
2814,0,1,4,76,78
2816,0,36,353,5737,5929
2817,0,2,22,226,236
2818,0,9,626,4201,4547
2822,0,0,5,60,62
2828,0,0,107,1742,1792
2830,0,0,1,13,14
2831,0,2,73,893,931
2835,0,0,37,269,288
2838,0,28,62,670,702
2852,0,25,276,2980,3113
2857,0,1,40,543,563
2860,0,87,462,8408,8635
2861,0,81,250,7204,7300
2863,0,20,91,2760,2823
2864,0,37,736,8827,9153
2865,0,19,414,4513,4671
2871,0,4,403,3544,3723
2878,0,0,285,5004,5119
2885,0,32,303,3368,3500
2886,0,53,448,7291,7519
2888,0,24,315,5715,5899
2889,0,41,335,7910,8115
2893,0,15,335,7048,7237
2895,0,138,445,7810,8004
2896,0,17,151,2255,2335
2903,0,13,143,1460,1539
2904,0,29,469,6887,7118
2905,0,144,548,4977,5195
2906,0,41,483,4707,4997
2907,0,60,218,4074,4219
2908,0,62,428,7525,7681
2909,0,71,338,6798,6981
2910,0,19,211,6255,6370
2911,0,28,209,3878,3975
2914,0,44,278,6131,6258
2915,0,18,250,4391,4487
2916,0,0,184,2237,2324
2917,0,25,251,2944,3088
2919,0,72,576,8633,8867
2920,0,40,507,9572,9831
2921,0,18,428,3379,3623
29016,1368,2564,2619,2646,2648
29020,217,2573,3035,3084,3106
29033,2106,4495,4532,4545,4559
29036,96,672,1035,1066,1075
29039,13,206,209,211,211
29040,16,314,363,366,367
29044,3,35,40,41,41
29045,557,6146,7065,7188,7224
29053,3067,6501,6594,6647,6654
29061,1177,2408,2447,2455,2455
29063,4050,8059,8234,8317,8326
29072,8667,18020,18390,18557,18557
29073,8132,16810,16981,17049,17083
29078,184,4122,4779,4813,4822
29115,3286,6227,6329,6387,6406
29118,923,1810,1834,1841,1841
29123,1177,2531,2551,2557,2562
29150,605,7510,8606,8720,8782
29152,3,25,28,29,29
29153,121,1326,1533,1549,1563
29154,87,1953,2252,2277,2277
29160,863,1839,1860,1867,1869
29161,11,117,130,132,133
29169,3720,7765,7861,7908,7924
29170,4016,8580,8650,8693,8693
29172,1621,3635,3657,3668,3672
29201,2746,4872,5047,5135,5156
29203,5292,10498,10670,10735,10800
29204,2359,4718,4796,4845,4854
29205,3228,6274,6443,6515,6515
29206,2369,4752,4850,4894,4904
29209,5645,11337,11546,11604,11616
29210,3475,7536,7582,7605,7620
29212,4291,8617,8758,8838,8838
29223,7387,14402,14849,14909,14939
29229,7687,16125,16207,16337,16337
29301,647,6768,9900,10041,10082
29302,405,3523,5239,5357,5384
29303,448,5156,7591,7676,7715
29306,349,2963,4304,4383,4414
29307,374,4156,6151,6284,6335
29316,363,5823,8712,8836,8863
29323,18,547,831,835,839
29329,2,16,24,25,25
29330,58,594,874,885,893
29334,278,3036,4686,4762,4796
29346,0,56,88,88,88
29349,365,4423,6587,6709,6763
29365,99,2829,4243,4282,4282
29369,254,3058,4608,4698,4712
29376,82,1243,1829,1857,1865
29377,0,21,31,31,31
29385,64,2057,3021,3040,3049
29388,22,557,844,848,850
29401,1913,2925,3058,3108,3108
29403,3611,5532,5710,5745,5762
29404,336,560,565,565,565
29405,4565,7187,7275,7297,7297
29406,3485,5546,5602,5636,5636
29407,5637,8634,8830,8919,8928
29410,2623,4864,4973,4983,4983
29412,7116,10980,11229,11308,11320
29414,6315,9840,10012,10072,10082
29418,3678,5948,6014,6063,6063
29420,2522,4485,4550,4586,4586
29429,221,350,358,361,361
29439,809,1242,1299,1314,1316
29440,0,5,5,5,5
29445,8349,15860,16070,16118,16134
29451,1949,2878,3105,3152,3152
29455,548,862,887,897,897
29456,4129,7674,7736,7783,7783
29464,8692,13345,13806,13974,13974
29466,6819,10459,10866,10998,10998
29472,8,16,16,16,16
29482,632,936,1003,1023,1023
29483,8414,16248,16447,16546,16546
29485,7845,15122,15245,15321,15321
29486,204,4069,4127,4165,4173
29492,2557,4567,4700,4762,4767
29501,809,8831,9843,10055,10116
29505,165,3294,3802,3829,3832
29506,272,2202,2479,2507,2540
29526,692,9633,9761,9870,9890
29527,136,3107,3142,3151,3167
29532,174,3239,3657,3694,3702
29540,1,9,11,11,11
29541,10,218,246,248,250
29566,233,6670,7201,7267,7289
29568,134,3723,4032,4052,4060
29572,412,3806,3910,3990,3998
29575,441,8803,8920,8992,9010
29576,809,12314,12441,12580,12630
29577,751,10045,10158,10261,10292
29579,650,11700,11989,12061,12061
29582,615,10534,11415,11531,11578
29585,508,5117,5266,5336,5347
29588,784,13819,14118,14232,14246
29601,207,2076,2947,3021,3042
29605,1015,7158,10330,10533,10630
29607,639,7129,10510,10792,10835
29609,789,5745,8317,8480,8574
29611,554,6433,9325,9469,9535
29615,608,6530,9442,9549,9616
29617,338,5338,7693,7803,7834
29621,655,7403,10275,10454,10528
29624,371,3304,4754,4832,4866
29625,277,5030,7177,7235,7279
29626,195,2316,3232,3285,3301
29627,11,130,181,184,185
29630,69,819,1171,1187,1192
29631,219,1616,2274,2326,2347
29640,487,7367,10656,10753,10807
29642,566,7288,10446,10585,10649
29644,97,1918,2884,2913,2928
29650,824,7143,10470,10785,10839
29651,580,9396,13953,14080,14151
29657,90,1793,2609,2638,2644
29662,106,3110,4568,4609,4619
29665,8,47,64,66,67
29670,43,600,856,873,876
29671,94,1449,2102,2125,2132
29672,84,808,1210,1233,1244
29673,396,5556,8071,8178,8236
29678,126,1950,2888,2917,2923
29680,289,5047,7661,7754,7785
29681,977,11293,16674,16966,17120
29684,13,541,777,782,782
29687,407,7748,11136,11249,11271
29690,175,2789,4101,4151,4159
29691,0,3,4,4,4
29693,0,8,12,12,12
29696,0,8,11,11,11
29697,0,1,1,1,1
29707,709,6650,9758,10051,10122
29708,772,5688,8500,8793,8864
29710,173,1569,2393,2442,2465
29715,756,5359,8113,8298,8382
29720,277,4411,6474,6560,6573
29730,495,7168,10801,10977,10999
29732,592,7371,11306,11550,11608
29745,24,305,473,480,483
29801,4444,8392,8583,8670,8687
29803,6920,13125,13341,13462,13476
29805,11,22,22,22,22
29809,53,1060,1071,1079,1081
29816,7,14,14,14,14
29821,26,51,52,52,52
29828,229,437,444,449,450
29829,1875,3820,3855,3870,3870
29831,31,66,67,67,67
29834,68,140,142,142,143
29841,5807,11578,11731,11826,11826
29842,1405,2958,2976,2976,2979
29851,1798,3671,3697,3708,3719
29860,1929,3797,3871,3890,3890
29902,1680,2694,2749,2760,2760
29906,1915,3127,3146,3165,3168
29907,454,736,750,758,758
29909,1,1,1,1,1
29910,390,633,649,655,655
29915,114,179,185,187,187
29920,9,15,15,15,15
29926,3329,5199,5290,5360,5365
29927,0,1,1,1,1
29928,887,5868,6163,6270,6295
29935,303,501,504,505,505
57005,0,0,0,0,0
57049,0,0,0,0,0
57055,0,0,0,0,0
57064,1,2,2,3,4
57103,222,222,232,271,290
57104,142,142,142,163,163
57105,106,126,126,146,153
57106,270,292,314,314,326
57107,58,61,63,74,79
57108,109,147,167,186,224
57110,103,106,113,116,119
57701,425,471,483,483,483
57702,316,324,345,367,388
57703,56,60,60,60,64
57719,2,2,2,2,2
57730,42,43,44,45,45
57744,0,0,0,0,0
57745,8,9,9,9,9
57751,3,3,3,3,3
37010,0,0,0,0,0
37013,326,326,326,326,326
37014,0,0,0,0,0
37027,54,54,54,54,54
37040,30,30,30,30,30
37042,378,378,378,378,378
37043,0,0,0,0,0
37064,106,106,106,106,106
37066,1,1,1,1,1
37067,24,24,24,24,24
37069,39,39,39,39,39
37072,0,0,0,0,0
37075,0,0,0,0,0
37076,0,0,0,0,0
37080,0,0,0,0,0
37086,0,0,0,0,0
37115,87,87,87,87,87
37122,58,58,58,58,58
37127,36,36,36,36,36
37128,0,0,0,0,0
37129,40,40,40,40,40
37130,37,37,37,37,37
37135,13,13,13,13,13
37138,0,0,0,0,0
37153,18,18,18,18,18
37167,33,33,33,33,33
37189,6,6,6,6,6
37191,0,0,0,0,0
37201,6,6,6,6,6
37203,68,68,68,68,68
37204,0,0,0,0,0
37205,0,0,0,0,0
37206,0,0,0,0,0
37207,47,47,47,47,47
37208,0,0,0,0,0
37209,176,176,176,176,176
37210,0,0,0,0,0
37211,252,252,252,252,252
37212,0,0,0,0,0
37214,68,68,68,68,68
37215,0,0,0,0,0
37216,0,0,0,0,0
37217,0,0,0,0,0
37218,116,116,116,116,116
37219,0,0,0,0,0
37220,2,2,2,2,2
37221,95,95,95,95,95
37228,0,0,0,0,0
37310,1,1,1,1,1
37311,108,108,108,108,108
37312,84,84,84,84,84
37323,33,33,33,33,33
37336,0,0,0,0,0
37341,14,14,14,14,14
37343,43,43,43,43,43
37350,0,0,0,0,0
37351,5,5,5,5,5
37353,2,2,2,2,2
37354,9,9,9,9,9
37355,11,11,11,11,11
37360,0,0,0,0,0
37363,0,0,0,0,0
37377,0,0,0,0,0
37379,24,24,24,24,24
37385,0,0,0,0,0
37388,42,42,42,42,42
37402,4,4,4,4,4
37403,3,3,3,3,3
37404,0,0,0,0,0
37405,0,0,0,0,0
37406,10,10,10,10,10
37407,41,41,41,41,41
37408,5,5,5,5,5
37409,0,0,0,0,0
37410,39,39,39,39,39
37411,0,0,0,0,0
37412,65,65,65,65,65
37415,53,53,53,53,53
37416,48,48,48,48,48
37419,8,8,8,8,8
37421,60,60,60,60,60
37601,131,131,131,131,131
37604,158,158,158,158,158
37615,0,0,0,0,0
37617,0,0,0,0,0
37618,2,2,2,2,2
37642,5,5,5,5,5
37643,73,73,73,73,73
37645,0,0,0,0,0
37658,6,6,6,6,6
37659,15,15,15,15,15
37660,17,17,17,17,17
37663,2,2,2,2,2
37664,80,80,80,80,80
37665,0,0,0,0,0
37686,0,0,0,0,0
37692,0,0,0,0,0
37694,0,0,0,0,0
37701,35,35,35,35,35
37708,3,3,3,3,3
37710,3,3,3,3,3
37714,1,1,1,1,1
37716,15,15,15,15,15
37721,28,28,28,28,28
37737,22,22,22,22,22
37738,2,2,2,2,2
37742,16,16,16,16,16
37754,9,9,9,9,9
37769,7,7,7,7,7
37771,0,0,0,0,0
37772,10,10,10,10,10
37774,2,2,2,2,2
37777,27,27,27,27,27
37801,64,64,64,64,64
37803,80,80,80,80,80
37804,51,51,51,51,51
37806,0,0,0,0,0
37813,90,90,90,90,90
37814,42,42,42,42,42
37821,0,0,0,0,0
37830,35,35,35,35,35
37840,0,0,0,0,0
37846,1,1,1,1,1
37849,49,49,49,49,49
37853,22,22,22,22,22
37860,0,0,0,0,0
37861,0,0,0,0,0
37862,46,46,46,46,46
37863,44,44,44,44,44
37865,39,39,39,39,39
37871,1,1,1,1,1
37876,0,0,0,0,0
37877,0,0,0,0,0
37885,5,5,5,5,5
37886,4,4,4,4,4
37890,0,0,0,0,0
37902,8,8,8,8,8
37909,12,12,12,12,12
37912,75,75,75,75,75
37914,8,8,8,8,8
37915,62,62,62,62,62
37916,24,24,24,24,24
37917,47,47,47,47,47
37918,224,224,224,224,224
37919,77,77,77,77,77
37920,128,128,128,128,128
37921,81,81,81,81,81
37922,96,96,96,96,96
37923,39,39,39,39,39
37924,0,0,0,0,0
37931,45,45,45,45,45
37932,0,0,0,0,0
37934,35,35,35,35,35
37938,0,0,0,0,0
38002,0,0,0,0,0
38016,68,68,68,68,68
38017,16,16,16,16,16
38018,35,35,35,35,35
38028,1,1,1,1,1
38053,27,27,27,27,27
38103,0,0,0,0,0
38104,9,9,9,9,9
38105,32,32,32,32,32
38106,65,65,65,65,65
38107,33,33,33,33,33
38108,0,0,0,0,0
38109,0,0,0,0,0
38111,120,120,120,120,120
38112,28,28,28,28,28
38114,263,263,263,263,263
38115,87,87,87,87,87
38116,158,158,158,158,158
38117,6,6,6,6,6
38118,0,0,0,0,0
38119,0,0,0,0,0
38120,12,12,12,12,12
38122,42,42,42,42,42
38125,0,0,0,0,0
38126,30,30,30,30,30
38127,167,167,167,167,167
38128,10,10,10,10,10
38133,21,21,21,21,21
38134,0,0,0,0,0
38135,0,0,0,0,0
38138,0,0,0,0,0
38139,0,0,0,0,0
38141,0,0,0,0,0
38301,199,199,199,199,199
38305,0,0,0,0,0
38343,1,1,1,1,1
38355,1,1,1,1,1
38356,0,0,0,0,0
38362,0,0,0,0,0
38401,0,0,0,0,0
38501,45,45,45,45,45
38506,19,19,19,19,19
75001,42,167,2149,2182,2197
75002,637,2887,20230,20973,21228
75006,235,716,10410,10602,10677
75007,484,1735,13669,14068,14224
75010,206,619,5834,6015,6058
75013,780,2350,10662,11189,11441
75019,619,1961,9720,10317,10495
75020,156,414,7674,7792,7799
75021,25,59,1454,1464,1471
75022,473,1698,6052,6505,6665
75023,449,1450,13988,14321,14495
75024,404,1336,8251,8664,8778
75025,626,2662,13704,14257,14548
75028,749,2405,12299,13009,13166
75032,1,2,13,14,14
75033,2,8,35,37,38
75034,1665,4439,26273,27438,27771
75035,1109,3735,17178,18214,18491
75038,109,244,3306,3364,3391
75039,54,236,1934,1991,2011
75040,356,873,17518,17732,17839
75041,92,453,7548,7610,7671
75042,194,397,8735,8788,8814
75043,231,889,16236,16385,16500
75044,159,965,11937,12120,12206
75048,378,1342,7531,7924,8045
75050,154,308,8024,8105,8113
75051,105,443,7901,8006,8046
75052,407,1627,23470,23829,23997
75054,172,671,3213,3399,3443
75056,686,2241,14390,15031,15244
75057,48,161,2477,2499,2517
75060,226,565,9187,9366,9414
75061,115,321,8081,8188,8213
75062,125,340,8820,8945,8954
75063,276,915,6878,7183,7263
75065,128,438,3494,3629,3647
75067,285,724,11624,11814,11861
75068,287,1019,7232,7443,7557
75069,153,331,2654,2740,2779
75070,986,2366,18850,19560,19718
75074,397,1218,12772,13116,13209
75075,348,1205,10447,10762,10849
75076,8,43,735,748,752
75077,480,1406,10346,10847,10913
75080,592,1433,10276,10642,10771
75081,330,990,9684,9924,10004
75082,331,974,6121,6387,6478
75087,12,45,317,332,335
75088,56,789,9041,9198,9273
75089,167,1094,10089,10298,10402
75090,295,485,6389,6534,6547
75092,140,381,6573,6660,6694
75093,879,2570,12496,13321,13524
75094,318,981,6524,6849,6918
75098,630,1750,16678,17361,17483
75104,666,1300,14920,15322,15462
75115,247,925,12068,12253,12327
75116,107,290,5020,5076,5101
75125,0,1,15,15,15
75134,61,256,6019,6092,6098
75137,106,443,6109,6203,6240
75141,24,85,1160,1173,1180
75146,167,360,5120,5187,5224
75149,300,733,16486,16602,16702
75150,324,648,14542,14646,14719
75159,17,31,654,664,667
75172,17,32,867,872,874
75180,18,164,6045,6075,6081
75181,96,351,6275,6339,6390
75182,121,458,2118,2248,2292
75201,14,75,529,549,555
75202,4,12,115,118,119
75203,76,203,2487,2515,2533
75204,105,296,2126,2204,2229
75205,363,1312,4214,4573,4710
75206,201,618,4554,4736,4794
75207,39,114,1061,1082,1094
75208,145,587,5582,5763,5797
75209,122,642,2984,3145,3212
75210,52,101,1256,1265,1275
75211,319,718,11171,11319,11376
75212,225,601,5042,5178,5220
75214,471,1575,7109,7565,7704
75215,199,401,3155,3224,3260
75216,670,1303,11844,11978,12149
75217,447,1143,17593,17772,17825
75218,175,1085,6597,6898,6989
75219,62,231,1778,1838,1864
75220,191,447,5295,5404,5453
75223,103,250,2370,2421,2446
75224,241,409,6041,6134,6178
75225,428,1355,4413,4851,4981
75226,14,43,709,716,722
75227,435,857,12187,12336,12386
75228,471,1112,14004,14161,14275
75229,465,1460,8549,9024,9106
75230,366,1333,5868,6196,6335
75231,74,245,3288,3325,3352
75232,287,663,8003,8101,8150
75233,28,121,3077,3099,3111
75234,89,514,6679,6768,6829
75235,122,207,2371,2415,2439
75236,116,239,2986,3038,3056
75237,119,246,2480,2518,2531
75238,275,947,6387,6642,6709
75240,121,247,2532,2598,2627
75241,485,915,8927,9037,9138
75243,220,735,7966,8089,8170
75244,123,490,3256,3376,3434
75246,20,36,275,282,287
75247,73,137,993,1016,1028
75248,459,1316,8343,8714,8811
75249,52,160,4628,4675,4689
75251,2,7,151,153,153
75252,276,781,5457,5675,5744
75253,187,342,5042,5146,5187
75254,56,161,2379,2421,2435
75287,386,764,7316,7521,7566
75459,11,40,704,714,718
75501,483,924,10116,10305,10442
75503,22,492,7025,7246,7356
75569,1,2,1090,1090,1091
75601,87,282,5005,5087,5128
75602,117,370,5939,6081,6149
75603,23,85,1158,1180,1193
75604,105,344,9327,9480,9518
75605,93,581,8080,8316,8409
75640,1,14,337,343,345
75644,28,71,1832,1868,1881
75645,14,35,474,488,493
75647,36,124,1937,1977,2001
75650,24,87,1548,1588,1603
75652,1,4,53,54,55
75662,45,204,5542,5638,5661
75684,0,0,5,5,5
75693,58,230,2308,2378,2417
75701,407,1023,10623,10865,10942
75702,231,490,9131,9186,9223
75703,307,1052,10543,10827,10959
75704,34,75,1838,1861,1870
75705,10,21,200,206,208
75706,14,67,1492,1514,1529
75707,21,177,3403,3451,3475
75708,20,34,1994,2008,2014
75709,18,61,1510,1532,1535
75751,231,396,4584,4664,4711
75752,8,21,312,317,319
75755,0,0,1,1,1
75757,1,3,36,36,37
75758,13,46,902,912,918
75762,32,187,2216,2279,2302
75771,8,117,1957,1991,2013
75789,0,0,6,6,6
75791,74,185,2579,2626,2640
75792,5,10,129,131,133
75901,169,408,6125,6207,6270
75904,53,244,6467,6566,6586
75941,24,61,989,1001,1009
75949,14,26,513,519,521
75961,99,214,2445,2504,2542
75964,97,155,2499,2522,2547
75965,34,156,2154,2226,2253
75969,0,1,50,50,50
76001,243,839,7597,7762,7824
76002,282,817,9784,10026,10077
76005,15,46,151,165,168
76006,47,171,3113,3151,3160
76008,0,2,8,9,9
76010,265,625,7856,7944,8000
76011,66,234,3439,3467,3481
76012,172,705,6139,6311,6342
76013,297,682,6134,6229,6305
76014,85,375,7013,7034,7070
76015,100,213,3248,3301,3321
76016,225,941,9536,9742,9811
76017,381,1006,10233,10540,10604
76018,93,443,7652,7769,7777
76021,208,723,8106,8247,8297
76022,48,131,2947,2974,2977
76034,577,2178,6384,7047,7199
76036,17,45,544,555,558
76039,145,546,6773,6863,6911
76040,108,413,5869,5959,5983
76051,435,1389,10136,10475,10591
76052,189,1088,7186,7496,7556
76053,185,453,6764,6805,6853
76054,85,411,3913,4002,4022
76060,97,385,2827,2913,2936
76063,673,2554,16478,17133,17254
76071,6,21,156,160,162
76078,0,1,13,13,13
76092,856,3016,6986,7883,8152
76102,77,182,1249,1290,1307
76103,96,280,4123,4140,4156
76104,249,572,5948,6046,6082
76105,150,443,6117,6210,6235
76106,317,758,9419,9534,9592
76107,539,1506,9515,9844,9964
76108,203,840,9383,9624,9653
76109,542,1344,6068,6408,6525
76110,409,1028,9707,9896,9976
76111,31,295,6230,6256,6281
76112,284,904,9961,10093,10154
76114,223,682,6803,6928,6949
76115,304,618,5129,5182,5239
76116,487,1245,11022,11225,11305
76117,218,454,8611,8680,8715
76118,174,482,4987,5090,5126
76119,321,746,11320,11401,11458
76120,70,355,3800,3881,3897
76123,315,944,9937,10109,10180
76126,174,761,6398,6605,6665
76127,0,0,294,294,294
76131,230,909,11299,11471,11506
76132,205,545,5240,5358,5396
76133,469,1141,15322,15557,15651
76134,164,562,7697,7744,7790
76135,136,428,4727,4849,4863
76137,318,1112,15567,15758,15869
76140,85,504,7679,7726,7749
76148,80,614,8691,8860,8887
76155,2,10,381,384,384
76164,128,305,4876,4905,4925
76177,107,271,3270,3333,3350
76179,419,1564,18629,19011,19087
76180,172,635,8857,9003,9057
76182,329,1476,10087,10544,10618
76205,23,66,685,699,704
76208,159,446,3073,3199,3232
76210,453,1300,11453,11846,11918
76226,314,1411,5489,5935,6026
76240,89,487,5808,5903,5933
76244,797,2967,21256,21876,22142
76248,888,3203,12353,13268,13443
76262,693,2326,10432,10980,11192
76301,235,1126,7167,7284,7336
76302,162,670,4520,4604,4613
76305,45,285,2221,2239,2243
76306,150,792,6424,6503,6542
76308,265,1145,6991,7135,7156
76309,162,683,5512,5568,5596
76310,167,908,6045,6138,6175
76311,0,62,709,709,709
76354,0,1,8,8,8
76367,13,46,320,325,326
76401,28,74,552,561,566
76501,79,250,4101,4138,4155
76502,163,764,12318,12481,12506
76504,238,661,6691,6753,6814
76513,499,1356,10447,10772,10859
76522,128,365,6335,6386,6412
76539,13,125,2125,2149,2157
76541,313,626,6242,6344,6395
76542,342,822,13529,13666,13693
76543,243,594,9576,9683,9722
76544,45,196,3449,3474,3495
76548,204,575,8693,8799,8843
76549,277,1048,14386,14474,14546
76559,56,140,1678,1697,1711
76574,0,1,9,9,9
76579,31,87,911,929,934
76630,1,5,122,123,123
76633,6,26,316,326,327
76640,52,111,1014,1032,1042
76643,81,242,5267,5348,5369
76655,59,183,1975,2037,2049
76657,113,231,2723,2790,2813
76691,29,134,1212,1246,1256
76701,97,178,816,860,875
76704,276,449,2599,2643,2705
76705,312,794,9249,9343,9428
76706,778,1633,10469,10754,10962
76707,245,533,5338,5387,5441
76708,217,551,8902,8984,9038
76710,57,576,7955,8068,8109
76711,32,74,3217,3230,3236
76712,255,924,9059,9361,9427
76901,259,2504,9440,9546,9575
76903,474,3711,12936,13121,13173
76904,263,3014,10729,10926,10948
76905,104,896,3206,3245,3248
77002,33,103,770,798,813
77003,107,431,3251,3372,3437
77004,515,1213,7497,7727,7901
77005,310,2152,6650,7431,7718
77006,138,748,4789,5030,5117
77007,442,2090,10064,10716,11037
77008,223,2614,11811,12823,13138
77009,579,1569,12126,12692,12846
77010,1,6,21,23,24
77011,174,422,5139,5218,5260
77012,104,208,4455,4496,4532
77013,60,131,3703,3737,3752
77014,148,451,6281,6397,6443
77015,162,442,14544,14647,14706
77016,315,611,9040,9179,9262
77017,93,279,7648,7726,7749
77018,221,1272,8557,9046,9203
77019,208,946,4758,5054,5205
77020,256,593,7798,7902,7998
77021,425,982,7908,8199,8282
77022,270,587,7769,7865,7904
77023,381,623,7115,7217,7327
77024,343,1708,7444,7926,8171
77025,198,952,6230,6462,6588
77026,388,723,8655,8735,8779
77027,133,378,2780,2910,2954
77028,288,465,5667,5820,5861
77029,140,285,6202,6272,6329
77030,64,346,2047,2153,2188
77031,74,179,3405,3464,3496
77032,143,248,3388,3447,3493
77033,457,681,8766,8855,8936
77034,218,394,8194,8353,8370
77035,304,743,7731,7875,7971
77036,203,415,7978,8060,8117
77037,58,169,5773,5808,5819
77038,82,304,6222,6311,6330
77039,135,314,7370,7452,7482
77040,160,755,11108,11291,11451
77041,112,1375,11873,12323,12498
77042,225,488,5301,5422,5493
77043,85,527,6229,6437,6482
77044,410,913,9880,10116,10260
77045,348,696,9425,9609,9677
77046,3,8,64,67,68
77047,186,549,9528,9675,9773
77048,253,535,5397,5549,5617
77049,67,269,9466,9524,9572
77050,24,42,1240,1255,1260
77051,174,369,4838,4917,4982
77053,174,421,8999,9091,9137
77054,102,177,2017,2046,2075
77055,280,1157,8271,8622,8762
77056,98,510,3282,3440,3510
77057,155,483,5339,5489,5550
77058,108,258,3751,3824,3859
77059,218,992,5208,5621,5730
77060,214,324,5992,6078,6115
77061,88,248,4799,4833,4862
77062,198,686,7869,8183,8249
77063,140,411,5034,5132,5195
77064,110,956,11916,12100,12247
77065,174,521,8054,8153,8252
77066,120,534,8416,8510,8605
77067,164,365,6084,6223,6279
77068,21,169,2515,2585,2603
77069,27,407,3744,3865,3916
77070,153,590,9967,10079,10181
77071,115,426,6576,6670,6751
77072,257,725,11407,11606,11665
77073,164,425,10735,10801,10877
77074,132,304,6480,6559,6605
77075,209,447,9297,9458,9496
77076,278,486,7550,7650,7681
77077,217,1192,11567,11867,12036
77078,167,345,3636,3730,3772
77079,260,1012,6354,6683,6833
77080,233,619,7809,7945,8034
77081,16,149,3058,3086,3105
77082,374,952,10324,10570,10666
77083,434,1150,18388,18766,18860
77084,511,1317,26365,26795,26903
77085,58,246,4716,4784,4818
77086,326,561,6877,7033,7104
77087,281,639,9444,9579,9657
77088,577,914,13753,13879,14048
77089,85,937,13860,14059,14215
77090,78,254,5044,5138,5179
77091,270,564,5907,6067,6122
77092,276,614,7437,7598,7683
77093,463,925,13640,13850,14018
77094,150,650,2798,3032,3126
77095,197,1458,19067,19638,19756
77096,336,1007,7871,8274,8383
77098,94,368,2931,3094,3148
77099,285,560,8716,8796,8876
77301,155,413,8390,8528,8605
77302,198,711,5870,6049,6173
77303,39,160,3816,3887,3910
77304,136,523,6889,7089,7154
77306,14,63,2827,2870,2873
77316,109,555,3862,4110,4198
77318,27,327,4310,4422,4476
77327,96,299,3721,3798,3832
77328,4,179,4186,4228,4254
77336,184,528,4071,4213,4273
77338,153,458,10705,10836,10879
77339,67,577,8034,8276,8343
77345,199,1218,6466,6979,7114
77346,256,1828,16346,16773,17046
77354,164,1503,10993,11510,11745
77355,57,647,5375,5621,5724
77356,133,1154,7284,7581,7776
77357,79,343,6400,6518,6584
77358,2,9,119,122,123
77362,27,180,1567,1642,1665
77363,0,1,16,17,17
77365,278,871,8726,9106,9244
77372,31,190,4346,4390,4426
77373,111,737,18050,18345,18419
77375,323,1445,14523,15137,15368
77377,96,1305,10100,10506,10678
77378,35,183,2641,2699,2721
77379,290,2607,19679,20321,20672
77380,111,389,4826,4977,5048
77381,136,1593,7640,8313,8508
77382,336,2297,9260,10088,10466
77384,48,532,5040,5242,5322
77385,24,563,7848,7953,8049
77386,448,2062,14849,15728,15952
77388,443,1300,13742,14056,14285
77389,92,1723,9382,9916,10233
77396,229,723,11800,11932,12077
77401,238,1640,5447,6042,6267
77406,214,1285,8323,8805,8903
77407,361,1144,11974,12247,12422
77429,549,2842,22425,23428,23834
77433,638,3063,19865,20801,21269
77441,93,526,2550,2731,2822
77447,13,153,1341,1379,1410
77449,316,1234,30909,31479,31637
77450,103,1992,19550,20331,20536
77459,297,2657,18680,19453,19790
77469,188,653,9530,9797,9876
77471,198,378,5718,5806,5829
77477,239,496,8706,8813,8857
77478,309,1171,8548,8883,9056
77479,1102,4917,24234,26195,26813
77489,36,326,11943,12028,12088
77493,61,726,8397,8590,8730
77494,759,5376,28934,30610,31559
77498,225,1458,14425,14861,15026
77502,145,484,9543,9630,9688
77503,91,363,6796,6915,6971
77504,82,212,5352,5412,5434
77505,70,477,6794,6941,6990
77506,108,289,8172,8230,8263
77507,30,77,708,729,738
77510,150,464,6355,6511,6544
77511,258,920,15835,15997,16158
77515,293,705,8894,9114,9160
77517,74,144,2994,3058,3064
77518,84,154,2152,2187,2203
77520,297,818,12128,12264,12351
77521,314,1008,16038,16385,16534
77523,12,73,548,572,584
77530,228,519,10156,10291,10384
77531,103,304,4531,4662,4676
77532,160,441,6162,6315,6385
77534,15,75,565,587,595
77536,227,715,10979,11251,11342
77539,362,956,14100,14361,14462
77541,101,463,6509,6657,6704
77545,90,498,7290,7456,7539
77546,500,2172,16168,16944,17220
77547,42,105,2790,2822,2830
77550,596,1173,9405,9650,9787
77551,254,566,6307,6404,6489
77554,295,999,7165,7483,7566
77562,66,313,4300,4366,4411
77563,148,413,4511,4594,4636
77564,0,1,11,11,11
77565,86,359,2820,2918,2962
77566,55,703,8953,9175,9249
77568,204,532,6039,6131,6199
77571,186,889,13869,14170,14299
77573,676,3432,24546,25560,25976
77578,148,658,6179,6373,6450
77581,389,1736,15411,16044,16173
77583,92,488,4427,4552,4616
77584,458,2568,24177,25143,25398
77586,57,772,6787,7080,7159
77587,135,266,4581,4628,4661
77590,156,602,10920,11087,11143
77591,234,402,4537,4625,4677
77598,44,242,3952,3997,4033
77611,74,294,3695,3807,3861
77619,92,330,6472,6564,6591
77625,26,96,1001,1021,1035
77627,74,525,8998,9090,9219
77630,285,659,9516,9772,9821
77632,24,146,1736,1790,1803
77640,372,716,9002,9207,9291
77642,579,1256,11821,12105,12277
77651,23,554,5383,5541,5654
77656,107,268,5767,5909,5945
77657,57,416,6964,7107,7179
77662,117,418,7123,7277,7328
77701,222,456,5991,6084,6152
77702,11,46,1288,1305,1314
77703,231,489,4458,4527,4597
77705,174,486,8461,8618,8670
77706,220,878,8726,9037,9156
77707,203,400,6344,6495,6561
77708,52,137,3956,4001,4037
77713,49,263,3642,3709,3762
77801,258,438,3253,3331,3386
77802,229,582,8005,8144,8209
77803,196,393,9188,9282,9347
77807,180,338,3016,3101,3152
77808,79,255,3017,3105,3137
77840,474,1061,7651,7892,8005
77845,602,2289,18998,19580,20082
77901,326,771,14616,14750,14824
77904,169,622,8588,8783,8872
77905,21,49,567,578,585
77968,0,1,11,11,11
78006,2,5,33,34,35
78015,56,202,1190,1256,1277
78023,185,907,7644,7909,8021
78026,20,93,1537,1562,1571
78040,652,1443,10433,10551,10679
78041,499,1246,10990,11205,11307
78043,312,908,9301,9396,9453
78045,350,1485,13705,13915,14013
78046,321,999,11726,11869,11917
78064,119,332,3991,4056,4093
78070,24,94,651,676,688
78073,12,32,548,554,556
78101,0,1,9,9,9
78108,101,812,12341,12556,12658
78109,210,603,13808,13962,14032
78112,0,1,20,20,20
78123,51,96,1273,1288,1303
78124,3,8,78,80,81
78130,414,1495,22359,22842,22980
78132,131,367,2509,2641,2670
78133,203,830,8523,8761,8832
78148,130,390,6358,6469,6508
78152,3,9,71,73,74
78154,264,924,12855,13040,13185
78155,249,705,10597,10738,10846
78201,487,998,12156,12343,12492
78202,211,447,4001,4096,4138
78203,152,269,2074,2132,2156
78204,173,358,3741,3799,3841
78205,10,42,600,615,617
78207,685,1371,12558,12765,12907
78208,97,165,1302,1329,1347
78209,403,1672,11530,12018,12225
78210,415,959,11595,11714,11832
78211,294,525,8753,8824,8886
78212,476,1054,8947,9190,9330
78213,239,489,10630,10793,10847
78214,227,440,6969,7047,7062
78215,27,88,688,711,719
78216,302,790,10172,10318,10380
78217,185,416,9113,9205,9233
78218,316,831,9572,9759,9858
78219,65,206,5357,5395,5433
78220,265,548,5868,5953,6031
78221,201,342,9898,10039,10059
78222,158,496,7051,7145,7195
78223,682,1439,14767,15010,15116
78224,81,158,5041,5077,5092
78225,67,245,3862,3925,3949
78226,39,86,1946,1960,1966
78227,336,543,12737,12840,12905
78228,625,1320,17000,17261,17313
78229,127,319,3724,3804,3835
78230,221,906,10693,10925,11036
78231,63,250,3050,3123,3161
78232,202,885,10843,11067,11179
78233,230,721,15085,15223,15315
78234,26,71,1144,1166,1172
78235,11,18,209,212,214
78236,16,66,865,891,894
78237,221,778,10309,10445,10498
78238,165,366,7054,7126,7162
78239,294,694,10233,10485,10517
78240,201,780,12223,12437,12562
78242,278,555,8025,8082,8156
78244,132,346,10012,10103,10164
78245,412,741,20221,20530,20571
78247,298,983,17187,17398,17556
78248,140,629,4406,4596,4662
78249,386,1364,14400,14697,14860
78250,395,1023,17515,17856,17928
78251,87,582,14340,14515,14559
78252,14,87,2683,2710,2721
78253,245,981,11816,12147,12257
78254,231,1023,16034,16397,16480
78255,138,571,2976,3156,3210
78256,120,321,2004,2066,2112
78257,96,283,2365,2424,2456
78258,551,1772,12284,12940,13137
78259,166,805,7962,8203,8294
78260,228,1310,8959,9386,9499
78261,160,814,6093,6304,6407
78263,5,20,179,185,187
78264,0,0,3,3,3
78266,148,435,2442,2590,2632
78336,264,478,4843,4937,4982
78358,4,8,92,94,95
78359,12,26,729,731,733
78362,25,66,1446,1470,1474
78370,39,94,928,943,953
78373,70,227,3398,3475,3492
78374,161,527,5183,5328,5382
78380,181,612,5604,5773,5819
78382,374,811,10106,10345,10397
78387,176,379,2829,2897,2929
78390,109,207,2110,2167,2184
78401,74,186,1383,1404,1417
78402,2,6,146,147,147
78404,183,510,5536,5674,5720
78405,130,356,5306,5360,5382
78406,0,0,218,218,218
78407,33,95,1341,1366,1373
78408,57,218,4308,4335,4352
78409,27,76,1268,1281,1288
78410,244,618,8510,8623,8692
78411,344,824,8788,8969,9041
78412,225,477,5349,5442,5491
78413,5,23,304,308,310
78415,575,1054,11694,11850,11970
78416,197,448,4828,4877,4921
78417,15,57,1456,1460,1466
78501,549,1719,17779,18108,18236
78503,162,611,6037,6143,6218
78504,313,1236,16038,16351,16467
78516,363,861,8828,8973,9028
78520,463,993,12922,13068,13227
78521,556,1154,20116,20426,20590
78526,259,529,10119,10347,10378
78539,308,944,10270,10515,10610
78541,202,447,5298,5396,5440
78542,175,561,9000,9156,9193
78572,863,1596,15801,16143,16306
78573,336,725,10260,10428,10491
78574,194,469,6558,6625,6686
78577,795,1497,15107,15387,15528
78589,252,463,10403,10508,10540
78596,0,1,11,11,11
78602,55,170,1877,1935,1953
78610,174,511,4889,5048,5099
78613,678,2898,22322,22977,23304
78617,11,47,740,752,756
78623,8,17,155,158,160
78626,1,4,53,53,54
78628,17,95,722,744,757
78634,37,279,4557,4622,4650
78641,418,1749,12030,12487,12664
78652,78,259,1685,1750,1777
78653,2,9,165,167,168
78655,0,0,9,9,9
78660,498,1967,25549,26047,26179
78664,568,1185,15736,16109,16239
78665,444,1307,12135,12566,12668
78666,528,1151,11620,11848,11980
78681,770,2108,15931,16600,16767
78701,68,224,1027,1092,1119
78702,300,773,5466,5685,5766
78703,195,1099,4970,5300,5414
78704,305,1315,9061,9347,9528
78705,283,539,2116,2191,2252
78717,361,1127,6887,7248,7366
78719,4,32,722,733,736
78721,137,332,2917,2990,3039
78722,83,232,1621,1681,1706
78723,166,806,6919,7142,7200
78724,29,86,1218,1235,1244
78725,8,28,403,409,412
78726,111,425,2760,2864,2917
78727,142,723,7210,7381,7449
78728,125,369,4855,4940,4985
78729,73,695,7093,7261,7320
78730,135,531,2488,2650,2704
78731,385,1235,6870,7291,7373
78732,0,2,9,10,10
78733,172,771,2899,3171,3242
78735,184,763,4430,4647,4703
78736,76,224,1907,1975,2001
78737,64,208,880,944,968
78738,8,30,111,120,123
78739,448,1501,4957,5455,5601
78741,258,494,5344,5421,5476
78742,4,13,260,263,263
78744,234,508,9610,9707,9776
78745,318,1207,15488,15774,15917
78746,658,2253,8334,9075,9279
78747,104,341,5666,5747,5782
78748,438,1431,14124,14489,14621
78749,547,1511,10065,10590,10708
78750,323,1122,7610,7965,8070
78751,91,298,2655,2721,2757
78752,135,270,3043,3112,3143
78753,325,612,9358,9492,9530
78754,71,318,5377,5443,5481
78756,68,316,2077,2164,2189
78757,248,780,6591,6819,6895
78758,485,829,8541,8735,8823
78759,529,1420,9745,10263,10388
79015,318,2831,6178,6343,6368
79101,41,600,1364,1375,1377
79102,200,1502,3373,3414,3442
79103,204,1674,3785,3831,3854
79104,66,1176,2714,2739,2750
79106,460,4450,10015,10169,10220
79107,414,4620,10722,10831,10885
79108,124,2170,4913,4978,4988
79109,472,6763,15020,15172,15218
79110,162,3516,8012,8093,8101
79111,9,144,336,337,339
79118,323,3994,8590,8713,8739
79119,307,2359,4859,5030,5035
79121,77,1112,2439,2479,2492
79124,198,1398,2984,3077,3092
79363,24,233,497,510,511
79364,0,5,12,12,12
79382,2,18,40,41,41
79401,247,917,1754,1810,1841
79403,200,2094,4456,4525,4552
79404,256,2135,4470,4544,4571
79407,264,2405,5179,5237,5280
79410,217,2072,3610,3662,3687
79411,130,1166,2482,2522,2543
79412,115,2038,4730,4759,4768
79413,416,3634,7813,7981,8013
79414,209,2320,5178,5204,5235
79415,248,2188,4666,4728,4756
79416,497,4626,9740,9899,9939
79423,675,6412,13174,13458,13498
79424,900,7744,16541,16898,17017
79504,27,216,943,958,959
79508,5,155,560,563,564
79510,46,463,2149,2171,2182
79525,0,4,17,17,17
79536,37,392,1250,1268,1272
79562,16,162,476,482,484
79563,7,157,565,569,569
79601,381,2626,7605,7690,7760
79602,363,3238,9855,10047,10067
79603,295,2682,9080,9190,9209
79605,258,3344,11032,11201,11212
79606,217,2506,8218,8310,8352
79607,11,149,624,628,628
79701,731,6657,11488,11712,11759
79703,263,4133,7379,7476,7514
79705,963,7498,12390,12800,12839
79706,555,5684,9949,10196,10247
79707,1038,6639,10939,11316,11407
79758,10,84,142,146,147
79761,433,6409,11521,11673,11708
79762,641,7817,13614,13892,13920
79763,580,5861,9932,10115,10156
79764,626,4852,8117,8284,8351
79765,320,2949,5095,5200,5242
79766,85,676,1164,1198,1198
79901,323,2069,2167,2211,2227
79902,777,5285,5486,5576,5604
79903,415,5799,5882,5917,5941
79904,504,9043,9221,9323,9333
79905,685,6588,6830,6878,6920
79906,61,1489,1506,1515,1516
79907,811,14134,14323,14424,14468
79908,12,843,847,850,850
79911,16,193,197,200,200
79912,1718,19183,19602,19962,19982
79915,875,10716,10982,11104,11104
79922,397,3108,3233,3306,3306
79924,970,17651,17794,17920,17956
79925,713,11535,11772,11831,11867
79927,34,646,655,661,661
79928,22,395,399,404,404
79930,461,7375,7480,7564,7564
79932,573,5491,5617,5732,5732
79934,174,2325,2402,2419,2421
79935,277,4978,5065,5095,5106
79936,1599,31238,31621,31909,31941
79938,13,280,285,287,287
84003,22,10599,11180,11180,11180
84004,43,1811,2037,2039,2039
84006,0,35,36,36,36
84009,14,6544,7006,7006,7006
84010,0,11150,11641,11653,11653
84014,2,1774,1850,1850,1850
84015,0,16846,17243,17243,17243
84020,0,11048,12142,12142,12142
84025,5,4767,5002,5002,5002
84037,19,9093,9727,9746,9746
84040,14,6455,6780,6780,6780
84041,52,12473,12872,12872,12872
84042,8,2486,2614,2617,2617
84043,0,13129,13791,13805,13805
84044,45,7475,7573,7581,7581
84045,0,1,1,1,1
84047,76,7334,7539,7561,7561
84054,15,4884,5115,5115,5115
84056,1,1059,1065,1065,1065
84057,17,8245,8422,8448,8448
84058,40,6462,6649,6656,6656
84062,51,6957,7232,7239,7239
84065,21,9951,10541,10541,10541
84067,35,11519,11682,11694,11694
84070,38,7434,7641,7656,7656
84075,14,6434,6780,6780,6780
84081,22,10550,10921,10921,10921
84084,70,9693,9921,9921,9921
84087,16,3820,4030,4034,4034
84088,57,9288,9565,9565,9565
84092,9,7840,8617,8625,8625
84093,7,6886,7381,7381,7381
84094,17,8026,8344,8352,8352
84095,38,8980,9553,9553,9553
84096,30,9574,10005,10005,10005
84097,28,5381,5605,5611,5611
84101,11,1099,1146,1148,1148
84102,12,2796,2901,2916,2916
84103,15,4690,5016,5016,5016
84104,19,6211,6280,6286,6286
84105,34,6364,6735,6742,6742
84106,97,9199,9624,9653,9653
84107,0,8042,8300,8308,8308
84108,73,5165,5645,5657,5657
84109,14,6432,6946,6946,6946
84111,7,1635,1689,1693,1693
84112,5,100,107,108,108
84115,0,6858,7049,7078,7078
84116,46,7480,7641,7656,7656
84117,53,6250,6649,6649,6649
84118,37,18204,18557,18557,18557
84119,68,11243,11391,11437,11437
84120,77,12394,12777,12777,12777
84121,0,11049,11717,11729,11729
84123,56,8983,9223,9242,9242
84124,23,5267,5651,5657,5657
84128,0,7465,7594,7594,7594
84129,4,698,721,721,721
84315,0,773,796,796,796
84318,0,848,892,892,892
84321,67,9234,9510,9510,9510
84326,0,112,120,120,120
84332,0,2242,2338,2338,2338
84335,0,2175,2240,2242,2242
84339,0,4,4,4,4
84340,3,442,459,459,459
84341,25,3924,4076,4092,4092
84401,86,9330,9599,9619,9619
84403,89,9502,9868,9888,9888
84404,32,15571,15840,15872,15872
84405,0,8879,9135,9144,9144
84414,0,7504,7816,7816,7816
84532,68,3316,3398,3404,3404
84535,0,4,4,4,4
84536,5,44,47,47,47
84601,27,6557,6697,6697,6697
84604,27,5212,5402,5418,5418
84606,49,3960,4054,4066,4066
84660,13,6371,6581,6581,6581
84663,44,6067,6223,6229,6229
84664,0,903,978,978,978
84720,0,1,1,1,1
84737,6,403,411,411,411
84738,50,2439,2507,2507,2507
84757,0,8,8,8,8
84758,0,25,25,25,25
84763,0,6,6,6,6
84764,1,124,127,127,127
84765,38,2044,2092,2092,2092
84767,1,69,70,70,70
84770,197,12180,12328,12340,12340
84775,0,17,17,17,17
84776,2,199,201,201,201
84779,0,4,4,4,4
84780,56,3423,3507,3507,3507
84790,324,12644,12968,12981,12981
20120,348,727,1012,1281,1565
20121,16,96,227,303,366
20124,42,121,187,243,294
20147,5,11,16,21,26
20148,64,198,307,393,467
20151,173,378,594,777,993
20152,96,294,492,638,773
20164,113,205,313,406,506
20166,52,96,134,174,209
20170,185,594,971,1188,1485
20171,418,800,1201,1464,1828
20190,63,92,131,168,197
20191,74,197,296,365,431
20194,118,220,311,381,466
22003,40,201,379,514,609
22015,206,448,730,948,1090
22027,38,94,136,170,212
22030,105,442,804,1102,1383
22031,130,331,494,632,753
22032,89,345,532,698,842
22033,263,468,654,802,943
22039,8,22,31,40,48
22042,12,39,64,82,97
22043,87,132,192,221,252
22046,2,3,5,6,8
22066,97,310,539,672,822
22101,0,1,1,2,2
22102,79,199,325,416,482
22124,138,303,477,598,757
22150,1,2,3,4,5
22151,9,54,115,163,202
22152,80,237,387,478,551
22153,54,126,173,210,246
22180,172,397,648,833,996
22181,140,310,421,537,620
22182,350,726,1178,1464,1712
22201,3,5,8,11,14
22202,2,4,4,6,7
22209,5,18,30,39,46
22314,0,0,1,1,1
22601,216,262,378,447,524
22602,44,177,246,345,428
22603,32,62,92,124,149
22620,0,0,0,0,1
22624,1,2,4,5,5
22630,0,0,0,0,0
22655,13,75,154,228,289
22656,8,17,26,31,37
22663,5,17,24,37,47
22801,166,299,481,606,738
22802,162,210,248,302,345
22812,8,23,44,53,55
22821,7,10,13,17,19
22827,0,0,0,0,0
22831,0,0,0,0,0
22832,0,0,1,2,2
22841,10,16,17,22,25
22846,3,8,13,14,19
22901,214,348,476,586,696
22902,55,157,238,314,369
22903,210,320,400,514,619
22911,55,135,209,276,354
22936,13,29,46,55,63
22939,8,10,15,18,19
22940,0,0,0,0,0
22947,1,1,2,3,3
22952,3,4,5,7,7
22980,111,173,277,366,422
23005,109,175,249,304,346
23030,0,1,1,1,1
23059,255,832,1173,1598,1901
23060,241,385,578,809,954
23069,4,5,8,9,10
23075,34,49,80,105,130
23103,6,27,48,64,78
23111,41,254,427,589,711
23112,89,374,504,658,804
23113,224,467,637,822,934
23114,62,189,262,360,426
23116,69,325,463,670,829
23120,22,72,111,145,171
23146,2,6,10,12,15
23150,27,65,70,86,116
23219,38,55,66,75,85
23220,375,573,749,874,1050
23221,74,151,278,360,490
23222,175,252,350,421,533
23223,223,368,552,644,854
23224,328,375,391,446,516
23225,120,213,306,380,493
23226,58,256,396,557,665
23227,178,259,323,366,436
23228,206,281,347,372,471
23229,150,317,434,578,684
23230,56,88,124,146,175
23231,332,482,568,621,686
23233,155,299,477,592,713
23234,218,323,342,408,465
23235,98,162,231,285,339
23236,57,171,233,257,324
23237,58,103,148,212,269
23238,97,203,280,391,449
23294,72,105,135,161,187
23314,0,0,0,0,0
23320,465,735,915,1125,1275
23321,198,326,553,672,909
23322,588,1021,1300,1702,2135
23323,79,362,532,679,883
23324,123,210,315,389,500
23325,43,72,125,173,202
23432,0,0,0,1,1
23433,14,43,60,77,96
23434,410,533,629,779,916
23435,139,322,523,688,924
23436,10,23,34,44,53
23451,450,725,930,1093,1338
23452,485,749,874,971,1165
23453,215,379,543,687,830
23454,403,655,773,1042,1311
23455,109,424,766,1108,1368
23456,398,1072,1435,1729,2161
23457,1,2,3,4,5
23462,480,663,795,845,1011
23464,172,345,798,1035,1315
23502,111,158,205,263,316
23503,186,269,352,414,456
23504,182,251,335,404,458
23505,140,200,270,330,394
23507,86,124,163,185,216
23508,141,225,302,359,412
23509,110,161,213,249,293
23510,35,39,49,59,66
23511,7,11,14,18,20
23513,144,166,223,260,317
23517,12,28,35,41,51
23518,101,225,326,396,489
23523,136,156,200,228,255
23601,245,350,394,454,506
23602,148,240,332,452,508
23603,0,1,2,2,3
23604,13,23,27,34,40
23605,91,144,155,178,193
23606,124,203,272,322,366
23607,413,461,482,551,661
23608,87,166,210,289,350
23651,8,11,16,18,21
23661,101,177,237,272,363
23662,91,179,291,378,411
23663,82,117,156,213,260
23664,15,83,113,162,196
23665,5,7,8,14,16
23666,241,354,439,609,736
23669,398,527,667,726,866
23692,87,233,289,360,427
23693,118,255,466,615,727
23696,13,26,42,55,64
23701,204,251,313,360,384
23702,78,99,123,138,177
23703,161,222,309,363,450
23704,279,360,408,488,553
23707,221,275,334,371,429
23801,11,14,16,24,27
23803,533,739,930,1081,1163
23805,41,109,158,184,225
23831,185,333,398,546,684
23832,288,342,451,521,583
23834,201,314,436,515,585
23836,51,118,185,244,311
23838,79,164,217,276,336
23842,4,5,7,9,11
23860,322,398,508,602,661
23875,25,59,90,112,134
23885,2,3,4,5,6
24011,6,11,15,20,23
24012,272,383,514,615,676
24013,87,116,149,167,178
24014,94,209,330,466,550
24015,48,131,189,266,319
24016,110,133,158,184,204
24017,112,179,247,299,352
24018,97,408,634,859,1020
24019,82,175,257,359,544
24060,445,672,854,1044,1190
24073,171,283,377,480,583
24077,5,14,24,32,39
24101,0,2,3,3,4
24149,0,0,0,0,0
24153,284,466,625,727,840
24175,3,11,16,19,20
24179,40,91,137,187,228
24251,30,41,52,61,66
24258,1,1,2,2,2
24290,24,29,36,44,50
24366,0,0,0,0,0
24401,100,208,267,367,483
24431,2,3,4,4,6
24437,0,0,1,1,1
24440,0,1,1,1,1
24441,6,9,13,15,17
24467,6,13,20,27,34
24471,0,0,0,0,0
24477,6,29,52,63,76
24482,3,3,3,7,8
24486,7,10,15,22,25
24501,296,395,440,485,557
24502,249,320,463,534,617
24503,64,120,172,224,268
24504,117,144,172,188,218
24527,0,0,0,0,0
24538,3,4,5,5,6
24540,205,275,324,402,458
24541,151,240,335,404,486
24550,3,4,6,7,8
24551,77,114,163,224,281
24572,42,63,73,78,88
24586,2,3,5,7,9
24588,14,19,25,29,30
24605,39,84,111,132,146
24613,0,0,0,1,1
24635,12,15,17,18,21
5401,460,5137,5226,5226,5226
5403,443,4121,4222,4222,4222
5404,115,1535,1551,1551,1551
5408,180,2138,2173,2173,2173
5446,56,876,887,887,887
5452,271,3431,3486,3486,3486
5482,2,19,19,19,19
5495,188,1781,1821,1821,1821
98001,194,547,752,969,2233
98002,115,213,257,293,1286
98003,196,391,508,606,1535
98004,387,697,961,1166,1788
98005,251,425,603,719,1071
98006,860,1461,2062,2414,3336
98007,131,242,343,418,832
98008,330,625,896,1167,1845
98010,47,94,129,172,290
98011,152,398,626,825,1387
98012,0,346,1148,1604,2217
98014,45,83,111,148,247
98019,120,198,290,361,583
98020,6,270,457,657,756
98021,432,908,1261,1561,2187
98022,314,586,808,974,1600
98023,436,705,872,1077,2269
98024,90,132,176,201,337
98026,0,163,531,898,1143
98027,279,572,738,905,1350
98028,235,511,798,1028,1562
98029,310,602,876,1087,1730
98030,119,215,334,430,1164
98031,409,655,819,972,1924
98032,116,254,377,493,1310
98033,600,1015,1513,1790,2842
98034,379,846,1084,1333,2396
98036,91,303,555,727,929
98037,75,183,394,489,597
98038,284,593,909,1226,2160
98039,64,155,244,320,414
98040,546,905,1193,1475,1973
98042,362,812,1211,1461,2860
98043,46,101,233,329,405
98045,19,32,41,50,83
98047,45,57,77,99,269
98051,5,8,12,15,47
98052,755,1212,1794,2350,3662
98053,351,703,1025,1261,1832
98055,190,261,342,402,875
98056,319,546,683,865,1730
98057,111,150,177,222,595
98058,333,689,1033,1160,2296
98059,607,994,1340,1570,2638
98065,312,519,706,870,1237
98070,183,377,492,642,1139
98072,301,618,896,1150,1699
98074,448,920,1326,1696,2341
98075,461,928,1314,1674,2173
98077,173,313,442,569,855
98087,58,122,324,432,555
98092,478,878,1085,1304,2518
98101,7,19,28,40,51
98102,28,125,253,322,399
98103,12,402,938,1389,1694
98104,6,18,29,35,41
98105,174,424,785,1091,1361
98106,237,346,461,604,1275
98107,26,280,470,618,781
98108,191,508,744,1009,1664
98109,69,173,296,396,481
98110,253,597,901,1135,1524
98112,294,545,861,1101,1570
98115,247,924,1392,1938,2355
98116,42,297,644,856,1026
98117,55,739,1290,1709,2216
98118,343,777,1269,1612,2652
98119,4,181,361,512,641
98121,4,21,39,53,67
98122,236,444,630,770,1242
98125,47,258,485,665,805
98126,294,502,672,861,1422
98133,99,347,596,824,973
98134,11,21,27,32,39
98136,20,236,512,722,881
98144,107,355,604,860,1030
98146,382,506,592,717,1457
98148,52,85,118,136,365
98155,271,487,750,920,1686
98164,0,0,0,1,1
98166,317,463,588,740,1388
98168,157,296,418,557,1411
98177,19,298,686,952,1232
98178,336,508,680,792,1555
98188,133,191,237,295,822
98198,158,298,421,544,1123
98199,38,333,833,1135,1365
98201,43,120,258,352,464
98203,125,375,490,584,678
98204,88,156,223,284,352
98208,30,222,562,917,1109
98221,4,8,10,13,21
98223,129,272,372,572,1051
98225,448,759,958,1083,2128
98226,241,301,404,481,1083
98229,184,300,409,505,1125
98232,1,3,5,7,11
98233,87,153,201,275,472
98258,71,424,819,1017,1257
98270,45,348,590,848,1029
98271,39,90,219,309,406
98272,221,364,494,657,1086
98273,123,195,303,361,750
98274,140,175,233,268,431
98275,0,254,462,664,895
98277,109,210,319,435,1026
98284,34,103,146,206,403
98290,51,327,685,1032,1359
98294,5,11,41,56,84
98296,452,851,1384,1728,2443
98310,102,163,259,319,608
98311,149,249,370,477,790
98312,264,326,443,505,746
98314,4,11,17,22,27
98315,5,8,11,17,35
98321,133,329,500,639,1094
98323,1,2,3,4,7
98327,89,144,178,221,480
98332,130,210,273,340,605
98333,0,24,45,66,80
98335,16,179,289,423,508
98337,42,75,95,121,209
98338,121,270,351,448,989
98345,1,2,3,5,8
98354,61,92,114,141,336
98359,52,101,148,169,258
98360,106,193,257,344,798
98366,261,453,612,736,1144
98367,93,206,306,453,679
98370,38,69,97,128,201
98371,205,362,510,625,1266
98372,140,329,453,560,1293
98373,169,289,353,466,960
98374,308,627,832,1015,1859
98375,187,347,418,534,1282
98383,127,240,367,450,686
98385,1,2,3,3,5
98387,225,534,717,830,2221
98388,45,91,128,173,360
98390,65,130,173,203,544
98391,532,805,1139,1458,2794
98402,1,18,33,45,55
98403,21,39,96,122,154
98404,95,126,284,432,558
98405,21,106,190,296,338
98406,23,182,387,554,645
98407,0,284,466,624,766
98408,37,51,175,278,336
98409,96,163,208,289,378
98418,19,52,86,104,134
98422,170,384,568,723,1417
98424,58,113,146,172,418
98433,36,62,95,108,322
98439,18,23,30,36,85
98443,72,141,182,213,415
98444,136,186,254,305,923
98445,183,224,418,510,1152
98446,51,167,288,348,780
98465,10,32,70,101,121
98466,39,123,254,401,463
98467,62,132,172,205,483
98498,112,208,297,377,1082
98499,198,290,354,425,942
98501,265,570,742,874,1616
98502,157,302,392,489,724
98503,136,252,388,461,755
98506,118,231,314,367,515
98512,90,181,310,420,653
98513,222,360,517,646,914
98516,44,114,193,253,377
98604,36,179,341,466,591
98606,0,77,146,210,282
98607,48,298,779,1174,1511
98611,6,15,30,43,55
98626,0,21,68,137,232
98629,0,0,0,0,0
98632,157,254,387,483,604
98642,10,142,284,375,487
98660,39,100,165,237,280
98661,230,345,437,517,643
98662,186,331,465,569,672
98663,15,77,140,199,252
98664,40,168,229,282,343
98665,72,152,248,304,352
98671,17,143,320,479,611
98682,314,563,695,910,1059
98683,0,170,340,463,548
98684,39,156,266,398,476
98685,39,357,646,887,1090
98686,38,158,285,374,463
98801,302,437,504,627,4670
98802,241,380,510,696,4742
98828,0,0,0,0,12
98837,284,447,579,1046,6307
98901,144,240,292,345,1251
98902,294,321,388,468,3386
98903,82,140,216,332,1585
98908,237,392,534,606,3028
98922,0,0,0,0,1
98926,201,275,376,436,1389
98937,5,8,9,12,92
98942,143,170,198,244,1163
99004,44,62,84,97,197
99005,5,8,12,15,36
99016,192,338,431,560,1265
99019,136,250,347,435,775
99021,41,71,110,126,442
99023,2,3,4,5,8
99025,23,42,69,92,292
99026,11,14,16,19,71
99027,23,54,74,97,445
99036,0,0,0,0,0
99037,113,203,255,293,817
99201,112,172,195,227,614
99202,185,252,344,406,1372
99203,156,270,379,431,1231
99204,10,22,33,48,198
99205,274,381,457,518,2286
99206,224,336,470,571,1712
99207,251,319,357,415,1507
99208,427,604,796,928,2505
99212,107,145,206,297,1159
99216,152,167,203,232,1007
99217,222,314,398,444,1354
99218,107,172,202,234,552
99223,321,547,764,955,1953
99224,128,233,300,361,1016
99301,776,1013,1358,2112,10992
99320,5,7,10,24,121
99323,12,36,57,71,297
99336,487,596,704,1733,8666
99337,384,588,716,895,3567
99338,288,447,562,701,1531
99352,329,538,757,1634,6457
99353,240,327,410,790,2758
99354,195,246,325,838,4662
99403,156,318,403,487,571
