{"1000-9999": 0.34923114024431956, "10000-14999": 0.11910736980100439, "15000-19999": 0.08232468367055173, "20000-24999": 0.08232468367055173, "25000-29999": 0.0706717869550362, "30000-34999": 0.05755055294290849, "35000-39999": 0.04848330609692157, "40000-44999": 0.04197701404946621, "45000-49999": 0.03949420314715562, "50000-59999": 0.030425787302251595, "60000-74999": 0.026815079761291355, "75000-99999": 0.0207804906528984, "100000-124999": 0.018139149917322076, "125000-149999": 0.014678772420155372, "150000-199999": 0.013680473906164104, "200000-10000000": 0.0010519357503942003}