{"1000-9999": 0.34242869776196355, "10000-14999": 0.1069656135601147, "15000-19999": 0.07541451965856144, "20000-24999": 0.07541451965856144, "25000-29999": 0.06402579786870587, "30000-34999": 0.05246342642703235, "35000-39999": 0.04373093353900311, "40000-44999": 0.0384373045607239, "45000-49999": 0.03597715410822039, "50000-59999": 0.028257390672477734, "60000-74999": 0.024468633482881502, "75000-99999": 0.018801781477766368, "100000-124999": 0.01653872642096152, "125000-149999": 0.013526815738005899, "150000-199999": 0.012446886959955739, "200000-10000000": 0.0010635125845486414}