{"1000-9999": 0.6926638522752446, "10000-14999": 0.651828172524486, "15000-19999": 0.6577800898082815, "20000-24999": 0.6577800898082815, "25000-29999": 0.6059725350861468, "30000-34999": 0.6063762559206132, "35000-39999": 0.6043510090959064, "40000-44999": 0.6036859333912864, "45000-49999": 0.5664075185144561, "50000-59999": 0.566399632588639, "60000-74999": 0.5281840680528792, "75000-99999": 0.5257968451878826, "100000-124999": 0.4689085900799335, "125000-149999": 0.47041744324144114, "150000-199999": 0.39425616418920567, "200000-10000000": 0.3940565139074547}