{"1000-9999": 0.2906544422641102, "10000-14999": 0.08070346096023097, "15000-19999": 0.05910701473992036, "20000-24999": 0.05910701473992036, "25000-29999": 0.05241298115336131, "30000-34999": 0.04244170583072054, "35000-39999": 0.03662809167540716, "40000-44999": 0.0317090655800598, "45000-49999": 0.02861972382844874, "50000-59999": 0.02196476403865507, "60000-74999": 0.020692467269435313, "75000-99999": 0.015885450189389545, "100000-124999": 0.014288249155085095, "125000-149999": 0.011542667665216949, "150000-199999": 0.010798622703249943, "200000-10000000": 0.0006911590509064932}