{"1000-9999": 0.2330298206404265, "10000-14999": 0.06992882608430676, "15000-19999": 0.051240787332099684, "20000-24999": 0.051240787332099684, "25000-29999": 0.0443594835718001, "30000-34999": 0.03598008227829727, "35000-39999": 0.03115644610635874, "40000-44999": 0.0264261082914596, "45000-49999": 0.023525249808994904, "50000-59999": 0.01867121799256937, "60000-74999": 0.01747830031316027, "75000-99999": 0.013510632680191401, "100000-124999": 0.012080997103020895, "125000-149999": 0.00969651869897234, "150000-199999": 0.009112835269633322, "200000-10000000": 0.0005414657110084061}