{"1000-9999": 1.0516852127796177, "10000-14999": 1.0700635703161514, "15000-19999": 1.0929426987809878, "20000-24999": 1.0929426987809878, "25000-29999": 0.9886245687101026, "30000-34999": 0.9903400809846292, "35000-39999": 0.9962823101055147, "40000-44999": 0.9898692869224139, "45000-49999": 0.906117929208398, "50000-59999": 0.9211419492853405, "60000-74999": 0.7916905941023831, "75000-99999": 0.7942625176295862, "100000-124999": 0.7177608160452118, "125000-149999": 0.7244743430253268, "150000-199999": 0.621894203999255, "200000-10000000": 0.6201792785964572}