{"1000-9999": 1.173988801982973, "10000-14999": 1.200890474494034, "15000-19999": 1.182940733684418, "20000-24999": 1.182940733684418, "25000-29999": 0.9867642789065184, "30000-34999": 0.9845059312511852, "35000-39999": 0.9895839923023381, "40000-44999": 1.0027230229140092, "45000-49999": 0.9132483596372268, "50000-59999": 0.9117237170139895, "60000-74999": 0.8369890970403266, "75000-99999": 0.8375202875530745, "100000-124999": 0.7680108117903257, "125000-149999": 0.769342622838626, "150000-199999": 0.6952862289800865, "200000-10000000": 0.696370525509704}