{"1000-9999": 0.8380545423098247, "10000-14999": 0.8722099045286092, "15000-19999": 0.877668720504091, "20000-24999": 0.877668720504091, "25000-29999": 0.7626588638048571, "30000-34999": 0.7648577392350642, "35000-39999": 0.7721624063847857, "40000-44999": 0.7601487370012056, "45000-49999": 0.752138991127025, "50000-59999": 0.7490419489046869, "60000-74999": 0.6489204966281655, "75000-99999": 0.6480914657575224, "100000-124999": 0.5731679509496627, "125000-149999": 0.5718314125500261, "150000-199999": 0.474801785464167, "200000-10000000": 0.478377745249236}