{"1000-9999": 0.1915156173175331, "10000-14999": 0.05233627657234624, "15000-19999": 0.03584268133785899, "20000-24999": 0.03584268133785899, "25000-29999": 0.034016682292151705, "30000-34999": 0.02827239593934681, "35000-39999": 0.02380001603710148, "40000-44999": 0.020441823738308332, "45000-49999": 0.019761788316991862, "50000-59999": 0.015340891614119724, "60000-74999": 0.013569079273374878, "75000-99999": 0.010557078658731355, "100000-124999": 0.008870606220503157, "125000-149999": 0.007280217766515624, "150000-199999": 0.006321070089444576, "200000-10000000": 0.00042478527412704046}