{"1000-9999": 0.2497440070037475, "10000-14999": 0.07295579679938075, "15000-19999": 0.05161463448717931, "20000-24999": 0.05161463448717931, "25000-29999": 0.04742354932876174, "30000-34999": 0.03850969156337836, "35000-39999": 0.03308309134831862, "40000-44999": 0.028346368928542563, "45000-49999": 0.02740663097538736, "50000-59999": 0.02112699797161333, "60000-74999": 0.018956480214023467, "75000-99999": 0.014521207172423637, "100000-124999": 0.01229714566518861, "125000-149999": 0.010037193910562384, "150000-199999": 0.008686842671629348, "200000-10000000": 0.0007036782809014872}