{"1000-9999": 0.19323492474563903, "10000-14999": 0.05131282561215137, "15000-19999": 0.03785515532820516, "20000-24999": 0.03785515532820516, "25000-29999": 0.0352830128133643, "30000-34999": 0.028935490158765613, "35000-39999": 0.024319932744325028, "40000-44999": 0.020402355547617757, "45000-49999": 0.019916404599935007, "50000-59999": 0.015359809101960007, "60000-74999": 0.013762477242956712, "75000-99999": 0.010580247435374304, "100000-124999": 0.009049042604062797, "125000-149999": 0.007386078139080694, "150000-199999": 0.0063471157392428895, "200000-10000000": 0.0004275082864624654}