{"1000-9999": 0.33323029414836164, "10000-14999": 0.08934324754168274, "15000-19999": 0.062331582410784354, "20000-24999": 0.062331582410784354, "25000-29999": 0.05587531358139225, "30000-34999": 0.045387862798119155, "35000-39999": 0.0384301346820071, "40000-44999": 0.03332403644878131, "45000-49999": 0.030170953635768806, "50000-59999": 0.023358115770579658, "60000-74999": 0.021933549433524515, "75000-99999": 0.01686498655618412, "100000-124999": 0.01464136261910271, "125000-149999": 0.012164547279956717, "150000-199999": 0.011658072928309657, "200000-10000000": 0.0010200936297256242}