{"1000-9999": 0.20082749057606833, "10000-14999": 0.07981775296618308, "15000-19999": 0.054661395014749176, "20000-24999": 0.054661395014749176, "25000-29999": 0.04560173563543119, "30000-34999": 0.038128833599159535, "35000-39999": 0.03203784505394899, "40000-44999": 0.027961297598395083, "45000-49999": 0.027011206740637825, "50000-59999": 0.020418574260032834, "60000-74999": 0.019503295511988275, "75000-99999": 0.014927369446957975, "100000-124999": 0.01276882345716634, "125000-149999": 0.01036769765881219, "150000-199999": 0.009576304291414326, "200000-10000000": 0.0006757594192653673}