{"1000-9999": 0.8067019309390534, "10000-14999": 0.8614647920218813, "15000-19999": 0.8639693681910083, "20000-24999": 0.8639693681910083, "25000-29999": 0.7378097361322248, "30000-34999": 0.7392440578458099, "35000-39999": 0.7445800488471954, "40000-44999": 0.7429718418803883, "45000-49999": 0.718592573240549, "50000-59999": 0.7230795969867932, "60000-74999": 0.6229190011765964, "75000-99999": 0.6241194454401119, "100000-124999": 0.5480695827980118, "125000-149999": 0.553790330304043, "150000-199999": 0.45855711465234084, "200000-10000000": 0.4604685224456183}