{"1000-9999": 0.6624622813428434, "10000-14999": 0.6242606902030896, "15000-19999": 0.6231226032674169, "20000-24999": 0.6231226032674169, "25000-29999": 0.5779384871065629, "30000-34999": 0.5776684682969228, "35000-39999": 0.5768841975159221, "40000-44999": 0.5791039502782016, "45000-49999": 0.5426733724004511, "50000-59999": 0.5407793493626961, "60000-74999": 0.5036151737081953, "75000-99999": 0.5039570905580613, "100000-124999": 0.44806137871458224, "125000-149999": 0.4487828631073899, "150000-199999": 0.37591676941338215, "200000-10000000": 0.37811426183060026}