{"1000-9999": 0.34333282984806984, "10000-14999": 0.12494648858500765, "15000-19999": 0.0865352515959015, "20000-24999": 0.0865352515959015, "25000-29999": 0.0731453423489687, "30000-34999": 0.05959130597352021, "35000-39999": 0.049994097520445174, "40000-44999": 0.04395243150067135, "45000-49999": 0.04109811470264705, "50000-59999": 0.031896538575485404, "60000-74999": 0.02778507914240912, "75000-99999": 0.02154553158953666, "100000-124999": 0.018611077275398548, "125000-149999": 0.015360133847276228, "150000-199999": 0.01446575111930345, "200000-10000000": 0.0010128643540706305}