{"1000-9999": 0.8349840583113093, "10000-14999": 0.877558244454777, "15000-19999": 0.8882148216591211, "20000-24999": 0.8882148216591211, "25000-29999": 0.7630391684568266, "30000-34999": 0.7679578436995987, "35000-39999": 0.7664733989879293, "40000-44999": 0.7660030190640806, "45000-49999": 0.7480171012026956, "50000-59999": 0.7489713938245742, "60000-74999": 0.6460425940875717, "75000-99999": 0.6469392112473057, "100000-124999": 0.5707697732190489, "125000-149999": 0.5764352021106147, "150000-199999": 0.4744423085914168, "200000-10000000": 0.4781310375990196}