{"1000-9999": 0.2382554471091899, "10000-14999": 0.06452029104649883, "15000-19999": 0.04659093027044802, "20000-24999": 0.04659093027044802, "25000-29999": 0.04105952578487218, "30000-34999": 0.03382660677125492, "35000-39999": 0.027945865297181616, "40000-44999": 0.02432682419719242, "45000-49999": 0.022191632472724116, "50000-59999": 0.017228507215151682, "60000-74999": 0.015971204988410228, "75000-99999": 0.012587878174572301, "100000-124999": 0.01091014428204715, "125000-149999": 0.008953409114878389, "150000-199999": 0.008557924578994573, "200000-10000000": 0.0006712234088394923}