{"1000-9999": 0.22900543792035302, "10000-14999": 0.05841122303669447, "15000-19999": 0.042813356900501386, "20000-24999": 0.042813356900501386, "25000-29999": 0.03956902281376453, "30000-34999": 0.031101984007240742, "35000-39999": 0.026837638089545552, "40000-44999": 0.022966355956356217, "45000-49999": 0.022017642117126507, "50000-59999": 0.016834372445518105, "60000-74999": 0.015183915063009751, "75000-99999": 0.011738854307725114, "100000-124999": 0.00996790895138597, "125000-149999": 0.008081996751102553, "150000-199999": 0.007014896361914038, "200000-10000000": 0.0005359562043349448}