{"1000-9999": 0.6625130645097934, "10000-14999": 0.6260915410491756, "15000-19999": 0.6229746053686465, "20000-24999": 0.6229746053686465, "25000-29999": 0.5783794193971685, "30000-34999": 0.5737618977559509, "35000-39999": 0.5768394614530915, "40000-44999": 0.575576866287692, "45000-49999": 0.5365505349186795, "50000-59999": 0.5392972347027766, "60000-74999": 0.5016174922976795, "75000-99999": 0.5013986678398484, "100000-124999": 0.44405831441294547, "125000-149999": 0.4464160767476642, "150000-199999": 0.3750019443743354, "200000-10000000": 0.37504205564639065}