{"1000-9999": 0.259185023673735, "10000-14999": 0.0756827904833748, "15000-19999": 0.05517500237293667, "20000-24999": 0.05517500237293667, "25000-29999": 0.04984221303894855, "30000-34999": 0.04058004717355914, "35000-39999": 0.03414272147094486, "40000-44999": 0.030197373420513613, "45000-49999": 0.026709496920791043, "50000-59999": 0.020874288990124754, "60000-74999": 0.019886426707230388, "75000-99999": 0.0150498949367034, "100000-124999": 0.013184718325265495, "125000-149999": 0.010991735881699431, "150000-199999": 0.01039387119061673, "200000-10000000": 0.0006513778201846246}