{"1000-9999": 0.43619487153946523, "10000-14999": 0.1217486537733234, "15000-19999": 0.08969756151809073, "20000-24999": 0.08969756151809073, "25000-29999": 0.0739378553769078, "30000-34999": 0.06001912140403952, "35000-39999": 0.05076363777350056, "40000-44999": 0.04437489567270604, "45000-49999": 0.04279905041252031, "50000-59999": 0.03254963259237924, "60000-74999": 0.03086820134771301, "75000-99999": 0.023747007800156893, "100000-124999": 0.020326135505087994, "125000-149999": 0.016640288557312602, "150000-199999": 0.015386036284046556, "200000-10000000": 0.001281272481123099}