{"1000-9999": 0.292007302549186, "10000-14999": 0.10995388334145918, "15000-19999": 0.07705762503443057, "20000-24999": 0.07705762503443057, "25000-29999": 0.06522970946305742, "30000-34999": 0.05368305261511083, "35000-39999": 0.045422889641682146, "40000-44999": 0.03993724075720267, "45000-49999": 0.037299101950781476, "50000-59999": 0.0288383784301694, "60000-74999": 0.02522667096619064, "75000-99999": 0.019330276078789847, "100000-124999": 0.017002509583607314, "125000-149999": 0.014108149977158296, "150000-199999": 0.012589363289690554, "200000-10000000": 0.0009354874778342655}