{"1000-9999": 1.429624015696381, "10000-14999": 1.4286128233045186, "15000-19999": 1.4132334798465873, "20000-24999": 1.4132334798465873, "25000-29999": 1.2076499523777438, "30000-34999": 1.205526046181156, "35000-39999": 1.20315346136238, "40000-44999": 1.2229131521557597, "45000-49999": 1.1074794595764603, "50000-59999": 1.1180030467467952, "60000-74999": 1.0185201799511618, "75000-99999": 1.0171241607729764, "100000-124999": 0.9382536224852782, "125000-149999": 0.9287173551610518, "150000-199999": 0.8439996457010093, "200000-10000000": 0.844029274258765}