{"1000-9999": 0.7476260514435509, "10000-14999": 0.694295489651599, "15000-19999": 0.6956569681893394, "20000-24999": 0.6956569681893394, "25000-29999": 0.6455277775543421, "30000-34999": 0.6439027356074821, "35000-39999": 0.6434979378993073, "40000-44999": 0.645678467417637, "45000-49999": 0.6013590455700013, "50000-59999": 0.6059708902631253, "60000-74999": 0.5607864122776216, "75000-99999": 0.5627965793155432, "100000-124999": 0.4982971689269809, "125000-149999": 0.49968115007325625, "150000-199999": 0.4216748852990752, "200000-10000000": 0.41971210322759317}