{"1000-9999": 0.3172177040939589, "10000-14999": 0.10775236785658658, "15000-19999": 0.07879032869937402, "20000-24999": 0.07879032869937402, "25000-29999": 0.06478928364504712, "30000-34999": 0.0540731018219109, "35000-39999": 0.04488867259952728, "40000-44999": 0.03873372295415896, "45000-49999": 0.0365843188646703, "50000-59999": 0.028399150967862122, "60000-74999": 0.024965590430089765, "75000-99999": 0.019262290755837526, "100000-124999": 0.01693130635337119, "125000-149999": 0.013736535034894, "150000-199999": 0.012937133421112993, "200000-10000000": 0.0010660705945251684}