{"1000-9999": 0.31352380147470577, "10000-14999": 0.09687971693915806, "15000-19999": 0.06944980702443389, "20000-24999": 0.06944980702443389, "25000-29999": 0.06211994893530732, "30000-34999": 0.048502290259198055, "35000-39999": 0.04081420682454219, "40000-44999": 0.035684523259809676, "45000-49999": 0.0315759470840082, "50000-59999": 0.02513270628302505, "60000-74999": 0.023729739712487295, "75000-99999": 0.017942895004203166, "100000-124999": 0.01582335084763668, "125000-149999": 0.01300791606960575, "150000-199999": 0.012291438639214931, "200000-10000000": 0.0007808588224837307}