{"1000-9999": 0.6941610130995336, "10000-14999": 0.6441308050556716, "15000-19999": 0.6412771691158133, "20000-24999": 0.6412771691158133, "25000-29999": 0.5962882666286645, "30000-34999": 0.5990660119493179, "35000-39999": 0.5996890940046119, "40000-44999": 0.5948341380564017, "45000-49999": 0.5594064272310525, "50000-59999": 0.5588244154783074, "60000-74999": 0.5200226197991171, "75000-99999": 0.5190104013733949, "100000-124999": 0.4633059138121502, "125000-149999": 0.46127870483158895, "150000-199999": 0.3882240735035284, "200000-10000000": 0.39226481047295525}