{"1000-9999": 1.4094165578513134, "10000-14999": 1.441103277665647, "15000-19999": 1.4442157888655625, "20000-24999": 1.4442157888655625, "25000-29999": 1.2122242426268315, "30000-34999": 1.205751074787985, "35000-39999": 1.214463787437161, "40000-44999": 1.2143152047705046, "45000-49999": 1.1081029187505926, "50000-59999": 1.104867222463446, "60000-74999": 1.013068430361842, "75000-99999": 1.0185523046712655, "100000-124999": 0.9373769252920879, "125000-149999": 0.9350161660999807, "150000-199999": 0.8386688033821874, "200000-10000000": 0.8444549526914266}