{"1000-9999": 0.36521661503250935, "10000-14999": 0.104296590346302, "15000-19999": 0.07430787369166231, "20000-24999": 0.07430787369166231, "25000-29999": 0.06230907753631338, "30000-34999": 0.04995208664144805, "35000-39999": 0.04292571624519355, "40000-44999": 0.03717575040473163, "45000-49999": 0.03442343379672357, "50000-59999": 0.02669143284597968, "60000-74999": 0.023761841646081444, "75000-99999": 0.018347811030504424, "100000-124999": 0.015857516041926346, "125000-149999": 0.013048112508214006, "150000-199999": 0.012166778913714564, "200000-10000000": 0.0010447275164455632}