{"1000-9999": 0.4142588613596715, "10000-14999": 0.12723629078683063, "15000-19999": 0.0898545955143747, "20000-24999": 0.0898545955143747, "25000-29999": 0.07478548660592463, "30000-34999": 0.06019249258681396, "35000-39999": 0.05093627511234013, "40000-44999": 0.043613389635830765, "45000-49999": 0.041619588009491504, "50000-59999": 0.032121514934007805, "60000-74999": 0.028299409996524114, "75000-99999": 0.02162125394352457, "100000-124999": 0.019168579056721403, "125000-149999": 0.015531233431639603, "150000-199999": 0.014780466379435689, "200000-10000000": 0.0012553651364873685}