{"1000-9999": 0.6233616920023106, "10000-14999": 0.5876992114033752, "15000-19999": 0.588741516542204, "20000-24999": 0.588741516542204, "25000-29999": 0.5451560418412232, "30000-34999": 0.5446884596745395, "35000-39999": 0.5443022818267413, "40000-44999": 0.5430610162660985, "45000-49999": 0.5130154918239108, "50000-59999": 0.5114470166343454, "60000-74999": 0.4749384916828643, "75000-99999": 0.4745204348356506, "100000-124999": 0.42208105182107075, "125000-149999": 0.4217539008570501, "150000-199999": 0.3552460113131431, "200000-10000000": 0.35726317051046524}