{"1000-9999": 0.22133827382498908, "10000-14999": 0.06547173838486713, "15000-19999": 0.04722794237284887, "20000-24999": 0.04722794237284887, "25000-29999": 0.0435921470954874, "30000-34999": 0.03598418354896251, "35000-39999": 0.030575914372927768, "40000-44999": 0.025547407754965803, "45000-49999": 0.025209710156880078, "50000-59999": 0.01926845231772701, "60000-74999": 0.01744323707047574, "75000-99999": 0.01329978635367963, "100000-124999": 0.0113580988710744, "125000-149999": 0.009371744132670197, "150000-199999": 0.00808652791894387, "200000-10000000": 0.0005901543632111865}