{"1000-9999": 1.4628805393488293, "10000-14999": 1.4851892591726865, "15000-19999": 1.506524607241292, "20000-24999": 1.506524607241292, "25000-29999": 1.2440622556258776, "30000-34999": 1.2572925252801803, "35000-39999": 1.2518595624611744, "40000-44999": 1.2571916592916919, "45000-49999": 1.1419280329631638, "50000-59999": 1.1582227336278519, "60000-74999": 1.0531165530958357, "75000-99999": 1.0526972113260757, "100000-124999": 0.9662024163127954, "125000-149999": 0.972030040378012, "150000-199999": 0.8758064464416294, "200000-10000000": 0.8739944534727422}