{"1000-9999": 1.0605438568319758, "10000-14999": 1.096124924169347, "15000-19999": 1.104724568325631, "20000-24999": 1.104724568325631, "25000-29999": 0.9945407603659658, "30000-34999": 1.0050536736674425, "35000-39999": 0.9987271498802793, "40000-44999": 0.993654630130423, "45000-49999": 0.924117513648185, "50000-59999": 0.9218869768002518, "60000-74999": 0.7945509457409188, "75000-99999": 0.7985323438000029, "100000-124999": 0.7240882367755591, "125000-149999": 0.7255741914624897, "150000-199999": 0.6246539202333263, "200000-10000000": 0.6239615420317552}