{"1000-9999": 0.9456887700090872, "10000-14999": 0.9568475157994838, "15000-19999": 0.9652912095849842, "20000-24999": 0.9652912095849842, "25000-29999": 0.7995711478657063, "30000-34999": 0.8112591128126414, "35000-39999": 0.8043921454454379, "40000-44999": 0.8063582463804039, "45000-49999": 0.7440496475679861, "50000-59999": 0.7485214488897899, "60000-74999": 0.6818425664253261, "75000-99999": 0.6805673839667102, "100000-124999": 0.6246424330994272, "125000-149999": 0.6262999823009903, "150000-199999": 0.5628208131588726, "200000-10000000": 0.5640292442542933}