{"1000-9999": 0.8435384201632933, "10000-14999": 0.8938551471266942, "15000-19999": 0.8747928827092045, "20000-24999": 0.8747928827092045, "25000-29999": 0.7737917345932455, "30000-34999": 0.7728404369022812, "35000-39999": 0.7652177762706706, "40000-44999": 0.7709512694547459, "45000-49999": 0.7419651068766012, "50000-59999": 0.7533302787246776, "60000-74999": 0.6516068754218958, "75000-99999": 0.6483433495094084, "100000-124999": 0.5726898398561492, "125000-149999": 0.5759899810852305, "150000-199999": 0.4777000631978611, "200000-10000000": 0.4790126017149218}