{"1000-9999": 1.0477893850923068, "10000-14999": 1.0901226483098236, "15000-19999": 1.0930969667705341, "20000-24999": 1.0930969667705341, "25000-29999": 0.9967600469443479, "30000-34999": 1.001259303588081, "35000-39999": 1.0100794382933362, "40000-44999": 1.003956144562105, "45000-49999": 0.929262320604451, "50000-59999": 0.9278220996363654, "60000-74999": 0.8015271962046284, "75000-99999": 0.800767335179837, "100000-124999": 0.7307346524496098, "125000-149999": 0.7273241058990599, "150000-199999": 0.6280899663347735, "200000-10000000": 0.6291142073651371}