{"1000-9999": 0.23576667920186006, "10000-14999": 0.07072732548565099, "15000-19999": 0.05135146030719526, "20000-24999": 0.05135146030719526, "25000-29999": 0.04697391988521946, "30000-34999": 0.03736555556806079, "35000-39999": 0.03222092483300144, "40000-44999": 0.027906713057051866, "45000-49999": 0.026682885315044678, "50000-59999": 0.02051638773468041, "60000-74999": 0.01844532155914968, "75000-99999": 0.014102596010754961, "100000-124999": 0.011860009368968973, "125000-149999": 0.009712941572268723, "150000-199999": 0.008542607013260317, "200000-10000000": 0.0004745563678909017}