{"1000-9999": 1.6014309272273912, "10000-14999": 1.3492332445386106, "15000-19999": 1.3282508943714906, "20000-24999": 1.3282508943714906, "25000-29999": 1.1121037217083887, "30000-34999": 1.106932018879988, "35000-39999": 1.1221327856885321, "40000-44999": 1.1244085139582989, "45000-49999": 1.0354516637972264, "50000-59999": 1.032039602608456, "60000-74999": 0.9452322038901112, "75000-99999": 0.9439080422858135, "100000-124999": 0.8651127470392567, "125000-149999": 0.8703124375573836, "150000-199999": 0.7824590034152759, "200000-10000000": 0.7791429670676566}