{"1000-9999": 0.7221054742146699, "10000-14999": 0.673375582640111, "15000-19999": 0.6787926456472425, "20000-24999": 0.6787926456472425, "25000-29999": 0.6264022312815734, "30000-34999": 0.6247920523201568, "35000-39999": 0.6271372137100147, "40000-44999": 0.624692488513798, "45000-49999": 0.5861761098708503, "50000-59999": 0.5856840186392734, "60000-74999": 0.5461534908429092, "75000-99999": 0.5460749464093049, "100000-124999": 0.4840945539497388, "125000-149999": 0.48364608260384534, "150000-199999": 0.40599662671314984, "200000-10000000": 0.40814828755474314}