{"1000-9999": 0.3270825782588544, "10000-14999": 0.11763951240820017, "15000-19999": 0.08084799340303157, "20000-24999": 0.08084799340303157, "25000-29999": 0.06894095617455848, "30000-34999": 0.055789010916754665, "35000-39999": 0.047321872502746325, "40000-44999": 0.04130944944643168, "45000-49999": 0.038265201737591716, "50000-59999": 0.030019573698576066, "60000-74999": 0.026093616777627112, "75000-99999": 0.02034842153709434, "100000-124999": 0.017737031872551413, "125000-149999": 0.014597557156232562, "150000-199999": 0.013477899427693191, "200000-10000000": 0.000955985543256508}