{"1000-9999": 0.378198726901811, "10000-14999": 0.10399942790844441, "15000-19999": 0.07255059104884866, "20000-24999": 0.07255059104884866, "25000-29999": 0.0683611821357384, "30000-34999": 0.054425364152464496, "35000-39999": 0.0466244931991673, "40000-44999": 0.04068191787756127, "45000-49999": 0.036652714774849236, "50000-59999": 0.028023209283352078, "60000-74999": 0.026853190498667776, "75000-99999": 0.02067785931622073, "100000-124999": 0.01814272076942597, "125000-149999": 0.014852718335112376, "150000-199999": 0.013992576562637339, "200000-10000000": 0.000999969681247883}