{"1000-9999": 0.22283916993182765, "10000-14999": 0.06490369053577955, "15000-19999": 0.04631214875294892, "20000-24999": 0.04631214875294892, "25000-29999": 0.04196280551196807, "30000-34999": 0.03377940445156262, "35000-39999": 0.028417780735696715, "40000-44999": 0.025074764599252793, "45000-49999": 0.022164858948161704, "50000-59999": 0.0174390077266172, "60000-74999": 0.016336728888952413, "75000-99999": 0.012554050740112928, "100000-124999": 0.011234251786616856, "125000-149999": 0.009131021213242772, "150000-199999": 0.008717341282128024, "200000-10000000": 0.0005551970399005165}