{"1000-9999": 1.0162154390925082, "10000-14999": 1.101525256161106, "15000-19999": 1.0910100353363452, "20000-24999": 1.0910100353363452, "25000-29999": 1.0026728578816733, "30000-34999": 0.9869686227036859, "35000-39999": 0.9941193360360158, "40000-44999": 0.983802164701359, "45000-49999": 0.9210667092600242, "50000-59999": 0.9096599697553922, "60000-74999": 0.7923972631621918, "75000-99999": 0.7939695808720144, "100000-124999": 0.722402994891632, "125000-149999": 0.7257579740367476, "150000-199999": 0.6222084980294028, "200000-10000000": 0.6205895097648705}