{"1000-9999": 0.30768650411761406, "10000-14999": 0.08546308225805224, "15000-19999": 0.06214804074910766, "20000-24999": 0.06214804074910766, "25000-29999": 0.053855860277146575, "30000-34999": 0.04443799804235699, "35000-39999": 0.037181819423701856, "40000-44999": 0.03242514176198418, "45000-49999": 0.02947562756888254, "50000-59999": 0.022535018964836378, "60000-74999": 0.02138626524992561, "75000-99999": 0.016606671889231924, "100000-124999": 0.014521034510359162, "125000-149999": 0.01175990341007398, "150000-199999": 0.011266408151328785, "200000-10000000": 0.0007784118893372791}