{"1000-9999": 0.17198698386694306, "10000-14999": 0.05444911875896405, "15000-19999": 0.04032279241648124, "20000-24999": 0.04032279241648124, "25000-29999": 0.03681437249066807, "30000-34999": 0.030145401606608804, "35000-39999": 0.0254378185437462, "40000-44999": 0.022723410719316734, "45000-49999": 0.02120719714714335, "50000-59999": 0.016418121360593573, "60000-74999": 0.014778926175502145, "75000-99999": 0.01155390077223264, "100000-124999": 0.009722892083234918, "125000-149999": 0.007852476938302152, "150000-199999": 0.006871968068683786, "200000-10000000": 0.0005011605247339616}