{"1000-9999": 0.7070773703857469, "10000-14999": 0.6606545105224992, "15000-19999": 0.6600783525945051, "20000-24999": 0.6600783525945051, "25000-29999": 0.6128610603966518, "30000-34999": 0.6167160551121539, "35000-39999": 0.6132509736808797, "40000-44999": 0.6123710558583031, "45000-49999": 0.5756745395967298, "50000-59999": 0.5758669428574088, "60000-74999": 0.5367339959297405, "75000-99999": 0.5362351675519929, "100000-124999": 0.4748545785088743, "125000-149999": 0.4749938891631642, "150000-199999": 0.4013825153828881, "200000-10000000": 0.4035929971303023}