{"1000-9999": 1.2679530711337539, "10000-14999": 1.3212658991225352, "15000-19999": 1.3117388380202997, "20000-24999": 1.3117388380202997, "25000-29999": 1.0854899150078052, "30000-34999": 1.0992190270797488, "35000-39999": 1.095207360205857, "40000-44999": 1.0933855339011826, "45000-49999": 1.0020506534468414, "50000-59999": 1.0088420793207697, "60000-74999": 0.9214493611868447, "75000-99999": 0.9216234682132048, "100000-124999": 0.8483718186378257, "125000-149999": 0.8498040588100686, "150000-199999": 0.7648691477229504, "200000-10000000": 0.7653901069907825}