{"1000-9999": 0.39264992384192576, "10000-14999": 0.11101623801411664, "15000-19999": 0.08441003792246424, "20000-24999": 0.08441003792246424, "25000-29999": 0.07575953777625162, "30000-34999": 0.062074627720336346, "35000-39999": 0.053749038060410974, "40000-44999": 0.04554352907266383, "45000-49999": 0.04464902683851586, "50000-59999": 0.034662126867874635, "60000-74999": 0.030749451528223705, "75000-99999": 0.023814390151863016, "100000-124999": 0.019962132003430666, "125000-149999": 0.016348759526734157, "150000-199999": 0.014408655741086707, "200000-10000000": 0.0011505102077922849}