{"1000-9999": 0.3571034948462351, "10000-14999": 0.12066315832789065, "15000-19999": 0.08698736449797535, "20000-24999": 0.08698736449797535, "25000-29999": 0.0714492968326173, "30000-34999": 0.0581088008867893, "35000-39999": 0.04981025560402497, "40000-44999": 0.04365057337414756, "45000-49999": 0.04097611203700893, "50000-59999": 0.03153695762054284, "60000-74999": 0.027583434438064772, "75000-99999": 0.021316804835567995, "100000-124999": 0.01876948143738189, "125000-149999": 0.015176405028132072, "150000-199999": 0.01425205032656877, "200000-10000000": 0.0012171122745730473}