{"1000-9999": 0.27848133286184457, "10000-14999": 0.08848779835319893, "15000-19999": 0.05963908333076574, "20000-24999": 0.05963908333076574, "25000-29999": 0.053651748048774636, "30000-34999": 0.04400993990802936, "35000-39999": 0.03673952879056288, "40000-44999": 0.03160629291608756, "45000-49999": 0.02859855036622365, "50000-59999": 0.02210018000712714, "60000-74999": 0.021215386070427514, "75000-99999": 0.016338521597971094, "100000-124999": 0.014105720260464569, "125000-149999": 0.011537458336937886, "150000-199999": 0.011223277186558028, "200000-10000000": 0.0007236259411958307}