{"1000-9999": 0.34243124951367954, "10000-14999": 0.12730456151263397, "15000-19999": 0.08758290951261885, "20000-24999": 0.08758290951261885, "25000-29999": 0.07575021234414607, "30000-34999": 0.06221185561775978, "35000-39999": 0.05266247307727757, "40000-44999": 0.04566194972534772, "45000-49999": 0.042536572276573446, "50000-59999": 0.03324827302342637, "60000-74999": 0.029028121132203034, "75000-99999": 0.022496504377113095, "100000-124999": 0.01962859225793112, "125000-149999": 0.016043046295273224, "150000-199999": 0.014885426896642243, "200000-10000000": 0.0009834844012447993}