{"1000-9999": 1.0378065551087154, "10000-14999": 1.113007227514653, "15000-19999": 1.1050376073730177, "20000-24999": 1.1050376073730177, "25000-29999": 1.0256109916666534, "30000-34999": 1.0169285881508408, "35000-39999": 1.0192429307792372, "40000-44999": 1.0227601039920688, "45000-49999": 0.9486248832858603, "50000-59999": 0.9434756359597257, "60000-74999": 0.8174311073512592, "75000-99999": 0.8146262236467509, "100000-124999": 0.7346535263137594, "125000-149999": 0.736221064562981, "150000-199999": 0.6417890673517324, "200000-10000000": 0.638830452844634}