{"1000-9999": 0.2171223231454709, "10000-14999": 0.057138464603579076, "15000-19999": 0.04000663523084209, "20000-24999": 0.04000663523084209, "25000-29999": 0.038425943308897606, "30000-34999": 0.031157182990189148, "35000-39999": 0.026442162066136803, "40000-44999": 0.022920789677375472, "45000-49999": 0.022070613976165936, "50000-59999": 0.01686103822021646, "60000-74999": 0.01505127174165954, "75000-99999": 0.011604890911857497, "100000-124999": 0.009862145037521988, "125000-149999": 0.008081678331208963, "150000-199999": 0.0068644214394944164, "200000-10000000": 0.0006708640655167517}