{"1000-9999": 0.5442760036365772, "10000-14999": 0.21256513620849143, "15000-19999": 0.15439924668765265, "20000-24999": 0.15439924668765265, "25000-29999": 0.1460703624939187, "30000-34999": 0.11743116090897443, "35000-39999": 0.10075592641130143, "40000-44999": 0.08591816297303044, "45000-49999": 0.08236328725759463, "50000-59999": 0.0643245510362399, "60000-74999": 0.05683024566578728, "75000-99999": 0.04440345790849288, "100000-124999": 0.037367416744138425, "125000-149999": 0.030357655351810002, "150000-199999": 0.02673887420533137, "200000-10000000": 0.0018368375125524335}