{"1000-9999": 0.826330706020978, "10000-14999": 0.8712297463843458, "15000-19999": 0.8835217264297698, "20000-24999": 0.8835217264297698, "25000-29999": 0.7578590297871761, "30000-34999": 0.7599613537314931, "35000-39999": 0.7566213081465042, "40000-44999": 0.7595407137577757, "45000-49999": 0.7490780749180724, "50000-59999": 0.7433208143528802, "60000-74999": 0.6426954685261015, "75000-99999": 0.6434449071742927, "100000-124999": 0.5650843856496172, "125000-149999": 0.5679316930753424, "150000-199999": 0.47268899264246933, "200000-10000000": 0.4753035383000054}