{"1000-9999": 0.3485767690262685, "10000-14999": 0.11815278897538345, "15000-19999": 0.0852678346586698, "20000-24999": 0.0852678346586698, "25000-29999": 0.06995162925914063, "30000-34999": 0.05841058406273669, "35000-39999": 0.04849841055733625, "40000-44999": 0.042369486213321185, "45000-49999": 0.03974931667351296, "50000-59999": 0.030975966817173472, "60000-74999": 0.027159861062511215, "75000-99999": 0.020927524993033308, "100000-124999": 0.018315085353948123, "125000-149999": 0.014938935141184335, "150000-199999": 0.014115689456744544, "200000-10000000": 0.0010099755309245955}