{"1000-9999": 0.8653526079791424, "10000-14999": 0.907441555384169, "15000-19999": 0.9186427634267323, "20000-24999": 0.9186427634267323, "25000-29999": 0.7917747801313293, "30000-34999": 0.7904653072370404, "35000-39999": 0.7922850763771697, "40000-44999": 0.7875668524197795, "45000-49999": 0.777194101527483, "50000-59999": 0.7730994027342262, "60000-74999": 0.6682347728199279, "75000-99999": 0.6691979434619485, "100000-124999": 0.5913488783273014, "125000-149999": 0.5878182779968902, "150000-199999": 0.4899827282307575, "200000-10000000": 0.49250435651228985}