{"1000-9999": 0.3366562319116037, "10000-14999": 0.11647213829072553, "15000-19999": 0.0820759954088134, "20000-24999": 0.0820759954088134, "25000-29999": 0.06892611281305737, "30000-34999": 0.05655299939163235, "35000-39999": 0.04733186883334051, "40000-44999": 0.04089062931869141, "45000-49999": 0.038752360775238706, "50000-59999": 0.02961278032205162, "60000-74999": 0.02647496336518121, "75000-99999": 0.02017340158256202, "100000-124999": 0.01768569255681451, "125000-149999": 0.014362221814404417, "150000-199999": 0.013789297090578145, "200000-10000000": 0.0012221403488684552}