{"1000-9999": 1.2403671484451384, "10000-14999": 1.2714107305461273, "15000-19999": 1.2573059025349362, "20000-24999": 1.2573059025349362, "25000-29999": 1.0507648523799962, "30000-34999": 1.0558763439206265, "35000-39999": 1.056020218879576, "40000-44999": 1.0490205199548568, "45000-49999": 0.9694940514867326, "50000-59999": 0.9708065664401628, "60000-74999": 0.887487917148693, "75000-99999": 0.889845993448978, "100000-124999": 0.8160029836733499, "125000-149999": 0.8168764949489843, "150000-199999": 0.7370060528700613, "200000-10000000": 0.738460470427714}