{"1000-9999": 0.7351994835570757, "10000-14999": 0.6818301966910657, "15000-19999": 0.6828397278652018, "20000-24999": 0.6828397278652018, "25000-29999": 0.6331956726396419, "30000-34999": 0.6332691915042518, "35000-39999": 0.6344011277209203, "40000-44999": 0.6317967723977242, "45000-49999": 0.5909884260477075, "50000-59999": 0.5938469568019312, "60000-74999": 0.5508528201660061, "75000-99999": 0.5530907706972839, "100000-124999": 0.489690887345237, "125000-149999": 0.4880619499134809, "150000-199999": 0.4142849852655558, "200000-10000000": 0.4131332347491863}