{"1000-9999": 0.9187134189790234, "10000-14999": 0.9558574986696526, "15000-19999": 0.973879070374626, "20000-24999": 0.973879070374626, "25000-29999": 0.8292333203689789, "30000-34999": 0.827816145110226, "35000-39999": 0.8364171168945286, "40000-44999": 0.828956670588874, "45000-49999": 0.8140424341026198, "50000-59999": 0.8112879977920412, "60000-74999": 0.6987417417902732, "75000-99999": 0.7025037969121377, "100000-124999": 0.6179677122544486, "125000-149999": 0.6204568473234542, "150000-199999": 0.5155584673597711, "200000-10000000": 0.515166159984896}