{"1000-9999": 0.42084793028425355, "10000-14999": 0.12498189226581191, "15000-19999": 0.09050918981500113, "20000-24999": 0.09050918981500113, "25000-29999": 0.07430206888143932, "30000-34999": 0.06254756046294402, "35000-39999": 0.05270368724676206, "40000-44999": 0.04553254237792766, "45000-49999": 0.04303150630569435, "50000-59999": 0.033525063581643616, "60000-74999": 0.03153298869162264, "75000-99999": 0.024347583205377926, "100000-124999": 0.020586508879981553, "125000-149999": 0.01697232531613932, "150000-199999": 0.01589747670339666, "200000-10000000": 0.0010683965534189718}