{"1000-9999": 0.7053780634498336, "10000-14999": 0.6570131744768631, "15000-19999": 0.6618317886147131, "20000-24999": 0.6618317886147131, "25000-29999": 0.6108634311548874, "30000-34999": 0.6095712704409345, "35000-39999": 0.6101908297612623, "40000-44999": 0.6116174129747216, "45000-49999": 0.568187692455498, "50000-59999": 0.56943260019877, "60000-74999": 0.5316534069869413, "75000-99999": 0.531434408565963, "100000-124999": 0.4728401393929664, "125000-149999": 0.47376408193548336, "150000-199999": 0.39868773276726643, "200000-10000000": 0.3959150110575343}