{"1000-9999": 0.8372865413739474, "10000-14999": 0.8763288552849644, "15000-19999": 0.8818430771891231, "20000-24999": 0.8818430771891231, "25000-29999": 0.7635595047165328, "30000-34999": 0.7662497950461725, "35000-39999": 0.7622593104862503, "40000-44999": 0.7642488201713129, "45000-49999": 0.7473612277872748, "50000-59999": 0.7431516753592184, "60000-74999": 0.6446951366854101, "75000-99999": 0.6432608036108461, "100000-124999": 0.5675916689260192, "125000-149999": 0.5709664235268725, "150000-199999": 0.47420199585869816, "200000-10000000": 0.47488710916486876}