{"1000-9999": 0.39509697435763497, "10000-14999": 0.12045258198805155, "15000-19999": 0.08648815580490296, "20000-24999": 0.08648815580490296, "25000-29999": 0.07194351474196867, "30000-34999": 0.05809276361211636, "35000-39999": 0.050049335653557785, "40000-44999": 0.04294485556829936, "45000-49999": 0.04114460765971755, "50000-59999": 0.03167073727650984, "60000-74999": 0.029653700904565716, "75000-99999": 0.02329712371626382, "100000-124999": 0.01942487135536833, "125000-149999": 0.01606431605383574, "150000-199999": 0.014822371416795899, "200000-10000000": 0.0008957410415004016}