{"1000-9999": 1.056571269384248, "10000-14999": 1.0971320907806696, "15000-19999": 1.0948399196189316, "20000-24999": 1.0948399196189316, "25000-29999": 0.9012596998425775, "30000-34999": 0.9057243920267833, "35000-39999": 0.9125557695073606, "40000-44999": 0.9027759020342293, "45000-49999": 0.8324040099518225, "50000-59999": 0.835431099256154, "60000-74999": 0.7648331641166387, "75000-99999": 0.7631112627851422, "100000-124999": 0.7005811963953256, "125000-149999": 0.703147766244416, "150000-199999": 0.6345624118666352, "200000-10000000": 0.6327272096395479}