{"1000-9999": 0.6949552247770624, "10000-14999": 0.6519748666071441, "15000-19999": 0.652117913495086, "20000-24999": 0.652117913495086, "25000-29999": 0.5996178282631457, "30000-34999": 0.6002861747251543, "35000-39999": 0.6011775494591771, "40000-44999": 0.6022765676313574, "45000-49999": 0.5654308902329911, "50000-59999": 0.564419512894838, "60000-74999": 0.5258974655791303, "75000-99999": 0.526408876015844, "100000-124999": 0.465043081894697, "125000-149999": 0.4673856894207859, "150000-199999": 0.39282686073914413, "200000-10000000": 0.39384028042219327}