{"1000-9999": 1.3764029430819917, "10000-14999": 1.355173549390134, "15000-19999": 1.3625841481234813, "20000-24999": 1.3625841481234813, "25000-29999": 1.1412802724231441, "30000-34999": 1.1439870539111985, "35000-39999": 1.1422751756127831, "40000-44999": 1.1411456606887709, "45000-49999": 1.0505123728248675, "50000-59999": 1.0566681502429596, "60000-74999": 0.9644173726865588, "75000-99999": 0.9623975096899041, "100000-124999": 0.8839785493936663, "125000-149999": 0.8886427946535242, "150000-199999": 0.7982484881974178, "200000-10000000": 0.7975105891344655}