{"1000-9999": 1.0072509573141013, "10000-14999": 1.0865151468740553, "15000-19999": 1.0762519106622526, "20000-24999": 1.0762519106622526, "25000-29999": 0.9925859849135892, "30000-34999": 0.9966893153595309, "35000-39999": 0.9898289319241573, "40000-44999": 0.9926815746964635, "45000-49999": 0.9136356024300324, "50000-59999": 0.9141611410609665, "60000-74999": 0.7925001835986425, "75000-99999": 0.7935579620900701, "100000-124999": 0.7208011199942802, "125000-149999": 0.7205715283281439, "150000-199999": 0.6217277656892314, "200000-10000000": 0.6211557223577525}