{"1000-9999": 1.046985171019196, "10000-14999": 1.0728128032972915, "15000-19999": 1.0914496586923168, "20000-24999": 1.0914496586923168, "25000-29999": 1.0120449568479826, "30000-34999": 1.0099974885617324, "35000-39999": 1.0148576543042418, "40000-44999": 1.0007894256125172, "45000-49999": 0.934244317035768, "50000-59999": 0.9336493151482957, "60000-74999": 0.8060913396400611, "75000-99999": 0.8047814068826982, "100000-124999": 0.7360146123400371, "125000-149999": 0.7320592905006739, "150000-199999": 0.6322390890122577, "200000-10000000": 0.6306608631049949}