{"1000-9999": 0.40476590264098133, "10000-14999": 0.1276270009127818, "15000-19999": 0.09015221479645533, "20000-24999": 0.09015221479645533, "25000-29999": 0.07755509803138638, "30000-34999": 0.06319277198460088, "35000-39999": 0.05300957531309565, "40000-44999": 0.04538429336166842, "45000-49999": 0.043321353454959834, "50000-59999": 0.033886033553079384, "60000-74999": 0.029506023335151097, "75000-99999": 0.02277338144306401, "100000-124999": 0.019703451914286203, "125000-149999": 0.01605273756294031, "150000-199999": 0.015334945219781888, "200000-10000000": 0.0012791797241334156}