{"1000-9999": 0.37762713490146904, "10000-14999": 0.1133645765696035, "15000-19999": 0.08135876212031055, "20000-24999": 0.08135876212031055, "25000-29999": 0.06810543071438424, "30000-34999": 0.05565954264073792, "35000-39999": 0.04607605146232625, "40000-44999": 0.040600937887059076, "45000-49999": 0.03812504632971308, "50000-59999": 0.030638127051114634, "60000-74999": 0.02826094110838193, "75000-99999": 0.021903892110240585, "100000-124999": 0.018500162277389372, "125000-149999": 0.015139251157158876, "150000-199999": 0.014024549312222488, "200000-10000000": 0.0008879715106642729}