{"1000-9999": 0.3233565761540132, "10000-14999": 0.10978355672124482, "15000-19999": 0.0775138386734076, "20000-24999": 0.0775138386734076, "25000-29999": 0.06669775899636565, "30000-34999": 0.05405213824871747, "35000-39999": 0.04563066233501126, "40000-44999": 0.039327398437378674, "45000-49999": 0.037337637150237815, "50000-59999": 0.028724282438105337, "60000-74999": 0.0251647905924527, "75000-99999": 0.019732789068020274, "100000-124999": 0.01716814482597939, "125000-149999": 0.013980753750314474, "150000-199999": 0.01294244277248947, "200000-10000000": 0.0005986091657430025}