{"1000-9999": 0.6918288737127009, "10000-14999": 0.6392959110691523, "15000-19999": 0.6379562714562791, "20000-24999": 0.6379562714562791, "25000-29999": 0.5927542948479069, "30000-34999": 0.5873144911983015, "35000-39999": 0.5896227452054613, "40000-44999": 0.5918012515101935, "45000-49999": 0.5515888673078551, "50000-59999": 0.5517387652368824, "60000-74999": 0.513176556317351, "75000-99999": 0.514057485996895, "100000-124999": 0.4573172543607377, "125000-149999": 0.4587408360832978, "150000-199999": 0.38540865369311156, "200000-10000000": 0.38551642401669056}