{"1000-9999": 0.3934956531276412, "10000-14999": 0.10684775026195098, "15000-19999": 0.07704514188756306, "20000-24999": 0.07704514188756306, "25000-29999": 0.06459525215051325, "30000-34999": 0.05266247568827532, "35000-39999": 0.04454252180894599, "40000-44999": 0.039102176526755364, "45000-49999": 0.03743842587904406, "50000-59999": 0.028777633577505856, "60000-74999": 0.027100837137887124, "75000-99999": 0.0210780231469445, "100000-124999": 0.01789528254999482, "125000-149999": 0.014650444696637559, "150000-199999": 0.013235885064130518, "200000-10000000": 0.0006636850352535184}