{"1000-9999": 0.9010760446358758, "10000-14999": 0.9515623016333661, "15000-19999": 0.9505267070982271, "20000-24999": 0.9505267070982271, "25000-29999": 0.8281810635485933, "30000-34999": 0.8284480087607283, "35000-39999": 0.8235622612597449, "40000-44999": 0.8338769882342382, "45000-49999": 0.8164592287251373, "50000-59999": 0.8085598368006536, "60000-74999": 0.7000412222883484, "75000-99999": 0.69959359657218, "100000-124999": 0.6159150888623671, "125000-149999": 0.6170534803959797, "150000-199999": 0.5149023209701336, "200000-10000000": 0.5148859133193994}