{"1000-9999": 0.36212323560961446, "10000-14999": 0.10742010382073973, "15000-19999": 0.0750671090800911, "20000-24999": 0.0750671090800911, "25000-29999": 0.06446667643657016, "30000-34999": 0.052222871611809434, "35000-39999": 0.044611051802925336, "40000-44999": 0.038651466774693874, "45000-49999": 0.03689376468145699, "50000-59999": 0.028654797569295187, "60000-74999": 0.02678433766350128, "75000-99999": 0.0206841371008719, "100000-124999": 0.017405352088735726, "125000-149999": 0.014553102371927813, "150000-199999": 0.013294497664560841, "200000-10000000": 0.0010719160365798928}