{"1000-9999": 0.38857671297527274, "10000-14999": 0.12005835563104915, "15000-19999": 0.08514483950943297, "20000-24999": 0.08514483950943297, "25000-29999": 0.0743837027271093, "30000-34999": 0.06002152857370923, "35000-39999": 0.05056501358026533, "40000-44999": 0.0441112803894499, "45000-49999": 0.041552299593756364, "50000-59999": 0.03187520822010147, "60000-74999": 0.027894069497390605, "75000-99999": 0.021782397758734116, "100000-124999": 0.01878402812418363, "125000-149999": 0.015233591013938523, "150000-199999": 0.014206071337653225, "200000-10000000": 0.0009347898464272829}