{"1000-9999": 1.0699444246332783, "10000-14999": 1.0919893388002873, "15000-19999": 1.1062155922071786, "20000-24999": 1.1062155922071786, "25000-29999": 1.0131430682387903, "30000-34999": 0.9940789558920753, "35000-39999": 1.0185143899181242, "40000-44999": 1.0052131399524735, "45000-49999": 0.9429562365518459, "50000-59999": 0.9274139442501379, "60000-74999": 0.8038754935806514, "75000-99999": 0.8084555084280228, "100000-124999": 0.7363062066310158, "125000-149999": 0.7319331545912265, "150000-199999": 0.6314679447807883, "200000-10000000": 0.6347884298782516}