{"1000-9999": 0.4543212172986754, "10000-14999": 0.12943091476815055, "15000-19999": 0.09322830707319134, "20000-24999": 0.09322830707319134, "25000-29999": 0.08646239541636412, "30000-34999": 0.07084524460158867, "35000-39999": 0.061407242278753695, "40000-44999": 0.0523812270578342, "45000-49999": 0.04998280663229738, "50000-59999": 0.03903213389784652, "60000-74999": 0.034301783692514194, "75000-99999": 0.026550433542638, "100000-124999": 0.022467214672733094, "125000-149999": 0.01833346228852194, "150000-199999": 0.016354100973425864, "200000-10000000": 0.0011864036146321192}