{"1000-9999": 0.8401076971827383, "10000-14999": 0.8730512926999894, "15000-19999": 0.859473223582532, "20000-24999": 0.859473223582532, "25000-29999": 0.7466640534196491, "30000-34999": 0.7467092781177058, "35000-39999": 0.7442206328351075, "40000-44999": 0.7416403921968767, "45000-49999": 0.725322335250436, "50000-59999": 0.7297249566151309, "60000-74999": 0.6318956569713607, "75000-99999": 0.6333366507056833, "100000-124999": 0.5577507975981527, "125000-149999": 0.5575552414353924, "150000-199999": 0.4648814378239763, "200000-10000000": 0.46346173346900355}