{"1000-9999": 1.208659981545755, "10000-14999": 1.233079365514783, "15000-19999": 1.2428917660450756, "20000-24999": 1.2428917660450756, "25000-29999": 1.0433512778027794, "30000-34999": 1.032429166118838, "35000-39999": 1.038759386102019, "40000-44999": 1.033991376186639, "45000-49999": 0.947188477573582, "50000-59999": 0.9569099742129922, "60000-74999": 0.8722979309955134, "75000-99999": 0.8727702782871688, "100000-124999": 0.8005312356141971, "125000-149999": 0.8033668284074511, "150000-199999": 0.7233232762469654, "200000-10000000": 0.7219967339120101}