{"1000-9999": 0.9210140571282829, "10000-14999": 0.9335294558236064, "15000-19999": 0.930652926658675, "20000-24999": 0.930652926658675, "25000-29999": 0.7664689043144788, "30000-34999": 0.7755587000800109, "35000-39999": 0.7693572176857544, "40000-44999": 0.7781932594771935, "45000-49999": 0.7119879021423186, "50000-59999": 0.7144912577827414, "60000-74999": 0.6546550977400979, "75000-99999": 0.6523557178804373, "100000-124999": 0.6008755417697172, "125000-149999": 0.6008787356998425, "150000-199999": 0.542590502725901, "200000-10000000": 0.5394008932099138}