{"1000-9999": 0.8904450991058316, "10000-14999": 0.9574314637091002, "15000-19999": 0.954384598259803, "20000-24999": 0.954384598259803, "25000-29999": 0.8332288243697105, "30000-34999": 0.8321587597831173, "35000-39999": 0.8423207086479039, "40000-44999": 0.8378470702765509, "45000-49999": 0.8108101184844803, "50000-59999": 0.814907928655963, "60000-74999": 0.7055920336575453, "75000-99999": 0.7059411672428147, "100000-124999": 0.6274703776817653, "125000-149999": 0.6213910670705596, "150000-199999": 0.5194301356610774, "200000-10000000": 0.5185455953289505}