{"1000-9999": 0.6983885860315096, "10000-14999": 0.6560045524035087, "15000-19999": 0.6567550829716206, "20000-24999": 0.6567550829716206, "25000-29999": 0.6069983983951791, "30000-34999": 0.6070394990367065, "35000-39999": 0.607570197474064, "40000-44999": 0.6055733987950984, "45000-49999": 0.5697836187000582, "50000-59999": 0.5697223264611848, "60000-74999": 0.5275705552494495, "75000-99999": 0.5284511985504224, "100000-124999": 0.4698380660761258, "125000-149999": 0.46901178315044434, "150000-199999": 0.3964203406370718, "200000-10000000": 0.3959359168479668}