{"1000-9999": 0.17502998845327913, "10000-14999": 0.05731236539363172, "15000-19999": 0.03933294414359979, "20000-24999": 0.03933294414359979, "25000-29999": 0.035381247113465804, "30000-34999": 0.02991749023508717, "35000-39999": 0.02479730898694913, "40000-44999": 0.021825378452126162, "45000-49999": 0.02087506808352082, "50000-59999": 0.01635294653692742, "60000-74999": 0.014369136159987148, "75000-99999": 0.011107471078464754, "100000-124999": 0.009516178938522923, "125000-149999": 0.007709882937714156, "150000-199999": 0.006753237790865245, "200000-10000000": 0.0005140269104702502}