{"1000-9999": 0.7078811174991702, "10000-14999": 0.657412168545256, "15000-19999": 0.658688996938175, "20000-24999": 0.658688996938175, "25000-29999": 0.6052983262859614, "30000-34999": 0.6065223485147796, "35000-39999": 0.6045183671282204, "40000-44999": 0.6064959949683649, "45000-49999": 0.5691498061325145, "50000-59999": 0.5666622589631867, "60000-74999": 0.5291741664028027, "75000-99999": 0.5282891485885578, "100000-124999": 0.46842835936903876, "125000-149999": 0.469707426572252, "150000-199999": 0.3959989088168999, "200000-10000000": 0.3962321652255891}