{"1000-9999": 0.24734474001398604, "10000-14999": 0.07049513672270347, "15000-19999": 0.049603950393040226, "20000-24999": 0.049603950393040226, "25000-29999": 0.04661140022013679, "30000-34999": 0.037513067830534215, "35000-39999": 0.03215739316000181, "40000-44999": 0.02779312331381276, "45000-49999": 0.026889377354652105, "50000-59999": 0.020549131534870285, "60000-74999": 0.018405292722577075, "75000-99999": 0.014233516850906083, "100000-124999": 0.012107820688217464, "125000-149999": 0.009744939057128362, "150000-199999": 0.008761472845230968, "200000-10000000": 0.0006247935114639247}