{"1000-9999": 0.36015770196734953, "10000-14999": 0.09252722672203756, "15000-19999": 0.06895952907059952, "20000-24999": 0.06895952907059952, "25000-29999": 0.058418178132783355, "30000-34999": 0.04845634672811524, "35000-39999": 0.040839289346835936, "40000-44999": 0.0354223711374389, "45000-49999": 0.03181393086537328, "50000-59999": 0.025028749978783384, "60000-74999": 0.023272695397462212, "75000-99999": 0.0179627425617939, "100000-124999": 0.015917425519121408, "125000-149999": 0.012914539438844557, "150000-199999": 0.012252648281261864, "200000-10000000": 0.0007637997115242223}