{"1000-9999": 0.9471065930222674, "10000-14999": 0.9983611403637838, "15000-19999": 1.0165218248408574, "20000-24999": 1.0165218248408574, "25000-29999": 0.8576784639353542, "30000-34999": 0.8590829468418598, "35000-39999": 0.8620487650665158, "40000-44999": 0.8594746759674683, "45000-49999": 0.8441181197409954, "50000-59999": 0.8405555947864705, "60000-74999": 0.7277556672346586, "75000-99999": 0.7306640351640127, "100000-124999": 0.6445924085237383, "125000-149999": 0.6419466348065422, "150000-199999": 0.534559570818821, "200000-10000000": 0.5333434980005485}