{"1000-9999": 0.7871044631277541, "10000-14999": 0.7766320887538032, "15000-19999": 0.7694495459053813, "20000-24999": 0.7694495459053813, "25000-29999": 0.6461700476143133, "30000-34999": 0.6491260145847024, "35000-39999": 0.6505987424073059, "40000-44999": 0.6515689592099748, "45000-49999": 0.5939564211374853, "50000-59999": 0.5944880912504953, "60000-74999": 0.5441035272904798, "75000-99999": 0.5444925867001885, "100000-124999": 0.5016103603181085, "125000-149999": 0.5003514057597213, "150000-199999": 0.450631314118479, "200000-10000000": 0.4522436886378208}