{"1000-9999": 0.6417150204070126, "10000-14999": 0.6078213526936991, "15000-19999": 0.6022831145675699, "20000-24999": 0.6022831145675699, "25000-29999": 0.5602103072590515, "30000-34999": 0.5586015753744851, "35000-39999": 0.5610630218914106, "40000-44999": 0.5606073754157238, "45000-49999": 0.5242844813815796, "50000-59999": 0.5241271304513915, "60000-74999": 0.48822054917817276, "75000-99999": 0.4879788960934398, "100000-124999": 0.4320507113322426, "125000-149999": 0.43229721732597404, "150000-199999": 0.36509692314620107, "200000-10000000": 0.36543990555630734}