{"1000-9999": 0.34868964979140177, "10000-14999": 0.09658874214819982, "15000-19999": 0.06845751487968263, "20000-24999": 0.06845751487968263, "25000-29999": 0.05724385019895169, "30000-34999": 0.04741702885218396, "35000-39999": 0.039739705663675184, "40000-44999": 0.03488290148145903, "45000-49999": 0.03279454084209638, "50000-59999": 0.025761373952489803, "60000-74999": 0.024304969056216322, "75000-99999": 0.018697031559114733, "100000-124999": 0.016167075557867443, "125000-149999": 0.012933702282466118, "150000-199999": 0.011846524293797603, "200000-10000000": 0.0008132314864687534}