{"1000-9999": 0.9729220583179504, "10000-14999": 1.0513841696079118, "15000-19999": 1.0431049322411547, "20000-24999": 1.0431049322411547, "25000-29999": 0.9743061793540649, "30000-34999": 0.9609191677460287, "35000-39999": 0.9638593127586961, "40000-44999": 0.9569780965028705, "45000-49999": 0.8887597999881348, "50000-59999": 0.8939907590027787, "60000-74999": 0.7711969451444822, "75000-99999": 0.7681445355977968, "100000-124999": 0.6957067042512232, "125000-149999": 0.700035750613456, "150000-199999": 0.6022742300321384, "200000-10000000": 0.6043884252397518}