{"1000-9999": 0.6697275787490733, "10000-14999": 0.6141973423886045, "15000-19999": 0.612975199461743, "20000-24999": 0.612975199461743, "25000-29999": 0.5703441164145651, "30000-34999": 0.5705094024008086, "35000-39999": 0.572644868030009, "40000-44999": 0.5708194432161249, "45000-49999": 0.5328906880241976, "50000-59999": 0.5324368686599726, "60000-74999": 0.4966060858289278, "75000-99999": 0.4977388156885401, "100000-124999": 0.4414675658896605, "125000-149999": 0.4414476676142605, "150000-199999": 0.37219206992877985, "200000-10000000": 0.37283530861230124}