{"1000-9999": 0.3085134394696497, "10000-14999": 0.07632071297582953, "15000-19999": 0.05732987265671885, "20000-24999": 0.05732987265671885, "25000-29999": 0.049085529851525186, "30000-34999": 0.039915044544789946, "35000-39999": 0.03400065567760837, "40000-44999": 0.028907393423543596, "45000-49999": 0.027469339327359062, "50000-59999": 0.021527929980853868, "60000-74999": 0.020165973572651808, "75000-99999": 0.015708061054734653, "100000-124999": 0.013511268067465157, "125000-149999": 0.011030199791833294, "150000-199999": 0.009998448220017829, "200000-10000000": 0.0007898670981095849}