{"1000-9999": 0.22412490041523955, "10000-14999": 0.07108636498369493, "15000-19999": 0.051663684687604614, "20000-24999": 0.051663684687604614, "25000-29999": 0.0465705781199662, "30000-34999": 0.03784344885619037, "35000-39999": 0.03131134458468458, "40000-44999": 0.027437654426369463, "45000-49999": 0.024600116868628195, "50000-59999": 0.01923155054374051, "60000-74999": 0.01821068146877457, "75000-99999": 0.01393161266739439, "100000-124999": 0.012268658441743812, "125000-149999": 0.009984863711103732, "150000-199999": 0.00941588574859025, "200000-10000000": 0.0004079404934330408}