{"1000-9999": 0.35965133204972544, "10000-14999": 0.12443248313786552, "15000-19999": 0.0856680752578989, "20000-24999": 0.0856680752578989, "25000-29999": 0.07480835686725118, "30000-34999": 0.05996901724833249, "35000-39999": 0.05042397076560329, "40000-44999": 0.043907601023264936, "45000-49999": 0.041518772291539614, "50000-59999": 0.03206545315303477, "60000-74999": 0.028050462009619696, "75000-99999": 0.02155662162066299, "100000-124999": 0.018821120589989446, "125000-149999": 0.01536313563837419, "150000-199999": 0.014497741710265643, "200000-10000000": 0.001077274572219252}