zip,state_code,group_id
99501,AK,0
99502,AK,0
99503,AK,0
99504,AK,0
99506,AK,0
99507,AK,0
99508,AK,0
99515,AK,0
99516,AK,0
99517,AK,0
99518,AK,0
99701,AK,0
99703,AK,0
99709,AK,0
99712,AK,0
35004,AL,0
35005,AL,0
35007,AL,0
35014,AL,0
35020,AL,0
35022,AL,0
35023,AL,0
35040,AL,0
35043,AL,0
35044,AL,0
35051,AL,0
35055,AL,0
35057,AL,0
35058,AL,0
35061,AL,0
35064,AL,0
35068,AL,0
35071,AL,0
35072,AL,0
35073,AL,0
35077,AL,0
35080,AL,0
35094,AL,0
35096,AL,0
35111,AL,0
35114,AL,0
35115,AL,0
35116,AL,0
35117,AL,0
35118,AL,0
35124,AL,0
35126,AL,0
35127,AL,0
35147,AL,0
35150,AL,0
35151,AL,0
35160,AL,0
35173,AL,0
35176,AL,0
35179,AL,0
35184,AL,0
35188,AL,0
35203,AL,0
35204,AL,0
35205,AL,0
35206,AL,0
35207,AL,0
35208,AL,0
35209,AL,0
35210,AL,0
35211,AL,0
35212,AL,0
35213,AL,0
35214,AL,0
35215,AL,0
35216,AL,0
35217,AL,0
35218,AL,0
35221,AL,0
35222,AL,0
35223,AL,0
35224,AL,0
35226,AL,0
35228,AL,0
35233,AL,0
35234,AL,0
35235,AL,0
35242,AL,0
35243,AL,0
35244,AL,0
35401,AL,0
35404,AL,0
35405,AL,0
35406,AL,0
35444,AL,0
35452,AL,0
35453,AL,0
35456,AL,0
35463,AL,0
35473,AL,0
35474,AL,0
35475,AL,0
35476,AL,0
35490,AL,0
35601,AL,0
35603,AL,0
35611,AL,0
35613,AL,0
35614,AL,0
35616,AL,0
35630,AL,0
35633,AL,0
35634,AL,0
35645,AL,0
35660,AL,0
35661,AL,0
35671,AL,0
35673,AL,0
35674,AL,0
35741,AL,0
35748,AL,0
35749,AL,0
35750,AL,0
35754,AL,0
35756,AL,0
35757,AL,0
35758,AL,0
35759,AL,0
35761,AL,0
35763,AL,0
35773,AL,0
35775,AL,0
35801,AL,0
35802,AL,0
35803,AL,0
35805,AL,0
35806,AL,0
35808,AL,0
35810,AL,0
35811,AL,0
35816,AL,0
35824,AL,0
35901,AL,0
35903,AL,0
35904,AL,0
35905,AL,0
35906,AL,0
35950,AL,0
35951,AL,0
35954,AL,0
35956,AL,0
35957,AL,0
35976,AL,0
35980,AL,0
36020,AL,0
36022,AL,0
36025,AL,0
36043,AL,0
36054,AL,0
36064,AL,0
36066,AL,0
36067,AL,0
36079,AL,0
36081,AL,0
36092,AL,0
36093,AL,0
36104,AL,0
36105,AL,0
36106,AL,0
36107,AL,0
36108,AL,0
36109,AL,0
36110,AL,0
36111,AL,0
36112,AL,0
36113,AL,0
36115,AL,0
36116,AL,0
36117,AL,0
36201,AL,0
36203,AL,0
36205,AL,0
36206,AL,0
36207,AL,0
36250,AL,0
36260,AL,0
36265,AL,0
36268,AL,0
36277,AL,0
36301,AL,0
36303,AL,0
36305,AL,0
36312,AL,0
36321,AL,0
36322,AL,0
36330,AL,0
36345,AL,0
36350,AL,0
36351,AL,0
36360,AL,0
36362,AL,0
36376,AL,0
36509,AL,0
36511,AL,0
36523,AL,0
36526,AL,0
36527,AL,0
36530,AL,0
36532,AL,0
36535,AL,0
36541,AL,0
36542,AL,0
36544,AL,0
36551,AL,0
36555,AL,0
36561,AL,0
36567,AL,0
36571,AL,0
36572,AL,0
36575,AL,0
36576,AL,0
36580,AL,0
36582,AL,0
36587,AL,0
36602,AL,0
36603,AL,0
36604,AL,0
36605,AL,0
36606,AL,0
36607,AL,0
36608,AL,0
36609,AL,0
36610,AL,0
36611,AL,0
36612,AL,0
36613,AL,0
36617,AL,0
36618,AL,0
36619,AL,0
36693,AL,0
36695,AL,0
36752,AL,0
36801,AL,0
36804,AL,0
36830,AL,0
36832,AL,0
36856,AL,0
36867,AL,0
36869,AL,0
36870,AL,0
36875,AL,0
36877,AL,0
36879,AL,0
71601,AR,0
71602,AR,0
71603,AR,0
71837,AR,0
71854,AR,0
71901,AR,0
71913,AR,0
71956,AR,0
71964,AR,0
71968,AR,0
72002,AR,0
72007,AR,0
72011,AR,0
72012,AR,0
72015,AR,0
72019,AR,0
72022,AR,0
72023,AR,0
72065,AR,0
72068,AR,0
72076,AR,0
72081,AR,0
72082,AR,0
72086,AR,0
72103,AR,0
72113,AR,0
72114,AR,0
72116,AR,0
72117,AR,0
72118,AR,0
72120,AR,0
72135,AR,0
72142,AR,0
72143,AR,0
72167,AR,0
72176,AR,0
72201,AR,0
72202,AR,0
72204,AR,0
72205,AR,0
72206,AR,0
72207,AR,0
72209,AR,0
72210,AR,0
72211,AR,0
72212,AR,0
72223,AR,0
72227,AR,0
72364,AR,0
72376,AR,0
72401,AR,0
72404,AR,0
72411,AR,0
72416,AR,0
72417,AR,0
72701,AR,0
72703,AR,0
72704,AR,0
72712,AR,0
72718,AR,0
72719,AR,0
72730,AR,0
72745,AR,0
72753,AR,0
72756,AR,0
72758,AR,0
72762,AR,0
72764,AR,0
72774,AR,0
72801,AR,0
72802,AR,0
72834,AR,0
72837,AR,0
72847,AR,0
72858,AR,0
72901,AR,0
72903,AR,0
72904,AR,0
72908,AR,0
72916,AR,0
72921,AR,0
72923,AR,0
72941,AR,0
72956,AR,0
85003,AZ,0
85004,AZ,0
85006,AZ,0
85007,AZ,0
85008,AZ,0
85009,AZ,0
85012,AZ,0
85013,AZ,0
85014,AZ,0
85015,AZ,0
85016,AZ,0
85017,AZ,0
85018,AZ,0
85019,AZ,0
85020,AZ,0
85021,AZ,0
85022,AZ,0
85023,AZ,0
85024,AZ,0
85027,AZ,0
85028,AZ,0
85029,AZ,0
85031,AZ,0
85032,AZ,0
85033,AZ,0
85034,AZ,0
85035,AZ,0
85037,AZ,0
85040,AZ,0
85041,AZ,0
85042,AZ,0
85043,AZ,0
85044,AZ,0
85045,AZ,0
85048,AZ,0
85050,AZ,0
85051,AZ,0
85053,AZ,0
85054,AZ,0
85083,AZ,1
85085,AZ,0
85118,AZ,0
85119,AZ,0
85120,AZ,0
85132,AZ,0
85140,AZ,0
85142,AZ,0
85143,AZ,0
85201,AZ,0
85202,AZ,0
85203,AZ,0
85204,AZ,0
85205,AZ,0
85206,AZ,0
85207,AZ,0
85208,AZ,0
85209,AZ,0
85210,AZ,0
85212,AZ,0
85213,AZ,0
85215,AZ,0
85224,AZ,0
85225,AZ,0
85226,AZ,0
85233,AZ,0
85234,AZ,0
85248,AZ,0
85249,AZ,0
85250,AZ,0
85251,AZ,0
85253,AZ,0
85254,AZ,0
85255,AZ,0
85256,AZ,0
85257,AZ,0
85258,AZ,0
85259,AZ,0
85260,AZ,0
85262,AZ,0
85266,AZ,0
85268,AZ,0
85281,AZ,0
85282,AZ,0
85283,AZ,0
85284,AZ,0
85286,AZ,0
85295,AZ,0
85296,AZ,0
85297,AZ,0
85298,AZ,0
85301,AZ,0
85302,AZ,0
85303,AZ,0
85304,AZ,0
85305,AZ,0
85306,AZ,0
85307,AZ,0
85308,AZ,0
85310,AZ,0
85323,AZ,0
85326,AZ,0
85329,AZ,0
85331,AZ,0
85335,AZ,0
85338,AZ,0
85339,AZ,0
85340,AZ,0
85345,AZ,0
85350,AZ,0
85351,AZ,0
85353,AZ,0
85355,AZ,0
85363,AZ,0
85364,AZ,0
85365,AZ,0
85367,AZ,0
85373,AZ,0
85374,AZ,0
85375,AZ,0
85377,AZ,0
85378,AZ,0
85379,AZ,0
85381,AZ,0
85382,AZ,0
85383,AZ,0
85387,AZ,0
85388,AZ,0
85392,AZ,0
85395,AZ,0
85396,AZ,0
85607,AZ,0
85621,AZ,0
85626,AZ,0
85648,AZ,0
85658,AZ,0
85701,AZ,0
85704,AZ,0
85705,AZ,0
85706,AZ,0
85708,AZ,1
85710,AZ,0
85711,AZ,0
85712,AZ,0
85713,AZ,0
85714,AZ,0
85715,AZ,0
85716,AZ,0
85718,AZ,0
85719,AZ,0
85730,AZ,0
85735,AZ,0
85736,AZ,0
85737,AZ,0
85739,AZ,0
85741,AZ,0
85742,AZ,0
85743,AZ,0
85745,AZ,0
85746,AZ,0
85747,AZ,0
85748,AZ,0
85749,AZ,0
85750,AZ,0
85755,AZ,0
85756,AZ,0
85757,AZ,0
85901,AZ,0
85929,AZ,0
86001,AZ,0
86004,AZ,0
86005,AZ,0
86011,AZ,0
86040,AZ,0
86301,AZ,0
86303,AZ,0
86305,AZ,0
86314,AZ,0
86315,AZ,0
86323,AZ,0
86325,AZ,0
86327,AZ,0
86329,AZ,0
86336,AZ,0
86351,AZ,0
86403,AZ,0
86404,AZ,0
86406,AZ,0
86434,AZ,0
90001,CA,1
90002,CA,1
90003,CA,1
90004,CA,1
90005,CA,1
90006,CA,1
90007,CA,1
90008,CA,1
90010,CA,1
90011,CA,1
90012,CA,1
90013,CA,1
90014,CA,1
90015,CA,1
90016,CA,1
90017,CA,1
90018,CA,1
90019,CA,1
90020,CA,1
90021,CA,1
90022,CA,1
90023,CA,1
90024,CA,1
90025,CA,1
90026,CA,1
90027,CA,1
90028,CA,1
90029,CA,1
90031,CA,1
90032,CA,1
90033,CA,1
90034,CA,1
90035,CA,1
90036,CA,1
90037,CA,1
90038,CA,1
90039,CA,1
90040,CA,1
90041,CA,1
90042,CA,1
90043,CA,1
90044,CA,1
90045,CA,1
90046,CA,1
90047,CA,1
90048,CA,1
90049,CA,1
90056,CA,1
90057,CA,1
90058,CA,1
90059,CA,1
90061,CA,1
90062,CA,1
90063,CA,1
90064,CA,1
90065,CA,1
90066,CA,1
90067,CA,1
90068,CA,1
90069,CA,1
90077,CA,1
90094,CA,1
90201,CA,1
90210,CA,1
90211,CA,1
90212,CA,1
90220,CA,1
90221,CA,1
90222,CA,1
90230,CA,1
90232,CA,1
90240,CA,1
90241,CA,1
90242,CA,1
90245,CA,1
90247,CA,1
90248,CA,1
90249,CA,1
90250,CA,1
90254,CA,1
90255,CA,1
90260,CA,1
90262,CA,1
90265,CA,1
90266,CA,1
90270,CA,1
90272,CA,1
90274,CA,1
90275,CA,1
90277,CA,1
90278,CA,1
90280,CA,1
90290,CA,1
90291,CA,1
90292,CA,1
90293,CA,1
90301,CA,1
90302,CA,1
90303,CA,1
90304,CA,1
90305,CA,1
90401,CA,1
90402,CA,1
90403,CA,1
90404,CA,1
90405,CA,1
90501,CA,1
90502,CA,1
90503,CA,1
90504,CA,1
90505,CA,1
90601,CA,1
90602,CA,1
90603,CA,1
90604,CA,1
90605,CA,1
90606,CA,1
90620,CA,1
90621,CA,1
90623,CA,1
90630,CA,1
90631,CA,1
90638,CA,1
90640,CA,1
90650,CA,1
90660,CA,1
90670,CA,1
90680,CA,1
90701,CA,1
90703,CA,1
90706,CA,1
90710,CA,1
90712,CA,1
90713,CA,1
90715,CA,1
90716,CA,1
90717,CA,1
90720,CA,1
90723,CA,1
90731,CA,1
90732,CA,1
90740,CA,1
90744,CA,1
90745,CA,1
90746,CA,1
90755,CA,1
90802,CA,1
90803,CA,1
90804,CA,1
90805,CA,1
90806,CA,1
90807,CA,1
90808,CA,1
90810,CA,1
90813,CA,1
90814,CA,1
90815,CA,1
91001,CA,1
91006,CA,1
91007,CA,1
91008,CA,1
91010,CA,1
91011,CA,1
91016,CA,1
91020,CA,1
91024,CA,1
91030,CA,1
91040,CA,1
91042,CA,1
91101,CA,1
91103,CA,1
91104,CA,1
91105,CA,1
91106,CA,1
91107,CA,1
91108,CA,1
91201,CA,1
91202,CA,1
91203,CA,1
91204,CA,1
91205,CA,1
91206,CA,1
91207,CA,1
91208,CA,1
91214,CA,1
91301,CA,1
91302,CA,1
91303,CA,1
91304,CA,1
91306,CA,1
91307,CA,1
91311,CA,1
91316,CA,1
91320,CA,1
91321,CA,1
91324,CA,1
91325,CA,1
91326,CA,1
91331,CA,1
91335,CA,1
91340,CA,1
91342,CA,1
91343,CA,1
91344,CA,1
91345,CA,1
91350,CA,1
91351,CA,1
91352,CA,1
91354,CA,1
91355,CA,1
91356,CA,1
91360,CA,1
91361,CA,1
91362,CA,1
91364,CA,1
91367,CA,1
91377,CA,1
91381,CA,1
91384,CA,1
91387,CA,1
91390,CA,1
91401,CA,1
91402,CA,1
91403,CA,1
91405,CA,1
91406,CA,1
91411,CA,1
91423,CA,1
91436,CA,1
91501,CA,1
91502,CA,1
91504,CA,1
91505,CA,1
91506,CA,1
91601,CA,1
91602,CA,1
91604,CA,1
91605,CA,1
91606,CA,1
91607,CA,1
91701,CA,1
91702,CA,1
91706,CA,1
91708,CA,1
91709,CA,1
91710,CA,1
91711,CA,1
91722,CA,1
91723,CA,1
91724,CA,1
91730,CA,1
91731,CA,1
91732,CA,1
91733,CA,1
91737,CA,1
91739,CA,1
91740,CA,1
91741,CA,1
91744,CA,1
91745,CA,1
91746,CA,1
91748,CA,1
91750,CA,1
91752,CA,1
91754,CA,1
91755,CA,1
91761,CA,1
91762,CA,1
91763,CA,1
91764,CA,1
91765,CA,1
91766,CA,1
91767,CA,1
91768,CA,1
91770,CA,1
91773,CA,1
91775,CA,1
91776,CA,1
91780,CA,1
91784,CA,1
91786,CA,1
91789,CA,1
91790,CA,1
91791,CA,1
91792,CA,1
91801,CA,1
91803,CA,1
91902,CA,1
91910,CA,1
91911,CA,1
91913,CA,1
91914,CA,1
91915,CA,1
91932,CA,1
91935,CA,1
91941,CA,1
91942,CA,1
91945,CA,1
91950,CA,1
91977,CA,1
91978,CA,1
92003,CA,1
92007,CA,1
92008,CA,1
92009,CA,1
92010,CA,1
92011,CA,1
92014,CA,1
92019,CA,1
92020,CA,1
92021,CA,1
92024,CA,1
92025,CA,1
92026,CA,1
92027,CA,1
92028,CA,1
92029,CA,1
92037,CA,1
92040,CA,1
92054,CA,1
92056,CA,1
92057,CA,1
92058,CA,1
92059,CA,1
92064,CA,1
92067,CA,1
92069,CA,1
92071,CA,1
92075,CA,1
92078,CA,1
92081,CA,1
92082,CA,1
92083,CA,1
92084,CA,1
92091,CA,1
92101,CA,1
92102,CA,1
92103,CA,1
92104,CA,1
92105,CA,1
92106,CA,1
92107,CA,1
92108,CA,1
92109,CA,1
92110,CA,1
92111,CA,1
92113,CA,1
92114,CA,1
92115,CA,1
92116,CA,1
92117,CA,1
92118,CA,1
92119,CA,1
92120,CA,1
92121,CA,1
92122,CA,1
92123,CA,1
92124,CA,1
92126,CA,1
92127,CA,1
92128,CA,1
92129,CA,1
92130,CA,1
92131,CA,1
92139,CA,1
92154,CA,1
92173,CA,1
92201,CA,1
92203,CA,1
92210,CA,1
92211,CA,1
92220,CA,1
92223,CA,1
92231,CA,1
92234,CA,1
92236,CA,1
92240,CA,1
92241,CA,1
92243,CA,1
92249,CA,1
92251,CA,1
92253,CA,1
92260,CA,1
92262,CA,1
92264,CA,1
92270,CA,1
92274,CA,1
92276,CA,1
92277,CA,1
92283,CA,1
92301,CA,1
92307,CA,1
92308,CA,1
92311,CA,1
92313,CA,1
92314,CA,1
92315,CA,1
92316,CA,1
92320,CA,1
92321,CA,1
92324,CA,1
92325,CA,1
92333,CA,1
92335,CA,1
92336,CA,1
92337,CA,1
92342,CA,1
92344,CA,1
92345,CA,1
92346,CA,1
92352,CA,1
92354,CA,1
92358,CA,1
92359,CA,1
92363,CA,1
92373,CA,1
92374,CA,1
92376,CA,1
92377,CA,1
92378,CA,1
92386,CA,1
92391,CA,1
92392,CA,1
92394,CA,1
92395,CA,1
92399,CA,1
92401,CA,1
92404,CA,1
92405,CA,1
92407,CA,1
92408,CA,1
92410,CA,1
92411,CA,1
92501,CA,1
92503,CA,1
92504,CA,1
92505,CA,1
92506,CA,1
92507,CA,1
92508,CA,1
92509,CA,1
92518,CA,1
92530,CA,1
92532,CA,1
92543,CA,1
92544,CA,1
92545,CA,1
92548,CA,1
92551,CA,1
92553,CA,1
92555,CA,1
92557,CA,1
92562,CA,1
92563,CA,1
92567,CA,1
92570,CA,1
92571,CA,1
92582,CA,1
92583,CA,1
92584,CA,1
92585,CA,1
92586,CA,1
92587,CA,1
92590,CA,1
92591,CA,1
92592,CA,1
92595,CA,1
92596,CA,1
92602,CA,1
92603,CA,1
92604,CA,1
92606,CA,1
92610,CA,1
92612,CA,1
92614,CA,1
92617,CA,1
92618,CA,1
92620,CA,1
92624,CA,1
92625,CA,1
92626,CA,1
92627,CA,1
92629,CA,1
92630,CA,1
92637,CA,1
92646,CA,1
92647,CA,1
92648,CA,1
92649,CA,1
92651,CA,1
92653,CA,1
92655,CA,1
92656,CA,1
92657,CA,1
92660,CA,1
92661,CA,1
92662,CA,1
92663,CA,1
92672,CA,1
92673,CA,1
92675,CA,1
92676,CA,1
92677,CA,1
92679,CA,1
92683,CA,1
92688,CA,1
92691,CA,1
92692,CA,1
92694,CA,1
92701,CA,1
92703,CA,1
92704,CA,1
92705,CA,1
92706,CA,1
92707,CA,1
92708,CA,1
92780,CA,1
92782,CA,1
92801,CA,1
92802,CA,1
92804,CA,1
92805,CA,1
92806,CA,1
92807,CA,1
92808,CA,1
92821,CA,1
92823,CA,1
92831,CA,1
92832,CA,1
92833,CA,1
92835,CA,1
92840,CA,1
92841,CA,1
92843,CA,1
92844,CA,1
92845,CA,1
92860,CA,1
92861,CA,1
92865,CA,1
92866,CA,1
92867,CA,1
92868,CA,1
92869,CA,1
92870,CA,1
92879,CA,1
92880,CA,1
92881,CA,1
92882,CA,1
92883,CA,1
92886,CA,1
92887,CA,1
93001,CA,1
93003,CA,1
93004,CA,1
93010,CA,1
93012,CA,1
93013,CA,1
93021,CA,1
93022,CA,1
93023,CA,1
93030,CA,1
93033,CA,1
93035,CA,1
93036,CA,1
93041,CA,1
93060,CA,1
93063,CA,1
93065,CA,1
93066,CA,1
93101,CA,1
93103,CA,1
93105,CA,1
93108,CA,1
93109,CA,1
93110,CA,1
93111,CA,1
93117,CA,1
93202,CA,1
93215,CA,1
93221,CA,1
93223,CA,1
93230,CA,1
93235,CA,1
93245,CA,1
93247,CA,1
93250,CA,1
93257,CA,1
93267,CA,1
93274,CA,1
93277,CA,1
93291,CA,1
93292,CA,1
93301,CA,1
93304,CA,1
93305,CA,1
93306,CA,1
93307,CA,1
93308,CA,1
93309,CA,1
93311,CA,1
93312,CA,1
93313,CA,1
93314,CA,1
93401,CA,1
93405,CA,1
93420,CA,1
93422,CA,1
93424,CA,1
93433,CA,1
93444,CA,1
93445,CA,1
93446,CA,1
93449,CA,1
93454,CA,1
93455,CA,1
93458,CA,1
93465,CA,1
93534,CA,1
93535,CA,1
93536,CA,1
93543,CA,1
93550,CA,1
93551,CA,1
93552,CA,1
93611,CA,1
93612,CA,1
93616,CA,1
93618,CA,1
93619,CA,1
93625,CA,1
93631,CA,1
93635,CA,1
93636,CA,1
93637,CA,1
93638,CA,1
93646,CA,1
93648,CA,1
93650,CA,1
93654,CA,1
93657,CA,1
93662,CA,1
93673,CA,1
93701,CA,1
93702,CA,1
93703,CA,1
93704,CA,1
93705,CA,1
93706,CA,1
93710,CA,1
93711,CA,1
93720,CA,1
93721,CA,1
93722,CA,1
93723,CA,1
93725,CA,1
93726,CA,1
93727,CA,1
93728,CA,1
93730,CA,1
93737,CA,1
93901,CA,1
93905,CA,1
93906,CA,1
93907,CA,1
93908,CA,1
93923,CA,1
93924,CA,1
93933,CA,1
93940,CA,1
93950,CA,1
93953,CA,1
93955,CA,1
94002,CA,1
94005,CA,1
94010,CA,1
94014,CA,1
94015,CA,1
94018,CA,1
94019,CA,1
94022,CA,1
94024,CA,1
94025,CA,1
94027,CA,1
94028,CA,1
94030,CA,1
94037,CA,1
94038,CA,1
94040,CA,1
94041,CA,1
94043,CA,1
94044,CA,1
94061,CA,1
94062,CA,1
94063,CA,1
94065,CA,1
94066,CA,1
94070,CA,1
94080,CA,1
94085,CA,1
94086,CA,1
94087,CA,1
94089,CA,1
94102,CA,1
94103,CA,1
94104,CA,1
94105,CA,1
94107,CA,1
94108,CA,1
94109,CA,1
94110,CA,1
94111,CA,1
94112,CA,1
94114,CA,1
94115,CA,1
94116,CA,1
94117,CA,1
94118,CA,1
94121,CA,1
94122,CA,1
94123,CA,1
94124,CA,1
94127,CA,1
94129,CA,1
94130,CA,1
94131,CA,1
94132,CA,1
94133,CA,1
94134,CA,1
94158,CA,1
94301,CA,1
94303,CA,1
94304,CA,1
94305,CA,1
94306,CA,1
94401,CA,1
94402,CA,1
94403,CA,1
94404,CA,1
94501,CA,1
94502,CA,1
94503,CA,1
94505,CA,1
94506,CA,1
94507,CA,1
94508,CA,1
94509,CA,1
94510,CA,1
94513,CA,1
94514,CA,1
94515,CA,1
94517,CA,1
94518,CA,1
94519,CA,1
94520,CA,1
94521,CA,1
94523,CA,1
94525,CA,1
94526,CA,1
94530,CA,1
94531,CA,1
94533,CA,1
94534,CA,1
94535,CA,1
94536,CA,1
94538,CA,1
94539,CA,1
94541,CA,1
94542,CA,1
94544,CA,1
94545,CA,1
94546,CA,1
94547,CA,1
94549,CA,1
94550,CA,1
94551,CA,1
94552,CA,1
94553,CA,1
94555,CA,1
94556,CA,1
94558,CA,1
94559,CA,1
94560,CA,1
94561,CA,1
94563,CA,1
94564,CA,1
94565,CA,1
94566,CA,1
94568,CA,1
94572,CA,1
94574,CA,1
94576,CA,1
94577,CA,1
94578,CA,1
94579,CA,1
94580,CA,1
94582,CA,1
94583,CA,1
94585,CA,1
94587,CA,1
94588,CA,1
94589,CA,1
94590,CA,1
94591,CA,1
94592,CA,1
94595,CA,1
94596,CA,1
94597,CA,1
94598,CA,1
94599,CA,1
94601,CA,1
94602,CA,1
94603,CA,1
94605,CA,1
94606,CA,1
94607,CA,1
94608,CA,1
94609,CA,1
94610,CA,1
94611,CA,1
94612,CA,1
94618,CA,1
94619,CA,1
94621,CA,1
94702,CA,1
94703,CA,1
94704,CA,1
94705,CA,1
94706,CA,1
94707,CA,1
94708,CA,1
94709,CA,1
94710,CA,1
94720,CA,1
94801,CA,1
94803,CA,1
94804,CA,1
94805,CA,1
94806,CA,1
94901,CA,1
94903,CA,1
94904,CA,1
94920,CA,1
94925,CA,1
94928,CA,1
94930,CA,1
94931,CA,1
94939,CA,1
94941,CA,1
94945,CA,1
94947,CA,1
94949,CA,1
94951,CA,1
94952,CA,1
94954,CA,1
94957,CA,1
94960,CA,1
94965,CA,1
95002,CA,1
95003,CA,1
95004,CA,1
95005,CA,1
95006,CA,1
95007,CA,1
95008,CA,1
95010,CA,1
95012,CA,1
95014,CA,1
95018,CA,1
95019,CA,1
95020,CA,1
95023,CA,1
95030,CA,1
95032,CA,1
95033,CA,1
95035,CA,1
95037,CA,1
95039,CA,1
95043,CA,1
95045,CA,1
95050,CA,1
95051,CA,1
95054,CA,1
95060,CA,1
95062,CA,1
95064,CA,1
95065,CA,1
95066,CA,1
95070,CA,1
95073,CA,1
95076,CA,1
95110,CA,1
95111,CA,1
95112,CA,1
95113,CA,1
95116,CA,1
95117,CA,1
95118,CA,1
95119,CA,1
95120,CA,1
95121,CA,1
95122,CA,1
95123,CA,1
95124,CA,1
95125,CA,1
95126,CA,1
95127,CA,1
95128,CA,1
95129,CA,1
95130,CA,1
95131,CA,1
95132,CA,1
95133,CA,1
95134,CA,1
95135,CA,1
95136,CA,1
95138,CA,1
95139,CA,1
95140,CA,1
95148,CA,1
95202,CA,1
95203,CA,1
95204,CA,1
95205,CA,1
95206,CA,1
95207,CA,1
95209,CA,1
95210,CA,1
95212,CA,1
95215,CA,1
95219,CA,1
95220,CA,1
95231,CA,1
95240,CA,1
95242,CA,1
95258,CA,1
95301,CA,1
95307,CA,1
95316,CA,1
95319,CA,1
95320,CA,1
95322,CA,1
95326,CA,1
95328,CA,1
95330,CA,1
95334,CA,1
95336,CA,1
95337,CA,1
95340,CA,1
95341,CA,1
95348,CA,1
95350,CA,1
95351,CA,1
95354,CA,1
95355,CA,1
95356,CA,1
95357,CA,1
95358,CA,1
95361,CA,1
95366,CA,1
95367,CA,1
95368,CA,1
95380,CA,1
95382,CA,1
95388,CA,1
95389,CA,1
95401,CA,1
95403,CA,1
95404,CA,1
95405,CA,1
95407,CA,1
95409,CA,1
95436,CA,1
95439,CA,1
95441,CA,1
95442,CA,1
95448,CA,1
95452,CA,1
95470,CA,1
95472,CA,1
95476,CA,1
95482,CA,1
95492,CA,1
95501,CA,1
95503,CA,1
95519,CA,1
95521,CA,1
95537,CA,0
95564,CA,1
95602,CA,1
95603,CA,1
95605,CA,1
95608,CA,1
95610,CA,1
95612,CA,1
95616,CA,1
95618,CA,1
95619,CA,1
95620,CA,1
95621,CA,1
95623,CA,1
95624,CA,1
95626,CA,1
95628,CA,1
95630,CA,1
95648,CA,1
95650,CA,1
95652,CA,1
95655,CA,1
95658,CA,1
95660,CA,1
95661,CA,1
95662,CA,1
95663,CA,1
95664,CA,1
95667,CA,1
95670,CA,1
95672,CA,1
95673,CA,1
95677,CA,1
95678,CA,1
95682,CA,1
95683,CA,1
95687,CA,1
95688,CA,1
95691,CA,1
95692,CA,1
95695,CA,1
95703,CA,1
95713,CA,1
95722,CA,1
95742,CA,1
95746,CA,1
95747,CA,1
95757,CA,1
95758,CA,1
95762,CA,1
95765,CA,1
95776,CA,1
95811,CA,1
95814,CA,1
95815,CA,1
95816,CA,1
95817,CA,1
95818,CA,1
95819,CA,1
95820,CA,1
95821,CA,1
95822,CA,1
95823,CA,1
95824,CA,1
95825,CA,1
95826,CA,1
95827,CA,1
95828,CA,1
95829,CA,1
95830,CA,1
95831,CA,1
95832,CA,1
95833,CA,1
95834,CA,1
95835,CA,1
95837,CA,1
95838,CA,1
95841,CA,1
95842,CA,1
95843,CA,1
95864,CA,1
95901,CA,1
95917,CA,1
95926,CA,1
95928,CA,1
95938,CA,1
95945,CA,1
95949,CA,1
95953,CA,1
95959,CA,1
95961,CA,1
95965,CA,1
95966,CA,1
95968,CA,1
95973,CA,1
95982,CA,1
95991,CA,1
95993,CA,1
96001,CA,1
96002,CA,1
96003,CA,1
96007,CA,1
96008,CA,1
96019,CA,1
96022,CA,1
96062,CA,1
96069,CA,1
96073,CA,1
96087,CA,1
96161,CA,1
80002,CO,0
80003,CO,0
80004,CO,0
80005,CO,0
80007,CO,0
80010,CO,0
80011,CO,0
80012,CO,0
80013,CO,0
80014,CO,0
80015,CO,0
80016,CO,0
80017,CO,0
80018,CO,0
80019,CO,0
80020,CO,0
80021,CO,0
80022,CO,0
80023,CO,0
80026,CO,0
80027,CO,0
80030,CO,0
80031,CO,0
80033,CO,0
80045,CO,0
80108,CO,0
80110,CO,0
80111,CO,0
80112,CO,0
80113,CO,0
80118,CO,0
80120,CO,0
80121,CO,0
80122,CO,0
80123,CO,0
80124,CO,0
80125,CO,0
80126,CO,0
80127,CO,0
80128,CO,0
80129,CO,0
80130,CO,0
80132,CO,0
80133,CO,0
80134,CO,0
80137,CO,0
80138,CO,0
80202,CO,0
80203,CO,0
80204,CO,0
80205,CO,0
80206,CO,0
80207,CO,0
80209,CO,0
80210,CO,0
80211,CO,0
80212,CO,0
80214,CO,0
80215,CO,0
80216,CO,0
80218,CO,0
80219,CO,0
80220,CO,0
80221,CO,0
80222,CO,0
80223,CO,0
80224,CO,0
80226,CO,0
80227,CO,0
80228,CO,0
80229,CO,0
80230,CO,0
80231,CO,0
80232,CO,0
80233,CO,0
80234,CO,0
80235,CO,0
80236,CO,0
80237,CO,0
80238,CO,0
80239,CO,0
80241,CO,0
80246,CO,0
80247,CO,0
80249,CO,0
80260,CO,0
80301,CO,0
80302,CO,0
80303,CO,0
80304,CO,1
80305,CO,1
80401,CO,0
80403,CO,0
80465,CO,0
80503,CO,0
80512,CO,0
80514,CO,0
80516,CO,0
80521,CO,0
80524,CO,0
80525,CO,0
80526,CO,0
80528,CO,0
80534,CO,0
80535,CO,0
80537,CO,0
80538,CO,0
80543,CO,0
80547,CO,0
80550,CO,0
80601,CO,0
80602,CO,0
80603,CO,0
80620,CO,0
80621,CO,0
80631,CO,0
80634,CO,0
80640,CO,0
80642,CO,0
80645,CO,0
80817,CO,0
80829,CO,0
80840,CO,0
80902,CO,0
80903,CO,0
80904,CO,0
80905,CO,0
80906,CO,0
80907,CO,0
80908,CO,0
80909,CO,0
80910,CO,0
80911,CO,0
80915,CO,0
80916,CO,0
80917,CO,0
80918,CO,0
80919,CO,0
80920,CO,0
80921,CO,0
80922,CO,0
80923,CO,0
80924,CO,0
80925,CO,0
80926,CO,0
80927,CO,0
80951,CO,0
81001,CO,0
81003,CO,0
81004,CO,0
81005,CO,0
81006,CO,0
81007,CO,0
81008,CO,0
81022,CO,0
81334,CO,0
81401,CO,0
81415,CO,0
81501,CO,0
81503,CO,0
81504,CO,0
81505,CO,0
81506,CO,0
81507,CO,0
81520,CO,0
81521,CO,0
81526,CO,0
6001,CT,1
6002,CT,0
6010,CT,0
6013,CT,1
6016,CT,0
6019,CT,1
6023,CT,0
6026,CT,1
6029,CT,1
6032,CT,1
6033,CT,1
6035,CT,1
6037,CT,1
6040,CT,0
6042,CT,0
6043,CT,0
6051,CT,0
6052,CT,0
6053,CT,0
6060,CT,1
6062,CT,0
6066,CT,0
6067,CT,0
6070,CT,1
6071,CT,1
6073,CT,1
6074,CT,1
6078,CT,1
6081,CT,1
6082,CT,0
6084,CT,1
6085,CT,1
6088,CT,0
6089,CT,1
6090,CT,1
6092,CT,1
6093,CT,1
6095,CT,0
6096,CT,0
6103,CT,1
6105,CT,0
6106,CT,0
6107,CT,1
6108,CT,0
6109,CT,0
6110,CT,0
6111,CT,0
6112,CT,0
6114,CT,0
6117,CT,1
6118,CT,0
6119,CT,1
6120,CT,0
6226,CT,0
6237,CT,0
6238,CT,0
6241,CT,0
6249,CT,1
6250,CT,1
6254,CT,0
6255,CT,0
6256,CT,0
6260,CT,0
6266,CT,0
6268,CT,1
6277,CT,0
6280,CT,0
6320,CT,0
6330,CT,0
6331,CT,0
6334,CT,0
6335,CT,1
6338,CT,1
6339,CT,1
6340,CT,1
6351,CT,0
6355,CT,1
6359,CT,0
6360,CT,0
6365,CT,0
6370,CT,0
6374,CT,0
6375,CT,1
6380,CT,0
6382,CT,1
6385,CT,1
6401,CT,0
6403,CT,0
6405,CT,1
6410,CT,1
6416,CT,0
6418,CT,0
6424,CT,0
6437,CT,1
6441,CT,1
6444,CT,0
6450,CT,0
6451,CT,0
6455,CT,0
6456,CT,1
6457,CT,0
6460,CT,0
6461,CT,1
6468,CT,1
6470,CT,1
6471,CT,1
6472,CT,1
6473,CT,0
6477,CT,1
6478,CT,1
6479,CT,0
6480,CT,0
6481,CT,0
6483,CT,0
6484,CT,1
6489,CT,1
6492,CT,0
6510,CT,1
6511,CT,0
6512,CT,0
6513,CT,0
6514,CT,0
6515,CT,0
6516,CT,0
6517,CT,0
6518,CT,1
6519,CT,0
6524,CT,1
6525,CT,1
6604,CT,0
6605,CT,0
6606,CT,0
6607,CT,0
6608,CT,0
6610,CT,0
6611,CT,1
6612,CT,1
6614,CT,0
6615,CT,0
6702,CT,0
6704,CT,0
6705,CT,0
6706,CT,0
6708,CT,0
6710,CT,1
6712,CT,0
6716,CT,0
6762,CT,1
6770,CT,0
6779,CT,0
6782,CT,1
6786,CT,1
6787,CT,0
6795,CT,0
6798,CT,1
6807,CT,1
6820,CT,1
6824,CT,1
6825,CT,1
6830,CT,1
6831,CT,1
6840,CT,1
6850,CT,1
6851,CT,1
6853,CT,1
6854,CT,0
6855,CT,0
6870,CT,1
6878,CT,1
6880,CT,1
6890,CT,1
6897,CT,1
6901,CT,0
6902,CT,0
6903,CT,1
6905,CT,1
6906,CT,1
6907,CT,1
19701,DE,0
19702,DE,0
19703,DE,0
19706,DE,0
19707,DE,0
19709,DE,0
19711,DE,0
19713,DE,0
19720,DE,0
19732,DE,0
19801,DE,0
19802,DE,0
19803,DE,0
19804,DE,0
19805,DE,0
19806,DE,0
19807,DE,0
19808,DE,0
19809,DE,0
19810,DE,0
19901,DE,0
19904,DE,0
19931,DE,0
19933,DE,0
19934,DE,0
19936,DE,0
19940,DE,0
19943,DE,0
19946,DE,0
19956,DE,0
19962,DE,0
19973,DE,0
19979,DE,0
19980,DE,0
32003,FL,0
32009,FL,0
32011,FL,0
32043,FL,0
32065,FL,0
32068,FL,0
32073,FL,0
32080,FL,0
32081,FL,0
32082,FL,0
32084,FL,0
32086,FL,0
32092,FL,0
32095,FL,0
32110,FL,0
32114,FL,0
32117,FL,0
32118,FL,0
32119,FL,0
32124,FL,0
32127,FL,0
32128,FL,0
32129,FL,0
32132,FL,0
32136,FL,0
32137,FL,0
32141,FL,0
32159,FL,0
32162,FL,0
32163,FL,0
32164,FL,0
32168,FL,0
32169,FL,0
32174,FL,0
32176,FL,0
32179,FL,0
32195,FL,0
32202,FL,0
32204,FL,0
32205,FL,0
32206,FL,0
32207,FL,0
32208,FL,0
32209,FL,0
32210,FL,0
32211,FL,0
32212,FL,0
32216,FL,0
32217,FL,0
32218,FL,0
32219,FL,0
32220,FL,0
32221,FL,0
32222,FL,0
32223,FL,0
32224,FL,0
32225,FL,0
32226,FL,0
32227,FL,0
32233,FL,0
32244,FL,0
32246,FL,0
32250,FL,0
32254,FL,0
32256,FL,0
32257,FL,0
32258,FL,0
32259,FL,0
32266,FL,0
32277,FL,0
32301,FL,0
32303,FL,0
32304,FL,0
32305,FL,0
32308,FL,0
32309,FL,0
32310,FL,0
32311,FL,0
32312,FL,0
32317,FL,0
32333,FL,0
32401,FL,0
32403,FL,0
32404,FL,0
32405,FL,0
32407,FL,0
32408,FL,0
32409,FL,0
32413,FL,0
32444,FL,0
32459,FL,0
32466,FL,0
32501,FL,0
32502,FL,0
32503,FL,0
32504,FL,0
32505,FL,0
32506,FL,0
32507,FL,0
32508,FL,0
32514,FL,0
32526,FL,0
32531,FL,0
32533,FL,0
32534,FL,0
32536,FL,0
32539,FL,0
32561,FL,0
32570,FL,0
32571,FL,0
32577,FL,0
32583,FL,0
32601,FL,0
32603,FL,0
32605,FL,0
32606,FL,0
32607,FL,0
32608,FL,0
32609,FL,0
32615,FL,0
32617,FL,0
32618,FL,0
32640,FL,0
32641,FL,0
32653,FL,0
32667,FL,0
32669,FL,0
32701,FL,0
32702,FL,0
32703,FL,0
32707,FL,0
32708,FL,0
32709,FL,0
32712,FL,0
32713,FL,0
32714,FL,0
32720,FL,0
32724,FL,0
32725,FL,0
32726,FL,0
32730,FL,0
32732,FL,0
32735,FL,0
32736,FL,0
32738,FL,0
32744,FL,0
32746,FL,0
32750,FL,0
32751,FL,0
32754,FL,0
32757,FL,0
32759,FL,0
32763,FL,0
32764,FL,0
32765,FL,0
32766,FL,0
32771,FL,0
32773,FL,0
32776,FL,0
32778,FL,0
32779,FL,0
32780,FL,0
32784,FL,0
32789,FL,0
32792,FL,0
32796,FL,0
32798,FL,0
32801,FL,0
32803,FL,0
32804,FL,0
32805,FL,0
32806,FL,0
32807,FL,0
32808,FL,0
32809,FL,0
32810,FL,0
32811,FL,0
32812,FL,0
32814,FL,0
32817,FL,0
32818,FL,0
32819,FL,0
32820,FL,0
32821,FL,0
32822,FL,0
32824,FL,0
32825,FL,0
32826,FL,0
32827,FL,0
32828,FL,0
32829,FL,0
32830,FL,0
32832,FL,0
32833,FL,0
32835,FL,0
32836,FL,0
32837,FL,0
32839,FL,0
32901,FL,0
32903,FL,0
32904,FL,0
32905,FL,0
32907,FL,0
32908,FL,0
32909,FL,0
32920,FL,0
32922,FL,0
32925,FL,0
32926,FL,0
32927,FL,0
32931,FL,0
32934,FL,0
32935,FL,0
32937,FL,0
32940,FL,0
32949,FL,0
32950,FL,0
32951,FL,0
32952,FL,0
32953,FL,0
32955,FL,0
32958,FL,0
32960,FL,0
32962,FL,0
32963,FL,0
32966,FL,0
32967,FL,0
32968,FL,0
33004,FL,0
33009,FL,0
33010,FL,0
33012,FL,0
33013,FL,0
33014,FL,0
33015,FL,0
33016,FL,0
33018,FL,0
33019,FL,0
33020,FL,0
33021,FL,0
33023,FL,0
33024,FL,0
33025,FL,0
33026,FL,0
33027,FL,0
33028,FL,0
33029,FL,0
33032,FL,0
33033,FL,0
33054,FL,0
33055,FL,0
33056,FL,0
33060,FL,0
33062,FL,0
33063,FL,0
33064,FL,0
33065,FL,0
33066,FL,0
33067,FL,0
33069,FL,0
33071,FL,0
33073,FL,0
33109,FL,0
33122,FL,0
33125,FL,0
33126,FL,0
33127,FL,0
33128,FL,0
33129,FL,0
33130,FL,0
33131,FL,0
33132,FL,0
33133,FL,0
33134,FL,0
33135,FL,0
33136,FL,0
33137,FL,0
33138,FL,0
33139,FL,0
33140,FL,0
33141,FL,0
33142,FL,0
33143,FL,0
33144,FL,0
33145,FL,0
33146,FL,0
33147,FL,0
33149,FL,0
33150,FL,0
33154,FL,0
33155,FL,0
33156,FL,0
33157,FL,0
33158,FL,0
33160,FL,0
33161,FL,0
33162,FL,0
33165,FL,0
33166,FL,0
33167,FL,0
33168,FL,0
33169,FL,0
33170,FL,0
33172,FL,0
33173,FL,0
33174,FL,0
33176,FL,0
33178,FL,0
33179,FL,0
33180,FL,0
33181,FL,0
33183,FL,0
33185,FL,0
33189,FL,0
33190,FL,0
33301,FL,0
33304,FL,0
33305,FL,0
33306,FL,0
33308,FL,0
33309,FL,0
33311,FL,0
33312,FL,0
33313,FL,0
33314,FL,0
33315,FL,0
33316,FL,0
33317,FL,0
33319,FL,0
33321,FL,0
33322,FL,0
33323,FL,0
33324,FL,0
33325,FL,0
33326,FL,0
33327,FL,0
33328,FL,0
33330,FL,0
33331,FL,0
33332,FL,0
33334,FL,0
33351,FL,0
33401,FL,0
33403,FL,0
33404,FL,0
33405,FL,0
33406,FL,0
33407,FL,0
33408,FL,0
33409,FL,0
33410,FL,0
33411,FL,0
33412,FL,0
33413,FL,0
33415,FL,0
33417,FL,0
33418,FL,0
33426,FL,0
33431,FL,0
33432,FL,0
33433,FL,0
33434,FL,0
33435,FL,0
33436,FL,0
33437,FL,0
33441,FL,0
33442,FL,0
33444,FL,0
33445,FL,0
33446,FL,0
33455,FL,0
33460,FL,0
33461,FL,0
33462,FL,0
33463,FL,0
33467,FL,0
33469,FL,0
33472,FL,0
33480,FL,0
33483,FL,0
33484,FL,0
33486,FL,0
33487,FL,0
33496,FL,0
33510,FL,0
33511,FL,0
33523,FL,0
33527,FL,0
33534,FL,0
33543,FL,0
33544,FL,0
33545,FL,0
33547,FL,0
33548,FL,0
33549,FL,0
33556,FL,0
33558,FL,0
33559,FL,0
33563,FL,0
33565,FL,0
33566,FL,0
33567,FL,0
33569,FL,0
33570,FL,0
33572,FL,0
33573,FL,0
33578,FL,0
33579,FL,0
33584,FL,0
33592,FL,0
33594,FL,0
33596,FL,0
33598,FL,0
33602,FL,0
33603,FL,0
33604,FL,0
33605,FL,0
33606,FL,0
33607,FL,0
33609,FL,0
33610,FL,0
33612,FL,0
33613,FL,0
33614,FL,0
33615,FL,0
33617,FL,0
33618,FL,0
33619,FL,0
33624,FL,0
33625,FL,0
33626,FL,0
33629,FL,0
33634,FL,0
33635,FL,0
33637,FL,0
33647,FL,0
33701,FL,0
33702,FL,0
33703,FL,0
33704,FL,0
33705,FL,0
33706,FL,0
33707,FL,0
33708,FL,0
33709,FL,0
33710,FL,0
33711,FL,0
33712,FL,0
33713,FL,0
33714,FL,0
33715,FL,0
33716,FL,0
33755,FL,0
33756,FL,0
33759,FL,0
33760,FL,0
33761,FL,0
33762,FL,0
33763,FL,0
33764,FL,0
33765,FL,0
33767,FL,0
33770,FL,0
33771,FL,0
33772,FL,0
33773,FL,0
33774,FL,0
33776,FL,0
33777,FL,0
33778,FL,0
33781,FL,0
33782,FL,0
33785,FL,0
33786,FL,0
33801,FL,0
33803,FL,0
33805,FL,0
33809,FL,0
33810,FL,0
33811,FL,0
33812,FL,0
33813,FL,0
33815,FL,0
33823,FL,0
33825,FL,0
33827,FL,0
33830,FL,0
33837,FL,0
33838,FL,0
33839,FL,0
33843,FL,0
33844,FL,0
33848,FL,0
33850,FL,0
33852,FL,0
33853,FL,0
33856,FL,0
33859,FL,0
33860,FL,0
33868,FL,0
33870,FL,0
33872,FL,0
33875,FL,0
33876,FL,0
33880,FL,0
33881,FL,0
33884,FL,0
33896,FL,0
33897,FL,0
33898,FL,0
33901,FL,0
33903,FL,0
33904,FL,0
33905,FL,0
33907,FL,0
33908,FL,0
33909,FL,0
33912,FL,0
33913,FL,0
33914,FL,0
33916,FL,0
33917,FL,0
33919,FL,0
33920,FL,0
33921,FL,0
33922,FL,0
33928,FL,0
33931,FL,0
33935,FL,0
33936,FL,0
33946,FL,0
33947,FL,0
33948,FL,0
33950,FL,0
33952,FL,0
33953,FL,0
33954,FL,0
33955,FL,0
33956,FL,0
33957,FL,0
33965,FL,0
33966,FL,0
33967,FL,0
33971,FL,0
33972,FL,0
33973,FL,0
33974,FL,0
33976,FL,0
33980,FL,0
33981,FL,0
33982,FL,0
33983,FL,0
33990,FL,0
33991,FL,0
33993,FL,0
34102,FL,0
34103,FL,0
34104,FL,0
34105,FL,0
34108,FL,0
34109,FL,0
34110,FL,0
34112,FL,0
34113,FL,0
34114,FL,0
34116,FL,0
34117,FL,0
34119,FL,0
34120,FL,0
34134,FL,0
34135,FL,0
34142,FL,0
34145,FL,0
34201,FL,0
34202,FL,0
34203,FL,0
34205,FL,0
34207,FL,0
34208,FL,0
34209,FL,0
34210,FL,0
34211,FL,0
34212,FL,0
34219,FL,0
34221,FL,0
34222,FL,0
34223,FL,0
34224,FL,0
34228,FL,0
34229,FL,0
34231,FL,0
34232,FL,0
34233,FL,0
34234,FL,0
34235,FL,0
34236,FL,0
34237,FL,0
34238,FL,0
34239,FL,0
34240,FL,0
34241,FL,0
34242,FL,0
34243,FL,0
34250,FL,0
34269,FL,0
34275,FL,0
34285,FL,0
34286,FL,0
34287,FL,0
34288,FL,0
34289,FL,0
34291,FL,0
34292,FL,0
34293,FL,0
34420,FL,0
34428,FL,0
34429,FL,0
34432,FL,0
34434,FL,0
34436,FL,0
34442,FL,0
34446,FL,0
34448,FL,0
34450,FL,0
34452,FL,0
34453,FL,0
34461,FL,0
34465,FL,0
34470,FL,0
34471,FL,0
34472,FL,0
34473,FL,0
34474,FL,0
34475,FL,0
34476,FL,0
34479,FL,0
34480,FL,0
34481,FL,0
34482,FL,0
34484,FL,0
34488,FL,0
34491,FL,0
34601,FL,0
34604,FL,0
34606,FL,0
34607,FL,0
34608,FL,0
34609,FL,0
34610,FL,0
34613,FL,0
34614,FL,0
34638,FL,0
34639,FL,0
34652,FL,0
34653,FL,0
34654,FL,0
34655,FL,0
34667,FL,0
34668,FL,0
34669,FL,0
34677,FL,0
34679,FL,0
34681,FL,0
34683,FL,0
34684,FL,0
34685,FL,0
34688,FL,0
34689,FL,0
34690,FL,0
34691,FL,0
34695,FL,0
34698,FL,0
34705,FL,0
34711,FL,0
34714,FL,0
34715,FL,0
34731,FL,0
34734,FL,0
34736,FL,0
34737,FL,0
34741,FL,0
34743,FL,0
34744,FL,0
34746,FL,0
34747,FL,0
34748,FL,0
34756,FL,0
34758,FL,0
34759,FL,0
34760,FL,0
34761,FL,0
34762,FL,0
34769,FL,0
34771,FL,0
34772,FL,0
34785,FL,0
34786,FL,0
34787,FL,0
34788,FL,0
34797,FL,0
34945,FL,0
34946,FL,0
34947,FL,0
34949,FL,0
34950,FL,0
34951,FL,0
34952,FL,0
34953,FL,0
34957,FL,0
34981,FL,0
34982,FL,0
34983,FL,0
34984,FL,0
34986,FL,0
34990,FL,0
34994,FL,0
34996,FL,0
34997,FL,0
30002,GA,0
30004,GA,0
30005,GA,0
30008,GA,0
30009,GA,0
30011,GA,0
30012,GA,0
30013,GA,0
30014,GA,0
30016,GA,0
30017,GA,0
30019,GA,0
30021,GA,0
30022,GA,0
30024,GA,0
30028,GA,0
30030,GA,0
30032,GA,0
30033,GA,0
30034,GA,0
30035,GA,0
30038,GA,0
30039,GA,0
30040,GA,0
30041,GA,0
30043,GA,0
30044,GA,0
30045,GA,0
30046,GA,0
30047,GA,0
30052,GA,0
30058,GA,0
30060,GA,0
30062,GA,0
30064,GA,0
30066,GA,0
30067,GA,0
30068,GA,0
30071,GA,0
30072,GA,0
30075,GA,0
30076,GA,0
30078,GA,0
30079,GA,0
30080,GA,0
30082,GA,0
30083,GA,0
30084,GA,0
30087,GA,0
30088,GA,0
30092,GA,0
30093,GA,0
30094,GA,0
30096,GA,0
30097,GA,0
30101,GA,0
30102,GA,0
30103,GA,0
30106,GA,0
30107,GA,0
30114,GA,0
30115,GA,0
30116,GA,0
30117,GA,0
30120,GA,0
30121,GA,0
30122,GA,0
30126,GA,0
30127,GA,0
30132,GA,0
30134,GA,0
30135,GA,0
30137,GA,0
30141,GA,0
30144,GA,0
30147,GA,0
30152,GA,0
30157,GA,0
30161,GA,0
30165,GA,0
30168,GA,0
30173,GA,0
30180,GA,0
30187,GA,0
30188,GA,0
30189,GA,0
30205,GA,0
30213,GA,0
30214,GA,0
30215,GA,0
30223,GA,0
30228,GA,0
30234,GA,0
30236,GA,0
30238,GA,0
30248,GA,0
30252,GA,0
30253,GA,0
30260,GA,0
30268,GA,0
30269,GA,0
30273,GA,0
30274,GA,0
30276,GA,0
30277,GA,0
30281,GA,0
30288,GA,0
30290,GA,0
30291,GA,0
30294,GA,0
30296,GA,0
30297,GA,0
30305,GA,0
30306,GA,0
30307,GA,0
30308,GA,0
30309,GA,0
30310,GA,0
30311,GA,0
30312,GA,0
30313,GA,0
30314,GA,0
30315,GA,0
30316,GA,0
30317,GA,0
30318,GA,0
30319,GA,0
30324,GA,0
30326,GA,0
30327,GA,0
30328,GA,0
30329,GA,0
30331,GA,0
30336,GA,0
30337,GA,0
30338,GA,0
30339,GA,0
30340,GA,0
30341,GA,0
30342,GA,0
30344,GA,0
30345,GA,0
30346,GA,0
30349,GA,0
30350,GA,0
30354,GA,0
30360,GA,0
30363,GA,0
30458,GA,0
30461,GA,0
30501,GA,0
30504,GA,0
30506,GA,0
30507,GA,0
30517,GA,0
30518,GA,0
30519,GA,0
30542,GA,0
30548,GA,0
30564,GA,0
30565,GA,0
30566,GA,0
30601,GA,0
30605,GA,0
30606,GA,0
30607,GA,0
30619,GA,0
30620,GA,0
30621,GA,0
30622,GA,0
30646,GA,0
30655,GA,0
30677,GA,0
30680,GA,0
30683,GA,0
30701,GA,0
30705,GA,0
30707,GA,0
30720,GA,0
30721,GA,0
30725,GA,0
30735,GA,0
30736,GA,0
30738,GA,0
30740,GA,0
30741,GA,0
30742,GA,0
30750,GA,0
30755,GA,0
30757,GA,0
30802,GA,0
30805,GA,0
30809,GA,0
30813,GA,0
30815,GA,0
30901,GA,0
30904,GA,0
30905,GA,0
30906,GA,0
30907,GA,0
30909,GA,0
31005,GA,0
31008,GA,0
31020,GA,0
31028,GA,0
31030,GA,0
31032,GA,0
31047,GA,0
31052,GA,0
31088,GA,0
31093,GA,0
31098,GA,0
31201,GA,0
31204,GA,0
31206,GA,0
31210,GA,0
31211,GA,0
31216,GA,0
31217,GA,0
31220,GA,0
31301,GA,0
31302,GA,0
31313,GA,0
31315,GA,0
31322,GA,0
31324,GA,0
31401,GA,0
31404,GA,0
31405,GA,0
31406,GA,0
31407,GA,0
31408,GA,0
31410,GA,0
31411,GA,0
31415,GA,0
31419,GA,0
31520,GA,0
31523,GA,0
31525,GA,0
31601,GA,0
31602,GA,0
31605,GA,0
31606,GA,0
31632,GA,0
31636,GA,0
31701,GA,0
31705,GA,0
31707,GA,0
31721,GA,0
31763,GA,0
31791,GA,0
31808,GA,0
31820,GA,0
31901,GA,0
31903,GA,0
31904,GA,0
31905,GA,0
31906,GA,0
31907,GA,0
31909,GA,0
96701,HI,1
96706,HI,1
96707,HI,1
96720,HI,1
96725,HI,1
96732,HI,1
96734,HI,1
96740,HI,1
96744,HI,1
96753,HI,1
96761,HI,1
96779,HI,1
96782,HI,1
96786,HI,1
96789,HI,1
96793,HI,1
96795,HI,1
96797,HI,1
96813,HI,1
96814,HI,1
96815,HI,1
96816,HI,1
96817,HI,1
96818,HI,1
96819,HI,1
96821,HI,1
96822,HI,1
96825,HI,1
96826,HI,1
50007,IA,0
50009,IA,0
50010,IA,0
50014,IA,0
50021,IA,0
50023,IA,0
50035,IA,0
50047,IA,0
50061,IA,0
50073,IA,0
50105,IA,0
50109,IA,0
50111,IA,0
50131,IA,0
50134,IA,0
50156,IA,0
50201,IA,0
50211,IA,0
50226,IA,0
50237,IA,0
50248,IA,0
50265,IA,0
50266,IA,0
50309,IA,0
50310,IA,0
50311,IA,0
50312,IA,0
50313,IA,0
50314,IA,0
50315,IA,0
50316,IA,0
50317,IA,0
50320,IA,0
50321,IA,0
50322,IA,0
50323,IA,0
50324,IA,0
50325,IA,0
50327,IA,0
50613,IA,0
50626,IA,0
50634,IA,0
50643,IA,0
50647,IA,0
50648,IA,0
50651,IA,0
50667,IA,0
50701,IA,0
50702,IA,0
50703,IA,0
50707,IA,0
51054,IA,0
51101,IA,0
51103,IA,0
51104,IA,0
51105,IA,0
51106,IA,0
51108,IA,0
51109,IA,0
51111,IA,0
51501,IA,0
51503,IA,0
51510,IA,0
51526,IA,0
52001,IA,0
52002,IA,0
52003,IA,0
52227,IA,0
52228,IA,0
52233,IA,0
52240,IA,0
52241,IA,0
52242,IA,0
52245,IA,0
52246,IA,0
52302,IA,0
52314,IA,0
52317,IA,0
52324,IA,0
52328,IA,0
52333,IA,0
52338,IA,0
52341,IA,0
52401,IA,0
52402,IA,0
52403,IA,0
52404,IA,0
52405,IA,0
52411,IA,0
52722,IA,0
52748,IA,0
52753,IA,0
52801,IA,0
52802,IA,0
52803,IA,0
52804,IA,0
52806,IA,0
52807,IA,0
83201,ID,0
83202,ID,0
83204,ID,0
83209,ID,0
83301,ID,0
83328,ID,0
83341,ID,0
83401,ID,0
83402,ID,0
83404,ID,0
83406,ID,0
83427,ID,0
83501,ID,0
83605,ID,0
83607,ID,0
83616,ID,0
83634,ID,0
83642,ID,0
83644,ID,0
83646,ID,0
83651,ID,0
83669,ID,0
83686,ID,0
83687,ID,0
83702,ID,0
83703,ID,0
83704,ID,0
83705,ID,0
83706,ID,0
83709,ID,0
83712,ID,0
83713,ID,0
83714,ID,0
83716,ID,0
83814,ID,0
83815,ID,0
83833,ID,0
83835,ID,0
83854,ID,0
83858,ID,0
60002,IL,0
60004,IL,0
60005,IL,0
60007,IL,0
60012,IL,0
60014,IL,0
60015,IL,0
60016,IL,0
60018,IL,0
60022,IL,0
60025,IL,0
60026,IL,0
60029,IL,0
60030,IL,0
60031,IL,0
60033,IL,0
60034,IL,0
60035,IL,0
60040,IL,0
60041,IL,0
60043,IL,1
60044,IL,0
60045,IL,0
60046,IL,0
60047,IL,0
60048,IL,0
60053,IL,0
60056,IL,0
60060,IL,0
60061,IL,0
60062,IL,0
60064,IL,0
60068,IL,0
60069,IL,0
60070,IL,0
60071,IL,0
60073,IL,0
60076,IL,0
60077,IL,0
60083,IL,0
60084,IL,0
60085,IL,0
60087,IL,0
60088,IL,0
60089,IL,0
60090,IL,0
60091,IL,0
60093,IL,0
60096,IL,0
60097,IL,0
60098,IL,0
60099,IL,0
60101,IL,0
60102,IL,0
60103,IL,0
60104,IL,0
60106,IL,0
60107,IL,0
60108,IL,0
60110,IL,0
60118,IL,0
60119,IL,0
60120,IL,0
60123,IL,0
60124,IL,0
60126,IL,0
60130,IL,0
60131,IL,0
60133,IL,0
60134,IL,0
60136,IL,0
60137,IL,0
60139,IL,0
60140,IL,0
60141,IL,0
60142,IL,0
60143,IL,0
60148,IL,0
60153,IL,0
60154,IL,0
60155,IL,0
60156,IL,0
60157,IL,0
60160,IL,0
60162,IL,0
60163,IL,0
60164,IL,0
60165,IL,0
60169,IL,0
60171,IL,0
60172,IL,0
60173,IL,0
60174,IL,0
60175,IL,0
60176,IL,0
60177,IL,0
60180,IL,0
60181,IL,0
60184,IL,0
60185,IL,0
60187,IL,0
60188,IL,0
60189,IL,0
60190,IL,0
60191,IL,0
60193,IL,0
60194,IL,0
60201,IL,0
60202,IL,0
60203,IL,0
60301,IL,0
60302,IL,0
60304,IL,0
60305,IL,0
60402,IL,0
60403,IL,0
60404,IL,0
60406,IL,0
60409,IL,0
60410,IL,0
60411,IL,0
60415,IL,0
60417,IL,0
60419,IL,0
60421,IL,0
60422,IL,0
60423,IL,0
60425,IL,0
60426,IL,0
60428,IL,0
60429,IL,0
60430,IL,0
60431,IL,0
60432,IL,0
60433,IL,0
60435,IL,0
60436,IL,0
60438,IL,0
60439,IL,0
60440,IL,0
60441,IL,0
60442,IL,0
60443,IL,0
60445,IL,0
60446,IL,0
60447,IL,0
60448,IL,0
60449,IL,0
60451,IL,0
60452,IL,0
60453,IL,0
60455,IL,0
60456,IL,0
60457,IL,0
60458,IL,0
60459,IL,0
60461,IL,0
60462,IL,0
60463,IL,0
60464,IL,0
60465,IL,0
60466,IL,0
60467,IL,0
60469,IL,0
60471,IL,0
60472,IL,0
60473,IL,0
60475,IL,0
60476,IL,0
60477,IL,0
60478,IL,0
60480,IL,0
60482,IL,0
60484,IL,0
60487,IL,0
60490,IL,0
60491,IL,0
60501,IL,0
60502,IL,0
60503,IL,0
60504,IL,0
60505,IL,0
60506,IL,0
60510,IL,0
60512,IL,0
60513,IL,0
60514,IL,0
60515,IL,0
60516,IL,0
60517,IL,0
60519,IL,0
60521,IL,0
60523,IL,0
60525,IL,0
60526,IL,0
60527,IL,0
60532,IL,0
60534,IL,0
60538,IL,0
60540,IL,0
60542,IL,0
60543,IL,0
60544,IL,0
60546,IL,0
60554,IL,0
60555,IL,0
60558,IL,0
60559,IL,0
60560,IL,0
60561,IL,0
60563,IL,0
60564,IL,0
60565,IL,0
60585,IL,0
60586,IL,0
60601,IL,0
60602,IL,0
60603,IL,0
60604,IL,0
60605,IL,0
60606,IL,0
60607,IL,0
60608,IL,0
60609,IL,0
60610,IL,0
60611,IL,0
60612,IL,0
60613,IL,0
60614,IL,0
60615,IL,0
60616,IL,0
60617,IL,0
60618,IL,0
60619,IL,0
60620,IL,0
60621,IL,0
60622,IL,0
60623,IL,0
60624,IL,0
60625,IL,0
60626,IL,0
60628,IL,0
60629,IL,0
60630,IL,0
60631,IL,0
60632,IL,0
60633,IL,0
60634,IL,0
60636,IL,0
60637,IL,0
60638,IL,0
60639,IL,0
60640,IL,0
60641,IL,0
60642,IL,0
60643,IL,0
60644,IL,0
60645,IL,0
60646,IL,0
60647,IL,0
60649,IL,0
60651,IL,0
60652,IL,0
60653,IL,0
60654,IL,0
60655,IL,0
60656,IL,0
60657,IL,0
60659,IL,0
60660,IL,0
60661,IL,0
60706,IL,0
60707,IL,0
60712,IL,0
60714,IL,0
60803,IL,0
60804,IL,0
60805,IL,0
60827,IL,0
60901,IL,0
60910,IL,0
60914,IL,0
60915,IL,0
60922,IL,0
60964,IL,0
61008,IL,0
61011,IL,0
61016,IL,0
61025,IL,0
61065,IL,0
61072,IL,0
61073,IL,0
61101,IL,0
61102,IL,0
61103,IL,0
61104,IL,0
61107,IL,0
61108,IL,0
61109,IL,0
61111,IL,0
61114,IL,0
61115,IL,0
61201,IL,0
61239,IL,0
61240,IL,0
61241,IL,0
61244,IL,0
61256,IL,0
61264,IL,0
61265,IL,0
61273,IL,0
61275,IL,0
61282,IL,0
61284,IL,0
61301,IL,0
61320,IL,0
61341,IL,0
61348,IL,0
61350,IL,0
61354,IL,0
61362,IL,0
61364,IL,0
61373,IL,0
61523,IL,0
61525,IL,0
61526,IL,0
61528,IL,0
61535,IL,0
61536,IL,0
61547,IL,0
61548,IL,0
61550,IL,0
61554,IL,0
61568,IL,0
61571,IL,0
61602,IL,0
61603,IL,0
61604,IL,0
61605,IL,0
61606,IL,0
61607,IL,0
61610,IL,0
61611,IL,0
61614,IL,0
61615,IL,0
61616,IL,0
61701,IL,0
61704,IL,0
61705,IL,0
61725,IL,0
61748,IL,0
61761,IL,0
61772,IL,0
61776,IL,0
61801,IL,0
61802,IL,0
61814,IL,0
61817,IL,0
61820,IL,0
61821,IL,0
61822,IL,0
61832,IL,0
61833,IL,0
61834,IL,0
61841,IL,0
61858,IL,0
61864,IL,0
61874,IL,0
61880,IL,0
61883,IL,0
62025,IL,0
62034,IL,0
62040,IL,0
62059,IL,0
62060,IL,0
62062,IL,0
62090,IL,0
62201,IL,0
62203,IL,0
62204,IL,0
62205,IL,0
62206,IL,0
62207,IL,0
62208,IL,0
62221,IL,0
62223,IL,0
62226,IL,0
62232,IL,0
62234,IL,0
62236,IL,0
62239,IL,0
62240,IL,0
62260,IL,0
62269,IL,0
62521,IL,0
62522,IL,0
62523,IL,0
62526,IL,0
62535,IL,0
62544,IL,0
62549,IL,0
62554,IL,0
62558,IL,0
62561,IL,0
62563,IL,0
62625,IL,0
62629,IL,0
62670,IL,0
62677,IL,0
62684,IL,0
62701,IL,0
62702,IL,0
62703,IL,0
62704,IL,0
62707,IL,0
62711,IL,0
62712,IL,0
62957,IL,0
62960,IL,0
46001,IN,0
46011,IN,0
46012,IN,0
46013,IN,0
46016,IN,0
46017,IN,0
46032,IN,0
46033,IN,0
46037,IN,0
46038,IN,0
46040,IN,0
46051,IN,0
46052,IN,0
46055,IN,0
46056,IN,0
46060,IN,0
46062,IN,0
46064,IN,0
46068,IN,0
46069,IN,0
46074,IN,0
46075,IN,0
46077,IN,0
46106,IN,0
46107,IN,0
46110,IN,0
46111,IN,0
46112,IN,0
46113,IN,0
46118,IN,0
46122,IN,0
46123,IN,0
46124,IN,0
46126,IN,0
46130,IN,0
46131,IN,0
46140,IN,0
46142,IN,0
46143,IN,0
46151,IN,0
46158,IN,0
46162,IN,0
46163,IN,0
46167,IN,0
46168,IN,0
46181,IN,0
46184,IN,0
46201,IN,0
46202,IN,0
46203,IN,0
46204,IN,0
46205,IN,0
46208,IN,0
46214,IN,0
46216,IN,0
46217,IN,0
46218,IN,0
46219,IN,0
46220,IN,0
46221,IN,0
46222,IN,0
46224,IN,0
46225,IN,0
46226,IN,0
46227,IN,0
46228,IN,0
46229,IN,0
46231,IN,0
46234,IN,0
46235,IN,0
46236,IN,0
46237,IN,0
46239,IN,0
46240,IN,0
46241,IN,0
46250,IN,0
46254,IN,0
46256,IN,0
46259,IN,0
46260,IN,0
46268,IN,0
46278,IN,0
46280,IN,0
46304,IN,0
46307,IN,0
46311,IN,0
46312,IN,0
46319,IN,0
46320,IN,0
46321,IN,0
46322,IN,0
46323,IN,0
46324,IN,0
46327,IN,0
46341,IN,0
46342,IN,0
46350,IN,0
46360,IN,0
46368,IN,0
46373,IN,0
46375,IN,0
46383,IN,0
46385,IN,0
46391,IN,0
46393,IN,0
46394,IN,0
46402,IN,0
46403,IN,0
46404,IN,0
46405,IN,0
46406,IN,0
46407,IN,0
46408,IN,0
46409,IN,0
46410,IN,0
46530,IN,0
46544,IN,0
46545,IN,0
46554,IN,0
46561,IN,0
46601,IN,0
46613,IN,0
46614,IN,0
46615,IN,0
46616,IN,0
46617,IN,0
46619,IN,0
46628,IN,0
46635,IN,0
46637,IN,0
46706,IN,0
46723,IN,0
46725,IN,0
46741,IN,0
46745,IN,0
46748,IN,0
46765,IN,0
46774,IN,0
46783,IN,0
46788,IN,0
46798,IN,0
46802,IN,0
46803,IN,0
46804,IN,0
46805,IN,0
46806,IN,0
46807,IN,0
46808,IN,0
46809,IN,0
46814,IN,0
46815,IN,0
46816,IN,0
46818,IN,0
46819,IN,0
46825,IN,0
46835,IN,0
46845,IN,0
46901,IN,0
46902,IN,0
46914,IN,0
46932,IN,0
47106,IN,0
47111,IN,0
47117,IN,0
47119,IN,0
47129,IN,0
47130,IN,0
47141,IN,0
47143,IN,0
47150,IN,0
47172,IN,0
47201,IN,0
47203,IN,0
47226,IN,0
47280,IN,0
47302,IN,0
47303,IN,0
47304,IN,0
47305,IN,0
47320,IN,0
47334,IN,0
47342,IN,0
47356,IN,0
47383,IN,0
47396,IN,0
47401,IN,0
47403,IN,0
47404,IN,0
47408,IN,0
47429,IN,0
47601,IN,0
47610,IN,0
47630,IN,0
47708,IN,0
47710,IN,0
47711,IN,0
47712,IN,0
47713,IN,0
47714,IN,0
47715,IN,0
47720,IN,0
47725,IN,0
47802,IN,0
47803,IN,0
47804,IN,0
47805,IN,0
47807,IN,0
47863,IN,0
47871,IN,0
47874,IN,0
47885,IN,0
47901,IN,0
47904,IN,0
47905,IN,0
47906,IN,0
47909,IN,0
47920,IN,0
47932,IN,0
47982,IN,0
47993,IN,0
66012,KS,0
66013,KS,0
66024,KS,0
66025,KS,0
66030,KS,0
66044,KS,0
66046,KS,0
66047,KS,0
66049,KS,0
66050,KS,0
66052,KS,0
66061,KS,0
66062,KS,0
66083,KS,0
66085,KS,0
66086,KS,0
66090,KS,0
66101,KS,0
66102,KS,0
66103,KS,0
66104,KS,0
66105,KS,0
66106,KS,0
66109,KS,0
66111,KS,0
66112,KS,0
66202,KS,0
66203,KS,0
66204,KS,0
66205,KS,0
66206,KS,0
66207,KS,0
66208,KS,0
66209,KS,0
66210,KS,0
66211,KS,0
66212,KS,0
66213,KS,0
66214,KS,0
66215,KS,0
66216,KS,0
66217,KS,0
66218,KS,0
66219,KS,0
66220,KS,0
66221,KS,0
66223,KS,0
66224,KS,0
66226,KS,0
66227,KS,0
66402,KS,0
66409,KS,0
66429,KS,0
66502,KS,0
66503,KS,0
66542,KS,0
66546,KS,0
66603,KS,0
66604,KS,0
66605,KS,0
66606,KS,0
66607,KS,0
66608,KS,0
66609,KS,0
66610,KS,0
66611,KS,0
66612,KS,0
66614,KS,0
66615,KS,0
66616,KS,0
66617,KS,0
66618,KS,0
66619,KS,0
66739,KS,0
67002,KS,0
67026,KS,0
67030,KS,0
67037,KS,0
67052,KS,0
67055,KS,0
67060,KS,0
67067,KS,0
67101,KS,0
67110,KS,0
67120,KS,0
67147,KS,0
67202,KS,0
67203,KS,0
67204,KS,0
67205,KS,0
67206,KS,0
67207,KS,0
67208,KS,0
67209,KS,0
67210,KS,0
67211,KS,0
67212,KS,0
67213,KS,0
67214,KS,0
67215,KS,0
67216,KS,0
67217,KS,0
67218,KS,0
67219,KS,0
67220,KS,0
67223,KS,0
67226,KS,0
67227,KS,0
67228,KS,0
67230,KS,0
67232,KS,0
67235,KS,0
40014,KY,0
40023,KY,0
40025,KY,0
40026,KY,0
40047,KY,0
40056,KY,0
40059,KY,0
40071,KY,0
40109,KY,0
40118,KY,0
40162,KY,0
40165,KY,0
40177,KY,0
40202,KY,0
40203,KY,0
40204,KY,0
40205,KY,0
40206,KY,0
40207,KY,0
40208,KY,0
40209,KY,0
40210,KY,0
40211,KY,0
40212,KY,0
40213,KY,0
40214,KY,0
40215,KY,0
40216,KY,0
40217,KY,0
40218,KY,0
40219,KY,0
40220,KY,0
40222,KY,0
40223,KY,0
40228,KY,0
40229,KY,0
40241,KY,0
40242,KY,0
40243,KY,0
40245,KY,0
40258,KY,0
40272,KY,0
40291,KY,0
40299,KY,0
40356,KY,0
40403,KY,0
40461,KY,0
40475,KY,0
40502,KY,0
40503,KY,0
40504,KY,0
40505,KY,0
40507,KY,0
40508,KY,0
40509,KY,0
40510,KY,0
40511,KY,0
40513,KY,0
40514,KY,0
40515,KY,0
40516,KY,0
40517,KY,0
41001,KY,0
41005,KY,0
41007,KY,0
41011,KY,0
41014,KY,0
41015,KY,0
41016,KY,0
41017,KY,0
41018,KY,0
41042,KY,0
41048,KY,0
41051,KY,0
41059,KY,0
41063,KY,0
41071,KY,0
41073,KY,0
41074,KY,0
41075,KY,0
41076,KY,0
41085,KY,0
41091,KY,0
41094,KY,0
41101,KY,0
41102,KY,0
41129,KY,0
41139,KY,0
41144,KY,0
41169,KY,0
41175,KY,0
41183,KY,0
42001,KY,0
42003,KY,0
42058,KY,0
42101,KY,0
42103,KY,0
42104,KY,0
42122,KY,0
42223,KY,0
42234,KY,0
42262,KY,0
42286,KY,0
42301,KY,0
42303,KY,0
42366,KY,0
42420,KY,0
42701,KY,0
42724,KY,0
70001,LA,0
70002,LA,0
70003,LA,0
70005,LA,0
70006,LA,0
70031,LA,0
70032,LA,0
70037,LA,0
70043,LA,0
70047,LA,0
70049,LA,0
70053,LA,0
70056,LA,0
70057,LA,0
70058,LA,0
70062,LA,0
70065,LA,0
70068,LA,0
70070,LA,0
70072,LA,0
70075,LA,0
70079,LA,0
70084,LA,0
70085,LA,0
70087,LA,0
70092,LA,0
70094,LA,0
70112,LA,0
70113,LA,0
70114,LA,0
70115,LA,0
70116,LA,0
70117,LA,0
70118,LA,0
70119,LA,0
70121,LA,0
70122,LA,0
70123,LA,0
70124,LA,0
70125,LA,0
70126,LA,0
70127,LA,0
70128,LA,0
70129,LA,0
70130,LA,0
70131,LA,0
70148,LA,0
70343,LA,0
70360,LA,0
70363,LA,0
70364,LA,0
70395,LA,0
70401,LA,0
70403,LA,0
70446,LA,0
70454,LA,0
70455,LA,0
70462,LA,0
70466,LA,0
70501,LA,0
70503,LA,0
70506,LA,0
70507,LA,0
70508,LA,0
70517,LA,0
70518,LA,0
70520,LA,0
70525,LA,0
70529,LA,0
70535,LA,0
70555,LA,0
70560,LA,0
70570,LA,0
70577,LA,0
70578,LA,0
70582,LA,0
70583,LA,0
70584,LA,0
70592,LA,0
70601,LA,0
70605,LA,0
70607,LA,0
70611,LA,0
70615,LA,0
70663,LA,0
70665,LA,0
70668,LA,0
70669,LA,0
70706,LA,0
70710,LA,0
70711,LA,0
70714,LA,0
70719,LA,0
70726,LA,0
70734,LA,0
70737,LA,0
70739,LA,0
70744,LA,0
70764,LA,0
70767,LA,0
70769,LA,0
70770,LA,0
70774,LA,0
70777,LA,0
70778,LA,0
70785,LA,0
70791,LA,0
70801,LA,0
70802,LA,0
70805,LA,0
70806,LA,0
70807,LA,0
70808,LA,0
70809,LA,0
70810,LA,0
70811,LA,0
70812,LA,0
70814,LA,0
70815,LA,0
70816,LA,0
70817,LA,0
70818,LA,0
70819,LA,0
70820,LA,0
71006,LA,0
71009,LA,0
71024,LA,0
71037,LA,0
71047,LA,0
71051,LA,0
71055,LA,0
71073,LA,0
71101,LA,0
71103,LA,0
71104,LA,0
71105,LA,0
71106,LA,0
71107,LA,0
71108,LA,0
71109,LA,0
71110,LA,0
71111,LA,0
71112,LA,0
71115,LA,0
71118,LA,0
71119,LA,0
71129,LA,0
71201,LA,0
71202,LA,0
71203,LA,0
71225,LA,0
71280,LA,0
71291,LA,0
71292,LA,0
71301,LA,0
71302,LA,0
71303,LA,0
71360,LA,0
71405,LA,0
71423,LA,0
71485,LA,0
1001,MA,0
1002,MA,1
1007,MA,1
1013,MA,0
1020,MA,0
1022,MA,0
1027,MA,0
1028,MA,1
1030,MA,0
1033,MA,1
1035,MA,1
1036,MA,1
1040,MA,0
1056,MA,1
1068,MA,1
1073,MA,0
1075,MA,1
1077,MA,0
1085,MA,0
1089,MA,0
1095,MA,1
1103,MA,1
1104,MA,0
1105,MA,0
1106,MA,1
1107,MA,0
1108,MA,0
1109,MA,0
1118,MA,1
1119,MA,0
1128,MA,1
1129,MA,1
1151,MA,0
1201,MA,0
1237,MA,0
1238,MA,0
1240,MA,1
1266,MA,1
1420,MA,1
1450,MA,1
1453,MA,1
1462,MA,1
1463,MA,1
1473,MA,1
1501,MA,1
1504,MA,1
1505,MA,1
1507,MA,1
1515,MA,1
1516,MA,1
1519,MA,1
1520,MA,1
1522,MA,1
1524,MA,1
1527,MA,1
1529,MA,1
1534,MA,1
1535,MA,0
1536,MA,1
1537,MA,0
1540,MA,1
1541,MA,1
1542,MA,1
1543,MA,1
1545,MA,1
1560,MA,1
1562,MA,1
1564,MA,1
1566,MA,1
1568,MA,1
1569,MA,1
1570,MA,0
1571,MA,1
1581,MA,1
1583,MA,1
1588,MA,1
1590,MA,1
1602,MA,1
1603,MA,1
1604,MA,1
1605,MA,1
1606,MA,1
1607,MA,0
1608,MA,1
1609,MA,1
1610,MA,1
1611,MA,1
1612,MA,1
1701,MA,1
1702,MA,1
1721,MA,1
1730,MA,1
1731,MA,0
1741,MA,1
1742,MA,1
1745,MA,1
1746,MA,1
1747,MA,1
1748,MA,1
1756,MA,1
1757,MA,1
1760,MA,1
1770,MA,1
1772,MA,1
1773,MA,1
1778,MA,1
1801,MA,1
1803,MA,1
1810,MA,1
1821,MA,1
1824,MA,1
1826,MA,1
1827,MA,1
1830,MA,1
1832,MA,1
1833,MA,1
1834,MA,1
1835,MA,1
1840,MA,0
1841,MA,1
1843,MA,1
1844,MA,1
1845,MA,1
1850,MA,1
1851,MA,1
1852,MA,1
1854,MA,1
1862,MA,1
1863,MA,1
1864,MA,1
1867,MA,1
1876,MA,1
1879,MA,1
1880,MA,1
1886,MA,1
1887,MA,1
1890,MA,1
1901,MA,1
1902,MA,1
1904,MA,1
1905,MA,1
1906,MA,1
1907,MA,1
1908,MA,1
1915,MA,1
1921,MA,1
1923,MA,1
1940,MA,1
1945,MA,1
1949,MA,1
1960,MA,1
1970,MA,1
1982,MA,1
1983,MA,1
1984,MA,1
1985,MA,1
2019,MA,1
2021,MA,1
2025,MA,1
2026,MA,1
2030,MA,1
2032,MA,1
2035,MA,1
2038,MA,1
2043,MA,1
2048,MA,1
2052,MA,1
2053,MA,1
2054,MA,1
2056,MA,1
2061,MA,1
2062,MA,1
2066,MA,1
2067,MA,1
2071,MA,1
2072,MA,1
2081,MA,1
2090,MA,1
2093,MA,1
2108,MA,1
2109,MA,1
2110,MA,1
2111,MA,1
2113,MA,1
2114,MA,1
2115,MA,1
2116,MA,1
2118,MA,1
2119,MA,1
2120,MA,1
2121,MA,1
2122,MA,1
2124,MA,1
2125,MA,1
2126,MA,1
2127,MA,1
2128,MA,1
2129,MA,1
2130,MA,1
2131,MA,1
2132,MA,1
2134,MA,1
2135,MA,1
2136,MA,1
2138,MA,1
2139,MA,1
2140,MA,1
2141,MA,1
2142,MA,1
2143,MA,1
2144,MA,1
2145,MA,1
2148,MA,1
2149,MA,1
2150,MA,1
2151,MA,1
2152,MA,1
2155,MA,1
2163,MA,1
2169,MA,1
2170,MA,1
2171,MA,1
2176,MA,1
2180,MA,1
2184,MA,1
2186,MA,1
2188,MA,1
2189,MA,1
2190,MA,1
2191,MA,1
2199,MA,1
2210,MA,1
2215,MA,1
2301,MA,1
2302,MA,1
2322,MA,0
2333,MA,1
2339,MA,1
2341,MA,1
2343,MA,1
2346,MA,1
2347,MA,1
2351,MA,1
2356,MA,1
2368,MA,1
2370,MA,1
2375,MA,1
2379,MA,1
2382,MA,1
2420,MA,1
2421,MA,1
2445,MA,1
2446,MA,1
2451,MA,1
2452,MA,1
2453,MA,1
2458,MA,1
2459,MA,1
2460,MA,1
2461,MA,1
2462,MA,1
2464,MA,1
2465,MA,1
2466,MA,1
2467,MA,1
2468,MA,1
2472,MA,1
2474,MA,1
2476,MA,1
2478,MA,1
2481,MA,1
2482,MA,1
2492,MA,1
2493,MA,1
2494,MA,1
2601,MA,1
2630,MA,1
2632,MA,1
2668,MA,1
2673,MA,1
2675,MA,1
2702,MA,1
2703,MA,1
2715,MA,1
2717,MA,1
2718,MA,1
2719,MA,1
2720,MA,0
2721,MA,0
2723,MA,1
2724,MA,1
2725,MA,1
2726,MA,1
2739,MA,1
2740,MA,1
2743,MA,1
2744,MA,0
2745,MA,1
2746,MA,1
2747,MA,1
2748,MA,1
2760,MA,1
2762,MA,1
2763,MA,1
2764,MA,1
2766,MA,1
2767,MA,1
2769,MA,1
2770,MA,1
2771,MA,1
2777,MA,1
2779,MA,1
2780,MA,0
2790,MA,1
20701,MD,0
20705,MD,0
20706,MD,0
20707,MD,0
20708,MD,0
20712,MD,0
20715,MD,0
20720,MD,0
20721,MD,0
20722,MD,0
20723,MD,0
20724,MD,0
20740,MD,0
20743,MD,0
20745,MD,0
20746,MD,0
20748,MD,0
20755,MD,0
20759,MD,0
20763,MD,0
20769,MD,0
20770,MD,0
20772,MD,0
20774,MD,0
20777,MD,0
20781,MD,0
20782,MD,0
20783,MD,0
20794,MD,0
20814,MD,0
20815,MD,0
20816,MD,0
20817,MD,0
20841,MD,0
20850,MD,0
20851,MD,0
20852,MD,0
20853,MD,0
20854,MD,0
20855,MD,0
20866,MD,0
20868,MD,0
20874,MD,0
20876,MD,0
20877,MD,0
20878,MD,0
20879,MD,0
20880,MD,0
20882,MD,0
20886,MD,0
20895,MD,0
20896,MD,0
20899,MD,0
20901,MD,0
20902,MD,0
20903,MD,0
20904,MD,0
20905,MD,0
20906,MD,0
20910,MD,0
20912,MD,0
21012,MD,0
21032,MD,0
21042,MD,0
21043,MD,0
21044,MD,0
21045,MD,0
21046,MD,0
21052,MD,0
21054,MD,0
21056,MD,0
21057,MD,0
21060,MD,0
21061,MD,0
21075,MD,0
21076,MD,0
21077,MD,0
21087,MD,0
21090,MD,0
21093,MD,0
21104,MD,0
21108,MD,0
21113,MD,0
21117,MD,0
21122,MD,0
21128,MD,0
21133,MD,0
21136,MD,0
21144,MD,0
21146,MD,0
21156,MD,0
21162,MD,0
21163,MD,0
21201,MD,0
21202,MD,0
21204,MD,0
21205,MD,0
21206,MD,0
21207,MD,0
21208,MD,0
21209,MD,0
21210,MD,0
21211,MD,0
21212,MD,0
21213,MD,0
21214,MD,0
21215,MD,0
21216,MD,0
21217,MD,0
21218,MD,0
21219,MD,0
21220,MD,0
21221,MD,0
21222,MD,0
21223,MD,0
21224,MD,0
21225,MD,0
21226,MD,0
21227,MD,0
21228,MD,0
21229,MD,0
21230,MD,0
21231,MD,0
21234,MD,0
21236,MD,0
21237,MD,0
21239,MD,0
21244,MD,0
21286,MD,0
21502,MD,0
21529,MD,0
21545,MD,0
21713,MD,0
21722,MD,0
21733,MD,0
21734,MD,0
21740,MD,0
21742,MD,0
21767,MD,0
21795,MD,0
21801,MD,0
21804,MD,0
21810,MD,0
21822,MD,0
21826,MD,0
21830,MD,0
21837,MD,0
21849,MD,0
21856,MD,0
21875,MD,0
3901,ME,0
3903,ME,0
3904,ME,0
3905,ME,0
3906,ME,0
3908,ME,0
3909,ME,0
4005,ME,0
4038,ME,0
4046,ME,0
4062,ME,0
4063,ME,0
4064,ME,0
4072,ME,0
4074,ME,0
4092,ME,0
4093,ME,0
4101,ME,0
4102,ME,0
4103,ME,0
4105,ME,1
4106,ME,0
4107,ME,1
4108,ME,1
4210,ME,0
4236,ME,0
4240,ME,0
4250,ME,0
4252,ME,0
4258,ME,0
4274,ME,0
4280,ME,0
4330,ME,0
4344,ME,0
4345,ME,0
4346,ME,0
4347,ME,0
4351,ME,0
4401,ME,0
4411,ME,0
4412,ME,0
4428,ME,0
4429,ME,0
4444,ME,0
4473,ME,0
4474,ME,0
4605,ME,0
4609,ME,0
4612,ME,0
4646,ME,0
4653,ME,0
4660,ME,0
4662,ME,0
4674,ME,0
4679,ME,0
48009,MI,0
48015,MI,0
48017,MI,0
48021,MI,0
48025,MI,0
48026,MI,0
48030,MI,0
48033,MI,0
48034,MI,0
48035,MI,0
48036,MI,0
48038,MI,0
48040,MI,0
48042,MI,0
48043,MI,0
48044,MI,0
48045,MI,0
48047,MI,0
48048,MI,0
48049,MI,0
48051,MI,0
48059,MI,0
48060,MI,0
48066,MI,0
48067,MI,0
48069,MI,0
48070,MI,0
48071,MI,0
48072,MI,0
48073,MI,0
48074,MI,0
48075,MI,0
48076,MI,0
48079,MI,0
48080,MI,0
48081,MI,0
48082,MI,0
48083,MI,0
48084,MI,0
48085,MI,0
48088,MI,0
48089,MI,0
48091,MI,0
48092,MI,0
48093,MI,0
48094,MI,0
48095,MI,0
48096,MI,0
48098,MI,0
48101,MI,0
48103,MI,0
48104,MI,0
48105,MI,0
48108,MI,0
48109,MI,0
48111,MI,0
48114,MI,0
48116,MI,0
48117,MI,0
48120,MI,0
48122,MI,0
48124,MI,0
48125,MI,0
48126,MI,0
48127,MI,0
48128,MI,0
48130,MI,0
48133,MI,0
48134,MI,0
48135,MI,0
48138,MI,0
48139,MI,0
48141,MI,0
48144,MI,0
48146,MI,0
48150,MI,0
48152,MI,0
48154,MI,0
48157,MI,0
48161,MI,0
48162,MI,0
48164,MI,0
48165,MI,0
48166,MI,0
48167,MI,0
48168,MI,0
48169,MI,0
48170,MI,0
48173,MI,0
48174,MI,0
48176,MI,0
48178,MI,0
48179,MI,0
48180,MI,0
48182,MI,0
48183,MI,0
48184,MI,0
48185,MI,0
48186,MI,0
48187,MI,0
48188,MI,0
48189,MI,0
48192,MI,0
48193,MI,0
48195,MI,0
48197,MI,0
48198,MI,0
48201,MI,0
48202,MI,0
48203,MI,0
48204,MI,0
48205,MI,0
48206,MI,0
48207,MI,0
48208,MI,0
48209,MI,0
48210,MI,0
48211,MI,0
48212,MI,0
48213,MI,0
48214,MI,0
48215,MI,0
48216,MI,0
48217,MI,0
48218,MI,0
48219,MI,0
48220,MI,0
48221,MI,0
48223,MI,0
48224,MI,0
48225,MI,0
48226,MI,0
48227,MI,0
48228,MI,0
48229,MI,0
48230,MI,0
48234,MI,0
48235,MI,0
48236,MI,0
48237,MI,0
48238,MI,0
48239,MI,0
48240,MI,0
48301,MI,0
48302,MI,0
48304,MI,0
48306,MI,0
48307,MI,0
48309,MI,0
48310,MI,0
48312,MI,0
48313,MI,0
48314,MI,0
48315,MI,0
48316,MI,0
48317,MI,0
48320,MI,0
48322,MI,0
48323,MI,0
48324,MI,0
48326,MI,0
48327,MI,0
48328,MI,0
48329,MI,0
48331,MI,0
48334,MI,0
48335,MI,0
48336,MI,0
48340,MI,0
48341,MI,0
48342,MI,0
48346,MI,0
48348,MI,0
48350,MI,0
48353,MI,0
48359,MI,0
48360,MI,0
48363,MI,0
48374,MI,0
48375,MI,0
48377,MI,0
48380,MI,0
48381,MI,0
48382,MI,0
48383,MI,0
48386,MI,0
48390,MI,0
48393,MI,0
48415,MI,0
48420,MI,0
48421,MI,0
48423,MI,0
48430,MI,0
48433,MI,0
48436,MI,0
48437,MI,0
48438,MI,0
48439,MI,0
48442,MI,0
48457,MI,0
48458,MI,0
48463,MI,0
48473,MI,0
48502,MI,0
48503,MI,0
48504,MI,0
48505,MI,0
48506,MI,0
48507,MI,0
48509,MI,0
48519,MI,0
48529,MI,0
48532,MI,0
48601,MI,0
48602,MI,0
48603,MI,0
48604,MI,0
48607,MI,0
48609,MI,0
48623,MI,0
48631,MI,0
48638,MI,0
48640,MI,0
48642,MI,0
48706,MI,0
48708,MI,0
48722,MI,0
48724,MI,0
48732,MI,0
48746,MI,0
48808,MI,0
48813,MI,0
48820,MI,0
48821,MI,0
48822,MI,0
48823,MI,0
48827,MI,0
48837,MI,0
48840,MI,0
48842,MI,0
48843,MI,0
48848,MI,0
48854,MI,0
48855,MI,0
48864,MI,0
48876,MI,0
48895,MI,0
48906,MI,0
48910,MI,0
48911,MI,0
48912,MI,0
48915,MI,0
48917,MI,0
48933,MI,0
49001,MI,0
49002,MI,0
49004,MI,0
49006,MI,0
49007,MI,0
49008,MI,0
49009,MI,0
49010,MI,0
49012,MI,0
49014,MI,0
49015,MI,0
49017,MI,0
49024,MI,0
49033,MI,0
49034,MI,0
49037,MI,0
49048,MI,0
49051,MI,0
49053,MI,0
49083,MI,0
49087,MI,0
49088,MI,0
49107,MI,0
49112,MI,0
49117,MI,0
49120,MI,0
49201,MI,0
49202,MI,0
49203,MI,0
49221,MI,0
49228,MI,0
49254,MI,0
49267,MI,0
49270,MI,0
49276,MI,0
49277,MI,0
49286,MI,0
49301,MI,0
49302,MI,0
49306,MI,0
49315,MI,0
49316,MI,0
49321,MI,0
49331,MI,0
49341,MI,0
49345,MI,0
49401,MI,0
49403,MI,0
49404,MI,0
49406,MI,0
49408,MI,0
49415,MI,0
49418,MI,0
49419,MI,0
49423,MI,0
49424,MI,0
49426,MI,0
49428,MI,0
49435,MI,0
49440,MI,0
49441,MI,0
49442,MI,0
49444,MI,0
49445,MI,0
49453,MI,0
49456,MI,0
49457,MI,0
49460,MI,0
49464,MI,0
49503,MI,0
49504,MI,0
49505,MI,0
49506,MI,0
49507,MI,0
49508,MI,0
49509,MI,0
49512,MI,0
49519,MI,0
49525,MI,0
49534,MI,0
49544,MI,0
49546,MI,0
49548,MI,0
49621,MI,0
49637,MI,0
49649,MI,0
49684,MI,0
49685,MI,0
49686,MI,0
49690,MI,0
49696,MI,0
55001,MN,0
55003,MN,0
55009,MN,0
55011,MN,0
55014,MN,0
55016,MN,0
55020,MN,0
55024,MN,0
55025,MN,0
55031,MN,0
55033,MN,0
55038,MN,0
55042,MN,0
55043,MN,0
55044,MN,0
55055,MN,0
55068,MN,0
55071,MN,0
55075,MN,0
55076,MN,0
55077,MN,0
55082,MN,0
55085,MN,0
55089,MN,0
55090,MN,0
55092,MN,0
55101,MN,0
55102,MN,0
55103,MN,0
55104,MN,0
55105,MN,0
55106,MN,0
55107,MN,0
55108,MN,0
55109,MN,0
55110,MN,0
55112,MN,0
55113,MN,0
55114,MN,0
55115,MN,0
55116,MN,0
55117,MN,0
55118,MN,0
55119,MN,0
55120,MN,0
55121,MN,0
55122,MN,0
55123,MN,0
55124,MN,0
55125,MN,0
55126,MN,0
55127,MN,0
55128,MN,0
55129,MN,0
55130,MN,0
55150,MN,0
55301,MN,0
55303,MN,0
55304,MN,0
55305,MN,0
55306,MN,0
55309,MN,0
55311,MN,0
55313,MN,0
55315,MN,0
55316,MN,0
55317,MN,0
55318,MN,0
55322,MN,0
55327,MN,0
55330,MN,0
55331,MN,0
55337,MN,0
55340,MN,0
55341,MN,0
55343,MN,0
55344,MN,0
55345,MN,0
55346,MN,0
55347,MN,0
55352,MN,0
55356,MN,0
55357,MN,0
55359,MN,0
55362,MN,0
55364,MN,0
55369,MN,0
55372,MN,0
55373,MN,0
55374,MN,0
55376,MN,0
55378,MN,0
55379,MN,0
55384,MN,0
55386,MN,0
55387,MN,0
55391,MN,0
55401,MN,0
55402,MN,0
55403,MN,0
55404,MN,0
55405,MN,0
55406,MN,0
55407,MN,0
55408,MN,0
55409,MN,0
55410,MN,0
55411,MN,0
55412,MN,0
55413,MN,0
55414,MN,0
55415,MN,0
55416,MN,0
55417,MN,0
55418,MN,0
55419,MN,0
55420,MN,0
55421,MN,0
55422,MN,0
55423,MN,0
55424,MN,0
55425,MN,0
55426,MN,0
55427,MN,0
55428,MN,0
55429,MN,0
55430,MN,0
55431,MN,0
55432,MN,0
55433,MN,0
55434,MN,0
55435,MN,0
55436,MN,0
55437,MN,0
55438,MN,0
55439,MN,0
55441,MN,0
55442,MN,0
55443,MN,0
55444,MN,0
55445,MN,0
55446,MN,0
55447,MN,0
55448,MN,0
55449,MN,0
55454,MN,0
55802,MN,0
55803,MN,0
55804,MN,0
55805,MN,0
55806,MN,0
55807,MN,0
55808,MN,0
55810,MN,0
55811,MN,0
55812,MN,0
55901,MN,0
55902,MN,0
55904,MN,0
55906,MN,0
55920,MN,0
55925,MN,0
55934,MN,0
55947,MN,0
55960,MN,0
56001,MN,0
56003,MN,0
56011,MN,0
56301,MN,0
56303,MN,0
56304,MN,0
56310,MN,0
56320,MN,0
56374,MN,0
56377,MN,0
56379,MN,0
56387,MN,0
56401,MN,0
56425,MN,0
56465,MN,0
56468,MN,0
56529,MN,0
56547,MN,0
56560,MN,0
56580,MN,0
56721,MN,0
63005,MO,0
63010,MO,0
63011,MO,0
63017,MO,0
63021,MO,0
63026,MO,0
63031,MO,0
63033,MO,0
63034,MO,0
63038,MO,0
63040,MO,0
63042,MO,0
63043,MO,0
63044,MO,0
63049,MO,0
63052,MO,0
63074,MO,0
63088,MO,0
63101,MO,0
63102,MO,0
63103,MO,0
63104,MO,0
63105,MO,0
63106,MO,0
63107,MO,0
63108,MO,0
63109,MO,0
63110,MO,0
63111,MO,0
63112,MO,0
63113,MO,0
63114,MO,0
63115,MO,0
63116,MO,0
63117,MO,0
63118,MO,0
63119,MO,0
63120,MO,0
63121,MO,0
63122,MO,0
63123,MO,0
63124,MO,0
63125,MO,0
63126,MO,0
63127,MO,0
63128,MO,0
63129,MO,0
63130,MO,0
63131,MO,0
63132,MO,0
63133,MO,0
63134,MO,0
63135,MO,0
63136,MO,0
63137,MO,0
63138,MO,0
63139,MO,0
63140,MO,0
63141,MO,0
63143,MO,0
63144,MO,0
63146,MO,0
63147,MO,0
63301,MO,0
63303,MO,0
63304,MO,0
63341,MO,0
63366,MO,0
63367,MO,0
63368,MO,0
63376,MO,0
63385,MO,0
63386,MO,0
63701,MO,0
63703,MO,0
63780,MO,0
64012,MO,0
64014,MO,0
64015,MO,0
64016,MO,0
64029,MO,0
64030,MO,0
64034,MO,0
64050,MO,0
64052,MO,0
64053,MO,0
64054,MO,0
64055,MO,0
64056,MO,0
64057,MO,0
64058,MO,0
64060,MO,0
64063,MO,0
64064,MO,0
64068,MO,0
64079,MO,0
64080,MO,0
64081,MO,0
64082,MO,0
64083,MO,0
64086,MO,0
64105,MO,0
64106,MO,0
64108,MO,0
64109,MO,0
64110,MO,0
64111,MO,0
64112,MO,0
64113,MO,0
64114,MO,0
64116,MO,0
64117,MO,0
64118,MO,0
64119,MO,0
64120,MO,0
64123,MO,0
64124,MO,0
64125,MO,0
64126,MO,0
64127,MO,0
64128,MO,0
64129,MO,0
64130,MO,0
64131,MO,0
64132,MO,0
64133,MO,0
64134,MO,0
64136,MO,0
64137,MO,0
64138,MO,0
64139,MO,0
64145,MO,0
64146,MO,0
64147,MO,0
64149,MO,0
64150,MO,0
64151,MO,0
64152,MO,0
64153,MO,0
64154,MO,0
64155,MO,0
64156,MO,0
64157,MO,0
64158,MO,0
64161,MO,0
64163,MO,0
64164,MO,0
64165,MO,0
64167,MO,0
64421,MO,0
64436,MO,0
64501,MO,0
64503,MO,0
64504,MO,0
64505,MO,0
64506,MO,0
64507,MO,0
64801,MO,0
64804,MO,0
64834,MO,0
64835,MO,0
64836,MO,0
64840,MO,0
64841,MO,0
64855,MO,0
64870,MO,0
65039,MO,0
65043,MO,0
65053,MO,0
65101,MO,0
65109,MO,0
65201,MO,0
65202,MO,0
65203,MO,0
65255,MO,0
65611,MO,0
65616,MO,0
65619,MO,0
65631,MO,0
65672,MO,0
65679,MO,0
65714,MO,0
65721,MO,0
65738,MO,0
65739,MO,0
65742,MO,0
65753,MO,0
65757,MO,0
65781,MO,0
65802,MO,0
65803,MO,0
65804,MO,0
65806,MO,0
65807,MO,0
65809,MO,0
65810,MO,0
38637,MS,0
38641,MS,0
38654,MS,0
38655,MS,0
38671,MS,0
38672,MS,0
38680,MS,0
38801,MS,0
38804,MS,0
38826,MS,0
38862,MS,0
38863,MS,0
38866,MS,0
38868,MS,0
39041,MS,0
39042,MS,0
39046,MS,0
39047,MS,0
39056,MS,0
39071,MS,0
39073,MS,0
39110,MS,0
39154,MS,0
39157,MS,0
39170,MS,0
39201,MS,0
39202,MS,0
39203,MS,0
39204,MS,0
39206,MS,0
39208,MS,0
39209,MS,0
39211,MS,0
39212,MS,0
39213,MS,0
39216,MS,0
39218,MS,0
39232,MS,0
39272,MS,0
39301,MS,0
39305,MS,0
39307,MS,0
39342,MS,0
39401,MS,0
39402,MS,0
39437,MS,0
39440,MS,0
39443,MS,0
39452,MS,0
39465,MS,0
39475,MS,0
39501,MS,0
39503,MS,0
39507,MS,0
39520,MS,0
39525,MS,0
39530,MS,0
39531,MS,0
39532,MS,0
39540,MS,0
39553,MS,0
39556,MS,0
39560,MS,0
39562,MS,0
39563,MS,0
39564,MS,0
39565,MS,0
39567,MS,0
39571,MS,0
39574,MS,0
39576,MS,0
39581,MS,0
59030,MT,0
59101,MT,0
59102,MT,0
59105,MT,0
59106,MT,0
59401,MT,0
59404,MT,0
59405,MT,0
59411,MT,0
59417,MT,0
59714,MT,0
59715,MT,0
59718,MT,0
59741,MT,0
59801,MT,0
59802,MT,0
59803,MT,0
59804,MT,0
59808,MT,0
59901,MT,0
59912,MT,0
59936,MT,0
59937,MT,0
27006,NC,0
27009,NC,0
27012,NC,0
27019,NC,0
27023,NC,0
27040,NC,0
27045,NC,0
27050,NC,0
27051,NC,0
27052,NC,0
27101,NC,0
27103,NC,0
27104,NC,0
27105,NC,0
27106,NC,0
27107,NC,0
27127,NC,0
27201,NC,0
27214,NC,0
27215,NC,0
27217,NC,0
27233,NC,0
27235,NC,0
27244,NC,0
27249,NC,0
27253,NC,0
27258,NC,0
27260,NC,0
27262,NC,0
27263,NC,0
27265,NC,0
27278,NC,0
27282,NC,0
27284,NC,0
27292,NC,0
27295,NC,0
27299,NC,0
27301,NC,0
27302,NC,0
27305,NC,0
27310,NC,0
27311,NC,0
27313,NC,0
27315,NC,0
27317,NC,0
27357,NC,0
27358,NC,0
27360,NC,0
27370,NC,0
27376,NC,0
27377,NC,0
27401,NC,0
27403,NC,0
27405,NC,0
27406,NC,0
27407,NC,0
27408,NC,0
27409,NC,0
27410,NC,0
27455,NC,0
27502,NC,0
27504,NC,0
27510,NC,0
27511,NC,0
27513,NC,0
27514,NC,0
27516,NC,0
27517,NC,0
27518,NC,0
27519,NC,0
27520,NC,0
27521,NC,0
27523,NC,0
27526,NC,0
27527,NC,0
27529,NC,0
27530,NC,0
27534,NC,0
27539,NC,0
27540,NC,0
27545,NC,0
27560,NC,0
27562,NC,0
27587,NC,0
27591,NC,0
27592,NC,0
27596,NC,0
27601,NC,0
27603,NC,0
27604,NC,0
27605,NC,0
27606,NC,0
27607,NC,0
27608,NC,0
27609,NC,0
27610,NC,0
27612,NC,0
27613,NC,0
27614,NC,0
27615,NC,0
27616,NC,0
27617,NC,0
27701,NC,0
27703,NC,0
27704,NC,0
27705,NC,0
27707,NC,0
27712,NC,0
27713,NC,0
27801,NC,0
27803,NC,0
27804,NC,0
27809,NC,0
27812,NC,0
27822,NC,0
27828,NC,0
27834,NC,0
27837,NC,0
27851,NC,0
27856,NC,0
27858,NC,0
27863,NC,0
27878,NC,0
27884,NC,0
27893,NC,0
27896,NC,0
28012,NC,0
28016,NC,0
28023,NC,0
28025,NC,0
28027,NC,0
28031,NC,0
28032,NC,0
28033,NC,0
28034,NC,0
28036,NC,0
28037,NC,0
28052,NC,0
28054,NC,0
28056,NC,0
28072,NC,0
28073,NC,0
28075,NC,0
28078,NC,0
28079,NC,0
28080,NC,0
28086,NC,0
28092,NC,0
28098,NC,0
28101,NC,0
28104,NC,0
28105,NC,0
28107,NC,0
28110,NC,0
28112,NC,0
28115,NC,0
28117,NC,0
28120,NC,0
28125,NC,0
28134,NC,0
28138,NC,0
28144,NC,0
28146,NC,0
28147,NC,0
28150,NC,0
28152,NC,0
28159,NC,0
28164,NC,0
28166,NC,0
28168,NC,0
28173,NC,0
28202,NC,0
28203,NC,0
28204,NC,0
28205,NC,0
28206,NC,0
28207,NC,0
28208,NC,0
28209,NC,0
28210,NC,0
28211,NC,0
28212,NC,0
28213,NC,0
28214,NC,0
28215,NC,0
28216,NC,0
28217,NC,0
28226,NC,0
28227,NC,0
28262,NC,0
28269,NC,0
28270,NC,0
28273,NC,0
28277,NC,0
28278,NC,0
28301,NC,0
28303,NC,0
28304,NC,0
28305,NC,0
28306,NC,0
28307,NC,0
28311,NC,0
28312,NC,0
28314,NC,0
28315,NC,0
28326,NC,0
28327,NC,0
28333,NC,0
28334,NC,0
28339,NC,0
28348,NC,0
28358,NC,0
28360,NC,0
28371,NC,0
28372,NC,0
28373,NC,0
28374,NC,0
28376,NC,0
28387,NC,0
28390,NC,0
28391,NC,0
28394,NC,0
28395,NC,0
28401,NC,0
28403,NC,0
28405,NC,0
28409,NC,0
28411,NC,0
28412,NC,0
28420,NC,0
28422,NC,0
28428,NC,0
28429,NC,0
28449,NC,0
28451,NC,0
28460,NC,0
28461,NC,0
28462,NC,0
28465,NC,0
28467,NC,0
28468,NC,0
28469,NC,0
28470,NC,0
28479,NC,0
28480,NC,0
28513,NC,0
28539,NC,0
28540,NC,0
28543,NC,0
28544,NC,0
28546,NC,0
28547,NC,0
28555,NC,0
28590,NC,0
28601,NC,0
28602,NC,0
28610,NC,0
28612,NC,0
28613,NC,0
28619,NC,0
28625,NC,0
28630,NC,0
28637,NC,0
28638,NC,0
28645,NC,0
28650,NC,0
28655,NC,0
28658,NC,0
28677,NC,0
28681,NC,0
28690,NC,0
28701,NC,0
28715,NC,0
28730,NC,0
28748,NC,0
28778,NC,0
28787,NC,0
28801,NC,0
28803,NC,0
28804,NC,0
28805,NC,0
28806,NC,0
58042,ND,0
58047,ND,0
58078,ND,0
58102,ND,0
58103,ND,0
58104,ND,0
58201,ND,0
58202,ND,0
58203,ND,0
58501,ND,0
58503,ND,0
58504,ND,0
58554,ND,0
68005,NE,0
68007,NE,0
68010,NE,0
68022,NE,0
68028,NE,0
68030,NE,0
68046,NE,0
68059,NE,0
68064,NE,0
68069,NE,0
68102,NE,0
68104,NE,0
68105,NE,0
68106,NE,0
68107,NE,0
68108,NE,0
68110,NE,0
68111,NE,0
68112,NE,0
68113,NE,0
68114,NE,0
68116,NE,0
68117,NE,0
68118,NE,0
68122,NE,0
68123,NE,0
68124,NE,0
68127,NE,0
68128,NE,0
68130,NE,0
68131,NE,0
68132,NE,0
68133,NE,0
68134,NE,0
68135,NE,0
68136,NE,0
68137,NE,0
68138,NE,0
68142,NE,0
68144,NE,0
68147,NE,0
68152,NE,0
68154,NE,0
68157,NE,0
68164,NE,0
68317,NE,0
68336,NE,0
68339,NE,0
68430,NE,0
68462,NE,0
68502,NE,0
68503,NE,0
68504,NE,0
68505,NE,0
68506,NE,0
68507,NE,0
68508,NE,0
68510,NE,0
68512,NE,0
68514,NE,0
68516,NE,0
68517,NE,0
68520,NE,0
68521,NE,0
68522,NE,0
68523,NE,0
68524,NE,0
68526,NE,0
68527,NE,0
68528,NE,0
68531,NE,0
68731,NE,0
68776,NE,0
3032,NH,1
3034,NH,0
3036,NH,1
3038,NH,0
3045,NH,1
3046,NH,1
3049,NH,1
3051,NH,1
3052,NH,1
3053,NH,1
3054,NH,0
3060,NH,0
3062,NH,0
3063,NH,0
3064,NH,0
3076,NH,1
3079,NH,0
3087,NH,1
3101,NH,1
3102,NH,0
3103,NH,0
3104,NH,0
3106,NH,0
3109,NH,0
3110,NH,1
3224,NH,0
3229,NH,0
3234,NH,0
3258,NH,0
3275,NH,0
3301,NH,0
3303,NH,0
3304,NH,1
3307,NH,0
3801,NH,0
3820,NH,1
3823,NH,1
3824,NH,1
3833,NH,1
3840,NH,1
3854,NH,1
3856,NH,1
3857,NH,0
3861,NH,0
3862,NH,1
3865,NH,0
3867,NH,0
3868,NH,0
3869,NH,0
3870,NH,1
3878,NH,0
3885,NH,1
7001,NJ,0
7002,NJ,0
7003,NJ,0
7004,NJ,0
7005,NJ,0
7006,NJ,0
7008,NJ,0
7009,NJ,0
7010,NJ,0
7011,NJ,0
7012,NJ,0
7013,NJ,0
7014,NJ,0
7016,NJ,0
7017,NJ,0
7018,NJ,0
7020,NJ,0
7021,NJ,0
7022,NJ,0
7023,NJ,0
7024,NJ,0
7026,NJ,0
7027,NJ,0
7028,NJ,0
7029,NJ,0
7030,NJ,0
7031,NJ,0
7032,NJ,0
7033,NJ,0
7034,NJ,0
7035,NJ,0
7036,NJ,0
7039,NJ,0
7040,NJ,0
7041,NJ,0
7042,NJ,0
7043,NJ,0
7044,NJ,0
7045,NJ,0
7046,NJ,0
7047,NJ,0
7050,NJ,0
7052,NJ,0
7054,NJ,0
7055,NJ,0
7057,NJ,0
7058,NJ,0
7059,NJ,0
7060,NJ,0
7062,NJ,0
7063,NJ,0
7064,NJ,0
7065,NJ,0
7066,NJ,0
7067,NJ,0
7068,NJ,0
7069,NJ,0
7070,NJ,0
7071,NJ,0
7072,NJ,0
7073,NJ,0
7074,NJ,0
7075,NJ,0
7076,NJ,0
7077,NJ,0
7078,NJ,0
7079,NJ,0
7080,NJ,0
7081,NJ,0
7082,NJ,0
7083,NJ,0
7086,NJ,0
7087,NJ,0
7088,NJ,0
7090,NJ,0
7092,NJ,0
7093,NJ,0
7094,NJ,0
7095,NJ,0
7102,NJ,0
7103,NJ,0
7104,NJ,0
7105,NJ,0
7106,NJ,0
7107,NJ,0
7108,NJ,0
7109,NJ,0
7110,NJ,0
7111,NJ,0
7112,NJ,0
7114,NJ,0
7201,NJ,0
7202,NJ,0
7203,NJ,0
7204,NJ,0
7205,NJ,0
7206,NJ,0
7208,NJ,0
7302,NJ,0
7304,NJ,0
7305,NJ,0
7306,NJ,0
7307,NJ,0
7310,NJ,0
7401,NJ,0
7407,NJ,0
7410,NJ,0
7417,NJ,0
7423,NJ,0
7424,NJ,0
7430,NJ,0
7432,NJ,0
7436,NJ,0
7440,NJ,0
7442,NJ,0
7444,NJ,0
7446,NJ,0
7450,NJ,0
7452,NJ,0
7458,NJ,0
7463,NJ,0
7470,NJ,0
7481,NJ,0
7501,NJ,0
7502,NJ,0
7503,NJ,0
7504,NJ,0
7505,NJ,0
7506,NJ,0
7508,NJ,0
7512,NJ,0
7513,NJ,0
7514,NJ,0
7522,NJ,0
7524,NJ,0
7601,NJ,0
7603,NJ,0
7604,NJ,0
7605,NJ,0
7606,NJ,0
7607,NJ,0
7620,NJ,1
7621,NJ,0
7624,NJ,0
7626,NJ,0
7627,NJ,0
7628,NJ,0
7630,NJ,0
7631,NJ,0
7632,NJ,0
7640,NJ,0
7641,NJ,0
7642,NJ,0
7643,NJ,0
7644,NJ,0
7645,NJ,0
7646,NJ,0
7647,NJ,0
7648,NJ,0
7649,NJ,0
7650,NJ,0
7652,NJ,0
7656,NJ,0
7657,NJ,0
7660,NJ,0
7661,NJ,0
7662,NJ,0
7663,NJ,0
7666,NJ,0
7670,NJ,0
7675,NJ,0
7676,NJ,0
7677,NJ,0
7701,NJ,0
7702,NJ,0
7704,NJ,0
7711,NJ,0
7712,NJ,0
7716,NJ,0
7717,NJ,0
7718,NJ,0
7719,NJ,0
7720,NJ,0
7721,NJ,0
7722,NJ,0
7723,NJ,0
7724,NJ,0
7726,NJ,0
7727,NJ,0
7728,NJ,0
7730,NJ,0
7731,NJ,0
7732,NJ,0
7733,NJ,0
7734,NJ,0
7735,NJ,0
7737,NJ,0
7738,NJ,0
7739,NJ,0
7740,NJ,0
7746,NJ,0
7747,NJ,0
7748,NJ,0
7750,NJ,0
7751,NJ,0
7753,NJ,0
7755,NJ,0
7756,NJ,0
7757,NJ,0
7758,NJ,0
7760,NJ,0
7762,NJ,0
7764,NJ,0
7801,NJ,0
7803,NJ,0
7821,NJ,0
7828,NJ,0
7834,NJ,0
7836,NJ,0
7838,NJ,0
7840,NJ,0
7843,NJ,0
7847,NJ,0
7849,NJ,0
7850,NJ,0
7852,NJ,0
7853,NJ,0
7856,NJ,0
7857,NJ,0
7866,NJ,0
7869,NJ,0
7874,NJ,0
7876,NJ,0
7878,NJ,0
7885,NJ,0
7901,NJ,0
7920,NJ,0
7921,NJ,0
7922,NJ,0
7924,NJ,0
7927,NJ,0
7928,NJ,0
7930,NJ,0
7931,NJ,0
7932,NJ,0
7933,NJ,0
7935,NJ,0
7936,NJ,0
7940,NJ,0
7945,NJ,0
7946,NJ,0
7950,NJ,0
7960,NJ,0
7974,NJ,0
7980,NJ,0
7981,NJ,0
8002,NJ,0
8003,NJ,0
8004,NJ,0
8007,NJ,0
8009,NJ,0
8010,NJ,0
8012,NJ,0
8016,NJ,0
8020,NJ,0
8021,NJ,0
8022,NJ,0
8023,NJ,0
8026,NJ,0
8027,NJ,0
8028,NJ,0
8029,NJ,0
8030,NJ,0
8031,NJ,0
8032,NJ,0
8033,NJ,0
8034,NJ,0
8035,NJ,0
8036,NJ,0
8037,NJ,0
8043,NJ,0
8045,NJ,0
8046,NJ,0
8048,NJ,0
8049,NJ,0
8051,NJ,0
8052,NJ,0
8053,NJ,0
8054,NJ,0
8055,NJ,0
8057,NJ,0
8059,NJ,0
8060,NJ,0
8062,NJ,0
8063,NJ,0
8065,NJ,0
8066,NJ,0
8069,NJ,0
8070,NJ,0
8071,NJ,0
8075,NJ,0
8077,NJ,0
8078,NJ,0
8079,NJ,0
8080,NJ,0
8081,NJ,0
8083,NJ,0
8084,NJ,0
8085,NJ,0
8086,NJ,0
8088,NJ,0
8089,NJ,0
8090,NJ,0
8091,NJ,0
8093,NJ,0
8094,NJ,0
8096,NJ,0
8097,NJ,0
8102,NJ,0
8103,NJ,0
8104,NJ,0
8105,NJ,0
8106,NJ,0
8107,NJ,0
8108,NJ,0
8109,NJ,0
8110,NJ,0
8201,NJ,0
8203,NJ,0
8221,NJ,0
8223,NJ,0
8225,NJ,0
8226,NJ,0
8230,NJ,0
8232,NJ,0
8234,NJ,0
8244,NJ,0
8270,NJ,0
8302,NJ,0
8310,NJ,0
8312,NJ,0
8318,NJ,0
8322,NJ,0
8326,NJ,0
8328,NJ,0
8330,NJ,0
8332,NJ,0
8340,NJ,0
8341,NJ,0
8343,NJ,0
8344,NJ,0
8346,NJ,0
8352,NJ,0
8360,NJ,0
8361,NJ,0
8401,NJ,0
8402,NJ,0
8403,NJ,0
8406,NJ,0
8501,NJ,0
8502,NJ,0
8505,NJ,0
8510,NJ,0
8512,NJ,0
8514,NJ,0
8515,NJ,0
8518,NJ,0
8520,NJ,0
8525,NJ,0
8527,NJ,0
8533,NJ,0
8534,NJ,0
8535,NJ,0
8536,NJ,0
8540,NJ,0
8542,NJ,0
8550,NJ,0
8553,NJ,0
8554,NJ,0
8555,NJ,0
8558,NJ,0
8560,NJ,0
8562,NJ,0
8609,NJ,0
8610,NJ,0
8611,NJ,0
8618,NJ,0
8619,NJ,0
8620,NJ,0
8628,NJ,0
8629,NJ,0
8638,NJ,0
8648,NJ,0
8690,NJ,0
8691,NJ,0
8701,NJ,0
8720,NJ,0
8721,NJ,0
8722,NJ,0
8723,NJ,0
8724,NJ,0
8730,NJ,0
8731,NJ,0
8732,NJ,0
8733,NJ,0
8735,NJ,0
8736,NJ,0
8738,NJ,0
8740,NJ,0
8741,NJ,0
8742,NJ,0
8750,NJ,0
8751,NJ,0
8752,NJ,0
8753,NJ,0
8755,NJ,0
8757,NJ,0
8759,NJ,0
8804,NJ,0
8805,NJ,0
8807,NJ,0
8810,NJ,0
8812,NJ,0
8816,NJ,0
8817,NJ,0
8820,NJ,0
8823,NJ,0
8824,NJ,0
8828,NJ,0
8830,NJ,0
8831,NJ,0
8832,NJ,0
8835,NJ,0
8836,NJ,0
8837,NJ,0
8840,NJ,0
8844,NJ,0
8846,NJ,0
8848,NJ,0
8850,NJ,0
8852,NJ,0
8854,NJ,0
8857,NJ,0
8859,NJ,0
8861,NJ,0
8863,NJ,0
8865,NJ,0
8869,NJ,0
8872,NJ,0
8873,NJ,0
8876,NJ,0
8879,NJ,0
8880,NJ,0
8882,NJ,0
8884,NJ,0
8886,NJ,0
8901,NJ,0
8902,NJ,0
8904,NJ,0
87002,NM,0
87004,NM,0
87008,NM,1
87015,NM,0
87022,NM,0
87031,NM,0
87035,NM,0
87042,NM,0
87047,NM,0
87048,NM,1
87059,NM,0
87068,NM,0
87102,NM,0
87104,NM,0
87105,NM,0
87106,NM,0
87107,NM,0
87108,NM,0
87109,NM,0
87110,NM,0
87111,NM,0
87112,NM,0
87113,NM,0
87114,NM,0
87116,NM,0
87120,NM,0
87121,NM,0
87122,NM,1
87123,NM,0
87124,NM,0
87144,NM,0
87401,NM,0
87402,NM,0
87501,NM,0
87505,NM,0
87506,NM,0
87507,NM,0
87508,NM,0
88001,NM,0
88005,NM,0
88007,NM,0
88008,NM,0
88011,NM,0
88012,NM,0
88047,NM,0
88063,NM,0
89002,NV,0
89005,NV,0
89011,NV,0
89012,NV,0
89014,NV,0
89015,NV,0
89030,NV,0
89032,NV,0
89044,NV,0
89052,NV,0
89074,NV,0
89101,NV,0
89102,NV,0
89103,NV,0
89104,NV,0
89106,NV,0
89107,NV,0
89108,NV,0
89109,NV,0
89110,NV,0
89113,NV,0
89115,NV,0
89117,NV,0
89118,NV,0
89119,NV,0
89120,NV,0
89121,NV,0
89122,NV,0
89123,NV,0
89128,NV,0
89129,NV,0
89130,NV,0
89134,NV,0
89135,NV,0
89138,NV,1
89139,NV,0
89141,NV,0
89142,NV,0
89144,NV,0
89145,NV,0
89146,NV,0
89147,NV,0
89148,NV,0
89156,NV,0
89158,NV,0
89166,NV,0
89169,NV,0
89178,NV,0
89183,NV,0
89403,NV,0
89410,NV,0
89423,NV,0
89431,NV,0
89433,NV,0
89434,NV,0
89436,NV,0
89439,NV,0
89441,NV,0
89501,NV,0
89502,NV,0
89503,NV,0
89506,NV,0
89508,NV,0
89509,NV,0
89510,NV,0
89511,NV,0
89512,NV,0
89519,NV,0
89521,NV,0
89523,NV,0
89701,NV,0
89703,NV,0
89705,NV,0
89706,NV,0
10001,NY,1
10002,NY,1
10003,NY,1
10004,NY,1
10005,NY,1
10006,NY,1
10007,NY,1
10009,NY,1
10010,NY,1
10011,NY,1
10012,NY,1
10013,NY,1
10014,NY,1
10016,NY,1
10017,NY,1
10018,NY,1
10019,NY,1
10021,NY,1
10022,NY,1
10023,NY,1
10024,NY,1
10025,NY,1
10026,NY,1
10027,NY,1
10028,NY,1
10029,NY,1
10030,NY,0
10031,NY,1
10032,NY,0
10033,NY,1
10034,NY,1
10035,NY,1
10036,NY,1
10037,NY,1
10038,NY,1
10039,NY,0
10040,NY,1
10044,NY,1
10065,NY,1
10069,NY,1
10075,NY,1
10128,NY,1
10280,NY,1
10282,NY,1
10301,NY,1
10302,NY,1
10303,NY,1
10304,NY,1
10305,NY,1
10306,NY,1
10307,NY,1
10308,NY,1
10309,NY,1
10310,NY,1
10312,NY,1
10314,NY,1
10451,NY,1
10452,NY,1
10453,NY,1
10454,NY,1
10455,NY,0
10456,NY,1
10457,NY,0
10458,NY,0
10459,NY,1
10460,NY,1
10461,NY,1
10462,NY,0
10463,NY,0
10464,NY,1
10465,NY,1
10466,NY,0
10467,NY,1
10468,NY,1
10469,NY,1
10470,NY,0
10471,NY,1
10472,NY,1
10473,NY,0
10474,NY,1
10475,NY,0
10501,NY,1
10502,NY,1
10504,NY,1
10505,NY,0
10506,NY,1
10507,NY,1
10510,NY,1
10511,NY,1
10514,NY,1
10516,NY,1
10517,NY,1
10520,NY,1
10522,NY,1
10523,NY,1
10524,NY,1
10526,NY,0
10527,NY,0
10528,NY,1
10530,NY,1
10532,NY,1
10533,NY,1
10536,NY,1
10537,NY,0
10538,NY,1
10541,NY,0
10543,NY,1
10546,NY,1
10547,NY,1
10548,NY,1
10549,NY,1
10550,NY,0
10552,NY,1
10553,NY,1
10560,NY,0
10562,NY,1
10566,NY,1
10567,NY,1
10570,NY,1
10573,NY,1
10576,NY,1
10577,NY,1
10578,NY,1
10579,NY,1
10580,NY,1
10583,NY,1
10588,NY,1
10589,NY,0
10591,NY,1
10594,NY,1
10595,NY,1
10596,NY,0
10598,NY,1
10601,NY,1
10603,NY,1
10604,NY,1
10605,NY,1
10606,NY,1
10607,NY,1
10701,NY,1
10703,NY,1
10704,NY,1
10705,NY,1
10706,NY,1
10707,NY,1
10708,NY,1
10709,NY,1
10710,NY,1
10801,NY,1
10803,NY,1
10804,NY,1
10901,NY,1
10913,NY,1
10920,NY,1
10923,NY,0
10927,NY,1
10931,NY,0
10952,NY,0
10954,NY,1
10956,NY,1
10960,NY,1
10962,NY,1
10964,NY,1
10965,NY,1
10968,NY,1
10970,NY,0
10974,NY,1
10976,NY,1
10977,NY,0
10980,NY,1
10983,NY,1
10984,NY,1
10986,NY,1
10989,NY,1
10993,NY,0
10994,NY,1
11001,NY,1
11003,NY,1
11004,NY,1
11005,NY,1
11010,NY,0
11020,NY,1
11021,NY,1
11023,NY,1
11024,NY,1
11030,NY,1
11040,NY,1
11050,NY,1
11096,NY,1
11101,NY,1
11102,NY,1
11103,NY,1
11104,NY,1
11105,NY,1
11106,NY,1
11109,NY,1
11201,NY,1
11203,NY,0
11204,NY,0
11205,NY,1
11206,NY,1
11207,NY,1
11208,NY,1
11209,NY,1
11210,NY,1
11211,NY,1
11212,NY,1
11213,NY,0
11214,NY,1
11215,NY,1
11216,NY,1
11217,NY,1
11218,NY,1
11219,NY,0
11220,NY,0
11221,NY,0
11222,NY,1
11223,NY,1
11224,NY,1
11225,NY,0
11226,NY,1
11228,NY,1
11229,NY,1
11230,NY,1
11231,NY,1
11232,NY,1
11233,NY,1
11234,NY,1
11235,NY,1
11236,NY,1
11237,NY,0
11238,NY,1
11239,NY,0
11249,NY,1
11354,NY,1
11355,NY,1
11356,NY,1
11357,NY,1
11358,NY,1
11360,NY,1
11361,NY,1
11362,NY,1
11363,NY,1
11364,NY,1
11365,NY,1
11366,NY,1
11367,NY,1
11368,NY,0
11369,NY,1
11370,NY,0
11372,NY,1
11373,NY,0
11374,NY,1
11375,NY,1
11377,NY,0
11378,NY,1
11379,NY,1
11385,NY,0
11411,NY,1
11412,NY,0
11413,NY,0
11414,NY,1
11415,NY,1
11416,NY,0
11417,NY,1
11418,NY,1
11419,NY,1
11420,NY,1
11421,NY,0
11422,NY,0
11423,NY,1
11426,NY,1
11427,NY,1
11428,NY,1
11429,NY,1
11432,NY,0
11433,NY,0
11434,NY,0
11435,NY,0
11436,NY,0
11501,NY,0
11507,NY,1
11509,NY,1
11510,NY,1
11514,NY,0
11516,NY,1
11518,NY,1
11520,NY,0
11530,NY,1
11542,NY,1
11545,NY,1
11548,NY,1
11550,NY,0
11552,NY,0
11553,NY,0
11554,NY,1
11557,NY,1
11558,NY,0
11559,NY,1
11560,NY,1
11561,NY,1
11563,NY,1
11565,NY,1
11566,NY,1
11568,NY,1
11569,NY,1
11570,NY,1
11572,NY,1
11575,NY,0
11576,NY,1
11577,NY,1
11579,NY,1
11580,NY,1
11581,NY,1
11590,NY,1
11596,NY,1
11598,NY,1
11691,NY,1
11692,NY,1
11693,NY,1
11694,NY,1
11701,NY,0
11702,NY,1
11703,NY,1
11704,NY,0
11705,NY,1
11706,NY,0
11710,NY,1
11713,NY,0
11714,NY,1
11715,NY,1
11716,NY,0
11717,NY,0
11718,NY,1
11719,NY,1
11720,NY,1
11721,NY,1
11722,NY,0
11724,NY,1
11725,NY,1
11726,NY,0
11727,NY,0
11729,NY,0
11730,NY,1
11731,NY,1
11732,NY,1
11733,NY,1
11735,NY,0
11738,NY,0
11739,NY,1
11740,NY,1
11741,NY,1
11742,NY,0
11743,NY,1
11746,NY,1
11747,NY,1
11749,NY,0
11751,NY,1
11752,NY,1
11753,NY,1
11754,NY,1
11755,NY,1
11756,NY,1
11757,NY,0
11758,NY,1
11762,NY,1
11763,NY,0
11764,NY,1
11765,NY,1
11766,NY,1
11767,NY,1
11768,NY,1
11769,NY,1
11771,NY,1
11772,NY,0
11776,NY,0
11777,NY,1
11779,NY,0
11780,NY,1
11782,NY,1
11783,NY,1
11784,NY,0
11787,NY,1
11788,NY,1
11790,NY,1
11791,NY,1
11793,NY,1
11795,NY,1
11796,NY,1
11797,NY,1
11798,NY,0
11801,NY,0
11803,NY,1
11804,NY,1
11901,NY,0
11930,NY,1
11932,NY,1
11933,NY,0
11934,NY,1
11935,NY,1
11937,NY,1
11939,NY,0
11940,NY,1
11941,NY,1
11942,NY,1
11944,NY,0
11946,NY,1
11948,NY,1
11949,NY,1
11950,NY,1
11951,NY,1
11952,NY,0
11953,NY,0
11954,NY,1
11955,NY,0
11957,NY,1
11958,NY,0
11960,NY,1
11962,NY,1
11963,NY,1
11964,NY,0
11965,NY,1
11967,NY,1
11968,NY,1
11971,NY,1
11976,NY,1
11977,NY,1
11978,NY,1
11980,NY,0
12008,NY,1
12009,NY,0
12018,NY,0
12019,NY,0
12033,NY,0
12047,NY,0
12054,NY,0
12056,NY,0
12061,NY,0
12063,NY,0
12065,NY,0
12067,NY,0
12077,NY,0
12084,NY,0
12085,NY,0
12110,NY,0
12118,NY,0
12121,NY,0
12123,NY,0
12140,NY,0
12144,NY,0
12148,NY,0
12150,NY,0
12154,NY,0
12158,NY,0
12159,NY,0
12180,NY,0
12182,NY,0
12183,NY,0
12186,NY,1
12188,NY,0
12189,NY,0
12196,NY,0
12198,NY,0
12202,NY,0
12203,NY,0
12204,NY,0
12205,NY,0
12206,NY,0
12207,NY,0
12208,NY,0
12209,NY,0
12210,NY,0
12211,NY,0
12222,NY,0
12302,NY,0
12303,NY,0
12304,NY,0
12305,NY,0
12306,NY,0
12307,NY,0
12308,NY,0
12309,NY,0
12401,NY,0
12411,NY,0
12417,NY,0
12419,NY,0
12432,NY,0
12440,NY,1
12443,NY,1
12449,NY,0
12456,NY,0
12466,NY,0
12471,NY,1
12472,NY,0
12475,NY,0
12477,NY,0
12484,NY,0
12486,NY,0
12487,NY,0
12498,NY,1
12508,NY,0
12512,NY,0
12518,NY,0
12520,NY,0
12524,NY,0
12525,NY,1
12528,NY,0
12533,NY,1
12538,NY,0
12542,NY,0
12547,NY,0
12548,NY,0
12549,NY,1
12550,NY,0
12553,NY,0
12561,NY,1
12569,NY,0
12572,NY,0
12575,NY,0
12577,NY,0
12578,NY,0
12580,NY,0
12586,NY,0
12589,NY,0
12590,NY,0
12601,NY,0
12603,NY,0
12801,NY,0
12803,NY,0
12804,NY,0
12827,NY,0
12828,NY,0
12831,NY,0
12839,NY,0
12845,NY,0
12901,NY,0
12903,NY,0
12918,NY,0
12962,NY,0
13021,NY,0
13027,NY,0
13029,NY,0
13030,NY,0
13031,NY,0
13039,NY,0
13041,NY,0
13057,NY,0
13060,NY,0
13066,NY,0
13068,NY,0
13073,NY,0
13078,NY,0
13082,NY,0
13084,NY,0
13088,NY,0
13090,NY,0
13104,NY,0
13108,NY,0
13112,NY,0
13116,NY,0
13120,NY,0
13132,NY,0
13135,NY,0
13152,NY,0
13164,NY,0
13202,NY,0
13203,NY,0
13204,NY,0
13205,NY,0
13206,NY,0
13207,NY,0
13208,NY,0
13209,NY,0
13210,NY,0
13211,NY,0
13212,NY,0
13214,NY,0
13215,NY,0
13219,NY,0
13224,NY,0
13319,NY,0
13323,NY,0
13340,NY,0
13354,NY,0
13403,NY,0
13413,NY,0
13417,NY,0
13424,NY,0
13456,NY,0
13492,NY,0
13495,NY,0
13501,NY,0
13502,NY,0
13601,NY,0
13603,NY,0
13612,NY,0
13616,NY,0
13634,NY,0
13637,NY,0
13748,NY,0
13760,NY,0
13790,NY,0
13795,NY,0
13827,NY,0
13850,NY,0
13901,NY,0
13903,NY,0
13904,NY,0
13905,NY,0
14004,NY,0
14026,NY,0
14031,NY,0
14032,NY,0
14043,NY,0
14051,NY,0
14052,NY,0
14059,NY,0
14068,NY,0
14072,NY,0
14075,NY,0
14086,NY,0
14092,NY,0
14094,NY,0
14120,NY,0
14127,NY,0
14131,NY,0
14132,NY,0
14150,NY,0
14174,NY,0
14201,NY,0
14202,NY,0
14203,NY,0
14204,NY,0
14206,NY,0
14207,NY,0
14208,NY,0
14209,NY,0
14210,NY,0
14211,NY,0
14212,NY,0
14213,NY,0
14214,NY,0
14215,NY,0
14216,NY,0
14217,NY,0
14218,NY,0
14219,NY,0
14220,NY,0
14221,NY,0
14222,NY,0
14223,NY,0
14224,NY,0
14225,NY,0
14226,NY,0
14227,NY,0
14228,NY,0
14301,NY,0
14303,NY,0
14304,NY,0
14305,NY,0
14428,NY,0
14445,NY,0
14450,NY,0
14467,NY,0
14468,NY,0
14472,NY,0
14506,NY,0
14514,NY,0
14526,NY,0
14534,NY,0
14543,NY,0
14546,NY,0
14559,NY,0
14564,NY,0
14580,NY,0
14586,NY,0
14604,NY,0
14605,NY,0
14606,NY,0
14607,NY,0
14608,NY,0
14609,NY,0
14610,NY,0
14611,NY,0
14612,NY,0
14613,NY,0
14614,NY,0
14615,NY,0
14616,NY,0
14617,NY,0
14618,NY,0
14619,NY,0
14620,NY,0
14621,NY,0
14622,NY,0
14623,NY,0
14624,NY,0
14625,NY,0
14626,NY,0
14850,NY,0
14882,NY,0
14883,NY,0
43004,OH,0
43015,OH,0
43016,OH,0
43017,OH,0
43021,OH,0
43026,OH,0
43031,OH,0
43035,OH,0
43054,OH,0
43062,OH,0
43064,OH,0
43065,OH,0
43068,OH,0
43081,OH,0
43082,OH,0
43085,OH,0
43109,OH,0
43110,OH,0
43119,OH,0
43123,OH,0
43125,OH,0
43147,OH,0
43201,OH,0
43202,OH,0
43203,OH,0
43204,OH,0
43205,OH,0
43206,OH,0
43207,OH,0
43209,OH,0
43211,OH,0
43212,OH,0
43213,OH,0
43214,OH,0
43215,OH,0
43219,OH,0
43220,OH,0
43221,OH,0
43222,OH,0
43223,OH,0
43224,OH,0
43227,OH,0
43228,OH,0
43229,OH,0
43230,OH,0
43231,OH,0
43232,OH,0
43235,OH,0
43240,OH,0
43402,OH,0
43412,OH,0
43430,OH,0
43434,OH,0
43443,OH,0
43447,OH,0
43460,OH,0
43463,OH,0
43465,OH,0
43469,OH,0
43504,OH,0
43528,OH,0
43537,OH,0
43542,OH,0
43551,OH,0
43558,OH,0
43560,OH,0
43566,OH,0
43571,OH,0
43604,OH,0
43605,OH,0
43606,OH,0
43607,OH,0
43608,OH,0
43609,OH,0
43610,OH,0
43611,OH,0
43612,OH,0
43613,OH,0
43614,OH,0
43615,OH,0
43616,OH,0
43617,OH,0
43619,OH,0
43620,OH,0
43623,OH,0
43701,OH,0
43830,OH,0
43913,OH,0
43926,OH,0
43938,OH,0
43943,OH,0
43952,OH,0
43953,OH,0
43961,OH,0
43964,OH,0
44001,OH,0
44011,OH,0
44012,OH,0
44017,OH,0
44022,OH,0
44024,OH,0
44026,OH,0
44028,OH,0
44035,OH,0
44039,OH,0
44040,OH,0
44044,OH,0
44045,OH,0
44050,OH,0
44052,OH,0
44053,OH,0
44054,OH,0
44055,OH,0
44056,OH,0
44060,OH,0
44067,OH,0
44070,OH,0
44074,OH,0
44077,OH,0
44087,OH,0
44092,OH,0
44094,OH,0
44095,OH,0
44102,OH,0
44103,OH,0
44104,OH,0
44105,OH,0
44106,OH,0
44107,OH,0
44108,OH,0
44109,OH,0
44110,OH,0
44111,OH,0
44112,OH,0
44113,OH,0
44114,OH,0
44115,OH,0
44116,OH,0
44117,OH,0
44118,OH,0
44119,OH,0
44120,OH,0
44121,OH,0
44122,OH,0
44123,OH,0
44124,OH,0
44125,OH,0
44126,OH,0
44127,OH,0
44128,OH,0
44129,OH,0
44130,OH,0
44131,OH,0
44132,OH,0
44133,OH,0
44134,OH,0
44135,OH,0
44136,OH,0
44137,OH,0
44138,OH,0
44139,OH,0
44140,OH,0
44141,OH,0
44142,OH,0
44143,OH,0
44144,OH,0
44145,OH,0
44146,OH,0
44147,OH,0
44149,OH,0
44201,OH,0
44202,OH,0
44203,OH,0
44216,OH,0
44221,OH,0
44223,OH,0
44224,OH,0
44236,OH,0
44240,OH,0
44241,OH,0
44260,OH,0
44262,OH,0
44264,OH,0
44266,OH,0
44278,OH,0
44286,OH,0
44301,OH,0
44302,OH,0
44303,OH,0
44304,OH,0
44305,OH,0
44306,OH,0
44307,OH,0
44308,OH,0
44310,OH,0
44311,OH,0
44312,OH,0
44313,OH,0
44314,OH,0
44319,OH,0
44320,OH,0
44321,OH,0
44333,OH,0
44401,OH,0
44402,OH,0
44403,OH,0
44405,OH,0
44406,OH,0
44410,OH,0
44412,OH,0
44418,OH,0
44420,OH,0
44425,OH,0
44429,OH,0
44430,OH,0
44436,OH,0
44437,OH,0
44438,OH,0
44440,OH,0
44442,OH,0
44444,OH,0
44446,OH,0
44451,OH,0
44452,OH,0
44470,OH,0
44471,OH,0
44473,OH,0
44481,OH,0
44483,OH,0
44484,OH,0
44485,OH,0
44491,OH,0
44502,OH,0
44503,OH,0
44504,OH,0
44505,OH,0
44506,OH,0
44507,OH,0
44509,OH,0
44510,OH,0
44511,OH,0
44512,OH,0
44514,OH,0
44515,OH,0
44601,OH,0
44613,OH,0
44614,OH,0
44622,OH,0
44626,OH,0
44632,OH,0
44641,OH,0
44644,OH,0
44646,OH,0
44647,OH,0
44662,OH,0
44663,OH,0
44666,OH,0
44685,OH,0
44688,OH,0
44702,OH,0
44703,OH,0
44704,OH,0
44705,OH,0
44706,OH,0
44707,OH,0
44708,OH,0
44709,OH,0
44710,OH,0
44714,OH,0
44718,OH,0
44720,OH,0
44721,OH,0
44730,OH,0
44824,OH,0
44839,OH,0
44843,OH,0
44846,OH,0
44847,OH,0
44870,OH,0
44902,OH,0
44903,OH,0
44904,OH,0
44905,OH,0
44906,OH,0
44907,OH,0
45001,OH,0
45002,OH,0
45005,OH,0
45011,OH,0
45013,OH,0
45014,OH,0
45015,OH,0
45030,OH,0
45034,OH,0
45036,OH,0
45039,OH,0
45040,OH,0
45042,OH,0
45044,OH,0
45050,OH,0
45065,OH,0
45066,OH,0
45067,OH,0
45068,OH,0
45069,OH,0
45102,OH,0
45103,OH,0
45106,OH,0
45111,OH,0
45122,OH,0
45140,OH,0
45150,OH,0
45152,OH,0
45153,OH,0
45157,OH,0
45162,OH,0
45174,OH,0
45202,OH,0
45203,OH,0
45204,OH,0
45205,OH,0
45206,OH,0
45207,OH,0
45208,OH,0
45209,OH,0
45211,OH,0
45212,OH,0
45213,OH,0
45214,OH,0
45215,OH,0
45216,OH,0
45217,OH,0
45218,OH,0
45219,OH,0
45220,OH,0
45223,OH,0
45224,OH,0
45225,OH,0
45226,OH,0
45227,OH,0
45229,OH,0
45230,OH,0
45231,OH,0
45232,OH,0
45233,OH,0
45236,OH,0
45237,OH,0
45238,OH,0
45239,OH,0
45240,OH,0
45241,OH,0
45242,OH,0
45243,OH,0
45244,OH,0
45245,OH,0
45246,OH,0
45247,OH,0
45248,OH,0
45249,OH,0
45251,OH,0
45252,OH,0
45255,OH,0
45301,OH,0
45305,OH,0
45309,OH,0
45312,OH,0
45315,OH,0
45318,OH,0
45319,OH,0
45322,OH,0
45323,OH,0
45324,OH,0
45325,OH,0
45326,OH,0
45327,OH,0
45339,OH,0
45341,OH,0
45342,OH,0
45344,OH,0
45345,OH,0
45359,OH,0
45368,OH,0
45369,OH,0
45370,OH,0
45371,OH,0
45373,OH,0
45377,OH,0
45383,OH,0
45384,OH,0
45385,OH,0
45387,OH,0
45402,OH,0
45403,OH,0
45404,OH,0
45405,OH,0
45406,OH,0
45409,OH,0
45410,OH,0
45414,OH,0
45415,OH,0
45416,OH,0
45417,OH,0
45419,OH,0
45420,OH,0
45424,OH,0
45426,OH,0
45429,OH,0
45430,OH,0
45431,OH,0
45432,OH,0
45433,OH,0
45434,OH,0
45439,OH,0
45440,OH,0
45449,OH,0
45458,OH,0
45459,OH,0
45502,OH,0
45503,OH,0
45504,OH,0
45505,OH,0
45506,OH,0
45619,OH,0
45623,OH,0
45638,OH,0
45659,OH,0
45662,OH,0
45663,OH,0
45669,OH,0
45678,OH,0
45680,OH,0
45694,OH,0
45696,OH,0
45714,OH,0
45750,OH,0
45801,OH,0
45804,OH,0
45805,OH,0
45806,OH,0
45807,OH,0
45895,OH,0
73003,OK,0
73007,OK,0
73008,OK,0
73012,OK,0
73013,OK,0
73020,OK,0
73025,OK,0
73026,OK,0
73034,OK,0
73049,OK,0
73064,OK,0
73065,OK,0
73068,OK,0
73069,OK,0
73071,OK,0
73072,OK,0
73078,OK,0
73084,OK,0
73093,OK,0
73099,OK,0
73102,OK,0
73103,OK,0
73104,OK,0
73105,OK,0
73106,OK,0
73107,OK,0
73108,OK,0
73109,OK,0
73110,OK,0
73111,OK,0
73112,OK,0
73114,OK,0
73115,OK,0
73116,OK,0
73117,OK,0
73118,OK,0
73119,OK,0
73120,OK,0
73121,OK,0
73122,OK,0
73127,OK,0
73128,OK,0
73129,OK,0
73130,OK,0
73131,OK,0
73132,OK,0
73134,OK,0
73135,OK,0
73139,OK,0
73141,OK,0
73142,OK,0
73145,OK,0
73149,OK,0
73150,OK,0
73151,OK,0
73159,OK,0
73160,OK,0
73162,OK,0
73165,OK,0
73169,OK,0
73170,OK,0
73173,OK,0
73179,OK,0
73501,OK,0
73505,OK,0
73507,OK,0
73701,OK,0
73703,OK,0
74008,OK,0
74011,OK,0
74012,OK,0
74014,OK,0
74015,OK,0
74017,OK,0
74019,OK,0
74021,OK,0
74023,OK,0
74033,OK,0
74036,OK,0
74037,OK,0
74041,OK,0
74050,OK,0
74053,OK,0
74055,OK,0
74063,OK,0
74066,OK,0
74070,OK,0
74073,OK,0
74074,OK,0
74075,OK,0
74103,OK,0
74104,OK,0
74105,OK,0
74106,OK,0
74107,OK,0
74108,OK,0
74110,OK,0
74112,OK,0
74114,OK,0
74115,OK,0
74116,OK,0
74119,OK,0
74120,OK,0
74126,OK,0
74127,OK,0
74128,OK,0
74129,OK,0
74130,OK,0
74131,OK,0
74132,OK,0
74133,OK,0
74134,OK,0
74135,OK,0
74136,OK,0
74137,OK,0
74145,OK,0
74146,OK,0
74363,OK,0
74429,OK,0
74730,OK,0
74731,OK,0
74733,OK,0
74901,OK,0
74902,OK,0
74946,OK,0
74948,OK,0
74954,OK,0
74959,OK,0
97002,OR,0
97003,OR,0
97004,OR,0
97005,OR,0
97006,OR,0
97007,OR,0
97008,OR,0
97009,OR,0
97013,OR,0
97015,OR,0
97019,OR,0
97024,OR,0
97027,OR,0
97030,OR,0
97034,OR,0
97035,OR,0
97045,OR,0
97048,OR,0
97060,OR,0
97062,OR,0
97068,OR,0
97070,OR,0
97078,OR,0
97080,OR,0
97086,OR,0
97089,OR,0
97113,OR,0
97116,OR,0
97123,OR,0
97124,OR,0
97140,OR,0
97201,OR,0
97202,OR,0
97203,OR,0
97205,OR,0
97206,OR,0
97209,OR,0
97210,OR,0
97211,OR,0
97212,OR,0
97213,OR,0
97214,OR,0
97215,OR,0
97216,OR,0
97217,OR,0
97218,OR,0
97219,OR,0
97220,OR,0
97221,OR,0
97222,OR,0
97223,OR,0
97224,OR,0
97225,OR,0
97227,OR,0
97229,OR,0
97230,OR,0
97231,OR,0
97232,OR,0
97233,OR,0
97236,OR,0
97239,OR,0
97266,OR,0
97267,OR,0
97301,OR,0
97302,OR,0
97303,OR,0
97304,OR,0
97305,OR,0
97306,OR,0
97317,OR,0
97321,OR,0
97322,OR,0
97330,OR,0
97333,OR,0
97338,OR,0
97351,OR,0
97355,OR,0
97361,OR,0
97370,OR,0
97389,OR,0
97392,OR,0
97401,OR,0
97402,OR,0
97403,OR,0
97404,OR,0
97405,OR,0
97408,OR,0
97448,OR,0
97455,OR,0
97457,OR,0
97470,OR,0
97471,OR,0
97477,OR,0
97478,OR,0
97495,OR,0
97496,OR,0
97501,OR,0
97502,OR,0
97503,OR,0
97504,OR,0
97524,OR,0
97526,OR,0
97527,OR,0
97530,OR,0
97532,OR,0
97535,OR,0
97540,OR,0
97701,OR,0
97702,OR,0
97703,OR,0
97801,OR,0
97826,OR,0
97838,OR,0
97875,OR,0
97882,OR,0
15001,PA,0
15003,PA,0
15005,PA,0
15009,PA,0
15010,PA,0
15014,PA,0
15017,PA,0
15024,PA,0
15025,PA,0
15027,PA,0
15030,PA,0
15034,PA,0
15035,PA,0
15042,PA,0
15044,PA,0
15045,PA,0
15046,PA,0
15049,PA,0
15051,PA,0
15056,PA,0
15057,PA,0
15061,PA,0
15064,PA,0
15065,PA,0
15066,PA,0
15068,PA,0
15071,PA,0
15074,PA,0
15076,PA,0
15081,PA,0
15082,PA,0
15084,PA,0
15085,PA,0
15101,PA,0
15102,PA,0
15104,PA,0
15106,PA,0
15108,PA,0
15110,PA,0
15112,PA,0
15116,PA,0
15120,PA,0
15122,PA,0
15126,PA,0
15131,PA,0
15132,PA,0
15133,PA,0
15136,PA,0
15137,PA,0
15139,PA,0
15140,PA,0
15142,PA,0
15143,PA,0
15144,PA,0
15145,PA,0
15146,PA,0
15147,PA,0
15148,PA,0
15201,PA,0
15202,PA,0
15203,PA,0
15204,PA,0
15205,PA,0
15206,PA,0
15207,PA,0
15208,PA,0
15209,PA,0
15210,PA,0
15211,PA,0
15212,PA,0
15213,PA,0
15214,PA,0
15215,PA,0
15216,PA,0
15217,PA,0
15218,PA,0
15219,PA,0
15220,PA,0
15221,PA,0
15222,PA,0
15223,PA,0
15224,PA,0
15225,PA,0
15226,PA,0
15227,PA,0
15228,PA,0
15229,PA,0
15232,PA,0
15233,PA,0
15234,PA,0
15235,PA,0
15236,PA,0
15237,PA,0
15238,PA,0
15239,PA,0
15241,PA,0
15243,PA,0
15317,PA,0
15321,PA,0
15361,PA,0
15545,PA,0
15613,PA,0
15615,PA,0
15629,PA,0
15632,PA,0
15636,PA,0
15641,PA,0
15642,PA,0
15644,PA,0
15656,PA,0
15665,PA,0
15668,PA,0
15673,PA,0
15690,PA,0
15692,PA,0
15801,PA,0
15840,PA,0
15851,PA,0
15901,PA,0
15902,PA,0
15904,PA,0
15905,PA,0
15906,PA,0
15909,PA,0
15928,PA,0
15935,PA,0
15942,PA,0
15946,PA,0
15963,PA,0
16001,PA,0
16002,PA,0
16045,PA,0
16053,PA,0
16121,PA,0
16143,PA,0
16146,PA,0
16148,PA,0
16150,PA,0
16159,PA,0
16161,PA,0
16229,PA,0
16415,PA,0
16421,PA,0
16501,PA,0
16502,PA,0
16503,PA,0
16504,PA,0
16505,PA,0
16506,PA,0
16507,PA,0
16508,PA,0
16509,PA,0
16510,PA,0
16511,PA,0
16601,PA,0
16602,PA,0
16635,PA,0
16636,PA,0
16637,PA,0
16648,PA,0
16665,PA,0
16669,PA,0
16673,PA,0
16801,PA,0
16803,PA,0
16823,PA,0
16865,PA,0
16868,PA,0
16870,PA,0
17003,PA,0
17011,PA,0
17019,PA,0
17022,PA,0
17025,PA,0
17028,PA,0
17033,PA,0
17034,PA,0
17036,PA,0
17038,PA,0
17042,PA,0
17043,PA,0
17046,PA,0
17050,PA,0
17053,PA,0
17055,PA,0
17057,PA,0
17067,PA,0
17070,PA,0
17078,PA,0
17093,PA,0
17101,PA,0
17102,PA,0
17103,PA,0
17104,PA,0
17109,PA,0
17110,PA,0
17111,PA,0
17112,PA,0
17113,PA,0
17225,PA,0
17263,PA,0
17268,PA,0
17319,PA,0
17325,PA,0
17339,PA,0
17340,PA,0
17345,PA,0
17347,PA,0
17360,PA,0
17370,PA,0
17401,PA,0
17402,PA,0
17403,PA,0
17404,PA,0
17406,PA,0
17407,PA,0
17408,PA,0
17501,PA,0
17502,PA,0
17505,PA,0
17508,PA,0
17512,PA,0
17516,PA,0
17520,PA,0
17522,PA,0
17529,PA,0
17538,PA,0
17540,PA,0
17543,PA,0
17545,PA,0
17551,PA,0
17552,PA,0
17554,PA,0
17557,PA,0
17560,PA,0
17562,PA,0
17572,PA,0
17579,PA,0
17582,PA,0
17584,PA,0
17601,PA,0
17602,PA,0
17603,PA,0
17701,PA,0
17702,PA,0
17728,PA,0
17744,PA,0
17754,PA,0
17756,PA,0
17801,PA,0
17815,PA,0
17837,PA,0
17847,PA,0
17850,PA,0
17857,PA,0
17859,PA,0
17870,PA,0
17876,PA,0
17889,PA,0
17901,PA,0
17923,PA,0
17951,PA,0
17954,PA,0
17965,PA,0
17970,PA,0
18011,PA,0
18013,PA,0
18014,PA,0
18015,PA,0
18017,PA,0
18018,PA,0
18020,PA,0
18031,PA,0
18032,PA,0
18034,PA,0
18036,PA,0
18037,PA,0
18038,PA,0
18040,PA,0
18042,PA,0
18045,PA,0
18049,PA,0
18051,PA,0
18052,PA,0
18053,PA,0
18055,PA,0
18059,PA,0
18062,PA,0
18064,PA,0
18066,PA,0
18067,PA,0
18069,PA,0
18072,PA,0
18074,PA,0
18077,PA,0
18078,PA,0
18079,PA,0
18080,PA,0
18083,PA,0
18085,PA,0
18086,PA,0
18087,PA,0
18088,PA,0
18091,PA,0
18092,PA,0
18101,PA,0
18102,PA,0
18103,PA,0
18104,PA,0
18106,PA,0
18109,PA,0
18343,PA,0
18353,PA,0
18360,PA,0
18403,PA,0
18411,PA,0
18433,PA,0
18434,PA,0
18436,PA,0
18444,PA,0
18447,PA,0
18452,PA,0
18503,PA,0
18504,PA,0
18505,PA,0
18507,PA,0
18508,PA,0
18509,PA,0
18510,PA,0
18512,PA,0
18517,PA,0
18518,PA,0
18519,PA,0
18603,PA,0
18612,PA,0
18621,PA,0
18631,PA,0
18634,PA,0
18635,PA,0
18640,PA,0
18641,PA,0
18642,PA,0
18643,PA,0
18644,PA,0
18651,PA,0
18660,PA,0
18701,PA,0
18702,PA,0
18704,PA,0
18705,PA,0
18706,PA,0
18707,PA,0
18708,PA,0
18709,PA,0
18901,PA,0
18902,PA,1
18914,PA,0
18915,PA,0
18925,PA,0
18927,PA,0
18929,PA,0
18932,PA,0
18936,PA,0
18938,PA,0
18940,PA,0
18951,PA,0
18954,PA,0
18964,PA,0
18966,PA,0
18969,PA,0
18974,PA,0
18976,PA,0
18977,PA,0
19001,PA,0
19002,PA,0
19003,PA,0
19004,PA,0
19006,PA,0
19007,PA,0
19008,PA,0
19009,PA,0
19010,PA,0
19012,PA,0
19013,PA,0
19014,PA,0
19015,PA,0
19018,PA,0
19020,PA,0
19021,PA,0
19022,PA,0
19023,PA,0
19025,PA,0
19026,PA,0
19027,PA,0
19029,PA,0
19030,PA,0
19031,PA,0
19032,PA,0
19033,PA,0
19034,PA,0
19035,PA,0
19036,PA,0
19038,PA,0
19040,PA,0
19041,PA,0
19043,PA,0
19044,PA,0
19046,PA,0
19047,PA,0
19050,PA,0
19053,PA,0
19054,PA,0
19055,PA,0
19056,PA,0
19057,PA,0
19060,PA,0
19061,PA,0
19063,PA,0
19064,PA,0
19066,PA,0
19067,PA,0
19070,PA,0
19072,PA,0
19073,PA,0
19074,PA,0
19075,PA,0
19076,PA,0
19078,PA,0
19079,PA,0
19081,PA,0
19082,PA,0
19083,PA,0
19085,PA,0
19086,PA,0
19087,PA,0
19090,PA,0
19094,PA,0
19095,PA,0
19096,PA,0
19102,PA,0
19103,PA,0
19104,PA,0
19106,PA,0
19107,PA,0
19108,PA,0
19111,PA,0
19114,PA,0
19115,PA,0
19116,PA,0
19118,PA,0
19119,PA,0
19120,PA,0
19121,PA,0
19122,PA,0
19123,PA,0
19124,PA,0
19125,PA,0
19126,PA,0
19127,PA,0
19128,PA,0
19129,PA,0
19130,PA,0
19131,PA,0
19132,PA,0
19133,PA,0
19134,PA,0
19135,PA,0
19136,PA,0
19137,PA,0
19138,PA,0
19139,PA,0
19140,PA,0
19141,PA,0
19142,PA,0
19143,PA,0
19144,PA,0
19145,PA,0
19146,PA,0
19147,PA,0
19148,PA,0
19149,PA,0
19150,PA,0
19151,PA,0
19152,PA,0
19153,PA,0
19154,PA,0
19301,PA,0
19311,PA,0
19312,PA,0
19317,PA,0
19319,PA,0
19333,PA,0
19335,PA,0
19341,PA,0
19342,PA,0
19348,PA,0
19350,PA,0
19355,PA,0
19373,PA,0
19380,PA,0
19382,PA,0
19401,PA,0
19403,PA,0
19405,PA,0
19406,PA,0
19422,PA,0
19426,PA,0
19428,PA,0
19436,PA,0
19437,PA,0
19438,PA,0
19440,PA,0
19444,PA,0
19446,PA,0
19453,PA,0
19454,PA,0
19460,PA,0
19462,PA,0
19464,PA,0
19468,PA,0
19473,PA,0
19475,PA,0
19492,PA,0
19506,PA,0
19508,PA,0
19510,PA,0
19522,PA,0
19525,PA,0
19533,PA,0
19539,PA,0
19540,PA,0
19541,PA,0
19547,PA,0
19555,PA,0
19560,PA,0
19565,PA,0
19601,PA,0
19602,PA,0
19604,PA,0
19605,PA,0
19606,PA,0
19607,PA,0
19608,PA,0
19609,PA,0
19610,PA,0
19611,PA,0
2802,RI,0
2806,RI,1
2809,RI,0
2814,RI,0
2816,RI,0
2817,RI,0
2818,RI,1
2822,RI,0
2828,RI,0
2830,RI,0
2831,RI,0
2835,RI,1
2838,RI,0
2852,RI,0
2857,RI,0
2860,RI,0
2861,RI,0
2863,RI,0
2864,RI,0
2865,RI,0
2871,RI,0
2878,RI,0
2885,RI,0
2886,RI,0
2888,RI,0
2889,RI,0
2893,RI,0
2895,RI,0
2896,RI,0
2903,RI,0
2904,RI,0
2905,RI,0
2906,RI,0
2907,RI,0
2908,RI,0
2909,RI,0
2910,RI,0
2911,RI,0
2914,RI,0
2915,RI,0
2916,RI,0
2917,RI,0
2919,RI,0
2920,RI,0
2921,RI,1
29016,SC,0
29020,SC,0
29033,SC,0
29036,SC,0
29039,SC,0
29040,SC,0
29044,SC,0
29045,SC,0
29053,SC,0
29061,SC,0
29063,SC,0
29072,SC,0
29073,SC,0
29078,SC,0
29115,SC,0
29118,SC,0
29123,SC,0
29150,SC,0
29152,SC,0
29153,SC,0
29154,SC,0
29160,SC,0
29161,SC,0
29169,SC,0
29170,SC,0
29172,SC,0
29201,SC,0
29203,SC,0
29204,SC,0
29205,SC,0
29206,SC,0
29209,SC,0
29210,SC,0
29212,SC,0
29223,SC,0
29229,SC,0
29301,SC,0
29302,SC,0
29303,SC,0
29306,SC,0
29307,SC,0
29316,SC,0
29323,SC,0
29329,SC,0
29330,SC,0
29334,SC,0
29346,SC,0
29349,SC,0
29365,SC,0
29369,SC,0
29376,SC,0
29377,SC,0
29385,SC,0
29388,SC,0
29401,SC,0
29403,SC,0
29404,SC,0
29405,SC,0
29406,SC,0
29407,SC,0
29410,SC,0
29412,SC,0
29414,SC,0
29418,SC,0
29420,SC,0
29429,SC,0
29439,SC,0
29440,SC,0
29445,SC,0
29451,SC,0
29455,SC,0
29456,SC,0
29464,SC,0
29466,SC,0
29472,SC,0
29482,SC,0
29483,SC,0
29485,SC,0
29486,SC,0
29492,SC,0
29501,SC,0
29505,SC,0
29506,SC,0
29526,SC,0
29527,SC,0
29532,SC,0
29540,SC,0
29541,SC,0
29566,SC,0
29568,SC,0
29572,SC,0
29575,SC,0
29576,SC,0
29577,SC,0
29579,SC,0
29582,SC,0
29585,SC,0
29588,SC,0
29601,SC,0
29605,SC,0
29607,SC,0
29609,SC,0
29611,SC,0
29615,SC,0
29617,SC,0
29621,SC,0
29624,SC,0
29625,SC,0
29626,SC,0
29627,SC,0
29630,SC,0
29631,SC,0
29640,SC,0
29642,SC,0
29644,SC,0
29650,SC,0
29651,SC,0
29657,SC,0
29662,SC,0
29665,SC,0
29670,SC,0
29671,SC,0
29672,SC,0
29673,SC,0
29678,SC,0
29680,SC,0
29681,SC,0
29684,SC,0
29687,SC,0
29690,SC,0
29691,SC,0
29693,SC,0
29696,SC,0
29697,SC,0
29707,SC,0
29708,SC,0
29710,SC,0
29715,SC,0
29720,SC,0
29730,SC,0
29732,SC,0
29745,SC,0
29801,SC,0
29803,SC,0
29805,SC,0
29809,SC,0
29816,SC,0
29821,SC,0
29828,SC,0
29829,SC,0
29831,SC,0
29834,SC,0
29841,SC,0
29842,SC,0
29851,SC,0
29860,SC,0
29902,SC,0
29906,SC,0
29907,SC,0
29909,SC,0
29910,SC,0
29915,SC,0
29920,SC,0
29926,SC,0
29927,SC,0
29928,SC,0
29935,SC,0
57005,SD,0
57049,SD,0
57055,SD,0
57064,SD,0
57103,SD,0
57104,SD,0
57105,SD,0
57106,SD,0
57107,SD,0
57108,SD,0
57110,SD,0
57701,SD,0
57702,SD,0
57703,SD,0
57719,SD,0
57730,SD,0
57744,SD,0
57745,SD,0
57751,SD,0
37010,TN,0
37013,TN,0
37014,TN,0
37027,TN,0
37040,TN,0
37042,TN,0
37043,TN,0
37064,TN,0
37066,TN,0
37067,TN,0
37069,TN,0
37072,TN,0
37075,TN,0
37076,TN,0
37080,TN,0
37086,TN,0
37115,TN,0
37122,TN,0
37127,TN,0
37128,TN,0
37129,TN,0
37130,TN,0
37135,TN,0
37138,TN,0
37153,TN,0
37167,TN,0
37189,TN,0
37191,TN,0
37201,TN,0
37203,TN,0
37204,TN,0
37205,TN,0
37206,TN,0
37207,TN,0
37208,TN,0
37209,TN,0
37210,TN,0
37211,TN,0
37212,TN,0
37214,TN,0
37215,TN,0
37216,TN,0
37217,TN,0
37218,TN,0
37219,TN,0
37220,TN,0
37221,TN,0
37228,TN,0
37310,TN,0
37311,TN,0
37312,TN,0
37323,TN,0
37336,TN,0
37341,TN,0
37343,TN,0
37350,TN,0
37351,TN,0
37353,TN,0
37354,TN,0
37355,TN,0
37360,TN,0
37363,TN,0
37377,TN,0
37379,TN,0
37385,TN,0
37388,TN,0
37402,TN,0
37403,TN,0
37404,TN,0
37405,TN,0
37406,TN,0
37407,TN,0
37408,TN,0
37409,TN,0
37410,TN,0
37411,TN,0
37412,TN,0
37415,TN,0
37416,TN,0
37419,TN,0
37421,TN,0
37601,TN,0
37604,TN,0
37615,TN,0
37617,TN,0
37618,TN,0
37642,TN,0
37643,TN,0
37645,TN,0
37658,TN,0
37659,TN,0
37660,TN,0
37663,TN,0
37664,TN,0
37665,TN,0
37686,TN,0
37692,TN,0
37694,TN,0
37701,TN,0
37708,TN,0
37710,TN,0
37714,TN,0
37716,TN,0
37721,TN,0
37737,TN,0
37738,TN,0
37742,TN,0
37754,TN,0
37769,TN,0
37771,TN,0
37772,TN,0
37774,TN,0
37777,TN,0
37801,TN,0
37803,TN,0
37804,TN,0
37806,TN,0
37813,TN,0
37814,TN,0
37821,TN,0
37830,TN,0
37840,TN,0
37846,TN,0
37849,TN,0
37853,TN,0
37860,TN,0
37861,TN,0
37862,TN,0
37863,TN,0
37865,TN,0
37871,TN,0
37876,TN,0
37877,TN,0
37885,TN,0
37886,TN,0
37890,TN,0
37902,TN,0
37909,TN,0
37912,TN,0
37914,TN,0
37915,TN,0
37916,TN,0
37917,TN,0
37918,TN,0
37919,TN,0
37920,TN,0
37921,TN,0
37922,TN,0
37923,TN,0
37924,TN,0
37931,TN,0
37932,TN,0
37934,TN,0
37938,TN,0
38002,TN,0
38016,TN,0
38017,TN,0
38018,TN,0
38028,TN,0
38053,TN,0
38103,TN,0
38104,TN,0
38105,TN,0
38106,TN,0
38107,TN,0
38108,TN,0
38109,TN,0
38111,TN,0
38112,TN,0
38114,TN,0
38115,TN,0
38116,TN,0
38117,TN,0
38118,TN,0
38119,TN,0
38120,TN,0
38122,TN,0
38125,TN,0
38126,TN,0
38127,TN,0
38128,TN,0
38133,TN,0
38134,TN,0
38135,TN,0
38138,TN,0
38139,TN,0
38141,TN,0
38301,TN,0
38305,TN,0
38343,TN,0
38355,TN,0
38356,TN,0
38362,TN,0
38401,TN,0
38501,TN,0
38506,TN,0
75001,TX,0
75002,TX,0
75006,TX,0
75007,TX,0
75010,TX,0
75013,TX,0
75019,TX,0
75020,TX,0
75021,TX,0
75022,TX,0
75023,TX,0
75024,TX,0
75025,TX,0
75028,TX,0
75032,TX,0
75033,TX,0
75034,TX,0
75035,TX,0
75038,TX,0
75039,TX,0
75040,TX,0
75041,TX,0
75042,TX,0
75043,TX,0
75044,TX,0
75048,TX,0
75050,TX,0
75051,TX,0
75052,TX,0
75054,TX,0
75056,TX,0
75057,TX,0
75060,TX,0
75061,TX,0
75062,TX,0
75063,TX,0
75065,TX,0
75067,TX,0
75068,TX,0
75069,TX,0
75070,TX,0
75074,TX,0
75075,TX,0
75076,TX,0
75077,TX,0
75080,TX,0
75081,TX,0
75082,TX,0
75087,TX,0
75088,TX,0
75089,TX,0
75090,TX,0
75092,TX,0
75093,TX,0
75094,TX,0
75098,TX,0
75104,TX,0
75115,TX,0
75116,TX,0
75125,TX,0
75134,TX,0
75137,TX,0
75141,TX,0
75146,TX,0
75149,TX,0
75150,TX,0
75159,TX,0
75172,TX,0
75180,TX,0
75181,TX,0
75182,TX,0
75201,TX,0
75202,TX,0
75203,TX,0
75204,TX,0
75205,TX,0
75206,TX,0
75207,TX,0
75208,TX,0
75209,TX,0
75210,TX,0
75211,TX,0
75212,TX,0
75214,TX,0
75215,TX,0
75216,TX,0
75217,TX,0
75218,TX,0
75219,TX,0
75220,TX,0
75223,TX,0
75224,TX,0
75225,TX,0
75226,TX,0
75227,TX,0
75228,TX,0
75229,TX,0
75230,TX,0
75231,TX,0
75232,TX,0
75233,TX,0
75234,TX,0
75235,TX,0
75236,TX,0
75237,TX,0
75238,TX,0
75240,TX,0
75241,TX,0
75243,TX,0
75244,TX,0
75246,TX,0
75247,TX,0
75248,TX,0
75249,TX,0
75251,TX,0
75252,TX,0
75253,TX,0
75254,TX,0
75287,TX,0
75459,TX,0
75501,TX,0
75503,TX,0
75569,TX,0
75601,TX,0
75602,TX,0
75603,TX,0
75604,TX,0
75605,TX,0
75640,TX,0
75644,TX,0
75645,TX,0
75647,TX,0
75650,TX,0
75652,TX,0
75662,TX,0
75684,TX,0
75693,TX,0
75701,TX,0
75702,TX,0
75703,TX,0
75704,TX,0
75705,TX,0
75706,TX,0
75707,TX,0
75708,TX,0
75709,TX,0
75751,TX,0
75752,TX,0
75755,TX,0
75757,TX,0
75758,TX,0
75762,TX,0
75771,TX,0
75789,TX,0
75791,TX,0
75792,TX,0
75901,TX,0
75904,TX,0
75941,TX,0
75949,TX,0
75961,TX,0
75964,TX,0
75965,TX,0
75969,TX,0
76001,TX,0
76002,TX,0
76005,TX,0
76006,TX,0
76008,TX,0
76010,TX,0
76011,TX,0
76012,TX,0
76013,TX,0
76014,TX,0
76015,TX,0
76016,TX,0
76017,TX,0
76018,TX,0
76021,TX,0
76022,TX,0
76034,TX,0
76036,TX,0
76039,TX,0
76040,TX,0
76051,TX,0
76052,TX,0
76053,TX,0
76054,TX,0
76060,TX,0
76063,TX,0
76071,TX,0
76078,TX,0
76092,TX,0
76102,TX,0
76103,TX,0
76104,TX,0
76105,TX,0
76106,TX,0
76107,TX,0
76108,TX,0
76109,TX,0
76110,TX,0
76111,TX,0
76112,TX,0
76114,TX,0
76115,TX,0
76116,TX,0
76117,TX,0
76118,TX,0
76119,TX,0
76120,TX,0
76123,TX,0
76126,TX,0
76127,TX,0
76131,TX,0
76132,TX,0
76133,TX,0
76134,TX,0
76135,TX,0
76137,TX,0
76140,TX,0
76148,TX,0
76155,TX,0
76164,TX,0
76177,TX,0
76179,TX,0
76180,TX,0
76182,TX,0
76205,TX,0
76208,TX,0
76210,TX,0
76226,TX,0
76240,TX,0
76244,TX,0
76248,TX,0
76262,TX,0
76301,TX,0
76302,TX,0
76305,TX,0
76306,TX,0
76308,TX,0
76309,TX,0
76310,TX,0
76311,TX,0
76354,TX,0
76367,TX,0
76401,TX,0
76501,TX,0
76502,TX,0
76504,TX,0
76513,TX,0
76522,TX,0
76539,TX,0
76541,TX,0
76542,TX,0
76543,TX,0
76544,TX,0
76548,TX,0
76549,TX,0
76559,TX,0
76574,TX,0
76579,TX,0
76630,TX,0
76633,TX,0
76640,TX,0
76643,TX,0
76655,TX,0
76657,TX,0
76691,TX,0
76701,TX,0
76704,TX,0
76705,TX,0
76706,TX,0
76707,TX,0
76708,TX,0
76710,TX,0
76711,TX,0
76712,TX,0
76901,TX,0
76903,TX,0
76904,TX,0
76905,TX,0
77002,TX,0
77003,TX,0
77004,TX,0
77005,TX,0
77006,TX,0
77007,TX,0
77008,TX,0
77009,TX,0
77010,TX,0
77011,TX,0
77012,TX,0
77013,TX,0
77014,TX,0
77015,TX,0
77016,TX,0
77017,TX,0
77018,TX,0
77019,TX,0
77020,TX,0
77021,TX,0
77022,TX,0
77023,TX,0
77024,TX,0
77025,TX,0
77026,TX,0
77027,TX,0
77028,TX,0
77029,TX,0
77030,TX,0
77031,TX,0
77032,TX,0
77033,TX,0
77034,TX,0
77035,TX,0
77036,TX,0
77037,TX,0
77038,TX,0
77039,TX,0
77040,TX,0
77041,TX,0
77042,TX,0
77043,TX,0
77044,TX,0
77045,TX,0
77046,TX,0
77047,TX,0
77048,TX,0
77049,TX,0
77050,TX,0
77051,TX,0
77053,TX,0
77054,TX,0
77055,TX,0
77056,TX,0
77057,TX,0
77058,TX,0
77059,TX,0
77060,TX,0
77061,TX,0
77062,TX,0
77063,TX,0
77064,TX,0
77065,TX,0
77066,TX,0
77067,TX,0
77068,TX,0
77069,TX,0
77070,TX,0
77071,TX,0
77072,TX,0
77073,TX,0
77074,TX,0
77075,TX,0
77076,TX,0
77077,TX,0
77078,TX,0
77079,TX,0
77080,TX,0
77081,TX,0
77082,TX,0
77083,TX,0
77084,TX,0
77085,TX,0
77086,TX,0
77087,TX,0
77088,TX,0
77089,TX,0
77090,TX,0
77091,TX,0
77092,TX,0
77093,TX,0
77094,TX,0
77095,TX,0
77096,TX,0
77098,TX,0
77099,TX,0
77301,TX,0
77302,TX,0
77303,TX,0
77304,TX,0
77306,TX,0
77316,TX,0
77318,TX,0
77327,TX,0
77328,TX,0
77336,TX,0
77338,TX,0
77339,TX,0
77345,TX,0
77346,TX,0
77354,TX,0
77355,TX,0
77356,TX,0
77357,TX,0
77358,TX,0
77362,TX,0
77363,TX,0
77365,TX,0
77372,TX,0
77373,TX,0
77375,TX,0
77377,TX,0
77378,TX,0
77379,TX,0
77380,TX,0
77381,TX,0
77382,TX,0
77384,TX,0
77385,TX,0
77386,TX,0
77388,TX,0
77389,TX,0
77396,TX,0
77401,TX,0
77406,TX,0
77407,TX,0
77429,TX,0
77433,TX,0
77441,TX,0
77447,TX,0
77449,TX,0
77450,TX,0
77459,TX,0
77469,TX,0
77471,TX,0
77477,TX,0
77478,TX,0
77479,TX,0
77489,TX,0
77493,TX,0
77494,TX,0
77498,TX,0
77502,TX,0
77503,TX,0
77504,TX,0
77505,TX,0
77506,TX,0
77507,TX,0
77510,TX,0
77511,TX,0
77515,TX,0
77517,TX,0
77518,TX,0
77520,TX,0
77521,TX,0
77523,TX,0
77530,TX,0
77531,TX,0
77532,TX,0
77534,TX,0
77536,TX,0
77539,TX,0
77541,TX,0
77545,TX,0
77546,TX,0
77547,TX,0
77550,TX,0
77551,TX,0
77554,TX,0
77562,TX,0
77563,TX,0
77564,TX,0
77565,TX,0
77566,TX,0
77568,TX,0
77571,TX,0
77573,TX,0
77578,TX,0
77581,TX,0
77583,TX,0
77584,TX,0
77586,TX,0
77587,TX,0
77590,TX,0
77591,TX,0
77598,TX,0
77611,TX,0
77619,TX,0
77625,TX,0
77627,TX,0
77630,TX,0
77632,TX,0
77640,TX,0
77642,TX,0
77651,TX,0
77656,TX,0
77657,TX,0
77662,TX,0
77701,TX,0
77702,TX,0
77703,TX,0
77705,TX,0
77706,TX,0
77707,TX,0
77708,TX,0
77713,TX,0
77801,TX,0
77802,TX,0
77803,TX,0
77807,TX,0
77808,TX,0
77840,TX,0
77845,TX,0
77901,TX,0
77904,TX,0
77905,TX,0
77968,TX,0
78006,TX,0
78015,TX,0
78023,TX,0
78026,TX,0
78040,TX,0
78041,TX,0
78043,TX,0
78045,TX,0
78046,TX,0
78064,TX,0
78070,TX,0
78073,TX,0
78101,TX,0
78108,TX,0
78109,TX,0
78112,TX,0
78123,TX,0
78124,TX,0
78130,TX,0
78132,TX,0
78133,TX,0
78148,TX,0
78152,TX,0
78154,TX,0
78155,TX,0
78201,TX,0
78202,TX,0
78203,TX,0
78204,TX,0
78205,TX,0
78207,TX,0
78208,TX,0
78209,TX,0
78210,TX,0
78211,TX,0
78212,TX,0
78213,TX,0
78214,TX,0
78215,TX,0
78216,TX,0
78217,TX,0
78218,TX,0
78219,TX,0
78220,TX,0
78221,TX,0
78222,TX,0
78223,TX,0
78224,TX,0
78225,TX,0
78226,TX,0
78227,TX,0
78228,TX,0
78229,TX,0
78230,TX,0
78231,TX,0
78232,TX,0
78233,TX,0
78234,TX,0
78235,TX,0
78236,TX,0
78237,TX,0
78238,TX,0
78239,TX,0
78240,TX,0
78242,TX,0
78244,TX,0
78245,TX,0
78247,TX,0
78248,TX,0
78249,TX,0
78250,TX,0
78251,TX,0
78252,TX,0
78253,TX,0
78254,TX,0
78255,TX,0
78256,TX,0
78257,TX,0
78258,TX,0
78259,TX,0
78260,TX,0
78261,TX,0
78263,TX,0
78264,TX,0
78266,TX,0
78336,TX,0
78358,TX,0
78359,TX,0
78362,TX,0
78370,TX,0
78373,TX,0
78374,TX,0
78380,TX,0
78382,TX,0
78387,TX,0
78390,TX,0
78401,TX,0
78402,TX,0
78404,TX,0
78405,TX,0
78406,TX,0
78407,TX,0
78408,TX,0
78409,TX,0
78410,TX,0
78411,TX,0
78412,TX,0
78413,TX,0
78415,TX,0
78416,TX,0
78417,TX,0
78501,TX,0
78503,TX,0
78504,TX,0
78516,TX,0
78520,TX,0
78521,TX,0
78526,TX,0
78539,TX,0
78541,TX,0
78542,TX,0
78572,TX,0
78573,TX,0
78574,TX,0
78577,TX,0
78589,TX,0
78596,TX,0
78602,TX,0
78610,TX,0
78613,TX,0
78617,TX,0
78623,TX,0
78626,TX,0
78628,TX,0
78634,TX,0
78641,TX,0
78652,TX,0
78653,TX,0
78655,TX,0
78660,TX,0
78664,TX,0
78665,TX,0
78666,TX,0
78681,TX,0
78701,TX,0
78702,TX,0
78703,TX,0
78704,TX,0
78705,TX,0
78717,TX,0
78719,TX,0
78721,TX,0
78722,TX,0
78723,TX,0
78724,TX,0
78725,TX,0
78726,TX,0
78727,TX,0
78728,TX,0
78729,TX,0
78730,TX,0
78731,TX,0
78732,TX,0
78733,TX,0
78735,TX,0
78736,TX,0
78737,TX,0
78738,TX,0
78739,TX,0
78741,TX,0
78742,TX,0
78744,TX,0
78745,TX,0
78746,TX,0
78747,TX,0
78748,TX,0
78749,TX,0
78750,TX,0
78751,TX,0
78752,TX,0
78753,TX,0
78754,TX,0
78756,TX,0
78757,TX,0
78758,TX,0
78759,TX,0
79015,TX,0
79101,TX,0
79102,TX,0
79103,TX,0
79104,TX,0
79106,TX,0
79107,TX,0
79108,TX,0
79109,TX,0
79110,TX,0
79111,TX,0
79118,TX,0
79119,TX,0
79121,TX,0
79124,TX,0
79363,TX,0
79364,TX,0
79382,TX,0
79401,TX,0
79403,TX,0
79404,TX,0
79407,TX,0
79410,TX,0
79411,TX,0
79412,TX,0
79413,TX,0
79414,TX,0
79415,TX,0
79416,TX,0
79423,TX,0
79424,TX,0
79504,TX,0
79508,TX,0
79510,TX,0
79525,TX,0
79536,TX,0
79562,TX,0
79563,TX,0
79601,TX,0
79602,TX,0
79603,TX,0
79605,TX,0
79606,TX,0
79607,TX,0
79701,TX,0
79703,TX,0
79705,TX,0
79706,TX,0
79707,TX,0
79758,TX,0
79761,TX,0
79762,TX,0
79763,TX,0
79764,TX,0
79765,TX,0
79766,TX,0
79901,TX,1
79902,TX,0
79903,TX,0
79904,TX,0
79905,TX,0
79906,TX,0
79907,TX,0
79908,TX,1
79911,TX,0
79912,TX,0
79915,TX,0
79922,TX,0
79924,TX,0
79925,TX,0
79927,TX,0
79928,TX,0
79930,TX,0
79932,TX,0
79934,TX,0
79935,TX,0
79936,TX,0
79938,TX,0
84003,UT,0
84004,UT,0
84006,UT,0
84009,UT,0
84010,UT,0
84014,UT,0
84015,UT,0
84020,UT,0
84025,UT,0
84037,UT,0
84040,UT,0
84041,UT,0
84042,UT,0
84043,UT,0
84044,UT,0
84045,UT,0
84047,UT,0
84054,UT,0
84056,UT,0
84057,UT,0
84058,UT,0
84062,UT,0
84065,UT,0
84067,UT,0
84070,UT,0
84075,UT,0
84081,UT,0
84084,UT,0
84087,UT,0
84088,UT,0
84092,UT,0
84093,UT,0
84094,UT,0
84095,UT,0
84096,UT,0
84097,UT,0
84101,UT,0
84102,UT,0
84103,UT,0
84104,UT,0
84105,UT,0
84106,UT,0
84107,UT,0
84108,UT,0
84109,UT,0
84111,UT,0
84112,UT,0
84115,UT,0
84116,UT,0
84117,UT,0
84118,UT,0
84119,UT,0
84120,UT,0
84121,UT,0
84123,UT,0
84124,UT,0
84128,UT,0
84129,UT,0
84315,UT,0
84318,UT,0
84321,UT,0
84326,UT,0
84332,UT,0
84335,UT,0
84339,UT,0
84340,UT,0
84341,UT,0
84401,UT,0
84403,UT,0
84404,UT,0
84405,UT,0
84414,UT,0
84532,UT,0
84535,UT,1
84536,UT,0
84601,UT,0
84604,UT,0
84606,UT,0
84660,UT,0
84663,UT,0
84664,UT,0
84720,UT,0
84737,UT,0
84738,UT,0
84757,UT,0
84758,UT,0
84763,UT,0
84764,UT,0
84765,UT,0
84767,UT,0
84770,UT,0
84775,UT,0
84776,UT,0
84779,UT,0
84780,UT,0
84790,UT,0
20120,VA,0
20121,VA,0
20124,VA,0
20147,VA,0
20148,VA,0
20151,VA,0
20152,VA,0
20164,VA,0
20166,VA,0
20170,VA,0
20171,VA,0
20190,VA,0
20191,VA,0
20194,VA,0
22003,VA,0
22015,VA,0
22027,VA,0
22030,VA,0
22031,VA,0
22032,VA,0
22033,VA,0
22039,VA,0
22042,VA,0
22043,VA,0
22046,VA,0
22066,VA,0
22101,VA,0
22102,VA,0
22124,VA,0
22150,VA,0
22151,VA,0
22152,VA,0
22153,VA,0
22180,VA,0
22181,VA,0
22182,VA,0
22201,VA,0
22202,VA,0
22209,VA,0
22314,VA,0
22601,VA,0
22602,VA,0
22603,VA,0
22620,VA,0
22624,VA,0
22630,VA,0
22655,VA,0
22656,VA,0
22663,VA,0
22801,VA,0
22802,VA,0
22812,VA,0
22821,VA,0
22827,VA,0
22831,VA,0
22832,VA,0
22841,VA,0
22846,VA,0
22901,VA,0
22902,VA,0
22903,VA,0
22911,VA,0
22936,VA,0
22939,VA,0
22940,VA,0
22947,VA,0
22952,VA,0
22980,VA,0
23005,VA,0
23030,VA,0
23059,VA,0
23060,VA,0
23069,VA,0
23075,VA,0
23103,VA,0
23111,VA,0
23112,VA,0
23113,VA,0
23114,VA,0
23116,VA,0
23120,VA,0
23146,VA,0
23150,VA,0
23219,VA,0
23220,VA,0
23221,VA,0
23222,VA,0
23223,VA,0
23224,VA,0
23225,VA,0
23226,VA,0
23227,VA,0
23228,VA,0
23229,VA,0
23230,VA,0
23231,VA,0
23233,VA,0
23234,VA,0
23235,VA,0
23236,VA,0
23237,VA,0
23238,VA,0
23294,VA,0
23314,VA,0
23320,VA,0
23321,VA,0
23322,VA,0
23323,VA,0
23324,VA,0
23325,VA,0
23432,VA,0
23433,VA,0
23434,VA,0
23435,VA,0
23436,VA,0
23451,VA,0
23452,VA,0
23453,VA,0
23454,VA,0
23455,VA,0
23456,VA,0
23457,VA,0
23462,VA,0
23464,VA,0
23502,VA,0
23503,VA,0
23504,VA,0
23505,VA,0
23507,VA,0
23508,VA,0
23509,VA,0
23510,VA,0
23511,VA,0
23513,VA,0
23517,VA,0
23518,VA,0
23523,VA,0
23601,VA,0
23602,VA,0
23603,VA,0
23604,VA,0
23605,VA,0
23606,VA,0
23607,VA,0
23608,VA,0
23651,VA,0
23661,VA,0
23662,VA,0
23663,VA,0
23664,VA,0
23665,VA,0
23666,VA,0
23669,VA,0
23692,VA,0
23693,VA,0
23696,VA,0
23701,VA,0
23702,VA,0
23703,VA,0
23704,VA,0
23707,VA,0
23801,VA,0
23803,VA,0
23805,VA,0
23831,VA,0
23832,VA,0
23834,VA,0
23836,VA,0
23838,VA,0
23842,VA,0
23860,VA,0
23875,VA,0
23885,VA,0
24011,VA,0
24012,VA,0
24013,VA,0
24014,VA,0
24015,VA,0
24016,VA,0
24017,VA,0
24018,VA,0
24019,VA,0
24060,VA,0
24073,VA,0
24077,VA,0
24101,VA,0
24149,VA,0
24153,VA,0
24175,VA,0
24179,VA,0
24251,VA,0
24258,VA,0
24290,VA,0
24366,VA,0
24401,VA,0
24431,VA,0
24437,VA,0
24440,VA,0
24441,VA,0
24467,VA,0
24471,VA,0
24477,VA,0
24482,VA,0
24486,VA,0
24501,VA,0
24502,VA,0
24503,VA,0
24504,VA,0
24527,VA,0
24538,VA,0
24540,VA,0
24541,VA,0
24550,VA,0
24551,VA,0
24572,VA,0
24586,VA,0
24588,VA,0
24605,VA,0
24613,VA,0
24635,VA,0
5401,VT,0
5403,VT,0
5404,VT,0
5408,VT,0
5446,VT,0
5452,VT,0
5482,VT,0
5495,VT,0
98001,WA,0
98002,WA,0
98003,WA,0
98004,WA,0
98005,WA,0
98006,WA,0
98007,WA,0
98008,WA,0
98010,WA,0
98011,WA,0
98012,WA,0
98014,WA,0
98019,WA,0
98020,WA,0
98021,WA,0
98022,WA,0
98023,WA,0
98024,WA,0
98026,WA,0
98027,WA,0
98028,WA,0
98029,WA,0
98030,WA,0
98031,WA,0
98032,WA,0
98033,WA,0
98034,WA,0
98036,WA,0
98037,WA,0
98038,WA,0
98039,WA,0
98040,WA,0
98042,WA,0
98043,WA,0
98045,WA,0
98047,WA,0
98051,WA,0
98052,WA,0
98053,WA,0
98055,WA,0
98056,WA,0
98057,WA,0
98058,WA,0
98059,WA,0
98065,WA,0
98070,WA,0
98072,WA,0
98074,WA,0
98075,WA,0
98077,WA,0
98087,WA,0
98092,WA,0
98101,WA,0
98102,WA,0
98103,WA,0
98104,WA,0
98105,WA,0
98106,WA,0
98107,WA,0
98108,WA,0
98109,WA,0
98110,WA,0
98112,WA,0
98115,WA,0
98116,WA,0
98117,WA,0
98118,WA,0
98119,WA,0
98121,WA,0
98122,WA,0
98125,WA,0
98126,WA,0
98133,WA,0
98134,WA,0
98136,WA,0
98144,WA,0
98146,WA,0
98148,WA,0
98155,WA,0
98164,WA,0
98166,WA,0
98168,WA,0
98177,WA,0
98178,WA,0
98188,WA,0
98198,WA,0
98199,WA,0
98201,WA,0
98203,WA,0
98204,WA,0
98208,WA,0
98221,WA,0
98223,WA,0
98225,WA,0
98226,WA,0
98229,WA,0
98232,WA,0
98233,WA,0
98258,WA,0
98270,WA,0
98271,WA,0
98272,WA,0
98273,WA,0
98274,WA,0
98275,WA,0
98277,WA,0
98284,WA,0
98290,WA,0
98294,WA,0
98296,WA,0
98310,WA,0
98311,WA,0
98312,WA,0
98314,WA,0
98315,WA,0
98321,WA,0
98323,WA,0
98327,WA,0
98332,WA,0
98333,WA,0
98335,WA,0
98337,WA,0
98338,WA,0
98345,WA,0
98354,WA,0
98359,WA,0
98360,WA,0
98366,WA,0
98367,WA,0
98370,WA,0
98371,WA,0
98372,WA,0
98373,WA,0
98374,WA,0
98375,WA,0
98383,WA,0
98385,WA,0
98387,WA,0
98388,WA,0
98390,WA,0
98391,WA,0
98402,WA,0
98403,WA,0
98404,WA,0
98405,WA,0
98406,WA,0
98407,WA,0
98408,WA,0
98409,WA,0
98418,WA,0
98422,WA,0
98424,WA,0
98433,WA,0
98439,WA,0
98443,WA,0
98444,WA,0
98445,WA,0
98446,WA,0
98465,WA,0
98466,WA,0
98467,WA,0
98498,WA,0
98499,WA,0
98501,WA,0
98502,WA,0
98503,WA,0
98506,WA,0
98512,WA,0
98513,WA,0
98516,WA,0
98604,WA,0
98606,WA,0
98607,WA,0
98611,WA,0
98626,WA,0
98629,WA,0
98632,WA,0
98642,WA,0
98660,WA,0
98661,WA,0
98662,WA,0
98663,WA,0
98664,WA,0
98665,WA,0
98671,WA,0
98682,WA,0
98683,WA,0
98684,WA,0
98685,WA,0
98686,WA,0
98801,WA,0
98802,WA,0
98828,WA,0
98837,WA,0
98901,WA,0
98902,WA,0
98903,WA,0
98908,WA,0
98922,WA,0
98926,WA,0
98937,WA,0
98942,WA,0
99004,WA,0
99005,WA,0
99016,WA,0
99019,WA,0
99021,WA,0
99023,WA,0
99025,WA,0
99026,WA,0
99027,WA,0
99036,WA,0
99037,WA,0
99201,WA,0
99202,WA,0
99203,WA,0
99204,WA,0
99205,WA,0
99206,WA,0
99207,WA,0
99208,WA,0
99212,WA,0
99216,WA,0
99217,WA,0
99218,WA,0
99223,WA,0
99224,WA,0
99301,WA,0
99320,WA,0
99323,WA,0
99336,WA,0
99337,WA,0
99338,WA,0
99352,WA,0
99353,WA,0
99354,WA,0
99403,WA,0
53002,WI,0
53005,WI,0
53007,WI,0
53012,WI,0
53017,WI,0
53018,WI,0
53022,WI,0
53024,WI,0
53027,WI,0
53029,WI,0
53033,WI,0
53036,WI,0
53037,WI,0
53038,WI,0
53044,WI,0
53045,WI,0
53046,WI,0
53051,WI,0
53058,WI,0
53066,WI,0
53069,WI,0
53070,WI,0
53072,WI,0
53073,WI,0
53074,WI,0
53076,WI,0
53080,WI,0
53081,WI,0
53083,WI,0
53085,WI,0
53086,WI,0
53089,WI,0
53090,WI,0
53092,WI,0
53094,WI,0
53095,WI,0
53097,WI,0
53098,WI,0
53103,WI,0
53104,WI,0
53105,WI,0
53108,WI,0
53110,WI,0
53115,WI,0
53118,WI,0
53119,WI,0
53120,WI,0
53121,WI,0
53122,WI,0
53126,WI,0
53127,WI,0
53128,WI,0
53129,WI,0
53130,WI,0
53132,WI,0
53137,WI,0
53139,WI,0
53140,WI,0
53142,WI,0
53143,WI,0
53144,WI,0
53146,WI,0
53147,WI,0
53149,WI,0
53150,WI,0
53151,WI,0
53153,WI,0
53154,WI,0
53158,WI,0
53167,WI,0
53168,WI,0
53170,WI,0
53172,WI,0
53177,WI,0
53178,WI,0
53179,WI,0
53181,WI,0
53182,WI,0
53183,WI,0
53185,WI,0
53186,WI,0
53188,WI,0
53189,WI,0
53190,WI,0
53202,WI,0
53203,WI,0
53204,WI,0
53205,WI,0
53206,WI,0
53207,WI,0
53208,WI,0
53209,WI,0
53210,WI,0
53211,WI,0
53212,WI,0
53213,WI,0
53214,WI,0
53215,WI,0
53216,WI,0
53217,WI,0
53218,WI,0
53219,WI,0
53220,WI,0
53221,WI,0
53222,WI,0
53223,WI,0
53224,WI,0
53225,WI,0
53226,WI,0
53227,WI,0
53228,WI,0
53233,WI,0
53235,WI,0
53402,WI,0
53403,WI,0
53404,WI,0
53405,WI,0
53406,WI,0
53501,WI,0
53511,WI,0
53527,WI,0
53528,WI,0
53529,WI,0
53532,WI,0
53534,WI,0
53538,WI,0
53545,WI,0
53546,WI,0
53548,WI,0
53549,WI,0
53558,WI,0
53562,WI,0
53563,WI,0
53575,WI,0
53589,WI,0
53590,WI,0
53593,WI,0
53597,WI,0
53598,WI,0
53703,WI,0
53704,WI,0
53705,WI,0
53711,WI,0
53713,WI,0
53714,WI,0
53715,WI,0
53716,WI,0
53717,WI,0
53718,WI,0
53719,WI,0
53726,WI,0
53916,WI,0
53922,WI,0
54016,WI,0
54021,WI,0
54022,WI,0
54025,WI,0
54082,WI,0
54115,WI,0
54130,WI,0
54136,WI,0
54140,WI,0
54155,WI,0
54169,WI,0
54214,WI,0
54220,WI,0
54229,WI,0
54241,WI,0
54301,WI,0
54302,WI,0
54303,WI,0
54304,WI,0
54311,WI,0
54313,WI,0
54601,WI,0
54603,WI,0
54636,WI,0
54650,WI,0
54658,WI,0
54669,WI,0
54701,WI,0
54703,WI,0
54720,WI,0
54729,WI,0
54742,WI,0
54874,WI,0
54880,WI,0
54901,WI,0
54902,WI,0
54904,WI,0
54911,WI,0
54913,WI,0
54914,WI,0
54915,WI,0
54932,WI,0
54935,WI,0
54937,WI,0
54942,WI,0
54944,WI,0
54952,WI,0
54956,WI,0
24701,WV,0
24715,WV,0
24739,WV,0
24740,WV,0
25064,WV,0
25143,WV,0
25159,WV,0
25177,WV,0
25202,WV,0
25213,WV,0
25301,WV,0
25302,WV,0
25303,WV,0
25304,WV,0
25306,WV,0
25309,WV,0
25311,WV,0
25312,WV,0
25313,WV,0
25314,WV,0
25320,WV,0
25387,WV,0
25401,WV,0
25403,WV,0
25404,WV,0
25405,WV,0
25413,WV,0
25420,WV,0
25428,WV,0
25430,WV,0
25504,WV,0
25507,WV,0
25530,WV,0
25535,WV,0
25537,WV,0
25701,WV,0
25702,WV,0
25703,WV,0
25704,WV,0
25705,WV,0
25801,WV,0
25813,WV,0
25825,WV,0
25827,WV,0
25832,WV,0
25871,WV,0
25873,WV,0
25880,WV,0
25909,WV,0
25911,WV,0
25918,WV,0
25921,WV,0
26035,WV,0
26037,WV,0
26047,WV,0
26062,WV,0
26070,WV,0
26101,WV,0
26104,WV,0
26105,WV,0
26150,WV,0
26181,WV,0
26501,WV,0
26505,WV,0
26508,WV,0
26534,WV,0
26541,WV,0
26542,WV,0
26719,WV,0
26753,WV,0
26767,WV,0
82001,WY,0
82007,WY,0
82009,WY,0
82190,WY,0
82601,WY,0
82604,WY,0
82609,WY,0
82636,WY,0
82644,WY,0
