zip,state_code,target_prop,group_id,group_incentive,pred_panels
99501,AK,0.0,0,-2000,45.91217564870259
99502,AK,0.0,0,-2000,55.63
99503,AK,0.0,0,-2000,28.716716716716718
99504,AK,0.0,0,-2000,0.0
99506,AK,0.0,0,-2000,0.0
99507,AK,0.0,0,-2000,0.0
99508,AK,0.0,0,-2000,36.43556443556444
99515,AK,0.0,0,-2000,26.85814185814186
99516,AK,5e-07,0,-2000,0.0
99517,AK,0.0,0,-2000,0.0
99518,AK,0.0,0,-2000,0.0
99701,AK,0.0,0,-2000,12.624
99703,AK,0.0,0,-2000,0.0
99709,AK,0.0,0,-2000,28.021
99712,AK,0.0,0,-2000,0.0
35004,AL,2.85e-05,2,8000,1.728
35005,AL,0.0001135,2,8000,35.294294294294296
35007,AL,6.75e-05,2,8000,134.14700000000002
35014,AL,3.2e-05,2,8000,0.8345035105315948
35020,AL,0.000192,2,8000,404.96000000000004
35022,AL,0.0002795,2,8000,249.92592592592592
35023,AL,6.5e-05,2,8000,58.0989010989011
35040,AL,0.0001245,2,8000,37.13872255489022
35043,AL,4e-06,2,8000,0.17635270541082165
35044,AL,5e-07,2,8000,0.03496503496503497
35051,AL,5e-07,2,8000,0.043
35055,AL,7.85e-05,2,8000,161.8948948948949
35057,AL,0.000113,2,8000,4.2434869739478955
35058,AL,8.7e-05,2,8000,13.526473526473527
35061,AL,0.00037,2,8000,8.139999999999999
35064,AL,0.000516,2,8000,92.898
35068,AL,0.0001285,2,8000,21.680999999999997
35071,AL,3.65e-05,1,5000,153.63463463463464
35072,AL,4.5e-06,2,8000,0.135
35073,AL,1.95e-05,2,8000,1.1321321321321323
35077,AL,7.95e-05,2,8000,9.584999999999999
35080,AL,0.0001015,2,8000,78.81362725450902
35094,AL,3.9e-05,2,8000,38.7
35096,AL,7.45e-05,2,8000,1.9369999999999998
35111,AL,9e-05,2,8000,20.585
35114,AL,8.6e-05,2,8000,68.88223552894212
35115,AL,2.6e-05,2,8000,22.10678642714571
35116,AL,1.7e-05,2,8000,2.4624624624624625
35117,AL,3.85e-05,2,8000,51.78378378378379
35118,AL,3.35e-05,2,8000,11.443113772455089
35124,AL,8.05e-05,1,5000,290.33833833833836
35126,AL,6.3e-05,2,8000,19.696696696696698
35127,AL,0.0002625,2,8000,60.67597208374876
35147,AL,4.25e-05,2,8000,16.394394394394396
35150,AL,6.2e-05,1,5000,112.3936063936064
35151,AL,4.55e-05,2,8000,5.225548902195609
35160,AL,0.0001,2,8000,96.95195195195194
35173,AL,9.5e-05,2,8000,167.128
35176,AL,8e-06,2,8000,1.0100200400801602
35179,AL,8.4e-05,2,8000,2.2560000000000002
35184,AL,3.5e-06,2,8000,0.25225225225225223
35188,AL,1.6e-05,2,8000,0.06393606393606394
35203,AL,0.0001405,2,8000,34.54545454545455
35204,AL,0.000353,2,8000,155.8741258741259
35205,AL,4e-05,1,5000,125.22122122122123
35206,AL,0.0001735,2,8000,264.7352647352647
35207,AL,0.000281,2,8000,170.3243512974052
35208,AL,0.0003795,2,8000,174.85199999999998
35209,AL,8.5e-05,2,8000,128.844
35210,AL,9.6e-05,2,8000,166.98501498501497
35211,AL,0.000234,2,8000,388.4904904904905
35212,AL,0.000173,2,8000,266.4975024975025
35213,AL,8.75e-05,1,5000,226.11523046092185
35214,AL,0.0002675,2,8000,264.32099999999997
35215,AL,0.000244,2,8000,366.976
35216,AL,5.35e-05,1,5000,275.87787787787784
35217,AL,0.000129,2,8000,233.35329341317365
35218,AL,0.000221,2,8000,130.26
35221,AL,0.0004,2,8000,60.0
35222,AL,0.0001175,2,8000,54.88111888111888
35223,AL,0.0001335,2,8000,269.589
35224,AL,0.0001775,2,8000,67.6923076923077
35226,AL,0.0001,2,8000,88.91891891891892
35228,AL,0.00033,2,8000,103.76976976976978
35233,AL,8.2e-05,2,8000,69.66133866133866
35234,AL,0.0002235,2,8000,145.05494505494505
35235,AL,0.0001935,2,8000,202.191
35242,AL,9.9e-05,0,-2000,583.564
35243,AL,5.7e-05,1,5000,212.92000000000002
35244,AL,0.000128,2,8000,97.988
35401,AL,8.6e-05,0,-2000,342.2425149700599
35404,AL,7.45e-05,1,5000,326.802
35405,AL,0.000195,2,8000,334.9219219219219
35406,AL,8.2e-05,2,8000,133.40800000000002
35444,AL,5.5e-06,2,8000,0.26452905811623245
35452,AL,8.5e-06,2,8000,0.17034068136272545
35453,AL,7.3e-05,2,8000,54.27172827172827
35456,AL,2.5e-05,2,8000,14.98
35463,AL,1.8e-05,2,8000,1.08
35473,AL,4.8e-05,1,5000,150.87712287712287
35474,AL,0.000184,2,8000,6.803999999999999
35475,AL,5.25e-05,2,8000,48.888888888888886
35476,AL,0.000198,2,8000,102.01801801801803
35490,AL,7e-05,2,8000,2.148
35601,AL,0.0001495,2,8000,199.17764471057885
35603,AL,0.0001685,2,8000,146.3736263736264
35611,AL,0.0001075,2,8000,134.89178356713427
35613,AL,0.000177,2,8000,71.77499999999999
35614,AL,7.15e-05,2,8000,12.26126126126126
35616,AL,1.3e-05,2,8000,0.5205205205205206
35630,AL,9.25e-05,1,5000,370.2805611222445
35633,AL,6.6e-05,2,8000,45.449999999999996
35634,AL,9.4e-05,2,8000,12.155
35645,AL,0.0001165,2,8000,0.72
35660,AL,9.45e-05,2,8000,148.3843843843844
35661,AL,0.000151,2,8000,54.8948948948949
35671,AL,0.0004675,0,-2000,0.0
35673,AL,9.85e-05,2,8000,8.571428571428571
35674,AL,9.4e-05,2,8000,86.85314685314685
35741,AL,0.000115,0,-2000,0.0
35748,AL,0.000155,2,8000,3.1648351648351647
35749,AL,0.0004925,2,8000,55.041916167664674
35750,AL,3.25e-05,2,8000,0.65
35754,AL,5.4e-05,2,8000,1.728
35756,AL,0.0006875,2,8000,89.07185628742515
35757,AL,0.000458,0,-2000,0.0
35758,AL,0.000277,2,8000,46.236000000000004
35759,AL,0.000334,2,8000,35.019980019980025
35761,AL,0.000102,2,8000,32.4004004004004
35763,AL,0.0002955,0,-2000,0.0
35773,AL,0.0001305,2,8000,8.316367265469061
35775,AL,3.2e-05,2,8000,1.025025025025025
35801,AL,0.0001625,2,8000,29.0748502994012
35802,AL,9.45e-05,2,8000,41.292
35803,AL,0.0001135,2,8000,210.168
35805,AL,0.000105,1,5000,372.08791208791206
35806,AL,0.000249,2,8000,131.879
35808,AL,0.000322,2,8000,14.715
35810,AL,0.000441,2,8000,242.1621621621622
35811,AL,0.000236,2,8000,260.3033033033033
35816,AL,0.000442,2,8000,191.472
35824,AL,0.0008265,2,8000,72.13513513513514
35901,AL,5.05e-05,2,8000,102.45299999999999
35903,AL,0.000222,2,8000,22.265734265734267
35904,AL,3e-05,2,8000,39.331331331331334
35905,AL,1.5e-05,2,8000,0.15
35906,AL,4.25e-05,2,8000,0.9340659340659342
35950,AL,0.0001095,2,8000,58.55944055944056
35951,AL,8.25e-05,2,8000,18.03003003003003
35954,AL,9.2e-05,2,8000,44.80880880880881
35956,AL,6.5e-05,2,8000,3.511976047904192
35957,AL,9.05e-05,2,8000,88.4084084084084
35976,AL,0.00011,2,8000,40.62137862137862
35980,AL,3.35e-05,2,8000,2.0832497492477433
36020,AL,7.3e-05,2,8000,17.479041916167663
36022,AL,5.9e-05,2,8000,16.432
36025,AL,0.000112,2,8000,24.125
36043,AL,6.15e-05,2,8000,5.90990990990991
36054,AL,5.4e-05,2,8000,46.6966966966967
36064,AL,5.7e-05,2,8000,3.648
36066,AL,8.15e-05,2,8000,120.5
36067,AL,6.95e-05,2,8000,115.93093093093094
36079,AL,0.000105,2,8000,14.98196392785571
36081,AL,0.000111,2,8000,75.09599999999999
36092,AL,0.0001165,2,8000,39.5964035964036
36093,AL,0.0001505,2,8000,4.96996996996997
36104,AL,0.0003115,2,8000,191.31231231231232
36105,AL,0.000495,2,8000,124.568
36106,AL,0.000225,2,8000,129.76223776223776
36107,AL,7.5e-05,2,8000,102.11422845691384
36108,AL,0.0004695,2,8000,491.81818181818187
36109,AL,0.0001215,2,8000,236.74699999999999
36110,AL,0.000434,2,8000,133.7222777222777
36111,AL,0.000244,2,8000,147.354
36112,AL,5.3e-05,0,-2000,0.0
36113,AL,8.55e-05,2,8000,1.3666333666333665
36115,AL,8.3e-05,2,8000,0.332
36116,AL,0.000589,2,8000,365.50800000000004
36117,AL,0.0003555,2,8000,472.125748502994
36201,AL,0.0002695,2,8000,104.0909090909091
36203,AL,5.4e-05,2,8000,81.63173652694611
36205,AL,7.6e-05,2,8000,9.585585585585585
36206,AL,8.7e-05,2,8000,49.11888111888112
36207,AL,0.0002515,2,8000,79.74374374374375
36250,AL,5e-07,0,-2000,0.0
36260,AL,7e-06,2,8000,0.462
36265,AL,3.45e-05,1,5000,70.707
36268,AL,4.15e-05,2,8000,3.086913086913087
36277,AL,3.35e-05,2,8000,4.18
36301,AL,0.0001075,1,5000,255.74374374374375
36303,AL,0.000184,2,8000,269.46053946053945
36305,AL,9.6e-05,2,8000,94.677
36312,AL,5e-07,2,8000,0.01898101898101898
36321,AL,8e-06,2,8000,0.22355289421157684
36322,AL,9.55e-05,2,8000,22.01801801801802
36330,AL,0.0001105,1,5000,252.78
36345,AL,0.000115,2,8000,27.092907092907094
36350,AL,0.0001015,2,8000,11.146292585170341
36351,AL,9e-06,2,8000,0.39599999999999996
36360,AL,7.8e-05,2,8000,133.26673326673327
36362,AL,0.0001025,2,8000,17.505
36376,AL,5e-07,2,8000,0.04995004995004995
36509,AL,5.4e-05,2,8000,25.701999999999998
36511,AL,1.3e-05,2,8000,0.494
36523,AL,4.65e-05,2,8000,7.6850000000000005
36526,AL,0.0001295,2,8000,149.824
36527,AL,0.0001985,2,8000,110.74974974974975
36530,AL,2.85e-05,2,8000,1.5405405405405406
36532,AL,9.85e-05,1,5000,414.03003003003005
36535,AL,7.75e-05,1,5000,193.03396603396604
36541,AL,9.2e-05,2,8000,23.23
36542,AL,7.25e-05,2,8000,43.70629370629371
36544,AL,4.9e-05,2,8000,63.88376753507014
36551,AL,0.0001155,2,8000,20.55
36555,AL,5.75e-05,2,8000,6.032967032967033
36561,AL,0.0001175,2,8000,118.864
36567,AL,6.4e-05,2,8000,27.036036036036037
36571,AL,6.55e-05,2,8000,113.08691308691309
36572,AL,7.4e-05,2,8000,30.683683683683686
36575,AL,6.15e-05,2,8000,130.77177177177177
36576,AL,6.9e-05,2,8000,21.197
36580,AL,5.65e-05,2,8000,25.346
36582,AL,7.9e-05,2,8000,184.8168168168168
36587,AL,2.35e-05,2,8000,6.4
36602,AL,0.000121,2,8000,32.16216216216216
36603,AL,0.0006085,2,8000,226.23523523523525
36604,AL,0.00018,2,8000,115.78065802592222
36605,AL,0.0003095,2,8000,332.9009009009009
36606,AL,0.0002845,2,8000,237.7087087087087
36607,AL,0.000327,2,8000,142.68768768768768
36608,AL,0.00011,1,5000,320.992992992993
36609,AL,0.0001175,1,5000,274.67532467532465
36610,AL,0.0009675,2,8000,251.75524475524475
36611,AL,0.000144,2,8000,137.16216216216216
36612,AL,0.0006855,2,8000,100.13
36613,AL,0.0001515,2,8000,67.91574724172517
36617,AL,0.000794,2,8000,152.352
36618,AL,0.0002595,2,8000,150.44655344655345
36619,AL,4.85e-05,2,8000,96.32432432432432
36693,AL,0.000102,2,8000,186.93
36695,AL,8.5e-05,0,-2000,223.04191616766465
36752,AL,4e-06,2,8000,0.216
36801,AL,0.000126,2,8000,184.275
36804,AL,9.65e-05,2,8000,44.976
36830,AL,4.85e-05,0,-2000,54.72417251755265
36832,AL,4.15e-05,1,5000,119.79
36856,AL,0.000136,2,8000,2.448
36867,AL,6.5e-05,1,5000,90.55799999999999
36869,AL,0.000149,1,5000,297.7837837837838
36870,AL,6.2e-05,1,5000,261.92614770459085
36875,AL,5.5e-05,2,8000,2.1521521521521523
36877,AL,5.5e-05,2,8000,55.93186372745491
36879,AL,1.75e-05,2,8000,0.315
71601,AR,0.000418,1,5000,287.6643356643357
71602,AR,9.3e-05,0,-2000,239.93393393393393
71603,AR,0.000206,0,-2000,754.74
71837,AR,3e-06,2,8000,2.684684684684685
71854,AR,5.6e-05,0,-2000,203.11511511511515
71901,AR,2.4e-05,0,-2000,97.0260521042084
71913,AR,2.25e-05,0,-2000,81.32932932932933
71956,AR,4e-06,2,8000,2.512
71964,AR,1.5e-05,2,8000,33.00699300699301
71968,AR,1.35e-05,2,8000,12.642
72002,AR,6.65e-05,0,-2000,137.02197802197801
72007,AR,3.1e-05,1,5000,53.339999999999996
72011,AR,3.45e-05,1,5000,154.822
72012,AR,2.45e-05,0,-2000,76.63663663663664
72015,AR,3.55e-05,0,-2000,138.14171656686625
72019,AR,3.7e-05,0,-2000,61.33433133732535
72022,AR,5.9e-05,0,-2000,163.33666333666335
72023,AR,3.35e-05,0,-2000,95.12087912087912
72065,AR,2.55e-05,1,5000,65.2
72068,AR,7.5e-06,2,8000,6.233766233766234
72076,AR,6.65e-05,0,-2000,155.52043868394816
72081,AR,1.65e-05,1,5000,10.623246492985972
72082,AR,2.15e-05,1,5000,108.98597194388778
72086,AR,3.1e-05,0,-2000,68.06306306306305
72103,AR,3.95e-05,1,5000,53.295
72113,AR,7.2e-05,0,-2000,256.22222222222223
72114,AR,0.000169,0,-2000,390.1417165668663
72116,AR,3.4e-05,0,-2000,31.030969030969032
72117,AR,0.00023,1,5000,330.518
72118,AR,6.3e-05,0,-2000,258.00802407221664
72120,AR,5.7e-05,0,-2000,227.24324324324323
72135,AR,2.7e-05,1,5000,106.78921078921078
72142,AR,6.75e-05,1,5000,312.8071928071928
72143,AR,3.05e-05,0,-2000,119.32000000000001
72167,AR,5.5e-06,2,8000,4.736263736263736
72176,AR,3.1e-05,0,-2000,87.81437125748502
72201,AR,5.6e-05,1,5000,244.12787212787214
72202,AR,0.000111,1,5000,201.1888111888112
72204,AR,0.0001725,0,-2000,419.46853146853147
72205,AR,5e-05,0,-2000,225.81437125748505
72206,AR,0.000117,0,-2000,469.6003996003996
72207,AR,3.95e-05,0,-2000,178.992
72209,AR,0.0001625,1,5000,290.1398601398601
72210,AR,9.3e-05,1,5000,121.50150150150151
72211,AR,6.7e-05,0,-2000,236.25225225225225
72212,AR,7.1e-05,0,-2000,262.108
72223,AR,8.95e-05,0,-2000,385.82765531062125
72227,AR,5e-05,0,-2000,181.60660660660662
72364,AR,1.35e-05,2,8000,10.114885114885116
72376,AR,1e-06,2,8000,0.7927927927927928
72401,AR,4.35e-05,0,-2000,243.23676323676324
72404,AR,4.7e-05,0,-2000,252.1437125748503
72411,AR,1.8e-05,2,8000,15.192
72416,AR,2.85e-05,1,5000,15.584415584415586
72417,AR,3.15e-05,2,8000,24.873379860418744
72701,AR,3.95e-05,0,-2000,347.9271457085828
72703,AR,4.2e-05,0,-2000,164.956
72704,AR,8.25e-05,0,-2000,388.387
72712,AR,0.0001265,0,-2000,224.16083916083917
72718,AR,0.0001885,2,8000,309.07207207207205
72719,AR,0.0001705,1,5000,188.57700000000003
72730,AR,6.3e-05,1,5000,46.624
72745,AR,7.8e-05,1,5000,66.91891891891892
72753,AR,5e-07,2,8000,0.8571428571428571
72756,AR,5.75e-05,0,-2000,211.69230769230768
72758,AR,8.8e-05,0,-2000,104.93106893106894
72762,AR,6.25e-05,0,-2000,128.85399999999998
72764,AR,5.4e-05,0,-2000,234.4664664664665
72774,AR,1e-06,2,8000,1.262
72801,AR,1.9e-05,0,-2000,127.17782217782218
72802,AR,3.6e-05,0,-2000,75.16516516516516
72834,AR,3.05e-05,1,5000,40.629629629629626
72837,AR,8e-06,2,8000,7.136
72847,AR,1.75e-05,1,5000,88.72627372627372
72858,AR,3.65e-05,1,5000,141.252
72901,AR,5.05e-05,0,-2000,92.7922077922078
72903,AR,5.7e-05,0,-2000,58.079
72904,AR,2.5e-05,0,-2000,160.1851851851852
72908,AR,6e-05,0,-2000,183.18699999999998
72916,AR,7.15e-05,0,-2000,186.0769230769231
72921,AR,4.15e-05,1,5000,234.88488488488488
72923,AR,3.45e-05,1,5000,29.862
72941,AR,5.15e-05,2,8000,72.268
72956,AR,2.65e-05,0,-2000,32.06006006006006
85003,AZ,0.0001815,0,-2000,371.90900000000005
85004,AZ,0.0002175,0,-2000,304.249
85006,AZ,0.000176,0,-2000,725.841
85007,AZ,0.000189,0,-2000,558.2344689378758
85008,AZ,0.000241,0,-2000,687.4774774774776
85009,AZ,0.000165,0,-2000,377.496
85012,AZ,0.000196,0,-2000,394.356
85013,AZ,0.0001875,0,-2000,670.9979979979979
85014,AZ,0.000191,0,-2000,635.2054108216432
85015,AZ,0.0002175,0,-2000,910.0901803607214
85016,AZ,0.0002795,0,-2000,546.959040959041
85017,AZ,0.000222,0,-2000,751.64
85018,AZ,0.0002715,0,-2000,1035.4825174825176
85019,AZ,0.000201,0,-2000,337.03703703703707
85020,AZ,0.000261,0,-2000,1003.104
85021,AZ,0.000207,0,-2000,907.5055055055054
85022,AZ,0.000244,0,-2000,599.8801198801199
85023,AZ,0.0002265,0,-2000,891.8018018018017
85024,AZ,0.000378,0,-2000,803.3713713713713
85027,AZ,0.000229,0,-2000,966.4864864864865
85028,AZ,0.000413,0,-2000,1259.065
85029,AZ,0.0001675,0,-2000,316.784
85031,AZ,0.0002155,0,-2000,262.77
85032,AZ,0.0002495,0,-2000,541.398
85033,AZ,0.0002165,0,-2000,517.6080000000001
85034,AZ,0.00021,0,-2000,535.1735205616851
85035,AZ,0.0002365,0,-2000,317.526
85037,AZ,0.000442,0,-2000,1064.8531468531469
85040,AZ,0.0003655,0,-2000,695.5095095095096
85041,AZ,0.000371,0,-2000,1125.2517482517483
85042,AZ,0.000469,0,-2000,934.5925925925925
85043,AZ,0.0003095,0,-2000,513.7815631262525
85044,AZ,0.000446,0,-2000,1108.7647647647648
85045,AZ,0.00116,2,8000,2101.92
85048,AZ,0.0006945,0,-2000,1568.0
85050,AZ,0.0010085,0,-2000,2027.932067932068
85051,AZ,0.0002235,0,-2000,507.15
85053,AZ,0.0001855,0,-2000,753.820359281437
85054,AZ,0.000409,1,5000,1266.4491017964071
85083,AZ,0.000792,0,-2000,1232.025974025974
85085,AZ,0.0004835,0,-2000,629.217
85118,AZ,0.0004075,0,-2000,686.7777777777777
85119,AZ,0.0002825,0,-2000,532.438
85120,AZ,0.000206,0,-2000,653.476
85132,AZ,0.0001395,0,-2000,327.65934065934067
85140,AZ,0.0003785,0,-2000,692.77
85142,AZ,0.000885,0,-2000,2065.5965965965966
85143,AZ,0.0003995,0,-2000,504.336
85201,AZ,0.000234,0,-2000,470.1102204408818
85202,AZ,0.000232,0,-2000,470.9610778443114
85203,AZ,0.000268,0,-2000,636.306
85204,AZ,0.0002705,0,-2000,787.7312687312688
85205,AZ,0.000294,0,-2000,1065.582
85206,AZ,0.0002615,0,-2000,632.7879999999999
85207,AZ,0.000507,0,-2000,1922.935064935065
85208,AZ,0.0002595,0,-2000,587.4028056112224
85209,AZ,0.0003365,0,-2000,923.2747252747253
85210,AZ,0.0002355,0,-2000,475.039
85212,AZ,0.0009155,1,5000,678.0409999999999
85213,AZ,0.0005185,0,-2000,1006.7305389221557
85215,AZ,0.0003765,0,-2000,1070.976
85224,AZ,0.000404,0,-2000,700.332
85225,AZ,0.0003635,0,-2000,1196.992
85226,AZ,0.000526,0,-2000,1265.7
85233,AZ,0.000565,0,-2000,1077.636
85234,AZ,0.000623,0,-2000,1927.9260000000002
85248,AZ,0.000373,0,-2000,1006.7412587412589
85249,AZ,0.0015905,0,-2000,2986.395209580838
85250,AZ,0.0003335,0,-2000,963.336
85251,AZ,0.000316,0,-2000,1335.3219658976932
85253,AZ,0.0015975,0,-2000,2369.7844311377244
85254,AZ,0.0005335,0,-2000,1080.25974025974
85255,AZ,0.001108,0,-2000,4255.627627627628
85256,AZ,0.000175,0,-2000,243.21643286573146
85257,AZ,0.0003315,0,-2000,1082.8291708291708
85258,AZ,0.000392,0,-2000,1117.3946053946054
85259,AZ,0.0012295,0,-2000,1801.5005005005005
85260,AZ,0.0004605,0,-2000,926.6840521564695
85262,AZ,0.002587,1,5000,5616.99
85266,AZ,0.0013295,0,-2000,6303.502507522568
85268,AZ,0.0004915,0,-2000,1262.8582834331337
85281,AZ,0.0001885,0,-2000,617.034965034965
85282,AZ,0.0002955,0,-2000,881.3973973973974
85283,AZ,0.00032,0,-2000,905.1801801801802
85284,AZ,0.0012795,1,5000,6721.615384615385
85286,AZ,0.0008265,0,-2000,1595.5395395395396
85295,AZ,0.000702,0,-2000,1431.318
85296,AZ,0.000727,0,-2000,1464.7
85297,AZ,0.001115,0,-2000,1334.959040959041
85298,AZ,0.001342,0,-2000,1856.9969969969968
85301,AZ,0.000191,0,-2000,439.5544455544456
85302,AZ,0.0002415,0,-2000,754.6546546546547
85303,AZ,0.000332,0,-2000,274.288
85304,AZ,0.0002945,0,-2000,853.4125874125874
85305,AZ,0.000507,0,-2000,272.8951048951049
85306,AZ,0.000217,0,-2000,653.913
85307,AZ,0.000413,0,-2000,195.04295704295703
85308,AZ,0.0003285,0,-2000,1101.6983016983017
85310,AZ,0.0005315,0,-2000,1164.702
85323,AZ,0.000452,0,-2000,956.1566866267465
85326,AZ,0.0005195,0,-2000,1103.5324675324675
85329,AZ,7.7e-05,1,5000,150.766
85331,AZ,0.0006855,0,-2000,1310.7814371257484
85335,AZ,0.000373,0,-2000,827.792
85338,AZ,0.000638,0,-2000,1095.7125748502995
85339,AZ,0.0006,0,-2000,1326.8296593186374
85340,AZ,0.00085,0,-2000,1249.805805805806
85345,AZ,0.000263,0,-2000,576.78
85350,AZ,0.0001105,1,5000,215.917
85351,AZ,0.0001275,0,-2000,526.039
85353,AZ,0.000474,0,-2000,750.19
85355,AZ,0.0011355,1,5000,3940.8581418581416
85363,AZ,0.000222,0,-2000,158.86427145708583
85364,AZ,0.0001785,0,-2000,846.8040000000001
85365,AZ,0.0002975,0,-2000,618.8131868131869
85367,AZ,0.000231,0,-2000,640.914
85373,AZ,0.0001795,0,-2000,373.884
85374,AZ,0.000327,0,-2000,639.3100000000001
85375,AZ,0.000214,0,-2000,462.3547094188377
85377,AZ,0.000117,1,5000,217.83783783783784
85378,AZ,0.000373,0,-2000,268.242
85379,AZ,0.000495,0,-2000,1214.304
85381,AZ,0.000414,0,-2000,870.7057057057057
85382,AZ,0.000272,0,-2000,762.1921921921922
85383,AZ,0.000795,0,-2000,3121.038
85387,AZ,0.000518,0,-2000,263.6203796203796
85388,AZ,0.0007495,0,-2000,1037.792
85392,AZ,0.000416,0,-2000,862.169
85395,AZ,0.0009375,0,-2000,1722.9199999999998
85396,AZ,0.001047,1,5000,3140.421157684631
85607,AZ,0.0003335,0,-2000,1218.6886886886887
85621,AZ,0.000268,1,5000,201.65531062124248
85626,AZ,5.55e-05,1,5000,105.44999999999999
85648,AZ,0.0004405,1,5000,2213.7294589178355
85658,AZ,0.0005665,0,-2000,563.0020000000001
85701,AZ,0.000121,0,-2000,274.608
85704,AZ,0.0002635,0,-2000,516.4395604395605
85705,AZ,0.0001645,0,-2000,730.2342342342342
85706,AZ,0.0001885,0,-2000,476.0888223552894
85708,AZ,5e-07,0,-2000,7.307692307692308
85710,AZ,0.0002175,0,-2000,291.00800800800806
85711,AZ,0.000204,0,-2000,175.188
85712,AZ,0.0001875,0,-2000,388.7867867867868
85713,AZ,0.000209,0,-2000,525.3186813186813
85714,AZ,0.000191,0,-2000,443.3963963963964
85715,AZ,0.000319,0,-2000,820.1248751248751
85716,AZ,0.000182,0,-2000,409.83
85718,AZ,0.000555,0,-2000,2256.9230769230767
85719,AZ,0.0001495,0,-2000,733.7707707707707
85730,AZ,0.00026,0,-2000,921.2972972972973
85735,AZ,9.8e-05,1,5000,193.44944944944945
85736,AZ,7.5e-06,2,8000,14.504999999999999
85737,AZ,0.0004595,0,-2000,1069.5055055055054
85739,AZ,3.75e-05,1,5000,72.15284715284714
85741,AZ,0.000262,0,-2000,897.677
85742,AZ,0.000458,0,-2000,1233.8091908091908
85743,AZ,0.0006025,1,5000,2140.084
85745,AZ,0.0002065,0,-2000,646.0510510510511
85746,AZ,0.0002765,0,-2000,1059.7957957957958
85747,AZ,0.000355,0,-2000,890.5264735264735
85748,AZ,0.0004505,0,-2000,828.468
85749,AZ,0.000505,0,-2000,1562.2502502502502
85750,AZ,0.00045,0,-2000,849.2560000000001
85755,AZ,0.0005045,0,-2000,1022.1098901098901
85756,AZ,0.0002655,0,-2000,636.405
85757,AZ,0.0004565,0,-2000,2216.061122244489
85901,AZ,0.000217,0,-2000,417.9458917835671
85929,AZ,0.0002015,0,-2000,218.61861861861863
86001,AZ,5.4e-05,0,-2000,404.736
86004,AZ,5.65e-05,0,-2000,296.91499999999996
86005,AZ,2.75e-05,1,5000,53.57
86011,AZ,8.5e-06,1,5000,16.048
86040,AZ,0.000324,0,-2000,161.634
86301,AZ,0.0003195,0,-2000,1464.088
86303,AZ,0.000223,0,-2000,800.0
86305,AZ,0.000393,0,-2000,829.1850000000001
86314,AZ,0.0003025,0,-2000,296.02197802197804
86315,AZ,0.000537,1,5000,1720.6072144288578
86323,AZ,0.0002965,0,-2000,325.998001998002
86325,AZ,6.5e-06,1,5000,12.804804804804805
86327,AZ,0.0002765,0,-2000,276.4285714285714
86329,AZ,5.45e-05,1,5000,109.0
86336,AZ,0.0002375,0,-2000,385.715
86351,AZ,0.0003125,0,-2000,312.624
86403,AZ,0.0001455,0,-2000,344.6946107784431
86404,AZ,0.000169,0,-2000,436.856
86406,AZ,0.0001785,0,-2000,459.6996996996997
86434,AZ,5e-07,1,5000,0.9700897308075773
90001,CA,2.9e-05,0,-2000,166.72227772227774
90002,CA,3.8e-05,0,-2000,160.018
90003,CA,3.2e-05,0,-2000,503.00100100100104
90004,CA,2.2e-05,0,-2000,197.8921078921079
90005,CA,1.9e-05,0,-2000,51.998001998002
90006,CA,1.95e-05,0,-2000,58.63663663663664
90007,CA,1.7e-05,0,-2000,195.95109780439122
90008,CA,0.0002195,0,-2000,532.1993987975952
90010,CA,2.95e-05,1,5000,34.160000000000004
90011,CA,2.15e-05,0,-2000,128.49699398797594
90012,CA,2.8e-05,0,-2000,129.519
90013,CA,2.1e-05,0,-2000,53.06306306306306
90014,CA,1.25e-05,0,-2000,35.4974974974975
90015,CA,2.7e-05,0,-2000,109.376
90016,CA,6.8e-05,0,-2000,260.4924924924925
90017,CA,1.55e-05,0,-2000,54.66566566566567
90018,CA,6.3e-05,0,-2000,248.21178821178822
90019,CA,4.7e-05,0,-2000,382.49999999999994
90020,CA,1.65e-05,0,-2000,43.45945945945946
90021,CA,2.3e-05,0,-2000,116.5954045954046
90022,CA,2.85e-05,0,-2000,87.36063936063935
90023,CA,2.15e-05,0,-2000,177.16450648055834
90024,CA,2.35e-05,0,-2000,206.64635364635365
90025,CA,5.75e-05,0,-2000,180.34799999999998
90026,CA,3.5e-05,0,-2000,347.89579158316633
90027,CA,3.35e-05,0,-2000,244.86599999999999
90028,CA,2.45e-05,0,-2000,86.42357642357642
90029,CA,2.4e-05,0,-2000,107.77222777222778
90031,CA,2.55e-05,0,-2000,34.800000000000004
90032,CA,3.3e-05,0,-2000,221.437875751503
90033,CA,1.65e-05,0,-2000,170.37
90034,CA,6.05e-05,0,-2000,216.4104104104104
90035,CA,7.15e-05,0,-2000,185.88500000000002
90036,CA,4.75e-05,0,-2000,259.39121756487026
90037,CA,3.45e-05,0,-2000,250.45954045954048
90038,CA,2.65e-05,0,-2000,54.471471471471475
90039,CA,6.5e-05,0,-2000,309.1432865731463
90040,CA,2.7e-05,0,-2000,32.94411177644711
90041,CA,6e-05,0,-2000,102.14999999999999
90042,CA,4.05e-05,0,-2000,267.82
90043,CA,0.000246,0,-2000,1110.699
90044,CA,5.75e-05,0,-2000,337.1208791208791
90045,CA,7.7e-05,0,-2000,243.409
90046,CA,2.6e-05,0,-2000,238.78243512974052
90047,CA,0.000204,0,-2000,800.11
90048,CA,4.85e-05,0,-2000,211.66433566433565
90049,CA,9.5e-05,0,-2000,303.17082917082917
90056,CA,0.000464,1,5000,1987.4
90057,CA,1.95e-05,0,-2000,49.00900900900901
90058,CA,2.45e-05,0,-2000,54.80519480519481
90059,CA,4.5e-05,0,-2000,189.18937875751502
90061,CA,5.8e-05,0,-2000,180.10999999999999
90062,CA,6.95e-05,0,-2000,171.9959919839679
90063,CA,3.05e-05,0,-2000,128.03
90064,CA,7.1e-05,0,-2000,315.94405594405595
90065,CA,3.95e-05,0,-2000,315.214
90066,CA,4.25e-05,0,-2000,481.80419580419584
90067,CA,7.15e-05,1,5000,182.07807807807808
90068,CA,3.25e-05,0,-2000,219.64635364635365
90069,CA,3.6e-05,0,-2000,160.2037962037962
90077,CA,0.000277,0,-2000,689.4744744744745
90094,CA,3.5e-05,0,-2000,70.3053892215569
90201,CA,2.15e-05,0,-2000,198.3517034068136
90210,CA,0.0001135,0,-2000,358.27427427427426
90211,CA,6.55e-05,0,-2000,271.453
90212,CA,4.45e-05,0,-2000,126.88488488488488
90220,CA,8.45e-05,0,-2000,240.64071856287424
90221,CA,5.25e-05,0,-2000,152.95204795204796
90222,CA,6.85e-05,0,-2000,307.98401598401597
90230,CA,5.35e-05,0,-2000,193.64894684052157
90232,CA,6e-05,0,-2000,231.29458917835672
90240,CA,5.55e-05,0,-2000,51.75575575575576
90241,CA,3.75e-05,0,-2000,162.05399999999997
90242,CA,4.45e-05,0,-2000,135.03103103103103
90245,CA,0.000108,0,-2000,92.25
90247,CA,5.3e-05,0,-2000,260.204
90248,CA,5.9e-05,0,-2000,89.55389221556885
90249,CA,9.45e-05,0,-2000,249.3006993006993
90250,CA,7.15e-05,0,-2000,542.85
90254,CA,0.0001535,0,-2000,123.05410821643287
90255,CA,2.25e-05,0,-2000,187.853
90260,CA,4.35e-05,0,-2000,162.54000000000002
90262,CA,3.65e-05,0,-2000,130.006006006006
90265,CA,0.0002255,0,-2000,1226.076923076923
90266,CA,0.0002605,0,-2000,343.2565130260521
90270,CA,2.25e-05,0,-2000,56.168168168168165
90272,CA,0.000501,0,-2000,1684.767
90274,CA,0.0004215,0,-2000,1873.933933933934
90275,CA,0.000154,0,-2000,250.90419161676647
90277,CA,7.95e-05,0,-2000,344.605
90278,CA,0.0001385,0,-2000,239.66332665330663
90280,CA,3.05e-05,0,-2000,107.275
90290,CA,3.85e-05,0,-2000,24.335664335664337
90291,CA,5.6e-05,0,-2000,413.994005994006
90292,CA,0.0001155,0,-2000,272.42657342657344
90293,CA,4.85e-05,0,-2000,206.976
90301,CA,7.1e-05,0,-2000,128.04
90302,CA,0.000131,1,5000,228.32303090727817
90303,CA,8.9e-05,0,-2000,246.6686686686687
90304,CA,2.6e-05,0,-2000,40.5945945945946
90305,CA,0.000736,1,5000,3472.674674674675
90401,CA,3.55e-05,0,-2000,105.49199999999999
90402,CA,5.9e-05,0,-2000,301.26126126126127
90403,CA,6.55e-05,0,-2000,145.982
90404,CA,4.75e-05,0,-2000,172.2922922922923
90405,CA,3.85e-05,0,-2000,204.77777777777777
90501,CA,5e-05,0,-2000,126.96407185628742
90502,CA,6.65e-05,0,-2000,240.22754491017963
90503,CA,8.7e-05,0,-2000,209.979020979021
90504,CA,6.25e-05,0,-2000,108.51651651651652
90505,CA,6.25e-05,0,-2000,369.1498501498501
90601,CA,4.15e-05,0,-2000,96.73126873126873
90602,CA,2.25e-05,0,-2000,92.65831663326654
90603,CA,6.3e-05,0,-2000,139.33667334669337
90604,CA,4.6e-05,0,-2000,285.06
90605,CA,4.3e-05,0,-2000,231.912
90606,CA,4e-05,0,-2000,235.43243243243245
90620,CA,3.75e-05,0,-2000,100.06387225548902
90621,CA,2.2e-05,0,-2000,26.153846153846153
90623,CA,2.65e-05,0,-2000,34.656
90630,CA,3.7e-05,0,-2000,13.415584415584416
90631,CA,2.9e-05,0,-2000,0.0
90638,CA,4.7e-05,0,-2000,243.3153153153153
90640,CA,3.2e-05,0,-2000,156.37237237237238
90650,CA,5.3e-05,0,-2000,311.038
90660,CA,4e-05,0,-2000,288.62587763289866
90670,CA,3.35e-05,0,-2000,83.84646061814556
90680,CA,2.35e-05,0,-2000,72.39719157472416
90701,CA,5.55e-05,0,-2000,193.4356929212363
90703,CA,8.5e-05,0,-2000,190.48448448448448
90706,CA,5.1e-05,0,-2000,200.06206206206207
90710,CA,4.4e-05,0,-2000,117.2
90712,CA,0.000124,0,-2000,99.35000000000001
90713,CA,0.000104,0,-2000,231.025
90715,CA,6.15e-05,0,-2000,215.61561561561564
90716,CA,3.45e-05,1,5000,52.659340659340664
90717,CA,4.5e-05,0,-2000,90.61861861861861
90720,CA,4.7e-05,0,-2000,50.278443113772454
90723,CA,3.85e-05,0,-2000,124.09680638722554
90731,CA,2.6e-05,0,-2000,257.87412587412587
90732,CA,6.15e-05,0,-2000,22.76923076923077
90740,CA,1.3e-05,0,-2000,50.136
90744,CA,2.4e-05,0,-2000,137.14685314685315
90745,CA,7.4e-05,0,-2000,105.88611388611389
90746,CA,0.00071,1,5000,835.9318637274549
90755,CA,6e-05,0,-2000,217.012987012987
90802,CA,3.4e-05,0,-2000,45.764235764235764
90803,CA,5.55e-05,0,-2000,67.55644355644355
90804,CA,3.75e-05,0,-2000,144.375
90805,CA,4.9e-05,0,-2000,189.409
90806,CA,4.45e-05,0,-2000,67.65765765765765
90807,CA,5.4e-05,0,-2000,66.272
90808,CA,9.6e-05,0,-2000,150.16432865731463
90810,CA,4.1e-05,0,-2000,132.9090909090909
90813,CA,2.35e-05,0,-2000,26.768
90814,CA,4.45e-05,0,-2000,49.824
90815,CA,5.7e-05,0,-2000,239.34065934065933
91001,CA,0.0002055,0,-2000,1209.344
91006,CA,6.75e-05,0,-2000,348.65999999999997
91007,CA,3.45e-05,0,-2000,219.58041958041957
91008,CA,0.0001095,1,5000,386.81481481481484
91010,CA,5.75e-05,0,-2000,100.31137724550898
91011,CA,0.000439,0,-2000,1321.093093093093
91016,CA,5.65e-05,0,-2000,347.094
91020,CA,3.1e-05,0,-2000,68.13613613613613
91024,CA,7.5e-05,0,-2000,84.16816816816817
91030,CA,6.7e-05,0,-2000,116.90909090909092
91040,CA,6.15e-05,0,-2000,90.71457085828342
91042,CA,4.2e-05,0,-2000,163.956
91101,CA,3.9e-05,0,-2000,160.284
91103,CA,5.15e-05,0,-2000,125.70570570570571
91104,CA,5.25e-05,0,-2000,170.09409409409412
91105,CA,0.000138,0,-2000,458.77877877877876
91106,CA,4.15e-05,0,-2000,81.62937062937063
91107,CA,8.3e-05,0,-2000,246.73999999999998
91108,CA,0.0001785,0,-2000,841.3860000000001
91201,CA,3e-05,0,-2000,151.912
91202,CA,4.95e-05,0,-2000,167.39620758483034
91203,CA,3.4e-05,0,-2000,74.95508982035928
91204,CA,3.3e-05,0,-2000,113.64271457085829
91205,CA,2.45e-05,0,-2000,91.542
91206,CA,4e-05,0,-2000,143.66366366366367
91207,CA,6.3e-05,0,-2000,97.014
91208,CA,6.55e-05,0,-2000,141.84
91214,CA,0.000115,0,-2000,333.06293706293707
91301,CA,0.0001305,0,-2000,192.218
91302,CA,0.0002485,0,-2000,194.30569430569432
91303,CA,3.6e-05,0,-2000,171.10821643286573
91304,CA,3.05e-05,0,-2000,126.5878243512974
91306,CA,3.55e-05,0,-2000,169.3866133866134
91307,CA,9.1e-05,0,-2000,64.28028028028028
91311,CA,6.65e-05,0,-2000,330.9540918163672
91316,CA,2.9e-05,0,-2000,247.20000000000002
91320,CA,8.35e-05,0,-2000,125.53153153153153
91321,CA,6.9e-05,0,-2000,75.68768768768768
91324,CA,4.8e-05,0,-2000,165.59819639278555
91325,CA,2.7e-05,0,-2000,338.5564435564436
91326,CA,0.0001695,0,-2000,451.1976047904192
91331,CA,5.1e-05,0,-2000,163.2174348697395
91335,CA,3.05e-05,0,-2000,287.3846153846154
91340,CA,4.8e-05,0,-2000,122.05694305694307
91342,CA,6.15e-05,0,-2000,370.7412587412588
91343,CA,3.4e-05,0,-2000,361.0929070929071
91344,CA,6.15e-05,0,-2000,279.471
91345,CA,5.8e-05,0,-2000,99.55
91350,CA,0.0003155,0,-2000,993.6083916083916
91351,CA,0.0001325,0,-2000,498.63563563563565
91352,CA,3.6e-05,0,-2000,220.29000000000002
91354,CA,0.00042,0,-2000,1121.1831831831832
91355,CA,0.0001485,0,-2000,154.052
91356,CA,4.25e-05,0,-2000,116.2822822822823
91360,CA,3.6e-05,0,-2000,138.908
91361,CA,6.85e-05,0,-2000,150.1741741741742
91362,CA,6.65e-05,0,-2000,122.0879120879121
91364,CA,6.75e-05,0,-2000,43.212
91367,CA,4.9e-05,0,-2000,230.25974025974028
91377,CA,9.55e-05,0,-2000,36.962999999999994
91381,CA,0.0004775,1,5000,755.082
91384,CA,1.6e-05,2,8000,24.67932067932068
91387,CA,0.0002035,0,-2000,401.4445554445554
91390,CA,0.0004,1,5000,353.276
91401,CA,2.7e-05,0,-2000,143.28671328671328
91402,CA,2.45e-05,0,-2000,197.036
91403,CA,4.75e-05,0,-2000,154.25796812749002
91405,CA,2.55e-05,0,-2000,137.24099999999999
91406,CA,3.4e-05,0,-2000,178.86272545090182
91411,CA,3.9e-05,0,-2000,72.9438877755511
91423,CA,4.95e-05,0,-2000,279.0250501002004
91436,CA,0.0001045,0,-2000,264.252
91501,CA,4.85e-05,0,-2000,62.05594405594406
91502,CA,3.05e-05,0,-2000,68.75999999999999
91504,CA,7.75e-05,0,-2000,147.28471528471528
91505,CA,7.75e-05,0,-2000,244.67132867132867
91506,CA,7.7e-05,0,-2000,336.3942115768463
91601,CA,4.45e-05,0,-2000,231.75975975975976
91602,CA,5e-05,0,-2000,93.372
91604,CA,7.1e-05,0,-2000,161.91791791791792
91605,CA,3e-05,0,-2000,186.219
91606,CA,3.3e-05,0,-2000,204.102
91607,CA,3.6e-05,0,-2000,135.6986986986987
91701,CA,8.8e-05,0,-2000,204.15269461077844
91702,CA,4.5e-05,0,-2000,112.22577422577423
91706,CA,3.85e-05,0,-2000,108.11576846307385
91708,CA,0.000109,1,5000,92.55555555555556
91709,CA,9.25e-05,0,-2000,498.95209580838326
91710,CA,6.35e-05,0,-2000,530.9619238476954
91711,CA,5.15e-05,0,-2000,211.91482965931863
91722,CA,5.5e-05,0,-2000,128.115
91723,CA,4.15e-05,0,-2000,55.952
91724,CA,4.7e-05,0,-2000,137.617
91730,CA,6.9e-05,0,-2000,377.79720279720283
91731,CA,1.95e-05,0,-2000,32.18236472945892
91732,CA,2.45e-05,0,-2000,147.18555667001002
91733,CA,2.45e-05,0,-2000,27.501
91737,CA,8.3e-05,0,-2000,148.26000000000002
91739,CA,0.000164,0,-2000,166.03900000000002
91740,CA,5.2e-05,0,-2000,102.6
91741,CA,7.8e-05,0,-2000,44.92023928215354
91744,CA,4.15e-05,0,-2000,117.537
91745,CA,4.45e-05,0,-2000,451.825
91746,CA,4.2e-05,0,-2000,73.03393213572855
91748,CA,3.15e-05,0,-2000,267.5904095904096
91750,CA,5.5e-05,0,-2000,169.08408408408408
91752,CA,7.8e-05,0,-2000,0.0
91754,CA,3.8e-05,0,-2000,224.50351053159477
91755,CA,3e-05,0,-2000,66.76052104208418
91761,CA,6.1e-05,0,-2000,242.07792207792207
91762,CA,4.3e-05,0,-2000,273.1468531468532
91763,CA,4.4e-05,0,-2000,123.0688622754491
91764,CA,4.9e-05,0,-2000,155.501002004008
91765,CA,5.75e-05,0,-2000,614.1501501501501
91766,CA,3.55e-05,0,-2000,199.15
91767,CA,4.35e-05,0,-2000,113.93799999999999
91768,CA,3.2e-05,0,-2000,73.216
91770,CA,3e-05,0,-2000,216.495
91773,CA,5.45e-05,0,-2000,333.5604395604396
91775,CA,6.2e-05,0,-2000,38.856
91776,CA,3.4e-05,0,-2000,63.38338338338338
91780,CA,4.85e-05,0,-2000,291.62
91784,CA,0.0001635,0,-2000,292.9230769230769
91786,CA,5.45e-05,0,-2000,145.8
91789,CA,7.35e-05,0,-2000,463.7061183550652
91790,CA,5.5e-05,0,-2000,133.52247752247752
91791,CA,4.45e-05,0,-2000,214.1161161161161
91792,CA,6.35e-05,0,-2000,325.134
91801,CA,4e-05,0,-2000,144.20420420420422
91803,CA,3.6e-05,0,-2000,86.64064064064064
91902,CA,1.65e-05,0,-2000,535.5748502994012
91910,CA,2.3e-05,0,-2000,1193.5700000000002
91911,CA,2.75e-05,0,-2000,797.472
91913,CA,4.75e-05,0,-2000,920.3636363636364
91914,CA,7.25e-05,0,-2000,537.7777777777777
91915,CA,8.05e-05,0,-2000,637.0978043912176
91932,CA,2.25e-05,0,-2000,245.962
91935,CA,5.5e-06,0,-2000,52.595
91941,CA,1.75e-05,0,-2000,1061.6623376623377
91942,CA,2.6e-05,0,-2000,742.7307307307308
91945,CA,3.7e-05,0,-2000,309.3986013986014
91950,CA,2.3e-05,0,-2000,429.94011976047904
91977,CA,3.1e-05,0,-2000,675.3753753753754
91978,CA,4.65e-05,0,-2000,149.5924075924076
92003,CA,2.95e-05,0,-2000,193.26926926926927
92007,CA,3.35e-05,0,-2000,492.92307692307696
92008,CA,1.2e-05,0,-2000,827.19
92009,CA,4.1e-05,0,-2000,2154.265
92010,CA,2.5e-05,0,-2000,524.697
92011,CA,3.2e-05,0,-2000,991.090909090909
92014,CA,0.0001215,0,-2000,1286.49
92019,CA,1.2e-05,0,-2000,852.8373253493014
92020,CA,1.25e-05,0,-2000,840.0
92021,CA,1.4e-05,0,-2000,616.187374749499
92024,CA,2.15e-05,0,-2000,2386.7572427572427
92025,CA,1.2e-05,0,-2000,1066.1556886227545
92026,CA,1.75e-05,0,-2000,1090.193806193806
92027,CA,1.7e-05,0,-2000,1098.7836490528414
92028,CA,1.95e-05,0,-2000,738.84
92029,CA,2.25e-05,0,-2000,925.1736526946107
92037,CA,2.45e-05,0,-2000,1769.4610778443111
92040,CA,1.1e-05,0,-2000,759.8258258258257
92054,CA,9.5e-06,0,-2000,507.4524524524524
92056,CA,2.55e-05,0,-2000,1005.4694694694695
92057,CA,2.45e-05,0,-2000,1185.904
92058,CA,1.6e-05,0,-2000,293.601
92059,CA,1.65e-05,1,5000,34.923230309072785
92064,CA,2.75e-05,0,-2000,1967.6560000000002
92067,CA,0.0003855,0,-2000,1150.0639360639361
92069,CA,2.1e-05,0,-2000,944.125
92071,CA,1.75e-05,0,-2000,1132.422
92075,CA,2.1e-05,0,-2000,612.614
92078,CA,3.4e-05,0,-2000,1566.3536463536464
92081,CA,3.85e-05,0,-2000,617.55
92082,CA,2.1e-05,0,-2000,78.01501501501501
92083,CA,2.4e-05,0,-2000,380.736
92084,CA,2e-05,0,-2000,994.763
92091,CA,1.85e-05,0,-2000,272.80160320641284
92101,CA,2.65e-05,0,-2000,260.8166332665331
92102,CA,3e-05,0,-2000,362.96299999999997
92103,CA,2e-05,0,-2000,677.834
92104,CA,3.45e-05,0,-2000,592.832
92105,CA,2.6e-05,0,-2000,473.8338338338338
92106,CA,1.9e-05,0,-2000,1057.6666666666667
92107,CA,1.85e-05,0,-2000,854.04
92108,CA,2.8e-05,0,-2000,104.45290581162324
92109,CA,2e-05,0,-2000,1025.352
92110,CA,2.1e-05,0,-2000,579.1668331668332
92111,CA,2.1e-05,0,-2000,823.4294294294293
92113,CA,2.45e-05,0,-2000,359.7144288577154
92114,CA,5.1e-05,0,-2000,860.6519999999999
92115,CA,2.25e-05,0,-2000,700.8188188188188
92116,CA,3.4e-05,0,-2000,557.9540459540459
92117,CA,1.85e-05,0,-2000,1356.3076923076924
92118,CA,4.15e-05,0,-2000,744.2637362637363
92119,CA,1.6e-05,0,-2000,645.564
92120,CA,2.05e-05,0,-2000,1029.9950000000001
92121,CA,5.65e-05,0,-2000,403.938123752495
92122,CA,1.15e-05,0,-2000,765.184
92123,CA,3.8e-05,0,-2000,704.9
92124,CA,2.2e-05,0,-2000,621.4078156312625
92126,CA,4.9e-05,0,-2000,1712.964035964036
92127,CA,7.45e-05,0,-2000,2018.863
92128,CA,4.9e-05,0,-2000,1464.060120240481
92129,CA,4.15e-05,0,-2000,2092.923076923077
92130,CA,0.0001395,0,-2000,2558.2000000000003
92131,CA,3.2e-05,0,-2000,1741.168
92139,CA,4.45e-05,0,-2000,340.41841841841847
92154,CA,4.4e-05,0,-2000,898.2027972027972
92173,CA,2e-06,0,-2000,9.805389221556885
92201,CA,0.00024,0,-2000,584.331
92203,CA,0.0003925,0,-2000,805.896
92210,CA,0.0003955,1,5000,1774.0540540540542
92211,CA,0.000231,0,-2000,1065.1918081918081
92220,CA,4.05e-05,0,-2000,184.144
92223,CA,0.000115,0,-2000,203.4
92231,CA,5e-07,2,8000,0.8711288711288712
92234,CA,2.4e-05,0,-2000,428.54545454545456
92236,CA,0.0002495,1,5000,184.23023023023023
92240,CA,8e-05,0,-2000,258.095
92241,CA,5.5e-06,2,8000,7.395791583166332
92243,CA,0.000255,0,-2000,528.5634365634365
92249,CA,4.5e-06,2,8000,7.857
92251,CA,0.0007185,0,-2000,3626.7412587412587
92253,CA,0.000382,0,-2000,1664.9599198396795
92260,CA,0.0001445,0,-2000,121.66866267465069
92262,CA,2.05e-05,0,-2000,233.54354354354356
92264,CA,9.65e-05,0,-2000,250.24324324324326
92270,CA,0.000162,0,-2000,408.1118881118881
92274,CA,0.0001375,0,-2000,672.039
92276,CA,5.95e-05,1,5000,72.314
92277,CA,9.6e-05,0,-2000,250.952
92283,CA,0.00011,1,5000,291.284
92301,CA,0.000262,1,5000,216.59259259259258
92307,CA,6e-05,0,-2000,146.25974025974028
92308,CA,7.95e-05,0,-2000,205.28542914171655
92311,CA,0.000145,0,-2000,417.65765765765764
92313,CA,3.75e-05,0,-2000,123.19038076152304
92314,CA,7.8e-05,0,-2000,181.66666666666666
92315,CA,7.75e-05,1,5000,99.3956043956044
92316,CA,4e-05,0,-2000,92.41323971915747
92320,CA,2.8e-05,0,-2000,48.231536926147704
92321,CA,3.1e-05,0,-2000,55.86000000000001
92324,CA,4.9e-05,0,-2000,336.961961961962
92325,CA,5.6e-05,1,5000,25.28813559322034
92333,CA,0.000298,1,5000,665.912
92335,CA,3.95e-05,0,-2000,214.08283433133732
92336,CA,0.0001075,0,-2000,258.69839679358716
92337,CA,9.25e-05,0,-2000,101.41858141858143
92342,CA,0.0004535,1,5000,1824.8278278278278
92344,CA,0.000236,1,5000,317.988
92345,CA,8.15e-05,0,-2000,445.96799999999996
92346,CA,4.6e-05,0,-2000,168.0
92352,CA,0.000118,1,5000,140.8
92354,CA,3.55e-05,0,-2000,107.33200398803588
92358,CA,6.5e-06,2,8000,11.7625250501002
92359,CA,5.6e-05,0,-2000,103.18081918081917
92363,CA,3.95e-05,2,8000,84.95604395604396
92373,CA,3.4e-05,0,-2000,235.76047904191617
92374,CA,4.55e-05,0,-2000,175.47452547452548
92376,CA,4.65e-05,0,-2000,364.7777777777778
92377,CA,0.000116,0,-2000,451.2815631262525
92378,CA,5.35e-05,2,8000,95.444
92386,CA,4.2e-05,1,5000,151.704
92391,CA,5e-05,2,8000,83.3
92392,CA,0.000208,0,-2000,710.056
92394,CA,0.00022,0,-2000,532.4924924924925
92395,CA,9.7e-05,0,-2000,286.0750750750751
92399,CA,5e-05,0,-2000,354.103
92401,CA,6.8e-05,1,5000,375.73126873126876
92404,CA,3.7e-05,0,-2000,167.843
92405,CA,4.05e-05,0,-2000,163.63636363636365
92407,CA,5.9e-05,0,-2000,291.05105105105105
92408,CA,4e-05,0,-2000,90.091
92410,CA,3.95e-05,0,-2000,163.74599999999998
92411,CA,3.65e-05,0,-2000,64.98698698698699
92501,CA,5.15e-05,0,-2000,61.01803607214429
92503,CA,6.05e-05,0,-2000,178.11788211788212
92504,CA,6.65e-05,0,-2000,181.428
92505,CA,5.25e-05,0,-2000,79.401
92506,CA,0.0001055,0,-2000,45.204
92507,CA,4.25e-05,0,-2000,159.754
92508,CA,0.000195,0,-2000,1111.5991983967936
92509,CA,5.1e-05,0,-2000,120.31768231768231
92518,CA,7.35e-05,1,5000,46.238
92530,CA,3.55e-05,0,-2000,724.62
92532,CA,5.2e-05,0,-2000,43.2962962962963
92543,CA,3.4e-05,0,-2000,194.06206206206207
92544,CA,3e-05,0,-2000,43.22877122877123
92545,CA,4e-05,0,-2000,155.2152152152152
92548,CA,3.2e-05,0,-2000,73.5944055944056
92551,CA,0.000146,0,-2000,295.65269461077844
92553,CA,6.6e-05,0,-2000,278.63663663663664
92555,CA,0.000164,0,-2000,648.7632898696088
92557,CA,9.4e-05,0,-2000,139.65034965034965
92562,CA,5.45e-05,0,-2000,1720.877
92563,CA,6.45e-05,0,-2000,217.22400000000002
92567,CA,5.35e-05,0,-2000,263.4485514485514
92570,CA,4.6e-05,0,-2000,334.52
92571,CA,9.15e-05,0,-2000,93.5034965034965
92582,CA,8.15e-05,0,-2000,311.4724724724725
92583,CA,4.1e-05,0,-2000,151.46453546453546
92584,CA,7.45e-05,0,-2000,96.13213213213213
92585,CA,7.1e-05,0,-2000,97.786
92586,CA,3.8e-05,0,-2000,29.233532934131738
92587,CA,2.9e-05,0,-2000,115.35135135135135
92590,CA,4.7e-05,0,-2000,85.16916916916918
92591,CA,5e-05,0,-2000,92.22777222777223
92592,CA,7e-05,0,-2000,2945.1097804391216
92595,CA,4.1e-05,0,-2000,67.02
92596,CA,7.55e-05,0,-2000,56.45454545454545
92602,CA,5.35e-05,0,-2000,89.641
92603,CA,0.0001585,0,-2000,886.1427145708583
92604,CA,4e-05,0,-2000,22.767
92606,CA,6.75e-05,0,-2000,60.632
92610,CA,0.0001145,0,-2000,318.44
92612,CA,2.55e-05,0,-2000,70.688
92614,CA,5.95e-05,0,-2000,82.88
92617,CA,1.25e-05,0,-2000,45.37737737737738
92618,CA,3.4e-05,0,-2000,126.78642714570857
92620,CA,4.9e-05,0,-2000,0.0
92624,CA,2.65e-05,0,-2000,319.02897102897106
92625,CA,0.000111,0,-2000,5.373626373626373
92626,CA,2.1e-05,0,-2000,105.66
92627,CA,2.85e-05,0,-2000,0.0
92629,CA,2.7e-05,0,-2000,814.3783783783783
92630,CA,2.7e-05,0,-2000,1700.8283433133734
92637,CA,8.5e-06,0,-2000,134.52100000000002
92646,CA,2.75e-05,0,-2000,73.61761761761761
92647,CA,2.55e-05,0,-2000,14.116883116883116
92648,CA,3.3e-05,0,-2000,37.67664670658683
92649,CA,3.35e-05,0,-2000,21.362000000000002
92651,CA,5.1e-05,0,-2000,1648.512
92653,CA,1.6e-05,0,-2000,929.8597194388778
92655,CA,1.25e-05,0,-2000,27.07792207792208
92656,CA,5e-05,0,-2000,1111.4131736526945
92657,CA,0.0002015,0,-2000,606.5694305694306
92660,CA,6.25e-05,0,-2000,134.043
92661,CA,0.000275,1,5000,766.5425425425425
92662,CA,0.0001175,1,5000,531.374
92663,CA,4.35e-05,0,-2000,67.04
92672,CA,2.25e-05,0,-2000,1232.5290581162326
92673,CA,5.25e-05,0,-2000,1667.4001996007983
92675,CA,2.4e-05,0,-2000,1057.906093906094
92676,CA,5e-06,0,-2000,9.51048951048951
92677,CA,3.9e-05,0,-2000,2161.4414414414414
92679,CA,0.000109,0,-2000,1584.2355289421157
92683,CA,1.55e-05,0,-2000,259.9159159159159
92688,CA,4.95e-05,0,-2000,1231.8918918918919
92691,CA,2.55e-05,0,-2000,1524.768
92692,CA,3.75e-05,0,-2000,1856.1833667334668
92694,CA,3.9e-05,0,-2000,1128.8657314629259
92701,CA,1.55e-05,0,-2000,46.94294294294294
92703,CA,2.3e-05,0,-2000,134.628
92704,CA,2.65e-05,0,-2000,72.61261261261261
92705,CA,2.4e-05,0,-2000,102.952
92706,CA,1.95e-05,0,-2000,79.35600000000001
92707,CA,3.2e-05,0,-2000,30.228
92708,CA,2.5e-05,0,-2000,144.30569430569432
92780,CA,2e-05,0,-2000,77.32867132867133
92782,CA,6.35e-05,0,-2000,5.426426426426427
92801,CA,1.95e-05,0,-2000,79.03296703296704
92802,CA,1.8e-05,0,-2000,6.969
92804,CA,1.8e-05,0,-2000,192.79859719438878
92805,CA,2e-05,0,-2000,58.65
92806,CA,2.25e-05,0,-2000,54.85085085085085
92807,CA,4.25e-05,0,-2000,0.0
92808,CA,6e-05,0,-2000,16.257
92821,CA,3.65e-05,0,-2000,111.93193193193193
92823,CA,0.0001125,1,5000,153.28199999999998
92831,CA,1.6e-05,0,-2000,139.878
92832,CA,2.2e-05,0,-2000,0.0
92833,CA,3e-05,0,-2000,49.044000000000004
92835,CA,2.6e-05,0,-2000,57.798201798201795
92840,CA,2.4e-05,0,-2000,55.7
92841,CA,1.45e-05,0,-2000,98.35064935064936
92843,CA,2.15e-05,0,-2000,49.77777777777778
92844,CA,1.75e-05,0,-2000,36.927
92845,CA,3.2e-05,0,-2000,10.634
92860,CA,7.05e-05,0,-2000,61.73573573573574
92861,CA,4.25e-05,0,-2000,0.0
92865,CA,2.85e-05,0,-2000,34.27627627627628
92866,CA,1.9e-05,0,-2000,24.826347305389223
92867,CA,2.65e-05,0,-2000,23.842
92868,CA,2.6e-05,0,-2000,0.0
92869,CA,3.25e-05,0,-2000,42.33766233766234
92870,CA,1.9e-05,0,-2000,0.0
92879,CA,5.15e-05,0,-2000,43.356
92880,CA,0.0001255,0,-2000,216.36
92881,CA,7.4e-05,0,-2000,88.35000000000001
92882,CA,5e-05,0,-2000,347.3973973973974
92883,CA,0.0001155,0,-2000,179.874
92886,CA,4.65e-05,0,-2000,0.0
92887,CA,6.25e-05,0,-2000,12.7125748502994
93001,CA,2.1e-05,0,-2000,36.348
93003,CA,2.85e-05,0,-2000,161.7815631262525
93004,CA,5.6e-05,0,-2000,17.178821178821178
93010,CA,3.4e-05,0,-2000,0.0
93012,CA,6.4e-05,0,-2000,11.261738261738262
93013,CA,5.3e-05,0,-2000,5.489
93021,CA,0.000125,0,-2000,21.122877122877124
93022,CA,2.7e-05,0,-2000,19.18081918081918
93023,CA,1.35e-05,0,-2000,15.377377377377377
93030,CA,3.35e-05,0,-2000,104.40718562874251
93033,CA,3e-05,0,-2000,42.92514970059881
93035,CA,3.5e-05,0,-2000,52.192192192192195
93036,CA,4.2e-05,0,-2000,47.85
93041,CA,2.05e-05,0,-2000,15.444
93060,CA,3.5e-05,0,-2000,40.995995995996
93063,CA,4.3e-05,0,-2000,112.791
93065,CA,4.2e-05,0,-2000,21.028
93066,CA,8.95e-05,1,5000,151.19819819819818
93101,CA,2.5e-05,0,-2000,67.56
93103,CA,4.6e-05,0,-2000,93.51700000000001
93105,CA,6.4e-05,0,-2000,535.7037037037037
93108,CA,0.0003605,0,-2000,981.7454909819638
93109,CA,5.45e-05,0,-2000,60.252252252252255
93110,CA,4.6e-05,0,-2000,91.67399999999999
93111,CA,6.1e-05,0,-2000,28.587174348697392
93117,CA,2.4e-05,0,-2000,885.513
93202,CA,1.4e-05,1,5000,24.115884115884118
93215,CA,2.05e-05,0,-2000,141.302
93221,CA,2.15e-05,0,-2000,26.04
93223,CA,1.4e-05,0,-2000,39.99200799200799
93230,CA,2.9e-05,0,-2000,524.1901901901902
93235,CA,1.25e-05,1,5000,11.582417582417582
93245,CA,2.75e-05,1,5000,20.957915831663325
93247,CA,1.2e-05,0,-2000,26.76
93250,CA,1.5e-05,0,-2000,54.194194194194196
93257,CA,1.35e-05,0,-2000,144.55944055944056
93267,CA,1.2e-05,0,-2000,23.939060939060937
93274,CA,1.15e-05,0,-2000,585.2335329341317
93277,CA,1.3e-05,0,-2000,288.456
93291,CA,1.1e-05,0,-2000,491.8667334669339
93292,CA,1.5e-05,0,-2000,317.53406813627254
93301,CA,1.2e-05,0,-2000,142.4835164835165
93304,CA,1.6e-05,0,-2000,442.6096096096096
93305,CA,9.5e-06,0,-2000,405.0849150849151
93306,CA,1.4e-05,0,-2000,533.6320000000001
93307,CA,1.6e-05,0,-2000,226.5075075075075
93308,CA,1.2e-05,0,-2000,311.3773773773774
93309,CA,1.2e-05,0,-2000,460.5814185814186
93311,CA,2.4e-05,0,-2000,774.6246246246246
93312,CA,1.95e-05,0,-2000,698.3353293413173
93313,CA,3.65e-05,0,-2000,369.37724550898207
93314,CA,1.7e-05,0,-2000,374.92785571142286
93401,CA,5.8e-05,0,-2000,702.7572427572428
93405,CA,1.85e-05,0,-2000,618.4495504495504
93420,CA,3.9e-05,0,-2000,551.8048048048048
93422,CA,4.9e-05,0,-2000,227.1048951048951
93424,CA,4.6e-05,1,5000,223.21678321678323
93433,CA,2.55e-05,0,-2000,176.9870259481038
93444,CA,5e-05,0,-2000,252.65534465534463
93445,CA,2.25e-05,0,-2000,61.150000000000006
93446,CA,6.25e-05,0,-2000,563.3153153153153
93449,CA,4.85e-05,0,-2000,337.8003992015968
93454,CA,4.85e-05,0,-2000,269.7595190380762
93455,CA,7.75e-05,0,-2000,554.7544910179641
93458,CA,4.6e-05,0,-2000,231.0820820820821
93465,CA,0.0001045,0,-2000,282.3592814371258
93534,CA,0.0002005,0,-2000,626.6023976023977
93535,CA,0.000212,0,-2000,497.5075075075075
93536,CA,0.000348,0,-2000,1219.3283283283283
93543,CA,0.000123,1,5000,535.068
93550,CA,0.0001655,0,-2000,361.5584415584416
93551,CA,0.0003425,0,-2000,1399.6499999999999
93552,CA,0.0003165,1,5000,343.5090180360721
93611,CA,9.5e-06,0,-2000,476.97
93612,CA,8e-06,0,-2000,231.37537537537537
93616,CA,1.1e-05,0,-2000,20.823176823176826
93618,CA,1.5e-05,0,-2000,243.25174825174827
93619,CA,1.45e-05,0,-2000,279.98001998002
93625,CA,1.15e-05,0,-2000,101.49
93631,CA,1.85e-05,0,-2000,182.8051948051948
93635,CA,1.85e-05,0,-2000,267.592
93636,CA,2.65e-05,0,-2000,64.48
93637,CA,2.25e-05,0,-2000,302.963
93638,CA,1.55e-05,0,-2000,131.5915915915916
93646,CA,5e-07,2,8000,0.9660678642714571
93648,CA,1.2e-05,0,-2000,107.304
93650,CA,1e-05,0,-2000,30.45
93654,CA,1.35e-05,0,-2000,170.95404595404597
93657,CA,1.65e-05,0,-2000,196.003996003996
93662,CA,1.4e-05,0,-2000,141.4825174825175
93673,CA,7.5e-06,2,8000,14.775449101796408
93701,CA,7.5e-06,0,-2000,91.68
93702,CA,7.5e-06,0,-2000,276.3376623376624
93703,CA,9e-06,0,-2000,301.70000000000005
93704,CA,9.5e-06,0,-2000,268.85900000000004
93705,CA,9e-06,0,-2000,300.74874874874877
93706,CA,1.15e-05,0,-2000,623.0470941883767
93710,CA,4e-06,0,-2000,289.11488511488517
93711,CA,7.5e-06,0,-2000,464.11199999999997
93720,CA,1.1e-05,0,-2000,456.351
93721,CA,9e-06,0,-2000,37.503
93722,CA,1.5e-05,0,-2000,534.9280719280719
93723,CA,2.1e-05,0,-2000,62.8622754491018
93725,CA,1.8e-05,0,-2000,160.57042957042955
93726,CA,8e-06,0,-2000,390.117
93727,CA,8e-06,0,-2000,666.5400000000001
93728,CA,1.1e-05,0,-2000,268.38038038038036
93730,CA,7e-06,0,-2000,189.6976976976977
93737,CA,2.1e-05,1,5000,11.99
93901,CA,2.05e-05,0,-2000,256.54745254745256
93905,CA,1.45e-05,0,-2000,105.59118236472946
93906,CA,2.1e-05,0,-2000,359.06493506493507
93907,CA,2.5e-05,0,-2000,112.086
93908,CA,0.0001055,0,-2000,422.7772227772228
93923,CA,1.8e-05,0,-2000,343.09690309690313
93924,CA,7.3e-05,2,8000,129.21
93933,CA,1.75e-05,0,-2000,295.5695695695696
93940,CA,1.45e-05,0,-2000,281.632
93950,CA,1e-05,0,-2000,241.11411411411413
93953,CA,1.95e-05,0,-2000,151.06813627254508
93955,CA,1.3e-05,0,-2000,234.7807807807808
94002,CA,8.25e-05,0,-2000,499.53907815631266
94005,CA,1.2e-05,0,-2000,112.795
94010,CA,5.25e-05,0,-2000,1191.8
94014,CA,1.15e-05,0,-2000,404.036036036036
94015,CA,1.25e-05,0,-2000,655.007992007992
94018,CA,5e-06,2,8000,8.43
94019,CA,2.35e-05,0,-2000,318.56656656656656
94022,CA,0.000144,0,-2000,703.4684684684685
94024,CA,9.65e-05,0,-2000,989.9999999999999
94025,CA,0.000139,0,-2000,741.8800000000001
94027,CA,0.0001505,0,-2000,350.8141858141858
94028,CA,8e-05,0,-2000,226.94694694694695
94030,CA,3.55e-05,0,-2000,362.34365634365633
94037,CA,4.45e-05,0,-2000,141.198
94038,CA,8.5e-06,0,-2000,69.0
94040,CA,4.15e-05,0,-2000,381.042957042957
94041,CA,7.05e-05,0,-2000,253.66633366633366
94043,CA,0.0001115,0,-2000,574.3343343343344
94044,CA,2.2e-05,0,-2000,628.894
94061,CA,3.2e-05,0,-2000,391.2967032967033
94062,CA,0.0001275,0,-2000,809.562
94063,CA,3.35e-05,0,-2000,179.7005988023952
94065,CA,0.0002035,0,-2000,723.1098901098901
94066,CA,1.65e-05,0,-2000,554.2942942942943
94070,CA,0.000179,0,-2000,778.5971943887776
94080,CA,1.9e-05,0,-2000,858.5593220338983
94085,CA,9.5e-05,0,-2000,343.376
94086,CA,9.15e-05,0,-2000,708.937875751503
94087,CA,8.85e-05,0,-2000,1443.52
94089,CA,9.45e-05,0,-2000,263.1111111111111
94102,CA,3.5e-06,0,-2000,15.12625250501002
94103,CA,1.35e-05,0,-2000,11.801801801801801
94104,CA,1.5e-06,1,5000,2.1322645290581166
94105,CA,0.000117,2,8000,96.17399999999999
94107,CA,7e-05,0,-2000,369.7902097902098
94108,CA,3e-06,0,-2000,8.675324675324676
94109,CA,1.05e-05,0,-2000,22.062937062937063
94110,CA,3.6e-05,0,-2000,55.08508508508508
94111,CA,3.3e-05,1,5000,75.262
94112,CA,1.3e-05,0,-2000,496.48797595190376
94114,CA,5.05e-05,0,-2000,0.0
94115,CA,3.25e-05,0,-2000,10.584168336673347
94116,CA,2.15e-05,0,-2000,0.0
94117,CA,6.55e-05,0,-2000,0.0
94118,CA,3.05e-05,0,-2000,0.0
94121,CA,1.8e-05,0,-2000,8.345
94122,CA,2.25e-05,0,-2000,0.0
94123,CA,0.0001185,0,-2000,488.823
94124,CA,1.95e-05,0,-2000,223.84
94127,CA,4.85e-05,0,-2000,25.02
94129,CA,0.000139,2,8000,217.1868131868132
94130,CA,2.6e-05,1,5000,65.92907092907093
94131,CA,5.7e-05,0,-2000,0.0
94132,CA,8e-06,0,-2000,67.886
94133,CA,6e-06,0,-2000,40.41541541541542
94134,CA,1.35e-05,0,-2000,411.15115115115117
94158,CA,5.15e-05,2,8000,32.857
94301,CA,0.000204,0,-2000,416.7117117117117
94303,CA,5.5e-05,0,-2000,821.865
94304,CA,5.3e-05,0,-2000,149.45945945945945
94305,CA,6.5e-06,0,-2000,123.11399999999999
94306,CA,0.000133,0,-2000,680.8808808808809
94401,CA,3e-05,0,-2000,282.808
94402,CA,6.3e-05,0,-2000,396.64835164835165
94403,CA,7.75e-05,0,-2000,809.1916167664671
94404,CA,0.000106,0,-2000,661.6483516483516
94501,CA,3.65e-05,0,-2000,778.3887775551102
94502,CA,0.0002835,0,-2000,1029.5404595404596
94503,CA,2.8e-05,0,-2000,325.46553446553446
94505,CA,6.75e-05,0,-2000,324.12787212787214
94506,CA,0.0001325,0,-2000,652.548
94507,CA,4.45e-05,0,-2000,641.04
94508,CA,2.3e-05,1,5000,31.163163163163166
94509,CA,1.85e-05,0,-2000,553.960960960961
94510,CA,2.25e-05,0,-2000,418.20359281437123
94513,CA,3.75e-05,0,-2000,998.0870870870871
94514,CA,4e-06,2,8000,7.744
94515,CA,1.1e-05,0,-2000,86.02594810379242
94517,CA,2.1e-05,0,-2000,284.752
94518,CA,1.4e-05,0,-2000,365.98403193612774
94519,CA,2.4e-05,0,-2000,204.40200000000002
94520,CA,1.45e-05,0,-2000,250.9178356713427
94521,CA,2e-05,0,-2000,492.0679320679321
94523,CA,2.2e-05,0,-2000,611.1251251251251
94525,CA,1.85e-05,0,-2000,51.38476953907816
94526,CA,2.2e-05,0,-2000,1038.7562437562437
94530,CA,2.9e-05,0,-2000,556.9458917835672
94531,CA,6.2e-05,0,-2000,367.1843687374749
94533,CA,2e-05,0,-2000,621.024
94534,CA,3.6e-05,0,-2000,682.2092092092092
94535,CA,2.65e-05,1,5000,20.874251497005986
94536,CA,7e-05,0,-2000,697.1342685370741
94538,CA,7.7e-05,0,-2000,795.2847152847153
94539,CA,0.0002515,0,-2000,1507.4285714285716
94541,CA,3.45e-05,0,-2000,462.56
94542,CA,4.8e-05,0,-2000,203.98600000000002
94544,CA,4e-05,0,-2000,338.8748748748749
94545,CA,4.3e-05,0,-2000,328.852
94546,CA,3.15e-05,0,-2000,721.504
94547,CA,6.05e-05,0,-2000,421.278
94549,CA,7e-05,0,-2000,819.0781563126252
94550,CA,2.8e-05,0,-2000,1171.4954954954956
94551,CA,1.8e-05,0,-2000,550.6813186813187
94552,CA,0.0001525,0,-2000,436.73526473526476
94553,CA,2.05e-05,0,-2000,674.5594405594405
94555,CA,0.00025,0,-2000,656.4
94556,CA,0.000102,0,-2000,391.7177177177177
94558,CA,1.3e-05,0,-2000,775.5939999999999
94559,CA,1.2e-05,0,-2000,197.662
94560,CA,9.75e-05,0,-2000,876.1961961961962
94561,CA,3.3e-05,0,-2000,419.79
94563,CA,0.0001055,0,-2000,419.24750499001993
94564,CA,2.95e-05,0,-2000,188.47647647647648
94565,CA,2.75e-05,0,-2000,865.097
94566,CA,2.7e-05,0,-2000,881.475
94568,CA,9.45e-05,0,-2000,859.2997002997004
94572,CA,2.2e-05,0,-2000,120.23676323676324
94574,CA,2e-05,0,-2000,142.598
94576,CA,2.1e-05,2,8000,39.144000000000005
94577,CA,5e-05,0,-2000,537.1976047904192
94578,CA,3.55e-05,0,-2000,326.04604604604606
94579,CA,2.35e-05,0,-2000,223.51648351648353
94580,CA,2.9e-05,0,-2000,388.36673346693385
94582,CA,8.05e-05,0,-2000,1175.4254254254254
94583,CA,3.05e-05,0,-2000,680.2040000000001
94585,CA,4.45e-05,0,-2000,259.7372627372627
94587,CA,7.35e-05,0,-2000,1126.096096096096
94588,CA,3.85e-05,0,-2000,582.7094188376753
94589,CA,2.35e-05,0,-2000,233.62162162162164
94590,CA,1.95e-05,0,-2000,300.6006006006006
94591,CA,2.95e-05,0,-2000,853.6536536536537
94592,CA,8.9e-05,1,5000,64.35000000000001
94595,CA,9e-06,0,-2000,170.64
94596,CA,1.8e-05,0,-2000,203.62275449101796
94597,CA,2.65e-05,0,-2000,324.8922155688623
94598,CA,2.6e-05,0,-2000,774.1588411588411
94599,CA,8.5e-06,0,-2000,39.22477522477522
94601,CA,1.7e-05,0,-2000,394.998
94602,CA,3.9e-05,0,-2000,438.31
94603,CA,3.1e-05,0,-2000,106.3943943943944
94605,CA,6.4e-05,0,-2000,704.106
94606,CA,1.9e-05,0,-2000,206.28256513026054
94607,CA,3.05e-05,0,-2000,176.39520958083833
94608,CA,5.9e-05,0,-2000,353.08091908091905
94609,CA,3.7e-05,0,-2000,275.408
94610,CA,3.2e-05,0,-2000,405.15731462925856
94611,CA,3.65e-05,0,-2000,689.6486486486486
94612,CA,1.95e-05,0,-2000,68.18018018018017
94618,CA,0.000104,0,-2000,498.998998998999
94619,CA,4.55e-05,0,-2000,308.574
94621,CA,2.75e-05,0,-2000,273.91191191191194
94702,CA,2.3e-05,0,-2000,220.018
94703,CA,1.75e-05,0,-2000,282.71999999999997
94704,CA,4e-06,0,-2000,139.84815184815187
94705,CA,2.3e-05,0,-2000,280.6516516516516
94706,CA,3.1e-05,0,-2000,276.9
94707,CA,5.65e-05,0,-2000,382.967967967968
94708,CA,0.000105,0,-2000,313.81399999999996
94709,CA,7.5e-06,0,-2000,115.55089820359282
94710,CA,3.35e-05,0,-2000,130.2
94720,CA,1e-05,0,-2000,24.032967032967033
94801,CA,1.9e-05,0,-2000,244.23076923076925
94803,CA,2.9e-05,0,-2000,315.7012987012987
94804,CA,2.9e-05,0,-2000,473.0859140859141
94805,CA,2.9e-05,0,-2000,136.95409181636728
94806,CA,2.55e-05,0,-2000,366.1
94901,CA,1.05e-05,0,-2000,564.3
94903,CA,1.15e-05,0,-2000,539.8198198198198
94904,CA,1.2e-05,0,-2000,243.48648648648648
94920,CA,5.1e-05,0,-2000,411.12625250501003
94925,CA,9.2e-05,0,-2000,137.4714714714715
94928,CA,1.15e-05,0,-2000,304.64071856287427
94930,CA,8.5e-06,0,-2000,132.47494989979958
94931,CA,1.1e-05,0,-2000,90.28713858424726
94939,CA,2e-05,0,-2000,114.30139720558881
94941,CA,4.35e-05,0,-2000,386.496
94945,CA,9.5e-06,0,-2000,259.8681318681319
94947,CA,9e-06,0,-2000,446.4028056112224
94949,CA,1.25e-05,0,-2000,223.557
94951,CA,1.3e-05,0,-2000,139.75624375624375
94952,CA,1.5e-05,0,-2000,241.621
94954,CA,1.5e-05,0,-2000,335.637
94957,CA,9.35e-05,0,-2000,185.34965034965037
94960,CA,2.15e-05,0,-2000,340.024
94965,CA,1.85e-05,0,-2000,146.45991983967937
95002,CA,2.8e-05,0,-2000,73.128
95003,CA,2.7e-05,0,-2000,387.65099999999995
95004,CA,1e-05,2,8000,17.62
95005,CA,9e-06,0,-2000,22.7374749498998
95006,CA,2.85e-05,0,-2000,60.690690690690694
95007,CA,5e-07,2,8000,0.877
95008,CA,3.85e-05,0,-2000,935.2972972972973
95010,CA,1.1e-05,0,-2000,81.1623246492986
95012,CA,9.5e-06,0,-2000,31.869130869130867
95014,CA,0.000206,0,-2000,1852.3196803196802
95018,CA,1.3e-05,0,-2000,42.22422422422423
95019,CA,1e-05,0,-2000,22.28228228228228
95020,CA,8e-05,0,-2000,585.045
95023,CA,5.75e-05,0,-2000,584.962
95030,CA,0.0001775,0,-2000,543.6447105788423
95032,CA,5.8e-05,0,-2000,632.8681318681319
95033,CA,2.2e-05,2,8000,38.054054054054056
95035,CA,8.2e-05,0,-2000,1153.7285429141718
95037,CA,3.9e-05,2,8000,69.72372372372372
95039,CA,6e-06,1,5000,3.203203203203203
95043,CA,1.5e-05,2,8000,28.233532934131738
95045,CA,1e-06,2,8000,1.872127872127872
95050,CA,4.4e-05,0,-2000,566.7532467532467
95051,CA,0.000112,0,-2000,923.9200799200798
95054,CA,0.0002425,0,-2000,453.1763527054108
95060,CA,1.15e-05,0,-2000,632.5275275275276
95062,CA,1.3e-05,0,-2000,699.731
95064,CA,1.2e-05,0,-2000,52.681000000000004
95065,CA,2.6e-05,0,-2000,87.6996996996997
95066,CA,2.5e-05,0,-2000,164.63663663663664
95070,CA,0.000102,0,-2000,1163.1748251748252
95073,CA,1.45e-05,0,-2000,138.27572427572426
95076,CA,1.35e-05,0,-2000,492.982982982983
95110,CA,5.95e-05,0,-2000,228.41516966067866
95111,CA,1.75e-05,0,-2000,356.25174825174827
95112,CA,2.3e-05,0,-2000,502.1478521478522
95113,CA,6.3e-05,1,5000,165.96800000000002
95116,CA,1.55e-05,0,-2000,313.30730730730727
95117,CA,2.3e-05,0,-2000,249.75124875124874
95118,CA,3.05e-05,0,-2000,642.074074074074
95119,CA,3.2e-05,0,-2000,254.93599999999998
95120,CA,0.000128,0,-2000,1360.194
95121,CA,3.2e-05,0,-2000,472.068
95122,CA,2.1e-05,0,-2000,312.766
95123,CA,2.8e-05,0,-2000,1067.775
95124,CA,6.85e-05,0,-2000,965.5005005005006
95125,CA,3.2e-05,0,-2000,1090.4714142427283
95126,CA,4.3e-05,0,-2000,426.49600000000004
95127,CA,2.5e-05,0,-2000,723.5324675324675
95128,CA,2.95e-05,0,-2000,592.4325674325675
95129,CA,8.95e-05,0,-2000,863.2664670658683
95130,CA,7e-05,0,-2000,337.73199999999997
95131,CA,0.000108,0,-2000,566.9530938123753
95132,CA,4.85e-05,0,-2000,809.109
95133,CA,3.95e-05,0,-2000,358.54545454545456
95134,CA,0.0002055,0,-2000,444.45645645645646
95135,CA,8.25e-05,0,-2000,489.33
95136,CA,3.55e-05,0,-2000,628.3333333333334
95138,CA,8e-05,0,-2000,367.95
95139,CA,8e-05,0,-2000,138.92607392607394
95140,CA,6.75e-05,1,5000,161.82000000000002
95148,CA,5.85e-05,0,-2000,737.62
95202,CA,1.5e-05,0,-2000,74.25025025025025
95203,CA,1.5e-05,0,-2000,134.74425574425575
95204,CA,1.55e-05,0,-2000,213.26479438314945
95205,CA,1.35e-05,0,-2000,206.302
95206,CA,2.5e-05,0,-2000,319.32865731462925
95207,CA,1.55e-05,0,-2000,408.66
95209,CA,2.25e-05,0,-2000,218.772
95210,CA,1.5e-05,0,-2000,259.3286713286713
95212,CA,3.15e-05,0,-2000,238.4734734734735
95215,CA,1.35e-05,0,-2000,215.91591591591592
95219,CA,1.95e-05,0,-2000,310.34665334665334
95220,CA,2.75e-05,0,-2000,77.595
95231,CA,1.95e-05,0,-2000,40.32
95240,CA,1.15e-05,0,-2000,179.46053946053948
95242,CA,1.35e-05,0,-2000,213.25199999999998
95258,CA,1.5e-05,0,-2000,44.97102897102897
95301,CA,1.4e-05,0,-2000,360.01498501498503
95307,CA,1.4e-05,0,-2000,0.0
95316,CA,2.2e-05,0,-2000,77.94
95319,CA,2.5e-06,2,8000,2.1492985971943885
95320,CA,1.3e-05,0,-2000,75.769
95322,CA,1.5e-05,0,-2000,19.906093906093908
95326,CA,2.25e-05,0,-2000,119.46
95328,CA,9.5e-06,0,-2000,38.36000000000001
95330,CA,5.25e-05,0,-2000,121.303
95334,CA,1.2e-05,2,8000,23.63927855711423
95336,CA,1.45e-05,0,-2000,323.25948103792416
95337,CA,1.65e-05,0,-2000,506.68
95340,CA,1.05e-05,0,-2000,544.26
95341,CA,1.25e-05,0,-2000,169.3873873873874
95348,CA,1.45e-05,0,-2000,277.9099099099099
95350,CA,9.5e-06,0,-2000,127.83216783216783
95351,CA,1e-05,0,-2000,200.56743256743258
95354,CA,1.5e-05,0,-2000,59.629629629629626
95355,CA,1.1e-05,0,-2000,52.99300699300699
95356,CA,1.8e-05,0,-2000,438.44
95357,CA,2.65e-05,0,-2000,246.95304695304696
95358,CA,1.4e-05,0,-2000,185.21621621621622
95361,CA,1.6e-05,0,-2000,347.0450450450451
95366,CA,1.75e-05,0,-2000,217.0830830830831
95367,CA,1.75e-05,0,-2000,320.76023976023976
95368,CA,2e-05,0,-2000,133.50749250749251
95380,CA,1.4e-05,0,-2000,406.08991008991006
95382,CA,2.05e-05,0,-2000,68.862
95388,CA,1.1e-05,0,-2000,51.822355289421154
95389,CA,4.5e-06,1,5000,4.433867735470942
95401,CA,8e-06,0,-2000,206.188
95403,CA,1.05e-05,0,-2000,315.36336336336336
95404,CA,8e-06,0,-2000,501.638
95405,CA,1.1e-05,0,-2000,307.7147147147147
95407,CA,1.05e-05,0,-2000,109.69969969969969
95409,CA,7.5e-06,0,-2000,254.13572854291417
95436,CA,6e-06,0,-2000,22.657342657342657
95439,CA,4.25e-05,1,5000,53.873873873873876
95441,CA,1.8e-05,1,5000,69.98598598598599
95442,CA,3.9e-05,0,-2000,81.003
95448,CA,1e-05,0,-2000,369.42342342342346
95452,CA,1.75e-05,0,-2000,37.296
95470,CA,9.5e-06,0,-2000,32.45845845845846
95472,CA,7.5e-06,0,-2000,437.42985971943887
95476,CA,1.05e-05,0,-2000,728.581
95482,CA,8e-06,0,-2000,236.74874874874874
95492,CA,1.65e-05,0,-2000,326.93500000000006
95501,CA,5e-07,0,-2000,125.69200000000001
95503,CA,1e-06,0,-2000,51.912
95519,CA,1e-06,0,-2000,65.33867735470942
95521,CA,5e-07,0,-2000,65.5995995995996
95537,CA,1.5e-06,0,-2000,0.0
95564,CA,5e-07,1,5000,0.6566566566566566
95602,CA,9e-06,0,-2000,133.452
95603,CA,5.5e-06,0,-2000,394.0
95605,CA,1e-05,0,-2000,86.98698698698699
95608,CA,5.5e-06,0,-2000,72.41874376869391
95610,CA,6.5e-06,0,-2000,365.15999999999997
95612,CA,2.2e-05,1,5000,82.3066933066933
95616,CA,2.5e-06,0,-2000,637.2712712712713
95618,CA,5e-06,0,-2000,474.7147147147148
95619,CA,1e-05,0,-2000,22.72
95620,CA,1.35e-05,1,5000,39.19057171514544
95621,CA,6.5e-06,0,-2000,193.56143856143856
95623,CA,1.2e-05,0,-2000,38.844
95624,CA,2.25e-05,0,-2000,61.347
95626,CA,9.5e-06,0,-2000,72.3093093093093
95628,CA,8.5e-06,0,-2000,55.06893106893107
95630,CA,1.5e-05,0,-2000,1254.285857572718
95648,CA,8e-06,0,-2000,369.892
95650,CA,1.35e-05,0,-2000,408.179
95652,CA,9.5e-06,0,-2000,22.8
95655,CA,2.3e-05,0,-2000,19.370259481037923
95658,CA,1.15e-05,0,-2000,110.22022022022023
95660,CA,1.05e-05,0,-2000,46.22754491017964
95661,CA,8e-06,0,-2000,295.774
95662,CA,7.5e-06,0,-2000,267.5988023952096
95663,CA,1.05e-05,0,-2000,66.3963963963964
95664,CA,1.25e-05,2,8000,24.349999999999998
95667,CA,1.05e-05,0,-2000,154.22500000000002
95670,CA,1.15e-05,0,-2000,94.86
95672,CA,1.65e-05,0,-2000,120.78121878121878
95673,CA,1.3e-05,0,-2000,32.785000000000004
95677,CA,8e-06,0,-2000,334.386
95678,CA,1.25e-05,0,-2000,366.34730538922156
95682,CA,8.5e-06,0,-2000,367.38
95683,CA,3.15e-05,2,8000,58.15384615384616
95687,CA,2.25e-05,0,-2000,664.372
95688,CA,1.75e-05,0,-2000,427.45991983967934
95691,CA,1.45e-05,0,-2000,568.6153846153846
95692,CA,5.5e-06,1,5000,22.584
95695,CA,7.5e-06,0,-2000,263.2
95703,CA,9.5e-06,1,5000,4.311311311311312
95713,CA,1.35e-05,0,-2000,43.77577577577578
95722,CA,8.5e-06,0,-2000,23.286713286713287
95742,CA,1.3e-05,0,-2000,167.8797595190381
95746,CA,1.8e-05,0,-2000,702.8631368631369
95747,CA,1.4e-05,0,-2000,717.71
95757,CA,4.55e-05,0,-2000,51.43656343656344
95758,CA,2.25e-05,0,-2000,207.58383233532936
95762,CA,1.15e-05,0,-2000,720.4705294705295
95765,CA,6.5e-06,0,-2000,428.57142857142856
95776,CA,1.75e-05,0,-2000,214.0909090909091
95811,CA,1.6e-05,0,-2000,11.116
95814,CA,5.5e-06,0,-2000,23.82634730538922
95815,CA,1.05e-05,0,-2000,51.496
95816,CA,1.1e-05,0,-2000,11.592
95817,CA,1.05e-05,0,-2000,34.549549549549546
95818,CA,2.1e-05,0,-2000,171.40080160320642
95819,CA,2.55e-05,0,-2000,24.148
95820,CA,1.15e-05,0,-2000,0.0
95821,CA,5.5e-06,0,-2000,75.24
95822,CA,1.45e-05,0,-2000,395.08
95823,CA,1.4e-05,0,-2000,167.08734939759034
95824,CA,9e-06,0,-2000,0.0
95825,CA,9e-06,0,-2000,0.0
95826,CA,1.2e-05,0,-2000,175.05015045135406
95827,CA,1.05e-05,0,-2000,6.491491491491492
95828,CA,1.65e-05,0,-2000,123.55911823647294
95829,CA,1.8e-05,0,-2000,137.012012012012
95830,CA,5.2e-05,1,5000,190.069
95831,CA,1.4e-05,0,-2000,566.8259999999999
95832,CA,1.75e-05,0,-2000,57.41741741741742
95833,CA,1.35e-05,0,-2000,227.1008991008991
95834,CA,3.3e-05,0,-2000,82.63263263263264
95835,CA,3.2e-05,0,-2000,10.862137862137862
95837,CA,3.85e-05,1,5000,130.38423153692614
95838,CA,1.35e-05,0,-2000,80.968
95841,CA,7.5e-06,0,-2000,92.1938061938062
95842,CA,9e-06,0,-2000,113.2435129740519
95843,CA,1.4e-05,0,-2000,276.81318681318686
95864,CA,1.35e-05,0,-2000,52.1981981981982
95901,CA,5e-06,0,-2000,207.6673326673327
95917,CA,1.15e-05,2,8000,27.86786786786787
95926,CA,1.5e-06,0,-2000,278.6613386613387
95928,CA,2.5e-06,0,-2000,291.40280561122245
95938,CA,6.5e-06,1,5000,4.904904904904905
95945,CA,7e-06,0,-2000,152.24175824175825
95949,CA,1.1e-05,0,-2000,51.7982017982018
95953,CA,6.5e-06,1,5000,7.168
95959,CA,5.5e-06,0,-2000,26.703
95961,CA,9e-06,0,-2000,135.033
95965,CA,5.5e-06,0,-2000,210.882
95966,CA,6e-06,0,-2000,312.76723276723277
95968,CA,3.5e-06,0,-2000,15.239760239760239
95973,CA,2.5e-06,0,-2000,214.0909090909091
95982,CA,1.05e-05,0,-2000,24.969
95991,CA,4.5e-06,0,-2000,207.75599999999997
95993,CA,5.5e-06,0,-2000,285.006993006993
96001,CA,5e-06,0,-2000,306.24375624375625
96002,CA,5.5e-06,0,-2000,113.96793587174348
96003,CA,5e-06,0,-2000,509.97795591182364
96007,CA,5e-06,0,-2000,184.67667667667666
96008,CA,8.5e-06,0,-2000,15.345
96019,CA,3.5e-06,0,-2000,70.72055888223554
96022,CA,1e-05,2,8000,18.580000000000002
96062,CA,5.5e-06,1,5000,23.65765765765766
96069,CA,5e-07,2,8000,0.937125748502994
96073,CA,1.05e-05,0,-2000,29.371
96087,CA,5.5e-06,1,5000,6.84
96161,CA,0.0002245,1,5000,292.878
80002,CO,8.95e-05,0,-2000,190.87174348697394
80003,CO,6.4e-05,0,-2000,308.95795795795794
80004,CO,7.95e-05,0,-2000,399.5675675675676
80005,CO,0.0002105,0,-2000,695.4530938123753
80007,CO,0.000592,1,5000,1391.0720000000001
80010,CO,0.000241,1,5000,300.735
80011,CO,0.0003325,1,5000,312.69
80012,CO,0.000356,1,5000,392.3676323676323
80013,CO,0.0005655,1,5000,740.3356643356643
80014,CO,0.0002795,1,5000,230.86713286713288
80015,CO,0.001069,1,5000,1480.864
80016,CO,0.0016325,1,5000,1906.491
80017,CO,0.000426,1,5000,210.6026026026026
80018,CO,0.001503,2,8000,2414.9048096192387
80019,CO,0.0003585,2,8000,435.936
80020,CO,0.000157,0,-2000,30.39520958083832
80021,CO,0.000102,0,-2000,432.064128256513
80022,CO,0.000423,1,5000,776.2162162162163
80023,CO,0.0009775,1,5000,3233.44055944056
80026,CO,7.8e-05,0,-2000,0.0
80027,CO,0.0001445,0,-2000,18.286286286286288
80030,CO,6.55e-05,1,5000,108.49400000000001
80031,CO,0.000168,0,-2000,670.9450549450551
80033,CO,6.25e-05,0,-2000,70.4895104895105
80045,CO,5.95e-05,2,8000,75.52152152152152
80108,CO,0.000187,2,8000,244.97
80110,CO,0.0002035,1,5000,321.6
80111,CO,0.0006535,1,5000,962.8228228228228
80112,CO,0.000503,1,5000,567.1931931931932
80113,CO,0.000256,0,-2000,614.2857142857143
80118,CO,1.5e-06,2,8000,2.067932067932068
80120,CO,0.000133,0,-2000,424.68068068068067
80121,CO,0.0006155,1,5000,753.3513513513512
80122,CO,0.0003955,1,5000,780.7425149700599
80123,CO,0.000169,0,-2000,180.73353293413174
80124,CO,0.0006325,1,5000,3162.4755244755243
80125,CO,9.6e-05,2,8000,127.488
80126,CO,0.001371,1,5000,6655.67
80127,CO,0.000323,0,-2000,1339.060939060939
80128,CO,0.0001735,0,-2000,696.893893893894
80129,CO,0.0005175,1,5000,720.9129129129129
80130,CO,0.001234,1,5000,4195.75
80132,CO,0.0023865,2,8000,4613.618
80133,CO,0.0001525,2,8000,235.52947052947056
80134,CO,0.001626,1,5000,1619.3913913913914
80137,CO,2.15e-05,2,8000,27.348
80138,CO,0.001611,1,5000,5935.119000000001
80202,CO,0.0001575,2,8000,244.46246246246247
80203,CO,0.000133,1,5000,69.45
80204,CO,0.0001375,0,-2000,348.1881881881882
80205,CO,0.0003795,1,5000,563.1568431568431
80206,CO,0.000383,1,5000,447.4285714285714
80207,CO,0.0008785,1,5000,3585.1976047904195
80209,CO,0.000332,1,5000,670.6083916083916
80210,CO,0.0003625,0,-2000,1244.7297297297298
80211,CO,0.000221,0,-2000,581.7817817817818
80212,CO,0.0001885,0,-2000,425.7702297702298
80214,CO,6e-05,0,-2000,215.04504504504504
80215,CO,6.25e-05,0,-2000,267.75324675324674
80216,CO,0.0002345,1,5000,215.00400000000002
80218,CO,0.0001685,1,5000,180.64600000000002
80219,CO,7.4e-05,0,-2000,186.46953046953047
80220,CO,0.000297,0,-2000,629.8901098901099
80221,CO,0.000153,0,-2000,437.7477477477477
80222,CO,0.0002095,1,5000,369.5944055944056
80223,CO,0.0001525,0,-2000,298.92107892107896
80224,CO,0.0002245,1,5000,242.3692614770459
80226,CO,6.45e-05,0,-2000,327.096
80227,CO,9.65e-05,0,-2000,422.51
80228,CO,0.000129,0,-2000,540.9700598802394
80229,CO,0.0001725,0,-2000,315.616
80230,CO,0.0002995,1,5000,1038.6013986013986
80231,CO,0.0002885,1,5000,248.71599999999998
80232,CO,7.55e-05,0,-2000,306.1061061061061
80233,CO,0.000263,1,5000,364.2557442557443
80234,CO,0.0001545,0,-2000,354.57185628742513
80235,CO,9.55e-05,1,5000,58.656
80236,CO,0.000117,0,-2000,251.623246492986
80237,CO,0.0002695,1,5000,227.82834331337324
80238,CO,0.0007405,1,5000,3281.5631262525053
80239,CO,0.000585,1,5000,235.32035928143713
80241,CO,0.0004595,1,5000,477.371
80246,CO,0.000182,1,5000,79.1182364729459
80247,CO,0.000415,1,5000,1388.8448448448448
80249,CO,0.0014465,1,5000,4793.139
80260,CO,0.000109,1,5000,134.32500000000002
80301,CO,4.2e-05,0,-2000,90.048
80302,CO,1.15e-05,0,-2000,35.2027972027972
80303,CO,1.75e-05,0,-2000,57.74174174174174
80304,CO,2.2e-05,0,-2000,28.65865865865866
80305,CO,3.65e-05,0,-2000,0.0
80401,CO,0.0001165,0,-2000,108.38538538538539
80403,CO,0.000267,1,5000,465.69
80465,CO,0.0002115,1,5000,363.02397602397605
80503,CO,8.1e-05,2,8000,167.5015015015015
80512,CO,7.7e-05,2,8000,114.0
80514,CO,0.0001285,2,8000,145.3166833166833
80516,CO,0.0004625,1,5000,701.614
80521,CO,2.65e-05,0,-2000,96.148
80524,CO,8.3e-05,0,-2000,87.46346346346347
80525,CO,9.95e-05,0,-2000,102.12012012012012
80526,CO,7.3e-05,0,-2000,0.0
80528,CO,0.0003755,1,5000,499.96696696696694
80534,CO,0.0004195,2,8000,506.35200000000003
80535,CO,6.6e-05,1,5000,273.55044955044957
80537,CO,9.8e-05,0,-2000,459.3793793793794
80538,CO,0.0001165,0,-2000,32.044000000000004
80543,CO,2.05e-05,2,8000,22.304000000000002
80547,CO,0.0003995,2,8000,383.52
80550,CO,0.000494,1,5000,1433.3787575150302
80601,CO,0.0003555,1,5000,447.67696909272183
80602,CO,0.0012175,1,5000,1244.3956043956043
80603,CO,0.000666,1,5000,2488.7799999999997
80620,CO,0.000155,1,5000,250.61861861861863
80621,CO,3.95e-05,2,8000,45.06393606393606
80631,CO,0.0001025,0,-2000,126.19261477045909
80634,CO,0.0001985,0,-2000,724.5154845154846
80640,CO,0.000588,1,5000,2296.6363636363635
80642,CO,4.65e-05,2,8000,55.01801801801802
80645,CO,4.7e-05,2,8000,50.33366633366633
80817,CO,0.001015,0,-2000,3921.3003003003005
80829,CO,0.0001735,1,5000,337.284
80840,CO,0.0003675,1,5000,729.1258741258741
80902,CO,0.000617,1,5000,1217.9258517034068
80903,CO,0.000279,1,5000,178.22622622622623
80904,CO,0.0002975,0,-2000,427.31868131868134
80905,CO,0.0003685,1,5000,177.66966966966967
80906,CO,0.0006395,0,-2000,869.0909090909091
80907,CO,0.0003165,1,5000,474.35435435435437
80908,CO,0.0012855,2,8000,1980.2607392607392
80909,CO,0.0002815,1,5000,396.0978043912176
80910,CO,0.0004285,0,-2000,233.04391217564873
80911,CO,0.0006025,0,-2000,381.88023952095807
80915,CO,0.000505,1,5000,232.21621621621622
80916,CO,0.0004425,0,-2000,296.1538461538462
80917,CO,0.0004565,1,5000,184.68
80918,CO,0.0005785,1,5000,606.924
80919,CO,0.001168,0,-2000,4463.603206412826
80920,CO,0.0011575,1,5000,843.916083916084
80921,CO,0.002386,2,8000,4467.396793587174
80922,CO,0.001511,1,5000,6881.31
80923,CO,0.001384,1,5000,6885.360000000001
80924,CO,0.000954,2,8000,1494.7904191616767
80925,CO,0.0003455,1,5000,675.798
80926,CO,1.2e-05,1,5000,23.28
80927,CO,0.0001705,2,8000,260.68463073852297
80951,CO,5e-07,2,8000,0.803
81001,CO,0.0003235,0,-2000,471.488
81003,CO,0.000299,0,-2000,283.87612387612387
81004,CO,0.0003435,0,-2000,384.81963927855713
81005,CO,0.000592,0,-2000,506.046
81006,CO,0.0004555,0,-2000,2454.7670000000003
81007,CO,0.001544,0,-2000,4047.2974051896213
81008,CO,0.0006645,0,-2000,2077.5074925074923
81022,CO,5e-07,1,5000,0.987012987012987
81334,CO,5e-07,2,8000,0.8922155688622755
81401,CO,4e-06,2,8000,4.603396603396604
81415,CO,5e-07,2,8000,0.582
81501,CO,0.0001045,0,-2000,332.5370741482966
81503,CO,0.000181,1,5000,113.54
81504,CO,0.000201,0,-2000,433.52952952952955
81505,CO,0.000295,1,5000,207.63636363636365
81506,CO,0.0002005,1,5000,202.8971028971029
81507,CO,0.0002055,1,5000,341.248
81520,CO,0.000154,1,5000,170.83783783783784
81521,CO,0.000285,1,5000,213.15084915084915
81526,CO,0.0001565,2,8000,237.79420579420577
6001,CT,8.5e-06,0,-2000,96.52747252747253
6002,CT,2.2e-05,0,-2000,45.46146146146146
6010,CT,3e-06,0,-2000,280.2162162162162
6013,CT,6e-06,0,-2000,9.223446893787575
6016,CT,5e-06,0,-2000,18.82717282717283
6019,CT,2.5e-06,0,-2000,2.2094188376753507
6023,CT,3e-06,0,-2000,4.279
6026,CT,4.5e-06,0,-2000,39.376
6029,CT,5.5e-06,0,-2000,38.945945945945944
6032,CT,5e-06,0,-2000,113.71371371371372
6033,CT,7.5e-06,0,-2000,75.06493506493507
6035,CT,3e-06,0,-2000,34.633366633366634
6037,CT,5e-06,0,-2000,106.4055944055944
6040,CT,3.5e-06,0,-2000,114.54954954954955
6042,CT,4e-06,0,-2000,65.49700598802396
6043,CT,3.5e-06,0,-2000,0.6513486513486514
6051,CT,2e-06,0,-2000,0.0
6052,CT,3e-06,0,-2000,47.965965965965964
6053,CT,2e-06,0,-2000,48.797000000000004
6060,CT,7.5e-06,0,-2000,19.03103103103103
6062,CT,2e-06,0,-2000,36.239
6066,CT,2e-06,0,-2000,67.97797797797797
6067,CT,4e-06,0,-2000,43.11511511511512
6070,CT,7e-06,0,-2000,92.16383616383617
6071,CT,3.5e-06,0,-2000,56.88588588588589
6073,CT,2.25e-05,0,-2000,16.513540621865598
6074,CT,8e-06,0,-2000,64.056
6078,CT,6.5e-06,0,-2000,77.14285714285714
6081,CT,1e-06,0,-2000,4.147
6082,CT,3.5e-06,0,-2000,168.23847695390782
6084,CT,5.5e-06,0,-2000,10.082164328657315
6085,CT,4.5e-06,0,-2000,12.306000000000001
6088,CT,3e-06,0,-2000,5.709290709290709
6089,CT,4e-06,0,-2000,10.522522522522522
6090,CT,1e-05,1,5000,21.948051948051948
6092,CT,1.35e-05,0,-2000,61.5934065934066
6093,CT,5e-06,0,-2000,21.333333333333332
6095,CT,1.65e-05,0,-2000,49.4025974025974
6096,CT,3.5e-06,0,-2000,40.21
6103,CT,2e-06,0,-2000,4.765234765234766
6105,CT,3e-06,0,-2000,46.95390781563126
6106,CT,2e-06,0,-2000,151.98998998999
6107,CT,1.05e-05,0,-2000,92.61861861861863
6108,CT,4e-06,0,-2000,112.62862862862863
6109,CT,5e-06,0,-2000,228.30961923847696
6110,CT,3.5e-06,0,-2000,63.25149700598802
6111,CT,4.5e-06,0,-2000,163.6903096903097
6112,CT,1.2e-05,0,-2000,130.923
6114,CT,3.5e-06,0,-2000,118.72672672672672
6117,CT,1.35e-05,0,-2000,70.80419580419581
6118,CT,4.5e-06,0,-2000,144.0990990990991
6119,CT,5e-06,0,-2000,57.015
6120,CT,7e-06,0,-2000,58.02197802197802
6226,CT,1.5e-06,0,-2000,50.66666666666667
6237,CT,6.5e-06,1,5000,9.638361638361637
6238,CT,3e-06,1,5000,3.526946107784431
6241,CT,2e-06,1,5000,2.3673673673673674
6249,CT,4.5e-06,1,5000,4.25
6250,CT,3e-06,0,-2000,12.94894894894895
6254,CT,5e-06,0,-2000,10.216216216216216
6255,CT,2.5e-06,0,-2000,6.296
6256,CT,2e-06,0,-2000,5.225225225225225
6260,CT,2e-06,0,-2000,32.330330330330334
6266,CT,2.5e-06,1,5000,1.09009009009009
6268,CT,1e-06,0,-2000,23.32932932932933
6277,CT,3.5e-06,0,-2000,16.0
6280,CT,2.5e-06,1,5000,0.899
6320,CT,4e-06,0,-2000,60.412
6330,CT,4e-06,0,-2000,13.978043912175648
6331,CT,1.5e-06,1,5000,7.766
6334,CT,5.5e-06,0,-2000,11.457
6335,CT,4e-06,0,-2000,9.763236763236764
6338,CT,5e-07,2,8000,0.832
6339,CT,4e-06,0,-2000,6.612612612612613
6340,CT,2e-06,0,-2000,110.45745745745747
6351,CT,3e-06,0,-2000,19.096
6355,CT,8.5e-06,0,-2000,19.615615615615617
6359,CT,2.5e-06,2,8000,4.305694305694306
6360,CT,3e-06,0,-2000,51.87612387612388
6365,CT,5e-06,0,-2000,10.052104208416834
6370,CT,6e-06,1,5000,2.052052052052052
6374,CT,3.5e-06,2,8000,8.868
6375,CT,5e-06,0,-2000,15.104895104895105
6380,CT,2e-06,0,-2000,12.131868131868131
6382,CT,4e-06,0,-2000,60.66233766233766
6385,CT,6e-06,0,-2000,51.84615384615385
6401,CT,3.5e-06,0,-2000,78.90180360721443
6403,CT,5e-06,0,-2000,22.022000000000002
6405,CT,4.5e-06,0,-2000,153.02599999999998
6410,CT,1.4e-05,0,-2000,162.648
6416,CT,4.5e-06,0,-2000,38.112887112887115
6418,CT,3e-06,0,-2000,76.44455544455545
6424,CT,3.5e-06,1,5000,13.9750499001996
6437,CT,7e-06,0,-2000,8.643356643356643
6441,CT,1e-06,2,8000,1.4794794794794794
6444,CT,3.5e-06,0,-2000,17.352
6450,CT,2.5e-06,0,-2000,153.805
6451,CT,2e-06,0,-2000,121.97802197802199
6455,CT,3e-06,0,-2000,21.021
6456,CT,3e-06,0,-2000,11.868131868131867
6457,CT,3.5e-06,0,-2000,253.45054945054946
6460,CT,5.5e-06,0,-2000,115.61
6461,CT,7e-06,0,-2000,38.510999999999996
6468,CT,1.2e-05,0,-2000,41.492
6470,CT,5e-06,1,5000,23.346653346653344
6471,CT,5e-06,0,-2000,13.223
6472,CT,5.5e-06,0,-2000,23.693693693693692
6473,CT,9e-06,0,-2000,43.172344689378754
6477,CT,1.25e-05,0,-2000,31.80780780780781
6478,CT,7e-06,0,-2000,14.75024975024975
6479,CT,4.5e-06,0,-2000,36.314314314314316
6480,CT,4.5e-06,0,-2000,49.59880239520958
6481,CT,2.5e-06,0,-2000,3.4285714285714284
6483,CT,4.5e-06,0,-2000,62.474999999999994
6484,CT,6.5e-06,0,-2000,175.30669330669332
6489,CT,5.5e-06,0,-2000,149.45600000000002
6492,CT,4.5e-06,0,-2000,257.09790209790214
6510,CT,4e-06,0,-2000,14.382
6511,CT,7.5e-06,0,-2000,252.60260260260262
6512,CT,4e-06,0,-2000,242.5665665665666
6513,CT,3e-06,0,-2000,53.5954045954046
6514,CT,1.2e-05,0,-2000,158.16016016016016
6515,CT,7.5e-06,0,-2000,34.41558441558442
6516,CT,5e-06,0,-2000,190.912
6517,CT,8.5e-06,0,-2000,14.521478521478521
6518,CT,6.5e-06,0,-2000,101.91482965931864
6519,CT,3.5e-06,0,-2000,60.328328328328325
6524,CT,9e-06,0,-2000,51.748251748251754
6525,CT,2.8e-05,0,-2000,39.765234765234766
6604,CT,3e-06,0,-2000,69.54954954954955
6605,CT,4.5e-06,0,-2000,0.0
6606,CT,4.5e-06,0,-2000,26.73873873873874
6607,CT,8e-06,0,-2000,1.4488977955911821
6608,CT,4e-06,0,-2000,26.418
6610,CT,3.5e-06,0,-2000,82.12163509471586
6611,CT,1.35e-05,0,-2000,205.2962962962963
6612,CT,2e-05,0,-2000,4.138138138138138
6614,CT,4.5e-06,0,-2000,46.105000000000004
6615,CT,6.5e-06,0,-2000,15.45945945945946
6702,CT,2.5e-06,0,-2000,32.538000000000004
6704,CT,5.5e-06,0,-2000,107.31462925851703
6705,CT,3.5e-06,0,-2000,40.832832832832835
6706,CT,4e-06,0,-2000,24.952
6708,CT,4e-06,0,-2000,130.28571428571428
6710,CT,6.5e-06,0,-2000,83.38276553106212
6712,CT,7.5e-06,0,-2000,59.830339321357286
6716,CT,5.5e-06,0,-2000,32.88811188811189
6762,CT,8e-06,0,-2000,24.59880239520958
6770,CT,5.5e-06,0,-2000,115.33966033966034
6779,CT,2.5e-06,0,-2000,20.024
6782,CT,5e-06,1,5000,4.551
6786,CT,2.5e-06,0,-2000,23.112887112887112
6787,CT,2.5e-06,2,8000,3.851148851148851
6795,CT,3.5e-06,0,-2000,58.31968031968032
6798,CT,4e-06,1,5000,6.141000000000001
6807,CT,3.35e-05,0,-2000,20.34834834834835
6820,CT,0.0001305,0,-2000,226.64000000000001
6824,CT,3.2e-05,0,-2000,276.04204204204206
6825,CT,9e-06,0,-2000,34.027
6830,CT,1.2e-05,0,-2000,108.02
6831,CT,5.95e-05,0,-2000,222.53253253253254
6840,CT,0.00011,0,-2000,121.15384615384616
6850,CT,1.1e-05,0,-2000,83.35070140280561
6851,CT,8e-06,0,-2000,82.32
6853,CT,0.0001385,0,-2000,301.80680680680683
6854,CT,7.5e-06,0,-2000,119.67567567567568
6855,CT,7e-06,0,-2000,32.181000000000004
6870,CT,5.65e-05,0,-2000,71.56843156843156
6878,CT,0.0001135,0,-2000,496.4204204204204
6880,CT,9.5e-05,0,-2000,159.525
6890,CT,3.2e-05,0,-2000,56.98198198198198
6897,CT,5.4e-05,2,8000,81.54
6901,CT,6e-06,0,-2000,9.187187187187186
6902,CT,8.5e-06,0,-2000,99.7054108216433
6903,CT,3.95e-05,0,-2000,98.25225225225226
6905,CT,1.15e-05,0,-2000,65.58083832335329
6906,CT,6.5e-06,0,-2000,34.183816183816184
6907,CT,1.25e-05,0,-2000,79.57042957042957
19701,DE,8.95e-05,0,-2000,176.15968063872253
19702,DE,9.75e-05,0,-2000,332.43243243243245
19703,DE,5.55e-05,1,5000,63.29599999999999
19706,DE,1.85e-05,1,5000,21.99300699300699
19707,DE,0.0001275,0,-2000,572.8021978021978
19709,DE,1.6e-05,2,8000,13.568
19711,DE,3.25e-05,0,-2000,137.1048951048951
19713,DE,2.75e-05,0,-2000,71.52
19720,DE,9.8e-05,0,-2000,101.736
19732,DE,8.5e-06,2,8000,8.16
19801,DE,0.0001285,1,5000,184.946
19802,DE,0.0001775,1,5000,255.55244755244755
19803,DE,5.3e-05,0,-2000,108.252
19804,DE,2.9e-05,0,-2000,48.936
19805,DE,4.25e-05,0,-2000,296.8631368631369
19806,DE,3.1e-05,0,-2000,63.519
19807,DE,7.05e-05,0,-2000,327.047
19808,DE,3.2e-05,0,-2000,67.1951951951952
19809,DE,4.25e-05,0,-2000,176.972972972973
19810,DE,3.8e-05,0,-2000,31.17
19901,DE,5.1e-05,0,-2000,128.044
19904,DE,5.9e-05,0,-2000,112.99699097291877
19931,DE,1.85e-05,2,8000,17.964035964035965
19933,DE,1e-06,2,8000,0.9690309690309691
19934,DE,6.25e-05,0,-2000,191.80838323353294
19936,DE,1.1e-05,2,8000,11.532467532467534
19940,DE,3.55e-05,1,5000,14.314314314314315
19943,DE,3.4e-05,1,5000,22.66933066933067
19946,DE,3.9e-05,1,5000,137.522
19956,DE,3.65e-05,1,5000,52.6
19962,DE,9.25e-05,1,5000,70.56243756243757
19973,DE,5.05e-05,0,-2000,158.45000000000002
19979,DE,3.4e-05,1,5000,145.43543543543544
19980,DE,1.8e-05,2,8000,47.081
32003,FL,7e-05,0,-2000,54.75675675675676
32009,FL,4e-05,2,8000,39.155
32011,FL,2.4e-05,2,8000,3.7957957957957955
32043,FL,3.25e-05,0,-2000,137.547
32065,FL,8.4e-05,0,-2000,308.16766467065867
32068,FL,3.6e-05,0,-2000,0.0
32073,FL,4.35e-05,0,-2000,87.003
32080,FL,6.45e-05,0,-2000,16.67132867132867
32081,FL,0.0001135,0,-2000,446.78121878121874
32082,FL,8.55e-05,0,-2000,42.204
32084,FL,6.05e-05,0,-2000,189.52152152152152
32086,FL,2.7e-05,0,-2000,68.29287863590773
32092,FL,8.2e-05,0,-2000,207.01894317048854
32095,FL,0.0001105,2,8000,49.72027972027972
32110,FL,3.5e-05,1,5000,59.90590590590591
32114,FL,0.0001545,0,-2000,502.2557442557442
32117,FL,9.4e-05,0,-2000,294.49649649649655
32118,FL,5.1e-05,0,-2000,200.54054054054055
32119,FL,2.75e-05,0,-2000,156.35164835164835
32124,FL,9.45e-05,1,5000,322.6213786213786
32127,FL,2.55e-05,0,-2000,84.09819639278557
32128,FL,1.25e-05,0,-2000,95.83116883116884
32129,FL,2.6e-05,0,-2000,99.23376623376625
32132,FL,3.25e-05,0,-2000,84.61261261261261
32136,FL,3.2e-05,0,-2000,11.543086172344688
32137,FL,1.3e-05,0,-2000,52.566
32141,FL,3.45e-05,0,-2000,102.37675350701403
32159,FL,3.45e-05,0,-2000,167.765
32162,FL,4.5e-05,0,-2000,334.09890109890114
32163,FL,0.0001115,1,5000,184.67065868263472
32164,FL,1.55e-05,0,-2000,213.85714285714286
32168,FL,4.3e-05,0,-2000,31.379759519038075
32169,FL,9.25e-05,0,-2000,269.65965965965967
32174,FL,2.4e-05,0,-2000,74.644
32176,FL,3.9e-05,0,-2000,128.26500000000001
32179,FL,1.45e-05,1,5000,8.0990990990991
32195,FL,5.55e-05,1,5000,225.27227227227226
32202,FL,0.0001,2,8000,181.832
32204,FL,9.5e-05,1,5000,123.28171828171828
32205,FL,4.95e-05,0,-2000,0.0
32206,FL,0.000238,1,5000,362.007
32207,FL,4.85e-05,0,-2000,0.0
32208,FL,0.00023,0,-2000,587.5324675324675
32209,FL,0.000368,0,-2000,665.0629370629371
32210,FL,7.5e-05,0,-2000,168.49
32211,FL,5.55e-05,0,-2000,157.5975975975976
32212,FL,4.4e-05,2,8000,36.08982035928143
32216,FL,5.25e-05,0,-2000,52.485
32217,FL,2.75e-05,0,-2000,69.459
32218,FL,0.000192,0,-2000,561.3293293293293
32219,FL,0.000243,2,8000,366.4244244244244
32220,FL,8.2e-05,1,5000,107.15631262525051
32221,FL,0.0001085,0,-2000,271.8532934131737
32222,FL,0.0001175,1,5000,616.940881763527
32223,FL,3.3e-05,0,-2000,31.768231768231768
32224,FL,4.4e-05,0,-2000,38.64135864135864
32225,FL,5.7e-05,0,-2000,115.08391608391608
32226,FL,0.0001385,1,5000,235.124
32227,FL,0.000118,2,8000,109.45454545454545
32233,FL,4.5e-05,0,-2000,6.39039039039039
32244,FL,7.8e-05,0,-2000,404.3592814371258
32246,FL,5.4e-05,0,-2000,84.46246246246247
32250,FL,7.5e-05,0,-2000,75.808
32254,FL,0.0002085,1,5000,886.9000000000001
32256,FL,6.2e-05,0,-2000,49.705294705294705
32257,FL,4e-05,0,-2000,0.0
32258,FL,6.75e-05,0,-2000,399.6312625250501
32259,FL,0.0001265,0,-2000,85.71771771771772
32266,FL,7.1e-05,0,-2000,175.2325349301397
32277,FL,7.05e-05,0,-2000,257.8738738738739
32301,FL,0.000106,0,-2000,242.268
32303,FL,7.1e-05,0,-2000,181.85285285285286
32304,FL,5.1e-05,0,-2000,162.848
32305,FL,0.0001465,1,5000,114.494
32308,FL,5.7e-05,0,-2000,178.503
32309,FL,4.75e-05,0,-2000,248.1818181818182
32310,FL,0.000106,1,5000,489.1108891108891
32311,FL,0.0001025,1,5000,189.024
32312,FL,7.7e-05,0,-2000,46.410000000000004
32317,FL,0.000104,1,5000,193.93386773547095
32333,FL,3.5e-06,2,8000,0.518
32401,FL,9.7e-05,0,-2000,299.2
32403,FL,0.0003035,2,8000,282.7412587412587
32404,FL,6.85e-05,0,-2000,87.26573426573427
32405,FL,0.0001175,0,-2000,343.28000000000003
32407,FL,0.000142,1,5000,240.21621621621622
32408,FL,7.55e-05,0,-2000,112.53753753753753
32409,FL,2.75e-05,1,5000,38.13813813813814
32413,FL,9.7e-05,0,-2000,462.2057942057942
32444,FL,8.55e-05,0,-2000,203.81381381381382
32459,FL,0.000153,1,5000,165.52447552447555
32466,FL,3.1e-05,0,-2000,62.504
32501,FL,0.00019,1,5000,318.16
32502,FL,0.0001605,1,5000,538.9580000000001
32503,FL,9.95e-05,0,-2000,150.21621621621622
32504,FL,8.8e-05,0,-2000,342.23876123876124
32505,FL,0.00016,0,-2000,297.97402597402595
32506,FL,7.45e-05,0,-2000,256.05594405594405
32507,FL,8.75e-05,0,-2000,107.46746746746747
32508,FL,0.00016,2,8000,85.27199999999999
32514,FL,9.9e-05,0,-2000,416.19599999999997
32526,FL,7.55e-05,0,-2000,285.934065934066
32531,FL,9e-06,2,8000,2.774774774774775
32533,FL,9e-05,0,-2000,395.33066933066937
32534,FL,0.0001055,1,5000,164.248
32536,FL,8.35e-05,1,5000,346.416
32539,FL,5.3e-05,1,5000,78.03399999999999
32561,FL,1.25e-05,2,8000,7.625
32570,FL,4.85e-05,0,-2000,109.08608608608608
32571,FL,6.6e-05,0,-2000,324.05105105105105
32577,FL,4e-06,2,8000,2.192
32583,FL,9.95e-05,1,5000,163.2132132132132
32601,FL,1.7e-05,0,-2000,127.879
32603,FL,8e-06,0,-2000,51.552
32605,FL,2.25e-05,0,-2000,127.2977022977023
32606,FL,2.85e-05,0,-2000,5.009
32607,FL,1.7e-05,0,-2000,127.104
32608,FL,2.35e-05,0,-2000,434.6346346346346
32609,FL,6.75e-05,0,-2000,120.03596403596403
32615,FL,6.15e-05,0,-2000,135.000999000999
32617,FL,1.55e-05,0,-2000,34.45783132530121
32618,FL,2.1e-05,0,-2000,40.545
32640,FL,5e-07,2,8000,0.11011011011011011
32641,FL,0.00015,1,5000,198.858
32653,FL,5.05e-05,0,-2000,66.47352647352648
32667,FL,1e-06,2,8000,1.3173173173173174
32669,FL,5.35e-05,1,5000,249.91816367265469
32701,FL,4.45e-05,0,-2000,137.518
32702,FL,2e-05,2,8000,30.89820359281437
32703,FL,8.8e-05,0,-2000,314.006
32707,FL,2.55e-05,0,-2000,119.2967032967033
32708,FL,2.15e-05,0,-2000,168.54
32709,FL,6.35e-05,2,8000,38.05905905905906
32712,FL,6.7e-05,0,-2000,121.376
32713,FL,4.1e-05,0,-2000,16.566301096709868
32714,FL,4.3e-05,0,-2000,141.1482965931864
32720,FL,3.95e-05,0,-2000,133.33666333666335
32724,FL,3.5e-05,0,-2000,72.8071928071928
32725,FL,3.85e-05,0,-2000,161.4
32726,FL,6.85e-05,0,-2000,285.96996996997
32730,FL,2.8e-05,1,5000,43.47847847847848
32732,FL,1e-06,2,8000,0.43356643356643354
32735,FL,4.85e-05,1,5000,29.71357285429142
32736,FL,5.8e-05,1,5000,181.61261261261262
32738,FL,4.1e-05,0,-2000,113.562
32744,FL,4.45e-05,1,5000,150.93506493506496
32746,FL,3.4e-05,0,-2000,0.0
32750,FL,4.4e-05,0,-2000,137.50050150451352
32751,FL,6.25e-05,0,-2000,75.20958083832336
32754,FL,5.45e-05,0,-2000,113.58858858858859
32757,FL,6.3e-05,0,-2000,94.62637362637363
32759,FL,5.55e-05,1,5000,113.477
32763,FL,3.6e-05,0,-2000,70.99300699300699
32764,FL,5.1e-05,2,8000,82.1182364729459
32765,FL,3.2e-05,0,-2000,238.098
32766,FL,5.7e-05,0,-2000,28.143143143143142
32771,FL,8e-05,0,-2000,83.436
32773,FL,6.9e-05,0,-2000,203.68236472945893
32776,FL,6e-05,0,-2000,126.252
32778,FL,5.05e-05,0,-2000,155.06206206206207
32779,FL,2.7e-05,0,-2000,59.166
32780,FL,5.9e-05,0,-2000,341.77
32784,FL,4.4e-05,0,-2000,107.706
32789,FL,6.8e-05,0,-2000,104.6006006006006
32792,FL,3.45e-05,0,-2000,337.1482965931864
32796,FL,5.15e-05,0,-2000,197.01701701701703
32798,FL,3.8e-05,1,5000,37.925000000000004
32801,FL,5.4e-05,0,-2000,122.845
32803,FL,7.1e-05,0,-2000,113.888
32804,FL,0.0001285,0,-2000,622.3763763763764
32805,FL,0.000367,1,5000,302.68168168168165
32806,FL,5.95e-05,0,-2000,176.65568862275447
32807,FL,4.35e-05,0,-2000,163.83783783783784
32808,FL,0.0003795,0,-2000,761.7714570858283
32809,FL,4.95e-05,0,-2000,172.6993006993007
32810,FL,0.000127,0,-2000,391.98998998999
32811,FL,0.000218,1,5000,278.46000000000004
32812,FL,2.45e-05,0,-2000,79.63827655310621
32814,FL,0.000133,1,5000,176.76276276276275
32817,FL,4.1e-05,0,-2000,176.45399999999998
32818,FL,0.000324,0,-2000,573.3929999999999
32819,FL,6.6e-05,0,-2000,172.48051948051946
32820,FL,9.05e-05,0,-2000,223.08791208791206
32821,FL,3.35e-05,0,-2000,67.04304304304304
32822,FL,4.15e-05,0,-2000,244.73526473526474
32824,FL,9.25e-05,0,-2000,406.96696696696694
32825,FL,3.7e-05,0,-2000,219.67267267267266
32826,FL,3.9e-05,0,-2000,40.866
32827,FL,0.00018,0,-2000,454.748
32828,FL,4.55e-05,0,-2000,133.04504504504504
32829,FL,5.35e-05,0,-2000,258.5375375375375
32830,FL,1e-05,2,8000,14.58
32832,FL,8.35e-05,0,-2000,284.85
32833,FL,3.7e-05,0,-2000,145.23776223776224
32835,FL,3.6e-05,0,-2000,325.0740740740741
32836,FL,5.5e-05,0,-2000,216.1442885771543
32837,FL,3.8e-05,0,-2000,163.66366366366367
32839,FL,0.0001075,0,-2000,409.44
32901,FL,8.35e-05,0,-2000,209.97500000000002
32903,FL,9.95e-05,0,-2000,357.2847152847153
32904,FL,7.65e-05,0,-2000,338.7
32905,FL,9.15e-05,0,-2000,231.7574850299401
32907,FL,5.2e-05,0,-2000,94.158
32908,FL,9e-05,1,5000,65.37
32909,FL,8.4e-05,0,-2000,261.5244755244755
32920,FL,0.0001015,1,5000,74.54945054945055
32922,FL,0.000135,0,-2000,254.064
32925,FL,0.000158,2,8000,89.20120120120121
32926,FL,7.15e-05,0,-2000,258.6146146146146
32927,FL,4.6e-05,0,-2000,135.1766467065868
32931,FL,0.0001095,0,-2000,268.0598205383848
32934,FL,8.65e-05,0,-2000,380.632
32935,FL,5.8e-05,0,-2000,57.368
32937,FL,0.0001115,0,-2000,499.662
32940,FL,9.65e-05,0,-2000,59.41258741258741
32949,FL,0.0001495,2,8000,303.07014028056113
32950,FL,8.7e-05,1,5000,98.33266533066131
32951,FL,6.25e-05,0,-2000,226.73873873873873
32952,FL,5.35e-05,0,-2000,0.0
32953,FL,4.65e-05,0,-2000,63.056000000000004
32955,FL,8.45e-05,0,-2000,41.987987987987985
32958,FL,7.95e-05,2,8000,182.942
32960,FL,4.25e-05,0,-2000,79.72027972027972
32962,FL,5.45e-05,0,-2000,107.34899999999999
32963,FL,0.000211,0,-2000,908.979
32966,FL,4.55e-05,0,-2000,137.68831168831167
32967,FL,8.95e-05,0,-2000,369.3693693693694
32968,FL,4.35e-05,0,-2000,203.24550898203591
33004,FL,0.000109,0,-2000,273.8311688311688
33009,FL,9.15e-05,0,-2000,216.52304609218436
33010,FL,3.65e-05,0,-2000,23.68168168168168
33012,FL,2.8e-05,0,-2000,244.11188811188813
33013,FL,4.45e-05,0,-2000,178.75
33014,FL,6.3e-05,0,-2000,161.713
33015,FL,5.7e-05,0,-2000,154.54108216432866
33016,FL,3.25e-05,0,-2000,26.1
33018,FL,5.55e-05,0,-2000,103.24799999999999
33019,FL,8.25e-05,0,-2000,228.25174825174827
33020,FL,0.0001215,0,-2000,356.961
33021,FL,9.55e-05,0,-2000,194.096
33023,FL,0.000399,1,5000,459.76523476523477
33024,FL,8.9e-05,0,-2000,0.0
33025,FL,0.0002455,0,-2000,486.87775551102203
33026,FL,8.85e-05,0,-2000,182.367
33027,FL,8.95e-05,0,-2000,263.87612387612387
33028,FL,0.0001585,0,-2000,374.3743743743744
33029,FL,0.000331,0,-2000,902.7927927927927
33032,FL,0.000166,2,8000,283.273
33033,FL,4.5e-06,2,8000,2.1984047856430706
33054,FL,0.000288,1,5000,210.924
33055,FL,8.95e-05,0,-2000,185.55844155844156
33056,FL,0.00063,1,5000,2118.614157527418
33060,FL,0.0002585,1,5000,411.012
33062,FL,9.8e-05,0,-2000,280.0561122244489
33063,FL,0.0001035,0,-2000,204.34630738522952
33064,FL,0.0001545,0,-2000,730.000998003992
33065,FL,0.0001185,1,5000,98.44999999999999
33066,FL,4.9e-05,0,-2000,99.848
33067,FL,2.1e-05,2,8000,11.004000000000001
33069,FL,0.0002735,2,8000,392.021021021021
33071,FL,0.0001545,1,5000,471.4553660982949
33073,FL,2e-05,2,8000,7.039999999999999
33109,FL,4.9e-05,2,8000,51.744
33122,FL,0.000155,2,8000,65.53892215568862
33125,FL,4.1e-05,0,-2000,39.17082917082917
33126,FL,4.85e-05,0,-2000,170.46200000000002
33127,FL,0.0001915,1,5000,280.274
33128,FL,3.65e-05,1,5000,134.44444444444446
33129,FL,0.000114,1,5000,457.79940119760477
33130,FL,5.2e-05,0,-2000,112.728
33131,FL,7.2e-05,2,8000,56.83016983016984
33132,FL,0.000143,2,8000,83.39278557114228
33133,FL,0.0001175,0,-2000,547.5955955955957
33134,FL,7.15e-05,0,-2000,49.215
33135,FL,3.75e-05,0,-2000,110.15531062124249
33136,FL,0.0001655,1,5000,361.7297297297297
33137,FL,0.0001255,1,5000,162.43200000000002
33138,FL,0.0001265,0,-2000,369.82982982982986
33139,FL,7.3e-05,0,-2000,188.5952143569292
33140,FL,0.0001275,0,-2000,344.94405594405595
33141,FL,7.2e-05,1,5000,113.60479041916167
33142,FL,0.00011,0,-2000,257.84615384615387
33143,FL,7.6e-05,0,-2000,110.58458458458459
33144,FL,5.05e-05,0,-2000,186.78557114228457
33145,FL,7.2e-05,0,-2000,105.92999999999999
33146,FL,0.000236,1,5000,473.427
33147,FL,0.0002765,0,-2000,640.7028913260219
33149,FL,0.000788,2,8000,695.2702702702703
33150,FL,0.000331,1,5000,1545.045
33154,FL,8.6e-05,0,-2000,219.8961038961039
33155,FL,9.3e-05,0,-2000,106.46953046953047
33156,FL,0.000204,0,-2000,1130.7615230460922
33157,FL,0.0001575,0,-2000,643.4051896207585
33158,FL,0.000455,2,8000,858.013986013986
33160,FL,5.75e-05,0,-2000,199.43143143143143
33161,FL,0.00035,1,5000,319.55
33162,FL,0.0003845,1,5000,1968.205
33165,FL,7.4e-05,0,-2000,161.5855855855856
33166,FL,7.15e-05,0,-2000,131.15346038114342
33167,FL,0.0005805,2,8000,1138.816
33168,FL,0.0005435,1,5000,1372.5030000000002
33169,FL,0.0010515,2,8000,1775.6526526526527
33170,FL,0.000224,2,8000,231.10999999999999
33172,FL,5.25e-05,0,-2000,104.7902097902098
33173,FL,8.6e-05,0,-2000,87.42142142142141
33174,FL,4.2e-05,0,-2000,188.4115884115884
33176,FL,9.4e-05,0,-2000,113.344
33178,FL,8.55e-05,0,-2000,264.0898203592814
33179,FL,0.0002455,1,5000,286.83832335329345
33180,FL,9.45e-05,0,-2000,202.03796203796205
33181,FL,0.0001555,1,5000,546.796
33183,FL,4e-06,2,8000,2.032
33185,FL,9.5e-06,2,8000,5.377
33189,FL,0.0001045,1,5000,151.74650698602795
33190,FL,0.0001445,1,5000,541.7537537537538
33301,FL,0.000162,1,5000,766.0640000000001
33304,FL,0.000149,0,-2000,346.84615384615387
33305,FL,9e-05,0,-2000,236.778
33306,FL,6.8e-05,1,5000,265.69030969030973
33308,FL,8.25e-05,0,-2000,132.048
33309,FL,0.0003435,1,5000,942.8356713426854
33311,FL,0.0008605,1,5000,2374.027972027972
33312,FL,0.00017,0,-2000,580.905
33313,FL,0.000599,2,8000,1222.2577422577422
33314,FL,6.05e-05,0,-2000,150.69790628115652
33315,FL,0.00012,0,-2000,171.374251497006
33316,FL,0.0001505,1,5000,263.43113772455087
33317,FL,0.000115,0,-2000,410.65165165165166
33319,FL,0.000312,2,8000,542.3886113886114
33321,FL,3.5e-06,2,8000,0.9160839160839161
33322,FL,6.3e-05,0,-2000,66.28343313373253
33323,FL,0.000163,0,-2000,334.353
33324,FL,7.45e-05,0,-2000,105.952
33325,FL,9.2e-05,0,-2000,421.91683366733463
33326,FL,0.0001025,0,-2000,408.259
33327,FL,0.000289,0,-2000,646.2384769539078
33328,FL,0.000105,0,-2000,506.54954954954957
33330,FL,0.000218,0,-2000,509.541
33331,FL,0.00021,0,-2000,586.1213640922768
33332,FL,0.000277,1,5000,960.7827827827828
33334,FL,0.000122,0,-2000,342.342
33351,FL,0.000169,1,5000,627.724
33401,FL,0.000174,1,5000,272.8141858141858
33403,FL,0.0003425,2,8000,551.5294705294706
33404,FL,0.000757,1,5000,1841.982017982018
33405,FL,0.0001045,0,-2000,449.025974025974
33406,FL,7.9e-05,0,-2000,260.72945891783564
33407,FL,0.000417,1,5000,1453.776
33408,FL,0.000103,0,-2000,389.937875751503
33409,FL,0.000182,1,5000,182.91
33410,FL,0.0001165,0,-2000,127.84015984015984
33411,FL,0.0001515,1,5000,431.03999999999996
33412,FL,0.0001725,2,8000,94.27927927927928
33413,FL,0.000194,1,5000,530.7032967032967
33415,FL,7.25e-05,0,-2000,224.626
33417,FL,9.35e-05,0,-2000,221.84
33418,FL,0.000154,0,-2000,804.2425149700599
33426,FL,0.0001715,1,5000,190.472
33431,FL,0.000209,1,5000,294.16367265469063
33432,FL,9.9e-05,0,-2000,408.8953140578265
33433,FL,4.75e-05,0,-2000,43.18681318681319
33434,FL,3.55e-05,0,-2000,43.934999999999995
33435,FL,0.0002965,1,5000,321.34769539078155
33436,FL,0.0001145,0,-2000,557.4774774774775
33437,FL,6.4e-05,1,5000,103.94394394394395
33441,FL,0.000164,0,-2000,432.7952047952048
33442,FL,5.9e-05,0,-2000,210.96303696303698
33444,FL,0.000378,1,5000,1361.405
33445,FL,0.000126,0,-2000,401.5070140280561
33446,FL,5.05e-05,2,8000,24.187374749498996
33455,FL,5.95e-05,0,-2000,160.1838161838162
33460,FL,0.0001115,0,-2000,232.34265734265736
33461,FL,0.0001035,0,-2000,272.84715284715287
33462,FL,0.0001375,0,-2000,547.0519480519481
33463,FL,0.0001225,0,-2000,388.824
33467,FL,5.55e-05,2,8000,24.198
33469,FL,2.5e-06,2,8000,1.165
33472,FL,8.35e-05,1,5000,319.1831831831832
33480,FL,0.0006405,2,8000,1080.5935935935936
33483,FL,0.0001915,0,-2000,372.60479041916165
33484,FL,3.65e-05,0,-2000,123.5105105105105
33486,FL,0.0001155,0,-2000,553.1368631368631
33487,FL,0.0001005,0,-2000,204.96896896896897
33496,FL,7.7e-05,0,-2000,170.625
33510,FL,5.1e-05,0,-2000,68.51002004008016
33511,FL,5.9e-05,0,-2000,95.45645645645645
33523,FL,2e-06,2,8000,3.4530938123752497
33527,FL,4.85e-05,0,-2000,67.83
33534,FL,0.0001345,1,5000,106.33033033033033
33543,FL,0.0001075,0,-2000,192.3
33544,FL,0.0001,0,-2000,250.6966966966967
33545,FL,1.5e-06,2,8000,2.542627883650953
33547,FL,0.000107,0,-2000,440.315
33548,FL,8.35e-05,0,-2000,275.7957957957958
33549,FL,3.05e-05,0,-2000,91.13113113113113
33556,FL,0.0001115,0,-2000,281.216
33558,FL,4.2e-05,0,-2000,201.37762237762237
33559,FL,5.65e-05,0,-2000,225.01501501501502
33563,FL,6.4e-05,0,-2000,238.39200000000002
33565,FL,3.85e-05,0,-2000,136.75675675675674
33566,FL,3.8e-05,0,-2000,63.653653653653656
33567,FL,0.000134,1,5000,529.9219219219219
33569,FL,7.95e-05,0,-2000,91.73273273273273
33570,FL,0.000163,1,5000,153.06293706293707
33572,FL,0.000162,0,-2000,629.046
33573,FL,4.7e-05,0,-2000,128.4689378757515
33578,FL,0.0001335,0,-2000,480.74949899799606
33579,FL,0.000223,1,5000,180.329
33584,FL,4.8e-05,0,-2000,55.18018018018018
33592,FL,4.25e-05,0,-2000,104.57715430861724
33594,FL,7.75e-05,0,-2000,446.3592814371258
33596,FL,3.1e-05,0,-2000,19.51151151151151
33598,FL,0.0001505,1,5000,706.8612774451097
33602,FL,0.000175,1,5000,786.7372627372628
33603,FL,8.05e-05,0,-2000,268.5915915915916
33604,FL,6.75e-05,0,-2000,231.24875124875126
33605,FL,0.000253,0,-2000,410.49900199600796
33606,FL,0.000172,0,-2000,413.28000000000003
33607,FL,0.000119,0,-2000,429.35999999999996
33609,FL,0.0001535,0,-2000,432.54
33610,FL,0.000322,0,-2000,665.12987012987
33612,FL,8.2e-05,0,-2000,181.51048951048952
33613,FL,3.85e-05,0,-2000,167.823
33614,FL,5.5e-05,0,-2000,108.19
33615,FL,4.3e-05,0,-2000,0.0
33617,FL,8.2e-05,0,-2000,174.49250749250749
33618,FL,3.6e-05,0,-2000,102.518
33619,FL,0.0002235,0,-2000,502.86713286713285
33624,FL,4.25e-05,0,-2000,24.127872127872127
33625,FL,5.15e-05,0,-2000,30.688000000000002
33626,FL,5.35e-05,0,-2000,409.3666333666334
33629,FL,0.0003305,0,-2000,774.8571428571428
33634,FL,8.35e-05,0,-2000,244.96496496496496
33635,FL,5.1e-05,0,-2000,203.7777777777778
33637,FL,7.75e-05,1,5000,76.2012012012012
33647,FL,7.75e-05,0,-2000,130.16583416583416
33701,FL,0.0001395,0,-2000,314.1091091091091
33702,FL,7.3e-05,0,-2000,383.06306306306305
33703,FL,0.0001665,0,-2000,210.6
33704,FL,0.0001535,0,-2000,660.9027081243731
33705,FL,0.000502,1,5000,460.63073852295406
33706,FL,0.000262,0,-2000,736.4031936127745
33707,FL,0.0001065,0,-2000,284.61400000000003
33708,FL,0.0001315,0,-2000,491.6346346346346
33709,FL,7.75e-05,0,-2000,259.83
33710,FL,0.0001125,0,-2000,237.101
33711,FL,0.0005205,1,5000,427.7692307692308
33712,FL,0.000998,1,5000,549.2867132867133
33713,FL,0.0001275,0,-2000,608.796
33714,FL,0.000105,0,-2000,246.3116883116883
33715,FL,0.000195,1,5000,167.13
33716,FL,0.0001945,1,5000,111.71171171171171
33755,FL,0.000113,0,-2000,262.4864864864865
33756,FL,9.5e-05,0,-2000,99.74874874874875
33759,FL,6.05e-05,0,-2000,153.51600000000002
33760,FL,0.0001255,1,5000,204.985
33761,FL,4.05e-05,0,-2000,195.7082917082917
33762,FL,0.0001595,1,5000,171.36263736263737
33763,FL,5.5e-05,0,-2000,228.16216216216216
33764,FL,5.95e-05,0,-2000,358.8
33765,FL,8.45e-05,0,-2000,276.1978021978022
33767,FL,0.000209,1,5000,273.762
33770,FL,6.8e-05,0,-2000,337.54345654345656
33771,FL,0.0001045,0,-2000,415.207
33772,FL,8.8e-05,0,-2000,283.0930930930931
33773,FL,0.0001065,0,-2000,280.42557442557444
33774,FL,0.0001005,0,-2000,372.9290709290709
33776,FL,0.00011,0,-2000,491.83200000000005
33777,FL,0.0001155,0,-2000,455.544
33778,FL,9e-05,0,-2000,227.90409590409593
33781,FL,8.95e-05,0,-2000,345.22222222222223
33782,FL,0.0001005,0,-2000,351.83383383383386
33785,FL,0.0001935,1,5000,233.31162324649299
33786,FL,0.0003385,1,5000,769.9729729729729
33801,FL,6.5e-05,0,-2000,210.52
33803,FL,5.55e-05,0,-2000,82.0439121756487
33805,FL,0.000173,1,5000,217.5935935935936
33809,FL,3.25e-05,0,-2000,0.0
33810,FL,4.75e-05,0,-2000,110.976
33811,FL,7.65e-05,0,-2000,326.36
33812,FL,6.6e-05,0,-2000,122.08808808808809
33813,FL,5.35e-05,0,-2000,50.16583416583416
33815,FL,0.000107,0,-2000,294.4344344344344
33823,FL,5.95e-05,0,-2000,138.192
33825,FL,6.95e-05,0,-2000,81.79640718562875
33827,FL,5.15e-05,1,5000,31.31062124248497
33830,FL,8.55e-05,0,-2000,181.7635270541082
33837,FL,6.05e-05,0,-2000,176.87912087912088
33838,FL,7.6e-05,1,5000,54.985971943887776
33839,FL,7.25e-05,1,5000,314.4524524524524
33843,FL,7.05e-05,1,5000,37.20240480961924
33844,FL,8.05e-05,0,-2000,149.84984984984985
33848,FL,2.2e-05,2,8000,34.452
33850,FL,4.7e-05,1,5000,63.91208791208792
33852,FL,4.9e-05,1,5000,211.67735470941884
33853,FL,7.1e-05,0,-2000,174.77722277722276
33856,FL,2.45e-05,0,-2000,0.0
33859,FL,7.45e-05,1,5000,105.9
33860,FL,6.05e-05,0,-2000,213.16883116883116
33868,FL,5.6e-05,1,5000,52.28271728271728
33870,FL,5.75e-05,0,-2000,276.98701298701303
33872,FL,5.85e-05,0,-2000,176.77277277277278
33875,FL,5.8e-05,0,-2000,113.16
33876,FL,4.55e-05,0,-2000,87.406
33880,FL,6.95e-05,0,-2000,372.2962962962963
33881,FL,9.7e-05,0,-2000,298.12687312687314
33884,FL,5.65e-05,0,-2000,121.17882117882118
33896,FL,2.45e-05,0,-2000,78.97597597597598
33897,FL,5.2e-05,0,-2000,127.556
33898,FL,4.35e-05,0,-2000,142.30769230769232
33901,FL,0.0001155,0,-2000,361.48148148148147
33903,FL,5.35e-05,0,-2000,231.02102102102103
33904,FL,1.55e-05,0,-2000,117.96392785571142
33905,FL,8.55e-05,0,-2000,200.66333666333665
33907,FL,6.75e-05,0,-2000,225.02902902902903
33908,FL,6.05e-05,0,-2000,74.98498498498499
33909,FL,7.8e-05,0,-2000,277.032
33912,FL,0.000118,0,-2000,483.47695390781564
33913,FL,0.000127,0,-2000,572.5600000000001
33914,FL,1.5e-05,0,-2000,188.51002004008018
33916,FL,0.0001905,1,5000,292.7567567567568
33917,FL,4.45e-05,0,-2000,456.2002002002002
33919,FL,5.15e-05,0,-2000,66.79458917835672
33920,FL,6.4e-05,0,-2000,132.06993006993008
33921,FL,0.0004715,2,8000,449.76753507014024
33922,FL,8.35e-05,1,5000,112.378
33928,FL,8.65e-05,0,-2000,161.3153153153153
33931,FL,0.000112,0,-2000,397.25000000000006
33935,FL,2.5e-06,2,8000,0.8550000000000001
33936,FL,2.4e-05,0,-2000,159.09272183449653
33946,FL,9.2e-05,1,5000,125.268
33947,FL,8e-06,0,-2000,87.00800800800802
33948,FL,2.75e-05,0,-2000,15.596
33950,FL,3.4e-05,0,-2000,188.80380380380382
33952,FL,4.55e-05,0,-2000,101.171
33953,FL,4.6e-05,0,-2000,56.736000000000004
33954,FL,5.5e-05,0,-2000,146.9019019019019
33955,FL,4.25e-05,0,-2000,27.75074775672981
33956,FL,6.9e-05,0,-2000,186.825
33957,FL,0.000168,0,-2000,555.524
33965,FL,3.6e-05,2,8000,29.160000000000004
33966,FL,9.95e-05,1,5000,142.31968031968032
33967,FL,6.95e-05,0,-2000,311.2432432432432
33971,FL,0.0001265,1,5000,177.93213572854293
33972,FL,3.6e-05,0,-2000,59.852
33973,FL,0.000182,1,5000,133.3146853146853
33974,FL,6.8e-05,0,-2000,186.846
33976,FL,0.000115,1,5000,57.05094905094905
33980,FL,7.8e-05,0,-2000,183.9138276553106
33981,FL,4e-05,0,-2000,79.926
33982,FL,7.15e-05,0,-2000,144.38400000000001
33983,FL,2.15e-05,0,-2000,52.416
33990,FL,2.15e-05,0,-2000,119.7002997002997
33991,FL,4.1e-05,0,-2000,68.08800000000001
33993,FL,8.8e-05,0,-2000,90.60239760239762
34102,FL,0.0002065,0,-2000,505.7022977022977
34103,FL,0.000106,0,-2000,422.4115884115884
34104,FL,2.9e-05,0,-2000,16.12987012987013
34105,FL,9.1e-05,0,-2000,462.7287287287287
34108,FL,0.0001525,0,-2000,689.4894894894895
34109,FL,8e-05,0,-2000,120.53653653653653
34110,FL,6.9e-05,0,-2000,81.32000000000001
34112,FL,5.4e-05,0,-2000,45.234765234765234
34113,FL,7.65e-05,0,-2000,74.844
34114,FL,0.0001175,0,-2000,417.23446893787576
34116,FL,6.55e-05,0,-2000,128.64071856287424
34117,FL,6.15e-05,1,5000,83.33999999999999
34119,FL,7.35e-05,0,-2000,70.58041958041959
34120,FL,4.3e-05,0,-2000,124.754
34134,FL,0.000117,0,-2000,653.7197197197197
34135,FL,5.8e-05,0,-2000,122.46153846153847
34142,FL,5e-07,2,8000,0.385
34145,FL,5.85e-05,0,-2000,29.354645354645356
34201,FL,8.05e-05,1,5000,151.012987012987
34202,FL,5.5e-05,0,-2000,49.742999999999995
34203,FL,5.85e-05,0,-2000,164.328
34205,FL,8e-05,0,-2000,170.8562874251497
34207,FL,8.3e-05,0,-2000,255.25725725725727
34208,FL,8.5e-05,0,-2000,82.264
34209,FL,8.05e-05,0,-2000,123.794
34210,FL,5.75e-05,0,-2000,96.0
34211,FL,0.000189,1,5000,873.9158316633266
34212,FL,9.45e-05,0,-2000,238.93306693306693
34219,FL,8.35e-05,0,-2000,290.488
34221,FL,0.0001465,0,-2000,562.8468468468468
34222,FL,7.2e-05,1,5000,169.04595404595406
34223,FL,6.2e-05,0,-2000,101.32199999999999
34224,FL,4.5e-05,0,-2000,190.61700000000002
34228,FL,0.000449,1,5000,1196.503
34229,FL,4.7e-05,0,-2000,21.552
34231,FL,6e-05,0,-2000,213.36673346693388
34232,FL,5.95e-05,0,-2000,58.345
34233,FL,3.7e-05,0,-2000,69.48103792415169
34234,FL,0.0001815,0,-2000,303.6606786427146
34235,FL,3.25e-05,0,-2000,96.29370629370631
34236,FL,0.000148,0,-2000,286.45454545454544
34237,FL,0.000111,1,5000,144.21578421578423
34238,FL,4.35e-05,0,-2000,15.457457457457457
34239,FL,6.65e-05,0,-2000,183.4308617234469
34240,FL,9.7e-05,0,-2000,335.75548902195607
34241,FL,4.5e-05,0,-2000,18.656
34242,FL,0.0001525,0,-2000,382.382
34243,FL,4.45e-05,0,-2000,77.98196392785572
34250,FL,0.0001225,2,8000,123.60360360360359
34269,FL,3.45e-05,1,5000,47.104
34275,FL,7.55e-05,0,-2000,133.91
34285,FL,8.2e-05,0,-2000,91.16349047141424
34286,FL,3.05e-05,0,-2000,54.334
34287,FL,4.9e-05,0,-2000,156.0909090909091
34288,FL,4.9e-05,0,-2000,194.23423423423424
34289,FL,0.0002745,2,8000,278.54
34291,FL,7.25e-05,1,5000,69.13813813813815
34292,FL,4.45e-05,0,-2000,77.81481481481481
34293,FL,6.45e-05,0,-2000,146.08591408591408
34420,FL,2.25e-05,0,-2000,136.53653653653654
34428,FL,3.55e-05,0,-2000,67.37899999999999
34429,FL,4.05e-05,0,-2000,169.065
34432,FL,1.35e-05,1,5000,6.276276276276277
34434,FL,2e-05,2,8000,31.888111888111887
34436,FL,2.2e-05,1,5000,19.092276830491475
34442,FL,2.5e-05,0,-2000,115.71371371371372
34446,FL,2.9e-05,0,-2000,51.285
34448,FL,3.4e-05,0,-2000,87.1971971971972
34450,FL,2.3e-05,0,-2000,56.331668331668325
34452,FL,2.5e-05,0,-2000,72.38361638361638
34453,FL,2.6e-05,0,-2000,70.48048048048048
34461,FL,3.55e-05,0,-2000,84.87512487512487
34465,FL,3e-05,0,-2000,88.19600000000001
34470,FL,2.5e-05,0,-2000,117.914
34471,FL,2.2e-05,0,-2000,186.06406406406407
34472,FL,4.6e-05,0,-2000,155.907
34473,FL,8.55e-05,2,8000,61.309309309309306
34474,FL,6.7e-05,0,-2000,253.33066933066934
34475,FL,9.05e-05,0,-2000,324.53000000000003
34476,FL,2.7e-05,0,-2000,91.82335329341318
34479,FL,2.45e-05,0,-2000,107.63927855711422
34480,FL,3.4e-05,0,-2000,19.71556886227545
34481,FL,2.3e-05,0,-2000,132.24075924075925
34482,FL,2.85e-05,0,-2000,73.72372372372372
34484,FL,8.2e-05,1,5000,68.81118881118881
34488,FL,1.55e-05,0,-2000,40.120240480961925
34491,FL,3.75e-05,0,-2000,120.16883116883118
34601,FL,3.2e-05,0,-2000,43.32
34604,FL,7.25e-05,0,-2000,146.16
34606,FL,2.75e-05,0,-2000,178.2444889779559
34607,FL,3.95e-05,0,-2000,79.73026973026973
34608,FL,3e-05,0,-2000,223.70399999999998
34609,FL,4.45e-05,0,-2000,386.998997995992
34610,FL,3.8e-05,0,-2000,72.449
34613,FL,3.6e-05,0,-2000,134.2822822822823
34614,FL,7.05e-05,1,5000,227.09580838323353
34638,FL,0.000151,0,-2000,511.28999999999996
34639,FL,4.05e-05,0,-2000,217.93200000000002
34652,FL,4.95e-05,0,-2000,258.91691691691693
34653,FL,3.75e-05,0,-2000,232.73573573573574
34654,FL,3.65e-05,0,-2000,70.62
34655,FL,4.45e-05,0,-2000,167.11
34667,FL,3.1e-05,0,-2000,280.398
34668,FL,3.75e-05,0,-2000,337.6756487025948
34669,FL,3.1e-05,0,-2000,117.68463073852296
34677,FL,5.85e-05,0,-2000,185.17717717717719
34679,FL,1.15e-05,2,8000,6.3020000000000005
34681,FL,2e-05,2,8000,36.803196803196805
34683,FL,5e-05,0,-2000,222.516
34684,FL,4.1e-05,0,-2000,169.7827827827828
34685,FL,4.45e-05,0,-2000,203.6036036036036
34688,FL,6.2e-05,0,-2000,265.482
34689,FL,6.2e-05,0,-2000,292.3043043043043
34690,FL,4.75e-05,0,-2000,172.35764235764236
34691,FL,5.3e-05,0,-2000,219.77477477477478
34695,FL,5.8e-05,0,-2000,203.57242757242759
34698,FL,5.8e-05,0,-2000,230.92199999999997
34705,FL,5.25e-05,1,5000,5.310689310689311
34711,FL,6.3e-05,0,-2000,129.479
34714,FL,6.35e-05,0,-2000,179.3746253746254
34715,FL,6.1e-05,0,-2000,129.3106893106893
34731,FL,4.5e-05,0,-2000,123.20000000000002
34734,FL,4e-05,0,-2000,119.638
34736,FL,9.65e-05,2,8000,175.66467065868264
34737,FL,5.6e-05,1,5000,20.183183183183186
34741,FL,3.7e-05,0,-2000,171.96900000000002
34743,FL,2.85e-05,0,-2000,117.52052052052052
34744,FL,4.1e-05,0,-2000,57.620000000000005
34746,FL,6.3e-05,0,-2000,267.81381381381385
34747,FL,7.7e-05,0,-2000,127.93693693693693
34748,FL,5.45e-05,0,-2000,138.81437125748505
34756,FL,5.85e-05,1,5000,61.566
34758,FL,7.15e-05,0,-2000,241.56156156156155
34759,FL,5.1e-05,0,-2000,327.091
34760,FL,0.0001805,2,8000,268.584
34761,FL,8.2e-05,0,-2000,225.486
34762,FL,5.45e-05,2,8000,80.551
34769,FL,3.65e-05,0,-2000,134.37125748502993
34771,FL,6.2e-05,0,-2000,280.9009009009009
34772,FL,6.4e-05,0,-2000,242.72727272727275
34785,FL,0.0001025,1,5000,147.86886886886887
34786,FL,8.1e-05,0,-2000,546.7507507507507
34787,FL,0.0001195,0,-2000,447.8961038961039
34788,FL,3.6e-05,0,-2000,167.1911911911912
34797,FL,9.95e-05,1,5000,385.06600000000003
34945,FL,9.55e-05,1,5000,227.3063063063063
34946,FL,0.0001345,0,-2000,315.2577422577423
34947,FL,0.0002545,1,5000,822.5324027916251
34949,FL,7.15e-05,1,5000,103.07984031936128
34950,FL,0.0003675,1,5000,1309.184
34951,FL,4.65e-05,0,-2000,151.248
34952,FL,7.25e-05,0,-2000,165.76576576576576
34953,FL,0.000116,0,-2000,291.751503006012
34957,FL,7.05e-05,0,-2000,286.74
34981,FL,0.0001345,2,8000,45.730000000000004
34982,FL,5.7e-05,0,-2000,133.4231536926148
34983,FL,9.55e-05,0,-2000,170.67564870259483
34984,FL,0.0001205,1,5000,143.424
34986,FL,0.0001135,0,-2000,287.2472472472473
34990,FL,0.0001225,0,-2000,10.218781218781219
34994,FL,9.5e-05,0,-2000,229.82464929859722
34996,FL,7.95e-05,0,-2000,216.1765295887663
34997,FL,6.4e-05,0,-2000,146.17517517517518
30002,GA,9.9e-05,2,8000,64.77822177822178
30004,GA,0.0001855,1,5000,121.4014014014014
30005,GA,0.0004275,2,8000,986.0580580580581
30008,GA,0.0001005,2,8000,211.64
30009,GA,0.000176,1,5000,445.185
30011,GA,0.0001215,2,8000,56.717
30012,GA,0.00018,2,8000,316.356
30013,GA,0.0005345,2,8000,256.373
30014,GA,1.5e-06,2,8000,0.13786213786213786
30016,GA,0.000299,2,8000,359.12012012012013
30017,GA,0.0004435,2,8000,442.0908183632734
30019,GA,0.000199,1,5000,578.3116883116883
30021,GA,0.0001385,2,8000,56.426426426426424
30022,GA,0.000219,1,5000,15.425425425425425
30024,GA,0.000239,1,5000,38.4749498997996
30028,GA,0.0001175,2,8000,35.107107107107105
30030,GA,0.0001485,1,5000,503.808
30032,GA,0.000299,2,8000,321.57457457457457
30033,GA,9.05e-05,1,5000,389.8901098901099
30034,GA,0.0006295,2,8000,409.63663663663664
30035,GA,0.000809,2,8000,202.05094905094904
30038,GA,0.000799,2,8000,426.0179640718563
30039,GA,0.00038,2,8000,405.2787212787213
30040,GA,0.000122,1,5000,43.677354709418836
30041,GA,0.000143,0,-2000,42.414829659318634
30043,GA,0.000132,0,-2000,245.70129870129873
30044,GA,8e-05,1,5000,90.27054108216433
30045,GA,0.000248,2,8000,427.27272727272725
30046,GA,0.0001035,1,5000,391.59999999999997
30047,GA,6.8e-05,0,-2000,104.874
30052,GA,0.0001695,2,8000,344.28571428571433
30058,GA,0.0009105,2,8000,548.3236763236763
30060,GA,6.4e-05,0,-2000,162.82282282282281
30062,GA,0.000122,1,5000,147.47547547547546
30064,GA,0.0001105,1,5000,91.05105105105105
30066,GA,0.000103,0,-2000,153.38738738738738
30067,GA,6.4e-05,1,5000,97.2
30068,GA,9.7e-05,1,5000,0.0
30071,GA,8.9e-05,1,5000,260.5645645645646
30072,GA,1.3e-05,2,8000,0.6759999999999999
30075,GA,0.0001565,1,5000,45.413586413586415
30076,GA,0.0001045,1,5000,61.91608391608391
30078,GA,0.0001605,1,5000,522.288
30079,GA,0.0001185,2,8000,43.86186186186186
30080,GA,0.000116,1,5000,536.7877877877878
30082,GA,0.000138,1,5000,454.248
30083,GA,0.0003735,2,8000,287.46693386773546
30084,GA,0.0001135,1,5000,375.232
30087,GA,0.000418,2,8000,453.0610610610611
30088,GA,0.000388,2,8000,183.76753507014027
30092,GA,7.5e-05,1,5000,52.31699999999999
30093,GA,5.7e-05,1,5000,204.711
30094,GA,0.000306,2,8000,367.22754491017963
30096,GA,8.2e-05,0,-2000,70.01801801801801
30097,GA,0.0001545,0,-2000,0.0
30101,GA,0.0001035,1,5000,99.78221778221778
30102,GA,5.95e-05,1,5000,355.094
30103,GA,3.2e-05,2,8000,1.856
30106,GA,0.0001885,2,8000,190.56756756756755
30107,GA,3.3e-05,2,8000,9.290709290709291
30114,GA,6.35e-05,1,5000,34.13913913913914
30115,GA,7.75e-05,1,5000,416.12075848303397
30116,GA,5e-05,2,8000,25.997997997998
30117,GA,5.2e-05,1,5000,242.8433133732535
30120,GA,2.75e-05,2,8000,8.932932932932934
30121,GA,5.2e-05,2,8000,6.771771771771771
30122,GA,0.000187,1,5000,332.040959040959
30126,GA,0.000203,1,5000,644.215
30127,GA,0.000207,1,5000,923.578
30132,GA,9.15e-05,1,5000,291.13686313686316
30134,GA,0.0001415,1,5000,455.32800000000003
30135,GA,0.0002105,1,5000,830.445
30137,GA,1.55e-05,2,8000,2.072854291417166
30141,GA,0.0001115,1,5000,226.41358641358642
30144,GA,9.55e-05,1,5000,144.92307692307693
30147,GA,1.4e-05,2,8000,13.415999999999999
30152,GA,0.0001385,1,5000,829.4394394394394
30157,GA,5.2e-05,1,5000,275.24
30161,GA,4.2e-05,0,-2000,78.52052052052052
30165,GA,2.8e-05,1,5000,0.0
30168,GA,0.0004035,2,8000,124.124
30173,GA,1.2e-05,2,8000,0.63
30180,GA,2e-06,2,8000,0.1878121878121878
30187,GA,6.5e-05,2,8000,19.062937062937063
30188,GA,5.85e-05,0,-2000,144.2874251497006
30189,GA,7.15e-05,1,5000,50.434434434434436
30205,GA,5.4e-05,2,8000,10.71
30213,GA,0.0012885,2,8000,549.92
30214,GA,0.0002635,2,8000,479.27
30215,GA,0.000168,1,5000,755.5280561122245
30223,GA,8e-05,2,8000,40.53707414829659
30228,GA,0.0005045,2,8000,488.7
30234,GA,3.75e-05,2,8000,0.22522522522522523
30236,GA,0.000357,2,8000,513.6162324649299
30238,GA,0.0003475,2,8000,335.42542542542543
30248,GA,0.000205,2,8000,258.83433133732535
30252,GA,0.0002155,1,5000,713.3273273273273
30253,GA,0.0005295,2,8000,670.048951048951
30260,GA,0.0002115,2,8000,311.22754491017963
30268,GA,0.0001425,2,8000,100.608
30269,GA,0.000112,1,5000,24.041958041958043
30273,GA,0.000273,2,8000,148.54954954954954
30274,GA,0.000324,2,8000,350.54545454545456
30276,GA,7.4e-05,2,8000,40.288288288288285
30277,GA,7.1e-05,1,5000,197.6302605210421
30281,GA,0.000247,1,5000,452.4975024975025
30288,GA,0.000338,2,8000,123.64535464535464
30290,GA,0.0002115,2,8000,196.70399999999998
30291,GA,0.0006295,2,8000,172.25274725274727
30294,GA,0.0009845,2,8000,435.50500000000005
30296,GA,0.000444,2,8000,266.12699999999995
30297,GA,0.0002065,2,8000,189.92000000000002
30305,GA,5.9e-05,1,5000,331.41641641641644
30306,GA,7.15e-05,1,5000,391.6906906906907
30307,GA,0.000227,2,8000,342.70570570570567
30308,GA,8.6e-05,2,8000,114.44255744255743
30309,GA,8e-05,1,5000,201.24599999999998
30310,GA,0.0003435,2,8000,336.3863863863864
30311,GA,0.00038,2,8000,308.94494494494495
30312,GA,0.0001725,2,8000,239.25574425574428
30313,GA,0.000155,2,8000,26.235
30314,GA,0.000191,1,5000,345.11400000000003
30315,GA,0.000261,1,5000,542.8031968031968
30316,GA,0.000278,2,8000,580.7622377622378
30317,GA,0.0001945,2,8000,262.92084168336675
30318,GA,0.000217,1,5000,702.7177177177177
30319,GA,0.000113,1,5000,37.95404595404595
30324,GA,0.000128,2,8000,155.5884115884116
30326,GA,7.45e-05,2,8000,12.354645354645355
30327,GA,0.0001835,1,5000,684.6053946053946
30328,GA,8.05e-05,1,5000,53.757
30329,GA,4.8e-05,1,5000,224.98898898898898
30331,GA,0.0008005,2,8000,747.648
30336,GA,0.0004515,2,8000,104.85285285285286
30337,GA,0.0005295,2,8000,92.261
30338,GA,0.0001065,1,5000,51.268
30339,GA,0.0001505,2,8000,214.46107784431138
30340,GA,5.75e-05,1,5000,212.905
30341,GA,7.05e-05,1,5000,110.39599999999999
30342,GA,8.95e-05,1,5000,461.379
30344,GA,0.0004535,2,8000,194.82965931863725
30345,GA,9.8e-05,1,5000,296.646
30346,GA,6.85e-05,2,8000,7.668668668668669
30349,GA,0.0008095,2,8000,795.8658658658659
30350,GA,7.7e-05,1,5000,390.3343343343343
30354,GA,0.000336,2,8000,128.07692307692307
30360,GA,6.95e-05,2,8000,149.5944055944056
30363,GA,4.25e-05,2,8000,12.75
30458,GA,9.7e-05,1,5000,308.49451645064806
30461,GA,9.2e-05,2,8000,46.96896896896897
30501,GA,5.75e-05,1,5000,59.138999999999996
30504,GA,4.5e-05,1,5000,166.68768768768768
30506,GA,4.3e-05,2,8000,41.56312625250501
30507,GA,7.55e-05,2,8000,44.08
30517,GA,8.75e-05,2,8000,63.550000000000004
30518,GA,0.0001115,1,5000,109.08091908091907
30519,GA,0.000142,1,5000,712.5845845845846
30542,GA,6.9e-05,1,5000,69.036
30548,GA,0.0001065,2,8000,121.08108108108108
30564,GA,3e-06,2,8000,0.14400000000000002
30565,GA,1.65e-05,2,8000,1.021978021978022
30566,GA,4.35e-05,2,8000,71.63663663663664
30601,GA,7.6e-05,0,-2000,336.284
30605,GA,4.85e-05,0,-2000,0.0
30606,GA,5e-05,0,-2000,298.1768231768232
30607,GA,8.2e-05,2,8000,50.41941941941943
30619,GA,1.5e-06,2,8000,0.078
30620,GA,1.25e-05,2,8000,1.0219341974077767
30621,GA,3e-05,2,8000,5.105105105105105
30622,GA,0.000205,2,8000,145.45454545454547
30646,GA,4.5e-05,2,8000,12.96096096096096
30655,GA,4.5e-06,2,8000,0.423
30677,GA,8.75e-05,1,5000,277.3076923076923
30680,GA,1.5e-06,2,8000,0.10832497492477433
30683,GA,9.05e-05,2,8000,26.846846846846844
30701,GA,2.5e-05,1,5000,31.248
30705,GA,8.4e-05,2,8000,71.96096096096096
30707,GA,2.95e-05,2,8000,18.445891783567134
30720,GA,2.65e-05,0,-2000,76.74
30721,GA,7.8e-05,2,8000,54.9559118236473
30725,GA,5.2e-05,2,8000,46.768
30735,GA,5.25e-05,2,8000,8.61038961038961
30736,GA,2.3e-05,0,-2000,112.37562437562437
30738,GA,5e-07,2,8000,0.04
30740,GA,1e-05,2,8000,0.8391608391608392
30741,GA,3.1e-05,0,-2000,88.30969030969032
30742,GA,3.95e-05,2,8000,32.778443113772454
30750,GA,7.65e-05,2,8000,56.13986013986014
30755,GA,6.5e-06,2,8000,0.41600000000000004
30757,GA,1.35e-05,2,8000,4.704
30802,GA,3.8e-05,2,8000,3.807615230460922
30805,GA,2.65e-05,2,8000,6.26746506986028
30809,GA,0.000197,1,5000,1059.084084084084
30813,GA,0.00016,1,5000,496.25748502994014
30815,GA,0.000327,2,8000,364.0699300699301
30901,GA,0.0003245,1,5000,561.6800000000001
30904,GA,0.0001225,1,5000,622.4131736526946
30905,GA,0.0001125,2,8000,24.517999999999997
30906,GA,0.0002865,1,5000,1240.4755244755245
30907,GA,6.45e-05,0,-2000,109.6013986013986
30909,GA,0.000192,1,5000,668.4004004004004
31005,GA,0.000151,2,8000,158.542
31008,GA,0.0001745,2,8000,132.144
31020,GA,4e-06,2,8000,0.368
31028,GA,0.000228,2,8000,55.848
31030,GA,0.000147,2,8000,21.18918918918919
31032,GA,7e-06,2,8000,0.49000000000000005
31047,GA,0.00019,2,8000,61.814
31052,GA,8.2e-05,2,8000,19.404
31088,GA,0.0001755,1,5000,598.4300000000001
31093,GA,0.000123,1,5000,294.789
31098,GA,0.000511,2,8000,25.674325674325676
31201,GA,0.000115,1,5000,460.6137724550898
31204,GA,0.000203,1,5000,459.20920920920923
31206,GA,0.000382,1,5000,743.9479479479479
31210,GA,0.0001365,1,5000,461.076
31211,GA,0.000205,2,8000,247.43400000000003
31216,GA,0.000129,2,8000,7.998
31217,GA,0.000188,2,8000,297.05394605394605
31220,GA,0.000352,2,8000,41.8981018981019
31301,GA,0.000127,2,8000,17.4251497005988
31302,GA,3.45e-05,2,8000,27.147147147147148
31313,GA,0.000189,2,8000,203.07492507492506
31315,GA,4.9e-05,2,8000,32.391
31322,GA,0.000269,2,8000,285.2052052052052
31324,GA,9e-06,2,8000,1.045045045045045
31401,GA,0.000125,1,5000,486.84999999999997
31404,GA,0.000307,2,8000,287.35535535535536
31405,GA,0.0002085,1,5000,690.3936063936064
31406,GA,0.0001645,1,5000,587.0929070929071
31407,GA,0.0005025,2,8000,34.13586413586414
31408,GA,0.00027,2,8000,57.806580259222336
31410,GA,5.75e-05,1,5000,271.626
31411,GA,9.1e-05,2,8000,117.832
31415,GA,0.0009145,2,8000,239.74574574574575
31419,GA,0.0001775,1,5000,449.26126126126127
31520,GA,0.000169,2,8000,73.59
31523,GA,0.000107,2,8000,51.53807615230461
31525,GA,0.000112,2,8000,79.765
31601,GA,0.000264,1,5000,635.0040040040041
31602,GA,0.0001255,1,5000,582.759
31605,GA,0.0001125,1,5000,331.11
31606,GA,3.6e-05,2,8000,16.06187624750499
31632,GA,8.15e-05,2,8000,33.093093093093096
31636,GA,4e-06,2,8000,0.5205205205205206
31701,GA,0.0003575,2,8000,439.277
31705,GA,0.0003525,1,5000,634.3036963036964
31707,GA,0.000312,2,8000,293.52652652652654
31721,GA,0.000269,2,8000,265.35
31763,GA,0.000127,2,8000,213.525
31791,GA,2.95e-05,2,8000,2.6603206412825653
31808,GA,5.65e-05,2,8000,8.805194805194805
31820,GA,0.0001385,2,8000,22.45945945945946
31901,GA,9.25e-05,1,5000,200.1996007984032
31903,GA,0.0002555,2,8000,413.30039920159686
31904,GA,8.25e-05,0,-2000,200.844
31905,GA,6.25e-05,1,5000,110.52252252252252
31906,GA,0.0001995,1,5000,655.5538922155689
31907,GA,0.0002815,1,5000,878.25
31909,GA,8.7e-05,1,5000,435.5064935064935
96701,HI,0.000205,0,-2000,416.87399999999997
96706,HI,0.0008895,0,-2000,583.6546906187624
96707,HI,0.0007685,0,-2000,3073.168
96720,HI,9.5e-06,0,-2000,199.58399999999997
96725,HI,3.5e-06,0,-2000,5.02994011976048
96732,HI,0.000164,0,-2000,266.5105105105105
96734,HI,5.85e-05,0,-2000,434.70000000000005
96740,HI,1.5e-05,0,-2000,229.494
96744,HI,5.75e-05,0,-2000,614.3636363636364
96753,HI,7.25e-05,0,-2000,430.2647352647353
96761,HI,0.000218,0,-2000,283.1078921078921
96779,HI,0.0001525,0,-2000,461.41558441558436
96782,HI,0.0002855,0,-2000,395.20799999999997
96786,HI,0.0001955,0,-2000,190.14214214214215
96789,HI,6.25e-05,0,-2000,556.698
96793,HI,4.95e-05,0,-2000,182.2822822822823
96795,HI,1.3e-05,1,5000,25.428571428571427
96797,HI,0.0003945,0,-2000,453.95604395604397
96813,HI,0.0007095,0,-2000,1079.1432865731463
96814,HI,0.0005785,1,5000,1133.86
96815,HI,0.0006965,0,-2000,2734.8198198198197
96816,HI,0.0007585,0,-2000,763.081081081081
96817,HI,0.000496,0,-2000,2421.7837837837837
96818,HI,0.0004865,0,-2000,2368.4689378757516
96819,HI,0.001391,0,-2000,2918.96
96821,HI,0.000427,0,-2000,430.11976047904193
96822,HI,0.000309,0,-2000,336.65099999999995
96825,HI,0.000268,0,-2000,610.3133732534931
96826,HI,0.0008945,0,-2000,2582.3856143856146
50007,IA,1.5e-05,2,8000,1.5015015015015016
50009,IA,1.25e-05,0,-2000,6.052104208416833
50010,IA,5.5e-06,0,-2000,136.916
50014,IA,4e-06,0,-2000,176.42857142857142
50021,IA,1.2e-05,0,-2000,22.374
50023,IA,1.65e-05,0,-2000,0.0
50035,IA,2.9e-05,1,5000,88.05000000000001
50047,IA,1.3e-05,1,5000,65.41
50061,IA,4.7e-05,2,8000,84.85514485514486
50073,IA,1e-05,2,8000,11.877
50105,IA,1.35e-05,1,5000,14.18562874251497
50109,IA,2.1e-05,1,5000,58.65496489468405
50111,IA,1.55e-05,0,-2000,39.859719438877754
50131,IA,1.9e-05,0,-2000,25.568
50134,IA,7e-06,1,5000,4.222222222222222
50156,IA,6.5e-06,1,5000,2.4934934934934936
50201,IA,2.5e-06,2,8000,4.745
50211,IA,1.35e-05,0,-2000,15.700000000000001
50226,IA,3.35e-05,0,-2000,93.309
50237,IA,9e-06,1,5000,23.805194805194805
50248,IA,2e-06,2,8000,3.755511022044088
50265,IA,1.05e-05,0,-2000,0.0
50266,IA,1.1e-05,0,-2000,0.0
50309,IA,7e-06,1,5000,7.7604790419161676
50310,IA,8.5e-06,0,-2000,42.95304695304695
50311,IA,6e-06,0,-2000,0.0
50312,IA,6e-06,0,-2000,26.509490509490508
50313,IA,8.5e-06,0,-2000,28.13
50314,IA,1.2e-05,0,-2000,40.62462462462463
50315,IA,5.5e-06,0,-2000,0.0
50316,IA,7e-06,0,-2000,29.258517034068134
50317,IA,6.5e-06,0,-2000,0.0
50320,IA,1.15e-05,0,-2000,52.337999999999994
50321,IA,1e-05,0,-2000,9.105894105894105
50322,IA,1.2e-05,0,-2000,20.252
50323,IA,8.05e-05,1,5000,231.6083916083916
50324,IA,1e-05,0,-2000,19.744255744255746
50325,IA,2.95e-05,0,-2000,10.482000000000001
50327,IA,1.2e-05,0,-2000,3.8461538461538463
50613,IA,3.5e-06,0,-2000,255.42399999999998
50626,IA,2.5e-06,2,8000,1.21
50634,IA,3.5e-06,2,8000,0.22477522477522477
50643,IA,8.5e-06,0,-2000,39.054108216432866
50647,IA,3.5e-06,2,8000,0.09819639278557114
50648,IA,5e-07,2,8000,0.035035035035035036
50651,IA,4.5e-06,1,5000,1.4705294705294705
50667,IA,2.5e-06,1,5000,9.769539078156312
50701,IA,4.5e-06,0,-2000,0.0
50702,IA,4.5e-06,0,-2000,12.75
50703,IA,6e-06,0,-2000,0.0
50707,IA,3.5e-06,0,-2000,16.220440881763526
51054,IA,2.15e-05,1,5000,9.836163836163836
51101,IA,3e-06,0,-2000,16.356356356356358
51103,IA,5.5e-06,0,-2000,0.0
51104,IA,7.5e-06,0,-2000,0.0
51105,IA,6.5e-06,0,-2000,21.791417165668662
51106,IA,9e-06,0,-2000,0.0
51108,IA,7e-06,0,-2000,15.863273453093813
51109,IA,7e-06,1,5000,17.834669338677354
51111,IA,4.5e-06,0,-2000,0.0
51501,IA,8.5e-06,0,-2000,13.480519480519481
51503,IA,1.1e-05,0,-2000,0.0
51510,IA,1.15e-05,1,5000,15.624375624375624
51526,IA,1.35e-05,2,8000,5.857857857857858
52001,IA,3.5e-06,0,-2000,274.26
52002,IA,7.5e-06,0,-2000,32.555
52003,IA,6.5e-06,0,-2000,57.128871128871126
52227,IA,8.5e-06,0,-2000,25.44
52228,IA,1.9e-05,0,-2000,76.53146853146853
52233,IA,5e-06,0,-2000,36.595404595404595
52240,IA,4e-06,0,-2000,213.435
52241,IA,6.5e-06,0,-2000,0.0
52242,IA,1.5e-06,1,5000,3.8
52245,IA,4e-06,0,-2000,0.0
52246,IA,4e-06,0,-2000,0.0
52302,IA,7e-06,0,-2000,224.85229540918166
52314,IA,6.5e-06,1,5000,22.584
52317,IA,1.9e-05,1,5000,57.164
52324,IA,1.15e-05,1,5000,5.898101898101898
52328,IA,1.75e-05,0,-2000,25.00900900900901
52333,IA,1e-06,2,8000,1.8661338661338662
52338,IA,1.7e-05,2,8000,33.7037037037037
52341,IA,7e-06,0,-2000,18.27
52401,IA,6e-06,0,-2000,13.778443113772454
52402,IA,6e-06,0,-2000,260.5894105894106
52403,IA,5.5e-06,0,-2000,136.2997002997003
52404,IA,6e-06,0,-2000,302.175
52405,IA,4.5e-06,0,-2000,161.634
52411,IA,4.3e-05,0,-2000,144.54545454545453
52722,IA,1.1e-05,0,-2000,11.358
52748,IA,1.15e-05,1,5000,19.116883116883116
52753,IA,8.5e-06,0,-2000,17.83233532934132
52801,IA,4e-06,1,5000,12.957915831663327
52802,IA,4e-06,0,-2000,0.0
52803,IA,5.5e-06,0,-2000,0.0
52804,IA,5.5e-06,0,-2000,0.0
52806,IA,8e-06,0,-2000,170.73000000000002
52807,IA,8e-06,0,-2000,3.952
83201,ID,3.5e-06,0,-2000,119.54308617234469
83202,ID,4e-06,0,-2000,79.11411411411412
83204,ID,2.5e-06,0,-2000,50.894999999999996
83209,ID,1e-06,1,5000,0.528
83301,ID,6.5e-06,0,-2000,242.91
83328,ID,6e-06,0,-2000,16.72854291417166
83341,ID,1.15e-05,0,-2000,14.673326673326674
83401,ID,3.5e-06,0,-2000,102.76276276276276
83402,ID,3e-06,0,-2000,30.254254254254253
83404,ID,3.5e-06,0,-2000,130.07692307692307
83406,ID,4.5e-06,0,-2000,0.0
83427,ID,5e-06,1,5000,6.5225225225225225
83501,ID,1e-06,0,-2000,105.31437125748502
83605,ID,3.5e-06,0,-2000,151.14970059880238
83607,ID,5e-06,0,-2000,47.65565565565566
83616,ID,1.35e-05,0,-2000,90.77399999999999
83634,ID,8e-06,0,-2000,27.96796796796797
83642,ID,9e-06,0,-2000,238.92107892107893
83644,ID,5e-06,1,5000,14.591182364729459
83646,ID,1.05e-05,0,-2000,375.61561561561564
83651,ID,3.5e-06,0,-2000,102.72272272272272
83669,ID,7.5e-06,0,-2000,13.144855144855146
83686,ID,5.5e-06,0,-2000,178.872
83687,ID,4.5e-06,0,-2000,141.3
83702,ID,4.5e-06,0,-2000,141.09571286141576
83703,ID,4e-06,0,-2000,31.62
83704,ID,4e-06,0,-2000,144.4795204795205
83705,ID,3.5e-06,0,-2000,91.43543543543544
83706,ID,4.5e-06,0,-2000,237.19799999999998
83709,ID,7e-06,0,-2000,185.75099999999998
83712,ID,8e-06,0,-2000,58.944
83713,ID,6.5e-06,0,-2000,135.4874874874875
83714,ID,6e-06,0,-2000,84.942
83716,ID,1.85e-05,0,-2000,83.648
83814,ID,5e-07,0,-2000,0.0
83815,ID,5e-07,0,-2000,24.034068136272545
83833,ID,5e-07,1,5000,2.104895104895105
83835,ID,5e-07,0,-2000,0.0
83854,ID,5e-07,0,-2000,0.0
83858,ID,1e-06,0,-2000,0.0
60002,IL,8.7e-05,0,-2000,377.50550550550554
60004,IL,7.9e-05,0,-2000,7.459919839679358
60005,IL,5.95e-05,0,-2000,125.76899999999999
60007,IL,7.55e-05,0,-2000,40.80961923847695
60012,IL,1.25e-05,2,8000,8.091908091908092
60014,IL,5.8e-05,0,-2000,20.766233766233768
60015,IL,0.0004125,0,-2000,874.2306920762287
60016,IL,3.95e-05,0,-2000,164.23576423576424
60018,IL,4.15e-05,0,-2000,29.306693306693308
60022,IL,0.000814,2,8000,906.3643643643644
60025,IL,7.3e-05,0,-2000,66.84368737474949
60026,IL,0.0002,1,5000,371.33500000000004
60029,IL,4.9e-05,2,8000,44.492000000000004
60030,IL,8.65e-05,0,-2000,10.96003996003996
60031,IL,0.000129,0,-2000,677.365
60033,IL,2.75e-05,2,8000,30.605394605394604
60034,IL,5.15e-05,1,5000,225.67567567567568
60035,IL,0.000237,0,-2000,1091.2665330661323
60040,IL,8.35e-05,1,5000,298.97697697697697
60041,IL,1.1e-05,2,8000,7.23076923076923
60043,IL,0.0003255,2,8000,291.35664335664336
60044,IL,0.000124,1,5000,237.984984984985
60045,IL,0.000685,1,5000,2499.342
60046,IL,0.0001175,0,-2000,555.981981981982
60047,IL,0.0001925,2,8000,150.0
60048,IL,0.000325,0,-2000,933.9
60053,IL,7e-05,0,-2000,387.75551102204406
60056,IL,5.95e-05,0,-2000,59.23076923076923
60060,IL,8.8e-05,0,-2000,312.005005005005
60061,IL,0.000134,0,-2000,397.43743743743744
60062,IL,0.0001645,0,-2000,45.524
60064,IL,8.65e-05,0,-2000,220.25651302605212
60068,IL,0.0001095,0,-2000,50.825825825825824
60069,IL,0.0002245,1,5000,702.018
60070,IL,3.65e-05,0,-2000,101.437125748503
60071,IL,7e-06,2,8000,3.3073073073073074
60073,IL,6.05e-05,0,-2000,347.73547094188376
60076,IL,9.2e-05,0,-2000,438.204
60077,IL,6.1e-05,0,-2000,295.032
60083,IL,0.000142,1,5000,179.19
60084,IL,6.85e-05,2,8000,45.26126126126127
60085,IL,7.05e-05,0,-2000,223.1928071928072
60087,IL,7.9e-05,0,-2000,172.2125748502994
60088,IL,7.35e-05,1,5000,229.28271728271727
60089,IL,0.000146,0,-2000,711.1901901901902
60090,IL,4.9e-05,0,-2000,240.506
60091,IL,0.000261,0,-2000,877.2507492507492
60093,IL,0.00083,1,5000,2013.995
60096,IL,5.2e-05,0,-2000,107.65534465534466
60097,IL,4.6e-05,1,5000,170.71471471471472
60098,IL,5.2e-05,0,-2000,54.08383233532935
60099,IL,6.95e-05,0,-2000,164.199
60101,IL,6.2e-05,0,-2000,56.316
60102,IL,0.0001395,1,5000,439.34565434565434
60103,IL,0.0001435,0,-2000,719.2867132867133
60104,IL,0.000609,2,8000,942.7882117882118
60106,IL,5.7e-05,1,5000,133.95209580838323
60107,IL,6.6e-05,0,-2000,135.2787212787213
60108,IL,8.05e-05,0,-2000,344.000999000999
60110,IL,6.05e-05,1,5000,155.93406593406593
60118,IL,8.55e-05,2,8000,46.947895791583164
60119,IL,0.0001145,2,8000,74.72999999999999
60120,IL,4.85e-05,1,5000,75.87
60123,IL,6.25e-05,0,-2000,150.979020979021
60124,IL,0.000214,1,5000,365.63599999999997
60126,IL,0.000173,0,-2000,0.0
60130,IL,0.0001245,1,5000,199.54800000000003
60131,IL,4.9e-05,0,-2000,175.30930930930933
60133,IL,6.7e-05,0,-2000,310.713
60134,IL,0.0001845,0,-2000,695.291
60136,IL,0.000123,1,5000,534.3952095808384
60137,IL,8.95e-05,0,-2000,61.54108216432866
60139,IL,7.95e-05,0,-2000,171.4131736526946
60140,IL,0.00012,1,5000,613.5169660678642
60141,IL,1.85e-05,2,8000,10.74074074074074
60142,IL,6.75e-05,0,-2000,102.53253253253253
60143,IL,0.000132,1,5000,160.65934065934064
60148,IL,6.1e-05,0,-2000,61.43213572854292
60153,IL,0.0003425,1,5000,1248.1603206412826
60154,IL,0.0001165,0,-2000,268.0879120879121
60155,IL,0.000428,2,8000,539.3616383616384
60156,IL,0.0001095,0,-2000,257.0260521042084
60157,IL,5.6e-05,1,5000,192.9188376753507
60160,IL,4.25e-05,0,-2000,115.81381381381381
60162,IL,0.0002475,2,8000,431.004
60163,IL,0.0001255,1,5000,322.93199999999996
60164,IL,4.1e-05,0,-2000,169.55755755755757
60165,IL,4.35e-05,1,5000,166.284
60169,IL,3.2e-05,2,8000,27.599999999999998
60171,IL,4.1e-05,0,-2000,87.55199999999999
60172,IL,8e-05,0,-2000,347.8456913827655
60173,IL,9.05e-05,2,8000,42.992015968063875
60174,IL,7.2e-05,0,-2000,404.496
60175,IL,0.000342,0,-2000,665.2502502502502
60176,IL,3.65e-05,0,-2000,77.01397205588822
60177,IL,0.000131,0,-2000,334.73473473473473
60180,IL,1.1e-05,2,8000,5.566
60181,IL,5.6e-05,0,-2000,65.42099999999999
60184,IL,0.0002325,2,8000,281.512
60185,IL,7.05e-05,0,-2000,40.36427145708583
60187,IL,7.7e-05,0,-2000,464.57199999999995
60188,IL,0.0001115,0,-2000,423.14799999999997
60189,IL,7.7e-05,0,-2000,13.798201798201799
60190,IL,0.000137,1,5000,223.74025974025975
60191,IL,6.65e-05,0,-2000,149.284147557328
60193,IL,5.6e-05,0,-2000,0.0
60194,IL,6.8e-05,1,5000,241.722
60201,IL,6.3e-05,0,-2000,68.70129870129871
60202,IL,0.000116,0,-2000,300.2004008016032
60203,IL,0.0002245,2,8000,362.49950049950047
60301,IL,6.95e-05,2,8000,42.08882235528942
60302,IL,0.000115,0,-2000,498.0
60304,IL,0.0002455,1,5000,367.0911823647295
60305,IL,0.000169,1,5000,290.54545454545456
60402,IL,5.7e-05,0,-2000,104.97194388777555
60403,IL,5.4e-05,0,-2000,172.80319680319678
60404,IL,0.0001125,0,-2000,309.7702297702298
60406,IL,8.8e-05,1,5000,180.81
60409,IL,0.000376,1,5000,1853.5444555444556
60410,IL,8.25e-05,1,5000,201.55944055944056
60411,IL,0.0001655,0,-2000,604.3963963963964
60415,IL,4.35e-05,0,-2000,81.23076923076923
60417,IL,0.000168,2,8000,241.366
60419,IL,0.0007415,2,8000,1151.111111111111
60421,IL,5.8e-05,2,8000,28.216216216216218
60422,IL,0.0011675,2,8000,720.072
60423,IL,0.0001925,0,-2000,606.6281156530408
60425,IL,0.0002745,2,8000,522.3526473526473
60426,IL,0.0001905,1,5000,323.989
60428,IL,0.0002975,2,8000,639.282
60429,IL,0.000519,2,8000,834.3056112224449
60430,IL,0.000257,1,5000,1034.5130260521041
60431,IL,0.0001505,1,5000,233.72727272727272
60432,IL,5.1e-05,0,-2000,166.75199999999998
60433,IL,5.6e-05,0,-2000,101.81818181818183
60435,IL,5.4e-05,0,-2000,149.736
60436,IL,6.2e-05,0,-2000,169.377
60438,IL,0.0001645,1,5000,222.272
60439,IL,0.000128,0,-2000,511.7327327327327
60440,IL,0.0001125,0,-2000,494.40000000000003
60441,IL,7.7e-05,0,-2000,49.44055944055944
60442,IL,9.25e-05,2,8000,52.59259259259259
60443,IL,0.0008985,2,8000,1602.372
60445,IL,4.75e-05,0,-2000,160.56513026052104
60446,IL,0.000106,0,-2000,231.8038038038038
60447,IL,4.9e-05,2,8000,25.505505505505507
60448,IL,0.000121,0,-2000,443.486
60449,IL,3.55e-05,2,8000,19.564128256513026
60451,IL,0.000122,0,-2000,415.6643356643357
60452,IL,6.3e-05,0,-2000,272.209
60453,IL,5.05e-05,0,-2000,147.18562874251498
60455,IL,4e-05,0,-2000,121.71300000000001
60456,IL,2.35e-05,1,5000,8.424575424575425
60457,IL,4.3e-05,0,-2000,101.94905094905096
60458,IL,5.65e-05,0,-2000,101.907
60459,IL,4.3e-05,0,-2000,40.0
60461,IL,0.000672,2,8000,418.40240240240234
60462,IL,6.65e-05,0,-2000,32.157000000000004
60463,IL,6.35e-05,0,-2000,300.358
60464,IL,0.0001105,0,-2000,207.66467065868264
60465,IL,4.6e-05,0,-2000,134.4994994994995
60466,IL,0.00028,1,5000,744.2525050100201
60467,IL,9.65e-05,0,-2000,66.798
60469,IL,4.9e-05,1,5000,252.35229540918164
60471,IL,0.001061,2,8000,697.440881763527
60472,IL,0.0005455,2,8000,298.627
60473,IL,0.0009105,2,8000,1365.7342657342658
60475,IL,4.15e-05,1,5000,53.81218781218781
60476,IL,7.95e-05,2,8000,135.56643356643355
60477,IL,7.7e-05,0,-2000,412.7807807807808
60478,IL,0.0009805,2,8000,882.0820820820821
60480,IL,5.25e-05,1,5000,84.04504504504504
60482,IL,2.05e-05,0,-2000,73.003003003003
60484,IL,9.5e-06,2,8000,4.123
60487,IL,0.0001935,0,-2000,435.92814371257487
60490,IL,0.0004415,1,5000,1775.7042957042956
60491,IL,0.0001255,0,-2000,558.848
60501,IL,3.4e-05,0,-2000,114.12
60502,IL,0.000316,1,5000,506.011011011011
60503,IL,0.0002965,1,5000,1158.048048048048
60504,IL,0.0001045,0,-2000,382.95
60505,IL,2.9e-05,0,-2000,158.06
60506,IL,5.2e-05,0,-2000,130.28228228228227
60510,IL,0.000101,0,-2000,489.1468531468532
60512,IL,0.0001155,2,8000,66.06599999999999
60513,IL,6.75e-05,0,-2000,209.89210789210787
60514,IL,5.3e-05,0,-2000,31.616
60515,IL,9.35e-05,0,-2000,49.74274274274274
60516,IL,7.15e-05,0,-2000,47.278557114228455
60517,IL,9.05e-05,0,-2000,374.6112224448898
60519,IL,3e-06,2,8000,1.5255255255255253
60521,IL,0.001338,2,8000,2028.4285714285713
60523,IL,7.45e-05,0,-2000,376.1207584830339
60525,IL,0.0001055,0,-2000,73.22399999999999
60526,IL,7.85e-05,0,-2000,189.316
60527,IL,0.000119,0,-2000,85.07892107892108
60532,IL,6.15e-05,0,-2000,5.836836836836837
60534,IL,2.85e-05,0,-2000,78.9090909090909
60538,IL,6.45e-05,0,-2000,168.696
60540,IL,0.0001805,0,-2000,1019.8201798201798
60542,IL,0.000112,0,-2000,291.392
60543,IL,0.0001245,0,-2000,561.2482482482483
60544,IL,9.9e-05,0,-2000,394.98303393213575
60546,IL,7.95e-05,0,-2000,270.81081081081084
60554,IL,0.0001505,2,8000,90.387
60555,IL,6.2e-05,0,-2000,150.85329341317365
60558,IL,0.0004345,1,5000,1503.5764235764236
60559,IL,6e-05,0,-2000,312.276
60560,IL,8.9e-05,1,5000,296.3543543543543
60561,IL,7.25e-05,0,-2000,301.162
60563,IL,9.85e-05,0,-2000,526.9299299299299
60564,IL,0.0003965,0,-2000,1465.6176176176177
60565,IL,0.000209,0,-2000,1024.302
60585,IL,0.000383,1,5000,652.27
60586,IL,0.000193,0,-2000,817.4025974025974
60601,IL,3.7e-05,2,8000,28.884
60602,IL,1.85e-05,2,8000,10.148148148148147
60603,IL,1.9e-05,2,8000,14.022
60604,IL,8.5e-06,1,5000,16.22877122877123
60605,IL,9.2e-05,2,8000,161.32530120481928
60606,IL,3.3e-05,2,8000,19.31868131868132
60607,IL,0.0001585,1,5000,628.3756243756244
60608,IL,6.2e-05,0,-2000,113.08
60609,IL,5.85e-05,0,-2000,201.144
60610,IL,8e-05,1,5000,129.1818181818182
60611,IL,7.15e-05,2,8000,96.2874251497006
60612,IL,0.000223,0,-2000,402.528
60613,IL,6.15e-05,0,-2000,269.0930930930931
60614,IL,0.0001625,0,-2000,742.045
60615,IL,0.000197,1,5000,684.9300000000001
60616,IL,9.6e-05,0,-2000,345.8961038961039
60617,IL,0.000201,0,-2000,270.6946946946947
60618,IL,8.45e-05,0,-2000,42.68331668331668
60619,IL,0.0006505,1,5000,840.351
60620,IL,0.000918,1,5000,3614.992007992008
60621,IL,0.0005015,1,5000,1591.4160000000002
60622,IL,0.000124,0,-2000,654.982982982983
60623,IL,5e-05,0,-2000,235.53553553553553
60624,IL,0.0004005,1,5000,1248.7612387612387
60625,IL,5.4e-05,0,-2000,0.0
60626,IL,6.1e-05,0,-2000,127.07615230460921
60628,IL,0.0008075,1,5000,3522.0280000000002
60629,IL,4.85e-05,0,-2000,86.45908183632734
60630,IL,5.95e-05,0,-2000,178.6853146853147
60631,IL,8.2e-05,0,-2000,90.15599999999999
60632,IL,3.05e-05,0,-2000,63.887887887887885
60633,IL,9.9e-05,1,5000,161.04
60634,IL,4.9e-05,0,-2000,157.96396396396398
60636,IL,0.0002865,1,5000,477.4
60637,IL,0.0002545,1,5000,413.3886113886114
60638,IL,7.15e-05,0,-2000,71.91208791208791
60639,IL,4.45e-05,0,-2000,186.3916083916084
60640,IL,6e-05,0,-2000,268.25374625374627
60641,IL,3.95e-05,0,-2000,131.51551551551552
60642,IL,0.000245,1,5000,728.3783783783783
60643,IL,0.0005865,1,5000,2943.8361638361635
60644,IL,0.000347,1,5000,1491.774225774226
60645,IL,5.5e-05,0,-2000,60.28571428571429
60646,IL,8.7e-05,0,-2000,22.77177177177177
60647,IL,8.55e-05,0,-2000,0.0
60649,IL,0.0006085,1,5000,1303.043043043043
60651,IL,0.000176,1,5000,406.6756756756757
60652,IL,0.0001875,0,-2000,537.5818363273453
60653,IL,0.0004595,2,8000,808.1586826347306
60654,IL,8.35e-05,2,8000,151.33333333333331
60655,IL,0.0001255,0,-2000,416.2245508982036
60656,IL,4.8e-05,0,-2000,31.240000000000002
60657,IL,6.85e-05,0,-2000,28.21178821178821
60659,IL,4.5e-05,0,-2000,55.565565565565564
60660,IL,4.4e-05,0,-2000,133.454
60661,IL,7.65e-05,2,8000,52.27372627372627
60706,IL,4.9e-05,0,-2000,40.303696303696306
60707,IL,5.7e-05,0,-2000,9.563436563436563
60712,IL,7.2e-05,0,-2000,295.89500000000004
60714,IL,4.55e-05,0,-2000,111.92992992992993
60803,IL,8.75e-05,0,-2000,267.53346653346654
60804,IL,3.95e-05,0,-2000,122.33333333333333
60805,IL,0.0001335,1,5000,222.98502994011977
60827,IL,0.0005205,1,5000,1259.545
60901,IL,7.7e-05,0,-2000,152.77599999999998
60910,IL,2.1e-05,2,8000,12.076076076076077
60914,IL,6.45e-05,0,-2000,177.86746987951807
60915,IL,2.7e-05,1,5000,36.171171171171174
60922,IL,4e-06,2,8000,1.2295409181636727
60964,IL,2.5e-06,2,8000,0.8350000000000001
61008,IL,3.25e-05,0,-2000,45.71
61011,IL,0.0002035,1,5000,409.7837837837838
61016,IL,6.3e-05,1,5000,53.3936063936064
61025,IL,3e-06,0,-2000,7.828828828828828
61065,IL,7.8e-05,1,5000,105.95604395604396
61072,IL,3.85e-05,2,8000,18.326
61073,IL,6.1e-05,0,-2000,107.353
61101,IL,6.7e-05,0,-2000,113.25074925074927
61102,IL,5.9e-05,0,-2000,212.642073778664
61103,IL,4.4e-05,0,-2000,93.83216783216783
61104,IL,3.4e-05,0,-2000,127.27727727727728
61107,IL,3.5e-05,0,-2000,108.936
61108,IL,3.45e-05,0,-2000,78.89399999999999
61109,IL,4.75e-05,0,-2000,234.93506493506493
61111,IL,3.25e-05,0,-2000,68.085
61114,IL,4.75e-05,0,-2000,216.9080919080919
61115,IL,3.55e-05,0,-2000,171.21621621621622
61201,IL,7.5e-06,0,-2000,0.0
61239,IL,3e-06,1,5000,5.9909909909909915
61240,IL,8e-06,0,-2000,0.0
61241,IL,4e-06,1,5000,4.364729458917836
61244,IL,7.5e-06,0,-2000,34.3186372745491
61256,IL,4.5e-06,1,5000,14.553446553446554
61264,IL,7e-06,0,-2000,5.541541541541542
61265,IL,6e-06,0,-2000,26.30969030969031
61273,IL,3.5e-06,2,8000,0.6493506493506493
61275,IL,6e-06,2,8000,1.4294294294294296
61282,IL,5.5e-06,0,-2000,17.153846153846153
61284,IL,9e-06,2,8000,4.727
61301,IL,4.25e-05,0,-2000,99.012
61320,IL,2.55e-05,2,8000,6.312625250501003
61341,IL,3.45e-05,1,5000,27.493
61348,IL,3.9e-05,1,5000,46.397999999999996
61350,IL,5.7e-05,0,-2000,190.188
61354,IL,4.95e-05,0,-2000,106.568
61362,IL,3.5e-05,1,5000,130.44088176352705
61364,IL,3e-05,0,-2000,139.96693386773546
61373,IL,4.35e-05,2,8000,5.143286573146292
61523,IL,7.6e-05,2,8000,74.94610778443113
61525,IL,0.000382,1,5000,756.0
61526,IL,2e-06,2,8000,0.44844844844844844
61528,IL,0.000421,2,8000,219.32335329341316
61535,IL,0.000188,2,8000,85.13186813186813
61536,IL,2e-05,2,8000,3.4799999999999995
61547,IL,0.0001565,2,8000,39.203406813627254
61548,IL,9.7e-05,2,8000,144.83700000000002
61550,IL,9.8e-05,2,8000,196.77122877122878
61554,IL,4e-05,0,-2000,52.19580419580419
61568,IL,6.6e-05,2,8000,34.31368631368631
61571,IL,6.3e-05,1,5000,95.46
61602,IL,3.25e-05,0,-2000,75.45599999999999
61603,IL,0.000139,1,5000,482.12375249500997
61604,IL,7.9e-05,0,-2000,266.197
61605,IL,0.000171,1,5000,671.9158316633267
61606,IL,6.95e-05,1,5000,246.0
61607,IL,6.6e-05,1,5000,39.03603603603604
61610,IL,2.8e-05,1,5000,110.9258517034068
61611,IL,6.6e-05,0,-2000,172.4790419161677
61614,IL,9.1e-05,0,-2000,316.151
61615,IL,0.000136,0,-2000,402.07800000000003
61616,IL,3.95e-05,1,5000,60.896
61701,IL,4.95e-05,0,-2000,224.875
61704,IL,0.0001065,0,-2000,482.53999999999996
61705,IL,0.0001865,1,5000,597.7982017982018
61725,IL,9e-06,2,8000,3.5460000000000003
61748,IL,1.75e-05,2,8000,3.1149999999999998
61761,IL,7.4e-05,0,-2000,179.04304304304304
61772,IL,3.25e-05,2,8000,1.1711711711711712
61776,IL,9.25e-05,2,8000,38.2
61801,IL,4e-05,0,-2000,94.625
61802,IL,9.3e-05,1,5000,138.07807807807808
61814,IL,2.4e-05,2,8000,3.161676646706587
61817,IL,4.15e-05,2,8000,8.444444444444445
61820,IL,4.7e-05,0,-2000,0.0
61821,IL,0.0001235,0,-2000,304.13586413586415
61822,IL,0.0002395,1,5000,682.3512974051896
61832,IL,6.8e-05,0,-2000,286.14157527417746
61833,IL,2.6e-05,2,8000,28.824175824175825
61834,IL,0.000123,2,8000,32.02702702702703
61841,IL,5e-07,2,8000,0.06893106893106893
61858,IL,3.95e-05,2,8000,6.622754491017964
61864,IL,2.3e-05,2,8000,6.032032032032031
61874,IL,0.0001335,1,5000,302.202
61880,IL,2.75e-05,2,8000,5.445
61883,IL,3.05e-05,2,8000,51.051051051051054
62025,IL,1e-05,2,8000,5.7142857142857135
62034,IL,0.000158,1,5000,475.79400000000004
62040,IL,0.000114,0,-2000,234.92007992007993
62059,IL,9.4e-05,2,8000,81.32267732267732
62060,IL,0.000538,2,8000,479.195
62062,IL,0.000218,1,5000,593.8648648648649
62090,IL,0.000184,2,8000,98.72272272272272
62201,IL,0.00029,1,5000,636.5410821643286
62203,IL,0.0012055,2,8000,619.6270000000001
62204,IL,0.000948,2,8000,476.84969939879755
62205,IL,0.0016265,2,8000,855.539
62206,IL,0.0005685,2,8000,1045.8
62207,IL,0.0012555,2,8000,659.7332667332666
62208,IL,0.000393,1,5000,1384.7
62221,IL,0.000193,2,8000,93.41199999999999
62223,IL,0.000245,1,5000,863.5490981963927
62226,IL,0.000273,2,8000,463.3246753246753
62232,IL,0.0001065,1,5000,97.72455089820359
62234,IL,0.000123,0,-2000,405.762
62236,IL,0.0001385,2,8000,78.51097804391217
62239,IL,0.0001075,1,5000,401.7422577422578
62240,IL,7.95e-05,2,8000,135.000999000999
62260,IL,0.000138,2,8000,68.93106893106894
62269,IL,0.000421,2,8000,404.028
62521,IL,0.0001025,0,-2000,218.44555444555448
62522,IL,0.000114,1,5000,338.963
62523,IL,0.000138,2,8000,78.10799999999999
62526,IL,9.7e-05,0,-2000,288.4248496993988
62535,IL,0.0001975,2,8000,133.507
62544,IL,8e-06,2,8000,2.066066066066066
62549,IL,0.0001255,2,8000,162.72272272272272
62554,IL,4.6e-05,2,8000,9.853853853853854
62558,IL,6.6e-05,2,8000,23.410821643286575
62561,IL,5.6e-05,1,5000,234.70340681362725
62563,IL,0.0001755,1,5000,436.05605605605604
62625,IL,6.75e-05,2,8000,28.783783783783782
62629,IL,0.000216,1,5000,863.8438438438438
62670,IL,1.85e-05,2,8000,7.799200799200799
62677,IL,2.35e-05,2,8000,10.669
62684,IL,0.0003665,2,8000,325.186372745491
62701,IL,9e-05,2,8000,47.752752752752755
62702,IL,8.8e-05,0,-2000,357.6376376376376
62703,IL,0.000171,0,-2000,434.5735735735736
62704,IL,0.0001015,0,-2000,297.5124875124875
62707,IL,0.0001205,1,5000,445.36
62711,IL,0.0003225,1,5000,1359.9099999999999
62712,IL,0.000196,1,5000,775.488
62957,IL,5.75e-05,2,8000,35.45545545545546
62960,IL,7.1e-05,2,8000,25.986
46001,IN,1e-06,2,8000,0.088
46011,IN,4.5e-05,1,5000,159.56586826347305
46012,IN,2.35e-05,0,-2000,37.81981981981982
46013,IN,2.75e-05,0,-2000,91.01198801198802
46016,IN,3.15e-05,0,-2000,28.595404595404595
46017,IN,2.9e-05,2,8000,29.97002997002997
46032,IN,0.000151,1,5000,96.51748251748252
46033,IN,0.0002155,0,-2000,1295.592
46037,IN,0.0002045,1,5000,1010.0139860139861
46038,IN,0.0001105,1,5000,0.0
46040,IN,0.0001785,2,8000,216.7354709418838
46051,IN,2.8e-05,2,8000,17.187
46052,IN,5.5e-05,2,8000,34.447
46055,IN,0.000156,2,8000,235.4550898203593
46056,IN,2.65e-05,2,8000,4.631368631368631
46060,IN,7.95e-05,1,5000,0.0
46062,IN,0.000107,1,5000,612.1511511511511
46064,IN,5.9e-05,2,8000,111.39
46068,IN,6.85e-05,2,8000,3.3546453546453545
46069,IN,2.8e-05,2,8000,6.832335329341317
46074,IN,0.000166,1,5000,977.684
46075,IN,0.0001555,2,8000,61.70399999999999
46077,IN,0.000273,1,5000,897.9500499500499
46106,IN,9.55e-05,1,5000,284.2042042042042
46107,IN,3.15e-05,2,8000,62.726726726726724
46110,IN,3.95e-05,2,8000,6.9509509509509515
46111,IN,3.1e-05,2,8000,3.358
46112,IN,0.0001305,1,5000,728.3233233233234
46113,IN,0.000108,2,8000,153.36936936936937
46118,IN,4e-06,2,8000,0.48848848848848847
46122,IN,6.1e-05,2,8000,5.11988011988012
46123,IN,0.0001395,1,5000,154.96103896103898
46124,IN,1.7e-05,2,8000,0.68
46126,IN,3.75e-05,2,8000,64.172
46130,IN,6.6e-05,2,8000,16.40859140859141
46131,IN,7.45e-05,0,-2000,195.5874125874126
46140,IN,6e-05,2,8000,53.664
46142,IN,4.9e-05,1,5000,19.64035964035964
46143,IN,7.8e-05,1,5000,0.0
46151,IN,3.7e-05,1,5000,77.688
46158,IN,5.05e-05,0,-2000,103.74025974025975
46162,IN,5.45e-05,2,8000,4.394
46163,IN,8.2e-05,2,8000,188.56212424849699
46167,IN,0.000117,2,8000,31.92792792792793
46168,IN,9.75e-05,1,5000,438.3933933933934
46181,IN,5.5e-06,2,8000,0.6599999999999999
46184,IN,5.95e-05,1,5000,185.174
46201,IN,4.95e-05,0,-2000,113.27
46202,IN,7.65e-05,1,5000,363.8121878121878
46203,IN,4.8e-05,0,-2000,84.73273273273273
46204,IN,8.6e-05,2,8000,41.625
46205,IN,0.000129,1,5000,447.3626373626374
46208,IN,9.9e-05,1,5000,321.36
46214,IN,0.000106,2,8000,207.9
46216,IN,0.0001655,2,8000,33.288288288288285
46217,IN,7.65e-05,1,5000,298.323
46218,IN,0.000219,1,5000,703.7862137862138
46219,IN,7.35e-05,1,5000,49.268
46220,IN,8.65e-05,1,5000,79.66799999999999
46221,IN,4.9e-05,1,5000,76.35564435564436
46222,IN,8.2e-05,1,5000,348.9139139139139
46224,IN,8.8e-05,1,5000,322.46500000000003
46225,IN,3.85e-05,0,-2000,150.7957957957958
46226,IN,0.0001575,1,5000,645.736
46227,IN,2.95e-05,0,-2000,0.0
46228,IN,0.000164,2,8000,180.815
46229,IN,0.00028,2,8000,266.3703703703704
46231,IN,0.0001355,2,8000,95.0179640718563
46234,IN,0.00011,1,5000,397.74174174174175
46235,IN,0.000304,2,8000,472.5795795795796
46236,IN,0.0001705,1,5000,726.8101898101899
46237,IN,5.6e-05,0,-2000,0.0
46239,IN,0.00017,2,8000,292.122754491018
46240,IN,4.55e-05,1,5000,56.407
46241,IN,4.8e-05,0,-2000,72.53907815631263
46250,IN,6.6e-05,1,5000,175.712
46254,IN,0.000326,2,8000,234.01202404809618
46256,IN,8.65e-05,0,-2000,318.94805194805195
46259,IN,0.0001565,1,5000,441.0769230769231
46260,IN,0.000133,1,5000,363.67867867867864
46268,IN,0.0001875,2,8000,185.35864135864136
46278,IN,0.0007515,2,8000,214.082
46280,IN,5.75e-05,2,8000,107.14
46304,IN,4.1e-05,0,-2000,102.432
46307,IN,7.05e-05,2,8000,109.71028971028971
46311,IN,8.3e-05,1,5000,385.64835164835165
46312,IN,7.25e-05,0,-2000,58.208
46319,IN,5.2e-05,1,5000,218.32799999999997
46320,IN,8.05e-05,0,-2000,164.13086913086912
46321,IN,7.3e-05,0,-2000,317.3353293413174
46322,IN,4.4e-05,0,-2000,212.912
46323,IN,4.5e-05,0,-2000,196.61261261261262
46324,IN,4.75e-05,0,-2000,180.85085085085086
46327,IN,3.4e-05,0,-2000,92.13986013986013
46341,IN,4.2e-05,2,8000,4.629258517034068
46342,IN,4.05e-05,0,-2000,132.95395395395394
46350,IN,1.85e-05,2,8000,8.467065868263472
46360,IN,4.05e-05,0,-2000,195.2152152152152
46368,IN,4.2e-05,0,-2000,241.58241758241758
46373,IN,0.0001035,2,8000,122.36472945891784
46375,IN,6e-05,0,-2000,270.5671342685371
46383,IN,3.4e-05,0,-2000,29.76
46385,IN,4.95e-05,0,-2000,218.33567134268537
46391,IN,1.4e-05,2,8000,1.036
46393,IN,6e-06,0,-2000,0.0
46394,IN,3.75e-05,0,-2000,116.63863863863864
46402,IN,0.0004575,2,8000,236.64000000000001
46403,IN,0.000183,1,5000,308.03499999999997
46404,IN,0.000471,2,8000,606.2437562437563
46405,IN,2.05e-05,0,-2000,68.397
46406,IN,0.000163,2,8000,157.02297702297702
46407,IN,0.000432,2,8000,572.292
46408,IN,0.000106,1,5000,298.1021021021021
46409,IN,0.0002495,2,8000,210.8807615230461
46410,IN,0.0001715,0,-2000,322.29940119760477
46530,IN,4.2e-05,0,-2000,142.86599999999999
46544,IN,2.25e-05,0,-2000,84.08391608391608
46545,IN,1.85e-05,0,-2000,94.276
46554,IN,4.5e-06,2,8000,0.432
46561,IN,2.25e-05,2,8000,29.584415584415588
46601,IN,3.95e-05,1,5000,152.55944055944056
46613,IN,2.6e-05,0,-2000,107.36526946107784
46614,IN,2.85e-05,0,-2000,97.90772316950853
46615,IN,2.15e-05,0,-2000,46.71
46616,IN,2.55e-05,1,5000,46.35835835835836
46617,IN,3.35e-05,0,-2000,51.44244244244245
46619,IN,2.85e-05,0,-2000,0.0
46628,IN,5.3e-05,0,-2000,40.045
46635,IN,2.05e-05,1,5000,79.7882117882118
46637,IN,3.15e-05,0,-2000,94.57342657342657
46706,IN,8.5e-06,2,8000,0.5615615615615616
46723,IN,2.15e-05,2,8000,16.875124875124875
46725,IN,3.95e-05,2,8000,2.816
46741,IN,1.85e-05,2,8000,9.61038961038961
46745,IN,2.55e-05,2,8000,2.047
46748,IN,4.15e-05,1,5000,153.46099999999998
46765,IN,4.35e-05,1,5000,133.62
46774,IN,2.6e-05,1,5000,117.84915084915085
46783,IN,4.5e-05,2,8000,28.7987987987988
46788,IN,3.85e-05,2,8000,7.807807807807809
46798,IN,3.3e-05,2,8000,1.6019999999999999
46802,IN,2.95e-05,0,-2000,89.08383233532935
46803,IN,6.3e-05,1,5000,230.06493506493504
46804,IN,4.15e-05,0,-2000,198.814
46805,IN,2.5e-05,0,-2000,39.498
46806,IN,5.55e-05,0,-2000,159.16483516483518
46807,IN,2.25e-05,0,-2000,35.133
46808,IN,2.85e-05,0,-2000,106.24849699398797
46809,IN,3.1e-05,0,-2000,64.43530591775327
46814,IN,0.0001015,1,5000,13.872
46815,IN,2.5e-05,0,-2000,72.675
46816,IN,4e-05,0,-2000,108.40840840840842
46818,IN,4.55e-05,0,-2000,81.70329670329672
46819,IN,2.3e-05,1,5000,68.958
46825,IN,4.25e-05,0,-2000,75.66833166833167
46835,IN,2.9e-05,0,-2000,109.06
46845,IN,6.85e-05,0,-2000,100.63663663663664
46901,IN,4e-05,0,-2000,184.33800000000002
46902,IN,3.95e-05,0,-2000,162.9039039039039
46914,IN,1e-06,2,8000,0.13827655310621242
46932,IN,1.9e-05,2,8000,6.242728184553661
47106,IN,3.05e-05,2,8000,4.217434869739479
47111,IN,0.00012,1,5000,257.29058116232466
47117,IN,5.2e-05,2,8000,7.208416833667334
47119,IN,0.000131,2,8000,145.7125748502994
47129,IN,5.55e-05,1,5000,208.576
47130,IN,9.4e-05,1,5000,447.687
47141,IN,3e-06,2,8000,0.35435435435435436
47143,IN,0.000169,2,8000,20.424
47150,IN,7.25e-05,0,-2000,218.3903903903904
47172,IN,9.25e-05,0,-2000,143.697
47201,IN,8.15e-05,0,-2000,172.9169169169169
47203,IN,4.6e-05,0,-2000,76.5
47226,IN,1.85e-05,2,8000,1.4386839481555336
47280,IN,3.35e-05,2,8000,10.944
47302,IN,2.55e-05,0,-2000,0.0
47303,IN,2.4e-05,0,-2000,105.44144144144144
47304,IN,2.95e-05,0,-2000,130.549
47305,IN,2.05e-05,0,-2000,67.08908908908909
47320,IN,1.45e-05,2,8000,1.220440881763527
47334,IN,4.1e-05,2,8000,25.72244488977956
47342,IN,2.35e-05,2,8000,2.021
47356,IN,3.2e-05,2,8000,3.978
47383,IN,1.5e-06,2,8000,0.03296703296703297
47396,IN,3.15e-05,2,8000,58.002
47401,IN,3.15e-05,0,-2000,55.464
47403,IN,5.3e-05,0,-2000,163.21
47404,IN,3.45e-05,0,-2000,173.50650650650653
47408,IN,2.2e-05,0,-2000,97.38276553106212
47429,IN,5.25e-05,2,8000,61.58876629889669
47601,IN,6.3e-05,2,8000,14.07
47610,IN,6.35e-05,2,8000,72.16216216216216
47630,IN,0.0001265,0,-2000,439.3607214428858
47708,IN,5.4e-05,2,8000,53.81981981981982
47710,IN,4.9e-05,0,-2000,209.80239520958085
47711,IN,8.05e-05,0,-2000,228.4930139720559
47712,IN,5.65e-05,0,-2000,185.198
47713,IN,0.0001175,1,5000,451.99300699300693
47714,IN,7e-05,0,-2000,98.89
47715,IN,9.9e-05,0,-2000,325.83383383383386
47720,IN,6.85e-05,0,-2000,167.11
47725,IN,0.0001845,1,5000,476.405
47802,IN,4.9e-05,0,-2000,117.68968968968969
47803,IN,3.35e-05,0,-2000,121.80419580419581
47804,IN,3.05e-05,0,-2000,113.70289132602193
47805,IN,3.6e-05,0,-2000,41.25825825825826
47807,IN,3.1e-05,0,-2000,0.0
47863,IN,1.35e-05,2,8000,1.188
47871,IN,5e-06,2,8000,0.31
47874,IN,7.5e-06,2,8000,0.42042042042042044
47885,IN,3e-05,1,5000,90.003003003003
47901,IN,2.75e-05,2,8000,41.42284569138276
47904,IN,2.5e-05,0,-2000,122.98901098901099
47905,IN,4.5e-05,0,-2000,65.44944944944945
47906,IN,2.2e-05,0,-2000,0.0
47909,IN,4.2e-05,0,-2000,83.28328328328328
47920,IN,4.9e-05,2,8000,5.580419580419581
47932,IN,1.45e-05,2,8000,0.9850149850149851
47982,IN,8e-06,2,8000,0.4964964964964965
47993,IN,2.5e-06,2,8000,0.2902902902902903
66012,KS,7e-06,2,8000,0.7987987987987988
66013,KS,6.85e-05,2,8000,27.126
66024,KS,4.4e-05,2,8000,3.312
66025,KS,0.000117,2,8000,120.64864864864865
66030,KS,0.000126,2,8000,19.17082917082917
66044,KS,3.3e-05,0,-2000,13.75975975975976
66046,KS,5e-05,1,5000,201.30738522954093
66047,KS,4.35e-05,0,-2000,114.76846307385229
66049,KS,7.35e-05,0,-2000,0.0
66050,KS,8.5e-06,2,8000,1.919080919080919
66052,KS,2.5e-06,2,8000,0.47
66061,KS,0.0001435,0,-2000,275.9338677354709
66062,KS,0.000179,0,-2000,443.08308308308307
66083,KS,5.15e-05,2,8000,5.263527054108216
66085,KS,0.0002455,2,8000,323.7512487512488
66086,KS,2e-06,2,8000,0.2997002997002997
66090,KS,5.4e-05,2,8000,32.7032967032967
66101,KS,6.75e-05,1,5000,173.04995004995004
66102,KS,4.9e-05,0,-2000,148.49699398797594
66103,KS,4.2e-05,1,5000,91.82682682682683
66104,KS,8e-05,1,5000,281.232
66105,KS,2.35e-05,1,5000,59.22233300099701
66106,KS,4.95e-05,0,-2000,112.02
66109,KS,0.0001645,2,8000,252.62137862137862
66111,KS,5.85e-05,1,5000,144.38877755511024
66112,KS,0.0001185,2,8000,85.53599999999999
66202,KS,6.1e-05,1,5000,138.966
66203,KS,6.35e-05,1,5000,190.2435129740519
66204,KS,5.8e-05,2,8000,84.8048048048048
66205,KS,7.6e-05,1,5000,182.72172172172174
66206,KS,0.0002335,2,8000,306.33799999999997
66207,KS,9.55e-05,1,5000,288.7792207792208
66208,KS,8.35e-05,1,5000,359.15
66209,KS,0.000209,1,5000,941.706
66210,KS,9.35e-05,1,5000,246.48448448448448
66211,KS,0.0001435,1,5000,263.998
66212,KS,6.1e-05,1,5000,216.99100899100898
66213,KS,0.0001665,1,5000,834.054
66214,KS,0.000105,2,8000,100.07507507507508
66215,KS,0.0001065,1,5000,282.31768231768234
66216,KS,0.0001175,1,5000,591.5394605394606
66217,KS,6.35e-05,1,5000,131.228
66218,KS,0.0003675,2,8000,342.3723723723724
66219,KS,0.0001025,2,8000,178.33133133133134
66220,KS,0.00073,2,8000,479.37
66221,KS,0.001425,2,8000,1350.7427427427428
66223,KS,0.0001605,1,5000,619.5195195195196
66224,KS,0.0009,2,8000,844.184
66226,KS,0.0004815,2,8000,375.9279279279279
66227,KS,0.000307,2,8000,97.7245508982036
66402,KS,8.05e-05,2,8000,22.712000000000003
66409,KS,0.0001365,2,8000,18.894000000000002
66429,KS,4e-06,0,-2000,0.0
66502,KS,6.1e-05,0,-2000,257.65234765234766
66503,KS,0.0001855,1,5000,485.4614614614615
66542,KS,0.0001245,2,8000,27.602
66546,KS,5e-05,2,8000,7.6076076076076085
66603,KS,4.4e-05,1,5000,86.697
66604,KS,6.75e-05,0,-2000,223.8738738738739
66605,KS,8.55e-05,0,-2000,290.7627627627628
66606,KS,5.2e-05,0,-2000,122.31
66607,KS,5.65e-05,0,-2000,210.9
66608,KS,6.35e-05,2,8000,49.98198198198199
66609,KS,0.00011,2,8000,130.0
66610,KS,0.000227,2,8000,381.5975975975976
66611,KS,6.75e-05,1,5000,242.9700598802395
66612,KS,5.85e-05,2,8000,88.0
66614,KS,7.8e-05,0,-2000,269.8921078921079
66615,KS,8.7e-05,2,8000,55.987987987987985
66616,KS,6.5e-05,1,5000,146.135593220339
66617,KS,9.75e-05,2,8000,30.732732732732735
66618,KS,0.0001475,2,8000,72.645
66619,KS,0.0001085,2,8000,6.546546546546547
66739,KS,3.95e-05,2,8000,44.389389389389386
67002,KS,0.000429,2,8000,679.2460000000001
67026,KS,4.4e-05,2,8000,10.626746506986027
67030,KS,2.55e-05,2,8000,6.674325674325675
67037,KS,0.00022,1,5000,903.1503006012024
67052,KS,0.0002845,2,8000,71.125
67055,KS,2.65e-05,2,8000,3.123876123876124
67060,KS,0.000124,1,5000,289.7975951903808
67067,KS,0.00039,2,8000,75.58441558441558
67101,KS,0.000201,2,8000,192.22355289421156
67110,KS,5e-07,2,8000,0.09
67120,KS,2.1e-05,2,8000,5.723446893787575
67147,KS,0.0001455,2,8000,187.38738738738738
67202,KS,0.0001345,2,8000,100.998
67203,KS,9.55e-05,0,-2000,260.64335664335664
67204,KS,0.0001215,1,5000,460.57800000000003
67205,KS,0.0005155,2,8000,898.1332665330661
67206,KS,0.0002755,1,5000,1074.7357357357357
67207,KS,0.000248,1,5000,769.9058116232464
67208,KS,0.000222,1,5000,793.2222222222223
67209,KS,0.0002235,2,8000,379.6756756756757
67210,KS,0.0002045,2,8000,199.45654345654347
67211,KS,0.000105,0,-2000,190.269
67212,KS,0.0001145,0,-2000,265.814371257485
67213,KS,0.0001085,0,-2000,261.84415584415586
67214,KS,0.0002395,1,5000,758.5690000000001
67215,KS,0.0004915,2,8000,227.7222777222777
67216,KS,8.4e-05,0,-2000,206.41841841841844
67217,KS,0.0001145,0,-2000,176.73873873873876
67218,KS,0.000116,1,5000,156.44055944055944
67219,KS,0.00033,2,8000,443.966033966034
67220,KS,0.0003665,2,8000,492.3333333333333
67223,KS,0.000138,2,8000,18.216
67226,KS,0.0003855,1,5000,775.1378621378622
67227,KS,0.00011,2,8000,10.54945054945055
67228,KS,0.000407,2,8000,238.50199999999998
67230,KS,0.001239,2,8000,908.8048048048048
67232,KS,2.8e-05,2,8000,44.64
67235,KS,0.000497,2,8000,627.85985985986
40014,KY,9.55e-05,1,5000,356.04395604395603
40023,KY,3.05e-05,2,8000,5.240759240759241
40025,KY,4.55e-05,2,8000,28.483
40026,KY,0.0001835,2,8000,207.5568862275449
40047,KY,5.7e-05,1,5000,273.3333333333333
40056,KY,5.85e-05,2,8000,78.256
40059,KY,0.000335,1,5000,1135.876123876124
40071,KY,1.7e-05,2,8000,1.837837837837838
40109,KY,3.15e-05,2,8000,49.90390390390391
40118,KY,3e-05,0,-2000,49.620999999999995
40162,KY,2.9e-05,2,8000,2.315369261477046
40165,KY,3.95e-05,0,-2000,83.06306306306307
40177,KY,9e-06,2,8000,3.707121364092277
40202,KY,5.65e-05,1,5000,116.44600000000001
40203,KY,0.0001055,0,-2000,216.74325674325675
40204,KY,3.35e-05,0,-2000,81.32064128256513
40205,KY,4.95e-05,0,-2000,40.521042084168336
40206,KY,4.05e-05,0,-2000,78.54854854854855
40207,KY,4.95e-05,0,-2000,35.60320641282565
40208,KY,5.15e-05,0,-2000,155.56243756243757
40209,KY,3.25e-05,2,8000,45.90209790209791
40210,KY,0.0004575,2,8000,339.45
40211,KY,0.0004665,2,8000,782.7072927072927
40212,KY,0.000122,1,5000,387.899
40213,KY,7.2e-05,1,5000,112.32064128256512
40214,KY,7.05e-05,0,-2000,165.54999999999998
40215,KY,5.75e-05,0,-2000,114.96000000000001
40216,KY,0.000114,0,-2000,198.516
40217,KY,4.4e-05,0,-2000,89.15215215215215
40218,KY,9.95e-05,1,5000,296.02397602397605
40219,KY,7.2e-05,0,-2000,313.674
40220,KY,4.5e-05,0,-2000,136.987012987013
40222,KY,4.2e-05,0,-2000,74.184
40223,KY,6.5e-05,0,-2000,54.53746253746254
40228,KY,7.25e-05,1,5000,257.754
40229,KY,6.9e-05,1,5000,113.328
40241,KY,8.8e-05,1,5000,34.24272818455366
40242,KY,5.15e-05,1,5000,217.866
40243,KY,4.8e-05,0,-2000,222.0670670670671
40245,KY,0.000142,1,5000,0.0
40258,KY,8.55e-05,1,5000,359.1611611611612
40272,KY,3.7e-05,0,-2000,182.468
40291,KY,7.9e-05,1,5000,148.34034034034033
40299,KY,7.25e-05,1,5000,0.0
40356,KY,4.05e-05,1,5000,166.77354709418836
40403,KY,2.35e-05,0,-2000,38.148
40461,KY,2.15e-05,2,8000,2.4959919839679356
40475,KY,3e-05,1,5000,24.80919080919081
40502,KY,2.75e-05,0,-2000,33.81781781781782
40503,KY,2.95e-05,0,-2000,125.82235528942115
40504,KY,2.85e-05,0,-2000,0.0
40505,KY,5.25e-05,0,-2000,182.46846846846847
40507,KY,2.55e-05,2,8000,45.232
40508,KY,3.05e-05,0,-2000,168.19980019980022
40509,KY,0.000112,1,5000,45.56
40510,KY,0.0003825,2,8000,80.24475524475524
40511,KY,0.0001315,1,5000,311.7862137862138
40513,KY,0.0001075,1,5000,492.928
40514,KY,5.9e-05,1,5000,0.0
40515,KY,5e-05,0,-2000,145.75324675324677
40516,KY,7.2e-05,2,8000,39.15915915915916
40517,KY,4e-05,0,-2000,103.642
41001,KY,7.1e-05,0,-2000,101.65765765765765
41005,KY,0.0001155,2,8000,36.223
41007,KY,6e-05,2,8000,90.558
41011,KY,5e-05,0,-2000,67.878
41014,KY,3.75e-05,1,5000,69.41458541458542
41015,KY,4.25e-05,0,-2000,154.22022022022023
41016,KY,4.25e-05,1,5000,142.34234234234233
41017,KY,9.35e-05,0,-2000,110.115
41018,KY,5.55e-05,0,-2000,90.01299999999999
41042,KY,9e-05,0,-2000,143.85714285714286
41048,KY,0.000279,2,8000,205.00500500500502
41051,KY,9.25e-05,1,5000,353.979
41059,KY,2.25e-05,1,5000,87.6
41063,KY,4.25e-05,2,8000,4.1641641641641645
41071,KY,3.8e-05,0,-2000,0.0
41073,KY,4.2e-05,1,5000,137.836
41074,KY,3.6e-05,1,5000,113.0830830830831
41075,KY,5.45e-05,0,-2000,98.42
41076,KY,4.55e-05,0,-2000,110.374749498998
41085,KY,2.6e-05,2,8000,11.704295704295705
41091,KY,0.000127,1,5000,489.48148148148147
41094,KY,0.000103,2,8000,127.26726726726727
41101,KY,2.5e-05,0,-2000,30.765
41102,KY,3.55e-05,0,-2000,106.46799999999999
41129,KY,3.05e-05,1,5000,119.68
41139,KY,2.55e-05,0,-2000,69.73026973026974
41144,KY,1.1e-05,2,8000,4.14014014014014
41169,KY,3.45e-05,1,5000,51.5015015015015
41175,KY,1.2e-05,2,8000,5.058941058941059
41183,KY,4.2e-05,1,5000,133.96
42001,KY,0.000112,1,5000,157.76
42003,KY,7.55e-05,0,-2000,177.52
42058,KY,4.7e-05,2,8000,6.185814185814186
42101,KY,5.6e-05,0,-2000,259.416
42103,KY,7e-05,0,-2000,210.10810810810813
42104,KY,6.8e-05,0,-2000,237.981981981982
42122,KY,8.65e-05,2,8000,48.59340659340659
42223,KY,8.95e-05,2,8000,111.84815184815186
42234,KY,1.1e-05,2,8000,2.5325325325325325
42262,KY,8.6e-05,2,8000,72.704
42286,KY,2.75e-05,2,8000,7.825651302605211
42301,KY,4.95e-05,0,-2000,0.0
42303,KY,5.1e-05,0,-2000,283.3006993006993
42366,KY,7.05e-05,2,8000,13.186813186813186
42420,KY,1.5e-06,2,8000,0.14714714714714713
42701,KY,6.1e-05,1,5000,91.795
42724,KY,6e-05,2,8000,17.045908183632733
70001,LA,9.3e-05,0,-2000,383.264
70002,LA,8.9e-05,1,5000,312.7832167832168
70003,LA,7.1e-05,0,-2000,192.777
70005,LA,5.6e-05,0,-2000,109.68168168168168
70006,LA,5.5e-05,0,-2000,53.66733466933867
70031,LA,8.9e-05,2,8000,7.146853146853147
70032,LA,3.4e-05,1,5000,110.45554445554446
70037,LA,0.0001345,2,8000,199.008008008008
70043,LA,7.25e-05,0,-2000,240.174
70047,LA,0.000129,2,8000,159.16167664670658
70049,LA,2.35e-05,2,8000,1.692
70053,LA,8.7e-05,0,-2000,194.26973026973027
70056,LA,0.0001405,1,5000,361.216
70057,LA,0.0001655,2,8000,72.645
70058,LA,0.0003135,1,5000,793.5495495495495
70062,LA,0.0001315,1,5000,374.91608391608395
70065,LA,5.95e-05,0,-2000,286.5595595595596
70068,LA,0.000287,2,8000,348.46000000000004
70070,LA,0.000118,2,8000,92.61261261261261
70072,LA,0.0001315,0,-2000,339.91516966067866
70075,LA,3.85e-05,1,5000,107.79559118236473
70079,LA,4.7e-05,2,8000,88.02202202202201
70084,LA,0.000307,2,8000,66.08782435129741
70085,LA,2.95e-05,2,8000,38.60139860139861
70087,LA,0.0003375,2,8000,31.74825174825175
70092,LA,0.0001275,2,8000,171.904
70094,LA,0.000156,1,5000,597.1813627254509
70112,LA,0.0001635,2,8000,132.2127872127872
70113,LA,0.000207,2,8000,299.904
70114,LA,0.000324,2,8000,427.31268731268733
70115,LA,0.000169,1,5000,104.922
70116,LA,0.0001015,0,-2000,261.7755511022044
70117,LA,0.0001535,0,-2000,474.3943943943944
70118,LA,0.0001275,0,-2000,185.74325674325675
70119,LA,0.0001325,0,-2000,321.06493506493507
70121,LA,0.0001015,1,5000,222.94705294705295
70122,LA,0.000208,0,-2000,613.8698698698698
70123,LA,0.0001195,1,5000,553.494
70124,LA,0.000109,0,-2000,298.92215568862275
70125,LA,0.0002525,1,5000,722.9870129870129
70126,LA,0.000319,1,5000,849.4869739478959
70127,LA,0.0002865,1,5000,676.3236763236763
70128,LA,0.000212,1,5000,568.1981981981982
70129,LA,0.0001345,2,8000,253.69230769230768
70130,LA,0.000146,1,5000,379.592
70131,LA,0.000227,1,5000,555.152
70148,LA,2e-06,2,8000,1.62
70343,LA,1.85e-05,2,8000,2.294
70360,LA,0.00013,1,5000,552.64
70363,LA,7.35e-05,1,5000,358.416
70364,LA,7.75e-05,1,5000,239.768
70395,LA,1.15e-05,2,8000,1.7674650698602796
70401,LA,0.000102,1,5000,299.58099999999996
70403,LA,0.0001035,1,5000,137.62237762237763
70446,LA,5.5e-06,2,8000,0.19799999999999998
70454,LA,5.25e-05,0,-2000,175.21678321678323
70455,LA,3.65e-05,2,8000,30.17
70462,LA,2.8e-05,2,8000,28.035000000000004
70466,LA,6.35e-05,2,8000,32.40280561122245
70501,LA,0.0004475,1,5000,935.8483033932135
70503,LA,8.7e-05,1,5000,81.112
70506,LA,6.85e-05,0,-2000,198.702
70507,LA,0.000359,2,8000,307.206
70508,LA,9.4e-05,0,-2000,210.6026026026026
70517,LA,9.55e-05,2,8000,32.30460921843687
70518,LA,0.000171,1,5000,472.42499999999995
70520,LA,0.0001245,2,8000,152.29540918163673
70525,LA,1.9e-05,2,8000,2.7712287712287713
70529,LA,8.6e-05,2,8000,115.18843469591226
70535,LA,0.000113,0,-2000,366.8811188811189
70555,LA,6.65e-05,2,8000,104.14185814185814
70560,LA,0.000223,2,8000,48.96593186372746
70570,LA,0.0003385,1,5000,727.44
70577,LA,7e-05,2,8000,80.3046953046953
70578,LA,5e-07,2,8000,0.053
70582,LA,8e-05,2,8000,6.5600000000000005
70583,LA,6.65e-05,1,5000,222.90909090909093
70584,LA,5e-07,2,8000,0.05688622754491018
70592,LA,0.0001085,0,-2000,285.7267267267267
70601,LA,0.000224,1,5000,856.941883767535
70605,LA,5.5e-05,0,-2000,91.06786427145708
70607,LA,0.000111,1,5000,223.60179640718562
70611,LA,6.9e-05,1,5000,186.73673673673676
70615,LA,0.0001875,2,8000,110.30460921843687
70663,LA,2.85e-05,0,-2000,142.4
70665,LA,6e-05,1,5000,144.2192192192192
70668,LA,1.5e-06,2,8000,0.17382617382617382
70669,LA,3.85e-05,1,5000,130.505
70706,LA,5.85e-05,1,5000,256.045
70710,LA,0.000457,2,8000,34.632
70711,LA,5e-05,2,8000,31.386613386613384
70714,LA,0.000401,2,8000,395.02297702297705
70719,LA,0.000108,2,8000,106.082
70726,LA,5.6e-05,0,-2000,255.44
70734,LA,0.0003015,2,8000,270.63963963963965
70737,LA,0.000124,1,5000,30.935064935064936
70739,LA,5.85e-05,1,5000,326.34
70744,LA,3.6e-05,2,8000,23.483483483483482
70764,LA,5e-07,2,8000,0.04095904095904096
70767,LA,0.000267,2,8000,220.725
70769,LA,0.000154,1,5000,14.233766233766234
70770,LA,4.45e-05,2,8000,38.5688622754491
70774,LA,3.8e-05,2,8000,61.443887775551104
70777,LA,3.4e-05,2,8000,3.3320000000000003
70778,LA,0.000159,2,8000,14.642642642642643
70785,LA,3.8e-05,1,5000,136.05194805194807
70791,LA,0.0002335,1,5000,486.73473473473473
70801,LA,4.7e-05,2,8000,3.572
70802,LA,0.0003155,1,5000,628.2395209580839
70805,LA,0.000634,2,8000,654.0758483033932
70806,LA,0.0001295,1,5000,583.978978978979
70807,LA,0.0005845,2,8000,438.777
70808,LA,6.8e-05,0,-2000,9.814185814185814
70809,LA,0.000158,1,5000,633.375
70810,LA,0.0001675,1,5000,0.0
70811,LA,0.0004435,2,8000,289.93506493506493
70812,LA,0.0005915,2,8000,226.63536463536462
70814,LA,0.000574,2,8000,306.56399999999996
70815,LA,0.0001735,1,5000,490.728
70816,LA,0.000149,1,5000,559.3
70817,LA,0.000128,0,-2000,71.2027972027972
70818,LA,5.95e-05,1,5000,71.16516516516518
70819,LA,0.0002995,2,8000,105.408
70820,LA,5.8e-05,0,-2000,192.786
71006,LA,1.5e-06,2,8000,0.20679320679320679
71009,LA,1.6e-05,2,8000,2.976
71024,LA,5e-07,2,8000,0.041
71037,LA,7.35e-05,2,8000,107.61523046092185
71047,LA,6.3e-05,2,8000,45.21278721278721
71051,LA,2.15e-05,2,8000,1.5004985044865402
71055,LA,5.6e-05,1,5000,146.3741223671013
71073,LA,8.55e-05,2,8000,9.879999999999999
71101,LA,0.000208,2,8000,223.376
71103,LA,0.000588,2,8000,190.68
71104,LA,6.7e-05,1,5000,84.84
71105,LA,7.7e-05,1,5000,130.31006979062812
71106,LA,0.000209,1,5000,963.7637088733799
71107,LA,0.000231,1,5000,564.5874125874126
71108,LA,0.0006055,2,8000,338.646
71109,LA,0.0007565,2,8000,505.5555555555556
71110,LA,0.0001045,2,8000,17.286573146292586
71111,LA,0.0001735,1,5000,805.4689378757515
71112,LA,8.75e-05,1,5000,269.90000000000003
71115,LA,9.2e-05,1,5000,284.3076923076923
71118,LA,0.000256,2,8000,181.85999999999999
71119,LA,0.0002065,2,8000,189.702
71129,LA,0.0004175,2,8000,151.4869739478958
71201,LA,9.35e-05,0,-2000,150.84915084915085
71202,LA,0.000329,2,8000,540.1080000000001
71203,LA,0.0001085,1,5000,508.2642642642642
71225,LA,1.95e-05,2,8000,2.969939879759519
71280,LA,1.5e-05,2,8000,1.981981981981982
71291,LA,4.35e-05,0,-2000,149.30730730730733
71292,LA,5.4e-05,1,5000,166.474
71301,LA,0.000339,1,5000,629.6323676323677
71302,LA,0.000821,2,8000,233.208
71303,LA,0.00025,2,8000,320.26526526526527
71360,LA,0.0001035,1,5000,300.53753753753756
71405,LA,6.5e-05,2,8000,55.90781563126253
71423,LA,1.5e-06,2,8000,0.17982017982017984
71485,LA,5e-07,2,8000,0.129
1001,MA,2e-06,0,-2000,9.158
1002,MA,2e-06,0,-2000,41.15915915915916
1007,MA,1.5e-06,2,8000,1.4669338677354709
1013,MA,2e-06,0,-2000,62.46153846153847
1020,MA,2e-06,0,-2000,34.154154154154156
1022,MA,2.5e-06,0,-2000,0.0
1027,MA,1.5e-06,0,-2000,29.984031936127742
1028,MA,3.5e-06,0,-2000,4.803803803803803
1030,MA,2.5e-06,0,-2000,29.84
1033,MA,3e-06,0,-2000,3.6287425149700594
1035,MA,5.5e-06,0,-2000,31.374
1036,MA,2.5e-06,1,5000,1.7582417582417584
1040,MA,1.5e-06,0,-2000,46.09390609390609
1056,MA,1.5e-06,0,-2000,64.022
1068,MA,1.5e-06,1,5000,7.636363636363636
1073,MA,3.5e-06,0,-2000,0.0
1075,MA,2.5e-06,0,-2000,40.769999999999996
1077,MA,4e-06,0,-2000,7.00999000999001
1085,MA,2e-06,0,-2000,59.35329341317366
1089,MA,2e-06,0,-2000,0.0
1095,MA,6.5e-06,0,-2000,2.216
1103,MA,1.5e-06,0,-2000,6.2142142142142145
1104,MA,2e-06,0,-2000,0.0
1105,MA,1.5e-06,0,-2000,4.081918081918082
1106,MA,5.5e-06,0,-2000,43.58441558441559
1107,MA,1e-06,0,-2000,12.473999999999998
1108,MA,2e-06,0,-2000,35.32
1109,MA,3.5e-06,0,-2000,61.164
1118,MA,3e-06,0,-2000,52.78443113772455
1119,MA,2.5e-06,0,-2000,28.679640718562872
1128,MA,2e-06,0,-2000,7.3709999999999996
1129,MA,3e-06,0,-2000,23.097804391217565
1151,MA,2e-06,0,-2000,29.874125874125873
1201,MA,1.5e-06,0,-2000,46.165
1237,MA,1.5e-06,0,-2000,8.125874125874127
1238,MA,1.5e-06,1,5000,1.1900000000000002
1240,MA,1.5e-06,0,-2000,7.375375375375375
1266,MA,1.5e-06,1,5000,2.4889779559118237
1420,MA,1.5e-06,0,-2000,140.95904095904098
1450,MA,1.7e-05,0,-2000,48.00399201596806
1453,MA,2e-06,0,-2000,71.16966067864271
1462,MA,2.5e-06,0,-2000,5.7657657657657655
1463,MA,5.5e-06,2,8000,11.43313373253493
1473,MA,4e-06,2,8000,5.872
1501,MA,3e-06,0,-2000,4.813813813813813
1504,MA,3e-06,0,-2000,19.406813627254508
1505,MA,6e-06,0,-2000,4.615384615384615
1507,MA,4e-06,0,-2000,2.818
1515,MA,1.5e-06,0,-2000,2.352
1516,MA,8e-06,0,-2000,2.757242757242757
1519,MA,6.5e-06,0,-2000,0.86
1520,MA,7.5e-06,0,-2000,26.325674325674324
1522,MA,5e-06,0,-2000,14.432432432432433
1524,MA,2e-06,0,-2000,0.0
1527,MA,3e-06,0,-2000,14.796000000000001
1529,MA,2e-06,0,-2000,3.052947052947053
1534,MA,5e-06,1,5000,5.0890890890890885
1535,MA,3e-06,1,5000,1.302
1536,MA,3e-06,0,-2000,4.7700000000000005
1537,MA,2e-06,0,-2000,7.120240480961924
1540,MA,4e-06,0,-2000,15.429141716566866
1541,MA,1.6e-05,1,5000,45.14285714285714
1542,MA,3.5e-06,0,-2000,15.409362549800797
1543,MA,4e-06,0,-2000,0.6306306306306306
1545,MA,7e-06,0,-2000,18.17065868263473
1560,MA,3e-06,0,-2000,12.464
1562,MA,1.5e-06,0,-2000,9.425574425574425
1564,MA,6.5e-06,0,-2000,2.165330661322645
1566,MA,5.5e-06,2,8000,6.290419161676647
1568,MA,8e-06,0,-2000,22.859719438877754
1569,MA,7e-06,0,-2000,1.8286573146292584
1570,MA,2.5e-06,0,-2000,19.715284715284714
1571,MA,3e-06,0,-2000,15.7997997997998
1581,MA,1e-05,1,5000,16.73926073926074
1583,MA,3e-06,0,-2000,2.077
1588,MA,3.5e-06,0,-2000,12.755244755244755
1590,MA,9.5e-06,0,-2000,0.0
1602,MA,3e-06,0,-2000,112.625
1603,MA,2e-06,0,-2000,42.432
1604,MA,3e-06,0,-2000,56.928000000000004
1605,MA,1.5e-06,0,-2000,63.328
1606,MA,3e-06,0,-2000,37.98601398601399
1607,MA,3.5e-06,0,-2000,4.686
1608,MA,1.5e-06,0,-2000,9.945945945945946
1609,MA,1.5e-06,0,-2000,59.400599400599404
1610,MA,1.5e-06,0,-2000,57.225
1611,MA,2.5e-06,0,-2000,0.552
1612,MA,6e-06,0,-2000,0.0
1701,MA,4.5e-06,0,-2000,10.934131736526945
1702,MA,2e-06,0,-2000,63.8028028028028
1721,MA,4.5e-06,0,-2000,16.386386386386388
1730,MA,5.5e-06,0,-2000,10.6437125748503
1731,MA,1.5e-06,0,-2000,0.0
1741,MA,2.6e-05,0,-2000,127.07199999999999
1742,MA,4e-06,2,8000,4.924924924924925
1745,MA,1.5e-05,1,5000,17.582
1746,MA,7.5e-06,0,-2000,33.53
1747,MA,6e-06,0,-2000,0.0
1748,MA,2.35e-05,0,-2000,19.22277722277722
1756,MA,6.5e-06,0,-2000,12.528
1757,MA,4e-06,0,-2000,79.968
1760,MA,4e-06,0,-2000,71.02197802197803
1770,MA,3.9e-05,0,-2000,184.392
1772,MA,2.65e-05,0,-2000,13.895104895104895
1773,MA,7.5e-06,0,-2000,36.27
1778,MA,2.5e-06,2,8000,3.185
1801,MA,3e-06,0,-2000,0.0
1803,MA,5e-06,0,-2000,21.192
1810,MA,1.1e-05,0,-2000,82.13813813813813
1821,MA,7e-06,0,-2000,101.62075848303392
1824,MA,5.5e-06,0,-2000,15.961077844311378
1826,MA,2.5e-06,0,-2000,50.866866866866864
1827,MA,1.25e-05,0,-2000,4.595
1830,MA,1.5e-06,0,-2000,84.24850299401199
1832,MA,2e-06,0,-2000,50.204
1833,MA,5e-07,2,8000,0.5705705705705706
1834,MA,6.5e-06,0,-2000,2.6693306693306695
1835,MA,4e-06,0,-2000,24.736736736736738
1840,MA,5e-07,0,-2000,5.514485514485514
1841,MA,1.5e-06,0,-2000,108.82682682682683
1843,MA,2e-06,0,-2000,27.75450901803607
1844,MA,3e-06,0,-2000,70.368
1845,MA,6e-06,0,-2000,43.392
1850,MA,2e-06,0,-2000,42.87487487487488
1851,MA,2.5e-06,0,-2000,42.10489510489511
1852,MA,2e-06,0,-2000,51.08474576271186
1854,MA,1.5e-06,0,-2000,67.456
1862,MA,5.5e-06,0,-2000,14.019960079840319
1863,MA,5.5e-06,0,-2000,29.971000000000004
1864,MA,8e-06,0,-2000,38.814371257485035
1867,MA,1.05e-05,0,-2000,23.862275449101798
1876,MA,5e-06,0,-2000,0.0
1879,MA,4.5e-06,0,-2000,0.0
1880,MA,6e-06,0,-2000,34.35
1886,MA,1.1e-05,0,-2000,0.0
1887,MA,1.3e-05,0,-2000,20.18018018018018
1890,MA,2.95e-05,0,-2000,13.130260521042084
1901,MA,2e-06,0,-2000,9.782217782217781
1902,MA,2.5e-06,0,-2000,114.3836163836164
1904,MA,2.5e-06,0,-2000,47.18281718281718
1905,MA,3.5e-06,0,-2000,25.84015984015984
1906,MA,2e-06,0,-2000,171.35364635364635
1907,MA,4e-06,0,-2000,21.174
1908,MA,3e-06,0,-2000,10.18981018981019
1915,MA,2e-06,0,-2000,103.44099999999999
1921,MA,1.35e-05,0,-2000,28.07207207207207
1923,MA,6e-06,0,-2000,55.607607607607605
1940,MA,1.2e-05,0,-2000,22.873126873126875
1945,MA,1.45e-05,0,-2000,0.0
1949,MA,1.6e-05,0,-2000,17.62162162162162
1960,MA,3.5e-06,0,-2000,124.02402402402403
1970,MA,2e-06,0,-2000,60.36536536536536
1982,MA,5e-06,0,-2000,2.595
1983,MA,9e-06,0,-2000,22.352705410821645
1984,MA,1.3e-05,0,-2000,4.334334334334335
1985,MA,8e-06,1,5000,16.604604604604603
2019,MA,5e-06,0,-2000,33.61761761761762
2021,MA,9e-06,0,-2000,35.028028028028025
2025,MA,1.8e-05,0,-2000,6.0600000000000005
2026,MA,5.5e-06,0,-2000,109.64464464464466
2030,MA,6e-05,0,-2000,310.167
2032,MA,1.5e-05,0,-2000,0.0
2035,MA,3.5e-06,0,-2000,38.13
2038,MA,7e-06,0,-2000,42.57857857857858
2043,MA,1.65e-05,0,-2000,22.832167832167833
2048,MA,7.5e-06,0,-2000,23.423423423423422
2052,MA,3.6e-05,0,-2000,54.214214214214216
2053,MA,9e-06,0,-2000,3.116
2054,MA,7e-06,0,-2000,17.954091816367267
2056,MA,2.25e-05,0,-2000,6.12
2061,MA,1.7e-05,0,-2000,7.403403403403403
2062,MA,5e-06,0,-2000,6.559440559440559
2066,MA,5e-06,0,-2000,25.816183816183816
2067,MA,1.3e-05,0,-2000,3.642
2071,MA,2.2e-05,1,5000,43.574425574425575
2072,MA,6.5e-06,0,-2000,19.49249249249249
2081,MA,7.5e-06,0,-2000,8.388833499501494
2090,MA,2.45e-05,0,-2000,28.144000000000002
2093,MA,1.1e-05,0,-2000,11.89089089089089
2108,MA,1.7e-05,0,-2000,70.55010020040079
2109,MA,1.55e-05,0,-2000,44.566301096709864
2110,MA,4.5e-06,0,-2000,16.008
2111,MA,1.5e-06,0,-2000,9.94005994005994
2113,MA,6e-06,0,-2000,8.368368368368369
2114,MA,6.5e-06,0,-2000,11.172
2115,MA,1.5e-06,0,-2000,45.21578421578422
2116,MA,8.5e-06,0,-2000,28.902195608782435
2118,MA,5e-06,0,-2000,42.311688311688314
2119,MA,6e-06,0,-2000,165.908
2120,MA,3e-06,0,-2000,26.001
2121,MA,8.5e-06,0,-2000,64.44044044044044
2122,MA,7.5e-06,0,-2000,57.11088911088911
2124,MA,1.25e-05,0,-2000,193.347
2125,MA,6e-06,0,-2000,154.105
2126,MA,2.55e-05,0,-2000,41.58617234468938
2127,MA,1.6e-05,0,-2000,102.55511022044088
2128,MA,3.5e-06,0,-2000,68.73873873873873
2129,MA,1.75e-05,0,-2000,10.505
2130,MA,7.5e-06,0,-2000,118.33066933066932
2131,MA,7e-06,0,-2000,41.416000000000004
2132,MA,7e-06,0,-2000,123.28657314629258
2134,MA,3.5e-06,0,-2000,47.8978978978979
2135,MA,3.5e-06,0,-2000,95.07892107892107
2136,MA,1.85e-05,0,-2000,84.40440440440442
2138,MA,5.5e-06,0,-2000,28.656000000000002
2139,MA,8.5e-06,0,-2000,44.744
2140,MA,1.4e-05,0,-2000,16.20820820820821
2141,MA,6e-06,0,-2000,25.613999999999997
2142,MA,9e-06,0,-2000,22.002002002002005
2143,MA,7.5e-06,0,-2000,75.96000000000001
2144,MA,9.5e-06,0,-2000,23.843843843843842
2145,MA,7.5e-06,0,-2000,61.13026052104208
2148,MA,4.5e-06,0,-2000,120.16883116883118
2149,MA,4e-06,0,-2000,79.250499001996
2150,MA,3e-06,0,-2000,59.008
2151,MA,2.5e-06,0,-2000,94.86
2152,MA,4.5e-06,0,-2000,18.72872872872873
2155,MA,6.5e-06,0,-2000,58.506493506493506
2163,MA,1e-06,0,-2000,2.052
2169,MA,3e-06,0,-2000,213.6923076923077
2170,MA,4e-06,0,-2000,34.171171171171174
2171,MA,5e-06,0,-2000,40.735264735264735
2176,MA,4.5e-06,0,-2000,26.81181181181181
2180,MA,3.5e-06,0,-2000,27.966
2184,MA,7e-06,0,-2000,109.746
2186,MA,2.45e-05,0,-2000,42.73426573426573
2188,MA,3e-06,0,-2000,8.034
2189,MA,3e-06,0,-2000,20.972
2190,MA,2e-06,0,-2000,3.638
2191,MA,3e-06,0,-2000,13.618381618381619
2199,MA,1.5e-06,0,-2000,3.3833833833833835
2210,MA,2.65e-05,1,5000,37.82282282282282
2215,MA,2e-06,0,-2000,27.802197802197803
2301,MA,7e-06,0,-2000,153.39820359281438
2302,MA,7e-06,0,-2000,14.261738261738262
2322,MA,1.75e-05,0,-2000,49.75224775224775
2333,MA,3.5e-06,0,-2000,11.585585585585585
2339,MA,1.25e-05,0,-2000,0.0
2341,MA,4e-06,0,-2000,0.0
2343,MA,3.5e-06,0,-2000,22.126126126126128
2346,MA,3e-06,0,-2000,22.08167330677291
2347,MA,6.5e-06,0,-2000,9.507507507507507
2351,MA,4e-06,0,-2000,32.68231768231769
2356,MA,4.5e-06,0,-2000,34.97
2368,MA,1.35e-05,0,-2000,125.21
2370,MA,2.5e-06,0,-2000,47.688688688688686
2375,MA,6e-06,0,-2000,13.64935064935065
2379,MA,6e-06,0,-2000,18.63863863863864
2382,MA,2.5e-06,0,-2000,45.05105105105105
2420,MA,2.8e-05,0,-2000,17.664
2421,MA,1.85e-05,0,-2000,57.035000000000004
2445,MA,5.5e-06,0,-2000,77.979
2446,MA,5e-06,0,-2000,47.771
2451,MA,6e-06,0,-2000,51.635999999999996
2452,MA,5.5e-06,0,-2000,41.904
2453,MA,5.5e-06,0,-2000,59.052
2458,MA,8e-06,0,-2000,0.0
2459,MA,2.95e-05,0,-2000,11.51951951951952
2460,MA,8e-06,0,-2000,4.74
2461,MA,2.05e-05,0,-2000,8.991983967935871
2462,MA,3.5e-06,0,-2000,0.0
2464,MA,6.5e-06,0,-2000,4.693693693693693
2465,MA,1.65e-05,0,-2000,30.608216432865735
2466,MA,8.5e-06,0,-2000,10.610999999999999
2467,MA,1.4e-05,0,-2000,34.769999999999996
2468,MA,6e-05,0,-2000,253.45054945054943
2472,MA,6.5e-06,0,-2000,46.984
2474,MA,5.5e-06,0,-2000,50.36036036036036
2476,MA,6e-06,0,-2000,54.288000000000004
2478,MA,1.5e-05,0,-2000,149.987987987988
2481,MA,8.2e-05,0,-2000,13.44
2482,MA,4.65e-05,0,-2000,9.84984984984985
2492,MA,2.25e-05,0,-2000,102.2994011976048
2493,MA,7.5e-05,0,-2000,165.90280561122245
2494,MA,2.85e-05,0,-2000,4.468468468468468
2601,MA,3.5e-06,0,-2000,72.12375249500998
2630,MA,8.5e-06,0,-2000,1.115
2632,MA,5.5e-06,0,-2000,12.120000000000001
2668,MA,6e-06,1,5000,20.92184368737475
2673,MA,4e-06,0,-2000,23.516483516483518
2675,MA,4e-06,0,-2000,10.886113886113886
2702,MA,6e-06,0,-2000,20.847457627118644
2703,MA,4e-06,0,-2000,86.71828171828173
2715,MA,4.5e-06,0,-2000,0.0
2717,MA,8e-06,0,-2000,12.304
2718,MA,5.5e-06,0,-2000,19.45309381237525
2719,MA,3.5e-06,0,-2000,84.15
2720,MA,2.5e-06,0,-2000,83.21042084168336
2721,MA,2.5e-06,0,-2000,101.39399999999999
2723,MA,2e-06,0,-2000,90.08982035928143
2724,MA,2e-06,0,-2000,107.58158158158159
2725,MA,1.15e-05,0,-2000,6.486
2726,MA,5e-06,0,-2000,22.088
2739,MA,3.5e-06,0,-2000,9.536463536463536
2740,MA,2e-06,0,-2000,144.074
2743,MA,3e-06,0,-2000,50.76
2744,MA,2e-06,0,-2000,22.117117117117118
2745,MA,2.5e-06,0,-2000,70.15968063872255
2746,MA,1.5e-06,0,-2000,114.10878243512975
2747,MA,4.5e-06,0,-2000,52.0688622754491
2748,MA,5e-06,0,-2000,114.33967935871743
2760,MA,4.5e-06,0,-2000,22.99099099099099
2762,MA,4.5e-06,0,-2000,0.0
2763,MA,4.5e-06,0,-2000,5.245245245245245
2764,MA,6e-06,0,-2000,2.103896103896104
2766,MA,6e-06,0,-2000,48.372
2767,MA,7e-06,0,-2000,19.74
2769,MA,6e-06,0,-2000,0.0
2770,MA,4e-06,0,-2000,3.834
2771,MA,5e-06,0,-2000,23.861138861138862
2777,MA,6e-06,0,-2000,0.0
2779,MA,9e-06,0,-2000,2.0059880239520957
2780,MA,2.5e-06,0,-2000,40.45645645645646
2790,MA,3e-06,0,-2000,72.10110110110111
20701,MD,7.5e-06,2,8000,7.057942057942058
20705,MD,8.6e-05,0,-2000,337.7207207207207
20706,MD,0.000194,1,5000,159.159
20707,MD,0.000117,0,-2000,477.4154154154154
20708,MD,9.1e-05,0,-2000,218.136
20712,MD,7.05e-05,1,5000,31.71171171171171
20715,MD,0.000131,1,5000,157.63963963963965
20720,MD,0.0008065,1,5000,3348.8721278721277
20721,MD,0.00154,2,8000,3162.7672327672326
20722,MD,7.5e-06,2,8000,13.621378621378621
20723,MD,0.0002335,0,-2000,570.6879361914257
20724,MD,0.000133,1,5000,164.136
20740,MD,2.75e-05,0,-2000,109.97999999999999
20743,MD,0.0004995,1,5000,1655.958
20745,MD,0.0001635,2,8000,297.86786786786786
20746,MD,0.000103,2,8000,186.842
20748,MD,1.4e-05,2,8000,25.648
20755,MD,9.2e-05,1,5000,438.4015984015984
20759,MD,0.000207,2,8000,234.73799999999997
20763,MD,0.000203,2,8000,256.2282282282282
20769,MD,0.0002595,1,5000,962.8201798201798
20770,MD,7.75e-05,1,5000,337.961038961039
20772,MD,0.00079,2,8000,919.3190428713859
20774,MD,0.0006115,1,5000,743.3333333333333
20777,MD,1e-06,2,8000,1.1097804391217565
20781,MD,1e-06,2,8000,1.7902097902097902
20782,MD,9.75e-05,1,5000,316.95300000000003
20783,MD,1.9e-05,0,-2000,37.9
20794,MD,0.000334,1,5000,1211.164835164835
20814,MD,0.000105,0,-2000,346.12
20815,MD,0.0002275,1,5000,870.352
20816,MD,0.000249,2,8000,401.886
20817,MD,0.0007465,1,5000,2494.935935935936
20841,MD,0.000429,2,8000,358.281
20850,MD,0.0001185,0,-2000,385.9719438877755
20851,MD,5e-05,0,-2000,191.67867867867866
20852,MD,8.45e-05,0,-2000,238.02805611222445
20853,MD,9.7e-05,0,-2000,121.90781563126251
20854,MD,0.0010125,0,-2000,2774.5945945945946
20855,MD,0.0001725,0,-2000,436.39078156312627
20866,MD,0.0003085,1,5000,1111.888111888112
20868,MD,3.7e-05,2,8000,46.57657657657658
20874,MD,0.000117,0,-2000,217.49098196392785
20876,MD,0.0005895,2,8000,202.61322645290582
20877,MD,6.05e-05,0,-2000,94.91891891891892
20878,MD,0.000155,0,-2000,437.82582582582586
20879,MD,8.8e-05,0,-2000,158.9819639278557
20880,MD,2.55e-05,2,8000,45.237
20882,MD,0.00015,2,8000,159.44055944055944
20886,MD,6.65e-05,0,-2000,127.44600000000001
20895,MD,0.000116,0,-2000,216.03403403403405
20896,MD,4.65e-05,2,8000,72.70570570570571
20899,MD,9.5e-06,2,8000,17.461000000000002
20901,MD,8.65e-05,0,-2000,245.36390827517448
20902,MD,3.5e-05,0,-2000,228.0449101796407
20903,MD,2.9e-05,0,-2000,95.96403596403597
20904,MD,0.00011,0,-2000,105.937
20905,MD,0.0001075,0,-2000,304.16766467065867
20906,MD,4e-05,0,-2000,54.684000000000005
20910,MD,7.55e-05,0,-2000,226.519
20912,MD,6.85e-05,1,5000,361.894
21012,MD,7.45e-05,0,-2000,183.84
21032,MD,7.7e-05,1,5000,270.61723446893785
21042,MD,0.0002065,0,-2000,941.911911911912
21043,MD,0.0001655,0,-2000,129.17935871743487
21044,MD,0.0001495,1,5000,550.535
21045,MD,0.0001675,0,-2000,497.025
21046,MD,0.0002645,1,5000,982.5551102204408
21052,MD,1.65e-05,0,-2000,77.6036036036036
21054,MD,0.0001855,1,5000,536.3892215568862
21056,MD,5.75e-05,2,8000,66.00999999999999
21057,MD,0.0001075,2,8000,203.54191616766468
21060,MD,7.95e-05,0,-2000,152.25225225225225
21061,MD,6.9e-05,0,-2000,91.34865134865134
21075,MD,0.000203,0,-2000,664.3603603603603
21076,MD,0.000384,1,5000,1947.8802395209582
21077,MD,9.3e-05,2,8000,86.49000000000001
21087,MD,3.85e-05,1,5000,56.85871743486974
21090,MD,7.6e-05,0,-2000,178.01999999999998
21093,MD,6.05e-05,0,-2000,81.059
21104,MD,3e-06,2,8000,3.174348697394789
21108,MD,0.0001315,0,-2000,404.2745490981964
21113,MD,0.0001805,1,5000,324.4974924774323
21117,MD,0.0002395,0,-2000,490.04595404595403
21122,MD,6.25e-05,0,-2000,76.4
21128,MD,9.9e-05,0,-2000,389.98998998999
21133,MD,0.00042,1,5000,291.58717434869743
21136,MD,8.25e-05,1,5000,89.1891891891892
21144,MD,0.0002155,0,-2000,884.4384384384384
21146,MD,0.000163,0,-2000,624.1281281281281
21156,MD,1.15e-05,2,8000,11.718718718718717
21162,MD,0.000148,1,5000,162.9099099099099
21163,MD,0.000127,1,5000,338.79
21201,MD,7e-05,0,-2000,151.06693306693307
21202,MD,0.000106,0,-2000,364.6
21204,MD,5.1e-05,0,-2000,8.087912087912088
21205,MD,0.000127,0,-2000,285.46546546546546
21206,MD,0.0002305,0,-2000,625.0939060939061
21207,MD,0.0002735,0,-2000,563.2439999999999
21208,MD,0.0001175,0,-2000,467.856
21209,MD,6.3e-05,0,-2000,85.8108108108108
21210,MD,8.05e-05,0,-2000,292.992
21211,MD,4.25e-05,0,-2000,24.85771543086172
21212,MD,0.000127,0,-2000,121.935
21213,MD,0.0004425,0,-2000,823.6036036036036
21214,MD,0.0001965,1,5000,260.36499999999995
21215,MD,0.0002585,0,-2000,668.751
21216,MD,0.000475,1,5000,575.245
21217,MD,0.000264,0,-2000,809.6783567134269
21218,MD,0.0001735,0,-2000,434.91200000000003
21219,MD,6.55e-05,0,-2000,194.199
21220,MD,6.85e-05,0,-2000,174.0
21221,MD,5.6e-05,0,-2000,79.24475524475524
21222,MD,3.2e-05,0,-2000,317.64
21223,MD,0.0001915,0,-2000,579.744
21224,MD,6.15e-05,0,-2000,229.88
21225,MD,6.4e-05,0,-2000,265.872
21226,MD,5.45e-05,0,-2000,153.59322033898306
21227,MD,5.45e-05,0,-2000,158.1
21228,MD,7.1e-05,0,-2000,105.68336673346693
21229,MD,0.0002345,0,-2000,610.491
21230,MD,0.0001195,0,-2000,194.47252747252747
21231,MD,8.5e-05,0,-2000,110.04590818363273
21234,MD,6.55e-05,0,-2000,135.5944055944056
21236,MD,5.85e-05,0,-2000,226.92000000000002
21237,MD,0.0001235,0,-2000,464.3243243243243
21239,MD,0.0003455,1,5000,355.56756756756755
21244,MD,0.0004185,1,5000,295.0849150849151
21286,MD,4.85e-05,0,-2000,57.525
21502,MD,3.8e-05,0,-2000,0.0
21529,MD,1.35e-05,2,8000,16.14114114114114
21545,MD,2.1e-05,2,8000,2.4779999999999998
21713,MD,1.05e-05,2,8000,1.638
21722,MD,5e-07,2,8000,0.06893106893106893
21733,MD,1.5e-06,2,8000,0.15015015015015015
21734,MD,3.85e-05,2,8000,52.731
21740,MD,9.05e-05,0,-2000,242.2972972972973
21742,MD,0.000102,1,5000,471.0300601202405
21767,MD,1.9e-05,2,8000,26.240000000000002
21795,MD,0.000113,2,8000,179.23847695390782
21801,MD,9.35e-05,0,-2000,303.28000000000003
21804,MD,7.6e-05,0,-2000,304.4944944944945
21810,MD,6e-06,2,8000,12.0
21822,MD,4.05e-05,1,5000,17.03003003003003
21826,MD,6.15e-05,1,5000,77.08200000000001
21830,MD,0.000102,1,5000,82.85499999999999
21837,MD,5e-07,2,8000,0.97997997997998
21849,MD,5.5e-06,2,8000,10.647647647647647
21856,MD,2.5e-06,2,8000,4.794794794794795
21875,MD,4.05e-05,0,-2000,28.651348651348652
3901,ME,3e-06,0,-2000,18.90319361277445
3903,ME,4e-06,0,-2000,7.154308617234469
3904,ME,3e-06,0,-2000,16.125
3905,ME,1e-05,1,5000,7.245245245245245
3906,ME,1e-06,2,8000,1.9539539539539539
3908,ME,4e-06,0,-2000,18.54509018036072
3909,ME,4e-06,1,5000,3.3966033966033966
4005,ME,2.5e-06,0,-2000,135.278
4038,ME,4.5e-06,0,-2000,93.42657342657343
4046,ME,3e-06,0,-2000,10.275551102204409
4062,ME,3.5e-06,0,-2000,8.88
4063,ME,1.5e-06,0,-2000,3.36
4064,ME,2e-06,0,-2000,89.3146853146853
4072,ME,3e-06,0,-2000,116.47552447552448
4074,ME,6.5e-06,0,-2000,265.6033966033966
4092,ME,3.5e-06,0,-2000,62.13986013986014
4093,ME,2.5e-06,0,-2000,5.85014985014985
4101,ME,2.5e-06,0,-2000,73.584
4102,ME,3e-06,0,-2000,149.33766233766232
4103,ME,4e-06,0,-2000,112.11
4105,ME,9e-06,0,-2000,65.10900000000001
4106,ME,4e-06,0,-2000,265.1137724550898
4107,ME,1e-05,0,-2000,90.32934131736528
4108,ME,2e-06,0,-2000,35.23952095808384
4210,ME,1.5e-06,0,-2000,165.24200000000002
4236,ME,2.5e-06,0,-2000,10.692
4240,ME,2e-06,0,-2000,138.375
4250,ME,2e-06,0,-2000,4.6453546453546455
4252,ME,1.5e-06,1,5000,1.292
4258,ME,2.5e-06,0,-2000,3.372745490981964
4274,ME,3.5e-06,0,-2000,4.76
4280,ME,1.5e-06,0,-2000,23.669999999999998
4330,ME,1.5e-06,0,-2000,60.83033932135729
4344,ME,1e-06,0,-2000,10.8
4345,ME,1.5e-06,0,-2000,11.877877877877879
4346,ME,1e-06,0,-2000,5.851999999999999
4347,ME,1.5e-06,0,-2000,11.407407407407407
4351,ME,1e-06,2,8000,1.942
4401,ME,1.5e-06,0,-2000,160.1062124248497
4411,ME,3.5e-06,2,8000,6.165000000000001
4412,ME,1.5e-06,0,-2000,19.776223776223777
4428,ME,1.5e-06,0,-2000,4.163672654690619
4429,ME,2.5e-06,0,-2000,4.835164835164835
4444,ME,3e-06,0,-2000,8.906906906906906
4473,ME,1e-06,0,-2000,0.874749498997996
4474,ME,2.5e-06,0,-2000,0.6183816183816184
4605,ME,1.5e-06,0,-2000,3.3333333333333335
4609,ME,1.5e-06,0,-2000,11.17882117882118
4612,ME,2e-06,0,-2000,4.62
4646,ME,1e-06,0,-2000,2.930930930930931
4653,ME,1.5e-06,1,5000,0.7622868605817452
4660,ME,1e-06,0,-2000,1.2024048096192383
4662,ME,8.5e-06,0,-2000,20.054945054945055
4674,ME,2e-06,1,5000,1.6573426573426575
4679,ME,1e-06,0,-2000,12.11122244488978
48009,MI,9.25e-05,0,-2000,196.16416416416416
48015,MI,4.35e-05,1,5000,95.24475524475525
48017,MI,1.95e-05,0,-2000,57.85714285714286
48021,MI,8.8e-05,0,-2000,157.638
48025,MI,0.0001575,1,5000,744.814371257485
48026,MI,2.05e-05,0,-2000,43.875
48030,MI,1.85e-05,0,-2000,35.504
48033,MI,0.000163,2,8000,149.7902097902098
48034,MI,0.000176,2,8000,76.494
48035,MI,3.2e-05,0,-2000,0.0
48036,MI,3.25e-05,0,-2000,168.308
48038,MI,3.15e-05,0,-2000,146.8882235528942
48040,MI,1.55e-05,0,-2000,14.4
48042,MI,6.3e-05,0,-2000,120.02397602397602
48043,MI,2.9e-05,1,5000,52.488
48044,MI,6.35e-05,0,-2000,130.416
48045,MI,2.5e-05,0,-2000,120.37562437562437
48047,MI,3.3e-05,0,-2000,115.69200000000001
48048,MI,2.75e-05,1,5000,86.29058116232464
48049,MI,5e-07,2,8000,0.05194805194805195
48051,MI,4.3e-05,1,5000,40.344
48059,MI,1.7e-05,1,5000,63.6
48060,MI,1.25e-05,0,-2000,0.0
48066,MI,3.15e-05,0,-2000,0.0
48067,MI,3.6e-05,0,-2000,131.86
48069,MI,0.0001135,2,8000,105.39239239239238
48070,MI,0.0001565,1,5000,357.78000000000003
48071,MI,2.2e-05,0,-2000,38.71071071071071
48072,MI,3.45e-05,0,-2000,93.66000000000001
48073,MI,2.8e-05,0,-2000,66.53846153846153
48074,MI,1.1e-05,2,8000,9.28256513026052
48075,MI,0.000195,2,8000,282.3668993020937
48076,MI,0.000164,1,5000,436.58658658658663
48079,MI,2.4e-05,2,8000,3.192384769539078
48080,MI,2.15e-05,0,-2000,121.2887112887113
48081,MI,1.6e-05,0,-2000,33.718281718281716
48082,MI,1.65e-05,0,-2000,0.0
48083,MI,3.2e-05,0,-2000,89.2012012012012
48084,MI,5.35e-05,0,-2000,85.66433566433567
48085,MI,6.9e-05,0,-2000,222.31799999999998
48088,MI,2.8e-05,0,-2000,49.01298701298701
48089,MI,4e-05,0,-2000,11.187187187187186
48091,MI,3.15e-05,0,-2000,70.88988988988989
48092,MI,2.75e-05,0,-2000,156.315
48093,MI,2.5e-05,0,-2000,46.0059880239521
48094,MI,2.75e-05,0,-2000,42.712
48095,MI,6.85e-05,2,8000,13.831999999999999
48096,MI,4.15e-05,2,8000,59.534068136272545
48098,MI,0.000112,0,-2000,155.928
48101,MI,2.25e-05,0,-2000,77.64335664335664
48103,MI,5.55e-05,0,-2000,300.2042042042042
48104,MI,1.4e-05,0,-2000,0.0
48105,MI,3.15e-05,0,-2000,0.0
48108,MI,4.45e-05,0,-2000,57.33599202392821
48109,MI,5.5e-06,1,5000,20.001998001998
48111,MI,5e-05,0,-2000,284.163
48114,MI,3.6e-05,0,-2000,26.16983016983017
48116,MI,3.8e-05,0,-2000,82.116
48117,MI,2.55e-05,2,8000,37.111
48120,MI,1.9e-05,0,-2000,25.945945945945947
48122,MI,1.8e-05,0,-2000,0.0
48124,MI,2.1e-05,0,-2000,0.0
48125,MI,1.6e-05,0,-2000,0.0
48126,MI,1.25e-05,0,-2000,0.0
48127,MI,1.45e-05,0,-2000,0.0
48128,MI,2.45e-05,0,-2000,24.479
48130,MI,8.95e-05,1,5000,248.0
48133,MI,1.8e-05,1,5000,71.61561561561561
48134,MI,4.25e-05,0,-2000,60.6377245508982
48135,MI,1.75e-05,0,-2000,90.94405594405595
48138,MI,4.6e-05,0,-2000,26.93013972055888
48139,MI,1.5e-05,0,-2000,0.0
48141,MI,0.0001285,1,5000,525.692
48144,MI,2.5e-05,0,-2000,73.86186186186187
48146,MI,2.05e-05,0,-2000,39.302697302697304
48150,MI,4.05e-05,0,-2000,20.654
48152,MI,2.65e-05,0,-2000,19.86773547094188
48154,MI,2.8e-05,0,-2000,74.43243243243244
48157,MI,1.1e-05,2,8000,8.928
48161,MI,2.15e-05,2,8000,26.28228228228228
48162,MI,2.1e-05,0,-2000,72.22222222222223
48164,MI,3.8e-05,2,8000,10.741741741741743
48165,MI,4.4e-05,1,5000,141.3153153153153
48166,MI,2.25e-05,0,-2000,24.680319680319684
48167,MI,4.35e-05,0,-2000,150.238
48168,MI,0.0001575,0,-2000,228.69238476953907
48169,MI,2.9e-05,1,5000,25.375375375375373
48170,MI,4.5e-05,0,-2000,25.3013013013013
48173,MI,3.15e-05,0,-2000,44.802
48174,MI,7.75e-05,0,-2000,199.98000000000002
48176,MI,2.3e-05,2,8000,3.998001998001998
48178,MI,6.4e-05,0,-2000,170.72
48179,MI,2.8e-05,1,5000,88.12725450901804
48180,MI,3.25e-05,0,-2000,0.0
48182,MI,2.05e-05,0,-2000,28.832
48183,MI,2.5e-05,0,-2000,0.0
48184,MI,3.05e-05,0,-2000,86.92484969939879
48185,MI,2.95e-05,0,-2000,0.0
48186,MI,3.15e-05,0,-2000,93.41341341341341
48187,MI,7.1e-05,0,-2000,199.514
48188,MI,8.45e-05,0,-2000,46.756
48189,MI,1.95e-05,0,-2000,31.47947947947948
48192,MI,1.5e-05,0,-2000,28.8978978978979
48193,MI,3e-05,0,-2000,103.53
48195,MI,2.15e-05,0,-2000,41.18
48197,MI,4.45e-05,0,-2000,52.008
48198,MI,4.85e-05,0,-2000,227.32867132867133
48201,MI,6.8e-05,1,5000,133.242
48202,MI,8.65e-05,1,5000,350.874
48203,MI,0.0002445,1,5000,628.5559999999999
48204,MI,0.000233,1,5000,471.91499999999996
48205,MI,0.000344,2,8000,546.9069069069069
48206,MI,0.0002355,1,5000,716.872
48207,MI,0.0002,2,8000,261.7882117882118
48208,MI,0.0001,1,5000,300.8585757271816
48209,MI,1.25e-05,0,-2000,0.0
48210,MI,2.2e-05,0,-2000,9.093
48211,MI,4.25e-05,0,-2000,87.36736736736736
48212,MI,1.95e-05,0,-2000,0.0
48213,MI,0.0003195,1,5000,719.7777777777777
48214,MI,0.000168,1,5000,520.6949999999999
48215,MI,0.000257,2,8000,368.87912087912093
48216,MI,4.65e-05,1,5000,117.28999999999999
48217,MI,0.000263,2,8000,192.1108891108891
48218,MI,4.2e-05,0,-2000,155.583
48219,MI,0.0001945,1,5000,734.006
48220,MI,4.45e-05,0,-2000,124.48799999999999
48221,MI,0.0002555,1,5000,780.952
48223,MI,0.000223,2,8000,306.23976023976024
48224,MI,0.000215,1,5000,807.1951951951952
48225,MI,0.0001485,2,8000,208.06306306306305
48226,MI,6.75e-05,2,8000,32.799200799200804
48227,MI,0.0002785,0,-2000,587.5234765234765
48228,MI,0.000104,0,-2000,0.0
48229,MI,5.45e-05,0,-2000,175.0750750750751
48230,MI,6.45e-05,0,-2000,108.171
48234,MI,0.0002835,1,5000,925.7562437562437
48235,MI,0.0002275,0,-2000,528.4535464535464
48236,MI,6.9e-05,0,-2000,139.0909090909091
48237,MI,0.0001115,1,5000,290.58424725822533
48238,MI,0.000268,0,-2000,618.0220440881764
48239,MI,0.0001225,1,5000,442.9229229229229
48240,MI,5.15e-05,1,5000,93.45
48301,MI,8.9e-05,0,-2000,135.762
48302,MI,0.0001705,1,5000,165.8901098901099
48304,MI,8.65e-05,0,-2000,74.25025025025025
48306,MI,0.000129,0,-2000,254.45445445445446
48307,MI,3.95e-05,0,-2000,33.537
48309,MI,5.5e-05,0,-2000,16.974
48310,MI,1.85e-05,0,-2000,90.272
48312,MI,2.5e-05,0,-2000,116.83099999999999
48313,MI,2.85e-05,0,-2000,162.88288288288288
48314,MI,2.4e-05,0,-2000,131.399
48315,MI,4.4e-05,0,-2000,59.29370629370629
48316,MI,2.85e-05,0,-2000,44.5250501002004
48317,MI,1.6e-05,0,-2000,0.0
48320,MI,2.1e-05,0,-2000,36.75524475524475
48322,MI,8.1e-05,0,-2000,134.32
48323,MI,7.65e-05,0,-2000,92.26626626626627
48324,MI,7.45e-05,0,-2000,136.35
48326,MI,3.85e-05,0,-2000,46.616
48327,MI,2.15e-05,0,-2000,47.684
48328,MI,2.1e-05,0,-2000,6.604604604604605
48329,MI,2.15e-05,0,-2000,0.0
48331,MI,9.5e-05,1,5000,38.69130869130869
48334,MI,6.7e-05,0,-2000,101.63163163163163
48335,MI,5.75e-05,0,-2000,142.216
48336,MI,3.55e-05,0,-2000,172.46993987975952
48340,MI,3.6e-05,0,-2000,58.7624750499002
48341,MI,8.3e-05,1,5000,351.64799999999997
48342,MI,6.65e-05,1,5000,104.8028028028028
48346,MI,3.15e-05,0,-2000,155.14285714285717
48348,MI,5.15e-05,1,5000,26.865
48350,MI,2.6e-05,2,8000,29.56729810568295
48353,MI,2.35e-05,1,5000,51.02097902097902
48359,MI,3.3e-05,0,-2000,39.47747747747748
48360,MI,5.65e-05,1,5000,294.77177177177174
48363,MI,9.95e-05,2,8000,97.55855855855856
48374,MI,0.000252,1,5000,1027.495
48375,MI,6.35e-05,0,-2000,102.82282282282283
48377,MI,4.4e-05,1,5000,182.3886113886114
48380,MI,5.2e-05,2,8000,99.296
48381,MI,2.9e-05,1,5000,124.33566433566435
48382,MI,5.8e-05,0,-2000,13.194
48383,MI,2.55e-05,2,8000,26.927999999999997
48386,MI,2.25e-05,0,-2000,34.95
48390,MI,2.7e-05,0,-2000,65.78842315369262
48393,MI,3.15e-05,1,5000,159.42284569138275
48415,MI,1.2e-05,2,8000,19.012
48420,MI,1e-05,0,-2000,0.0
48421,MI,8.5e-06,2,8000,0.8942115768463073
48423,MI,1.1e-05,0,-2000,119.57285429141717
48430,MI,1.85e-05,2,8000,7.957085828343314
48433,MI,1.65e-05,0,-2000,65.45
48436,MI,4.5e-06,2,8000,0.39520958083832336
48437,MI,6.5e-06,2,8000,2.68
48438,MI,2e-05,2,8000,7.571571571571572
48439,MI,2.85e-05,0,-2000,0.0
48442,MI,2.5e-05,2,8000,21.296703296703296
48457,MI,1.3e-05,2,8000,1.6546546546546548
48458,MI,1.65e-05,0,-2000,100.07792207792208
48463,MI,1.15e-05,2,8000,17.140859140859142
48473,MI,1.65e-05,0,-2000,98.77077077077077
48502,MI,3.95e-05,2,8000,6.726726726726727
48503,MI,5.6e-05,0,-2000,284.37125748502996
48504,MI,7.8e-05,0,-2000,432.776
48505,MI,0.0001115,0,-2000,487.512
48506,MI,1e-05,0,-2000,0.0
48507,MI,2.65e-05,0,-2000,0.0
48509,MI,1.25e-05,0,-2000,38.45
48519,MI,1.55e-05,0,-2000,69.23
48529,MI,1.05e-05,0,-2000,0.0
48532,MI,4e-05,0,-2000,127.95604395604397
48601,MI,6.75e-05,0,-2000,229.6133866133866
48602,MI,1.6e-05,0,-2000,0.0
48603,MI,1.55e-05,0,-2000,0.0
48604,MI,1.4e-05,0,-2000,22.205000000000002
48607,MI,3.6e-05,2,8000,50.05
48609,MI,1.4e-05,1,5000,15.295295295295295
48623,MI,2.85e-05,2,8000,6.318
48631,MI,1.2e-05,2,8000,17.249
48638,MI,1.55e-05,0,-2000,59.57957957957958
48640,MI,1.95e-05,0,-2000,22.432135728542914
48642,MI,1.9e-05,0,-2000,33.833166833166835
48706,MI,1e-05,0,-2000,0.0
48708,MI,8.5e-06,0,-2000,0.0
48722,MI,1.25e-05,1,5000,30.886113886113886
48724,MI,5.5e-06,0,-2000,0.0
48732,MI,8e-06,0,-2000,14.734734734734735
48746,MI,1.05e-05,2,8000,1.4804804804804805
48808,MI,1.8e-05,1,5000,73.194
48813,MI,2.75e-05,2,8000,4.592592592592593
48820,MI,2.7e-05,0,-2000,44.27254509018036
48821,MI,2.7e-05,1,5000,101.62237762237763
48822,MI,1e-06,2,8000,0.1157684630738523
48823,MI,1e-05,0,-2000,0.0
48827,MI,1.3e-05,1,5000,53.08891108891109
48837,MI,2.2e-05,1,5000,4.283716283716283
48840,MI,1.3e-05,0,-2000,32.46153846153846
48842,MI,2.35e-05,0,-2000,134.6013986013986
48843,MI,2.75e-05,0,-2000,71.18
48848,MI,1e-06,2,8000,0.08
48854,MI,2.25e-05,0,-2000,86.175
48855,MI,2.8e-05,2,8000,41.712
48864,MI,3.65e-05,0,-2000,44.59418837675351
48876,MI,1.5e-05,2,8000,3.340659340659341
48895,MI,1.65e-05,2,8000,7.82
48906,MI,1.75e-05,0,-2000,0.0
48910,MI,1.65e-05,0,-2000,82.53899999999999
48911,MI,2.7e-05,0,-2000,0.0
48912,MI,2.25e-05,0,-2000,61.104
48915,MI,2.25e-05,1,5000,93.16950852557673
48917,MI,2.9e-05,0,-2000,29.16
48933,MI,2.75e-05,2,8000,36.947052947052946
49001,MI,3.1e-05,1,5000,97.874749498998
49002,MI,1.75e-05,0,-2000,57.76476476476476
49004,MI,1.6e-05,0,-2000,56.047047047047045
49006,MI,1.2e-05,0,-2000,0.0
49007,MI,3.55e-05,0,-2000,56.95
49008,MI,1.45e-05,0,-2000,73.99599198396794
49009,MI,2.2e-05,0,-2000,85.08982035928145
49010,MI,1.6e-05,1,5000,54.447552447552454
49012,MI,2.3e-05,2,8000,3.87987987987988
49014,MI,2.25e-05,1,5000,34.387387387387385
49015,MI,1.5e-05,0,-2000,39.974051896207584
49017,MI,1.5e-05,0,-2000,54.40340340340341
49024,MI,1.8e-05,0,-2000,7.309
49033,MI,2e-06,2,8000,0.192
49034,MI,1.5e-06,2,8000,0.11711711711711711
49037,MI,2.1e-05,0,-2000,97.01002004008016
49048,MI,2.6e-05,0,-2000,54.27027027027027
49051,MI,1.3e-05,2,8000,2.1803607214428857
49053,MI,2.4e-05,2,8000,17.986
49083,MI,1.8e-05,2,8000,12.694610778443113
49087,MI,1.8e-05,2,8000,6.918918918918919
49088,MI,2.5e-05,2,8000,31.756756756756758
49107,MI,1.85e-05,2,8000,30.25825825825826
49112,MI,1.55e-05,2,8000,16.426426426426428
49117,MI,1.2e-05,2,8000,8.991
49120,MI,1.75e-05,0,-2000,72.94111776447106
49201,MI,2.4e-05,1,5000,3.913913913913914
49202,MI,1.2e-05,0,-2000,34.70741482965932
49203,MI,1.8e-05,0,-2000,0.0
49221,MI,1.75e-05,0,-2000,50.186186186186184
49228,MI,1.9e-05,2,8000,3.6343656343656345
49254,MI,1.65e-05,2,8000,17.461
49267,MI,2.65e-05,0,-2000,16.891000000000002
49270,MI,1.2e-05,2,8000,1.3892215568862276
49276,MI,1.65e-05,2,8000,11.571
49277,MI,5e-07,2,8000,0.013
49286,MI,1.4e-05,2,8000,1.316
49301,MI,0.0001355,1,5000,777.5075075075075
49302,MI,2.55e-05,2,8000,24.0
49306,MI,3.3e-05,0,-2000,62.34465534465535
49315,MI,3.65e-05,0,-2000,75.696
49316,MI,3.2e-05,0,-2000,35.966966966966964
49321,MI,1.9e-05,0,-2000,29.958041958041957
49331,MI,5e-07,2,8000,0.05194805194805195
49341,MI,3.5e-05,1,5000,4.083083083083083
49345,MI,2e-05,2,8000,3.2325349301397206
49401,MI,2e-05,2,8000,14.771543086172345
49403,MI,1.9e-05,2,8000,13.924075924075924
49404,MI,1.6e-05,2,8000,14.350000000000001
49406,MI,2.35e-05,2,8000,42.37037037037037
49408,MI,1.1e-05,2,8000,3.649
49415,MI,1.3e-05,1,5000,52.443556443556446
49418,MI,2.3e-05,0,-2000,43.285000000000004
49419,MI,2.45e-05,2,8000,14.798
49423,MI,2.05e-05,0,-2000,22.936
49424,MI,2.05e-05,0,-2000,89.376
49426,MI,3.25e-05,0,-2000,72.47952047952047
49428,MI,1.8e-05,0,-2000,0.0
49435,MI,1.95e-05,0,-2000,38.468468468468465
49440,MI,9e-06,2,8000,6.020979020979021
49441,MI,1.7e-05,0,-2000,103.003003003003
49442,MI,1.95e-05,0,-2000,7.151848151848152
49444,MI,3.4e-05,0,-2000,33.05
49445,MI,1.5e-05,0,-2000,46.05594405594405
49453,MI,2.1e-05,1,5000,70.38
49456,MI,2.25e-05,1,5000,73.66098294884654
49457,MI,7e-06,2,8000,1.5564435564435564
49460,MI,1.6e-05,2,8000,10.125874125874127
49464,MI,3.05e-05,0,-2000,48.65069860279441
49503,MI,1.7e-05,0,-2000,7.543
49504,MI,1.4e-05,0,-2000,21.732
49505,MI,2.05e-05,0,-2000,0.0
49506,MI,3.15e-05,0,-2000,144.54382470119523
49507,MI,3.45e-05,0,-2000,38.812375249500995
49508,MI,3.2e-05,0,-2000,0.0
49509,MI,2e-05,0,-2000,84.53907815631261
49512,MI,4.1e-05,0,-2000,64.432
49519,MI,1.8e-05,0,-2000,73.1948051948052
49525,MI,2.25e-05,0,-2000,51.472111553784856
49534,MI,1.8e-05,0,-2000,40.758
49544,MI,1.95e-05,0,-2000,38.752752752752755
49546,MI,3e-05,0,-2000,92.6813627254509
49548,MI,2.25e-05,0,-2000,128.27172827172828
49621,MI,9.5e-06,2,8000,0.988
49637,MI,1.4e-05,2,8000,4.54
49649,MI,6.5e-06,2,8000,0.611
49684,MI,1.45e-05,0,-2000,0.0
49685,MI,1.4e-05,0,-2000,23.352
49686,MI,0.0,0,-2000,0.0
49690,MI,1.9e-05,2,8000,11.05511022044088
49696,MI,2.15e-05,2,8000,12.02997002997003
55001,MN,9e-06,0,-2000,2.1222444889779557
55003,MN,1.15e-05,0,-2000,22.537462537462538
55009,MN,4e-06,2,8000,1.8108108108108107
55011,MN,1.15e-05,0,-2000,37.45508982035928
55014,MN,6.5e-06,0,-2000,14.086
55016,MN,1.1e-05,0,-2000,0.0
55020,MN,1.9e-05,2,8000,8.735999999999999
55024,MN,1.2e-05,0,-2000,0.0
55025,MN,6.5e-06,0,-2000,4.036963036963037
55031,MN,6.5e-06,0,-2000,17.037037037037035
55033,MN,6e-06,0,-2000,17.85185185185185
55038,MN,1.25e-05,0,-2000,0.0
55042,MN,2.85e-05,0,-2000,18.788
55043,MN,4e-06,0,-2000,0.877
55044,MN,1.8e-05,0,-2000,56.54745254745255
55055,MN,3e-06,0,-2000,1.684630738522954
55068,MN,1.5e-05,0,-2000,18.2982982982983
55071,MN,4.5e-06,0,-2000,19.3313373253493
55075,MN,5e-06,0,-2000,32.911911911911915
55076,MN,6e-06,0,-2000,0.0
55077,MN,9.5e-06,0,-2000,18.07807807807808
55082,MN,8.5e-06,0,-2000,0.0
55085,MN,4e-06,1,5000,4.008008008008008
55089,MN,3e-06,2,8000,1.83
55090,MN,1.5e-06,1,5000,6.654999999999999
55092,MN,6e-06,0,-2000,0.0
55101,MN,2.5e-06,0,-2000,9.152152152152151
55102,MN,4e-06,0,-2000,9.185814185814186
55103,MN,5e-06,0,-2000,21.65865865865866
55104,MN,5.5e-06,0,-2000,104.59418837675351
55105,MN,7.5e-06,0,-2000,31.794
55106,MN,4.5e-06,0,-2000,62.95804195804196
55107,MN,5.5e-06,0,-2000,28.752256770310932
55108,MN,6e-06,0,-2000,6.578421578421579
55109,MN,5.5e-06,0,-2000,0.0
55110,MN,6e-06,0,-2000,34.316
55112,MN,7e-06,0,-2000,39.4044044044044
55113,MN,5.5e-06,0,-2000,0.0
55114,MN,5.5e-06,0,-2000,22.225774225774224
55115,MN,1.2e-05,0,-2000,1.835329341317365
55116,MN,6e-06,0,-2000,18.34
55117,MN,5.5e-06,0,-2000,38.136863136863134
55118,MN,5e-06,0,-2000,0.0
55119,MN,7e-06,0,-2000,56.847
55120,MN,9.5e-06,0,-2000,0.0
55121,MN,1.1e-05,0,-2000,8.933933933933934
55122,MN,1.05e-05,0,-2000,31.607214428857713
55123,MN,1.9e-05,0,-2000,0.0
55124,MN,1.05e-05,0,-2000,26.568
55125,MN,1.25e-05,0,-2000,32.886227544910184
55126,MN,7.5e-06,0,-2000,24.316316316316318
55127,MN,8e-06,0,-2000,21.636636636636638
55128,MN,7e-06,0,-2000,0.0
55129,MN,3.3e-05,0,-2000,0.0
55130,MN,4.5e-06,0,-2000,36.96606786427145
55150,MN,7.5e-06,2,8000,12.062874251497007
55301,MN,1.55e-05,0,-2000,0.0
55303,MN,9e-06,0,-2000,0.0
55304,MN,1.2e-05,0,-2000,0.0
55305,MN,8e-06,0,-2000,34.066066066066064
55306,MN,1.1e-05,0,-2000,3.215
55309,MN,1e-05,2,8000,19.382617382617383
55311,MN,2.85e-05,0,-2000,0.0
55313,MN,5.5e-06,2,8000,2.5490981963927855
55315,MN,1.25e-05,0,-2000,3.145708582834331
55316,MN,1.25e-05,0,-2000,24.431137724550897
55317,MN,1.35e-05,0,-2000,0.0
55318,MN,8e-06,0,-2000,47.747
55322,MN,5e-06,2,8000,1.7799999999999998
55327,MN,2e-05,0,-2000,118.8544366899302
55330,MN,1e-05,0,-2000,0.0
55331,MN,1.85e-05,0,-2000,4.176
55337,MN,8.5e-06,0,-2000,0.0
55340,MN,4.05e-05,0,-2000,0.0
55341,MN,2.35e-05,0,-2000,58.376999999999995
55343,MN,8e-06,0,-2000,14.255489021956087
55344,MN,1.05e-05,0,-2000,2.1821821821821823
55345,MN,1.25e-05,0,-2000,20.439121756487026
55346,MN,1.65e-05,0,-2000,0.0
55347,MN,3.1e-05,0,-2000,35.188
55352,MN,8.5e-06,0,-2000,13.99000999000999
55356,MN,3.15e-05,0,-2000,3.2554890219560875
55357,MN,1.7e-05,0,-2000,6.0621242484969935
55359,MN,1.25e-05,0,-2000,3.3276553106212425
55362,MN,5e-06,1,5000,6.328328328328329
55364,MN,8.5e-06,0,-2000,3.4564564564564564
55369,MN,1.2e-05,0,-2000,37.12687312687313
55372,MN,1.8e-05,0,-2000,0.0
55373,MN,3e-06,1,5000,8.47695390781563
55374,MN,2.6e-05,0,-2000,0.0
55376,MN,1.55e-05,0,-2000,26.208000000000002
55378,MN,1.95e-05,0,-2000,0.0
55379,MN,1.05e-05,0,-2000,59.08183632734531
55384,MN,3e-06,1,5000,15.257
55386,MN,4.85e-05,0,-2000,216.44355644355645
55387,MN,1.25e-05,2,8000,19.1
55391,MN,1.55e-05,0,-2000,0.0
55401,MN,8.5e-06,0,-2000,24.31968031968032
55402,MN,2.5e-06,1,5000,8.614770459081836
55403,MN,3e-06,0,-2000,0.0
55404,MN,5e-06,0,-2000,35.85170340681363
55405,MN,6.5e-06,0,-2000,0.0
55406,MN,8e-06,0,-2000,0.0
55407,MN,8e-06,0,-2000,132.68
55408,MN,6.5e-06,0,-2000,0.0
55409,MN,8e-06,0,-2000,0.0
55410,MN,1.45e-05,0,-2000,0.0
55411,MN,1.55e-05,0,-2000,72.64864864864865
55412,MN,1.15e-05,0,-2000,42.236999999999995
55413,MN,7e-06,0,-2000,17.990000000000002
55414,MN,2.5e-06,0,-2000,25.438877755511022
55415,MN,1.9e-05,2,8000,29.396396396396398
55416,MN,7e-06,0,-2000,0.0
55417,MN,1e-05,0,-2000,0.0
55418,MN,7e-06,0,-2000,53.04
55419,MN,1.85e-05,0,-2000,26.796796796796798
55420,MN,6.5e-06,0,-2000,35.46053946053946
55421,MN,8e-06,0,-2000,34.71971971971972
55422,MN,7.5e-06,0,-2000,63.437125748503
55423,MN,5e-06,0,-2000,32.97
55424,MN,9.05e-05,0,-2000,312.587
55425,MN,5.5e-06,0,-2000,11.617617617617617
55426,MN,7e-06,0,-2000,48.12012012012012
55427,MN,8e-06,0,-2000,0.0
55428,MN,9e-06,0,-2000,15.363363363363364
55429,MN,1.1e-05,0,-2000,38.56
55430,MN,1.1e-05,0,-2000,33.04208416833667
55431,MN,8e-06,0,-2000,0.0
55432,MN,7e-06,0,-2000,24.82082082082082
55433,MN,5.5e-06,0,-2000,0.0
55434,MN,7e-06,0,-2000,0.0
55435,MN,4.5e-06,0,-2000,40.73426573426573
55436,MN,1.15e-05,0,-2000,0.0
55437,MN,7.5e-06,0,-2000,0.0
55438,MN,9e-06,0,-2000,16.548000000000002
55439,MN,3.15e-05,0,-2000,7.928
55441,MN,1.05e-05,0,-2000,0.0
55442,MN,1.35e-05,0,-2000,3.2562562562562563
55443,MN,1.75e-05,0,-2000,0.0
55444,MN,1.75e-05,0,-2000,7.666
55445,MN,1.5e-05,0,-2000,89.18518518518519
55446,MN,4.35e-05,0,-2000,11.808383233532933
55447,MN,1.55e-05,0,-2000,26.793206793206792
55448,MN,8e-06,0,-2000,20.960921843687373
55449,MN,1.6e-05,0,-2000,55.75524475524475
55454,MN,8.5e-06,1,5000,10.893106893106893
55802,MN,1.5e-06,0,-2000,0.0
55803,MN,5e-06,0,-2000,14.400801603206412
55804,MN,6.5e-06,0,-2000,14.34
55805,MN,1.5e-06,0,-2000,0.0
55806,MN,2e-06,0,-2000,21.807
55807,MN,2.5e-06,0,-2000,0.0
55808,MN,2e-06,0,-2000,0.0
55810,MN,4e-06,0,-2000,0.0
55811,MN,3.5e-06,0,-2000,15.391391391391391
55812,MN,3e-06,0,-2000,0.0
55901,MN,8e-06,0,-2000,15.162162162162161
55902,MN,7.5e-06,0,-2000,31.220000000000002
55904,MN,5e-06,0,-2000,0.0
55906,MN,7.5e-06,0,-2000,40.328328328328325
55920,MN,1.3e-05,2,8000,22.154999999999998
55925,MN,4e-06,2,8000,5.538922155688622
55934,MN,5e-07,2,8000,0.061938061938061936
55947,MN,3.5e-06,0,-2000,0.0
55960,MN,9.5e-06,2,8000,16.206
56001,MN,4.5e-06,0,-2000,108.273
56003,MN,5.5e-06,0,-2000,0.0
56011,MN,7e-06,2,8000,9.454545454545455
56301,MN,6e-06,0,-2000,48.98301698301698
56303,MN,4.5e-06,0,-2000,61.919999999999995
56304,MN,5e-06,0,-2000,16.328
56310,MN,3e-06,2,8000,0.32967032967032966
56320,MN,5e-07,2,8000,0.16467065868263472
56374,MN,5.5e-06,0,-2000,24.185814185814188
56377,MN,4.5e-06,0,-2000,8.038038038038039
56379,MN,3.5e-06,0,-2000,0.0
56387,MN,9e-06,0,-2000,20.747252747252748
56401,MN,2.5e-06,0,-2000,16.0
56425,MN,3e-06,0,-2000,12.825
56465,MN,2e-06,2,8000,2.006993006993007
56468,MN,6e-06,2,8000,0.8519999999999999
56529,MN,5e-06,0,-2000,1.2232232232232232
56547,MN,5e-06,2,8000,1.044
56560,MN,3.5e-06,0,-2000,84.06793206793206
56580,MN,4e-06,2,8000,0.999000999000999
56721,MN,3.5e-06,0,-2000,3.3383383383383385
63005,MO,0.001673,2,8000,1203.1999999999998
63010,MO,0.0001225,1,5000,289.6903096903097
63011,MO,0.0003725,1,5000,1484.9640000000002
63017,MO,0.0005115,1,5000,2209.792
63021,MO,0.000312,1,5000,1699.623246492986
63026,MO,0.0002435,1,5000,1138.7657028913259
63031,MO,0.0004955,2,8000,521.333
63033,MO,0.0008,2,8000,357.6613386613387
63034,MO,0.0023465,2,8000,452.17282717282717
63038,MO,0.0005045,2,8000,195.55044955044954
63040,MO,0.0003695,2,8000,290.20520520520523
63042,MO,0.0003985,2,8000,219.52447552447555
63043,MO,0.0003335,2,8000,355.374251497006
63044,MO,0.0002905,2,8000,339.6683366733467
63049,MO,0.0001685,2,8000,184.03000000000003
63052,MO,0.000123,2,8000,51.0499001996008
63074,MO,0.0002505,2,8000,204.18381618381616
63088,MO,0.000141,2,8000,223.18118118118116
63101,MO,8.4e-05,2,8000,13.44
63102,MO,0.0001895,2,8000,30.32
63103,MO,0.000203,2,8000,77.376
63104,MO,0.0005255,2,8000,392.8968968968969
63105,MO,0.0002825,1,5000,554.6666666666666
63106,MO,0.0008875,2,8000,214.56043956043956
63107,MO,0.0015635,2,8000,244.42157842157843
63108,MO,0.0002005,1,5000,383.64000000000004
63109,MO,7.55e-05,1,5000,84.91108891108892
63110,MO,0.000258,2,8000,404.37562437562434
63111,MO,0.0003195,2,8000,428.14814814814815
63112,MO,0.0005905,2,8000,455.6883116883117
63113,MO,0.0017145,2,8000,292.575
63114,MO,0.000263,1,5000,508.42472582253237
63115,MO,0.0017445,2,8000,723.5235235235235
63116,MO,0.000222,1,5000,692.3847695390782
63117,MO,0.000161,1,5000,419.32665330661325
63118,MO,0.0003945,2,8000,592.24
63119,MO,0.0002355,1,5000,306.2434869739479
63120,MO,0.0015225,2,8000,334.961038961039
63121,MO,0.0010555,2,8000,495.51948051948045
63122,MO,0.0004565,1,5000,2063.828
63123,MO,0.000109,0,-2000,285.8827655310621
63124,MO,0.0011325,2,8000,926.8188188188188
63125,MO,8.25e-05,1,5000,346.834
63126,MO,0.0002465,1,5000,551.058
63127,MO,0.000451,2,8000,342.74274274274273
63128,MO,0.0001735,1,5000,785.7715430861724
63129,MO,0.0001555,0,-2000,163.34665334665334
63130,MO,0.0003005,1,5000,1034.531405782652
63131,MO,0.002551,2,8000,1703.1680000000001
63132,MO,0.0005055,2,8000,570.615
63133,MO,0.0011375,2,8000,138.63636363636363
63134,MO,0.000877,2,8000,184.54709418837675
63135,MO,0.000695,2,8000,238.67999999999998
63136,MO,0.001076,2,8000,522.0629370629371
63137,MO,0.0009295,2,8000,364.965034965035
63138,MO,0.0010125,2,8000,232.75524475524475
63139,MO,0.000175,1,5000,415.8158158158158
63140,MO,7.9e-05,2,8000,12.46953046953047
63141,MO,0.0004315,1,5000,1037.0879120879122
63143,MO,0.000114,2,8000,134.94505494505495
63144,MO,0.0002355,2,8000,328.34434434434434
63146,MO,0.000269,1,5000,693.3246492985971
63147,MO,0.0019385,2,8000,368.6836836836837
63301,MO,0.000194,1,5000,856.492
63303,MO,0.0002705,1,5000,1149.408
63304,MO,0.0003495,1,5000,1536.2222222222222
63341,MO,6.5e-06,2,8000,2.145
63366,MO,0.0002705,1,5000,708.8276553106213
63367,MO,0.0006845,2,8000,373.5684315684316
63368,MO,0.0004925,1,5000,1231.8799999999999
63376,MO,0.000228,0,-2000,553.8381618381618
63385,MO,4.6e-05,2,8000,7.161676646706587
63386,MO,2.8e-05,2,8000,2.7972027972027975
63701,MO,0.0001505,1,5000,505.91999999999996
63703,MO,0.0002,2,8000,143.93106893106895
63780,MO,0.000131,2,8000,94.62537462537462
64012,MO,6.2e-05,0,-2000,266.80699999999996
64014,MO,8.5e-05,0,-2000,164.70000000000002
64015,MO,7e-05,0,-2000,219.57242757242759
64016,MO,4.65e-05,2,8000,23.83183183183183
64029,MO,0.0001,1,5000,326.8288288288288
64030,MO,0.000114,1,5000,208.10431293881646
64034,MO,0.000165,2,8000,238.7987987987988
64050,MO,2.55e-05,0,-2000,36.0
64052,MO,2.7e-05,0,-2000,104.5934065934066
64053,MO,2.55e-05,1,5000,39.030060120240485
64054,MO,2.15e-05,1,5000,38.82899999999999
64055,MO,6.05e-05,0,-2000,171.34
64056,MO,7.2e-05,0,-2000,170.92607392607394
64057,MO,7.45e-05,1,5000,195.195
64058,MO,4.35e-05,1,5000,13.73873873873874
64060,MO,5e-07,2,8000,0.079
64063,MO,6.35e-05,1,5000,92.4895104895105
64064,MO,0.0001985,0,-2000,438.97499999999997
64068,MO,0.000243,1,5000,212.704
64079,MO,2e-06,2,8000,0.3596403596403596
64080,MO,0.00011,2,8000,129.38323353293413
64081,MO,0.000153,0,-2000,408.8938938938939
64082,MO,0.0003745,1,5000,1671.8438438438438
64083,MO,0.0004425,1,5000,2348.805
64086,MO,0.000391,1,5000,1914.3296703296703
64105,MO,3.55e-05,1,5000,91.5984015984016
64106,MO,0.000117,1,5000,266.0810810810811
64108,MO,0.0001255,1,5000,143.58316633266531
64109,MO,0.000151,1,5000,236.41558441558442
64110,MO,0.000132,0,-2000,288.923
64111,MO,5.1e-05,0,-2000,158.488
64112,MO,7.7e-05,0,-2000,147.55310621242486
64113,MO,0.000434,1,5000,1521.0140280561122
64114,MO,6.75e-05,0,-2000,162.48648648648648
64116,MO,6.2e-05,0,-2000,129.925
64117,MO,4.45e-05,0,-2000,121.992992992993
64118,MO,4.75e-05,0,-2000,197.61861861861863
64119,MO,5.95e-05,0,-2000,215.18463073852297
64120,MO,9.6e-05,2,8000,155.17017017017017
64123,MO,3.75e-05,0,-2000,92.88577154308618
64124,MO,4.1e-05,0,-2000,97.56243756243755
64125,MO,4.4e-05,1,5000,145.3933933933934
64126,MO,2.8e-05,0,-2000,94.4974974974975
64127,MO,0.000116,0,-2000,382.65734265734267
64128,MO,0.000409,1,5000,1093.090909090909
64129,MO,0.000171,1,5000,521.71
64130,MO,0.0005345,1,5000,1967.0870870870872
64131,MO,0.0001605,1,5000,201.72427572427574
64132,MO,0.000304,1,5000,1007.8336673346693
64133,MO,0.0001415,1,5000,240.21021021021022
64134,MO,0.000242,1,5000,971.1711711711712
64136,MO,0.000148,2,8000,139.74025974025975
64137,MO,8.45e-05,1,5000,44.85885885885886
64138,MO,0.0001675,1,5000,206.84415584415584
64139,MO,0.000168,2,8000,151.64100000000002
64145,MO,0.000108,1,5000,570.67
64146,MO,5.65e-05,2,8000,108.782
64147,MO,5.5e-05,2,8000,35.42
64149,MO,4.05e-05,2,8000,52.84084084084084
64150,MO,5.5e-05,1,5000,149.947
64151,MO,7.7e-05,0,-2000,252.4095904095904
64152,MO,9.15e-05,0,-2000,31.92192192192192
64153,MO,0.000346,2,8000,340.5721442885772
64154,MO,0.0001245,1,5000,116.55000000000001
64155,MO,0.0003065,1,5000,1703.9217652958878
64156,MO,0.000809,2,8000,534.3766233766233
64157,MO,0.0008895,2,8000,1891.184
64158,MO,0.0001275,1,5000,393.53
64161,MO,8.15e-05,2,8000,97.73673673673673
64163,MO,8.7e-05,2,8000,2.436
64164,MO,3.45e-05,2,8000,9.866999999999999
64165,MO,2.7e-05,0,-2000,0.0
64167,MO,5.85e-05,2,8000,28.899
64421,MO,6.5e-06,2,8000,1.6493506493506493
64436,MO,1.35e-05,2,8000,0.7552447552447552
64501,MO,3.85e-05,0,-2000,133.46153846153848
64503,MO,3.65e-05,0,-2000,155.328
64504,MO,0.0001005,1,5000,249.06806806806807
64505,MO,4.4e-05,0,-2000,123.552
64506,MO,4.75e-05,0,-2000,232.91400000000002
64507,MO,0.0001555,1,5000,290.95304695304696
64801,MO,0.000175,0,-2000,568.209
64804,MO,0.0002085,0,-2000,620.353
64834,MO,0.000238,1,5000,150.99401197604791
64835,MO,3.9e-05,1,5000,3.0540000000000003
64836,MO,0.0001265,0,-2000,260.61199999999997
64840,MO,3e-06,2,8000,5.712287712287712
64841,MO,3.55e-05,2,8000,66.88199999999999
64855,MO,8.05e-05,1,5000,351.8236472945892
64870,MO,0.0001985,1,5000,233.96092184368737
65039,MO,2e-06,2,8000,0.524
65043,MO,0.000174,2,8000,36.38238238238239
65053,MO,1.35e-05,2,8000,0.4594594594594595
65101,MO,0.0003355,2,8000,292.53346653346654
65109,MO,0.000217,2,8000,313.1291291291291
65201,MO,0.000108,0,-2000,528.268
65202,MO,0.0002495,1,5000,649.9749498997996
65203,MO,0.0002195,0,-2000,536.021021021021
65255,MO,4.05e-05,2,8000,2.90727816550349
65611,MO,2.85e-05,2,8000,1.6563126252505012
65616,MO,0.000169,1,5000,205.95991983967937
65619,MO,0.0001875,1,5000,133.1051051051051
65631,MO,5.7e-05,2,8000,103.2947052947053
65672,MO,0.000153,1,5000,112.86286286286287
65679,MO,1e-06,2,8000,1.8483033932135728
65714,MO,0.0002535,1,5000,303.8938938938939
65721,MO,0.0002245,1,5000,319.75024975024974
65738,MO,5e-07,2,8000,0.939
65739,MO,3.9e-05,2,8000,11.124875124875125
65742,MO,0.0001885,1,5000,692.4414414414415
65753,MO,2e-05,2,8000,36.4
65757,MO,3.6e-05,2,8000,1.8701298701298703
65781,MO,5.1e-05,2,8000,92.51400000000001
65802,MO,0.000133,0,-2000,248.84684684684686
65803,MO,0.000129,0,-2000,473.512
65804,MO,3.9e-05,0,-2000,90.58858858858859
65806,MO,2.25e-05,0,-2000,15.03006012024048
65807,MO,3.9e-05,0,-2000,37.73973973973974
65809,MO,0.000337,2,8000,517.125748502994
65810,MO,0.0002695,1,5000,705.2702702702702
38637,MS,0.0001245,2,8000,105.16167664670658
38641,MS,2e-06,2,8000,0.11188811188811189
38654,MS,0.000545,2,8000,155.7134268537074
38655,MS,0.000191,2,8000,245.6
38671,MS,0.0001075,2,8000,193.97202797202797
38672,MS,0.0005255,2,8000,21.970912738214643
38680,MS,0.0003145,2,8000,22.681318681318682
38801,MS,0.0006765,2,8000,225.108
38804,MS,0.000389,2,8000,117.952
38826,MS,0.0002555,2,8000,18.35928143712575
38862,MS,6.65e-05,2,8000,3.4649298597194385
38863,MS,1.35e-05,2,8000,0.5945945945945946
38866,MS,8.3e-05,2,8000,1.8278278278278277
38868,MS,5.5e-06,2,8000,0.21956087824351297
39041,MS,0.000254,2,8000,10.646706586826348
39042,MS,0.0001005,2,8000,143.475
39046,MS,0.0002315,2,8000,60.813813813813816
39047,MS,0.000244,2,8000,162.93
39056,MS,0.0001545,2,8000,99.96103896103897
39071,MS,5.5e-06,2,8000,0.42857142857142855
39073,MS,5.55e-05,2,8000,54.88688688688689
39110,MS,0.000189,2,8000,474.8582834331337
39154,MS,0.000191,2,8000,30.62375249500998
39157,MS,0.00014,2,8000,91.92392392392392
39170,MS,0.000228,2,8000,3.762
39201,MS,0.0003355,2,8000,18.806806806806808
39202,MS,0.000126,2,8000,75.8111888111888
39203,MS,0.0004675,2,8000,45.45454545454546
39204,MS,0.000502,2,8000,174.51048951048952
39206,MS,0.0004355,2,8000,212.625
39208,MS,0.0003425,2,8000,70.264
39209,MS,0.000584,2,8000,189.89478957915833
39211,MS,0.0005725,2,8000,132.7685370741483
39212,MS,0.000526,2,8000,227.7157157157157
39213,MS,0.000506,2,8000,217.06212424849699
39216,MS,6.3e-05,2,8000,73.28
39218,MS,0.0002005,2,8000,104.57915831663327
39232,MS,0.0005935,2,8000,84.79320679320679
39272,MS,0.0007355,2,8000,58.74125874125874
39301,MS,0.0004195,2,8000,265.63473053892216
39305,MS,0.000364,2,8000,100.28571428571428
39307,MS,0.0007875,2,8000,226.5616850551655
39342,MS,0.0001395,2,8000,10.881
39401,MS,0.0001405,1,5000,467.3902195608782
39402,MS,0.0001175,1,5000,483.7477477477477
39437,MS,6.05e-05,2,8000,3.2637362637362637
39440,MS,0.000259,2,8000,288.624
39443,MS,4.85e-05,2,8000,42.79860418743768
39452,MS,1e-05,2,8000,1.0189810189810191
39465,MS,5.05e-05,2,8000,38.24524524524524
39475,MS,2.85e-05,2,8000,3.35964035964036
39501,MS,0.0003145,1,5000,587.5054945054945
39503,MS,0.00014,0,-2000,370.26973026973025
39507,MS,9.85e-05,1,5000,351.758
39520,MS,5e-05,1,5000,0.0
39525,MS,3.7e-05,2,8000,81.14385614385614
39530,MS,9.2e-05,1,5000,210.12112112112112
39531,MS,9.6e-05,1,5000,249.382
39532,MS,6.95e-05,1,5000,23.92207792207792
39540,MS,8.45e-05,2,8000,118.51151151151151
39553,MS,0.000128,1,5000,338.904
39556,MS,3.35e-05,1,5000,86.71000000000001
39560,MS,7.05e-05,1,5000,262.9180819180819
39562,MS,3.85e-05,0,-2000,60.10410410410411
39563,MS,0.000502,2,8000,277.013013013013
39564,MS,7.2e-05,0,-2000,191.5988023952096
39565,MS,6.6e-05,2,8000,144.0881763527054
39567,MS,0.000137,1,5000,289.1365902293121
39571,MS,6.65e-05,1,5000,310.16216216216213
39574,MS,4.05e-05,2,8000,12.152694610778443
39576,MS,6.6e-05,2,8000,59.777
39581,MS,0.000178,1,5000,334.4529058116233
59030,MT,1e-06,0,-2000,6.36936936936937
59101,MT,1e-06,0,-2000,211.51799999999997
59102,MT,1.5e-06,0,-2000,245.33333333333334
59105,MT,1.5e-06,0,-2000,68.166
59106,MT,5e-06,0,-2000,65.41916167664671
59401,MT,5e-07,0,-2000,84.4835164835165
59404,MT,1e-06,0,-2000,8.505494505494505
59405,MT,5e-07,0,-2000,79.83200000000001
59411,MT,5e-07,1,5000,1.2762762762762763
59417,MT,0.0,0,-2000,1.6383616383616384
59714,MT,1.5e-06,0,-2000,0.0
59715,MT,1e-06,0,-2000,47.565
59718,MT,1.5e-06,0,-2000,23.109
59741,MT,1e-06,1,5000,5.205794205794206
59801,MT,5e-07,0,-2000,135.4905094905095
59802,MT,5e-07,0,-2000,56.68
59803,MT,1.5e-06,0,-2000,0.0
59804,MT,1e-06,0,-2000,41.475
59808,MT,1e-06,0,-2000,33.58041958041958
59901,MT,5e-07,0,-2000,58.0189620758483
59912,MT,5e-07,0,-2000,0.0
59936,MT,5e-07,2,8000,0.10200000000000001
59937,MT,5e-07,0,-2000,0.0
27006,NC,7e-06,2,8000,0.812
27009,NC,6.5e-05,2,8000,27.891891891891895
27012,NC,5.5e-05,0,-2000,134.357
27019,NC,2.5e-06,2,8000,0.1848151848151848
27023,NC,6.25e-05,2,8000,64.71342685370742
27040,NC,5.65e-05,1,5000,195.96
27045,NC,7.75e-05,2,8000,17.802197802197803
27050,NC,2.2e-05,2,8000,2.508
27051,NC,3.5e-05,1,5000,86.30761523046093
27052,NC,5e-06,2,8000,0.2
27101,NC,8.9e-05,0,-2000,244.05405405405406
27103,NC,4.05e-05,0,-2000,115.64299999999999
27104,NC,3.3e-05,0,-2000,56.095808383233525
27105,NC,0.0001095,0,-2000,565.3933933933934
27106,NC,5.6e-05,0,-2000,151.242
27107,NC,5.9e-05,0,-2000,266.437
27127,NC,4.85e-05,0,-2000,189.7875751503006
27201,NC,1e-06,0,-2000,0.0
27214,NC,0.000108,2,8000,53.4984984984985
27215,NC,5.4e-05,0,-2000,106.13386613386614
27217,NC,5.5e-05,0,-2000,197.2057942057942
27233,NC,3e-05,2,8000,6.643356643356643
27235,NC,8.1e-05,2,8000,136.5931863727455
27244,NC,3.6e-05,1,5000,117.58316633266533
27249,NC,4.8e-05,1,5000,116.991991991992
27253,NC,3.85e-05,0,-2000,81.89189189189189
27258,NC,5.1e-05,2,8000,79.98801198801198
27260,NC,0.000125,0,-2000,307.56
27262,NC,5.45e-05,0,-2000,180.0
27263,NC,3.6e-05,0,-2000,56.2951146560319
27265,NC,6.25e-05,0,-2000,126.36163836163836
27278,NC,6e-06,2,8000,1.045045045045045
27282,NC,7.2e-05,0,-2000,342.5814185814186
27284,NC,5e-05,0,-2000,18.39060939060939
27292,NC,3.95e-05,0,-2000,77.56756756756756
27295,NC,2.8e-05,1,5000,94.535
27299,NC,4.05e-05,2,8000,26.544
27301,NC,7.85e-05,2,8000,33.12
27302,NC,4.85e-05,2,8000,53.9
27305,NC,5e-06,2,8000,1.25
27310,NC,0.0001555,1,5000,415.68
27311,NC,6.5e-06,2,8000,0.6636636636636637
27313,NC,4.05e-05,2,8000,62.5025025025025
27315,NC,3e-06,2,8000,0.20359281437125748
27317,NC,2.6e-05,1,5000,84.78
27357,NC,2e-05,2,8000,3.96
27358,NC,7.05e-05,1,5000,88.38438438438439
27360,NC,3e-05,0,-2000,59.174174174174176
27370,NC,3.5e-05,2,8000,9.045
27376,NC,4.85e-05,2,8000,40.183
27377,NC,0.0001375,2,8000,22.505494505494504
27401,NC,0.000163,1,5000,382.94605394605395
27403,NC,4.55e-05,0,-2000,141.5015015015015
27405,NC,0.0001195,0,-2000,428.01
27406,NC,0.0001695,0,-2000,265.695
27407,NC,0.0001065,0,-2000,361.22400000000005
27408,NC,4.45e-05,0,-2000,88.5084915084915
27409,NC,0.0001315,2,8000,196.1118881118881
27410,NC,6.05e-05,0,-2000,129.43243243243242
27455,NC,7.95e-05,0,-2000,149.688
27502,NC,0.000142,0,-2000,686.07
27504,NC,5.4e-05,1,5000,182.4125874125874
27510,NC,2.4e-05,0,-2000,45.67567567567568
27511,NC,5.85e-05,0,-2000,49.800000000000004
27513,NC,0.000106,0,-2000,563.2785571142284
27514,NC,5.05e-05,0,-2000,228.98701298701297
27516,NC,4.2e-05,0,-2000,36.81481481481482
27517,NC,8.25e-05,0,-2000,392.16216216216213
27518,NC,9.7e-05,0,-2000,440.3483483483484
27519,NC,0.0002675,0,-2000,908.2082082082082
27520,NC,9.8e-05,0,-2000,228.72972972972974
27521,NC,2.05e-05,2,8000,11.859
27523,NC,0.000135,1,5000,518.375
27526,NC,7.45e-05,0,-2000,250.5965965965966
27527,NC,0.000147,2,8000,206.52805611222445
27529,NC,8.85e-05,0,-2000,395.3873873873874
27530,NC,0.0001015,0,-2000,268.28000000000003
27534,NC,7.95e-05,0,-2000,209.58
27539,NC,0.000147,0,-2000,589.185628742515
27540,NC,0.000127,0,-2000,625.2844311377245
27545,NC,0.00017,1,5000,197.11888111888112
27560,NC,0.000161,1,5000,729.8135593220339
27562,NC,0.00018,2,8000,99.26073926073926
27587,NC,0.0001525,1,5000,263.7365269461078
27591,NC,8.2e-05,2,8000,115.41199999999999
27592,NC,5.3e-05,1,5000,63.52
27596,NC,2.9e-05,2,8000,7.025948103792415
27601,NC,0.00012,1,5000,434.511
27603,NC,8.2e-05,0,-2000,217.61361361361364
27604,NC,0.0001165,0,-2000,479.964
27605,NC,2.8e-05,1,5000,44.308
27606,NC,4.45e-05,0,-2000,110.0
27607,NC,5.6e-05,0,-2000,260.09
27608,NC,0.0001305,0,-2000,293.4894894894895
27609,NC,5.65e-05,0,-2000,208.44744744744744
27610,NC,0.000267,0,-2000,496.12375249500997
27612,NC,6.35e-05,0,-2000,39.33866133866134
27613,NC,9.4e-05,0,-2000,61.46853146853147
27614,NC,0.000129,0,-2000,86.77644710578842
27615,NC,7.3e-05,0,-2000,81.71828171828172
27616,NC,0.0001525,0,-2000,373.404
27617,NC,0.000146,0,-2000,315.69230769230774
27701,NC,6.95e-05,0,-2000,153.03303303303304
27703,NC,0.000175,1,5000,717.461
27704,NC,0.000144,1,5000,158.832
27705,NC,3.7e-05,0,-2000,50.07907907907908
27707,NC,8.4e-05,0,-2000,168.75373878364906
27712,NC,6.55e-05,0,-2000,169.61961961961964
27713,NC,0.0001795,1,5000,849.626746506986
27801,NC,0.000258,1,5000,1031.21
27803,NC,0.0001075,0,-2000,210.8028028028028
27804,NC,0.000173,1,5000,304.764705882353
27809,NC,0.0001505,2,8000,62.84615384615385
27812,NC,2e-06,2,8000,0.7032967032967034
27822,NC,5.75e-05,1,5000,171.28471528471528
27828,NC,3e-06,2,8000,0.9470529470529472
27834,NC,0.000109,0,-2000,476.36436436436435
27837,NC,3.7e-05,2,8000,19.05905905905906
27851,NC,1.15e-05,2,8000,4.236236236236237
27856,NC,4e-06,2,8000,1.624
27858,NC,3.45e-05,0,-2000,123.33433433433433
27863,NC,5.15e-05,2,8000,15.980942828485457
27878,NC,3.95e-05,2,8000,8.066066066066066
27884,NC,5.5e-06,2,8000,1.067
27893,NC,0.000127,0,-2000,444.45345345345345
27896,NC,7.85e-05,1,5000,147.095
28012,NC,4.8e-05,0,-2000,175.05
28016,NC,2.45e-05,0,-2000,99.90419161676647
28023,NC,2.85e-05,2,8000,15.392
28025,NC,6.3e-05,0,-2000,267.6007984031936
28027,NC,0.000107,0,-2000,470.35564435564436
28031,NC,9.05e-05,0,-2000,345.543
28032,NC,4.7e-05,1,5000,131.40080160320642
28033,NC,1.2e-05,2,8000,2.616
28034,NC,4.3e-05,1,5000,93.45
28036,NC,0.0001525,1,5000,456.8323353293413
28037,NC,7.9e-05,1,5000,237.82182182182183
28052,NC,6.25e-05,0,-2000,189.21
28054,NC,6.05e-05,0,-2000,272.986986986987
28056,NC,7e-05,0,-2000,183.53861584754262
28072,NC,6.5e-06,0,-2000,0.0
28073,NC,3.4e-05,2,8000,9.08908908908909
28075,NC,0.000245,1,5000,719.9499999999999
28078,NC,0.0001275,0,-2000,584.96
28079,NC,8.7e-05,0,-2000,67.84015984015984
28080,NC,5.15e-05,2,8000,12.27927927927928
28086,NC,5.1e-05,1,5000,151.05
28092,NC,3.9e-05,0,-2000,41.45454545454545
28098,NC,4.5e-05,2,8000,61.336
28101,NC,4.55e-05,2,8000,4.645645645645645
28104,NC,0.0001575,0,-2000,210.04204204204206
28105,NC,9.75e-05,0,-2000,230.13986013986016
28107,NC,7.6e-05,2,8000,29.586760280842526
28110,NC,7.7e-05,0,-2000,239.14014014014018
28112,NC,5e-05,0,-2000,154.13813813813815
28115,NC,5.45e-05,0,-2000,159.3856143856144
28117,NC,8.3e-05,0,-2000,250.778
28120,NC,4.6e-05,0,-2000,194.05405405405406
28125,NC,7.5e-06,2,8000,0.51
28134,NC,8.5e-05,1,5000,157.56643356643357
28138,NC,1.7e-05,2,8000,10.06993006993007
28144,NC,6.95e-05,0,-2000,189.106
28146,NC,2.9e-05,0,-2000,44.4035964035964
28147,NC,5.35e-05,1,5000,213.21378621378622
28150,NC,5.35e-05,1,5000,188.24175824175825
28152,NC,5.65e-05,1,5000,196.58800000000002
28159,NC,8.7e-05,2,8000,57.71342685370742
28164,NC,2.9e-05,1,5000,106.01401401401402
28166,NC,8.6e-05,2,8000,10.502502502502502
28168,NC,3e-06,2,8000,0.1078921078921079
28173,NC,0.000245,0,-2000,692.968968968969
28202,NC,0.000116,2,8000,69.76576576576576
28203,NC,0.0001015,1,5000,314.198
28204,NC,9.35e-05,2,8000,70.832
28205,NC,7.3e-05,0,-2000,138.37724550898204
28206,NC,0.0003035,2,8000,158.60139860139859
28207,NC,0.000549,2,8000,403.72999999999996
28208,NC,0.0002555,1,5000,529.4091816367265
28209,NC,5.85e-05,0,-2000,130.4835164835165
28210,NC,6.95e-05,0,-2000,176.04395604395606
28211,NC,0.0001095,0,-2000,216.03596403596407
28212,NC,7.55e-05,1,5000,208.2127872127872
28213,NC,0.000139,1,5000,604.9350649350649
28214,NC,0.0002215,1,5000,649.1915747241725
28215,NC,0.0001525,1,5000,519.8340000000001
28216,NC,0.000279,1,5000,668.5714285714286
28217,NC,0.000124,1,5000,223.74374374374375
28226,NC,8.45e-05,0,-2000,272.646
28227,NC,8.5e-05,0,-2000,143.86640079760718
28262,NC,0.0001795,1,5000,562.548
28269,NC,0.0002775,0,-2000,1115.6216216216217
28270,NC,0.0001305,0,-2000,205.1051051051051
28273,NC,0.00031,2,8000,453.06306306306305
28277,NC,0.000125,0,-2000,683.501
28278,NC,0.000324,1,5000,759.345
28301,NC,0.0001755,0,-2000,383.057057057057
28303,NC,6.65e-05,0,-2000,328.282
28304,NC,7.05e-05,0,-2000,358.89
28305,NC,3.9e-05,0,-2000,124.75200000000001
28306,NC,7.95e-05,0,-2000,298.251497005988
28307,NC,3.1e-05,1,5000,59.91608391608392
28311,NC,8.3e-05,0,-2000,430.27372627372625
28312,NC,6e-05,0,-2000,217.07784431137725
28314,NC,0.000132,0,-2000,380.857
28315,NC,5.9e-05,1,5000,282.828
28326,NC,5e-07,2,8000,0.204
28327,NC,3.4e-05,2,8000,70.45045045045045
28333,NC,5.05e-05,2,8000,41.04404404404404
28334,NC,5.3e-05,0,-2000,192.07207207207207
28339,NC,5.65e-05,1,5000,73.58158158158159
28348,NC,7.1e-05,0,-2000,160.44111776447104
28358,NC,8.25e-05,0,-2000,308.27427427427426
28360,NC,3.3e-05,1,5000,36.333999999999996
28371,NC,6e-05,1,5000,66.82199999999999
28372,NC,3e-06,2,8000,1.6423576423576423
28373,NC,4.45e-05,2,8000,32.04804804804805
28374,NC,4.2e-05,0,-2000,135.5124875124875
28376,NC,7.45e-05,1,5000,195.83616383616385
28387,NC,5.15e-05,0,-2000,93.44055944055944
28390,NC,6.05e-05,0,-2000,142.5055055055055
28391,NC,2.75e-05,2,8000,10.250501002004007
28394,NC,4e-06,2,8000,1.3053053053053052
28395,NC,3.6e-05,2,8000,13.464
28401,NC,7.8e-05,0,-2000,304.76
28403,NC,3.3e-05,0,-2000,203.12312312312312
28405,NC,6.9e-05,0,-2000,210.294
28409,NC,6.1e-05,0,-2000,0.0
28411,NC,6.9e-05,0,-2000,85.00699300699301
28412,NC,4.05e-05,0,-2000,33.721442885771545
28420,NC,1.8e-05,2,8000,10.414414414414413
28422,NC,5.65e-05,1,5000,194.07692307692307
28428,NC,5.8e-05,0,-2000,225.875
28429,NC,3.3e-05,1,5000,30.114770459081836
28449,NC,9.1e-05,1,5000,455.65130260521045
28451,NC,3.65e-05,2,8000,43.14744232698094
28460,NC,5e-07,2,8000,0.1798201798201798
28461,NC,5.85e-05,1,5000,106.43956043956044
28462,NC,4.05e-05,0,-2000,84.835
28465,NC,5.95e-05,0,-2000,59.90681362725451
28467,NC,5e-05,1,5000,92.67932067932068
28468,NC,7.2e-05,1,5000,137.38061938061938
28469,NC,6.9e-05,0,-2000,153.972
28470,NC,6.7e-05,1,5000,97.65868263473054
28479,NC,1.75e-05,2,8000,10.885
28480,NC,0.000153,1,5000,595.8178178178179
28513,NC,9e-06,2,8000,3.027027027027027
28539,NC,2.05e-05,2,8000,13.0989010989011
28540,NC,3.4e-05,0,-2000,89.418
28543,NC,2.15e-05,1,5000,71.84
28544,NC,2.95e-05,1,5000,31.506986027944112
28546,NC,4.45e-05,0,-2000,12.855855855855856
28547,NC,5.1e-05,1,5000,45.95409181636727
28555,NC,5e-07,2,8000,0.176
28590,NC,0.000106,1,5000,158.7675350701403
28601,NC,3.4e-05,0,-2000,17.59
28602,NC,3.75e-05,0,-2000,81.96407185628742
28610,NC,5.9e-05,2,8000,26.444444444444446
28612,NC,2e-05,1,5000,58.27027027027027
28613,NC,2.95e-05,0,-2000,82.698
28619,NC,1.75e-05,2,8000,1.157314629258517
28625,NC,4.55e-05,1,5000,164.615
28630,NC,2.65e-05,1,5000,98.805
28637,NC,2.45e-05,2,8000,34.485
28638,NC,1.9e-05,1,5000,53.720000000000006
28645,NC,8.25e-05,1,5000,194.78763708873382
28650,NC,3.7e-05,1,5000,78.358
28655,NC,9.85e-05,1,5000,330.4804804804805
28658,NC,3.95e-05,1,5000,143.57357357357358
28677,NC,5.35e-05,0,-2000,117.06200000000001
28681,NC,3.25e-05,2,8000,10.386613386613385
28690,NC,2.7e-05,1,5000,90.944
28701,NC,0.0001105,2,8000,64.13813813813815
28715,NC,1.9e-05,0,-2000,49.14
28730,NC,2.2e-05,1,5000,50.97005988023952
28748,NC,1.65e-05,2,8000,24.3
28778,NC,2.65e-05,2,8000,59.944
28787,NC,2.6e-05,0,-2000,83.53153153153154
28801,NC,2.75e-05,0,-2000,138.23023023023023
28803,NC,2.65e-05,0,-2000,26.294294294294293
28804,NC,8.6e-05,0,-2000,309.87212787212786
28805,NC,2.2e-05,0,-2000,45.51
28806,NC,1.85e-05,0,-2000,70.248
58042,ND,1.2e-05,2,8000,5.308926780341023
58047,ND,1.75e-05,1,5000,52.007000000000005
58078,ND,7.5e-06,0,-2000,27.00902708124373
58102,ND,2.5e-06,0,-2000,7.496007984031936
58103,ND,3.5e-06,0,-2000,0.0
58104,ND,7e-06,0,-2000,0.0
58201,ND,2.5e-06,0,-2000,0.0
58202,ND,1e-06,1,5000,4.158
58203,ND,2e-06,0,-2000,0.0
58501,ND,3.5e-06,0,-2000,0.0
58503,ND,8.5e-06,0,-2000,0.0
58504,ND,5e-06,0,-2000,6.728728728728728
58554,ND,5e-06,0,-2000,0.0
68005,NE,1.25e-05,0,-2000,0.0
68007,NE,5.4e-05,0,-2000,44.350649350649356
68010,NE,2.75e-05,2,8000,14.577
68022,NE,4.8e-05,0,-2000,246.93413173652695
68028,NE,5.9e-05,0,-2000,102.15584415584415
68030,NE,6.5e-06,2,8000,0.5029940119760479
68046,NE,3.3e-05,0,-2000,7.948
68059,NE,1.45e-05,2,8000,1.883116883116883
68064,NE,2e-06,2,8000,0.4111776447105788
68069,NE,2.7e-05,1,5000,81.46753246753246
68102,NE,1.4e-05,0,-2000,31.44
68104,NE,1.45e-05,0,-2000,21.972972972972972
68105,NE,7e-06,0,-2000,14.370000000000001
68106,NE,1.15e-05,0,-2000,21.504
68107,NE,1.05e-05,0,-2000,48.11188811188811
68108,NE,7.5e-06,0,-2000,0.0
68110,NE,2.35e-05,0,-2000,94.28200000000001
68111,NE,2.95e-05,0,-2000,29.988011988011987
68112,NE,1.55e-05,0,-2000,53.981
68113,NE,1.3e-05,2,8000,1.2347652347652347
68114,NE,1.4e-05,0,-2000,0.0
68116,NE,4.25e-05,0,-2000,9.634
68117,NE,1.15e-05,0,-2000,66.1981981981982
68118,NE,5.6e-05,0,-2000,117.91008991008991
68122,NE,6.55e-05,1,5000,145.85985985985985
68123,NE,2.5e-05,0,-2000,85.00499500499501
68124,NE,1.75e-05,0,-2000,0.0
68127,NE,1.15e-05,0,-2000,58.48351648351649
68128,NE,1.7e-05,0,-2000,32.984
68130,NE,4.8e-05,0,-2000,12.493013972055888
68131,NE,9.5e-06,0,-2000,0.0
68132,NE,1.3e-05,0,-2000,0.0
68133,NE,4.75e-05,0,-2000,85.46146146146147
68134,NE,1.4e-05,0,-2000,60.81918081918082
68135,NE,5.65e-05,0,-2000,9.359
68136,NE,4.45e-05,0,-2000,185.37362637362637
68137,NE,1.45e-05,0,-2000,0.0
68138,NE,1.55e-05,0,-2000,15.748251748251748
68142,NE,4.35e-05,1,5000,135.6883116883117
68144,NE,1.3e-05,0,-2000,0.0
68147,NE,1.4e-05,0,-2000,53.4965034965035
68152,NE,2.35e-05,1,5000,106.12224448897796
68154,NE,1.45e-05,0,-2000,0.0
68157,NE,1.8e-05,1,5000,83.32934131736528
68164,NE,2.15e-05,0,-2000,23.691616766467067
68317,NE,1.3e-05,2,8000,1.3246753246753247
68336,NE,1.35e-05,2,8000,3.105
68339,NE,1.85e-05,2,8000,3.8557114228456912
68430,NE,4.5e-06,2,8000,0.8091908091908091
68462,NE,1.45e-05,2,8000,1.1019999999999999
68502,NE,1.5e-05,0,-2000,0.0
68503,NE,1.1e-05,0,-2000,61.808
68504,NE,1.2e-05,0,-2000,0.0
68505,NE,1.65e-05,0,-2000,100.52252252252252
68506,NE,1.35e-05,0,-2000,18.816
68507,NE,1.5e-05,0,-2000,0.0
68508,NE,6e-06,0,-2000,0.0
68510,NE,1.35e-05,0,-2000,36.06287425149701
68512,NE,3.4e-05,0,-2000,68.68
68514,NE,4e-06,2,8000,0.448
68516,NE,3.25e-05,0,-2000,0.0
68517,NE,3.3e-05,2,8000,2.748502994011976
68520,NE,2.6e-05,1,5000,88.0
68521,NE,1.7e-05,0,-2000,66.794
68522,NE,2.2e-05,0,-2000,54.314
68523,NE,5.55e-05,1,5000,105.772
68524,NE,1.75e-05,1,5000,38.663
68526,NE,5.45e-05,0,-2000,94.95
68527,NE,6.95e-05,2,8000,60.32032032032031
68528,NE,1.85e-05,0,-2000,45.95795795795796
68531,NE,7.4e-05,2,8000,14.518518518518517
68731,NE,9.5e-06,1,5000,40.632632632632635
68776,NE,9e-06,0,-2000,8.026026026026026
3032,NH,8.5e-06,0,-2000,9.146292585170341
3034,NH,5.5e-06,1,5000,7.252747252747253
3036,NH,7e-06,0,-2000,13.724
3038,NH,4e-06,0,-2000,62.114114114114116
3045,NH,4e-06,0,-2000,113.751
3046,NH,4.5e-06,0,-2000,10.897102897102897
3049,NH,1.1e-05,1,5000,20.59259259259259
3051,NH,6e-06,0,-2000,31.643643643643642
3052,NH,7e-06,0,-2000,15.097902097902098
3053,NH,8.5e-06,0,-2000,123.03803803803804
3054,NH,5.5e-06,0,-2000,71.31599999999999
3060,NH,2e-06,0,-2000,107.29299999999999
3062,NH,3.5e-06,0,-2000,25.887337986041874
3063,NH,4e-06,0,-2000,25.136999999999997
3064,NH,2e-06,0,-2000,27.260479041916167
3076,NH,5e-06,0,-2000,0.0
3079,NH,4e-06,0,-2000,58.57857857857858
3087,NH,1.8e-05,1,5000,30.592000000000002
3101,NH,3e-06,0,-2000,15.15115115115115
3102,NH,2e-06,0,-2000,34.62
3103,NH,2e-06,0,-2000,56.098
3104,NH,2.5e-06,0,-2000,98.54754754754755
3106,NH,4.5e-06,0,-2000,46.356
3109,NH,3e-06,0,-2000,23.72827172827173
3110,NH,1e-05,0,-2000,10.431000000000001
3224,NH,2.5e-06,2,8000,4.413173652694611
3229,NH,2.5e-06,1,5000,2.7722277722277724
3234,NH,2e-06,1,5000,0.8368368368368369
3258,NH,4e-06,1,5000,2.912
3275,NH,3e-06,0,-2000,36.29370629370629
3301,NH,2.5e-06,0,-2000,151.593
3303,NH,2.5e-06,0,-2000,13.0
3304,NH,1e-05,0,-2000,21.5
3307,NH,2.5e-06,0,-2000,5.581581581581582
3801,NH,5e-06,0,-2000,12.075000000000001
3820,NH,4e-06,0,-2000,98.00000000000001
3823,NH,1.45e-05,1,5000,36.701
3824,NH,4.5e-06,0,-2000,18.73126873126873
3833,NH,5e-06,1,5000,6.233766233766234
3840,NH,1.4e-05,0,-2000,53.135999999999996
3854,NH,1.85e-05,0,-2000,50.81118881118881
3856,NH,3.25e-05,1,5000,141.662
3857,NH,4.5e-06,0,-2000,19.206
3861,NH,1.5e-06,2,8000,2.3832335329341316
3862,NH,6e-06,0,-2000,19.491017964071855
3865,NH,2e-06,2,8000,3.099099099099099
3867,NH,2e-06,2,8000,3.1783567134268536
3868,NH,3e-06,1,5000,0.672
3869,NH,3e-06,0,-2000,3.887
3870,NH,1e-05,0,-2000,24.683999999999997
3878,NH,3e-06,0,-2000,15.608391608391608
3885,NH,9e-06,0,-2000,5.964
7001,NJ,3.35e-05,0,-2000,176.3996003996004
7002,NJ,2.3e-05,0,-2000,120.35164835164836
7003,NJ,3.3e-05,0,-2000,93.88388388388388
7004,NJ,3.1e-05,0,-2000,65.61561561561562
7005,NJ,2.7e-05,0,-2000,65.44144144144144
7006,NJ,5.5e-05,0,-2000,298.2937062937063
7008,NJ,2.7e-05,0,-2000,76.748
7009,NJ,6.2e-05,0,-2000,14.955
7010,NJ,1.75e-05,0,-2000,33.373999999999995
7011,NJ,1.5e-05,0,-2000,0.0
7012,NJ,2.5e-05,0,-2000,38.55844155844156
7013,NJ,3.4e-05,0,-2000,88.07592407592408
7014,NJ,3.05e-05,0,-2000,110.53453453453454
7016,NJ,5.95e-05,0,-2000,188.219
7017,NJ,0.000125,1,5000,161.89610389610388
7018,NJ,0.000166,1,5000,211.41799999999998
7020,NJ,4.6e-05,0,-2000,142.006993006993
7021,NJ,0.000186,2,8000,288.46706586826343
7022,NJ,9e-06,0,-2000,10.84084084084084
7023,NJ,7.95e-05,0,-2000,251.28971028971029
7024,NJ,1.75e-05,0,-2000,7.233233233233233
7026,NJ,1.45e-05,0,-2000,71.53153153153153
7027,NJ,2.15e-05,0,-2000,64.23176823176823
7028,NJ,0.0004425,1,5000,1158.3776223776224
7029,NJ,1.5e-05,0,-2000,4.85140562248996
7030,NJ,0.000104,0,-2000,565.7157157157158
7031,NJ,2.1e-05,0,-2000,22.417582417582416
7032,NJ,1.75e-05,0,-2000,63.234468937875754
7033,NJ,2e-05,0,-2000,54.602
7034,NJ,1.15e-05,0,-2000,39.5499001996008
7035,NJ,2.7e-05,1,5000,71.77822177822178
7036,NJ,4.4e-05,0,-2000,40.14
7039,NJ,0.000162,0,-2000,313.033033033033
7040,NJ,0.000244,1,5000,1163.6363636363635
7041,NJ,0.0001595,1,5000,399.7238285144566
7042,NJ,9.45e-05,0,-2000,12.770310932798393
7043,NJ,0.000393,1,5000,530.3046953046953
7044,NJ,5.4e-05,0,-2000,28.310000000000002
7045,NJ,6.25e-05,0,-2000,161.4785214785215
7046,NJ,0.0002535,2,8000,174.74025974025975
7047,NJ,1.5e-05,0,-2000,30.954954954954953
7050,NJ,5.9e-05,0,-2000,231.67600000000002
7052,NJ,8e-05,0,-2000,412.4865403788634
7054,NJ,2e-05,0,-2000,0.0
7055,NJ,1.1e-05,0,-2000,106.83532934131738
7057,NJ,1.65e-05,0,-2000,9.9
7058,NJ,7.3e-05,1,5000,223.0909090909091
7059,NJ,0.000149,0,-2000,183.17117117117118
7060,NJ,1.8e-05,0,-2000,54.02206619859579
7062,NJ,6.8e-05,0,-2000,142.96903096903097
7063,NJ,3.65e-05,0,-2000,94.224
7064,NJ,6.4e-05,1,5000,97.46253746253747
7065,NJ,4.05e-05,0,-2000,0.0
7066,NJ,2.6e-05,0,-2000,24.52747252747253
7067,NJ,2.45e-05,0,-2000,15.435435435435435
7068,NJ,3.8e-05,0,-2000,52.49351944167498
7069,NJ,4.7e-05,1,5000,221.02602602602605
7070,NJ,4.1e-05,0,-2000,3.7727727727727727
7071,NJ,3.2e-05,0,-2000,71.47
7072,NJ,2.2e-05,0,-2000,24.13213213213213
7073,NJ,2.6e-05,0,-2000,15.486459378134404
7074,NJ,2.25e-05,0,-2000,50.54945054945055
7075,NJ,6e-05,0,-2000,264.4095904095904
7076,NJ,0.000106,0,-2000,337.546
7077,NJ,3.05e-05,0,-2000,72.52252252252252
7078,NJ,0.000391,1,5000,1096.7350000000001
7079,NJ,0.000175,1,5000,624.544
7080,NJ,4.45e-05,0,-2000,68.86
7081,NJ,6.6e-05,0,-2000,93.72972972972974
7082,NJ,4.8e-05,1,5000,113.336
7083,NJ,8.4e-05,0,-2000,437.5755755755756
7086,NJ,3.3e-05,0,-2000,18.06906906906907
7087,NJ,1e-05,0,-2000,81.35664335664336
7088,NJ,0.000211,2,8000,60.435
7090,NJ,0.000162,0,-2000,399.672
7092,NJ,6e-05,0,-2000,73.02697302697302
7093,NJ,1.1e-05,0,-2000,73.60917248255234
7094,NJ,5.7e-05,0,-2000,16.990000000000002
7095,NJ,3.1e-05,0,-2000,8.1
7102,NJ,2.25e-05,0,-2000,49.68
7103,NJ,8.4e-05,0,-2000,289.2985971943888
7104,NJ,1.7e-05,0,-2000,75.81
7105,NJ,1e-05,0,-2000,111.86999999999999
7106,NJ,0.000107,0,-2000,278.67499999999995
7107,NJ,2.1e-05,0,-2000,118.017
7108,NJ,9.3e-05,0,-2000,307.9418837675351
7109,NJ,1.9e-05,0,-2000,71.28128128128128
7110,NJ,2.6e-05,0,-2000,109.40459540459541
7111,NJ,0.0001775,1,5000,374.78378378378375
7112,NJ,0.000176,1,5000,240.72527472527474
7114,NJ,3.05e-05,0,-2000,123.25099999999999
7201,NJ,2.65e-05,0,-2000,136.952
7202,NJ,1.5e-05,0,-2000,44.028
7203,NJ,4.75e-05,0,-2000,165.82035928143713
7204,NJ,2.25e-05,0,-2000,0.0
7205,NJ,0.0001085,0,-2000,274.8235294117647
7206,NJ,1.9e-05,0,-2000,58.736000000000004
7208,NJ,1.25e-05,0,-2000,29.117117117117118
7302,NJ,0.000102,0,-2000,418.27027027027026
7304,NJ,3.6e-05,0,-2000,140.12412412412414
7305,NJ,7.2e-05,0,-2000,18.96896896896897
7306,NJ,1.85e-05,0,-2000,115.56599999999999
7307,NJ,1.6e-05,0,-2000,115.76876876876878
7310,NJ,7.8e-05,2,8000,122.86172344689379
7401,NJ,1.3e-05,0,-2000,17.934
7407,NJ,2.15e-05,0,-2000,69.615
7410,NJ,5.85e-05,0,-2000,50.492492492492495
7417,NJ,2.75e-05,0,-2000,23.102999999999998
7423,NJ,0.000437,2,8000,701.9459459459459
7424,NJ,2.65e-05,0,-2000,78.87087087087087
7430,NJ,5e-06,0,-2000,30.772000000000002
7432,NJ,4.15e-05,0,-2000,198.6996996996997
7436,NJ,1.3e-05,0,-2000,0.0
7440,NJ,4.6e-05,1,5000,123.98305084745763
7442,NJ,2.3e-05,1,5000,76.42742742742743
7444,NJ,2.75e-05,1,5000,87.675
7446,NJ,1.1e-05,0,-2000,0.0
7450,NJ,0.000192,0,-2000,949.7657657657658
7452,NJ,0.0001715,0,-2000,517.8918918918919
7458,NJ,5.35e-05,0,-2000,0.0
7463,NJ,8.5e-06,0,-2000,8.067932067932068
7470,NJ,6.3e-05,0,-2000,0.0
7481,NJ,1.7e-05,0,-2000,3.5435435435435436
7501,NJ,1.25e-05,0,-2000,133.494
7502,NJ,1.8e-05,0,-2000,32.03603603603604
7503,NJ,1.35e-05,0,-2000,52.12424849699399
7504,NJ,4.65e-05,0,-2000,129.1851851851852
7505,NJ,8.5e-06,0,-2000,21.64435564435564
7506,NJ,2.55e-05,0,-2000,0.0
7508,NJ,2.6e-05,0,-2000,58.22044088176353
7512,NJ,3.95e-05,0,-2000,43.0990990990991
7513,NJ,2.3e-05,0,-2000,52.76223776223777
7514,NJ,3.15e-05,0,-2000,67.08908908908909
7522,NJ,2.05e-05,0,-2000,55.769999999999996
7524,NJ,2.25e-05,0,-2000,26.76553106212425
7601,NJ,2.95e-05,0,-2000,65.74174174174175
7603,NJ,4.25e-05,0,-2000,110.435
7604,NJ,3.8e-05,0,-2000,8.897897897897899
7605,NJ,2.05e-05,0,-2000,29.279
7606,NJ,2.4e-05,1,5000,44.12024048096192
7607,NJ,3.9e-05,0,-2000,180.36036036036037
7620,NJ,2.55e-05,1,5000,47.499
7621,NJ,3.7e-05,0,-2000,25.90909090909091
7624,NJ,1.8e-05,0,-2000,32.22
7626,NJ,9e-06,0,-2000,10.27972027972028
7627,NJ,8.5e-06,0,-2000,0.0
7628,NJ,2.35e-05,0,-2000,18.47847847847848
7630,NJ,6e-06,0,-2000,0.0
7631,NJ,3.4e-05,0,-2000,29.134
7632,NJ,0.000207,1,5000,355.812
7640,NJ,1.3e-05,0,-2000,0.0
7641,NJ,3.15e-05,0,-2000,117.96703296703298
7642,NJ,7.3e-05,0,-2000,329.90809190809193
7643,NJ,1.2e-05,0,-2000,2.0791583166332663
7644,NJ,2.3e-05,0,-2000,18.648
7645,NJ,1.55e-05,0,-2000,1.5755755755755756
7646,NJ,2e-05,0,-2000,0.0
7647,NJ,5e-06,0,-2000,1.3116883116883118
7648,NJ,9.5e-06,0,-2000,26.25025025025025
7649,NJ,0.0001365,0,-2000,367.02702702702703
7650,NJ,1.6e-05,0,-2000,23.35135135135135
7652,NJ,4.85e-05,0,-2000,42.31831831831832
7656,NJ,1.05e-05,0,-2000,8.345
7657,NJ,2.25e-05,0,-2000,4.47
7660,NJ,2.1e-05,0,-2000,6.772545090180361
7661,NJ,5.65e-05,0,-2000,7.246246246246246
7662,NJ,2.9e-05,0,-2000,167.92907092907095
7663,NJ,5.05e-05,0,-2000,16.04809619238477
7666,NJ,6.85e-05,0,-2000,27.27127127127127
7670,NJ,0.0001395,0,-2000,516.3636363636364
7675,NJ,1.25e-05,0,-2000,38.619
7676,NJ,4.4e-05,0,-2000,222.24624624624624
7677,NJ,5.1e-05,0,-2000,236.009009009009
7701,NJ,2.8e-05,0,-2000,0.0
7702,NJ,9.75e-05,1,5000,272.971971971972
7704,NJ,0.0004415,2,8000,512.316
7711,NJ,4.75e-05,1,5000,165.41575274177467
7712,NJ,5.25e-05,0,-2000,148.27172827172828
7716,NJ,2.6e-05,0,-2000,57.314314314314316
7717,NJ,3.25e-05,1,5000,42.858283433133735
7718,NJ,5.55e-05,1,5000,79.86486486486486
7719,NJ,4e-05,0,-2000,12.699398797595189
7720,NJ,2.15e-05,1,5000,22.282717282717282
7721,NJ,5.7e-05,2,8000,61.946
7722,NJ,0.000182,2,8000,219.501
7723,NJ,1.4e-05,0,-2000,71.24799999999999
7724,NJ,3.45e-05,0,-2000,4.795409181636726
7726,NJ,7.65e-05,0,-2000,0.0
7727,NJ,8.8e-05,1,5000,348.2267732267732
7728,NJ,3.75e-05,0,-2000,11.48951048951049
7730,NJ,3.2e-05,0,-2000,155.776
7731,NJ,5.75e-05,0,-2000,307.29200000000003
7732,NJ,1.45e-05,0,-2000,64.97399999999999
7733,NJ,0.0001095,0,-2000,253.272
7734,NJ,1.65e-05,0,-2000,100.0998003992016
7735,NJ,2.25e-05,0,-2000,42.384
7737,NJ,3.1e-05,1,5000,140.275
7738,NJ,0.000126,1,5000,316.572
7739,NJ,0.000328,2,8000,565.3306613226453
7740,NJ,2.2e-05,0,-2000,13.208791208791208
7746,NJ,0.0001525,0,-2000,319.936
7747,NJ,4.2e-05,0,-2000,205.91791791791792
7748,NJ,4.2e-05,0,-2000,0.0
7750,NJ,7.25e-05,1,5000,246.0
7751,NJ,0.000117,0,-2000,406.036
7753,NJ,5.6e-05,0,-2000,291.18036072144287
7755,NJ,4.1e-05,0,-2000,89.908
7756,NJ,1.25e-05,0,-2000,33.41683366733467
7757,NJ,5.25e-05,1,5000,66.44
7758,NJ,2.95e-05,0,-2000,58.032000000000004
7760,NJ,0.0002,1,5000,704.942
7762,NJ,3.05e-05,0,-2000,175.65134865134866
7764,NJ,4.15e-05,0,-2000,87.75
7801,NJ,1.15e-05,0,-2000,0.0
7803,NJ,2.05e-05,1,5000,91.90781563126252
7821,NJ,1.1e-05,2,8000,2.5740000000000003
7828,NJ,2.15e-05,0,-2000,22.5811623246493
7834,NJ,5.2e-05,0,-2000,110.62124248496993
7836,NJ,4.85e-05,0,-2000,56.06393606393606
7838,NJ,2.5e-06,2,8000,0.6143856143856143
7840,NJ,2.4e-05,0,-2000,0.0
7843,NJ,1.25e-05,1,5000,49.009009009009006
7847,NJ,1.2e-05,1,5000,27.412587412587413
7849,NJ,1.15e-05,2,8000,3.2397602397602396
7850,NJ,1.85e-05,0,-2000,34.370370370370374
7852,NJ,2.2e-05,1,5000,100.16416416416416
7853,NJ,0.000122,1,5000,453.1051051051051
7856,NJ,1.85e-05,1,5000,37.092
7857,NJ,1.5e-05,1,5000,14.673326673326674
7866,NJ,3e-05,0,-2000,109.70259481037925
7869,NJ,8.2e-05,0,-2000,187.66766766766767
7874,NJ,2.45e-05,1,5000,101.60099999999998
7876,NJ,6.75e-05,0,-2000,123.5333998005982
7878,NJ,8e-06,2,8000,1.275
7885,NJ,2.1e-05,0,-2000,68.851
7901,NJ,8.85e-05,0,-2000,219.45345345345345
7920,NJ,9.25e-05,0,-2000,433.202
7921,NJ,3.25e-05,0,-2000,50.83483483483484
7922,NJ,0.0001215,1,5000,526.806
7924,NJ,0.0002425,2,8000,312.9040959040959
7927,NJ,4.25e-05,1,5000,161.83216783216784
7928,NJ,0.000216,1,5000,929.545
7930,NJ,0.000177,2,8000,280.4115884115884
7931,NJ,5.85e-05,2,8000,95.1068931068931
7932,NJ,4.7e-05,0,-2000,91.299
7933,NJ,2.5e-05,1,5000,20.95190380761523
7935,NJ,3.05e-05,2,8000,39.672
7936,NJ,4.9e-05,0,-2000,47.731731731731735
7940,NJ,6.05e-05,0,-2000,157.7957957957958
7945,NJ,0.000302,1,5000,571.1711711711712
7946,NJ,0.0001265,2,8000,194.304
7950,NJ,4.25e-05,0,-2000,187.245
7960,NJ,4.75e-05,0,-2000,20.631
7974,NJ,7.1e-05,0,-2000,100.70400000000001
7980,NJ,3.15e-05,1,5000,140.392
7981,NJ,4.6e-05,0,-2000,105.11999999999999
8002,NJ,2.7e-05,0,-2000,43.41017964071856
8003,NJ,6.1e-05,0,-2000,431.94205794205794
8004,NJ,3.2e-05,0,-2000,81.25250501002003
8007,NJ,1.65e-05,0,-2000,65.65934065934066
8009,NJ,4.55e-05,0,-2000,204.813
8010,NJ,4e-05,0,-2000,121.71428571428572
8012,NJ,3.1e-05,0,-2000,109.93006993006993
8016,NJ,7.55e-05,0,-2000,183.48348348348347
8020,NJ,1.55e-05,2,8000,28.82782782782783
8021,NJ,2.85e-05,0,-2000,158.346
8022,NJ,2.85e-05,0,-2000,69.768
8023,NJ,7.5e-06,1,5000,0.0
8026,NJ,1.9e-05,0,-2000,40.716
8027,NJ,2.4e-05,0,-2000,99.2092092092092
8028,NJ,4.5e-05,0,-2000,80.991008991009
8029,NJ,1.7e-05,0,-2000,79.016
8030,NJ,1.9e-05,0,-2000,66.62
8031,NJ,1.7e-05,0,-2000,23.314685314685313
8032,NJ,7.9e-05,2,8000,152.944
8033,NJ,5e-05,0,-2000,0.0
8034,NJ,3.15e-05,0,-2000,28.6312625250501
8035,NJ,2.75e-05,0,-2000,165.90618762475052
8036,NJ,6.75e-05,0,-2000,165.1981981981982
8037,NJ,2.05e-05,0,-2000,136.2722722722723
8043,NJ,3.4e-05,0,-2000,398.5370741482966
8045,NJ,0.0002105,1,5000,740.826
8046,NJ,0.0002015,0,-2000,453.5828343313373
8048,NJ,8.35e-05,0,-2000,335.35135135135135
8049,NJ,2.8e-05,1,5000,62.21821821821821
8051,NJ,3.1e-05,0,-2000,65.09690309690309
8052,NJ,1.55e-05,0,-2000,48.69530469530469
8053,NJ,4.45e-05,0,-2000,308.92678034102306
8054,NJ,5.3e-05,0,-2000,112.37237237237237
8055,NJ,8.35e-05,0,-2000,188.108
8057,NJ,0.000111,0,-2000,12.378378378378379
8059,NJ,1.7e-05,0,-2000,32.33166833166833
8060,NJ,8.65e-05,0,-2000,320.3736263736264
8062,NJ,0.0001385,1,5000,657.6423576423576
8063,NJ,1.7e-05,1,5000,36.82882882882883
8065,NJ,2.15e-05,0,-2000,85.65934065934066
8066,NJ,4.5e-05,0,-2000,139.87274549098197
8069,NJ,3e-05,0,-2000,94.5944055944056
8070,NJ,1.7e-05,0,-2000,32.732
8071,NJ,2.65e-05,0,-2000,113.05705705705705
8075,NJ,2.1e-05,0,-2000,48.75
8077,NJ,4.35e-05,0,-2000,32.232
8078,NJ,1.85e-05,0,-2000,46.94
8079,NJ,4.7e-05,0,-2000,36.91891891891892
8080,NJ,6.4e-05,0,-2000,532.7137137137137
8081,NJ,0.000115,0,-2000,529.023
8083,NJ,2.85e-05,0,-2000,91.61961961961963
8084,NJ,2e-05,0,-2000,65.1377245508982
8085,NJ,9e-06,2,8000,16.722
8086,NJ,2.8e-05,0,-2000,43.93413173652695
8088,NJ,2e-05,1,5000,98.36036036036036
8089,NJ,4.9e-05,0,-2000,82.15384615384616
8090,NJ,4.6e-05,0,-2000,160.02
8091,NJ,1.9e-05,1,5000,5.115
8093,NJ,2.45e-05,0,-2000,117.453
8094,NJ,4.4e-05,0,-2000,319.11600000000004
8096,NJ,3.45e-05,0,-2000,253.33733733733735
8097,NJ,3.3e-05,0,-2000,67.21121121121121
8102,NJ,1.4e-05,0,-2000,29.115884115884118
8103,NJ,7.8e-05,0,-2000,201.23876123876124
8104,NJ,6.4e-05,0,-2000,111.05105105105105
8105,NJ,2.2e-05,0,-2000,86.70470470470471
8106,NJ,2.05e-05,0,-2000,7.861861861861862
8107,NJ,2.05e-05,0,-2000,74.33033033033033
8108,NJ,2.1e-05,0,-2000,54.906906906906904
8109,NJ,3.15e-05,0,-2000,52.02
8110,NJ,5.5e-05,0,-2000,64.69739478957916
8201,NJ,2e-05,0,-2000,50.190000000000005
8203,NJ,3.65e-05,0,-2000,352.70070070070074
8221,NJ,6.25e-05,0,-2000,74.62899999999999
8223,NJ,2.85e-05,0,-2000,108.74999999999999
8225,NJ,3.05e-05,0,-2000,107.236
8226,NJ,5.3e-05,0,-2000,488.21978021978026
8230,NJ,3.2e-05,0,-2000,92.204
8232,NJ,4.95e-05,0,-2000,191.85214785214785
8234,NJ,2.45e-05,0,-2000,354.04200000000003
8244,NJ,2.25e-05,0,-2000,78.7815631262525
8270,NJ,1.2e-05,2,8000,23.449101796407184
8302,NJ,4.45e-05,1,5000,219.6
8310,NJ,1.2e-05,0,-2000,25.73
8312,NJ,6e-05,0,-2000,185.94288577154308
8318,NJ,2.85e-05,0,-2000,39.387
8322,NJ,3.8e-05,0,-2000,33.89221556886228
8326,NJ,3e-05,0,-2000,19.24724724724725
8328,NJ,3.05e-05,1,5000,11.200000000000001
8330,NJ,1.8e-05,1,5000,7.228771228771229
8332,NJ,3.15e-05,0,-2000,195.90229312063806
8340,NJ,1.55e-05,2,8000,30.69030969030969
8341,NJ,2.3e-05,0,-2000,28.676000000000002
8343,NJ,6.9e-05,0,-2000,158.49849849849852
8344,NJ,1.8e-05,0,-2000,90.14385614385614
8346,NJ,6.6e-05,2,8000,132.0
8352,NJ,5e-06,2,8000,9.53953953953954
8360,NJ,2.5e-05,0,-2000,189.72000000000003
8361,NJ,4.2e-05,0,-2000,180.54
8401,NJ,2.65e-05,0,-2000,276.501
8402,NJ,7.2e-05,0,-2000,323.49350649350646
8403,NJ,6.55e-05,0,-2000,191.48997995991982
8406,NJ,2.9e-05,0,-2000,217.6007984031936
8501,NJ,4.15e-05,0,-2000,108.1081081081081
8502,NJ,0.000432,1,5000,884.5595595595596
8505,NJ,2.65e-05,0,-2000,61.344
8510,NJ,0.0002085,2,8000,139.69
8512,NJ,5.65e-05,0,-2000,125.79640718562875
8514,NJ,4.1e-05,1,5000,144.204
8515,NJ,0.000159,1,5000,515.4054054054054
8518,NJ,4.3e-05,1,5000,90.15369261477045
8520,NJ,4e-05,0,-2000,0.0
8525,NJ,5.9e-05,1,5000,126.792
8527,NJ,3.75e-05,0,-2000,192.58258258258257
8533,NJ,1e-06,2,8000,0.224
8534,NJ,0.0001275,0,-2000,229.15915915915917
8535,NJ,0.000198,2,8000,172.05805805805804
8536,NJ,4.65e-05,0,-2000,47.532467532467535
8540,NJ,9.7e-05,0,-2000,67.018
8542,NJ,0.0001165,1,5000,565.8083832335329
8550,NJ,0.0001765,0,-2000,474.0720720720721
8553,NJ,3.1e-05,1,5000,22.939
8554,NJ,2.15e-05,0,-2000,68.54354354354355
8555,NJ,1.75e-05,2,8000,20.769000000000002
8558,NJ,0.000484,2,8000,771.1186440677966
8560,NJ,2.2e-05,1,5000,82.91017964071857
8562,NJ,1.45e-05,2,8000,15.423423423423424
8609,NJ,4.6e-05,0,-2000,123.519
8610,NJ,2e-05,0,-2000,0.0
8611,NJ,1.4e-05,0,-2000,142.04999999999998
8618,NJ,5.75e-05,0,-2000,179.12712712712712
8619,NJ,2.25e-05,0,-2000,65.56
8620,NJ,2.7e-05,0,-2000,74.77477477477477
8628,NJ,3.15e-05,0,-2000,141.54
8629,NJ,6.25e-05,1,5000,83.72
8638,NJ,4.5e-05,0,-2000,114.969
8648,NJ,4.1e-05,0,-2000,43.41741741741742
8690,NJ,2.1e-05,0,-2000,22.319361277445108
8691,NJ,4.9e-05,0,-2000,107.43299999999999
8701,NJ,1.4e-05,0,-2000,0.0
8720,NJ,6.25e-05,2,8000,75.988
8721,NJ,2.9e-05,1,5000,32.95
8722,NJ,2.7e-05,0,-2000,45.997997997998
8723,NJ,3.05e-05,0,-2000,0.0
8724,NJ,2.35e-05,0,-2000,0.0
8730,NJ,9.25e-05,1,5000,339.58383233532936
8731,NJ,3.5e-06,2,8000,0.763
8732,NJ,2.6e-05,1,5000,57.34665334665335
8733,NJ,2.45e-05,1,5000,61.408
8735,NJ,1.75e-05,0,-2000,0.0
8736,NJ,0.0001135,0,-2000,248.65
8738,NJ,0.0002735,2,8000,314.418
8740,NJ,1.25e-05,1,5000,8.270999999999999
8741,NJ,4.4e-05,1,5000,101.469
8742,NJ,3.1e-05,0,-2000,0.0
8750,NJ,9.3e-05,1,5000,119.88611388611389
8751,NJ,1.65e-05,0,-2000,0.0
8752,NJ,1.8e-05,0,-2000,60.02397602397603
8753,NJ,2.9e-05,0,-2000,0.0
8755,NJ,2.1e-05,0,-2000,0.0
8757,NJ,1.2e-05,0,-2000,0.0
8759,NJ,1e-05,0,-2000,70.91
8804,NJ,1.55e-05,2,8000,24.410589410589413
8805,NJ,1.45e-05,0,-2000,0.0
8807,NJ,7.15e-05,0,-2000,372.49750249750247
8810,NJ,9.4e-05,0,-2000,235.55555555555554
8812,NJ,2e-05,0,-2000,45.324649298597194
8816,NJ,4.35e-05,0,-2000,0.0
8817,NJ,2.95e-05,0,-2000,83.511
8820,NJ,5.65e-05,0,-2000,91.4945054945055
8823,NJ,6e-05,1,5000,86.61461461461461
8824,NJ,9e-05,0,-2000,0.0
8828,NJ,2.4e-05,2,8000,39.925925925925924
8830,NJ,2.3e-05,0,-2000,27.636
8831,NJ,3.1e-05,0,-2000,0.0
8832,NJ,1.85e-05,1,5000,34.42914171656687
8835,NJ,1.95e-05,0,-2000,15.844155844155845
8836,NJ,0.000194,2,8000,322.6753246753247
8837,NJ,3.4e-05,0,-2000,184.5928143712575
8840,NJ,5.45e-05,0,-2000,33.512
8844,NJ,7.65e-05,0,-2000,0.0
8846,NJ,2.3e-05,0,-2000,18.043912175648703
8848,NJ,3.05e-05,2,8000,19.9000999000999
8850,NJ,3.05e-05,0,-2000,0.0
8852,NJ,4.6e-05,0,-2000,10.156843156843157
8854,NJ,4.3e-05,0,-2000,21.662
8857,NJ,2.45e-05,0,-2000,18.56
8859,NJ,2.9e-05,0,-2000,108.25174825174825
8861,NJ,1.25e-05,0,-2000,24.876
8863,NJ,2.65e-05,0,-2000,62.230230230230234
8865,NJ,1.15e-05,0,-2000,8.984984984984985
8869,NJ,2.3e-05,0,-2000,1.993006993006993
8872,NJ,3.9e-05,0,-2000,99.14285714285715
8873,NJ,6.1e-05,0,-2000,345.91891891891896
8876,NJ,3.45e-05,0,-2000,61.85985985985986
8879,NJ,2.75e-05,0,-2000,56.67
8880,NJ,2.2e-05,1,5000,29.52
8882,NJ,2.65e-05,0,-2000,98.43843843843844
8884,NJ,2.1e-05,0,-2000,54.810810810810814
8886,NJ,8.35e-05,1,5000,174.14770459081836
8901,NJ,1.3e-05,0,-2000,112.93693693693693
8902,NJ,5.05e-05,0,-2000,67.80661322645291
8904,NJ,1.55e-05,0,-2000,14.804804804804805
87002,NM,0.0003975,0,-2000,412.064
87004,NM,5e-06,1,5000,9.85
87008,NM,0.0003175,1,5000,608.3299999999999
87015,NM,0.0003965,1,5000,1120.3783783783783
87022,NM,4.95e-05,1,5000,97.31362725450902
87031,NM,0.000454,0,-2000,420.5005005005005
87035,NM,0.0002545,1,5000,1162.4609218436874
87042,NM,0.0003225,1,5000,1157.6023976023976
87047,NM,0.0001115,1,5000,217.202
87048,NM,0.0004615,0,-2000,514.5254745254746
87059,NM,0.0003375,1,5000,658.125
87068,NM,0.000405,1,5000,1319.3516483516482
87102,NM,0.000206,0,-2000,671.5575575575576
87104,NM,0.000344,0,-2000,516.4675324675325
87105,NM,0.000267,0,-2000,1168.055944055944
87106,NM,0.000249,0,-2000,893.7337337337337
87107,NM,0.0002915,0,-2000,435.24
87108,NM,0.000215,0,-2000,354.8571428571429
87109,NM,0.00035,0,-2000,1027.2914171656687
87110,NM,0.0003425,0,-2000,1018.3233532934132
87111,NM,0.0005555,0,-2000,1978.0459540459542
87112,NM,0.000413,0,-2000,1230.227227227227
87113,NM,0.000672,0,-2000,439.1796407185629
87114,NM,0.000694,0,-2000,1470.2537462537464
87116,NM,0.0007965,1,5000,1585.027027027027
87120,NM,0.0007995,0,-2000,1391.2212212212214
87121,NM,0.00043,0,-2000,1450.926221335992
87122,NM,0.0018485,1,5000,3478.877
87123,NM,0.0004065,0,-2000,1090.105105105105
87124,NM,0.000579,0,-2000,1016.45
87144,NM,0.0008225,1,5000,2365.1451451451453
87401,NM,5.1e-05,0,-2000,145.2574850299401
87402,NM,0.000405,1,5000,161.2987012987013
87501,NM,0.0003765,0,-2000,884.358
87505,NM,0.000442,0,-2000,1102.542372881356
87506,NM,0.000467,1,5000,1808.2117882117884
87507,NM,0.0003475,0,-2000,775.488
87508,NM,0.000656,0,-2000,3199.1588411588414
88001,NM,0.000237,0,-2000,890.9599999999999
88005,NM,0.0003095,1,5000,499.9000999000999
88007,NM,0.000444,1,5000,302.08408408408405
88008,NM,0.0001635,2,8000,323.7267267267267
88011,NM,0.0005645,1,5000,497.6136136136136
88012,NM,0.0005655,1,5000,261.786
88047,NM,1.05e-05,2,8000,20.664335664335663
88063,NM,0.0002005,1,5000,271.6336336336336
89002,NV,0.000362,0,-2000,672.8872255489022
89005,NV,0.0002795,0,-2000,377.27700000000004
89011,NV,0.0005155,0,-2000,581.5130260521042
89012,NV,0.0003455,0,-2000,707.004995004995
89014,NV,0.000271,0,-2000,415.096
89015,NV,0.0002315,0,-2000,584.982
89030,NV,0.000239,0,-2000,343.44011976047904
89032,NV,0.000926,0,-2000,4050.734265734266
89044,NV,1e-06,1,5000,1.912
89052,NV,0.000302,0,-2000,1124.6689999999999
89074,NV,0.000295,0,-2000,1043.898898898899
89101,NV,0.0001595,0,-2000,502.96399999999994
89102,NV,0.0001885,0,-2000,358.7912087912088
89103,NV,0.0002115,0,-2000,481.15000000000003
89104,NV,0.0002085,0,-2000,602.0759240759241
89106,NV,0.000368,0,-2000,481.5528942115768
89107,NV,0.000202,0,-2000,398.202
89108,NV,0.0002975,0,-2000,769.1071071071071
89109,NV,0.000183,0,-2000,671.6283716283717
89110,NV,0.000193,0,-2000,1138.6646646646648
89113,NV,0.000505,0,-2000,592.8879999999999
89115,NV,0.000328,0,-2000,1779.86013986014
89117,NV,0.000232,0,-2000,1174.629740518962
89118,NV,0.0004215,0,-2000,332.58299999999997
89119,NV,0.0002015,0,-2000,386.2255489021956
89120,NV,0.0002025,0,-2000,353.58299999999997
89121,NV,0.000189,0,-2000,881.8981018981019
89122,NV,0.0003235,0,-2000,533.0280561122245
89123,NV,0.000292,0,-2000,860.8311688311688
89128,NV,0.000315,0,-2000,474.465
89129,NV,0.000477,0,-2000,845.748502994012
89130,NV,0.000346,0,-2000,1091.4725274725274
89134,NV,0.000426,0,-2000,906.984
89135,NV,0.0005485,0,-2000,1348.3203203203204
89138,NV,0.00122,1,5000,2278.4754262788365
89139,NV,0.0008535,0,-2000,592.3476523476523
89141,NV,0.0008795,0,-2000,815.424
89142,NV,0.000277,0,-2000,406.8618618618618
89144,NV,0.000367,0,-2000,654.8571428571429
89145,NV,0.0002315,0,-2000,467.4965034965035
89146,NV,0.000179,0,-2000,284.77177177177174
89147,NV,0.0004605,0,-2000,731.7317317317318
89148,NV,0.00096,0,-2000,4753.5611222444895
89156,NV,0.0002845,0,-2000,308.743
89158,NV,1.15e-05,1,5000,21.598401598401598
89166,NV,5.5e-06,1,5000,10.735735735735735
89169,NV,0.000207,0,-2000,173.65765765765764
89178,NV,0.0007635,0,-2000,2257.791
89183,NV,0.000424,0,-2000,490.536
89403,NV,2.75e-05,1,5000,53.79
89410,NV,2.55e-05,1,5000,49.266
89423,NV,0.0001065,0,-2000,257.94
89431,NV,2.45e-05,0,-2000,190.4809619238477
89433,NV,2.75e-05,0,-2000,100.13213213213213
89434,NV,4.05e-05,0,-2000,158.6107784431138
89436,NV,8.85e-05,0,-2000,632.016
89439,NV,3.8e-05,0,-2000,115.92
89441,NV,0.000133,0,-2000,330.706
89501,NV,1.05e-05,0,-2000,50.301
89502,NV,2.25e-05,0,-2000,300.8682634730539
89503,NV,2.2e-05,0,-2000,245.54645354645353
89506,NV,4.75e-05,0,-2000,403.20120120120123
89508,NV,4.6e-05,0,-2000,55.65234765234765
89509,NV,2.2e-05,0,-2000,434.9069069069069
89510,NV,2.4e-05,1,5000,46.896
89511,NV,7.85e-05,0,-2000,623.3806193806194
89512,NV,1.9e-05,0,-2000,213.9060939060939
89519,NV,0.000145,0,-2000,387.8081918081918
89521,NV,0.0001075,0,-2000,387.84115884115886
89523,NV,6.3e-05,0,-2000,542.2507492507493
89701,NV,3.75e-05,0,-2000,355.6843156843157
89703,NV,3.65e-05,0,-2000,179.858
89705,NV,5.4e-05,0,-2000,56.6963036963037
89706,NV,2.85e-05,0,-2000,133.27327327327328
10001,NY,7.5e-06,0,-2000,2.375
10002,NY,2.5e-06,0,-2000,33.54137587238285
10003,NY,2.55e-05,0,-2000,6.266266266266266
10004,NY,2.85e-05,2,8000,30.179820179820176
10005,NY,1.75e-05,2,8000,17.237237237237238
10006,NY,2.05e-05,2,8000,21.277445109780437
10007,NY,4.65e-05,2,8000,52.120879120879124
10009,NY,7.5e-06,0,-2000,22.679640718562876
10010,NY,2.45e-05,0,-2000,49.76523476523477
10011,NY,2.1e-05,0,-2000,9.678321678321678
10012,NY,1.45e-05,0,-2000,13.409409409409411
10013,NY,1.95e-05,0,-2000,9.77022977022977
10014,NY,2.35e-05,0,-2000,8.542914171656687
10016,NY,1.6e-05,0,-2000,5.511488511488512
10017,NY,9.5e-06,1,5000,17.51751751751752
10018,NY,2.85e-05,1,5000,47.01698301698302
10019,NY,9.5e-06,0,-2000,8.924999999999999
10021,NY,1.25e-05,0,-2000,70.68568568568568
10022,NY,1.85e-05,0,-2000,54.27783350050151
10023,NY,1.9e-05,0,-2000,95.18581418581418
10024,NY,3.4e-05,0,-2000,128.52347652347652
10025,NY,1.15e-05,0,-2000,19.226452905811623
10026,NY,2.75e-05,0,-2000,65.88011988011988
10027,NY,1.35e-05,0,-2000,31.997997997998
10028,NY,2e-05,0,-2000,114.0
10029,NY,5e-06,0,-2000,34.306306306306304
10030,NY,2.6e-05,1,5000,48.78321678321678
10031,NY,1.15e-05,0,-2000,14.979020979020978
10032,NY,5.5e-06,0,-2000,9.852
10033,NY,7.5e-06,0,-2000,14.849849849849852
10034,NY,6.5e-06,0,-2000,12.566433566433567
10035,NY,1.05e-05,0,-2000,33.48
10036,NY,7e-06,0,-2000,5.449101796407185
10037,NY,2.85e-05,1,5000,105.16
10038,NY,9.5e-06,0,-2000,25.702297702297702
10039,NY,2.3e-05,1,5000,19.57957957957958
10040,NY,3.5e-06,0,-2000,9.821
10044,NY,1.95e-05,2,8000,24.77922077922078
10065,NY,2e-05,0,-2000,66.89820359281438
10069,NY,4.5e-06,2,8000,4.837837837837838
10075,NY,1.35e-05,0,-2000,45.678000000000004
10128,NY,1.3e-05,0,-2000,7.047
10280,NY,1.1e-05,2,8000,11.362637362637363
10282,NY,9.5e-06,2,8000,10.469000000000001
10301,NY,1.6e-05,0,-2000,92.64635364635365
10302,NY,1.75e-05,0,-2000,73.11311311311312
10303,NY,3.2e-05,0,-2000,95.1868131868132
10304,NY,1.65e-05,0,-2000,128.76629889669007
10305,NY,1e-05,0,-2000,131.72444889779558
10306,NY,1.2e-05,0,-2000,141.036
10307,NY,2.5e-05,0,-2000,27.261
10308,NY,2.1e-05,0,-2000,44.788788788788786
10309,NY,1.8e-05,0,-2000,59.047904191616766
10310,NY,3.15e-05,0,-2000,45.1948051948052
10312,NY,1.6e-05,0,-2000,158.68800000000002
10314,NY,1.4e-05,0,-2000,0.0
10451,NY,1.3e-05,0,-2000,29.10989010989011
10452,NY,9e-06,0,-2000,42.513
10453,NY,7.5e-06,0,-2000,60.54945054945055
10454,NY,7.5e-06,0,-2000,44.099999999999994
10455,NY,7e-06,0,-2000,15.188811188811188
10456,NY,1.35e-05,0,-2000,79.67567567567568
10457,NY,1.5e-05,0,-2000,47.26573426573427
10458,NY,5.5e-06,0,-2000,45.54545454545455
10459,NY,1.1e-05,0,-2000,53.58758758758759
10460,NY,9.5e-06,0,-2000,91.54654654654655
10461,NY,9e-06,0,-2000,76.475
10462,NY,1.5e-05,0,-2000,66.04795204795205
10463,NY,8.5e-06,0,-2000,18.785214785214784
10464,NY,3.5e-06,2,8000,4.05189620758483
10465,NY,2.05e-05,0,-2000,58.29600000000001
10466,NY,6.55e-05,0,-2000,174.72727272727275
10467,NY,1.1e-05,0,-2000,142.015984015984
10468,NY,7.5e-06,0,-2000,41.793793793793796
10469,NY,6.85e-05,0,-2000,211.07784431137725
10470,NY,2.6e-05,0,-2000,115.18381618381618
10471,NY,1.65e-05,0,-2000,11.490509490509492
10472,NY,9e-06,0,-2000,169.832
10473,NY,1.95e-05,0,-2000,88.396
10474,NY,1.3e-05,0,-2000,45.92
10475,NY,5.45e-05,1,5000,16.762
10501,NY,0.000142,2,8000,168.29629629629628
10502,NY,0.0002925,1,5000,635.5225225225224
10504,NY,0.0002705,1,5000,1170.2155688622754
10505,NY,1e-05,2,8000,6.2142142142142145
10506,NY,0.0002,1,5000,454.24999999999994
10507,NY,1.05e-05,0,-2000,32.42742742742743
10510,NY,8.25e-05,0,-2000,399.4435564435565
10511,NY,1.95e-05,0,-2000,55.29
10514,NY,0.00026,1,5000,460.66666666666663
10516,NY,5.5e-06,0,-2000,3.7600000000000002
10517,NY,1.5e-06,1,5000,1.2412412412412412
10520,NY,1.5e-05,0,-2000,10.692
10522,NY,2.55e-05,0,-2000,13.293293293293294
10523,NY,5.4e-05,0,-2000,156.676
10524,NY,2.5e-06,0,-2000,7.207207207207207
10526,NY,2.75e-05,2,8000,11.088
10527,NY,0.0001035,2,8000,11.035035035035035
10528,NY,3.15e-05,1,5000,52.85114885114886
10530,NY,1.45e-05,0,-2000,8.646353646353646
10532,NY,2.4e-05,0,-2000,0.0
10533,NY,7.8e-05,0,-2000,253.35235235235237
10536,NY,4.3e-05,0,-2000,26.34965034965035
10537,NY,2.1e-05,1,5000,42.552
10538,NY,0.000105,2,8000,120.53999999999999
10541,NY,3.5e-06,1,5000,12.742514970059881
10543,NY,1.6e-05,1,5000,23.16950852557673
10546,NY,5.6e-05,1,5000,136.512
10547,NY,2.4e-05,0,-2000,117.35335335335334
10548,NY,9.5e-06,0,-2000,8.13
10549,NY,1.85e-05,0,-2000,43.622
10550,NY,6.75e-05,0,-2000,108.125
10552,NY,3.55e-05,0,-2000,21.908091908091908
10553,NY,0.0001555,1,5000,758.2747252747253
10560,NY,1e-05,2,8000,8.06
10562,NY,1.6e-05,0,-2000,10.327672327672328
10566,NY,1.25e-05,0,-2000,62.118
10567,NY,2.6e-05,0,-2000,123.41317365269461
10570,NY,6.55e-05,0,-2000,308.6676646706587
10573,NY,1.55e-05,0,-2000,69.663
10576,NY,4.7e-05,2,8000,55.028971028971036
10577,NY,0.0004255,2,8000,514.855
10578,NY,4.7e-05,2,8000,7.151151151151152
10579,NY,4.5e-06,1,5000,22.06012024048096
10580,NY,0.0002045,1,5000,453.222
10583,NY,0.0002365,0,-2000,22.276723276723278
10588,NY,3.5e-06,0,-2000,0.0
10589,NY,2.5e-06,0,-2000,6.766766766766767
10591,NY,1.45e-05,0,-2000,31.197604790419163
10594,NY,3.4e-05,0,-2000,8.995000000000001
10595,NY,1.2e-05,0,-2000,62.8951048951049
10596,NY,8e-06,1,5000,14.14914914914915
10598,NY,2.95e-05,0,-2000,58.4015984015984
10601,NY,1.25e-05,0,-2000,35.70159680638722
10603,NY,4.25e-05,0,-2000,231.03
10604,NY,2.15e-05,0,-2000,8.68068068068068
10605,NY,3.25e-05,0,-2000,21.01202404809619
10606,NY,2.25e-05,0,-2000,12.972027972027972
10607,NY,6.8e-05,0,-2000,203.1402805611222
10701,NY,1.1e-05,0,-2000,76.97200000000001
10703,NY,1.7e-05,0,-2000,42.87
10704,NY,1.6e-05,0,-2000,97.81481481481482
10705,NY,9e-06,0,-2000,76.622
10706,NY,3.35e-05,0,-2000,6.605
10707,NY,2.05e-05,0,-2000,15.862725450901804
10708,NY,1.7e-05,0,-2000,40.851000000000006
10709,NY,3.5e-05,0,-2000,0.0
10710,NY,1.9e-05,0,-2000,31.4438877755511
10801,NY,1.7e-05,0,-2000,58.18
10803,NY,0.000166,0,-2000,374.35235235235234
10804,NY,0.0002085,0,-2000,483.2967032967033
10901,NY,4.5e-06,0,-2000,8.576
10913,NY,1.8e-05,0,-2000,78.32967032967032
10920,NY,6.5e-06,0,-2000,0.0
10923,NY,4e-06,0,-2000,0.0
10927,NY,3.5e-06,0,-2000,9.24875124875125
10931,NY,3e-06,1,5000,9.106
10952,NY,1.5e-06,0,-2000,29.554000000000002
10954,NY,6e-06,0,-2000,0.0
10956,NY,1.45e-05,0,-2000,0.0
10960,NY,7e-06,0,-2000,10.241758241758241
10962,NY,1.2e-05,0,-2000,7.385
10964,NY,1.55e-05,1,5000,72.048
10965,NY,4.5e-06,0,-2000,0.0
10968,NY,8e-06,0,-2000,23.729
10970,NY,4e-06,0,-2000,0.0
10974,NY,4e-06,2,8000,3.886
10976,NY,2e-06,0,-2000,4.2
10977,NY,2e-06,0,-2000,74.701
10980,NY,7e-06,0,-2000,3.727272727272727
10983,NY,1.25e-05,0,-2000,2.901098901098901
10984,NY,5e-06,0,-2000,0.0
10986,NY,8e-06,0,-2000,20.666666666666668
10989,NY,6e-06,0,-2000,0.0
10993,NY,2e-06,0,-2000,9.624
10994,NY,1.5e-05,0,-2000,0.0
11001,NY,4.8e-05,0,-2000,30.244510978043913
11003,NY,0.000136,0,-2000,62.88076152304609
11004,NY,2.45e-05,0,-2000,12.882882882882884
11005,NY,6e-06,2,8000,7.668
11010,NY,5.6e-05,0,-2000,138.096
11020,NY,0.000114,1,5000,225.96407185628743
11021,NY,1.55e-05,0,-2000,65.628
11023,NY,3.2e-05,0,-2000,54.427
11024,NY,4.3e-05,1,5000,47.43
11030,NY,0.0002915,1,5000,1085.975975975976
11040,NY,3.75e-05,0,-2000,121.76052104208418
11050,NY,5.5e-05,0,-2000,131.07
11096,NY,2.3e-05,0,-2000,124.39399999999999
11101,NY,2.1e-05,0,-2000,99.02002002002003
11102,NY,1.5e-05,0,-2000,8.656
11103,NY,1e-05,0,-2000,23.935935935935937
11104,NY,7.5e-06,0,-2000,12.908
11105,NY,1.45e-05,0,-2000,45.708
11106,NY,9.5e-06,0,-2000,17.465
11109,NY,1e-06,2,8000,1.2452452452452452
11201,NY,5.75e-05,0,-2000,31.855855855855857
11203,NY,0.000178,0,-2000,535.6027944111777
11204,NY,7.5e-06,0,-2000,54.006006006006004
11205,NY,1.5e-05,0,-2000,43.168
11206,NY,9e-06,0,-2000,107.47252747252747
11207,NY,5.45e-05,0,-2000,249.48651348651347
11208,NY,3.95e-05,0,-2000,195.53846153846155
11209,NY,1.2e-05,0,-2000,115.98400000000001
11210,NY,8.4e-05,0,-2000,111.44
11211,NY,1.4e-05,0,-2000,47.83216783216783
11212,NY,5e-05,0,-2000,194.916
11213,NY,4.1e-05,0,-2000,88.84268537074148
11214,NY,7.5e-06,0,-2000,151.13186813186815
11215,NY,8.5e-05,0,-2000,47.82382382382382
11216,NY,6.15e-05,0,-2000,56.16783216783217
11217,NY,7.4e-05,0,-2000,63.027027027027025
11218,NY,1.6e-05,0,-2000,78.0
11219,NY,5e-06,0,-2000,115.97202797202797
11220,NY,7e-06,0,-2000,47.291291291291294
11221,NY,4.1e-05,0,-2000,13.349301397205588
11222,NY,2.65e-05,0,-2000,45.78842315369261
11223,NY,9e-06,0,-2000,174.8493013972056
11224,NY,8.5e-06,0,-2000,72.016
11225,NY,6.85e-05,0,-2000,160.0960960960961
11226,NY,9.6e-05,0,-2000,354.015015015015
11228,NY,1.25e-05,0,-2000,76.241
11229,NY,1.15e-05,0,-2000,31.38138138138138
11230,NY,9.5e-06,0,-2000,121.12199999999999
11231,NY,4.25e-05,0,-2000,58.225
11232,NY,1.15e-05,0,-2000,20.5005005005005
11233,NY,7.55e-05,0,-2000,146.48048048048048
11234,NY,7.95e-05,0,-2000,203.208
11235,NY,7.5e-06,0,-2000,99.54154154154153
11236,NY,0.0002675,0,-2000,964.3050000000001
11237,NY,1.5e-05,0,-2000,30.650349650349654
11238,NY,5.6e-05,0,-2000,31.052104208416832
11239,NY,3.85e-05,1,5000,102.92099999999999
11249,NY,2.05e-05,0,-2000,16.080000000000002
11354,NY,5e-06,0,-2000,146.7
11355,NY,4.5e-06,0,-2000,113.5015015015015
11356,NY,1.05e-05,0,-2000,37.83
11357,NY,9.5e-06,0,-2000,117.56756756756756
11358,NY,8.5e-06,0,-2000,125.62
11360,NY,1.2e-05,0,-2000,18.192
11361,NY,1.4e-05,0,-2000,0.0
11362,NY,1.7e-05,0,-2000,9.008982035928144
11363,NY,1.35e-05,0,-2000,27.54
11364,NY,1.35e-05,0,-2000,10.24
11365,NY,1.2e-05,0,-2000,94.824
11366,NY,2.15e-05,0,-2000,37.61515453639083
11367,NY,9.5e-06,0,-2000,44.50099800399202
11368,NY,8.5e-06,0,-2000,42.42614770459082
11369,NY,1.4e-05,0,-2000,77.44
11370,NY,1.05e-05,0,-2000,32.175
11372,NY,6.5e-06,0,-2000,28.14014014014014
11373,NY,6e-06,0,-2000,33.174
11374,NY,8.5e-06,0,-2000,8.836836836836836
11375,NY,1.4e-05,0,-2000,49.464999999999996
11377,NY,7e-06,0,-2000,34.434
11378,NY,1.3e-05,0,-2000,60.13
11379,NY,1.25e-05,0,-2000,67.4945054945055
11385,NY,1.2e-05,0,-2000,57.605000000000004
11411,NY,0.000743,1,5000,2594.3671013039116
11412,NY,0.000307,1,5000,443.339
11413,NY,0.000639,1,5000,435.4754262788365
11414,NY,1.75e-05,0,-2000,109.263
11415,NY,1.15e-05,0,-2000,1.8378378378378377
11416,NY,1.3e-05,0,-2000,20.16
11417,NY,1.65e-05,0,-2000,45.76
11418,NY,1.2e-05,0,-2000,54.05688622754491
11419,NY,2.55e-05,0,-2000,45.616
11420,NY,3.85e-05,0,-2000,50.246
11421,NY,1.1e-05,0,-2000,30.77755511022044
11422,NY,0.000382,1,5000,316.8336673346693
11423,NY,3.2e-05,0,-2000,65.84184184184184
11426,NY,2.1e-05,0,-2000,3.8036072144288573
11427,NY,2.3e-05,0,-2000,46.494
11428,NY,2.9e-05,0,-2000,25.93993993993994
11429,NY,0.0001605,0,-2000,346.3663663663663
11432,NY,1.25e-05,0,-2000,66.82834331337325
11433,NY,7.15e-05,0,-2000,250.24975024975026
11434,NY,0.000174,0,-2000,584.2162162162163
11435,NY,2.15e-05,0,-2000,50.467999999999996
11436,NY,0.000127,1,5000,192.9220779220779
11501,NY,3.8e-05,0,-2000,101.78842315369262
11507,NY,4.3e-05,0,-2000,84.41658341658342
11509,NY,9.25e-05,1,5000,209.82917082917083
11510,NY,0.000209,0,-2000,232.43643643643642
11514,NY,2.85e-05,1,5000,146.492
11516,NY,2.45e-05,0,-2000,11.585
11518,NY,3e-05,0,-2000,105.4074074074074
11520,NY,0.0001085,0,-2000,243.66733466933866
11530,NY,0.000148,0,-2000,421.4895104895105
11542,NY,1.6e-05,0,-2000,5.243756243756244
11545,NY,6.15e-05,0,-2000,186.2644710578842
11548,NY,2.45e-05,1,5000,71.166
11550,NY,7.9e-05,0,-2000,75.68568568568568
11552,NY,0.0001305,1,5000,101.13086913086914
11553,NY,9.25e-05,1,5000,112.21621621621621
11554,NY,4.25e-05,0,-2000,0.0
11557,NY,9.65e-05,1,5000,376.34365634365633
11558,NY,2.5e-05,0,-2000,60.0
11559,NY,4.65e-05,0,-2000,16.536
11560,NY,5.45e-05,0,-2000,52.85485485485486
11561,NY,5.4e-05,0,-2000,256.7197197197197
11563,NY,6.3e-05,0,-2000,159.93393393393393
11565,NY,7e-05,1,5000,74.73626373626374
11566,NY,0.000104,0,-2000,397.40718562874247
11568,NY,0.0005005,2,8000,361.87012987012986
11569,NY,2.45e-05,1,5000,98.58741258741259
11570,NY,8.3e-05,0,-2000,164.865
11572,NY,5.1e-05,0,-2000,294.944
11575,NY,0.000219,2,8000,331.94789579158316
11576,NY,0.0002125,1,5000,742.0209580838324
11577,NY,0.0001175,1,5000,143.45945945945948
11579,NY,8.1e-05,1,5000,289.35735735735733
11580,NY,0.0001465,0,-2000,8.877877877877879
11581,NY,8e-05,0,-2000,27.275449101796408
11590,NY,8.55e-05,0,-2000,315.1821821821822
11596,NY,5.8e-05,0,-2000,94.16216216216216
11598,NY,0.0001315,1,5000,170.6706706706707
11691,NY,3.85e-05,0,-2000,112.288
11692,NY,6.45e-05,0,-2000,152.944
11693,NY,2.45e-05,0,-2000,121.39060939060938
11694,NY,2.45e-05,0,-2000,71.42
11701,NY,6.85e-05,0,-2000,113.202
11702,NY,3.7e-05,0,-2000,173.0501002004008
11703,NY,4.75e-05,0,-2000,139.76323676323676
11704,NY,4.45e-05,0,-2000,148.4115884115884
11705,NY,4.6e-05,0,-2000,120.71457085828344
11706,NY,4.5e-05,0,-2000,0.0
11710,NY,9.75e-05,0,-2000,584.0649350649351
11713,NY,2.65e-05,0,-2000,89.91991991991992
11714,NY,3.5e-05,0,-2000,0.0
11715,NY,5.15e-05,1,5000,185.58558558558556
11716,NY,3.4e-05,0,-2000,124.46092184368737
11717,NY,5.45e-05,0,-2000,246.45808383233532
11718,NY,0.000154,2,8000,169.17982017982018
11719,NY,1.65e-05,0,-2000,48.57657657657658
11720,NY,3.15e-05,0,-2000,159.64000000000001
11721,NY,0.0001235,1,5000,247.24724724724726
11722,NY,4.85e-05,0,-2000,106.45354645354647
11724,NY,0.0003945,2,8000,254.16816816816817
11725,NY,8.5e-05,0,-2000,364.21978021978026
11726,NY,5.4e-05,0,-2000,68.1018981018981
11727,NY,2.45e-05,0,-2000,106.641
11729,NY,5.1e-05,0,-2000,189.22199999999998
11730,NY,4.9e-05,0,-2000,157.77599999999998
11731,NY,6e-05,0,-2000,327.52200000000005
11732,NY,2.35e-05,0,-2000,79.716
11733,NY,8.8e-05,0,-2000,153.33366733466934
11735,NY,7.3e-05,0,-2000,212.888
11738,NY,4e-05,0,-2000,81.92307692307692
11739,NY,7.95e-05,2,8000,69.13886113886115
11740,NY,6.65e-05,0,-2000,110.81118881118881
11741,NY,5.05e-05,0,-2000,286.8528528528529
11742,NY,4.5e-05,0,-2000,68.66032064128257
11743,NY,6.3e-05,0,-2000,344.25925925925924
11746,NY,4.9e-05,0,-2000,66.428
11747,NY,6.5e-05,0,-2000,108.28228228228228
11749,NY,4.3e-05,1,5000,97.0990990990991
11751,NY,3e-05,0,-2000,38.74225774225775
11752,NY,6.15e-05,0,-2000,116.65534465534465
11753,NY,9e-05,0,-2000,112.4004004004004
11754,NY,2.65e-05,0,-2000,134.55344655344655
11755,NY,2.6e-05,0,-2000,148.17835671342687
11756,NY,4.85e-05,0,-2000,11.586
11757,NY,3.35e-05,0,-2000,0.0
11758,NY,6.85e-05,0,-2000,78.99197592778334
11762,NY,6.85e-05,0,-2000,282.94
11763,NY,2.65e-05,0,-2000,0.0
11764,NY,4.35e-05,1,5000,112.44755244755245
11765,NY,0.0001105,2,8000,60.87425149700599
11766,NY,5.9e-05,0,-2000,145.06593406593407
11767,NY,2.65e-05,0,-2000,99.27927927927928
11768,NY,7.4e-05,0,-2000,285.8685258964144
11769,NY,3.85e-05,0,-2000,112.18218218218219
11771,NY,4.85e-05,0,-2000,144.10810810810813
11772,NY,2.2e-05,0,-2000,0.0
11776,NY,3.25e-05,0,-2000,173.71200000000002
11777,NY,3.85e-05,1,5000,55.2
11779,NY,3e-05,0,-2000,162.61477045908183
11780,NY,6.15e-05,0,-2000,171.54709418837675
11782,NY,5.2e-05,0,-2000,265.63663663663664
11783,NY,7.7e-05,0,-2000,263.4895104895105
11784,NY,2.5e-05,0,-2000,19.422155688622755
11787,NY,3.65e-05,0,-2000,201.00798403193613
11788,NY,4.85e-05,0,-2000,138.208
11790,NY,5.5e-05,0,-2000,116.42999999999999
11791,NY,0.000145,0,-2000,421.721
11793,NY,8.7e-05,0,-2000,521.993993993994
11795,NY,6.85e-05,0,-2000,254.32000000000002
11796,NY,8e-05,1,5000,168.60700000000003
11797,NY,0.000157,1,5000,609.8531468531469
11798,NY,0.0001105,1,5000,358.8176352705411
11801,NY,5.2e-05,0,-2000,164.12974051896208
11803,NY,0.000126,0,-2000,494.7692307692308
11804,NY,0.000105,1,5000,353.013013013013
11901,NY,2.05e-05,0,-2000,13.884115884115884
11930,NY,3.5e-05,0,-2000,67.025
11932,NY,0.0001675,1,5000,333.7357357357357
11933,NY,1.9e-05,0,-2000,43.5975975975976
11934,NY,3.75e-05,0,-2000,92.33999999999999
11935,NY,3.3e-05,1,5000,48.96203796203797
11937,NY,1.85e-05,0,-2000,0.0
11939,NY,2.1e-05,1,5000,73.563
11940,NY,2.8e-05,0,-2000,22.142999999999997
11941,NY,2.25e-05,1,5000,107.2072072072072
11942,NY,1.5e-05,0,-2000,54.53
11944,NY,1.55e-05,0,-2000,0.0
11946,NY,2.4e-05,0,-2000,0.0
11948,NY,2.7e-05,2,8000,17.196803196803195
11949,NY,1.8e-05,1,5000,46.62337662337662
11950,NY,1.05e-05,0,-2000,0.0
11951,NY,1.6e-05,0,-2000,0.0
11952,NY,1.45e-05,2,8000,13.0
11953,NY,1.2e-05,2,8000,2.3520000000000003
11954,NY,4.5e-05,0,-2000,174.54454454454455
11955,NY,9.5e-06,0,-2000,21.8
11957,NY,1.95e-05,0,-2000,23.345000000000002
11958,NY,8e-06,2,8000,9.43943943943944
11960,NY,8.95e-05,2,8000,93.99600399600399
11962,NY,1.45e-05,0,-2000,52.467999999999996
11963,NY,1.5e-05,0,-2000,14.772
11964,NY,1.55e-05,0,-2000,16.337
11965,NY,9.5e-06,0,-2000,4.38938938938939
11967,NY,2e-05,0,-2000,26.625
11968,NY,6e-05,0,-2000,24.107784431137727
11971,NY,1.85e-05,0,-2000,12.747252747252746
11976,NY,9.4e-05,0,-2000,123.31131131131131
11977,NY,3.3e-05,0,-2000,46.648
11978,NY,3.5e-05,0,-2000,157.1988011988012
11980,NY,3.25e-05,2,8000,40.51148851148851
12008,NY,1.5e-06,2,8000,1.2
12009,NY,2.5e-06,0,-2000,0.0
12018,NY,2e-06,2,8000,0.8250000000000001
12019,NY,2e-06,2,8000,0.504
12033,NY,1.5e-06,0,-2000,0.9401197604790419
12047,NY,1.5e-06,0,-2000,5.6946107784431135
12054,NY,3e-06,0,-2000,0.0
12056,NY,1e-06,1,5000,3.9889669007021062
12061,NY,2e-06,1,5000,0.0
12063,NY,1e-06,0,-2000,3.9819999999999998
12065,NY,2.5e-06,0,-2000,0.0
12067,NY,3.5e-06,2,8000,4.954045954045954
12077,NY,5.5e-06,1,5000,1.8231768231768233
12084,NY,2e-06,0,-2000,6.485514485514486
12085,NY,1e-06,1,5000,2.8828828828828827
12110,NY,2.5e-06,0,-2000,0.0
12118,NY,1.5e-06,1,5000,0.0
12121,NY,2e-06,2,8000,3.5945945945945947
12123,NY,1.5e-06,2,8000,2.05005005005005
12140,NY,1.5e-06,1,5000,1.7032967032967035
12144,NY,2e-06,0,-2000,0.0
12148,NY,5e-06,1,5000,9.102
12150,NY,1e-06,2,8000,0.002997002997002997
12154,NY,2.5e-06,2,8000,0.2552552552552553
12158,NY,1.5e-06,0,-2000,7.357357357357357
12159,NY,2.5e-06,0,-2000,0.0
12180,NY,1.5e-06,0,-2000,0.0
12182,NY,1e-06,0,-2000,0.0
12183,NY,1.5e-06,0,-2000,0.0
12186,NY,2e-06,0,-2000,0.0
12188,NY,1.5e-06,0,-2000,7.48753738783649
12189,NY,1e-06,0,-2000,0.0
12196,NY,1.5e-06,1,5000,5.344689378757515
12198,NY,1.5e-06,0,-2000,0.0
12202,NY,4e-06,0,-2000,6.56043956043956
12203,NY,1.5e-06,0,-2000,0.0
12204,NY,3.5e-06,0,-2000,16.293706293706293
12205,NY,2e-06,0,-2000,0.0
12206,NY,3e-06,0,-2000,0.0
12207,NY,3.5e-06,1,5000,0.0
12208,NY,1.5e-06,0,-2000,0.0
12209,NY,2.5e-06,0,-2000,11.632734530938123
12210,NY,3e-06,0,-2000,11.802197802197803
12211,NY,4.5e-06,0,-2000,18.183183183183182
12222,NY,1.1e-05,0,-2000,0.0
12302,NY,1.5e-06,0,-2000,12.533466533466534
12303,NY,1.5e-06,0,-2000,0.0
12304,NY,1.5e-06,0,-2000,0.0
12305,NY,1.5e-06,0,-2000,7.090909090909091
12306,NY,1.5e-06,0,-2000,0.0
12307,NY,1.5e-06,0,-2000,0.0
12308,NY,1.5e-06,0,-2000,0.0
12309,NY,2.5e-06,0,-2000,0.0
12401,NY,1.5e-06,0,-2000,0.0
12411,NY,1e-06,1,5000,2.2882882882882885
12417,NY,2.5e-06,1,5000,5.561999999999999
12419,NY,1.5e-06,1,5000,6.134865134865135
12432,NY,5e-07,0,-2000,0.0
12440,NY,1e-06,0,-2000,2.0300000000000002
12443,NY,2e-06,0,-2000,2.583
12449,NY,2e-06,0,-2000,3.412
12456,NY,1.5e-06,2,8000,2.2217782217782216
12466,NY,1e-06,0,-2000,0.0
12471,NY,0.0,0,-2000,0.2
12472,NY,5e-07,0,-2000,3.295591182364729
12475,NY,1e-06,2,8000,0.6726726726726727
12477,NY,1e-06,0,-2000,0.862
12484,NY,1e-06,2,8000,0.45499999999999996
12486,NY,1.5e-06,0,-2000,9.13373253493014
12487,NY,2e-06,0,-2000,0.0
12498,NY,5e-07,1,5000,2.016
12508,NY,4e-06,0,-2000,0.0
12512,NY,2e-06,2,8000,0.8951048951048951
12518,NY,2.5e-06,0,-2000,6.155
12520,NY,3.5e-06,0,-2000,1.7422577422577423
12524,NY,3e-06,0,-2000,14.42
12525,NY,1.5e-06,0,-2000,2.7067067067067065
12528,NY,2e-06,0,-2000,12.201
12533,NY,5.5e-06,1,5000,26.837999999999997
12538,NY,1.5e-06,0,-2000,0.0
12542,NY,3.5e-06,0,-2000,2.084
12547,NY,3e-06,0,-2000,13.03096903096903
12548,NY,1e-06,0,-2000,0.0
12549,NY,6e-06,2,8000,2.5050100200400798
12550,NY,3.5e-06,0,-2000,0.0
12553,NY,5e-06,0,-2000,0.0
12561,NY,1.5e-06,0,-2000,21.027027027027028
12569,NY,2e-06,0,-2000,6.05005005005005
12572,NY,2e-06,1,5000,4.88
12575,NY,1e-05,1,5000,21.318681318681318
12577,NY,8.5e-06,2,8000,2.32
12578,NY,1.5e-06,0,-2000,4.27972027972028
12580,NY,2.5e-06,0,-2000,12.492492492492492
12586,NY,2e-06,0,-2000,6.691308691308691
12589,NY,3.5e-06,0,-2000,14.005994005994006
12590,NY,3.5e-06,0,-2000,0.0
12601,NY,3e-06,0,-2000,15.383383383383384
12603,NY,3.5e-06,0,-2000,0.0
12801,NY,1e-06,0,-2000,0.0
12803,NY,1e-06,0,-2000,0.0
12804,NY,1e-06,0,-2000,0.0
12827,NY,1e-06,2,8000,0.12
12828,NY,1e-06,0,-2000,6.0760000000000005
12831,NY,2e-06,2,8000,4.534465534465535
12839,NY,5e-07,0,-2000,0.0
12845,NY,1.5e-06,0,-2000,3.3170488534396814
12901,NY,1e-06,0,-2000,0.0
12903,NY,1e-06,0,-2000,0.0
12918,NY,1.5e-06,2,8000,1.776
12962,NY,5e-07,0,-2000,1.4509018036072143
13021,NY,5e-07,0,-2000,0.0
13027,NY,1e-06,0,-2000,0.0
13029,NY,1e-06,0,-2000,0.0
13030,NY,5e-07,0,-2000,0.0
13031,NY,1e-06,0,-2000,0.0
13039,NY,1.5e-06,0,-2000,0.0
13041,NY,2e-06,1,5000,0.0
13057,NY,1e-06,0,-2000,0.0
13060,NY,5e-07,2,8000,1.2772772772772774
13066,NY,1.5e-06,0,-2000,0.0
13068,NY,1e-06,2,8000,0.07992007992007992
13073,NY,5e-07,2,8000,0.005005005005005005
13078,NY,2e-06,0,-2000,12.092184368737474
13082,NY,5e-07,0,-2000,0.0
13084,NY,1e-06,2,8000,1.9740000000000002
13088,NY,1e-06,0,-2000,0.0
13090,NY,1.5e-06,0,-2000,0.0
13104,NY,2e-06,0,-2000,0.0
13108,NY,1e-06,0,-2000,0.0
13112,NY,5e-07,0,-2000,0.0
13116,NY,5e-07,0,-2000,1.0130000000000001
13120,NY,5e-07,0,-2000,0.0
13132,NY,5e-07,2,8000,0.4311377245508982
13135,NY,1e-06,0,-2000,5.934065934065934
13152,NY,1e-06,1,5000,0.0
13164,NY,1e-06,0,-2000,2.0100000000000002
13202,NY,1e-06,0,-2000,0.0
13203,NY,5e-07,0,-2000,0.0
13204,NY,1e-06,0,-2000,0.0
13205,NY,1.5e-06,0,-2000,7.145708582834331
13206,NY,1e-06,0,-2000,0.0
13207,NY,1.5e-06,0,-2000,0.0
13208,NY,1e-06,0,-2000,0.0
13209,NY,5e-07,0,-2000,0.0
13210,NY,5e-07,0,-2000,0.0
13211,NY,1e-06,0,-2000,0.0
13212,NY,5e-07,0,-2000,0.0
13214,NY,1.5e-06,0,-2000,0.0
13215,NY,1.5e-06,0,-2000,0.0
13219,NY,1e-06,0,-2000,0.0
13224,NY,2e-06,0,-2000,0.0
13319,NY,5e-07,0,-2000,0.0
13323,NY,1e-06,0,-2000,1.7102897102897103
13340,NY,1e-06,1,5000,0.0
13354,NY,1e-06,2,8000,0.11399999999999999
13403,NY,2.5e-06,1,5000,1.6896207584830338
13413,NY,1e-06,0,-2000,0.0
13417,NY,5e-07,0,-2000,0.0
13424,NY,1e-06,0,-2000,0.0
13456,NY,1e-06,0,-2000,5.514485514485514
13492,NY,1e-06,0,-2000,0.0
13495,NY,5e-07,0,-2000,1.7365269461077844
13501,NY,1e-06,0,-2000,0.0
13502,NY,1e-06,0,-2000,0.0
13601,NY,1e-06,0,-2000,0.0
13603,NY,1e-06,1,5000,0.0
13612,NY,5e-07,1,5000,1.4471057884231537
13616,NY,1e-06,0,-2000,0.0
13634,NY,2e-06,2,8000,0.49449449449449456
13637,NY,1.5e-06,0,-2000,2.0259740259740258
13748,NY,1e-06,2,8000,0.5034965034965035
13760,NY,1e-06,0,-2000,0.0
13790,NY,1e-06,0,-2000,0.0
13795,NY,1e-06,0,-2000,3.1506986027944115
13827,NY,5e-07,2,8000,0.013
13850,NY,1e-06,0,-2000,0.0
13901,NY,5e-07,0,-2000,0.0
13903,NY,1e-06,0,-2000,0.0
13904,NY,1e-06,0,-2000,0.0
13905,NY,1e-06,0,-2000,0.0
14004,NY,1.5e-06,2,8000,0.02004008016032064
14026,NY,1e-06,0,-2000,0.0
14031,NY,1e-06,1,5000,3.575150300601202
14032,NY,5.5e-06,2,8000,8.533533533533534
14043,NY,1e-06,0,-2000,0.0
14051,NY,2e-06,0,-2000,0.0
14052,NY,1e-06,0,-2000,0.0
14059,NY,1e-06,0,-2000,0.0
14068,NY,2e-06,0,-2000,0.0
14072,NY,1.5e-06,0,-2000,0.0
14075,NY,1e-06,0,-2000,0.0
14086,NY,1.5e-06,0,-2000,0.0
14092,NY,5e-07,0,-2000,0.0
14094,NY,1e-06,0,-2000,0.0
14120,NY,1e-06,0,-2000,0.0
14127,NY,1.5e-06,0,-2000,0.0
14131,NY,1e-06,0,-2000,3.83983983983984
14132,NY,1e-06,0,-2000,0.0
14150,NY,1e-06,0,-2000,0.0
14174,NY,5e-07,2,8000,0.23823823823823825
14201,NY,1e-06,0,-2000,0.0
14202,NY,1.5e-06,0,-2000,2.0209580838323356
14203,NY,2.5e-06,0,-2000,3.996003996003996
14204,NY,3.5e-06,0,-2000,4.47
14206,NY,1e-06,0,-2000,0.0
14207,NY,1e-06,0,-2000,0.0
14208,NY,5e-06,0,-2000,20.321
14209,NY,1.5e-06,0,-2000,0.0
14210,NY,5e-07,0,-2000,0.0
14211,NY,3.5e-06,0,-2000,0.0
14212,NY,1.5e-06,0,-2000,0.0
14213,NY,1e-06,0,-2000,0.0
14214,NY,2e-06,0,-2000,0.0
14215,NY,5.5e-06,0,-2000,12.756243756243757
14216,NY,1.5e-06,0,-2000,0.0
14217,NY,1e-06,0,-2000,0.0
14218,NY,1e-06,0,-2000,0.0
14219,NY,1e-06,0,-2000,0.0
14220,NY,1e-06,0,-2000,0.0
14221,NY,1.5e-06,0,-2000,0.0
14222,NY,1e-06,0,-2000,0.0
14223,NY,1.5e-06,0,-2000,8.697000000000001
14224,NY,1e-06,0,-2000,0.0
14225,NY,1.5e-06,0,-2000,0.0
14226,NY,1.5e-06,0,-2000,0.0
14227,NY,1e-06,0,-2000,0.0
14228,NY,1e-06,0,-2000,0.0
14301,NY,1e-06,0,-2000,0.0
14303,NY,1e-06,0,-2000,0.0
14304,NY,1e-06,0,-2000,0.0
14305,NY,1e-06,0,-2000,0.0
14428,NY,1e-06,1,5000,1.092907092907093
14445,NY,1e-06,0,-2000,0.0
14450,NY,1.5e-06,0,-2000,0.0
14467,NY,1.5e-06,0,-2000,5.048
14468,NY,1.5e-06,0,-2000,0.0
14472,NY,1.5e-06,1,5000,4.12012012012012
14506,NY,5e-07,2,8000,0.011
14514,NY,1.5e-06,0,-2000,1.957042957042957
14526,NY,1.5e-06,0,-2000,0.0
14534,NY,4e-06,0,-2000,0.0
14543,NY,2e-06,2,8000,0.5124875124875125
14546,NY,1.5e-06,2,8000,0.345
14559,NY,1.5e-06,0,-2000,0.0
14564,NY,2.5e-06,1,5000,1.7417417417417418
14580,NY,1.5e-06,0,-2000,0.0
14586,NY,5.5e-06,2,8000,10.6
14604,NY,1e-06,1,5000,0.0
14605,NY,2e-06,0,-2000,0.0
14606,NY,2e-06,0,-2000,0.0
14607,NY,1e-06,0,-2000,2.838838838838839
14608,NY,2.5e-06,0,-2000,14.877122877122877
14609,NY,2e-06,0,-2000,0.0
14610,NY,1e-06,0,-2000,0.0
14611,NY,4e-06,0,-2000,0.0
14612,NY,1.5e-06,0,-2000,0.0
14613,NY,2.5e-06,1,5000,0.0
14614,NY,4e-06,2,8000,2.508
14615,NY,2e-06,0,-2000,0.0
14616,NY,1e-06,0,-2000,0.0
14617,NY,1e-06,0,-2000,0.0
14618,NY,3e-06,0,-2000,0.0
14619,NY,8e-06,1,5000,6.746238716148445
14620,NY,1e-06,0,-2000,0.0
14621,NY,1.5e-06,0,-2000,0.0
14622,NY,1e-06,0,-2000,0.0
14623,NY,1e-06,0,-2000,0.0
14624,NY,2e-06,0,-2000,0.0
14625,NY,1.5e-06,0,-2000,0.0
14626,NY,1e-06,0,-2000,0.0
14850,NY,1e-06,0,-2000,0.0
14882,NY,1.5e-06,0,-2000,4.98
14883,NY,5e-07,2,8000,0.12024048096192384
43004,OH,0.0001285,1,5000,572.3526473526474
43015,OH,5.5e-06,2,8000,0.8588588588588589
43016,OH,8.55e-05,1,5000,56.23952095808384
43017,OH,0.000135,0,-2000,59.05905905905906
43021,OH,0.0001435,2,8000,146.979020979021
43026,OH,9.8e-05,0,-2000,245.66066066066065
43031,OH,4.2e-05,2,8000,28.2
43035,OH,0.000222,1,5000,587.466
43054,OH,0.000152,0,-2000,199.317
43062,OH,5.55e-05,2,8000,92.49249249249249
43064,OH,0.000128,2,8000,39.312
43065,OH,0.000162,0,-2000,92.65734265734265
43068,OH,7.4e-05,0,-2000,311.08
43081,OH,5.6e-05,0,-2000,47.771771771771775
43082,OH,0.000142,0,-2000,436.243
43085,OH,9.15e-05,0,-2000,394.458
43109,OH,8e-06,2,8000,0.368
43110,OH,8e-05,2,8000,117.288
43119,OH,5.65e-05,1,5000,285.4845154845155
43123,OH,6.75e-05,0,-2000,97.69
43125,OH,0.000122,2,8000,25.81781781781782
43147,OH,0.0001615,1,5000,196.272
43201,OH,2.5e-05,0,-2000,0.0
43202,OH,2.55e-05,0,-2000,106.70400000000001
43203,OH,0.000145,2,8000,147.46699999999998
43204,OH,4.05e-05,0,-2000,0.0
43205,OH,9.4e-05,1,5000,232.9178356713427
43206,OH,9.1e-05,0,-2000,196.776
43207,OH,8.05e-05,0,-2000,149.68800000000002
43209,OH,7.65e-05,0,-2000,277.4939879759519
43211,OH,0.0001375,0,-2000,289.79999999999995
43212,OH,3.7e-05,0,-2000,195.58441558441558
43213,OH,9.35e-05,0,-2000,163.9090909090909
43214,OH,4.6e-05,0,-2000,7.721
43215,OH,4.45e-05,1,5000,197.60239760239762
43219,OH,0.000257,1,5000,432.4715284715285
43220,OH,3.1e-05,0,-2000,43.672327672327675
43221,OH,6.4e-05,0,-2000,40.76723276723277
43222,OH,3.3e-05,1,5000,97.351
43223,OH,4.05e-05,0,-2000,8.586413586413586
43224,OH,7.95e-05,0,-2000,288.15799999999996
43227,OH,0.000127,1,5000,407.95795795795794
43228,OH,7.35e-05,0,-2000,260.1027944111777
43229,OH,9.7e-05,1,5000,124.28571428571429
43230,OH,7.45e-05,0,-2000,269.9471057884232
43231,OH,0.0001455,2,8000,161.44155844155844
43232,OH,0.000145,1,5000,601.7807807807808
43235,OH,4.2e-05,0,-2000,0.0
43240,OH,8.4e-05,2,8000,64.16666666666667
43402,OH,1.75e-05,2,8000,18.8
43412,OH,3.8e-05,2,8000,7.124750499001996
43430,OH,2.1e-05,2,8000,10.302302302302303
43434,OH,1.35e-05,0,-2000,0.0
43443,OH,1.9e-05,2,8000,1.062937062937063
43447,OH,2.6e-05,1,5000,102.05
43460,OH,2.85e-05,1,5000,101.77844311377245
43463,OH,3e-06,0,-2000,0.0
43465,OH,2.45e-05,1,5000,72.61384152457373
43469,OH,1.65e-05,2,8000,1.6846846846846848
43504,OH,3.25e-05,2,8000,25.964035964035965
43528,OH,4.55e-05,0,-2000,121.7064128256513
43537,OH,4.45e-05,0,-2000,66.93486973947896
43542,OH,0.000172,2,8000,308.5714285714286
43551,OH,4.95e-05,0,-2000,282.3682634730539
43558,OH,3.2e-05,2,8000,30.419999999999998
43560,OH,4.3e-05,0,-2000,170.7152847152847
43566,OH,5.4e-05,1,5000,133.76047904191617
43571,OH,3.9e-05,1,5000,118.3903903903904
43604,OH,5.7e-05,0,-2000,193.45454545454547
43605,OH,1.8e-05,0,-2000,0.0
43606,OH,4.45e-05,0,-2000,143.64364364364366
43607,OH,0.000111,1,5000,455.67
43608,OH,7.35e-05,0,-2000,316.6046046046046
43609,OH,3.3e-05,0,-2000,153.42857142857144
43610,OH,0.000156,2,8000,91.698
43611,OH,2.55e-05,0,-2000,106.04790419161677
43612,OH,4.75e-05,0,-2000,145.8181818181818
43613,OH,2.6e-05,0,-2000,0.0
43614,OH,2.6e-05,0,-2000,15.766
43615,OH,3.8e-05,0,-2000,176.97297297297297
43616,OH,2.8e-05,0,-2000,82.99499999999999
43617,OH,7.85e-05,1,5000,157.023
43619,OH,3e-05,0,-2000,48.54
43620,OH,6.45e-05,2,8000,88.79959919839679
43623,OH,2.1e-05,0,-2000,109.80199999999999
43701,OH,2.1e-05,0,-2000,185.17034068136272
43830,OH,2.8e-05,2,8000,49.5055055055055
43913,OH,1.35e-05,1,5000,38.284431137724546
43926,OH,1.05e-05,2,8000,14.909819639278556
43938,OH,1.3e-05,1,5000,18.46153846153846
43943,OH,5e-07,2,8000,0.0999000999000999
43952,OH,1.9e-05,0,-2000,71.09619238476954
43953,OH,2.1e-05,1,5000,62.322
43961,OH,1e-05,1,5000,28.74051896207585
43964,OH,1.35e-05,0,-2000,54.21686746987952
44001,OH,2e-05,2,8000,8.874125874125873
44011,OH,8.75e-05,0,-2000,91.696
44012,OH,3.5e-05,0,-2000,64.72527472527473
44017,OH,2.1e-05,0,-2000,79.00699300699301
44022,OH,6.45e-05,1,5000,287.5224775224775
44024,OH,2.25e-05,0,-2000,19.98003992015968
44026,OH,1.8e-05,0,-2000,28.455
44028,OH,2.15e-05,0,-2000,42.887887887887885
44035,OH,2e-05,0,-2000,58.1981981981982
44039,OH,2.65e-05,0,-2000,50.988
44040,OH,0.0001685,2,8000,193.24324324324323
44044,OH,2.7e-05,1,5000,63.648
44045,OH,1.65e-05,2,8000,3.5015015015015014
44050,OH,1e-06,2,8000,0.07607607607607608
44052,OH,2e-05,0,-2000,0.0
44053,OH,2e-05,1,5000,48.07
44054,OH,2e-05,1,5000,95.94
44055,OH,1.4e-05,0,-2000,0.0
44056,OH,5.8e-05,1,5000,274.57185628742513
44060,OH,1.75e-05,0,-2000,0.0
44067,OH,2.65e-05,0,-2000,77.44144144144144
44070,OH,2.05e-05,0,-2000,48.72754491017964
44074,OH,3.15e-05,2,8000,4.3043043043043046
44077,OH,2.05e-05,0,-2000,49.47852147852148
44087,OH,8.15e-05,1,5000,320.40000000000003
44092,OH,2.3e-05,0,-2000,68.63136863136863
44094,OH,1.8e-05,0,-2000,11.091000000000001
44095,OH,1.45e-05,0,-2000,11.524950099800398
44102,OH,1.9e-05,0,-2000,0.0
44103,OH,0.0001045,0,-2000,232.848
44104,OH,0.0001825,1,5000,580.4324324324324
44105,OH,9.75e-05,0,-2000,339.68862275449106
44106,OH,3.45e-05,0,-2000,0.0
44107,OH,1.9e-05,0,-2000,0.0
44108,OH,0.0001675,1,5000,495.36372745490985
44109,OH,1.35e-05,0,-2000,0.0
44110,OH,0.0001295,1,5000,402.05105105105105
44111,OH,2.3e-05,0,-2000,0.0
44112,OH,0.000183,1,5000,635.5149700598802
44113,OH,2.95e-05,0,-2000,121.94999999999999
44114,OH,2.95e-05,0,-2000,65.10468594217348
44115,OH,4.8e-05,1,5000,154.466
44116,OH,2.45e-05,0,-2000,82.035
44117,OH,0.000133,1,5000,286.15
44118,OH,6.3e-05,0,-2000,327.5275275275275
44119,OH,9.1e-05,1,5000,197.516
44120,OH,0.0001085,0,-2000,361.4074074074074
44121,OH,0.000115,1,5000,298.70941883767534
44122,OH,9e-05,0,-2000,119.62237762237763
44123,OH,0.0001175,2,8000,172.91508491508492
44124,OH,2.4e-05,0,-2000,0.0
44125,OH,9.6e-05,0,-2000,192.76199999999997
44126,OH,1.6e-05,0,-2000,42.74550898203593
44127,OH,5.4e-05,1,5000,189.14685314685315
44128,OH,0.000427,2,8000,598.437
44129,OH,2.55e-05,0,-2000,61.44455544455545
44130,OH,2.65e-05,0,-2000,0.0
44131,OH,2.9e-05,0,-2000,42.2027972027972
44132,OH,0.0001115,1,5000,239.95195195195194
44133,OH,2.6e-05,0,-2000,148.45499999999998
44134,OH,1.65e-05,0,-2000,0.0
44135,OH,2.75e-05,0,-2000,10.606393606393606
44136,OH,3.3e-05,0,-2000,88.16816816816817
44137,OH,0.000224,2,8000,259.1182364729459
44138,OH,2.6e-05,0,-2000,0.0
44139,OH,0.0001445,1,5000,153.22632103688935
44140,OH,3.2e-05,0,-2000,77.63163163163163
44141,OH,5.45e-05,0,-2000,51.56156156156157
44142,OH,2.5e-05,0,-2000,88.42857142857143
44143,OH,5.3e-05,0,-2000,71.19980019980021
44144,OH,2.25e-05,0,-2000,87.40599999999999
44145,OH,3.65e-05,0,-2000,192.25225225225225
44146,OH,0.000137,1,5000,445.59440559440554
44147,OH,3.2e-05,0,-2000,21.914085914085913
44149,OH,5.75e-05,0,-2000,81.912
44201,OH,1.45e-05,2,8000,5.286713286713287
44202,OH,6.5e-06,2,8000,1.417
44203,OH,1.8e-05,0,-2000,84.648
44216,OH,2.2e-05,1,5000,101.925
44221,OH,1.45e-05,0,-2000,0.0
44223,OH,2.6e-05,0,-2000,32.85
44224,OH,2.85e-05,0,-2000,105.01
44236,OH,0.000132,1,5000,6.588
44240,OH,1.4e-05,0,-2000,0.0
44241,OH,2e-05,2,8000,4.628628628628629
44260,OH,1.6e-05,0,-2000,16.314
44262,OH,1.2e-05,1,5000,30.892215568862273
44264,OH,4.15e-05,1,5000,89.37662337662337
44266,OH,1.25e-05,0,-2000,37.685685685685684
44278,OH,2.55e-05,1,5000,150.27527527527528
44286,OH,2.8e-05,2,8000,8.176
44301,OH,3.4e-05,0,-2000,64.152
44302,OH,2.65e-05,1,5000,53.0969030969031
44303,OH,2.45e-05,1,5000,78.12587412587413
44304,OH,1.95e-05,1,5000,74.49548645937814
44305,OH,2.55e-05,0,-2000,92.313
44306,OH,4.15e-05,0,-2000,144.749498997996
44307,OH,0.00013,2,8000,152.2112112112112
44308,OH,1.25e-05,1,5000,23.273273273273276
44310,OH,2.7e-05,0,-2000,0.0
44311,OH,2.6e-05,1,5000,35.245
44312,OH,1.5e-05,0,-2000,0.0
44313,OH,3.3e-05,0,-2000,78.442
44314,OH,1.8e-05,0,-2000,85.70370370370371
44319,OH,1.85e-05,0,-2000,54.509
44320,OH,8.95e-05,1,5000,424.48351648351644
44321,OH,4.45e-05,2,8000,33.88688688688689
44333,OH,4.35e-05,1,5000,245.55555555555557
44401,OH,1.35e-05,2,8000,2.972945891783567
44402,OH,3e-06,2,8000,0.24624624624624625
44403,OH,1.45e-05,2,8000,18.165000000000003
44405,OH,1.6e-05,0,-2000,87.7027027027027
44406,OH,3.25e-05,1,5000,170.56556556556555
44410,OH,1.05e-05,0,-2000,30.74974974974975
44412,OH,9e-06,2,8000,0.7739999999999999
44418,OH,2.75e-05,2,8000,2.6373626373626373
44420,OH,1.05e-05,0,-2000,0.0
44425,OH,1.3e-05,1,5000,15.07185628742515
44429,OH,1.45e-05,2,8000,22.27027027027027
44430,OH,2.2e-05,2,8000,17.284000000000002
44436,OH,1.7e-05,2,8000,3.331668331668332
44437,OH,1.9e-05,2,8000,20.95895895895896
44438,OH,9e-06,0,-2000,19.894000000000002
44440,OH,1.6e-05,2,8000,7.807807807807808
44442,OH,1.4e-05,2,8000,1.3199999999999998
44444,OH,1.2e-05,0,-2000,40.467532467532465
44446,OH,1.15e-05,0,-2000,0.0
44451,OH,2.3e-05,2,8000,21.405405405405403
44452,OH,2.45e-05,2,8000,21.576
44470,OH,1e-05,2,8000,1.96
44471,OH,1.25e-05,0,-2000,53.208416833667336
44473,OH,1.75e-05,2,8000,18.88323353293413
44481,OH,2e-05,2,8000,25.135135135135137
44483,OH,1.65e-05,0,-2000,75.65665665665665
44484,OH,1.8e-05,0,-2000,73.52705410821643
44485,OH,2.5e-05,0,-2000,132.42857142857144
44491,OH,8.5e-06,2,8000,0.5765765765765766
44502,OH,3.65e-05,0,-2000,111.07807807807808
44503,OH,5e-05,2,8000,34.72
44504,OH,4.35e-05,1,5000,96.52152152152152
44505,OH,3.9e-05,0,-2000,98.73326673326673
44506,OH,4e-05,1,5000,88.92307692307693
44507,OH,7.3e-05,2,8000,84.18581418581418
44509,OH,2.55e-05,0,-2000,122.99700299700301
44510,OH,0.000168,2,8000,71.915
44511,OH,2.25e-05,0,-2000,59.13113113113113
44512,OH,2.3e-05,0,-2000,132.583
44514,OH,2.35e-05,0,-2000,47.052947052947054
44515,OH,1.8e-05,0,-2000,90.94405594405595
44601,OH,1.95e-05,2,8000,9.291291291291293
44613,OH,1.35e-05,2,8000,5.851703406813627
44614,OH,2.2e-05,0,-2000,25.64235764235764
44622,OH,2.5e-05,0,-2000,100.06006006006005
44626,OH,1.4e-05,2,8000,28.446553446553445
44632,OH,2.5e-05,1,5000,0.0
44641,OH,1.95e-05,1,5000,0.0
44644,OH,1e-06,2,8000,0.2215568862275449
44646,OH,2.05e-05,0,-2000,32.81718281718282
44647,OH,1.6e-05,0,-2000,15.921921921921921
44662,OH,1.9e-05,1,5000,63.09018036072144
44663,OH,1.95e-05,0,-2000,28.240000000000002
44666,OH,3e-05,2,8000,13.881118881118882
44685,OH,2.75e-05,0,-2000,19.118000000000002
44688,OH,1.5e-05,2,8000,10.246
44702,OH,1.9e-05,1,5000,85.15599999999999
44703,OH,1.65e-05,0,-2000,63.08808808808809
44704,OH,7.15e-05,1,5000,173.67567567567568
44705,OH,2.3e-05,0,-2000,134.9149149149149
44706,OH,2.2e-05,0,-2000,0.0
44707,OH,3.3e-05,0,-2000,102.54054054054055
44708,OH,1.65e-05,0,-2000,44.655
44709,OH,1.35e-05,0,-2000,0.0
44710,OH,2.05e-05,0,-2000,58.09009009009009
44714,OH,2.3e-05,0,-2000,114.03096903096902
44718,OH,2.8e-05,1,5000,12.716283716283716
44720,OH,2.65e-05,0,-2000,153.48196392785573
44721,OH,2.55e-05,0,-2000,31.370741482965933
44730,OH,1.5e-05,0,-2000,60.984
44824,OH,3.5e-06,2,8000,0.5874125874125874
44839,OH,2.65e-05,2,8000,6.588
44843,OH,1.75e-05,2,8000,0.8741258741258742
44846,OH,1.6e-05,2,8000,1.568
44847,OH,5e-07,2,8000,0.022022022022022022
44870,OH,3.65e-05,0,-2000,162.8028028028028
44902,OH,4.65e-05,1,5000,146.625
44903,OH,2.5e-05,1,5000,32.98901098901099
44904,OH,1e-06,2,8000,0.0781563126252505
44905,OH,2.7e-05,1,5000,84.76452905811624
44906,OH,1.8e-05,0,-2000,52.208
44907,OH,1.6e-05,0,-2000,26.475524475524477
45001,OH,5e-07,2,8000,0.034
45002,OH,4.7e-05,2,8000,6.857715430861723
45005,OH,3.95e-05,0,-2000,95.33533533533533
45011,OH,0.0001025,0,-2000,190.94205794205797
45013,OH,3.95e-05,0,-2000,183.0369261477046
45014,OH,8.3e-05,0,-2000,95.77877877877877
45015,OH,3.55e-05,0,-2000,82.783
45030,OH,7.45e-05,2,8000,14.591591591591593
45034,OH,0.0001715,2,8000,37.812
45036,OH,0.000114,2,8000,191.74474474474474
45039,OH,0.0001105,1,5000,505.408
45040,OH,0.000201,1,5000,15.29029029029029
45042,OH,3.6e-05,0,-2000,79.37062937062937
45044,OH,5.7e-05,0,-2000,0.0
45050,OH,0.0001105,2,8000,139.05616850551655
45065,OH,8.75e-05,1,5000,186.70658682634732
45066,OH,0.000138,1,5000,34.788000000000004
45067,OH,6e-05,2,8000,78.1437125748503
45068,OH,3.05e-05,2,8000,5.84431137724551
45069,OH,0.0001565,0,-2000,129.26147704590818
45102,OH,3.9e-05,1,5000,53.36
45103,OH,4.65e-05,1,5000,45.78
45106,OH,2.25e-05,2,8000,15.655
45111,OH,5.95e-05,2,8000,8.33
45122,OH,3.4e-05,1,5000,75.52447552447552
45140,OH,8.45e-05,0,-2000,90.57542457542458
45150,OH,5.95e-05,0,-2000,113.568
45152,OH,7.9e-05,1,5000,171.84984984984985
45153,OH,4.7e-05,2,8000,10.64
45157,OH,5.05e-05,1,5000,190.53746253746255
45162,OH,3e-06,2,8000,0.21000000000000002
45174,OH,0.0002245,2,8000,80.371
45202,OH,0.000125,1,5000,324.21
45203,OH,0.0003055,2,8000,72.78178178178177
45204,OH,8.2e-05,2,8000,128.01603206412824
45205,OH,8.1e-05,1,5000,293.1778221778222
45206,OH,0.0001065,1,5000,213.246
45207,OH,0.0001685,2,8000,100.76223776223777
45208,OH,0.000144,1,5000,565.5495495495495
45209,OH,7.7e-05,1,5000,211.013986013986
45211,OH,0.0001015,1,5000,456.3
45212,OH,5.6e-05,0,-2000,121.03493013972057
45213,OH,0.000134,1,5000,289.332
45214,OH,0.000204,2,8000,174.825
45215,OH,0.0001225,1,5000,117.494
45216,OH,5.65e-05,2,8000,66.1978021978022
45217,OH,0.000149,2,8000,122.38000000000001
45218,OH,5.5e-05,2,8000,30.899699097291872
45219,OH,3.5e-05,0,-2000,106.37837837837837
45220,OH,4.25e-05,1,5000,205.44500000000002
45223,OH,0.0001295,1,5000,277.21078921078924
45224,OH,0.0001675,2,8000,294.192
45225,OH,0.0002665,2,8000,267.983983983984
45226,OH,9.45e-05,1,5000,196.83316683316684
45227,OH,8.9e-05,1,5000,410.60539460539457
45229,OH,0.000188,2,8000,268.685
45230,OH,4.35e-05,0,-2000,54.7037037037037
45231,OH,0.000131,1,5000,607.798
45232,OH,0.0002995,2,8000,101.2624750499002
45233,OH,0.0001,1,5000,288.918
45236,OH,6.2e-05,1,5000,76.65665665665665
45237,OH,0.0003535,2,8000,369.44055944055947
45238,OH,8.1e-05,1,5000,80.67932067932068
45239,OH,9.95e-05,1,5000,310.66
45240,OH,0.000342,2,8000,280.038
45241,OH,0.000104,0,-2000,217.35999999999999
45242,OH,0.000157,1,5000,800.1278721278721
45243,OH,0.0002195,1,5000,846.1858141858141
45244,OH,7.8e-05,0,-2000,0.0
45245,OH,4.2e-05,0,-2000,33.576
45246,OH,0.000159,1,5000,303.296
45247,OH,7.2e-05,0,-2000,73.75624375624376
45248,OH,5.3e-05,1,5000,49.728
45249,OH,0.0001215,1,5000,426.334
45251,OH,0.000133,1,5000,293.986013986014
45252,OH,0.0001685,2,8000,110.044
45255,OH,5e-05,1,5000,24.904904904904903
45301,OH,2.45e-05,0,-2000,0.0
45305,OH,9.2e-05,1,5000,303.668
45309,OH,3e-05,2,8000,2.727272727272727
45312,OH,2.3e-05,2,8000,5.648648648648649
45315,OH,0.000179,2,8000,76.725
45318,OH,1.65e-05,2,8000,0.5615615615615616
45319,OH,2.45e-05,2,8000,1.0909090909090908
45322,OH,4.95e-05,1,5000,240.34365634365636
45323,OH,2.55e-05,2,8000,1.8341658341658342
45324,OH,3.45e-05,0,-2000,0.0
45325,OH,2.5e-06,2,8000,0.21021021021021022
45326,OH,1e-06,2,8000,0.05005005005005005
45327,OH,5.25e-05,2,8000,17.218436873747496
45339,OH,4.05e-05,2,8000,28.04204204204204
45341,OH,1.55e-05,1,5000,33.47052947052947
45342,OH,5.85e-05,0,-2000,49.72055888223552
45344,OH,2.8e-05,0,-2000,118.404
45345,OH,3.6e-05,2,8000,2.29029029029029
45359,OH,2.6e-05,2,8000,11.207207207207206
45368,OH,2.35e-05,2,8000,9.654345654345654
45369,OH,3.2e-05,2,8000,1.694
45370,OH,8.65e-05,2,8000,101.87412587412588
45371,OH,5.85e-05,0,-2000,110.922
45373,OH,4.35e-05,0,-2000,108.61138861138862
45377,OH,5.75e-05,1,5000,174.46353646353646
45383,OH,2.15e-05,1,5000,47.272
45384,OH,5.7e-05,2,8000,11.981981981981983
45385,OH,4.35e-05,0,-2000,193.69230769230768
45387,OH,4.2e-05,2,8000,88.5070140280561
45402,OH,0.0002025,2,8000,350.0938123752495
45403,OH,2.7e-05,0,-2000,122.52252252252252
45404,OH,3.8e-05,0,-2000,17.505505505505507
45405,OH,0.0002335,2,8000,292.34234234234236
45406,OH,0.000252,2,8000,360.9199199199199
45409,OH,3.85e-05,0,-2000,80.414
45410,OH,3.05e-05,0,-2000,52.01
45414,OH,5e-05,0,-2000,288.6003996003996
45415,OH,0.0001715,2,8000,199.767
45416,OH,0.000316,2,8000,70.84084084084084
45417,OH,0.000271,1,5000,977.5566700100301
45419,OH,3.3e-05,0,-2000,60.753246753246756
45420,OH,2.9e-05,0,-2000,108.27572427572427
45424,OH,7.15e-05,0,-2000,216.5045045045045
45426,OH,0.0003215,2,8000,203.5804195804196
45429,OH,3.6e-05,0,-2000,150.263
45430,OH,6.8e-05,1,5000,230.6906906906907
45431,OH,4.1e-05,0,-2000,118.6036036036036
45432,OH,3.85e-05,0,-2000,82.95795795795796
45433,OH,8.1e-05,2,8000,14.91
45434,OH,0.000189,1,5000,615.06006006006
45439,OH,4.05e-05,0,-2000,86.46000000000001
45440,OH,4.45e-05,0,-2000,113.35464535464536
45449,OH,4.65e-05,0,-2000,81.52694610778443
45458,OH,0.000106,1,5000,38.856
45459,OH,5.8e-05,0,-2000,153.7657657657658
45502,OH,4.8e-05,2,8000,80.14285714285714
45503,OH,2.1e-05,0,-2000,37.209209209209206
45504,OH,3.2e-05,0,-2000,100.64
45505,OH,2.8e-05,0,-2000,8.062811565304088
45506,OH,5.55e-05,0,-2000,131.2625250501002
45619,OH,3.25e-05,1,5000,23.358641358641357
45623,OH,5e-07,2,8000,0.229
45638,OH,2.6e-05,0,-2000,74.59580838323353
45659,OH,4.5e-06,2,8000,2.3040000000000003
45662,OH,2.6e-05,0,-2000,73.32167832167832
45663,OH,1.9e-05,1,5000,15.015
45669,OH,3.4e-05,0,-2000,63.78378378378378
45678,OH,1.25e-05,2,8000,4.27072927072927
45680,OH,2.85e-05,0,-2000,85.01698301698302
45694,OH,3.6e-05,1,5000,51.55444555444555
45696,OH,8.5e-06,2,8000,4.9639999999999995
45714,OH,2.85e-05,1,5000,104.23423423423424
45750,OH,5.5e-06,2,8000,0.6916167664670658
45801,OH,3.15e-05,0,-2000,87.02097902097903
45804,OH,3.65e-05,0,-2000,52.37762237762238
45805,OH,4.4e-05,0,-2000,159.642
45806,OH,4.4e-05,1,5000,46.035
45807,OH,4.05e-05,1,5000,32.22
45895,OH,2e-06,2,8000,0.156312625250501
73003,OK,0.0002455,1,5000,496.8336673346693
73007,OK,3e-06,2,8000,1.2167832167832167
73008,OK,0.000153,1,5000,322.8251748251748
73012,OK,0.0006935,1,5000,1487.2967032967033
73013,OK,0.0005655,1,5000,1993.8461538461538
73020,OK,0.0003125,2,8000,218.53553553553556
73025,OK,0.0013215,2,8000,539.7117117117117
73026,OK,2e-05,2,8000,3.003003003003003
73034,OK,0.000352,0,-2000,618.184
73049,OK,0.000166,2,8000,23.904
73064,OK,0.0003155,2,8000,523.59
73065,OK,0.000217,2,8000,15.592814371257484
73068,OK,0.0001785,2,8000,27.195000000000004
73069,OK,0.000128,0,-2000,446.51302605210424
73071,OK,0.0001655,0,-2000,676.3986013986014
73072,OK,0.000161,0,-2000,541.1297405189621
73078,OK,3.45e-05,2,8000,3.4534534534534536
73084,OK,0.0008,2,8000,144.1573146292585
73093,OK,3.5e-06,2,8000,0.42042042042042044
73099,OK,0.000323,1,5000,1022.1271271271271
73102,OK,0.0001785,2,8000,45.796
73103,OK,0.0001365,2,8000,179.6043956043956
73104,OK,0.000329,2,8000,90.98597194388778
73105,OK,0.000788,2,8000,204.71457085828345
73106,OK,0.0001215,0,-2000,457.88977955911827
73107,OK,0.0001425,1,5000,503.475
73108,OK,0.0001085,0,-2000,280.91891891891896
73109,OK,0.0001195,0,-2000,450.11899999999997
73110,OK,0.0002585,0,-2000,778.365
73111,OK,0.001753,2,8000,470.12512512512507
73112,OK,0.000181,1,5000,656.3843843843844
73114,OK,0.000543,2,8000,374.7567567567568
73115,OK,0.0002375,1,5000,481.83783783783787
73116,OK,0.000261,1,5000,624.375
73117,OK,0.000728,2,8000,385.80980980980985
73118,OK,0.000181,1,5000,552.048951048951
73119,OK,0.000116,1,5000,242.997002997003
73120,OK,0.000276,1,5000,1079.0
73121,OK,0.000952,2,8000,89.30938123752495
73122,OK,0.000158,1,5000,349.7062937062937
73127,OK,0.0001635,0,-2000,365.2344689378757
73128,OK,0.000334,2,8000,278.2974051896208
73129,OK,0.000129,1,5000,379.5
73130,OK,0.0002865,2,8000,347.51
73131,OK,0.000586,2,8000,371.29
73132,OK,0.0002625,2,8000,419.2694610778443
73134,OK,0.000248,2,8000,49.237
73135,OK,0.0004265,2,8000,357.98996990972915
73139,OK,0.000142,1,5000,295.83783783783787
73141,OK,0.0005705,2,8000,125.67432567432567
73142,OK,0.000371,2,8000,495.808
73145,OK,0.0002235,2,8000,91.968
73149,OK,0.0001385,2,8000,56.590590590590594
73150,OK,0.0002065,2,8000,190.2997002997003
73151,OK,0.0003455,2,8000,169.12587412587413
73159,OK,0.0001605,0,-2000,514.2242242242243
73160,OK,0.000234,1,5000,823.3636363636364
73162,OK,0.0004345,2,8000,552.2642642642643
73165,OK,0.000849,2,8000,266.56927710843377
73169,OK,0.0002935,2,8000,58.13813813813814
73170,OK,0.000302,1,5000,1111.8799999999999
73173,OK,0.0002135,2,8000,41.37762237762237
73179,OK,0.000515,2,8000,224.26126126126127
73501,OK,0.000376,2,8000,448.2467532467532
73505,OK,0.0004225,2,8000,495.8961038961039
73507,OK,0.0004035,2,8000,239.61
73701,OK,0.0001115,0,-2000,315.7605210420842
73703,OK,0.000171,1,5000,541.7844311377245
74008,OK,0.000112,1,5000,486.4735264735265
74011,OK,0.0001225,1,5000,199.1
74012,OK,0.000121,0,-2000,398.88
74014,OK,0.0001185,1,5000,532.68
74015,OK,7.9e-05,2,8000,115.3678963110668
74017,OK,6e-05,1,5000,224.961
74019,OK,8.7e-05,1,5000,256.3076923076923
74021,OK,9.7e-05,1,5000,363.992992992993
74023,OK,8.05e-05,2,8000,95.02502502502503
74033,OK,7.4e-05,2,8000,103.16633266533067
74036,OK,4.6e-05,2,8000,3.312
74037,OK,0.000136,1,5000,478.36899999999997
74041,OK,5.65e-05,2,8000,3.506506506506507
74050,OK,3.5e-06,0,-2000,0.0
74053,OK,1.7e-05,2,8000,0.918
74055,OK,0.00011,0,-2000,140.62837162837164
74063,OK,7e-05,0,-2000,188.71771771771773
74066,OK,5.85e-05,0,-2000,204.41400000000002
74070,OK,5.9e-05,1,5000,167.57999999999998
74073,OK,6.65e-05,1,5000,147.9220779220779
74074,OK,8.9e-05,0,-2000,346.68399999999997
74075,OK,7.5e-05,0,-2000,296.913
74103,OK,9.15e-05,2,8000,26.534999999999997
74104,OK,5.35e-05,0,-2000,157.04500000000002
74105,OK,5.2e-05,0,-2000,230.318
74106,OK,0.000285,1,5000,607.1968031968032
74107,OK,6.45e-05,0,-2000,232.77722277722276
74108,OK,7.35e-05,1,5000,155.4855433698903
74110,OK,8.4e-05,0,-2000,134.524
74112,OK,6.55e-05,1,5000,113.93393393393393
74114,OK,8.25e-05,0,-2000,105.66067864271456
74115,OK,6.6e-05,0,-2000,195.62662662662663
74116,OK,7.8e-05,1,5000,209.0770770770771
74119,OK,4.65e-05,2,8000,50.763999999999996
74120,OK,7.5e-05,1,5000,142.3983983983984
74126,OK,0.000196,2,8000,170.247
74127,OK,0.000106,1,5000,308.48951048951045
74128,OK,6.3e-05,1,5000,152.43743743743744
74129,OK,8.2e-05,0,-2000,180.2764471057884
74130,OK,9.55e-05,2,8000,17.204204204204206
74131,OK,9.4e-05,2,8000,81.2972972972973
74132,OK,9.3e-05,1,5000,270.27372627372625
74133,OK,0.000106,0,-2000,305.04695304695304
74134,OK,0.0001215,1,5000,330.2127872127872
74135,OK,5.55e-05,0,-2000,112.37837837837837
74136,OK,5.85e-05,0,-2000,194.77245508982037
74137,OK,0.0001175,0,-2000,214.44244244244243
74145,OK,8.85e-05,1,5000,241.78021978021977
74146,OK,8.5e-05,1,5000,236.8168168168168
74363,OK,2.5e-06,2,8000,0.22477522477522477
74429,OK,5.85e-05,2,8000,26.418
74730,OK,1.05e-05,2,8000,0.6923076923076923
74731,OK,5.35e-05,2,8000,2.2492492492492495
74733,OK,9.2e-05,2,8000,29.479479479479483
74901,OK,2.7e-05,2,8000,39.111111111111114
74902,OK,2.25e-05,2,8000,11.411999999999999
74946,OK,5.85e-05,2,8000,6.745490981963928
74948,OK,2.85e-05,2,8000,7.294589178356713
74954,OK,1.95e-05,2,8000,0.624
74959,OK,1.15e-05,2,8000,0.7122877122877123
97002,OR,0.0,0,-2000,0.0
97003,OR,5e-07,0,-2000,14.18018018018018
97004,OR,5e-07,0,-2000,6.763527054108216
97005,OR,0.0,0,-2000,48.32667332667333
97006,OR,5e-07,0,-2000,109.75975975975976
97007,OR,5e-07,0,-2000,73.524
97008,OR,0.0,0,-2000,33.88
97009,OR,5e-07,0,-2000,0.7252747252747253
97013,OR,5e-07,0,-2000,11.106
97015,OR,5e-07,0,-2000,25.346653346653348
97019,OR,5e-07,2,8000,0.7982017982017982
97024,OR,0.0,0,-2000,43.168
97027,OR,0.0,0,-2000,24.41941941941942
97030,OR,0.0,0,-2000,0.0
97034,OR,5e-07,0,-2000,4.802395209580838
97035,OR,5e-07,0,-2000,21.536926147704587
97045,OR,5e-07,0,-2000,83.93179538615847
97048,OR,0.0,0,-2000,0.0
97060,OR,0.0,0,-2000,37.000999000999
97062,OR,5e-07,0,-2000,82.9019019019019
97068,OR,1e-06,0,-2000,9.135135135135135
97070,OR,5e-07,0,-2000,49.23876123876124
97078,OR,5e-07,1,5000,0.714
97080,OR,0.0,0,-2000,61.14271457085828
97086,OR,0.0,0,-2000,131.6013986013986
97089,OR,5e-07,0,-2000,16.584
97113,OR,5e-07,0,-2000,0.0
97116,OR,5e-07,0,-2000,101.402
97123,OR,5e-07,0,-2000,104.80499999999999
97124,OR,5e-07,0,-2000,63.74625374625375
97140,OR,5e-07,0,-2000,58.528
97201,OR,0.0,0,-2000,26.214000000000002
97202,OR,5e-07,0,-2000,68.928
97203,OR,5e-07,0,-2000,121.095
97205,OR,0.0,0,-2000,4.891891891891892
97206,OR,0.0,0,-2000,99.672
97209,OR,0.0,0,-2000,15.233766233766234
97210,OR,5e-07,0,-2000,2.933933933933934
97211,OR,5e-07,0,-2000,0.0
97212,OR,5e-07,0,-2000,61.81018981018981
97213,OR,0.0,0,-2000,39.94805194805195
97214,OR,0.0,0,-2000,40.44155844155844
97215,OR,0.0,0,-2000,22.133866133866135
97216,OR,0.0,0,-2000,31.517482517482517
97217,OR,5e-07,0,-2000,142.16400000000002
97218,OR,5e-07,0,-2000,51.535
97219,OR,5e-07,0,-2000,10.917
97220,OR,0.0,0,-2000,122.402
97221,OR,5e-07,0,-2000,10.363636363636363
97222,OR,0.0,0,-2000,30.268924302788843
97223,OR,5e-07,0,-2000,143.83599999999998
97224,OR,5e-07,0,-2000,86.68
97225,OR,5e-07,0,-2000,30.645
97227,OR,5e-07,0,-2000,14.556556556556556
97229,OR,1e-06,0,-2000,123.37237237237237
97230,OR,0.0,0,-2000,164.385
97231,OR,5e-07,0,-2000,5.985
97232,OR,0.0,0,-2000,5.914
97233,OR,0.0,0,-2000,65.04904904904905
97236,OR,0.0,0,-2000,88.55711422845691
97239,OR,0.0,0,-2000,20.22
97266,OR,0.0,0,-2000,71.86413586413586
97267,OR,0.0,0,-2000,143.9879759519038
97301,OR,0.0,0,-2000,166.33366633366634
97302,OR,5e-07,0,-2000,37.26773226773227
97303,OR,5e-07,0,-2000,108.71928071928073
97304,OR,5e-07,0,-2000,0.0
97305,OR,5e-07,0,-2000,163.69238476953907
97306,OR,5e-07,0,-2000,0.0
97317,OR,5e-07,0,-2000,62.26
97321,OR,5e-07,0,-2000,0.0
97322,OR,5e-07,0,-2000,0.0
97330,OR,0.0,0,-2000,0.0
97333,OR,0.0,0,-2000,0.0
97338,OR,5e-07,0,-2000,10.734734734734735
97351,OR,5e-07,0,-2000,13.63
97355,OR,5e-07,0,-2000,0.0
97361,OR,5e-07,0,-2000,0.0
97370,OR,5e-07,0,-2000,0.0
97389,OR,5e-07,0,-2000,0.0
97392,OR,5e-07,0,-2000,0.0
97401,OR,0.0,0,-2000,203.28
97402,OR,5e-07,0,-2000,51.13173652694611
97403,OR,0.0,0,-2000,8.835164835164836
97404,OR,5e-07,0,-2000,11.66966966966967
97405,OR,5e-07,0,-2000,46.84915084915085
97408,OR,1e-06,0,-2000,0.0
97448,OR,5e-07,0,-2000,1.3826173826173827
97455,OR,5e-07,1,5000,1.5990000000000002
97457,OR,5e-07,2,8000,0.08508508508508508
97470,OR,5e-07,0,-2000,0.0
97471,OR,5e-07,0,-2000,0.0
97477,OR,5e-07,0,-2000,23.63326653306613
97478,OR,5e-07,0,-2000,0.0
97495,OR,1e-06,0,-2000,4.77922077922078
97496,OR,5e-07,0,-2000,0.0
97501,OR,2e-06,0,-2000,31.764235764235764
97502,OR,3e-06,0,-2000,90.09009009009009
97503,OR,3e-06,0,-2000,12.9
97504,OR,3e-06,0,-2000,79.37562437562437
97524,OR,4e-06,0,-2000,21.984047856430706
97526,OR,1.5e-06,0,-2000,61.42657342657343
97527,OR,2e-06,0,-2000,0.0
97530,OR,3e-06,0,-2000,8.26126126126126
97532,OR,2e-06,0,-2000,11.879999999999999
97535,OR,1.5e-06,0,-2000,10.663336663336663
97540,OR,1e-06,1,5000,1.5839999999999999
97701,OR,4e-06,0,-2000,107.53493013972056
97702,OR,5e-06,0,-2000,109.30499999999999
97703,OR,8e-06,0,-2000,288.34865134865134
97801,OR,1.5e-06,0,-2000,42.5945945945946
97826,OR,1.5e-06,2,8000,2.3923923923923924
97838,OR,3e-06,0,-2000,0.0
97875,OR,2e-06,0,-2000,4.922155688622754
97882,OR,1.5e-06,0,-2000,0.0
15001,PA,2.85e-05,0,-2000,25.03903903903904
15003,PA,2e-05,0,-2000,33.885885885885884
15005,PA,2e-05,0,-2000,103.85956175298804
15009,PA,2.4e-05,0,-2000,0.0
15010,PA,2.5e-05,0,-2000,219.072
15014,PA,1.5e-05,2,8000,22.877999999999997
15017,PA,3.2e-05,0,-2000,60.0059880239521
15024,PA,2.95e-05,0,-2000,36.18418418418418
15025,PA,2.95e-05,2,8000,38.07807807807808
15027,PA,1.45e-05,0,-2000,35.24324324324324
15030,PA,1.4e-05,2,8000,15.912
15034,PA,1.15e-05,1,5000,17.115768463073852
15035,PA,2e-05,1,5000,16.26
15042,PA,1.6e-05,0,-2000,26.93386773547094
15044,PA,1e-06,2,8000,1.2947052947052946
15045,PA,1.85e-05,1,5000,14.112
15046,PA,1.8e-05,1,5000,23.782
15049,PA,1.35e-05,1,5000,5.64964964964965
15051,PA,1.45e-05,2,8000,19.024
15056,PA,3.15e-05,1,5000,11.45945945945946
15057,PA,4.95e-05,0,-2000,13.503
15061,PA,2.3e-05,0,-2000,96.66666666666667
15064,PA,2.25e-05,2,8000,2.275
15065,PA,1.9e-05,0,-2000,44.93
15066,PA,1.6e-05,0,-2000,59.815631262525045
15068,PA,1.8e-05,0,-2000,208.2237762237762
15071,PA,3.9e-05,0,-2000,94.6066066066066
15074,PA,1.65e-05,0,-2000,65.61638361638363
15076,PA,1.85e-05,1,5000,17.77077077077077
15081,PA,1.2e-05,1,5000,34.12087912087912
15082,PA,5.5e-06,2,8000,0.42942942942942947
15084,PA,1.5e-05,0,-2000,43.848
15085,PA,1.95e-05,0,-2000,43.758723828514455
15101,PA,3.75e-05,0,-2000,0.0
15102,PA,4.95e-05,0,-2000,74.088
15104,PA,8.65e-05,0,-2000,171.17117117117115
15106,PA,2.6e-05,0,-2000,94.86099999999999
15108,PA,3.9e-05,0,-2000,83.83216783216783
15110,PA,6.55e-05,0,-2000,147.75675675675674
15112,PA,5.9e-05,1,5000,46.686686686686684
15116,PA,2.55e-05,0,-2000,36.149149149149146
15120,PA,3.05e-05,0,-2000,95.25874125874125
15122,PA,2.9e-05,0,-2000,244.62437562437563
15126,PA,3.4e-05,0,-2000,68.32000000000001
15131,PA,1.5e-05,0,-2000,74.88
15132,PA,3.55e-05,0,-2000,291.5419161676647
15133,PA,2.25e-05,0,-2000,57.868737474949896
15136,PA,3.55e-05,0,-2000,186.18436873747495
15137,PA,2.25e-05,0,-2000,51.454
15139,PA,2.25e-05,0,-2000,56.51951951951952
15140,PA,2e-05,1,5000,22.854
15142,PA,6e-05,1,5000,99.056
15143,PA,6.1e-05,0,-2000,18.713286713286713
15144,PA,1.7e-05,0,-2000,47.499498495486456
15145,PA,2.4e-05,0,-2000,60.36363636363637
15146,PA,4.2e-05,0,-2000,78.944
15147,PA,2.7e-05,0,-2000,49.44288577154308
15148,PA,2.6e-05,0,-2000,58.682634730538915
15201,PA,6.75e-05,0,-2000,258.20958083832335
15202,PA,2.15e-05,0,-2000,41.60139860139861
15203,PA,3.9e-05,0,-2000,98.49849849849849
15204,PA,7.5e-05,1,5000,113.87374749498997
15205,PA,3.8e-05,0,-2000,71.203
15206,PA,5.85e-05,0,-2000,94.83283283283284
15207,PA,2.95e-05,0,-2000,87.53846153846155
15208,PA,9.7e-05,0,-2000,210.216
15209,PA,2.1e-05,0,-2000,49.78021978021978
15210,PA,4.25e-05,0,-2000,239.43056943056945
15211,PA,2.95e-05,0,-2000,19.09
15212,PA,5.05e-05,0,-2000,167.07600000000002
15213,PA,1.4e-05,0,-2000,190.28
15214,PA,5.9e-05,0,-2000,99.2967032967033
15215,PA,3.05e-05,0,-2000,68.22
15216,PA,3.3e-05,0,-2000,163.47305389221557
15217,PA,2.8e-05,0,-2000,133.5885885885886
15218,PA,3.65e-05,0,-2000,113.1503006012024
15219,PA,0.0001045,0,-2000,277.5
15220,PA,2.9e-05,0,-2000,66.36
15221,PA,5.85e-05,0,-2000,247.29
15222,PA,8.1e-05,1,5000,376.4709418837675
15223,PA,1.75e-05,0,-2000,42.619
15224,PA,4.15e-05,0,-2000,137.12175648702595
15225,PA,2e-05,1,5000,17.952
15226,PA,2.95e-05,0,-2000,51.89
15227,PA,2.35e-05,0,-2000,128.1187624750499
15228,PA,6e-05,0,-2000,34.464
15229,PA,2.7e-05,0,-2000,68.61222444889779
15232,PA,2.3e-05,0,-2000,67.035
15233,PA,0.000152,1,5000,669.82
15234,PA,2.35e-05,0,-2000,36.39160839160839
15235,PA,5.3e-05,0,-2000,120.34068136272545
15236,PA,2.9e-05,0,-2000,105.85714285714286
15237,PA,4.8e-05,0,-2000,105.6043956043956
15238,PA,7.55e-05,0,-2000,57.218
15239,PA,3.5e-05,0,-2000,16.463536463536464
15241,PA,9.75e-05,0,-2000,557.997997997998
15243,PA,3.75e-05,0,-2000,20.990000000000002
15317,PA,3.85e-05,2,8000,5.626
15321,PA,3.75e-05,2,8000,14.16
15361,PA,9.5e-06,2,8000,1.3693693693693694
15545,PA,5e-07,2,8000,0.028028028028028028
15613,PA,1.55e-05,0,-2000,35.604
15615,PA,2.75e-05,0,-2000,0.0
15629,PA,1.55e-05,2,8000,3.2462462462462462
15632,PA,3.1e-05,2,8000,12.808383233532934
15636,PA,9.45e-05,2,8000,23.063063063063062
15641,PA,1.05e-05,2,8000,3.6576576576576576
15642,PA,2.8e-05,0,-2000,91.74825174825175
15644,PA,2.5e-06,2,8000,0.23976023976023975
15656,PA,2.05e-05,1,5000,101.73346693386773
15665,PA,2e-05,2,8000,19.594405594405597
15668,PA,6.05e-05,0,-2000,9.298
15673,PA,1.6e-05,2,8000,7.56
15690,PA,1.3e-05,1,5000,24.535
15692,PA,1.45e-05,2,8000,19.713713713713716
15801,PA,5.5e-06,0,-2000,17.765
15840,PA,3.5e-06,0,-2000,9.37037037037037
15851,PA,4.5e-06,0,-2000,14.018018018018019
15901,PA,5.5e-06,0,-2000,26.66866866866867
15902,PA,4.5e-06,0,-2000,32.409
15904,PA,6.5e-06,0,-2000,0.0
15905,PA,5e-06,0,-2000,25.995991983967937
15906,PA,3.5e-06,0,-2000,0.0
15909,PA,4e-06,0,-2000,5.625
15928,PA,4e-06,0,-2000,9.90990990990991
15935,PA,5e-06,2,8000,6.986027944111776
15942,PA,5e-06,1,5000,11.753246753246753
15946,PA,1.5e-06,2,8000,0.7397806580259222
15963,PA,5.5e-06,0,-2000,0.0
16001,PA,1.35e-05,0,-2000,0.0
16002,PA,2.45e-05,2,8000,20.70040080160321
16045,PA,2e-05,2,8000,7.927927927927928
16053,PA,1.85e-05,2,8000,23.37837837837838
16121,PA,4.25e-05,0,-2000,83.7962037962038
16143,PA,5e-07,2,8000,0.036072144288577156
16146,PA,1.5e-05,0,-2000,9.375375375375375
16148,PA,2e-05,0,-2000,34.66533066132264
16150,PA,1.35e-05,0,-2000,28.587174348697395
16159,PA,1.75e-05,2,8000,20.769230769230766
16161,PA,2e-05,2,8000,11.856143856143857
16229,PA,1.15e-05,2,8000,1.2189999999999999
16415,PA,4.5e-06,0,-2000,3.54
16421,PA,4e-06,0,-2000,16.91108891108891
16501,PA,2e-06,0,-2000,4.028028028028028
16502,PA,2.5e-06,0,-2000,0.0
16503,PA,5.5e-06,0,-2000,4.01
16504,PA,2.5e-06,0,-2000,76.83916083916084
16505,PA,3e-06,0,-2000,6.167664670658682
16506,PA,4e-06,0,-2000,0.0
16507,PA,2.5e-06,0,-2000,11.76
16508,PA,2.5e-06,0,-2000,0.0
16509,PA,3e-06,0,-2000,67.356
16510,PA,3e-06,0,-2000,0.0
16511,PA,3e-06,0,-2000,34.309
16601,PA,4.5e-06,0,-2000,81.504
16602,PA,4.5e-06,0,-2000,125.688
16635,PA,6.5e-06,0,-2000,9.198801198801199
16636,PA,5.5e-06,1,5000,13.831999999999999
16637,PA,3.5e-06,0,-2000,10.181818181818182
16648,PA,7e-06,0,-2000,10.162324649298597
16665,PA,6.5e-06,2,8000,6.741482965931864
16669,PA,5e-07,2,8000,0.038
16673,PA,7e-06,1,5000,10.594594594594595
16801,PA,6.5e-06,0,-2000,0.0
16803,PA,9e-06,0,-2000,0.0
16823,PA,1.2e-05,2,8000,7.64035964035964
16865,PA,9e-06,1,5000,27.018
16868,PA,4.1e-05,2,8000,29.16
16870,PA,3.5e-06,2,8000,1.902097902097902
17003,PA,1.55e-05,0,-2000,81.15430861723446
17011,PA,2.3e-05,0,-2000,48.54
17019,PA,7.5e-06,2,8000,1.092814371257485
17022,PA,1.75e-05,2,8000,23.77755511022044
17025,PA,1.95e-05,0,-2000,0.0
17028,PA,7e-06,2,8000,3.9200000000000004
17033,PA,1.25e-05,0,-2000,15.472
17034,PA,1.05e-05,1,5000,21.978021978021978
17036,PA,2e-05,0,-2000,0.0
17038,PA,4e-06,2,8000,0.664
17042,PA,1.25e-05,0,-2000,10.233233233233234
17043,PA,1.45e-05,0,-2000,14.917
17046,PA,8.5e-06,0,-2000,37.6026026026026
17050,PA,3.45e-05,0,-2000,52.107107107107105
17053,PA,1.1e-05,0,-2000,24.756756756756758
17055,PA,2.35e-05,0,-2000,9.794205794205794
17057,PA,1.4e-05,0,-2000,31.63
17067,PA,1.6e-05,2,8000,13.342657342657343
17070,PA,1.65e-05,0,-2000,0.0
17078,PA,1.4e-05,0,-2000,0.0
17093,PA,9e-06,1,5000,45.288000000000004
17101,PA,1.2e-05,1,5000,15.623376623376624
17102,PA,2.25e-05,0,-2000,53.04504504504504
17103,PA,4.6e-05,0,-2000,147.395
17104,PA,4.2e-05,0,-2000,205.28571428571428
17109,PA,2.35e-05,0,-2000,50.28
17110,PA,4.95e-05,0,-2000,72.04
17111,PA,3.5e-05,0,-2000,61.65034965034965
17112,PA,2.8e-05,0,-2000,9.536
17113,PA,2.05e-05,0,-2000,93.24324324324324
17225,PA,8.9e-05,2,8000,11.07107107107107
17263,PA,3.5e-06,0,-2000,0.0
17268,PA,2.35e-05,2,8000,1.5525525525525525
17319,PA,2.25e-05,0,-2000,45.300000000000004
17325,PA,1.6e-05,0,-2000,0.0
17339,PA,2.8e-05,2,8000,37.97797797797798
17340,PA,1.25e-05,2,8000,1.5531062124248496
17345,PA,1.95e-05,1,5000,68.93906093906094
17347,PA,2.25e-05,1,5000,70.89
17360,PA,5e-07,2,8000,0.053
17370,PA,1.6e-05,2,8000,12.018018018018019
17401,PA,1.8e-05,0,-2000,62.482
17402,PA,2.05e-05,0,-2000,73.96596596596596
17403,PA,2e-05,0,-2000,101.41141141141141
17404,PA,2.45e-05,0,-2000,12.844844844844845
17406,PA,2.6e-05,1,5000,36.41041041041041
17407,PA,3.3e-05,2,8000,40.905
17408,PA,2.05e-05,2,8000,5.129870129870129
17501,PA,1e-05,0,-2000,14.607999999999999
17502,PA,1e-06,2,8000,0.05805805805805806
17505,PA,1.75e-05,0,-2000,40.92092092092092
17508,PA,1.1e-05,2,8000,9.526
17512,PA,1.35e-05,1,5000,7.9750000000000005
17516,PA,2.2e-05,2,8000,24.461538461538463
17520,PA,1.9e-05,0,-2000,39.002997002997
17522,PA,1.25e-05,0,-2000,51.17117117117117
17529,PA,1.45e-05,1,5000,14.574000000000002
17538,PA,2.2e-05,0,-2000,48.924
17540,PA,1.95e-05,0,-2000,102.408
17543,PA,1.8e-05,0,-2000,18.758
17545,PA,1.55e-05,0,-2000,59.06306306306306
17551,PA,1.35e-05,0,-2000,11.086086086086086
17552,PA,1.6e-05,2,8000,13.728
17554,PA,2.8e-05,0,-2000,100.4835164835165
17557,PA,1.9e-05,1,5000,79.63636363636364
17560,PA,1.5e-06,2,8000,1.263
17562,PA,2.5e-05,1,5000,95.77622377622377
17572,PA,1.4e-05,0,-2000,35.955
17579,PA,1.85e-05,0,-2000,44.96793587174349
17582,PA,1.85e-05,2,8000,13.944
17584,PA,2.85e-05,0,-2000,74.25874125874127
17601,PA,2.4e-05,0,-2000,125.02799999999999
17602,PA,2.15e-05,0,-2000,33.51951951951952
17603,PA,2.05e-05,0,-2000,175.593
17701,PA,6.5e-06,0,-2000,203.269
17702,PA,5e-06,0,-2000,20.328
17728,PA,5e-06,1,5000,13.938061938061939
17744,PA,5e-06,2,8000,1.7142857142857142
17754,PA,7e-06,0,-2000,2.8591408591408594
17756,PA,1.05e-05,1,5000,26.016016016016017
17801,PA,5.5e-06,0,-2000,0.0
17815,PA,6.5e-06,0,-2000,15.783
17837,PA,6.5e-06,0,-2000,0.0
17847,PA,6e-06,2,8000,6.791791791791792
17850,PA,3.5e-06,0,-2000,0.0
17857,PA,7.5e-06,1,5000,0.0
17859,PA,4.5e-06,1,5000,5.116883116883117
17870,PA,9e-06,0,-2000,0.0
17876,PA,9e-06,0,-2000,15.600000000000001
17889,PA,6e-06,2,8000,13.55844155844156
17901,PA,7.5e-06,0,-2000,60.6
17923,PA,3.5e-06,0,-2000,10.946893787575151
17951,PA,4.1e-05,2,8000,27.604604604604607
17954,PA,5.5e-06,0,-2000,4.521042084168337
17965,PA,6.5e-06,1,5000,4.104
17970,PA,6.5e-06,0,-2000,19.629258517034067
18011,PA,2.25e-05,1,5000,70.82417582417582
18013,PA,7.5e-06,0,-2000,18.882
18014,PA,9.5e-06,0,-2000,47.93987975951904
18015,PA,8e-06,0,-2000,74.6046046046046
18017,PA,1.4e-05,0,-2000,34.215568862275454
18018,PA,1e-05,0,-2000,49.16032064128257
18020,PA,3.25e-05,0,-2000,0.0
18031,PA,3.1e-05,0,-2000,62.971999999999994
18032,PA,1.05e-05,0,-2000,40.908
18034,PA,3.3e-05,0,-2000,2.6750000000000003
18036,PA,2.2e-05,0,-2000,12.809619238476953
18037,PA,1.1e-05,0,-2000,11.512487512487512
18038,PA,1.55e-05,2,8000,6.718562874251497
18040,PA,2.9e-05,0,-2000,5.901
18042,PA,1.35e-05,0,-2000,28.876123876123877
18045,PA,2.05e-05,0,-2000,0.0
18049,PA,1.55e-05,0,-2000,65.791
18051,PA,5.35e-05,1,5000,125.63436563436564
18052,PA,1.2e-05,0,-2000,0.0
18053,PA,1.15e-05,1,5000,21.278721278721278
18055,PA,1.05e-05,0,-2000,0.0
18059,PA,3.6e-05,1,5000,80.38476953907815
18062,PA,2.35e-05,0,-2000,7.223
18064,PA,1.7e-05,0,-2000,0.0
18066,PA,1.55e-05,2,8000,2.3296593186372747
18067,PA,1.2e-05,0,-2000,6.800601202404809
18069,PA,2.45e-05,0,-2000,124.69939879759521
18072,PA,1e-05,0,-2000,0.0
18074,PA,2.6e-05,1,5000,113.17165668662675
18077,PA,1e-05,2,8000,5.6272545090180355
18078,PA,2.45e-05,0,-2000,0.0
18079,PA,1.9e-05,2,8000,45.436
18080,PA,8e-06,0,-2000,11.87087087087087
18083,PA,1.95e-05,2,8000,3.03
18085,PA,1.45e-05,2,8000,16.631999999999998
18086,PA,5.5e-06,2,8000,10.538538538538539
18087,PA,1.85e-05,1,5000,85.5881763527054
18088,PA,8e-06,0,-2000,9.057114228456914
18091,PA,8e-06,0,-2000,8.66066066066066
18092,PA,1.55e-05,1,5000,34.316
18101,PA,1e-05,1,5000,21.226773226773226
18102,PA,9e-06,0,-2000,179.6
18103,PA,1.3e-05,0,-2000,0.0
18104,PA,1.5e-05,0,-2000,0.0
18106,PA,2.15e-05,0,-2000,10.786786786786786
18109,PA,1.15e-05,0,-2000,0.0
18343,PA,1e-05,1,5000,18.73873873873874
18353,PA,6e-06,2,8000,0.768
18360,PA,4e-06,2,8000,2.972972972972973
18403,PA,5.5e-06,0,-2000,0.0
18411,PA,6e-06,0,-2000,0.0
18433,PA,6e-06,0,-2000,1.6906187624750497
18434,PA,4.5e-06,0,-2000,17.235528942115767
18436,PA,1e-06,2,8000,0.2502502502502503
18444,PA,5e-06,2,8000,3.088176352705411
18447,PA,4e-06,0,-2000,0.0
18452,PA,4e-06,0,-2000,16.303393213572853
18503,PA,2.5e-06,0,-2000,10.709290709290709
18504,PA,4.5e-06,0,-2000,37.765
18505,PA,4.5e-06,0,-2000,72.8048048048048
18507,PA,5.5e-06,0,-2000,59.6813627254509
18508,PA,3.5e-06,0,-2000,15.312687312687313
18509,PA,4.5e-06,0,-2000,25.734265734265733
18510,PA,4e-06,0,-2000,35.508
18512,PA,5e-06,0,-2000,51.94
18517,PA,5.5e-06,0,-2000,0.0
18518,PA,5.5e-06,0,-2000,18.14814814814815
18519,PA,4.5e-06,0,-2000,15.29112662013958
18603,PA,7e-06,0,-2000,71.78542914171656
18612,PA,1e-05,0,-2000,25.912087912087916
18621,PA,1.5e-06,1,5000,3.876
18631,PA,4.5e-06,0,-2000,14.636999999999999
18634,PA,5e-06,0,-2000,30.606606606606608
18635,PA,7e-06,0,-2000,21.498997995991985
18640,PA,4.5e-06,0,-2000,50.336
18641,PA,5e-06,0,-2000,0.0
18642,PA,6.5e-06,0,-2000,27.28228228228228
18643,PA,5e-06,0,-2000,37.776553106212425
18644,PA,5e-06,0,-2000,6.432
18651,PA,4.5e-06,0,-2000,17.38
18660,PA,5e-07,2,8000,0.16816816816816818
18701,PA,3.5e-06,0,-2000,11.645645645645647
18702,PA,6e-06,0,-2000,11.982000000000001
18704,PA,5e-06,0,-2000,115.74425574425574
18705,PA,4.5e-06,0,-2000,36.07192807192807
18706,PA,6e-06,0,-2000,0.0
18707,PA,6e-06,2,8000,4.074
18708,PA,4.5e-06,0,-2000,0.0
18709,PA,3.5e-06,0,-2000,22.34065934065934
18901,PA,2.75e-05,0,-2000,143.69508525576728
18902,PA,4.5e-06,2,8000,1.683
18914,PA,7.1e-05,0,-2000,18.801000000000002
18915,PA,5.5e-05,1,5000,197.74625374625376
18925,PA,0.0002765,1,5000,660.3520000000001
18927,PA,1.5e-06,2,8000,1.7249999999999999
18929,PA,0.0001205,1,5000,200.00699999999998
18932,PA,1e-05,1,5000,6.846846846846847
18936,PA,0.000165,2,8000,121.77
18938,PA,6.9e-05,1,5000,208.57142857142856
18940,PA,8.05e-05,0,-2000,0.0
18951,PA,1.75e-05,2,8000,5.106
18954,PA,6.3e-05,0,-2000,181.16
18964,PA,2.25e-05,0,-2000,22.22
18966,PA,2.75e-05,0,-2000,0.0
18969,PA,2.25e-05,1,5000,91.16766467065868
18974,PA,2.4e-05,0,-2000,0.0
18976,PA,3.6e-05,0,-2000,17.442557442557444
18977,PA,0.000287,2,8000,330.959040959041
19001,PA,3.4e-05,0,-2000,175.1051051051051
19002,PA,5.05e-05,0,-2000,19.88988988988989
19003,PA,4.75e-05,0,-2000,123.58758758758759
19004,PA,6.4e-05,1,5000,82.08208208208208
19006,PA,3.5e-05,0,-2000,0.0
19007,PA,2.2e-05,0,-2000,84.048
19008,PA,4.05e-05,0,-2000,234.0
19009,PA,2.05e-05,2,8000,17.556
19010,PA,4.95e-05,0,-2000,248.3736263736264
19012,PA,9.05e-05,1,5000,213.65034965034965
19013,PA,0.000134,1,5000,441.484
19014,PA,4.1e-05,0,-2000,37.35
19015,PA,4.45e-05,1,5000,136.08
19018,PA,3.65e-05,0,-2000,103.78721278721278
19020,PA,1.75e-05,0,-2000,0.0
19021,PA,1.4e-05,0,-2000,50.88288288288288
19022,PA,1.4e-05,1,5000,36.8376753507014
19023,PA,0.000147,2,8000,259.12887112887114
19025,PA,0.000122,1,5000,336.069
19026,PA,3.6e-05,0,-2000,100.896
19027,PA,8.1e-05,0,-2000,227.225
19029,PA,1e-05,1,5000,21.17782217782218
19030,PA,2.25e-05,0,-2000,110.548
19031,PA,6.2e-05,0,-2000,286.59059059059064
19032,PA,6.95e-05,2,8000,88.875
19033,PA,2.85e-05,0,-2000,83.71628371628371
19034,PA,9.75e-05,1,5000,400.044
19035,PA,0.000412,2,8000,360.8483033932136
19036,PA,2.85e-05,1,5000,45.395999999999994
19038,PA,4.15e-05,0,-2000,0.0
19040,PA,2.7e-05,0,-2000,148.212
19041,PA,6.3e-05,1,5000,275.562
19043,PA,2.85e-05,2,8000,28.07207207207207
19044,PA,2.4e-05,0,-2000,97.82582582582583
19046,PA,2.8e-05,0,-2000,134.4835164835165
19047,PA,2.85e-05,0,-2000,37.204
19050,PA,0.0001385,1,5000,303.8
19053,PA,2.15e-05,0,-2000,37.7977977977978
19054,PA,2.25e-05,0,-2000,59.56843156843157
19055,PA,1.45e-05,0,-2000,44.010989010989015
19056,PA,2.45e-05,0,-2000,107.15115115115115
19057,PA,2.4e-05,0,-2000,51.89321357285429
19060,PA,0.0001465,1,5000,553.6896896896897
19061,PA,2.5e-05,0,-2000,126.025
19063,PA,3.85e-05,0,-2000,7.29
19064,PA,5e-05,0,-2000,208.23976023976024
19066,PA,0.000344,2,8000,306.21621621621625
19067,PA,3.9e-05,0,-2000,0.0
19070,PA,3.05e-05,0,-2000,89.43643643643644
19072,PA,6.35e-05,0,-2000,138.528
19073,PA,3.55e-05,0,-2000,0.0
19074,PA,1.7e-05,0,-2000,40.743486973947896
19075,PA,2.35e-05,0,-2000,63.41317365269461
19076,PA,1.75e-05,0,-2000,39.38061938061938
19078,PA,2.45e-05,0,-2000,67.59481037924151
19079,PA,0.0003135,2,8000,140.1081081081081
19081,PA,3.65e-05,0,-2000,97.467
19082,PA,5.85e-05,0,-2000,186.39860139860141
19083,PA,4.05e-05,0,-2000,9.525
19085,PA,0.000608,2,8000,499.13
19086,PA,5.75e-05,0,-2000,149.51848151848154
19087,PA,0.000104,0,-2000,358.497
19090,PA,3.3e-05,0,-2000,135.072
19094,PA,1.7e-05,1,5000,58.291999999999994
19095,PA,3.9e-05,0,-2000,81.34334334334334
19096,PA,7.1e-05,0,-2000,178.28099999999998
19102,PA,1.65e-05,1,5000,45.964035964035965
19103,PA,1.5e-05,0,-2000,66.04
19104,PA,2.05e-05,0,-2000,0.0
19106,PA,4.65e-05,1,5000,178.34565434565434
19107,PA,1.2e-05,0,-2000,48.39360639360639
19108,PA,5e-07,2,8000,0.3303303303303303
19111,PA,2.8e-05,0,-2000,65.68768768768768
19114,PA,2.3e-05,0,-2000,0.0
19115,PA,1.5e-05,0,-2000,0.0
19116,PA,1.25e-05,0,-2000,0.0
19118,PA,3.25e-05,0,-2000,110.6056056056056
19119,PA,0.000104,1,5000,447.9050949050949
19120,PA,5.25e-05,0,-2000,176.6706706706707
19121,PA,8.5e-05,0,-2000,327.855
19122,PA,2.95e-05,0,-2000,168.3103103103103
19123,PA,5.85e-05,0,-2000,86.92507492507494
19124,PA,3.45e-05,0,-2000,45.93993993993994
19125,PA,3.65e-05,0,-2000,206.30769230769232
19126,PA,0.0002225,2,8000,130.32
19127,PA,3.95e-05,0,-2000,96.89310689310689
19128,PA,2.75e-05,0,-2000,158.12612612612614
19129,PA,4.7e-05,0,-2000,206.27955911823645
19130,PA,4.55e-05,0,-2000,189.93020937188433
19131,PA,0.0001675,1,5000,390.15000000000003
19132,PA,0.000166,1,5000,516.2162162162163
19133,PA,2.2e-05,0,-2000,24.79020979020979
19134,PA,1.45e-05,0,-2000,30.26452905811623
19135,PA,1.7e-05,0,-2000,0.0
19136,PA,2.6e-05,0,-2000,62.025
19137,PA,1.35e-05,0,-2000,62.905094905094906
19138,PA,0.000294,2,8000,379.1631631631632
19139,PA,0.000173,1,5000,564.8191808191808
19140,PA,4.5e-05,0,-2000,0.0
19141,PA,0.000169,2,8000,253.7622377622378
19142,PA,0.0001775,2,8000,202.77777777777777
19143,PA,0.000134,0,-2000,290.813
19144,PA,0.0001015,0,-2000,384.5445445445445
19145,PA,4.5e-05,0,-2000,159.822
19146,PA,9e-05,0,-2000,378.7014028056112
19147,PA,4.35e-05,0,-2000,0.0
19148,PA,2e-05,0,-2000,0.0
19149,PA,2.5e-05,0,-2000,50.57142857142858
19150,PA,0.0003685,2,8000,287.10220440881767
19151,PA,0.0002635,2,8000,288.476
19152,PA,1.95e-05,0,-2000,14.073926073926074
19153,PA,0.0002355,2,8000,267.35664335664336
19154,PA,2.9e-05,0,-2000,153.40800000000002
19301,PA,6.2e-05,0,-2000,122.81681681681683
19311,PA,3.15e-05,2,8000,13.846153846153847
19312,PA,0.0001495,1,5000,180.83116883116884
19317,PA,6.85e-05,0,-2000,164.1
19319,PA,1.9e-05,2,8000,8.178178178178179
19333,PA,4.6e-05,0,-2000,101.868
19335,PA,4.2e-05,2,8000,19.85671342685371
19341,PA,4.2e-05,0,-2000,142.188
19342,PA,8.5e-05,0,-2000,217.948
19348,PA,2.8e-05,2,8000,33.119880119880115
19350,PA,8.85e-05,1,5000,202.89820359281438
19355,PA,0.000102,0,-2000,396.908
19373,PA,0.0003745,2,8000,243.60799999999998
19380,PA,4.15e-05,0,-2000,0.0
19382,PA,4.7e-05,0,-2000,0.0
19401,PA,3.35e-05,0,-2000,0.0
19403,PA,2.85e-05,0,-2000,0.0
19405,PA,3.1e-05,1,5000,81.83816183816184
19406,PA,4.4e-05,0,-2000,204.40800000000002
19422,PA,9.75e-05,0,-2000,338.611
19426,PA,0.0001,0,-2000,0.0
19428,PA,3.6e-05,0,-2000,9.53507014028056
19436,PA,1.55e-05,2,8000,9.120000000000001
19437,PA,9e-06,2,8000,4.837162837162837
19438,PA,6.55e-05,0,-2000,54.10589410589411
19440,PA,2.6e-05,0,-2000,4.621242484969939
19444,PA,4.85e-05,0,-2000,112.36
19446,PA,2.8e-05,0,-2000,98.973
19453,PA,1.15e-05,2,8000,16.842842842842842
19454,PA,3.75e-05,0,-2000,0.0
19460,PA,4.3e-05,0,-2000,0.0
19462,PA,5.3e-05,0,-2000,107.11200000000001
19464,PA,2.4e-05,2,8000,3.075075075075075
19468,PA,3e-05,0,-2000,169.452
19473,PA,5.15e-05,0,-2000,184.176
19475,PA,2.15e-05,1,5000,71.435
19492,PA,9e-06,2,8000,8.91891891891892
19506,PA,1.5e-05,2,8000,4.130000000000001
19508,PA,1.45e-05,0,-2000,51.711000000000006
19510,PA,3.65e-05,1,5000,144.94383149448345
19522,PA,1.65e-05,0,-2000,10.96
19525,PA,2.95e-05,2,8000,6.359281437125749
19533,PA,2.45e-05,1,5000,85.95704295704296
19539,PA,1.85e-05,1,5000,37.380239520958085
19540,PA,1.5e-05,0,-2000,34.0561122244489
19541,PA,1.85e-05,2,8000,8.765765765765765
19547,PA,8.5e-06,2,8000,4.744744744744745
19555,PA,1e-05,2,8000,1.221556886227545
19560,PA,1.3e-05,0,-2000,27.92007992007992
19565,PA,5e-07,2,8000,0.08408408408408409
19601,PA,8.5e-06,0,-2000,72.74474474474475
19602,PA,7.5e-06,0,-2000,0.0
19604,PA,1e-05,0,-2000,0.0
19605,PA,1.85e-05,0,-2000,0.0
19606,PA,1.5e-05,0,-2000,0.0
19607,PA,1.5e-05,0,-2000,62.733
19608,PA,2.95e-05,0,-2000,144.0989010989011
19609,PA,1.6e-05,0,-2000,20.397602397602398
19610,PA,1.6e-05,0,-2000,13.048048048048049
19611,PA,1.15e-05,0,-2000,46.464
2802,RI,5.5e-06,0,-2000,0.0
2806,RI,9.5e-06,0,-2000,18.664
2809,RI,4e-06,0,-2000,6.688311688311688
2814,RI,3e-06,1,5000,3.4829659318637276
2816,RI,3.5e-06,0,-2000,77.857
2817,RI,9.5e-06,1,5000,16.543456543456543
2818,RI,7.5e-06,0,-2000,56.016
2822,RI,3.5e-06,1,5000,3.972972972972973
2828,RI,3e-06,0,-2000,0.0
2830,RI,3e-06,1,5000,8.302
2831,RI,6e-06,0,-2000,0.0
2835,RI,8.5e-06,0,-2000,32.45
2838,RI,2e-06,0,-2000,21.45854145854146
2852,RI,6e-06,0,-2000,60.290290290290294
2857,RI,3.5e-06,0,-2000,1.7052947052947054
2860,RI,3e-06,0,-2000,156.52095808383234
2861,RI,3.5e-06,0,-2000,102.92307692307692
2863,RI,1.5e-06,0,-2000,68.16
2864,RI,5.5e-06,0,-2000,55.926
2865,RI,6e-06,0,-2000,57.132
2871,RI,6e-06,0,-2000,34.227
2878,RI,4e-06,0,-2000,51.80819180819181
2885,RI,3e-06,0,-2000,10.702702702702702
2886,RI,3.5e-06,0,-2000,98.83383383383384
2888,RI,4e-06,0,-2000,11.87012987012987
2889,RI,3e-06,0,-2000,48.98301698301698
2893,RI,2.5e-06,0,-2000,80.003
2895,RI,2e-06,0,-2000,137.44355644355645
2896,RI,4e-06,0,-2000,2.361
2903,RI,2e-06,0,-2000,40.86086086086086
2904,RI,2.5e-06,0,-2000,137.028
2905,RI,3e-06,0,-2000,169.97402597402598
2906,RI,4e-06,0,-2000,55.979
2907,RI,2.5e-06,0,-2000,94.04008016032064
2908,RI,4.5e-06,0,-2000,116.37724550898204
2909,RI,3.5e-06,0,-2000,197.65365365365366
2910,RI,4e-06,0,-2000,0.0
2911,RI,3.5e-06,0,-2000,28.104895104895103
2914,RI,2.5e-06,0,-2000,75.92792792792793
2915,RI,3e-06,0,-2000,36.4044044044044
2916,RI,4e-06,0,-2000,35.355
2917,RI,4e-06,0,-2000,46.98
2919,RI,3.5e-06,0,-2000,98.92299999999999
2920,RI,3e-06,0,-2000,179.0990990990991
2921,RI,7.5e-06,0,-2000,55.33966033966034
29016,SC,0.0003535,1,5000,201.6776776776777
29020,SC,6.95e-05,1,5000,105.18962075848304
29033,SC,5.85e-05,0,-2000,191.478
29036,SC,8.7e-05,1,5000,321.4025974025974
29039,SC,0.000106,2,8000,195.4308617234469
29040,SC,0.000109,2,8000,188.44955044955046
29044,SC,2.05e-05,2,8000,22.058
29045,SC,0.0001025,0,-2000,209.699
29053,SC,4.15e-05,0,-2000,59.885999999999996
29061,SC,0.0002845,1,5000,103.2972972972973
29063,SC,0.000133,0,-2000,525.5675675675675
29072,SC,8.25e-05,0,-2000,0.0
29073,SC,4.75e-05,0,-2000,222.07899999999998
29078,SC,5.2e-05,1,5000,96.73673673673673
29115,SC,0.0002985,1,5000,523.1796407185628
29118,SC,0.0003385,1,5000,1802.4134134134135
29123,SC,2.75e-05,0,-2000,94.21535393818544
29150,SC,0.0001375,0,-2000,192.81318681318683
29152,SC,1.45e-05,2,8000,15.617617617617617
29153,SC,0.0003685,2,8000,835.5135135135134
29154,SC,0.0001205,1,5000,59.254
29160,SC,4.75e-05,1,5000,82.23599999999999
29161,SC,6.65e-05,2,8000,71.0930930930931
29169,SC,4.1e-05,0,-2000,31.75975975975976
29170,SC,5.85e-05,0,-2000,69.544
29172,SC,9.4e-05,1,5000,135.58041958041957
29201,SC,4.1e-05,0,-2000,278.97297297297297
29203,SC,0.0003335,0,-2000,939.5999999999999
29204,SC,0.0001205,0,-2000,409.3947895791583
29205,SC,3.5e-05,0,-2000,13.002997002997002
29206,SC,5.85e-05,0,-2000,44.135999999999996
29209,SC,0.00018,0,-2000,627.264
29210,SC,0.0001615,0,-2000,312.42
29212,SC,8.05e-05,0,-2000,52.92107892107892
29223,SC,0.0001905,0,-2000,447.2727272727273
29229,SC,0.0003425,1,5000,668.4925074925075
29301,SC,9.5e-05,0,-2000,141.428
29302,SC,5.95e-05,0,-2000,108.008008008008
29303,SC,0.000103,0,-2000,216.2237762237762
29306,SC,0.0001025,1,5000,185.5804195804196
29307,SC,6.3e-05,0,-2000,38.01
29316,SC,6.35e-05,0,-2000,70.83316683316683
29323,SC,2.9e-05,1,5000,2.517
29329,SC,8e-06,2,8000,7.675
29330,SC,3e-05,1,5000,19.626373626373628
29334,SC,0.0001175,1,5000,71.94
29346,SC,1.95e-05,2,8000,25.168
29349,SC,5.35e-05,0,-2000,60.867
29365,SC,6.35e-05,1,5000,34.288000000000004
29369,SC,0.000103,1,5000,9.414585414585414
29376,SC,7.35e-05,1,5000,18.592814371257486
29377,SC,1.55e-05,2,8000,5.393999999999999
29385,SC,6.3e-05,1,5000,24.44044044044044
29388,SC,7.4e-05,1,5000,244.237
29401,SC,0.0001075,0,-2000,499.4055944055944
29403,SC,0.00018,0,-2000,675.5315315315315
29404,SC,0.000114,1,5000,559.2012012012012
29405,SC,0.0003155,1,5000,329.009009009009
29406,SC,0.0001415,0,-2000,264.34565434565434
29407,SC,0.000127,0,-2000,650.4365634365635
29410,SC,6.95e-05,0,-2000,258.5974025974026
29412,SC,0.0001275,0,-2000,113.42342342342343
29414,SC,9.6e-05,0,-2000,30.185814185814184
29418,SC,0.0002685,1,5000,267.3033033033033
29420,SC,0.0002005,1,5000,328.8862275449102
29429,SC,0.0001665,2,8000,349.80899999999997
29439,SC,8.3e-05,0,-2000,175.33633633633633
29440,SC,2.5e-06,2,8000,4.735264735264735
29445,SC,8.8e-05,0,-2000,354.24175824175825
29451,SC,0.000407,1,5000,585.1288711288712
29455,SC,0.0001815,1,5000,853.93006993007
29456,SC,0.0001275,1,5000,271.8531468531469
29464,SC,0.0001165,0,-2000,293.454
29466,SC,0.0001735,0,-2000,142.974
29472,SC,8e-06,2,8000,15.84
29482,SC,0.0004885,2,8000,919.9020979020979
29483,SC,8.2e-05,0,-2000,82.89789789789789
29485,SC,8.15e-05,0,-2000,61.53106212424849
29486,SC,8.2e-05,1,5000,95.979
29492,SC,0.000126,0,-2000,390.0939060939061
29501,SC,0.000134,0,-2000,414.75600000000003
29505,SC,0.0001445,1,5000,92.34834834834835
29506,SC,0.0001755,1,5000,127.0
29526,SC,5.6e-05,0,-2000,306.59
29527,SC,5.9e-05,1,5000,88.5034965034965
29532,SC,0.0001445,1,5000,66.4311377245509
29540,SC,5.5e-06,2,8000,5.632264529058117
29541,SC,9.8e-05,2,8000,133.8838838838839
29566,SC,5.65e-05,0,-2000,65.33532934131736
29568,SC,7.7e-05,1,5000,44.61538461538462
29572,SC,4.25e-05,0,-2000,48.072072072072075
29575,SC,5e-05,0,-2000,197.42914171656687
29576,SC,4.15e-05,0,-2000,0.0
29577,SC,5.95e-05,0,-2000,319.052
29579,SC,6.1e-05,0,-2000,48.051896207584825
29582,SC,5.3e-05,0,-2000,34.87274549098196
29585,SC,5.65e-05,0,-2000,283.9399399399399
29588,SC,4.15e-05,0,-2000,56.984
29601,SC,9.8e-05,1,5000,48.81681681681682
29605,SC,0.000148,0,-2000,352.8918918918919
29607,SC,0.0001135,0,-2000,140.855
29609,SC,4.8e-05,0,-2000,205.57042957042958
29611,SC,6.85e-05,0,-2000,247.92207792207793
29615,SC,5.5e-05,0,-2000,241.36636636636638
29617,SC,3.65e-05,0,-2000,149.29929929929932
29621,SC,7.5e-05,0,-2000,190.46092184368737
29624,SC,8.8e-05,0,-2000,175.8918918918919
29625,SC,6.4e-05,0,-2000,138.16283716283715
29626,SC,7.6e-05,1,5000,89.4054054054054
29627,SC,3.5e-05,2,8000,61.728271728271736
29630,SC,3.25e-05,1,5000,29.85
29631,SC,2.9e-05,0,-2000,68.208
29640,SC,3.6e-05,0,-2000,97.362
29642,SC,5.3e-05,0,-2000,117.36999999999999
29644,SC,8.05e-05,1,5000,43.92
29650,SC,8.7e-05,0,-2000,119.10989010989012
29651,SC,5.9e-05,0,-2000,297.171
29657,SC,3.85e-05,1,5000,26.357285429141715
29662,SC,0.000103,1,5000,27.656343656343655
29665,SC,2.8e-05,2,8000,19.20979020979021
29670,SC,6.55e-05,1,5000,282.94800000000004
29671,SC,4e-05,1,5000,40.546
29672,SC,6.1e-05,1,5000,11.126620139581258
29673,SC,7.9e-05,1,5000,57.765765765765764
29678,SC,4.7e-05,1,5000,79.164
29680,SC,0.0001525,1,5000,31.26653306613226
29681,SC,0.0001285,0,-2000,0.0
29684,SC,3.55e-05,1,5000,9.405405405405405
29687,SC,5.1e-05,0,-2000,124.35835835835836
29690,SC,4.2e-05,1,5000,58.282000000000004
29691,SC,2e-06,2,8000,1.089820359281437
29693,SC,6e-06,2,8000,3.204
29696,SC,5.5e-06,2,8000,2.818818818818819
29697,SC,5e-07,2,8000,0.3
29707,SC,0.0001025,0,-2000,161.952
29708,SC,0.00017,0,-2000,26.645645645645644
29710,SC,4.4e-05,1,5000,29.633633633633632
29715,SC,0.000116,0,-2000,100.88888888888889
29720,SC,8.9e-05,1,5000,125.39239239239241
29730,SC,0.000125,1,5000,66.06
29732,SC,7.35e-05,0,-2000,162.512
29745,SC,5.2e-05,2,8000,121.5944055944056
29801,SC,0.0001145,0,-2000,235.02702702702703
29803,SC,6.6e-05,0,-2000,0.0
29805,SC,1.1e-05,2,8000,21.494505494505496
29809,SC,0.000106,1,5000,35.673
29816,SC,7e-06,2,8000,13.495999999999999
29821,SC,2.6e-05,2,8000,50.336
29828,SC,3.4e-05,1,5000,40.00999000999001
29829,SC,7.2e-05,0,-2000,143.48148148148147
29831,SC,3.35e-05,2,8000,65.928
29834,SC,2.6e-05,1,5000,140.8507014028056
29841,SC,5.35e-05,0,-2000,35.478
29842,SC,0.0001025,1,5000,41.789789789789786
29851,SC,3.6e-05,0,-2000,163.97597597597598
29860,SC,8e-05,0,-2000,159.49
29902,SC,9.5e-05,0,-2000,160.4144144144144
29906,SC,0.0001465,1,5000,165.05705705705705
29907,SC,8.35e-05,1,5000,75.39078156312625
29909,SC,5e-07,2,8000,0.974025974025974
29910,SC,0.0001185,1,5000,627.49
29915,SC,9.35e-05,2,8000,178.21099999999998
29920,SC,7.5e-06,2,8000,14.64
29926,SC,9.15e-05,0,-2000,476.56343656343654
29927,SC,5e-07,2,8000,0.9720558882235529
29928,SC,6.75e-05,0,-2000,37.696303696303694
29935,SC,0.0001905,2,8000,498.4670658682635
57005,SD,2.5e-06,2,8000,0.21521521521521522
57049,SD,1.3e-05,2,8000,4.4624624624624625
57055,SD,3e-06,2,8000,0.39639639639639634
57064,SD,2.1e-05,2,8000,7.605
57103,SD,9e-06,0,-2000,48.36336336336336
57104,SD,7.5e-06,0,-2000,40.5808383233533
57105,SD,6.5e-06,0,-2000,0.0
57106,SD,9.5e-06,0,-2000,56.21121121121121
57107,SD,1.1e-05,0,-2000,34.311688311688314
57108,SD,1.65e-05,0,-2000,83.20779220779221
57110,SD,1.25e-05,0,-2000,29.730538922155688
57701,SD,3.5e-05,0,-2000,57.547547547547545
57702,SD,6.8e-05,0,-2000,129.5855855855856
57703,SD,2.9e-05,1,5000,83.85314685314685
57719,SD,1.85e-05,2,8000,3.132
57730,SD,0.0001145,2,8000,102.22
57744,SD,1.5e-06,2,8000,0.24348697394789579
57745,SD,7.85e-05,2,8000,18.04
57751,SD,8.15e-05,2,8000,5.501002004008016
37010,TN,2.3e-05,2,8000,2.5325325325325325
37013,TN,0.000211,1,5000,744.352
37014,TN,3.5e-05,2,8000,5.32
37027,TN,0.0003175,1,5000,1775.7567567567569
37040,TN,0.000156,1,5000,712.0359281437126
37042,TN,0.0001265,1,5000,467.03496503496507
37043,TN,0.000111,1,5000,535.5840000000001
37064,TN,0.0001785,1,5000,105.91
37066,TN,9.05e-05,2,8000,18.876
37067,TN,0.000138,1,5000,515.5239520958083
37069,TN,0.000218,1,5000,599.196
37072,TN,9.2e-05,1,5000,351.5844155844156
37075,TN,0.000105,1,5000,99.22577422577423
37076,TN,0.0001125,1,5000,495.47400000000005
37080,TN,8e-06,2,8000,0.624
37086,TN,0.0001935,2,8000,251.6703296703297
37115,TN,0.000146,2,8000,250.792
37122,TN,0.0001175,1,5000,367.1898101898102
37127,TN,0.0001395,2,8000,130.993
37128,TN,0.0001255,1,5000,343.32099999999997
37129,TN,0.000117,1,5000,404.86486486486484
37130,TN,6.7e-05,1,5000,49.733733733733736
37135,TN,0.000299,2,8000,243.4065934065934
37138,TN,9.1e-05,1,5000,358.3236763236763
37153,TN,5.95e-05,2,8000,79.50901803607215
37167,TN,0.000111,1,5000,513.856
37189,TN,0.0005455,2,8000,90.89820359281437
37191,TN,0.000108,2,8000,5.2847152847152845
37201,TN,8.4e-05,2,8000,22.176000000000002
37203,TN,0.000116,2,8000,223.416
37204,TN,0.0001925,2,8000,301.0320641282565
37205,TN,0.000171,1,5000,785.5410821643286
37206,TN,0.000137,1,5000,613.5555555555555
37207,TN,0.0003825,2,8000,495.9520958083832
37208,TN,0.0003855,2,8000,323.81600000000003
37209,TN,0.0001135,1,5000,82.61338661338661
37210,TN,0.0001355,1,5000,282.197
37211,TN,8.2e-05,1,5000,58.355711422845694
37212,TN,9.55e-05,1,5000,304.13513513513516
37214,TN,0.000113,1,5000,316.2962962962963
37215,TN,0.000232,1,5000,856.2687312687312
37216,TN,8.1e-05,1,5000,230.73600000000002
37217,TN,0.0001445,1,5000,267.03296703296706
37218,TN,0.0004365,2,8000,404.2115768463074
37219,TN,5.3e-05,2,8000,1.7137137137137137
37220,TN,0.0002035,2,8000,218.5568862275449
37221,TN,0.0001005,1,5000,503.57942057942057
37228,TN,7.65e-05,2,8000,5.355
37310,TN,2.05e-05,2,8000,1.925074925074925
37311,TN,6.75e-05,1,5000,306.442
37312,TN,0.000131,1,5000,431.17717717717716
37323,TN,6.75e-05,1,5000,198.672
37336,TN,2.1e-05,2,8000,1.0510510510510511
37341,TN,8.25e-05,2,8000,40.78078078078078
37343,TN,6.8e-05,1,5000,71.20879120879121
37350,TN,0.000343,2,8000,90.82447342026079
37351,TN,2.1e-05,2,8000,16.01201201201201
37353,TN,3.6e-05,2,8000,4.218
37354,TN,5.1e-05,2,8000,54.998998998999
37355,TN,5.55e-05,2,8000,88.368
37360,TN,7.2e-05,2,8000,5.466533466533466
37363,TN,9.95e-05,1,5000,241.22754491017963
37377,TN,8.5e-05,0,-2000,239.07999999999998
37379,TN,5.8e-05,1,5000,222.15015015015015
37385,TN,2e-06,2,8000,0.12387612387612387
37388,TN,6.45e-05,1,5000,145.17482517482517
37402,TN,0.00016,2,8000,41.022977022977024
37403,TN,0.000103,2,8000,36.672672672672675
37404,TN,0.000165,2,8000,117.099
37405,TN,6.15e-05,1,5000,294.294
37406,TN,0.0005115,2,8000,276.312
37407,TN,9.95e-05,2,8000,129.015
37408,TN,0.00026,2,8000,58.0
37409,TN,6.55e-05,2,8000,4.903096903096903
37410,TN,0.000526,2,8000,111.11099999999999
37411,TN,0.0001815,2,8000,173.09400000000002
37412,TN,4.6e-05,1,5000,129.82
37415,TN,4.7e-05,1,5000,72.28099999999999
37416,TN,0.0002345,2,8000,95.54445554445554
37419,TN,9e-05,2,8000,107.62899999999999
37421,TN,0.000154,1,5000,584.298
37601,TN,3.6e-05,0,-2000,148.461
37604,TN,3.6e-05,1,5000,19.76176176176176
37615,TN,7.15e-05,2,8000,131.94994994994997
37617,TN,2e-06,2,8000,0.14014014014014015
37618,TN,5.05e-05,2,8000,4.15
37642,TN,5.15e-05,2,8000,43.696303696303694
37643,TN,3.15e-05,1,5000,30.485485485485484
37645,TN,5e-05,2,8000,17.051000000000002
37658,TN,2.1e-05,2,8000,20.546546546546544
37659,TN,5.15e-05,2,8000,63.90390390390391
37660,TN,4.55e-05,1,5000,0.0
37663,TN,5.4e-05,2,8000,58.73852295409181
37664,TN,4.95e-05,1,5000,234.256
37665,TN,3.2e-05,2,8000,34.16216216216216
37686,TN,8.75e-05,2,8000,60.416
37692,TN,3e-06,2,8000,0.21599999999999997
37694,TN,3.05e-05,2,8000,9.651302605210422
37701,TN,0.000116,2,8000,98.766
37708,TN,3.25e-05,2,8000,5.158316633266534
37710,TN,1.05e-05,2,8000,4.788
37714,TN,1.9e-05,2,8000,1.96
37716,TN,3.45e-05,1,5000,99.827
37721,TN,4.15e-05,2,8000,73.33466533466533
37737,TN,7e-05,2,8000,118.74525474525474
37738,TN,2.35e-05,2,8000,22.46
37742,TN,9.9e-05,2,8000,91.04
37754,TN,2.95e-05,1,5000,67.66666666666666
37769,TN,2.6e-05,2,8000,34.6
37771,TN,4.25e-05,1,5000,91.97999999999999
37772,TN,8.4e-05,2,8000,163.17635270541084
37774,TN,9.3e-05,2,8000,83.92507492507492
37777,TN,6.5e-05,1,5000,180.32
37801,TN,7.1e-05,1,5000,292.6033966033966
37803,TN,6.35e-05,0,-2000,136.788
37804,TN,7.3e-05,1,5000,264.5714285714286
37806,TN,3.6e-05,2,8000,18.753246753246753
37813,TN,5.6e-05,1,5000,156.15
37814,TN,5.25e-05,1,5000,191.13686313686313
37821,TN,5e-07,2,8000,0.025025025025025027
37830,TN,5.35e-05,1,5000,57.57242757242757
37840,TN,2.9e-05,2,8000,20.474949899799597
37846,TN,1.8e-05,2,8000,2.1197604790419162
37849,TN,5.75e-05,1,5000,97.61
37853,TN,6.75e-05,2,8000,48.93106893106893
37860,TN,7.55e-05,2,8000,9.083916083916085
37861,TN,2.5e-06,2,8000,0.165
37862,TN,4.05e-05,1,5000,72.19438877755512
37863,TN,3.1e-05,1,5000,34.432865731462925
37865,TN,7.45e-05,1,5000,193.32167832167835
37871,TN,5.05e-05,2,8000,4.903903903903904
37876,TN,4.55e-05,2,8000,47.810810810810814
37877,TN,0.0001135,2,8000,8.817817817817819
37885,TN,0.0001145,2,8000,21.241482965931866
37886,TN,5.25e-05,2,8000,15.393
37890,TN,7.6e-05,2,8000,7.5
37902,TN,5.15e-05,2,8000,25.098
37909,TN,4.55e-05,1,5000,118.978
37912,TN,4.85e-05,1,5000,216.928
37914,TN,0.000156,2,8000,180.36236236236238
37915,TN,0.0001605,2,8000,149.82682682682685
37916,TN,2.6e-05,1,5000,87.38661338661338
37917,TN,6.9e-05,1,5000,302.88
37918,TN,5.75e-05,1,5000,64.056
37919,TN,6.55e-05,1,5000,59.836
37920,TN,4.45e-05,0,-2000,185.35064935064938
37921,TN,9.4e-05,1,5000,413.4884884884885
37922,TN,0.0001925,0,-2000,837.4074074074074
37923,TN,5.5e-05,1,5000,231.88376753507012
37924,TN,7.15e-05,2,8000,65.44088176352706
37931,TN,9.3e-05,1,5000,242.514
37932,TN,0.0001385,2,8000,297.1501501501501
37934,TN,0.0001845,1,5000,706.8931068931068
37938,TN,6.4e-05,1,5000,268.2857142857143
38002,TN,0.0003255,2,8000,560.7442326980943
38016,TN,0.00054,2,8000,324.6126126126126
38017,TN,0.000101,1,5000,527.2072072072071
38018,TN,0.000178,1,5000,482.84784784784785
38028,TN,0.00013,2,8000,26.753246753246753
38053,TN,0.0001585,2,8000,83.06706706706707
38103,TN,0.000131,2,8000,108.97102897102897
38104,TN,0.000143,2,8000,216.88688688688688
38105,TN,0.0001495,2,8000,109.0909090909091
38106,TN,0.001383,2,8000,468.5911823647295
38107,TN,0.000762,2,8000,341.20799999999997
38108,TN,0.0001185,1,5000,347.56729810568294
38109,TN,0.0013925,2,8000,614.04
38111,TN,0.000278,2,8000,366.4835164835165
38112,TN,0.000128,1,5000,320.185370741483
38114,TN,0.0011905,2,8000,547.0809190809191
38115,TN,0.001131,2,8000,446.614
38116,TN,0.001576,2,8000,414.93506493506493
38117,TN,0.0001375,2,8000,246.12774451097806
38118,TN,0.0011895,2,8000,456.7912087912088
38119,TN,0.0005415,2,8000,349.445
38120,TN,7.05e-05,1,5000,263.976
38122,TN,9.65e-05,2,8000,191.2545090180361
38125,TN,0.0020335,2,8000,157.56513026052104
38126,TN,0.000688,2,8000,107.11377245508983
38127,TN,0.000797,2,8000,557.0229770229771
38128,TN,0.0007845,2,8000,369.2352352352353
38133,TN,0.0003055,2,8000,168.38400000000001
38134,TN,0.0003615,2,8000,249.41799999999998
38135,TN,0.0003385,2,8000,341.64
38138,TN,0.0002345,2,8000,459.5855855855856
38139,TN,0.0005845,2,8000,481.31199999999995
38141,TN,0.0030665,2,8000,106.51151151151151
38301,TN,0.000271,2,8000,483.0479520479521
38305,TN,0.0002045,1,5000,483.804
38343,TN,0.0001325,2,8000,19.57157157157157
38355,TN,7.05e-05,2,8000,5.922000000000001
38356,TN,5e-06,2,8000,0.2197802197802198
38362,TN,0.000106,2,8000,9.981981981981981
38401,TN,9.95e-05,2,8000,206.22
38501,TN,3.7e-05,0,-2000,77.58
38506,TN,5.1e-05,2,8000,51.22377622377623
75001,TX,7.95e-05,1,5000,94.37662337662339
75002,TX,0.0001295,0,-2000,21.228
75006,TX,5.95e-05,0,-2000,331.65965965965967
75007,TX,7.95e-05,0,-2000,85.34400000000001
75010,TX,0.0001015,0,-2000,351.71200000000005
75013,TX,0.0002135,0,-2000,1091.2625250501
75019,TX,0.000172,0,-2000,41.8981018981019
75020,TX,2.75e-05,0,-2000,132.987987987988
75021,TX,2.2e-05,1,5000,32.307692307692314
75022,TX,0.000357,0,-2000,997.7022977022978
75023,TX,6.85e-05,0,-2000,159.445
75024,TX,0.00011,0,-2000,35.18318318318318
75025,TX,0.0001405,0,-2000,72.66733266733267
75028,TX,0.00018,0,-2000,104.91017964071855
75032,TX,7e-06,2,8000,5.152
75033,TX,1.9e-05,2,8000,17.48303393213573
75034,TX,8.7e-05,0,-2000,166.2917082917083
75035,TX,0.000236,0,-2000,36.94505494505494
75038,TX,0.000107,1,5000,94.85314685314685
75039,TX,9.25e-05,1,5000,123.03803803803804
75040,TX,3.85e-05,0,-2000,89.01598401598402
75041,TX,3.05e-05,0,-2000,0.0
75042,TX,3.65e-05,0,-2000,96.95604395604397
75043,TX,4.95e-05,0,-2000,147.9071856287425
75044,TX,5.8e-05,0,-2000,24.46046046046046
75048,TX,0.0001615,0,-2000,778.8101898101897
75050,TX,7.15e-05,0,-2000,161.93806193806194
75051,TX,3.15e-05,0,-2000,129.250501002004
75052,TX,0.000114,0,-2000,190.82751744765702
75054,TX,0.0009615,2,8000,1618.6213786213787
75056,TX,9.8e-05,0,-2000,121.952
75057,TX,5.35e-05,1,5000,85.578
75060,TX,2.4e-05,0,-2000,47.16216216216216
75061,TX,2.9e-05,0,-2000,57.6046046046046
75062,TX,4.05e-05,0,-2000,205.942
75063,TX,0.0001275,0,-2000,486.62100000000004
75065,TX,5.5e-05,0,-2000,215.173
75067,TX,5.45e-05,0,-2000,142.332
75068,TX,0.0001755,0,-2000,512.8191808191808
75069,TX,4.15e-05,0,-2000,66.83483483483484
75070,TX,7.8e-05,0,-2000,0.0
75074,TX,6e-05,0,-2000,225.44589178356713
75075,TX,5.4e-05,0,-2000,65.22522522522523
75076,TX,2.65e-05,1,5000,23.366366366366368
75077,TX,0.000107,0,-2000,10.89110889110889
75080,TX,4.55e-05,0,-2000,323.13
75081,TX,9.1e-05,0,-2000,90.03599999999999
75082,TX,9.1e-05,0,-2000,39.02404809619239
75087,TX,9e-05,2,8000,119.8557114228457
75088,TX,0.0001,0,-2000,426.972
75089,TX,0.000257,0,-2000,584.2722722722723
75090,TX,3.3e-05,0,-2000,92.02404809619239
75092,TX,2.65e-05,0,-2000,0.0
75093,TX,0.000116,0,-2000,54.096000000000004
75094,TX,0.0002615,1,5000,455.6703296703297
75098,TX,0.000123,0,-2000,70.07407407407408
75104,TX,0.000255,0,-2000,835.758
75115,TX,0.0003905,1,5000,456.54299999999995
75116,TX,4.25e-05,0,-2000,101.61676646706587
75125,TX,7.5e-06,2,8000,4.6706586826347305
75134,TX,0.000299,1,5000,140.1138861138861
75137,TX,0.0001205,0,-2000,268.05194805194805
75141,TX,9.05e-05,1,5000,398.62124248496997
75146,TX,0.0003125,1,5000,1649.1348651348653
75149,TX,5.4e-05,0,-2000,199.62874251497007
75150,TX,4.3e-05,0,-2000,221.23123123123122
75159,TX,4.55e-05,1,5000,214.107
75172,TX,7.4e-05,1,5000,275.02502502502506
75180,TX,5e-05,0,-2000,103.17182817182818
75181,TX,0.00024,1,5000,146.68531468531467
75182,TX,0.0002935,1,5000,939.7199999999999
75201,TX,5.65e-05,1,5000,216.73453093812375
75202,TX,5.8e-05,2,8000,43.315999999999995
75203,TX,4.95e-05,0,-2000,114.32432432432432
75204,TX,6.05e-05,0,-2000,167.17499999999998
75205,TX,0.0003,0,-2000,756.5531062124248
75206,TX,4.3e-05,0,-2000,47.94
75207,TX,0.000181,2,8000,392.7122877122877
75208,TX,3.35e-05,0,-2000,93.03703703703704
75209,TX,0.000101,0,-2000,375.80400000000003
75210,TX,6.35e-05,1,5000,76.81681681681681
75211,TX,2.5e-05,0,-2000,205.38738738738738
75212,TX,4.85e-05,0,-2000,224.89
75214,TX,6.7e-05,0,-2000,77.26726726726727
75215,TX,0.0001565,1,5000,192.517
75216,TX,5.95e-05,0,-2000,340.844
75217,TX,2.4e-05,0,-2000,339.01998001998
75218,TX,4.85e-05,0,-2000,0.0
75219,TX,5.05e-05,0,-2000,150.984
75220,TX,2.85e-05,0,-2000,27.212787212787212
75223,TX,3.3e-05,0,-2000,141.984
75224,TX,3.85e-05,0,-2000,86.83366733466934
75225,TX,0.0002645,0,-2000,757.112
75226,TX,7.2e-05,1,5000,235.372
75227,TX,4.6e-05,0,-2000,136.653
75228,TX,3e-05,0,-2000,284.93506493506493
75229,TX,9.2e-05,0,-2000,63.868
75230,TX,6.95e-05,0,-2000,25.18843469591226
75231,TX,3.75e-05,0,-2000,148.0921843687375
75232,TX,9.5e-05,0,-2000,188.77054108216433
75233,TX,6.5e-05,1,5000,58.99300699300699
75234,TX,5.15e-05,0,-2000,240.47141424272817
75235,TX,4.25e-05,0,-2000,123.88622754491017
75236,TX,9.5e-05,1,5000,140.85485485485486
75237,TX,0.0003225,1,5000,811.3903903903904
75238,TX,5.05e-05,0,-2000,26.864
75240,TX,3.25e-05,0,-2000,149.739
75241,TX,0.000154,0,-2000,503.085
75243,TX,8.8e-05,0,-2000,187.35129740518963
75244,TX,0.0001135,0,-2000,266.77245508982037
75246,TX,2.95e-05,1,5000,105.0379241516966
75247,TX,6.4e-05,1,5000,104.64935064935065
75248,TX,5.9e-05,0,-2000,70.632
75249,TX,0.000173,1,5000,80.02605210420842
75251,TX,7.65e-05,2,8000,52.83783783783784
75252,TX,4.35e-05,0,-2000,91.904
75253,TX,2.35e-05,0,-2000,139.77422577422578
75254,TX,5.55e-05,1,5000,75.34765234765234
75287,TX,4.9e-05,0,-2000,121.056
75459,TX,2.85e-05,1,5000,28.72
75501,TX,0.000115,0,-2000,272.8571428571429
75503,TX,0.0001135,0,-2000,285.72754491017963
75569,TX,0.0002165,2,8000,3.279279279279279
75601,TX,8.15e-05,1,5000,307.0658682634731
75602,TX,0.000157,1,5000,437.431
75603,TX,0.000224,2,8000,104.33033033033033
75604,TX,0.000104,1,5000,477.82782782782783
75605,TX,0.0001075,0,-2000,303.012
75640,TX,0.0001065,2,8000,17.595
75644,TX,8.7e-05,2,8000,135.432
75645,TX,8.7e-05,2,8000,41.37062937062937
75647,TX,6.3e-05,1,5000,143.64071856287424
75650,TX,0.000112,2,8000,118.96296296296296
75652,TX,2.75e-05,2,8000,5.01503006012024
75662,TX,0.0001005,0,-2000,289.272
75684,TX,2.5e-06,2,8000,0.3053053053053053
75693,TX,0.000116,1,5000,290.64
75701,TX,2.65e-05,0,-2000,121.20941883767536
75702,TX,5.2e-05,0,-2000,286.781
75703,TX,3.35e-05,0,-2000,208.221
75704,TX,4e-05,1,5000,46.75
75705,TX,0.0001045,2,8000,22.781
75706,TX,0.000122,2,8000,94.798
75707,TX,2.65e-05,0,-2000,97.11888111888112
75708,TX,0.0001555,2,8000,44.219780219780226
75709,TX,3.65e-05,1,5000,27.63
75751,TX,2.6e-05,0,-2000,42.486486486486484
75752,TX,2.35e-05,1,5000,65.714
75755,TX,5e-07,2,8000,0.04495504495504495
75757,TX,1.6e-05,2,8000,8.518518518518519
75758,TX,1.15e-05,0,-2000,24.786
75762,TX,2.95e-05,0,-2000,87.63963963963965
75771,TX,0.000124,2,8000,162.89010989010987
75789,TX,3e-06,2,8000,0.24
75791,TX,1.55e-05,0,-2000,71.415
75792,TX,6.65e-05,2,8000,9.566433566433567
75901,TX,4.35e-05,0,-2000,106.5854145854146
75904,TX,2.35e-05,0,-2000,85.87287287287288
75941,TX,2.35e-05,1,5000,96.045
75949,TX,2.15e-05,1,5000,38.47704590818363
75961,TX,2.35e-05,0,-2000,53.550000000000004
75964,TX,1.75e-05,0,-2000,84.051
75965,TX,4.8e-05,0,-2000,99.45145145145145
75969,TX,1.45e-05,2,8000,2.5
76001,TX,0.000174,0,-2000,447.7755511022044
76002,TX,0.0002975,1,5000,424.07807807807814
76005,TX,8.4e-05,2,8000,81.48502994011976
76006,TX,9.6e-05,1,5000,101.12
76008,TX,4.5e-06,2,8000,4.171828171828172
76010,TX,3.25e-05,0,-2000,80.32064128256513
76011,TX,9.3e-05,1,5000,76.9559118236473
76012,TX,6e-05,0,-2000,44.57414829659319
76013,TX,4.4e-05,0,-2000,44.177
76014,TX,6.55e-05,0,-2000,212.73273273273273
76015,TX,7e-05,1,5000,106.47447447447448
76016,TX,7.6e-05,0,-2000,88.12087912087912
76017,TX,0.000101,0,-2000,486.79120879120876
76018,TX,0.0001265,1,5000,170.74725274725276
76021,TX,5.15e-05,0,-2000,49.83
76022,TX,5.3e-05,1,5000,59.65965965965966
76034,TX,0.000546,0,-2000,1149.1653306613225
76036,TX,0.000146,2,8000,240.05105105105105
76039,TX,6.7e-05,0,-2000,214.24099999999999
76040,TX,6.95e-05,0,-2000,149.57500000000002
76051,TX,9.4e-05,0,-2000,84.9009009009009
76052,TX,0.0002695,0,-2000,596.924
76053,TX,3.75e-05,0,-2000,82.48648648648648
76054,TX,6.6e-05,0,-2000,250.11011011011013
76060,TX,0.000145,1,5000,176.5165165165165
76063,TX,0.000204,0,-2000,1190.526
76071,TX,7.5e-05,2,8000,67.45945945945945
76078,TX,6.5e-06,2,8000,5.426426426426426
76092,TX,0.0020715,1,5000,4377.624000000001
76102,TX,9.4e-05,1,5000,109.98198198198199
76103,TX,3.95e-05,0,-2000,162.9099099099099
76104,TX,6.1e-05,0,-2000,127.72200000000001
76105,TX,5.65e-05,0,-2000,112.22999999999999
76106,TX,3.95e-05,0,-2000,191.84
76107,TX,6.2e-05,0,-2000,209.454
76108,TX,4.65e-05,0,-2000,0.0
76109,TX,6.15e-05,0,-2000,84.825
76110,TX,3.1e-05,0,-2000,129.688
76111,TX,2.7e-05,0,-2000,75.51951951951952
76112,TX,8.9e-05,0,-2000,142.01398601398603
76114,TX,2.5e-05,0,-2000,55.704
76115,TX,3.4e-05,0,-2000,172.54945054945054
76116,TX,3.75e-05,0,-2000,316.53146853146853
76117,TX,2.7e-05,0,-2000,130.99099099099098
76118,TX,7e-05,0,-2000,205.44544544544544
76119,TX,7.85e-05,0,-2000,80.44744744744744
76120,TX,0.000192,1,5000,164.00600600600603
76123,TX,0.0002645,1,5000,435.1445663010967
76126,TX,6.65e-05,0,-2000,388.1002004008016
76127,TX,0.0001205,2,8000,110.25
76131,TX,0.00014,0,-2000,264.638
76132,TX,5.45e-05,0,-2000,253.612
76133,TX,6.25e-05,0,-2000,171.81318681318683
76134,TX,0.0001035,0,-2000,281.57915831663325
76135,TX,3.7e-05,0,-2000,19.49149149149149
76137,TX,8.3e-05,0,-2000,127.2072072072072
76140,TX,0.000147,1,5000,216.75524475524475
76148,TX,5.75e-05,0,-2000,267.14714714714717
76155,TX,0.000169,2,8000,140.16
76164,TX,2.85e-05,0,-2000,44.324999999999996
76177,TX,0.0001555,1,5000,154.1
76179,TX,0.0001145,0,-2000,95.24475524475524
76180,TX,4.7e-05,0,-2000,108.9009009009009
76182,TX,7.6e-05,0,-2000,0.0
76205,TX,4e-05,1,5000,37.4024024024024
76208,TX,8.9e-05,0,-2000,252.5825825825826
76210,TX,9.95e-05,0,-2000,561.2712712712713
76226,TX,0.0003095,0,-2000,705.744
76240,TX,3e-05,0,-2000,47.512
76244,TX,0.0001595,0,-2000,44.284
76248,TX,0.000279,0,-2000,67.34734734734735
76262,TX,0.0001645,0,-2000,78.18881118881119
76301,TX,5.5e-05,0,-2000,103.32196589769308
76302,TX,4.5e-05,0,-2000,73.952
76305,TX,7.25e-05,1,5000,47.103
76306,TX,5.65e-05,0,-2000,71.96199999999999
76308,TX,6.85e-05,0,-2000,92.93506493506494
76309,TX,4.5e-05,0,-2000,179.44344344344344
76310,TX,8.65e-05,0,-2000,253.175
76311,TX,0.0001725,2,8000,393.49500000000006
76354,TX,4e-06,2,8000,4.4995004995005
76367,TX,0.0001035,2,8000,177.1668331668332
76401,TX,3.85e-05,1,5000,40.186
76501,TX,3.05e-05,0,-2000,62.507507507507505
76502,TX,4e-05,0,-2000,62.71771771771772
76504,TX,2.9e-05,0,-2000,20.442
76513,TX,3.55e-05,0,-2000,184.23176823176823
76522,TX,4.5e-05,0,-2000,153.888
76539,TX,5.35e-05,1,5000,64.58541458541458
76541,TX,4.3e-05,0,-2000,108.50449550449551
76542,TX,0.000123,0,-2000,396.3043912175649
76543,TX,8.6e-05,0,-2000,194.64000000000001
76544,TX,5.6e-05,1,5000,98.04204204204204
76548,TX,7.8e-05,0,-2000,239.24324324324326
76549,TX,0.0001295,0,-2000,393.147
76559,TX,6.2e-05,1,5000,85.55000000000001
76574,TX,4.5e-06,2,8000,2.601
76579,TX,2.7e-05,0,-2000,48.72072072072072
76630,TX,4.85e-05,2,8000,41.205000000000005
76633,TX,8.1e-05,2,8000,114.66233766233766
76640,TX,2.2e-05,0,-2000,83.68368368368368
76643,TX,3.85e-05,0,-2000,139.594
76655,TX,7.55e-05,1,5000,106.75875875875876
76657,TX,6e-05,0,-2000,120.95899999999999
76691,TX,4.05e-05,0,-2000,89.24699999999999
76701,TX,2.5e-05,0,-2000,52.62
76704,TX,0.000106,0,-2000,275.32867132867136
76705,TX,4.15e-05,0,-2000,141.84684684684686
76706,TX,2.2e-05,0,-2000,778.3019999999999
76707,TX,3.2e-05,0,-2000,206.36163836163834
76708,TX,4e-05,0,-2000,99.31868131868133
76710,TX,3.4e-05,0,-2000,129.872
76711,TX,2.75e-05,0,-2000,48.44655344655345
76712,TX,6.7e-05,0,-2000,75.416
76901,TX,9.95e-05,0,-2000,394.14228456913827
76903,TX,9.15e-05,0,-2000,289.2307692307692
76904,TX,0.0001705,0,-2000,526.032
76905,TX,0.000154,1,5000,123.30069930069929
77002,TX,4.55e-05,1,5000,157.25925925925927
77003,TX,6.05e-05,0,-2000,124.36036036036036
77004,TX,7.3e-05,0,-2000,79.17082917082917
77005,TX,0.0002955,0,-2000,1032.6509528585757
77006,TX,3.25e-05,0,-2000,35.854
77007,TX,8.35e-05,0,-2000,33.243486973947896
77008,TX,6.85e-05,0,-2000,170.79399999999998
77009,TX,1.65e-05,0,-2000,218.3846153846154
77010,TX,1.2e-05,2,8000,8.448
77011,TX,8e-06,0,-2000,0.0
77012,TX,9e-06,0,-2000,99.30738522954093
77013,TX,1.7e-05,0,-2000,60.096000000000004
77014,TX,4e-05,0,-2000,116.082
77015,TX,1.45e-05,0,-2000,0.0
77016,TX,3.85e-05,0,-2000,74.096
77017,TX,1e-05,0,-2000,147.383
77018,TX,4.05e-05,0,-2000,83.07207207207207
77019,TX,4.6e-05,0,-2000,41.55844155844156
77020,TX,1.95e-05,0,-2000,224.61661661661662
77021,TX,8.85e-05,0,-2000,108.42885771543085
77022,TX,1.45e-05,0,-2000,213.84215784215783
77023,TX,9.5e-06,0,-2000,183.175
77024,TX,4.5e-05,0,-2000,122.44255744255744
77025,TX,2.65e-05,0,-2000,46.34434434434434
77026,TX,4.05e-05,0,-2000,149.84115884115886
77027,TX,3.75e-05,0,-2000,171.506
77028,TX,5.45e-05,0,-2000,106.03603603603604
77029,TX,2.4e-05,0,-2000,38.09009009009009
77030,TX,2.25e-05,0,-2000,2.18981018981019
77031,TX,1.3e-05,0,-2000,42.120240480961925
77032,TX,3.4e-05,0,-2000,111.98398398398399
77033,TX,4.9e-05,0,-2000,125.482
77034,TX,1.45e-05,0,-2000,142.2837162837163
77035,TX,2.2e-05,0,-2000,0.0
77036,TX,1.2e-05,0,-2000,154.527
77037,TX,9e-06,0,-2000,46.6946946946947
77038,TX,1.85e-05,0,-2000,19.029
77039,TX,1.05e-05,0,-2000,141.874251497006
77040,TX,2.55e-05,0,-2000,114.28571428571429
77041,TX,3.55e-05,0,-2000,62.49
77042,TX,2.6e-05,0,-2000,0.0
77043,TX,2.3e-05,0,-2000,26.034034034034033
77044,TX,6.05e-05,0,-2000,133.38
77045,TX,4.85e-05,0,-2000,0.0
77046,TX,3.4e-05,2,8000,13.736
77047,TX,0.0001835,1,5000,255.61885656970912
77048,TX,0.0001165,0,-2000,433.356
77049,TX,2.5e-05,0,-2000,28.83066132264529
77050,TX,9.5e-06,0,-2000,23.959
77051,TX,0.000133,1,5000,214.01198801198802
77053,TX,4.75e-05,0,-2000,183.28328328328328
77054,TX,6.65e-05,1,5000,251.06593406593407
77055,TX,1.8e-05,0,-2000,0.0
77056,TX,2.75e-05,0,-2000,10.542
77057,TX,1.8e-05,0,-2000,77.62237762237763
77058,TX,1.4e-05,0,-2000,26.958041958041957
77059,TX,7.6e-05,0,-2000,0.0
77060,TX,1.45e-05,0,-2000,153.1781781781782
77061,TX,1.85e-05,0,-2000,34.13813813813814
77062,TX,2.5e-05,0,-2000,24.822822822822822
77063,TX,2.35e-05,0,-2000,119.71971971971973
77064,TX,3.5e-05,0,-2000,134.983983983984
77065,TX,3.25e-05,0,-2000,82.77277277277277
77066,TX,3.5e-05,0,-2000,68.77122877122878
77067,TX,2.6e-05,0,-2000,81.87787787787788
77068,TX,4.15e-05,1,5000,54.726000000000006
77069,TX,2.8e-05,0,-2000,78.16183816183816
77070,TX,2.95e-05,0,-2000,30.512487512487514
77071,TX,5.45e-05,0,-2000,270.8708708708709
77072,TX,2.05e-05,0,-2000,268.824
77073,TX,5.05e-05,0,-2000,229.5691382765531
77074,TX,1.3e-05,0,-2000,0.0
77075,TX,2.3e-05,0,-2000,9.515515515515515
77076,TX,7.5e-06,0,-2000,69.47747747747748
77077,TX,3.05e-05,0,-2000,84.16783216783217
77078,TX,3.7e-05,0,-2000,201.1132264529058
77079,TX,3.5e-05,0,-2000,41.04
77080,TX,1.05e-05,0,-2000,128.54345654345656
77081,TX,1.35e-05,0,-2000,43.5975975975976
77082,TX,3.95e-05,0,-2000,160.30969030969032
77083,TX,3e-05,0,-2000,75.36463536463536
77084,TX,2.75e-05,0,-2000,214.7932067932068
77085,TX,3.9e-05,0,-2000,154.93386773547093
77086,TX,1.9e-05,0,-2000,127.61838161838163
77087,TX,1.5e-05,0,-2000,183.844
77088,TX,2.75e-05,0,-2000,309.67367367367365
77089,TX,2.65e-05,0,-2000,42.56043956043956
77090,TX,5.35e-05,0,-2000,176.086
77091,TX,2.9e-05,0,-2000,190.34434434434436
77092,TX,1.55e-05,0,-2000,53.61776447105788
77093,TX,1e-05,0,-2000,378.486
77094,TX,0.0001905,1,5000,305.74825174825173
77095,TX,3.4e-05,0,-2000,39.276171485543365
77096,TX,2.45e-05,0,-2000,16.7987987987988
77098,TX,3.6e-05,0,-2000,157.4
77099,TX,2.55e-05,0,-2000,204.56199999999998
77301,TX,1.7e-05,0,-2000,34.42
77302,TX,3.25e-05,0,-2000,55.55544455544456
77303,TX,1.9e-05,0,-2000,58.65
77304,TX,1.85e-05,0,-2000,21.504504504504503
77306,TX,1e-05,0,-2000,17.238
77316,TX,3.05e-05,0,-2000,16.824824824824823
77318,TX,1.75e-05,0,-2000,26.906906906906908
77327,TX,3e-05,0,-2000,26.798403193612774
77328,TX,1.65e-05,0,-2000,59.612
77336,TX,1.25e-05,0,-2000,21.428571428571427
77338,TX,5.2e-05,0,-2000,109.11911911911912
77339,TX,1.6e-05,0,-2000,75.39078156312625
77345,TX,7.2e-05,0,-2000,14.242
77346,TX,7.3e-05,0,-2000,102.58258258258259
77354,TX,3e-05,0,-2000,0.0
77355,TX,2.1e-05,0,-2000,0.0
77356,TX,6.35e-05,0,-2000,101.48848848848849
77357,TX,2.2e-05,0,-2000,0.0
77358,TX,1.25e-05,2,8000,12.766467065868262
77362,TX,1.75e-05,0,-2000,89.91
77363,TX,8e-06,2,8000,2.008008008008008
77365,TX,1.75e-05,0,-2000,0.0
77372,TX,9.5e-06,0,-2000,39.909909909909906
77373,TX,2.95e-05,0,-2000,0.0
77375,TX,3.5e-05,0,-2000,215.15200000000002
77377,TX,4.4e-05,0,-2000,85.67767767767768
77378,TX,1.3e-05,0,-2000,16.356
77379,TX,3.95e-05,0,-2000,144.851
77380,TX,2e-05,0,-2000,50.42957042957043
77381,TX,4.85e-05,0,-2000,0.0
77382,TX,6.8e-05,0,-2000,126.09619238476954
77384,TX,2.55e-05,0,-2000,31.932000000000002
77385,TX,4.6e-05,0,-2000,200.62375249500997
77386,TX,5.4e-05,0,-2000,239.76
77388,TX,4.05e-05,0,-2000,57.14
77389,TX,7.4e-05,0,-2000,112.90690690690691
77396,TX,3.9e-05,0,-2000,144.34730538922156
77401,TX,0.000295,0,-2000,938.2117882117882
77406,TX,0.000103,0,-2000,89.21000000000001
77407,TX,7.55e-05,0,-2000,124.46446446446447
77429,TX,5.9e-05,0,-2000,0.0
77433,TX,0.000125,0,-2000,127.614
77441,TX,0.0003185,1,5000,698.2748244734203
77447,TX,3.55e-05,0,-2000,64.59281437125749
77449,TX,4.1e-05,0,-2000,506.192
77450,TX,3.15e-05,0,-2000,0.0
77459,TX,0.000108,0,-2000,0.0
77469,TX,5.65e-05,0,-2000,0.0
77471,TX,2.25e-05,0,-2000,34.83349950149552
77477,TX,5.45e-05,0,-2000,70.85714285714286
77478,TX,4.25e-05,0,-2000,45.41541541541542
77479,TX,0.0001055,0,-2000,0.0
77489,TX,0.000129,1,5000,108.79199999999999
77493,TX,0.000168,0,-2000,245.16116116116115
77494,TX,0.0002265,0,-2000,63.307307307307305
77498,TX,4.65e-05,0,-2000,75.05494505494505
77502,TX,9.5e-06,0,-2000,0.0
77503,TX,1.4e-05,0,-2000,34.99498997995992
77504,TX,1.1e-05,0,-2000,43.472
77505,TX,2.25e-05,0,-2000,0.0
77506,TX,8.5e-06,0,-2000,132.336
77507,TX,4.2e-05,1,5000,122.55144855144854
77510,TX,2.65e-05,0,-2000,52.09172482552343
77511,TX,2e-05,0,-2000,0.0
77515,TX,3.1e-05,0,-2000,0.0
77517,TX,1.95e-05,0,-2000,76.60000000000001
77518,TX,1.15e-05,0,-2000,37.52252252252253
77520,TX,3.8e-05,0,-2000,247.76000000000002
77521,TX,7.5e-05,0,-2000,82.5024975024975
77523,TX,0.0002925,2,8000,97.2072072072072
77530,TX,1.3e-05,0,-2000,93.27272727272728
77531,TX,2.75e-05,0,-2000,130.928
77532,TX,5.95e-05,0,-2000,229.85999999999999
77534,TX,2.8e-05,1,5000,35.105
77536,TX,2e-05,0,-2000,11.342
77539,TX,2.8e-05,0,-2000,130.54954954954954
77541,TX,3.25e-05,0,-2000,67.23723723723724
77545,TX,0.000153,1,5000,248.787
77546,TX,3.9e-05,0,-2000,103.52552552552552
77547,TX,7e-06,0,-2000,11.32
77550,TX,3.4e-05,0,-2000,175.81018981018983
77551,TX,3.45e-05,0,-2000,78.18036072144288
77554,TX,4.35e-05,0,-2000,143.6103896103896
77562,TX,1.2e-05,0,-2000,52.980000000000004
77563,TX,4.35e-05,0,-2000,41.64071856287425
77564,TX,5.5e-06,2,8000,0.978021978021978
77565,TX,2.4e-05,0,-2000,23.743743743743742
77566,TX,2.55e-05,0,-2000,9.249
77568,TX,5.1e-05,0,-2000,129.66766467065867
77571,TX,2.45e-05,0,-2000,129.46639919759278
77573,TX,5.4e-05,0,-2000,78.08408408408408
77578,TX,0.000141,0,-2000,399.9
77581,TX,4.95e-05,0,-2000,0.0
77583,TX,0.000125,0,-2000,271.27045908183635
77584,TX,7.7e-05,0,-2000,50.8968968968969
77586,TX,2.8e-05,0,-2000,0.0
77587,TX,9.5e-06,0,-2000,28.02
77590,TX,3.3e-05,0,-2000,89.144
77591,TX,8.75e-05,0,-2000,242.70129870129873
77598,TX,1.7e-05,0,-2000,52.585585585585584
77611,TX,5.8e-05,0,-2000,155.0701402805611
77619,TX,3.35e-05,0,-2000,79.248
77625,TX,3e-05,0,-2000,117.52452452452452
77627,TX,3.85e-05,0,-2000,73.60639360639361
77630,TX,6.3e-05,0,-2000,137.4965034965035
77632,TX,4.25e-05,0,-2000,81.36
77640,TX,0.000193,0,-2000,492.4075924075924
77642,TX,6.9e-05,0,-2000,270.90799999999996
77651,TX,4.05e-05,0,-2000,45.13886113886114
77656,TX,3.2e-05,0,-2000,41.657000000000004
77657,TX,3.05e-05,0,-2000,136.13186813186812
77662,TX,2.3e-05,0,-2000,0.0
77701,TX,0.000133,0,-2000,283.544
77702,TX,0.000124,2,8000,98.55
77703,TX,0.00011,0,-2000,405.309381237525
77705,TX,0.000153,1,5000,286.671
77706,TX,6.4e-05,0,-2000,127.93006993006993
77707,TX,0.000136,1,5000,616.734
77708,TX,0.000274,2,8000,282.02797202797206
77713,TX,8.5e-05,1,5000,142.8131868131868
77801,TX,1.5e-05,0,-2000,115.34865134865136
77802,TX,2.1e-05,0,-2000,163.53293413173654
77803,TX,3.15e-05,0,-2000,140.20499999999998
77807,TX,3.8e-05,0,-2000,63.1
77808,TX,4.15e-05,0,-2000,113.48296593186373
77840,TX,1.15e-05,0,-2000,176.63736263736266
77845,TX,2.95e-05,0,-2000,281.148
77901,TX,1.75e-05,0,-2000,221.91616766467067
77904,TX,2.8e-05,0,-2000,35.524
77905,TX,2.85e-05,1,5000,93.36072144288576
77968,TX,5.5e-06,2,8000,1.672
78006,TX,1.75e-05,2,8000,9.87
78015,TX,0.000121,1,5000,406.1661661661662
78023,TX,6.15e-05,0,-2000,40.18518518518518
78026,TX,3.1e-05,1,5000,48.510978043912175
78040,TX,2.55e-05,0,-2000,181.91191191191191
78041,TX,4.9e-05,0,-2000,249.75951903807618
78043,TX,3.6e-05,0,-2000,151.54354354354354
78045,TX,8.6e-05,0,-2000,112.104
78046,TX,3.25e-05,0,-2000,213.64670658682633
78064,TX,2.9e-05,0,-2000,28.651
78070,TX,4.4e-05,1,5000,186.9059059059059
78073,TX,2.35e-05,1,5000,20.724448897795593
78101,TX,4.5e-06,2,8000,2.3196803196803195
78108,TX,5.55e-05,0,-2000,25.416833667334668
78109,TX,5.05e-05,0,-2000,14.003996003996004
78112,TX,1e-05,2,8000,3.5599999999999996
78123,TX,3.3e-05,1,5000,52.212212212212215
78124,TX,3.15e-05,2,8000,18.873
78130,TX,2.35e-05,0,-2000,92.012
78132,TX,6.65e-05,0,-2000,236.13627254509018
78133,TX,2.4e-05,0,-2000,0.0
78148,TX,3.2e-05,0,-2000,78.01798201798202
78152,TX,3.7e-05,2,8000,20.074074074074073
78154,TX,5.45e-05,0,-2000,105.68968968968969
78155,TX,2.75e-05,0,-2000,151.844
78201,TX,1e-05,0,-2000,311.68831168831167
78202,TX,2.15e-05,0,-2000,119.998001998002
78203,TX,1.25e-05,0,-2000,93.27427427427428
78204,TX,1.35e-05,0,-2000,107.884
78205,TX,8.5e-06,0,-2000,18.509999999999998
78207,TX,9e-06,0,-2000,258.66
78208,TX,1.5e-05,0,-2000,62.192
78209,TX,2.2e-05,0,-2000,121.76646706586827
78210,TX,1.35e-05,0,-2000,153.81818181818184
78211,TX,1.35e-05,0,-2000,205.20240480961922
78212,TX,1.6e-05,0,-2000,149.28
78213,TX,1.25e-05,0,-2000,97.91891891891892
78214,TX,1e-05,0,-2000,177.7805611222445
78215,TX,3.15e-05,1,5000,53.94605394605395
78216,TX,1.95e-05,0,-2000,124.812
78217,TX,2.05e-05,0,-2000,73.86213786213786
78218,TX,2.95e-05,0,-2000,257.86158475426276
78219,TX,4.85e-05,0,-2000,157.55700000000002
78220,TX,3.95e-05,0,-2000,174.2023928215354
78221,TX,1.6e-05,0,-2000,80.31168831168831
78222,TX,3.35e-05,0,-2000,172.50749250749251
78223,TX,1.5e-05,0,-2000,529.0518962075848
78224,TX,1.7e-05,0,-2000,66.196
78225,TX,9.5e-06,0,-2000,82.84615384615385
78226,TX,1.35e-05,0,-2000,27.46853146853147
78227,TX,1.4e-05,0,-2000,142.09799999999998
78228,TX,1.15e-05,0,-2000,347.3
78229,TX,1.7e-05,0,-2000,99.814
78230,TX,2e-05,0,-2000,44.188
78231,TX,3.9e-05,0,-2000,101.152
78232,TX,2.45e-05,0,-2000,78.48548548548548
78233,TX,2.7e-05,0,-2000,153.45345345345345
78234,TX,6.05e-05,1,5000,217.77422577422578
78235,TX,3.05e-05,2,8000,48.47194388777555
78236,TX,4.9e-05,1,5000,175.94205794205794
78237,TX,1.05e-05,0,-2000,336.27172827172825
78238,TX,1.95e-05,0,-2000,71.76176176176176
78239,TX,3.4e-05,0,-2000,94.65299999999999
78240,TX,2.05e-05,0,-2000,226.57657657657657
78242,TX,1.2e-05,0,-2000,130.4935064935065
78244,TX,4.55e-05,0,-2000,182.952
78245,TX,3.75e-05,0,-2000,82.368
78247,TX,2.7e-05,0,-2000,70.224
78248,TX,5.45e-05,0,-2000,4.652347652347652
78249,TX,2.85e-05,0,-2000,148.00399201596807
78250,TX,2.1e-05,0,-2000,215.352
78251,TX,2.8e-05,0,-2000,87.08982035928145
78252,TX,3.4e-05,1,5000,46.257000000000005
78253,TX,5.65e-05,0,-2000,49.028
78254,TX,5.1e-05,0,-2000,0.0
78255,TX,9.45e-05,0,-2000,297.95304695304696
78256,TX,1.8e-05,0,-2000,33.75824175824176
78257,TX,2.35e-05,0,-2000,132.894
78258,TX,4.7e-05,0,-2000,157.33066933066934
78259,TX,3.6e-05,0,-2000,8.294
78260,TX,7.85e-05,0,-2000,0.0
78261,TX,6.8e-05,0,-2000,0.0
78263,TX,5.4e-05,2,8000,53.61538461538461
78264,TX,1.5e-06,2,8000,0.6342685370741483
78266,TX,8.9e-05,0,-2000,261.3243243243243
78336,TX,2.7e-05,0,-2000,114.586
78358,TX,2.4e-05,2,8000,26.03
78359,TX,1.45e-05,1,5000,17.574425574425575
78362,TX,4.2e-05,1,5000,44.22
78370,TX,1.45e-05,0,-2000,58.847457627118644
78373,TX,4.95e-05,0,-2000,128.96403596403596
78374,TX,4.7e-05,0,-2000,53.82
78380,TX,2e-05,0,-2000,69.96996996996997
78382,TX,2.1e-05,0,-2000,103.97
78387,TX,1.7e-05,0,-2000,97.15015015015014
78390,TX,2.4e-05,0,-2000,37.128
78401,TX,2.2e-05,0,-2000,87.854
78402,TX,3.3e-05,2,8000,47.628
78404,TX,2.1e-05,0,-2000,34.42042042042042
78405,TX,1.6e-05,0,-2000,97.35871743486975
78406,TX,3.75e-05,2,8000,60.168000000000006
78407,TX,3.3e-05,1,5000,48.05500000000001
78408,TX,2.25e-05,0,-2000,104.44800000000001
78409,TX,3e-05,1,5000,41.353353353353356
78410,TX,3.25e-05,0,-2000,0.0
78411,TX,2.3e-05,0,-2000,298.94894894894895
78412,TX,2.35e-05,0,-2000,93.16883116883118
78413,TX,3.75e-05,1,5000,112.10789210789211
78415,TX,2e-05,0,-2000,275.586
78416,TX,2.5e-05,0,-2000,167.31400000000002
78417,TX,2.6e-05,1,5000,19.058
78501,TX,2.25e-05,0,-2000,695.7537537537538
78503,TX,2.65e-05,0,-2000,168.56756756756758
78504,TX,2.8e-05,0,-2000,98.898
78516,TX,2.1e-05,0,-2000,308.48448448448454
78520,TX,1.25e-05,0,-2000,211.84
78521,TX,1.15e-05,0,-2000,206.11
78526,TX,1.8e-05,0,-2000,155.67
78539,TX,2.7e-05,0,-2000,42.3976023976024
78541,TX,2.2e-05,0,-2000,174.60660660660662
78542,TX,2.3e-05,0,-2000,192.86013986013987
78572,TX,2.15e-05,0,-2000,406.84315684315686
78573,TX,1.8e-05,0,-2000,178.53400000000002
78574,TX,1.55e-05,0,-2000,134.1141141141141
78577,TX,2.15e-05,0,-2000,234.55366098294883
78589,TX,2e-05,0,-2000,62.988023952095816
78596,TX,5.5e-06,2,8000,3.5490981963927855
78602,TX,3.1e-05,0,-2000,115.6943887775551
78610,TX,5.65e-05,0,-2000,66.48348348348348
78613,TX,7.8e-05,0,-2000,0.0
78617,TX,3.8e-05,1,5000,198.072
78623,TX,5.4e-05,2,8000,39.16083916083916
78626,TX,2.7e-05,2,8000,16.686
78628,TX,7.25e-05,1,5000,269.49199999999996
78634,TX,8.05e-05,1,5000,107.17217217217218
78641,TX,0.0001075,0,-2000,0.0
78652,TX,8.8e-05,1,5000,136.829
78653,TX,8.4e-05,2,8000,44.856
78655,TX,4.5e-06,2,8000,1.3756243756243756
78660,TX,8.7e-05,0,-2000,157.54354354354354
78664,TX,5.05e-05,0,-2000,97.434
78665,TX,9.75e-05,0,-2000,114.35135135135135
78666,TX,1.8e-05,0,-2000,407.728
78681,TX,8.1e-05,0,-2000,16.70059880239521
78701,TX,0.0001345,1,5000,419.94805194805195
78702,TX,5.25e-05,0,-2000,155.844
78703,TX,8.6e-05,0,-2000,0.0
78704,TX,3.45e-05,0,-2000,95.28
78705,TX,1.1e-05,0,-2000,149.2087912087912
78717,TX,0.0001355,0,-2000,648.208
78719,TX,2.3e-05,1,5000,14.754754754754755
78721,TX,6e-05,0,-2000,161.38738738738738
78722,TX,4.1e-05,0,-2000,124.07085828343313
78723,TX,3.55e-05,0,-2000,93.50649350649351
78724,TX,4.35e-05,1,5000,57.269999999999996
78725,TX,6.35e-05,2,8000,113.712
78726,TX,4.1e-05,0,-2000,17.466533466533466
78727,TX,4.5e-05,0,-2000,7.456
78728,TX,4.15e-05,0,-2000,79.68031968031968
78729,TX,4.15e-05,0,-2000,87.75224775224775
78730,TX,9.65e-05,0,-2000,300.77777777777777
78731,TX,2.95e-05,0,-2000,103.7374749498998
78732,TX,5e-06,2,8000,4.054054054054054
78733,TX,0.000257,1,5000,417.4135864135864
78735,TX,6.45e-05,0,-2000,18.813186813186814
78736,TX,3.25e-05,0,-2000,158.39539539539538
78737,TX,0.0001265,1,5000,375.98802395209583
78738,TX,6.15e-05,2,8000,48.954
78739,TX,0.0004845,1,5000,896.16
78741,TX,2.75e-05,0,-2000,131.68800000000002
78742,TX,2.85e-05,2,8000,59.1951951951952
78744,TX,4.25e-05,0,-2000,136.5874125874126
78745,TX,2.8e-05,0,-2000,95.11976047904191
78746,TX,0.000199,0,-2000,0.0
78747,TX,3.5e-05,0,-2000,23.08091908091908
78748,TX,4.3e-05,0,-2000,43.73053892215569
78749,TX,6.25e-05,0,-2000,96.47099999999999
78750,TX,6.15e-05,0,-2000,32.28
78751,TX,2.4e-05,0,-2000,0.0
78752,TX,3.55e-05,0,-2000,122.33766233766234
78753,TX,3.1e-05,0,-2000,124.3913913913914
78754,TX,6.6e-05,0,-2000,207.88011988011988
78756,TX,4e-05,0,-2000,173.247
78757,TX,3.7e-05,0,-2000,0.0
78758,TX,2.85e-05,0,-2000,202.929
78759,TX,3.7e-05,0,-2000,72.42415169660678
79015,TX,0.001955,1,5000,5287.896103896104
79101,TX,0.000688,2,8000,1179.4285714285713
79102,TX,0.0006945,1,5000,2948.4234234234236
79103,TX,0.0008585,1,5000,3270.996996996997
79104,TX,0.000756,1,5000,2369.94994994995
79106,TX,0.0007845,1,5000,736.56
79107,TX,0.001306,1,5000,468.996996996997
79108,TX,0.0010055,1,5000,4312.279441117765
79109,TX,0.001142,1,5000,746.417
79110,TX,0.0010415,1,5000,162.02
79111,TX,0.0001695,2,8000,294.591
79118,TX,0.0020945,1,5000,7419.411
79119,TX,0.002515,2,8000,4215.954045954046
79121,TX,0.001238,2,8000,2141.993993993994
79124,TX,0.001546,2,8000,2569.4519999999998
79363,TX,0.0002555,2,8000,434.861
79364,TX,6e-06,2,8000,10.501498501498501
79382,TX,2.05e-05,2,8000,35.424
79401,TX,0.0006315,1,5000,1535.394
79403,TX,0.0016015,2,8000,4014.864
79404,TX,0.0019185,2,8000,3876.208
79407,TX,0.0015705,1,5000,4591.9719719719715
79410,TX,0.0009505,1,5000,3437.604790419162
79411,TX,0.0010305,2,8000,2230.4295704295705
79412,TX,0.0010965,1,5000,4242.666666666666
79413,TX,0.0011985,1,5000,527.2754491017964
79414,TX,0.001182,1,5000,4573.178642714571
79415,TX,0.0010605,1,5000,4126.076152304609
79416,TX,0.0019845,1,5000,8604.540540540542
79423,TX,0.0022065,1,5000,11729.762
79424,TX,0.0026085,1,5000,14288.092814371257
79504,TX,7.25e-05,1,5000,37.44
79508,TX,9.1e-05,1,5000,437.57642357642357
79510,TX,7.85e-05,1,5000,54.2123629112662
79525,TX,8.5e-06,2,8000,11.940881763527054
79536,TX,9.95e-05,1,5000,48.336
79562,TX,0.0002415,2,8000,359.5988023952096
79563,TX,7.5e-05,1,5000,443.9039039039039
79601,TX,0.0001285,0,-2000,287.1288711288711
79602,TX,0.0002245,0,-2000,585.6316316316316
79603,TX,0.0001145,0,-2000,369.0890890890891
79605,TX,0.0001215,0,-2000,325.7927927927928
79606,TX,0.0001405,0,-2000,384.192
79607,TX,0.000147,1,5000,499.2962962962963
79701,TX,0.000318,0,-2000,956.3356713426854
79703,TX,0.0005025,1,5000,420.784
79705,TX,0.0006315,0,-2000,1553.519
79706,TX,0.000698,1,5000,896.8766298896691
79707,TX,0.00072,1,5000,1346.0259999999998
79758,TX,7.35e-05,2,8000,127.46853146853147
79761,TX,0.000345,0,-2000,630.953046953047
79762,TX,0.0004115,0,-2000,822.9289289289289
79763,TX,0.0002315,0,-2000,662.7655310621242
79764,TX,0.000449,0,-2000,801.696
79765,TX,0.0007865,1,5000,483.20720720720726
79766,TX,0.000378,1,5000,1079.3980000000001
79901,TX,0.0001665,0,-2000,624.7447447447448
79902,TX,0.000247,0,-2000,534.7477567298106
79903,TX,0.000227,0,-2000,863.9061876247505
79904,TX,0.000164,0,-2000,392.7567567567568
79905,TX,0.000205,0,-2000,505.15999999999997
79906,TX,0.0002135,0,-2000,130.6786786786787
79907,TX,0.000291,0,-2000,594.3563563563563
79908,TX,1.35e-05,0,-2000,62.05
79911,TX,0.0001,1,5000,193.79999999999998
79912,TX,0.0005005,0,-2000,1118.992
79915,TX,0.000281,0,-2000,641.4730538922156
79922,TX,0.0005995,0,-2000,674.424
79924,TX,0.00046,0,-2000,610.504
79925,TX,0.0004045,0,-2000,1795.5245245245246
79927,TX,0.000331,1,5000,653.3853853853853
79928,TX,0.000202,1,5000,395.5244755244755
79930,TX,0.0002725,0,-2000,1064.3316683316684
79932,TX,0.0006165,0,-2000,1046.811188811189
79934,TX,0.0010545,1,5000,2356.1688311688313
79935,TX,0.0005015,0,-2000,667.7331995987963
79936,TX,0.0005505,0,-2000,1152.18018018018
79938,TX,0.0001435,1,5000,281.26
84003,UT,1.85e-05,0,-2000,346.58
84004,UT,6.75e-05,0,-2000,148.25848303393212
84006,UT,3.5e-06,1,5000,1.0471414242728185
84009,UT,1.9e-05,0,-2000,112.096
84010,UT,9.5e-06,0,-2000,339.9719157472417
84014,UT,2.2e-05,0,-2000,24.1001001001001
84015,UT,1.1e-05,0,-2000,379.346
84020,UT,2.7e-05,0,-2000,352.81881881881884
84025,UT,2.05e-05,0,-2000,124.8001998001998
84037,UT,2.55e-05,0,-2000,292.38
84040,UT,2.25e-05,0,-2000,142.38
84041,UT,1e-05,0,-2000,270.85585585585585
84042,UT,1.7e-05,0,-2000,73.276
84043,UT,2.1e-05,0,-2000,331.32
84044,UT,6e-06,0,-2000,0.0
84045,UT,5e-07,2,8000,0.934934934934935
84047,UT,7e-06,0,-2000,212.14414414414415
84054,UT,1.1e-05,0,-2000,66.62662662662663
84056,UT,1.05e-05,1,5000,14.881118881118882
84057,UT,9.5e-06,0,-2000,152.36036036036035
84058,UT,7.5e-06,0,-2000,86.87074148296593
84062,UT,1.4e-05,0,-2000,101.346
84065,UT,1.7e-05,0,-2000,295.7517517517517
84067,UT,1.05e-05,0,-2000,105.246
84070,UT,7e-06,0,-2000,99.73173173173173
84075,UT,2.85e-05,0,-2000,176.28
84081,UT,1.55e-05,0,-2000,163.815
84084,UT,8.5e-06,0,-2000,89.46846846846847
84087,UT,1.8e-05,0,-2000,153.292
84088,UT,1e-05,0,-2000,153.04
84092,UT,3.45e-05,0,-2000,544.4864864864865
84093,UT,2.3e-05,0,-2000,96.14014014014013
84094,UT,1.15e-05,0,-2000,66.816
84095,UT,1.6e-05,0,-2000,152.848
84096,UT,1.55e-05,0,-2000,100.25025025025025
84097,UT,1.3e-05,0,-2000,111.98801198801199
84101,UT,5.5e-06,0,-2000,32.144
84102,UT,3e-06,0,-2000,136.77422577422578
84103,UT,5.5e-06,0,-2000,105.33600000000001
84104,UT,5.5e-06,0,-2000,50.18981018981019
84105,UT,7.5e-06,0,-2000,47.194
84106,UT,9e-06,0,-2000,299.243
84107,UT,6e-06,0,-2000,224.316
84108,UT,1.25e-05,0,-2000,152.4245754245754
84109,UT,2e-05,0,-2000,270.35064935064935
84111,UT,3.5e-06,0,-2000,32.0969030969031
84112,UT,1e-06,0,-2000,7.776
84115,UT,5e-06,0,-2000,120.80561122244488
84116,UT,6e-06,0,-2000,199.46346346346346
84117,UT,6.5e-06,0,-2000,145.97802197802199
84118,UT,6.5e-06,0,-2000,74.07792207792208
84119,UT,5.5e-06,0,-2000,136.69461077844312
84120,UT,7e-06,0,-2000,178.87800000000001
84121,UT,1.3e-05,0,-2000,210.6953046953047
84123,UT,6e-06,0,-2000,148.16416416416416
84124,UT,1.15e-05,0,-2000,79.19800000000001
84128,UT,9e-06,0,-2000,7.594
84129,UT,8.5e-06,0,-2000,37.492
84315,UT,1.65e-05,0,-2000,40.596
84318,UT,8e-06,0,-2000,2.676
84321,UT,3.5e-06,0,-2000,162.31763527054107
84326,UT,6e-06,1,5000,9.48948948948949
84332,UT,8.5e-06,0,-2000,28.172344689378757
84335,UT,6.5e-06,0,-2000,17.936
84339,UT,2e-06,2,8000,3.3186372745490984
84340,UT,1.35e-05,0,-2000,25.21978021978022
84341,UT,4e-06,0,-2000,73.51048951048952
84401,UT,8.5e-06,0,-2000,211.1868131868132
84403,UT,8.5e-06,0,-2000,257.08799999999997
84404,UT,8.5e-06,0,-2000,221.76223776223776
84405,UT,1.05e-05,0,-2000,91.25874125874125
84414,UT,1.6e-05,0,-2000,116.76646706586827
84532,UT,1.9e-05,0,-2000,105.32567432567433
84535,UT,1e-06,1,5000,3.964035964035964
84536,UT,1.95e-05,1,5000,43.28328328328328
84601,UT,6.5e-06,0,-2000,73.81781781781781
84604,UT,7.5e-06,0,-2000,162.54
84606,UT,5e-06,0,-2000,97.584
84660,UT,1.2e-05,0,-2000,98.32335329341318
84663,UT,1e-05,0,-2000,74.748
84664,UT,2.4e-05,0,-2000,26.45945945945946
84720,UT,5e-07,2,8000,0.975975975975976
84737,UT,2.5e-05,0,-2000,29.62162162162162
84738,UT,6.35e-05,0,-2000,232.63936063936066
84757,UT,4e-06,1,5000,7.719438877755511
84758,UT,1.25e-05,2,8000,24.9500998003992
84763,UT,3e-06,1,5000,6.0
84764,UT,1.9e-05,1,5000,5.847847847847849
84765,UT,0.000113,0,-2000,186.55255255255256
84767,UT,3.5e-05,1,5000,68.39
84770,UT,5.85e-05,0,-2000,381.78621378621375
84775,UT,8.5e-06,2,8000,16.949101796407184
84776,UT,2.1e-05,1,5000,4.024024024024024
84779,UT,2e-06,1,5000,3.948
84780,UT,0.0001225,0,-2000,291.7047047047047
84790,UT,9.05e-05,0,-2000,555.9530938123753
20120,VA,0.000118,0,-2000,55.335
20121,VA,0.0001015,1,5000,182.86113886113884
20124,VA,0.0004425,2,8000,465.35
20147,VA,6.35e-05,2,8000,49.62925851703407
20148,VA,0.000799,2,8000,739.7555110220441
20151,VA,9.55e-05,0,-2000,576.7952047952048
20152,VA,0.0003925,1,5000,1527.975975975976
20164,VA,6.45e-05,0,-2000,341.1888111888112
20166,VA,0.0001345,1,5000,516.991991991992
20170,VA,0.0001135,0,-2000,40.18018018018018
20171,VA,0.000149,0,-2000,27.31231231231231
20190,VA,5.35e-05,0,-2000,124.76476476476476
20191,VA,8.35e-05,0,-2000,268.22822822822826
20194,VA,0.000122,0,-2000,256.88599999999997
22003,VA,4.9e-05,0,-2000,10.91616766467066
22015,VA,0.0001255,0,-2000,583.2090000000001
22027,VA,0.000292,2,8000,295.504
22030,VA,0.000104,0,-2000,112.574
22031,VA,6.6e-05,0,-2000,385.79158316633266
22032,VA,0.000151,0,-2000,542.1157684630739
22033,VA,7.85e-05,0,-2000,0.0
22039,VA,7.75e-05,2,8000,69.69591226321037
22042,VA,5.8e-05,1,5000,238.33433433433436
22043,VA,7e-05,0,-2000,158.562874251497
22046,VA,1.65e-05,2,8000,12.763527054108216
22066,VA,0.0007745,2,8000,1149.6996996996997
22101,VA,3.5e-06,2,8000,3.29
22102,VA,8.75e-05,0,-2000,312.7327327327327
22124,VA,0.0002675,1,5000,471.471
22150,VA,2.2e-05,2,8000,13.755511022044088
22151,VA,9.05e-05,1,5000,106.29258517034067
22152,VA,0.000143,0,-2000,364.43556443556446
22153,VA,0.0001205,1,5000,487.86386386386386
22180,VA,0.000186,0,-2000,576.6093906093906
22181,VA,0.0002485,1,5000,1021.090909090909
22182,VA,0.000363,0,-2000,1000.3053053053054
22201,VA,3.85e-05,2,8000,25.461538461538463
22202,VA,2.25e-05,2,8000,14.81981981981982
22209,VA,3.15e-05,1,5000,98.1746506986028
22314,VA,3e-06,2,8000,2.15015015015015
22601,VA,8.25e-05,0,-2000,338.7692307692308
22602,VA,0.0001715,1,5000,842.004
22603,VA,0.0001095,1,5000,351.5934065934066
22620,VA,3e-06,2,8000,1.0739999999999998
22624,VA,3.9e-05,2,8000,12.0
22630,VA,5e-07,2,8000,0.09880239520958084
22655,VA,0.000166,1,5000,681.192384769539
22656,VA,0.000238,2,8000,101.592
22663,VA,8.05e-05,2,8000,74.5
22801,VA,0.000111,0,-2000,482.0741482965932
22802,VA,1.65e-05,0,-2000,86.3903903903904
22812,VA,2.05e-05,0,-2000,39.22554890219561
22821,VA,2.05e-05,1,5000,12.408
22827,VA,1.5e-06,2,8000,0.663
22831,VA,7.5e-06,2,8000,2.325
22832,VA,1.2e-05,2,8000,21.20240480961924
22841,VA,4.7e-05,2,8000,100.37062937062936
22846,VA,2.85e-05,1,5000,72.371
22901,VA,4.2e-05,0,-2000,0.0
22902,VA,4.15e-05,0,-2000,67.8041958041958
22903,VA,0.0001375,0,-2000,424.49
22911,VA,6.3e-05,0,-2000,183.43843843843842
22936,VA,0.000199,2,8000,142.08599999999998
22939,VA,0.0001785,2,8000,259.578
22940,VA,5e-07,2,8000,0.2772772772772773
22947,VA,1.05e-05,2,8000,7.426573426573427
22952,VA,2.15e-05,2,8000,48.10999999999999
22980,VA,0.0001185,0,-2000,276.56
23005,VA,5.6e-05,0,-2000,171.292
23030,VA,6.5e-06,2,8000,2.8311688311688314
23059,VA,0.000148,0,-2000,868.3073852295408
23060,VA,7.7e-05,0,-2000,48.208208208208205
23069,VA,3.7e-05,2,8000,58.09580838323353
23075,VA,0.000103,1,5000,83.349
23103,VA,6.3e-05,1,5000,172.872
23111,VA,3.8e-05,0,-2000,20.336336336336338
23112,VA,8e-05,0,-2000,24.4024024024024
23113,VA,0.0001145,0,-2000,530.394
23114,VA,6e-05,0,-2000,251.34234234234233
23116,VA,9e-05,0,-2000,463.16516516516515
23120,VA,0.000206,2,8000,378.6186186186186
23146,VA,5.35e-05,2,8000,39.52252252252252
23150,VA,5.6e-05,1,5000,43.088
23219,VA,3.35e-05,0,-2000,74.976
23220,VA,4.1e-05,0,-2000,213.1891891891892
23221,VA,3.2e-05,0,-2000,12.261000000000001
23222,VA,0.0002105,1,5000,308.13186813186815
23223,VA,0.0002075,0,-2000,762.7087087087087
23224,VA,0.000144,0,-2000,328.398
23225,VA,7.4e-05,0,-2000,266.32
23226,VA,5.45e-05,0,-2000,28.867132867132867
23227,VA,7.65e-05,0,-2000,296.34
23228,VA,4.2e-05,0,-2000,74.33999999999999
23229,VA,3.2e-05,0,-2000,0.0
23230,VA,3.85e-05,0,-2000,97.36
23231,VA,0.0002255,0,-2000,428.56
23233,VA,6.45e-05,0,-2000,380.2605210420841
23234,VA,0.0001085,0,-2000,284.78999999999996
23235,VA,4.95e-05,0,-2000,176.868
23236,VA,7.55e-05,0,-2000,209.14285714285717
23237,VA,6.75e-05,0,-2000,153.83016983016984
23238,VA,4.5e-05,0,-2000,9.646353646353646
23294,VA,3.05e-05,0,-2000,124.944
23314,VA,1.5e-06,2,8000,0.306
23320,VA,9.55e-05,0,-2000,194.987
23321,VA,0.0001345,0,-2000,503.931
23322,VA,9.7e-05,0,-2000,46.419000000000004
23323,VA,0.000125,0,-2000,430.15999999999997
23324,VA,0.0001455,0,-2000,277.3276723276723
23325,VA,9.85e-05,1,5000,96.2
23432,VA,2.5e-06,2,8000,1.9288577154308617
23433,VA,0.000136,2,8000,196.236
23434,VA,0.000169,0,-2000,656.112
23435,VA,0.0002215,0,-2000,548.4335664335665
23436,VA,0.000122,2,8000,108.68868868868869
23451,VA,4e-05,0,-2000,143.1811811811812
23452,VA,4.2e-05,0,-2000,222.07807807807808
23453,VA,7e-05,0,-2000,214.99300699300701
23454,VA,5.5e-05,0,-2000,185.24749498997997
23455,VA,4.6e-05,0,-2000,81.998001998002
23456,VA,0.000119,0,-2000,0.0
23457,VA,2.2e-05,2,8000,16.323999999999998
23462,VA,7e-05,0,-2000,116.07807807807808
23464,VA,7.6e-05,0,-2000,150.899
23502,VA,0.0001485,1,5000,210.564
23503,VA,3.25e-05,0,-2000,89.77799999999999
23504,VA,0.000233,1,5000,280.3306693306693
23505,VA,5.85e-05,0,-2000,199.4750499001996
23507,VA,4.55e-05,0,-2000,142.905
23508,VA,7.4e-05,0,-2000,236.47952047952046
23509,VA,9.6e-05,0,-2000,190.736
23510,VA,9e-05,1,5000,235.736
23511,VA,4.9e-05,1,5000,217.47747747747746
23513,VA,0.000159,1,5000,158.75675675675674
23517,VA,4.1e-05,1,5000,30.980980980980984
23518,VA,4.1e-05,0,-2000,46.54945054945055
23523,VA,0.0003675,2,8000,742.6293706293707
23601,VA,6.8e-05,0,-2000,81.9929859719439
23602,VA,7.5e-05,0,-2000,267.34465534465534
23603,VA,3e-05,2,8000,18.36
23604,VA,6.55e-05,1,5000,271.76646706586826
23605,VA,0.000132,1,5000,102.16799999999999
23606,VA,4.55e-05,0,-2000,79.24724724724724
23607,VA,0.0002395,0,-2000,447.46000000000004
23608,VA,7.6e-05,0,-2000,166.231
23651,VA,5.45e-05,2,8000,83.23276723276723
23661,VA,0.000219,1,5000,216.849
23662,VA,5.35e-05,0,-2000,261.8378378378378
23663,VA,9.5e-05,0,-2000,173.65365365365366
23664,VA,6.05e-05,1,5000,112.96407185628742
23665,VA,6.6e-05,1,5000,341.088
23666,VA,0.0001535,0,-2000,396.7927927927928
23669,VA,0.000101,0,-2000,292.942942942943
23692,VA,4.8e-05,0,-2000,245.334
23693,VA,7.8e-05,0,-2000,323.6076076076076
23696,VA,5.35e-05,1,5000,152.59259259259258
23701,VA,0.0001085,0,-2000,344.21978021978026
23702,VA,8.8e-05,1,5000,138.0
23703,VA,0.000106,0,-2000,288.4135864135864
23704,VA,0.0001565,0,-2000,365.25325325325326
23707,VA,6.9e-05,0,-2000,124.94505494505495
23801,VA,8.15e-05,1,5000,378.28000000000003
23803,VA,0.000144,0,-2000,369.33299999999997
23805,VA,0.000171,1,5000,93.84384384384384
23831,VA,8.15e-05,0,-2000,407.0
23832,VA,9.05e-05,0,-2000,380.6923076923077
23834,VA,6.1e-05,0,-2000,26.122754491017965
23836,VA,0.000144,1,5000,193.3925702811245
23838,VA,6.45e-05,0,-2000,155.46593186372746
23842,VA,8.05e-05,2,8000,79.09509509509509
23860,VA,7e-05,0,-2000,135.584
23875,VA,8.85e-05,1,5000,77.90290290290291
23885,VA,3e-05,2,8000,20.88
24011,VA,6.85e-05,2,8000,41.91608391608392
24012,VA,0.000156,0,-2000,504.40000000000003
24013,VA,0.0001985,1,5000,440.4234234234234
24014,VA,8.05e-05,0,-2000,292.8111888111888
24015,VA,0.000103,1,5000,154.62937062937064
24016,VA,0.0003035,2,8000,420.8241758241758
24017,VA,0.000597,2,8000,1069.4969999999998
24018,VA,0.000175,0,-2000,590.7
24019,VA,0.000181,1,5000,277.03996003996
24060,VA,1.15e-05,0,-2000,80.3
24073,VA,0.000112,0,-2000,394.6606606606607
24077,VA,0.000205,2,8000,95.21521521521522
24101,VA,3.85e-05,2,8000,12.089
24149,VA,5e-07,2,8000,0.07192807192807193
24153,VA,2.55e-05,0,-2000,147.641
24175,VA,0.0001135,2,8000,70.12987012987013
24179,VA,0.0001135,1,5000,111.14171656686626
24251,VA,4e-05,1,5000,159.90609390609393
24258,VA,1.9e-05,2,8000,4.6072144288577155
24290,VA,7.15e-05,2,8000,117.62162162162161
24366,VA,5e-07,2,8000,0.0658682634730539
24401,VA,1.85e-05,0,-2000,74.97
24431,VA,1.95e-05,2,8000,44.0
24437,VA,3.15e-05,2,8000,41.27927927927928
24440,VA,3.6e-05,2,8000,14.99099099099099
24441,VA,2.45e-05,1,5000,77.672
24467,VA,4.9e-05,2,8000,88.12012012012012
24471,VA,1e-06,2,8000,0.464
24477,VA,3.05e-05,1,5000,40.524
24482,VA,2.15e-05,1,5000,4.479520479520479
24486,VA,3.15e-05,1,5000,149.345
24501,VA,0.0003365,1,5000,502.6013986013986
24502,VA,0.000227,0,-2000,498.16200000000003
24503,VA,0.000227,1,5000,929.6723276723277
24504,VA,0.000343,2,8000,645.996996996997
24527,VA,8e-06,2,8000,3.004995004995005
24538,VA,3.5e-05,2,8000,18.46153846153846
24540,VA,6.7e-05,0,-2000,112.848
24541,VA,0.000393,1,5000,1697.064
24550,VA,0.0001415,2,8000,55.69530469530469
24551,VA,0.000314,1,5000,1110.2727272727273
24572,VA,0.000247,2,8000,426.74749498998
24586,VA,7.15e-05,2,8000,76.22222222222221
24588,VA,2.75e-05,1,5000,22.753246753246756
24605,VA,6.4e-05,1,5000,196.1281281281281
24613,VA,4.25e-05,2,8000,5.537
24635,VA,5e-05,2,8000,25.87425149700599
5401,VT,1e-06,0,-2000,454.662
5403,VT,2e-06,0,-2000,396.0959040959041
5404,VT,1.5e-06,0,-2000,120.978
5408,VT,2e-06,0,-2000,193.397
5446,VT,2.5e-06,0,-2000,51.55555555555556
5452,VT,2.5e-06,0,-2000,263.3858424725822
5482,VT,3.5e-06,0,-2000,16.423728813559322
5495,VT,3e-06,0,-2000,183.92100000000002
98001,WA,5e-07,0,-2000,34.185
98002,WA,0.0,0,-2000,0.0
98003,WA,0.0,0,-2000,48.841158841158844
98004,WA,1e-06,0,-2000,17.6006006006006
98005,WA,1e-06,0,-2000,11.62124248496994
98006,WA,1.5e-06,0,-2000,0.0
98007,WA,5e-07,0,-2000,3.73
98008,WA,1e-06,0,-2000,11.811623246492985
98010,WA,5e-07,0,-2000,2.4155844155844157
98011,WA,5e-07,0,-2000,23.412
98012,WA,5e-07,0,-2000,0.0
98014,WA,5e-07,0,-2000,0.0
98019,WA,5e-07,0,-2000,4.44955044955045
98020,WA,5e-07,0,-2000,5.858141858141858
98021,WA,1e-06,0,-2000,26.454
98022,WA,5e-07,0,-2000,33.033033033033036
98023,WA,5e-07,0,-2000,12.779661016949152
98024,WA,5e-07,0,-2000,9.104895104895105
98026,WA,5e-07,0,-2000,0.0
98027,WA,5e-07,0,-2000,9.78
98028,WA,5e-07,0,-2000,0.0
98029,WA,1e-06,0,-2000,11.697697697697697
98030,WA,5e-07,0,-2000,0.0
98031,WA,5e-07,0,-2000,71.638
98032,WA,5e-07,0,-2000,23.109
98033,WA,1e-06,0,-2000,0.0
98034,WA,5e-07,0,-2000,21.66033966033966
98036,WA,5e-07,0,-2000,0.0
98037,WA,5e-07,0,-2000,0.0
98038,WA,5e-07,0,-2000,48.72
98039,WA,5.5e-06,0,-2000,1.0479520479520479
98040,WA,1.5e-06,0,-2000,17.952095808383234
98042,WA,5e-07,0,-2000,12.464071856287424
98043,WA,5e-07,0,-2000,0.0
98045,WA,5e-07,0,-2000,0.273
98047,WA,5e-07,0,-2000,7.923847695390781
98051,WA,0.0,0,-2000,1.629258517034068
98052,WA,1e-06,0,-2000,74.226
98053,WA,1e-06,0,-2000,11.52
98055,WA,5e-07,0,-2000,21.793380140421263
98056,WA,5e-07,0,-2000,9.107
98057,WA,5e-07,0,-2000,0.0
98058,WA,5e-07,0,-2000,0.0
98059,WA,5e-07,0,-2000,31.43243243243243
98065,WA,1e-06,0,-2000,7.786427145708582
98070,WA,0.0,0,-2000,28.968
98072,WA,1e-06,0,-2000,11.546453546453547
98074,WA,3.5e-06,0,-2000,41.852852852852855
98075,WA,4.5e-06,0,-2000,0.0
98077,WA,5e-07,0,-2000,8.094
98087,WA,5e-07,0,-2000,0.0
98092,WA,5e-07,0,-2000,0.0
98101,WA,5e-07,0,-2000,0.0
98102,WA,5e-07,0,-2000,0.0
98103,WA,5e-07,0,-2000,0.0
98104,WA,0.0,0,-2000,0.0
98105,WA,0.0,0,-2000,27.784
98106,WA,5e-07,0,-2000,40.692
98107,WA,5e-07,0,-2000,31.636363636363637
98108,WA,5e-07,0,-2000,117.72227772227772
98109,WA,5e-07,0,-2000,0.0
98110,WA,5e-07,0,-2000,6.491491491491492
98112,WA,1e-06,0,-2000,21.786213786213786
98115,WA,5e-07,0,-2000,0.0
98116,WA,5e-07,0,-2000,0.0
98117,WA,1.5e-06,0,-2000,0.0
98118,WA,5e-07,0,-2000,57.212212212212215
98119,WA,5e-07,0,-2000,12.877245508982037
98121,WA,1e-06,0,-2000,1.6783216783216783
98122,WA,5e-07,0,-2000,33.765765765765764
98125,WA,0.0,0,-2000,54.67832167832168
98126,WA,5e-07,0,-2000,32.65765765765766
98133,WA,5e-07,0,-2000,0.0
98134,WA,5e-07,0,-2000,0.0
98136,WA,1e-06,0,-2000,0.0
98144,WA,5e-07,0,-2000,0.0
98146,WA,5e-07,0,-2000,46.746
98148,WA,5e-07,0,-2000,4.696606786427146
98155,WA,5e-07,0,-2000,7.73973973973974
98164,WA,1.5e-06,2,8000,0.9450000000000001
98166,WA,5e-07,0,-2000,26.44
98168,WA,5e-07,0,-2000,0.0
98177,WA,1e-06,0,-2000,0.0
98178,WA,5e-07,0,-2000,7.46007984031936
98188,WA,5e-07,0,-2000,28.931068931068932
98198,WA,0.0,0,-2000,8.771
98199,WA,1.5e-06,0,-2000,0.0
98201,WA,0.0,0,-2000,8.584
98203,WA,5e-07,0,-2000,0.0
98204,WA,0.0,0,-2000,27.115115115115113
98208,WA,0.0,0,-2000,14.82264529058116
98221,WA,0.0,0,-2000,0.4435564435564436
98223,WA,0.0,0,-2000,21.431568431568433
98225,WA,0.0,0,-2000,0.0
98226,WA,0.0,0,-2000,42.975
98229,WA,0.0,0,-2000,40.914
98232,WA,5e-07,0,-2000,0.2022022022022022
98233,WA,0.0,0,-2000,21.79640718562874
98258,WA,5e-07,0,-2000,0.0
98270,WA,0.0,0,-2000,15.12087912087912
98271,WA,0.0,0,-2000,0.0
98272,WA,0.0,0,-2000,19.483516483516482
98273,WA,0.0,0,-2000,7.215
98274,WA,0.0,0,-2000,0.0
98275,WA,5e-07,0,-2000,0.0
98277,WA,0.0,0,-2000,0.0
98284,WA,0.0,0,-2000,21.402195608782435
98290,WA,5e-07,0,-2000,0.0
98294,WA,0.0,0,-2000,0.0
98296,WA,1e-06,0,-2000,45.28528528528528
98310,WA,0.0,0,-2000,42.147
98311,WA,0.0,0,-2000,7.129258517034067
98312,WA,0.0,0,-2000,69.92099999999999
98314,WA,3.5e-06,0,-2000,14.012999999999998
98315,WA,0.0,0,-2000,0.6936936936936937
98321,WA,5e-07,0,-2000,0.0
98323,WA,0.0,0,-2000,0.04208416833667334
98327,WA,5e-07,0,-2000,0.0
98332,WA,5e-07,0,-2000,21.240000000000002
98333,WA,1e-06,0,-2000,0.0
98335,WA,5e-07,0,-2000,8.132
98337,WA,0.0,0,-2000,15.443443443443444
98338,WA,0.0,0,-2000,17.278557114228455
98345,WA,5e-07,0,-2000,2.128
98354,WA,0.0,0,-2000,13.458
98359,WA,0.0,0,-2000,22.476
98360,WA,5e-07,0,-2000,18.333666333666333
98366,WA,0.0,0,-2000,0.0
98367,WA,0.0,0,-2000,13.308691308691309
98370,WA,0.0,0,-2000,0.0
98371,WA,5e-07,0,-2000,0.0
98372,WA,0.0,0,-2000,24.735735735735737
98373,WA,0.0,0,-2000,14.148296593186371
98374,WA,5e-07,0,-2000,22.826826826826828
98375,WA,5e-07,0,-2000,35.616
98383,WA,5e-07,0,-2000,13.0999000999001
98385,WA,5e-07,0,-2000,1.848151848151848
98387,WA,5e-07,0,-2000,0.0
98388,WA,0.0,0,-2000,14.39121756487026
98390,WA,0.0,0,-2000,0.0
98391,WA,5e-07,0,-2000,0.0
98402,WA,0.0,0,-2000,3.143143143143143
98403,WA,0.0,0,-2000,0.0
98404,WA,0.0,0,-2000,0.0
98405,WA,5e-07,0,-2000,0.0
98406,WA,5e-07,0,-2000,0.0
98407,WA,5e-07,0,-2000,15.81981981981982
98408,WA,5e-07,0,-2000,21.94894894894895
98409,WA,5e-07,0,-2000,44.52
98418,WA,0.0,0,-2000,0.0
98422,WA,5e-07,0,-2000,7.385385385385385
98424,WA,5e-07,0,-2000,22.70970970970971
98433,WA,0.0,0,-2000,36.171171171171174
98439,WA,0.0,0,-2000,6.618
98443,WA,5e-07,0,-2000,20.488
98444,WA,0.0,0,-2000,0.0
98445,WA,0.0,0,-2000,81.45454545454545
98446,WA,0.0,0,-2000,9.295295295295295
98465,WA,0.0,0,-2000,0.0
98466,WA,5e-07,0,-2000,0.0
98467,WA,0.0,0,-2000,18.2982982982983
98498,WA,0.0,0,-2000,0.0
98499,WA,0.0,0,-2000,28.336000000000002
98501,WA,0.0,0,-2000,39.738
98502,WA,0.0,0,-2000,60.24975024975025
98503,WA,0.0,0,-2000,20.974
98506,WA,0.0,0,-2000,0.0
98512,WA,0.0,0,-2000,0.0
98513,WA,0.0,0,-2000,0.0
98516,WA,0.0,0,-2000,0.0
98604,WA,5e-07,0,-2000,0.0
98606,WA,5e-07,0,-2000,10.235528942115767
98607,WA,5e-07,0,-2000,0.0
98611,WA,0.0,0,-2000,2.1390000000000002
98626,WA,0.0,0,-2000,0.0
98629,WA,0.0,0,-2000,0.0
98632,WA,0.0,0,-2000,0.0
98642,WA,5e-07,0,-2000,0.0
98660,WA,0.0,0,-2000,17.889221556886227
98661,WA,0.0,0,-2000,57.3976023976024
98662,WA,0.0,0,-2000,0.0
98663,WA,0.0,0,-2000,0.0
98664,WA,0.0,0,-2000,20.14885114885115
98665,WA,0.0,0,-2000,0.0
98671,WA,5e-07,0,-2000,5.712712712712713
98682,WA,0.0,0,-2000,0.0
98683,WA,0.0,0,-2000,28.312687312687313
98684,WA,0.0,0,-2000,7.7954091816367255
98685,WA,5e-07,0,-2000,58.05015045135406
98686,WA,5e-07,0,-2000,0.0
98801,WA,1.5e-06,0,-2000,67.12687312687312
98802,WA,2.5e-06,0,-2000,148.464
98828,WA,1.5e-06,1,5000,0.33998005982053836
98837,WA,2e-06,0,-2000,111.93987975951904
98901,WA,1.5e-06,0,-2000,23.975
98902,WA,1.5e-06,0,-2000,93.95586760280842
98903,WA,2e-06,0,-2000,81.64564564564564
98908,WA,2.5e-06,0,-2000,71.30930930930931
98922,WA,1.5e-06,2,8000,1.5
98926,WA,1.5e-06,0,-2000,87.22999999999999
98937,WA,1.5e-06,0,-2000,4.043956043956045
98942,WA,2.5e-06,0,-2000,36.710578842315364
99004,WA,1e-06,0,-2000,16.53
99005,WA,2.5e-06,0,-2000,9.13913913913914
99016,WA,1.5e-06,0,-2000,29.115884115884114
99019,WA,1.5e-06,0,-2000,6.486
99021,WA,1e-06,0,-2000,2.74974974974975
99023,WA,4e-06,1,5000,12.214
99025,WA,1.5e-06,0,-2000,0.0
99026,WA,1e-06,0,-2000,0.0
99027,WA,5e-07,0,-2000,3.345
99036,WA,5e-07,2,8000,0.364
99037,WA,1e-06,0,-2000,28.37237237237237
99201,WA,5e-07,0,-2000,57.34265734265734
99202,WA,5e-07,0,-2000,138.726
99203,WA,1e-06,0,-2000,0.0
99204,WA,5e-07,0,-2000,0.0
99205,WA,5e-07,0,-2000,91.34865134865134
99206,WA,5e-07,0,-2000,44.812812812812815
99207,WA,5e-07,0,-2000,19.3006993006993
99208,WA,1e-06,0,-2000,44.15784215784216
99212,WA,5e-07,0,-2000,99.25025025025025
99216,WA,5e-07,0,-2000,50.65734265734266
99217,WA,1e-06,0,-2000,61.05389221556886
99218,WA,5e-07,0,-2000,48.701298701298704
99223,WA,1e-06,0,-2000,69.456
99224,WA,1e-06,0,-2000,67.309
99301,WA,3e-06,0,-2000,129.1888111888112
99320,WA,2e-06,0,-2000,7.066999999999999
99323,WA,2.5e-06,0,-2000,0.0
99336,WA,2e-06,0,-2000,121.74725274725276
99337,WA,3.5e-06,0,-2000,38.43186372745491
99338,WA,8e-06,0,-2000,0.0
99352,WA,4.5e-06,0,-2000,99.64
99353,WA,8e-06,0,-2000,34.80757726819541
99354,WA,2.5e-06,0,-2000,50.596000000000004
99403,WA,5e-07,0,-2000,19.479
53002,WI,4.3e-05,2,8000,13.005005005005005
53005,WI,8.95e-05,0,-2000,130.79759519038078
53007,WI,3.55e-05,2,8000,21.647352647352648
53012,WI,5.05e-05,0,-2000,210.25600000000003
53017,WI,0.0001205,1,5000,248.0
53018,WI,0.0001035,1,5000,232.26000000000002
53022,WI,7.85e-05,0,-2000,155.73547094188376
53024,WI,5.2e-05,0,-2000,100.08183632734531
53027,WI,3.2e-05,1,5000,114.51651651651652
53029,WI,8.2e-05,0,-2000,217.74251497005986
53033,WI,6.6e-05,0,-2000,113.08782435129741
53036,WI,2.7e-05,2,8000,13.815999999999999
53037,WI,5.5e-05,1,5000,124.982
53038,WI,5.2e-05,2,8000,49.128
53044,WI,0.0001375,2,8000,101.748
53045,WI,9.3e-05,0,-2000,345.6976976976977
53046,WI,3.5e-05,2,8000,28.987987987987985
53051,WI,7.65e-05,0,-2000,233.7957957957958
53058,WI,7.2e-05,2,8000,116.95109780439121
53066,WI,7.15e-05,0,-2000,348.2522522522523
53069,WI,7.75e-05,2,8000,3.176823176823177
53070,WI,1e-06,2,8000,0.112
53072,WI,6.35e-05,0,-2000,312.30899999999997
53073,WI,3.05e-05,2,8000,3.995
53074,WI,4.15e-05,0,-2000,90.112
53076,WI,8.05e-05,1,5000,187.272
53080,WI,3.9e-05,1,5000,77.66
53081,WI,2.35e-05,0,-2000,0.0
53083,WI,2.8e-05,0,-2000,147.1971971971972
53085,WI,3.45e-05,1,5000,49.92
53086,WI,4.6e-05,0,-2000,92.783
53089,WI,7.35e-05,0,-2000,204.645
53090,WI,4.3e-05,1,5000,74.288
53092,WI,0.000116,0,-2000,342.6306306306306
53094,WI,3.1e-05,0,-2000,54.735264735264735
53095,WI,3.65e-05,0,-2000,65.92892892892893
53097,WI,0.000181,1,5000,461.65765765765764
53098,WI,1.65e-05,0,-2000,83.32732732732732
53103,WI,0.000133,2,8000,122.73053892215569
53104,WI,7.35e-05,1,5000,183.006993006993
53105,WI,4.5e-05,0,-2000,32.892
53108,WI,5.95e-05,1,5000,136.88288288288288
53110,WI,4.3e-05,0,-2000,139.438
53115,WI,8.5e-06,2,8000,0.8160000000000001
53118,WI,5.35e-05,1,5000,184.48248248248248
53119,WI,9.95e-05,2,8000,149.07214428857716
53120,WI,5.25e-05,0,-2000,112.01002004008016
53121,WI,4.15e-05,2,8000,38.64864864864865
53122,WI,9.7e-05,1,5000,282.846
53126,WI,5.7e-05,0,-2000,128.17582417582418
53127,WI,1.6e-05,0,-2000,0.0
53128,WI,3.1e-05,1,5000,135.8001998001998
53129,WI,4.6e-05,0,-2000,91.92
53130,WI,3.75e-05,1,5000,129.168
53132,WI,9.65e-05,0,-2000,290.52
53137,WI,2e-06,2,8000,0.232
53139,WI,4.8e-05,2,8000,74.06993006993007
53140,WI,4.15e-05,0,-2000,171.993993993994
53142,WI,6.5e-05,0,-2000,319.75324675324674
53143,WI,5.25e-05,0,-2000,167.5928143712575
53144,WI,5.35e-05,0,-2000,206.91808191808192
53146,WI,4.8e-05,1,5000,201.52247752247752
53147,WI,2.55e-05,0,-2000,127.12000000000002
53149,WI,8.5e-05,0,-2000,241.32132132132134
53150,WI,8.5e-05,0,-2000,382.06193806193806
53151,WI,7.4e-05,0,-2000,205.78343313373253
53153,WI,0.000176,2,8000,122.65702891326022
53154,WI,7.1e-05,0,-2000,188.20820820820822
53158,WI,9.75e-05,0,-2000,215.81581581581582
53167,WI,4.5e-06,2,8000,0.23399999999999999
53168,WI,5.35e-05,1,5000,257.14
53170,WI,3.3e-05,2,8000,65.627
53172,WI,3.4e-05,0,-2000,94.97702297702298
53177,WI,6.75e-05,1,5000,149.6976976976977
53178,WI,3.45e-05,2,8000,8.715000000000002
53179,WI,4.25e-05,0,-2000,194.052
53181,WI,5.2e-05,1,5000,150.31137724550896
53182,WI,7.6e-05,1,5000,248.993993993994
53183,WI,8.55e-05,2,8000,89.18837675350701
53185,WI,5.35e-05,0,-2000,140.679
53186,WI,4.1e-05,0,-2000,150.37199999999999
53188,WI,5.7e-05,0,-2000,200.14114114114116
53189,WI,8.95e-05,0,-2000,242.26452905811624
53190,WI,2.5e-05,0,-2000,107.64
53202,WI,3.4e-05,0,-2000,89.40722166499498
53203,WI,5.2e-05,2,8000,11.128
53204,WI,3e-05,0,-2000,0.0
53205,WI,0.000308,2,8000,293.2304609218437
53206,WI,0.000587,2,8000,676.8911088911088
53207,WI,5.15e-05,0,-2000,210.292
53208,WI,0.0001075,0,-2000,267.73
53209,WI,0.0002655,1,5000,769.5584415584416
53210,WI,0.0003465,2,8000,469.4200000000001
53211,WI,3.55e-05,0,-2000,117.12625250501003
53212,WI,0.000163,1,5000,475.8641358641359
53213,WI,6.15e-05,0,-2000,273.40000000000003
53214,WI,4.25e-05,0,-2000,65.086
53215,WI,3.6e-05,0,-2000,12.653
53216,WI,0.000491,2,8000,467.7775551102205
53217,WI,0.0001075,0,-2000,466.4071856287425
53218,WI,0.0003065,1,5000,697.5384615384615
53219,WI,4.3e-05,0,-2000,72.0909090909091
53220,WI,3.85e-05,0,-2000,72.853
53221,WI,3.45e-05,0,-2000,58.81681681681682
53222,WI,0.000114,1,5000,370.96799999999996
53223,WI,0.0002535,2,8000,325.839
53224,WI,0.000338,2,8000,315.35964035964037
53225,WI,0.000198,2,8000,211.56656656656656
53226,WI,5.4e-05,0,-2000,181.5935935935936
53227,WI,4.05e-05,0,-2000,130.77077077077078
53228,WI,3.75e-05,0,-2000,157.0912738214644
53233,WI,3.75e-05,0,-2000,102.64664664664664
53235,WI,3.2e-05,0,-2000,123.65599999999999
53402,WI,3.9e-05,0,-2000,0.0
53403,WI,7.2e-05,0,-2000,163.842
53404,WI,4.25e-05,1,5000,163.16883116883116
53405,WI,3.45e-05,0,-2000,98.90690690690691
53406,WI,4.85e-05,0,-2000,210.05194805194807
53501,WI,5e-07,0,-2000,0.0
53511,WI,2.9e-05,2,8000,3.5999999999999996
53527,WI,6.9e-05,1,5000,113.2912912912913
53528,WI,4.05e-05,2,8000,11.340000000000002
53529,WI,4.45e-05,2,8000,44.505
53532,WI,6.9e-05,0,-2000,159.86013986013987
53534,WI,1e-06,2,8000,0.0919080919080919
53538,WI,4.1e-05,1,5000,145.64128256513027
53545,WI,2.4e-05,0,-2000,95.144
53546,WI,2.4e-05,0,-2000,73.1563126252505
53548,WI,2.05e-05,0,-2000,83.71428571428572
53549,WI,3.3e-05,1,5000,117.70270270270271
53558,WI,4.6e-05,0,-2000,92.54254254254255
53562,WI,5.1e-05,0,-2000,28.830000000000002
53563,WI,3.3e-05,2,8000,32.6036036036036
53575,WI,6.25e-05,2,8000,108.11
53589,WI,2.3e-05,2,8000,5.148
53590,WI,6.95e-05,0,-2000,66.45645645645645
53593,WI,0.0001195,0,-2000,471.27872127872126
53597,WI,8.35e-05,0,-2000,397.84615384615387
53598,WI,6.75e-05,2,8000,88.34334334334334
53703,WI,1.3e-05,0,-2000,59.73
53704,WI,3.95e-05,0,-2000,70.735
53705,WI,2.1e-05,0,-2000,51.114000000000004
53711,WI,5.1e-05,0,-2000,74.235
53713,WI,2.65e-05,0,-2000,119.24000000000001
53714,WI,3e-05,0,-2000,91.8
53715,WI,1e-05,0,-2000,23.052000000000003
53716,WI,3.4e-05,0,-2000,94.3
53717,WI,5.45e-05,0,-2000,154.48648648648648
53718,WI,7.1e-05,1,5000,72.52447552447553
53719,WI,5.95e-05,0,-2000,270.1501501501502
53726,WI,9e-06,0,-2000,17.676646706586826
53916,WI,2.1e-05,0,-2000,53.353353353353356
53922,WI,1.5e-06,2,8000,0.081
54016,WI,8.5e-06,0,-2000,22.98
54021,WI,5e-06,0,-2000,6.746506986027944
54022,WI,3.5e-06,1,5000,8.012012012012013
54025,WI,2.5e-06,2,8000,0.10479041916167664
54082,WI,1.1e-05,1,5000,29.564999999999998
54115,WI,3.2e-05,2,8000,19.16883116883117
54130,WI,2.7e-05,0,-2000,110.77822177822178
54136,WI,1.7e-05,0,-2000,50.439
54140,WI,2.1e-05,1,5000,49.22522522522522
54155,WI,3.75e-05,2,8000,30.11011011011011
54169,WI,7e-05,2,8000,39.68831168831169
54214,WI,5.5e-06,2,8000,0.43956043956043955
54220,WI,2.55e-05,0,-2000,86.43643643643644
54229,WI,1.5e-06,2,8000,0.036072144288577156
54241,WI,2.3e-05,1,5000,57.564
54301,WI,1.85e-05,0,-2000,64.08791208791209
54302,WI,1.45e-05,0,-2000,0.0
54303,WI,1.45e-05,0,-2000,74.40259740259741
54304,WI,1.6e-05,0,-2000,0.0
54311,WI,2.75e-05,0,-2000,123.14
54313,WI,3.4e-05,1,5000,8.572572572572572
54601,WI,2.5e-06,0,-2000,23.04095904095904
54603,WI,2.5e-06,0,-2000,0.0
54636,WI,5e-06,0,-2000,22.744744744744743
54650,WI,4e-06,0,-2000,0.0
54658,WI,5e-07,2,8000,0.044
54669,WI,3.5e-06,2,8000,3.283
54701,WI,2.5e-06,0,-2000,0.0
54703,WI,2.5e-06,0,-2000,0.0
54720,WI,3e-06,0,-2000,0.0
54729,WI,2.5e-06,0,-2000,7.208208208208208
54742,WI,4e-06,2,8000,6.194999999999999
54874,WI,2.5e-06,2,8000,1.694
54880,WI,2e-06,0,-2000,22.566
54901,WI,2e-05,0,-2000,0.0
54902,WI,1.95e-05,0,-2000,52.36726546906187
54904,WI,3.55e-05,1,5000,158.45445445445446
54911,WI,1.9e-05,0,-2000,81.4935064935065
54913,WI,5.7e-05,1,5000,118.7374749498998
54914,WI,2.85e-05,0,-2000,145.981981981982
54915,WI,2.55e-05,0,-2000,82.11976047904191
54932,WI,1.4e-05,2,8000,1.149149149149149
54935,WI,1.6e-05,0,-2000,0.0
54937,WI,2.65e-05,0,-2000,120.419
54942,WI,6.6e-05,2,8000,88.74000000000001
54944,WI,3.05e-05,2,8000,3.2907092907092905
54952,WI,2e-05,0,-2000,88.816
54956,WI,3.2e-05,0,-2000,9.597804391217563
24701,WV,6.1e-05,0,-2000,232.72727272727275
24715,WV,2.4e-05,2,8000,0.48
24739,WV,6.5e-05,2,8000,13.501498501498501
24740,WV,5.05e-05,1,5000,124.03903903903903
25064,WV,4e-05,0,-2000,144.33
25143,WV,2.65e-05,0,-2000,64.39520958083833
25159,WV,2.7e-05,1,5000,48.65469061876248
25177,WV,2.25e-05,0,-2000,77.32332332332332
25202,WV,1e-06,2,8000,0.06986027944111776
25213,WV,3.8e-05,2,8000,9.207207207207206
25301,WV,3.3e-05,1,5000,64.19200000000001
25302,WV,3.15e-05,0,-2000,27.495
25303,WV,3.65e-05,1,5000,131.1595214356929
25304,WV,4.05e-05,0,-2000,100.464
25306,WV,4.5e-06,2,8000,0.5495495495495495
25309,WV,2.45e-05,0,-2000,39.58
25311,WV,2.45e-05,0,-2000,127.12087912087912
25312,WV,1.7e-05,2,8000,9.415169660678643
25313,WV,2.55e-05,2,8000,10.43956043956044
25314,WV,2.65e-05,0,-2000,143.872
25320,WV,1.5e-06,2,8000,0.23723723723723722
25387,WV,3.45e-05,0,-2000,143.33633633633633
25401,WV,4.85e-05,1,5000,212.6973026973027
25403,WV,8.6e-05,2,8000,22.009018036072142
25404,WV,7.05e-05,2,8000,104.06813627254509
25405,WV,9.95e-05,2,8000,57.387387387387385
25413,WV,7.3e-05,2,8000,14.514970059880241
25420,WV,1.8e-05,2,8000,0.8648648648648649
25428,WV,9.45e-05,2,8000,8.106893106893107
25430,WV,9.65e-05,2,8000,15.154845154845155
25504,WV,3.35e-05,2,8000,24.818637274549097
25507,WV,1.95e-05,2,8000,21.22177822177822
25530,WV,3.4e-05,1,5000,63.73573573573574
25535,WV,4e-05,2,8000,26.055944055944057
25537,WV,2.45e-05,2,8000,2.303
25701,WV,2.95e-05,0,-2000,0.0
25702,WV,2e-05,0,-2000,0.0
25703,WV,2e-05,0,-2000,69.2037962037962
25704,WV,2.7e-05,0,-2000,130.76047904191617
25705,WV,3.05e-05,0,-2000,93.78021978021978
25801,WV,4.55e-05,0,-2000,0.0
25813,WV,6.2e-05,1,5000,141.036
25825,WV,1.9e-05,2,8000,1.7462537462537462
25827,WV,4e-05,2,8000,65.38261738261738
25832,WV,4.2e-05,1,5000,156.72845691382764
25871,WV,2.8e-05,2,8000,3.2162162162162162
25873,WV,2e-05,2,8000,3.929070929070929
25880,WV,3.2e-05,2,8000,23.352
25909,WV,5.5e-06,2,8000,0.31963927855711427
25911,WV,1.35e-05,0,-2000,0.0
25918,WV,3.25e-05,1,5000,62.751999999999995
25921,WV,2.35e-05,2,8000,20.331
26035,WV,1.35e-05,2,8000,0.8038038038038038
26037,WV,1.55e-05,1,5000,36.12
26047,WV,1.25e-05,2,8000,12.711
26062,WV,1.8e-05,1,5000,55.030030030030034
26070,WV,1.35e-05,2,8000,22.923076923076923
26101,WV,2.25e-05,0,-2000,119.82035928143712
26104,WV,1.8e-05,1,5000,74.53699999999999
26105,WV,3.1e-05,1,5000,125.52
26150,WV,3.25e-05,2,8000,41.993993993993996
26181,WV,3.25e-05,2,8000,9.08108108108108
26501,WV,2.65e-05,1,5000,131.06706706706706
26505,WV,1.5e-05,0,-2000,0.0
26508,WV,2.85e-05,0,-2000,52.434
26534,WV,1.05e-05,2,8000,17.374749498997996
26541,WV,1.1e-05,2,8000,0.528
26542,WV,3.5e-06,2,8000,0.23076923076923078
26719,WV,3.5e-06,2,8000,0.09109109109109109
26753,WV,3.15e-05,2,8000,39.083
26767,WV,5.15e-05,0,-2000,0.0
82001,WY,8.5e-06,0,-2000,198.81500000000003
82007,WY,0.000103,0,-2000,226.25874125874128
82009,WY,1.6e-05,0,-2000,300.811377245509
82190,WY,1.5e-06,0,-2000,0.0
82601,WY,3.5e-06,0,-2000,41.87374749498998
82604,WY,4e-06,0,-2000,56.97
82609,WY,4e-06,0,-2000,5.490981963927855
82636,WY,5.5e-06,0,-2000,18.368000000000002
82644,WY,3e-06,1,5000,5.476
